timestamp,HMI_Timestamp,PV_Voltage_V,PV_Current_A,PV_Power_W,Battery_Voltage_V,Battery_Current_A,Battery_Power_W,Avg_Power_to_Battery_W,Daily_Energy_kWh,Daily_Charge_Ah,History_Max_Input_Voltage_V,Lifetime_Energy_Gen_kWh,Lifetime_Charge_Ah,Battery_Temp_C,Air_Temp_C,Humidity_pct,Air_Pressure_inHg,Wind_Speed_ms,Wind_Direction_deg,Solar_Irradiance_Wm2,UV_Index,Est_Efficiency
2026-02-26T00:06:53,02/26/202600:06,20.96,0.0,0.0,51.660000000000004,0.0,0.0,0.0,0.0,0.0,198.7,23314.0,44097.0,23.0,11.7,72.5,29.619999999999997,5.598999999999999,117.1,0.0,0.0,
2026-02-26T00:07:01,02/26/202600:07,20.95,0.0,0.0,51.65,0.0,0.0,0.0,0.0,0.0,198.7,23314.0,44097.0,23.0,11.71,72.5,29.619999999999997,5.668,82.8,0.0,0.0,
2026-02-26T00:07:40,02/26/202600:07,20.95,0.0,0.0,51.64,0.0,0.0,0.0,0.0,0.0,198.7,23314.0,44097.0,23.0,11.72,72.5,29.619999999999997,5.737,48.5,0.0,0.0,
2026-02-26T00:08:01,02/26/202600:08,20.95,0.0,0.0,51.63000000000001,0.0,0.0,0.0,0.0,0.0,198.7,23314.0,44097.0,23.0,11.73,72.5,29.619999999999997,5.806,14.2,0.0,0.0,
2026-02-26T00:09:00,02/26/202600:09,20.95,0.0,0.0,51.63000000000001,0.0,0.0,0.0,0.0,0.0,198.7,23314.0,44097.0,23.1,11.7,72.4,29.619999999999997,5.875,13.0,0.0,0.0,
2026-02-26T00:10:01,02/26/202600:10,20.95,0.0,0.0,51.63000000000001,0.0,0.0,0.0,0.0,0.0,198.7,23314.0,44097.0,23.0,11.78,72.3,29.619999999999997,5.956,13.8,0.0,0.0,
2026-02-26T00:11:03,02/26/202600:11,20.95,0.0,0.0,51.620000000000005,0.0,0.0,0.0,0.0,0.0,198.7,23314.0,44097.0,23.0,11.86,72.2,29.619999999999997,6.037000000000001,14.6,0.0,0.0,
2026-02-26T00:12:01,02/26/202600:12,20.759999999999998,0.0,0.0,51.620000000000005,0.0,0.0,0.0,0.0,0.0,198.7,23314.0,44097.0,23.0,11.940000000000001,72.1,29.619999999999997,6.118,15.4,0.0,0.0,
2026-02-26T00:13:01,02/26/202600:13,20.57,0.0,0.0,51.620000000000005,0.0,0.0,0.0,0.0,0.0,198.7,23314.0,44097.0,23.0,12.02,72.0,29.619999999999997,6.199,16.2,0.0,0.0,
2026-02-26T00:14:01,02/26/202600:14,20.38,0.0,0.0,51.6,0.0,0.0,0.0,0.0,0.0,198.7,23314.0,44097.0,23.0,12.1,72.0,29.619999999999997,6.28,17.0,0.0,0.0,
2026-02-26T00:15:01,02/26/202600:15,20.389999999999997,0.0,0.0,51.6,0.0,0.0,0.0,0.0,0.0,198.7,23314.0,44097.0,23.1,12.1,72.0,29.619999999999997,6.28,17.0,0.0,0.0,
2026-02-26T00:16:01,02/26/202600:16,20.4,0.0,0.0,51.6,0.0,0.0,0.0,0.0,0.0,198.7,23314.0,44097.0,23.0,12.1,72.0,29.619999999999997,6.28,17.0,0.0,0.0,
2026-02-26T00:18:03,02/26/202600:18,20.4,0.0,0.0,51.6,0.0,0.0,0.0,0.0,0.0,198.7,23314.0,44097.0,23.0,12.11,71.9,29.619999999999997,6.0440000000000005,16.6,0.0,0.0,
2026-02-26T00:19:01,02/26/202600:19,20.4,0.0,0.0,51.6,0.0,0.0,0.0,0.0,0.0,198.7,23314.0,44097.0,23.0,12.12,71.8,29.619999999999997,5.808,16.2,0.0,0.0,
2026-02-26T00:20:01,02/26/202600:20,20.4,0.0,0.0,51.6,0.0,0.0,0.0,0.0,0.0,198.7,23314.0,44097.0,23.0,12.129999999999999,71.7,29.619999999999997,5.572,15.8,0.0,0.0,
2026-02-26T00:21:00,02/26/202600:21,20.4,0.0,0.0,51.6,0.0,0.0,0.0,0.0,0.0,198.7,23314.0,44097.0,23.0,12.139999999999999,71.6,29.619999999999997,5.336,15.4,0.0,0.0,
2026-02-26T00:22:01,02/26/202600:22,20.4,0.0,0.0,51.6,0.0,0.0,0.0,0.0,0.0,198.7,23314.0,44097.0,23.0,12.15,71.5,29.619999999999997,5.1,15.0,0.0,0.0,
2026-02-26T00:23:01,02/26/202600:23,20.4,0.0,0.0,51.61,0.0,0.0,0.0,0.0,0.0,198.7,23314.0,44097.0,23.0,12.16,71.4,29.619999999999997,4.864,14.6,0.0,0.0,
2026-02-26T00:23:03,02/26/202600:23,20.389999999999997,0.0,0.0,51.61,0.0,0.0,0.0,0.0,0.0,198.7,23314.0,44097.0,23.0,12.169999999999998,71.3,29.619999999999997,4.628,14.2,0.0,0.0,
2026-02-26T00:24:01,02/26/202600:24,20.38,0.0,0.0,51.620000000000005,0.0,0.0,0.0,0.0,0.0,198.7,23314.0,44097.0,23.0,12.18,71.2,29.619999999999997,4.392,13.8,0.0,0.0,
2026-02-26T00:24:02,02/26/202600:24,20.38,0.0,0.0,51.620000000000005,0.0,0.0,0.0,0.0,0.0,198.7,23314.0,44097.0,23.0,12.19,71.1,29.619999999999997,4.156000000000001,13.4,0.0,0.0,
2026-02-26T00:25:01,02/26/202600:25,20.38,0.0,0.0,51.620000000000005,0.0,0.0,0.0,0.0,0.0,198.7,23314.0,44097.0,23.0,12.2,71.0,29.619999999999997,3.9200000000000004,13.0,0.0,0.0,
2026-02-26T00:26:01,02/26/202600:26,20.38,0.0,0.0,51.620000000000005,0.0,0.0,0.0,0.0,0.0,198.7,23314.0,44097.0,23.0,12.2,71.0,29.619999999999997,3.9200000000000004,13.0,0.0,0.0,
2026-02-26T00:27:01,02/26/202600:27,20.38,0.0,0.0,51.620000000000005,0.0,0.0,0.0,0.0,0.0,198.7,23314.0,44097.0,23.0,12.2,71.0,29.619999999999997,3.9200000000000004,13.0,0.0,0.0,
2026-02-26T00:29:16,02/26/202600:29,20.38,0.0,0.0,51.620000000000005,0.0,0.0,0.0,0.0,0.0,198.7,23314.0,44097.0,23.0,12.2,71.0,29.619999999999997,3.9200000000000004,13.0,0.0,0.0,
2026-02-26T00:29:28,02/26/202600:29,20.369999999999997,0.0,0.0,51.620000000000005,0.0,0.0,0.0,0.0,0.0,198.7,23314.0,44097.0,23.0,12.18,71.0,29.619999999999997,4.224,47.7,0.0,0.0,
2026-02-26T00:30:00,02/26/202600:30,20.36,0.0,0.0,51.620000000000005,0.0,0.0,0.0,0.0,0.0,198.7,23314.0,44097.0,23.0,12.16,71.0,29.619999999999997,4.5280000000000005,82.4,0.0,0.0,
2026-02-26T00:31:04,02/26/202600:31,20.36,0.0,0.0,51.61,0.0,0.0,0.0,0.0,0.0,198.7,23314.0,44097.0,23.0,12.169999999999998,70.9,29.623,4.795,83.5,0.0,0.0,
2026-02-26T00:32:01,02/26/202600:32,20.369999999999997,0.0,0.0,51.61,0.0,0.0,0.0,0.0,0.0,198.7,23314.0,44097.0,23.0,12.18,70.7,29.625999999999998,5.061999999999999,84.6,0.0,0.0,
2026-02-26T00:33:00,02/26/202600:33,20.38,0.0,0.0,51.61,0.0,0.0,0.0,0.0,0.0,198.7,23314.0,44097.0,23.0,12.190000000000001,70.5,29.629,5.329,85.7,0.0,0.0,
2026-02-26T00:34:01,02/26/202600:34,20.38,0.0,0.0,51.61,0.0,0.0,0.0,0.0,0.0,198.7,23314.0,44097.0,23.0,12.2,70.3,29.631999999999998,5.596,86.8,0.0,0.0,
2026-02-26T00:34:45,02/26/202600:34,20.369999999999997,0.0,0.0,51.620000000000005,0.0,0.0,0.0,0.0,0.0,198.7,23314.0,44097.0,23.0,12.209999999999999,70.1,29.635,5.8629999999999995,87.9,0.0,0.0,
2026-02-26T00:35:01,02/26/202600:35,20.36,0.0,0.0,51.63000000000001,0.0,0.0,0.0,0.0,0.0,198.7,23314.0,44097.0,23.0,12.22,69.9,29.637999999999998,6.13,89.0,0.0,0.0,
2026-02-26T00:35:45,02/26/202600:35,20.36,0.0,0.0,51.63000000000001,0.0,0.0,0.0,0.0,0.0,198.7,23314.0,44097.0,23.0,12.23,69.7,29.641,6.397,90.1,0.0,0.0,
2026-02-26T00:36:00,02/26/202600:36,20.36,0.0,0.0,51.620000000000005,0.0,0.0,0.0,0.0,0.0,198.7,23314.0,44097.0,23.0,12.24,69.5,29.644,6.664,91.2,0.0,0.0,
2026-02-26T00:36:45,02/26/202600:36,20.36,0.0,0.0,51.620000000000005,0.0,0.0,0.0,0.0,0.0,198.7,23314.0,44097.0,23.0,12.27,69.3,29.647,6.627,57.6,0.0,0.0,
2026-02-26T00:37:00,02/26/202600:37,20.36,0.0,0.0,51.620000000000005,0.0,0.0,0.0,0.0,0.0,198.7,23314.0,44097.0,23.0,12.3,69.1,29.65,6.590000000000001,24.0,0.0,0.0,
2026-02-26T00:38:01,02/26/202600:38,20.35,0.0,0.0,51.620000000000005,0.0,0.0,0.0,0.0,0.0,198.7,23314.0,44097.0,23.0,12.3,69.0,29.65,6.590000000000001,24.0,0.0,0.0,
2026-02-26T00:38:46,02/26/202600:38,20.35,0.0,0.0,51.620000000000005,0.0,0.0,0.0,0.0,0.0,198.7,23314.0,44097.0,23.0,12.3,69.0,29.65,6.590000000000001,24.0,0.0,0.0,
2026-02-26T00:39:01,02/26/202600:39,20.35,0.0,0.0,51.620000000000005,0.0,0.0,0.0,0.0,0.0,198.7,23314.0,44097.0,23.0,12.3,69.0,29.65,6.590000000000001,24.0,0.0,0.0,
2026-02-26T00:40:25,02/26/202600:40,20.35,0.0,0.0,51.620000000000005,0.0,0.0,0.0,0.0,0.0,198.7,23314.0,44097.0,23.0,12.3,69.0,29.65,6.590000000000001,24.0,0.0,0.0,
2026-02-26T00:40:46,02/26/202600:40,20.35,0.0,0.0,51.61,0.0,0.0,0.0,0.0,0.0,198.7,23314.0,44097.0,23.0,12.3,69.0,29.65,6.590000000000001,24.0,0.0,0.0,
2026-02-26T00:41:01,02/26/202600:41,20.35,0.0,0.0,51.6,0.0,0.0,0.0,0.0,0.0,198.7,23314.0,44097.0,23.0,12.3,69.0,29.65,6.590000000000001,24.0,0.0,0.0,
2026-02-26T00:41:45,02/26/202600:41,20.35,0.0,0.0,51.61,0.0,0.0,0.0,0.0,0.0,198.7,23314.0,44097.0,23.0,12.3,69.0,29.65,6.590000000000001,24.0,0.0,0.0,
2026-02-26T00:42:01,02/26/202600:42,20.35,0.0,0.0,51.620000000000005,0.0,0.0,0.0,0.0,0.0,198.7,23314.0,44097.0,23.0,12.3,69.0,29.65,6.590000000000001,24.0,0.0,0.0,
2026-02-26T00:43:00,02/26/202600:43,20.36,0.0,0.0,51.620000000000005,0.0,0.0,0.0,0.0,0.0,198.7,23314.0,44097.0,23.0,12.3,69.0,29.65,6.590000000000001,24.0,0.0,0.0,
2026-02-26T00:43:45,02/26/202600:43,20.36,0.0,0.0,51.620000000000005,0.0,0.0,0.0,0.0,0.0,198.7,23314.0,44097.0,23.0,12.3,69.0,29.65,6.590000000000001,24.0,0.0,0.0,
2026-02-26T00:44:01,02/26/202600:44,20.36,0.0,0.0,51.620000000000005,0.0,0.0,0.0,0.0,0.0,198.7,23314.0,44097.0,23.0,12.3,69.0,29.65,6.590000000000001,24.0,0.0,0.0,
2026-02-26T00:45:01,02/26/202600:45,20.35,0.0,0.0,51.620000000000005,0.0,0.0,0.0,0.0,0.0,198.7,23314.0,44097.0,23.1,12.3,69.0,29.65,6.590000000000001,24.0,0.0,0.0,
2026-02-26T00:45:46,02/26/202600:45,20.35,0.0,0.0,51.620000000000005,0.0,0.0,0.0,0.0,0.0,198.7,23314.0,44097.0,23.0,12.330000000000002,69.0,29.653,6.608,22.2,0.0,0.0,
2026-02-26T00:46:01,02/26/202600:46,20.35,0.0,0.0,51.620000000000005,0.0,0.0,0.0,0.0,0.0,198.7,23314.0,44097.0,23.0,12.360000000000001,69.0,29.656,6.6259999999999994,20.4,0.0,0.0,
2026-02-26T00:47:01,02/26/202600:47,20.36,0.0,0.0,51.620000000000005,0.0,0.0,0.0,0.0,0.0,198.7,23314.0,44097.0,23.0,12.39,69.0,29.659,6.644,18.6,0.0,0.0,
2026-02-26T00:48:01,02/26/202600:48,20.369999999999997,0.0,0.0,51.620000000000005,0.0,0.0,0.0,0.0,0.0,198.7,23314.0,44097.0,23.0,12.42,69.0,29.662,6.662000000000001,16.8,0.0,0.0,
2026-02-26T00:49:00,02/26/202600:49,20.369999999999997,0.0,0.0,51.61,0.0,0.0,0.0,0.0,0.0,198.7,23314.0,44097.0,23.0,12.45,69.0,29.665,6.68,15.0,0.0,0.0,
2026-02-26T00:49:45,02/26/202600:49,20.36,0.0,0.0,51.6,0.0,0.0,0.0,0.0,0.0,198.7,23314.0,44097.0,23.0,12.48,69.0,29.668,6.697999999999999,13.2,0.0,0.0,
2026-02-26T00:50:01,02/26/202600:50,20.35,0.0,0.0,51.6,0.0,0.0,0.0,0.0,0.0,198.7,23314.0,44097.0,23.0,12.51,69.0,29.671,6.715999999999999,11.4,0.0,0.0,
2026-02-26T00:51:39,02/26/202600:51,20.36,0.0,0.0,51.6,0.0,0.0,0.0,0.0,0.0,198.7,23314.0,44097.0,23.0,12.540000000000001,69.0,29.674,6.734,9.6,0.0,0.0,
2026-02-26T00:52:00,02/26/202600:52,20.369999999999997,0.0,0.0,51.61,0.0,0.0,0.0,0.0,0.0,198.7,23314.0,44097.0,23.0,12.57,69.0,29.677,6.752,7.8,0.0,0.0,
2026-02-26T00:53:01,02/26/202600:53,20.38,0.0,0.0,51.61,0.0,0.0,0.0,0.0,0.0,198.7,23314.0,44097.0,23.0,12.6,69.0,29.68,6.769999999999999,6.0,0.0,0.0,
2026-02-26T00:54:00,02/26/202600:54,20.38,0.0,0.0,51.61,0.0,0.0,0.0,0.0,0.0,198.7,23314.0,44097.0,23.0,12.6,69.0,29.68,6.769999999999999,6.0,0.0,0.0,
2026-02-26T00:55:00,02/26/202600:55,20.38,0.0,0.0,51.61,0.0,0.0,0.0,0.0,0.0,198.7,23314.0,44097.0,23.0,12.6,69.0,29.68,6.769999999999999,6.0,0.0,0.0,
2026-02-26T00:56:00,02/26/202600:56,20.38,0.0,0.0,51.61,0.0,0.0,0.0,0.0,0.0,198.7,23314.0,44097.0,23.0,12.6,69.0,29.68,6.769999999999999,6.0,0.0,0.0,
2026-02-26T00:57:00,02/26/202600:57,20.38,0.0,0.0,51.61,0.0,0.0,0.0,0.0,0.0,198.7,23314.0,44097.0,23.0,12.6,69.0,29.68,6.769999999999999,6.0,0.0,0.0,
2026-02-26T00:58:00,02/26/202600:58,20.38,0.0,0.0,51.61,0.0,0.0,0.0,0.0,0.0,198.7,23314.0,44097.0,23.0,12.6,69.0,29.68,6.769999999999999,6.0,0.0,0.0,
2026-02-26T00:59:01,02/26/202600:59,20.389999999999997,0.0,0.0,51.61,0.0,0.0,0.0,0.0,0.0,198.7,23314.0,44097.0,23.0,12.6,69.0,29.68,6.769999999999999,6.0,0.0,0.0,
2026-02-26T01:00:01,02/26/202601:00,20.4,0.0,0.0,51.61,0.0,0.0,0.0,0.0,0.0,198.7,23314.0,44097.0,23.0,12.6,69.0,29.68,6.769999999999999,6.0,0.0,0.0,
2026-02-26T01:01:00,02/26/202601:01,20.4,0.0,0.0,51.61,0.0,0.0,0.0,0.0,0.0,198.7,23314.0,44097.0,23.0,12.59,69.1,29.68,6.497,5.7,0.0,0.0,
2026-02-26T01:02:48,02/26/202601:02,20.389999999999997,0.0,0.0,51.6,0.0,0.0,0.0,0.0,0.0,198.7,23314.0,44097.0,23.0,12.58,69.2,29.68,6.223999999999999,5.4,0.0,0.0,
2026-02-26T01:03:01,02/26/202601:03,20.38,0.0,0.0,51.6,0.0,0.0,0.0,0.0,0.0,198.7,23314.0,44097.0,23.0,12.57,69.3,29.68,5.951,5.1,0.0,0.0,
2026-02-26T01:03:06,02/26/202601:03,20.38,0.0,0.0,51.61,0.0,0.0,0.0,0.0,0.0,198.7,23314.0,44097.0,23.0,12.559999999999999,69.4,29.68,5.678,4.8,0.0,0.0,
2026-02-26T01:04:01,02/26/202601:04,20.38,0.0,0.0,51.620000000000005,0.0,0.0,0.0,0.0,0.0,198.7,23314.0,44097.0,23.0,12.55,69.5,29.68,5.404999999999999,4.5,0.0,0.0,
2026-02-26T01:05:01,02/26/202601:05,20.38,0.0,0.0,51.620000000000005,0.0,0.0,0.0,0.0,0.0,198.7,23314.0,44097.0,23.0,12.540000000000001,69.6,29.68,5.132,4.2,0.0,0.0,
2026-02-26T01:06:00,02/26/202601:06,20.38,0.0,0.0,51.620000000000005,0.0,0.0,0.0,0.0,0.0,198.7,23314.0,44097.0,23.0,12.53,69.7,29.68,4.859,3.9,0.0,0.0,
2026-02-26T01:06:06,02/26/202601:06,20.369999999999997,0.0,0.0,51.620000000000005,0.0,0.0,0.0,0.0,0.0,198.7,23314.0,44097.0,23.0,12.52,69.8,29.68,4.586,3.6,0.0,0.0,
2026-02-26T01:07:01,02/26/202601:07,20.36,0.0,0.0,51.620000000000005,0.0,0.0,0.0,0.0,0.0,198.7,23314.0,44097.0,23.0,12.51,69.9,29.68,4.313000000000001,3.3,0.0,0.0,
2026-02-26T01:07:06,02/26/202601:07,20.36,0.0,0.0,51.620000000000005,0.0,0.0,0.0,0.0,0.0,198.7,23314.0,44097.0,23.0,12.5,70.0,29.68,4.04,3.0,0.0,0.0,
2026-02-26T01:08:01,02/26/202601:08,20.36,0.0,0.0,51.620000000000005,0.0,0.0,0.0,0.0,0.0,198.7,23314.0,44097.0,23.0,12.5,70.0,29.68,4.04,3.0,0.0,0.0,
2026-02-26T01:09:00,02/26/202601:09,20.369999999999997,0.0,0.0,51.620000000000005,0.0,0.0,0.0,0.0,0.0,198.7,23314.0,44097.0,23.0,12.5,70.0,29.68,4.04,3.0,0.0,0.0,
2026-02-26T01:10:00,02/26/202601:10,20.38,0.0,0.0,51.620000000000005,0.0,0.0,0.0,0.0,0.0,198.7,23314.0,44097.0,23.0,12.5,70.0,29.68,4.04,3.0,0.0,0.0,
2026-02-26T01:11:00,02/26/202601:11,20.38,0.0,0.0,51.61,0.0,0.0,0.0,0.0,0.0,198.7,23314.0,44097.0,23.0,12.5,70.0,29.68,4.04,3.0,0.0,0.0,
2026-02-26T01:12:01,02/26/202601:12,20.38,0.0,0.0,51.6,0.0,0.0,0.0,0.0,0.0,198.7,23314.0,44097.0,23.0,12.5,70.0,29.68,4.04,3.0,0.0,0.0,
2026-02-26T01:13:58,02/26/202601:13,20.38,0.0,0.0,51.6,0.0,0.0,0.0,0.0,0.0,198.7,23314.0,44097.0,23.0,12.5,70.0,29.68,4.04,3.0,0.0,0.0,
2026-02-26T01:14:00,02/26/202601:14,20.38,0.0,0.0,51.6,0.0,0.0,0.0,0.0,0.0,198.7,23314.0,44097.0,23.0,12.5,70.0,29.68,4.04,3.0,0.0,0.0,
2026-02-26T01:15:00,02/26/202601:15,20.389999999999997,0.0,0.0,51.6,0.0,0.0,0.0,0.0,0.0,198.7,23314.0,44097.0,23.0,12.5,70.0,29.68,4.04,3.0,0.0,0.0,
2026-02-26T01:16:00,02/26/202601:16,20.4,0.0,0.0,51.589999999999996,0.0,0.0,0.0,0.0,0.0,198.7,23314.0,44097.0,23.0,12.5,70.0,29.68,4.2700000000000005,37.7,0.0,0.0,
2026-02-26T01:17:00,02/26/202601:17,20.4,0.0,0.0,51.589999999999996,0.0,0.0,0.0,0.0,0.0,198.7,23314.0,44097.0,23.0,12.5,70.0,29.68,4.5,72.4,0.0,0.0,
2026-02-26T01:18:00,02/26/202601:18,20.4,0.0,0.0,51.589999999999996,0.0,0.0,0.0,0.0,0.0,198.7,23314.0,44097.0,23.0,12.5,70.0,29.68,4.7299999999999995,107.1,0.0,0.0,
2026-02-26T01:19:00,02/26/202601:19,20.4,0.0,0.0,51.58,0.0,0.0,0.0,0.0,0.0,198.7,23314.0,44097.0,23.0,12.5,70.0,29.68,4.96,141.8,0.0,0.0,
2026-02-26T01:20:18,02/26/202601:20,20.4,0.0,0.0,51.57000000000001,0.0,0.0,0.0,0.0,0.0,198.7,23314.0,44097.0,23.0,12.5,70.0,29.68,5.1899999999999995,176.5,0.0,0.0,
2026-02-26T01:21:00,02/26/202601:21,20.4,0.0,0.0,51.56,0.0,0.0,0.0,0.0,0.0,198.7,23314.0,44097.0,23.0,12.5,70.0,29.68,5.42,211.2,0.0,0.0,
2026-02-26T01:22:00,02/26/202601:22,20.4,0.0,0.0,51.56,0.0,0.0,0.0,0.0,0.0,198.7,23314.0,44097.0,23.0,12.4,70.0,29.68,5.513,212.7,0.0,0.0,
2026-02-26T01:23:01,02/26/202601:23,20.4,0.0,0.0,51.56,0.0,0.0,0.0,0.0,0.0,198.7,23314.0,44097.0,23.0,12.3,70.0,29.68,5.606,214.2,0.0,0.0,
2026-02-26T01:23:18,02/26/202601:23,20.389999999999997,0.0,0.0,51.56,0.0,0.0,0.0,0.0,0.0,198.7,23314.0,44097.0,23.0,12.2,70.0,29.68,5.699,215.7,0.0,0.0,
2026-02-26T01:25:11,02/26/202601:25,20.389999999999997,0.0,0.0,51.56,0.0,0.0,0.0,0.0,0.0,198.7,23314.0,44097.0,23.0,12.1,70.0,29.68,5.792,217.2,0.0,0.0,
2026-02-26T01:26:01,02/26/202601:26,20.389999999999997,0.0,0.0,51.57000000000001,0.0,0.0,0.0,0.0,0.0,198.7,23314.0,44097.0,23.0,12.0,70.0,29.68,5.654999999999999,184.0,0.0,0.0,
2026-02-26T01:26:11,02/26/202601:26,20.38,0.0,0.0,51.57000000000001,0.0,0.0,0.0,0.0,0.0,198.7,23314.0,44097.0,23.0,11.9,70.0,29.68,5.518,150.8,0.0,0.0,
2026-02-26T01:27:00,02/26/202601:27,20.369999999999997,0.0,0.0,51.57000000000001,0.0,0.0,0.0,0.0,0.0,198.7,23314.0,44097.0,23.0,11.8,70.0,29.68,5.380999999999999,117.6,0.0,0.0,
2026-02-26T01:27:11,02/26/202601:27,20.369999999999997,0.0,0.0,51.58,0.0,0.0,0.0,0.0,0.0,198.7,23314.0,44097.0,23.0,11.7,70.0,29.68,5.244,84.4,0.0,0.0,
2026-02-26T01:28:01,02/26/202601:28,20.369999999999997,0.0,0.0,51.589999999999996,0.0,0.0,0.0,0.0,0.0,198.7,23314.0,44097.0,23.0,11.6,70.0,29.68,5.107,51.2,0.0,0.0,
2026-02-26T01:29:01,02/26/202601:29,20.369999999999997,0.0,0.0,51.6,0.0,0.0,0.0,0.0,0.0,198.7,23314.0,44097.0,23.0,11.5,70.0,29.68,4.97,18.0,0.0,0.0,
2026-02-26T01:30:00,02/26/202601:30,20.369999999999997,0.0,0.0,51.6,0.0,0.0,0.0,0.0,0.0,198.7,23314.0,44097.0,23.0,11.5,70.0,29.68,4.97,18.0,0.0,0.0,
2026-02-26T01:31:01,02/26/202601:31,20.369999999999997,0.0,0.0,51.6,0.0,0.0,0.0,0.0,0.0,198.7,23314.0,44097.0,23.0,11.5,70.0,29.68,4.97,18.0,0.0,0.0,
2026-02-26T01:31:11,02/26/202601:31,20.369999999999997,0.0,0.0,51.6,0.0,0.0,0.0,0.0,0.0,198.7,23314.0,44097.0,23.0,11.440000000000001,69.9,29.68,4.765,16.6,0.0,0.0,
2026-02-26T01:32:01,02/26/202601:32,20.36,0.0,0.0,51.6,0.0,0.0,0.0,0.0,0.0,198.7,23314.0,44097.0,23.0,11.379999999999999,69.8,29.68,4.56,15.2,0.0,0.0,
2026-02-26T01:32:12,02/26/202601:32,20.36,0.0,0.0,51.6,0.0,0.0,0.0,0.0,0.0,198.7,23314.0,44097.0,23.0,11.32,69.7,29.68,4.3549999999999995,13.8,0.0,0.0,
2026-02-26T01:33:00,02/26/202601:33,20.369999999999997,0.0,0.0,51.6,0.0,0.0,0.0,0.0,0.0,198.7,23314.0,44097.0,23.0,11.26,69.6,29.68,4.15,12.4,0.0,0.0,
2026-02-26T01:34:00,02/26/202601:34,20.38,0.0,0.0,51.6,0.0,0.0,0.0,0.0,0.0,198.7,23314.0,44097.0,23.0,11.2,69.5,29.68,3.9449999999999994,11.0,0.0,0.0,
2026-02-26T01:35:01,02/26/202601:35,20.38,0.0,0.0,51.6,0.0,0.0,0.0,0.0,0.0,198.7,23314.0,44097.0,23.0,11.14,69.4,29.68,3.7399999999999998,9.6,0.0,0.0,
2026-02-26T01:36:20,02/26/202601:36,20.369999999999997,0.0,0.0,51.6,0.0,0.0,0.0,0.0,0.0,198.7,23314.0,44097.0,23.0,11.08,69.3,29.68,3.535,8.2,0.0,0.0,
2026-02-26T01:37:01,02/26/202601:37,20.36,0.0,0.0,51.6,0.0,0.0,0.0,0.0,0.0,198.7,23314.0,44097.0,23.0,11.02,69.2,29.68,3.3299999999999996,6.8,0.0,0.0,
2026-02-26T01:37:12,02/26/202601:37,20.36,0.0,0.0,51.589999999999996,0.0,0.0,0.0,0.0,0.0,198.7,23314.0,44097.0,23.0,10.96,69.1,29.68,3.125,5.4,0.0,0.0,
2026-02-26T01:38:01,02/26/202601:38,20.36,0.0,0.0,51.58,0.0,0.0,0.0,0.0,0.0,198.7,23314.0,44097.0,23.0,10.9,69.0,29.68,2.92,4.0,0.0,0.0,
2026-02-26T01:38:11,02/26/202601:38,20.36,0.0,0.0,51.58,0.0,0.0,0.0,0.0,0.0,198.7,23314.0,44097.0,23.0,10.9,69.0,29.68,2.92,4.0,0.0,0.0,
2026-02-26T01:38:52,02/26/202601:38,20.369999999999997,0.0,0.0,51.57000000000001,0.0,0.0,0.0,0.0,0.0,198.7,23314.0,44097.0,23.0,10.9,69.0,29.68,2.92,4.0,0.0,0.0,
2026-02-26T01:39:00,02/26/202601:39,20.369999999999997,0.0,0.0,51.56,0.0,0.0,0.0,0.0,0.0,198.7,23314.0,44097.0,23.0,10.9,69.0,29.68,2.92,4.0,0.0,0.0,
2026-02-26T01:40:17,02/26/202601:40,20.36,0.0,0.0,51.56,0.0,0.0,0.0,0.0,0.0,198.7,23314.0,44097.0,23.0,10.9,69.0,29.68,2.92,4.0,0.0,0.0,
2026-02-26T01:41:00,02/26/202601:41,20.35,0.0,0.0,51.56,0.0,0.0,0.0,0.0,0.0,198.7,23314.0,44097.0,23.0,10.9,69.0,29.68,2.92,4.0,0.0,0.0,
2026-02-26T01:41:16,02/26/202601:41,20.35,0.0,0.0,51.56,0.0,0.0,0.0,0.0,0.0,198.7,23314.0,44097.0,23.0,10.9,69.0,29.68,2.92,4.0,0.0,0.0,
2026-02-26T01:42:41,02/26/202601:42,20.36,0.0,0.0,51.55,0.0,0.0,0.0,0.0,0.0,198.7,23314.0,44097.0,23.0,10.9,69.0,29.68,2.92,4.0,0.0,0.0,
2026-02-26T01:43:01,02/26/202601:43,20.369999999999997,0.0,0.0,51.54,0.0,0.0,0.0,0.0,0.0,198.7,23314.0,44097.0,23.0,10.9,69.0,29.68,2.92,4.0,0.0,0.0,
2026-02-26T01:43:42,02/26/202601:43,20.36,0.0,0.0,51.54,0.0,0.0,0.0,0.0,0.0,198.7,23314.0,44097.0,23.0,10.9,69.0,29.68,2.92,4.0,0.0,0.0,
2026-02-26T01:44:01,02/26/202601:44,20.35,0.0,0.0,51.54,0.0,0.0,0.0,0.0,0.0,198.7,23314.0,44097.0,23.0,10.9,69.0,29.68,2.92,4.0,0.0,0.0,
2026-02-26T01:45:00,02/26/202601:45,20.35,0.0,0.0,51.529999999999994,0.0,0.0,0.0,0.0,0.0,198.7,23314.0,44097.0,23.0,10.9,69.0,29.68,2.92,4.0,0.0,0.0,
2026-02-26T01:46:01,02/26/202601:46,20.34,0.0,0.0,51.54,0.0,0.0,0.0,0.0,0.0,198.7,23314.0,44097.0,23.0,10.9,69.0,29.68,2.92,4.0,0.0,0.0,
2026-02-26T01:47:30,02/26/202601:47,20.330000000000002,0.0,0.0,51.54,0.0,0.0,0.0,0.0,0.0,198.7,23314.0,44097.0,23.0,10.85,68.9,29.68,2.964,38.8,0.0,0.0,
2026-02-26T01:48:00,02/26/202601:48,20.330000000000002,0.0,0.0,51.54,0.0,0.0,0.0,0.0,0.0,198.7,23314.0,44097.0,23.0,10.8,68.8,29.68,3.008,73.6,0.0,0.0,
2026-02-26T01:49:01,02/26/202601:49,20.330000000000002,0.0,0.0,51.54,0.0,0.0,0.0,0.0,0.0,198.7,23314.0,44097.0,23.0,10.75,68.7,29.68,3.052,108.4,0.0,0.0,
2026-02-26T01:49:42,02/26/202601:49,20.330000000000002,0.0,0.0,51.529999999999994,0.0,0.0,0.0,0.0,0.0,198.7,23314.0,44097.0,23.0,10.7,68.6,29.68,3.096,143.2,0.0,0.0,
2026-02-26T01:50:01,02/26/202601:50,20.330000000000002,0.0,0.0,51.529999999999994,0.0,0.0,0.0,0.0,0.0,198.7,23314.0,44097.0,23.0,10.65,68.5,29.68,3.1399999999999997,178.0,0.0,0.0,
2026-02-26T01:51:01,02/26/202601:51,20.330000000000002,0.0,0.0,51.54,0.0,0.0,0.0,0.0,0.0,198.7,23314.0,44097.0,23.0,10.6,68.4,29.68,3.184,212.8,0.0,0.0,
2026-02-26T01:51:42,02/26/202601:51,20.330000000000002,0.0,0.0,51.54,0.0,0.0,0.0,0.0,0.0,198.7,23314.0,44097.0,23.0,10.55,68.3,29.68,3.228,247.6,0.0,0.0,
2026-02-26T01:52:00,02/26/202601:52,20.330000000000002,0.0,0.0,51.54,0.0,0.0,0.0,0.0,0.0,198.7,23314.0,44097.0,23.0,10.5,68.2,29.68,3.272,282.4,0.0,0.0,
2026-02-26T01:53:00,02/26/202601:53,20.330000000000002,0.0,0.0,51.55,0.0,0.0,0.0,0.0,0.0,198.7,23314.0,44097.0,23.0,10.45,68.1,29.68,3.316,317.2,0.0,0.0,
2026-02-26T01:53:41,02/26/202601:53,20.34,0.0,0.0,51.55,0.0,0.0,0.0,0.0,0.0,198.7,23314.0,44097.0,23.0,10.4,68.0,29.68,3.3600000000000003,352.0,0.0,0.0,
2026-02-26T01:54:00,02/26/202601:54,20.35,0.0,0.0,51.56,0.0,0.0,0.0,0.0,0.0,198.7,23314.0,44097.0,23.0,10.4,68.0,29.68,3.3600000000000003,352.0,0.0,0.0,
2026-02-26T01:55:00,02/26/202601:55,20.36,0.0,0.0,51.55,0.0,0.0,0.0,0.0,0.0,198.7,23314.0,44097.0,23.0,10.4,68.0,29.68,3.3600000000000003,352.0,0.0,0.0,
2026-02-26T01:56:01,02/26/202601:56,20.369999999999997,0.0,0.0,51.55,0.0,0.0,0.0,0.0,0.0,198.7,23314.0,44097.0,23.0,10.4,68.0,29.68,3.3600000000000003,352.0,0.0,0.0,
2026-02-26T01:57:01,02/26/202601:57,20.369999999999997,0.0,0.0,51.55,0.0,0.0,0.0,0.0,0.0,198.7,23314.0,44097.0,23.0,10.4,68.0,29.68,3.3600000000000003,352.0,0.0,0.0,
2026-02-26T01:58:40,02/26/202601:58,20.369999999999997,0.0,0.0,51.55,0.0,0.0,0.0,0.0,0.0,198.7,23314.0,44097.0,23.0,10.4,68.0,29.68,3.3600000000000003,352.0,0.0,0.0,
2026-02-26T01:59:00,02/26/202601:59,20.369999999999997,0.0,0.0,51.54,0.0,0.0,0.0,0.0,0.0,198.7,23314.0,44097.0,23.0,10.4,68.0,29.68,3.3600000000000003,352.0,0.0,0.0,
2026-02-26T01:59:30,02/26/202601:59,20.369999999999997,0.0,0.0,51.55,0.0,0.0,0.0,0.0,0.0,198.7,23314.0,44097.0,23.0,10.4,68.7,29.683,3.3600000000000003,352.0,0.0,0.0,
2026-02-26T02:00:01,02/26/202602:00,20.369999999999997,0.0,0.0,51.56,0.0,0.0,0.0,0.0,0.0,198.7,23314.0,44097.0,23.0,10.4,69.4,29.686,3.3600000000000003,352.0,0.0,0.0,
2026-02-26T02:01:00,02/26/202602:01,20.369999999999997,0.0,0.0,51.55,0.0,0.0,0.0,0.0,0.0,198.7,23314.0,44097.0,23.0,10.360000000000001,70.2,29.689,3.161,351.9,0.0,0.0,
2026-02-26T02:01:30,02/26/202602:01,20.369999999999997,0.0,0.0,51.54,0.0,0.0,0.0,0.0,0.0,198.7,23314.0,44097.0,23.0,10.32,71.0,29.692,2.9619999999999997,351.8,0.0,0.0,
2026-02-26T02:02:01,02/26/202602:02,20.369999999999997,0.0,0.0,51.529999999999994,0.0,0.0,0.0,0.0,0.0,198.7,23314.0,44097.0,23.0,10.28,71.8,29.695,2.763,351.7,0.0,0.0,
2026-02-26T02:02:26,02/26/202602:02,20.36,0.0,0.0,51.54,0.0,0.0,0.0,0.0,0.0,198.7,23314.0,44097.0,23.0,10.24,72.6,29.698,2.564,351.6,0.0,0.0,
2026-02-26T02:02:50,02/26/202602:02,20.36,0.0,0.0,51.54,0.0,0.0,0.0,0.0,0.0,198.7,23314.0,44097.0,23.0,10.2,73.4,29.701,2.3649999999999998,351.5,0.0,0.0,
2026-02-26T02:03:01,02/26/202602:03,20.36,0.0,0.0,51.55,0.0,0.0,0.0,0.0,0.0,198.7,23314.0,44097.0,23.0,10.16,74.2,29.704,2.166,351.4,0.0,0.0,
2026-02-26T02:03:49,02/26/202602:03,20.35,0.0,0.0,51.55,0.0,0.0,0.0,0.0,0.0,198.7,23314.0,44097.0,23.0,10.120000000000001,75.0,29.707,1.967,351.3,0.0,0.0,
2026-02-26T02:04:00,02/26/202602:04,20.34,0.0,0.0,51.55,0.0,0.0,0.0,0.0,0.0,198.7,23314.0,44097.0,23.0,10.08,75.8,29.71,1.768,351.2,0.0,0.0,
2026-02-26T02:05:01,02/26/202602:05,20.34,0.0,0.0,51.54,0.0,0.0,0.0,0.0,0.0,198.7,23314.0,44097.0,23.0,10.040000000000001,75.9,29.71,1.5690000000000002,351.1,0.0,0.0,
2026-02-26T02:05:49,02/26/202602:05,20.35,0.0,0.0,51.529999999999994,0.0,0.0,0.0,0.0,0.0,198.7,23314.0,44097.0,23.0,10.0,76.0,29.71,1.37,351.0,0.0,0.0,
2026-02-26T02:06:00,02/26/202602:06,20.36,0.0,0.0,51.529999999999994,0.0,0.0,0.0,0.0,0.0,198.7,23314.0,44097.0,23.0,10.0,76.0,29.71,1.37,351.0,0.0,0.0,
2026-02-26T02:06:50,02/26/202602:06,20.35,0.0,0.0,51.529999999999994,0.0,0.0,0.0,0.0,0.0,198.7,23314.0,44097.0,23.0,10.0,76.0,29.71,1.37,351.0,0.0,0.0,
2026-02-26T02:07:01,02/26/202602:07,20.34,0.0,0.0,51.529999999999994,0.0,0.0,0.0,0.0,0.0,198.7,23314.0,44097.0,23.0,10.0,76.0,29.71,1.37,351.0,0.0,0.0,
2026-02-26T02:07:50,02/26/202602:07,20.35,0.0,0.0,51.52,0.0,0.0,0.0,0.0,0.0,198.7,23314.0,44097.0,23.0,10.0,76.0,29.71,1.37,351.0,0.0,0.0,
2026-02-26T02:08:01,02/26/202602:08,20.35,0.0,0.0,51.510000000000005,0.0,0.0,0.0,0.0,0.0,198.7,23314.0,44097.0,23.0,10.0,76.0,29.71,1.37,351.0,0.0,0.0,
2026-02-26T02:10:16,02/26/202602:10,20.35,0.0,0.0,51.5,0.0,0.0,0.0,0.0,0.0,198.7,23314.0,44097.0,23.0,10.0,76.0,29.71,1.37,351.0,0.0,0.0,
2026-02-26T02:11:00,02/26/202602:11,20.36,0.0,0.0,51.5,0.0,0.0,0.0,0.0,0.0,198.7,23314.0,44097.0,23.0,10.0,76.0,29.71,1.37,351.0,0.0,0.0,
2026-02-26T02:12:00,02/26/202602:12,20.369999999999997,0.0,0.0,51.5,0.0,0.0,0.0,0.0,0.0,198.7,23314.0,44097.0,23.0,10.0,76.0,29.71,1.37,351.0,0.0,0.0,
2026-02-26T02:12:16,02/26/202602:12,20.369999999999997,0.0,0.0,51.510000000000005,0.0,0.0,0.0,0.0,0.0,198.7,23314.0,44097.0,23.0,10.0,76.0,29.71,1.37,351.0,0.0,0.0,
2026-02-26T02:13:01,02/26/202602:13,20.36,0.0,0.0,51.52,0.0,0.0,0.0,0.0,0.0,198.7,23314.0,44097.0,23.0,10.0,76.0,29.71,1.37,351.0,0.0,0.0,
2026-02-26T02:13:17,02/26/202602:13,20.36,0.0,0.0,51.529999999999994,0.0,0.0,0.0,0.0,0.0,198.7,23314.0,44097.0,23.0,10.0,76.0,29.71,1.37,351.0,0.0,0.0,
2026-02-26T02:14:00,02/26/202602:14,20.369999999999997,0.0,0.0,51.54,0.0,0.0,0.0,0.0,0.0,198.7,23314.0,44097.0,23.0,10.0,76.0,29.71,1.37,351.0,0.0,0.0,
2026-02-26T02:15:00,02/26/202602:15,20.38,0.0,0.0,51.55,0.0,0.0,0.0,0.0,0.0,198.7,23314.0,44097.0,23.0,10.0,76.0,29.71,1.37,351.0,0.0,0.0,
2026-02-26T02:15:16,02/26/202602:15,20.369999999999997,0.0,0.0,51.55,0.0,0.0,0.0,0.0,0.0,198.7,23314.0,44097.0,23.0,10.0,76.0,29.71,1.37,351.0,0.0,0.0,
2026-02-26T02:16:00,02/26/202602:16,20.36,0.0,0.0,51.55,0.0,0.0,0.0,0.0,0.0,198.7,23314.0,44097.0,23.0,10.0,76.0,29.71,1.37,351.0,0.0,0.0,
2026-02-26T02:16:16,02/26/202602:16,20.36,0.0,0.0,51.56,0.0,0.0,0.0,0.0,0.0,198.7,23314.0,44097.0,23.0,9.98,76.1,29.71,1.5130000000000001,335.3,0.0,0.0,
2026-02-26T02:17:00,02/26/202602:17,20.36,0.0,0.0,51.57000000000001,0.0,0.0,0.0,0.0,0.0,198.7,23314.0,44097.0,23.0,9.959999999999999,76.2,29.71,1.6560000000000001,319.6,0.0,0.0,
2026-02-26T02:17:16,02/26/202602:17,20.35,0.0,0.0,51.57000000000001,0.0,0.0,0.0,0.0,0.0,198.7,23314.0,44097.0,23.0,9.940000000000001,76.3,29.71,1.7990000000000002,303.9,0.0,0.0,
2026-02-26T02:18:00,02/26/202602:18,20.35,0.0,0.0,51.56,0.0,0.0,0.0,0.0,0.0,198.7,23314.0,44097.0,23.0,9.92,76.4,29.71,1.9420000000000002,288.2,0.0,0.0,
2026-02-26T02:19:00,02/26/202602:19,20.35,0.0,0.0,51.56,0.0,0.0,0.0,0.0,0.0,198.7,23314.0,44097.0,23.0,9.9,76.5,29.71,2.085,272.5,0.0,0.0,
2026-02-26T02:19:16,02/26/202602:19,20.35,0.0,0.0,51.56,0.0,0.0,0.0,0.0,0.0,198.7,23314.0,44097.0,23.0,9.88,76.6,29.71,2.228,256.8,0.0,0.0,
2026-02-26T02:21:03,02/26/202602:21,20.35,0.0,0.0,51.56,0.0,0.0,0.0,0.0,0.0,198.7,23314.0,44097.0,23.0,9.860000000000001,76.7,29.71,2.371,241.1,0.0,0.0,
2026-02-26T02:22:00,02/26/202602:22,20.35,0.0,0.0,51.55,0.0,0.0,0.0,0.0,0.0,198.7,23314.0,44097.0,23.0,9.84,76.8,29.71,2.5140000000000002,225.4,0.0,0.0,
2026-02-26T02:23:00,02/26/202602:23,20.35,0.0,0.0,51.55,0.0,0.0,0.0,0.0,0.0,198.7,23314.0,44097.0,23.0,9.82,76.9,29.71,2.657,209.7,0.0,0.0,
2026-02-26T02:24:00,02/26/202602:24,20.35,0.0,0.0,51.55,0.0,0.0,0.0,0.0,0.0,198.7,23314.0,44097.0,23.0,9.8,77.0,29.71,2.8,194.0,0.0,0.0,
2026-02-26T02:25:00,02/26/202602:25,20.35,0.0,0.0,51.55,0.0,0.0,0.0,0.0,0.0,198.7,23314.0,44097.0,23.0,9.8,77.0,29.71,2.8,194.0,0.0,0.0,
2026-02-26T02:26:00,02/26/202602:26,20.35,0.0,0.0,51.54,0.0,0.0,0.0,0.0,0.0,198.7,23314.0,44097.0,23.0,9.8,77.0,29.71,2.8,194.0,0.0,0.0,
2026-02-26T02:27:01,02/26/202602:27,20.35,0.0,0.0,51.55,0.0,0.0,0.0,0.0,0.0,198.7,23314.0,44097.0,23.0,9.8,77.0,29.71,2.8,194.0,0.0,0.0,
2026-02-26T02:28:00,02/26/202602:28,20.35,0.0,0.0,51.55,0.0,0.0,0.0,0.0,0.0,198.7,23314.0,44097.0,23.0,9.8,77.0,29.71,2.8,194.0,0.0,0.0,
2026-02-26T02:29:00,02/26/202602:29,20.35,0.0,0.0,51.55,0.0,0.0,0.0,0.0,0.0,198.7,23314.0,44097.0,23.0,9.8,77.0,29.71,2.8,194.0,0.0,0.0,
2026-02-26T02:30:18,02/26/202602:30,20.34,0.0,0.0,51.54,0.0,0.0,0.0,0.0,0.0,198.7,23314.0,44097.0,23.0,9.82,77.0,29.71,2.663,203.4,0.0,0.0,
2026-02-26T02:32:15,02/26/202602:32,20.330000000000002,0.0,0.0,51.529999999999994,0.0,0.0,0.0,0.0,0.0,198.7,23314.0,44097.0,23.0,9.82,77.1,29.707,2.868,205.4,0.0,0.0,
2026-02-26T02:32:18,02/26/202602:32,20.330000000000002,0.0,0.0,51.529999999999994,0.0,0.0,0.0,0.0,0.0,198.7,23314.0,44097.0,23.0,9.82,77.9,29.707,3.0729999999999995,207.4,0.0,0.0,
2026-02-26T02:33:01,02/26/202602:33,20.34,0.0,0.0,51.529999999999994,0.0,0.0,0.0,0.0,0.0,198.7,23314.0,44097.0,23.0,9.82,78.7,29.707,3.278,209.4,0.0,0.0,
2026-02-26T02:33:18,02/26/202602:33,20.34,0.0,0.0,51.529999999999994,0.0,0.0,0.0,0.0,0.0,198.7,23314.0,44097.0,23.0,9.82,79.5,29.707,3.4829999999999997,211.4,0.0,0.0,
2026-02-26T02:34:01,02/26/202602:34,20.330000000000002,0.0,0.0,51.52,0.0,0.0,0.0,0.0,0.0,198.7,23314.0,44097.0,23.0,9.82,80.3,29.707,3.6879999999999997,213.4,0.0,0.0,
2026-02-26T02:35:01,02/26/202602:35,20.32,0.0,0.0,51.52,0.0,0.0,0.0,0.0,0.0,198.7,23314.0,44097.0,23.1,9.82,81.1,29.707,3.893,215.4,0.0,0.0,
2026-02-26T02:35:18,02/26/202602:35,20.330000000000002,0.0,0.0,51.510000000000005,0.0,0.0,0.0,0.0,0.0,198.7,23314.0,44097.0,23.0,9.82,81.9,29.707,4.098,217.4,0.0,0.0,
2026-02-26T02:36:00,02/26/202602:36,20.34,0.0,0.0,51.510000000000005,0.0,0.0,0.0,0.0,0.0,198.7,23314.0,44097.0,23.0,9.82,82.7,29.707,4.302999999999999,219.4,0.0,0.0,
2026-02-26T02:37:01,02/26/202602:37,20.35,0.0,0.0,51.5,0.0,0.0,0.0,0.0,0.0,198.7,23314.0,44097.0,23.0,9.82,83.5,29.707,4.508,221.4,0.0,0.0,
2026-02-26T02:38:01,02/26/202602:38,20.36,0.0,0.0,51.5,0.0,0.0,0.0,0.0,0.0,198.7,23314.0,44097.0,23.0,9.8,84.3,29.707,4.85,214.0,0.0,0.0,
2026-02-26T02:39:01,02/26/202602:39,20.369999999999997,0.0,0.0,51.5,0.0,0.0,0.0,0.0,0.0,198.7,23314.0,44097.0,23.0,9.8,85.0,29.71,4.85,214.0,0.0,0.0,
2026-02-26T02:40:00,02/26/202602:40,20.369999999999997,0.0,0.0,51.5,0.0,0.0,0.0,0.0,0.0,198.7,23314.0,44097.0,23.0,9.8,85.0,29.71,4.85,214.0,0.0,0.0,
2026-02-26T02:40:02,02/26/202602:40,20.36,0.0,0.0,51.5,0.0,0.0,0.0,0.0,0.0,198.7,23314.0,44097.0,23.0,9.8,85.0,29.71,4.85,214.0,0.0,0.0,
2026-02-26T02:41:00,02/26/202602:41,20.36,0.0,0.0,51.5,0.0,0.0,0.0,0.0,0.0,198.7,23314.0,44097.0,23.0,9.8,85.0,29.71,4.85,214.0,0.0,0.0,
2026-02-26T02:42:01,02/26/202602:42,20.36,0.0,0.0,51.510000000000005,0.0,0.0,0.0,0.0,0.0,198.7,23314.0,44097.0,23.0,9.8,85.0,29.71,4.85,214.0,0.0,0.0,
2026-02-26T02:43:28,02/26/202602:43,20.36,0.0,0.0,51.510000000000005,0.0,0.0,0.0,0.0,0.0,198.7,23314.0,44097.0,23.0,9.8,85.0,29.71,4.85,214.0,0.0,0.0,
2026-02-26T02:44:01,02/26/202602:44,20.35,0.0,0.0,51.510000000000005,0.0,0.0,0.0,0.0,0.0,198.7,23314.0,44097.0,23.0,9.8,85.0,29.71,4.85,214.0,0.0,0.0,
2026-02-26T02:45:00,02/26/202602:45,20.34,0.0,0.0,51.510000000000005,0.0,0.0,0.0,0.0,0.0,198.7,23314.0,44097.0,23.0,9.8,85.0,29.71,4.85,214.0,0.0,0.0,
2026-02-26T02:46:01,02/26/202602:46,20.330000000000002,0.0,0.0,51.510000000000005,0.0,0.0,0.0,0.0,0.0,198.7,23314.0,44097.0,23.0,9.8,85.0,29.71,4.85,214.0,0.0,0.0,
2026-02-26T02:46:03,02/26/202602:46,20.330000000000002,0.0,0.0,51.510000000000005,0.0,0.0,0.0,0.0,0.0,198.7,23314.0,44097.0,23.0,9.780000000000001,85.0,29.71,4.811999999999999,213.3,0.0,0.0,
2026-02-26T02:47:01,02/26/202602:47,20.330000000000002,0.0,0.0,51.510000000000005,0.0,0.0,0.0,0.0,0.0,198.7,23314.0,44097.0,23.0,9.760000000000002,85.0,29.71,4.773999999999999,212.6,0.0,0.0,
2026-02-26T02:47:03,02/26/202602:47,20.32,0.0,0.0,51.52,0.0,0.0,0.0,0.0,0.0,198.7,23314.0,44097.0,23.0,9.74,85.0,29.71,4.736,211.9,0.0,0.0,
2026-02-26T02:48:00,02/26/202602:48,20.32,0.0,0.0,51.529999999999994,0.0,0.0,0.0,0.0,0.0,198.7,23314.0,44097.0,23.0,9.72,85.0,29.71,4.6979999999999995,211.2,0.0,0.0,
2026-02-26T02:49:01,02/26/202602:49,20.32,0.0,0.0,51.529999999999994,0.0,0.0,0.0,0.0,0.0,198.7,23314.0,44097.0,23.0,9.7,85.0,29.71,4.659999999999999,210.5,0.0,0.0,
2026-02-26T02:49:03,02/26/202602:49,20.330000000000002,0.0,0.0,51.52,0.0,0.0,0.0,0.0,0.0,198.7,23314.0,44097.0,23.0,9.68,85.0,29.71,4.622,209.8,0.0,0.0,
2026-02-26T02:50:01,02/26/202602:50,20.34,0.0,0.0,51.52,0.0,0.0,0.0,0.0,0.0,198.7,23314.0,44097.0,23.0,9.66,85.0,29.71,4.584,209.1,0.0,0.0,
2026-02-26T02:51:01,02/26/202602:51,20.35,0.0,0.0,51.52,0.0,0.0,0.0,0.0,0.0,198.7,23314.0,44097.0,23.0,9.64,85.0,29.71,4.545999999999999,208.4,0.0,0.0,
2026-02-26T02:51:03,02/26/202602:51,20.35,0.0,0.0,51.510000000000005,0.0,0.0,0.0,0.0,0.0,198.7,23314.0,44097.0,23.0,9.620000000000001,85.0,29.71,4.508,207.7,0.0,0.0,
2026-02-26T02:52:01,02/26/202602:52,20.35,0.0,0.0,51.5,0.0,0.0,0.0,0.0,0.0,198.7,23314.0,44097.0,23.0,9.6,85.0,29.71,4.47,207.0,0.0,0.0,
2026-02-26T02:52:03,02/26/202602:52,20.35,0.0,0.0,51.5,0.0,0.0,0.0,0.0,0.0,198.7,23314.0,44097.0,23.0,9.6,85.0,29.71,4.47,207.0,0.0,0.0,
2026-02-26T02:53:00,02/26/202602:53,20.35,0.0,0.0,51.5,0.0,0.0,0.0,0.0,0.0,198.7,23314.0,44097.0,23.0,9.6,85.0,29.71,4.47,207.0,0.0,0.0,
2026-02-26T02:54:38,02/26/202602:54,20.36,0.0,0.0,51.489999999999995,0.0,0.0,0.0,0.0,0.0,198.7,23314.0,44097.0,23.0,9.6,85.0,29.71,4.47,207.0,0.0,0.0,
2026-02-26T02:55:00,02/26/202602:55,20.369999999999997,0.0,0.0,51.48,0.0,0.0,0.0,0.0,0.0,198.7,23314.0,44097.0,23.0,9.6,85.0,29.71,4.47,207.0,0.0,0.0,
2026-02-26T02:55:01,02/26/202602:55,20.369999999999997,0.0,0.0,51.48,0.0,0.0,0.0,0.0,0.0,198.7,23314.0,44097.0,23.0,9.6,85.0,29.71,4.47,207.0,0.0,0.0,
2026-02-26T02:56:00,02/26/202602:56,20.36,0.0,0.0,51.48,0.0,0.0,0.0,0.0,0.0,198.7,23314.0,44097.0,23.0,9.6,85.0,29.71,4.47,207.0,0.0,0.0,
2026-02-26T02:57:01,02/26/202602:57,20.35,0.0,0.0,51.48,0.0,0.0,0.0,0.0,0.0,198.7,23314.0,44097.0,23.0,9.6,85.0,29.71,4.47,207.0,0.0,0.0,
2026-02-26T02:58:00,02/26/202602:57,20.35,0.0,0.0,51.48,0.0,0.0,0.0,0.0,0.0,198.7,23314.0,44097.0,23.0,9.6,85.0,29.71,4.47,207.0,0.0,0.0,
2026-02-26T02:58:01,02/26/202602:58,20.36,0.0,0.0,51.489999999999995,0.0,0.0,0.0,0.0,0.0,198.7,23314.0,44097.0,23.0,9.6,85.0,29.71,4.47,207.0,0.0,0.0,
2026-02-26T02:59:00,02/26/202602:59,20.36,0.0,0.0,51.5,0.0,0.0,0.0,0.0,0.0,198.7,23314.0,44097.0,23.0,9.6,85.0,29.71,4.47,207.0,0.0,0.0,
2026-02-26T03:00:00,02/26/202603:00,20.36,0.0,0.0,51.5,0.0,0.0,0.0,0.0,0.0,198.7,23314.0,44097.0,23.0,9.6,85.0,29.71,4.47,207.0,0.0,0.0,
2026-02-26T03:01:00,02/26/202603:01,20.36,0.0,0.0,51.5,0.0,0.0,0.0,0.0,0.0,198.7,23314.0,44097.0,23.0,9.6,85.1,29.71,4.494999999999999,204.3,0.0,0.0,
2026-02-26T03:02:00,02/26/202603:02,20.35,0.0,0.0,51.5,0.0,0.0,0.0,0.0,0.0,198.7,23314.0,44097.0,23.0,9.6,85.2,29.71,4.52,201.6,0.0,0.0,
2026-02-26T03:03:00,02/26/202603:03,20.35,0.0,0.0,51.489999999999995,0.0,0.0,0.0,0.0,0.0,198.7,23314.0,44097.0,23.0,9.6,85.3,29.71,4.545,198.9,0.0,0.0,
2026-02-26T03:04:00,02/26/202603:03,20.35,0.0,0.0,51.489999999999995,0.0,0.0,0.0,0.0,0.0,198.7,23314.0,44097.0,23.0,9.6,85.4,29.71,4.569999999999999,196.2,0.0,0.0,
2026-02-26T03:04:01,02/26/202603:04,20.35,0.0,0.0,51.489999999999995,0.0,0.0,0.0,0.0,0.0,198.7,23314.0,44097.0,23.0,9.6,85.5,29.71,4.595,193.5,0.0,0.0,
2026-02-26T03:05:48,02/26/202603:05,20.36,0.0,0.0,51.489999999999995,0.0,0.0,0.0,0.0,0.0,198.7,23314.0,44097.0,23.0,9.6,85.6,29.71,4.619999999999999,190.8,0.0,0.0,
2026-02-26T03:06:01,02/26/202603:06,20.35,0.0,0.0,51.489999999999995,0.0,0.0,0.0,0.0,0.0,198.7,23314.0,44097.0,23.0,9.6,85.7,29.71,4.645,188.1,0.0,0.0,
2026-02-26T03:07:01,02/26/202603:07,20.34,0.0,0.0,51.489999999999995,0.0,0.0,0.0,0.0,0.0,198.7,23314.0,44097.0,23.0,9.6,85.8,29.71,4.67,185.4,0.0,0.0,
2026-02-26T03:08:00,02/26/202603:08,20.34,0.0,0.0,51.489999999999995,0.0,0.0,0.0,0.0,0.0,198.7,23314.0,44097.0,23.0,9.6,85.9,29.71,4.694999999999999,182.7,0.0,0.0,
2026-02-26T03:09:00,02/26/202603:09,20.330000000000002,0.0,0.0,51.489999999999995,0.0,0.0,0.0,0.0,0.0,198.7,23314.0,44097.0,23.0,9.6,86.0,29.71,4.72,180.0,0.0,0.0,
2026-02-26T03:10:00,02/26/202603:10,20.32,0.0,0.0,51.489999999999995,0.0,0.0,0.0,0.0,0.0,198.7,23314.0,44097.0,23.0,9.6,86.0,29.71,4.72,180.0,0.0,0.0,
2026-02-26T03:11:01,02/26/202603:11,20.32,0.0,0.0,51.489999999999995,0.0,0.0,0.0,0.0,0.0,198.7,23314.0,44097.0,23.0,9.6,86.0,29.71,4.72,180.0,0.0,0.0,
2026-02-26T03:12:00,02/26/202603:12,20.31,0.0,0.0,51.5,0.0,0.0,0.0,0.0,0.0,198.7,23314.0,44097.0,23.0,9.6,86.0,29.71,4.72,180.0,0.0,0.0,
2026-02-26T03:13:00,02/26/202603:13,20.31,0.0,0.0,51.5,0.0,0.0,0.0,0.0,0.0,198.7,23314.0,44097.0,23.0,9.6,86.0,29.71,4.72,180.0,0.0,0.0,
2026-02-26T03:14:00,02/26/202603:14,20.31,0.0,0.0,51.5,0.0,0.0,0.0,0.0,0.0,198.7,23314.0,44097.0,23.0,9.6,86.0,29.71,4.72,180.0,0.0,0.0,
2026-02-26T03:14:07,02/26/202603:14,20.31,0.0,0.0,51.5,0.0,0.0,0.0,0.0,0.0,198.7,23314.0,44097.0,23.0,9.6,86.0,29.71,4.72,180.0,0.0,0.0,
2026-02-26T03:15:00,02/26/202603:15,20.32,0.0,0.0,51.5,0.0,0.0,0.0,0.0,0.0,198.7,23314.0,44097.0,23.0,9.6,86.0,29.71,4.72,180.0,0.0,0.0,
2026-02-26T03:15:07,02/26/202603:15,20.32,0.0,0.0,51.489999999999995,0.0,0.0,0.0,0.0,0.0,198.7,23314.0,44097.0,23.0,9.6,86.0,29.71,4.72,180.0,0.0,0.0,
2026-02-26T03:16:59,02/26/202603:16,20.32,0.0,0.0,51.489999999999995,0.0,0.0,0.0,0.0,0.0,198.7,23314.0,44097.0,23.0,9.58,86.0,29.71,4.608,179.3,0.0,0.0,
2026-02-26T03:17:01,02/26/202603:17,20.32,0.0,0.0,51.489999999999995,0.0,0.0,0.0,0.0,0.0,198.7,23314.0,44097.0,23.0,9.559999999999999,86.0,29.71,4.496,178.6,0.0,0.0,
2026-02-26T03:18:01,02/26/202603:18,20.32,0.0,0.0,51.48,0.0,0.0,0.0,0.0,0.0,198.7,23314.0,44097.0,23.0,9.540000000000001,86.0,29.71,4.3839999999999995,177.9,0.0,0.0,
2026-02-26T03:19:01,02/26/202603:19,20.32,0.0,0.0,51.48,0.0,0.0,0.0,0.0,0.0,198.7,23314.0,44097.0,23.0,9.52,86.0,29.71,4.272,177.2,0.0,0.0,
2026-02-26T03:20:00,02/26/202603:20,20.32,0.0,0.0,51.48,0.0,0.0,0.0,0.0,0.0,198.7,23314.0,44097.0,23.0,9.5,86.0,29.71,4.16,176.5,0.0,0.0,
2026-02-26T03:21:01,02/26/202603:21,20.32,0.0,0.0,51.48,0.0,0.0,0.0,0.0,0.0,198.7,23314.0,44097.0,23.0,9.48,86.0,29.71,4.048,175.8,0.0,0.0,
2026-02-26T03:22:01,02/26/202603:22,20.32,0.0,0.0,51.470000000000006,0.0,0.0,0.0,0.0,0.0,198.7,23314.0,44097.0,23.0,9.459999999999999,86.0,29.71,3.936,175.1,0.0,0.0,
2026-02-26T03:23:01,02/26/202603:23,20.31,0.0,0.0,51.470000000000006,0.0,0.0,0.0,0.0,0.0,198.7,23314.0,44097.0,23.0,9.440000000000001,86.0,29.71,3.8240000000000003,174.4,0.0,0.0,
2026-02-26T03:24:00,02/26/202603:24,20.3,0.0,0.0,51.470000000000006,0.0,0.0,0.0,0.0,0.0,198.7,23314.0,44097.0,23.0,9.42,86.0,29.71,3.7119999999999997,173.7,0.0,0.0,
2026-02-26T03:25:01,02/26/202603:25,20.3,0.0,0.0,51.48,0.0,0.0,0.0,0.0,0.0,198.7,23314.0,44097.0,23.0,9.4,86.0,29.71,3.6,173.0,0.0,0.0,
2026-02-26T03:26:01,02/26/202603:26,20.3,0.0,0.0,51.48,0.0,0.0,0.0,0.0,0.0,198.7,23314.0,44097.0,23.0,9.4,86.0,29.71,3.6,173.0,0.0,0.0,
2026-02-26T03:28:12,02/26/202603:28,20.3,0.0,0.0,51.48,0.0,0.0,0.0,0.0,0.0,198.7,23314.0,44097.0,23.0,9.4,86.0,29.71,3.6,173.0,0.0,0.0,
2026-02-26T03:29:01,02/26/202603:29,20.3,0.0,0.0,51.489999999999995,0.0,0.0,0.0,0.0,0.0,198.7,23314.0,44097.0,23.0,9.4,86.0,29.71,3.6,173.0,0.0,0.0,
2026-02-26T03:30:00,02/26/202603:30,20.3,0.0,0.0,51.48,0.0,0.0,0.0,0.0,0.0,198.7,23314.0,44097.0,23.0,9.4,86.0,29.71,3.6,173.0,0.0,0.0,
2026-02-26T03:31:00,02/26/202603:31,20.3,0.0,0.0,51.48,0.0,0.0,0.0,0.0,0.0,198.7,23314.0,44097.0,23.0,9.4,85.9,29.71,3.774,173.9,0.0,0.0,
2026-02-26T03:32:01,02/26/202603:32,20.3,0.0,0.0,51.48,0.0,0.0,0.0,0.0,0.0,198.7,23314.0,44097.0,23.0,9.379999999999999,85.8,29.71,3.8549999999999995,176.1,0.0,0.0,
2026-02-26T03:33:01,02/26/202603:33,20.3,0.0,0.0,51.489999999999995,0.0,0.0,0.0,0.0,0.0,198.7,23314.0,44097.0,23.0,9.36,85.7,29.71,3.936,178.3,0.0,0.0,
2026-02-26T03:34:01,02/26/202603:34,20.3,0.0,0.0,51.489999999999995,0.0,0.0,0.0,0.0,0.0,198.7,23314.0,44097.0,23.0,9.34,85.6,29.71,4.017,180.5,0.0,0.0,
2026-02-26T03:35:00,02/26/202603:35,20.3,0.0,0.0,51.489999999999995,0.0,0.0,0.0,0.0,0.0,198.7,23314.0,44097.0,23.0,9.32,85.5,29.71,4.098000000000001,182.7,0.0,0.0,
2026-02-26T03:36:01,02/26/202603:36,20.3,0.0,0.0,51.489999999999995,0.0,0.0,0.0,0.0,0.0,198.7,23314.0,44097.0,23.0,9.3,85.1,29.71,4.179,184.9,0.0,0.0,
2026-02-26T03:37:00,02/26/202603:37,20.3,0.0,0.0,51.489999999999995,0.0,0.0,0.0,0.0,0.0,198.7,23314.0,44097.0,23.0,9.28,84.7,29.71,4.26,187.1,0.0,0.0,
2026-02-26T03:38:00,02/26/202603:38,20.3,0.0,0.0,51.489999999999995,0.0,0.0,0.0,0.0,0.0,198.7,23314.0,44097.0,23.0,9.26,84.3,29.71,4.341,189.3,0.0,0.0,
2026-02-26T03:39:20,02/26/202603:39,20.3,0.0,0.0,51.48,0.0,0.0,0.0,0.0,0.0,198.7,23314.0,44097.0,23.0,9.239999999999998,83.9,29.71,4.422,191.5,0.0,0.0,
2026-02-26T03:40:01,02/26/202603:40,20.3,0.0,0.0,51.48,0.0,0.0,0.0,0.0,0.0,198.7,23314.0,44097.0,23.0,9.219999999999999,83.5,29.71,4.503,193.7,0.0,0.0,
2026-02-26T03:41:00,02/26/202603:41,20.3,0.0,0.0,51.48,0.0,0.0,0.0,0.0,0.0,198.7,23314.0,44097.0,23.0,9.2,83.2,29.71,4.41,195.0,0.0,0.0,
2026-02-26T03:42:00,02/26/202603:42,20.3,0.0,0.0,51.48,0.0,0.0,0.0,0.0,0.0,198.7,23314.0,44097.0,23.0,9.2,82.9,29.71,4.41,195.0,0.0,0.0,
2026-02-26T03:43:00,02/26/202603:43,20.3,0.0,0.0,51.470000000000006,0.0,0.0,0.0,0.0,0.0,198.7,23314.0,44097.0,23.0,9.2,82.6,29.71,4.41,195.0,0.0,0.0,
2026-02-26T03:44:01,02/26/202603:44,20.3,0.0,0.0,51.470000000000006,0.0,0.0,0.0,0.0,0.0,198.7,23314.0,44097.0,23.0,9.2,82.3,29.71,4.41,195.0,0.0,0.0,
2026-02-26T03:45:17,02/26/202603:45,20.3,0.0,0.0,51.46,0.0,0.0,0.0,0.0,0.0,198.7,23314.0,44097.0,23.0,9.2,82.0,29.71,4.41,195.0,0.0,0.0,
2026-02-26T03:46:01,02/26/202603:46,20.3,0.0,0.0,51.45,0.0,0.0,0.0,0.0,0.0,198.7,23314.0,44097.0,23.0,9.2,82.0,29.71,4.41,195.0,0.0,0.0,
2026-02-26T03:47:01,02/26/202603:47,20.3,0.0,0.0,51.44,0.0,0.0,0.0,0.0,0.0,198.7,23314.0,44097.0,23.0,9.18,82.1,29.71,4.174,198.4,0.0,0.0,
2026-02-26T03:48:01,02/26/202603:48,20.3,0.0,0.0,51.44,0.0,0.0,0.0,0.0,0.0,198.7,23314.0,44097.0,23.0,9.16,82.2,29.71,3.938,201.8,0.0,0.0,
2026-02-26T03:49:00,02/26/202603:49,20.3,0.0,0.0,51.44,0.0,0.0,0.0,0.0,0.0,198.7,23314.0,44097.0,23.0,9.139999999999999,82.3,29.71,3.7020000000000004,205.2,0.0,0.0,
2026-02-26T03:50:32,02/26/202603:50,20.3,0.0,0.0,51.44,0.0,0.0,0.0,0.0,0.0,198.7,23314.0,44097.0,23.0,9.12,82.4,29.71,3.4659999999999997,208.6,0.0,0.0,
2026-02-26T03:51:00,02/26/202603:51,20.3,0.0,0.0,51.42999999999999,0.0,0.0,0.0,0.0,0.0,198.7,23314.0,44097.0,23.0,9.1,82.5,29.71,3.2299999999999995,212.0,0.0,0.0,
2026-02-26T03:52:01,02/26/202603:52,20.3,0.0,0.0,51.42,0.0,0.0,0.0,0.0,0.0,198.7,23314.0,44097.0,23.0,9.08,82.6,29.71,2.9939999999999998,215.4,0.0,0.0,
2026-02-26T03:53:01,02/26/202603:53,20.3,0.0,0.0,51.42999999999999,0.0,0.0,0.0,0.0,0.0,198.7,23314.0,44097.0,23.0,9.059999999999999,82.7,29.71,2.758,218.8,0.0,0.0,
2026-02-26T03:54:00,02/26/202603:54,20.3,0.0,0.0,51.42999999999999,0.0,0.0,0.0,0.0,0.0,198.7,23314.0,44097.0,23.0,9.040000000000001,82.8,29.71,2.522,222.2,0.0,0.0,
2026-02-26T03:55:00,02/26/202603:55,20.3,0.0,0.0,51.44,0.0,0.0,0.0,0.0,0.0,198.7,23314.0,44097.0,23.0,9.02,82.9,29.71,2.286,225.6,0.0,0.0,
2026-02-26T03:56:00,02/26/202603:56,20.3,0.0,0.0,51.45,0.0,0.0,0.0,0.0,0.0,198.7,23314.0,44097.0,23.0,9.0,83.0,29.71,2.05,229.0,0.0,0.0,
2026-02-26T03:57:00,02/26/202603:57,20.3,0.0,0.0,51.46,0.0,0.0,0.0,0.0,0.0,198.7,23314.0,44097.0,23.0,9.0,83.0,29.71,2.05,229.0,0.0,0.0,
2026-02-26T03:58:01,02/26/202603:58,20.3,0.0,0.0,51.46,0.0,0.0,0.0,0.0,0.0,198.7,23314.0,44097.0,23.0,9.0,83.0,29.71,2.05,229.0,0.0,0.0,
2026-02-26T03:59:01,02/26/202603:59,20.3,0.0,0.0,51.46,0.0,0.0,0.0,0.0,0.0,198.7,23314.0,44097.0,23.0,9.0,83.0,29.71,2.05,229.0,0.0,0.0,
2026-02-26T04:00:01,02/26/202604:00,20.3,0.0,0.0,51.46,0.0,0.0,0.0,0.0,0.0,198.7,23314.0,44097.0,23.0,9.0,83.0,29.71,2.05,229.0,0.0,0.0,
2026-02-26T04:01:41,02/26/202604:01,20.3,0.0,0.0,51.470000000000006,0.0,0.0,0.0,0.0,0.0,198.7,23314.0,44097.0,23.0,8.98,83.0,29.71,2.05,232.5,0.0,0.0,
2026-02-26T04:02:01,02/26/202604:02,20.3,0.0,0.0,51.48,0.0,0.0,0.0,0.0,0.0,198.7,23314.0,44097.0,23.0,8.959999999999999,83.0,29.71,2.05,236.0,0.0,0.0,
2026-02-26T04:03:01,02/26/202604:03,20.3,0.0,0.0,51.48,0.0,0.0,0.0,0.0,0.0,198.7,23314.0,44097.0,23.0,8.940000000000001,83.0,29.71,2.05,239.5,0.0,0.0,
2026-02-26T04:04:48,02/26/202604:04,20.3,0.0,0.0,51.470000000000006,0.0,0.0,0.0,0.0,0.0,198.7,23314.0,44097.0,23.0,8.92,83.0,29.71,2.05,243.0,0.0,0.0,
2026-02-26T04:05:01,02/26/202604:05,20.3,0.0,0.0,51.46,0.0,0.0,0.0,0.0,0.0,198.7,23314.0,44097.0,23.0,8.9,83.0,29.71,2.05,246.5,0.0,0.0,
2026-02-26T04:06:01,02/26/202604:06,20.3,0.0,0.0,51.45,0.0,0.0,0.0,0.0,0.0,198.7,23314.0,44097.0,23.0,8.88,83.0,29.71,2.05,250.0,0.0,0.0,
2026-02-26T04:07:01,02/26/202604:07,20.3,0.0,0.0,51.44,0.0,0.0,0.0,0.0,0.0,198.7,23314.0,44097.0,23.0,8.860000000000001,83.0,29.71,2.05,253.5,0.0,0.0,
2026-02-26T04:08:01,02/26/202604:08,20.3,0.0,0.0,51.42999999999999,0.0,0.0,0.0,0.0,0.0,198.7,23314.0,44097.0,23.0,8.84,83.0,29.71,2.05,257.0,0.0,0.0,
2026-02-26T04:09:01,02/26/202604:09,20.3,0.0,0.0,51.44,0.0,0.0,0.0,0.0,0.0,198.7,23314.0,44097.0,23.0,8.82,83.0,29.71,2.05,260.5,0.0,0.0,
2026-02-26T04:10:01,02/26/202604:10,20.3,0.0,0.0,51.44,0.0,0.0,0.0,0.0,0.0,198.7,23314.0,44097.0,23.0,8.8,83.0,29.71,2.05,264.0,0.0,0.0,
2026-02-26T04:11:01,02/26/202604:11,20.3,0.0,0.0,51.42999999999999,0.0,0.0,0.0,0.0,0.0,198.7,23314.0,44097.0,23.0,8.8,83.0,29.71,2.05,264.0,0.0,0.0,
2026-02-26T04:12:53,02/26/202604:12,20.3,0.0,0.0,51.42999999999999,0.0,0.0,0.0,0.0,0.0,198.7,23314.0,44097.0,23.0,8.8,83.0,29.71,2.05,264.0,0.0,0.0,
2026-02-26T04:13:00,02/26/202604:13,20.3,0.0,0.0,51.410000000000004,0.0,0.0,0.0,0.0,0.0,198.7,23314.0,44097.0,23.0,8.8,83.0,29.71,2.05,264.0,0.0,0.0,
2026-02-26T04:14:01,02/26/202604:14,20.3,0.0,0.0,51.4,0.0,0.0,0.0,0.0,0.0,198.7,23314.0,44097.0,23.0,8.8,83.0,29.71,2.05,264.0,0.0,0.0,
2026-02-26T04:15:00,02/26/202604:15,20.3,0.0,0.0,51.4,0.0,0.0,0.0,0.0,0.0,198.7,23314.0,44097.0,23.0,8.8,83.0,29.71,2.05,264.0,0.0,0.0,
2026-02-26T04:16:01,02/26/202604:16,20.3,0.0,0.0,51.4,0.0,0.0,0.0,0.0,0.0,198.7,23314.0,44097.0,23.0,8.8,83.0,29.71,2.05,264.0,0.0,0.0,
2026-02-26T04:17:00,02/26/202604:17,20.3,0.0,0.0,51.39,0.0,0.0,0.0,0.0,0.0,198.7,23314.0,44097.0,23.0,8.790000000000001,83.2,29.71,2.417,268.8,0.0,0.0,
2026-02-26T04:18:00,02/26/202604:18,20.3,0.0,0.0,51.39,0.0,0.0,0.0,0.0,0.0,198.7,23314.0,44097.0,23.0,8.780000000000001,83.4,29.71,2.784,273.6,0.0,0.0,
2026-02-26T04:19:00,02/26/202604:19,20.3,0.0,0.0,51.379999999999995,0.0,0.0,0.0,0.0,0.0,198.7,23314.0,44097.0,23.0,8.77,83.6,29.71,3.151,278.4,0.0,0.0,
2026-02-26T04:20:00,02/26/202604:20,20.3,0.0,0.0,51.39,0.0,0.0,0.0,0.0,0.0,198.7,23314.0,44097.0,23.0,8.76,83.8,29.71,3.518,283.2,0.0,0.0,
2026-02-26T04:21:01,02/26/202604:21,20.3,0.0,0.0,51.39,0.0,0.0,0.0,0.0,0.0,198.7,23314.0,44097.0,23.0,8.75,84.0,29.71,3.8849999999999993,288.0,0.0,0.0,
2026-02-26T04:22:01,02/26/202604:22,20.3,0.0,0.0,51.379999999999995,0.0,0.0,0.0,0.0,0.0,198.7,23314.0,44097.0,23.0,8.74,84.2,29.71,4.252,292.8,0.0,0.0,
2026-02-26T04:24:04,02/26/202604:24,20.3,0.0,0.0,51.39,0.0,0.0,0.0,0.0,0.0,198.7,23314.0,44097.0,23.0,8.73,84.4,29.71,4.619,297.6,0.0,0.0,
2026-02-26T04:25:01,02/26/202604:25,20.3,0.0,0.0,51.4,0.0,0.0,0.0,0.0,0.0,198.7,23314.0,44097.0,23.0,8.719999999999999,84.6,29.71,4.986,302.4,0.0,0.0,
2026-02-26T04:26:01,02/26/202604:26,20.3,0.0,0.0,51.410000000000004,0.0,0.0,0.0,0.0,0.0,198.7,23314.0,44097.0,23.0,8.709999999999999,84.8,29.71,5.353,307.2,0.0,0.0,
2026-02-26T04:27:01,02/26/202604:27,20.3,0.0,0.0,51.42,0.0,0.0,0.0,0.0,0.0,198.7,23314.0,44097.0,23.0,8.7,85.0,29.71,5.72,312.0,0.0,0.0,
2026-02-26T04:28:00,02/26/202604:28,20.3,0.0,0.0,51.42999999999999,0.0,0.0,0.0,0.0,0.0,198.7,23314.0,44097.0,23.0,8.7,85.0,29.71,5.72,312.0,0.0,0.0,
2026-02-26T04:29:00,02/26/202604:29,20.3,0.0,0.0,51.42999999999999,0.0,0.0,0.0,0.0,0.0,198.7,23314.0,44097.0,23.0,8.629999999999999,85.0,29.71,5.577,311.7,0.0,0.0,
2026-02-26T04:30:01,02/26/202604:30,20.3,0.0,0.0,51.42999999999999,0.0,0.0,0.0,0.0,0.0,198.7,23314.0,44097.0,23.0,8.559999999999999,85.0,29.71,5.433999999999999,311.4,0.0,0.0,
2026-02-26T04:31:01,02/26/202604:31,20.3,0.0,0.0,51.42,0.0,0.0,0.0,0.0,0.0,198.7,23314.0,44097.0,23.0,8.489999999999998,85.0,29.71,5.2909999999999995,311.1,0.0,0.0,
2026-02-26T04:32:01,02/26/202604:32,20.3,0.0,0.0,51.42,0.0,0.0,0.0,0.0,0.0,198.7,23314.0,44097.0,23.0,8.41,85.0,29.71,5.21,310.8,0.0,0.0,
2026-02-26T04:32:02,02/26/202604:32,20.41,0.0,0.0,51.42,0.0,0.0,0.0,0.0,0.0,198.7,23314.0,44097.0,23.0,8.33,85.0,29.71,5.129,310.5,0.0,0.0,
2026-02-26T04:33:01,02/26/202604:33,20.52,0.0,0.0,51.42,0.0,0.0,0.0,0.0,0.0,198.7,23314.0,44097.0,23.0,8.25,85.0,29.71,5.048,310.2,0.0,0.0,
2026-02-26T04:33:03,02/26/202604:33,20.6,0.0,0.0,51.42,0.0,0.0,0.0,0.0,0.0,198.7,23314.0,44097.0,23.0,8.17,85.0,29.71,4.9670000000000005,309.9,0.0,0.0,
2026-02-26T04:35:14,02/26/202604:35,20.6,0.0,0.0,51.410000000000004,0.0,0.0,0.0,0.0,0.0,198.7,23314.0,44097.0,23.0,8.09,85.0,29.71,4.886,309.6,0.0,0.0,
2026-02-26T04:37:01,02/26/202604:37,20.6,0.0,0.0,51.4,0.0,0.0,0.0,0.0,0.0,198.7,23314.0,44097.0,23.0,8.01,85.0,29.71,4.805,309.3,0.0,0.0,
2026-02-26T04:38:00,02/26/202604:37,20.59,0.0,0.0,51.4,0.0,0.0,0.0,0.0,0.0,198.7,23314.0,44097.0,23.0,7.93,85.0,29.71,4.724,309.0,0.0,0.0,
2026-02-26T04:38:01,02/26/202604:38,20.580000000000002,0.0,0.0,51.4,0.0,0.0,0.0,0.0,0.0,198.7,23314.0,44097.0,23.0,7.92,85.0,29.71,4.786,309.0,0.0,0.0,
2026-02-26T04:38:41,02/26/202604:38,20.580000000000002,0.0,0.0,51.4,0.0,0.0,0.0,0.0,0.0,198.7,23314.0,44097.0,23.0,7.910000000000001,85.0,29.71,4.848000000000001,309.0,0.0,0.0,
2026-02-26T04:39:01,02/26/202604:39,20.580000000000002,0.0,0.0,51.4,0.0,0.0,0.0,0.0,0.0,198.7,23314.0,44097.0,23.0,7.9,85.0,29.71,4.91,309.0,0.0,0.0,
2026-02-26T04:40:01,02/26/202604:40,20.580000000000002,0.0,0.0,51.4,0.0,0.0,0.0,0.0,0.0,198.7,23314.0,44097.0,23.0,7.9,85.0,29.71,4.91,309.0,0.0,0.0,
2026-02-26T04:40:40,02/26/202604:40,20.46,0.0,0.0,51.4,0.0,0.0,0.0,0.0,0.0,198.7,23314.0,44097.0,23.0,7.9,85.0,29.71,4.91,309.0,0.0,0.0,
2026-02-26T04:41:01,02/26/202604:41,20.34,0.0,0.0,51.4,0.0,0.0,0.0,0.0,0.0,198.7,23314.0,44097.0,23.0,7.9,85.0,29.71,4.91,309.0,0.0,0.0,
2026-02-26T04:41:40,02/26/202604:41,20.259999999999998,0.0,0.0,51.4,0.0,0.0,0.0,0.0,0.0,198.7,23314.0,44097.0,23.0,7.9,85.0,29.71,4.91,309.0,0.0,0.0,
2026-02-26T04:42:01,02/26/202604:42,20.259999999999998,0.0,0.0,51.4,0.0,0.0,0.0,0.0,0.0,198.7,23314.0,44097.0,23.0,7.9,85.0,29.71,4.91,309.0,0.0,0.0,
2026-02-26T04:43:01,02/26/202604:43,20.259999999999998,0.0,0.0,51.4,0.0,0.0,0.0,0.0,0.0,198.7,23314.0,44097.0,23.0,7.9,85.0,29.71,4.91,309.0,0.0,0.0,
2026-02-26T04:44:01,02/26/202604:44,20.27,0.0,0.0,51.39,0.0,0.0,0.0,0.0,0.0,198.7,23314.0,44097.0,23.0,7.9,85.0,29.71,4.91,309.0,0.0,0.0,
2026-02-26T04:45:07,02/26/202604:45,20.28,0.0,0.0,51.39,0.0,0.0,0.0,0.0,0.0,198.7,23314.0,44097.0,23.0,7.9,85.0,29.71,4.91,309.0,0.0,0.0,
2026-02-26T04:46:25,02/26/202604:46,20.28,0.0,0.0,51.39,0.0,0.0,0.0,0.0,0.0,198.7,23314.0,44097.0,23.0,7.9,85.2,29.71,4.922,309.6,0.0,0.0,
2026-02-26T04:47:00,02/26/202604:47,20.28,0.0,0.0,51.39,0.0,0.0,0.0,0.0,0.0,198.7,23314.0,44097.0,23.0,7.9,85.4,29.71,4.934,310.2,0.0,0.0,
2026-02-26T04:48:00,02/26/202604:48,20.28,0.0,0.0,51.39,0.0,0.0,0.0,0.0,0.0,198.7,23314.0,44097.0,23.0,7.9,85.6,29.71,4.946,310.8,0.0,0.0,
2026-02-26T04:49:00,02/26/202604:49,20.29,0.0,0.0,51.39,0.0,0.0,0.0,0.0,0.0,198.7,23314.0,44097.0,23.0,7.9,85.8,29.71,4.958,311.4,0.0,0.0,
2026-02-26T04:50:00,02/26/202604:50,20.3,0.0,0.0,51.39,0.0,0.0,0.0,0.0,0.0,198.7,23314.0,44097.0,23.0,7.9,86.0,29.71,4.970000000000001,312.0,0.0,0.0,
2026-02-26T04:51:00,02/26/202604:51,20.3,0.0,0.0,51.39,0.0,0.0,0.0,0.0,0.0,198.7,23314.0,44097.0,23.0,7.9,86.2,29.71,4.982,312.6,0.0,0.0,
2026-02-26T04:52:00,02/26/202604:52,20.3,0.0,0.0,51.39,0.0,0.0,0.0,0.0,0.0,198.7,23314.0,44097.0,23.0,7.9,86.4,29.71,4.994000000000001,313.2,0.0,0.0,
2026-02-26T04:53:27,02/26/202604:53,20.3,0.0,0.0,51.39,0.0,0.0,0.0,0.0,0.0,198.7,23314.0,44097.0,23.0,7.9,86.6,29.71,5.006,313.8,0.0,0.0,
2026-02-26T04:54:00,02/26/202604:54,20.3,0.0,0.0,51.4,0.0,0.0,0.0,0.0,0.0,198.7,23314.0,44097.0,23.0,7.9,86.8,29.71,5.018,314.4,0.0,0.0,
2026-02-26T04:55:00,02/26/202604:55,20.3,0.0,0.0,51.4,0.0,0.0,0.0,0.0,0.0,198.7,23314.0,44097.0,23.0,7.9,87.0,29.71,5.03,315.0,0.0,0.0,
2026-02-26T04:56:00,02/26/202604:56,20.3,0.0,0.0,51.39,0.0,0.0,0.0,0.0,0.0,198.7,23314.0,44097.0,23.0,7.9,87.0,29.71,5.03,315.0,0.0,0.0,
2026-02-26T04:57:35,02/26/202604:57,20.3,0.0,0.0,51.379999999999995,0.0,0.0,0.0,0.0,0.0,198.7,23314.0,44097.0,23.0,7.9,87.0,29.71,5.03,315.0,0.0,0.0,
2026-02-26T04:58:00,02/26/202604:58,20.3,0.0,0.0,51.36999999999999,0.0,0.0,0.0,0.0,0.0,198.7,23314.0,44097.0,23.0,7.9,87.0,29.71,5.03,315.0,0.0,0.0,
2026-02-26T04:59:00,02/26/202604:59,20.3,0.0,0.0,51.36999999999999,0.0,0.0,0.0,0.0,0.0,198.7,23314.0,44097.0,23.0,7.9,87.0,29.71,5.03,315.0,0.0,0.0,
2026-02-26T05:00:00,02/26/202605:00,20.3,0.0,0.0,51.36,0.0,0.0,0.0,0.0,0.0,198.7,23314.0,44097.0,23.0,7.9,87.0,29.71,5.03,315.0,0.0,0.0,
2026-02-26T05:01:00,02/26/202605:01,20.3,0.0,0.0,51.36,0.0,0.0,0.0,0.0,0.0,198.7,23314.0,44097.0,23.0,7.890000000000001,87.1,29.713,5.024,315.9,0.0,0.0,
2026-02-26T05:02:00,02/26/202605:02,20.3,0.0,0.0,51.36,0.0,0.0,0.0,0.0,0.0,198.7,23314.0,44097.0,23.0,7.88,87.2,29.716,5.018,316.8,0.0,0.0,
2026-02-26T05:03:00,02/26/202605:03,20.3,0.0,0.0,51.36,0.0,0.0,0.0,0.0,0.0,198.7,23314.0,44097.0,23.0,7.87,87.3,29.719,5.0120000000000005,317.7,0.0,0.0,
2026-02-26T05:03:43,02/26/202605:03,20.29,0.0,0.0,51.36,0.0,0.0,0.0,0.0,0.0,198.7,23314.0,44097.0,23.0,7.859999999999999,87.4,29.722,5.006,318.6,0.0,0.0,
2026-02-26T05:04:00,02/26/202605:04,20.28,0.0,0.0,51.36,0.0,0.0,0.0,0.0,0.0,198.7,23314.0,44097.0,23.0,7.85,87.5,29.725,5.0,319.5,0.0,0.0,
2026-02-26T05:04:43,02/26/202605:04,20.28,0.0,0.0,51.36,0.0,0.0,0.0,0.0,0.0,198.7,23314.0,44097.0,23.0,7.840000000000001,87.6,29.727999999999998,4.994,320.4,0.0,0.0,
2026-02-26T05:05:00,02/26/202605:05,20.28,0.0,0.0,51.36,0.0,0.0,0.0,0.0,0.0,198.7,23314.0,44097.0,23.0,7.83,87.7,29.731,4.9879999999999995,321.3,0.0,0.0,
2026-02-26T05:06:00,02/26/202605:06,20.28,0.0,0.0,51.36,0.0,0.0,0.0,0.0,0.0,198.7,23314.0,44097.0,23.0,7.82,87.8,29.733999999999998,4.982,322.2,0.0,0.0,
2026-02-26T05:07:00,02/26/202605:07,20.28,0.0,0.0,51.36,0.0,0.0,0.0,0.0,0.0,198.7,23314.0,44097.0,23.0,7.81,87.9,29.737000000000002,4.976,323.1,0.0,0.0,
2026-02-26T05:08:49,02/26/202605:08,20.28,0.0,0.0,51.36999999999999,0.0,0.0,0.0,0.0,0.0,198.7,23314.0,44097.0,23.0,7.8,88.0,29.74,4.97,324.0,0.0,0.0,
2026-02-26T05:09:50,02/26/202605:09,20.28,0.0,0.0,51.36999999999999,0.0,0.0,0.0,0.0,0.0,198.7,23314.0,44097.0,23.0,7.8,88.0,29.74,4.97,324.0,0.0,0.0,
2026-02-26T05:10:00,02/26/202605:10,20.28,0.0,0.0,51.36999999999999,0.0,0.0,0.0,0.0,0.0,198.7,23314.0,44097.0,23.0,7.8,88.0,29.74,4.97,324.0,0.0,0.0,
2026-02-26T05:11:01,02/26/202605:11,20.28,0.0,0.0,51.36,0.0,0.0,0.0,0.0,0.0,198.7,23314.0,44097.0,23.0,7.8,88.0,29.74,4.97,324.0,0.0,0.0,
2026-02-26T05:12:00,02/26/202605:12,20.29,0.0,0.0,51.36,0.0,0.0,0.0,0.0,0.0,198.7,23314.0,44097.0,23.0,7.8,88.0,29.74,4.97,324.0,0.0,0.0,
2026-02-26T05:13:00,02/26/202605:13,20.3,0.0,0.0,51.36,0.0,0.0,0.0,0.0,0.0,198.7,23314.0,44097.0,23.0,7.8,88.0,29.74,4.97,324.0,0.0,0.0,
2026-02-26T05:14:01,02/26/202605:14,20.3,0.0,0.0,51.36999999999999,0.0,0.0,0.0,0.0,0.0,198.7,23314.0,44097.0,23.0,7.8,88.0,29.74,4.97,324.0,0.0,0.0,
2026-02-26T05:15:01,02/26/202605:15,20.3,0.0,0.0,51.36999999999999,0.0,0.0,0.0,0.0,0.0,198.7,23314.0,44097.0,23.0,7.8,88.0,29.74,4.97,324.0,0.0,0.0,
2026-02-26T05:16:01,02/26/202605:16,20.3,0.0,0.0,51.379999999999995,0.0,0.0,0.0,0.0,0.0,198.7,23314.0,44097.0,23.0,7.81,88.1,29.74,4.964,323.7,0.0,0.0,
2026-02-26T05:17:01,02/26/202605:17,20.3,0.0,0.0,51.36999999999999,0.0,0.0,0.0,0.0,0.0,198.7,23314.0,44097.0,23.0,7.82,88.2,29.74,4.958,323.4,0.0,0.0,
2026-02-26T05:17:43,02/26/202605:17,20.29,0.0,0.0,51.36,0.0,0.0,0.0,0.0,0.0,198.7,23314.0,44097.0,23.0,7.83,88.3,29.74,4.952,323.1,0.0,0.0,
2026-02-26T05:18:01,02/26/202605:18,20.28,0.0,0.0,51.35,0.0,0.0,0.0,0.0,0.0,198.7,23314.0,44097.0,23.0,7.840000000000001,88.4,29.74,4.946,322.8,0.0,0.0,
2026-02-26T05:20:00,02/26/202605:19,20.28,0.0,0.0,51.35,0.0,0.0,0.0,0.0,0.0,198.7,23314.0,44097.0,23.0,7.85,88.5,29.74,4.9399999999999995,322.5,0.0,0.0,
2026-02-26T05:20:01,02/26/202605:20,20.28,0.0,0.0,51.36,0.0,0.0,0.0,0.0,0.0,198.7,23314.0,44097.0,23.0,7.859999999999999,88.6,29.74,4.934,322.2,0.0,0.0,
2026-02-26T05:21:01,02/26/202605:21,20.28,0.0,0.0,51.35,0.0,0.0,0.0,0.0,0.0,198.7,23314.0,44097.0,23.0,7.87,88.7,29.74,4.928,321.9,0.0,0.0,
2026-02-26T05:22:00,02/26/202605:22,20.28,0.0,0.0,51.35,0.0,0.0,0.0,0.0,0.0,198.7,23314.0,44097.0,23.0,7.88,88.8,29.74,4.922,321.6,0.0,0.0,
2026-02-26T05:23:00,02/26/202605:23,20.28,0.0,0.0,51.339999999999996,0.0,0.0,0.0,0.0,0.0,198.7,23314.0,44097.0,23.0,7.890000000000001,88.9,29.74,4.916,321.3,0.0,0.0,
2026-02-26T05:24:01,02/26/202605:24,20.28,0.0,0.0,51.35,0.0,0.0,0.0,0.0,0.0,198.7,23314.0,44097.0,23.0,7.9,89.0,29.74,4.91,321.0,0.0,0.0,
2026-02-26T05:25:01,02/26/202605:25,20.28,0.0,0.0,51.339999999999996,0.0,0.0,0.0,0.0,0.0,198.7,23314.0,44097.0,23.0,7.9,89.0,29.74,4.91,321.0,0.0,0.0,
2026-02-26T05:26:01,02/26/202605:26,20.28,0.0,0.0,51.339999999999996,0.0,0.0,0.0,0.0,0.0,198.7,23314.0,44097.0,23.0,7.9,89.0,29.74,4.91,321.0,0.0,0.0,
2026-02-26T05:27:01,02/26/202605:27,20.29,0.0,0.0,51.339999999999996,0.0,0.0,0.0,0.0,0.0,198.7,23314.0,44097.0,23.0,7.9,89.0,29.74,4.91,321.0,0.0,0.0,
2026-02-26T05:28:01,02/26/202605:28,20.3,0.0,0.0,51.339999999999996,0.0,0.0,0.0,0.0,0.0,198.7,23314.0,44097.0,23.0,7.860000000000001,89.0,29.74,4.91,321.0,0.0,0.0,
2026-02-26T05:31:11,02/26/202605:31,20.3,0.0,0.0,51.33,0.0,0.0,0.0,0.0,0.0,198.7,23314.0,44097.0,23.0,7.860000000000001,89.0,29.74,5.171,321.9,0.0,0.0,
2026-02-26T05:32:01,02/26/202605:32,20.3,0.0,0.0,51.31999999999999,0.0,0.0,0.0,0.0,0.0,198.7,23314.0,44097.0,23.0,7.860000000000001,88.9,29.74,5.432,322.8,0.0,0.0,
2026-02-26T05:32:54,02/26/202605:32,20.29,0.0,0.0,51.31999999999999,0.0,0.0,0.0,0.0,0.0,198.7,23314.0,44097.0,23.0,7.860000000000001,88.8,29.74,5.693,323.7,0.0,0.0,
2026-02-26T05:33:00,02/26/202605:33,20.28,0.0,0.0,51.31,0.0,0.0,0.0,0.0,0.0,198.7,23314.0,44097.0,23.0,7.860000000000001,88.7,29.74,5.954,324.6,0.0,0.0,
2026-02-26T05:33:54,02/26/202605:33,20.28,0.0,0.0,51.31,0.0,0.0,0.0,0.0,0.0,198.7,23314.0,44097.0,23.0,7.860000000000001,88.6,29.74,6.215,325.5,0.0,0.0,
2026-02-26T05:34:01,02/26/202605:34,20.28,0.0,0.0,51.3,0.0,0.0,0.0,0.0,0.0,198.7,23314.0,44097.0,23.0,7.860000000000001,88.5,29.74,6.475999999999999,326.4,0.0,0.0,
2026-02-26T05:34:54,02/26/202605:34,20.27,0.0,0.0,51.3,0.0,0.0,0.0,0.0,0.0,198.7,23314.0,44097.0,23.0,7.860000000000001,88.4,29.74,6.737,327.3,0.0,0.0,
2026-02-26T05:35:01,02/26/202605:35,20.259999999999998,0.0,0.0,51.3,0.0,0.0,0.0,0.0,0.0,198.7,23314.0,44097.0,23.0,7.860000000000001,88.3,29.74,6.997999999999999,328.2,0.0,0.0,
2026-02-26T05:35:44,02/26/202605:35,20.259999999999998,0.0,0.0,51.3,0.0,0.0,0.0,0.0,0.0,198.7,23314.0,44097.0,23.0,7.860000000000001,88.2,29.74,7.259,329.1,0.0,0.0,
2026-02-26T05:36:01,02/26/202605:36,20.259999999999998,0.0,0.0,51.3,0.0,0.0,0.0,0.0,0.0,198.7,23314.0,44097.0,23.0,7.9,88.1,29.74,7.519999999999999,330.0,0.0,0.0,
2026-02-26T05:37:01,02/26/202605:37,20.259999999999998,0.0,0.0,51.3,0.0,0.0,0.0,0.0,0.0,198.7,23314.0,44097.0,23.0,7.9,88.0,29.74,7.519999999999999,330.0,0.0,0.0,
2026-02-26T05:38:00,02/26/202605:38,20.259999999999998,0.0,0.0,51.3,0.0,0.0,0.0,0.0,0.0,198.7,23314.0,44097.0,23.0,7.9,88.0,29.74,7.519999999999999,330.0,0.0,0.0,
2026-02-26T05:38:44,02/26/202605:38,20.259999999999998,0.0,0.0,51.3,0.0,0.0,0.0,0.0,0.0,198.7,23314.0,44097.0,23.0,7.9,88.0,29.74,7.519999999999999,330.0,0.0,0.0,
2026-02-26T05:39:01,02/26/202605:39,20.259999999999998,0.0,0.0,51.3,0.0,0.0,0.0,0.0,0.0,198.7,23314.0,44097.0,23.0,7.9,88.0,29.74,7.519999999999999,330.0,0.0,0.0,
2026-02-26T05:39:44,02/26/202605:39,20.259999999999998,0.0,0.0,51.29,0.0,0.0,0.0,0.0,0.0,198.7,23314.0,44097.0,23.0,7.9,88.0,29.74,7.519999999999999,330.0,0.0,0.0,
2026-02-26T05:40:01,02/26/202605:40,20.259999999999998,0.0,0.0,51.279999999999994,0.0,0.0,0.0,0.0,0.0,198.7,23314.0,44097.0,23.0,7.9,88.0,29.74,7.519999999999999,330.0,0.0,0.0,
2026-02-26T05:41:01,02/26/202605:41,20.27,0.0,0.0,51.27,0.0,0.0,0.0,0.0,0.0,198.7,23314.0,44097.0,23.0,7.9,88.0,29.74,7.519999999999999,330.0,0.0,0.0,
2026-02-26T05:42:19,02/26/202605:42,20.28,0.0,0.0,51.27,0.0,0.0,0.0,0.0,0.0,198.7,23314.0,44097.0,23.0,7.9,88.0,29.74,7.519999999999999,330.0,0.0,0.0,
2026-02-26T05:43:27,02/26/202605:43,20.28,0.0,0.0,51.27,0.0,0.0,0.0,0.0,0.0,198.7,23314.0,44097.0,23.0,7.9,88.0,29.74,7.519999999999999,330.0,0.0,0.0,
2026-02-26T05:44:00,02/26/202605:44,20.28,0.0,0.0,51.27,0.0,0.0,0.0,0.0,0.0,198.7,23314.0,44097.0,23.0,7.9,88.0,29.74,7.519999999999999,330.0,0.0,0.0,
2026-02-26T05:44:27,02/26/202605:44,20.27,0.0,0.0,51.27,0.0,0.0,0.0,0.0,0.0,198.7,23314.0,44097.0,23.0,7.9,88.0,29.74,7.519999999999999,330.0,0.0,0.0,
2026-02-26T05:45:01,02/26/202605:45,20.259999999999998,0.0,0.0,51.27,0.0,0.0,0.0,0.0,0.0,198.7,23314.0,44097.0,23.0,7.9,88.0,29.74,7.519999999999999,330.0,0.0,0.0,
2026-02-26T05:45:28,02/26/202605:45,20.27,0.0,0.0,51.27,0.0,0.0,0.0,0.0,0.0,198.7,23314.0,44097.0,23.0,7.9,88.0,29.74,7.519999999999999,330.0,0.0,0.0,
2026-02-26T05:46:01,02/26/202605:46,20.28,0.0,0.0,51.27,0.0,0.0,0.0,0.0,0.0,198.7,23314.0,44097.0,23.0,7.9,88.0,29.74,7.519999999999999,330.0,0.0,0.0,
2026-02-26T05:46:26,02/26/202605:46,20.27,0.0,0.0,51.279999999999994,0.0,0.0,0.0,0.0,0.0,198.7,23314.0,44097.0,23.0,7.9,87.9,29.74,7.469999999999999,329.9,0.0,0.0,
2026-02-26T05:47:01,02/26/202605:47,20.259999999999998,0.0,0.0,51.29,0.0,0.0,0.0,0.0,0.0,198.7,23314.0,44097.0,23.0,7.9,87.8,29.74,7.419999999999999,329.8,0.0,0.0,
2026-02-26T05:48:00,02/26/202605:48,20.25,0.0,0.0,51.3,0.0,0.0,0.0,0.0,0.0,198.7,23314.0,44097.0,23.0,7.9,87.7,29.74,7.369999999999999,329.7,0.0,0.0,
2026-02-26T05:49:01,02/26/202605:49,20.240000000000002,0.0,0.0,51.3,0.0,0.0,0.0,0.0,0.0,198.7,23314.0,44097.0,23.0,7.9,87.6,29.74,7.3199999999999985,329.6,0.0,0.0,
2026-02-26T05:49:27,02/26/202605:49,20.240000000000002,0.0,0.0,51.3,0.0,0.0,0.0,0.0,0.0,198.7,23314.0,44097.0,23.0,7.9,87.5,29.74,7.269999999999999,329.5,0.0,0.0,
2026-02-26T05:50:00,02/26/202605:50,20.240000000000002,0.0,0.0,51.3,0.0,0.0,0.0,0.0,0.0,198.7,23314.0,44097.0,23.0,7.9,87.4,29.74,7.219999999999999,329.4,0.0,0.0,
2026-02-26T05:50:27,02/26/202605:50,20.240000000000002,0.0,0.0,51.29,0.0,0.0,0.0,0.0,0.0,198.7,23314.0,44097.0,23.0,7.9,87.3,29.74,7.169999999999999,329.3,0.0,0.0,
2026-02-26T05:51:01,02/26/202605:51,20.240000000000002,0.0,0.0,51.279999999999994,0.0,0.0,0.0,0.0,0.0,198.7,23314.0,44097.0,23.0,7.9,87.2,29.74,7.119999999999999,329.2,0.0,0.0,
2026-02-26T05:52:01,02/26/202605:52,20.23,0.0,0.0,51.279999999999994,0.0,0.0,0.0,0.0,0.0,198.7,23314.0,44097.0,23.0,7.9,87.1,29.74,7.0699999999999985,329.1,0.0,0.0,
2026-02-26T05:53:32,02/26/202605:53,20.23,0.0,0.0,51.279999999999994,0.0,0.0,0.0,0.0,0.0,198.7,23314.0,44097.0,23.0,7.9,87.0,29.74,7.019999999999999,329.0,0.0,0.0,
2026-02-26T05:54:01,02/26/202605:54,20.240000000000002,0.0,0.0,51.279999999999994,0.0,0.0,0.0,0.0,0.0,198.7,23314.0,44097.0,23.0,7.9,87.0,29.74,7.019999999999999,329.0,0.0,0.0,
2026-02-26T05:55:01,02/26/202605:55,20.25,0.0,0.0,51.279999999999994,0.0,0.0,0.0,0.0,0.0,198.7,23314.0,44097.0,23.0,7.9,87.0,29.74,7.019999999999999,329.0,0.0,0.0,
2026-02-26T05:55:27,02/26/202605:55,20.25,0.0,0.0,51.279999999999994,0.0,0.0,0.0,0.0,0.0,198.7,23314.0,44097.0,23.0,7.9,87.0,29.74,7.019999999999999,329.0,0.0,0.0,
2026-02-26T05:56:00,02/26/202605:56,20.25,0.0,0.0,51.279999999999994,0.0,0.0,0.0,0.0,0.0,198.7,23314.0,44097.0,23.0,7.9,87.0,29.74,7.019999999999999,329.0,0.0,0.0,
2026-02-26T05:57:28,02/26/202605:57,20.240000000000002,0.0,0.0,51.27,0.0,0.0,0.0,0.0,0.0,198.7,23314.0,44097.0,23.0,7.9,87.0,29.74,7.019999999999999,329.0,0.0,0.0,
2026-02-26T05:58:01,02/26/202605:58,20.23,0.0,0.0,51.260000000000005,0.0,0.0,0.0,0.0,0.0,198.7,23314.0,44097.0,23.0,7.9,87.0,29.74,7.019999999999999,329.0,0.0,0.0,
2026-02-26T05:59:00,02/26/202605:59,20.23,0.0,0.0,51.27,0.0,0.0,0.0,0.0,0.0,198.7,23314.0,44097.0,23.0,7.9,87.0,29.74,7.019999999999999,329.0,0.0,0.0,
2026-02-26T06:00:01,02/26/202606:00,20.23,0.0,0.0,51.279999999999994,0.0,0.0,0.0,0.0,0.0,198.7,23314.0,44097.0,23.0,7.9,87.0,29.74,7.019999999999999,329.0,0.0,0.0,
2026-02-26T06:01:01,02/26/202606:01,20.23,0.0,0.0,51.27,0.0,0.0,0.0,0.0,0.0,198.7,23314.0,44097.0,23.0,7.9,87.0,29.74,7.019999999999999,329.0,0.0,0.0,
2026-02-26T06:02:01,02/26/202606:02,20.22,0.0,0.0,51.27,0.0,0.0,0.0,0.0,0.0,198.7,23314.0,44097.0,23.0,7.88,86.9,29.74,6.927,329.3,0.0,0.0,
2026-02-26T06:02:12,02/26/202606:02,20.2,0.0,0.0,51.27,0.0,0.0,0.0,0.0,0.0,198.7,23314.0,44097.0,23.0,7.860000000000001,86.8,29.74,6.8340000000000005,329.6,0.0,0.0,
2026-02-26T06:03:01,02/26/202606:03,20.18,0.0,0.0,51.27,0.0,0.0,0.0,0.0,0.0,198.7,23314.0,44097.0,23.0,7.840000000000001,86.7,29.74,6.741,329.9,0.0,0.0,
2026-02-26T06:03:11,02/26/202606:03,20.18,0.0,0.0,51.27,0.0,0.0,0.0,0.0,0.0,198.7,23314.0,44097.0,23.0,7.82,86.6,29.74,6.647999999999999,330.2,0.0,0.0,
2026-02-26T06:04:44,02/26/202606:04,20.18,0.0,0.0,51.27,0.0,0.0,0.0,0.0,0.0,198.7,23314.0,44097.0,23.0,7.8,86.5,29.74,6.555,330.5,0.0,0.0,
2026-02-26T06:05:00,02/26/202606:05,20.18,0.0,0.0,51.279999999999994,0.0,0.0,0.0,0.0,0.0,198.7,23314.0,44097.0,23.0,7.779999999999999,86.4,29.74,6.462000000000001,330.8,0.0,0.0,
2026-02-26T06:06:01,02/26/202606:06,20.18,0.0,0.0,51.279999999999994,0.0,0.0,0.0,0.0,0.0,198.7,23314.0,44097.0,23.0,7.760000000000001,86.3,29.74,6.369,331.1,0.0,0.0,
2026-02-26T06:07:00,02/26/202606:07,20.18,0.0,0.0,51.279999999999994,0.0,0.0,0.0,0.0,0.0,198.7,23314.0,44097.0,23.0,7.74,86.2,29.74,6.276,331.4,0.0,0.0,
2026-02-26T06:08:00,02/26/202606:08,20.18,0.0,0.0,51.279999999999994,0.0,0.0,0.0,0.0,0.0,198.7,23314.0,44097.0,23.0,7.720000000000001,86.1,29.74,6.183,331.7,0.0,0.0,
2026-02-26T06:09:00,02/26/202606:09,20.18,0.0,0.0,51.29,0.0,0.0,0.0,0.0,0.0,198.7,23314.0,44097.0,23.0,7.7,86.0,29.74,6.09,332.0,0.0,0.0,
2026-02-26T06:09:26,02/26/202606:09,20.19,0.0,0.0,51.29,0.0,0.0,0.0,0.0,0.0,198.7,23314.0,44097.0,23.0,7.7,86.0,29.74,6.09,332.0,0.0,0.0,
2026-02-26T06:10:00,02/26/202606:10,20.21,0.0,0.0,51.29,0.0,0.0,0.0,0.0,0.0,198.7,23314.0,44097.0,23.0,7.7,86.0,29.74,6.09,332.0,0.0,0.0,
2026-02-26T06:10:25,02/26/202606:10,20.22,0.0,0.0,51.279999999999994,0.0,0.0,0.0,0.0,0.0,198.7,23314.0,44097.0,23.0,7.7,86.0,29.74,6.09,332.0,0.0,0.0,
2026-02-26T06:11:01,02/26/202606:11,20.22,0.0,0.0,51.27,0.0,0.0,0.0,0.0,0.0,198.7,23314.0,44097.0,23.0,7.7,86.0,29.74,6.09,332.0,0.0,0.0,
2026-02-26T06:12:00,02/26/202606:12,20.22,0.0,0.0,51.260000000000005,0.0,0.0,0.0,0.0,0.0,198.7,23314.0,44097.0,23.0,7.7,86.0,29.74,6.09,332.0,0.0,0.0,
2026-02-26T06:13:01,02/26/202606:13,20.22,0.0,0.0,51.260000000000005,0.0,0.0,0.0,0.0,0.0,198.7,23314.0,44097.0,23.0,7.7,86.0,29.74,6.09,332.0,0.0,0.0,
2026-02-26T06:14:00,02/26/202606:14,20.22,0.0,0.0,51.27,0.0,0.0,0.0,0.0,0.0,198.7,23314.0,44097.0,23.0,7.7,86.0,29.74,6.09,332.0,0.0,0.0,
2026-02-26T06:15:53,02/26/202606:15,20.22,0.0,0.0,51.27,0.0,0.0,0.0,0.0,0.0,198.7,23314.0,44097.0,23.0,7.7,86.0,29.74,6.09,332.0,0.0,0.0,
2026-02-26T06:16:01,02/26/202606:16,20.22,0.0,0.0,51.27,0.0,0.0,0.0,0.0,0.0,198.7,23314.0,44097.0,23.0,7.7,86.0,29.74,6.09,332.0,0.0,0.0,
2026-02-26T06:17:01,02/26/202606:17,20.22,0.0,0.0,51.260000000000005,0.0,0.0,0.0,0.0,0.0,198.7,23314.0,44097.0,23.0,7.659999999999999,86.0,29.743000000000002,5.835,331.3,0.0,0.0,
2026-02-26T06:17:10,02/26/202606:17,20.22,0.0,0.0,51.25,0.0,0.0,0.0,0.0,0.0,198.7,23314.0,44097.0,23.0,7.62,86.0,29.746,5.58,330.6,0.0,0.0,
2026-02-26T06:18:01,02/26/202606:18,20.22,0.0,0.0,51.239999999999995,0.0,0.0,0.0,0.0,0.0,198.7,23314.0,44097.0,23.0,7.58,86.0,29.749000000000002,5.325,329.9,0.0,0.0,
2026-02-26T06:18:10,02/26/202606:18,20.22,0.0,0.0,51.25,0.0,0.0,0.0,0.0,0.0,198.7,23314.0,44097.0,23.0,7.540000000000001,86.0,29.752,5.07,329.2,0.0,0.0,
2026-02-26T06:19:00,02/26/202606:19,20.22,0.0,0.0,51.260000000000005,0.0,0.0,0.0,0.0,0.0,198.7,23314.0,44097.0,23.0,7.5,86.0,29.755000000000003,4.8149999999999995,328.5,0.0,0.0,
2026-02-26T06:20:00,02/26/202606:20,20.22,0.0,0.0,51.260000000000005,0.0,0.0,0.0,0.0,0.0,198.7,23314.0,44097.0,23.0,7.459999999999999,86.0,29.758,4.5600000000000005,327.8,0.0,0.0,
2026-02-26T06:20:10,02/26/202606:20,20.23,0.0,0.0,51.260000000000005,0.0,0.0,0.0,0.0,0.0,198.7,23314.0,44097.0,23.0,7.42,86.0,29.761000000000003,4.305,327.1,0.0,0.0,
2026-02-26T06:21:01,02/26/202606:21,20.240000000000002,0.0,0.0,51.260000000000005,0.0,0.0,0.0,0.0,0.0,198.7,23314.0,44097.0,23.0,7.38,86.0,29.764,4.05,326.4,0.0,0.0,
2026-02-26T06:22:01,02/26/202606:22,20.25,0.0,0.0,51.260000000000005,0.0,0.0,0.0,0.0,0.0,198.7,23314.0,44097.0,23.0,7.340000000000001,86.0,29.767000000000003,3.7950000000000004,325.7,0.0,0.0,
2026-02-26T06:23:01,02/26/202606:23,20.259999999999998,0.0,0.0,51.25,0.0,0.0,0.0,0.0,0.0,198.7,23314.0,44097.0,23.0,7.3,86.0,29.77,3.54,325.0,0.0,0.0,
2026-02-26T06:24:00,02/26/202606:24,20.27,0.0,0.0,51.25,0.0,0.0,0.0,0.0,0.0,198.7,23314.0,44097.0,23.0,7.3,86.0,29.77,3.54,325.0,0.0,0.0,
2026-02-26T06:25:00,02/26/202606:25,20.27,0.0,0.0,51.260000000000005,0.0,0.0,0.0,0.0,0.0,198.7,23314.0,44097.0,23.0,7.3,86.0,29.77,3.54,325.0,0.0,0.0,
2026-02-26T06:27:04,02/26/202606:27,20.27,0.0,0.0,51.27,0.0,0.0,0.0,0.0,0.0,198.7,23314.0,44097.0,23.0,7.3,86.0,29.77,3.54,325.0,0.0,0.0,
2026-02-26T06:27:27,02/26/202606:27,20.29,0.0,0.0,51.260000000000005,0.0,0.0,0.0,0.0,0.0,198.7,23314.0,44097.0,23.0,7.3,86.0,29.77,3.54,325.0,0.0,0.0,
2026-02-26T06:28:01,02/26/202606:28,20.31,0.0,0.0,51.25,0.0,0.0,0.0,0.0,0.0,198.7,23314.0,44097.0,23.0,7.3,86.0,29.77,3.54,325.0,0.0,0.0,
2026-02-26T06:29:00,02/26/202606:29,20.330000000000002,0.0,0.0,51.25,0.0,0.0,0.0,0.0,0.0,198.7,23314.0,44097.0,23.0,7.340000000000001,86.0,29.77,3.478,327.6,0.0,0.0,
2026-02-26T06:29:27,02/26/202606:29,20.35,0.0,0.0,51.25,0.0,0.0,0.0,0.0,0.0,198.7,23314.0,44097.0,23.0,7.38,86.0,29.77,3.7270000000000003,330.7,0.0,0.0,
2026-02-26T06:30:00,02/26/202606:30,20.369999999999997,0.0,0.0,51.25,0.0,0.0,0.0,0.0,0.0,198.7,23314.0,44097.0,23.0,7.42,86.0,29.77,3.976,333.8,0.0,0.0,
2026-02-26T06:31:01,02/26/202606:31,20.39,0.0,0.0,51.239999999999995,0.0,0.0,0.0,0.0,0.0,198.7,23314.0,44097.0,23.0,7.45,85.7,29.767000000000003,4.206,337.1,0.0,0.0,
2026-02-26T06:31:27,02/26/202606:31,20.419999999999998,0.0,0.0,51.239999999999995,0.0,0.0,0.0,0.0,0.0,198.7,23314.0,44097.0,23.0,7.4799999999999995,85.4,29.764,4.436,340.4,0.0,0.0,
2026-02-26T06:32:01,02/26/202606:32,20.45,0.0,0.0,51.239999999999995,0.0,0.0,0.0,0.0,0.0,198.7,23314.0,44097.0,23.0,7.51,85.1,29.761000000000003,4.6659999999999995,343.7,0.0,0.0,
2026-02-26T06:32:28,02/26/202606:32,20.490000000000002,0.0,0.0,51.23,0.0,0.0,0.0,0.0,0.0,198.7,23314.0,44097.0,23.0,7.540000000000001,84.8,29.758,4.896,347.0,0.0,0.0,
2026-02-26T06:33:01,02/26/202606:33,20.53,0.0,0.0,51.220000000000006,0.0,0.0,0.0,0.0,0.0,198.7,23314.0,44097.0,23.0,7.57,84.5,29.755000000000003,5.1259999999999994,350.3,0.0,0.0,
2026-02-26T06:33:27,02/26/202606:33,20.580000000000002,0.0,0.0,51.220000000000006,0.0,0.0,0.0,0.0,0.0,198.7,23314.0,44097.0,23.0,7.6,84.2,29.752,5.356,353.6,0.0,0.0,
2026-02-26T06:34:01,02/26/202606:34,20.630000000000003,0.0,0.0,51.220000000000006,0.0,0.0,0.0,0.0,0.0,198.7,23314.0,44097.0,23.0,7.63,83.9,29.749000000000002,5.586,356.9,0.0,0.0,
2026-02-26T06:34:27,02/26/202606:34,20.69,0.0,0.0,51.220000000000006,0.0,0.0,0.0,0.0,0.0,198.7,23314.0,44097.0,23.0,7.62,83.6,29.746,5.878,357.6,0.0,0.0,
2026-02-26T06:35:01,02/26/202606:35,20.740000000000002,0.0,0.0,51.21,0.0,0.0,0.0,0.0,0.0,198.7,23314.0,44097.0,23.0,7.609999999999999,83.3,29.743000000000002,5.859,357.8,0.0,0.0,
2026-02-26T06:35:27,02/26/202606:35,20.81,0.0,0.0,51.2,0.0,0.0,0.0,0.0,0.0,198.7,23314.0,44097.0,23.0,7.6,83.0,29.74,5.84,358.0,0.0,0.0,
2026-02-26T06:36:00,02/26/202606:36,20.880000000000003,0.0,0.0,51.2,0.0,0.0,0.0,0.0,0.0,198.7,23314.0,44097.0,23.0,7.6,83.0,29.74,5.84,358.0,0.0,0.0,
2026-02-26T06:36:28,02/26/202606:36,20.97,0.0,0.0,51.2,0.0,0.0,0.0,0.0,0.0,198.7,23314.0,44097.0,23.0,7.6,83.0,29.74,5.84,358.0,0.0,0.0,
2026-02-26T06:38:17,02/26/202606:38,21.09,0.0,0.0,51.2,0.0,0.0,0.0,0.0,0.0,198.7,23314.0,44097.0,23.0,7.6,83.0,29.74,5.84,358.0,0.0,0.0,
2026-02-26T06:38:27,02/26/202606:38,21.25,0.0,0.0,51.2,0.0,0.0,0.0,0.0,0.0,198.7,23314.0,44097.0,23.0,7.6,83.0,29.74,5.84,358.0,0.0,0.0,
2026-02-26T06:39:01,02/26/202606:39,21.41,0.0,0.0,51.2,0.0,0.0,0.0,0.0,0.0,198.7,23314.0,44097.0,23.0,7.6,83.0,29.74,5.84,358.0,0.0,0.0,
2026-02-26T06:39:28,02/26/202606:39,21.61,0.0,0.0,51.2,0.0,0.0,0.0,0.0,0.0,198.7,23314.0,44097.0,23.0,7.6,83.0,29.74,5.84,358.0,0.0,0.0,
2026-02-26T06:40:00,02/26/202606:40,21.81,0.0,0.0,51.2,0.0,0.0,0.0,0.0,0.0,198.7,23314.0,44097.0,23.0,7.6,83.0,29.74,5.84,358.0,0.0,0.0,
2026-02-26T06:40:27,02/26/202606:40,22.07,0.0,0.0,51.2,0.0,0.0,0.0,0.0,0.0,198.7,23314.0,44097.0,23.0,7.6,83.0,29.74,5.84,358.0,0.0,0.0,
2026-02-26T06:40:50,02/26/202606:40,22.36,0.0,0.0,51.2,0.0,0.0,0.0,0.0,0.0,198.7,23314.0,44097.0,23.0,7.6,83.0,29.74,5.84,358.0,0.0,0.0,
2026-02-26T06:41:01,02/26/202606:41,22.630000000000003,0.0,0.0,51.2,0.0,0.0,0.0,0.0,0.0,198.7,23314.0,44097.0,23.0,7.6,83.0,29.74,5.84,358.0,0.0,0.0,
2026-02-26T06:41:49,02/26/202606:41,23.02,0.0,0.0,51.2,0.0,0.0,0.0,0.0,0.0,198.7,23314.0,44097.0,23.0,7.6,83.0,29.74,5.84,358.0,0.0,0.0,
2026-02-26T06:42:00,02/26/202606:42,23.380000000000003,0.0,0.0,51.2,0.0,0.0,0.0,0.0,0.0,198.7,23314.0,44097.0,23.0,7.6,83.0,29.74,5.84,358.0,0.0,0.0,
2026-02-26T06:42:49,02/26/202606:42,23.94,0.0,0.0,51.2,0.0,0.0,0.0,0.0,0.0,198.7,23314.0,44097.0,23.0,7.6,83.0,29.74,5.84,358.0,0.0,0.0,
2026-02-26T06:43:01,02/26/202606:43,24.45,0.0,0.0,51.2,0.0,0.0,0.0,0.0,0.0,198.7,23314.0,44097.0,23.0,7.6,83.0,29.74,5.84,358.0,0.0,0.0,
2026-02-26T06:43:49,02/26/202606:43,25.28,0.0,0.0,51.21,0.0,0.0,0.0,0.0,0.0,198.7,23314.0,44097.0,23.0,7.6,83.0,29.74,5.84,358.0,0.0,0.0,
2026-02-26T06:44:01,02/26/202606:44,26.05,0.0,0.0,51.220000000000006,0.0,0.0,0.0,0.0,0.0,198.7,23314.0,44097.0,23.0,7.6,83.0,29.74,5.84,358.0,0.0,0.0,
2026-02-26T06:44:49,02/26/202606:44,27.23,0.0,0.0,51.220000000000006,0.0,0.0,0.0,0.0,0.0,198.7,23314.0,44097.0,23.0,7.6,83.0,29.74,5.84,358.0,0.0,0.0,
2026-02-26T06:45:00,02/26/202606:45,28.339999999999996,0.0,0.0,51.220000000000006,0.0,0.0,0.0,0.0,0.0,198.7,23314.0,44097.0,23.0,7.6,83.0,29.74,5.84,358.0,0.0,0.0,
2026-02-26T06:45:50,02/26/202606:45,29.96,0.0,0.0,51.220000000000006,0.0,0.0,0.0,0.0,0.0,198.7,23314.0,44097.0,23.0,7.609999999999999,83.1,29.74,5.971,322.6,0.0,0.0,
2026-02-26T06:46:01,02/26/202606:46,31.580000000000002,0.0,0.0,51.220000000000006,0.0,0.0,0.0,0.0,0.0,198.7,23314.0,44097.0,23.0,7.62,83.2,29.74,6.101999999999999,287.2,0.0,0.0,
2026-02-26T06:46:50,02/26/202606:46,33.730000000000004,0.0,0.0,51.220000000000006,0.0,0.0,0.0,0.0,0.0,198.7,23314.0,44097.0,23.0,7.63,83.3,29.74,6.233,251.8,0.0,0.0,
2026-02-26T06:47:01,02/26/202606:47,35.88,0.0,0.0,51.220000000000006,0.0,0.0,0.0,0.0,0.0,198.7,23314.0,44097.0,23.0,7.640000000000001,83.4,29.74,6.364,216.4,0.0,0.0,
2026-02-26T06:47:49,02/26/202606:47,38.440000000000005,0.0,0.0,51.220000000000006,0.0,0.0,0.0,0.0,0.0,198.7,23314.0,44097.0,23.0,7.65,83.5,29.74,6.495,181.0,0.0,0.0,
2026-02-26T06:48:00,02/26/202606:48,41.0,0.0,0.0,51.220000000000006,0.0,0.0,0.0,0.0,0.0,198.7,23314.0,44097.0,23.0,7.659999999999999,83.6,29.74,6.626,145.6,0.0,0.0,
2026-02-26T06:49:26,02/26/202606:49,43.24,0.0,0.0,51.21,0.0,0.0,0.0,0.0,0.0,198.7,23314.0,44097.0,23.0,7.67,83.7,29.74,6.757000000000001,110.2,0.0,0.0,
2026-02-26T06:49:49,02/26/202606:49,45.47,0.0,0.0,51.2,0.0,0.0,0.0,0.0,0.0,198.7,23314.0,44097.0,23.0,7.68,83.8,29.74,6.888,74.8,0.0,0.0,
2026-02-26T06:50:01,02/26/202606:50,47.29,0.0,0.0,51.2,0.0,0.0,0.0,0.0,0.0,198.7,23314.0,44097.0,23.0,7.69,83.9,29.74,7.019,39.4,0.0,0.0,
2026-02-26T06:50:49,02/26/202606:50,49.12,0.0,0.0,51.2,0.0,0.0,0.0,0.0,0.0,198.7,23314.0,44097.0,23.0,7.7,84.0,29.74,7.15,4.0,0.0,0.0,
2026-02-26T06:51:00,02/26/202606:51,50.410000000000004,0.0,0.0,51.2,0.0,0.0,0.0,0.0,0.0,198.7,23314.0,44097.0,23.0,7.7,84.0,29.74,7.15,4.0,0.0,0.0,
2026-02-26T06:52:01,02/26/202606:52,51.7,0.0,0.0,51.2,0.0,0.0,0.0,0.0,0.0,198.7,23314.0,44097.0,23.0,7.7,84.0,29.74,7.15,4.0,0.0,0.0,
2026-02-26T06:53:01,02/26/202606:53,52.339999999999996,0.0,0.0,51.2,0.0,0.0,0.0,0.0,0.0,198.7,23314.0,44097.0,23.0,7.7,84.0,29.74,7.15,4.0,0.0,0.0,
2026-02-26T06:54:01,02/26/202606:54,52.98,0.0,0.0,51.2,0.0,0.0,0.0,0.0,0.0,198.7,23314.0,44097.0,23.0,7.7,84.0,29.74,7.15,4.0,0.0,0.0,
2026-02-26T06:55:01,02/26/202606:55,52.98,0.0,0.0,51.2,0.0,0.0,0.0,0.0,0.0,198.7,23314.0,44097.0,23.0,7.7,84.0,29.74,7.15,4.0,0.0,0.0,
2026-02-26T06:55:49,02/26/202606:55,52.989999999999995,0.0,0.0,51.2,0.0,0.0,0.0,0.0,0.0,198.7,23314.0,44097.0,23.0,7.7,84.0,29.74,7.15,4.0,0.0,0.0,
2026-02-26T06:56:00,02/26/202606:56,53.0,0.0,0.0,51.2,0.0,0.0,0.0,0.0,0.0,198.7,23314.0,44097.0,23.0,7.7,84.0,29.74,7.15,4.0,0.0,0.0,
2026-02-26T06:57:01,02/26/202606:57,53.02,0.0,0.0,51.2,0.0,0.0,0.0,0.0,0.0,198.7,23314.0,44097.0,23.0,7.7,84.0,29.74,7.15,4.0,0.0,0.0,
2026-02-26T06:58:01,02/26/202606:58,53.04,0.0,0.0,51.2,0.0,0.0,0.0,0.0,0.0,198.7,23314.0,44097.0,23.0,7.7,84.0,29.74,7.15,4.0,0.0,0.0,
2026-02-26T06:59:01,02/26/202606:59,53.05,0.0,0.0,51.2,0.0,0.0,0.0,0.0,0.0,198.7,23314.0,44097.0,23.0,7.7,84.0,29.74,7.15,4.0,0.0,0.0,
2026-02-26T07:00:37,02/26/202607:00,53.06,0.0,0.0,51.2,0.0,0.0,0.0,0.0,0.0,198.7,23314.0,44097.0,23.0,7.7,84.0,29.74,7.15,4.0,0.0,0.0,
2026-02-26T07:00:49,02/26/202607:00,53.08,0.0,0.0,51.2,0.0,0.0,0.0,0.0,0.0,198.7,23314.0,44097.0,23.0,7.720000000000001,84.0,29.743000000000002,7.2620000000000005,3.8,0.0,0.0,
2026-02-26T07:01:00,02/26/202607:01,53.1,0.0,0.0,51.2,0.0,0.0,0.0,0.0,0.0,198.7,23314.0,44097.0,23.0,7.74,84.0,29.746,7.3740000000000006,3.6,0.0,0.0,
2026-02-26T07:02:00,02/26/202607:02,53.120000000000005,0.0,0.0,51.2,0.0,0.0,0.0,0.0,0.0,198.7,23314.0,44097.0,23.0,7.760000000000001,84.0,29.749000000000002,7.486,3.4,0.0,0.0,
2026-02-26T07:02:49,02/26/202607:02,53.35,0.0,0.0,51.2,0.0,0.0,0.0,0.0,0.0,198.7,23314.0,44097.0,23.0,7.779999999999999,84.0,29.752,7.598000000000001,3.2,0.0,0.0,
2026-02-26T07:03:00,02/26/202607:03,53.57000000000001,0.0,0.0,51.2,0.0,0.0,0.0,0.0,0.0,198.7,23314.0,44097.0,23.0,7.8,84.0,29.755000000000003,7.709999999999999,3.0,0.0,0.0,
2026-02-26T07:03:50,02/26/202607:03,53.35,0.01,0.5335,51.2,0.0,0.0,0.5,0.0,0.0,198.7,23314.0,44097.0,23.0,7.82,84.0,29.758,7.822,2.8,0.0,0.0,0.0
2026-02-26T07:04:01,02/26/202607:04,53.129999999999995,0.02,1.0626,51.2,0.0,0.0,1.0,0.0,0.0,198.7,23314.0,44097.0,23.0,7.840000000000001,84.0,29.761000000000003,7.934,2.6,0.0,0.0,0.0
2026-02-26T07:04:49,02/26/202607:04,60.470000000000006,0.02,1.2094000000000003,51.2,0.0,0.0,1.0,0.0,0.0,198.7,23314.0,44097.0,23.0,7.860000000000001,84.0,29.764,8.046,2.4,0.0,0.0,0.0
2026-02-26T07:05:01,02/26/202607:05,67.81,0.02,1.3562,51.2,0.0,0.0,1.0,0.0,0.0,198.7,23314.0,44097.0,23.0,7.88,84.0,29.767000000000003,8.158,2.2,0.0,0.0,0.0
2026-02-26T07:05:49,02/26/202607:05,75.17999999999999,0.02,1.5035999999999998,51.2,0.0,0.0,1.0,0.0,0.0,198.7,23314.0,44097.0,23.0,7.9,84.0,29.77,8.27,2.0,0.0,0.0,0.0
2026-02-26T07:06:00,02/26/202607:06,82.53999999999999,0.02,1.6507999999999998,51.2,0.0,0.0,1.0,0.0,0.0,198.7,23314.0,44097.0,23.0,7.9,84.0,29.77,8.27,2.0,0.0,0.0,0.0
2026-02-26T07:06:50,02/26/202607:06,90.06,0.02,1.8012000000000001,51.21,0.0,0.0,1.0,0.0,0.0,198.7,23314.0,44097.0,23.0,7.9,84.0,29.77,8.27,2.0,0.0,0.0,0.0
2026-02-26T07:07:01,02/26/202607:07,97.58,0.02,1.9516,51.220000000000006,0.0,0.0,1.0,0.0,0.0,198.7,23314.0,44097.0,23.0,7.9,84.0,29.77,8.27,2.0,0.0,0.0,0.0
2026-02-26T07:07:50,02/26/202607:07,104.96,0.02,2.0991999999999997,51.220000000000006,0.0,0.0,1.0,0.0,0.0,198.7,23314.0,44097.0,23.0,7.9,84.0,29.77,8.27,2.0,0.0,0.0,0.0
2026-02-26T07:08:01,02/26/202607:08,112.34,0.02,2.2468,51.220000000000006,0.0,0.0,1.0,0.0,0.0,198.7,23314.0,44097.0,23.0,7.9,84.0,29.77,8.27,2.0,0.0,0.0,0.0
2026-02-26T07:08:50,02/26/202607:08,120.24000000000001,0.01,1.2024000000000001,51.220000000000006,0.0,0.0,0.5,0.0,0.0,198.7,23314.0,44097.0,23.0,7.9,84.0,29.77,8.27,2.0,0.0,0.0,0.0
2026-02-26T07:09:01,02/26/202607:09,128.14000000000001,0.0,0.0,51.220000000000006,0.0,0.0,0.0,0.0,0.0,198.7,23314.0,44097.0,23.0,7.9,84.0,29.77,8.27,2.0,0.0,0.0,
2026-02-26T07:09:49,02/26/202607:09,128.55,0.0,0.0,51.220000000000006,0.0,0.0,0.0,0.0,0.0,198.7,23314.0,44097.0,23.0,7.9,84.0,29.77,8.27,2.0,0.0,0.0,
2026-02-26T07:10:00,02/26/202607:10,128.95999999999998,0.0,0.0,51.220000000000006,0.0,0.0,0.0,0.0,0.0,198.7,23314.0,44097.0,23.0,7.9,84.0,29.77,8.27,2.0,0.0,0.0,
2026-02-26T07:11:49,02/26/202607:11,129.45,0.0,0.0,51.220000000000006,0.0,0.0,0.0,0.0,0.0,198.7,23314.0,44097.0,23.0,7.9,84.0,29.77,8.27,2.0,0.0,0.0,
2026-02-26T07:12:01,02/26/202607:12,129.94,0.0,0.0,51.220000000000006,0.0,0.0,0.0,0.0,0.0,198.7,23314.0,44097.0,23.0,7.9,84.0,29.77,8.27,2.0,0.0,0.0,
2026-02-26T07:12:50,02/26/202607:12,130.32,0.0,0.0,51.21,0.0,0.0,0.0,0.0,0.0,198.7,23314.0,44097.0,23.0,7.9,84.0,29.77,8.27,2.0,0.0,0.0,
2026-02-26T07:13:01,02/26/202607:13,130.7,0.0,0.0,51.2,0.0,0.0,0.0,0.0,0.0,198.7,23314.0,44097.0,23.0,7.9,84.0,29.77,8.27,2.0,0.0,0.0,
2026-02-26T07:13:50,02/26/202607:13,131.06,0.0,0.0,51.2,0.0,0.0,0.0,0.0,0.0,198.7,23314.0,44097.0,23.0,7.9,84.0,29.77,8.27,2.0,0.0,0.0,
2026-02-26T07:14:01,02/26/202607:14,131.42,0.0,0.0,51.2,0.0,0.0,0.0,0.0,0.0,198.7,23314.0,44097.0,23.0,7.9,84.0,29.77,8.27,2.0,0.0,0.0,
2026-02-26T07:14:50,02/26/202607:14,131.73999999999998,0.0,0.0,51.2,0.0,0.0,0.0,0.0,0.0,198.7,23314.0,44097.0,23.0,7.9,84.0,29.77,8.27,2.0,0.0,0.0,
2026-02-26T07:15:01,02/26/202607:15,132.06,0.0,0.0,51.2,0.0,0.0,0.0,0.0,0.0,198.7,23314.0,44097.0,23.0,7.9,84.0,29.77,8.27,2.0,0.0,0.0,
2026-02-26T07:15:49,02/26/202607:15,132.35,0.0,0.0,51.2,0.0,0.0,0.0,0.0,0.0,198.7,23314.0,44097.0,23.0,7.9,83.9,29.77,8.294,2.0,0.0,0.0,
2026-02-26T07:16:01,02/26/202607:16,132.64,0.0,0.0,51.2,0.0,0.0,0.0,0.0,0.0,198.7,23314.0,44097.0,23.0,7.9,83.8,29.77,8.318,2.0,0.0,0.0,
2026-02-26T07:16:49,02/26/202607:16,132.85999999999999,0.0,0.0,51.2,0.0,0.0,0.0,0.0,0.0,198.7,23314.0,44097.0,23.0,7.9,83.7,29.77,8.342,2.0,0.0,0.0,
2026-02-26T07:17:01,02/26/202607:17,133.07999999999998,0.0,0.0,51.2,0.0,0.0,0.0,0.0,0.0,198.7,23314.0,44097.0,23.0,7.9,83.6,29.77,8.366,2.0,0.0,0.0,
2026-02-26T07:17:50,02/26/202607:17,133.28,0.0,0.0,51.2,0.0,0.0,0.0,0.0,0.0,198.7,23314.0,44097.0,23.0,7.9,83.5,29.77,8.389999999999999,2.0,0.0,0.0,
2026-02-26T07:18:01,02/26/202607:18,133.48,0.0,0.0,51.2,0.0,0.0,0.0,0.0,0.0,198.7,23314.0,44097.0,23.0,7.9,83.4,29.77,8.414,2.0,0.0,0.0,
2026-02-26T07:18:50,02/26/202607:18,133.66,0.0,0.0,51.2,0.0,0.0,0.0,0.0,0.0,198.7,23314.0,44097.0,23.0,7.9,83.3,29.77,8.437999999999999,2.0,0.0,0.0,
2026-02-26T07:19:01,02/26/202607:19,133.84,0.0,0.0,51.2,0.0,0.0,0.0,0.0,0.0,198.7,23314.0,44097.0,23.0,7.9,83.2,29.77,8.462,2.0,0.0,0.0,
2026-02-26T07:19:50,02/26/202607:19,134.0,0.0,0.0,51.21,0.0,0.0,0.0,0.0,0.0,198.7,23314.0,44097.0,23.0,7.9,83.1,29.77,8.486,2.0,0.0,0.0,
2026-02-26T07:20:01,02/26/202607:20,134.16,0.0,0.0,51.220000000000006,0.0,0.0,0.0,0.0,0.0,198.7,23314.0,44097.0,23.0,7.9,83.0,29.77,8.51,2.0,0.0,0.0,
2026-02-26T07:20:49,02/26/202607:20,133.63,0.0,0.0,51.220000000000006,0.01,0.5122000000000001,0.5,0.0,0.0,198.7,23314.0,44097.0,23.0,7.9,83.0,29.77,8.242999999999999,2.0,0.0,0.0,
2026-02-26T07:21:01,02/26/202607:21,133.1,0.0,0.0,51.220000000000006,0.02,1.0244000000000002,1.0,0.0,0.0,198.7,23314.0,44097.0,23.0,7.9,83.0,29.77,7.975999999999999,2.0,0.0,0.0,
2026-02-26T07:23:01,02/26/202607:23,133.16,0.0,0.0,51.220000000000006,0.02,1.0244000000000002,1.0,0.0,0.0,198.7,23314.0,44097.0,23.0,7.9,83.0,29.77,7.7090000000000005,2.0,0.0,0.0,
2026-02-26T07:23:49,02/26/202607:23,133.35,0.0,0.0,51.220000000000006,0.02,1.0244000000000002,1.0,0.0,0.0,198.7,23314.0,44097.0,23.0,7.9,83.0,29.77,7.442,2.0,0.0,0.0,
2026-02-26T07:24:01,02/26/202607:24,133.51,0.0,0.0,51.220000000000006,0.02,1.0244000000000002,1.0,0.0,0.0,198.7,23314.0,44097.0,23.0,7.9,83.0,29.77,7.175,2.0,0.0,0.0,
2026-02-26T07:25:00,02/26/202607:25,133.67000000000002,0.0,0.0,51.220000000000006,0.02,1.0244000000000002,1.0,0.0,0.0,198.7,23314.0,44097.0,23.0,7.9,83.0,29.77,6.9079999999999995,2.0,0.0,0.0,
2026-02-26T07:25:50,02/26/202607:25,133.84,0.0,0.0,51.220000000000006,0.02,1.0244000000000002,1.0,0.0,0.0,198.7,23314.0,44097.0,23.0,7.9,83.0,29.77,6.641,2.0,0.0,0.0,
2026-02-26T07:26:00,02/26/202607:26,134.01,0.0,0.0,51.220000000000006,0.02,1.0244000000000002,1.0,0.0,0.0,198.7,23314.0,44097.0,23.0,7.9,83.0,29.77,6.374,2.0,0.0,0.0,
2026-02-26T07:26:50,02/26/202607:26,134.17000000000002,0.0,0.0,51.21,0.02,1.0242,1.0,0.0,0.0,198.7,23314.0,44097.0,23.0,7.9,83.0,29.77,6.107,2.0,0.0,0.0,
2026-02-26T07:27:01,02/26/202607:27,134.32999999999998,0.0,0.0,51.2,0.02,1.024,1.0,0.0,0.0,198.7,23314.0,44097.0,23.0,7.9,83.0,29.77,5.84,2.0,0.0,0.0,
2026-02-26T07:27:50,02/26/202607:27,135.17000000000002,0.0,0.0,51.2,0.01,0.512,0.5,0.0,0.0,198.7,23314.0,44097.0,23.0,7.9,83.0,29.77,5.84,2.0,0.0,0.0,
2026-02-26T07:28:00,02/26/202607:28,136.01,0.0,0.0,51.2,0.0,0.0,0.0,0.0,0.0,198.7,23314.0,44097.0,23.0,7.9,83.0,29.77,5.84,2.0,0.0,0.0,
2026-02-26T07:28:50,02/26/202607:28,136.23,0.0,0.0,51.2,0.0,0.0,0.0,0.0,0.0,198.7,23314.0,44097.0,23.0,7.9,83.0,29.77,5.84,2.0,0.0,0.0,
2026-02-26T07:29:00,02/26/202607:29,136.32,0.0,0.0,51.2,0.0,0.0,0.0,0.0,0.0,198.7,23314.0,44097.0,23.0,7.9,83.0,29.77,5.84,2.0,0.0,0.0,
2026-02-26T07:29:50,02/26/202607:29,136.43,0.0,0.0,51.2,0.0,0.0,0.0,0.0,0.0,198.7,23314.0,44097.0,23.0,7.9,83.0,29.77,5.84,2.0,0.0,0.0,
2026-02-26T07:30:00,02/26/202607:30,136.54000000000002,0.0,0.0,51.2,0.0,0.0,0.0,0.0,0.0,198.7,23314.0,44097.0,23.0,7.9,83.0,29.77,5.84,2.0,0.0,0.0,
2026-02-26T07:31:25,02/26/202607:31,136.63,0.0,0.0,51.2,0.0,0.0,0.0,0.0,0.0,198.7,23314.0,44097.0,23.0,7.9,82.9,29.77,5.808999999999999,36.4,2.5,0.01,
2026-02-26T07:32:01,02/26/202607:32,136.72,0.0,0.0,51.2,0.0,0.0,0.0,0.0,0.0,198.7,23314.0,44097.0,23.0,7.9,82.8,29.77,5.7780000000000005,70.8,5.0,0.02,
2026-02-26T07:32:25,02/26/202607:32,136.72,0.0,0.0,51.2,0.0,0.0,0.0,0.0,0.0,198.7,23314.0,44097.0,23.0,7.9,82.7,29.77,5.747,105.2,7.5,0.030000000000000006,
2026-02-26T07:34:12,02/26/202607:34,136.82999999999998,0.0,0.0,51.21,0.0,0.0,0.0,0.0,0.0,198.7,23314.0,44097.0,23.0,7.9,82.6,29.77,5.715999999999999,139.6,10.0,0.04,
2026-02-26T07:34:25,02/26/202607:34,136.92000000000002,0.0,0.0,51.21,0.0,0.0,0.0,0.0,0.0,198.7,23314.0,44097.0,23.0,7.9,82.5,29.77,5.6850000000000005,174.0,12.5,0.05,
2026-02-26T07:35:01,02/26/202607:35,137.01,0.0,0.0,51.21,0.0,0.0,0.0,0.0,0.0,198.7,23314.0,44097.0,23.0,7.9,82.4,29.77,5.654,208.4,15.0,0.06000000000000001,
2026-02-26T07:35:25,02/26/202607:35,129.29000000000002,0.03,3.8787000000000003,51.21,0.03,1.5363,1.5,0.0,0.0,198.7,23314.0,44097.0,23.0,7.9,82.3,29.77,5.623,242.8,17.5,0.07,0.3960863175806327
2026-02-26T07:36:01,02/26/202607:36,121.57000000000001,0.06,7.2942,51.21,0.06,3.0726,3.0,0.0,0.0,198.7,23314.0,44097.0,23.0,7.9,82.2,29.77,5.5920000000000005,277.2,20.0,0.08,0.42123879246524637
2026-02-26T07:36:25,02/26/202607:36,113.84,0.09,10.2456,51.220000000000006,0.1,5.122000000000001,5.0,0.0,0.0,198.7,23314.0,44097.0,23.0,7.9,82.1,29.77,5.561,311.6,22.5,0.09,0.4999219177012572
2026-02-26T07:37:00,02/26/202607:37,106.10999999999999,0.12,12.733199999999998,51.23,0.13999999999999999,7.172199999999999,7.0,0.0,0.0,198.7,23314.0,44097.0,23.0,7.9,82.0,29.77,5.53,346.0,25.0,0.1,0.5632676781955832
2026-02-26T07:37:03,02/26/202607:37,99.42999999999999,0.15,14.914499999999999,51.239999999999995,0.18,9.223199999999999,9.0,0.0,0.0,198.7,23314.0,44097.0,23.0,7.9,82.0,29.77,5.53,346.0,25.0,0.1,0.6184049079754601
2026-02-26T07:38:01,02/26/202607:38,92.75,0.18,16.695,51.25,0.22000000000000003,11.275000000000002,11.0,0.0,0.0,198.7,23314.0,44097.0,23.0,7.9,82.0,29.77,5.53,346.0,25.0,0.1,0.6753519017669962
2026-02-26T07:38:04,02/26/202607:38,85.15,0.21000000000000002,17.881500000000003,51.25,0.26,13.325000000000001,13.0,0.0,0.0,198.7,23314.0,44097.0,23.0,7.9,82.0,29.77,5.53,346.0,25.0,0.1,0.7451835696110505
2026-02-26T07:39:01,02/26/202607:39,77.44,0.24,18.5856,51.239999999999995,0.3,15.371999999999998,15.0,0.0,0.0,198.7,23314.0,44097.0,23.0,7.9,82.0,29.77,5.53,346.0,25.0,0.1,0.8270919421487603
2026-02-26T07:39:03,02/26/202607:39,69.76,0.26,18.137600000000003,51.25,0.33,16.9125,16.5,0.0,0.0,198.7,23314.0,44097.0,23.0,7.9,82.0,29.77,5.53,346.0,25.0,0.1,0.9324552311220888
2026-02-26T07:40:01,02/26/202607:40,62.08,0.27999999999999997,17.382399999999997,51.260000000000005,0.36,18.4536,18.0,0.0,0.0,198.7,23314.0,44097.0,23.0,7.9,82.0,29.77,5.53,346.0,25.0,0.1,1.0616255522827691
2026-02-26T07:40:04,02/26/202607:40,62.21,0.27,16.7967,51.27,0.36,18.4572,18.0,0.0,0.0,198.7,23314.0,44097.0,23.0,7.9,82.0,29.77,5.53,346.0,25.0,0.1,1.098858704388362
2026-02-26T07:41:00,02/26/202607:41,62.339999999999996,0.26,16.2084,51.279999999999994,0.36,18.460799999999995,18.0,0.0,0.0,198.7,23314.0,44097.0,23.0,7.9,82.0,29.77,5.53,346.0,25.0,0.1,1.1389649811209
2026-02-26T07:41:03,02/26/202607:41,62.67,0.26,16.2942,51.279999999999994,0.36,18.460799999999995,18.0,0.0,0.0,198.7,23314.0,44097.0,23.0,7.9,82.0,29.77,5.53,346.0,25.0,0.1,1.1329675590087267
2026-02-26T07:42:01,02/26/202607:42,63.0,0.26,16.38,51.279999999999994,0.36,18.460799999999995,18.0,0.0,0.0,198.7,23314.0,44097.0,23.0,7.9,82.0,29.77,5.53,346.0,25.0,0.1,1.1270329670329668
2026-02-26T07:42:04,02/26/202607:42,62.260000000000005,0.27,16.810200000000002,51.279999999999994,0.36,18.460799999999995,18.0,0.0,0.0,198.7,23314.0,44097.0,23.0,7.9,82.0,29.77,5.53,346.0,25.0,0.1,1.0981903844094654
2026-02-26T07:43:01,02/26/202607:43,61.52,0.27999999999999997,17.2256,51.279999999999994,0.36,18.460799999999995,18.0,0.0,0.0,198.7,23314.0,44097.0,23.0,7.9,82.0,29.77,5.53,346.0,25.0,0.1,1.07170722645365
2026-02-26T07:43:04,02/26/202607:43,61.48,0.29,17.829199999999997,51.3,0.36,18.468,18.0,0.0,0.0,198.7,23314.0,44097.0,23.0,7.9,82.0,29.77,5.53,346.0,25.0,0.1,1.0358288650079646
2026-02-26T07:44:00,02/26/202607:44,61.44,0.3,18.432,51.31999999999999,0.36,18.475199999999997,18.0,0.0,0.0,198.7,23314.0,44097.0,23.0,7.9,82.0,29.77,5.53,346.0,25.0,0.1,1.0023437499999999
2026-02-26T07:44:03,02/26/202607:44,69.24,0.28,19.3872,51.31999999999999,0.33,16.935599999999997,16.5,0.0,0.0,198.7,23314.0,44097.0,23.0,7.9,82.0,29.77,5.53,346.0,25.0,0.1,0.8735454320376329
2026-02-26T07:45:23,02/26/202607:45,69.42999999999999,0.29,20.134699999999995,51.31999999999999,0.33,16.935599999999997,16.5,0.0,0.0,198.7,23314.0,44097.0,23.0,7.9,82.0,29.77,5.53,346.0,25.0,0.1,0.8411150898697275
2026-02-26T07:46:00,02/26/202607:46,69.61,0.3,20.883,51.31999999999999,0.33,16.935599999999997,16.5,0.0,0.0,198.7,23314.0,44097.0,23.0,7.9,82.0,29.77,5.53,346.0,25.0,0.1,0.8109754345639993
2026-02-26T07:46:03,02/26/202607:46,77.42,0.27999999999999997,21.677599999999998,51.33,0.3,15.399,15.0,0.0,0.0,198.7,23314.0,44097.0,23.0,7.9,82.0,29.77,5.53,346.0,25.0,0.1,0.7103646160091523
2026-02-26T07:47:00,02/26/202607:47,85.02000000000001,0.25,21.255000000000003,51.339999999999996,0.26,13.3484,13.0,0.0,0.0,198.7,23314.0,44097.0,23.0,7.9,82.0,29.77,5.53,346.0,25.0,0.1,0.6280122324159021
2026-02-26T07:47:04,02/26/202607:47,85.33,0.26,22.1858,51.35,0.25,12.8375,12.5,0.0,0.0,198.7,23314.0,44097.0,23.0,7.94,81.9,29.77,5.456,346.3,29.1,0.11000000000000001,0.5786358842142271
2026-02-26T07:48:00,02/26/202607:48,85.64,0.26,22.2664,51.36,0.24,12.3264,12.0,0.0,0.0,198.7,23314.0,44097.0,23.0,7.980000000000001,81.8,29.77,5.382,346.6,33.2,0.12000000000000002,0.5535874681133905
2026-02-26T07:48:04,02/26/202607:48,86.44,0.26,22.4744,51.36999999999999,0.22999999999999998,11.815099999999997,11.5,0.0,0.0,198.7,23314.0,44097.0,23.0,8.02,81.7,29.77,5.308,346.9,37.3,0.13,0.5257137009219378
2026-02-26T07:49:00,02/26/202607:49,87.53999999999999,0.26,22.760399999999997,51.36999999999999,0.22000000000000003,11.3014,11.0,0.0,0.0,198.7,23314.0,44097.0,23.0,8.06,81.6,29.77,5.234,347.2,41.4,0.14,0.49653784643503635
2026-02-26T07:49:03,02/26/202607:49,87.9,0.26,22.854000000000003,51.36999999999999,0.21000000000000002,10.7877,10.5,0.0,0.0,198.7,23314.0,44097.0,23.0,8.1,81.5,29.77,5.16,347.5,45.5,0.15,0.4720267786820687
2026-02-26T07:50:01,02/26/202607:50,80.38000000000001,0.3,24.114,51.379999999999995,0.24,12.331199999999999,12.0,0.0,0.0,198.7,23314.0,44097.0,23.0,8.14,81.4,29.77,5.086,347.8,49.6,0.16,0.5113709878079123
2026-02-26T07:50:04,02/26/202607:50,80.75,0.31,25.0325,51.39,0.25,12.8475,12.5,0.0,0.0,198.7,23314.0,44097.0,23.0,8.180000000000001,81.3,29.77,5.0120000000000005,348.1,53.7,0.17,0.5132327973634275
2026-02-26T07:51:01,02/26/202607:51,81.12,0.32,25.9584,51.4,0.26,13.364,13.0,0.0,0.0,198.7,23314.0,44097.0,23.0,8.22,81.2,29.77,4.938000000000001,348.4,57.8,0.18,0.514823717948718
2026-02-26T07:51:04,02/26/202607:51,73.86,0.36,26.589599999999997,51.410000000000004,0.29,14.908900000000001,14.5,0.0,0.0,198.7,23314.0,44097.0,23.0,8.260000000000002,81.1,29.77,4.864,348.7,61.9,0.19,0.5607041850949245
2026-02-26T07:52:01,02/26/202607:52,66.6,0.4,26.64,51.42,0.32,16.4544,16.0,0.0,0.0,198.7,23314.0,44097.0,23.0,8.3,81.0,29.77,4.79,349.0,66.0,0.2,0.6176576576576577
2026-02-26T07:52:04,02/26/202607:52,67.0,0.41000000000000003,27.470000000000002,51.42,0.32999999999999996,16.9686,16.5,0.0,0.0,198.7,23314.0,44097.0,23.0,8.3,81.0,29.77,4.79,349.0,66.0,0.2,0.61771386967601
2026-02-26T07:53:01,02/26/202607:53,67.4,0.42000000000000004,28.308000000000003,51.42,0.33999999999999997,17.482799999999997,17.0,0.0,0.0,198.7,23314.0,44097.0,23.0,8.3,81.0,29.77,4.79,349.0,66.0,0.2,0.6175922000847816
2026-02-26T07:54:00,02/26/202607:54,67.31,0.43,28.9433,51.42999999999999,0.35,18.000499999999995,17.5,0.0,0.0,198.7,23314.0,44097.0,23.0,8.3,81.0,29.77,4.79,349.0,66.0,0.2,0.6219228629769237
2026-02-26T07:54:03,02/26/202607:54,67.34,0.43,28.956200000000003,51.44,0.36,18.5184,18.0,0.0,0.0,198.7,23314.0,44097.0,23.0,8.3,81.0,29.77,4.79,349.0,66.0,0.2,0.6395314302291046
2026-02-26T07:55:00,02/26/202607:55,68.11,0.43,29.2873,51.45,0.37,19.0365,18.5,0.0,0.0,198.7,23314.0,44097.0,23.0,8.3,81.0,29.77,4.79,349.0,66.0,0.2,0.6499916345992973
2026-02-26T07:56:33,02/26/202607:56,68.81,0.44000000000000006,30.276400000000006,51.46,0.38,19.5548,19.0,0.0,0.0,198.7,23314.0,44097.0,22.9,8.3,81.0,29.773000000000003,4.79,349.0,66.0,0.2,0.645875995825131
2026-02-26T07:57:00,02/26/202607:57,69.22999999999999,0.45,31.153499999999998,51.470000000000006,0.38,19.558600000000002,19.0,0.0,0.0,198.7,23314.0,44097.0,23.0,8.3,81.0,29.776,4.79,349.0,66.0,0.2,0.627813889290128
2026-02-26T07:57:36,02/26/202607:57,69.65,0.45999999999999996,32.039,51.48,0.39,20.077199999999998,19.5,0.0,0.0,198.7,23314.0,44097.0,23.0,8.3,81.0,29.779000000000003,4.79,349.0,66.0,0.2,0.6266487718093573
2026-02-26T07:58:00,02/26/202607:58,70.07000000000001,0.47000000000000003,32.932900000000004,51.48,0.41000000000000003,21.1068,20.5,0.0,0.0,198.7,23314.0,44097.0,23.0,8.3,81.0,29.782,4.79,349.0,66.0,0.2,0.6409031697785497
2026-02-26T07:59:01,02/26/202607:59,70.49,0.48,33.83519999999999,51.48,0.43,22.1364,21.5,0.0,0.0,198.7,23314.0,44097.0,22.9,8.3,81.0,29.785000000000004,4.79,349.0,66.0,0.2,0.6542417364165131
2026-02-26T07:59:35,02/26/202607:59,73.53999999999999,0.48,35.29919999999999,51.5,0.44000000000000006,22.660000000000004,22.0,0.0,0.0,198.7,23314.0,44097.0,23.0,8.3,81.0,29.788,4.79,349.0,66.0,0.2,0.6419408938446199
2026-02-26T08:00:01,02/26/202608:00,76.59,0.48,36.7632,51.52,0.45,23.184,22.5,0.0,0.0,198.7,23314.0,44097.0,23.0,8.3,81.0,29.791000000000004,4.79,349.0,66.0,0.2,0.6306306306306307
2026-02-26T08:00:35,02/26/202608:00,79.64,0.48,38.227199999999996,51.529999999999994,0.45999999999999996,23.703799999999994,23.0,0.0,0.0,198.7,23314.0,44097.0,22.9,8.35,81.0,29.794,4.777,348.4,70.8,0.2,0.6200768039511132
2026-02-26T08:01:00,02/26/202608:01,82.57000000000001,0.49000000000000005,40.459300000000006,51.54,0.47000000000000003,24.2238,23.5,0.0,0.0,198.7,23314.0,44097.0,22.9,8.4,81.0,29.797000000000004,4.764,347.8,75.6,0.2,0.5987201953568153
2026-02-26T08:01:35,02/26/202608:01,85.51,0.5,42.755,51.55,0.48,24.743999999999996,24.0,0.0,0.0,198.7,23314.0,44097.0,23.0,8.45,81.0,29.8,4.7509999999999994,347.2,80.4,0.2,0.5787393287334813
2026-02-26T08:02:01,02/26/202608:02,88.52000000000001,0.5,44.260000000000005,51.56,0.49000000000000005,25.264400000000002,24.5,0.0,0.0,198.7,23314.0,44097.0,23.0,8.5,81.0,29.8,4.738,346.6,85.2,0.2,0.5708178942611839
2026-02-26T08:02:35,02/26/202608:02,90.46000000000001,0.49000000000000005,44.32540000000001,51.57000000000001,0.5,25.785000000000004,25.0,0.0,0.0,198.7,23314.0,44097.0,22.9,8.55,81.0,29.8,4.725,346.0,90.0,0.2,0.5817206387308406
2026-02-26T08:03:00,02/26/202608:03,92.4,0.48,44.352000000000004,51.58,0.5,25.79,25.0,0.0,0.0,198.7,23314.0,44097.0,22.9,8.6,81.0,29.8,4.712000000000001,345.4,94.8,0.2,0.5814844877344877
2026-02-26T08:04:00,02/26/202608:04,94.34,0.47000000000000003,44.339800000000004,51.589999999999996,0.5,25.794999999999998,25.0,0.0,0.0,198.7,23314.0,44097.0,23.0,8.65,81.0,29.8,4.699,344.8,99.6,0.2,0.5817572474390953
2026-02-26T08:04:35,02/26/202608:04,96.28999999999999,0.45999999999999996,44.29339999999999,51.6,0.51,26.316000000000003,25.5,0.0,0.0,198.7,23314.0,44097.0,22.9,8.7,81.0,29.8,4.686,344.2,104.4,0.2,0.5941291479091695
2026-02-26T08:05:00,02/26/202608:05,95.24,0.45,42.858,51.6,0.52,26.832,26.0,0.0,0.0,198.7,23314.0,44097.0,22.9,8.75,81.0,29.8,4.673,343.6,109.2,0.2,0.626067478650427
2026-02-26T08:05:35,02/26/202608:05,95.12,0.45,42.804,51.61,0.52,26.8372,26.0,0.0,0.0,198.7,23314.0,44097.0,23.0,8.8,81.0,29.8,4.66,343.0,114.0,0.2,0.6269787870292496
2026-02-26T08:06:00,02/26/202608:06,95.0,0.45,42.75,51.620000000000005,0.52,26.842400000000005,26.0,0.0,0.0,198.7,23314.0,44097.0,23.0,8.8,81.0,29.8,4.66,343.0,114.0,0.2,0.6278923976608188
2026-02-26T08:07:41,02/26/202608:07,94.89,0.45,42.7005,51.63000000000001,0.52,26.847600000000007,26.0,0.0,0.0,198.7,23314.0,44097.0,22.9,8.8,81.0,29.8,4.66,343.0,114.0,0.2,0.628742052200794
2026-02-26T08:08:00,02/26/202608:08,94.77000000000001,0.45,42.6465,51.64,0.52,26.852800000000002,26.0,0.0,0.0,198.7,23314.0,44097.0,22.9,8.8,81.0,29.8,4.66,343.0,114.0,0.2,0.6296601127876849
2026-02-26T08:08:35,02/26/202608:08,94.91,0.44000000000000006,41.760400000000004,51.65,0.52,26.858,26.0,0.0,0.0,198.7,23314.0,44097.0,22.9,8.8,81.0,29.8,4.66,343.0,114.0,0.2,0.6431451806017183
2026-02-26T08:09:00,02/26/202608:09,96.12,0.44000000000000006,42.29280000000001,51.660000000000004,0.52,26.863200000000003,26.0,0.0,0.0,198.7,23314.0,44097.0,22.9,8.8,81.0,29.8,4.66,343.0,114.0,0.2,0.6351719441607082
2026-02-26T08:10:01,02/26/202608:10,97.33,0.44000000000000006,42.8252,51.67,0.52,26.8684,26.0,0.0,0.0,198.7,23314.0,44097.0,22.9,8.8,81.0,29.8,4.66,343.0,114.0,0.2,0.6273969531957819
2026-02-26T08:10:35,02/26/202608:10,98.55,0.44000000000000006,43.362,51.69,0.52,26.8788,26.0,0.0,0.0,198.7,23314.0,44097.0,22.9,8.8,81.0,29.8,4.66,343.0,114.0,0.2,0.6198699321986992
2026-02-26T08:11:00,02/26/202608:11,99.76,0.44000000000000006,43.894400000000005,51.71,0.51,26.3721,25.5,0.0,0.0,198.7,23314.0,44097.0,22.9,8.8,81.0,29.8,4.66,343.0,114.0,0.2,0.6008078479259312
2026-02-26T08:11:35,02/26/202608:11,100.28,0.44000000000000006,44.123200000000004,51.73,0.5,25.865,25.0,0.0,0.0,198.7,23314.0,44097.0,22.9,8.8,81.0,29.8,4.66,343.0,114.0,0.2,0.5861995503499292
2026-02-26T08:12:01,02/26/202608:12,99.87,0.43,42.9441,51.739999999999995,0.5,25.869999999999997,25.0,0.0,0.0,198.7,23314.0,44097.0,22.9,8.8,81.0,29.8,4.66,343.0,114.0,0.2,0.6024110413304737
2026-02-26T08:12:34,02/26/202608:12,99.47,0.42000000000000004,41.7774,51.75,0.5,25.875,25.0,0.0,0.0,198.7,23314.0,44097.0,22.9,8.8,81.0,29.8,4.66,343.0,114.0,0.2,0.6193540047968519
2026-02-26T08:13:01,02/26/202608:13,99.06,0.41000000000000003,40.6146,51.760000000000005,0.5,25.880000000000003,25.0,0.0,0.0,198.7,23314.0,44097.0,22.9,8.8,81.0,29.8,4.66,343.0,114.0,0.2,0.6372092794216858
2026-02-26T08:14:00,02/26/202608:14,98.65,0.4,39.46000000000001,51.77,0.5,25.885,25.0,0.0,0.0,198.7,23314.0,44097.0,22.9,8.8,81.0,29.8,4.66,343.0,114.0,0.2,0.6559807399898631
2026-02-26T08:14:36,02/26/202608:14,98.58,0.4,39.432,51.779999999999994,0.5,25.889999999999997,25.0,0.0,0.0,198.7,23314.0,44097.0,22.9,8.8,81.0,29.8,4.66,343.0,114.0,0.2,0.6565733414485696
2026-02-26T08:15:01,02/26/202608:15,98.51,0.4,39.404,51.79,0.5,25.895,25.0,0.0,0.0,198.7,23314.0,44097.0,22.9,8.8,81.0,29.8,4.66,343.0,114.0,0.2,0.6571667850979596
2026-02-26T08:16:01,02/26/202608:16,98.44,0.4,39.376000000000005,51.8,0.5,25.9,25.0,0.0,0.0,198.7,23314.0,44097.0,22.9,8.8,81.0,29.8,4.66,343.0,114.0,0.2,0.6577610727346606
2026-02-26T08:16:21,02/26/202608:16,98.37,0.4,39.348000000000006,51.8,0.5,25.9,25.0,0.0,0.0,198.7,23314.0,44097.0,22.9,8.88,80.7,29.8,4.809,343.7,119.1,0.22000000000000003,0.6582291348988512
2026-02-26T08:17:01,02/26/202608:17,98.3,0.4,39.32,51.8,0.5,25.9,25.0,0.0,0.0,198.7,23314.0,44097.0,22.9,8.96,80.4,29.8,4.958,344.4,124.2,0.24000000000000005,0.6586978636826042
2026-02-26T08:18:54,02/26/202608:18,98.92,0.4,39.568000000000005,51.81,0.51,26.4231,25.6,0.0,0.0,198.7,23314.0,44097.0,22.9,9.040000000000001,80.1,29.8,5.107,345.1,129.3,0.26,0.6677896279822078
2026-02-26T08:19:00,02/26/202608:19,99.53999999999999,0.4,39.816,51.81999999999999,0.52,26.946399999999997,26.2,0.0,0.0,198.7,23314.0,44097.0,22.9,9.120000000000001,79.8,29.8,5.256,345.8,134.4,0.28,0.6767731565199918
2026-02-26T08:19:22,02/26/202608:19,100.1,0.4,40.04,51.83,0.53,27.4699,26.8,0.0,0.0,198.7,23314.0,44097.0,22.9,9.2,79.5,29.8,5.405,346.5,139.5,0.3,0.6860614385614385
2026-02-26T08:20:00,02/26/202608:20,100.66,0.4,40.264,51.839999999999996,0.54,27.9936,27.4,0.0,0.0,198.7,23314.0,44097.0,22.9,9.28,79.2,29.8,5.554,347.2,144.6,0.32,0.6952513411484204
2026-02-26T08:20:21,02/26/202608:20,101.17,0.4,40.468,51.85,0.55,28.517500000000002,28.0,0.0,0.0,198.7,23314.0,44097.0,23.0,9.36,78.9,29.8,5.703,347.9,149.7,0.34,0.7046925966195512
2026-02-26T08:21:00,02/26/202608:21,101.08000000000001,0.4,40.43200000000001,51.86,0.5599999999999999,29.041599999999995,28.6,0.0,0.0,198.7,23314.0,44097.0,23.0,9.440000000000001,78.6,29.8,5.852,348.6,154.8,0.36,0.718282548476454
2026-02-26T08:22:00,02/26/202608:22,100.99000000000001,0.4,40.39600000000001,51.86999999999999,0.5700000000000001,29.5659,29.2,0.0,0.0,198.7,23314.0,44097.0,22.9,9.52,78.3,29.8,6.001,349.3,159.9,0.38,0.731901673433013
2026-02-26T08:23:00,02/26/202608:23,100.9,0.4,40.36000000000001,51.879999999999995,0.58,30.090399999999995,29.8,0.0,0.0,198.7,23314.0,44097.0,22.9,9.6,78.0,29.8,6.15,350.0,165.0,0.4,0.7455500495540136
2026-02-26T08:23:22,02/26/202608:23,101.1,0.4,40.44,51.9,0.59,30.621,30.4,0.0,0.0,198.7,23314.0,44097.0,22.9,9.6,78.0,29.8,6.15,350.0,165.0,0.4,0.7571958456973293
2026-02-26T08:24:00,02/26/202608:24,101.3,0.4,40.52,51.92,0.6,31.152,31.0,0.0,0.0,198.7,23314.0,44097.0,22.9,9.6,78.0,29.8,6.15,350.0,165.0,0.4,0.7688055281342546
2026-02-26T08:24:22,02/26/202608:24,101.49000000000001,0.4,40.596000000000004,51.92,0.6,31.152,31.0,0.0,0.0,198.7,23314.0,44097.0,23.0,9.6,78.0,29.8,6.15,350.0,165.0,0.4,0.7673662429796039
2026-02-26T08:25:00,02/26/202608:25,101.68,0.4,40.672000000000004,51.92,0.6,31.152,31.0,0.0,0.0,198.7,23314.0,44097.0,23.0,9.6,78.0,29.8,6.15,350.0,165.0,0.4,0.7659323367427222
2026-02-26T08:25:22,02/26/202608:25,101.93,0.4,40.772000000000006,51.92999999999999,0.6,31.157999999999994,31.0,0.0,0.0,198.7,23314.0,44097.0,22.9,9.6,78.0,29.8,6.15,350.0,165.0,0.4,0.7642009222015106
2026-02-26T08:26:01,02/26/202608:26,102.18,0.4,40.87200000000001,51.94,0.6,31.163999999999998,31.0,0.0,0.0,198.7,23314.0,44097.0,22.9,9.6,78.0,29.8,6.15,350.0,165.0,0.4,0.7624779800352318
2026-02-26T08:26:22,02/26/202608:26,102.64000000000001,0.4,41.05600000000001,51.95,0.59,30.6505,30.5,0.0,0.0,198.7,23314.0,44097.0,22.9,9.6,78.0,29.8,6.15,350.0,165.0,0.4,0.7465534879189398
2026-02-26T08:27:01,02/26/202608:27,103.1,0.4,41.24,51.96,0.58,30.136799999999997,30.0,0.0,0.0,198.7,23314.0,44097.0,22.9,9.6,78.0,29.8,6.15,350.0,165.0,0.4,0.7307662463627546
2026-02-26T08:27:21,02/26/202608:27,103.50999999999999,0.4,41.403999999999996,51.970000000000006,0.5700000000000001,29.622900000000005,29.5,0.0,0.0,198.7,23314.0,44097.0,22.9,9.6,78.0,29.8,6.15,350.0,165.0,0.4,0.7154598589508262
2026-02-26T08:27:43,02/26/202608:27,103.92,0.4,41.568000000000005,51.98,0.5599999999999999,29.108799999999995,29.0,0.0,0.0,198.7,23314.0,44097.0,22.9,9.58,78.0,29.8,6.0440000000000005,349.5,164.9,0.4,0.7002694380292531
2026-02-26T08:28:01,02/26/202608:28,104.03,0.4,41.612,51.98,0.55,28.589000000000002,28.5,0.0,0.0,198.7,23314.0,44097.0,22.9,9.559999999999999,78.0,29.8,5.938000000000001,349.0,164.8,0.4,0.6870373930596944
2026-02-26T08:30:03,02/26/202608:30,104.21,0.41000000000000003,42.7261,51.98,0.55,28.589000000000002,28.5,0.0,0.0,198.7,23314.0,44097.0,23.0,9.540000000000001,78.0,29.8,5.832,348.5,164.7,0.4,0.6691226205995867
2026-02-26T08:30:44,02/26/202608:30,104.4,0.42000000000000004,43.848000000000006,52.0,0.55,28.6,28.5,0.0,0.0,198.7,23314.0,44097.0,22.9,9.59,77.5,29.802,6.068,348.1,169.9,0.43,0.6522532384601349
2026-02-26T08:31:01,02/26/202608:31,104.59,0.43,44.9737,52.02,0.55,28.611000000000004,28.5,0.0,0.0,198.7,23314.0,44097.0,22.9,9.64,77.0,29.804000000000002,6.304,347.7,175.1,0.45999999999999996,0.6361718070783592
2026-02-26T08:32:01,02/26/202608:32,104.77000000000001,0.44000000000000006,46.09880000000001,52.02,0.55,28.611000000000004,28.5,0.0,0.0,198.7,23314.0,44097.0,22.9,9.690000000000001,76.7,29.804000000000002,6.540000000000001,347.3,180.3,0.49000000000000005,0.6206452228691419
2026-02-26T08:32:43,02/26/202608:32,104.77000000000001,0.44000000000000006,46.09880000000001,52.029999999999994,0.55,28.6165,29.0,0.0,0.0,198.7,23314.0,44097.0,22.9,9.74,76.4,29.804000000000002,6.776000000000001,346.9,185.5,0.52,0.620764531831631
2026-02-26T08:33:01,02/26/202608:33,104.60999999999999,0.44000000000000006,46.0284,52.04,0.5599999999999999,29.142399999999995,30.0,0.0,0.0,198.7,23314.0,44097.0,22.9,9.790000000000001,76.1,29.804000000000002,7.0120000000000005,346.5,190.7,0.55,0.6331395399362132
2026-02-26T08:33:43,02/26/202608:33,104.46,0.44000000000000006,45.9624,52.05,0.58,30.188999999999997,31.0,0.0,0.0,198.7,23314.0,44097.0,22.9,9.84,75.8,29.804000000000002,7.248,346.1,195.9,0.58,0.6568194872330425
2026-02-26T08:34:01,02/26/202608:34,104.35999999999999,0.44000000000000006,45.9184,52.06,0.6,31.236,32.0,0.0,0.0,198.7,23314.0,44097.0,22.9,9.89,75.5,29.804000000000002,7.484,345.7,201.1,0.61,0.6802501829332033
2026-02-26T08:34:43,02/26/202608:34,104.25999999999999,0.45,46.916999999999994,52.07000000000001,0.6199999999999999,32.2834,33.0,0.0,0.0,198.7,23314.0,44097.0,22.9,9.959999999999999,75.2,29.804000000000002,7.825999999999999,345.8,206.4,0.6399999999999999,0.6880959993179445
2026-02-26T08:35:01,02/26/202608:35,104.16,0.45999999999999996,47.913599999999995,52.08,0.6399999999999999,33.331199999999995,34.0,0.0,0.0,198.7,23314.0,44097.0,22.9,10.03,74.9,29.804000000000002,8.168,345.9,211.7,0.6699999999999999,0.6956521739130435
2026-02-26T08:35:43,02/26/202608:35,104.42999999999999,0.47000000000000003,49.0821,52.089999999999996,0.65,33.8585,34.5,0.0,0.0,198.7,23314.0,44097.0,22.9,10.1,74.6,29.804000000000002,8.51,346.0,217.0,0.7,0.6898339720590603
2026-02-26T08:36:01,02/26/202608:36,104.7,0.48,50.256,52.089999999999996,0.6599999999999999,34.3794,35.0,0.0,0.0,198.7,23314.0,44097.0,22.9,10.1,74.8,29.802,8.51,346.0,217.0,0.7,0.684085482330468
2026-02-26T08:36:44,02/26/202608:36,104.97999999999999,0.49000000000000005,51.4402,52.1,0.6699999999999999,34.907,35.5,0.0,0.0,198.7,23314.0,44097.0,22.9,10.1,75.0,29.8,8.51,346.0,217.0,0.7,0.6785937846275869
2026-02-26T08:37:01,02/26/202608:37,105.25999999999999,0.5,52.629999999999995,52.120000000000005,0.6799999999999999,35.4416,36.0,0.0,0.0,198.7,23314.0,44097.0,22.9,10.1,75.0,29.8,8.51,346.0,217.0,0.7,0.6734106023180696
2026-02-26T08:37:43,02/26/202608:37,105.66,0.51,53.8866,52.13000000000001,0.69,35.9697,36.0,0.0,0.0,198.7,23314.0,44097.0,22.9,10.1,75.0,29.8,8.51,346.0,217.0,0.7,0.6675073209295076
2026-02-26T08:38:01,02/26/202608:38,106.05999999999999,0.52,55.151199999999996,52.14,0.7,36.498,36.0,0.0,0.0,198.7,23314.0,44097.0,22.9,10.1,75.0,29.8,8.51,346.0,217.0,0.7,0.6617807046809498
2026-02-26T08:38:44,02/26/202608:38,106.29,0.54,57.39660000000001,52.160000000000004,0.69,35.9904,35.5,0.0,0.0,198.7,23314.0,44097.0,22.9,10.1,75.0,29.8,8.51,346.0,217.0,0.7,0.6270475951537199
2026-02-26T08:39:01,02/26/202608:39,106.52000000000001,0.5599999999999999,59.6512,52.17999999999999,0.6799999999999999,35.48239999999999,35.0,0.0,0.0,198.7,23314.0,44097.0,22.9,10.1,75.0,29.8,8.51,346.0,217.0,0.7,0.5948312858752212
2026-02-26T08:39:44,02/26/202608:39,106.75999999999999,0.5700000000000001,60.8532,52.2,0.6699999999999999,34.974,34.5,0.0,0.0,198.7,23314.0,44097.0,22.9,10.1,75.0,29.8,8.51,346.0,217.0,0.7,0.5747273767032793
2026-02-26T08:41:38,02/26/202608:41,105.13,0.58,60.97539999999999,52.21,0.65,33.9365,33.5,0.0,0.0,198.7,23314.0,44097.0,22.9,10.1,75.0,29.8,8.51,346.0,217.0,0.7,0.5565605145681702
2026-02-26T08:42:00,02/26/202608:42,103.05999999999999,0.58,59.77479999999999,52.220000000000006,0.63,32.8986,32.5,0.0,0.0,198.7,23314.0,44097.0,22.9,10.1,75.0,29.8,8.51,346.0,217.0,0.7,0.5503757436244037
2026-02-26T08:42:38,02/26/202608:42,100.99,0.58,58.57419999999999,52.23,0.6199999999999999,32.38259999999999,32.0,0.0,0.0,198.7,23314.0,44097.0,22.9,10.1,75.0,29.8,8.51,346.0,217.0,0.7,0.5528474994110034
2026-02-26T08:43:00,02/26/202608:43,98.91,0.58,57.367799999999995,52.23,0.61,31.8603,31.5,0.0,0.0,198.7,23314.0,44097.0,22.9,10.1,75.0,29.8,8.51,346.0,217.0,0.7,0.555369039774926
2026-02-26T08:43:37,02/26/202608:43,96.83000000000001,0.5700000000000001,55.193100000000015,52.239999999999995,0.6,31.343999999999994,31.0,0.0,0.0,198.7,23314.0,44097.0,22.9,10.1,75.0,29.8,8.51,346.0,217.0,0.7,0.5678970740907828
2026-02-26T08:44:00,02/26/202608:44,94.81,0.5700000000000001,54.041700000000006,52.25,0.59,30.827499999999997,30.5,0.0,0.0,198.7,23314.0,44097.0,22.9,10.1,75.0,29.8,8.51,346.0,217.0,0.7,0.5704391238617584
2026-02-26T08:45:25,02/26/202608:45,94.84,0.58,55.0072,52.260000000000005,0.59,30.8334,30.5,0.0,0.0,198.7,23314.0,44097.0,22.9,10.1,75.0,29.8,8.51,346.0,217.0,0.7,0.5605338937448189
2026-02-26T08:46:00,02/26/202608:46,95.03,0.58,55.117399999999996,52.27,0.6,31.362000000000002,31.0,0.0,0.0,198.7,23314.0,44097.0,22.9,10.1,75.0,29.8,8.51,346.0,217.0,0.7,0.5690036177323314
2026-02-26T08:46:26,02/26/202608:46,95.23,0.5700000000000001,54.28110000000001,52.279999999999994,0.61,31.890799999999995,31.5,0.0,0.0,198.7,23314.0,44097.0,22.9,10.120000000000001,74.6,29.802,8.647,346.9,222.2,0.73,0.5875120437868796
2026-02-26T08:47:00,02/26/202608:47,95.42,0.5599999999999999,53.435199999999995,52.29,0.6199999999999999,32.419799999999995,32.0,0.0,0.0,198.7,23314.0,44097.0,22.9,10.14,74.2,29.804000000000002,8.784,347.8,227.4,0.76,0.6067124292601132
2026-02-26T08:47:26,02/26/202608:47,96.27000000000001,0.54,51.98580000000001,52.3,0.63,32.949,32.5,0.0,0.0,198.7,23314.0,44097.0,22.9,10.16,73.8,29.806,8.921000000000001,348.7,232.6,0.7899999999999999,0.6338076936394167
2026-02-26T08:47:46,02/26/202608:47,97.12,0.53,51.473600000000005,52.32000000000001,0.6399999999999999,33.4848,33.0,0.0,0.0,198.7,23314.0,44097.0,23.0,10.18,73.4,29.808,9.058,349.6,237.8,0.82,0.6505237636380591
2026-02-26T08:48:00,02/26/202608:48,97.97,0.52,50.9444,52.339999999999996,0.6399999999999999,33.49759999999999,33.0,0.0,0.0,198.7,23314.0,44097.0,23.0,10.2,73.0,29.810000000000002,9.195,350.5,243.0,0.85,0.6575325256554202
2026-02-26T08:48:45,02/26/202608:48,98.82000000000001,0.5,49.410000000000004,52.36,0.6399999999999999,33.5104,33.0,0.0,0.0,198.7,23314.0,44097.0,22.9,10.22,72.6,29.812,9.332,351.4,248.2,0.8800000000000001,0.6782108884841124
2026-02-26T08:49:00,02/26/202608:49,99.67,0.49000000000000005,48.838300000000004,52.36999999999999,0.6399999999999999,33.51679999999999,33.0,0.0,0.0,198.7,23314.0,44097.0,22.9,10.24,72.2,29.814,9.469,352.3,253.4,0.9099999999999999,0.6862810540088411
2026-02-26T08:49:45,02/26/202608:49,100.52000000000001,0.49000000000000005,49.25480000000001,52.39,0.6399999999999999,33.529599999999995,33.0,0.0,0.0,198.7,23314.0,44097.0,22.9,10.260000000000002,71.8,29.816000000000003,9.606,353.2,258.6,0.9400000000000001,0.6807377149029128
2026-02-26T08:50:00,02/26/202608:50,99.32000000000001,0.48,47.6736,52.410000000000004,0.63,33.0183,32.5,0.0,0.0,198.7,23314.0,44097.0,22.9,10.280000000000001,71.4,29.818,9.743,354.1,263.8,0.97,0.6925908679017319
2026-02-26T08:50:46,02/26/202608:50,98.08,0.49000000000000005,48.059200000000004,52.410000000000004,0.6199999999999999,32.4942,32.0,0.0,0.0,198.7,23314.0,44097.0,22.9,10.3,71.0,29.82,9.88,355.0,269.0,1.0,0.6761286080500715
2026-02-26T08:51:00,02/26/202608:51,96.83,0.51,49.3833,52.410000000000004,0.61,31.970100000000002,31.5,0.0,0.0,198.7,23314.0,44097.0,22.9,10.3,71.0,29.82,9.88,355.0,269.0,1.0,0.6473868696502665
2026-02-26T08:52:26,02/26/202608:52,95.58,0.53,50.6574,52.42,0.6,31.451999999999998,31.0,0.0,0.0,198.7,23314.0,44097.0,22.9,10.3,71.0,29.82,9.88,355.0,269.0,1.0,0.6208767129777683
2026-02-26T08:52:45,02/26/202608:52,95.55,0.5599999999999999,53.507999999999996,52.44,0.6,31.464,31.0,0.0,0.0,198.7,23314.0,44097.0,22.9,10.3,71.0,29.82,9.88,355.0,269.0,1.0,0.5880242206772819
2026-02-26T08:53:00,02/26/202608:53,95.52000000000001,0.58,55.4016,52.45,0.6,31.47,31.0,0.0,0.0,198.7,23314.0,44097.0,22.9,10.3,71.0,29.82,9.88,355.0,269.0,1.0,0.5680341361982325
2026-02-26T08:53:45,02/26/202608:53,96.72999999999999,0.58,56.10339999999999,52.470000000000006,0.62,32.531400000000005,32.1,0.0,0.0,198.7,23314.0,44097.0,22.9,10.3,71.0,29.82,9.88,355.0,269.0,1.0,0.5798472106859835
2026-02-26T08:54:01,02/26/202608:54,97.94,0.59,57.7846,52.489999999999995,0.64,33.593599999999995,33.2,0.0,0.0,198.7,23314.0,44097.0,22.9,10.3,71.0,29.82,9.88,355.0,269.0,1.0,0.5813590472201936
2026-02-26T08:55:00,02/26/202608:55,99.15,0.6,59.49,52.510000000000005,0.6599999999999999,34.6566,34.3,0.0,0.0,198.7,23314.0,44097.0,22.9,10.3,71.0,29.82,9.88,355.0,269.0,1.0,0.58256177508825
2026-02-26T08:56:01,02/26/202608:56,100.36,0.6,60.215999999999994,52.52,0.6799999999999999,35.7136,35.4,0.0,0.0,198.7,23314.0,44097.0,22.9,10.3,71.0,29.82,9.88,355.0,269.0,1.0,0.593091537132988
2026-02-26T08:56:45,02/26/202608:56,101.02000000000001,0.61,61.62220000000001,52.529999999999994,0.6900000000000001,36.2457,35.9,0.0,0.0,198.7,23314.0,44097.0,22.9,10.3,71.0,29.82,9.88,355.0,269.0,1.0,0.5881922424061458
2026-02-26T08:57:00,02/26/202608:57,101.72,0.6,61.032,52.55,0.7,36.785,36.4,0.0,0.0,198.7,23314.0,44097.0,22.9,10.3,71.0,29.82,9.88,355.0,269.0,1.0,0.6027166076812164
2026-02-26T08:57:45,02/26/202608:57,102.42999999999999,0.59,60.433699999999995,52.57000000000001,0.71,37.3247,36.9,0.0,0.0,198.7,23314.0,44097.0,22.9,10.3,71.0,29.82,9.88,355.0,269.0,1.0,0.6176140133733331
2026-02-26T08:58:00,02/26/202608:58,103.14000000000001,0.58,59.821200000000005,52.58,0.72,37.8576,37.4,0.0,0.0,198.7,23314.0,44097.0,22.9,10.3,71.0,29.82,9.88,355.0,269.0,1.0,0.632845880724559
2026-02-26T08:59:00,02/26/202608:59,103.84,0.5700000000000001,59.18880000000001,52.589999999999996,0.73,38.390699999999995,37.9,0.0,0.0,198.7,23314.0,44097.0,22.9,10.3,71.0,29.82,9.88,355.0,269.0,1.0,0.6486142648609194
2026-02-26T08:59:46,02/26/202608:59,104.92999999999999,0.5599999999999999,58.76079999999999,52.61,0.74,38.9314,38.4,0.0,0.0,198.7,23314.0,44097.0,22.9,10.3,71.0,29.82,9.88,355.0,269.0,1.0,0.6625403330111231
2026-02-26T09:00:00,02/26/202609:00,104.78,0.5700000000000001,59.72460000000001,52.620000000000005,0.73,38.412600000000005,37.8,0.0,0.0,198.7,23314.0,44097.0,22.9,10.3,71.0,29.82,9.88,355.0,269.0,1.0,0.6431621141037361
2026-02-26T09:00:46,02/26/202609:00,104.65,0.58,60.696999999999996,52.63000000000001,0.72,37.893600000000006,37.2,0.0,0.0,198.7,23314.0,44097.0,22.9,10.3,71.0,29.82,9.88,355.0,269.0,1.0,0.6243076264065771
2026-02-26T09:01:00,02/26/202609:01,104.52000000000001,0.59,61.6668,52.64,0.71,37.3744,36.6,0.0,0.0,198.7,23314.0,44097.0,22.9,10.3,71.0,29.82,9.88,355.0,269.0,1.0,0.6060700409296412
2026-02-26T09:01:45,02/26/202609:01,104.39000000000001,0.6,62.63400000000001,52.65,0.7,36.855,36.0,0.0,0.0,198.7,23314.0,44097.0,22.9,10.35,70.7,29.82,9.874,319.6,274.2,1.02,0.5884184308841842
2026-02-26T09:02:00,02/26/202609:02,104.80999999999999,0.6,62.88599999999999,52.660000000000004,0.7,36.862,36.0,0.0,0.0,198.7,23314.0,44097.0,22.9,10.4,70.4,29.82,9.868,284.2,279.4,1.04,0.5861718029450117
2026-02-26T09:03:38,02/26/202609:03,105.25999999999999,0.6,63.15599999999999,52.68000000000001,0.7,36.876000000000005,36.0,0.0,0.0,198.7,23314.0,44097.0,22.9,10.45,70.1,29.82,9.862,248.8,284.6,1.06,0.5838875166254989
2026-02-26T09:03:45,02/26/202609:03,105.71,0.6,63.425999999999995,52.69,0.7,36.882999999999996,36.0,0.0,0.0,198.7,23314.0,44097.0,22.9,10.5,69.8,29.82,9.856,213.4,289.8,1.08,0.5815123135622615
2026-02-26T09:04:00,02/26/202609:04,106.16,0.6,63.696,52.7,0.7,36.89,36.0,0.0,0.0,198.7,23314.0,44097.0,22.9,10.55,69.5,29.82,9.85,178.0,295.0,1.1,0.5791572469228837
2026-02-26T09:05:31,02/26/202609:05,106.71,0.6,64.026,52.720000000000006,0.7,36.904,36.0,0.0,0.0,198.7,23314.0,44097.0,22.9,10.6,69.2,29.82,9.844,142.6,300.2,1.1199999999999999,0.5763908412207541
2026-02-26T09:06:01,02/26/202609:06,106.87,0.6,64.122,52.73,0.7,36.910999999999994,36.0,0.0,0.0,198.7,23314.0,44097.0,22.9,10.65,68.9,29.82,9.838000000000001,107.2,305.4,1.1400000000000001,0.5756370668413336
2026-02-26T09:06:31,02/26/202609:06,107.04,0.6,64.224,52.73,0.7,36.910999999999994,36.0,0.0,0.0,198.7,23314.0,44097.0,22.9,10.7,68.6,29.82,9.832,71.8,310.6,1.16,0.5747228450423516
2026-02-26T09:07:01,02/26/202609:07,107.19000000000001,0.6,64.31400000000001,52.739999999999995,0.7,36.91799999999999,36.0,0.0,0.0,198.7,23314.0,44097.0,22.9,10.75,68.3,29.82,9.826,36.4,315.8,1.18,0.5740274279317099
2026-02-26T09:07:46,02/26/202609:07,107.28,0.6,64.368,52.75,0.7,36.925,36.0,0.0,0.0,198.7,23314.0,44097.0,22.9,10.8,68.0,29.82,9.82,1.0,321.0,1.2,0.5736546109868258
2026-02-26T09:08:01,02/26/202609:08,107.37,0.6,64.422,52.760000000000005,0.7,36.932,36.0,0.0,0.0,198.7,23314.0,44097.0,22.9,10.8,68.0,29.82,9.82,1.0,321.0,1.2,0.5732824190493931
2026-02-26T09:08:45,02/26/202609:08,107.5,0.6,64.5,52.77,0.7,36.939,36.1,0.0,0.0,198.7,23314.0,44097.0,22.9,10.8,68.0,29.82,9.82,1.0,321.0,1.2,0.5726976744186046
2026-02-26T09:09:01,02/26/202609:09,107.6,0.6,64.55999999999999,52.77,0.7,36.939,36.2,0.0,0.0,198.7,23314.0,44097.0,22.9,10.8,68.0,29.82,9.82,1.0,321.0,1.2,0.5721654275092938
2026-02-26T09:10:00,02/26/202609:10,107.69000000000001,0.6,64.614,52.79,0.7,36.952999999999996,36.3,0.0,0.0,198.7,23314.0,44097.0,22.9,10.8,68.0,29.82,9.82,1.0,321.0,1.2,0.571903921750704
2026-02-26T09:10:46,02/26/202609:10,107.78,0.59,63.590199999999996,52.81,0.7,36.967,36.4,0.0,0.0,198.7,23314.0,44097.0,22.9,10.8,68.0,29.82,9.82,1.0,321.0,1.2,0.581331714635274
2026-02-26T09:11:00,02/26/202609:11,107.77000000000001,0.58,62.5066,52.81999999999999,0.7,36.97399999999999,36.5,0.0,0.0,198.7,23314.0,44097.0,22.9,10.8,68.0,29.82,9.82,1.0,321.0,1.2,0.5915215353258695
2026-02-26T09:11:46,02/26/202609:11,107.71,0.59,63.548899999999996,52.83,0.7,36.980999999999995,36.6,0.0,0.0,198.7,23314.0,44097.0,22.9,10.8,68.0,29.82,9.82,1.0,321.0,1.2,0.5819298209725109
2026-02-26T09:12:00,02/26/202609:12,107.64000000000001,0.6,64.584,52.85,0.7,36.995,36.7,0.0,0.0,198.7,23314.0,44097.0,22.9,10.8,68.0,29.82,9.82,1.0,321.0,1.2,0.5728198934720673
2026-02-26T09:12:46,02/26/202609:12,107.57000000000001,0.6,64.542,52.86,0.7,37.001999999999995,36.8,0.0,0.0,198.7,23314.0,44097.0,22.9,10.8,68.0,29.82,9.82,1.0,321.0,1.2,0.5733011062563911
2026-02-26T09:13:00,02/26/202609:13,107.55999999999999,0.6,64.53599999999999,52.86999999999999,0.7,37.00899999999999,36.9,0.0,0.0,198.7,23314.0,44097.0,22.9,10.8,68.0,29.82,9.82,1.0,321.0,1.2,0.573462873434982
2026-02-26T09:14:49,02/26/202609:14,107.62,0.6,64.572,52.879999999999995,0.71,37.544799999999995,37.5,0.0,0.0,198.7,23314.0,44097.0,22.9,10.8,68.0,29.82,9.82,1.0,321.0,1.2,0.5814408722046707
2026-02-26T09:15:00,02/26/202609:15,107.64000000000001,0.6,64.584,52.89,0.72,38.080799999999996,38.0,0.0,0.0,198.7,23314.0,44097.0,22.9,10.8,68.0,29.82,9.82,1.0,321.0,1.2,0.5896321070234113
2026-02-26T09:15:42,02/26/202609:15,107.6,0.6,64.55999999999999,52.910000000000004,0.73,38.624300000000005,38.5,0.0,0.0,198.7,23314.0,44097.0,22.9,10.8,68.0,29.82,9.82,1.0,321.0,1.2,0.598269826517968
2026-02-26T09:16:01,02/26/202609:16,107.55999999999999,0.6,64.53599999999999,52.92,0.74,39.1608,39.0,0.0,0.0,198.7,23314.0,44097.0,22.9,10.8,68.0,29.82,9.82,1.0,321.0,1.2,0.6068055039047975
2026-02-26T09:16:42,02/26/202609:16,107.52000000000001,0.61,65.58720000000001,52.92999999999999,0.75,39.69749999999999,39.5,0.0,0.0,198.7,23314.0,44097.0,22.9,10.85,67.8,29.82,9.851,1.5,326.2,1.23,0.6052629171545665
2026-02-26T09:17:00,02/26/202609:17,107.47999999999999,0.6199999999999999,66.63759999999998,52.94,0.76,40.2344,40.0,0.0,0.0,198.7,23314.0,44097.0,22.9,10.9,67.6,29.82,9.882000000000001,2.0,331.4,1.26,0.6037792477520201
2026-02-26T09:17:38,02/26/202609:17,107.58,0.61,65.6238,52.94,0.77,40.763799999999996,40.5,0.0,0.0,198.7,23314.0,44097.0,22.9,10.95,67.4,29.82,9.913,2.5,336.6,1.29,0.6211740252774145
2026-02-26T09:18:01,02/26/202609:18,107.67999999999999,0.6,64.60799999999999,52.94,0.78,41.2932,41.0,0.0,0.0,198.7,23314.0,44097.0,22.9,11.0,67.2,29.82,9.943999999999999,3.0,341.8,1.3199999999999998,0.6391344725111442
2026-02-26T09:18:37,02/26/202609:18,107.72999999999999,0.6,64.63799999999999,52.95,0.79,41.8305,41.5,0.0,0.0,198.7,23314.0,44097.0,22.9,11.05,67.0,29.82,9.975,3.5,347.0,1.35,0.6471502831151955
2026-02-26T09:19:00,02/26/202609:19,107.78,0.6,64.66799999999999,52.96,0.8,42.368,42.0,0.0,0.0,198.7,23314.0,44097.0,22.9,11.1,66.8,29.82,10.006,4.0,352.2,1.3800000000000001,0.6551617492422838
2026-02-26T09:19:37,02/26/202609:19,107.77000000000001,0.6,64.662,52.970000000000006,0.8,42.376000000000005,42.0,0.0,0.0,198.7,23314.0,44097.0,22.9,11.15,66.6,29.82,10.037,4.5,357.4,1.41,0.6553462621013888
2026-02-26T09:20:01,02/26/202609:20,107.75999999999999,0.6,64.65599999999999,52.98,0.8,42.384,42.0,0.0,0.0,198.7,23314.0,44097.0,22.9,11.2,66.4,29.82,10.068000000000001,5.0,362.6,1.44,0.6555308092056422
2026-02-26T09:20:46,02/26/202609:20,107.9,0.6,64.74,52.98,0.8,42.384,42.0,0.0,0.0,198.7,23314.0,44097.0,22.9,11.25,66.2,29.82,10.099,5.5,367.8,1.47,0.6546802594995367
2026-02-26T09:20:59,02/26/202609:20,107.97999999999999,0.6,64.788,52.98,0.8,42.384,42.0,0.0,0.0,198.7,23314.0,44097.0,22.9,11.3,66.0,29.82,10.13,6.0,373.0,1.5,0.6541952213372847
2026-02-26T09:21:01,02/26/202609:21,108.05999999999999,0.6,64.83599999999998,52.98,0.8,42.384,42.0,0.0,0.0,198.7,23314.0,44097.0,22.9,11.3,66.0,29.82,10.13,6.0,373.0,1.5,0.6537109013511014
2026-02-26T09:21:58,02/26/202609:21,108.15,0.6,64.89,52.98,0.8,42.384,42.0,0.0,0.0,198.7,23314.0,44097.0,22.9,11.3,66.0,29.82,10.13,6.0,373.0,1.5,0.653166897827092
2026-02-26T09:22:00,02/26/202609:22,108.15,0.6,64.89,52.989999999999995,0.8,42.391999999999996,42.0,0.0,0.0,198.7,23314.0,44097.0,22.9,11.3,66.0,29.82,10.13,6.0,373.0,1.5,0.6532901833872707
2026-02-26T09:23:01,02/26/202609:23,108.15,0.6,64.89,53.010000000000005,0.8,42.40800000000001,42.0,0.0,1.0,198.7,23314.0,44097.0,22.9,11.3,66.0,29.82,10.13,6.0,373.0,1.5,0.6535367545076284
2026-02-26T09:23:58,02/26/202609:23,108.3,0.59,63.897,53.02,0.8,42.416000000000004,42.0,0.0,1.0,198.7,23314.0,44097.0,22.9,11.3,66.0,29.82,10.13,6.0,373.0,1.5,0.663818332629075
2026-02-26T09:24:01,02/26/202609:24,108.45,0.58,62.900999999999996,53.029999999999994,0.8,42.424,42.0,0.0,1.0,198.7,23314.0,44097.0,22.9,11.3,66.0,29.82,10.13,6.0,373.0,1.5,0.6744566859032448
2026-02-26T09:25:59,02/26/202609:25,108.59,0.5700000000000001,61.89630000000001,53.04,0.8,42.432,42.0,0.0,1.0,198.7,23314.0,44097.0,22.9,11.3,66.0,29.82,10.13,6.0,373.0,1.5,0.6855337071844358
2026-02-26T09:26:01,02/26/202609:26,108.72999999999999,0.5599999999999999,60.88879999999999,53.05,0.8,42.44,42.0,0.0,1.0,198.7,23314.0,44097.0,22.9,11.3,66.0,29.82,10.13,6.0,373.0,1.5,0.6970083168004626
2026-02-26T09:26:11,02/26/202609:26,108.79,0.5700000000000001,62.01030000000001,53.06,0.8,42.44800000000001,42.0,0.0,1.0,198.7,23314.0,44097.0,22.9,11.3,66.0,29.82,10.13,6.0,373.0,1.5,0.6845314407445215
2026-02-26T09:27:00,02/26/202609:27,108.91,0.58,63.16779999999999,53.07000000000001,0.8,42.45600000000001,42.0,0.0,1.0,198.7,23314.0,44097.0,22.9,11.3,66.0,29.82,10.13,6.0,373.0,1.5,0.6721145900284641
2026-02-26T09:27:12,02/26/202609:27,109.02000000000001,0.59,64.3218,53.08,0.8,42.464,42.0,0.0,1.0,198.7,23314.0,44097.0,22.9,11.32,66.0,29.82,10.13,6.2,373.0,1.5,0.6601805297737314
2026-02-26T09:28:00,02/26/202609:28,109.12,0.6,65.472,53.089999999999996,0.8,42.472,42.0,0.0,1.0,198.7,23314.0,44097.0,22.9,11.34,66.0,29.82,10.13,6.4,373.0,1.5,0.6487047898338222
2026-02-26T09:28:11,02/26/202609:28,109.22999999999999,0.61,66.63029999999999,53.1,0.8,42.480000000000004,42.0,0.0,1.0,198.7,23314.0,44097.0,22.9,11.360000000000001,66.0,29.82,10.13,6.6,373.0,1.5,0.6375477823152531
2026-02-26T09:29:00,02/26/202609:29,109.34,0.6199999999999999,67.79079999999999,53.1,0.8,42.480000000000004,42.0,0.0,1.0,198.7,23314.0,44097.0,22.9,11.38,66.0,29.82,10.13,6.8,373.0,1.5,0.6266337025083051
2026-02-26T09:29:11,02/26/202609:29,109.32000000000001,0.6199999999999999,67.77839999999999,53.11,0.8,42.488,42.0,0.0,1.0,198.7,23314.0,44097.0,22.9,11.4,66.0,29.82,10.223,6.9,373.0,1.5,0.6268663763086766
2026-02-26T09:30:01,02/26/202609:30,109.3,0.6199999999999999,67.76599999999999,53.120000000000005,0.8,42.49600000000001,42.0,0.0,1.0,198.7,23314.0,44097.0,22.9,11.42,66.0,29.82,10.316,7.0,373.0,1.5,0.62709913525957
2026-02-26T09:31:01,02/26/202609:31,109.28,0.6199999999999999,67.75359999999999,53.13000000000001,0.8,42.50400000000001,42.0,0.0,1.0,198.7,23314.0,44097.0,22.9,11.440000000000001,66.0,29.82,10.409,7.1,373.0,1.5,0.6273319794077366
2026-02-26T09:31:11,02/26/202609:31,109.27000000000001,0.6199999999999999,67.7474,53.14,0.8,42.512,42.0,0.0,1.0,198.7,23314.0,44097.0,22.9,11.49,65.8,29.82,10.471,7.0,378.0,1.54,0.6275074763016736
2026-02-26T09:32:00,02/26/202609:32,109.25,0.6,65.55,53.15,0.8,42.52,42.0,0.0,1.0,198.7,23314.0,44097.0,22.9,11.540000000000001,65.6,29.82,10.533000000000001,6.9,383.0,1.58,0.6486651411136538
2026-02-26T09:32:11,02/26/202609:32,108.97,0.58,63.2026,53.160000000000004,0.8,42.528000000000006,42.0,0.0,1.0,198.7,23314.0,44097.0,22.9,11.59,65.3,29.82,10.595,6.8,388.0,1.6199999999999999,0.6728837104802652
2026-02-26T09:33:00,02/26/202609:33,108.7,0.5599999999999999,60.87199999999999,53.17,0.8,42.536,42.0,0.0,1.0,198.7,23314.0,44097.0,22.9,11.620000000000001,65.0,29.82,10.657,6.5,393.0,1.6600000000000001,0.6987777631751874
2026-02-26T09:33:11,02/26/202609:33,108.44000000000001,0.54,58.55760000000001,53.18000000000001,0.8,42.54400000000001,42.0,0.0,1.0,198.7,23314.0,44097.0,22.9,11.65,64.7,29.82,10.719,6.2,398.0,1.7,0.7265325081629029
2026-02-26T09:34:01,02/26/202609:34,108.17,0.52,56.248400000000004,53.19,0.8,42.552,42.0,0.0,1.0,198.7,23314.0,44097.0,22.9,11.680000000000001,64.4,29.82,10.781,5.9,403.0,1.7399999999999998,0.7565015182654083
2026-02-26T09:34:11,02/26/202609:34,107.9,0.5,53.95,53.2,0.79,42.028000000000006,41.5,0.0,1.0,198.7,23314.0,44097.0,22.9,11.71,64.1,29.82,10.843,5.6,408.0,1.78,0.779017608897127
2026-02-26T09:34:46,02/26/202609:34,107.66,0.51,54.9066,53.21,0.77,40.9717,40.4,0.0,1.0,198.7,23314.0,44097.0,22.9,11.74,63.8,29.82,10.812000000000001,5.4,413.0,1.8199999999999998,0.7462071954919809
2026-02-26T09:35:01,02/26/202609:35,107.42,0.52,55.8584,53.220000000000006,0.75,39.915000000000006,39.3,0.0,1.0,198.7,23314.0,44097.0,22.9,11.77,63.5,29.82,10.781,5.2,418.0,1.8599999999999999,0.7145747103390001
2026-02-26T09:35:47,02/26/202609:35,107.47999999999999,0.52,55.889599999999994,53.220000000000006,0.76,40.4472,39.8,0.0,1.0,198.7,23314.0,44097.0,22.9,11.8,63.2,29.82,10.75,5.0,423.0,1.9,0.7236981477770463
2026-02-26T09:37:09,02/26/202609:37,107.53,0.52,55.915600000000005,53.23,0.78,41.5194,40.9,0.0,1.0,198.7,23314.0,44097.0,22.9,11.8,63.1,29.82,10.75,5.0,423.0,1.9,0.7425369664279735
2026-02-26T09:37:47,02/26/202609:37,107.59,0.52,55.9468,53.239999999999995,0.8,42.592,42.0,0.0,1.0,198.7,23314.0,44097.0,22.9,11.8,63.0,29.82,10.75,5.0,423.0,1.9,0.7612946584970006
2026-02-26T09:38:00,02/26/202609:38,107.91,0.52,56.1132,53.25,0.82,43.665,43.1,0.0,1.0,198.7,23314.0,44097.0,22.9,11.8,63.0,29.82,10.75,5.0,423.0,1.9,0.7781591497187827
2026-02-26T09:38:47,02/26/202609:38,107.72999999999999,0.53,57.0969,53.260000000000005,0.82,43.6732,43.1,0.0,1.0,198.7,23314.0,44097.0,22.9,11.8,63.0,29.82,10.75,5.0,423.0,1.9,0.7648961677429073
2026-02-26T09:39:00,02/26/202609:39,107.54,0.54,58.071600000000004,53.27,0.82,43.6814,43.1,0.0,1.0,198.7,23314.0,44097.0,22.9,11.8,63.0,29.82,10.75,5.0,423.0,1.9,0.7521990094986188
2026-02-26T09:40:01,02/26/202609:40,107.35,0.55,59.042500000000004,53.29,0.82,43.697799999999994,43.1,0.0,1.0,198.7,23314.0,44097.0,22.9,11.8,63.0,29.82,10.75,5.0,423.0,1.9,0.740107549646441
2026-02-26T09:40:47,02/26/202609:40,107.17,0.5599999999999999,60.01519999999999,53.3,0.8300000000000001,44.239000000000004,43.6,0.0,1.0,198.7,23314.0,44097.0,22.9,11.8,63.0,29.82,10.75,5.0,423.0,1.9,0.7371299270851386
2026-02-26T09:41:01,02/26/202609:41,106.99000000000001,0.5599999999999999,59.9144,53.3,0.85,45.305,44.7,0.0,1.0,198.7,23314.0,44097.0,22.9,11.8,63.0,29.82,10.75,5.0,423.0,1.9,0.7561621246311404
2026-02-26T09:41:47,02/26/202609:41,107.44000000000001,0.5599999999999999,60.1664,53.31,0.8700000000000001,46.37970000000001,45.8,0.0,1.0,198.7,23314.0,44097.0,22.9,11.8,63.0,29.82,10.75,5.0,423.0,1.9,0.7708571561536007
2026-02-26T09:42:00,02/26/202609:42,107.59,0.5700000000000001,61.32630000000001,53.33,0.86,45.8638,45.3,0.0,1.0,198.7,23314.0,44097.0,22.9,11.8,63.0,29.82,10.75,5.0,423.0,1.9,0.7478651084445008
2026-02-26T09:42:47,02/26/202609:42,107.75,0.58,62.495,53.339999999999996,0.85,45.339,44.8,0.0,1.0,198.7,23314.0,44097.0,22.9,11.8,63.0,29.82,10.75,5.0,423.0,1.9,0.725482038563085
2026-02-26T09:43:00,02/26/202609:43,107.9,0.59,63.661,53.35,0.8400000000000001,44.81400000000001,44.3,0.0,1.0,198.7,23314.0,44097.0,22.9,11.8,63.0,29.82,10.75,5.0,423.0,1.9,0.7039474717645027
2026-02-26T09:44:01,02/26/202609:44,108.05,0.6,64.83,53.36,0.8300000000000001,44.2888,43.8,0.0,1.0,198.7,23314.0,44097.0,22.9,11.8,63.0,29.82,10.75,5.0,423.0,1.9,0.6831528613296314
2026-02-26T09:44:46,02/26/202609:44,108.8,0.6,65.28,53.379999999999995,0.8400000000000001,44.8392,44.4,0.0,1.0,198.7,23314.0,44097.0,22.9,11.8,63.0,29.82,10.75,5.0,423.0,1.9,0.686875
2026-02-26T09:45:01,02/26/202609:45,109.55,0.6,65.72999999999999,53.4,0.85,45.39,45.0,0.0,1.0,198.7,23314.0,44097.0,22.9,11.8,63.0,29.82,10.75,5.0,423.0,1.9,0.6905522592423552
2026-02-26T09:45:47,02/26/202609:45,110.3,0.61,67.283,53.4,0.8400000000000001,44.856,44.5,0.0,1.0,198.7,23314.0,44097.0,22.9,11.84,62.9,29.82,10.706,4.9,427.6,1.94,0.6666765750635376
2026-02-26T09:46:00,02/26/202609:46,111.04,0.6199999999999999,68.84479999999999,53.410000000000004,0.8300000000000001,44.33030000000001,44.0,0.0,1.0,198.7,23314.0,44097.0,22.9,11.88,62.8,29.82,10.662,4.8,432.2,1.9799999999999998,0.6439164613739892
2026-02-26T09:46:13,02/26/202609:46,111.79,0.63,70.4277,53.42,0.82,43.8044,43.5,0.0,1.0,198.7,23314.0,44097.0,22.9,11.92,62.7,29.82,10.618,4.7,436.8,2.02,0.6219768642167783
2026-02-26T09:47:00,02/26/202609:47,111.91,0.6399999999999999,71.62239999999998,53.42,0.8099999999999999,43.270199999999996,43.0,0.0,1.0,198.7,23314.0,44097.0,22.9,11.959999999999999,62.6,29.82,10.574000000000002,4.6,441.4,2.0599999999999996,0.6041433964793138
2026-02-26T09:48:21,02/26/202609:48,111.96,0.63,70.53479999999999,53.42,0.82,43.8044,43.6,0.0,1.0,198.7,23314.0,44097.0,22.9,12.0,62.5,29.82,10.53,4.5,446.0,2.1,0.621032454901694
2026-02-26T09:49:00,02/26/202609:49,112.0,0.6199999999999999,69.43999999999998,53.42,0.82,43.8044,43.6,0.0,1.0,198.7,23314.0,44097.0,22.9,12.040000000000001,62.4,29.82,10.486,4.4,450.6,2.1399999999999997,0.6308237327188941
2026-02-26T09:50:01,02/26/202609:50,112.04,0.61,68.34440000000001,53.42,0.82,43.8044,43.6,0.0,1.0,198.7,23314.0,44097.0,22.9,12.08,62.3,29.82,10.442,4.3,455.2,2.1799999999999997,0.640936199600845
2026-02-26T09:50:12,02/26/202609:50,111.7,0.61,68.137,53.42999999999999,0.8099999999999999,43.278299999999994,43.0,0.0,1.0,198.7,23314.0,44097.0,22.9,12.12,62.2,29.82,10.398,4.2,459.8,2.2199999999999998,0.6351659157286055
2026-02-26T09:51:01,02/26/202609:51,111.25999999999999,0.61,67.86859999999999,53.42999999999999,0.8,42.744,42.4,0.0,1.0,198.7,23314.0,44097.0,22.9,12.16,62.1,29.82,10.354000000000001,4.1,464.4,2.26,0.6298052413045209
2026-02-26T09:51:13,02/26/202609:51,110.82000000000001,0.61,67.6002,53.42999999999999,0.8,42.744,42.4,0.0,1.0,198.7,23314.0,44097.0,22.9,12.2,62.0,29.82,10.31,4.0,469.0,2.3,0.6323058215804095
2026-02-26T09:52:00,02/26/202609:52,110.38,0.6,66.228,53.44,0.82,43.8208,43.5,0.0,1.0,198.7,23314.0,44097.0,22.9,12.2,62.0,29.82,10.31,4.0,469.0,2.3,0.6616657607054418
2026-02-26T09:52:13,02/26/202609:52,109.95,0.59,64.87049999999999,53.45,0.8400000000000001,44.898,44.6,0.0,1.0,198.7,23314.0,44097.0,22.9,12.2,62.0,29.82,10.31,4.0,469.0,2.3,0.6921173723032813
2026-02-26T09:53:00,02/26/202609:53,109.51000000000002,0.58,63.515800000000006,53.46,0.86,45.9756,45.7,0.0,1.0,198.7,23314.0,44097.0,22.9,12.2,62.0,29.82,10.31,4.0,469.0,2.3,0.7238450905129117
2026-02-26T09:53:12,02/26/202609:53,109.22999999999999,0.5700000000000001,62.2611,53.470000000000006,0.8800000000000001,47.05360000000001,46.8,0.0,1.0,198.7,23314.0,44097.0,22.9,12.2,62.0,29.82,10.31,4.0,469.0,2.3,0.7557463649052139
2026-02-26T09:54:01,02/26/202609:54,109.02000000000001,0.58,63.2316,53.48,0.8800000000000001,47.062400000000004,46.8,0.0,1.0,198.7,23314.0,44097.0,22.9,12.2,62.0,29.82,10.31,4.0,469.0,2.3,0.7442860848056985
2026-02-26T09:54:02,02/26/202609:54,108.80999999999999,0.6,65.28599999999999,53.489999999999995,0.8800000000000001,47.071200000000005,46.8,0.0,1.0,198.7,23314.0,44097.0,22.9,12.2,62.0,29.82,10.31,4.0,469.0,2.3,0.7209999080966825
2026-02-26T09:55:00,02/26/202609:55,108.6,0.6199999999999999,67.33199999999998,53.5,0.8800000000000001,47.080000000000005,46.8,0.0,1.0,198.7,23314.0,44097.0,22.9,12.2,62.0,29.82,10.31,4.0,469.0,2.3,0.699221766767659
2026-02-26T09:55:02,02/26/202609:55,108.75999999999999,0.6199999999999999,67.43119999999998,53.5,0.89,47.615,47.4,0.0,1.0,198.7,23314.0,44097.0,22.9,12.2,62.0,29.82,10.31,4.0,469.0,2.3,0.7061271340269789
2026-02-26T09:55:13,02/26/202609:55,108.92999999999999,0.6199999999999999,67.53659999999998,53.5,0.89,47.615,47.4,0.0,1.0,198.7,23314.0,44097.0,22.9,12.2,62.0,29.82,10.31,4.0,469.0,2.3,0.7050251271162602
2026-02-26T09:56:00,02/26/202609:56,109.1,0.6199999999999999,67.64199999999998,53.5,0.8800000000000001,47.080000000000005,46.8,0.0,1.0,198.7,23314.0,44097.0,22.9,12.2,62.0,29.82,10.31,4.0,469.0,2.3,0.6960172673782564
2026-02-26T09:56:13,02/26/202609:56,108.22999999999999,0.63,68.1849,53.510000000000005,0.89,47.623900000000006,47.3,0.0,1.0,198.7,23314.0,44097.0,22.9,12.2,62.0,29.82,10.31,4.0,469.0,2.3,0.6984522966228595
2026-02-26T09:57:00,02/26/202609:57,107.35,0.6399999999999999,68.70399999999998,53.52,0.9,48.168000000000006,47.8,0.0,1.0,198.7,23314.0,44097.0,22.9,12.2,62.0,29.82,10.31,4.0,469.0,2.3,0.7010945505356314
2026-02-26T09:58:01,02/26/202609:58,106.47,0.65,69.2055,53.52,0.9099999999999999,48.703199999999995,48.3,0.0,1.0,198.7,23314.0,44097.0,22.9,12.2,62.0,29.82,10.31,4.0,469.0,2.3,0.7037475345167652
2026-02-26T09:59:31,02/26/202609:59,105.44000000000001,0.6599999999999999,69.5904,53.529999999999994,0.93,49.7829,49.3,0.0,1.0,198.7,23314.0,44097.0,22.9,12.2,62.0,29.82,10.31,4.0,469.0,2.3,0.7153702234791005
2026-02-26T09:59:47,02/26/202609:59,105.38,0.6599999999999999,69.5508,53.54,0.93,49.7922,49.3,0.0,1.0,198.7,23314.0,44097.0,22.9,12.2,62.0,29.82,10.31,4.0,469.0,2.3,0.7159112476060664
2026-02-26T10:00:00,02/26/202610:00,105.32000000000001,0.65,68.45800000000001,53.55,0.93,49.8015,49.3,0.0,1.0,198.7,23314.0,44097.0,22.9,12.2,62.0,29.82,10.31,4.0,469.0,2.3,0.7274752402933183
2026-02-26T10:00:47,02/26/202610:00,105.27000000000001,0.6399999999999999,67.3728,53.56,0.93,49.81080000000001,49.3,0.0,1.0,198.7,23314.0,44097.0,22.9,12.25,62.0,29.82,10.155000000000001,4.2,473.4,2.3299999999999996,0.7393310059846111
2026-02-26T10:01:00,02/26/202610:01,105.22999999999999,0.6399999999999999,67.34719999999999,53.57000000000001,0.93,49.82010000000001,49.3,0.0,1.0,198.7,23314.0,44097.0,22.9,12.3,62.0,29.82,10.0,4.4,477.8,2.36,0.7397501306661601
2026-02-26T10:02:00,02/26/202610:02,105.17999999999999,0.6399999999999999,67.31519999999999,53.58,0.9400000000000001,50.3652,49.9,0.0,1.0,198.7,23314.0,44097.0,22.9,12.35,62.0,29.82,9.845,4.6,482.2,2.3899999999999997,0.7481995151169425
2026-02-26T10:02:47,02/26/202610:02,104.85,0.65,68.1525,53.589999999999996,0.95,50.91049999999999,50.5,0.0,1.0,198.7,23314.0,44097.0,22.9,12.4,62.0,29.82,9.690000000000001,4.8,486.6,2.42,0.7470085470085468
2026-02-26T10:03:00,02/26/202610:03,105.55999999999999,0.65,68.61399999999999,53.589999999999996,0.9400000000000001,50.3746,50.0,0.0,1.0,198.7,23314.0,44097.0,22.9,12.45,62.0,29.82,9.535,5.0,491.0,2.45,0.7341737837759059
2026-02-26T10:04:01,02/26/202610:04,106.27000000000001,0.65,69.0755,53.589999999999996,0.93,49.838699999999996,49.5,0.0,1.0,198.7,23314.0,44097.0,22.9,12.5,62.0,29.82,9.379999999999999,5.2,495.4,2.48,0.7215105210964813
2026-02-26T10:05:00,02/26/202610:05,106.97999999999999,0.65,69.53699999999999,53.6,0.9200000000000002,49.31200000000001,49.0,0.0,1.0,198.7,23314.0,44097.0,22.9,12.55,62.0,29.82,9.225,5.4,499.8,2.5100000000000002,0.7091476480147262
2026-02-26T10:05:47,02/26/202610:05,108.0,0.6599999999999999,71.27999999999999,53.6,0.9,48.24,48.0,0.0,1.0,198.7,23314.0,44097.0,22.9,12.6,62.0,29.82,9.07,5.6,504.2,2.54,0.6767676767676769
2026-02-26T10:06:01,02/26/202610:06,108.05,0.6799999999999999,73.47399999999999,53.6,0.9,48.24,48.0,0.0,1.0,198.7,23314.0,44097.0,22.9,12.65,62.0,29.82,8.915000000000001,5.8,508.6,2.57,0.6565587826986418
2026-02-26T10:06:47,02/26/202610:06,108.1,0.7,75.66999999999999,53.61,0.9099999999999999,48.78509999999999,48.5,0.0,1.0,198.7,23314.0,44097.0,22.9,12.7,62.0,29.82,8.76,6.0,513.0,2.6,0.6447086031452359
2026-02-26T10:07:00,02/26/202610:07,108.14000000000001,0.72,77.86080000000001,53.620000000000005,0.9199999999999999,49.3304,49.0,0.0,1.0,198.7,23314.0,44097.0,22.9,12.7,62.0,29.82,8.76,6.0,513.0,2.6,0.6335717074574111
2026-02-26T10:07:47,02/26/202610:07,108.17999999999999,0.74,80.05319999999999,53.620000000000005,0.9099999999999999,48.7942,48.4,0.0,1.0,198.7,23314.0,44097.0,22.9,12.7,62.0,29.82,8.76,6.0,513.0,2.6,0.6095221677584407
2026-02-26T10:08:01,02/26/202610:08,108.22,0.76,82.2472,53.620000000000005,0.9,48.258,47.8,0.0,1.0,198.7,23314.0,44097.0,22.9,12.7,62.0,29.82,8.76,6.0,513.0,2.6,0.5867433784979914
2026-02-26T10:08:47,02/26/202610:08,107.17,0.75,80.3775,53.620000000000005,0.89,47.7218,47.2,0.0,1.0,198.7,23314.0,44097.0,22.9,12.7,62.0,29.82,8.76,6.0,513.0,2.6,0.5937208795993905
2026-02-26T10:09:01,02/26/202610:09,106.12,0.74,78.5288,53.620000000000005,0.8800000000000001,47.18560000000001,46.6,0.0,1.0,198.7,23314.0,44097.0,22.9,12.7,62.0,29.82,8.76,6.0,513.0,2.6,0.6008699992868859
2026-02-26T10:10:41,02/26/202610:10,105.07000000000001,0.73,76.7011,53.620000000000005,0.8800000000000001,47.18560000000001,46.6,0.0,1.0,198.7,23314.0,44097.0,22.9,12.7,62.0,29.82,8.76,6.0,513.0,2.6,0.6151880481505482
2026-02-26T10:11:00,02/26/202610:11,104.02000000000001,0.72,74.8944,53.620000000000005,0.8800000000000001,47.18560000000001,46.6,0.0,1.0,198.7,23314.0,44097.0,22.9,12.7,62.0,29.82,8.76,6.0,513.0,2.6,0.6300284133393151
2026-02-26T10:11:47,02/26/202610:11,104.72,0.71,74.35119999999999,53.63000000000001,0.89,47.730700000000006,47.1,0.0,1.0,198.7,23314.0,44097.0,22.9,12.7,62.0,29.82,8.76,6.0,513.0,2.6,0.6419627390008502
2026-02-26T10:12:00,02/26/202610:12,105.42,0.7,73.794,53.64,0.9,48.276,47.6,0.0,1.0,198.7,23314.0,44097.0,22.9,12.7,62.0,29.82,8.76,6.0,513.0,2.6,0.6541995284169445
2026-02-26T10:13:00,02/26/202610:13,106.12,0.6900000000000001,73.2228,53.64,0.9,48.276,47.6,0.0,1.0,198.7,23314.0,44097.0,22.9,12.7,62.0,29.82,8.76,6.0,513.0,2.6,0.6593028400989855
2026-02-26T10:14:01,02/26/202610:14,106.82000000000001,0.6799999999999999,72.63759999999999,53.64,0.9,48.276,47.6,0.0,1.0,198.7,23314.0,44097.0,22.9,12.7,62.0,29.82,8.76,6.0,513.0,2.6,0.6646144696410675
2026-02-26T10:14:48,02/26/202610:14,105.42999999999999,0.6599999999999999,69.58379999999998,53.64,0.9099999999999999,48.8124,48.2,0.0,1.0,198.7,23314.0,44097.0,22.9,12.7,62.0,29.82,8.76,6.0,513.0,2.6,0.7014908642528865
2026-02-26T10:15:01,02/26/202610:15,104.04,0.6399999999999999,66.5856,53.64,0.9199999999999999,49.3488,48.8,0.0,1.0,198.7,23314.0,44097.0,22.9,12.7,62.0,29.82,8.76,6.0,513.0,2.6,0.7411332179930795
2026-02-26T10:15:47,02/26/202610:15,104.03,0.6399999999999999,66.57919999999999,53.65,0.93,49.8945,49.4,0.0,1.0,198.7,23314.0,44097.0,22.9,12.76,61.8,29.823,8.667,5.9,517.3,2.63,0.7494007137364224
2026-02-26T10:16:01,02/26/202610:16,104.02000000000001,0.6399999999999999,66.5728,53.660000000000004,0.9400000000000001,50.440400000000004,50.0,0.0,1.0,198.7,23314.0,44097.0,22.9,12.819999999999999,61.6,29.826,8.574,5.8,521.6,2.66,0.7576728033070563
2026-02-26T10:17:01,02/26/202610:17,104.00999999999999,0.6399999999999999,66.56639999999999,53.67,0.9400000000000001,50.4498,50.0,0.0,1.0,198.7,23314.0,44097.0,22.9,12.88,61.4,29.829,8.481,5.7,525.9,2.69,0.7578868618402078
2026-02-26T10:17:48,02/26/202610:17,105.21,0.65,68.3865,53.68000000000001,0.9400000000000001,50.45920000000001,50.0,0.0,1.0,198.7,23314.0,44097.0,22.9,12.940000000000001,61.2,29.832,8.388,5.6,530.2,2.7199999999999998,0.7378532312664051
2026-02-26T10:18:01,02/26/202610:18,104.34,0.65,67.821,53.68000000000001,0.93,49.92240000000001,49.5,0.0,1.0,198.7,23314.0,44097.0,22.9,13.0,61.0,29.835,8.295,5.5,534.5,2.75,0.7360905914097405
2026-02-26T10:18:48,02/26/202610:18,104.10999999999999,0.6399999999999999,66.63039999999998,53.68000000000001,0.93,49.92240000000001,49.5,0.0,1.0,198.7,23314.0,44097.0,22.9,13.059999999999999,60.8,29.838,8.202,5.4,538.8,2.7800000000000002,0.749243588512151
2026-02-26T10:19:01,02/26/202610:19,103.88,0.63,65.4444,53.68000000000001,0.93,49.92240000000001,49.5,0.0,1.0,198.7,23314.0,44097.0,22.9,13.12,60.6,29.841,8.109,5.3,543.1,2.81,0.7628215706767884
2026-02-26T10:19:23,02/26/202610:19,102.41,0.63,64.5183,53.68000000000001,0.93,49.92240000000001,49.5,0.0,1.0,198.7,23314.0,44097.0,22.9,13.180000000000001,60.4,29.844,8.016,5.2,547.4,2.84,0.7737711626003787
2026-02-26T10:20:00,02/26/202610:20,103.03,0.6399999999999999,65.93919999999999,53.69,0.9400000000000001,50.4686,50.0,0.0,1.0,198.7,23314.0,44097.0,22.9,13.24,60.2,29.847,7.923,5.1,551.7,2.87,0.7653808356789287
2026-02-26T10:20:24,02/26/202610:20,103.6,0.65,67.34,53.71,0.95,51.024499999999996,50.5,0.0,1.0,198.7,23314.0,44097.0,22.9,13.3,60.0,29.85,7.83,5.0,556.0,2.9,0.7577145827145826
2026-02-26T10:21:54,02/26/202610:21,104.16,0.6599999999999999,68.7456,53.71,0.9400000000000001,50.4874,49.9,0.0,1.0,198.7,23314.0,44097.0,22.9,13.3,60.0,29.85,7.83,5.0,556.0,2.9,0.7344091840059582
2026-02-26T10:22:00,02/26/202610:22,104.72,0.6699999999999999,70.16239999999999,53.71,0.93,49.950300000000006,49.3,0.0,1.0,198.7,23314.0,44097.0,22.9,13.3,60.0,29.85,7.83,5.0,556.0,2.9,0.711924050488581
2026-02-26T10:22:24,02/26/202610:22,107.1,0.6799999999999999,72.82799999999999,53.720000000000006,0.9400000000000001,50.49680000000001,49.8,0.0,1.0,198.7,23314.0,44097.0,22.9,13.3,60.0,29.85,7.83,5.0,556.0,2.9,0.6933706816059759
2026-02-26T10:23:01,02/26/202610:23,108.27000000000001,0.6799999999999999,73.6236,53.73,0.95,51.043499999999995,50.3,0.0,1.0,198.7,23314.0,44097.0,22.9,13.3,60.0,29.85,7.83,5.0,556.0,2.9,0.6933035059410297
2026-02-26T10:23:23,02/26/202610:23,108.4,0.6699999999999999,72.628,53.779999999999994,0.96,51.62879999999999,50.9,0.0,1.0,198.7,23314.0,44097.0,22.9,13.3,60.0,29.85,7.83,5.0,556.0,2.9,0.7108663325439223
2026-02-26T10:24:01,02/26/202610:24,107.89000000000001,0.6699999999999999,72.2863,53.83,0.96,51.67679999999999,51.0,0.0,1.0,198.7,23314.0,44097.0,22.9,13.3,60.0,29.85,7.83,5.0,556.0,2.9,0.7148906500955229
2026-02-26T10:24:23,02/26/202610:24,107.42999999999999,0.6699999999999999,71.97809999999998,53.9,0.96,51.744,51.1,0.0,1.0,198.7,23314.0,44097.0,22.9,13.3,60.0,29.85,7.83,5.0,556.0,2.9,0.7188853276204847
2026-02-26T10:25:01,02/26/202610:25,108.21,0.6599999999999999,71.41859999999998,53.970000000000006,0.96,51.81120000000001,51.2,0.0,1.0,198.7,23314.0,44097.0,22.9,13.3,60.0,29.85,7.83,5.0,556.0,2.9,0.7254580739471232
2026-02-26T10:25:23,02/26/202610:25,108.98999999999998,0.65,70.84349999999999,54.04,0.97,52.4188,51.8,0.1,1.0,198.7,23314.0,44097.0,22.9,13.3,60.0,29.85,7.83,5.0,556.0,2.9,0.7399239168025296
2026-02-26T10:26:01,02/26/202610:26,109.82000000000001,0.6399999999999999,70.28479999999999,54.1,0.9800000000000001,53.01800000000001,52.4,0.1,1.0,198.7,23314.0,44097.0,22.9,13.3,60.0,29.85,7.83,5.0,556.0,2.9,0.7543309506465127
2026-02-26T10:26:23,02/26/202610:26,110.58999999999999,0.63,69.67169999999999,54.17999999999999,1.01,54.721799999999995,54.1,0.1,1.0,198.7,23314.0,44097.0,22.9,13.3,60.0,29.85,7.83,5.0,556.0,2.9,0.7854236368568588
2026-02-26T10:27:00,02/26/202610:27,111.35999999999999,0.6199999999999999,69.04319999999998,54.260000000000005,1.04,56.430400000000006,55.8,0.1,1.0,198.7,23314.0,44097.0,22.9,13.3,60.0,29.85,7.83,5.0,556.0,2.9,0.8173201705598816
2026-02-26T10:27:24,02/26/202610:27,110.30999999999999,0.6199999999999999,68.39219999999997,54.33,1.06,57.589800000000004,57.0,0.1,1.0,198.7,23314.0,44097.0,22.9,13.3,60.0,29.85,7.83,5.0,556.0,2.9,0.8420521638432457
2026-02-26T10:28:00,02/26/202610:28,109.25999999999999,0.6199999999999999,67.74119999999998,54.4,1.08,58.752,58.2,0.1,1.0,198.7,23314.0,44097.0,22.9,13.3,60.0,29.85,7.83,5.0,556.0,2.9,0.867300844980603
2026-02-26T10:28:06,02/26/202610:28,109.25999999999999,0.63,68.8338,54.42999999999999,1.1,59.873,59.3,0.1,1.0,198.7,23314.0,44097.0,22.9,13.3,60.0,29.85,7.83,5.0,556.0,2.9,0.869819768776386
2026-02-26T10:29:01,02/26/202610:29,109.25999999999999,0.6399999999999999,69.92639999999999,54.46,1.1199999999999999,60.9952,60.4,0.1,1.0,198.7,23314.0,44097.0,22.9,13.3,60.0,29.85,7.83,5.0,556.0,2.9,0.8722771371041553
2026-02-26T10:30:01,02/26/202610:30,109.21,0.65,70.98649999999999,54.470000000000006,1.1400000000000001,62.09580000000001,61.5,0.1,1.0,198.7,23314.0,44097.0,23.0,13.3,60.0,29.85,7.83,5.0,556.0,2.9,0.8747550590605259
2026-02-26T10:30:07,02/26/202610:30,109.16,0.6599999999999999,72.0456,54.48,1.17,63.74159999999999,63.1,0.1,2.0,198.7,23314.0,44097.0,22.9,13.38,60.0,29.85,7.874,40.5,556.1,2.9,0.88473966487891
2026-02-26T10:31:00,02/26/202610:31,109.10999999999999,0.6699999999999999,73.10369999999999,54.489999999999995,1.19,64.84309999999999,64.2,0.1,2.0,198.7,23314.0,44097.0,22.9,13.459999999999999,60.0,29.85,7.918000000000001,76.0,556.2,2.9,0.8870016155133051
2026-02-26T10:31:06,02/26/202610:31,109.05999999999999,0.6799999999999999,74.16079999999998,54.5,1.21,65.945,65.3,0.1,2.0,198.7,23314.0,44097.0,22.9,13.59,59.7,29.85,7.9430000000000005,111.3,560.2,2.94,0.8892164054325198
2026-02-26T10:31:45,02/26/202610:31,109.07000000000001,0.7,76.349,54.489999999999995,1.22,66.47779999999999,65.9,0.1,2.0,198.7,23314.0,44097.0,22.9,13.719999999999999,59.4,29.85,7.968000000000001,146.6,564.2,2.9799999999999995,0.8707095050360841
2026-02-26T10:33:05,02/26/202610:33,109.08999999999999,0.72,78.5448,54.489999999999995,1.23,67.02269999999999,66.5,0.1,2.0,198.7,23314.0,44097.0,22.9,13.85,59.1,29.85,7.993,181.9,568.2,3.02,0.8533053747670118
2026-02-26T10:33:45,02/26/202610:33,109.10999999999999,0.73,79.65029999999999,54.48,1.24,67.5552,67.0,0.1,2.0,198.7,23314.0,44097.0,22.9,13.98,58.7,29.85,8.018,217.2,572.2,3.0599999999999996,0.8481474646046532
2026-02-26T10:34:01,02/26/202610:34,109.13,0.74,80.75619999999999,54.470000000000006,1.25,68.0875,67.5,0.1,2.0,198.7,23314.0,44097.0,22.9,14.11,58.3,29.85,8.043000000000001,252.5,576.2,3.1,0.8431241192626697
2026-02-26T10:35:01,02/26/202610:35,109.14000000000001,0.75,81.85500000000002,54.470000000000006,1.26,68.63220000000001,68.0,0.1,2.0,198.7,23314.0,44097.0,22.9,14.24,57.9,29.85,8.068000000000001,287.8,580.2,3.1399999999999997,0.8384606926882903
2026-02-26T10:36:01,02/26/202610:36,109.15,0.76,82.95400000000001,54.470000000000006,1.27,69.1769,68.5,0.1,2.0,198.7,23314.0,44097.0,22.9,14.37,57.5,29.85,8.093,323.1,584.2,3.1799999999999997,0.833918798370181
2026-02-26T10:37:01,02/26/202610:37,109.16,0.77,84.0532,54.470000000000006,1.28,69.72160000000001,69.0,0.1,2.0,198.7,23314.0,44097.0,22.9,14.5,57.1,29.85,8.118,358.4,588.2,3.2199999999999998,0.8294937016080293
2026-02-26T10:37:45,02/26/202610:37,109.17,0.78,85.1526,54.470000000000006,1.29,70.26630000000002,69.6,0.1,2.0,198.7,23314.0,44097.0,22.9,14.55,56.7,29.85,8.099,358.2,592.1,3.2600000000000002,0.8251809105065495
2026-02-26T10:38:01,02/26/202610:38,109.17999999999999,0.79,86.2522,54.470000000000006,1.3,70.811,70.2,0.1,2.0,198.7,23314.0,44097.0,22.9,14.6,56.3,29.85,8.08,358.0,596.0,3.3,0.8209761606080773
2026-02-26T10:38:45,02/26/202610:38,109.2,0.79,86.268,54.470000000000006,1.31,71.35570000000001,70.8,0.1,2.0,198.7,23314.0,44097.0,22.9,14.6,56.2,29.85,8.08,358.0,596.0,3.3,0.827139843279084
2026-02-26T10:39:01,02/26/202610:39,109.22,0.78,85.19160000000001,54.48,1.33,72.4584,71.9,0.1,2.0,198.7,23314.0,44097.0,22.9,14.6,56.1,29.85,8.08,358.0,596.0,3.3,0.8505345597453269
2026-02-26T10:39:24,02/26/202610:39,109.22999999999999,0.78,85.1994,54.48,1.35,73.548,73.0,0.1,2.0,198.7,23314.0,44097.0,22.9,14.6,56.0,29.85,8.08,358.0,596.0,3.3,0.8632455158134917
2026-02-26T10:40:01,02/26/202610:40,109.24000000000001,0.78,85.20720000000001,54.489999999999995,1.3599999999999999,74.10639999999998,73.6,0.1,2.0,198.7,23314.0,44097.0,22.9,14.6,56.0,29.85,8.08,358.0,596.0,3.3,0.8697199297711926
2026-02-26T10:41:00,02/26/202610:41,109.25,0.78,85.215,54.5,1.3699999999999999,74.66499999999999,74.2,0.1,2.0,198.7,23314.0,44097.0,22.9,14.6,56.0,29.85,8.08,358.0,596.0,3.3,0.8761955054861232
2026-02-26T10:42:01,02/26/202610:42,109.25999999999999,0.78,85.22279999999999,54.5,1.3599999999999999,74.11999999999999,73.7,0.1,2.0,198.7,23314.0,44097.0,22.9,14.6,56.0,29.85,8.08,358.0,596.0,3.3,0.8697203095885139
2026-02-26T10:44:16,02/26/202610:44,109.27000000000001,0.78,85.23060000000001,54.5,1.3599999999999999,74.11999999999999,73.7,0.1,2.0,198.7,23314.0,44097.0,22.9,14.6,56.0,29.85,8.08,358.0,596.0,3.3,0.869640715893118
2026-02-26T10:45:01,02/26/202610:45,109.28,0.78,85.2384,54.5,1.3599999999999999,74.11999999999999,73.7,0.1,2.0,198.7,23314.0,44097.0,22.9,14.6,56.0,29.85,8.08,358.0,596.0,3.3,0.8695611367646505
2026-02-26T10:45:11,02/26/202610:45,109.29,0.78,85.2462,54.5,1.3599999999999999,74.11999999999999,73.7,0.1,2.0,198.7,23314.0,44097.0,22.9,14.6,56.0,29.85,8.08,358.0,596.0,3.3,0.8694815721991126
2026-02-26T10:46:01,02/26/202610:46,109.3,0.78,85.254,54.5,1.3599999999999999,74.11999999999999,73.7,0.1,2.0,198.7,23314.0,44097.0,22.9,14.6,56.0,29.85,8.08,358.0,596.0,3.3,0.869402022192507
2026-02-26T10:46:11,02/26/202610:46,109.3,0.79,86.34700000000001,54.5,1.3599999999999999,74.11999999999999,73.7,0.1,2.0,198.7,23314.0,44097.0,22.9,14.669999999999998,55.7,29.847,8.099,322.5,599.6,3.34,0.8583969333039941
2026-02-26T10:47:01,02/26/202610:47,109.3,0.8,87.44,54.5,1.3599999999999999,74.11999999999999,73.7,0.1,2.0,198.7,23314.0,44097.0,22.9,14.74,55.4,29.844,8.118,287.0,603.2,3.38,0.8476669716376943
2026-02-26T10:47:11,02/26/202610:47,109.3,0.8,87.44,54.5,1.3699999999999999,74.66499999999999,74.2,0.1,2.0,198.7,23314.0,44097.0,22.9,14.809999999999999,55.1,29.841,8.137,251.5,606.8,3.4200000000000004,0.8538998170173833
2026-02-26T10:48:01,02/26/202610:48,109.3,0.8,87.44,54.5,1.38,75.21,74.7,0.1,2.0,198.7,23314.0,44097.0,22.9,14.88,54.8,29.838,8.156,216.0,610.4,3.46,0.8601326623970722
2026-02-26T10:48:04,02/26/202610:48,109.30999999999999,0.8,87.448,54.5,1.3900000000000001,75.75500000000001,75.2,0.1,2.0,198.7,23314.0,44097.0,22.9,14.95,54.5,29.835,8.175,180.5,614.0,3.5,0.8662862501143539
2026-02-26T10:49:01,02/26/202610:49,109.32000000000001,0.8,87.45600000000002,54.5,1.42,77.39,76.8,0.1,2.0,198.7,23314.0,44097.0,22.9,15.02,54.2,29.832,8.193999999999999,145.0,617.6,3.54,0.8849021222100254
2026-02-26T10:50:01,02/26/202610:50,109.33,0.8,87.464,54.5,1.44,78.48,77.9,0.1,2.0,198.7,23314.0,44097.0,22.9,15.09,53.9,29.829,8.213,109.5,621.2,3.5799999999999996,0.8972834537638343
2026-02-26T10:51:01,02/26/202610:51,109.34,0.8,87.47200000000001,54.5,1.46,79.57,79.0,0.1,2.0,198.7,23314.0,44097.0,22.9,15.16,53.6,29.826,8.232,74.0,624.8,3.62,0.9096625205780133
2026-02-26T10:51:04,02/26/202610:51,109.35,0.8,87.48,54.5,1.46,79.57,79.0,0.1,2.0,198.7,23314.0,44097.0,22.9,15.23,53.3,29.823,8.251,38.5,628.4,3.66,0.9095793324188385
2026-02-26T10:52:01,02/26/202610:52,109.35999999999999,0.8,87.488,54.5,1.46,79.57,79.0,0.1,2.0,198.7,23314.0,44097.0,22.9,15.3,53.0,29.82,8.27,3.0,632.0,3.7,0.9094961594732991
2026-02-26T10:52:04,02/26/202610:52,109.35999999999999,0.85,92.95599999999999,54.510000000000005,1.55,84.49050000000001,83.9,0.1,2.0,198.7,23314.0,44097.0,22.9,15.3,53.0,29.82,8.27,3.0,632.0,3.7,0.9089300314127117
2026-02-26T10:53:01,02/26/202610:53,109.35999999999999,0.9,98.42399999999999,54.52,1.64,89.4128,88.8,0.1,2.0,198.7,23314.0,44097.0,22.9,15.3,53.0,29.82,8.27,3.0,632.0,3.7,0.9084450946923516
2026-02-26T10:53:04,02/26/202610:53,109.35999999999999,1.01,110.45359999999998,54.52,1.86,101.40720000000002,100.9,0.1,2.0,198.7,23314.0,44097.0,22.9,15.3,53.0,29.82,8.27,3.0,632.0,3.7,0.9180977351575688
2026-02-26T10:54:01,02/26/202610:54,109.35999999999999,1.1199999999999999,122.48319999999997,54.52,2.08,113.40160000000002,113.0,0.1,2.0,198.7,23314.0,44097.0,22.9,15.3,53.0,29.82,8.27,3.0,632.0,3.7,0.9258543212456896
2026-02-26T10:54:02,02/26/202610:54,109.35999999999999,1.25,136.7,54.52,2.34,127.5768,127.2,0.1,2.0,198.7,23314.0,44097.0,22.9,15.3,53.0,29.82,8.27,3.0,632.0,3.7,0.9332611558156548
2026-02-26T10:55:28,02/26/202610:55,109.37,1.3800000000000001,150.93060000000003,54.529999999999994,2.6100000000000003,142.3233,141.9,0.1,2.0,198.7,23314.0,44097.0,22.9,15.3,53.0,29.82,8.27,3.0,632.0,3.7,0.9429718029345936
2026-02-26T10:56:01,02/26/202610:56,109.38,1.51,165.16379999999998,54.54,2.88,157.0752,156.1,0.1,2.0,198.7,23314.0,44097.0,22.9,15.3,53.0,29.82,8.27,3.0,632.0,3.7,0.9510267988505957
2026-02-26T10:57:01,02/26/202610:57,109.39000000000001,1.64,179.39960000000002,54.55,3.15,171.83249999999998,170.3,0.1,2.0,198.7,23314.0,44097.0,22.9,15.3,53.0,29.82,8.27,3.0,632.0,3.7,0.9578198613597798
2026-02-26T10:57:02,02/26/202610:57,109.4,1.77,193.638,54.56,3.41,186.04960000000003,184.5,0.1,2.0,198.7,23314.0,44097.0,22.9,15.3,53.0,29.82,8.27,3.0,632.0,3.7,0.9608114109833815
2026-02-26T10:58:01,02/26/202610:58,109.42,1.9100000000000001,208.99220000000003,54.57000000000001,3.66,199.72620000000003,198.1,0.1,2.0,198.7,23314.0,44097.0,22.9,15.3,53.0,29.82,8.27,3.0,632.0,3.7,0.9556634171036049
2026-02-26T10:59:01,02/26/202610:59,109.39000000000001,2.0,218.78000000000003,54.57000000000001,3.8299999999999996,209.00310000000002,207.4,0.1,2.0,198.7,23314.0,44097.0,22.9,15.3,53.0,29.82,8.27,3.0,632.0,3.7,0.9553117286772099
2026-02-26T11:00:01,02/26/202611:00,109.35999999999999,2.0900000000000003,228.5624,54.58,4.01,218.86579999999998,217.3,0.1,3.0,198.7,23314.0,44097.0,22.9,15.3,53.0,29.82,8.27,3.0,632.0,3.7,0.9575756992401199
2026-02-26T11:01:01,02/26/202611:01,109.39000000000001,2.12,231.90680000000003,54.6,4.0600000000000005,221.67600000000004,220.0,0.1,3.0,198.7,23314.0,44097.0,22.9,15.3,53.0,29.82,8.27,3.0,632.0,3.7,0.9558840016765356
2026-02-26T11:02:00,02/26/202611:02,109.42,2.15,235.253,54.620000000000005,4.11,224.48820000000003,222.7,0.1,3.0,198.7,23314.0,44097.0,22.9,15.3,53.0,29.82,8.27,3.0,632.0,3.7,0.9542416037202504
2026-02-26T11:02:01,02/26/202611:02,111.67,2.12,236.74040000000002,54.64,4.12,225.1168,223.3,0.1,3.0,198.7,23314.0,44097.0,22.9,15.34,52.9,29.82,8.338,3.0,635.1,3.72,0.9509014937881325
2026-02-26T11:03:01,02/26/202611:03,113.92999999999999,2.08,236.9744,54.65,4.09,223.5185,221.8,0.1,3.0,198.7,23314.0,44097.0,22.9,15.38,52.8,29.82,8.406,3.0,638.2,3.7399999999999998,0.9432179172096226
2026-02-26T11:04:01,02/26/202611:04,116.16,2.05,238.128,54.660000000000004,4.0600000000000005,221.91960000000003,220.8,0.1,3.0,198.7,23314.0,44097.0,22.9,15.419999999999998,52.7,29.82,8.474,3.0,641.3,3.7600000000000002,0.9319340858697845
2026-02-26T11:05:01,02/26/202611:05,118.42999999999999,2.0100000000000002,238.04430000000002,54.67,4.0,218.68,218.1,0.1,3.0,198.7,23314.0,44097.0,23.0,15.459999999999999,52.6,29.82,8.541999999999998,3.0,644.4,3.78,0.9186525365236639
2026-02-26T11:06:37,02/26/202611:06,120.66,1.97,237.7002,54.68000000000001,3.9899999999999998,218.1732,217.6,0.1,3.0,198.7,23314.0,44097.0,22.9,15.5,52.5,29.82,8.61,3.0,647.5,3.8,0.9178503005045853
2026-02-26T11:07:00,02/26/202611:07,122.88,1.92,235.9296,54.69,3.9899999999999998,218.21309999999997,217.7,0.1,3.0,198.7,23314.0,44097.0,22.9,15.540000000000001,52.4,29.82,8.678,3.0,650.6,3.8200000000000003,0.9249076843261718
2026-02-26T11:07:01,02/26/202611:07,125.16,1.8699999999999999,234.04919999999998,54.71,3.97,217.1987,216.6,0.1,3.0,198.7,23314.0,44097.0,22.9,15.580000000000002,52.3,29.82,8.745999999999999,3.0,653.7,3.84,0.9280044537644222
2026-02-26T11:08:01,02/26/202611:08,127.44000000000001,1.81,230.66640000000004,54.71,3.9299999999999997,215.0103,214.4,0.1,3.0,198.7,23314.0,44097.0,22.9,15.62,52.2,29.82,8.813999999999998,3.0,656.8,3.8600000000000003,0.932126655637752
2026-02-26T11:09:05,02/26/202611:09,129.64000000000001,1.7600000000000002,228.16640000000007,54.720000000000006,3.88,212.3136,211.7,0.1,3.0,198.7,23314.0,44097.0,22.9,15.66,52.1,29.82,8.882,3.0,659.9,3.88,0.930520883004684
2026-02-26T11:10:01,02/26/202611:10,131.84,1.7100000000000002,225.44640000000004,54.73,3.8299999999999996,209.61589999999995,209.0,0.1,3.0,198.7,23314.0,44097.0,22.9,15.7,52.0,29.82,8.95,3.0,663.0,3.9,0.9297815356554814
2026-02-26T11:10:05,02/26/202611:10,131.81,1.7,224.077,54.73,3.7700000000000005,206.33210000000003,205.7,0.1,3.0,198.7,23314.0,44097.0,22.9,15.7,52.0,29.82,8.95,3.0,663.0,3.9,0.9208089183628843
2026-02-26T11:11:01,02/26/202611:11,131.76,1.7,223.992,54.73,3.7399999999999998,204.69019999999998,204.0,0.1,3.0,198.7,23314.0,44097.0,22.9,15.7,52.0,29.82,8.95,3.0,663.0,3.9,0.9138281724347297
2026-02-26T11:11:05,02/26/202611:11,131.78,1.6800000000000002,221.39040000000003,54.73,3.7,202.501,201.8,0.1,3.0,198.7,23314.0,44097.0,22.9,15.7,52.0,29.82,8.95,3.0,663.0,3.9,0.91467832390203
2026-02-26T11:12:01,02/26/202611:12,131.76,1.67,220.03919999999997,54.73,3.69,201.9537,201.3,0.1,3.0,198.7,23314.0,44097.0,22.9,15.7,52.0,29.82,8.95,3.0,663.0,3.9,0.917807826969013
2026-02-26T11:12:05,02/26/202611:12,131.78,1.65,217.43699999999998,54.73,3.65,199.76449999999997,199.1,0.2,3.0,198.7,23314.0,44097.0,22.9,15.7,52.0,29.82,8.95,3.0,663.0,3.9,0.9187235843025795
2026-02-26T11:13:00,02/26/202611:13,131.8,1.6300000000000001,214.83400000000003,54.73,3.6100000000000003,197.5753,196.9,0.2,3.0,198.7,23314.0,44097.0,22.9,15.7,52.0,29.82,8.95,3.0,663.0,3.9,0.9196649506130313
2026-02-26T11:13:05,02/26/202611:13,131.8,1.6199999999999999,213.516,54.720000000000006,3.6,196.99200000000002,196.4,0.2,3.0,198.7,23314.0,44097.0,22.9,15.7,52.0,29.82,8.95,3.0,663.0,3.9,0.9226100151745069
2026-02-26T11:14:01,02/26/202611:14,131.8,1.6199999999999999,213.516,54.720000000000006,3.6,196.99200000000002,196.4,0.2,3.0,198.7,23314.0,44097.0,22.9,15.7,52.0,29.82,8.95,3.0,663.0,3.9,0.9226100151745069
2026-02-26T11:14:05,02/26/202611:14,131.82,1.61,212.2302,54.71,3.59,196.4089,195.8,0.2,3.0,198.7,23314.0,44097.0,22.9,15.7,52.0,29.82,8.95,3.0,663.0,3.9,0.925452174101518
2026-02-26T11:15:38,02/26/202611:15,131.82999999999998,1.6,210.928,54.7,3.55,194.185,193.6,0.2,4.0,198.7,23314.0,44097.0,22.9,15.74,51.8,29.82,8.905999999999999,3.0,665.8,3.9299999999999997,0.920622202836987
2026-02-26T11:16:01,02/26/202611:16,131.84,1.59,209.62560000000002,54.7,3.5200000000000005,192.54400000000004,192.0,0.2,4.0,198.7,23314.0,44097.0,22.9,15.780000000000001,51.6,29.82,8.861999999999998,3.0,668.6,3.96,0.9185137693106187
2026-02-26T11:17:50,02/26/202611:17,131.89000000000001,1.57,207.06730000000002,54.7,3.4899999999999998,190.903,190.4,0.2,4.0,198.7,23314.0,44097.0,22.9,15.819999999999999,51.4,29.82,8.818,3.0,671.4,3.9899999999999998,0.9219369741142129
2026-02-26T11:18:01,02/26/202611:18,131.9,1.56,205.764,54.7,3.47,189.80900000000003,189.3,0.2,4.0,198.7,23314.0,44097.0,22.9,15.86,51.2,29.82,8.774,3.0,674.2,4.0200000000000005,0.922459711125367
2026-02-26T11:18:38,02/26/202611:18,131.9,1.55,204.44500000000002,54.7,3.46,189.262,188.7,0.2,4.0,198.7,23314.0,44097.0,22.9,15.9,51.0,29.82,8.73,3.0,677.0,4.05,0.9257355278925872
2026-02-26T11:19:01,02/26/202611:19,131.9,1.55,204.44500000000002,54.7,3.45,188.71500000000003,188.1,0.2,4.0,198.7,23314.0,44097.0,22.9,15.940000000000001,50.8,29.82,8.686,3.0,679.8,4.08,0.9230599916848052
2026-02-26T11:19:37,02/26/202611:19,131.88,1.55,204.414,54.7,3.44,188.168,187.5,0.2,4.0,198.7,23314.0,44097.0,22.9,15.98,50.6,29.82,8.642,3.0,682.6,4.11,0.92052403455732
2026-02-26T11:20:01,02/26/202611:20,131.88,1.54,203.0952,54.7,3.41,186.52700000000002,185.8,0.2,4.0,198.7,23314.0,44097.0,22.9,16.020000000000003,50.4,29.82,8.597999999999999,3.0,685.4,4.14,0.9184215087308809
2026-02-26T11:20:37,02/26/202611:20,131.87,1.54,203.0798,54.7,3.3699999999999997,184.339,183.6,0.2,4.0,198.7,23314.0,44097.0,22.9,16.060000000000002,50.2,29.82,8.553999999999998,3.0,688.2,4.17,0.9077170649173378
2026-02-26T11:21:01,02/26/202611:21,131.85999999999999,1.54,203.06439999999998,54.7,3.34,182.698,182.0,0.2,4.0,198.7,23314.0,44097.0,22.9,16.1,50.0,29.82,8.51,3.0,691.0,4.2,0.8997047242155692
2026-02-26T11:22:00,02/26/202611:22,131.85999999999999,1.54,203.06439999999998,54.7,3.34,182.698,182.0,0.2,4.0,198.7,23314.0,44097.0,22.9,16.1,50.0,29.82,8.51,3.0,691.0,4.2,0.8997047242155692
2026-02-26T11:22:38,02/26/202611:22,131.82999999999998,1.54,203.01819999999998,54.7,3.35,183.245,182.6,0.2,4.0,198.7,23314.0,44097.0,22.9,16.1,50.0,29.82,8.51,3.0,691.0,4.2,0.9026038059641944
2026-02-26T11:23:01,02/26/202611:23,131.76,1.55,204.22799999999998,54.7,3.3600000000000003,183.79200000000003,183.2,0.2,4.0,198.7,23314.0,44097.0,22.9,16.1,50.0,29.82,8.51,3.0,691.0,4.2,0.8999353663552503
2026-02-26T11:23:38,02/26/202611:23,131.7,1.54,202.81799999999998,54.7,3.3600000000000003,183.79200000000003,183.2,0.2,4.0,198.7,23314.0,44097.0,22.9,16.1,50.0,29.82,8.51,3.0,691.0,4.2,0.906191758127977
2026-02-26T11:24:01,02/26/202611:24,131.65,1.53,201.42450000000002,54.7,3.35,183.245,182.7,0.2,4.0,198.7,23314.0,44097.0,22.9,16.1,50.0,29.82,8.51,3.0,691.0,4.2,0.9097453388242244
2026-02-26T11:24:38,02/26/202611:24,131.62,1.52,200.0624,54.7,3.34,182.698,182.2,0.2,4.0,198.7,23314.0,44097.0,22.9,16.1,50.0,29.82,8.51,3.0,691.0,4.2,0.9132050800150353
2026-02-26T11:25:01,02/26/202611:25,131.60999999999999,1.51,198.73109999999997,54.7,3.3299999999999996,182.15099999999998,181.7,0.2,4.0,198.7,23314.0,44097.0,22.9,16.1,50.0,29.82,8.51,3.0,691.0,4.2,0.9165701795038623
2026-02-26T11:25:38,02/26/202611:25,131.60999999999999,1.5,197.41499999999996,54.7,3.29,179.96300000000002,179.6,0.2,4.0,198.7,23314.0,44097.0,22.9,16.1,50.0,29.82,8.51,3.0,691.0,4.2,0.9115973963477956
2026-02-26T11:26:01,02/26/202611:26,131.62,1.48,194.79760000000002,54.7,3.2600000000000002,178.32200000000003,178.0,0.2,4.0,198.7,23314.0,44097.0,22.9,16.1,50.0,29.82,8.51,3.0,691.0,4.2,0.9154219559173215
2026-02-26T11:26:38,02/26/202611:26,131.59,1.47,193.4373,54.7,3.25,177.775,177.5,0.2,4.0,198.7,23314.0,44097.0,22.9,16.1,50.0,29.82,8.51,3.0,691.0,4.2,0.9190316448792452
2026-02-26T11:27:01,02/26/202611:27,131.56,1.46,192.0776,54.7,3.2399999999999998,177.228,177.0,0.2,4.0,198.7,23314.0,44097.0,22.9,16.1,50.0,29.82,8.51,3.0,691.0,4.2,0.9226895796282337
2026-02-26T11:27:38,02/26/202611:27,131.57,1.45,190.77649999999997,54.7,3.22,176.13400000000001,175.9,0.2,4.0,198.7,23314.0,44097.0,22.9,16.220000000000002,50.0,29.82,8.51,3.0,691.2,4.2,0.9232478843044087
2026-02-26T11:29:02,02/26/202611:29,131.6,1.43,188.188,54.71,3.19,174.5249,174.2,0.2,4.0,198.7,23314.0,44097.0,22.9,16.34,50.0,29.82,8.442,4.0,691.4,4.2,0.9273965396305822
2026-02-26T11:30:31,02/26/202611:30,131.60999999999999,1.43,188.20229999999998,54.71,3.17,173.4307,173.1,0.2,4.0,198.7,23314.0,44097.0,22.9,16.51,49.2,29.82,8.337,5.3,693.9,4.23,0.9215121175458537
2026-02-26T11:31:00,02/26/202611:31,131.62,1.43,188.2166,54.71,3.15,172.3365,172.0,0.2,4.0,198.7,23314.0,44097.0,22.9,16.68,48.4,29.82,8.232,6.6,696.4,4.26,0.915628589614306
2026-02-26T11:31:31,02/26/202611:31,131.6,1.43,188.188,54.71,3.12,170.6952,170.4,0.2,4.0,198.7,23314.0,44097.0,22.9,16.85,47.6,29.82,8.126999999999999,7.9,698.9,4.29,0.9070461453440177
2026-02-26T11:32:00,02/26/202611:32,131.57999999999998,1.43,188.15939999999998,54.71,3.0900000000000003,169.05390000000003,168.8,0.2,4.0,198.7,23314.0,44097.0,22.9,17.020000000000003,46.8,29.82,8.022,9.2,701.4,4.32,0.8984610920315437
2026-02-26T11:32:32,02/26/202611:32,131.54000000000002,1.43,188.1022,54.71,3.08,168.5068,168.2,0.2,4.0,198.7,23314.0,44097.0,22.9,17.19,46.0,29.82,7.917,10.5,703.9,4.35,0.8958257798154406
2026-02-26T11:33:00,02/26/202611:33,131.5,1.43,188.045,54.71,3.07,167.9597,167.6,0.2,4.0,198.7,23314.0,44097.0,22.9,17.360000000000003,45.2,29.82,7.812,11.8,706.4,4.38,0.8931888643675716
2026-02-26T11:33:32,02/26/202611:33,131.52,1.41,185.4432,54.71,3.04,166.3184,165.9,0.2,4.0,198.7,23314.0,44097.0,23.0,17.53,44.4,29.82,7.706999999999999,13.1,708.9,4.41,0.8968697692878467
2026-02-26T11:34:00,02/26/202611:34,131.54000000000002,1.39,182.84060000000002,54.71,3.0100000000000002,164.67710000000002,164.2,0.2,4.0,198.7,23314.0,44097.0,23.0,17.7,43.6,29.82,7.601999999999999,14.4,711.4,4.4399999999999995,0.9006593721525744
2026-02-26T11:34:32,02/26/202611:34,131.57999999999998,1.3699999999999999,180.26459999999997,54.71,2.98,163.0358,162.5,0.2,5.0,198.7,23314.0,44097.0,23.0,17.75,42.8,29.82,7.497,15.7,713.7,4.470000000000001,0.9044249397829636
2026-02-26T11:35:00,02/26/202611:35,131.6,1.3599999999999999,178.97599999999997,54.7,2.96,161.912,161.4,0.2,5.0,198.7,23314.0,44097.0,23.0,17.8,42.0,29.82,7.459999999999999,16.0,716.0,4.5,0.9046576077239408
2026-02-26T11:35:31,02/26/202611:35,131.62,1.35,177.687,54.7,2.95,161.365,160.9,0.2,5.0,198.7,23314.0,44097.0,22.9,17.8,42.0,29.82,7.459999999999999,16.0,716.0,4.5,0.9081418449295672
2026-02-26T11:36:01,02/26/202611:36,131.64000000000001,1.34,176.39760000000004,54.7,2.94,160.818,160.4,0.2,5.0,198.7,23314.0,44097.0,22.9,17.8,42.0,29.82,7.459999999999999,16.0,716.0,4.5,0.9116790704635436
2026-02-26T11:36:32,02/26/202611:36,131.67000000000002,1.33,175.12110000000004,54.7,2.93,160.27100000000002,159.8,0.2,5.0,198.7,23314.0,44097.0,22.9,17.8,42.0,29.82,7.459999999999999,16.0,716.0,4.5,0.915200966645367
2026-02-26T11:37:00,02/26/202611:37,131.7,1.3199999999999998,173.84399999999997,54.7,2.92,159.72400000000002,159.2,0.2,5.0,198.7,23314.0,44097.0,22.9,17.8,42.0,29.82,7.459999999999999,16.0,716.0,4.5,0.9187777547686434
2026-02-26T11:37:32,02/26/202611:37,131.72,1.3199999999999998,173.8704,54.71,2.9099999999999997,159.2061,158.7,0.2,5.0,198.7,23314.0,44097.0,22.9,17.8,42.0,29.82,7.459999999999999,16.0,716.0,4.5,0.9156595947326285
2026-02-26T11:38:00,02/26/202611:38,131.74,1.3199999999999998,173.89679999999998,54.720000000000006,2.9,158.68800000000002,158.2,0.2,5.0,198.7,23314.0,44097.0,22.9,17.8,42.0,29.82,7.459999999999999,16.0,716.0,4.5,0.9125412313510084
2026-02-26T11:38:32,02/26/202611:38,131.77,1.3199999999999998,173.9364,54.720000000000006,2.88,157.5936,157.1,0.2,5.0,198.7,23314.0,44097.0,23.0,17.8,42.0,29.82,7.459999999999999,16.0,716.0,4.5,0.9060415186240489
2026-02-26T11:40:13,02/26/202611:40,131.79000000000002,1.3199999999999998,173.96280000000002,54.720000000000006,2.8600000000000003,156.49920000000003,156.0,0.2,5.0,198.7,23314.0,44097.0,22.9,17.8,42.0,29.82,7.459999999999999,16.0,716.0,4.5,0.8996130207147736
2026-02-26T11:40:32,02/26/202611:40,131.76000000000002,1.31,172.60560000000004,54.720000000000006,2.85,155.95200000000003,155.5,0.2,5.0,198.7,23314.0,44097.0,23.0,17.8,42.0,29.82,7.459999999999999,16.0,716.0,4.5,0.9035164560130146
2026-02-26T11:41:00,02/26/202611:41,131.73,1.3,171.249,54.720000000000006,2.84,155.40480000000002,155.0,0.2,5.0,198.7,23314.0,44097.0,23.0,17.8,42.0,29.82,7.459999999999999,16.0,716.0,4.5,0.907478583816548
2026-02-26T11:41:32,02/26/202611:41,131.68,1.3,171.18400000000003,54.720000000000006,2.83,154.85760000000002,154.4,0.2,5.0,198.7,23314.0,44097.0,23.0,17.8,42.0,29.82,7.459999999999999,16.0,716.0,4.5,0.90462660061688
2026-02-26T11:42:00,02/26/202611:42,131.63,1.3,171.119,54.720000000000006,2.82,154.31040000000002,153.8,0.2,5.0,198.7,23314.0,44097.0,23.0,17.8,42.0,29.82,7.459999999999999,16.0,716.0,4.5,0.9017724507506473
2026-02-26T11:42:32,02/26/202611:42,131.57,1.31,172.3567,54.720000000000006,2.82,154.31040000000002,153.8,0.2,5.0,198.7,23314.0,44097.0,22.9,17.8,42.0,29.82,7.459999999999999,16.0,716.0,4.5,0.8952967885785701
2026-02-26T11:43:00,02/26/202611:43,131.51,1.3199999999999998,173.59319999999997,54.720000000000006,2.82,154.31040000000002,153.8,0.2,5.0,198.7,23314.0,44097.0,22.9,17.8,42.0,29.82,7.459999999999999,16.0,716.0,4.5,0.8889196120585371
2026-02-26T11:43:32,02/26/202611:43,131.47,1.31,172.22570000000002,54.71,2.81,153.73510000000002,153.2,0.2,5.0,198.7,23314.0,44097.0,23.0,17.8,42.0,29.82,7.459999999999999,16.0,716.0,4.5,0.8926373938384341
2026-02-26T11:44:01,02/26/202611:44,131.43,1.3,170.859,54.7,2.8,153.16,152.6,0.2,5.0,198.7,23314.0,44097.0,23.0,17.8,42.0,29.82,7.459999999999999,16.0,716.0,4.5,0.8964116610772624
2026-02-26T11:45:00,02/26/202611:45,131.35999999999999,1.3,170.768,54.7,2.8,153.16,152.6,0.2,5.0,198.7,23314.0,44097.0,23.0,17.8,42.0,29.82,7.459999999999999,16.0,716.0,4.5,0.8968893469502482
2026-02-26T11:45:32,02/26/202611:45,131.28,1.3,170.66400000000002,54.71,2.82,154.2822,153.7,0.2,5.0,198.7,23314.0,44097.0,22.9,17.8,42.0,29.82,7.459999999999999,16.0,716.0,4.5,0.9040113908029811
2026-02-26T11:46:00,02/26/202611:46,131.22,1.31,171.8982,54.720000000000006,2.83,154.85760000000002,154.2,0.2,5.0,198.7,23314.0,44097.0,22.9,17.8,42.0,29.82,7.459999999999999,16.0,716.0,4.5,0.9008680719169835
2026-02-26T11:46:32,02/26/202611:46,131.16,1.3199999999999998,173.13119999999998,54.720000000000006,2.83,154.85760000000002,154.2,0.2,5.0,198.7,23314.0,44097.0,23.0,17.86,41.8,29.818,7.478,15.1,718.2,4.529999999999999,0.8944522997587958
2026-02-26T11:47:00,02/26/202611:47,131.13,1.3199999999999998,173.09159999999997,54.720000000000006,2.82,154.31040000000002,153.7,0.2,5.0,198.7,23314.0,44097.0,23.0,17.919999999999998,41.6,29.816000000000003,7.4959999999999996,14.2,720.4,4.5600000000000005,0.8914956011730207
2026-02-26T11:47:32,02/26/202611:47,131.10999999999999,1.3199999999999998,173.06519999999995,54.720000000000006,2.81,153.7632,153.2,0.3,5.0,198.7,23314.0,44097.0,23.0,17.98,41.4,29.814,7.514,13.3,722.6,4.59,0.8884697790196993
2026-02-26T11:48:00,02/26/202611:48,131.1,1.31,171.74099999999999,54.720000000000006,2.8,153.216,152.7,0.3,5.0,198.7,23314.0,44097.0,23.0,18.04,41.2,29.812,7.531999999999999,12.4,724.8,4.62,0.8921340856289414
2026-02-26T11:48:32,02/26/202611:48,131.1,1.3,170.43,54.720000000000006,2.7600000000000002,151.02720000000002,150.5,0.3,5.0,198.7,23314.0,44097.0,22.9,18.1,41.0,29.810000000000002,7.55,11.5,727.0,4.65,0.8861538461538463
2026-02-26T11:49:00,02/26/202611:49,131.1,1.3,170.43,54.720000000000006,2.7399999999999998,149.93280000000001,149.4,0.3,5.0,198.7,23314.0,44097.0,22.9,18.16,40.8,29.808,7.568,10.6,729.2,4.68,0.8797324414715719
2026-02-26T11:49:32,02/26/202611:49,131.08999999999997,1.29,169.10609999999997,54.720000000000006,2.73,149.3856,148.9,0.3,5.0,198.7,23314.0,44097.0,22.9,18.22,40.6,29.806,7.586,9.7,731.4,4.71,0.8833838637399836
2026-02-26T11:51:24,02/26/202611:51,131.07,1.28,167.7696,54.720000000000006,2.7199999999999998,148.8384,148.4,0.3,5.0,198.7,23314.0,44097.0,22.9,18.279999999999998,40.4,29.804000000000002,7.603999999999999,8.8,733.6,4.74,0.88715953307393
2026-02-26T11:51:52,02/26/202611:51,131.05,1.27,166.4335,54.71,2.71,148.2641,147.9,0.3,5.0,198.7,23314.0,44097.0,23.0,18.339999999999996,40.2,29.802,7.622,7.9,735.8,4.77,0.8908308723904743
2026-02-26T11:52:00,02/26/202611:52,131.03,1.26,165.0978,54.7,2.7,147.69000000000003,147.4,0.3,5.0,198.7,23314.0,44097.0,23.0,18.4,40.0,29.8,7.639999999999999,7.0,738.0,4.8,0.8945606785796056
2026-02-26T11:52:52,02/26/202611:52,131.04000000000002,1.25,163.8,54.7,2.6599999999999997,145.50199999999998,145.2,0.3,5.0,198.7,23314.0,44097.0,23.0,18.4,40.0,29.8,7.639999999999999,7.0,738.0,4.8,0.8882905982905981
2026-02-26T11:53:00,02/26/202611:53,131.05,1.24,162.502,54.7,2.62,143.31400000000002,143.0,0.3,5.0,198.7,23314.0,44097.0,23.0,18.4,40.0,29.8,7.639999999999999,7.0,738.0,4.8,0.8819214532744213
2026-02-26T11:53:53,02/26/202611:53,131.02,1.24,162.46480000000003,54.7,2.59,141.673,141.3,0.3,5.0,198.7,23314.0,44097.0,23.0,18.4,40.0,29.8,7.639999999999999,7.0,738.0,4.8,0.8720227396949984
2026-02-26T11:54:00,02/26/202611:54,130.99,1.24,162.4276,54.7,2.56,140.032,139.6,0.3,5.0,198.7,23314.0,44097.0,23.0,18.4,40.0,29.8,7.639999999999999,7.0,738.0,4.8,0.8621194920075159
2026-02-26T11:54:53,02/26/202611:54,130.93,1.24,162.35320000000002,54.7,2.57,140.579,140.2,0.3,5.0,198.7,23314.0,44097.0,23.0,18.4,40.0,29.8,7.639999999999999,7.0,738.0,4.8,0.865883764533129
2026-02-26T11:55:00,02/26/202611:55,130.87,1.24,162.27880000000002,54.7,2.58,141.126,140.8,0.3,5.0,198.7,23314.0,44097.0,23.0,18.4,40.0,29.8,7.639999999999999,7.0,738.0,4.8,0.8696514886725807
2026-02-26T11:55:53,02/26/202611:55,130.87,1.23,160.9701,54.7,2.54,138.93800000000002,138.6,0.3,5.0,198.7,23314.0,44097.0,23.0,18.4,40.0,29.8,7.639999999999999,7.0,738.0,4.8,0.8631292395295773
2026-02-26T11:56:01,02/26/202611:56,130.88,1.22,159.6736,54.7,2.5,136.75,136.4,0.3,5.0,198.7,23314.0,44097.0,23.0,18.4,40.0,29.8,7.639999999999999,7.0,738.0,4.8,0.8564346266383422
2026-02-26T11:56:52,02/26/202611:56,130.87,1.22,159.66140000000001,54.7,2.48,135.656,135.3,0.3,6.0,198.7,23314.0,44097.0,23.0,18.4,40.0,29.8,7.639999999999999,7.0,738.0,4.8,0.8496480677233195
2026-02-26T11:57:00,02/26/202611:57,130.85999999999999,1.22,159.64919999999998,54.7,2.46,134.562,134.2,0.3,6.0,198.7,23314.0,44097.0,23.0,18.4,40.0,29.8,7.639999999999999,7.0,738.0,4.8,0.842860471583948
2026-02-26T11:57:53,02/26/202611:57,130.84,1.22,159.6248,54.7,2.4699999999999998,135.10899999999998,134.7,0.3,6.0,198.7,23314.0,44097.0,23.0,18.4,40.0,29.8,7.639999999999999,7.0,738.0,4.8,0.8464160957445208
2026-02-26T11:58:01,02/26/202611:58,130.82,1.22,159.60039999999998,54.7,2.48,135.656,135.2,0.3,6.0,198.7,23314.0,44097.0,23.0,18.4,40.0,29.8,7.639999999999999,7.0,738.0,4.8,0.8499728070856967
2026-02-26T11:58:53,02/26/202611:58,130.82,1.21,158.29219999999998,54.7,2.4699999999999998,135.10899999999998,134.7,0.3,6.0,198.7,23314.0,44097.0,23.0,18.4,40.0,29.8,7.639999999999999,7.0,738.0,4.8,0.8535417411597034
2026-02-26T11:59:01,02/26/202611:59,130.82,1.2,156.98399999999998,54.7,2.46,134.562,134.2,0.3,6.0,198.7,23314.0,44097.0,23.0,18.4,40.0,29.8,7.639999999999999,7.0,738.0,4.8,0.8571701574682772
2026-02-26T11:59:52,02/26/202611:59,130.89000000000001,1.1800000000000002,154.45020000000005,54.7,2.42,132.374,132.0,0.3,6.0,198.7,23314.0,44097.0,23.0,18.4,40.0,29.8,7.639999999999999,7.0,738.0,4.8,0.8570659021483944
2026-02-26T12:00:00,02/26/202600:00,130.95999999999998,1.16,151.91359999999997,54.7,2.38,130.186,129.8,0.3,6.0,198.7,23314.0,44097.0,23.0,18.4,40.0,29.8,7.639999999999999,7.0,738.0,4.8,0.8569739641480423
2026-02-26T12:00:53,02/26/202600:00,130.98,1.16,151.93679999999998,54.7,2.4,131.28,130.9,0.3,6.0,198.7,23314.0,44097.0,23.0,18.45,39.9,29.8,7.659000000000001,6.6,739.7,4.8100000000000005,0.8640434707062411
2026-02-26T12:01:00,02/26/202600:01,131.0,1.16,151.95999999999998,54.7,2.42,132.374,132.0,0.3,6.0,198.7,23314.0,44097.0,23.0,18.5,39.8,29.8,7.678,6.2,741.4,4.82,0.8711108186364833
2026-02-26T12:02:35,02/26/202600:02,131.04000000000002,1.16,152.0064,54.7,2.41,131.82700000000003,131.4,0.3,6.0,198.7,23314.0,44097.0,23.0,18.55,39.7,29.8,7.697,5.8,743.1,4.83,0.8672463790998275
2026-02-26T12:02:52,02/26/202600:02,131.13000000000002,1.16,152.1108,54.71,2.41,131.8511,131.4,0.3,6.0,198.7,23314.0,44097.0,23.0,18.6,39.6,29.8,7.715999999999999,5.4,744.8,4.84,0.8668095887997433
2026-02-26T12:03:00,02/26/202600:03,131.2,1.16,152.19199999999998,54.720000000000006,2.42,132.4224,132.0,0.3,6.0,198.7,23314.0,44097.0,23.0,18.65,39.5,29.8,7.734999999999999,5.0,746.5,4.85,0.8701009251471827
2026-02-26T12:03:52,02/26/202600:03,132.56,1.15,152.444,54.720000000000006,2.41,131.87520000000004,131.5,0.3,6.0,198.7,23314.0,44097.0,23.0,18.7,39.4,29.8,7.754,4.6,748.2,4.86,0.8650730760147992
2026-02-26T12:04:00,02/26/202600:04,133.93,1.1400000000000001,152.6802,54.720000000000006,2.41,131.87520000000004,131.5,0.3,6.0,198.7,23314.0,44097.0,23.0,18.75,39.3,29.8,7.773000000000001,4.2,749.9,4.87,0.8637347868289407
2026-02-26T12:04:52,02/26/202600:04,135.39000000000001,1.1300000000000001,152.99070000000003,54.720000000000006,2.3899999999999997,130.7808,130.4,0.3,6.0,198.7,23314.0,44097.0,23.0,18.8,39.2,29.8,7.792,3.8,751.6,4.880000000000001,0.8548284307477512
2026-02-26T12:05:00,02/26/202600:05,136.8,1.1300000000000001,154.58400000000003,54.720000000000006,2.3899999999999997,130.7808,130.4,0.3,6.0,198.7,23314.0,44097.0,23.0,18.85,39.1,29.8,7.811,3.4,753.3,4.890000000000001,0.8460176991150441
2026-02-26T12:05:53,02/26/202600:05,138.22,1.1300000000000001,156.1886,54.720000000000006,2.41,131.87520000000004,131.5,0.3,6.0,198.7,23314.0,44097.0,23.0,18.9,39.0,29.8,7.83,3.0,755.0,4.9,0.8443330691228427
2026-02-26T12:06:00,02/26/202600:06,139.64000000000001,1.1300000000000001,157.79320000000004,54.720000000000006,2.41,131.87520000000004,131.5,0.3,6.0,198.7,23314.0,44097.0,23.0,18.9,39.0,29.8,7.83,3.0,755.0,4.9,0.8357470410638734
2026-02-26T12:06:53,02/26/202600:06,141.09,1.1099999999999999,156.60989999999998,54.720000000000006,2.3899999999999997,130.7808,130.4,0.3,6.0,198.7,23314.0,44097.0,23.0,18.9,39.0,29.8,7.83,3.0,755.0,4.9,0.8350736447695837
2026-02-26T12:07:01,02/26/202600:07,142.56,1.08,153.96480000000003,54.720000000000006,2.3600000000000003,129.13920000000005,128.8,0.3,6.0,198.7,23314.0,44097.0,23.0,18.9,39.0,29.8,7.83,3.0,755.0,4.9,0.8387579498690612
2026-02-26T12:07:52,02/26/202600:07,143.99,1.06,152.6294,54.71,2.34,128.0214,127.7,0.3,6.0,198.7,23314.0,44097.0,23.0,18.9,39.0,29.8,7.83,3.0,755.0,4.9,0.8387728707575343
2026-02-26T12:08:00,02/26/202600:08,145.42000000000002,1.04,151.23680000000002,54.7,2.32,126.904,126.6,0.3,6.0,198.7,23314.0,44097.0,23.0,18.9,39.0,29.8,7.83,3.0,755.0,4.9,0.8391079419823746
2026-02-26T12:08:53,02/26/202600:08,145.54000000000002,1.04,151.36160000000004,54.7,2.33,127.45100000000001,127.1,0.3,6.0,198.7,23314.0,44097.0,23.0,18.9,39.0,29.8,7.83,3.0,755.0,4.9,0.8420299468293145
2026-02-26T12:09:00,02/26/202600:09,145.66,1.04,151.4864,54.7,2.34,127.998,127.6,0.3,6.0,198.7,23314.0,44097.0,23.0,18.9,39.0,29.8,7.83,3.0,755.0,4.9,0.8449471371687491
2026-02-26T12:09:53,02/26/202600:09,145.7,1.03,150.071,54.7,2.34,127.998,127.6,0.3,6.0,198.7,23314.0,44097.0,23.0,18.9,39.0,29.8,7.83,3.0,755.0,4.9,0.8529162862911556
2026-02-26T12:10:01,02/26/202600:10,145.74,1.02,148.65480000000002,54.7,2.34,127.998,127.6,0.3,6.0,198.7,23314.0,44097.0,23.0,18.9,39.0,29.8,7.83,3.0,755.0,4.9,0.8610418230692852
2026-02-26T12:10:53,02/26/202600:10,145.77,1.01,147.2277,54.7,2.33,127.45100000000001,127.0,0.3,6.0,198.7,23314.0,44097.0,23.0,18.9,39.0,29.8,7.83,3.0,755.0,4.9,0.8656726961027036
2026-02-26T12:11:01,02/26/202600:11,145.8,1.0,145.8,54.7,2.32,126.904,126.4,0.3,6.0,198.7,23314.0,44097.0,23.0,18.9,39.0,29.8,7.83,3.0,755.0,4.9,0.8703978052126199
2026-02-26T12:11:53,02/26/202600:11,145.79000000000002,1.01,147.24790000000002,54.7,2.33,127.45100000000001,126.9,0.3,6.0,198.7,23314.0,44097.0,23.0,18.9,39.0,29.8,7.83,3.0,755.0,4.9,0.8655539399882782
2026-02-26T12:12:00,02/26/202600:12,145.78,1.02,148.6956,54.7,2.34,127.998,127.4,0.3,6.0,198.7,23314.0,44097.0,23.0,18.9,39.0,29.8,7.83,3.0,755.0,4.9,0.8608055651949351
2026-02-26T12:13:47,02/26/202600:13,145.76,1.02,148.6752,54.7,2.34,127.998,127.4,0.3,6.0,198.7,23314.0,44097.0,23.0,18.9,39.0,29.8,7.83,3.0,755.0,4.9,0.8609236779234197
2026-02-26T12:13:52,02/26/202600:13,145.74,1.03,150.1122,54.71,2.33,127.4743,126.8,0.3,6.0,198.7,23314.0,44097.0,23.0,18.9,39.0,29.8,7.83,3.0,755.0,4.9,0.8491934699511432
2026-02-26T12:14:01,02/26/202600:14,145.74,1.03,150.1122,54.720000000000006,2.3099999999999996,126.4032,125.7,0.3,6.0,198.7,23314.0,44097.0,23.0,18.9,39.0,29.8,7.83,3.0,755.0,4.9,0.8420581405108978
2026-02-26T12:14:53,02/26/202600:14,145.73,1.02,148.6446,54.720000000000006,2.2800000000000002,124.76160000000003,124.1,0.3,6.0,198.7,23314.0,44097.0,23.0,18.9,39.0,29.8,7.83,3.0,755.0,4.9,0.8393281693381397
2026-02-26T12:15:01,02/26/202600:15,145.70999999999998,1.02,148.62419999999997,54.720000000000006,2.2800000000000002,124.76160000000003,124.1,0.3,6.0,198.7,23314.0,44097.0,23.0,18.9,39.0,29.8,7.83,3.0,755.0,4.9,0.8394433746321263
2026-02-26T12:15:53,02/26/202600:15,145.66,1.03,150.0298,54.720000000000006,2.32,126.9504,126.3,0.3,6.0,198.7,23314.0,44097.0,23.0,18.9,39.0,29.8,7.83,3.0,755.0,4.9,0.8461678946449306
2026-02-26T12:16:01,02/26/202600:16,145.60999999999999,1.04,151.43439999999998,54.720000000000006,2.35,128.592,128.0,0.3,6.0,198.7,23314.0,44097.0,23.0,18.9,39.0,29.8,7.83,3.0,755.0,4.9,0.8491597681900548
2026-02-26T12:16:53,02/26/202600:16,145.57999999999998,1.03,149.9474,54.720000000000006,2.33,127.49760000000002,126.9,0.3,6.0,198.7,23314.0,44097.0,23.0,18.95,38.8,29.8,7.836,3.4,756.2,4.92,0.8502821656127417
2026-02-26T12:17:01,02/26/202600:17,145.56,1.02,148.4712,54.720000000000006,2.31,126.40320000000001,125.8,0.3,6.0,198.7,23314.0,44097.0,23.0,19.0,38.6,29.8,7.8420000000000005,3.8,757.4,4.94,0.8513651132340818
2026-02-26T12:17:54,02/26/202600:17,145.52,1.02,148.43040000000002,54.720000000000006,2.3,125.85600000000001,125.3,0.3,6.0,198.7,23314.0,44097.0,23.0,19.05,38.4,29.8,7.848000000000001,4.2,758.6,4.96,0.8479125569964104
2026-02-26T12:18:01,02/26/202600:18,145.48,1.02,148.3896,54.720000000000006,2.2800000000000002,124.76160000000003,124.2,0.3,6.0,198.7,23314.0,44097.0,23.0,19.1,38.2,29.8,7.853999999999999,4.6,759.8,4.9799999999999995,0.8407705122191854
2026-02-26T12:18:53,02/26/202600:18,145.45,1.01,146.90449999999998,54.71,2.2700000000000005,124.19170000000003,123.7,0.3,6.0,198.7,23314.0,44097.0,23.0,19.15,38.0,29.8,7.859999999999999,5.0,761.0,5.0,0.8453907130142374
2026-02-26T12:19:01,02/26/202600:19,145.42000000000002,1.0,145.42000000000002,54.7,2.2600000000000002,123.62200000000001,123.2,0.3,6.0,198.7,23314.0,44097.0,23.0,19.2,37.8,29.8,7.866,5.4,762.2,5.0200000000000005,0.8501031494980058
2026-02-26T12:19:52,02/26/202600:19,145.39000000000001,0.99,143.9361,54.7,2.2600000000000002,123.62200000000001,123.2,0.3,6.0,198.7,23314.0,44097.0,23.0,19.25,37.6,29.8,7.872,5.8,763.4,5.04,0.8588672334459528
2026-02-26T12:20:01,02/26/202600:20,145.36,0.9800000000000001,142.45280000000002,54.7,2.2600000000000002,123.62200000000001,123.2,0.3,6.0,198.7,23314.0,44097.0,23.0,19.3,37.4,29.8,7.878,6.2,764.6,5.06,0.8678102501319734
2026-02-26T12:20:53,02/26/202600:20,145.35,0.97,140.9895,54.7,2.22,121.43400000000001,121.0,0.3,6.0,198.7,23314.0,44097.0,23.0,19.35,37.2,29.8,7.884,6.6,765.8,5.08,0.8612981817794944
2026-02-26T12:21:01,02/26/202600:21,145.34,0.96,139.5264,54.7,2.18,119.24600000000001,118.8,0.3,6.0,198.7,23314.0,44097.0,23.0,19.4,37.0,29.8,7.889999999999999,7.0,767.0,5.1,0.8546482959497271
2026-02-26T12:21:53,02/26/202600:21,145.32,0.96,139.50719999999998,54.7,2.18,119.24600000000001,118.8,0.3,6.0,198.7,23314.0,44097.0,23.0,19.4,37.0,29.8,7.889999999999999,7.0,767.0,5.1,0.8547659188916416
2026-02-26T12:22:01,02/26/202600:22,145.3,0.96,139.488,54.7,2.18,119.24600000000001,118.8,0.3,6.0,198.7,23314.0,44097.0,23.0,19.4,37.0,29.8,7.889999999999999,7.0,767.0,5.1,0.8548835742142694
2026-02-26T12:22:52,02/26/202600:22,145.3,0.96,139.488,54.7,2.1700000000000004,118.69900000000003,118.2,0.3,7.0,198.7,23314.0,44097.0,23.0,19.4,37.0,29.8,7.889999999999999,7.0,767.0,5.1,0.850962089928883
2026-02-26T12:23:00,02/26/202600:23,145.3,0.96,139.488,54.7,2.16,118.15200000000002,117.6,0.3,7.0,198.7,23314.0,44097.0,23.0,19.4,37.0,29.8,7.889999999999999,7.0,767.0,5.1,0.8470406056434964
2026-02-26T12:24:58,02/26/202600:24,145.27,0.93,135.1011,54.660000000000004,2.1100000000000003,115.33260000000003,114.8,0.3,7.0,198.7,23314.0,44097.0,23.0,19.4,37.0,29.8,7.889999999999999,7.0,767.0,5.1,0.8536762468995444
2026-02-26T12:25:01,02/26/202600:25,145.24,0.9,130.716,54.620000000000005,2.06,112.51720000000002,112.0,0.3,7.0,198.7,23314.0,44097.0,23.0,19.4,37.0,29.8,7.889999999999999,7.0,767.0,5.1,0.8607760335383581
2026-02-26T12:25:53,02/26/202600:25,145.2,0.89,129.22799999999998,54.58,2.02,110.2516,109.7,0.3,7.0,198.7,23314.0,44097.0,23.0,19.4,37.0,29.8,7.889999999999999,7.0,767.0,5.1,0.8531556628594423
2026-02-26T12:26:00,02/26/202600:26,145.16,0.8800000000000001,127.74080000000001,54.54,1.98,107.9892,107.4,0.3,7.0,198.7,23314.0,44097.0,23.0,19.4,37.0,29.8,7.889999999999999,7.0,767.0,5.1,0.8453775144667952
2026-02-26T12:26:53,02/26/202600:26,145.14000000000001,0.86,124.8204,54.5,1.9300000000000002,105.185,104.6,0.3,7.0,198.7,23314.0,44097.0,23.0,19.4,37.0,29.8,7.889999999999999,7.0,767.0,5.1,0.8426907781099884
2026-02-26T12:27:00,02/26/202600:27,145.12,0.8400000000000001,121.90080000000002,54.46,1.8800000000000001,102.38480000000001,101.8,0.3,7.0,198.7,23314.0,44097.0,23.0,19.4,37.0,29.8,7.889999999999999,7.0,767.0,5.1,0.8399026093348033
2026-02-26T12:27:53,02/26/202600:27,145.09,0.8300000000000001,120.42470000000002,54.42,1.83,99.58860000000001,99.0,0.3,7.0,198.7,23314.0,44097.0,23.0,19.4,37.0,29.8,7.889999999999999,7.0,767.0,5.1,0.8269781863687433
2026-02-26T12:28:01,02/26/202600:28,145.06,0.82,118.94919999999999,54.379999999999995,1.78,96.79639999999999,96.2,0.3,7.0,198.7,23314.0,44097.0,23.0,19.4,37.0,29.8,7.889999999999999,7.0,767.0,5.1,0.8137625137453636
2026-02-26T12:28:53,02/26/202600:28,145.02,0.8,116.01600000000002,54.339999999999996,1.75,95.095,94.5,0.3,7.0,198.7,23314.0,44097.0,23.0,19.4,37.0,29.8,7.889999999999999,7.0,767.0,5.1,0.8196714246310852
2026-02-26T12:29:00,02/26/202600:29,144.98,0.78,113.0844,54.3,1.72,93.39599999999999,92.8,0.3,7.0,198.7,23314.0,44097.0,23.0,19.4,37.0,29.8,7.889999999999999,7.0,767.0,5.1,0.8258964101149229
2026-02-26T12:29:53,02/26/202600:29,144.99,0.8,115.99200000000002,54.3,1.75,95.02499999999999,94.4,0.3,7.0,198.7,23314.0,44097.0,23.0,19.43,37.0,29.8,8.083,42.3,767.0,5.1,0.8192375336230083
2026-02-26T12:30:01,02/26/202600:30,145.0,0.8200000000000001,118.9,54.3,1.78,96.654,96.0,0.3,7.0,198.7,23314.0,44097.0,23.0,19.46,37.0,29.8,8.276,77.6,767.0,5.1,0.812901597981497
2026-02-26T12:30:53,02/26/202600:30,145.05,0.8300000000000001,120.39150000000002,54.31,1.81,98.3011,97.7,0.3,7.0,198.7,23314.0,44097.0,23.0,19.52,36.8,29.8,8.469,112.8,767.9,5.109999999999999,0.81651196305387
2026-02-26T12:31:00,02/26/202600:31,145.1,0.8400000000000001,121.884,54.31999999999999,1.8399999999999999,99.94879999999998,99.4,0.3,7.0,198.7,23314.0,44097.0,23.0,19.58,36.6,29.8,8.662,148.0,768.8,5.119999999999999,0.820032161727544
2026-02-26T12:31:54,02/26/202600:31,145.15,0.8300000000000001,120.47450000000002,54.31999999999999,1.81,98.3192,97.2,0.3,7.0,198.7,23314.0,44097.0,23.0,19.639999999999997,36.4,29.8,8.855,183.2,769.7,5.13,0.8160996725448122
2026-02-26T12:32:01,02/26/202600:32,145.2,0.82,119.06399999999998,54.31999999999999,1.78,96.68959999999998,95.0,0.3,7.0,198.7,23314.0,44097.0,23.0,19.7,36.2,29.8,9.048,218.4,770.6,5.14,0.8120808976684808
2026-02-26T12:32:53,02/26/202600:32,145.23,0.8300000000000001,120.54090000000001,54.31999999999999,1.8,97.776,96.1,0.3,7.0,198.7,23314.0,44097.0,23.0,19.759999999999998,36.0,29.8,9.241,253.6,771.5,5.15,0.8111437694591628
2026-02-26T12:33:00,02/26/202600:33,145.26,0.8400000000000001,122.0184,54.31999999999999,1.8199999999999998,98.86239999999998,97.2,0.3,7.0,198.7,23314.0,44097.0,23.0,19.82,35.8,29.8,9.434000000000001,288.8,772.4,5.16,0.8102253430630133
2026-02-26T12:33:53,02/26/202600:33,145.29000000000002,0.8400000000000001,122.04360000000003,54.31999999999999,1.8199999999999998,98.86239999999998,97.2,0.3,7.0,198.7,23314.0,44097.0,23.0,19.880000000000003,35.6,29.8,9.626999999999999,324.0,773.3,5.17,0.8100580448298801
2026-02-26T12:34:00,02/26/202600:34,145.32,0.8400000000000001,122.06880000000001,54.31999999999999,1.8199999999999998,98.86239999999998,97.2,0.3,7.0,198.7,23314.0,44097.0,23.0,19.94,35.4,29.8,9.82,359.2,774.2,5.18,0.8098908156711623
2026-02-26T12:36:11,02/26/202600:36,145.29000000000002,0.8400000000000001,122.04360000000003,54.31999999999999,1.81,98.3192,96.7,0.3,7.0,198.7,23314.0,44097.0,23.0,19.97,34.9,29.802,9.82,359.1,775.1,5.1899999999999995,0.8056071764516941
2026-02-26T12:36:53,02/26/202600:36,145.24,0.8400000000000001,122.00160000000002,54.31999999999999,1.78,96.68959999999998,95.1,0.3,7.0,198.7,23314.0,44097.0,23.0,20.0,34.4,29.804000000000002,9.82,359.0,776.0,5.2,0.792527311117231
2026-02-26T12:37:00,02/26/202600:37,145.17000000000002,0.8400000000000001,121.94280000000002,54.31,1.7399999999999998,94.4994,92.9,0.3,7.0,198.7,23314.0,44097.0,23.0,20.0,34.1,29.806,9.82,359.0,776.0,5.2,0.7749485824501322
2026-02-26T12:37:53,02/26/202600:37,145.07999999999998,0.8300000000000001,120.4164,54.3,1.7,92.30999999999999,90.7,0.4,7.0,198.7,23314.0,44097.0,23.0,20.0,33.8,29.808,9.82,359.0,776.0,5.2,0.7665899329327234
2026-02-26T12:38:00,02/26/202600:38,144.98,0.8400000000000001,121.78320000000001,54.3,1.73,93.939,92.9,0.4,7.0,198.7,23314.0,44097.0,23.0,20.0,33.5,29.810000000000002,9.82,359.0,776.0,5.2,0.7713625524702914
2026-02-26T12:38:54,02/26/202600:38,144.88,0.8400000000000001,121.6992,54.3,1.73,93.939,93.5,0.4,7.0,198.7,23314.0,44097.0,23.0,20.0,33.2,29.812,9.82,359.0,776.0,5.2,0.7718949672635481
2026-02-26T12:39:01,02/26/202600:39,144.8,0.82,118.736,54.3,1.69,91.767,91.4,0.4,7.0,198.7,23314.0,44097.0,23.0,20.0,32.9,29.814,9.82,359.0,776.0,5.2,0.7728658536585366
2026-02-26T12:39:53,02/26/202600:39,144.7,0.8099999999999999,117.20699999999998,54.31,1.7100000000000002,92.87010000000001,92.5,0.4,7.0,198.7,23314.0,44097.0,23.0,20.0,32.6,29.816000000000003,9.82,359.0,776.0,5.2,0.7923596713506874
2026-02-26T12:40:00,02/26/202600:40,144.60999999999999,0.8099999999999999,117.13409999999998,54.31999999999999,1.73,93.97359999999999,93.6,0.4,7.0,198.7,23314.0,44097.0,23.0,20.0,32.3,29.818,9.82,359.0,776.0,5.2,0.8022736333825932
2026-02-26T12:40:53,02/26/202600:40,144.53,0.8099999999999999,117.0693,54.31999999999999,1.72,93.43039999999999,93.1,0.4,7.0,198.7,23314.0,44097.0,23.0,20.0,32.0,29.82,9.82,359.0,776.0,5.2,0.7980777197779434
2026-02-26T12:41:01,02/26/202600:41,144.48,0.8,115.584,54.31999999999999,1.7,92.34399999999998,92.0,0.4,7.0,198.7,23314.0,44097.0,23.0,20.0,32.0,29.82,9.82,359.0,776.0,5.2,0.7989341085271315
2026-02-26T12:41:53,02/26/202600:41,144.43,0.79,114.09970000000001,54.31999999999999,1.6800000000000002,91.2576,90.9,0.4,7.0,198.7,23314.0,44097.0,23.0,20.0,32.0,29.82,9.82,359.0,776.0,5.2,0.7998057838890023
2026-02-26T12:42:00,02/26/202600:42,144.38,0.78,112.6164,54.31999999999999,1.6600000000000001,90.1712,89.8,0.4,7.0,198.7,23314.0,44097.0,23.0,20.0,32.0,29.82,9.82,359.0,776.0,5.2,0.8006933270820236
2026-02-26T12:42:53,02/26/202600:42,144.35999999999999,0.78,112.60079999999999,54.31999999999999,1.67,90.71439999999998,90.3,0.4,7.0,198.7,23314.0,44097.0,23.0,20.0,32.0,29.82,9.82,359.0,776.0,5.2,0.8056283791944638
2026-02-26T12:43:00,02/26/202600:43,144.34,0.78,112.5852,54.31999999999999,1.6800000000000002,91.2576,90.8,0.4,7.0,198.7,23314.0,44097.0,23.0,20.0,32.0,29.82,9.82,359.0,776.0,5.2,0.8105647989256136
2026-02-26T12:43:54,02/26/202600:43,144.3,0.79,113.99700000000001,54.33,1.73,93.9909,93.5,0.4,7.0,198.7,23314.0,44097.0,23.0,20.0,32.0,29.82,9.82,359.0,776.0,5.2,0.8245032764020105
2026-02-26T12:44:00,02/26/202600:44,144.26,0.8,115.408,54.339999999999996,1.78,96.7252,96.2,0.4,7.0,198.7,23314.0,44097.0,23.0,20.0,32.0,29.82,9.82,359.0,776.0,5.2,0.8381152086510467
2026-02-26T12:44:53,02/26/202600:44,144.25,0.79,113.95750000000001,54.33,1.7399999999999998,94.53419999999998,94.0,0.4,7.0,198.7,23314.0,44097.0,23.0,20.0,32.0,29.82,9.82,359.0,776.0,5.2,0.8295566329552682
2026-02-26T12:45:01,02/26/202600:45,144.24,0.78,112.50720000000001,54.31999999999999,1.7,92.34399999999998,91.8,0.4,7.0,198.7,23314.0,44097.0,23.0,20.0,32.0,29.82,9.82,359.0,776.0,5.2,0.820783025441927
2026-02-26T12:45:53,02/26/202600:45,144.24,0.78,112.50720000000001,54.31999999999999,1.67,90.71439999999998,90.2,0.4,7.0,198.7,23314.0,44097.0,23.0,20.04,31.9,29.82,9.888,358.9,776.3,5.21,0.806298619110599
2026-02-26T12:47:21,02/26/202600:47,144.26,0.78,112.5228,54.31999999999999,1.6600000000000001,90.1712,89.6,0.4,7.0,198.7,23314.0,44097.0,23.0,20.080000000000002,31.8,29.82,9.956,358.8,776.6,5.220000000000001,0.8013593689456714
2026-02-26T12:47:53,02/26/202600:47,144.3,0.78,112.55400000000002,54.31999999999999,1.6800000000000002,91.2576,90.7,0.4,7.0,198.7,23314.0,44097.0,23.0,20.119999999999997,31.7,29.82,10.024000000000001,358.7,776.9,5.2299999999999995,0.8107894877125645
2026-02-26T12:48:00,02/26/202600:48,144.34,0.78,112.5852,54.31999999999999,1.7,92.34399999999998,91.8,0.4,7.0,198.7,23314.0,44097.0,23.0,20.16,31.6,29.82,10.092,358.6,777.2,5.24,0.8202143798652042
2026-02-26T12:48:53,02/26/202600:48,144.4,0.77,111.188,54.31999999999999,1.6800000000000002,91.2576,90.7,0.4,7.0,198.7,23314.0,44097.0,23.0,20.2,31.5,29.82,10.16,358.5,777.5,5.25,0.820750440695039
2026-02-26T12:49:01,02/26/202600:49,144.45999999999998,0.76,109.78959999999998,54.31999999999999,1.6600000000000001,90.1712,89.6,0.4,7.0,198.7,23314.0,44097.0,23.0,20.24,31.4,29.82,10.228,358.4,777.8,5.26,0.8213091221755068
2026-02-26T12:49:54,02/26/202600:49,144.54000000000002,0.76,109.85040000000002,54.31999999999999,1.64,89.08479999999999,88.5,0.4,7.0,198.7,23314.0,44097.0,23.0,20.279999999999998,31.3,29.82,10.296000000000001,358.3,778.1,5.2700000000000005,0.8109647302149102
2026-02-26T12:50:01,02/26/202600:50,144.62,0.76,109.91120000000001,54.31999999999999,1.6199999999999999,87.99839999999999,87.4,0.4,7.0,198.7,23314.0,44097.0,23.0,20.32,31.2,29.82,10.364,358.2,778.4,5.279999999999999,0.8006317827482548
2026-02-26T12:50:53,02/26/202600:50,144.72,0.76,109.9872,54.31999999999999,1.6,86.91199999999999,86.4,0.4,7.0,198.7,23314.0,44097.0,23.0,20.36,31.1,29.82,10.431999999999999,358.1,778.7,5.29,0.7902010415757469
2026-02-26T12:51:00,02/26/202600:51,144.82,0.76,110.0632,54.31999999999999,1.58,85.8256,85.4,0.4,7.0,198.7,23314.0,44097.0,23.0,20.4,31.0,29.82,10.5,358.0,779.0,5.3,0.7797847055146497
2026-02-26T12:51:53,02/26/202600:51,144.89000000000001,0.76,110.11640000000001,54.31999999999999,1.6199999999999999,87.99839999999999,87.5,0.4,7.0,198.7,23314.0,44097.0,23.0,20.4,31.0,29.82,10.5,358.0,779.0,5.3,0.7991398193184664
2026-02-26T12:52:01,02/26/202600:52,144.94,0.76,110.1544,54.31999999999999,1.64,89.08479999999999,88.6,0.4,7.0,198.7,23314.0,44097.0,23.0,20.4,31.0,29.82,10.5,358.0,779.0,5.3,0.8087266600335529
2026-02-26T12:52:54,02/26/202600:52,145.0,0.75,108.75,54.31999999999999,1.6300000000000001,88.54159999999999,88.0,0.4,7.0,198.7,23314.0,44097.0,23.0,20.4,31.0,29.82,10.5,358.0,779.0,5.3,0.814175632183908
2026-02-26T12:53:01,02/26/202600:53,145.06,0.74,107.34440000000001,54.31999999999999,1.6199999999999999,87.99839999999999,87.4,0.4,7.0,198.7,23314.0,44097.0,23.0,20.4,31.0,29.82,10.5,358.0,779.0,5.3,0.8197763460413396
2026-02-26T12:53:53,02/26/202600:53,145.06,0.75,108.795,54.31999999999999,1.6300000000000001,88.54159999999999,88.0,0.4,7.0,198.7,23314.0,44097.0,23.0,20.4,31.0,29.82,10.5,358.0,779.0,5.3,0.8138388712716575
2026-02-26T12:54:00,02/26/202600:54,145.06,0.76,110.2456,54.31999999999999,1.64,89.08479999999999,88.6,0.4,7.0,198.7,23314.0,44097.0,23.0,20.4,31.0,29.82,10.5,358.0,779.0,5.3,0.8080576458380198
2026-02-26T12:54:53,02/26/202600:54,145.04,0.76,110.23039999999999,54.31,1.64,89.0684,88.6,0.4,7.0,198.7,23314.0,44097.0,23.0,20.4,31.0,29.82,10.5,358.0,779.0,5.3,0.8080202920428485
2026-02-26T12:55:01,02/26/202600:55,145.01999999999998,0.76,110.21519999999998,54.3,1.64,89.05199999999999,88.6,0.4,7.0,198.7,23314.0,44097.0,23.0,20.4,31.0,29.82,10.5,358.0,779.0,5.3,0.807982927944603
2026-02-26T12:55:54,02/26/202600:55,144.94,0.76,110.1544,54.3,1.65,89.59499999999998,89.1,0.4,7.0,198.7,23314.0,44097.0,23.0,20.4,31.0,29.82,10.5,358.0,779.0,5.3,0.8133583406563877
2026-02-26T12:56:01,02/26/202600:56,144.85999999999999,0.76,110.0936,54.3,1.6600000000000001,90.138,89.6,0.4,7.0,198.7,23314.0,44097.0,23.0,20.4,31.0,29.82,10.5,358.0,779.0,5.3,0.8187396905905521
2026-02-26T12:56:53,02/26/202600:56,144.79000000000002,0.76,110.04040000000002,54.3,1.65,89.59499999999998,89.1,0.4,7.0,198.7,23314.0,44097.0,23.0,20.4,31.0,29.82,10.5,358.0,779.0,5.3,0.8142009661905988
2026-02-26T12:57:01,02/26/202600:57,144.72,0.76,109.9872,54.3,1.64,89.05199999999999,88.6,0.4,7.0,198.7,23314.0,44097.0,23.0,20.4,31.0,29.82,10.5,358.0,779.0,5.3,0.8096578510954001
2026-02-26T12:58:31,02/26/202600:58,144.67000000000002,0.76,109.94920000000002,54.3,1.64,89.05199999999999,88.6,0.4,8.0,198.7,23314.0,44097.0,23.0,20.4,31.0,29.82,10.5,358.0,779.0,5.3,0.8099376803105433
2026-02-26T12:58:58,02/26/202600:58,144.64000000000001,0.77,111.37280000000001,54.3,1.64,89.05199999999999,88.6,0.4,8.0,198.7,23314.0,44097.0,23.0,20.4,31.0,29.82,10.5,358.0,779.0,5.3,0.7995848178370301
2026-02-26T12:59:01,02/26/202600:59,144.64000000000001,0.77,111.37280000000001,54.3,1.6300000000000001,88.509,88.0,0.4,8.0,198.7,23314.0,44097.0,23.0,20.4,31.0,29.82,10.5,358.0,779.0,5.3,0.794709300655097
2026-02-26T12:59:57,02/26/202600:59,144.65,0.77,111.38050000000001,54.3,1.6300000000000001,88.509,88.0,0.4,8.0,198.7,23314.0,44097.0,23.0,20.4,31.0,29.82,10.5,358.0,779.0,5.3,0.7946543605029605
2026-02-26T13:00:01,02/26/202601:00,144.68,0.77,111.40360000000001,54.3,1.6300000000000001,88.509,88.0,0.4,8.0,198.7,23314.0,44097.0,23.0,20.4,31.0,29.82,10.5,358.0,779.0,5.3,0.7944895856148274
2026-02-26T13:00:58,02/26/202601:00,144.7,0.77,111.419,54.3,1.6300000000000001,88.509,88.0,0.4,8.0,198.7,23314.0,44097.0,23.0,20.43,30.9,29.82,10.413,357.7,778.8,5.3,0.7943797736472236
2026-02-26T13:01:01,02/26/202601:01,144.75,0.78,112.905,54.3,1.65,89.59499999999998,89.1,0.4,8.0,198.7,23314.0,44097.0,23.0,20.46,30.8,29.82,10.326,357.4,778.6,5.3,0.7935432443204462
2026-02-26T13:01:58,02/26/202601:01,144.79000000000002,0.79,114.38410000000002,54.31,1.6800000000000002,91.24080000000001,90.7,0.4,8.0,198.7,23314.0,44097.0,23.0,20.49,30.7,29.82,10.239,357.1,778.4,5.3,0.7976703055756875
2026-02-26T13:02:01,02/26/202601:02,144.82999999999998,0.79,114.41569999999999,54.31999999999999,1.69,91.80079999999998,91.2,0.4,8.0,198.7,23314.0,44097.0,23.0,20.52,30.6,29.82,10.152000000000001,356.8,778.2,5.3,0.8023444334999479
2026-02-26T13:02:57,02/26/202601:02,144.85999999999999,0.78,112.9908,54.31999999999999,1.6800000000000002,91.2576,90.7,0.4,8.0,198.7,23314.0,44097.0,23.0,20.55,30.5,29.82,10.065000000000001,356.5,778.0,5.3,0.8076551365243896
2026-02-26T13:03:01,02/26/202601:03,144.85999999999999,0.78,112.9908,54.31999999999999,1.6800000000000002,91.2576,90.8,0.4,8.0,198.7,23314.0,44097.0,23.0,20.58,30.4,29.82,9.978,356.2,777.8,5.3,0.8076551365243896
2026-02-26T13:03:58,02/26/202601:03,144.82999999999998,0.78,112.9674,54.31999999999999,1.6800000000000002,91.2576,90.8,0.4,8.0,198.7,23314.0,44097.0,23.0,20.61,30.3,29.82,9.891000000000002,355.9,777.6,5.3,0.8078224337286686
2026-02-26T13:04:01,02/26/202601:04,144.8,0.78,112.94400000000002,54.31999999999999,1.6800000000000002,91.2576,90.8,0.4,8.0,198.7,23314.0,44097.0,23.0,20.639999999999997,30.2,29.82,9.804,355.6,777.4,5.3,0.8079898002549935
2026-02-26T13:04:58,02/26/202601:04,144.72,0.78,112.8816,54.31999999999999,1.67,90.71439999999998,90.2,0.4,8.0,198.7,23314.0,44097.0,23.0,20.669999999999998,30.1,29.82,9.717,355.3,777.2,5.3,0.8036243284999502
2026-02-26T13:05:01,02/26/202601:05,144.64000000000001,0.78,112.81920000000001,54.31999999999999,1.6600000000000001,90.1712,89.6,0.4,8.0,198.7,23314.0,44097.0,23.0,20.7,30.0,29.82,9.63,355.0,777.0,5.3,0.7992540276832312
2026-02-26T13:05:57,02/26/202601:05,144.56,0.77,111.3112,54.31999999999999,1.65,89.62799999999999,89.0,0.4,8.0,198.7,23314.0,44097.0,23.0,20.7,30.0,29.82,9.63,355.0,777.0,5.3,0.8052019922523519
2026-02-26T13:06:00,02/26/202601:06,144.48,0.76,109.8048,54.31999999999999,1.6400000000000001,89.0848,88.4,0.4,8.0,198.7,23314.0,44097.0,23.0,20.7,30.0,29.82,9.63,355.0,777.0,5.3,0.8113015095879234
2026-02-26T13:06:58,02/26/202601:06,144.38,0.76,109.72879999999999,54.31999999999999,1.6400000000000001,89.0848,88.4,0.4,8.0,198.7,23314.0,44097.0,23.0,20.7,30.0,29.82,9.63,355.0,777.0,5.3,0.811863430566998
2026-02-26T13:07:01,02/26/202601:07,144.28,0.76,109.6528,54.31999999999999,1.6400000000000001,89.0848,88.4,0.4,8.0,198.7,23314.0,44097.0,23.0,20.7,30.0,29.82,9.63,355.0,777.0,5.3,0.8124261304772883
2026-02-26T13:07:58,02/26/202601:07,144.15,0.77,110.9955,54.31999999999999,1.6600000000000001,90.1712,89.4,0.4,8.0,198.7,23314.0,44097.0,23.0,20.7,30.0,29.82,9.63,355.0,777.0,5.3,0.812386087724277
2026-02-26T13:08:01,02/26/202601:08,144.02,0.78,112.33560000000001,54.31999999999999,1.6800000000000002,91.2576,90.4,0.4,8.0,198.7,23314.0,44097.0,23.0,20.7,30.0,29.82,9.63,355.0,777.0,5.3,0.8123658038947581
2026-02-26T13:09:43,02/26/202601:09,143.89000000000001,0.79,113.67310000000002,54.31999999999999,1.6900000000000002,91.8008,91.0,0.4,8.0,198.7,23314.0,44097.0,23.0,20.7,30.0,29.82,9.63,355.0,777.0,5.3,0.807585963609684
2026-02-26T13:09:57,02/26/202601:09,143.74,0.79,113.55460000000001,54.31999999999999,1.7,92.34399999999998,91.6,0.4,8.0,198.7,23314.0,44097.0,23.0,20.7,30.0,29.82,9.63,355.0,777.0,5.3,0.8132123225303067
2026-02-26T13:10:01,02/26/202601:10,143.63,0.79,113.46770000000001,54.31999999999999,1.7100000000000002,92.88719999999999,92.2,0.4,8.0,198.7,23314.0,44097.0,23.0,20.7,30.0,29.82,9.63,355.0,777.0,5.3,0.8186223920992493
2026-02-26T13:10:58,02/26/202601:10,143.51,0.78,111.9378,54.31999999999999,1.7100000000000002,92.88719999999999,92.2,0.4,8.0,198.7,23314.0,44097.0,23.0,20.7,30.0,29.82,9.63,355.0,777.0,5.3,0.8298108413779796
2026-02-26T13:11:01,02/26/202601:11,143.4,0.78,111.852,54.31999999999999,1.7100000000000002,92.88719999999999,92.2,0.4,8.0,198.7,23314.0,44097.0,23.0,20.7,30.0,29.82,9.63,355.0,777.0,5.3,0.8304473768908914
2026-02-26T13:11:32,02/26/202601:11,143.28,0.78,111.75840000000001,54.31999999999999,1.7100000000000002,92.88719999999999,92.2,0.4,8.0,198.7,23314.0,44097.0,23.0,20.7,30.0,29.82,9.63,355.0,777.0,5.3,0.8311428939569642
2026-02-26T13:12:01,02/26/202601:12,143.19,0.77,110.2563,54.31,1.69,91.7839,91.1,0.4,8.0,198.7,23314.0,44097.0,23.0,20.7,30.0,29.82,9.63,355.0,777.0,5.3,0.8324594603664371
2026-02-26T13:12:32,02/26/202601:12,143.10999999999999,0.77,110.1947,54.31,1.67,90.6977,90.0,0.4,8.0,198.7,23314.0,44097.0,23.0,20.7,30.0,29.82,9.63,355.0,777.0,5.3,0.8230677155979371
2026-02-26T13:13:01,02/26/202601:13,143.07,0.77,110.1639,54.31999999999999,1.65,89.62799999999999,88.9,0.4,8.0,198.7,23314.0,44097.0,23.0,20.7,30.0,29.82,9.63,355.0,777.0,5.3,0.8135877542461731
2026-02-26T13:13:32,02/26/202601:13,143.02,0.77,110.12540000000001,54.31999999999999,1.6300000000000001,88.54159999999999,87.8,0.4,8.0,198.7,23314.0,44097.0,23.0,20.7,30.0,29.82,9.63,355.0,777.0,5.3,0.8040070683057676
2026-02-26T13:14:01,02/26/202601:14,142.98,0.76,108.6648,54.31999999999999,1.6199999999999999,87.99839999999999,87.2,0.4,8.0,198.7,23314.0,44097.0,23.0,20.7,30.0,29.82,9.63,355.0,777.0,5.3,0.8098151379287496
2026-02-26T13:15:30,02/26/202601:15,142.97,0.76,108.6572,54.33,1.6300000000000001,88.5579,87.7,0.4,8.0,198.7,23314.0,44097.0,23.0,20.7,30.0,29.82,9.63,355.0,777.0,5.3,0.8150210018296072
2026-02-26T13:16:01,02/26/202601:16,142.95999999999998,0.76,108.64959999999999,54.339999999999996,1.6400000000000001,89.1176,88.2,0.4,8.0,198.7,23314.0,44097.0,23.0,20.7,30.0,29.82,9.63,355.0,777.0,5.3,0.820229434806939
2026-02-26T13:16:30,02/26/202601:16,142.95999999999998,0.77,110.07919999999999,54.339999999999996,1.65,89.66099999999999,88.8,0.4,8.0,198.7,23314.0,44097.0,23.0,20.729999999999997,29.8,29.82,9.549000000000001,354.6,776.5,5.3,0.8145135502438244
2026-02-26T13:17:01,02/26/202601:17,142.95999999999998,0.78,111.5088,54.339999999999996,1.6600000000000001,90.2044,89.4,0.4,8.0,198.7,23314.0,44097.0,23.0,20.759999999999998,29.6,29.82,9.468,354.2,776.0,5.3,0.808944226823354
2026-02-26T13:17:30,02/26/202601:17,142.97,0.79,112.94630000000001,54.339999999999996,1.6600000000000001,90.2044,89.4,0.4,8.0,198.7,23314.0,44097.0,23.0,20.79,29.4,29.82,9.387,353.8,775.5,5.3,0.7986485613074532
2026-02-26T13:18:01,02/26/202601:18,142.98,0.8,114.384,54.339999999999996,1.6600000000000001,90.2044,89.4,0.4,8.0,198.7,23314.0,44097.0,23.0,20.82,29.2,29.82,9.306000000000001,353.4,775.0,5.3,0.7886102951461743
2026-02-26T13:18:30,02/26/202601:18,143.0,0.78,111.54,54.33,1.6199999999999999,88.01459999999999,87.3,0.4,8.0,198.7,23314.0,44097.0,23.0,20.85,29.0,29.82,9.225,353.0,774.5,5.3,0.7890855298547604
2026-02-26T13:19:01,02/26/202601:19,143.02,0.76,108.69520000000001,54.31999999999999,1.58,85.8256,85.2,0.4,8.0,198.7,23314.0,44097.0,23.0,20.880000000000003,28.8,29.82,9.144,352.6,774.0,5.3,0.7895988047310275
2026-02-26T13:19:30,02/26/202601:19,143.05,0.76,108.718,54.31999999999999,1.6,86.91199999999999,86.3,0.4,8.0,198.7,23314.0,44097.0,23.0,20.9,28.6,29.82,9.063,352.2,773.6,5.3,0.7994260380065857
2026-02-26T13:21:25,02/26/202601:21,143.1,0.76,108.756,54.31999999999999,1.6,86.91199999999999,86.3,0.4,8.0,198.7,23314.0,44097.0,23.0,20.919999999999998,28.4,29.82,9.045,352.0,773.2,5.3,0.799146713744529
2026-02-26T13:22:01,02/26/202601:22,143.14000000000001,0.76,108.78640000000001,54.31,1.58,85.80980000000001,85.2,0.4,8.0,198.7,23314.0,44097.0,23.0,20.94,28.2,29.82,9.027,351.8,772.8,5.3,0.7887916136575895
2026-02-26T13:23:01,02/26/202601:23,143.18,0.76,108.8168,54.29,1.56,84.6924,84.1,0.4,8.0,198.7,23314.0,44097.0,23.0,20.96,28.0,29.82,9.009,351.6,772.4,5.3,0.778302615037384
2026-02-26T13:24:05,02/26/202601:24,143.23,0.75,107.42249999999999,54.3,1.54,83.622,83.0,0.4,8.0,198.7,23314.0,44097.0,23.0,20.95,28.0,29.82,9.072,351.8,772.5,5.3,0.7784402708929694
2026-02-26T13:25:00,02/26/202601:25,143.28,0.74,106.0272,54.31,1.52,82.55120000000001,81.9,0.4,8.0,198.7,23314.0,44097.0,23.0,20.939999999999998,28.0,29.82,9.135,352.0,772.6,5.3,0.7785851177810978
2026-02-26T13:25:06,02/26/202601:25,143.32999999999998,0.74,106.06419999999999,54.31999999999999,1.54,83.65279999999998,83.0,0.4,8.0,198.7,23314.0,44097.0,23.0,20.93,28.0,29.82,9.197999999999999,352.2,772.7,5.3,0.7886996743481778
2026-02-26T13:26:01,02/26/202601:26,143.38,0.74,106.10119999999999,54.33,1.56,84.7548,84.1,0.4,8.0,198.7,23314.0,44097.0,23.0,20.919999999999998,28.0,29.82,9.261,352.4,772.8,5.3,0.7988109465302938
2026-02-26T13:26:06,02/26/202601:26,143.42000000000002,0.75,107.56500000000001,54.33,1.59,86.3847,85.7,0.4,8.0,198.7,23314.0,44097.0,23.0,20.91,28.0,29.82,9.324,352.6,772.9,5.3,0.8030930135267047
2026-02-26T13:27:00,02/26/202601:27,143.45999999999998,0.76,109.02959999999999,54.33,1.6199999999999999,88.01459999999999,87.3,0.4,8.0,198.7,23314.0,44097.0,23.0,20.9,28.0,29.82,9.386999999999999,352.8,773.0,5.3,0.8072541768473882
2026-02-26T13:27:05,02/26/202601:27,143.49,0.76,109.0524,54.33,1.6,86.928,86.2,0.4,8.0,198.7,23314.0,44097.0,23.0,20.9,28.0,29.82,9.45,353.0,773.0,5.3,0.7971213838484984
2026-02-26T13:28:00,02/26/202601:28,143.5,0.76,109.06,54.33,1.6,86.928,86.2,0.4,8.0,198.7,23314.0,44097.0,23.0,20.9,28.0,29.82,9.45,353.0,773.0,5.3,0.7970658353200073
2026-02-26T13:28:05,02/26/202601:28,143.52,0.76,109.07520000000001,54.339999999999996,1.61,87.4874,86.8,0.4,8.0,198.7,23314.0,44097.0,23.0,20.9,28.0,29.82,9.45,353.0,773.0,5.3,0.8020833333333333
2026-02-26T13:29:01,02/26/202601:29,143.54000000000002,0.76,109.09040000000002,54.36,1.6199999999999999,88.0632,87.4,0.4,8.0,198.7,23314.0,44097.0,23.0,20.9,28.0,29.82,9.45,353.0,773.0,5.3,0.80724976716558
2026-02-26T13:29:06,02/26/202601:29,143.56,0.77,110.5412,54.35,1.64,89.134,88.5,0.4,8.0,198.7,23314.0,44097.0,23.0,20.9,28.0,29.82,9.45,353.0,773.0,5.3,0.8063418888161156
2026-02-26T13:30:01,02/26/202601:30,143.57999999999998,0.78,111.99239999999999,54.339999999999996,1.6600000000000001,90.2044,89.6,0.4,8.0,198.7,23314.0,44097.0,23.0,20.9,28.0,29.82,9.45,353.0,773.0,5.3,0.8054510841807124
2026-02-26T13:30:06,02/26/202601:30,143.58999999999997,0.78,112.00019999999998,54.33,1.67,90.7311,90.2,0.4,8.0,198.7,23314.0,44097.0,23.0,20.9,28.0,29.82,9.45,353.0,773.0,5.3,0.8100976605398921
2026-02-26T13:32:04,02/26/202601:32,143.60999999999999,0.77,110.57969999999999,54.33,1.6300000000000001,88.5579,88.1,0.4,8.0,198.7,23314.0,44097.0,23.0,20.939999999999998,27.9,29.82,9.318999999999999,352.8,772.0,5.3,0.8008513316639493
2026-02-26T13:32:06,02/26/202601:32,143.63,0.77,110.5951,54.33,1.6300000000000001,88.5579,88.1,0.4,8.0,198.7,23314.0,44097.0,23.0,20.979999999999997,27.8,29.82,9.187999999999999,352.6,771.0,5.3,0.8007398157784568
2026-02-26T13:33:01,02/26/202601:33,143.65,0.77,110.6105,54.33,1.6300000000000001,88.5579,88.1,0.4,8.0,198.7,23314.0,44097.0,23.0,21.02,27.7,29.82,9.056999999999999,352.4,770.0,5.3,0.800628330945073
2026-02-26T13:33:06,02/26/202601:33,143.67000000000002,0.76,109.18920000000001,54.33,1.6199999999999999,88.01459999999999,87.6,0.4,8.0,198.7,23314.0,44097.0,23.0,21.06,27.6,29.82,8.925999999999998,352.2,769.0,5.3,0.8060742271213635
2026-02-26T13:34:00,02/26/202601:34,143.69,0.75,107.7675,54.33,1.61,87.4713,87.1,0.4,8.0,198.7,23314.0,44097.0,23.0,21.1,27.5,29.82,8.795,352.0,768.0,5.3,0.811666782657109
2026-02-26T13:34:06,02/26/202601:34,143.67000000000002,0.75,107.75250000000001,54.31999999999999,1.6199999999999999,87.99839999999999,87.6,0.4,8.0,198.7,23314.0,44097.0,23.0,21.14,27.4,29.82,8.664,351.8,767.0,5.3,0.8166715389434118
2026-02-26T13:35:01,02/26/202601:35,143.65,0.75,107.73750000000001,54.31,1.6300000000000001,88.52530000000002,88.1,0.4,8.0,198.7,23314.0,44097.0,23.0,21.18,27.3,29.82,8.533,351.6,766.0,5.3,0.8216758324631629
2026-02-26T13:35:06,02/26/202601:35,143.63,0.74,106.2862,54.31,1.61,87.43910000000001,87.0,0.4,9.0,198.7,23314.0,44097.0,23.0,21.22,27.2,29.82,8.402000000000001,351.4,765.0,5.3,0.8226759447604677
2026-02-26T13:35:38,02/26/202601:35,143.60999999999999,0.74,106.27139999999999,54.3,1.59,86.337,85.9,0.4,9.0,198.7,23314.0,44097.0,23.0,21.259999999999998,27.1,29.82,8.271,351.2,764.0,5.3,0.8124198984863286
2026-02-26T13:36:01,02/26/202601:36,143.6,0.74,106.264,54.29,1.55,84.1495,83.7,0.4,9.0,198.7,23314.0,44097.0,23.0,21.3,27.0,29.82,8.14,351.0,763.0,5.3,0.7918909508394189
2026-02-26T13:36:38,02/26/202601:36,143.57,0.74,106.2418,54.279999999999994,1.56,84.6768,84.2,0.4,9.0,198.7,23314.0,44097.0,23.0,21.3,27.0,29.82,8.14,351.0,763.0,5.3,0.7970196288089999
2026-02-26T13:37:00,02/26/202601:37,143.53,0.74,106.2122,54.279999999999994,1.56,84.6768,84.2,0.4,9.0,198.7,23314.0,44097.0,23.0,21.3,27.0,29.82,8.14,351.0,763.0,5.3,0.797241748123097
2026-02-26T13:37:38,02/26/202601:37,143.48,0.75,107.60999999999999,54.279999999999994,1.58,85.7624,85.3,0.4,9.0,198.7,23314.0,44097.0,23.0,21.3,27.0,29.82,8.14,351.0,763.0,5.3,0.7969742588978721
2026-02-26T13:38:00,02/26/202601:38,143.44,0.76,109.0144,54.279999999999994,1.6,86.848,86.4,0.4,9.0,198.7,23314.0,44097.0,23.0,21.3,27.0,29.82,8.14,351.0,763.0,5.3,0.7966653946634573
2026-02-26T13:38:38,02/26/202601:38,143.39000000000001,0.75,107.54250000000002,54.279999999999994,1.58,85.7624,85.3,0.4,9.0,198.7,23314.0,44097.0,23.0,21.3,27.0,29.82,8.14,351.0,763.0,5.3,0.7974744868307877
2026-02-26T13:39:00,02/26/202601:39,143.37,0.73,104.6601,54.279999999999994,1.53,83.04839999999999,82.6,0.4,9.0,198.7,23314.0,44097.0,23.0,21.3,27.0,29.82,8.14,351.0,763.0,5.3,0.7935058346017249
2026-02-26T13:39:38,02/26/202601:39,143.34,0.72,103.20479999999999,54.279999999999994,1.49,80.87719999999999,80.5,0.4,9.0,198.7,23314.0,44097.0,23.0,21.3,27.0,29.82,8.14,351.0,763.0,5.3,0.7836573492705765
2026-02-26T13:40:00,02/26/202601:40,143.3,0.72,103.176,54.279999999999994,1.48,80.33439999999999,80.0,0.4,9.0,198.7,23314.0,44097.0,23.0,21.3,27.0,29.82,8.14,351.0,763.0,5.3,0.7786151818252306
2026-02-26T13:40:38,02/26/202601:40,143.23,0.72,103.12559999999999,54.29,1.48,80.3492,80.0,0.4,9.0,198.7,23314.0,44097.0,23.0,21.3,27.0,29.82,8.14,351.0,763.0,5.3,0.7791392244020884
2026-02-26T13:41:01,02/26/202601:41,143.16,0.72,103.0752,54.3,1.48,80.36399999999999,80.0,0.4,9.0,198.7,23314.0,44097.0,23.0,21.3,27.0,29.82,8.14,351.0,763.0,5.3,0.7796637794542236
2026-02-26T13:41:38,02/26/202601:41,143.10999999999999,0.73,104.47029999999998,54.3,1.49,80.907,80.5,0.4,9.0,198.7,23314.0,44097.0,23.0,21.3,27.0,29.82,8.14,351.0,763.0,5.3,0.7744497718490329
2026-02-26T13:41:47,02/26/202601:41,143.06,0.74,105.8644,54.3,1.51,81.993,81.6,0.4,9.0,198.7,23314.0,44097.0,23.0,21.3,27.0,29.82,8.14,351.0,763.0,5.3,0.7745096557482968
2026-02-26T13:44:11,02/26/202601:44,143.05,0.74,105.85700000000001,54.3,1.5,81.44999999999999,81.0,0.4,9.0,198.7,23314.0,44097.0,23.0,21.3,27.0,29.82,8.14,351.0,763.0,5.3,0.7694342367533558
2026-02-26T13:45:01,02/26/202601:45,143.04000000000002,0.74,105.84960000000001,54.3,1.49,80.907,80.4,0.4,9.0,198.7,23314.0,44097.0,23.0,21.3,27.0,29.82,8.14,351.0,763.0,5.3,0.764358108108108
2026-02-26T13:45:10,02/26/202601:45,143.03,0.75,107.27250000000001,54.3,1.49,80.907,80.4,0.5,9.0,198.7,23314.0,44097.0,23.0,21.3,27.0,29.82,8.14,351.0,763.0,5.3,0.7542193945326154
2026-02-26T13:46:01,02/26/202601:46,143.02,0.76,108.69520000000001,54.3,1.49,80.907,80.4,0.5,9.0,198.7,23314.0,44097.0,23.0,21.3,27.0,29.82,8.14,351.0,763.0,5.3,0.7443474964855853
2026-02-26T13:46:11,02/26/202601:46,143.01,0.76,108.68759999999999,54.31,1.51,82.0081,81.4,0.5,9.0,198.7,23314.0,44097.0,23.0,21.34,26.8,29.82,8.215,350.9,761.7,5.29,0.7545304156131887
2026-02-26T13:47:13,02/26/202601:47,143.0,0.76,108.68,54.31,1.53,83.0943,82.4,0.5,9.0,198.7,23314.0,44097.0,23.0,21.380000000000003,26.6,29.82,8.290000000000001,350.8,760.4,5.279999999999999,0.7645776591829223
2026-02-26T13:48:01,02/26/202601:48,143.02,0.75,107.26500000000001,54.31,1.54,83.6374,82.9,0.5,9.0,198.7,23314.0,44097.0,23.0,21.419999999999998,26.4,29.82,8.365,350.7,759.1,5.2700000000000005,0.7797268447303406
2026-02-26T13:48:14,02/26/202601:48,143.03,0.74,105.8422,54.31,1.55,84.18050000000001,83.4,0.5,9.0,198.7,23314.0,44097.0,23.0,21.46,26.2,29.82,8.440000000000001,350.6,757.8,5.26,0.7953396660311294
2026-02-26T13:49:00,02/26/202601:49,143.03,0.73,104.4119,54.31,1.55,84.18050000000001,83.4,0.5,9.0,198.7,23314.0,44097.0,23.0,21.5,26.0,29.82,8.515,350.5,756.5,5.25,0.8062347299493641
2026-02-26T13:49:14,02/26/202601:49,143.01,0.73,104.39729999999999,54.31,1.54,83.6374,82.8,0.5,9.0,198.7,23314.0,44097.0,23.0,21.54,25.8,29.82,8.59,350.4,755.2,5.24,0.8011452403462542
2026-02-26T13:50:00,02/26/202601:50,142.95999999999998,0.73,104.36079999999998,54.31,1.54,83.6374,82.8,0.5,9.0,198.7,23314.0,44097.0,23.0,21.580000000000002,25.6,29.82,8.665000000000001,350.3,753.9,5.2299999999999995,0.8014254394370302
2026-02-26T13:50:13,02/26/202601:50,142.91,0.73,104.3243,54.31,1.53,83.0943,82.3,0.5,9.0,198.7,23314.0,44097.0,23.0,21.619999999999997,25.4,29.82,8.74,350.2,752.6,5.220000000000001,0.7964999525518025
2026-02-26T13:51:01,02/26/202601:51,142.87,0.74,105.7238,54.31,1.55,84.18050000000001,83.4,0.5,9.0,198.7,23314.0,44097.0,23.0,21.66,25.2,29.82,8.815000000000001,350.1,751.3,5.21,0.7962303662940606
2026-02-26T13:51:14,02/26/202601:51,142.79000000000002,0.74,105.66460000000001,54.31,1.57,85.2667,84.5,0.5,9.0,198.7,23314.0,44097.0,23.0,21.7,25.0,29.82,8.89,350.0,750.0,5.2,0.8069561612876971
2026-02-26T13:52:01,02/26/202601:52,142.72,0.74,105.6128,54.3,1.56,84.708,84.0,0.5,9.0,198.7,23314.0,44097.0,23.0,21.7,25.0,29.82,8.89,350.0,750.0,5.2,0.8020618712883287
2026-02-26T13:52:14,02/26/202601:52,142.64000000000001,0.73,104.1272,54.3,1.54,83.622,82.9,0.5,9.0,198.7,23314.0,44097.0,23.0,21.7,25.0,29.82,8.89,350.0,750.0,5.2,0.8030754692337833
2026-02-26T13:53:00,02/26/202601:53,142.56,0.72,102.6432,54.3,1.52,82.536,81.8,0.5,9.0,198.7,23314.0,44097.0,23.0,21.7,25.0,29.82,8.89,350.0,750.0,5.2,0.804105873550318
2026-02-26T13:54:27,02/26/202601:54,142.44,0.72,102.5568,54.3,1.5,81.44999999999999,80.8,0.5,9.0,198.7,23314.0,44097.0,23.0,21.7,25.0,29.82,8.89,350.0,750.0,5.2,0.794194046616119
2026-02-26T13:55:00,02/26/202601:55,142.32,0.72,102.4704,54.3,1.48,80.36399999999999,79.8,0.5,9.0,198.7,23314.0,44097.0,23.0,21.7,25.0,29.82,8.89,350.0,750.0,5.2,0.7842655049653362
2026-02-26T13:55:14,02/26/202601:55,142.2,0.71,100.96199999999999,54.3,1.45,78.735,78.2,0.5,9.0,198.7,23314.0,44097.0,23.0,21.7,24.9,29.82,8.89,350.0,750.0,5.2,0.7798478635526238
2026-02-26T13:56:00,02/26/202601:56,142.07999999999998,0.7,99.45599999999999,54.3,1.42,77.106,76.6,0.5,9.0,198.7,23314.0,44097.0,23.0,21.7,24.8,29.82,8.89,350.0,750.0,5.2,0.7752775096525096
2026-02-26T13:56:14,02/26/202601:56,141.94,0.69,97.9386,54.3,1.4300000000000002,77.649,77.1,0.5,9.0,198.7,23314.0,44097.0,23.0,21.7,24.7,29.82,8.89,350.0,750.0,5.2,0.7928334691327016
2026-02-26T13:57:01,02/26/202601:57,141.8,0.6799999999999999,96.42399999999999,54.3,1.44,78.192,77.6,0.5,9.0,198.7,23314.0,44097.0,23.0,21.7,24.6,29.82,8.89,350.0,750.0,5.2,0.8109184435410272
2026-02-26T13:57:14,02/26/202601:57,141.69,0.6699999999999999,94.93229999999998,54.3,1.4300000000000002,77.649,77.1,0.5,9.0,198.7,23314.0,44097.0,23.0,21.7,24.5,29.82,8.89,350.0,750.0,5.2,0.8179407851700634
2026-02-26T13:58:01,02/26/202601:58,141.57999999999998,0.6599999999999999,93.44279999999998,54.3,1.42,77.106,76.6,0.5,9.0,198.7,23314.0,44097.0,23.0,21.7,24.4,29.82,8.89,350.0,750.0,5.2,0.8251679102081703
2026-02-26T13:58:14,02/26/202601:58,141.45999999999998,0.6799999999999999,96.19279999999998,54.3,1.4300000000000002,77.649,77.2,0.5,9.0,198.7,23314.0,44097.0,23.0,21.7,24.3,29.82,8.89,350.0,750.0,5.2,0.8072225779892053
2026-02-26T13:59:00,02/26/202601:59,141.34,0.7,98.938,54.3,1.44,78.192,77.8,0.5,9.0,198.7,23314.0,44097.0,23.0,21.7,24.2,29.82,8.89,350.0,750.0,5.2,0.7903131253916593
2026-02-26T13:59:13,02/26/202601:59,141.27,0.69,97.4763,54.3,1.4,76.02,75.6,0.5,9.0,198.7,23314.0,44097.0,23.0,21.7,24.1,29.82,8.89,350.0,750.0,5.2,0.7798818789798135
2026-02-26T14:00:00,02/26/202602:00,141.2,0.6799999999999999,96.01599999999998,54.3,1.3599999999999999,73.84799999999998,73.4,0.5,9.0,198.7,23314.0,44097.0,23.0,21.7,24.0,29.82,8.89,350.0,750.0,5.2,0.7691218130311614
2026-02-26T14:00:13,02/26/202602:00,141.10999999999999,0.6799999999999999,95.95479999999998,54.3,1.3800000000000001,74.934,74.5,0.5,9.0,198.7,23314.0,44097.0,23.0,21.729999999999997,24.0,29.82,8.946000000000002,349.6,748.1,5.1899999999999995,0.7809301879634997
2026-02-26T14:01:01,02/26/202602:01,141.02,0.6799999999999999,95.89359999999999,54.3,1.4,76.02,75.6,0.5,9.0,198.7,23314.0,44097.0,23.0,21.759999999999998,24.0,29.82,9.002,349.2,746.2,5.18,0.792753635279101
2026-02-26T14:01:14,02/26/202602:01,140.94,0.6799999999999999,95.83919999999999,54.3,1.3900000000000001,75.477,75.1,0.5,9.0,198.7,23314.0,44097.0,23.0,21.79,24.0,29.82,9.058,348.8,744.3,5.17,0.7875378759422033
2026-02-26T14:01:51,02/26/202602:01,140.85999999999999,0.6799999999999999,95.78479999999998,54.3,1.3900000000000001,75.477,75.2,0.5,9.0,198.7,23314.0,44097.0,23.0,21.82,24.0,29.82,9.114,348.4,742.4,5.16,0.7879851500446837
2026-02-26T14:02:01,02/26/202602:02,140.79000000000002,0.69,97.14510000000001,54.3,1.41,76.56299999999999,76.3,0.5,9.0,198.7,23314.0,44097.0,23.0,21.85,24.0,29.82,9.17,348.0,740.5,5.15,0.7881303328731967
2026-02-26T14:02:51,02/26/202602:02,140.73,0.71,99.91829999999999,54.3,1.42,77.106,76.8,0.5,9.0,198.7,23314.0,44097.0,23.0,21.880000000000003,24.0,29.82,9.225999999999999,347.6,738.6,5.14,0.771690471114901
2026-02-26T14:03:01,02/26/202602:03,140.69,0.71,99.8899,54.3,1.42,77.106,76.8,0.5,9.0,198.7,23314.0,44097.0,23.0,21.91,24.0,29.82,9.282,347.2,736.7,5.13,0.7719098727699196
2026-02-26T14:03:51,02/26/202602:03,140.67000000000002,0.7,98.46900000000001,54.3,1.41,76.56299999999999,76.3,0.5,9.0,198.7,23314.0,44097.0,23.0,21.94,24.0,29.82,9.338,346.8,734.8,5.119999999999999,0.7775340462480576
2026-02-26T14:04:00,02/26/202602:04,140.65,0.71,99.86149999999999,54.3,1.45,78.735,78.5,0.5,9.0,198.7,23314.0,44097.0,23.0,21.97,24.0,29.82,9.394,346.4,732.9,5.109999999999999,0.7884419921591405
2026-02-26T14:05:40,02/26/202602:05,140.62,0.72,101.2464,54.3,1.5,81.44999999999999,81.2,0.5,9.0,198.7,23314.0,44097.0,23.0,22.0,24.0,29.82,9.45,346.0,731.0,5.1,0.804473047930593
2026-02-26T14:05:51,02/26/202602:05,140.63,0.72,101.25359999999999,54.3,1.51,81.993,81.7,0.5,9.0,198.7,23314.0,44097.0,23.0,22.0,24.0,29.82,9.45,346.0,731.0,5.1,0.8097786152788642
2026-02-26T14:06:00,02/26/202602:06,140.64000000000001,0.72,101.2608,54.3,1.52,82.536,82.2,0.5,9.0,198.7,23314.0,44097.0,23.0,22.0,24.0,29.82,9.45,346.0,731.0,5.1,0.8150834281380356
2026-02-26T14:06:20,02/26/202602:06,140.65,0.72,101.268,54.3,1.53,83.079,82.7,0.5,9.0,198.7,23314.0,44097.0,23.0,22.0,24.0,29.82,9.45,346.0,731.0,5.1,0.8203874866690365
2026-02-26T14:07:01,02/26/202602:07,140.66,0.72,101.2752,54.3,1.53,83.079,82.6,0.5,9.0,198.7,23314.0,44097.0,23.0,22.0,24.0,29.82,9.45,346.0,731.0,5.1,0.8203291625195507
2026-02-26T14:07:21,02/26/202602:07,140.65,0.72,101.268,54.3,1.51,81.993,81.5,0.5,9.0,198.7,23314.0,44097.0,23.0,22.0,24.0,29.82,9.45,346.0,731.0,5.1,0.8096634672354543
2026-02-26T14:08:00,02/26/202602:08,140.63,0.71,99.84729999999999,54.3,1.5,81.44999999999999,81.0,0.5,9.0,198.7,23314.0,44097.0,23.0,22.0,24.0,29.82,9.45,346.0,731.0,5.1,0.8157456435977738
2026-02-26T14:08:21,02/26/202602:08,140.63,0.69,97.03469999999999,54.3,1.46,79.27799999999999,78.8,0.5,9.0,198.7,23314.0,44097.0,23.0,22.0,24.0,29.82,9.45,346.0,731.0,5.1,0.8170066996651714
2026-02-26T14:09:00,02/26/202602:09,140.60999999999999,0.6799999999999999,95.61479999999999,54.3,1.4300000000000002,77.649,77.1,0.5,9.0,198.7,23314.0,44097.0,23.0,22.0,24.0,29.82,9.45,346.0,731.0,5.1,0.8121023105209655
2026-02-26T14:09:21,02/26/202602:09,140.6,0.6799999999999999,95.60799999999999,54.3,1.4300000000000002,77.649,77.1,0.5,9.0,198.7,23314.0,44097.0,23.0,22.0,24.0,29.82,9.45,346.0,731.0,5.1,0.8121600702870053
2026-02-26T14:10:01,02/26/202602:10,140.6,0.6799999999999999,95.60799999999999,54.3,1.42,77.106,76.6,0.5,9.0,198.7,23314.0,44097.0,23.0,22.0,24.0,29.82,9.45,346.0,731.0,5.1,0.8064806292360472
2026-02-26T14:10:20,02/26/202602:10,140.64,0.6699999999999999,94.22879999999998,54.3,1.4,76.02,75.6,0.5,9.0,198.7,23314.0,44097.0,23.0,22.0,24.0,29.82,9.45,346.0,731.0,5.1,0.8067597167744894
2026-02-26T14:11:01,02/26/202602:11,140.68,0.6599999999999999,92.8488,54.3,1.3800000000000001,74.934,74.6,0.5,9.0,198.7,23314.0,44097.0,23.0,22.0,24.0,29.82,9.45,346.0,731.0,5.1,0.8070540491638017
2026-02-26T14:11:21,02/26/202602:11,140.73999999999998,0.65,91.481,54.3,1.3599999999999999,73.84799999999998,73.6,0.5,9.0,198.7,23314.0,44097.0,23.0,22.0,24.0,29.82,9.45,346.0,731.0,5.1,0.807249592811622
2026-02-26T14:12:00,02/26/202602:12,140.8,0.6399999999999999,90.112,54.3,1.3399999999999999,72.76199999999999,72.6,0.5,9.0,198.7,23314.0,44097.0,23.0,22.0,24.0,29.82,9.45,346.0,731.0,5.1,0.8074618252840908
2026-02-26T14:12:21,02/26/202602:12,140.86999999999998,0.63,88.74809999999998,54.3,1.3199999999999998,71.67599999999999,71.5,0.5,9.0,198.7,23314.0,44097.0,23.0,22.0,24.0,29.82,9.45,346.0,731.0,5.1,0.8076341916052288
2026-02-26T14:13:00,02/26/202602:13,140.94,0.6199999999999999,87.38279999999999,54.3,1.3,70.59,70.4,0.5,9.0,198.7,23314.0,44097.0,23.0,22.0,24.0,29.82,9.45,346.0,731.0,5.1,0.8078248808690041
2026-02-26T14:13:21,02/26/202602:13,140.98999999999998,0.63,88.82369999999999,54.3,1.3299999999999998,72.219,72.1,0.5,9.0,198.7,23314.0,44097.0,23.0,22.0,24.0,29.82,9.45,346.0,731.0,5.1,0.8130600278979597
2026-02-26T14:14:01,02/26/202602:14,141.04,0.6399999999999999,90.26559999999998,54.3,1.3599999999999999,73.84799999999998,73.8,0.5,9.0,198.7,23314.0,44097.0,23.0,22.0,24.0,29.82,9.45,346.0,731.0,5.1,0.8181189733408962
2026-02-26T14:14:21,02/26/202602:14,141.08999999999997,0.6399999999999999,90.29759999999997,54.3,1.3699999999999999,74.39099999999999,74.3,0.5,9.0,198.7,23314.0,44097.0,23.0,22.0,24.0,29.82,9.45,346.0,731.0,5.1,0.8238424941526686
2026-02-26T14:15:01,02/26/202602:15,141.14,0.6399999999999999,90.32959999999997,54.3,1.38,74.93399999999998,74.8,0.5,9.0,198.7,23314.0,44097.0,23.0,22.0,24.0,29.82,9.45,346.0,731.0,5.1,0.8295619597562705
2026-02-26T14:15:20,02/26/202602:15,141.14,0.6599999999999999,93.15239999999999,54.3,1.42,77.106,76.9,0.5,10.0,198.7,23314.0,44097.0,23.0,22.009999999999998,23.9,29.82,9.480999999999998,345.8,728.7,5.08,0.8277403480747678
2026-02-26T14:16:50,02/26/202602:16,141.11999999999998,0.6699999999999999,94.55039999999997,54.3,1.43,77.64899999999999,77.4,0.5,10.0,198.7,23314.0,44097.0,23.0,22.02,23.8,29.82,9.511999999999999,345.6,726.4,5.06,0.8212445425931568
2026-02-26T14:17:01,02/26/202602:17,141.08999999999997,0.6799999999999999,95.94119999999998,54.3,1.44,78.192,77.9,0.5,10.0,198.7,23314.0,44097.0,23.0,22.03,23.7,29.82,9.543,345.4,724.1,5.04,0.8149991870020389
2026-02-26T14:17:21,02/26/202602:17,141.07,0.6799999999999999,95.92759999999998,54.3,1.41,76.56299999999999,76.2,0.5,10.0,198.7,23314.0,44097.0,23.0,22.04,23.6,29.82,9.574,345.2,721.8,5.0200000000000005,0.798133175436475
2026-02-26T14:18:01,02/26/202602:18,141.06,0.6799999999999999,95.9208,54.3,1.4,76.02,75.6,0.5,10.0,198.7,23314.0,44097.0,23.0,22.05,23.5,29.82,9.605,345.0,719.5,5.0,0.7925288362899392
2026-02-26T14:18:21,02/26/202602:18,141.05,0.69,97.3245,54.3,1.42,77.106,76.7,0.5,10.0,198.7,23314.0,44097.0,23.0,22.060000000000002,23.4,29.82,9.636,344.8,717.2,4.9799999999999995,0.7922568315275187
2026-02-26T14:19:01,02/26/202602:19,141.04000000000002,0.69,97.31760000000001,54.3,1.42,77.106,76.7,0.5,10.0,198.7,23314.0,44097.0,23.0,22.07,23.3,29.82,9.667,344.6,714.9,4.96,0.7923130040198277
2026-02-26T14:19:21,02/26/202602:19,141.05,0.69,97.3245,54.3,1.4300000000000002,77.649,77.2,0.5,10.0,198.7,23314.0,44097.0,23.0,22.080000000000002,23.2,29.82,9.697999999999999,344.4,712.6,4.94,0.7978361049889802
2026-02-26T14:20:00,02/26/202602:20,141.05,0.69,97.3245,54.3,1.4300000000000002,77.649,77.2,0.5,10.0,198.7,23314.0,44097.0,23.0,22.09,23.1,29.82,9.729,344.2,710.3,4.92,0.7978361049889802
2026-02-26T14:20:21,02/26/202602:20,141.06,0.69,97.33139999999999,54.31,1.44,78.2064,77.7,0.5,10.0,198.7,23314.0,44097.0,23.0,22.1,23.0,29.82,9.76,344.0,708.0,4.9,0.8035063710169587
2026-02-26T14:21:00,02/26/202602:21,141.07999999999998,0.6799999999999999,95.93439999999998,54.31999999999999,1.42,77.13439999999999,76.6,0.5,10.0,198.7,23314.0,44097.0,23.0,22.1,23.0,29.82,9.76,344.0,708.0,4.9,0.8040327557164062
2026-02-26T14:21:21,02/26/202602:21,141.15,0.69,97.3935,54.31999999999999,1.4300000000000002,77.6776,77.1,0.5,10.0,198.7,23314.0,44097.0,23.0,22.1,23.0,29.82,9.76,344.0,708.0,4.9,0.7975645191927593
2026-02-26T14:22:01,02/26/202602:22,141.22,0.7,98.854,54.31999999999999,1.44,78.22079999999998,77.6,0.5,10.0,198.7,23314.0,44097.0,23.0,22.1,23.0,29.82,9.76,344.0,708.0,4.9,0.7912760232261717
2026-02-26T14:22:21,02/26/202602:22,141.27,0.71,100.3017,54.31999999999999,1.46,79.3072,78.7,0.5,10.0,198.7,23314.0,44097.0,23.0,22.1,23.0,29.82,9.76,344.0,708.0,4.9,0.7906864988330208
2026-02-26T14:23:00,02/26/202602:23,141.32,0.72,101.75039999999998,54.31999999999999,1.48,80.39359999999999,79.8,0.5,10.0,198.7,23314.0,44097.0,23.0,22.1,23.0,29.82,9.76,344.0,708.0,4.9,0.7901059848413373
2026-02-26T14:23:20,02/26/202602:23,141.35999999999999,0.72,101.77919999999999,54.31999999999999,1.4700000000000002,79.85040000000001,79.2,0.5,10.0,198.7,23314.0,44097.0,23.0,22.1,23.0,29.82,9.76,344.0,708.0,4.9,0.7845453687983401
2026-02-26T14:24:00,02/26/202602:24,141.4,0.72,101.808,54.31999999999999,1.4600000000000002,79.3072,78.6,0.5,10.0,198.7,23314.0,44097.0,23.0,22.1,23.0,29.82,9.76,344.0,708.0,4.9,0.7789878987898788
2026-02-26T14:24:20,02/26/202602:24,141.42000000000002,0.71,100.40820000000001,54.31999999999999,1.44,78.22079999999998,77.5,0.5,10.0,198.7,23314.0,44097.0,23.0,22.1,23.0,29.82,9.76,344.0,708.0,4.9,0.7790280076726799
2026-02-26T14:25:01,02/26/202602:25,141.44,0.7,99.008,54.31999999999999,1.4200000000000002,77.1344,76.4,0.5,10.0,198.7,23314.0,44097.0,23.0,22.1,23.0,29.82,9.76,344.0,708.0,4.9,0.7790723981900453
2026-02-26T14:25:21,02/26/202602:25,141.44,0.69,97.5936,54.31,1.4,76.03399999999999,75.4,0.5,10.0,198.7,23314.0,44097.0,23.0,22.1,23.0,29.82,9.76,344.0,708.0,4.9,0.7790879729818349
2026-02-26T14:26:01,02/26/202602:26,141.44,0.6799999999999999,96.1792,54.3,1.3800000000000001,74.934,74.4,0.5,10.0,198.7,23314.0,44097.0,23.0,22.1,23.0,29.82,9.76,344.0,708.0,4.9,0.7791081647591164
2026-02-26T14:26:21,02/26/202602:26,141.41000000000003,0.6799999999999999,96.15880000000001,54.3,1.3599999999999999,73.84799999999998,73.4,0.5,10.0,198.7,23314.0,44097.0,23.0,22.1,23.0,29.82,9.76,344.0,708.0,4.9,0.767979633689272
2026-02-26T14:28:02,02/26/202602:28,141.39000000000001,0.6699999999999999,94.7313,54.3,1.34,72.762,72.4,0.5,10.0,198.7,23314.0,44097.0,23.0,22.1,23.0,29.82,9.76,344.0,708.0,4.9,0.7680882664969234
2026-02-26T14:28:22,02/26/202602:28,141.37,0.6699999999999999,94.71789999999999,54.3,1.3599999999999999,73.84799999999998,73.5,0.5,10.0,198.7,23314.0,44097.0,23.0,22.1,23.0,29.82,9.76,344.0,708.0,4.9,0.7796625558632528
2026-02-26T14:29:00,02/26/202602:29,141.35,0.6699999999999999,94.70449999999998,54.3,1.3800000000000001,74.934,74.6,0.5,10.0,198.7,23314.0,44097.0,23.0,22.1,23.0,29.82,9.76,344.0,708.0,4.9,0.7912401205856111
2026-02-26T14:29:21,02/26/202602:29,141.33,0.6699999999999999,94.69109999999999,54.3,1.3900000000000001,75.477,75.2,0.5,10.0,198.7,23314.0,44097.0,23.0,22.1,23.0,29.82,9.76,344.0,708.0,4.9,0.7970865266112656
2026-02-26T14:30:00,02/26/202602:30,141.31,0.6699999999999999,94.67769999999999,54.3,1.4,76.02,75.8,0.5,10.0,198.7,23314.0,44097.0,23.0,22.1,23.0,29.82,9.76,344.0,708.0,4.9,0.8029345875533521
2026-02-26T14:30:21,02/26/202602:30,141.28,0.6699999999999999,94.65759999999999,54.3,1.4,76.02,75.8,0.5,10.0,198.7,23314.0,44097.0,23.0,22.1,23.0,29.82,9.76,344.0,708.0,4.9,0.8031050861209243
2026-02-26T14:31:00,02/26/202602:31,141.25,0.6699999999999999,94.63749999999999,54.3,1.4,76.02,75.8,0.5,10.0,198.7,23314.0,44097.0,23.0,22.1,23.0,29.82,9.76,344.0,708.0,4.9,0.8032756571126668
2026-02-26T14:31:21,02/26/202602:31,141.2,0.6799999999999999,96.01599999999998,54.3,1.4,76.02,75.8,0.5,10.0,198.7,23314.0,44097.0,23.0,22.110000000000003,22.8,29.82,9.76,344.0,705.7,4.880000000000001,0.7917430428261958
2026-02-26T14:32:00,02/26/202602:32,141.15,0.69,97.3935,54.3,1.4,76.02,75.8,0.5,10.0,198.7,23314.0,44097.0,23.0,22.12,22.6,29.82,9.76,344.0,703.4,4.86,0.7805449028939302
2026-02-26T14:32:21,02/26/202602:32,141.1,0.6699999999999999,94.53699999999999,54.3,1.3599999999999999,73.84799999999998,74.1,0.5,10.0,198.7,23314.0,44097.0,23.0,22.130000000000003,22.4,29.82,9.690999999999999,344.0,701.1,4.840000000000001,0.7811544686207516
2026-02-26T14:33:00,02/26/202602:33,141.04000000000002,0.6599999999999999,93.0864,54.3,1.3199999999999998,71.67599999999999,72.4,0.5,10.0,198.7,23314.0,44097.0,23.0,22.14,22.2,29.82,9.622,344.0,698.8,4.82,0.7699943278502551
2026-02-26T14:33:22,02/26/202602:33,140.99,0.6599999999999999,93.0534,54.3,1.31,71.133,71.9,0.5,10.0,198.7,23314.0,44097.0,23.0,22.15,22.0,29.82,9.553,344.0,696.5,4.8,0.7644320357987994
2026-02-26T14:34:00,02/26/202602:34,140.94,0.6599999999999999,93.02039999999998,54.3,1.3,70.59,71.4,0.5,10.0,198.7,23314.0,44097.0,23.0,22.16,21.8,29.82,9.484,344.0,694.2,4.78,0.7588657971799736
2026-02-26T14:34:21,02/26/202602:34,140.9,0.65,91.58500000000001,54.3,1.29,70.047,70.8,0.5,10.0,198.7,23314.0,44097.0,23.0,22.169999999999998,21.6,29.82,9.415000000000001,344.0,691.9,4.76,0.7648304853414859
2026-02-26T14:35:00,02/26/202602:35,140.86,0.6399999999999999,90.15039999999999,54.3,1.28,69.504,70.2,0.5,10.0,198.7,23314.0,44097.0,23.0,22.18,21.4,29.82,9.346,344.0,689.6,4.74,0.7709782763027121
2026-02-26T14:35:22,02/26/202602:35,140.84,0.65,91.546,54.31,1.29,70.0599,70.8,0.5,10.0,198.7,23314.0,44097.0,23.0,22.19,21.2,29.82,9.277,344.0,687.3,4.720000000000001,0.7652972276232713
2026-02-26T14:36:00,02/26/202602:36,140.82,0.6599999999999999,92.94119999999998,54.31999999999999,1.3,70.616,71.4,0.5,10.0,198.7,23314.0,44097.0,23.0,22.2,21.0,29.82,9.208,344.0,685.0,4.7,0.7597922127108324
2026-02-26T14:36:22,02/26/202602:36,140.83,0.65,91.53950000000002,54.31999999999999,1.2799999999999998,69.52959999999997,70.3,0.5,10.0,198.7,23314.0,44097.0,23.0,22.2,20.8,29.82,9.139,344.0,685.0,4.7,0.7595584419840611
2026-02-26T14:37:01,02/26/202602:37,140.84,0.6399999999999999,90.13759999999999,54.31999999999999,1.26,68.44319999999999,69.2,0.5,10.0,198.7,23314.0,44097.0,23.0,22.2,20.6,29.82,9.07,344.0,685.0,4.7,0.7593190854870775
2026-02-26T14:37:22,02/26/202602:37,140.86,0.65,91.55900000000001,54.31999999999999,1.29,70.07279999999999,70.3,0.5,10.0,198.7,23314.0,44097.0,23.0,22.2,20.4,29.82,9.07,344.0,685.0,4.7,0.765329459692657
2026-02-26T14:39:13,02/26/202602:39,140.91000000000003,0.6599999999999999,93.0006,54.31999999999999,1.35,73.332,73.0,0.5,10.0,198.7,23314.0,44097.0,23.0,22.2,20.2,29.82,9.07,344.0,685.0,4.7,0.7885110418642459
2026-02-26T14:39:22,02/26/202602:39,140.99,0.6599999999999999,93.0534,54.31999999999999,1.35,73.332,73.0,0.5,10.0,198.7,23314.0,44097.0,23.0,22.2,20.0,29.82,9.07,344.0,685.0,4.7,0.7880636279813527
2026-02-26T14:40:00,02/26/202602:40,141.07,0.6599999999999999,93.10619999999999,54.31999999999999,1.35,73.332,73.0,0.5,10.0,198.7,23314.0,44097.0,23.0,22.2,19.8,29.82,9.07,344.0,685.0,4.7,0.7876167215502298
2026-02-26T14:40:21,02/26/202602:40,141.14000000000001,0.6699999999999999,94.5638,54.31999999999999,1.35,73.332,73.6,0.5,10.0,198.7,23314.0,44097.0,23.0,22.2,19.6,29.82,9.07,344.0,685.0,4.7,0.7754764508194467
2026-02-26T14:41:01,02/26/202602:41,141.20999999999998,0.6799999999999999,96.02279999999998,54.31999999999999,1.35,73.332,74.2,0.5,10.0,198.7,23314.0,44097.0,23.0,22.2,19.4,29.82,9.07,344.0,685.0,4.7,0.7636936227645935
2026-02-26T14:41:22,02/26/202602:41,141.28,0.6799999999999999,96.07039999999999,54.31,1.35,73.31850000000001,74.2,0.5,10.0,198.7,23314.0,44097.0,23.0,22.2,19.2,29.82,9.07,344.0,685.0,4.7,0.7631747135434017
2026-02-26T14:42:01,02/26/202602:42,141.35,0.6799999999999999,96.11799999999998,54.3,1.35,73.305,74.2,0.5,10.0,198.7,23314.0,44097.0,23.0,22.2,19.0,29.82,9.07,344.0,685.0,4.7,0.7626563182754533
2026-02-26T14:42:22,02/26/202602:42,141.45,0.6799999999999999,96.18599999999998,54.3,1.3699999999999999,74.39099999999999,75.3,0.5,10.0,198.7,23314.0,44097.0,23.0,22.2,19.0,29.82,9.07,344.0,685.0,4.7,0.7734077724408959
2026-02-26T14:43:00,02/26/202602:43,141.55,0.6799999999999999,96.254,54.3,1.3900000000000001,75.477,76.4,0.5,10.0,198.7,23314.0,44097.0,23.0,22.2,19.0,29.82,9.07,344.0,685.0,4.7,0.7841440355725476
2026-02-26T14:43:22,02/26/202602:43,141.62,0.6699999999999999,94.88539999999999,54.3,1.4,76.02,77.0,0.5,10.0,198.7,23314.0,44097.0,23.0,22.2,19.0,29.82,9.07,344.0,685.0,4.7,0.8011769987795805
2026-02-26T14:44:00,02/26/202602:44,141.66,0.6599999999999999,93.49559999999998,54.3,1.38,74.93399999999998,76.0,0.5,10.0,198.7,23314.0,44097.0,23.0,22.2,19.0,29.82,9.07,344.0,685.0,4.7,0.801470871356513
2026-02-26T14:44:22,02/26/202602:44,141.65,0.6599999999999999,93.48899999999999,54.3,1.38,74.93399999999998,76.0,0.5,10.0,198.7,23314.0,44097.0,23.0,22.2,19.0,29.82,9.07,344.0,685.0,4.7,0.8015274524275582
2026-02-26T14:45:00,02/26/202602:45,141.64000000000001,0.6599999999999999,93.4824,54.3,1.38,74.93399999999998,76.0,0.5,10.0,198.7,23314.0,44097.0,23.0,22.2,19.0,29.82,9.07,344.0,685.0,4.7,0.8015840414880232
2026-02-26T14:45:22,02/26/202602:45,141.65,0.6599999999999999,93.48899999999999,54.3,1.39,75.47699999999999,76.0,0.5,10.0,198.7,23314.0,44097.0,23.0,22.2,19.0,29.82,9.07,344.0,685.0,4.7,0.8073356223726855
2026-02-26T14:46:00,02/26/202602:46,141.66,0.6599999999999999,93.49559999999998,54.3,1.4,76.02,76.0,0.5,10.0,198.7,23314.0,44097.0,23.0,22.2,19.0,29.82,9.07,344.0,685.0,4.7,0.8130863912312453
2026-02-26T14:46:22,02/26/202602:46,141.68,0.6599999999999999,93.5088,54.3,1.41,76.56299999999999,76.5,0.5,10.0,198.7,23314.0,44097.0,23.0,22.2,18.9,29.82,9.17,344.3,682.1,4.67,0.8187785534623478
2026-02-26T14:47:01,02/26/202602:47,141.7,0.6599999999999999,93.52199999999998,54.3,1.42,77.106,77.0,0.5,10.0,198.7,23314.0,44097.0,23.0,22.2,18.8,29.82,9.27,344.6,679.2,4.640000000000001,0.8244691088727787
2026-02-26T14:47:22,02/26/202602:47,141.70999999999998,0.65,92.11149999999999,54.3,1.39,75.47699999999999,75.3,0.5,10.0,198.7,23314.0,44097.0,23.0,22.2,18.7,29.82,9.370000000000001,344.9,676.3,4.61,0.8194090857276235
2026-02-26T14:48:00,02/26/202602:48,141.72,0.6399999999999999,90.70079999999999,54.3,1.3599999999999999,73.84799999999998,73.6,0.5,10.0,198.7,23314.0,44097.0,23.0,22.2,18.6,29.82,9.47,345.2,673.4,4.58,0.8141934801016087
2026-02-26T14:48:22,02/26/202602:48,141.72,0.6399999999999999,90.70079999999999,54.31,1.35,73.31850000000001,73.0,0.5,10.0,198.7,23314.0,44097.0,23.0,22.2,18.5,29.82,9.57,345.5,670.5,4.55,0.8083556043607115
2026-02-26T14:49:00,02/26/202602:49,141.72,0.6399999999999999,90.70079999999999,54.31999999999999,1.34,72.7888,72.4,0.5,10.0,198.7,23314.0,44097.0,23.0,22.2,18.4,29.82,9.67,345.8,667.6,4.5200000000000005,0.8025155235675981
2026-02-26T14:50:25,02/26/202602:50,141.74,0.6399999999999999,90.71359999999999,54.31999999999999,1.34,72.7888,72.4,0.5,10.0,198.7,23314.0,44097.0,23.0,22.2,18.3,29.82,9.77,346.1,664.7,4.49,0.8024022858755469
2026-02-26T14:51:00,02/26/202602:51,141.76,0.6399999999999999,90.72639999999998,54.31999999999999,1.34,72.7888,72.4,0.5,10.0,198.7,23314.0,44097.0,23.0,22.2,18.2,29.82,9.870000000000001,346.4,661.8,4.46,0.8022890801354403
2026-02-26T14:51:22,02/26/202602:51,141.78,0.63,89.3214,54.31999999999999,1.33,72.2456,71.8,0.5,10.0,198.7,23314.0,44097.0,23.0,22.2,18.1,29.82,9.97,346.7,658.9,4.430000000000001,0.8088274478456451
2026-02-26T14:52:00,02/26/202602:52,141.8,0.6199999999999999,87.916,54.31999999999999,1.3199999999999998,71.70239999999998,71.2,0.5,10.0,198.7,23314.0,44097.0,23.0,22.2,18.0,29.82,10.07,347.0,656.0,4.4,0.8155785067564492
2026-02-26T14:52:23,02/26/202602:52,141.79000000000002,0.61,86.49190000000002,54.31999999999999,1.31,71.1592,70.7,0.5,10.0,198.7,23314.0,44097.0,23.0,22.2,18.0,29.82,10.07,347.0,656.0,4.4,0.8227267524473388
2026-02-26T14:53:00,02/26/202602:53,141.78,0.6,85.068,54.31999999999999,1.3,70.616,70.2,0.5,10.0,198.7,23314.0,44097.0,23.0,22.2,18.0,29.82,10.07,347.0,656.0,4.4,0.8301123806836883
2026-02-26T14:53:22,02/26/202602:53,141.75,0.6199999999999999,87.88499999999998,54.31999999999999,1.34,72.7888,72.4,0.5,10.0,198.7,23314.0,44097.0,23.0,22.2,18.0,29.82,10.07,347.0,656.0,4.4,0.8282277976901634
2026-02-26T14:54:57,02/26/202602:54,141.73,0.6399999999999999,90.70719999999999,54.31999999999999,1.3599999999999999,73.87519999999998,73.5,0.5,10.0,198.7,23314.0,44097.0,23.0,22.2,18.0,29.82,10.07,347.0,656.0,4.4,0.8144358992450432
2026-02-26T14:54:58,02/26/202602:54,141.73,0.6399999999999999,90.70719999999999,54.31,1.35,73.31850000000001,73.0,0.5,10.0,198.7,23314.0,44097.0,23.0,22.2,18.0,29.82,10.07,347.0,656.0,4.4,0.8082985694630639
2026-02-26T14:55:00,02/26/202602:55,141.73,0.6399999999999999,90.70719999999999,54.3,1.34,72.762,72.5,0.5,10.0,198.7,23314.0,44097.0,23.0,22.2,18.0,29.82,10.07,347.0,656.0,4.4,0.8021634445777184
2026-02-26T14:55:58,02/26/202602:55,141.72,0.63,89.2836,54.3,1.3199999999999998,71.67599999999999,71.4,0.5,10.0,198.7,23314.0,44097.0,23.0,22.2,18.0,29.82,10.07,347.0,656.0,4.4,0.8027902100721743
2026-02-26T14:56:00,02/26/202602:56,141.70999999999998,0.6199999999999999,87.86019999999998,54.3,1.3,70.59,70.3,0.5,10.0,198.7,23314.0,44097.0,23.0,22.2,18.0,29.82,10.07,347.0,656.0,4.4,0.803435457693017
2026-02-26T14:56:58,02/26/202602:56,141.65,0.63,89.2395,54.3,1.3199999999999998,71.67599999999999,71.4,0.5,10.0,198.7,23314.0,44097.0,23.0,22.2,18.0,29.82,10.07,347.0,656.0,4.4,0.8031869295547374
2026-02-26T14:57:00,02/26/202602:57,141.58999999999997,0.6399999999999999,90.61759999999997,54.3,1.34,72.762,72.5,0.5,10.0,198.7,23314.0,44097.0,23.0,22.2,18.0,29.82,10.07,347.0,656.0,4.4,0.8029566000423761
2026-02-26T14:57:58,02/26/202602:57,141.51999999999998,0.65,91.98799999999999,54.3,1.35,73.305,73.0,0.5,10.0,198.7,23314.0,44097.0,23.0,22.2,18.0,29.82,10.07,347.0,656.0,4.4,0.7968974214027919
2026-02-26T14:58:00,02/26/202602:58,141.45,0.6599999999999999,93.35699999999999,54.3,1.3599999999999999,73.84799999999998,73.5,0.5,10.0,198.7,23314.0,44097.0,23.0,22.2,18.0,29.82,10.07,347.0,656.0,4.4,0.7910279893312767
2026-02-26T14:58:59,02/26/202602:58,141.37,0.65,91.8905,54.3,1.31,71.133,70.8,0.5,11.0,198.7,23314.0,44097.0,23.0,22.2,18.0,29.82,10.07,347.0,656.0,4.4,0.7741061371959016
2026-02-26T14:59:00,02/26/202602:59,141.28,0.6399999999999999,90.41919999999999,54.3,1.28,69.504,69.2,0.5,11.0,198.7,23314.0,44097.0,23.0,22.2,18.0,29.82,10.07,347.0,656.0,4.4,0.768686296715742
2026-02-26T14:59:58,02/26/202602:59,141.18,0.65,91.76700000000001,54.3,1.3,70.59,70.3,0.5,11.0,198.7,23314.0,44097.0,23.0,22.2,18.0,29.82,10.07,347.0,656.0,4.4,0.7692307692307692
2026-02-26T15:00:00,02/26/202603:00,141.07999999999998,0.6599999999999999,93.11279999999998,54.3,1.3199999999999998,71.67599999999999,71.4,0.5,11.0,198.7,23314.0,44097.0,23.0,22.2,18.0,29.82,10.07,347.0,656.0,4.4,0.7697760136092997
2026-02-26T15:01:36,02/26/202603:01,141.02,0.6699999999999999,94.4834,54.3,1.34,72.762,72.5,0.5,11.0,198.7,23314.0,44097.0,23.0,22.19,17.9,29.82,10.144,347.7,652.7,4.390000000000001,0.7701035314139838
2026-02-26T15:01:58,02/26/202603:01,140.99,0.6699999999999999,94.46329999999999,54.3,1.35,73.305,73.0,0.5,11.0,198.7,23314.0,44097.0,23.0,22.18,17.8,29.82,10.218,348.4,649.4,4.380000000000001,0.7760156589913756
2026-02-26T15:02:00,02/26/202603:02,141.0,0.6599999999999999,93.05999999999999,54.3,1.33,72.219,71.9,0.5,11.0,198.7,23314.0,44097.0,23.0,22.169999999999998,17.7,29.82,10.292,349.1,646.1,4.37,0.7760477111540942
2026-02-26T15:02:58,02/26/202603:02,141.05,0.65,91.6825,54.31,1.28,69.5168,69.2,0.5,11.0,198.7,23314.0,44097.0,23.0,22.16,17.6,29.82,10.366,349.8,642.8,4.36,0.7582341231969023
2026-02-26T15:03:00,02/26/202603:03,141.12,0.6399999999999999,90.31679999999999,54.31999999999999,1.23,66.8136,66.5,0.5,11.0,198.7,23314.0,44097.0,23.0,22.15,17.5,29.82,10.440000000000001,350.5,639.5,4.35,0.7397693452380952
2026-02-26T15:03:58,02/26/202603:03,141.19,0.6399999999999999,90.36159999999998,54.31999999999999,1.21,65.7272,65.4,0.5,11.0,198.7,23314.0,44097.0,23.0,22.14,17.4,29.82,10.514,351.2,636.2,4.34,0.7273797719385227
2026-02-26T15:04:00,02/26/202603:04,141.27,0.65,91.8255,54.31999999999999,1.24,67.35679999999999,67.0,0.5,11.0,198.7,23314.0,44097.0,23.0,22.130000000000003,17.3,29.82,10.588000000000001,351.9,632.9,4.33,0.7335304463357127
2026-02-26T15:04:59,02/26/202603:04,141.38,0.6599999999999999,93.31079999999999,54.31999999999999,1.28,69.52959999999999,69.2,0.6,11.0,198.7,23314.0,44097.0,23.0,22.12,17.2,29.82,10.662,352.6,629.6,4.32,0.7451398980611033
2026-02-26T15:05:00,02/26/202603:05,141.51,0.6599999999999999,93.39659999999998,54.31999999999999,1.28,69.52959999999999,69.2,0.6,11.0,198.7,23314.0,44097.0,23.0,22.110000000000003,17.1,29.82,10.736,353.3,626.3,4.3100000000000005,0.7444553656128811
2026-02-26T15:05:59,02/26/202603:05,141.66,0.65,92.07900000000001,54.31999999999999,1.28,69.52959999999999,69.2,0.6,11.0,198.7,23314.0,44097.0,23.0,22.1,17.0,29.82,10.81,354.0,623.0,4.3,0.7551081136849876
2026-02-26T15:06:00,02/26/202603:06,141.78,0.6399999999999999,90.73919999999998,54.31999999999999,1.28,69.52959999999999,69.2,0.6,11.0,198.7,23314.0,44097.0,23.0,22.1,17.0,29.82,10.81,354.0,623.0,4.3,0.7662575821695585
2026-02-26T15:06:59,02/26/202603:06,141.89,0.65,92.2285,54.31999999999999,1.3,70.616,70.3,0.6,11.0,198.7,23314.0,44097.0,23.0,22.1,17.0,29.82,10.81,354.0,623.0,4.3,0.7656635421805624
2026-02-26T15:07:01,02/26/202603:07,142.0,0.6599999999999999,93.71999999999998,54.31999999999999,1.3199999999999998,71.70239999999998,71.4,0.6,11.0,198.7,23314.0,44097.0,23.0,22.1,17.0,29.82,10.81,354.0,623.0,4.3,0.7650704225352112
2026-02-26T15:07:58,02/26/202603:07,142.08999999999997,0.6599999999999999,93.77939999999997,54.31,1.34,72.7754,72.5,0.6,11.0,198.7,23314.0,44097.0,23.0,22.1,17.0,29.82,10.81,354.0,623.0,4.3,0.7760275710870408
2026-02-26T15:08:00,02/26/202603:08,142.18,0.6599999999999999,93.83879999999999,54.3,1.3599999999999999,73.84799999999998,73.6,0.6,11.0,198.7,23314.0,44097.0,23.0,22.1,17.0,29.82,10.81,354.0,623.0,4.3,0.7869665852504507
2026-02-26T15:08:51,02/26/202603:08,142.1,0.6599999999999999,93.78599999999999,54.3,1.3599999999999999,73.84799999999998,73.6,0.6,11.0,198.7,23314.0,44097.0,23.0,22.1,17.0,29.82,10.81,354.0,623.0,4.3,0.787409634700275
2026-02-26T15:09:00,02/26/202603:09,142.02,0.6599999999999999,93.7332,54.3,1.3599999999999999,73.84799999999998,73.6,0.6,11.0,198.7,23314.0,44097.0,23.0,22.1,17.0,29.82,10.81,354.0,623.0,4.3,0.7878531832904455
2026-02-26T15:09:51,02/26/202603:09,141.32,0.6599999999999999,93.27119999999998,54.3,1.3599999999999999,73.84799999999998,73.6,0.6,11.0,198.7,23314.0,44097.0,23.0,22.1,17.0,29.82,10.81,354.0,623.0,4.3,0.7917556544785529
2026-02-26T15:10:00,02/26/202603:10,140.62,0.6599999999999999,92.80919999999999,54.3,1.3599999999999999,73.84799999999998,73.6,0.6,11.0,198.7,23314.0,44097.0,23.0,22.1,17.0,29.82,10.81,354.0,623.0,4.3,0.7956969783168047
2026-02-26T15:10:50,02/26/202603:10,140.31,0.6699999999999999,94.00769999999999,54.3,1.3599999999999999,73.84799999999998,73.6,0.6,11.0,198.7,23314.0,44097.0,23.0,22.1,17.0,29.82,10.81,354.0,623.0,4.3,0.7855526728129717
2026-02-26T15:11:01,02/26/202603:11,140.0,0.6799999999999999,95.19999999999999,54.3,1.3599999999999999,73.84799999999998,73.6,0.6,11.0,198.7,23314.0,44097.0,23.0,22.1,17.0,29.82,10.81,354.0,623.0,4.3,0.7757142857142857
2026-02-26T15:12:48,02/26/202603:12,139.74,0.6799999999999999,95.0232,54.3,1.3599999999999999,73.84799999999998,73.6,0.6,11.0,198.7,23314.0,44097.0,23.0,22.1,17.0,29.82,10.81,354.0,623.0,4.3,0.7771575783598109
2026-02-26T15:12:51,02/26/202603:12,139.82999999999998,0.6699999999999999,93.68609999999998,54.3,1.3199999999999998,71.67599999999999,71.4,0.6,11.0,198.7,23314.0,44097.0,23.0,22.1,17.0,29.82,10.81,354.0,623.0,4.3,0.7650654686234137
2026-02-26T15:13:01,02/26/202603:13,139.9,0.6699999999999999,93.73299999999999,54.3,1.31,71.133,70.8,0.6,11.0,198.7,23314.0,44097.0,23.0,22.1,17.0,29.82,10.81,354.0,623.0,4.3,0.758889611982973
2026-02-26T15:13:16,02/26/202603:13,139.49,0.6799999999999999,94.8532,54.3,1.31,71.133,70.8,0.6,11.0,198.7,23314.0,44097.0,23.0,22.1,17.0,29.82,10.81,354.0,623.0,4.3,0.7499272560124487
2026-02-26T15:14:01,02/26/202603:14,139.25,0.6799999999999999,94.69,54.3,1.3,70.59,70.3,0.6,11.0,198.7,23314.0,44097.0,23.0,22.1,17.0,29.82,10.81,354.0,623.0,4.3,0.7454852677157039
2026-02-26T15:15:04,02/26/202603:15,138.89000000000001,0.6699999999999999,93.0563,54.31,1.31,71.1461,70.9,0.6,11.0,198.7,23314.0,44097.0,23.0,22.1,17.0,29.82,10.81,354.0,623.0,4.3,0.7645489880857074
2026-02-26T15:16:00,02/26/202603:16,139.12,0.6599999999999999,91.8192,54.31999999999999,1.31,71.1592,70.9,0.6,11.0,198.7,23314.0,44097.0,23.0,22.1,17.0,29.82,10.81,354.0,623.0,4.3,0.7749925941415303
2026-02-26T15:16:03,02/26/202603:16,139.89000000000001,0.65,90.92850000000001,54.31999999999999,1.3,70.616,70.3,0.6,11.0,198.7,23314.0,44097.0,23.0,22.09,16.9,29.82,10.872,354.4,619.3,4.27,0.7766101937236399
2026-02-26T15:17:00,02/26/202603:17,140.25,0.6399999999999999,89.75999999999999,54.31999999999999,1.29,70.07279999999999,69.7,0.6,11.0,198.7,23314.0,44097.0,23.0,22.080000000000002,16.8,29.82,10.934000000000001,354.8,615.6,4.24,0.7806684491978609
2026-02-26T15:17:04,02/26/202603:17,139.8,0.6399999999999999,89.472,54.31999999999999,1.29,70.07279999999999,69.7,0.6,11.0,198.7,23314.0,44097.0,23.0,22.07,16.7,29.82,10.996,355.2,611.9,4.21,0.7831813304721029
2026-02-26T15:18:00,02/26/202603:18,139.28,0.6399999999999999,89.13919999999999,54.31999999999999,1.28,69.52959999999999,69.2,0.6,11.0,198.7,23314.0,44097.0,23.0,22.060000000000002,16.6,29.82,11.058,355.6,608.2,4.18,0.7800114876507754
2026-02-26T15:18:03,02/26/202603:18,139.64000000000001,0.63,87.9732,54.33,1.26,68.4558,68.1,0.6,11.0,198.7,23314.0,44097.0,23.0,22.05,16.5,29.82,11.120000000000001,356.0,604.5,4.15,0.7781437983385848
2026-02-26T15:18:10,02/26/202603:18,139.99,0.6399999999999999,89.5936,54.33,1.2799999999999998,69.54239999999999,69.2,0.6,11.0,198.7,23314.0,44097.0,23.0,22.04,16.4,29.82,11.181999999999999,356.4,600.8,4.12,0.7761982998785626
2026-02-26T15:19:01,02/26/202603:19,140.82,0.6399999999999999,90.12479999999998,54.33,1.29,70.0857,69.7,0.6,11.0,198.7,23314.0,44097.0,23.0,22.03,16.3,29.82,11.244,356.8,597.1,4.09,0.777651656369834
2026-02-26T15:19:10,02/26/202603:19,141.57,0.6199999999999999,87.77339999999998,54.33,1.26,68.4558,68.0,0.6,11.0,198.7,23314.0,44097.0,23.0,22.02,16.2,29.82,11.306000000000001,357.2,593.4,4.0600000000000005,0.7799150995631935
2026-02-26T15:20:00,02/26/202603:20,142.44,0.61,86.88839999999999,54.31999999999999,1.21,65.7272,65.2,0.6,11.0,198.7,23314.0,44097.0,23.0,22.009999999999998,16.1,29.82,11.367999999999999,357.6,589.7,4.029999999999999,0.7564554071659738
2026-02-26T15:20:10,02/26/202603:20,143.22,0.61,87.3642,54.31,1.21,65.7151,65.2,0.6,11.0,198.7,23314.0,44097.0,23.0,22.0,16.0,29.82,11.43,358.0,586.0,4.0,0.7521971242225077
2026-02-26T15:21:00,02/26/202603:21,143.45999999999998,0.61,87.51059999999998,54.31,1.22,66.2582,65.8,0.6,11.0,198.7,23314.0,44097.0,23.0,22.0,16.0,29.82,11.43,358.0,586.0,4.0,0.7571448487383244
2026-02-26T15:21:09,02/26/202603:21,143.63,0.6199999999999999,89.05059999999997,54.31999999999999,1.24,67.35679999999999,66.9,0.6,11.0,198.7,23314.0,44097.0,23.0,22.0,16.0,29.82,11.43,358.0,586.0,4.0,0.7563879412379031
2026-02-26T15:22:00,02/26/202603:22,144.60999999999999,0.6199999999999999,89.65819999999998,54.33,1.25,67.9125,67.4,0.6,11.0,198.7,23314.0,44097.0,23.0,22.0,16.0,29.82,11.43,358.0,586.0,4.0,0.7574599980816034
2026-02-26T15:22:09,02/26/202603:22,145.54000000000002,0.6199999999999999,90.23479999999999,54.33,1.24,67.36919999999999,66.8,0.6,11.0,198.7,23314.0,44097.0,23.0,22.0,16.0,29.82,11.43,358.0,586.0,4.0,0.7465988731620173
2026-02-26T15:23:58,02/26/202603:23,145.20999999999998,0.6399999999999999,92.93439999999997,54.33,1.29,70.0857,69.6,0.6,11.0,198.7,23314.0,44097.0,23.0,22.0,16.0,29.82,11.43,358.0,586.0,4.0,0.7541416310860136
2026-02-26T15:24:00,02/26/202603:24,144.89000000000001,0.6399999999999999,92.72959999999999,54.339999999999996,1.3,70.642,70.2,0.6,11.0,198.7,23314.0,44097.0,23.0,22.0,16.0,29.82,11.43,358.0,586.0,4.0,0.7618063703499207
2026-02-26T15:24:09,02/26/202603:24,144.53,0.63,91.0539,54.339999999999996,1.28,69.5552,69.1,0.6,11.0,198.7,23314.0,44097.0,23.0,22.0,16.0,29.82,11.43,358.0,586.0,4.0,0.7638903989834592
2026-02-26T15:25:01,02/26/202603:25,144.25,0.6399999999999999,92.31999999999998,54.339999999999996,1.3,70.642,70.2,0.6,11.0,198.7,23314.0,44097.0,23.0,22.0,16.0,29.82,11.43,358.0,586.0,4.0,0.7651863084922012
2026-02-26T15:25:09,02/26/202603:25,143.94,0.65,93.561,54.339999999999996,1.34,72.8156,72.4,0.6,11.0,198.7,23314.0,44097.0,23.0,22.0,16.0,29.82,11.43,358.0,586.0,4.0,0.7782687230790607
2026-02-26T15:26:01,02/26/202603:26,143.72,0.65,93.418,54.339999999999996,1.33,72.2722,71.8,0.6,11.0,198.7,23314.0,44097.0,23.0,22.0,16.0,29.82,11.43,358.0,586.0,4.0,0.7736431951015863
2026-02-26T15:26:10,02/26/202603:26,143.47,0.65,93.2555,54.339999999999996,1.29,70.09859999999999,69.6,0.6,11.0,198.7,23314.0,44097.0,23.0,22.0,16.0,29.82,11.43,358.0,586.0,4.0,0.75168327873423
2026-02-26T15:27:01,02/26/202603:27,143.29000000000002,0.6399999999999999,91.7056,54.33,1.24,67.36919999999999,66.9,0.6,11.0,198.7,23314.0,44097.0,23.0,22.0,16.0,29.82,11.43,358.0,586.0,4.0,0.7346247121222694
2026-02-26T15:27:09,02/26/202603:27,143.06,0.6399999999999999,91.55839999999999,54.33,1.21,65.7393,65.3,0.6,11.0,198.7,23314.0,44097.0,23.1,22.0,16.0,29.82,11.43,358.0,586.0,4.0,0.7180040280301971
2026-02-26T15:28:01,02/26/202603:28,142.88,0.6399999999999999,91.44319999999998,54.339999999999996,1.2,65.208,64.8,0.6,11.0,198.7,23314.0,44097.0,23.1,22.0,16.0,29.82,11.43,358.0,586.0,4.0,0.7130984042553193
2026-02-26T15:28:10,02/26/202603:28,142.73,0.63,89.9199,54.33,1.1800000000000002,64.10940000000001,63.7,0.6,11.0,198.7,23314.0,44097.0,23.0,22.0,16.0,29.82,11.43,358.0,586.0,4.0,0.7129612021365683
2026-02-26T15:29:39,02/26/202603:29,142.6,0.6199999999999999,88.41199999999998,54.31999999999999,1.17,63.55439999999999,63.1,0.6,11.0,198.7,23314.0,44097.0,23.0,22.07,16.0,29.82,11.263,357.1,586.1,4.0,0.7188435958919605
2026-02-26T15:30:01,02/26/202603:30,142.51,0.6199999999999999,88.35619999999997,54.31999999999999,1.19,64.64079999999998,64.2,0.6,11.0,198.7,23314.0,44097.0,23.0,22.14,16.0,29.82,11.096,356.2,586.2,4.0,0.7315932554817886
2026-02-26T15:30:39,02/26/202603:30,142.41,0.63,89.7183,54.33,1.21,65.7393,65.3,0.6,11.0,198.7,23314.0,44097.0,23.0,22.22,16.0,29.82,10.940999999999999,355.9,582.3,3.96,0.7327301119169668
2026-02-26T15:31:01,02/26/202603:31,142.34,0.6399999999999999,91.09759999999999,54.339999999999996,1.21,65.75139999999999,65.3,0.6,11.0,198.7,23314.0,44097.0,23.0,22.3,16.0,29.82,10.786,355.6,578.4,3.9200000000000004,0.7217687403400309
2026-02-26T15:31:39,02/26/202603:31,142.27,0.65,92.47550000000001,54.339999999999996,1.2,65.208,64.8,0.6,11.0,198.7,23314.0,44097.0,23.0,22.380000000000003,16.0,29.82,10.631,355.3,574.5,3.88,0.7051381176635972
2026-02-26T15:32:01,02/26/202603:32,142.23,0.6599999999999999,93.87179999999998,54.339999999999996,1.22,66.2948,65.9,0.6,11.0,198.7,23314.0,44097.0,23.0,22.46,16.0,29.82,10.476,355.0,570.6,3.84,0.706227003210762
2026-02-26T15:32:39,02/26/202603:32,142.19,0.6699999999999999,95.26729999999999,54.339999999999996,1.27,69.0118,68.6,0.6,11.0,198.7,23314.0,44097.0,23.0,22.54,16.0,29.82,10.321000000000002,354.7,566.7,3.8,0.7244017621996215
2026-02-26T15:33:01,02/26/202603:33,142.2,0.6699999999999999,95.27399999999999,54.33,1.3,70.629,70.2,0.6,11.0,198.7,23314.0,44097.0,23.0,22.619999999999997,16.0,29.82,10.166,354.4,562.8,3.7600000000000002,0.741325020467284
2026-02-26T15:33:39,02/26/202603:33,142.18,0.6599999999999999,93.83879999999999,54.31999999999999,1.31,71.1592,70.7,0.6,11.0,198.7,23314.0,44097.0,23.1,22.7,16.0,29.82,10.011,354.1,558.9,3.72,0.7583131924108152
2026-02-26T15:35:10,02/26/202603:35,142.16,0.6699999999999999,95.24719999999999,54.31999999999999,1.33,72.2456,71.8,0.6,11.0,198.7,23314.0,44097.0,23.0,22.78,15.9,29.82,9.856,353.8,555.0,3.6799999999999997,0.758506286798982
2026-02-26T15:35:38,02/26/202603:35,142.07,0.6699999999999999,95.18689999999998,54.31999999999999,1.31,71.1592,70.7,0.6,11.0,198.7,23314.0,44097.0,23.1,22.79,15.8,29.82,9.868,354.4,551.0,3.6399999999999997,0.7475734581124085
2026-02-26T15:36:01,02/26/202603:36,141.98,0.6699999999999999,95.12659999999998,54.31999999999999,1.29,70.07279999999999,69.6,0.6,11.0,198.7,23314.0,44097.0,23.1,22.8,15.7,29.82,9.88,355.0,547.0,3.6,0.7366267689584196
2026-02-26T15:36:38,02/26/202603:36,141.5,0.6599999999999999,93.38999999999999,54.31,1.28,69.5168,69.1,0.6,11.0,198.7,23314.0,44097.0,23.0,22.8,15.6,29.82,9.88,355.0,547.0,3.6,0.7443709176571369
2026-02-26T15:37:00,02/26/202603:37,141.02,0.65,91.66300000000001,54.3,1.27,68.961,68.6,0.6,11.0,198.7,23314.0,44097.0,23.0,22.8,15.5,29.82,9.88,355.0,547.0,3.6,0.7523319114582764
2026-02-26T15:37:38,02/26/202603:37,140.49,0.6399999999999999,89.91359999999999,54.3,1.27,68.961,68.6,0.6,11.0,198.7,23314.0,44097.0,23.0,22.8,15.4,29.82,9.88,355.0,547.0,3.6,0.766969624172539
2026-02-26T15:38:00,02/26/202603:38,139.95999999999998,0.63,88.17479999999999,54.3,1.27,68.961,68.6,0.6,11.0,198.7,23314.0,44097.0,23.0,22.8,15.3,29.82,9.88,355.0,547.0,3.6,0.7820942037861158
2026-02-26T15:38:14,02/26/202603:38,140.10999999999999,0.6199999999999999,86.86819999999997,54.3,1.25,67.875,67.5,0.6,11.0,198.7,23314.0,44097.0,23.0,22.8,15.2,29.82,9.88,355.0,547.0,3.6,0.7813561234145524
2026-02-26T15:39:01,02/26/202603:39,140.26,0.61,85.5586,54.3,1.23,66.789,66.4,0.6,11.0,198.7,23314.0,44097.0,23.0,22.8,15.1,29.82,9.88,355.0,547.0,3.6,0.7806228713419808
2026-02-26T15:39:14,02/26/202603:39,140.59,0.6,84.354,54.31,1.23,66.8013,66.4,0.6,11.0,198.7,23314.0,44097.0,23.1,22.8,15.0,29.82,9.88,355.0,547.0,3.6,0.791916210256775
2026-02-26T15:40:01,02/26/202603:40,140.92000000000002,0.58,81.73360000000001,54.31999999999999,1.22,66.2704,65.8,0.6,11.0,198.7,23314.0,44097.0,23.1,22.8,15.0,29.82,9.88,355.0,547.0,3.6,0.8108097526598607
2026-02-26T15:40:14,02/26/202603:40,141.26,0.58,81.93079999999999,54.31999999999999,1.22,66.2704,65.8,0.6,11.0,198.7,23314.0,44097.0,23.0,22.8,15.0,29.82,9.88,355.0,547.0,3.6,0.8088582071699532
2026-02-26T15:41:01,02/26/202603:41,141.6,0.58,82.12799999999999,54.31999999999999,1.22,66.2704,65.8,0.6,11.0,198.7,23314.0,44097.0,23.0,22.8,15.0,29.82,9.88,355.0,547.0,3.6,0.8069160335086695
2026-02-26T15:41:14,02/26/202603:41,141.79000000000002,0.58,82.2382,54.31999999999999,1.2,65.18399999999998,64.7,0.6,11.0,198.7,23314.0,44097.0,23.1,22.8,15.0,29.82,9.88,355.0,547.0,3.6,0.7926243521866965
2026-02-26T15:42:00,02/26/202603:42,141.98,0.58,82.34839999999998,54.31999999999999,1.1800000000000002,64.0976,63.6,0.6,11.0,198.7,23314.0,44097.0,23.1,22.8,15.0,29.82,9.88,355.0,547.0,3.6,0.7783709215965339
2026-02-26T15:42:14,02/26/202603:42,142.43,0.59,84.0337,54.31999999999999,1.19,64.64079999999998,64.1,0.6,11.0,198.7,23314.0,44097.0,23.0,22.8,15.0,29.82,9.88,355.0,547.0,3.6,0.7692247276985303
2026-02-26T15:43:01,02/26/202603:43,142.88,0.6,85.728,54.31999999999999,1.2,65.18399999999998,64.6,0.6,11.0,198.7,23314.0,44097.0,23.0,22.8,15.0,29.82,9.88,355.0,547.0,3.6,0.7603583426651734
2026-02-26T15:43:14,02/26/202603:43,142.07,0.61,86.6627,54.31999999999999,1.23,66.8136,66.2,0.6,11.0,198.7,23314.0,44097.0,23.0,22.8,15.0,29.82,9.88,355.0,547.0,3.6,0.7709614401582225
2026-02-26T15:44:00,02/26/202603:44,141.26,0.6199999999999999,87.58119999999998,54.31999999999999,1.2600000000000002,68.4432,67.8,0.6,11.0,198.7,23314.0,44097.0,23.0,22.8,15.0,29.82,9.88,355.0,547.0,3.6,0.7814827839764701
2026-02-26T15:44:14,02/26/202603:44,140.32,0.6399999999999999,89.80479999999999,54.31,1.27,68.97370000000001,68.4,0.6,11.0,198.7,23314.0,44097.0,23.1,22.8,15.0,29.82,9.88,355.0,547.0,3.6,0.7680402383836946
2026-02-26T15:46:23,02/26/202603:46,139.94,0.65,90.961,54.3,1.27,68.961,68.4,0.6,12.0,198.7,23314.0,44097.0,23.1,22.78,14.9,29.82,9.812000000000001,355.1,542.6,3.5700000000000003,0.7581381031431053
2026-02-26T15:47:01,02/26/202603:47,139.6,0.65,90.74,54.3,1.29,70.047,69.5,0.6,12.0,198.7,23314.0,44097.0,23.1,22.76,14.8,29.82,9.744,355.2,538.2,3.54,0.7719528322680185
2026-02-26T15:47:14,02/26/202603:47,138.95,0.65,90.3175,54.3,1.31,71.133,70.6,0.6,12.0,198.7,23314.0,44097.0,23.0,22.740000000000002,14.7,29.82,9.676,355.3,533.8,3.5100000000000002,0.7875882304093891
2026-02-26T15:48:01,02/26/202603:48,138.85,0.65,90.2525,54.3,1.34,72.762,72.2,0.6,12.0,198.7,23314.0,44097.0,23.0,22.720000000000002,14.6,29.82,9.608,355.4,529.4,3.4799999999999995,0.8062048142710728
2026-02-26T15:48:14,02/26/202603:48,138.68,0.65,90.14200000000001,54.3,1.37,74.391,73.8,0.6,12.0,198.7,23314.0,44097.0,23.0,22.7,14.5,29.82,9.540000000000001,355.5,525.0,3.45,0.8252645825475361
2026-02-26T15:49:01,02/26/202603:49,138.3,0.6399999999999999,88.512,54.3,1.37,74.391,73.8,0.6,12.0,198.7,23314.0,44097.0,23.0,22.68,14.4,29.82,9.472,355.6,520.6,3.4200000000000004,0.8404623101952278
2026-02-26T15:49:14,02/26/202603:49,137.9,0.63,86.87700000000001,54.3,1.34,72.762,72.2,0.6,12.0,198.7,23314.0,44097.0,23.0,22.660000000000004,14.3,29.82,9.404,355.7,516.2,3.3899999999999997,0.8375289201975206
2026-02-26T15:50:01,02/26/202603:50,138.07999999999998,0.6199999999999999,85.60959999999997,54.3,1.28,69.504,69.0,0.6,12.0,198.7,23314.0,44097.0,23.0,22.64,14.2,29.82,9.336,355.8,511.8,3.3600000000000003,0.8118715658057044
2026-02-26T15:50:14,02/26/202603:50,138.35,0.6199999999999999,85.77699999999999,54.3,1.26,68.41799999999999,68.0,0.6,12.0,198.7,23314.0,44097.0,23.0,22.62,14.1,29.82,9.267999999999999,355.9,507.4,3.3299999999999996,0.7976264033482169
2026-02-26T15:51:01,02/26/202603:51,138.6,0.6199999999999999,85.93199999999997,54.3,1.26,68.41799999999999,68.0,0.6,12.0,198.7,23314.0,44097.0,23.0,22.6,14.0,29.82,9.2,356.0,503.0,3.3,0.7961876832844577
2026-02-26T15:51:14,02/26/202603:51,138.7,0.6199999999999999,85.99399999999997,54.3,1.26,68.41799999999999,68.0,0.6,12.0,198.7,23314.0,44097.0,23.0,22.6,14.0,29.82,9.2,356.0,503.0,3.3,0.7956136474637767
2026-02-26T15:52:00,02/26/202603:52,138.8,0.6199999999999999,86.056,54.3,1.26,68.41799999999999,68.0,0.6,12.0,198.7,23314.0,44097.0,23.0,22.6,14.0,29.82,9.2,356.0,503.0,3.3,0.7950404387840475
2026-02-26T15:52:15,02/26/202603:52,139.01000000000002,0.61,84.79610000000001,54.3,1.23,66.789,66.4,0.6,12.0,198.7,23314.0,44097.0,23.0,22.6,14.0,29.82,9.2,356.0,503.0,3.3,0.7876423561932683
2026-02-26T15:53:01,02/26/202603:53,139.22,0.6,83.532,54.3,1.2,65.16,64.8,0.6,12.0,198.7,23314.0,44097.0,23.0,22.6,14.0,29.82,9.2,356.0,503.0,3.3,0.7800603361585979
2026-02-26T15:53:14,02/26/202603:53,139.42000000000002,0.6,83.652,54.3,1.2,65.16,64.8,0.6,12.0,198.7,23314.0,44097.0,23.0,22.6,14.0,29.82,9.2,356.0,503.0,3.3,0.77894132836035
2026-02-26T15:54:01,02/26/202603:54,139.62,0.6,83.772,54.3,1.2,65.16,64.8,0.6,12.0,198.7,23314.0,44097.0,23.0,22.6,14.0,29.82,9.2,356.0,503.0,3.3,0.7778255264288783
2026-02-26T15:54:14,02/26/202603:54,139.79000000000002,0.6,83.87400000000001,54.3,1.21,65.70299999999999,65.3,0.6,12.0,198.7,23314.0,44097.0,23.0,22.6,14.0,29.82,9.2,356.0,503.0,3.3,0.7833536018313182
2026-02-26T15:55:01,02/26/202603:55,139.95999999999998,0.6,83.97599999999998,54.3,1.22,66.246,65.8,0.6,12.0,198.7,23314.0,44097.0,23.0,22.6,14.0,29.82,9.2,356.0,503.0,3.3,0.7888682480708775
2026-02-26T15:55:15,02/26/202603:55,140.01,0.61,85.4061,54.3,1.23,66.789,66.3,0.6,12.0,198.7,23314.0,44097.0,23.0,22.6,14.0,29.82,9.2,356.0,503.0,3.3,0.7820167411929594
2026-02-26T15:56:01,02/26/202603:56,140.06,0.62,86.8372,54.3,1.24,67.332,66.8,0.6,12.0,198.7,23314.0,44097.0,23.0,22.6,14.0,29.82,9.2,356.0,503.0,3.3,0.7753819791517921
2026-02-26T15:57:31,02/26/202603:57,140.45999999999998,0.62,87.08519999999999,54.3,1.24,67.332,66.8,0.6,12.0,198.7,23314.0,44097.0,23.0,22.6,14.0,29.82,9.2,356.0,503.0,3.3,0.7731738573259291
2026-02-26T15:58:00,02/26/202603:58,140.85999999999999,0.62,87.33319999999999,54.3,1.24,67.332,66.8,0.6,12.0,198.7,23314.0,44097.0,23.0,22.6,14.0,29.82,9.2,356.0,503.0,3.3,0.7709782763027119
2026-02-26T15:58:14,02/26/202603:58,141.16,0.63,88.9308,54.3,1.27,68.961,68.4,0.6,12.0,198.7,23314.0,44097.0,23.0,22.6,14.0,29.82,9.2,356.0,503.0,3.3,0.7754456273866871
2026-02-26T15:59:00,02/26/202603:59,141.45999999999998,0.64,90.53439999999999,54.3,1.3,70.59,70.0,0.6,12.0,198.7,23314.0,44097.0,23.0,22.6,14.0,29.82,9.2,356.0,503.0,3.3,0.7797036264668459
2026-02-26T15:59:15,02/26/202603:59,141.92000000000002,0.65,92.24800000000002,54.3,1.3,70.59,70.0,0.6,12.0,198.7,23314.0,44097.0,23.1,22.6,14.0,29.82,9.2,356.0,503.0,3.3,0.7652198421645997
2026-02-26T16:00:00,02/26/202604:00,142.38,0.6599999999999999,93.97079999999998,54.3,1.3,70.59,70.0,0.6,12.0,198.7,23314.0,44097.0,23.1,22.6,14.0,29.82,9.2,356.0,503.0,3.3,0.7511907954385832
2026-02-26T16:00:14,02/26/202604:00,143.27,0.6599999999999999,94.5582,54.3,1.31,71.133,70.6,0.6,12.0,198.7,23314.0,44097.0,23.1,22.6,14.0,29.82,9.2,356.0,503.0,3.3,0.7522668578716599
2026-02-26T16:01:00,02/26/202604:01,144.16,0.6599999999999999,95.14559999999999,54.3,1.3199999999999998,71.67599999999999,71.2,0.6,12.0,198.7,23314.0,44097.0,23.1,22.6,14.0,29.82,9.2,356.0,503.0,3.3,0.7533296337402885
2026-02-26T16:01:14,02/26/202604:01,144.98,0.63,91.33739999999999,54.3,1.28,69.504,69.0,0.6,12.0,198.7,23314.0,44097.0,23.0,22.580000000000002,14.0,29.82,9.155999999999999,356.1,498.5,3.2699999999999996,0.7609588186219447
2026-02-26T16:02:01,02/26/202604:02,145.8,0.6,87.48,54.3,1.24,67.332,66.8,0.6,12.0,198.7,23314.0,44097.0,23.0,22.560000000000002,14.0,29.82,9.111999999999998,356.2,494.0,3.2399999999999998,0.7696844993141289
2026-02-26T16:02:15,02/26/202604:02,145.81,0.6,87.486,54.3,1.25,67.875,67.4,0.6,12.0,198.7,23314.0,44097.0,23.0,22.54,14.0,29.82,9.068,356.3,489.5,3.21,0.7758384198614635
2026-02-26T16:03:01,02/26/202604:03,145.82,0.6,87.49199999999999,54.3,1.26,68.41799999999999,68.0,0.6,12.0,198.7,23314.0,44097.0,23.0,22.52,14.0,29.82,9.024,356.4,485.0,3.1799999999999997,0.781991496365382
2026-02-26T16:03:14,02/26/202604:03,146.07,0.61,89.1027,54.3,1.25,67.875,67.5,0.6,12.0,198.7,23314.0,44097.0,23.1,22.5,14.0,29.82,8.98,356.5,480.5,3.15,0.7617614281048722
2026-02-26T16:04:00,02/26/202604:04,146.32,0.6199999999999999,90.71839999999997,54.3,1.24,67.332,67.0,0.6,12.0,198.7,23314.0,44097.0,23.1,22.48,14.0,29.82,8.936,356.6,476.0,3.12,0.7422088572990707
2026-02-26T16:04:15,02/26/202604:04,146.43,0.6199999999999999,90.78659999999999,54.3,1.24,67.332,67.0,0.6,12.0,198.7,23314.0,44097.0,23.1,22.46,14.0,29.82,8.892,356.7,471.5,3.09,0.7416513009629174
2026-02-26T16:05:00,02/26/202604:05,146.54000000000002,0.6199999999999999,90.8548,54.3,1.24,67.332,67.0,0.6,12.0,198.7,23314.0,44097.0,23.1,22.439999999999998,14.0,29.82,8.847999999999999,356.8,467.0,3.06,0.7410945816841817
2026-02-26T16:05:15,02/26/202604:05,146.22,0.61,89.1942,54.3,1.22,66.246,65.9,0.6,12.0,198.7,23314.0,44097.0,23.0,22.419999999999998,14.0,29.82,8.803999999999998,356.9,462.5,3.0300000000000002,0.7427164546573656
2026-02-26T16:06:00,02/26/202604:06,145.9,0.6,87.54,54.3,1.2,65.16,64.8,0.6,12.0,198.7,23314.0,44097.0,23.0,22.4,14.0,29.82,8.76,357.0,458.0,3.0,0.7443454420836189
2026-02-26T16:06:14,02/26/202604:06,145.57,0.61,88.79769999999999,54.3,1.21,65.70299999999999,65.4,0.6,12.0,198.7,23314.0,44097.0,23.1,22.4,14.0,29.82,8.76,357.0,458.0,3.0,0.7399178131866028
2026-02-26T16:07:00,02/26/202604:07,145.24,0.6199999999999999,90.04879999999999,54.3,1.22,66.246,66.0,0.6,12.0,198.7,23314.0,44097.0,23.1,22.4,14.0,29.82,8.76,357.0,458.0,3.0,0.7356677712529207
2026-02-26T16:07:14,02/26/202604:07,144.9,0.6199999999999999,89.838,54.3,1.2,65.16,64.9,0.6,12.0,198.7,23314.0,44097.0,23.0,22.4,14.0,29.82,8.76,357.0,458.0,3.0,0.725305549989982
2026-02-26T16:08:40,02/26/202604:08,144.59,0.63,91.0917,54.3,1.1800000000000002,64.07400000000001,63.8,0.6,12.0,198.7,23314.0,44097.0,23.1,22.4,14.0,29.82,8.76,357.0,458.0,3.0,0.7034010782541111
2026-02-26T16:09:00,02/26/202604:09,144.34,0.63,90.9342,54.3,1.1800000000000002,64.07400000000001,63.8,0.6,12.0,198.7,23314.0,44097.0,23.1,22.4,14.0,29.82,8.76,357.0,458.0,3.0,0.7046193841261045
2026-02-26T16:09:15,02/26/202604:09,144.07999999999998,0.6199999999999999,89.32959999999997,54.3,1.17,63.53099999999999,63.2,0.6,12.0,198.7,23314.0,44097.0,23.0,22.4,14.0,29.82,8.76,357.0,458.0,3.0,0.7111976321398508
2026-02-26T16:10:00,02/26/202604:10,143.88,0.61,87.76679999999999,54.3,1.15,62.44499999999999,62.1,0.6,12.0,198.7,23314.0,44097.0,23.0,22.4,14.0,29.82,8.76,357.0,458.0,3.0,0.7114877151724798
2026-02-26T16:10:15,02/26/202604:10,143.54000000000002,0.6,86.12400000000001,54.3,1.1400000000000001,61.902,62.1,0.6,12.0,198.7,23314.0,44097.0,23.1,22.4,14.0,29.82,8.76,357.0,458.0,3.0,0.7187543541869862
2026-02-26T16:11:00,02/26/202604:11,143.25,0.61,87.3825,54.3,1.16,62.98799999999999,63.7,0.6,12.0,198.7,23314.0,44097.0,23.1,22.4,14.0,29.82,8.76,357.0,458.0,3.0,0.7208308299716762
2026-02-26T16:11:14,02/26/202604:11,142.53,0.6199999999999999,88.36859999999999,54.3,1.19,64.61699999999999,65.3,0.6,12.0,198.7,23314.0,44097.0,23.0,22.4,14.0,29.82,8.76,357.0,458.0,3.0,0.7312212709039183
2026-02-26T16:12:00,02/26/202604:12,141.92000000000002,0.6199999999999999,87.9904,54.3,1.2,65.16,65.8,0.6,12.0,198.7,23314.0,44097.0,23.0,22.4,14.0,29.82,8.76,357.0,458.0,3.0,0.7405353311270321
2026-02-26T16:12:15,02/26/202604:12,141.02,0.6199999999999999,87.43239999999999,54.3,1.19,64.61699999999999,65.2,0.6,12.0,198.7,23314.0,44097.0,23.1,22.4,14.0,29.82,8.76,357.0,458.0,3.0,0.73905096966342
2026-02-26T16:13:00,02/26/202604:13,140.18,0.6199999999999999,86.91159999999999,54.3,1.1800000000000002,64.07400000000001,64.6,0.6,12.0,198.7,23314.0,44097.0,23.1,22.4,14.0,29.82,8.76,357.0,458.0,3.0,0.7372318539757641
2026-02-26T16:13:14,02/26/202604:13,139.28,0.6199999999999999,86.35359999999999,54.3,1.19,64.61699999999999,65.1,0.6,12.0,198.7,23314.0,44097.0,23.1,22.4,14.0,29.82,8.76,357.0,458.0,3.0,0.7482838005595598
2026-02-26T16:14:00,02/26/202604:14,138.38,0.6199999999999999,85.79559999999998,54.3,1.2,65.16,65.6,0.6,12.0,198.7,23314.0,44097.0,23.1,22.4,14.0,29.82,8.76,357.0,458.0,3.0,0.7594795071075907
2026-02-26T16:14:15,02/26/202604:14,137.43,0.6199999999999999,85.2066,54.3,1.2200000000000002,66.24600000000001,66.7,0.6,12.0,198.7,23314.0,44097.0,23.0,22.4,14.0,29.82,8.76,357.0,458.0,3.0,0.7774749843321997
2026-02-26T16:15:00,02/26/202604:15,136.48,0.6199999999999999,84.61759999999998,54.3,1.24,67.332,67.8,0.6,12.0,198.7,23314.0,44097.0,23.0,22.4,14.0,29.82,8.76,357.0,458.0,3.0,0.7957209847596718
2026-02-26T16:16:00,02/26/202604:16,135.67000000000002,0.6199999999999999,84.1154,54.3,1.25,67.875,67.8,0.6,12.0,198.7,23314.0,44097.0,23.1,22.4,14.0,29.82,8.76,357.0,458.0,3.0,0.8069271500819113
2026-02-26T16:16:15,02/26/202604:16,135.05,0.61,82.38050000000001,54.3,1.24,67.332,66.7,0.6,12.0,198.7,23314.0,44097.0,23.0,22.4,14.0,29.82,8.754,357.2,453.2,2.9699999999999998,0.8173293437160492
2026-02-26T16:17:36,02/26/202604:17,134.73,0.6199999999999999,83.53259999999997,54.3,1.2200000000000002,66.24600000000001,65.6,0.6,12.0,198.7,23314.0,44097.0,23.1,22.4,14.0,29.82,8.748,357.4,448.4,2.94,0.7930556453408613
2026-02-26T16:18:00,02/26/202604:18,134.41,0.63,84.6783,54.3,1.2,65.16,64.5,0.6,12.0,198.7,23314.0,44097.0,23.1,22.4,14.0,29.82,8.742,357.6,443.6,2.91,0.7695005686226578
2026-02-26T16:19:54,02/26/202604:19,134.49,0.63,84.7287,54.31,1.2100000000000002,65.7151,65.1,0.6,12.0,198.7,23314.0,44097.0,23.1,22.4,14.0,29.82,8.736,357.8,438.8,2.88,0.775594338164046
2026-02-26T16:20:01,02/26/202604:20,134.57,0.63,84.7791,54.31999999999999,1.2200000000000002,66.27040000000001,65.7,0.6,12.0,198.7,23314.0,44097.0,23.1,22.4,14.0,29.82,8.73,358.0,434.0,2.85,0.7816832214543444
2026-02-26T16:20:36,02/26/202604:20,134.7,0.63,84.86099999999999,54.31999999999999,1.23,66.8136,66.3,0.6,12.0,198.7,23314.0,44097.0,23.1,22.4,14.0,29.82,8.724,358.2,429.2,2.8200000000000003,0.7873298688443455
2026-02-26T16:21:00,02/26/202604:21,134.82999999999998,0.63,84.9429,54.31999999999999,1.24,67.35679999999999,66.9,0.6,12.0,198.7,23314.0,44097.0,23.1,22.4,14.0,29.82,8.718,358.4,424.4,2.79,0.7929656274980016
2026-02-26T16:21:36,02/26/202604:21,135.02,0.65,87.763,54.31999999999999,1.26,68.44319999999999,68.0,0.6,12.0,198.7,23314.0,44097.0,23.1,22.4,14.0,29.82,8.712,358.6,419.6,2.7600000000000002,0.7798639517792234
2026-02-26T16:22:00,02/26/202604:22,135.20999999999998,0.67,90.5907,54.31999999999999,1.28,69.52959999999999,69.1,0.6,12.0,198.7,23314.0,44097.0,23.1,22.4,14.0,29.82,8.706,358.8,414.8,2.73,0.767513663102283
2026-02-26T16:22:35,02/26/202604:22,135.53,0.6799999999999999,92.1604,54.31999999999999,1.27,68.98639999999999,68.6,0.6,12.0,198.7,23314.0,44097.0,23.1,22.4,14.0,29.82,8.7,359.0,410.0,2.7,0.7485470983198856
2026-02-26T16:23:00,02/26/202604:23,135.66,0.7,94.96199999999999,54.31999999999999,1.28,69.52959999999999,69.2,0.6,12.0,198.7,23314.0,44097.0,23.1,22.4,14.0,29.82,8.7,359.0,410.0,2.7,0.7321833996756597
2026-02-26T16:23:35,02/26/202604:23,135.98999999999998,0.7,95.19299999999998,54.31999999999999,1.29,70.07279999999999,69.8,0.6,12.0,198.7,23314.0,44097.0,23.1,22.4,14.0,29.82,8.7,359.0,410.0,2.7,0.7361129494815795
2026-02-26T16:24:00,02/26/202604:24,136.32,0.7,95.42399999999999,54.31999999999999,1.3,70.616,70.4,0.6,12.0,198.7,23314.0,44097.0,23.1,22.4,14.0,29.82,8.7,359.0,410.0,2.7,0.7400234741784039
2026-02-26T16:24:36,02/26/202604:24,136.57,0.7,95.59899999999999,54.31,1.31,71.1461,70.9,0.6,12.0,198.7,23314.0,44097.0,23.1,22.4,14.0,29.82,8.7,359.0,410.0,2.7,0.7442138516093266
2026-02-26T16:25:01,02/26/202604:25,136.82,0.7,95.77399999999999,54.3,1.3199999999999998,71.67599999999999,71.4,0.6,12.0,198.7,23314.0,44097.0,23.1,22.4,14.0,29.82,8.7,359.0,410.0,2.7,0.7483868273226554
2026-02-26T16:25:35,02/26/202604:25,137.16,0.69,94.64039999999999,54.3,1.3199999999999998,71.67599999999999,71.4,0.6,12.0,198.7,23314.0,44097.0,23.1,22.4,14.0,29.82,8.7,359.0,410.0,2.7,0.7573509833010004
2026-02-26T16:26:00,02/26/202604:26,137.5,0.6799999999999999,93.49999999999999,54.3,1.3199999999999998,71.67599999999999,71.4,0.6,12.0,198.7,23314.0,44097.0,23.1,22.4,14.0,29.82,8.7,359.0,410.0,2.7,0.7665882352941177
2026-02-26T16:26:36,02/26/202604:26,137.85,0.6699999999999999,92.35949999999998,54.3,1.3,70.59,70.3,0.6,12.0,198.7,23314.0,44097.0,23.1,22.4,14.0,29.82,8.7,359.0,410.0,2.7,0.7642960388481966
2026-02-26T16:27:01,02/26/202604:27,138.2,0.6599999999999999,91.21199999999997,54.3,1.28,69.504,69.2,0.6,12.0,198.7,23314.0,44097.0,23.1,22.4,14.0,29.82,8.7,359.0,410.0,2.7,0.7620049993421921
2026-02-26T16:27:28,02/26/202604:27,138.8,0.65,90.22000000000001,54.31,1.27,68.97370000000001,68.6,0.6,12.0,198.7,23314.0,44097.0,23.1,22.4,14.0,29.82,8.7,359.0,410.0,2.7,0.7645056528485923
2026-02-26T16:28:00,02/26/202604:28,139.4,0.6399999999999999,89.216,54.31999999999999,1.26,68.44319999999999,68.0,0.6,12.0,198.7,23314.0,44097.0,23.1,22.4,14.0,29.82,8.7,359.0,410.0,2.7,0.7671628407460545
2026-02-26T16:28:28,02/26/202604:28,139.73,0.63,88.0299,54.31999999999999,1.25,67.89999999999999,67.4,0.6,12.0,198.7,23314.0,44097.0,23.1,22.419999999999998,14.0,29.82,8.657,323.4,409.9,2.7,0.7713288325898359
2026-02-26T16:29:00,02/26/202604:29,140.06,0.6199999999999999,86.83719999999998,54.31999999999999,1.24,67.35679999999999,66.8,0.6,12.0,198.7,23314.0,44097.0,23.1,22.439999999999998,14.0,29.82,8.613999999999999,287.8,409.8,2.7,0.7756675710409825
2026-02-26T16:29:27,02/26/202604:29,140.85999999999999,0.63,88.7418,54.31999999999999,1.26,68.44319999999999,67.9,0.6,12.0,198.7,23314.0,44097.0,23.1,22.46,14.0,29.82,8.571,252.2,409.7,2.7,0.7712622462019025
2026-02-26T16:31:07,02/26/202604:31,141.37,0.6399999999999999,90.47679999999998,54.31999999999999,1.28,69.52959999999999,69.0,0.6,12.0,198.7,23314.0,44097.0,23.1,22.48,14.0,29.82,8.528,216.6,409.6,2.7,0.7684798755039967
2026-02-26T16:31:28,02/26/202604:31,141.77,0.6399999999999999,90.7328,54.31999999999999,1.25,67.89999999999999,67.3,0.6,12.0,198.7,23314.0,44097.0,23.1,22.48,14.0,29.818,8.422,181.0,404.5,2.65,0.748351202652183
2026-02-26T16:32:00,02/26/202604:32,142.17000000000002,0.6399999999999999,90.9888,54.31999999999999,1.2200000000000002,66.27040000000001,65.6,0.6,12.0,198.7,23314.0,44097.0,23.1,22.48,14.0,29.816000000000003,8.315999999999999,145.4,399.4,2.6,0.7283357951747909
2026-02-26T16:32:28,02/26/202604:32,142.22,0.63,89.5986,54.31999999999999,1.2,65.18399999999998,64.5,0.7,13.0,198.7,23314.0,44097.0,23.1,22.48,13.9,29.816000000000003,8.209999999999999,109.8,394.3,2.55,0.7275113673651149
2026-02-26T16:33:00,02/26/202604:33,142.27,0.6199999999999999,88.20739999999999,54.31999999999999,1.1800000000000002,64.0976,63.4,0.7,13.0,198.7,23314.0,44097.0,23.1,22.48,13.8,29.816000000000003,8.104,74.2,389.2,2.5,0.7266691910202546
2026-02-26T16:33:28,02/26/202604:33,141.81,0.6199999999999999,87.92219999999999,54.31,1.19,64.6289,64.0,0.7,13.0,198.7,23314.0,44097.0,23.1,22.48,13.7,29.816000000000003,7.997999999999999,38.6,384.1,2.45,0.7350691861668612
2026-02-26T16:34:01,02/26/202604:34,141.35,0.6199999999999999,87.63699999999999,54.3,1.2,65.16,64.6,0.7,13.0,198.7,23314.0,44097.0,23.1,22.48,13.6,29.816000000000003,7.892,3.0,379.0,2.4,0.7435215719387931
2026-02-26T16:34:28,02/26/202604:34,140.99,0.63,88.8237,54.3,1.23,66.789,66.3,0.7,13.0,198.7,23314.0,44097.0,23.1,22.46,13.5,29.816000000000003,7.828999999999999,3.0,374.0,2.35,0.751927694973301
2026-02-26T16:35:00,02/26/202604:35,140.63,0.6399999999999999,90.00319999999998,54.3,1.26,68.41799999999999,68.0,0.7,13.0,198.7,23314.0,44097.0,23.1,22.439999999999998,13.4,29.816000000000003,7.766,3.0,369.0,2.3,0.7601729716276756
2026-02-26T16:35:29,02/26/202604:35,140.04000000000002,0.6399999999999999,89.6256,54.3,1.26,68.41799999999999,68.0,0.7,13.0,198.7,23314.0,44097.0,23.1,22.419999999999998,13.3,29.816000000000003,7.703,3.0,364.0,2.25,0.7633756426735218
2026-02-26T16:35:36,02/26/202604:35,139.74,0.63,88.03620000000001,54.3,1.24,67.332,66.9,0.7,13.0,198.7,23314.0,44097.0,23.1,22.4,13.2,29.816000000000003,7.639999999999999,3.0,359.0,2.2,0.7648217437826711
2026-02-26T16:36:00,02/26/202604:36,139.44,0.63,87.8472,54.3,1.26,68.41799999999999,68.0,0.7,13.0,198.7,23314.0,44097.0,23.1,22.4,13.1,29.818,7.639999999999999,3.0,359.0,2.2,0.7788296041308088
2026-02-26T16:37:36,02/26/202604:37,138.66,0.63,87.3558,54.3,1.27,68.961,68.6,0.7,13.0,198.7,23314.0,44097.0,23.1,22.4,13.0,29.82,7.639999999999999,3.0,359.0,2.2,0.7894266894699608
2026-02-26T16:38:00,02/26/202604:38,138.22,0.63,87.0786,54.3,1.28,69.504,69.2,0.7,13.0,198.7,23314.0,44097.0,23.1,22.4,13.0,29.82,7.639999999999999,3.0,359.0,2.2,0.7981754414976815
2026-02-26T16:38:37,02/26/202604:38,137.75,0.6399999999999999,88.15999999999998,54.3,1.3,70.59,70.3,0.7,13.0,198.7,23314.0,44097.0,23.1,22.4,13.0,29.82,7.639999999999999,3.0,359.0,2.2,0.800703266787659
2026-02-26T16:39:00,02/26/202604:39,137.41,0.65,89.3165,54.3,1.31,71.133,70.8,0.7,13.0,198.7,23314.0,44097.0,23.1,22.4,13.0,29.82,7.639999999999999,3.0,359.0,2.2,0.7964149961093414
2026-02-26T16:39:37,02/26/202604:39,137.49,0.65,89.36850000000001,54.29,1.3199999999999998,71.66279999999999,71.3,0.7,13.0,198.7,23314.0,44097.0,23.1,22.4,13.0,29.82,7.639999999999999,3.0,359.0,2.2,0.8018798569965926
2026-02-26T16:40:00,02/26/202604:40,137.67000000000002,0.6399999999999999,88.1088,54.279999999999994,1.31,71.10679999999999,70.7,0.7,13.0,198.7,23314.0,44097.0,23.1,22.4,13.0,29.82,7.639999999999999,3.0,359.0,2.2,0.8070340306530107
2026-02-26T16:40:37,02/26/202604:40,137.99,0.6399999999999999,88.3136,54.279999999999994,1.3,70.564,70.1,0.7,13.0,198.7,23314.0,44097.0,23.1,22.4,13.0,29.82,7.639999999999999,3.0,359.0,2.2,0.7990162330603666
2026-02-26T16:42:16,02/26/202604:42,137.57999999999998,0.6399999999999999,88.05119999999998,54.279999999999994,1.28,69.4784,69.0,0.7,13.0,198.7,23314.0,44097.0,23.1,22.4,13.0,29.82,7.639999999999999,3.0,359.0,2.2,0.7890681785143191
2026-02-26T16:42:36,02/26/202604:42,136.93,0.6399999999999999,87.6352,54.279999999999994,1.26,68.3928,67.9,0.7,13.0,198.7,23314.0,44097.0,23.1,22.4,13.0,29.82,7.639999999999999,3.0,359.0,2.2,0.7804261301394873
2026-02-26T16:43:01,02/26/202604:43,136.28,0.6399999999999999,87.21919999999999,54.279999999999994,1.24,67.3072,66.8,0.7,13.0,198.7,23314.0,44097.0,23.1,22.4,13.0,29.82,7.639999999999999,3.0,359.0,2.2,0.7717016436747872
2026-02-26T16:43:18,02/26/202604:43,135.89000000000001,0.65,88.32850000000002,54.279999999999994,1.27,68.9356,68.4,0.7,13.0,198.7,23314.0,44097.0,23.1,22.4,13.0,29.82,7.639999999999999,3.0,359.0,2.2,0.780445722501797
2026-02-26T16:44:01,02/26/202604:44,135.5,0.6599999999999999,89.42999999999999,54.279999999999994,1.3,70.564,70.0,0.7,13.0,198.7,23314.0,44097.0,23.1,22.4,13.0,29.82,7.639999999999999,3.0,359.0,2.2,0.7890417085989042
2026-02-26T16:44:18,02/26/202604:44,135.4,0.6599999999999999,89.36399999999999,54.279999999999994,1.31,71.10679999999999,70.6,0.7,13.0,198.7,23314.0,44097.0,23.1,22.4,13.0,29.82,7.639999999999999,3.0,359.0,2.2,0.7956984915625979
2026-02-26T16:45:01,02/26/202604:45,135.3,0.6599999999999999,89.298,54.279999999999994,1.3199999999999998,71.64959999999998,71.2,0.7,13.0,198.7,23314.0,44097.0,23.1,22.4,13.0,29.82,7.639999999999999,3.0,359.0,2.2,0.8023651145602363
2026-02-26T16:45:18,02/26/202604:45,134.99,0.6599999999999999,89.09339999999999,54.29,1.3,70.577,70.1,0.7,13.0,198.7,23314.0,44097.0,23.1,22.4,13.0,29.82,7.639999999999999,3.0,359.0,2.2,0.7921686679372435
2026-02-26T16:46:01,02/26/202604:46,134.68,0.6599999999999999,88.88879999999999,54.3,1.28,69.504,69.0,0.7,13.0,198.7,23314.0,44097.0,23.1,22.4,13.0,29.82,7.639999999999999,3.0,359.0,2.2,0.7819207819207821
2026-02-26T16:46:18,02/26/202604:46,134.31,0.6599999999999999,88.6446,54.3,1.28,69.504,69.0,0.7,13.0,198.7,23314.0,44097.0,23.1,22.389999999999997,13.0,29.82,7.614999999999999,38.7,353.8,2.1700000000000004,0.7840748336616106
2026-02-26T16:47:01,02/26/202604:47,134.4,0.6599999999999999,88.704,54.3,1.28,69.504,69.0,0.7,13.0,198.7,23314.0,44097.0,23.1,22.38,13.0,29.82,7.589999999999999,74.4,348.6,2.14,0.7835497835497837
2026-02-26T16:47:18,02/26/202604:47,134.88,0.6599999999999999,89.02079999999998,54.3,1.29,70.047,69.6,0.7,13.0,198.7,23314.0,44097.0,23.1,22.369999999999997,13.0,29.82,7.5649999999999995,110.1,343.4,2.1100000000000003,0.7868610482044647
2026-02-26T16:48:00,02/26/202604:48,135.35999999999999,0.6599999999999999,89.33759999999998,54.3,1.3,70.59,70.2,0.7,13.0,198.7,23314.0,44097.0,23.1,22.36,13.0,29.82,7.539999999999999,145.8,338.2,2.08,0.7901488287126587
2026-02-26T16:48:19,02/26/202604:48,136.17000000000002,0.65,88.51050000000001,54.29,1.28,69.4912,69.1,0.7,13.0,198.7,23314.0,44097.0,23.1,22.35,13.0,29.82,7.514999999999999,181.5,333.0,2.05,0.7851181498240322
2026-02-26T16:49:00,02/26/202604:49,136.98,0.6399999999999999,87.66719999999998,54.279999999999994,1.26,68.3928,68.0,0.7,13.0,198.7,23314.0,44097.0,23.1,22.34,13.0,29.82,7.489999999999999,217.2,327.8,2.02,0.780141261498029
2026-02-26T16:49:19,02/26/202604:49,137.63,0.63,86.7069,54.29,1.25,67.8625,67.4,0.7,13.0,198.7,23314.0,44097.0,23.1,22.330000000000002,13.0,29.82,7.464999999999999,252.9,322.6,1.9899999999999998,0.782665508742672
2026-02-26T16:50:00,02/26/202604:50,138.28,0.6199999999999999,85.73359999999998,54.3,1.24,67.332,66.8,0.7,13.0,198.7,23314.0,44097.0,23.1,22.32,13.0,29.82,7.4399999999999995,288.6,317.4,1.9600000000000002,0.7853630315302286
2026-02-26T16:50:18,02/26/202604:50,138.79000000000002,0.6199999999999999,86.04979999999999,54.3,1.24,67.332,66.8,0.7,13.0,198.7,23314.0,44097.0,23.1,22.31,13.0,29.82,7.414999999999999,324.3,312.2,1.9300000000000002,0.782477123712083
2026-02-26T16:51:01,02/26/202604:51,139.3,0.6199999999999999,86.36599999999999,54.3,1.24,67.332,66.8,0.7,13.0,198.7,23314.0,44097.0,23.1,22.3,13.0,29.82,7.389999999999999,360.0,307.0,1.9,0.7796123474515435
2026-02-26T16:51:18,02/26/202604:51,139.69,0.6199999999999999,86.60779999999998,54.3,1.25,67.875,67.4,0.7,13.0,198.7,23314.0,44097.0,23.1,22.3,13.0,29.82,7.389999999999999,360.0,307.0,1.9,0.7837053937405177
2026-02-26T16:52:01,02/26/202604:52,140.07999999999998,0.6199999999999999,86.84959999999998,54.3,1.26,68.41799999999999,68.0,0.7,13.0,198.7,23314.0,44097.0,23.1,22.3,13.0,29.82,7.389999999999999,360.0,307.0,1.9,0.7877756489379342
2026-02-26T16:53:27,02/26/202604:53,140.17000000000002,0.6199999999999999,86.9054,54.3,1.26,68.41799999999999,68.0,0.7,13.0,198.7,23314.0,44097.0,23.1,22.3,13.0,29.82,7.389999999999999,360.0,307.0,1.9,0.787269835936547
2026-02-26T16:54:00,02/26/202604:54,140.26,0.6199999999999999,86.96119999999998,54.3,1.26,68.41799999999999,68.0,0.7,13.0,198.7,23314.0,44097.0,23.1,22.3,13.0,29.82,7.389999999999999,360.0,307.0,1.9,0.7867646720606433
2026-02-26T16:54:19,02/26/202604:54,140.07,0.6199999999999999,86.84339999999997,54.31,1.27,68.97370000000001,68.6,0.7,13.0,198.7,23314.0,44097.0,23.1,22.3,13.0,29.82,7.389999999999999,360.0,307.0,1.9,0.7942307648019311
2026-02-26T16:55:01,02/26/202604:55,139.88,0.6199999999999999,86.72559999999999,54.31999999999999,1.28,69.52959999999999,69.2,0.7,13.0,198.7,23314.0,44097.0,23.1,22.3,13.0,29.82,7.389999999999999,360.0,307.0,1.9,0.8017194461612257
2026-02-26T16:55:18,02/26/202604:55,139.45999999999998,0.63,87.85979999999999,54.31,1.28,69.5168,69.2,0.7,13.0,198.7,23314.0,44097.0,23.1,22.3,13.0,29.82,7.389999999999999,360.0,307.0,1.9,0.7912242003737774
2026-02-26T16:56:01,02/26/202604:56,139.04000000000002,0.6399999999999999,88.9856,54.3,1.28,69.504,69.2,0.7,13.0,198.7,23314.0,44097.0,23.1,22.3,13.0,29.82,7.389999999999999,360.0,307.0,1.9,0.7810701956271576
2026-02-26T16:56:18,02/26/202604:56,138.42000000000002,0.65,89.97300000000001,54.3,1.3,70.59,70.3,0.7,13.0,198.7,23314.0,44097.0,23.1,22.3,13.0,29.82,7.389999999999999,360.0,307.0,1.9,0.7845687039445166
2026-02-26T16:57:01,02/26/202604:57,137.8,0.6599999999999999,90.948,54.3,1.3199999999999998,71.67599999999999,71.4,0.7,13.0,198.7,23314.0,44097.0,23.1,22.3,13.0,29.82,7.389999999999999,360.0,307.0,1.9,0.788098693759071
2026-02-26T16:57:18,02/26/202604:57,137.15,0.65,89.14750000000001,54.3,1.3,70.59,70.3,0.7,13.0,198.7,23314.0,44097.0,23.1,22.3,13.0,29.82,7.389999999999999,360.0,307.0,1.9,0.7918337586584032
2026-02-26T16:58:01,02/26/202604:58,136.5,0.6399999999999999,87.35999999999999,54.3,1.28,69.504,69.2,0.7,13.0,198.7,23314.0,44097.0,23.1,22.3,13.0,29.82,7.389999999999999,360.0,307.0,1.9,0.7956043956043958
2026-02-26T16:58:18,02/26/202604:58,135.79000000000002,0.6399999999999999,86.9056,54.3,1.29,70.047,69.7,0.7,13.0,198.7,23314.0,44097.0,23.1,22.3,13.0,29.82,7.389999999999999,360.0,307.0,1.9,0.806012500920539
2026-02-26T16:59:01,02/26/202604:59,135.07999999999998,0.6399999999999999,86.45119999999997,54.3,1.3,70.59,70.2,0.7,13.0,198.7,23314.0,44097.0,23.1,22.3,13.0,29.82,7.389999999999999,360.0,307.0,1.9,0.8165300192478534
2026-02-26T16:59:18,02/26/202604:59,134.27,0.65,87.27550000000001,54.3,1.29,70.047,69.6,0.7,13.0,198.7,23314.0,44097.0,23.1,22.3,13.0,29.82,7.389999999999999,360.0,307.0,1.9,0.802596375844309
2026-02-26T17:00:00,02/26/202605:00,133.45999999999998,0.6599999999999999,88.08359999999998,54.3,1.28,69.504,69.0,0.7,13.0,198.7,23314.0,44097.0,23.1,22.3,13.0,29.82,7.389999999999999,360.0,307.0,1.9,0.7890685666798363
2026-02-26T17:00:19,02/26/202605:00,132.53,0.6599999999999999,87.46979999999999,54.3,1.27,68.961,68.5,0.7,13.0,198.7,23314.0,44097.0,23.1,22.3,13.0,29.82,7.389999999999999,360.0,307.0,1.9,0.7883978241633113
2026-02-26T17:01:00,02/26/202605:01,131.6,0.6599999999999999,86.85599999999998,54.3,1.26,68.41799999999999,68.0,0.7,13.0,198.7,23314.0,44097.0,23.1,22.3,13.0,29.82,7.389999999999999,360.0,307.0,1.9,0.7877176015473889
2026-02-26T17:01:19,02/26/202605:01,130.76,0.6599999999999999,86.30159999999998,54.31,1.25,67.8875,67.5,0.7,13.0,198.7,23314.0,44097.0,23.1,22.270000000000003,13.0,29.82,7.322,324.4,298.6,1.8699999999999999,0.7866308388256998
2026-02-26T17:02:01,02/26/202605:02,129.92000000000002,0.6599999999999999,85.7472,54.31999999999999,1.24,67.35679999999999,67.0,0.7,13.0,198.7,23314.0,44097.0,23.1,22.240000000000002,13.0,29.82,7.254,288.8,290.2,1.8399999999999999,0.7855276907001043
2026-02-26T17:02:18,02/26/202605:02,129.54000000000002,0.6599999999999999,85.49640000000001,54.31999999999999,1.23,66.8136,66.4,0.7,13.0,198.7,23314.0,44097.0,23.1,22.21,13.0,29.82,7.186,253.2,281.8,1.81,0.7814785183937568
2026-02-26T17:03:01,02/26/202605:03,129.16,0.6599999999999999,85.24559999999998,54.31999999999999,1.22,66.2704,65.8,0.7,13.0,198.7,23314.0,44097.0,23.1,22.18,13.0,29.82,7.117999999999999,217.6,273.4,1.78,0.7774055200503018
2026-02-26T17:04:38,02/26/202605:04,128.57999999999998,0.6699999999999999,86.14859999999997,54.31999999999999,1.22,66.2704,65.8,0.7,13.0,198.7,23314.0,44097.0,23.1,22.15,13.0,29.82,7.05,182.0,265.0,1.75,0.7692568422470013
2026-02-26T17:05:00,02/26/202605:05,128.0,0.6799999999999999,87.03999999999999,54.31999999999999,1.22,66.2704,65.8,0.7,13.0,198.7,23314.0,44097.0,23.1,22.119999999999997,13.0,29.82,6.981999999999999,146.4,256.6,1.72,0.7613786764705882
2026-02-26T17:05:17,02/26/202605:05,128.24,0.6799999999999999,87.2032,54.31999999999999,1.22,66.2704,65.8,0.7,13.0,198.7,23314.0,44097.0,23.1,22.09,13.0,29.82,6.914,110.8,248.2,1.69,0.7599537631646545
2026-02-26T17:06:01,02/26/202605:06,128.48,0.6799999999999999,87.36639999999998,54.31999999999999,1.22,66.2704,65.8,0.7,13.0,198.7,23314.0,44097.0,23.1,22.06,13.0,29.82,6.845999999999999,75.2,239.8,1.6600000000000001,0.7585341733206359
2026-02-26T17:06:16,02/26/202605:06,129.07999999999998,0.6699999999999999,86.48359999999998,54.31999999999999,1.21,65.7272,65.2,0.7,13.0,198.7,23314.0,44097.0,23.1,22.03,13.0,29.82,6.7780000000000005,39.6,231.4,1.6300000000000001,0.7599961148703339
2026-02-26T17:07:01,02/26/202605:07,129.68,0.6599999999999999,85.58879999999999,54.31999999999999,1.2,65.18399999999998,64.6,0.7,13.0,198.7,23314.0,44097.0,23.1,22.0,13.0,29.82,6.709999999999999,4.0,223.0,1.6,0.7615949750434635
2026-02-26T17:07:17,02/26/202605:07,130.48,0.6599999999999999,86.11679999999998,54.31999999999999,1.2100000000000002,65.7272,65.1,0.7,13.0,198.7,23314.0,44097.0,23.1,22.0,13.0,29.82,6.709999999999999,4.0,223.0,1.6,0.763233190271817
2026-02-26T17:08:01,02/26/202605:08,131.28,0.6599999999999999,86.64479999999999,54.31999999999999,1.2200000000000002,66.27040000000001,65.6,0.7,13.0,198.7,23314.0,44097.0,23.1,22.0,13.0,29.82,6.709999999999999,4.0,223.0,1.6,0.7648514394401051
2026-02-26T17:08:17,02/26/202605:08,132.27,0.6599999999999999,87.2982,54.31999999999999,1.24,67.35679999999999,66.7,0.7,13.0,198.7,23314.0,44097.0,23.1,22.0,13.0,29.82,6.709999999999999,4.0,223.0,1.6,0.77157146424554
2026-02-26T17:09:01,02/26/202605:09,133.26,0.6599999999999999,87.95159999999998,54.31999999999999,1.2600000000000002,68.4432,67.8,0.7,13.0,198.7,23314.0,44097.0,23.1,22.0,13.0,29.82,6.709999999999999,4.0,223.0,1.6,0.7781916417666082
2026-02-26T17:09:17,02/26/202605:09,135.37,0.65,87.99050000000001,54.31999999999999,1.2600000000000002,68.4432,67.8,0.7,13.0,198.7,23314.0,44097.0,23.1,22.0,13.0,29.82,6.709999999999999,4.0,223.0,1.6,0.7778476085486501
2026-02-26T17:10:01,02/26/202605:10,137.48,0.6399999999999999,87.98719999999997,54.31999999999999,1.2600000000000002,68.4432,67.8,0.7,13.0,198.7,23314.0,44097.0,23.1,22.0,13.0,29.82,6.709999999999999,4.0,223.0,1.6,0.7778767820773934
2026-02-26T17:10:17,02/26/202605:10,138.97,0.63,87.5511,54.31999999999999,1.25,67.89999999999999,67.3,0.7,13.0,198.7,23314.0,44097.0,23.1,22.0,13.0,29.82,6.709999999999999,4.0,223.0,1.6,0.775547080504985
2026-02-26T17:11:01,02/26/202605:11,140.45999999999998,0.6199999999999999,87.08519999999997,54.31999999999999,1.24,67.35679999999999,66.8,0.7,13.0,198.7,23314.0,44097.0,23.1,22.0,13.0,29.82,6.709999999999999,4.0,223.0,1.6,0.7734586359105797
2026-02-26T17:11:17,02/26/202605:11,141.75,0.63,89.3025,54.31999999999999,1.27,68.98639999999999,68.5,0.7,13.0,198.7,23314.0,44097.0,23.1,22.0,13.0,29.82,6.709999999999999,4.0,223.0,1.6,0.7725024495394865
2026-02-26T17:12:01,02/26/202605:12,143.04000000000002,0.6399999999999999,91.5456,54.31999999999999,1.3,70.616,70.2,0.7,13.0,198.7,23314.0,44097.0,23.1,22.0,13.0,29.82,6.709999999999999,4.0,223.0,1.6,0.7713751398210291
2026-02-26T17:12:17,02/26/202605:12,144.16000000000003,0.63,90.82080000000002,54.31,1.3,70.60300000000001,70.2,0.7,13.0,198.7,23314.0,44097.0,23.1,22.0,13.0,29.82,6.709999999999999,4.0,223.0,1.6,0.7773879992248471
2026-02-26T17:13:00,02/26/202605:13,145.28000000000003,0.6199999999999999,90.0736,54.3,1.3,70.59,70.2,0.7,13.0,198.7,23314.0,44097.0,23.1,22.0,13.0,29.82,6.709999999999999,4.0,223.0,1.6,0.7836924470655109
2026-02-26T17:13:17,02/26/202605:13,145.79000000000002,0.6199999999999999,90.3898,54.3,1.3,70.59,70.2,0.7,13.0,198.7,23314.0,44097.0,23.1,22.0,13.0,29.82,6.709999999999999,4.0,223.0,1.6,0.7809509480051954
2026-02-26T17:14:00,02/26/202605:14,146.3,0.6199999999999999,90.70599999999999,54.3,1.3,70.59,70.2,0.7,13.0,198.7,23314.0,44097.0,23.1,22.0,13.0,29.82,6.709999999999999,4.0,223.0,1.6,0.7782285626088683
2026-02-26T17:14:17,02/26/202605:14,145.72,0.6199999999999999,90.34639999999999,54.3,1.29,70.047,69.7,0.7,13.0,198.7,23314.0,44097.0,23.1,22.0,13.0,29.82,6.709999999999999,4.0,223.0,1.6,0.7753158952653344
2026-02-26T17:15:51,02/26/202605:15,145.15,0.6199999999999999,89.99299999999998,54.3,1.27,68.961,68.6,0.7,13.0,198.7,23314.0,44097.0,23.1,22.0,13.0,29.82,6.709999999999999,4.0,223.0,1.6,0.7662929338948586
2026-02-26T17:16:01,02/26/202605:16,144.65,0.6199999999999999,89.68299999999999,54.3,1.26,68.41799999999999,68.0,0.7,13.0,198.7,23314.0,44097.0,23.1,22.0,13.0,29.82,6.709999999999999,4.0,223.0,1.6,0.7628870577478452
2026-02-26T17:16:18,02/26/202605:16,143.17000000000002,0.6399999999999999,91.6288,54.3,1.28,69.504,69.1,0.7,13.0,198.7,23314.0,44097.0,23.1,21.990000000000002,13.1,29.82,6.623,39.6,219.8,1.57,0.7585388000279388
2026-02-26T17:17:00,02/26/202605:17,141.78,0.65,92.15700000000001,54.3,1.28,69.504,69.1,0.7,13.0,198.7,23314.0,44097.0,23.1,21.98,13.2,29.82,6.536,75.2,216.6,1.54,0.754191217162017
2026-02-26T17:17:16,02/26/202605:17,140.47,0.64,89.9008,54.31,1.25,67.8875,67.4,0.7,13.0,198.7,23314.0,44097.0,23.1,21.97,13.3,29.82,6.449,110.8,213.4,1.5100000000000002,0.75513788531359
2026-02-26T17:18:00,02/26/202605:18,139.17000000000002,0.64,89.06880000000001,54.31999999999999,1.23,66.8136,66.3,0.7,13.0,198.7,23314.0,44097.0,23.1,21.96,13.4,29.82,6.362,146.4,210.2,1.48,0.7501347273119205
2026-02-26T17:18:17,02/26/202605:18,138.15,0.64,88.41600000000001,54.31999999999999,1.23,66.8136,66.3,0.7,13.0,198.7,23314.0,44097.0,23.1,21.95,13.5,29.82,6.275,182.0,207.0,1.45,0.755673181324647
2026-02-26T17:19:00,02/26/202605:19,137.16,0.64,87.7824,54.31999999999999,1.23,66.8136,66.3,0.7,13.0,198.7,23314.0,44097.0,23.1,21.939999999999998,13.6,29.82,6.188,217.6,203.8,1.4200000000000002,0.7611275153105862
2026-02-26T17:19:17,02/26/202605:19,136.12,0.64,87.1168,54.31999999999999,1.22,66.2704,65.8,0.7,13.0,198.7,23314.0,44097.0,23.1,21.93,13.7,29.82,6.101,253.2,200.6,1.3900000000000001,0.7607074640023508
2026-02-26T17:20:00,02/26/202605:20,135.45999999999998,0.64,86.69439999999999,54.31999999999999,1.22,66.2704,65.8,0.7,13.0,198.7,23314.0,44097.0,23.1,21.919999999999998,13.8,29.82,6.014,288.8,197.4,1.36,0.7644138491067475
2026-02-26T17:20:17,02/26/202605:20,134.5,0.6599999999999999,88.77,54.31999999999999,1.24,67.35679999999999,66.9,0.7,13.0,198.7,23314.0,44097.0,23.1,21.91,13.9,29.82,5.927,324.4,194.2,1.33,0.758778866734257
2026-02-26T17:20:57,02/26/202605:20,133.43,0.67,89.39810000000001,54.31999999999999,1.24,67.35679999999999,66.9,0.7,14.0,198.7,23314.0,44097.0,23.1,21.9,14.0,29.82,5.84,360.0,191.0,1.3,0.7534477802100937
2026-02-26T17:21:00,02/26/202605:21,133.34,0.6599999999999999,88.00439999999999,54.31999999999999,1.21,65.7272,65.2,0.7,14.0,198.7,23314.0,44097.0,23.1,21.9,14.0,29.82,5.84,360.0,191.0,1.3,0.7468626568671567
2026-02-26T17:21:58,02/26/202605:21,133.06,0.6399999999999999,85.15839999999999,54.31999999999999,1.1800000000000002,64.0976,63.5,0.7,14.0,198.7,23314.0,44097.0,23.1,21.9,14.0,29.82,5.84,360.0,191.0,1.3,0.7526867578536
2026-02-26T17:22:00,02/26/202605:22,132.7,0.6399999999999999,84.92799999999998,54.31,1.1800000000000002,64.0858,63.5,0.7,14.0,198.7,23314.0,44097.0,23.1,21.9,14.0,29.82,5.84,360.0,191.0,1.3,0.7545897701582519
2026-02-26T17:22:58,02/26/202605:22,130.32999999999998,0.65,84.71449999999999,54.3,1.19,64.61699999999999,64.1,0.7,14.0,198.7,23314.0,44097.0,23.1,21.9,14.0,29.82,5.84,360.0,191.0,1.3,0.7627619828954901
2026-02-26T17:23:00,02/26/202605:23,127.67999999999999,0.6599999999999999,84.26879999999998,54.3,1.1800000000000002,64.07400000000001,63.6,0.7,14.0,198.7,23314.0,44097.0,23.1,21.9,14.0,29.82,5.84,360.0,191.0,1.3,0.7603525860104811
2026-02-26T17:23:58,02/26/202605:23,127.35999999999999,0.6599999999999999,84.05759999999998,54.3,1.17,63.53099999999999,63.1,0.7,14.0,198.7,23314.0,44097.0,23.1,21.9,14.0,29.82,5.84,360.0,191.0,1.3,0.7558031635449978
2026-02-26T17:24:00,02/26/202605:24,127.08999999999999,0.6599999999999999,83.87939999999999,54.3,1.17,63.53099999999999,63.1,0.7,14.0,198.7,23314.0,44097.0,23.1,21.9,14.0,29.82,5.84,360.0,191.0,1.3,0.7574088512793368
2026-02-26T17:24:57,02/26/202605:24,126.78999999999999,0.6699999999999999,84.94929999999998,54.3,1.19,64.61699999999999,64.2,0.7,14.0,198.7,23314.0,44097.0,23.1,21.9,14.0,29.82,5.84,360.0,191.0,1.3,0.7606537075643943
2026-02-26T17:25:00,02/26/202605:25,126.78,0.6599999999999999,83.67479999999999,54.3,1.2,65.16,64.8,0.7,14.0,198.7,23314.0,44097.0,23.1,21.9,14.0,29.82,5.84,360.0,191.0,1.3,0.7787290797229274
2026-02-26T17:27:02,02/26/202605:27,126.95,0.6599999999999999,83.78699999999999,54.31,1.22,66.2582,65.9,0.7,14.0,198.7,23314.0,44097.0,23.1,21.9,14.0,29.82,5.84,360.0,191.0,1.3,0.7907933211596072
2026-02-26T17:27:58,02/26/202605:27,127.2,0.65,82.68,54.31,1.24,67.34440000000001,67.0,0.7,14.0,198.7,23314.0,44097.0,23.1,21.91,14.0,29.82,5.84,324.4,191.3,1.3,0.81451862602806
2026-02-26T17:28:00,02/26/202605:28,127.64000000000001,0.65,82.96600000000001,54.31,1.26,68.4306,68.1,0.7,14.0,198.7,23314.0,44097.0,23.1,21.919999999999998,14.0,29.82,5.84,288.8,191.6,1.3,0.824802931321264
2026-02-26T17:28:58,02/26/202605:28,128.04000000000002,0.6599999999999999,84.5064,54.31,1.29,70.0599,69.8,0.7,14.0,198.7,23314.0,44097.0,23.1,21.93,14.0,29.82,5.84,253.2,191.9,1.3,0.8290484507682259
2026-02-26T17:29:00,02/26/202605:29,130.45,0.6599999999999999,86.09699999999998,54.31,1.31,71.1461,70.9,0.7,14.0,198.7,23314.0,44097.0,23.1,21.939999999999998,14.0,29.82,5.84,217.6,192.2,1.3,0.826348188670918
2026-02-26T17:29:58,02/26/202605:29,133.05,0.65,86.48250000000002,54.31999999999999,1.3,70.616,70.3,0.7,14.0,198.7,23314.0,44097.0,23.1,21.95,14.0,29.82,5.84,182.0,192.5,1.3,0.8165351371664786
2026-02-26T17:30:00,02/26/202605:30,133.32,0.65,86.658,54.33,1.29,70.0857,69.7,0.7,14.0,198.7,23314.0,44097.0,23.1,21.96,14.0,29.82,5.84,146.4,192.8,1.3,0.8087620300491588
2026-02-26T17:30:58,02/26/202605:30,133.44,0.6699999999999999,89.4048,54.33,1.31,71.1723,70.8,0.7,14.0,198.7,23314.0,44097.0,23.1,21.919999999999998,14.1,29.82,5.735,111.5,188.4,1.27,0.7960679963491895
2026-02-26T17:31:01,02/26/202605:31,133.58999999999997,0.6799999999999999,90.84119999999997,54.33,1.31,71.1723,70.8,0.7,14.0,198.7,23314.0,44097.0,23.1,21.880000000000003,14.2,29.82,5.63,76.6,184.0,1.24,0.783480403165084
2026-02-26T17:31:58,02/26/202605:31,133.9,0.67,89.71300000000001,54.33,1.28,69.5424,69.1,0.7,14.0,198.7,23314.0,44097.0,23.1,21.84,14.3,29.82,5.525,41.7,179.6,1.21,0.7751652491835074
2026-02-26T17:32:01,02/26/202605:32,134.14,0.6599999999999999,88.53239999999998,54.31999999999999,1.26,68.44319999999999,68.0,0.7,14.0,198.7,23314.0,44097.0,23.1,21.8,14.4,29.82,5.42,6.8,175.2,1.1800000000000002,0.7730864632609079
2026-02-26T17:32:58,02/26/202605:32,134.28,0.6599999999999999,88.6248,54.31999999999999,1.25,67.89999999999999,67.5,0.7,14.0,198.7,23314.0,44097.0,23.1,21.75,14.4,29.82,5.3149999999999995,7.5,170.5,1.15,0.7661512353201361
2026-02-26T17:33:01,02/26/202605:33,134.42,0.6599999999999999,88.71719999999998,54.31999999999999,1.24,67.35679999999999,67.0,0.7,14.0,198.7,23314.0,44097.0,23.1,21.7,14.4,29.82,5.21,8.2,165.8,1.1199999999999999,0.7592304536211694
2026-02-26T17:33:57,02/26/202605:33,134.51999999999998,0.6599999999999999,88.78319999999998,54.31999999999999,1.24,67.35679999999999,67.0,0.7,14.0,198.7,23314.0,44097.0,23.1,21.65,14.4,29.82,5.1049999999999995,8.9,161.1,1.09,0.7586660539381326
2026-02-26T17:34:00,02/26/202605:34,134.61999999999998,0.6599999999999999,88.84919999999997,54.31999999999999,1.24,67.35679999999999,67.0,0.7,14.0,198.7,23314.0,44097.0,23.1,21.6,14.4,29.82,5.0,9.6,156.4,1.06,0.7581024927630189
2026-02-26T17:34:58,02/26/202605:34,134.61999999999998,0.6599999999999999,88.84919999999997,54.31,1.24,67.34440000000001,67.0,0.7,14.0,198.7,23314.0,44097.0,23.1,21.55,14.4,29.82,4.8950000000000005,10.3,151.7,1.03,0.7579629304484455
2026-02-26T17:35:00,02/26/202605:35,134.61999999999998,0.6599999999999999,88.84919999999997,54.3,1.24,67.332,67.0,0.7,14.0,198.7,23314.0,44097.0,23.1,21.5,14.4,29.82,4.79,11.0,147.0,1.0,0.757823368133872
2026-02-26T17:35:58,02/26/202605:35,134.65,0.65,87.52250000000001,54.3,1.21,65.70299999999999,65.3,0.7,14.0,198.7,23314.0,44097.0,23.1,21.5,14.3,29.82,4.79,11.0,147.0,1.0,0.7506983918420975
2026-02-26T17:36:01,02/26/202605:36,134.68,0.6399999999999999,86.19519999999999,54.3,1.1800000000000002,64.07400000000001,63.6,0.7,14.0,198.7,23314.0,44097.0,23.1,21.5,14.2,29.82,4.79,11.0,147.0,1.0,0.7433592589842593
2026-02-26T17:38:12,02/26/202605:38,134.32999999999998,0.6399999999999999,85.97119999999998,54.3,1.19,64.61699999999999,64.2,0.7,14.0,198.7,23314.0,44097.0,23.2,21.5,14.1,29.82,4.79,11.0,147.0,1.0,0.751612167795727
2026-02-26T17:38:58,02/26/202605:38,133.91,0.65,87.0415,54.3,1.22,66.246,65.9,0.7,14.0,198.7,23314.0,44097.0,23.1,21.5,14.0,29.82,4.79,11.0,147.0,1.0,0.7610852294595106
2026-02-26T17:39:00,02/26/202605:39,133.51,0.6599999999999999,88.11659999999998,54.3,1.24,67.332,67.0,0.7,14.0,198.7,23314.0,44097.0,23.1,21.5,14.0,29.82,4.79,11.0,147.0,1.0,0.7641238994695666
2026-02-26T17:39:58,02/26/202605:39,133.13,0.6699999999999999,89.19709999999999,54.3,1.24,67.332,67.0,0.7,14.0,198.7,23314.0,44097.0,23.2,21.5,14.0,29.82,4.79,11.0,147.0,1.0,0.7548675909867025
2026-02-26T17:40:00,02/26/202605:40,132.82999999999998,0.6699999999999999,88.99609999999998,54.3,1.22,66.246,65.9,0.7,14.0,198.7,23314.0,44097.0,23.2,21.5,14.0,29.82,4.79,11.0,147.0,1.0,0.7443696970990864
2026-02-26T17:40:58,02/26/202605:40,132.44,0.6699999999999999,88.73479999999999,54.3,1.2,65.16,64.8,0.7,14.0,198.7,23314.0,44097.0,23.1,21.5,14.0,29.82,4.79,11.0,147.0,1.0,0.7343229488317999
2026-02-26T17:40:59,02/26/202605:40,131.92000000000002,0.6799999999999999,89.7056,54.3,1.21,65.70299999999999,64.8,0.7,14.0,198.7,23314.0,44097.0,23.1,21.5,14.0,29.82,4.79,11.0,147.0,1.0,0.7324291905967965
2026-02-26T17:41:00,02/26/202605:41,131.4,0.69,90.666,54.3,1.22,66.246,64.8,0.7,14.0,198.7,23314.0,44097.0,23.1,21.5,14.0,29.82,4.79,11.0,147.0,1.0,0.7306597842631195
2026-02-26T17:41:59,02/26/202605:41,130.95999999999998,0.6799999999999999,89.05279999999998,54.3,1.23,66.789,65.4,0.7,14.0,198.7,23314.0,44097.0,23.1,21.5,14.0,29.82,4.79,11.0,147.0,1.0,0.7499932624240901
2026-02-26T17:42:01,02/26/202605:42,130.52,0.6699999999999999,87.44839999999999,54.3,1.2399999999999998,67.33199999999998,66.0,0.7,14.0,198.7,23314.0,44097.0,23.1,21.5,14.0,29.82,4.79,11.0,147.0,1.0,0.769962629390589
2026-02-26T17:42:58,02/26/202605:42,128.81,0.6799999999999999,87.59079999999999,54.3,1.2399999999999998,67.33199999999998,66.0,0.7,14.0,198.7,23314.0,44097.0,23.1,21.5,14.0,29.82,4.79,11.0,147.0,1.0,0.7687108691780414
2026-02-26T17:43:00,02/26/202605:43,127.17,0.6799999999999999,86.4756,54.3,1.22,66.246,64.9,0.7,14.0,198.7,23314.0,44097.0,23.1,21.5,14.0,29.82,4.79,11.0,147.0,1.0,0.7660658035330197
2026-02-26T17:43:58,02/26/202605:43,124.95,0.6699999999999999,83.7165,54.29,1.19,64.6051,63.2,0.7,14.0,198.7,23314.0,44097.0,23.1,21.5,14.0,29.82,4.79,11.0,147.0,1.0,0.7717128642501776
2026-02-26T17:44:00,02/26/202605:44,122.71,0.6599999999999999,80.98859999999999,54.279999999999994,1.1800000000000002,64.0504,62.6,0.7,14.0,198.7,23314.0,44097.0,23.1,21.5,14.0,29.82,4.79,11.0,147.0,1.0,0.7908569848102079
2026-02-26T17:44:58,02/26/202605:44,120.47,0.6399999999999999,77.10079999999999,54.260000000000005,1.15,62.399,60.9,0.7,14.0,198.7,23314.0,44097.0,23.1,21.5,14.0,29.82,4.79,11.0,147.0,1.0,0.8093171536482112
2026-02-26T17:45:00,02/26/202605:45,118.32000000000001,0.6199999999999999,73.35839999999999,54.239999999999995,1.1199999999999999,60.74879999999999,59.2,0.7,14.0,198.7,23314.0,44097.0,23.1,21.5,14.0,29.82,4.79,11.0,147.0,1.0,0.8281096643329189
2026-02-26T17:45:58,02/26/202605:45,116.2,0.59,68.55799999999999,54.23,1.06,57.4838,56.5,0.7,14.0,198.7,23314.0,44097.0,23.1,21.419999999999998,14.1,29.82,4.715,11.8,142.0,0.97,0.8384696169666561
2026-02-26T17:46:01,02/26/202605:46,114.08,0.5599999999999999,63.88479999999999,54.220000000000006,1.0,54.220000000000006,53.8,0.7,14.0,198.7,23314.0,44097.0,23.1,21.34,14.2,29.82,4.64,12.6,137.0,0.9400000000000001,0.8487151873372072
2026-02-26T17:46:58,02/26/202605:46,112.05,0.54,60.507000000000005,54.2,0.93,50.406000000000006,50.0,0.7,14.0,198.7,23314.0,44097.0,23.1,21.259999999999998,14.3,29.82,4.5649999999999995,13.4,132.0,0.9099999999999999,0.8330606376121771
2026-02-26T17:47:01,02/26/202605:47,110.02000000000001,0.52,57.21040000000001,54.17999999999999,0.86,46.59479999999999,46.2,0.7,14.0,198.7,23314.0,44097.0,23.1,21.18,14.4,29.82,4.49,14.2,127.0,0.8800000000000001,0.8144463244445064
2026-02-26T17:49:23,02/26/202605:49,109.45,0.49000000000000005,53.630500000000005,54.14,0.79,42.7706,42.4,0.7,14.0,198.7,23314.0,44097.0,23.1,21.1,14.5,29.82,4.415,15.0,122.0,0.85,0.7975051509868452
2026-02-26T17:49:58,02/26/202605:49,109.09,0.45999999999999996,50.1814,54.089999999999996,0.7100000000000001,38.4039,38.0,0.7,14.0,198.7,23314.0,44097.0,23.1,21.02,14.6,29.82,4.34,15.8,117.0,0.82,0.7653014862080373
2026-02-26T17:50:00,02/26/202605:50,109.30999999999999,0.44000000000000006,48.0964,54.05,0.64,34.592,34.2,0.7,14.0,198.7,23314.0,44097.0,23.1,20.94,14.7,29.82,4.265,16.6,112.0,0.7899999999999999,0.7192222286907127
2026-02-26T17:50:58,02/26/202605:50,109.50999999999999,0.42000000000000004,45.9942,54.010000000000005,0.5700000000000001,30.785700000000006,30.4,0.7,14.0,198.7,23314.0,44097.0,23.1,20.86,14.8,29.82,4.1899999999999995,17.4,107.0,0.76,0.6693387427110377
2026-02-26T17:51:00,02/26/202605:51,109.71,0.41000000000000003,44.9811,53.98,0.52,28.069599999999998,27.7,0.7,14.0,198.7,23314.0,44097.0,23.1,20.779999999999998,14.9,29.82,4.115,18.2,102.0,0.73,0.6240309819012874
2026-02-26T17:51:58,02/26/202605:51,109.92999999999999,0.4,43.972,53.95,0.47000000000000003,25.356500000000004,25.0,0.7,14.0,198.7,23314.0,44097.0,23.2,20.7,15.0,29.82,4.04,19.0,97.0,0.7,0.5766510506686073
2026-02-26T17:52:00,02/26/202605:52,110.16,0.4,44.064,53.910000000000004,0.45,24.259500000000003,23.9,0.7,14.0,198.7,23314.0,44097.0,23.2,20.7,15.0,29.82,4.04,19.0,97.0,0.7,0.5505514705882354
2026-02-26T17:52:58,02/26/202605:52,108.17,0.4,43.268,53.86,0.41000000000000003,22.082600000000003,21.7,0.7,14.0,198.7,23314.0,44097.0,23.1,20.7,15.0,29.82,4.04,19.0,97.0,0.7,0.5103679393547195
2026-02-26T17:53:01,02/26/202605:53,106.13,0.4,42.452,53.82000000000001,0.38,20.451600000000003,20.0,0.7,14.0,198.7,23314.0,44097.0,23.1,20.7,15.0,29.82,4.04,19.0,97.0,0.7,0.48175822104965615
2026-02-26T17:53:58,02/26/202605:53,104.07000000000001,0.4,41.62800000000001,53.77,0.35,18.8195,18.3,0.7,14.0,198.7,23314.0,44097.0,23.1,20.7,15.0,29.82,4.04,19.0,97.0,0.7,0.45208753723455364
2026-02-26T17:54:01,02/26/202605:54,102.03999999999999,0.4,40.816,53.739999999999995,0.32,17.1968,16.6,0.7,14.0,198.7,23314.0,44097.0,23.1,20.7,15.0,29.82,4.04,19.0,97.0,0.7,0.42132497059976476
2026-02-26T17:54:58,02/26/202605:54,96.92999999999999,0.39,37.8027,53.71,0.31,16.650100000000002,16.1,0.7,14.0,198.7,23314.0,44097.0,23.1,20.7,15.0,29.82,4.04,19.0,97.0,0.7,0.440447375452018
2026-02-26T17:55:00,02/26/202605:55,91.82,0.38,34.8916,53.67999999999999,0.3,16.103999999999996,15.6,0.7,14.0,198.7,23314.0,44097.0,23.1,20.7,15.0,29.82,4.04,19.0,97.0,0.7,0.4615437526510678
2026-02-26T17:55:58,02/26/202605:55,93.99,0.34,31.9566,53.65,0.26,13.949,13.5,0.7,14.0,198.7,23314.0,44097.0,23.1,20.7,15.0,29.82,4.04,19.0,97.0,0.7,0.43649825075258314
2026-02-26T17:56:01,02/26/202605:56,96.16,0.3,28.848,53.620000000000005,0.22000000000000003,11.796400000000002,11.4,0.7,14.0,198.7,23314.0,44097.0,23.1,20.7,15.0,29.82,4.04,19.0,97.0,0.7,0.40891569606211875
2026-02-26T17:56:58,02/26/202605:56,91.05,0.3,27.314999999999998,53.589999999999996,0.21000000000000002,11.2539,10.9,0.7,14.0,198.7,23314.0,44097.0,23.1,20.7,15.0,29.82,4.04,19.0,97.0,0.7,0.41200439319055465
2026-02-26T17:57:00,02/26/202605:57,85.94,0.3,25.782,53.56,0.2,10.712000000000002,10.4,0.7,14.0,198.7,23314.0,44097.0,23.1,20.7,15.0,29.82,4.04,19.0,97.0,0.7,0.41548367077806225
2026-02-26T17:57:58,02/26/202605:57,90.31,0.26,23.480600000000003,53.54,0.18,9.6372,9.4,0.7,14.0,198.7,23314.0,44097.0,23.1,20.7,15.0,29.82,4.04,19.0,97.0,0.7,0.4104324421011388
2026-02-26T17:58:00,02/26/202605:58,94.67999999999999,0.22000000000000003,20.829600000000003,53.52,0.16,8.5632,8.4,0.7,14.0,198.7,23314.0,44097.0,23.1,20.7,15.0,29.82,4.04,19.0,97.0,0.7,0.4111072704228597
2026-02-26T17:58:15,02/26/202605:58,91.61,0.21000000000000002,19.238100000000003,53.5,0.16999999999999998,9.094999999999999,9.0,0.7,14.0,198.7,23314.0,44097.0,23.2,20.7,15.0,29.82,4.04,19.0,97.0,0.7,0.4727597839703504
2026-02-26T18:00:34,02/26/202606:00,95.96000000000001,0.16999999999999998,16.3132,53.48,0.15,8.021999999999998,8.0,0.7,14.0,198.7,23314.0,44097.0,23.2,20.7,15.0,29.82,4.04,19.0,97.0,0.7,0.49174901306917096
2026-02-26T18:01:01,02/26/202606:01,103.17999999999999,0.13999999999999999,14.445199999999998,53.470000000000006,0.12,6.4164,6.4,0.7,14.0,198.7,23314.0,44097.0,23.2,20.7,15.0,29.82,4.04,19.0,97.0,0.7,0.44418907318694106
2026-02-26T18:01:18,02/26/202606:01,110.28,0.11000000000000001,12.130800000000002,53.45,0.09,4.8105,4.8,0.7,14.0,198.7,23314.0,44097.0,23.2,20.6,15.1,29.82,4.083,19.8,92.3,0.6799999999999999,0.3965525769116628
2026-02-26T18:02:32,02/26/202606:02,110.22,0.11000000000000001,12.124200000000002,53.410000000000004,0.09,4.8069,4.8,0.7,14.0,198.7,23314.0,44097.0,23.1,20.5,15.2,29.82,4.1259999999999994,20.6,87.6,0.6599999999999999,0.39647151977037653
2026-02-26T18:03:01,02/26/202606:03,110.16,0.11000000000000001,12.117600000000001,53.370000000000005,0.09,4.8033,4.8,0.7,14.0,198.7,23314.0,44097.0,23.1,20.4,15.3,29.82,4.169,21.4,82.9,0.6399999999999999,0.3963903743315508
2026-02-26T18:03:32,02/26/202606:03,117.34,0.06999999999999999,8.213799999999999,53.33,0.06,3.1997999999999998,3.2,0.7,14.0,198.7,23314.0,44097.0,23.1,20.3,15.4,29.82,4.212,22.2,78.2,0.6199999999999999,0.3895639046482749
2026-02-26T18:04:01,02/26/202606:04,124.52000000000001,0.03,3.7356000000000003,53.29,0.03,1.5987,1.6,0.7,14.0,198.7,23314.0,44097.0,23.1,20.2,15.5,29.82,4.255,23.0,73.5,0.6,0.4279633793768069
2026-02-26T18:04:32,02/26/202606:04,124.41,0.03,3.7323,53.25,0.03,1.5975,1.6,0.7,14.0,198.7,23314.0,44097.0,23.1,20.1,15.6,29.82,4.298,23.8,68.8,0.58,0.4280202556064625
2026-02-26T18:05:01,02/26/202606:05,124.3,0.03,3.7289999999999996,53.21,0.03,1.5963,1.6,0.7,14.0,198.7,23314.0,44097.0,23.1,20.0,15.7,29.82,4.340999999999999,24.6,64.1,0.5599999999999999,0.4280772325020113
2026-02-26T18:05:32,02/26/202606:05,131.62,0.0,0.0,53.17999999999999,0.0,0.0,0.0,0.7,14.0,198.7,23314.0,44097.0,23.2,19.9,15.8,29.82,4.3839999999999995,25.4,59.4,0.54,
2026-02-26T18:06:01,02/26/202606:06,131.52,0.0,0.0,53.15,0.0,0.0,0.0,0.7,14.0,198.7,23314.0,44097.0,23.2,19.8,15.9,29.82,4.427,26.2,54.7,0.52,
2026-02-26T18:06:32,02/26/202606:06,131.41,0.0,0.0,53.11,0.0,0.0,0.0,0.7,14.0,198.7,23314.0,44097.0,23.1,19.7,16.0,29.82,4.47,27.0,50.0,0.5,
2026-02-26T18:07:00,02/26/202606:07,131.42000000000002,0.0,0.0,53.08,0.0,0.0,0.0,0.7,14.0,198.7,23314.0,44097.0,23.1,19.7,16.0,29.82,4.47,27.0,50.0,0.5,
2026-02-26T18:07:38,02/26/202606:07,131.27,0.0,0.0,53.07000000000001,0.0,0.0,0.0,0.7,14.0,198.7,23314.0,44097.0,23.1,19.7,16.0,29.82,4.47,27.0,50.0,0.5,
2026-02-26T18:08:01,02/26/202606:08,131.12,0.0,0.0,53.06,0.0,0.0,0.0,0.7,14.0,198.7,23314.0,44097.0,23.1,19.7,16.0,29.82,4.47,27.0,50.0,0.5,
2026-02-26T18:08:39,02/26/202606:08,131.03,0.0,0.0,53.04,0.0,0.0,0.0,0.7,14.0,198.7,23314.0,44097.0,23.1,19.7,16.0,29.82,4.47,27.0,50.0,0.5,
2026-02-26T18:09:01,02/26/202606:09,130.94,0.0,0.0,53.02,0.0,0.0,0.0,0.7,14.0,198.7,23314.0,44097.0,23.1,19.7,16.0,29.82,4.47,27.0,50.0,0.5,
2026-02-26T18:09:38,02/26/202606:09,130.85,0.0,0.0,53.0,0.0,0.0,0.0,0.7,14.0,198.7,23314.0,44097.0,23.1,19.7,16.0,29.82,4.47,27.0,50.0,0.5,
2026-02-26T18:10:01,02/26/202606:10,130.76,0.0,0.0,52.98,0.0,0.0,0.0,0.7,14.0,198.7,23314.0,44097.0,23.1,19.7,16.0,29.82,4.47,27.0,50.0,0.5,
2026-02-26T18:11:45,02/26/202606:11,130.65,0.0,0.0,52.95,0.0,0.0,0.0,0.7,14.0,198.7,23314.0,44097.0,23.1,19.7,16.0,29.82,4.47,27.0,50.0,0.5,
2026-02-26T18:12:00,02/26/202606:12,130.54000000000002,0.0,0.0,52.92,0.0,0.0,0.0,0.7,14.0,198.7,23314.0,44097.0,23.1,19.7,16.0,29.82,4.47,27.0,50.0,0.5,
2026-02-26T18:12:39,02/26/202606:12,130.41,0.0,0.0,52.89,0.0,0.0,0.0,0.7,14.0,198.7,23314.0,44097.0,23.2,19.7,16.0,29.82,4.47,27.0,50.0,0.5,
2026-02-26T18:13:01,02/26/202606:13,130.28,0.0,0.0,52.86,0.0,0.0,0.0,0.7,14.0,198.7,23314.0,44097.0,23.2,19.7,16.0,29.82,4.47,27.0,50.0,0.5,
2026-02-26T18:13:39,02/26/202606:13,130.17000000000002,0.0,0.0,52.83,0.0,0.0,0.0,0.7,14.0,198.7,23314.0,44097.0,23.2,19.7,16.0,29.82,4.47,27.0,50.0,0.5,
2026-02-26T18:14:01,02/26/202606:14,130.06,0.0,0.0,52.8,0.0,0.0,0.0,0.7,14.0,198.7,23314.0,44097.0,23.2,19.7,16.0,29.82,4.47,27.0,50.0,0.5,
2026-02-26T18:14:38,02/26/202606:14,129.85999999999999,0.0,0.0,52.779999999999994,0.0,0.0,0.0,0.7,14.0,198.7,23314.0,44097.0,23.2,19.7,16.0,29.82,4.47,27.0,50.0,0.5,
2026-02-26T18:15:01,02/26/202606:15,129.66,0.0,0.0,52.760000000000005,0.0,0.0,0.0,0.7,14.0,198.7,23314.0,44097.0,23.2,19.7,16.0,29.82,4.47,27.0,50.0,0.5,
2026-02-26T18:15:39,02/26/202606:15,129.44,0.0,0.0,52.739999999999995,0.0,0.0,0.0,0.7,14.0,198.7,23314.0,44097.0,23.1,19.7,16.0,29.82,4.47,27.0,50.0,0.5,
2026-02-26T18:16:01,02/26/202606:16,129.22,0.0,0.0,52.720000000000006,0.0,0.0,0.0,0.7,14.0,198.7,23314.0,44097.0,23.1,19.7,16.0,29.82,4.47,27.0,50.0,0.5,
2026-02-26T18:16:38,02/26/202606:16,128.99,0.0,0.0,52.7,0.0,0.0,0.0,0.7,14.0,198.7,23314.0,44097.0,23.2,19.619999999999997,16.1,29.82,4.483,27.2,46.3,0.48,
2026-02-26T18:17:01,02/26/202606:17,128.76000000000002,0.0,0.0,52.68000000000001,0.0,0.0,0.0,0.7,14.0,198.7,23314.0,44097.0,23.2,19.54,16.2,29.82,4.4959999999999996,27.4,42.6,0.45999999999999996,
2026-02-26T18:17:38,02/26/202606:17,128.49,0.0,0.0,52.67,0.0,0.0,0.0,0.7,14.0,198.7,23314.0,44097.0,23.2,19.46,16.3,29.82,4.5089999999999995,27.6,38.9,0.44000000000000006,
2026-02-26T18:18:01,02/26/202606:18,128.22,0.0,0.0,52.660000000000004,0.0,0.0,0.0,0.7,14.0,198.7,23314.0,44097.0,23.2,19.38,16.4,29.82,4.522,27.8,35.2,0.42000000000000004,
2026-02-26T18:18:39,02/26/202606:18,127.92,0.0,0.0,52.65,0.0,0.0,0.0,0.7,14.0,198.7,23314.0,44097.0,23.2,19.3,16.5,29.82,4.534999999999999,28.0,31.5,0.4,
2026-02-26T18:19:01,02/26/202606:19,127.62,0.0,0.0,52.64,0.0,0.0,0.0,0.7,14.0,198.7,23314.0,44097.0,23.2,19.22,16.6,29.82,4.548,28.2,27.8,0.38,
2026-02-26T18:19:38,02/26/202606:19,127.28,0.0,0.0,52.620000000000005,0.0,0.0,0.0,0.7,14.0,198.7,23314.0,44097.0,23.2,19.139999999999997,16.7,29.82,4.561,28.4,24.1,0.36,
2026-02-26T18:20:01,02/26/202606:20,126.94000000000001,0.0,0.0,52.6,0.0,0.0,0.0,0.7,14.0,198.7,23314.0,44097.0,23.2,19.06,16.8,29.82,4.574,28.6,20.4,0.33999999999999997,
2026-02-26T18:20:39,02/26/202606:20,126.55999999999999,0.0,0.0,52.589999999999996,0.0,0.0,0.0,0.7,14.0,198.7,23314.0,44097.0,23.2,18.979999999999997,16.9,29.82,4.587,28.8,16.7,0.31999999999999995,
2026-02-26T18:21:01,02/26/202606:21,126.17999999999999,0.0,0.0,52.58,0.0,0.0,0.0,0.7,14.0,198.7,23314.0,44097.0,23.2,18.9,17.0,29.82,4.6,29.0,13.0,0.3,
2026-02-26T18:21:16,02/26/202606:21,125.79,0.0,0.0,52.57000000000001,0.0,0.0,0.0,0.7,14.0,198.7,23314.0,44097.0,23.2,18.9,17.0,29.82,4.6,29.0,13.0,0.3,
2026-02-26T18:22:57,02/26/202606:22,125.28,0.0,0.0,52.56,0.0,0.0,0.0,0.7,14.0,198.7,23314.0,44097.0,23.2,18.9,17.0,29.82,4.6,29.0,13.0,0.3,
2026-02-26T18:23:01,02/26/202606:23,124.84,0.0,0.0,52.55,0.0,0.0,0.0,0.7,14.0,198.7,23314.0,44097.0,23.2,18.9,17.0,29.82,4.6,29.0,13.0,0.3,
2026-02-26T18:23:17,02/26/202606:23,124.29,0.0,0.0,52.529999999999994,0.0,0.0,0.0,0.7,14.0,198.7,23314.0,44097.0,23.2,18.9,17.0,29.82,4.6,29.0,13.0,0.3,
2026-02-26T18:24:00,02/26/202606:24,123.80999999999999,0.0,0.0,52.510000000000005,0.0,0.0,0.0,0.7,14.0,198.7,23314.0,44097.0,23.2,18.9,17.0,29.82,4.6,29.0,13.0,0.3,
2026-02-26T18:24:17,02/26/202606:24,123.22,0.0,0.0,52.5,0.0,0.0,0.5,0.7,14.0,198.7,23314.0,44097.0,23.2,18.9,17.0,29.82,4.6,29.0,13.0,0.3,
2026-02-26T18:25:00,02/26/202606:25,122.72,0.0,0.0,52.5,0.0,0.0,1.0,0.7,14.0,198.7,23314.0,44097.0,23.2,18.9,17.0,29.82,4.6,29.0,13.0,0.3,
2026-02-26T18:25:17,02/26/202606:25,122.10999999999999,0.0,0.0,52.489999999999995,0.0,0.0,1.0,0.7,14.0,198.7,23314.0,44097.0,23.2,18.9,17.0,29.82,4.6,29.0,13.0,0.3,
2026-02-26T18:26:00,02/26/202606:26,121.59,0.0,0.0,52.470000000000006,0.0,0.0,1.0,0.7,14.0,198.7,23314.0,44097.0,23.2,18.9,17.0,29.82,4.6,29.0,13.0,0.3,
2026-02-26T18:26:16,02/26/202606:26,119.32000000000001,0.0,0.0,52.45,0.0,0.0,1.0,0.7,14.0,198.7,23314.0,44097.0,23.2,18.9,17.0,29.82,4.6,29.0,13.0,0.3,
2026-02-26T18:27:00,02/26/202606:27,117.12,0.0,0.0,52.44,0.0,0.0,1.0,0.7,14.0,198.7,23314.0,44097.0,23.2,18.9,17.0,29.82,4.6,29.0,13.0,0.3,
2026-02-26T18:27:16,02/26/202606:27,116.52000000000001,0.0,0.0,52.42999999999999,0.0,0.0,1.0,0.7,14.0,198.7,23314.0,44097.0,23.2,18.9,17.0,29.82,4.6,29.0,13.0,0.3,
2026-02-26T18:28:00,02/26/202606:28,115.92,0.0,0.0,52.42,0.0,0.0,1.0,0.7,14.0,198.7,23314.0,44097.0,23.2,18.9,17.0,29.82,4.6,29.0,13.0,0.3,
2026-02-26T18:28:17,02/26/202606:28,112.89000000000001,0.0,0.0,52.410000000000004,0.0,0.0,1.0,0.7,14.0,198.7,23314.0,44097.0,23.2,18.9,17.0,29.82,4.6,29.0,13.0,0.3,
2026-02-26T18:29:00,02/26/202606:29,109.85999999999999,0.0,0.0,52.4,0.0,0.0,1.0,0.7,14.0,198.7,23314.0,44097.0,23.2,18.9,17.0,29.82,4.6,29.0,13.0,0.3,
2026-02-26T18:29:16,02/26/202606:29,109.08,0.0,0.0,52.39,0.0,0.0,0.5,0.7,14.0,198.7,23314.0,44097.0,23.2,18.869999999999997,17.0,29.82,4.662,30.1,13.0,0.3,
2026-02-26T18:30:00,02/26/202606:30,108.3,0.0,0.0,52.379999999999995,0.0,0.0,0.0,0.7,14.0,198.7,23314.0,44097.0,23.2,18.839999999999996,17.0,29.82,4.723999999999999,31.2,13.0,0.3,
2026-02-26T18:30:16,02/26/202606:30,105.0,0.0,0.0,52.36999999999999,0.0,0.0,0.0,0.7,14.0,198.7,23314.0,44097.0,23.2,18.81,17.0,29.82,4.705,33.2,13.0,0.3,
2026-02-26T18:31:00,02/26/202606:31,101.7,0.0,0.0,52.36,0.0,0.0,0.0,0.7,14.0,198.7,23314.0,44097.0,23.2,18.78,17.0,29.82,4.686,35.2,13.0,0.3,
2026-02-26T18:31:17,02/26/202606:31,100.66999999999999,0.0,0.0,52.35,0.0,0.0,0.0,0.7,14.0,198.7,23314.0,44097.0,23.2,18.68,17.1,29.82,4.723,37.7,11.7,0.29,
2026-02-26T18:34:08,02/26/202606:34,95.78999999999999,0.0,0.0,52.33,0.0,0.0,0.0,0.7,14.0,198.7,23314.0,44097.0,23.2,18.580000000000002,17.2,29.82,4.76,40.2,10.4,0.27999999999999997,
2026-02-26T18:35:00,02/26/202606:35,89.42999999999999,0.0,0.0,52.31,0.0,0.0,0.0,0.7,14.0,198.7,23314.0,44097.0,23.2,18.48,17.2,29.82,4.797,42.7,9.1,0.27,
2026-02-26T18:36:00,02/26/202606:36,83.07000000000001,0.0,0.0,52.29,0.0,0.0,0.0,0.7,14.0,198.7,23314.0,44097.0,23.2,18.380000000000003,17.2,29.82,4.834,45.2,7.8,0.26,
2026-02-26T18:37:01,02/26/202606:37,79.25,0.0,0.0,52.279999999999994,0.0,0.0,0.0,0.7,14.0,198.7,23314.0,44097.0,23.2,18.28,17.2,29.82,4.871,47.7,6.5,0.25,
2026-02-26T18:38:01,02/26/202606:38,75.42999999999999,0.0,0.0,52.27,0.0,0.0,0.0,0.7,14.0,198.7,23314.0,44097.0,23.2,18.18,17.2,29.82,4.9079999999999995,50.2,5.2,0.24,
2026-02-26T18:39:01,02/26/202606:39,69.47,0.0,0.0,52.25,0.0,0.0,0.0,0.7,14.0,198.7,23314.0,44097.0,23.2,18.11,17.2,29.82,4.883,51.6,3.9,0.22999999999999998,
2026-02-26T18:39:51,02/26/202606:39,63.23,0.0,0.0,52.23,0.0,0.0,0.0,0.7,14.0,198.7,23314.0,44097.0,23.2,18.04,17.2,29.82,4.858,53.0,2.6,0.22000000000000003,
2026-02-26T18:40:00,02/26/202606:40,59.620000000000005,0.0,0.0,52.220000000000006,0.0,0.0,0.0,0.7,14.0,198.7,23314.0,44097.0,23.2,17.97,17.2,29.82,4.914,53.5,1.3,0.21000000000000002,
2026-02-26T18:40:52,02/26/202606:40,55.35,0.0,0.0,52.2,0.0,0.0,0.0,0.7,14.0,198.7,23314.0,44097.0,23.2,17.9,17.2,29.82,4.97,54.0,0.0,0.2,
2026-02-26T18:41:00,02/26/202606:41,50.56,0.0,0.0,52.18000000000001,0.0,0.0,0.0,0.7,14.0,198.7,23314.0,44097.0,23.2,17.9,17.1,29.82,4.97,54.0,0.0,0.2,
2026-02-26T18:41:52,02/26/202606:41,49.11,0.0,0.0,52.17,0.0,0.0,0.0,0.7,14.0,198.7,23314.0,44097.0,23.2,17.9,17.0,29.82,4.97,54.0,0.0,0.2,
2026-02-26T18:42:01,02/26/202606:42,47.660000000000004,0.0,0.0,52.160000000000004,0.0,0.0,0.0,0.7,14.0,198.7,23314.0,44097.0,23.2,17.9,17.0,29.82,4.97,54.0,0.0,0.2,
2026-02-26T18:42:52,02/26/202606:42,45.79,0.0,0.0,52.15,0.0,0.0,0.0,0.7,14.0,198.7,23314.0,44097.0,23.2,17.9,17.0,29.82,4.97,54.0,0.0,0.2,
2026-02-26T18:43:00,02/26/202606:43,43.92,0.0,0.0,52.14,0.0,0.0,0.0,0.7,14.0,198.7,23314.0,44097.0,23.2,17.9,17.0,29.82,4.97,54.0,0.0,0.2,
2026-02-26T18:45:19,02/26/202606:45,41.519999999999996,0.0,0.0,52.13000000000001,0.0,0.0,0.0,0.7,14.0,198.7,23314.0,44097.0,23.2,17.9,17.0,29.82,4.97,54.0,0.0,0.2,
2026-02-26T18:45:52,02/26/202606:45,38.96,0.0,0.0,52.120000000000005,0.0,0.0,0.0,0.7,14.0,198.7,23314.0,44097.0,23.2,17.85,17.1,29.82,4.994999999999999,54.5,0.0,0.18,
2026-02-26T18:46:01,02/26/202606:46,36.68,0.0,0.0,52.11,0.0,0.0,0.0,0.7,14.0,198.7,23314.0,44097.0,23.2,17.8,17.2,29.82,5.02,55.0,0.0,0.16,
2026-02-26T18:46:52,02/26/202606:46,34.29,0.0,0.0,52.1,0.0,0.0,0.0,0.7,14.0,198.7,23314.0,44097.0,23.2,17.75,17.3,29.82,5.045,55.5,0.0,0.14,
2026-02-26T18:47:01,02/26/202606:47,32.56,0.0,0.0,52.1,0.0,0.0,0.0,0.7,14.0,198.7,23314.0,44097.0,23.2,17.7,17.4,29.82,5.069999999999999,56.0,0.0,0.12000000000000002,
2026-02-26T18:47:52,02/26/202606:47,30.73,0.0,0.0,52.1,0.0,0.0,0.0,0.7,14.0,198.7,23314.0,44097.0,23.2,17.65,17.5,29.82,5.095,56.5,0.0,0.1,
2026-02-26T18:48:01,02/26/202606:48,29.410000000000004,0.0,0.0,52.1,0.0,0.0,0.0,0.7,14.0,198.7,23314.0,44097.0,23.2,17.6,17.6,29.82,5.119999999999999,57.0,0.0,0.08,
2026-02-26T18:48:52,02/26/202606:48,28.02,0.0,0.0,52.1,0.0,0.0,0.0,0.7,14.0,198.7,23314.0,44097.0,23.2,17.55,17.7,29.82,5.145,57.5,0.0,0.06000000000000001,
2026-02-26T18:49:01,02/26/202606:49,27.05,0.0,0.0,52.1,0.0,0.0,0.0,0.7,14.0,198.7,23314.0,44097.0,23.2,17.5,17.8,29.82,5.17,58.0,0.0,0.04,
2026-02-26T18:49:52,02/26/202606:49,26.02,0.0,0.0,52.089999999999996,0.0,0.0,0.0,0.7,14.0,198.7,23314.0,44097.0,23.2,17.45,17.9,29.82,5.194999999999999,58.5,0.0,0.02,
2026-02-26T18:50:01,02/26/202606:50,25.52,0.0,0.0,52.08,0.0,0.0,0.0,0.7,14.0,198.7,23314.0,44097.0,23.2,17.4,18.0,29.82,5.22,59.0,0.0,0.0,
2026-02-26T18:50:52,02/26/202606:50,25.130000000000003,0.0,0.0,52.07000000000001,0.0,0.0,0.0,0.7,14.0,198.7,23314.0,44097.0,23.2,17.4,18.0,29.82,5.22,59.0,0.0,0.0,
2026-02-26T18:51:01,02/26/202606:51,24.740000000000002,0.0,0.0,52.06,0.0,0.0,0.0,0.7,14.0,198.7,23314.0,44097.0,23.2,17.4,18.0,29.82,5.22,59.0,0.0,0.0,
2026-02-26T18:52:41,02/26/202606:52,24.42,0.0,0.0,52.06,0.0,0.0,0.0,0.7,14.0,198.7,23314.0,44097.0,23.2,17.4,18.0,29.82,5.22,59.0,0.0,0.0,
2026-02-26T18:53:00,02/26/202606:53,24.1,0.0,0.0,52.06,0.0,0.0,0.0,0.7,14.0,198.7,23314.0,44097.0,23.2,17.4,18.0,29.82,5.22,59.0,0.0,0.0,
2026-02-26T18:53:41,02/26/202606:53,23.86,0.0,0.0,52.06,0.0,0.0,0.0,0.7,14.0,198.7,23314.0,44097.0,23.2,17.4,18.0,29.82,5.22,59.0,0.0,0.0,
2026-02-26T18:54:01,02/26/202606:54,23.619999999999997,0.0,0.0,52.06,0.0,0.0,0.0,0.7,14.0,198.7,23314.0,44097.0,23.2,17.4,18.0,29.82,5.22,59.0,0.0,0.0,
2026-02-26T18:55:01,02/26/202606:55,23.45,0.0,0.0,52.05,0.0,0.0,0.0,0.7,14.0,198.7,23314.0,44097.0,23.2,17.4,18.0,29.82,5.22,59.0,0.0,0.0,
2026-02-26T18:56:31,02/26/202606:56,23.259999999999998,0.0,0.0,52.05,0.0,0.0,0.0,0.7,14.0,198.7,23314.0,44097.0,23.2,17.4,18.0,29.82,5.22,59.0,0.0,0.0,
2026-02-26T18:57:01,02/26/202606:57,23.130000000000003,0.0,0.0,52.06,0.0,0.0,0.0,0.7,14.0,198.7,23314.0,44097.0,23.2,17.4,18.0,29.82,5.22,59.0,0.0,0.0,
2026-02-26T18:57:04,02/26/202606:57,22.990000000000002,0.0,0.0,52.06,0.0,0.0,0.0,0.7,14.0,198.7,23314.0,44097.0,23.2,17.4,18.0,29.82,5.22,59.0,0.0,0.0,
2026-02-26T18:58:01,02/26/202606:58,22.9,0.0,0.0,52.06,0.0,0.0,0.0,0.7,14.0,198.7,23314.0,44097.0,23.2,17.4,18.0,29.82,5.22,59.0,0.0,0.0,
2026-02-26T18:59:01,02/26/202606:59,22.81,0.0,0.0,52.07000000000001,0.0,0.0,0.0,0.7,14.0,198.7,23314.0,44097.0,23.2,17.4,18.0,29.82,5.22,59.0,0.0,0.0,
2026-02-26T19:00:01,02/26/202607:00,22.759999999999998,0.0,0.0,52.06,0.0,0.0,0.0,0.7,14.0,198.7,23314.0,44097.0,23.2,17.4,18.0,29.82,5.22,59.0,0.0,0.0,
2026-02-26T19:00:03,02/26/202607:00,22.7,0.0,0.0,52.05,0.0,0.0,0.0,0.7,14.0,198.7,23314.0,44097.0,23.2,17.4,18.0,29.82,5.22,59.0,0.0,0.0,
2026-02-26T19:01:21,02/26/202607:01,22.66,0.0,0.0,52.04,0.0,0.0,0.0,0.7,14.0,198.7,23314.0,44097.0,23.2,17.339999999999996,18.0,29.82,5.101999999999999,60.2,0.0,0.0,
2026-02-26T19:02:01,02/26/202607:02,22.619999999999997,0.0,0.0,52.029999999999994,0.0,0.0,0.0,0.7,14.0,198.7,23314.0,44097.0,23.2,17.279999999999998,18.0,29.82,4.984,61.4,0.0,0.0,
2026-02-26T19:03:01,02/26/202607:03,22.580000000000002,0.0,0.0,52.02,0.0,0.0,0.0,0.7,14.0,198.7,23314.0,44097.0,23.2,17.22,18.0,29.82,4.866,62.6,0.0,0.0,
2026-02-26T19:04:01,02/26/202607:04,22.56,0.0,0.0,52.010000000000005,0.0,0.0,0.0,0.7,14.0,198.7,23314.0,44097.0,23.2,17.16,18.0,29.82,4.747999999999999,63.8,0.0,0.0,
2026-02-26T19:04:21,02/26/202607:04,22.53,0.0,0.0,52.0,0.0,0.0,0.0,0.7,14.0,198.7,23314.0,44097.0,23.2,17.1,18.0,29.82,4.63,65.0,0.0,0.0,
2026-02-26T19:05:01,02/26/202607:05,22.509999999999998,0.0,0.0,52.0,0.0,0.0,0.0,0.7,14.0,198.7,23314.0,44097.0,23.2,17.04,18.0,29.82,4.512,66.2,0.0,0.0,
2026-02-26T19:06:01,02/26/202607:06,22.490000000000002,0.0,0.0,52.0,0.0,0.0,0.0,0.7,14.0,198.7,23314.0,44097.0,23.2,16.98,18.0,29.82,4.394,67.4,0.0,0.0,
2026-02-26T19:07:41,02/26/202607:07,22.47,0.0,0.0,51.989999999999995,0.0,0.0,0.0,0.7,14.0,198.7,23314.0,44097.0,23.2,16.919999999999998,18.0,29.82,4.276,68.6,0.0,0.0,
2026-02-26T19:08:00,02/26/202607:08,22.45,0.0,0.0,51.989999999999995,0.0,0.0,0.0,0.7,14.0,198.7,23314.0,44097.0,23.2,16.86,18.0,29.82,4.1579999999999995,69.8,0.0,0.0,
2026-02-26T19:09:00,02/26/202607:09,22.439999999999998,0.0,0.0,51.98,0.0,0.0,0.0,0.7,14.0,198.7,23314.0,44097.0,23.2,16.8,18.0,29.82,4.04,71.0,0.0,0.0,
2026-02-26T19:10:00,02/26/202607:10,22.43,0.0,0.0,51.98,0.0,0.0,0.0,0.7,14.0,198.7,23314.0,44097.0,23.2,16.8,18.0,29.82,4.04,71.0,0.0,0.0,
2026-02-26T19:11:00,02/26/202607:11,22.419999999999998,0.0,0.0,51.98,0.0,0.0,0.0,0.7,14.0,198.7,23314.0,44097.0,23.2,16.8,18.0,29.82,4.04,71.0,0.0,0.0,
2026-02-26T19:12:00,02/26/202607:12,22.41,0.0,0.0,51.98,0.0,0.0,0.0,0.7,14.0,198.7,23314.0,44097.0,23.2,16.8,18.0,29.82,4.04,71.0,0.0,0.0,
2026-02-26T19:12:22,02/26/202607:12,22.389999999999997,0.0,0.0,51.98,0.0,0.0,0.0,0.7,14.0,198.7,23314.0,44097.0,23.2,16.8,18.0,29.82,4.04,71.0,0.0,0.0,
2026-02-26T19:13:00,02/26/202607:13,22.38,0.0,0.0,51.98,0.0,0.0,0.0,0.7,14.0,198.7,23314.0,44097.0,23.2,16.8,18.0,29.82,4.04,71.0,0.0,0.0,
2026-02-26T19:14:00,02/26/202607:14,22.369999999999997,0.0,0.0,51.98,0.0,0.0,0.0,0.7,14.0,198.7,23314.0,44097.0,23.2,16.8,18.0,29.82,4.04,71.0,0.0,0.0,
2026-02-26T19:14:01,02/26/202607:14,22.369999999999997,0.0,0.0,51.970000000000006,0.0,0.0,0.0,0.7,14.0,198.7,23314.0,44097.0,23.2,16.8,18.0,29.82,4.04,71.0,0.0,0.0,
2026-02-26T19:15:00,02/26/202607:15,22.369999999999997,0.0,0.0,51.96,0.0,0.0,0.0,0.7,14.0,198.7,23314.0,44097.0,23.2,16.8,18.0,29.82,4.04,71.0,0.0,0.0,
2026-02-26T19:15:01,02/26/202607:15,22.36,0.0,0.0,51.96,0.0,0.0,0.0,0.7,14.0,198.7,23314.0,44097.0,23.2,16.8,18.0,29.82,4.04,71.0,0.0,0.0,
2026-02-26T19:15:15,02/26/202607:15,22.36,0.0,0.0,51.970000000000006,0.0,0.0,0.0,0.7,14.0,198.7,23314.0,44097.0,23.2,16.8,18.0,29.82,4.04,71.0,0.0,0.0,
2026-02-26T19:16:01,02/26/202607:16,22.36,0.0,0.0,51.970000000000006,0.0,0.0,0.0,0.7,14.0,198.7,23314.0,44097.0,23.2,16.8,18.0,29.82,4.04,71.0,0.0,0.0,
2026-02-26T19:17:00,02/26/202607:17,22.36,0.0,0.0,51.970000000000006,0.0,0.0,0.0,0.7,14.0,198.7,23314.0,44097.0,23.2,16.759999999999998,18.0,29.823,4.015,72.6,0.0,0.0,
2026-02-26T19:18:52,02/26/202607:18,22.36,0.0,0.0,51.970000000000006,0.0,0.0,0.0,0.7,14.0,198.7,23314.0,44097.0,23.2,16.72,18.0,29.826,3.9899999999999998,74.2,0.0,0.0,
2026-02-26T19:19:01,02/26/202607:19,22.369999999999997,0.0,0.0,51.96,0.0,0.0,0.0,0.7,14.0,198.7,23314.0,44097.0,23.2,16.68,18.0,29.829,3.965,75.8,0.0,0.0,
2026-02-26T19:20:01,02/26/202607:20,22.38,0.0,0.0,51.96,0.0,0.0,0.0,0.7,14.0,198.7,23314.0,44097.0,23.2,16.669999999999998,18.0,29.832,3.94,77.4,0.0,0.0,
2026-02-26T19:21:01,02/26/202607:21,22.389999999999997,0.0,0.0,51.95,0.0,0.0,0.0,0.7,14.0,198.7,23314.0,44097.0,23.2,16.66,18.0,29.835,3.915,79.0,0.0,0.0,
2026-02-26T19:22:01,02/26/202607:22,22.389999999999997,0.0,0.0,51.95,0.0,0.0,0.0,0.7,14.0,198.7,23314.0,44097.0,23.2,16.65,18.0,29.838,3.94,78.1,0.0,0.0,
2026-02-26T19:23:01,02/26/202607:23,22.389999999999997,0.0,0.0,51.95,0.0,0.0,0.0,0.7,14.0,198.7,23314.0,44097.0,23.2,16.64,18.0,29.841,3.9829999999999997,77.3,0.0,0.0,
2026-02-26T19:24:01,02/26/202607:24,22.4,0.0,0.0,51.94,0.0,0.0,0.0,0.7,14.0,198.7,23314.0,44097.0,23.2,16.63,18.0,29.844,4.026,76.5,0.0,0.0,
2026-02-26T19:25:00,02/26/202607:25,22.4,0.0,0.0,51.92999999999999,0.0,0.0,0.0,0.7,14.0,198.7,23314.0,44097.0,23.2,16.619999999999997,18.0,29.847,4.069,75.7,0.0,0.0,
2026-02-26T19:26:00,02/26/202607:26,22.4,0.0,0.0,51.92,0.0,0.0,0.0,0.7,14.0,198.7,23314.0,44097.0,23.2,16.61,18.0,29.85,4.112,74.9,0.0,0.0,
2026-02-26T19:27:01,02/26/202607:27,22.4,0.0,0.0,51.910000000000004,0.0,0.0,0.0,0.7,14.0,198.7,23314.0,44097.0,23.2,16.639999999999997,18.0,29.85,4.18,72.5,0.0,0.0,
2026-02-26T19:28:01,02/26/202607:28,22.4,0.0,0.0,51.910000000000004,0.0,0.0,0.0,0.7,14.0,198.7,23314.0,44097.0,23.2,16.669999999999998,18.0,29.85,4.247999999999999,70.1,0.0,0.0,
2026-02-26T19:30:03,02/26/202607:30,22.4,0.0,0.0,51.910000000000004,0.0,0.0,0.0,0.7,14.0,198.7,23314.0,44097.0,23.2,16.7,18.0,29.85,4.316,67.7,0.0,0.0,
2026-02-26T19:31:01,02/26/202607:31,22.4,0.0,0.0,51.89,0.0,0.0,0.0,0.7,14.0,198.7,23314.0,44097.0,23.2,16.7,18.0,29.85,4.3839999999999995,65.3,0.0,0.0,
2026-02-26T19:32:00,02/26/202607:32,22.4,0.0,0.0,51.89,0.0,0.0,0.0,0.7,14.0,198.7,23314.0,44097.0,23.2,16.669999999999998,18.1,29.85,4.539,64.1,0.0,0.0,
2026-02-26T19:32:01,02/26/202607:32,22.41,0.0,0.0,51.89,0.0,0.0,0.0,0.7,14.0,198.7,23314.0,44097.0,23.2,16.639999999999997,18.2,29.85,4.644,65.4,0.0,0.0,
2026-02-26T19:33:01,02/26/202607:33,22.419999999999998,0.0,0.0,51.89,0.0,0.0,0.0,0.7,14.0,198.7,23314.0,44097.0,23.2,16.61,18.3,29.85,4.731,66.6,0.0,0.0,
2026-02-26T19:34:01,02/26/202607:34,22.43,0.0,0.0,51.89,0.0,0.0,0.0,0.7,14.0,198.7,23314.0,44097.0,23.2,16.58,18.4,29.85,4.818,67.8,0.0,0.0,
2026-02-26T19:35:01,02/26/202607:35,22.439999999999998,0.0,0.0,51.9,0.0,0.0,0.0,0.7,14.0,198.7,23314.0,44097.0,23.2,16.55,18.5,29.85,4.904999999999999,69.0,0.0,0.0,
2026-02-26T19:35:02,02/26/202607:35,22.439999999999998,0.0,0.0,51.9,0.0,0.0,0.0,0.7,14.0,198.7,23314.0,44097.0,23.2,16.52,18.6,29.85,4.992,70.2,0.0,0.0,
2026-02-26T19:36:01,02/26/202607:36,22.439999999999998,0.0,0.0,51.9,0.0,0.0,0.0,0.7,14.0,198.7,23314.0,44097.0,23.2,16.49,18.7,29.85,5.079,71.4,0.0,0.0,
2026-02-26T19:37:01,02/26/202607:37,22.439999999999998,0.0,0.0,51.9,0.0,0.0,0.0,0.7,14.0,198.7,23314.0,44097.0,23.2,16.46,18.8,29.85,5.1659999999999995,72.6,0.0,0.0,
2026-02-26T19:37:02,02/26/202607:37,22.45,0.0,0.0,51.9,0.0,0.0,0.0,0.7,14.0,198.7,23314.0,44097.0,23.2,16.43,18.9,29.85,5.253,73.8,0.0,0.0,
2026-02-26T19:38:01,02/26/202607:38,22.46,0.0,0.0,51.910000000000004,0.0,0.0,0.0,0.7,14.0,198.7,23314.0,44097.0,23.2,16.4,19.0,29.85,5.34,75.0,0.0,0.0,
2026-02-26T19:39:00,02/26/202607:39,22.47,0.0,0.0,51.9,0.0,0.0,0.0,0.7,14.0,198.7,23314.0,44097.0,23.2,16.4,19.0,29.85,5.34,75.0,0.0,0.0,
2026-02-26T19:41:16,02/26/202607:41,22.47,0.0,0.0,51.9,0.0,0.0,0.0,0.7,14.0,198.7,23314.0,44097.0,23.2,16.4,19.0,29.85,5.34,75.0,0.0,0.0,
2026-02-26T19:42:00,02/26/202607:42,22.47,0.0,0.0,51.9,0.0,0.0,0.0,0.7,14.0,198.7,23314.0,44097.0,23.2,16.4,19.0,29.85,5.34,75.0,0.0,0.0,
2026-02-26T19:43:00,02/26/202607:43,22.47,0.0,0.0,51.9,0.0,0.0,0.0,0.7,14.0,198.7,23314.0,44097.0,23.2,16.4,19.0,29.85,5.34,75.0,0.0,0.0,
2026-02-26T19:44:00,02/26/202607:44,22.47,0.0,0.0,51.89,0.0,0.0,0.0,0.7,14.0,198.7,23314.0,44097.0,23.2,16.4,19.0,29.85,5.34,75.0,0.0,0.0,
2026-02-26T19:45:00,02/26/202607:45,22.48,0.0,0.0,51.879999999999995,0.0,0.0,0.0,0.7,14.0,198.7,23314.0,44097.0,23.2,16.4,19.0,29.85,5.34,75.0,0.0,0.0,
2026-02-26T19:46:01,02/26/202607:46,22.490000000000002,0.0,0.0,51.879999999999995,0.0,0.0,0.0,0.7,14.0,198.7,23314.0,44097.0,23.2,16.4,19.0,29.85,5.34,75.0,0.0,0.0,
2026-02-26T19:47:00,02/26/202607:47,22.5,0.0,0.0,51.879999999999995,0.0,0.0,0.0,0.7,14.0,198.7,23314.0,44097.0,23.2,16.35,19.0,29.85,5.378,75.4,0.0,0.0,
2026-02-26T19:47:45,02/26/202607:47,22.490000000000002,0.0,0.0,51.879999999999995,0.0,0.0,0.0,0.7,14.0,198.7,23314.0,44097.0,23.2,16.3,19.0,29.85,5.4159999999999995,75.8,0.0,0.0,
2026-02-26T19:48:00,02/26/202607:48,22.48,0.0,0.0,51.879999999999995,0.0,0.0,0.0,0.7,14.0,198.7,23314.0,44097.0,23.2,16.25,19.0,29.85,5.454,76.2,0.0,0.0,
2026-02-26T19:48:46,02/26/202607:48,22.48,0.0,0.0,51.89,0.0,0.0,0.0,0.7,14.0,198.7,23314.0,44097.0,23.2,16.2,19.0,29.85,5.492,76.6,0.0,0.0,
2026-02-26T19:49:00,02/26/202607:49,22.48,0.0,0.0,51.89,0.0,0.0,0.0,0.7,14.0,198.7,23314.0,44097.0,23.2,16.15,19.0,29.85,5.529999999999999,77.0,0.0,0.0,
2026-02-26T19:50:00,02/26/202607:50,22.48,0.0,0.0,51.89,0.0,0.0,0.0,0.7,14.0,198.7,23314.0,44097.0,23.2,16.1,19.0,29.85,5.568,77.4,0.0,0.0,
2026-02-26T19:50:46,02/26/202607:50,22.47,0.0,0.0,51.89,0.0,0.0,0.0,0.7,14.0,198.7,23314.0,44097.0,23.2,16.05,19.0,29.85,5.606,77.8,0.0,0.0,
2026-02-26T19:52:28,02/26/202607:52,22.47,0.0,0.0,51.89,0.0,0.0,0.0,0.7,14.0,198.7,23314.0,44097.0,23.2,16.0,19.0,29.85,5.644,78.2,0.0,0.0,
2026-02-26T19:53:00,02/26/202607:53,22.47,0.0,0.0,51.9,0.0,0.0,0.0,0.7,14.0,198.7,23314.0,44097.0,23.2,15.95,19.0,29.85,5.682,78.6,0.0,0.0,
2026-02-26T19:54:00,02/26/202607:54,22.47,0.0,0.0,51.9,0.0,0.0,0.0,0.7,14.0,198.7,23314.0,44097.0,23.2,15.9,19.0,29.85,5.72,79.0,0.0,0.0,
2026-02-26T19:54:46,02/26/202607:54,22.46,0.0,0.0,51.9,0.0,0.0,0.0,0.7,14.0,198.7,23314.0,44097.0,23.2,15.9,19.0,29.85,5.72,79.0,0.0,0.0,
2026-02-26T19:55:01,02/26/202607:55,22.46,0.0,0.0,51.9,0.0,0.0,0.0,0.7,14.0,198.7,23314.0,44097.0,23.2,15.9,19.0,29.85,5.72,79.0,0.0,0.0,
2026-02-26T19:56:00,02/26/202607:56,22.46,0.0,0.0,51.89,0.0,0.0,0.0,0.7,14.0,198.7,23314.0,44097.0,23.2,15.9,19.0,29.85,5.72,79.0,0.0,0.0,
2026-02-26T19:56:46,02/26/202607:56,22.46,0.0,0.0,51.89,0.0,0.0,0.0,0.7,14.0,198.7,23314.0,44097.0,23.2,15.9,19.1,29.85,5.72,79.0,0.0,0.0,
2026-02-26T19:57:01,02/26/202607:57,22.46,0.0,0.0,51.89,0.0,0.0,0.0,0.7,14.0,198.7,23314.0,44097.0,23.2,15.9,19.2,29.85,5.72,79.0,0.0,0.0,
2026-02-26T19:58:00,02/26/202607:58,22.46,0.0,0.0,51.89,0.0,0.0,0.0,0.7,14.0,198.7,23314.0,44097.0,23.2,15.9,19.3,29.85,5.72,79.0,0.0,0.0,
2026-02-26T19:59:00,02/26/202607:59,22.47,0.0,0.0,51.89,0.0,0.0,0.0,0.7,14.0,198.7,23314.0,44097.0,23.2,15.9,19.4,29.85,5.72,79.0,0.0,0.0,
2026-02-26T20:00:00,02/26/202608:00,22.47,0.0,0.0,51.89,0.0,0.0,0.0,0.7,14.0,198.7,23314.0,44097.0,23.2,15.9,19.5,29.85,5.72,79.0,0.0,0.0,
2026-02-26T20:00:43,02/26/202608:00,22.46,0.0,0.0,51.89,0.0,0.0,0.0,0.7,14.0,198.7,23314.0,44097.0,23.2,15.86,19.6,29.85,5.7379999999999995,79.0,0.0,0.0,
2026-02-26T20:01:00,02/26/202608:01,22.45,0.0,0.0,51.89,0.0,0.0,0.0,0.7,14.0,198.7,23314.0,44097.0,23.2,15.819999999999999,19.7,29.85,5.756,79.0,0.0,0.0,
2026-02-26T20:01:43,02/26/202608:01,22.46,0.0,0.0,51.89,0.0,0.0,0.0,0.7,14.0,198.7,23314.0,44097.0,23.2,15.780000000000001,19.8,29.85,5.774,79.0,0.0,0.0,
2026-02-26T20:02:01,02/26/202608:02,22.47,0.0,0.0,51.89,0.0,0.0,0.0,0.7,14.0,198.7,23314.0,44097.0,23.2,15.74,19.9,29.85,5.792,79.0,0.0,0.0,
2026-02-26T20:03:37,02/26/202608:03,22.48,0.0,0.0,51.9,0.0,0.0,0.0,0.7,14.0,198.7,23314.0,44097.0,23.2,15.7,20.0,29.85,5.8100000000000005,79.0,0.0,0.0,
2026-02-26T20:04:00,02/26/202608:04,22.48,0.0,0.0,51.9,0.0,0.0,0.0,0.7,14.0,198.7,23314.0,44097.0,23.2,15.66,20.0,29.85,5.828,79.0,0.0,0.0,
2026-02-26T20:05:01,02/26/202608:05,22.48,0.0,0.0,51.9,0.0,0.0,0.0,0.7,14.0,198.7,23314.0,44097.0,23.2,15.62,20.0,29.85,5.846,79.0,0.0,0.0,
2026-02-26T20:06:00,02/26/202608:06,22.48,0.0,0.0,51.9,0.0,0.0,0.0,0.7,14.0,198.7,23314.0,44097.0,23.2,15.580000000000002,20.0,29.85,5.864,79.0,0.0,0.0,
2026-02-26T20:06:27,02/26/202608:06,22.47,0.0,0.0,51.9,0.0,0.0,0.0,0.7,14.0,198.7,23314.0,44097.0,23.2,15.540000000000001,20.0,29.85,5.882,79.0,0.0,0.0,
2026-02-26T20:07:00,02/26/202608:07,22.46,0.0,0.0,51.9,0.0,0.0,0.0,0.7,14.0,198.7,23314.0,44097.0,23.2,15.5,20.0,29.85,5.9,79.0,0.0,0.0,
2026-02-26T20:08:00,02/26/202608:08,22.46,0.0,0.0,51.9,0.0,0.0,0.0,0.7,14.0,198.7,23314.0,44097.0,23.2,15.5,20.0,29.85,5.9,79.0,0.0,0.0,
2026-02-26T20:08:26,02/26/202608:08,22.47,0.0,0.0,51.89,0.0,0.0,0.0,0.7,14.0,198.7,23314.0,44097.0,23.2,15.5,20.0,29.85,5.9,79.0,0.0,0.0,
2026-02-26T20:09:00,02/26/202608:09,22.47,0.0,0.0,51.879999999999995,0.0,0.0,0.0,0.7,14.0,198.7,23314.0,44097.0,23.2,15.5,20.0,29.85,5.9,79.0,0.0,0.0,
2026-02-26T20:09:26,02/26/202608:09,22.46,0.0,0.0,51.86999999999999,0.0,0.0,0.0,0.7,14.0,198.7,23314.0,44097.0,23.2,15.5,20.0,29.85,5.9,79.0,0.0,0.0,
2026-02-26T20:10:01,02/26/202608:10,22.45,0.0,0.0,51.86,0.0,0.0,0.0,0.7,14.0,198.7,23314.0,44097.0,23.2,15.5,20.0,29.85,5.9,79.0,0.0,0.0,
2026-02-26T20:11:00,02/26/202608:11,22.439999999999998,0.0,0.0,51.86,0.0,0.0,0.0,0.7,14.0,198.7,23314.0,44097.0,23.2,15.5,20.0,29.85,5.9,79.0,0.0,0.0,
2026-02-26T20:12:00,02/26/202608:12,22.43,0.0,0.0,51.85,0.0,0.0,0.0,0.7,14.0,198.7,23314.0,44097.0,23.2,15.5,20.0,29.85,5.9,79.0,0.0,0.0,
2026-02-26T20:12:27,02/26/202608:12,22.43,0.0,0.0,51.85,0.0,0.0,0.0,0.7,14.0,198.7,23314.0,44097.0,23.2,15.5,20.0,29.85,5.9,79.0,0.0,0.0,
2026-02-26T20:13:00,02/26/202608:13,22.439999999999998,0.0,0.0,51.85,0.0,0.0,0.0,0.7,14.0,198.7,23314.0,44097.0,23.2,15.5,20.0,29.85,5.9,79.0,0.0,0.0,
2026-02-26T20:14:48,02/26/202608:14,22.439999999999998,0.0,0.0,51.85,0.0,0.0,0.0,0.7,14.0,198.7,23314.0,44097.0,23.2,15.5,20.0,29.85,5.9,79.0,0.0,0.0,
2026-02-26T20:15:01,02/26/202608:15,22.439999999999998,0.0,0.0,51.85,0.0,0.0,0.0,0.7,14.0,198.7,23314.0,44097.0,23.2,15.5,20.0,29.85,5.9,79.0,0.0,0.0,
2026-02-26T20:16:00,02/26/202608:16,22.43,0.0,0.0,51.85,0.0,0.0,0.0,0.7,14.0,198.7,23314.0,44097.0,23.2,15.45,20.1,29.85,5.888,78.5,0.0,0.0,
2026-02-26T20:17:01,02/26/202608:17,22.419999999999998,0.0,0.0,51.86,0.0,0.0,0.0,0.7,14.0,198.7,23314.0,44097.0,23.2,15.4,20.2,29.85,5.876,78.0,0.0,0.0,
2026-02-26T20:18:01,02/26/202608:18,22.419999999999998,0.0,0.0,51.86999999999999,0.0,0.0,0.0,0.7,14.0,198.7,23314.0,44097.0,23.2,15.35,20.3,29.85,5.864,77.5,0.0,0.0,
2026-02-26T20:19:00,02/26/202608:19,22.419999999999998,0.0,0.0,51.86999999999999,0.0,0.0,0.0,0.7,14.0,198.7,23314.0,44097.0,23.2,15.3,20.4,29.85,5.852,77.0,0.0,0.0,
2026-02-26T20:20:01,02/26/202608:20,22.419999999999998,0.0,0.0,51.86,0.0,0.0,0.0,0.7,14.0,198.7,23314.0,44097.0,23.2,15.25,20.5,29.85,5.840000000000001,76.5,0.0,0.0,
2026-02-26T20:21:01,02/26/202608:21,22.419999999999998,0.0,0.0,51.86,0.0,0.0,0.0,0.7,14.0,198.7,23314.0,44097.0,23.2,15.2,20.6,29.85,5.828,76.0,0.0,0.0,
2026-02-26T20:22:00,02/26/202608:22,22.41,0.0,0.0,51.86,0.0,0.0,0.0,0.7,14.0,198.7,23314.0,44097.0,23.2,15.15,20.7,29.85,5.816000000000001,75.5,0.0,0.0,
2026-02-26T20:23:00,02/26/202608:23,22.4,0.0,0.0,51.86,0.0,0.0,0.0,0.7,14.0,198.7,23314.0,44097.0,23.2,15.1,20.8,29.85,5.804,75.0,0.0,0.0,
2026-02-26T20:24:01,02/26/202608:24,22.4,0.0,0.0,51.86,0.0,0.0,0.0,0.7,14.0,198.7,23314.0,44097.0,23.2,15.05,20.9,29.85,5.792,74.5,0.0,0.0,
2026-02-26T20:25:59,02/26/202608:25,22.4,0.0,0.0,51.85,0.0,0.0,0.0,0.7,14.0,198.7,23314.0,44097.0,23.2,15.0,21.0,29.85,5.78,74.0,0.0,0.0,
2026-02-26T20:26:01,02/26/202608:26,22.4,0.0,0.0,51.85,0.0,0.0,0.0,0.7,14.0,198.7,23314.0,44097.0,23.2,15.0,21.0,29.85,5.78,74.0,0.0,0.0,
2026-02-26T20:27:01,02/26/202608:27,22.4,0.0,0.0,51.839999999999996,0.0,0.0,0.0,0.7,14.0,198.7,23314.0,44097.0,23.2,15.0,21.0,29.85,5.78,74.0,0.0,0.0,
2026-02-26T20:28:01,02/26/202608:28,22.4,0.0,0.0,51.839999999999996,0.0,0.0,0.0,0.7,14.0,198.7,23314.0,44097.0,23.2,15.0,21.0,29.85,5.78,74.0,0.0,0.0,
2026-02-26T20:29:01,02/26/202608:29,22.4,0.0,0.0,51.839999999999996,0.0,0.0,0.0,0.7,14.0,198.7,23314.0,44097.0,23.2,15.0,21.0,29.85,5.78,74.0,0.0,0.0,
2026-02-26T20:30:00,02/26/202608:30,22.4,0.0,0.0,51.85,0.0,0.0,0.0,0.7,14.0,198.7,23314.0,44097.0,23.2,15.0,21.0,29.85,5.78,74.0,0.0,0.0,
2026-02-26T20:31:01,02/26/202608:31,22.4,0.0,0.0,51.86,0.0,0.0,0.0,0.7,14.0,198.7,23314.0,44097.0,23.2,14.809999999999999,21.0,29.85,5.531000000000001,72.8,0.0,0.0,
2026-02-26T20:32:00,02/26/202608:32,22.4,0.0,0.0,51.86,0.0,0.0,0.0,0.7,14.0,198.7,23314.0,44097.0,23.2,14.62,21.0,29.85,5.282,71.6,0.0,0.0,
2026-02-26T20:33:00,02/26/202608:33,22.4,0.0,0.0,51.85,0.0,0.0,0.0,0.7,14.0,198.7,23314.0,44097.0,23.2,14.430000000000001,21.0,29.85,5.0329999999999995,70.4,0.0,0.0,
2026-02-26T20:34:00,02/26/202608:34,22.4,0.0,0.0,51.85,0.0,0.0,0.0,0.7,14.0,198.7,23314.0,44097.0,23.2,14.24,21.0,29.85,4.784000000000001,69.2,0.0,0.0,
2026-02-26T20:35:26,02/26/202608:35,22.4,0.0,0.0,51.85,0.0,0.0,0.0,0.7,14.0,198.7,23314.0,44097.0,23.2,14.05,21.4,29.853,4.535,68.0,0.0,0.0,
2026-02-26T20:37:10,02/26/202608:37,22.4,0.0,0.0,51.86,0.0,0.0,0.0,0.7,14.0,198.7,23314.0,44097.0,23.2,13.86,21.8,29.856,4.286,66.8,0.0,0.0,
2026-02-26T20:38:37,02/26/202608:38,22.4,0.0,0.0,51.86999999999999,0.0,0.0,0.0,0.7,14.0,198.7,23314.0,44097.0,23.2,13.669999999999998,22.2,29.859,4.037000000000001,65.6,0.0,0.0,
2026-02-26T20:39:01,02/26/202608:39,22.4,0.0,0.0,51.86,0.0,0.0,0.0,0.7,14.0,198.7,23314.0,44097.0,23.2,13.48,22.6,29.862000000000002,3.7880000000000003,64.4,0.0,0.0,
2026-02-26T20:40:00,02/26/202608:40,22.4,0.0,0.0,51.86,0.0,0.0,0.0,0.7,14.0,198.7,23314.0,44097.0,23.2,13.290000000000001,23.0,29.865,3.539,63.2,0.0,0.0,
2026-02-26T20:41:01,02/26/202608:41,22.4,0.0,0.0,51.85,0.0,0.0,0.0,0.7,14.0,198.7,23314.0,44097.0,23.2,13.1,23.4,29.868000000000002,3.29,62.0,0.0,0.0,
2026-02-26T20:42:01,02/26/202608:42,22.4,0.0,0.0,51.839999999999996,0.0,0.0,0.0,0.7,14.0,198.7,23314.0,44097.0,23.2,13.1,23.8,29.871,3.29,62.0,0.0,0.0,
2026-02-26T20:43:01,02/26/202608:43,22.4,0.0,0.0,51.839999999999996,0.0,0.0,0.0,0.7,14.0,198.7,23314.0,44097.0,23.2,13.1,24.2,29.874000000000002,3.29,62.0,0.0,0.0,
2026-02-26T20:44:00,02/26/202608:44,22.4,0.0,0.0,51.85,0.0,0.0,0.0,0.7,14.0,198.7,23314.0,44097.0,23.2,13.1,24.6,29.877,3.29,62.0,0.0,0.0,
2026-02-26T20:45:01,02/26/202608:45,22.4,0.0,0.0,51.839999999999996,0.0,0.0,0.0,0.7,14.0,198.7,23314.0,44097.0,23.2,13.1,25.0,29.880000000000003,3.29,62.0,0.0,0.0,
2026-02-26T20:46:01,02/26/202608:46,22.4,0.0,0.0,51.85,0.0,0.0,0.0,0.7,14.0,198.7,23314.0,44097.0,23.2,13.05,25.1,29.880000000000003,3.2649999999999997,63.1,0.0,0.0,
2026-02-26T20:48:21,02/26/202608:48,22.4,0.0,0.0,51.85,0.0,0.0,0.0,0.7,14.0,198.7,23314.0,44097.0,23.2,13.0,25.2,29.880000000000003,3.2399999999999998,64.2,0.0,0.0,
2026-02-26T20:49:01,02/26/202608:49,22.4,0.0,0.0,51.85,0.0,0.0,0.0,0.7,14.0,198.7,23314.0,44097.0,23.2,12.95,25.3,29.880000000000003,3.215,65.3,0.0,0.0,
2026-02-26T20:50:01,02/26/202608:50,22.4,0.0,0.0,51.85,0.0,0.0,0.0,0.7,14.0,198.7,23314.0,44097.0,23.2,12.9,25.4,29.880000000000003,3.19,66.4,0.0,0.0,
2026-02-26T20:51:01,02/26/202608:51,22.4,0.0,0.0,51.85,0.0,0.0,0.0,0.7,14.0,198.7,23314.0,44097.0,23.2,12.85,25.5,29.880000000000003,3.165,67.5,0.0,0.0,
2026-02-26T20:52:00,02/26/202608:52,22.4,0.0,0.0,51.85,0.0,0.0,0.0,0.7,14.0,198.7,23314.0,44097.0,23.2,12.8,25.6,29.880000000000003,3.1399999999999997,68.6,0.0,0.0,
2026-02-26T20:53:01,02/26/202608:53,22.4,0.0,0.0,51.85,0.0,0.0,0.0,0.7,14.0,198.7,23314.0,44097.0,23.2,12.75,25.7,29.880000000000003,3.1149999999999998,69.7,0.0,0.0,
2026-02-26T20:54:01,02/26/202608:54,22.4,0.0,0.0,51.85,0.0,0.0,0.0,0.7,14.0,198.7,23314.0,44097.0,23.2,12.7,25.8,29.880000000000003,3.09,70.8,0.0,0.0,
2026-02-26T20:55:01,02/26/202608:55,22.4,0.0,0.0,51.85,0.0,0.0,0.0,0.7,14.0,198.7,23314.0,44097.0,23.2,12.65,25.9,29.880000000000003,3.065,71.9,0.0,0.0,
2026-02-26T20:56:01,02/26/202608:56,22.4,0.0,0.0,51.85,0.0,0.0,0.0,0.7,14.0,198.7,23314.0,44097.0,23.2,12.6,26.0,29.880000000000003,3.04,73.0,0.0,0.0,
2026-02-26T20:57:01,02/26/202608:57,22.4,0.0,0.0,51.839999999999996,0.0,0.0,0.0,0.7,14.0,198.7,23314.0,44097.0,23.2,12.6,26.0,29.880000000000003,3.04,73.0,0.0,0.0,
2026-02-26T20:59:34,02/26/202608:59,22.4,0.0,0.0,51.839999999999996,0.0,0.0,0.0,0.7,14.0,198.7,23314.0,44097.0,23.2,12.6,26.0,29.880000000000003,3.04,73.0,0.0,0.0,
2026-02-26T21:00:00,02/26/202609:00,22.4,0.0,0.0,51.83,0.0,0.0,0.0,0.7,14.0,198.7,23314.0,44097.0,23.2,12.6,26.0,29.880000000000003,3.04,73.0,0.0,0.0,
2026-02-26T21:01:31,02/26/202609:01,22.4,0.0,0.0,51.83,0.0,0.0,0.0,0.7,14.0,198.7,23314.0,44097.0,23.2,12.57,26.0,29.880000000000003,2.9850000000000003,75.2,0.0,0.0,
2026-02-26T21:02:00,02/26/202609:02,22.4,0.0,0.0,51.83,0.0,0.0,0.0,0.7,14.0,198.7,23314.0,44097.0,23.2,12.540000000000001,26.0,29.880000000000003,2.93,77.4,0.0,0.0,
2026-02-26T21:03:00,02/26/202609:03,22.4,0.0,0.0,51.83,0.0,0.0,0.0,0.7,14.0,198.7,23314.0,44097.0,23.2,12.51,26.0,29.880000000000003,2.875,79.6,0.0,0.0,
2026-02-26T21:04:01,02/26/202609:04,22.4,0.0,0.0,51.83,0.0,0.0,0.0,0.7,14.0,198.7,23314.0,44097.0,23.2,12.48,26.0,29.880000000000003,2.8200000000000003,81.8,0.0,0.0,
2026-02-26T21:05:01,02/26/202609:05,22.4,0.0,0.0,51.81999999999999,0.0,0.0,0.0,0.7,14.0,198.7,23314.0,44097.0,23.2,12.45,26.0,29.880000000000003,2.765,84.0,0.0,0.0,
2026-02-26T21:06:00,02/26/202609:06,22.4,0.0,0.0,51.81,0.0,0.0,0.0,0.7,14.0,198.7,23314.0,44097.0,23.2,12.42,26.0,29.880000000000003,2.71,86.2,0.0,0.0,
2026-02-26T21:07:01,02/26/202609:07,22.4,0.0,0.0,51.81,0.0,0.0,0.0,0.7,14.0,198.7,23314.0,44097.0,23.2,12.39,26.0,29.880000000000003,2.6550000000000002,88.4,0.0,0.0,
2026-02-26T21:08:01,02/26/202609:08,22.4,0.0,0.0,51.81,0.0,0.0,0.0,0.7,14.0,198.7,23314.0,44097.0,23.2,12.360000000000001,26.0,29.880000000000003,2.6,90.6,0.0,0.0,
2026-02-26T21:09:00,02/26/202609:09,22.4,0.0,0.0,51.8,0.0,0.0,0.0,0.7,14.0,198.7,23314.0,44097.0,23.2,12.330000000000002,26.0,29.880000000000003,2.5450000000000004,92.8,0.0,0.0,
2026-02-26T21:10:44,02/26/202609:10,22.4,0.0,0.0,51.8,0.0,0.0,0.0,0.7,14.0,198.7,23314.0,44097.0,23.2,12.3,26.0,29.880000000000003,2.49,95.0,0.0,0.0,
2026-02-26T21:11:01,02/26/202609:11,22.4,0.0,0.0,51.8,0.0,0.0,0.0,0.7,14.0,198.7,23314.0,44097.0,23.2,12.3,26.0,29.880000000000003,2.49,95.0,0.0,0.0,
2026-02-26T21:12:01,02/26/202609:12,22.4,0.0,0.0,51.8,0.0,0.0,0.0,0.7,14.0,198.7,23314.0,44097.0,23.2,12.3,26.0,29.880000000000003,2.49,95.0,0.0,0.0,
2026-02-26T21:13:01,02/26/202609:13,22.4,0.0,0.0,51.8,0.0,0.0,0.0,0.7,14.0,198.7,23314.0,44097.0,23.2,12.3,26.0,29.880000000000003,2.49,95.0,0.0,0.0,
2026-02-26T21:14:01,02/26/202609:14,22.4,0.0,0.0,51.8,0.0,0.0,0.0,0.7,14.0,198.7,23314.0,44097.0,23.2,12.3,26.0,29.880000000000003,2.49,95.0,0.0,0.0,
2026-02-26T21:15:00,02/26/202609:15,22.4,0.0,0.0,51.8,0.0,0.0,0.0,0.7,14.0,198.7,23314.0,44097.0,23.2,12.3,26.0,29.880000000000003,2.49,95.0,0.0,0.0,
2026-02-26T21:16:01,02/26/202609:16,22.4,0.0,0.0,51.8,0.0,0.0,0.0,0.7,14.0,198.7,23314.0,44097.0,23.2,12.3,26.0,29.880000000000003,2.49,95.0,0.0,0.0,
2026-02-26T21:17:00,02/26/202609:17,22.4,0.0,0.0,51.8,0.0,0.0,0.0,0.7,14.0,198.7,23314.0,44097.0,23.2,12.260000000000002,26.0,29.880000000000003,2.434,96.6,0.0,0.0,
2026-02-26T21:18:01,02/26/202609:18,22.4,0.0,0.0,51.8,0.0,0.0,0.0,0.7,14.0,198.7,23314.0,44097.0,23.2,12.22,26.0,29.880000000000003,2.378,98.2,0.0,0.0,
2026-02-26T21:19:00,02/26/202609:19,22.4,0.0,0.0,51.8,0.0,0.0,0.0,0.7,14.0,198.7,23314.0,44097.0,23.2,12.180000000000001,26.0,29.880000000000003,2.322,99.8,0.0,0.0,
2026-02-26T21:20:00,02/26/202609:20,22.4,0.0,0.0,51.8,0.0,0.0,0.0,0.7,14.0,198.7,23314.0,44097.0,23.2,12.14,26.0,29.880000000000003,2.266,101.4,0.0,0.0,
2026-02-26T21:21:55,02/26/202609:21,22.4,0.0,0.0,51.8,0.0,0.0,0.0,0.7,14.0,198.7,23314.0,44097.0,23.2,12.1,26.0,29.880000000000003,2.21,103.0,0.0,0.0,
2026-02-26T21:22:01,02/26/202609:22,22.4,0.0,0.0,51.8,0.0,0.0,0.0,0.7,14.0,198.7,23314.0,44097.0,23.2,12.06,26.0,29.880000000000003,2.154,104.6,0.0,0.0,
2026-02-26T21:23:01,02/26/202609:23,22.4,0.0,0.0,51.8,0.0,0.0,0.0,0.7,14.0,198.7,23314.0,44097.0,23.2,12.02,26.0,29.880000000000003,2.098,106.2,0.0,0.0,
2026-02-26T21:24:01,02/26/202609:24,22.4,0.0,0.0,51.8,0.0,0.0,0.0,0.7,14.0,198.7,23314.0,44097.0,23.2,11.98,26.0,29.880000000000003,2.0420000000000003,107.8,0.0,0.0,
2026-02-26T21:25:01,02/26/202609:25,22.4,0.0,0.0,51.8,0.0,0.0,0.0,0.7,14.0,198.7,23314.0,44097.0,23.2,11.940000000000001,26.0,29.880000000000003,1.986,109.4,0.0,0.0,
2026-02-26T21:25:33,02/26/202609:25,22.25,0.0,0.0,51.8,0.0,0.0,0.0,0.7,14.0,198.7,23314.0,44097.0,23.2,11.9,26.0,29.880000000000003,1.9300000000000002,111.0,0.0,0.0,
2026-02-26T21:26:01,02/26/202609:26,22.1,0.0,0.0,51.8,0.0,0.0,0.0,0.7,14.0,198.7,23314.0,44097.0,23.2,11.9,26.0,29.880000000000003,1.9300000000000002,111.0,0.0,0.0,
2026-02-26T21:26:34,02/26/202609:26,21.919999999999998,0.0,0.0,51.8,0.0,0.0,0.0,0.7,14.0,198.7,23314.0,44097.0,23.2,11.9,26.0,29.880000000000003,1.9300000000000002,111.0,0.0,0.0,
2026-02-26T21:27:01,02/26/202609:27,21.74,0.0,0.0,51.8,0.0,0.0,0.0,0.7,14.0,198.7,23314.0,44097.0,23.2,11.9,26.0,29.880000000000003,1.9300000000000002,111.0,0.0,0.0,
2026-02-26T21:28:01,02/26/202609:28,21.56,0.0,0.0,51.8,0.0,0.0,0.0,0.7,14.0,198.7,23314.0,44097.0,23.2,11.82,26.0,29.880000000000003,1.9300000000000002,111.0,0.0,0.0,
2026-02-26T21:28:34,02/26/202609:28,21.369999999999997,0.0,0.0,51.8,0.0,0.0,0.0,0.7,14.0,198.7,23314.0,44097.0,23.2,11.74,26.0,29.880000000000003,1.9300000000000002,111.0,0.0,0.0,
2026-02-26T21:29:01,02/26/202609:29,21.18,0.0,0.0,51.8,0.0,0.0,0.0,0.7,14.0,198.7,23314.0,44097.0,23.2,11.66,26.0,29.880000000000003,1.9300000000000002,111.0,0.0,0.0,
2026-02-26T21:30:01,02/26/202609:30,20.990000000000002,0.0,0.0,51.8,0.0,0.0,0.0,0.7,14.0,198.7,23314.0,44097.0,23.2,11.58,26.0,29.880000000000003,1.948,105.7,0.0,0.0,
2026-02-26T21:30:34,02/26/202609:30,20.81,0.0,0.0,51.8,0.0,0.0,0.0,0.7,14.0,198.7,23314.0,44097.0,23.2,11.47,26.1,29.880000000000003,1.948,105.7,0.0,0.0,
2026-02-26T21:31:01,02/26/202609:31,20.630000000000003,0.0,0.0,51.8,0.0,0.0,0.0,0.7,14.0,198.7,23314.0,44097.0,23.2,11.36,26.2,29.880000000000003,1.948,105.7,0.0,0.0,
2026-02-26T21:31:33,02/26/202609:31,20.59,0.0,0.0,51.81,0.0,0.0,0.0,0.7,14.0,198.7,23314.0,44097.0,23.2,11.25,26.3,29.880000000000003,1.948,105.7,0.0,0.0,
2026-02-26T21:33:07,02/26/202609:33,20.55,0.0,0.0,51.81,0.0,0.0,0.0,0.7,14.0,198.7,23314.0,44097.0,23.2,11.14,27.2,29.880000000000003,1.948,105.7,0.0,0.0,
2026-02-26T21:33:34,02/26/202609:33,20.55,0.0,0.0,51.81,0.0,0.0,0.0,0.7,14.0,198.7,23314.0,44097.0,23.2,11.03,28.1,29.880000000000003,1.948,105.7,0.0,0.0,
2026-02-26T21:34:00,02/26/202609:34,20.55,0.0,0.0,51.81,0.0,0.0,0.0,0.7,14.0,198.7,23314.0,44097.0,23.2,10.92,29.0,29.880000000000003,1.948,105.7,0.0,0.0,
2026-02-26T21:35:01,02/26/202609:35,20.55,0.0,0.0,51.81,0.0,0.0,0.0,0.7,14.0,198.7,23314.0,44097.0,23.2,10.89,29.9,29.880000000000003,1.948,105.7,0.0,0.0,
2026-02-26T21:35:34,02/26/202609:35,20.55,0.0,0.0,51.81,0.0,0.0,0.0,0.7,14.0,198.7,23314.0,44097.0,23.2,10.860000000000001,30.8,29.880000000000003,1.948,105.7,0.0,0.0,
2026-02-26T21:36:00,02/26/202609:36,20.55,0.0,0.0,51.81,0.0,0.0,0.0,0.7,14.0,198.7,23314.0,44097.0,23.2,10.830000000000002,31.7,29.880000000000003,1.948,105.7,0.0,0.0,
2026-02-26T21:36:34,02/26/202609:36,20.560000000000002,0.0,0.0,51.81,0.0,0.0,0.0,0.7,14.0,198.7,23314.0,44097.0,23.2,10.8,32.6,29.880000000000003,1.9300000000000002,111.0,0.0,0.0,
2026-02-26T21:37:00,02/26/202609:37,20.560000000000002,0.0,0.0,51.81,0.0,0.0,0.0,0.7,14.0,198.7,23314.0,44097.0,23.2,10.8,33.4,29.880000000000003,1.9300000000000002,111.0,0.0,0.0,
2026-02-26T21:38:00,02/26/202609:38,20.560000000000002,0.0,0.0,51.81,0.0,0.0,0.0,0.7,14.0,198.7,23314.0,44097.0,23.2,10.8,34.2,29.880000000000003,1.9300000000000002,111.0,0.0,0.0,
2026-02-26T21:39:00,02/26/202609:39,20.57,0.0,0.0,51.8,0.0,0.0,0.0,0.7,14.0,198.7,23314.0,44097.0,23.2,10.8,35.0,29.880000000000003,1.9300000000000002,111.0,0.0,0.0,
2026-02-26T21:40:01,02/26/202609:40,20.580000000000002,0.0,0.0,51.8,0.0,0.0,0.0,0.7,14.0,198.7,23314.0,44097.0,23.2,10.8,35.0,29.880000000000003,1.9300000000000002,111.0,0.0,0.0,
2026-02-26T21:40:34,02/26/202609:40,20.57,0.0,0.0,51.8,0.0,0.0,0.0,0.7,14.0,198.7,23314.0,44097.0,23.2,10.8,35.0,29.880000000000003,1.9300000000000002,111.0,0.0,0.0,
2026-02-26T21:41:00,02/26/202609:41,20.560000000000002,0.0,0.0,51.8,0.0,0.0,0.0,0.7,14.0,198.7,23314.0,44097.0,23.2,10.8,35.0,29.880000000000003,1.9300000000000002,111.0,0.0,0.0,
2026-02-26T21:41:34,02/26/202609:41,20.560000000000002,0.0,0.0,51.8,0.0,0.0,0.0,0.7,14.0,198.7,23314.0,44097.0,23.2,10.8,35.0,29.880000000000003,1.9300000000000002,111.0,0.0,0.0,
2026-02-26T21:42:00,02/26/202609:42,20.57,0.0,0.0,51.8,0.0,0.0,0.0,0.7,14.0,198.7,23314.0,44097.0,23.2,10.8,35.0,29.880000000000003,1.9300000000000002,111.0,0.0,0.0,
2026-02-26T21:44:18,02/26/202609:44,20.580000000000002,0.0,0.0,51.8,0.0,0.0,0.0,0.7,14.0,198.7,23314.0,44097.0,23.2,10.8,35.0,29.880000000000003,1.9300000000000002,111.0,0.0,0.0,
2026-02-26T21:44:34,02/26/202609:44,20.57,0.0,0.0,51.8,0.0,0.0,0.0,0.7,14.0,198.7,23314.0,44097.0,23.2,10.8,35.0,29.880000000000003,1.9300000000000002,111.0,0.0,0.0,
2026-02-26T21:45:00,02/26/202609:45,20.560000000000002,0.0,0.0,51.8,0.0,0.0,0.0,0.7,14.0,198.7,23314.0,44097.0,23.2,10.8,35.0,29.880000000000003,1.9300000000000002,111.0,0.0,0.0,
2026-02-26T21:46:00,02/26/202609:46,20.55,0.0,0.0,51.8,0.0,0.0,0.0,0.7,14.0,198.7,23314.0,44097.0,23.2,10.780000000000001,35.0,29.880000000000003,1.9300000000000002,115.8,0.0,0.0,
2026-02-26T21:47:00,02/26/202609:47,20.54,0.0,0.0,51.8,0.0,0.0,0.0,0.7,14.0,198.7,23314.0,44097.0,23.2,10.760000000000002,35.0,29.880000000000003,1.9300000000000002,120.6,0.0,0.0,
2026-02-26T21:48:01,02/26/202609:48,20.53,0.0,0.0,51.8,0.0,0.0,0.0,0.7,14.0,198.7,23314.0,44097.0,23.2,10.74,35.0,29.880000000000003,1.9300000000000002,125.4,0.0,0.0,
2026-02-26T21:48:34,02/26/202609:48,20.54,0.0,0.0,51.8,0.0,0.0,0.0,0.7,14.0,198.7,23314.0,44097.0,23.3,10.72,35.0,29.880000000000003,1.9300000000000002,130.2,0.0,0.0,
2026-02-26T21:49:01,02/26/202609:49,20.55,0.0,0.0,51.8,0.0,0.0,0.0,0.7,14.0,198.7,23314.0,44097.0,23.3,10.7,35.0,29.880000000000003,1.9300000000000002,135.0,0.0,0.0,
2026-02-26T21:49:34,02/26/202609:49,20.54,0.0,0.0,51.8,0.0,0.0,0.0,0.7,14.0,198.7,23314.0,44097.0,23.2,10.68,35.0,29.880000000000003,1.9300000000000002,139.8,0.0,0.0,
2026-02-26T21:50:00,02/26/202609:50,20.53,0.0,0.0,51.8,0.0,0.0,0.0,0.7,14.0,198.7,23314.0,44097.0,23.2,10.66,35.0,29.880000000000003,1.9300000000000002,144.6,0.0,0.0,
2026-02-26T21:50:35,02/26/202609:50,20.53,0.0,0.0,51.8,0.0,0.0,0.0,0.7,14.0,198.7,23314.0,44097.0,23.2,10.64,35.0,29.880000000000003,1.9300000000000002,149.4,0.0,0.0,
2026-02-26T21:51:00,02/26/202609:51,20.54,0.0,0.0,51.8,0.0,0.0,0.0,0.7,14.0,198.7,23314.0,44097.0,23.2,10.620000000000001,35.0,29.880000000000003,1.9300000000000002,154.2,0.0,0.0,
2026-02-26T21:51:35,02/26/202609:51,20.54,0.0,0.0,51.8,0.0,0.0,0.0,0.7,14.0,198.7,23314.0,44097.0,23.2,10.6,35.0,29.880000000000003,1.9300000000000002,159.0,0.0,0.0,
2026-02-26T21:52:00,02/26/202609:52,20.54,0.0,0.0,51.8,0.0,0.0,0.0,0.7,14.0,198.7,23314.0,44097.0,23.2,10.6,35.0,29.880000000000003,1.9300000000000002,159.0,0.0,0.0,
2026-02-26T21:53:01,02/26/202609:53,20.54,0.0,0.0,51.8,0.0,0.0,0.0,0.7,14.0,198.7,23314.0,44097.0,23.2,10.6,35.0,29.880000000000003,1.9300000000000002,159.0,0.0,0.0,
2026-02-26T21:55:30,02/26/202609:55,20.54,0.0,0.0,51.8,0.0,0.0,0.0,0.7,14.0,198.7,23314.0,44097.0,23.2,10.6,35.0,29.880000000000003,1.9300000000000002,159.0,0.0,0.0,
2026-02-26T21:56:01,02/26/202609:56,20.53,0.0,0.0,51.8,0.0,0.0,0.0,0.7,14.0,198.7,23314.0,44097.0,23.2,10.6,35.0,29.880000000000003,1.9300000000000002,159.0,0.0,0.0,
2026-02-26T21:57:00,02/26/202609:57,20.52,0.0,0.0,51.8,0.0,0.0,0.0,0.7,14.0,198.7,23314.0,44097.0,23.2,10.6,35.0,29.880000000000003,1.9300000000000002,159.0,0.0,0.0,
2026-02-26T21:57:48,02/26/202609:57,20.53,0.0,0.0,51.8,0.0,0.0,0.0,0.7,14.0,198.7,23314.0,44097.0,23.2,10.6,35.0,29.880000000000003,1.9300000000000002,159.0,0.0,0.0,
2026-02-26T21:58:00,02/26/202609:58,20.54,0.0,0.0,51.8,0.0,0.0,0.0,0.7,14.0,198.7,23314.0,44097.0,23.2,10.6,35.0,29.880000000000003,1.9300000000000002,159.0,0.0,0.0,
2026-02-26T21:58:48,02/26/202609:58,20.53,0.0,0.0,51.8,0.0,0.0,0.0,0.7,14.0,198.7,23314.0,44097.0,23.2,10.6,35.0,29.880000000000003,1.9300000000000002,159.0,0.0,0.0,
2026-02-26T21:59:00,02/26/202609:59,20.52,0.0,0.0,51.8,0.0,0.0,0.0,0.7,14.0,198.7,23314.0,44097.0,23.2,10.6,35.0,29.880000000000003,1.9300000000000002,159.0,0.0,0.0,
2026-02-26T22:00:01,02/26/202610:00,20.52,0.0,0.0,51.8,0.0,0.0,0.0,0.7,14.0,198.7,23314.0,44097.0,23.2,10.6,35.0,29.880000000000003,1.9300000000000002,159.0,0.0,0.0,
2026-02-26T22:01:01,02/26/202610:01,20.52,0.0,0.0,51.8,0.0,0.0,0.0,0.7,14.0,198.7,23314.0,44097.0,23.2,10.59,35.0,29.880000000000003,1.8239999999999998,161.1,0.0,0.0,
2026-02-26T22:02:01,02/26/202610:02,20.52,0.0,0.0,51.8,0.0,0.0,0.0,0.7,14.0,198.7,23314.0,44097.0,23.2,10.58,35.0,29.880000000000003,1.718,163.2,0.0,0.0,
2026-02-26T22:03:00,02/26/202610:03,20.52,0.0,0.0,51.8,0.0,0.0,0.0,0.7,14.0,198.7,23314.0,44097.0,23.2,10.57,35.0,29.880000000000003,1.612,165.3,0.0,0.0,
2026-02-26T22:04:00,02/26/202610:04,20.52,0.0,0.0,51.8,0.0,0.0,0.0,0.7,14.0,198.7,23314.0,44097.0,23.2,10.559999999999999,35.0,29.880000000000003,1.5059999999999998,167.4,0.0,0.0,
2026-02-26T22:04:36,02/26/202610:04,20.53,0.0,0.0,51.8,0.0,0.0,0.0,0.7,14.0,198.7,23314.0,44097.0,23.2,10.55,35.0,29.880000000000003,1.4,169.5,0.0,0.0,
2026-02-26T22:05:01,02/26/202610:05,20.53,0.0,0.0,51.8,0.0,0.0,0.0,0.7,14.0,198.7,23314.0,44097.0,23.2,10.540000000000001,35.0,29.880000000000003,1.294,171.6,0.0,0.0,
2026-02-26T22:09:08,02/26/202610:09,20.53,0.0,0.0,51.8,0.0,0.0,0.0,0.7,14.0,198.7,23314.0,44097.0,23.2,10.53,35.0,29.880000000000003,1.188,173.7,0.0,0.0,
2026-02-26T22:09:36,02/26/202610:09,20.53,0.0,0.0,51.8,0.0,0.0,0.0,0.7,14.0,198.7,23314.0,44097.0,23.2,10.52,35.0,29.880000000000003,1.082,175.8,0.0,0.0,
2026-02-26T22:10:01,02/26/202610:10,20.53,0.0,0.0,51.8,0.0,0.0,0.0,0.7,14.0,198.7,23314.0,44097.0,23.2,10.51,35.0,29.880000000000003,0.976,177.9,0.0,0.0,
2026-02-26T22:11:00,02/26/202610:11,20.53,0.0,0.0,51.8,0.0,0.0,0.0,0.7,14.0,198.7,23314.0,44097.0,23.2,10.5,35.0,29.880000000000003,0.8699999999999999,180.0,0.0,0.0,
2026-02-26T22:11:36,02/26/202610:11,20.54,0.0,0.0,51.79,0.0,0.0,0.0,0.7,14.0,198.7,23314.0,44097.0,23.2,10.5,35.0,29.880000000000003,0.8699999999999999,180.0,0.0,0.0,
2026-02-26T22:12:00,02/26/202610:12,20.55,0.0,0.0,51.779999999999994,0.0,0.0,0.0,0.7,14.0,198.7,23314.0,44097.0,23.2,10.5,35.0,29.880000000000003,0.8699999999999999,180.0,0.0,0.0,
2026-02-26T22:12:36,02/26/202610:12,20.55,0.0,0.0,51.77,0.0,0.0,0.0,0.7,14.0,198.7,23314.0,44097.0,23.2,10.5,35.0,29.880000000000003,0.8699999999999999,180.0,0.0,0.0,
2026-02-26T22:13:00,02/26/202610:13,20.55,0.0,0.0,51.760000000000005,0.0,0.0,0.0,0.7,14.0,198.7,23314.0,44097.0,23.2,10.5,35.0,29.880000000000003,0.8699999999999999,180.0,0.0,0.0,
2026-02-26T22:14:01,02/26/202610:14,20.54,0.0,0.0,51.760000000000005,0.0,0.0,0.0,0.7,14.0,198.7,23314.0,44097.0,23.2,10.5,35.0,29.880000000000003,0.8699999999999999,180.0,0.0,0.0,
2026-02-26T22:14:36,02/26/202610:14,20.54,0.0,0.0,51.760000000000005,0.0,0.0,0.0,0.7,14.0,198.7,23314.0,44097.0,23.2,10.5,35.0,29.880000000000003,0.8699999999999999,180.0,0.0,0.0,
2026-02-26T22:15:00,02/26/202610:15,20.54,0.0,0.0,51.760000000000005,0.0,0.0,0.0,0.7,14.0,198.7,23314.0,44097.0,23.2,10.5,35.0,29.880000000000003,0.8699999999999999,180.0,0.0,0.0,
2026-02-26T22:15:36,02/26/202610:15,20.54,0.0,0.0,51.760000000000005,0.0,0.0,0.0,0.7,14.0,198.7,23314.0,44097.0,23.2,10.5,35.0,29.880000000000003,0.8699999999999999,180.0,0.0,0.0,
2026-02-26T22:16:01,02/26/202610:16,20.54,0.0,0.0,51.760000000000005,0.0,0.0,0.0,0.7,14.0,198.7,23314.0,44097.0,23.2,10.5,35.0,29.880000000000003,0.8699999999999999,180.0,0.0,0.0,
2026-02-26T22:17:01,02/26/202610:17,20.54,0.0,0.0,51.75,0.0,0.0,0.0,0.7,14.0,198.7,23314.0,44097.0,23.2,10.48,35.0,29.883,0.833,191.7,0.0,0.0,
2026-02-26T22:18:01,02/26/202610:18,20.53,0.0,0.0,51.760000000000005,0.0,0.0,0.0,0.7,14.0,198.7,23314.0,44097.0,23.2,10.459999999999999,35.0,29.886000000000003,0.796,203.4,0.0,0.0,
2026-02-26T22:20:20,02/26/202610:20,20.52,0.0,0.0,51.760000000000005,0.0,0.0,0.0,0.7,14.0,198.7,23314.0,44097.0,23.2,10.440000000000001,35.0,29.889,0.759,215.1,0.0,0.0,
2026-02-26T22:20:36,02/26/202610:20,20.53,0.0,0.0,51.760000000000005,0.0,0.0,0.0,0.7,14.0,198.7,23314.0,44097.0,23.2,10.42,35.0,29.892000000000003,0.722,226.8,0.0,0.0,
2026-02-26T22:21:00,02/26/202610:21,20.54,0.0,0.0,51.760000000000005,0.0,0.0,0.0,0.7,14.0,198.7,23314.0,44097.0,23.2,10.4,35.0,29.895,0.6849999999999999,238.5,0.0,0.0,
2026-02-26T22:21:36,02/26/202610:21,20.54,0.0,0.0,51.75,0.0,0.0,0.0,0.7,14.0,198.7,23314.0,44097.0,23.2,10.38,35.0,29.898000000000003,0.648,250.2,0.0,0.0,
2026-02-26T22:22:00,02/26/202610:22,20.53,0.0,0.0,51.739999999999995,0.0,0.0,0.0,0.7,14.0,198.7,23314.0,44097.0,23.2,10.360000000000001,35.0,29.901,0.611,261.9,0.0,0.0,
2026-02-26T22:23:00,02/26/202610:23,20.52,0.0,0.0,51.739999999999995,0.0,0.0,0.0,0.7,14.0,198.7,23314.0,44097.0,23.2,10.34,35.0,29.904000000000003,0.5740000000000001,273.6,0.0,0.0,
2026-02-26T22:23:11,02/26/202610:23,20.53,0.0,0.0,51.73,0.0,0.0,0.0,0.7,14.0,198.7,23314.0,44097.0,23.2,10.32,35.0,29.907,0.537,285.3,0.0,0.0,
2026-02-26T22:24:01,02/26/202610:24,20.54,0.0,0.0,51.720000000000006,0.0,0.0,0.0,0.7,14.0,198.7,23314.0,44097.0,23.2,10.3,35.0,29.910000000000004,0.5,297.0,0.0,0.0,
2026-02-26T22:24:12,02/26/202610:24,20.54,0.0,0.0,51.720000000000006,0.0,0.0,0.0,0.7,14.0,198.7,23314.0,44097.0,23.2,10.3,35.0,29.910000000000004,0.5,297.0,0.0,0.0,
2026-02-26T22:25:01,02/26/202610:25,20.54,0.0,0.0,51.71,0.0,0.0,0.0,0.7,14.0,198.7,23314.0,44097.0,23.2,10.3,35.0,29.910000000000004,0.5,297.0,0.0,0.0,
2026-02-26T22:25:12,02/26/202610:25,20.55,0.0,0.0,51.720000000000006,0.0,0.0,0.0,0.7,14.0,198.7,23314.0,44097.0,23.2,10.3,35.0,29.910000000000004,0.5,297.0,0.0,0.0,
2026-02-26T22:26:00,02/26/202610:26,20.55,0.0,0.0,51.73,0.0,0.0,0.0,0.7,14.0,198.7,23314.0,44097.0,23.2,10.3,35.0,29.910000000000004,0.5,297.0,0.0,0.0,
2026-02-26T22:27:00,02/26/202610:27,20.55,0.0,0.0,51.73,0.0,0.0,0.0,0.7,14.0,198.7,23314.0,44097.0,23.2,10.3,35.0,29.910000000000004,0.5,297.0,0.0,0.0,
2026-02-26T22:27:12,02/26/202610:27,20.55,0.0,0.0,51.739999999999995,0.0,0.0,0.0,0.7,14.0,198.7,23314.0,44097.0,23.2,10.3,35.0,29.910000000000004,0.5,297.0,0.0,0.0,
2026-02-26T22:28:01,02/26/202610:28,20.55,0.0,0.0,51.75,0.0,0.0,0.0,0.7,14.0,198.7,23314.0,44097.0,23.2,10.3,35.0,29.910000000000004,0.5,297.0,0.0,0.0,
2026-02-26T22:28:12,02/26/202610:28,20.560000000000002,0.0,0.0,51.739999999999995,0.0,0.0,0.0,0.7,14.0,198.7,23314.0,44097.0,23.2,10.3,35.0,29.910000000000004,0.5,297.0,0.0,0.0,
2026-02-26T22:29:00,02/26/202610:29,20.560000000000002,0.0,0.0,51.739999999999995,0.0,0.0,0.0,0.7,14.0,198.7,23314.0,44097.0,23.2,10.3,35.0,29.910000000000004,0.5,297.0,0.0,0.0,
2026-02-26T22:29:13,02/26/202610:29,20.55,0.0,0.0,51.739999999999995,0.0,0.0,0.0,0.7,14.0,198.7,23314.0,44097.0,23.2,10.22,35.0,29.910000000000004,0.667,300.9,0.0,0.0,
2026-02-26T22:31:29,02/26/202610:31,20.55,0.0,0.0,51.739999999999995,0.0,0.0,0.0,0.7,14.0,198.7,23314.0,44097.0,23.2,10.13,35.1,29.910000000000004,0.76,305.4,0.0,0.0,
2026-02-26T22:32:00,02/26/202610:32,20.55,0.0,0.0,51.739999999999995,0.0,0.0,0.0,0.7,14.0,198.7,23314.0,44097.0,23.2,10.040000000000001,35.2,29.910000000000004,0.853,309.9,0.0,0.0,
2026-02-26T22:33:01,02/26/202610:33,20.54,0.0,0.0,51.73,0.0,0.0,0.0,0.7,14.0,198.7,23314.0,44097.0,23.2,9.95,35.3,29.910000000000004,0.946,314.4,0.0,0.0,
2026-02-26T22:33:12,02/26/202610:33,20.54,0.0,0.0,51.720000000000006,0.0,0.0,0.0,0.7,14.0,198.7,23314.0,44097.0,23.2,9.860000000000001,35.4,29.910000000000004,1.0390000000000001,318.9,0.0,0.0,
2026-02-26T22:34:01,02/26/202610:34,20.54,0.0,0.0,51.720000000000006,0.0,0.0,0.0,0.7,14.0,198.7,23314.0,44097.0,23.2,9.77,35.5,29.910000000000004,1.1320000000000001,323.4,0.0,0.0,
2026-02-26T22:35:00,02/26/202610:35,20.55,0.0,0.0,51.71,0.0,0.0,0.0,0.7,14.0,198.7,23314.0,44097.0,23.2,9.680000000000001,35.6,29.910000000000004,1.225,327.9,0.0,0.0,
2026-02-26T22:35:12,02/26/202610:35,20.55,0.0,0.0,51.7,0.0,0.0,0.0,0.7,14.0,198.7,23314.0,44097.0,23.2,9.59,36.0,29.910000000000004,1.318,332.4,0.0,0.0,
2026-02-26T22:36:00,02/26/202610:36,20.54,0.0,0.0,51.7,0.0,0.0,0.0,0.7,14.0,198.7,23314.0,44097.0,23.2,9.5,36.4,29.910000000000004,1.411,336.9,0.0,0.0,
2026-02-26T22:37:00,02/26/202610:37,20.53,0.0,0.0,51.7,0.0,0.0,0.0,0.7,14.0,198.7,23314.0,44097.0,23.2,9.41,36.8,29.910000000000004,1.504,341.4,0.0,0.0,
2026-02-26T22:38:00,02/26/202610:38,20.53,0.0,0.0,51.7,0.0,0.0,0.0,0.7,14.0,198.7,23314.0,44097.0,23.2,9.4,37.2,29.910000000000004,1.43,342.0,0.0,0.0,
2026-02-26T22:39:01,02/26/202610:39,20.53,0.0,0.0,51.7,0.0,0.0,0.0,0.7,14.0,198.7,23314.0,44097.0,23.2,9.4,37.5,29.910000000000004,1.43,342.0,0.0,0.0,
2026-02-26T22:39:12,02/26/202610:39,20.54,0.0,0.0,51.7,0.0,0.0,0.0,0.7,14.0,198.7,23314.0,44097.0,23.2,9.4,37.8,29.910000000000004,1.43,342.0,0.0,0.0,
2026-02-26T22:40:00,02/26/202610:40,20.55,0.0,0.0,51.7,0.0,0.0,0.0,0.7,14.0,198.7,23314.0,44097.0,23.2,9.4,38.1,29.910000000000004,1.43,342.0,0.0,0.0,
2026-02-26T22:40:12,02/26/202610:40,20.54,0.0,0.0,51.7,0.0,0.0,0.0,0.7,14.0,198.7,23314.0,44097.0,23.2,9.4,38.4,29.910000000000004,1.43,342.0,0.0,0.0,
2026-02-26T22:41:00,02/26/202610:41,20.53,0.0,0.0,51.7,0.0,0.0,0.0,0.7,14.0,198.7,23314.0,44097.0,23.2,9.4,38.7,29.910000000000004,1.43,342.0,0.0,0.0,
2026-02-26T22:58:23,02/26/202610:58,20.52,0.0,0.0,51.7,0.0,0.0,0.0,0.7,14.0,198.7,23314.0,44097.0,23.2,9.39,39.0,29.910000000000004,1.3299999999999998,343.8,0.0,0.0,
2026-02-26T22:59:00,02/26/202610:59,20.52,0.0,0.0,51.7,0.0,0.0,0.0,0.7,14.0,198.7,23314.0,44097.0,23.2,9.38,39.0,29.910000000000004,1.23,345.6,0.0,0.0,
2026-02-26T23:00:01,02/26/202611:00,20.52,0.0,0.0,51.7,0.0,0.0,0.0,0.7,14.0,198.7,23314.0,44097.0,23.2,9.370000000000001,39.0,29.910000000000004,1.13,347.4,0.0,0.0,
2026-02-26T23:01:00,02/26/202611:01,20.52,0.0,0.0,51.7,0.0,0.0,0.0,0.0,0.0,198.7,23321.0,44111.0,23.2,9.34,39.0,29.910000000000004,1.167,319.2,0.0,0.0,
2026-02-26T23:02:00,02/26/202611:02,20.52,0.0,0.0,51.7,0.0,0.0,0.0,0.0,0.0,198.7,23321.0,44111.0,23.2,9.31,39.0,29.910000000000004,1.204,291.0,0.0,0.0,
2026-02-26T23:03:00,02/26/202611:03,20.52,0.0,0.0,51.7,0.0,0.0,0.0,0.0,0.0,198.7,23321.0,44111.0,23.2,9.28,39.0,29.910000000000004,1.241,262.8,0.0,0.0,
2026-02-26T23:04:00,02/26/202611:04,20.509999999999998,0.0,0.0,51.7,0.0,0.0,0.0,0.0,0.0,198.7,23321.0,44111.0,23.2,9.25,39.0,29.910000000000004,1.278,234.6,0.0,0.0,
2026-02-26T23:05:01,02/26/202611:05,20.5,0.0,0.0,51.7,0.0,0.0,0.0,0.0,0.0,198.7,23321.0,44111.0,23.2,9.22,39.0,29.910000000000004,1.315,206.4,0.0,0.0,
2026-02-26T23:06:00,02/26/202611:06,20.5,0.0,0.0,51.7,0.0,0.0,0.0,0.0,0.0,198.7,23321.0,44111.0,23.2,9.190000000000001,39.0,29.910000000000004,1.3519999999999999,178.2,0.0,0.0,
2026-02-26T23:07:01,02/26/202611:07,20.5,0.0,0.0,51.7,0.0,0.0,0.0,0.0,0.0,198.7,23321.0,44111.0,23.2,9.16,39.0,29.910000000000004,1.389,150.0,0.0,0.0,
2026-02-26T23:08:01,02/26/202611:08,20.5,0.0,0.0,51.7,0.0,0.0,0.0,0.0,0.0,198.7,23321.0,44111.0,23.2,9.14,39.0,29.910000000000004,1.526,120.0,0.0,0.0,
2026-02-26T23:09:49,02/26/202611:09,20.5,0.0,0.0,51.7,0.0,0.0,0.0,0.0,0.0,198.7,23321.0,44111.0,23.2,9.120000000000001,39.0,29.910000000000004,1.6629999999999998,90.0,0.0,0.0,
2026-02-26T23:10:01,02/26/202611:10,20.5,0.0,0.0,51.7,0.0,0.0,0.0,0.0,0.0,198.7,23321.0,44111.0,23.2,9.1,39.0,29.910000000000004,1.8,60.0,0.0,0.0,
2026-02-26T23:11:00,02/26/202611:11,20.5,0.0,0.0,51.7,0.0,0.0,0.0,0.0,0.0,198.7,23321.0,44111.0,23.2,9.1,39.0,29.910000000000004,1.8,60.0,0.0,0.0,
2026-02-26T23:12:00,02/26/202611:12,20.5,0.0,0.0,51.69,0.0,0.0,0.0,0.0,0.0,198.7,23321.0,44111.0,23.2,9.1,39.0,29.910000000000004,1.8,60.0,0.0,0.0,
2026-02-26T23:13:00,02/26/202611:13,20.5,0.0,0.0,51.69,0.0,0.0,0.0,0.0,0.0,198.7,23321.0,44111.0,23.2,9.1,39.0,29.910000000000004,1.8,60.0,0.0,0.0,
2026-02-26T23:14:01,02/26/202611:14,20.5,0.0,0.0,51.69,0.0,0.0,0.0,0.0,0.0,198.7,23321.0,44111.0,23.2,9.1,39.0,29.910000000000004,1.8,60.0,0.0,0.0,
2026-02-26T23:14:24,02/26/202611:14,20.509999999999998,0.0,0.0,51.69,0.0,0.0,0.0,0.0,0.0,198.7,23321.0,44111.0,23.2,9.1,39.0,29.910000000000004,1.8,60.0,0.0,0.0,
2026-02-26T23:15:01,02/26/202611:15,20.52,0.0,0.0,51.69,0.0,0.0,0.0,0.0,0.0,198.7,23321.0,44111.0,23.2,9.1,39.0,29.910000000000004,1.8,60.0,0.0,0.0,
2026-02-26T23:15:25,02/26/202611:15,20.52,0.0,0.0,51.69,0.0,0.0,0.0,0.0,0.0,198.7,23321.0,44111.0,23.2,9.08,39.1,29.910000000000004,1.9620000000000002,59.8,0.0,0.0,
2026-02-26T23:16:00,02/26/202611:16,20.52,0.0,0.0,51.69,0.0,0.0,0.0,0.0,0.0,198.7,23321.0,44111.0,23.2,9.059999999999999,39.2,29.910000000000004,2.124,59.6,0.0,0.0,
2026-02-26T23:17:00,02/26/202611:17,20.52,0.0,0.0,51.69,0.0,0.0,0.0,0.0,0.0,198.7,23321.0,44111.0,23.2,9.040000000000001,39.3,29.910000000000004,2.286,59.4,0.0,0.0,
2026-02-26T23:18:00,02/26/202611:18,20.52,0.0,0.0,51.69,0.0,0.0,0.0,0.0,0.0,198.7,23321.0,44111.0,23.2,9.02,39.4,29.910000000000004,2.448,59.2,0.0,0.0,
2026-02-26T23:19:00,02/26/202611:19,20.52,0.0,0.0,51.69,0.0,0.0,0.0,0.0,0.0,198.7,23321.0,44111.0,23.2,9.0,39.5,29.910000000000004,2.6100000000000003,59.0,0.0,0.0,
2026-02-26T23:32:11,02/26/202611:32,20.71,0.0,0.0,51.69,0.0,0.0,0.0,0.0,0.0,198.7,23321.0,44111.0,23.2,8.89,39.7,29.910000000000004,2.927,61.0,0.0,0.0,
2026-02-26T23:33:01,02/26/202611:33,20.9,0.0,0.0,51.69,0.0,0.0,0.0,0.0,0.0,198.7,23321.0,44111.0,23.2,8.78,39.9,29.910000000000004,3.2439999999999998,63.0,0.0,0.0,
2026-02-26T23:34:00,02/26/202611:34,21.09,0.0,0.0,51.69,0.0,0.0,0.0,0.0,0.0,198.7,23321.0,44111.0,23.2,8.67,40.1,29.910000000000004,3.561,65.0,0.0,0.0,
2026-02-26T23:35:54,02/26/202611:35,21.22,0.0,0.0,51.69,0.0,0.0,0.0,0.0,0.0,198.7,23321.0,44111.0,23.2,8.559999999999999,40.9,29.910000000000004,3.878,67.0,0.0,0.0,
2026-02-26T23:35:55,02/26/202611:35,21.21,0.0,0.0,51.68000000000001,0.0,0.0,0.0,0.0,0.0,198.7,23321.0,44111.0,23.2,8.45,41.7,29.910000000000004,4.194999999999999,69.0,0.0,0.0,
2026-02-26T23:36:00,02/26/202611:36,21.21,0.0,0.0,51.67,0.0,0.0,0.0,0.0,0.0,198.7,23321.0,44111.0,23.2,8.36,42.4,29.910000000000004,4.35,71.2,0.0,0.0,
2026-02-26T23:37:01,02/26/202611:37,21.21,0.0,0.0,51.67,0.0,0.0,0.0,0.0,0.0,198.7,23321.0,44111.0,23.2,8.27,43.1,29.910000000000004,4.505,73.4,0.0,0.0,
2026-02-26T23:38:01,02/26/202611:38,21.21,0.0,0.0,51.67,0.0,0.0,0.0,0.0,0.0,198.7,23321.0,44111.0,23.2,8.18,43.8,29.910000000000004,4.659999999999999,75.6,0.0,0.0,
2026-02-26T23:39:00,02/26/202611:39,21.21,0.0,0.0,51.67,0.0,0.0,0.0,0.0,0.0,198.7,23321.0,44111.0,23.2,8.09,44.5,29.910000000000004,4.8149999999999995,77.8,0.0,0.0,
2026-02-26T23:40:00,02/26/202611:40,21.21,0.0,0.0,51.660000000000004,0.0,0.0,0.0,0.0,0.0,198.7,23321.0,44111.0,23.2,8.0,45.2,29.910000000000004,4.97,80.0,0.0,0.0,
2026-02-26T23:41:01,02/26/202611:41,21.02,0.0,0.0,51.67,0.0,0.0,0.0,0.0,0.0,198.7,23321.0,44111.0,23.2,8.0,45.8,29.910000000000004,4.97,80.0,0.0,0.0,
