timestamp,HMI_Timestamp,PV_Voltage_V,PV_Current_A,PV_Power_W,Battery_Voltage_V,Battery_Current_A,Battery_Power_W,Avg_Power_to_Battery_W,Daily_Energy_kWh,Daily_Charge_Ah,History_Max_Input_Voltage_V,Lifetime_Energy_Gen_kWh,Lifetime_Charge_Ah,Battery_Temp_C,Air_Temp_C,Humidity_pct,Air_Pressure_inHg,Wind_Speed_ms,Wind_Direction_deg,Solar_Irradiance_Wm2,UV_Index,Est_Efficiency
2026-04-03T00:00:00,04/03/202600:00,20.38,0.0,0.0,51.71,0.0,0.0,0.0,1.0,19.0,198.7,23618.0,44677.0,24.0,20.4,77.0,29.68,11.99,166.0,0.0,0.0,
2026-04-03T00:01:00,04/03/202600:01,20.38,0.0,0.0,51.71,0.0,0.0,0.0,0.0,0.0,198.7,23628.0,44696.0,24.0,20.4,77.0,29.68,11.99,166.0,0.0,0.0,
2026-04-03T00:02:00,04/03/202600:02,20.38,0.0,0.0,51.7,0.0,0.0,0.0,0.0,0.0,198.7,23628.0,44696.0,24.0,20.41,77.1,29.68,11.984,166.1,0.0,0.0,
2026-04-03T00:03:00,04/03/202600:03,20.38,0.0,0.0,51.7,0.0,0.0,0.0,0.0,0.0,198.7,23628.0,44696.0,24.0,20.419999999999998,77.2,29.68,11.978,166.2,0.0,0.0,
2026-04-03T00:07:50,04/03/202600:07,20.38,0.0,0.0,51.7,0.0,0.0,0.0,0.0,0.0,198.7,23628.0,44696.0,24.0,20.43,77.3,29.68,11.972,166.3,0.0,0.0,
2026-04-03T00:08:01,04/03/202600:08,20.389999999999997,0.0,0.0,51.7,0.0,0.0,0.0,0.0,0.0,198.7,23628.0,44696.0,24.0,20.439999999999998,77.4,29.68,11.966,166.4,0.0,0.0,
2026-04-03T00:09:00,04/03/202600:09,20.4,0.0,0.0,51.7,0.0,0.0,0.0,0.0,0.0,198.7,23628.0,44696.0,24.0,20.45,77.5,29.68,11.959999999999999,166.5,0.0,0.0,
2026-04-03T00:09:24,04/03/202600:09,20.389999999999997,0.0,0.0,51.7,0.0,0.0,0.0,0.0,0.0,198.7,23628.0,44696.0,23.9,20.46,77.6,29.68,11.953999999999999,166.6,0.0,0.0,
2026-04-03T00:10:00,04/03/202600:10,20.38,0.0,0.0,51.7,0.0,0.0,0.0,0.0,0.0,198.7,23628.0,44696.0,23.9,20.47,77.7,29.68,11.948,166.7,0.0,0.0,
2026-04-03T00:10:24,04/03/202600:10,20.38,0.0,0.0,51.7,0.0,0.0,0.0,0.0,0.0,198.7,23628.0,44696.0,24.0,20.48,77.8,29.68,11.942,166.8,0.0,0.0,
2026-04-03T00:11:00,04/03/202600:11,20.38,0.0,0.0,51.7,0.0,0.0,0.0,0.0,0.0,198.7,23628.0,44696.0,24.0,20.490000000000002,77.9,29.68,11.936,166.9,0.0,0.0,
2026-04-03T00:11:24,04/03/202600:11,20.369999999999997,0.0,0.0,51.7,0.0,0.0,0.0,0.0,0.0,198.7,23628.0,44696.0,23.9,20.5,78.0,29.68,11.93,167.0,0.0,0.0,
2026-04-03T00:12:01,04/03/202600:12,20.36,0.0,0.0,51.7,0.0,0.0,0.0,0.0,0.0,198.7,23628.0,44696.0,23.9,20.5,78.0,29.68,11.93,167.0,0.0,0.0,
2026-04-03T00:12:24,04/03/202600:12,20.36,0.0,0.0,51.7,0.0,0.0,0.0,0.0,0.0,198.7,23628.0,44696.0,24.0,20.5,78.0,29.68,11.93,167.0,0.0,0.0,
2026-04-03T00:13:00,04/03/202600:13,20.36,0.0,0.0,51.7,0.0,0.0,0.0,0.0,0.0,198.7,23628.0,44696.0,24.0,20.5,78.0,29.68,11.93,167.0,0.0,0.0,
2026-04-03T00:14:00,04/03/202600:14,20.36,0.0,0.0,51.7,0.0,0.0,0.0,0.0,0.0,198.7,23628.0,44696.0,24.0,20.5,78.0,29.68,11.93,167.0,0.0,0.0,
2026-04-03T00:15:01,04/03/202600:15,20.36,0.0,0.0,51.7,0.0,0.0,0.0,0.0,0.0,198.7,23628.0,44696.0,24.0,20.5,78.0,29.68,11.93,167.0,0.0,0.0,
2026-04-03T00:16:01,04/03/202600:16,20.369999999999997,0.0,0.0,51.7,0.0,0.0,0.0,0.0,0.0,198.7,23628.0,44696.0,24.0,20.5,78.0,29.68,11.93,167.0,0.0,0.0,
2026-04-03T00:17:00,04/03/202600:17,20.38,0.0,0.0,51.7,0.0,0.0,0.0,0.0,0.0,198.7,23628.0,44696.0,23.9,20.5,78.1,29.68,11.879999999999999,167.1,0.0,0.0,
2026-04-03T09:11:46,04/03/202609:11,117.8,1.7,200.26,54.3,3.3,179.18999999999997,179.0,0.0,1.0,198.7,23628.0,44696.0,23.8,21.0,85.0,29.77,17.27,177.0,96.0,1.0,0.8947867771896534
2026-04-03T09:12:01,04/03/202609:12,117.8,1.7,200.26,54.3,3.3,179.18999999999997,179.0,0.0,1.0,198.7,23628.0,44696.0,23.8,21.0,85.0,29.77,17.27,177.0,96.0,1.0,0.8947867771896534
2026-04-03T09:12:21,04/03/202609:12,115.89999999999999,1.7,197.02999999999997,54.26666666666667,3.266666666666667,177.27111111111114,177.0,0.0,1.0,198.7,23628.0,44696.0,23.8,21.0,85.0,29.77,17.27,177.0,96.0,1.0,0.8997163432528608
2026-04-03T09:13:01,04/03/202609:13,114.94999999999999,1.7,195.41499999999996,54.25,3.25,176.3125,176.0,0.0,1.0,198.7,23628.0,44696.0,23.8,21.0,85.0,29.77,17.27,177.0,96.0,1.0,0.9022465010362564
2026-04-03T09:13:21,04/03/202609:13,114.72,1.7,195.024,54.239999999999995,3.16,171.39839999999998,171.0,0.0,1.0,198.7,23628.0,44696.0,23.8,21.0,85.0,29.77,17.27,177.0,96.0,1.0,0.878857986709328
2026-04-03T09:14:01,04/03/202609:14,114.56666666666666,1.7,194.76333333333332,54.23333333333333,3.1,168.1233333333333,167.66666666666666,0.0,1.0,198.7,23628.0,44696.0,23.8,21.0,85.0,29.77,17.27,177.0,96.0,1.0,0.8632186071984801
2026-04-03T09:14:21,04/03/202609:14,115.95714285714284,1.6714285714285713,193.81408163265303,54.228571428571435,3.085714285714286,167.33387755102044,166.85714285714286,0.0,1.0,198.7,23628.0,44696.0,23.8,21.0,85.0,29.77,17.27,177.0,96.0,1.0,0.8633731674263894
2026-04-03T09:15:01,04/03/202609:15,117.0,1.65,193.04999999999998,54.225,3.075,166.74187500000002,166.25,0.0,1.0,198.7,23628.0,44696.0,23.8,21.0,85.0,29.77,17.27,177.0,96.0,1.0,0.8637237762237764
2026-04-03T09:15:22,04/03/202609:15,116.66666666666667,1.6222222222222222,189.25925925925927,54.211111111111116,3.033333333333333,164.44037037037037,164.0,0.0,1.0,198.7,23628.0,44696.0,23.8,21.0,85.0,29.77,17.27,177.0,96.0,1.0,0.8688630136986302
2026-04-03T09:16:01,04/03/202609:16,116.4,1.6,186.24,54.2,3.0,162.60000000000002,162.2,0.0,1.0,198.7,23628.0,44696.0,23.8,21.0,85.0,29.77,17.27,177.0,96.0,1.0,0.8730670103092785
2026-04-03T09:16:21,04/03/202609:16,117.25,1.56,182.91,54.18000000000001,2.91,157.66380000000004,157.2,0.0,1.0,198.7,23628.0,44696.0,23.8,21.0,85.0,29.77,17.339,176.9,95.9,1.02,0.8619747416762344
2026-04-03T09:17:01,04/03/202609:17,118.1,1.52,179.512,54.160000000000004,2.82,152.7312,152.2,0.0,1.0,198.7,23628.0,44696.0,23.8,21.0,85.0,29.77,17.407999999999998,176.8,95.8,1.04,0.8508133161014305
2026-04-03T09:17:21,04/03/202609:17,117.95,1.47,173.3865,54.15,2.7199999999999998,147.28799999999998,146.8,0.0,1.0,198.7,23628.0,44696.0,23.8,21.0,85.0,29.77,17.477,176.7,95.7,1.06,0.8494779005285877
2026-04-03T09:18:01,04/03/202609:18,117.8,1.42,167.27599999999998,54.14,2.62,141.8468,141.4,0.0,1.0,198.7,23628.0,44696.0,23.8,21.0,85.0,29.77,17.546,176.6,95.6,1.08,0.8479805829885938
2026-04-03T09:18:21,04/03/202609:18,118.69000000000001,1.3800000000000001,163.79220000000004,54.14,2.58,139.68120000000002,139.2,0.0,1.0,198.7,23628.0,44696.0,23.8,21.0,85.0,29.77,17.615000000000002,176.5,95.5,1.1,0.8527951880492477
2026-04-03T09:19:01,04/03/202609:19,119.58,1.34,160.2372,54.14,2.54,137.5156,137.0,0.0,1.0,198.7,23628.0,44696.0,23.8,21.0,85.0,29.77,17.684,176.4,95.4,1.1199999999999999,0.8582002181765533
2026-04-03T09:19:21,04/03/202609:19,119.13,1.3199999999999998,157.25159999999997,54.13000000000001,2.4699999999999998,133.7011,133.2,0.0,1.0,198.7,23628.0,44696.0,23.8,21.0,85.0,29.77,17.753,176.3,95.3,1.1400000000000001,0.8502368179401674
2026-04-03T09:20:01,04/03/202609:20,118.67999999999999,1.3,154.284,54.120000000000005,2.4,129.888,129.4,0.0,1.0,198.7,23628.0,44696.0,23.8,21.0,85.0,29.77,17.822,176.2,95.2,1.16,0.8418760208446762
2026-04-03T09:20:21,04/03/202609:20,118.32000000000001,1.29,152.6328,54.120000000000005,2.3600000000000003,127.72320000000003,127.2,0.0,1.0,198.7,23628.0,44696.0,23.8,21.0,85.0,29.77,17.891,176.1,95.1,1.18,0.8368004780099693
2026-04-03T09:21:01,04/03/202609:21,117.96,1.28,150.9888,54.120000000000005,2.32,125.5584,125.0,0.0,1.0,198.7,23628.0,44696.0,23.8,21.0,85.0,29.77,17.96,176.0,95.0,1.2,0.8315742624618515
2026-04-03T09:21:21,04/03/202609:21,117.27000000000001,1.28,150.1056,54.13000000000001,2.32,125.58160000000001,125.0,0.0,1.0,198.7,23628.0,44696.0,23.8,21.0,85.0,29.77,17.96,176.0,95.0,1.2,0.8366216850004263
2026-04-03T09:22:58,04/03/202609:22,116.97,1.26,147.3822,54.120000000000005,2.29,123.93480000000001,123.4,0.0,1.0,198.7,23628.0,44696.0,23.8,21.0,85.0,29.77,17.96,176.0,95.0,1.2,0.8409075180042095
2026-04-03T09:23:00,04/03/202609:23,118.24000000000001,1.25,147.8,54.11,2.2800000000000002,123.37080000000002,122.8,0.0,1.0,198.7,23628.0,44696.0,23.8,21.0,85.0,29.77,17.96,176.0,95.0,1.2,0.8347144790257105
2026-04-03T09:23:21,04/03/202609:23,118.67999999999999,1.2600000000000002,149.53680000000003,54.11,2.29,123.9119,123.3,0.0,1.0,198.7,23628.0,44696.0,23.8,21.0,85.0,29.77,17.96,176.0,95.0,1.2,0.8286381679961051
2026-04-03T09:24:00,04/03/202609:24,117.91,1.2600000000000002,148.56660000000002,54.1,2.28,123.348,122.8,0.0,1.0,198.7,23628.0,44696.0,23.8,21.0,85.0,29.77,17.96,176.0,95.0,1.2,0.8302539063288786
2026-04-03T09:24:21,04/03/202609:24,118.03,1.27,149.8981,54.089999999999996,2.3,124.40699999999998,123.9,0.0,1.0,198.7,23628.0,44696.0,23.8,21.0,85.0,29.77,17.96,176.0,95.0,1.2,0.8299438084939034
2026-04-03T09:25:00,04/03/202609:25,118.44000000000001,1.28,151.60320000000002,54.089999999999996,2.33,126.02969999999999,125.5,0.0,1.0,198.7,23628.0,44696.0,23.8,21.0,85.0,29.77,17.96,176.0,95.0,1.2,0.8313129274316108
2026-04-03T09:25:21,04/03/202609:25,119.12,1.29,153.6648,54.1,2.41,130.381,129.9,0.0,1.0,198.7,23628.0,44696.0,23.8,21.0,85.0,29.77,17.96,176.0,95.0,1.2,0.848476684315471
2026-04-03T09:26:00,04/03/202609:26,120.74000000000001,1.3,156.96200000000002,54.11,2.4899999999999998,134.73389999999998,134.3,0.0,1.0,198.7,23628.0,44696.0,23.8,21.0,85.0,29.77,17.96,176.0,95.0,1.2,0.8583854690944303
2026-04-03T09:26:22,04/03/202609:26,122.34,1.3,159.042,54.11,2.5100000000000002,135.8161,135.4,0.0,1.0,198.7,23628.0,44696.0,23.8,21.0,85.0,29.77,17.96,176.0,95.0,1.2,0.853963732850442
2026-04-03T09:27:00,04/03/202609:27,123.04,1.3,159.95200000000003,54.1,2.52,136.332,136.0,0.0,1.0,198.7,23628.0,44696.0,23.8,21.0,85.0,29.77,17.96,176.0,95.0,1.2,0.8523306992097628
2026-04-03T09:27:21,04/03/202609:27,123.03,1.3199999999999998,162.3996,54.11,2.57,139.06269999999998,138.7,0.0,1.0,198.7,23628.0,44696.0,23.8,21.0,85.0,29.77,17.96,176.0,95.0,1.2,0.8562995229052287
2026-04-03T09:28:00,04/03/202609:28,123.02000000000001,1.34,164.84680000000003,54.120000000000005,2.62,141.79440000000002,141.4,0.0,1.0,198.7,23628.0,44696.0,23.8,21.0,85.0,29.77,17.96,176.0,95.0,1.2,0.8601586442684965
2026-04-03T09:28:22,04/03/202609:28,123.65,1.35,166.9275,54.120000000000005,2.65,143.418,143.0,0.0,1.0,198.7,23628.0,44696.0,23.8,21.0,85.0,29.77,17.96,176.0,95.0,1.2,0.8591634092645011
2026-04-03T09:29:00,04/03/202609:29,124.84,1.34,167.28560000000002,54.13000000000001,2.67,144.52710000000002,144.1,0.0,1.0,198.7,23628.0,44696.0,23.8,21.0,85.0,29.77,17.96,176.0,95.0,1.2,0.8639542196100561
2026-04-03T09:30:00,04/03/202609:30,125.12,1.33,166.4096,54.13000000000001,2.65,143.44450000000003,143.0,0.0,1.0,198.7,23628.0,44696.0,23.8,21.04,85.0,29.77,18.022,176.1,102.6,1.2,0.8619965434686462
2026-04-03T09:31:00,04/03/202609:31,123.65,1.29,159.5085,54.13000000000001,2.55,138.03150000000002,137.6,0.1,1.0,198.7,23628.0,44696.0,23.8,21.130000000000003,85.1,29.77,18.171,176.6,127.5,1.23,0.8653551378139724
2026-04-03T09:32:00,04/03/202609:32,122.12,1.25,152.65,54.11,2.4,129.864,129.4,0.1,1.0,198.7,23628.0,44696.0,23.8,21.22,85.0,29.767000000000003,18.32,177.1,152.4,1.26,0.8507304290861448
2026-04-03T09:34:10,04/03/202609:34,120.8,1.22,147.376,54.1,2.2800000000000002,123.34800000000001,122.8,0.1,1.0,198.7,23628.0,44696.0,23.8,21.31,84.9,29.764,18.469,177.6,177.3,1.29,0.8369612419932689
2026-04-03T09:35:00,04/03/202609:35,120.25999999999999,1.17,140.7042,54.089999999999996,2.19,118.45709999999998,117.9,0.1,1.0,198.7,23628.0,44696.0,23.8,21.4,84.8,29.761000000000003,18.618000000000002,178.1,202.2,1.3199999999999998,0.8418874489887295
2026-04-03T09:35:30,04/03/202609:35,119.65,1.1199999999999999,134.00799999999998,54.089999999999996,2.1,113.589,113.0,0.1,2.0,198.7,23628.0,44696.0,23.8,21.49,84.7,29.758,18.767,178.6,227.1,1.35,0.8476284997910574
2026-04-03T09:36:01,04/03/202609:36,119.35999999999999,1.0699999999999998,127.71519999999997,54.089999999999996,2.0,108.17999999999999,107.6,0.1,2.0,198.7,23628.0,44696.0,23.8,21.58,84.6,29.755000000000003,18.916,179.1,252.0,1.3800000000000001,0.8470409160381851
2026-04-03T09:36:30,04/03/202609:36,119.07000000000001,1.04,123.8328,54.089999999999996,1.94,104.93459999999999,104.4,0.1,2.0,198.7,23628.0,44696.0,23.8,21.669999999999998,84.5,29.752,19.065,179.6,276.9,1.41,0.8473893831036687
2026-04-03T09:37:00,04/03/202609:37,118.97,1.0,118.97,54.089999999999996,1.8800000000000001,101.6892,101.2,0.1,2.0,198.7,23628.0,44696.0,23.8,21.759999999999998,84.4,29.749000000000002,19.214,180.1,301.8,1.44,0.854746574766748
2026-04-03T09:37:30,04/03/202609:37,117.17999999999999,1.0,117.17999999999999,54.08,1.83,98.96640000000001,98.5,0.1,2.0,198.7,23628.0,44696.0,23.8,21.85,84.3,29.746,19.363,180.6,326.7,1.47,0.844567332309268
2026-04-03T09:38:01,04/03/202609:38,115.41,0.99,114.2559,54.08,1.7899999999999998,96.80319999999999,96.4,0.1,2.0,198.7,23628.0,44696.0,23.8,21.9,84.2,29.743000000000002,19.45,181.0,344.0,1.5,0.8472490260896811
2026-04-03T09:38:30,04/03/202609:38,116.58,0.99,115.4142,54.07000000000001,1.81,97.86670000000002,97.5,0.1,2.0,198.7,23628.0,44696.0,23.8,21.9,84.0,29.74,19.45,181.0,344.0,1.5,0.8479606495561207
2026-04-03T09:39:01,04/03/202609:39,117.54,0.99,116.36460000000001,54.07000000000001,1.83,98.94810000000001,98.6,0.1,2.0,198.7,23628.0,44696.0,23.8,21.9,84.0,29.74,19.45,181.0,344.0,1.5,0.8503281925946551
2026-04-03T09:39:30,04/03/202609:39,117.82000000000001,1.01,118.99820000000001,54.07000000000001,1.89,102.1923,101.9,0.1,2.0,198.7,23628.0,44696.0,23.8,21.9,84.0,29.74,19.45,181.0,344.0,1.5,0.85877181335516
2026-04-03T09:40:00,04/03/202609:40,117.34,1.06,124.38040000000001,54.08,1.98,107.0784,106.8,0.1,2.0,198.7,23628.0,44696.0,23.8,21.9,84.0,29.74,19.45,181.0,344.0,1.5,0.8608944817672237
2026-04-03T09:40:31,04/03/202609:40,116.52000000000001,1.1300000000000001,131.66760000000002,54.08,2.07,111.94559999999998,111.7,0.1,2.0,198.7,23628.0,44696.0,23.8,21.9,84.0,29.74,19.45,181.0,344.0,1.5,0.8502137200040099
2026-04-03T09:41:01,04/03/202609:41,115.7,1.2,138.84,54.08,2.16,116.81280000000001,116.6,0.1,2.0,198.7,23628.0,44696.0,23.8,21.9,84.0,29.74,19.45,181.0,344.0,1.5,0.8413483146067416
2026-04-03T09:41:30,04/03/202609:41,115.1,1.21,139.271,54.08,2.1399999999999997,115.73119999999997,115.5,0.1,2.0,198.7,23628.0,44696.0,23.8,21.9,84.0,29.74,19.45,181.0,344.0,1.5,0.8309784520826301
2026-04-03T09:42:01,04/03/202609:42,114.5,1.22,139.69,54.08,2.12,114.6496,114.4,0.1,2.0,198.7,23628.0,44696.0,23.8,21.9,84.0,29.74,19.45,181.0,344.0,1.5,0.8207430739494596
2026-04-03T09:42:30,04/03/202609:42,114.72999999999999,1.2,137.676,54.08,2.09,113.0272,112.7,0.1,2.0,198.7,23628.0,44696.0,23.8,21.9,84.0,29.74,19.45,181.0,344.0,1.5,0.8209651645893257
2026-04-03T09:43:00,04/03/202609:43,114.96,1.1800000000000002,135.6528,54.08,2.06,111.4048,111.0,0.1,2.0,198.7,23628.0,44696.0,23.8,21.9,84.0,29.74,19.45,181.0,344.0,1.5,0.8212495429508273
2026-04-03T09:43:30,04/03/202609:43,114.0,1.1800000000000002,134.52,54.089999999999996,2.04,110.3436,109.9,0.1,2.0,198.7,23628.0,44696.0,23.8,21.9,84.0,29.74,19.45,181.0,344.0,1.5,0.8202765388046386
2026-04-03T09:44:01,04/03/202609:44,113.04,1.1800000000000002,133.38720000000004,54.1,2.02,109.28200000000001,108.8,0.1,2.0,198.7,23628.0,44696.0,23.8,21.9,84.0,29.74,19.45,181.0,344.0,1.5,0.8192840092602587
2026-04-03T09:45:22,04/03/202609:45,112.21,1.1300000000000001,126.7973,54.1,1.9,102.78999999999999,102.3,0.1,2.0,198.7,23628.0,44696.0,23.8,21.9,84.0,29.74,19.45,181.0,344.0,1.5,0.8106639494689555
2026-04-03T09:45:30,04/03/202609:45,111.55999999999999,1.08,120.48479999999999,54.1,1.77,95.757,95.8,0.1,2.0,198.7,23628.0,44696.0,23.8,21.9,84.0,29.74,19.45,181.0,344.0,1.5,0.7947641528225968
2026-04-03T09:46:00,04/03/202609:46,111.32000000000001,1.01,112.43320000000001,54.1,1.64,88.724,89.3,0.1,2.0,198.7,23628.0,44696.0,23.8,21.9,84.0,29.74,19.45,181.0,344.0,1.5,0.7891263434643859
2026-04-03T09:46:30,04/03/202609:46,111.72,0.9700000000000001,108.36840000000001,54.11,1.5699999999999998,84.9527,85.5,0.1,2.0,198.7,23628.0,44696.0,23.8,21.91,83.9,29.74,19.518,181.2,342.2,1.53,0.7839250187323978
2026-04-03T09:47:01,04/03/202609:47,111.9,0.9700000000000001,108.54300000000002,54.120000000000005,1.5699999999999998,84.9684,85.5,0.1,2.0,198.7,23628.0,44696.0,23.8,21.919999999999998,83.8,29.74,19.586,181.4,340.4,1.56,0.7828086564771564
2026-04-03T09:47:30,04/03/202609:47,112.14000000000001,0.96,107.65440000000001,54.120000000000005,1.58,85.5096,86.0,0.1,2.0,198.7,23628.0,44696.0,23.8,21.93,83.7,29.74,19.654,181.6,338.6,1.59,0.7942973069377564
2026-04-03T09:48:00,04/03/202609:48,112.67999999999999,0.96,108.1728,54.120000000000005,1.6,86.59200000000001,87.1,0.1,2.0,198.7,23628.0,44696.0,23.8,21.939999999999998,83.6,29.74,19.722,181.8,336.8,1.6199999999999999,0.800496982605609
2026-04-03T09:48:09,04/03/202609:48,113.45,0.9400000000000001,106.64300000000001,54.11,1.5699999999999998,84.9527,85.5,0.1,2.0,198.7,23628.0,44696.0,23.8,21.95,83.5,29.74,19.79,182.0,335.0,1.65,0.7966083099687742
2026-04-03T09:49:00,04/03/202609:49,114.22,0.9200000000000002,105.08240000000002,54.1,1.55,83.855,84.4,0.1,2.0,198.7,23628.0,44696.0,23.8,21.96,83.4,29.74,19.857999999999997,182.2,333.2,1.6800000000000002,0.7979928132589281
2026-04-03T09:49:10,04/03/202609:49,114.85999999999999,0.9,103.374,54.1,1.51,81.691,82.2,0.1,2.0,198.7,23628.0,44696.0,23.8,21.97,83.3,29.74,19.926,182.4,331.4,1.7100000000000002,0.7902470640586609
2026-04-03T09:50:01,04/03/202609:50,115.84,0.9,104.256,54.1,1.5,81.15,81.6,0.1,2.0,198.7,23628.0,44696.0,23.8,21.98,83.2,29.74,19.994,182.6,329.6,1.7399999999999998,0.778372467771639
2026-04-03T09:50:10,04/03/202609:50,116.55,0.8800000000000001,102.56400000000001,54.1,1.49,80.609,80.5,0.1,2.0,198.7,23628.0,44696.0,23.8,21.990000000000002,83.1,29.74,20.062,182.8,327.8,1.77,0.7859385359385358
2026-04-03T09:51:00,04/03/202609:51,117.25999999999999,0.86,100.8436,54.1,1.48,80.068,79.4,0.1,2.0,198.7,23628.0,44696.0,23.8,22.0,83.0,29.74,20.13,183.0,326.0,1.8,0.7939819681169653
2026-04-03T09:51:09,04/03/202609:51,115.67999999999999,0.8300000000000001,96.01440000000001,54.08,1.4300000000000002,77.3344,76.7,0.1,2.0,198.7,23628.0,44696.0,23.8,22.0,83.0,29.74,20.13,183.0,326.0,1.8,0.8054458497891982
2026-04-03T09:52:00,04/03/202609:52,114.1,0.8,91.28,54.06,1.3800000000000001,74.60280000000002,74.0,0.1,2.0,198.7,23628.0,44696.0,23.8,22.0,83.0,29.74,20.13,183.0,326.0,1.8,0.8172962313759862
2026-04-03T09:52:10,04/03/202609:52,112.47999999999999,0.79,88.8592,54.06,1.34,72.44040000000001,71.9,0.1,2.0,198.7,23628.0,44696.0,23.8,22.0,83.0,29.74,20.13,183.0,326.0,1.8,0.8152267857464395
2026-04-03T09:53:00,04/03/202609:53,110.85999999999999,0.78,86.4708,54.06,1.3,70.278,69.8,0.1,2.0,198.7,23628.0,44696.0,23.8,22.0,83.0,29.74,20.13,183.0,326.0,1.8,0.8127367851344038
2026-04-03T09:53:09,04/03/202609:53,110.08,0.8099999999999999,89.16479999999999,54.07000000000001,1.35,72.99450000000002,72.5,0.1,2.0,198.7,23628.0,44696.0,23.8,22.0,83.0,29.74,20.13,183.0,326.0,1.8,0.8186470445736437
2026-04-03T09:54:01,04/03/202609:54,109.3,0.8400000000000001,91.81200000000001,54.08,1.4,75.71199999999999,75.2,0.1,2.0,198.7,23628.0,44696.0,23.8,22.0,83.0,29.74,20.13,183.0,326.0,1.8,0.8246416590423907
2026-04-03T09:54:10,04/03/202609:54,109.04,0.8700000000000001,94.86480000000002,54.08,1.49,80.5792,80.1,0.1,2.0,198.7,23628.0,44696.0,23.8,22.0,83.0,29.74,20.13,183.0,326.0,1.8,0.849410951164183
2026-04-03T09:54:41,04/03/202609:54,108.72,0.89,96.7608,54.08,1.53,82.7424,82.3,0.1,2.0,198.7,23628.0,44696.0,23.8,22.0,83.0,29.74,20.13,183.0,326.0,1.8,0.8551231490438277
2026-04-03T09:55:01,04/03/202609:55,108.49000000000001,0.93,100.89570000000002,54.08,1.58,85.4464,85.0,0.1,2.0,198.7,23628.0,44696.0,23.8,22.0,83.0,29.74,20.13,183.0,326.0,1.8,0.8468785091931567
2026-04-03T09:56:33,04/03/202609:56,108.55999999999999,0.9800000000000001,106.3888,54.089999999999996,1.67,90.3303,89.9,0.1,2.0,198.7,23628.0,44696.0,23.8,22.0,83.0,29.74,20.13,183.0,326.0,1.8,0.8490583595265666
2026-04-03T09:56:41,04/03/202609:56,110.04,1.0,110.04,54.1,1.7,91.97,91.5,0.1,2.0,198.7,23628.0,44696.0,23.8,22.0,83.0,29.74,20.13,183.0,326.0,1.8,0.8357869865503452
2026-04-03T09:57:01,04/03/202609:57,111.52000000000001,1.02,113.75040000000001,54.11,1.73,93.6103,93.1,0.1,2.0,198.7,23628.0,44696.0,23.8,22.0,83.0,29.74,20.13,183.0,326.0,1.8,0.8229447984358735
2026-04-03T09:57:41,04/03/202609:57,112.89000000000001,1.02,115.14780000000002,54.11,1.75,94.6925,94.1,0.1,2.0,198.7,23628.0,44696.0,23.8,22.0,83.0,29.74,20.13,183.0,326.0,1.8,0.8223561370690536
2026-04-03T09:58:00,04/03/202609:58,114.25999999999999,1.02,116.5452,54.11,1.77,95.7747,95.1,0.1,2.0,198.7,23628.0,44696.0,23.8,22.0,83.0,29.74,20.13,183.0,326.0,1.8,0.8217815920346784
2026-04-03T09:58:08,04/03/202609:58,114.55999999999999,1.0,114.55999999999999,54.11,1.75,94.6925,94.0,0.1,2.0,198.7,23628.0,44696.0,23.8,22.0,83.0,29.74,20.13,183.0,326.0,1.8,0.826575593575419
2026-04-03T09:58:41,04/03/202609:58,115.49000000000001,0.9800000000000001,113.18020000000001,54.11,1.7,91.987,91.3,0.1,2.0,198.7,23628.0,44696.0,23.8,22.0,83.0,29.74,20.13,183.0,326.0,1.8,0.8127481661986813
2026-04-03T09:59:01,04/03/202609:59,116.03,0.96,111.3888,54.11,1.6300000000000001,88.19930000000001,87.5,0.1,2.0,198.7,23628.0,44696.0,23.8,22.0,83.0,29.74,20.13,183.0,326.0,1.8,0.7918147964606855
2026-04-03T09:59:41,04/03/202609:59,115.96,0.9700000000000001,112.4812,54.11,1.6600000000000001,89.82260000000001,89.1,0.1,2.0,198.7,23628.0,44696.0,23.8,22.0,83.0,29.74,20.13,183.0,326.0,1.8,0.7985565587849348
2026-04-03T10:00:00,04/03/202610:00,115.89000000000001,0.9800000000000001,113.57220000000002,54.11,1.69,91.4459,90.7,0.1,2.0,198.7,23628.0,44696.0,23.8,22.0,83.0,29.74,20.13,183.0,326.0,1.8,0.8051785560198709
2026-04-03T10:00:40,04/03/202610:00,115.09,0.9800000000000001,112.78820000000002,54.1,1.69,91.429,90.7,0.1,2.0,198.7,23628.0,44696.0,23.8,22.009999999999998,82.9,29.74,20.198999999999998,183.0,320.0,1.8199999999999998,0.8106255796262374
2026-04-03T10:01:01,04/03/202610:01,114.53,0.99,113.3847,54.1,1.73,93.593,92.9,0.1,2.0,198.7,23628.0,44696.0,23.8,22.02,82.8,29.74,20.268,183.0,314.0,1.8399999999999999,0.8254464667631524
2026-04-03T10:01:41,04/03/202610:01,115.4,0.9800000000000001,113.09200000000001,54.1,1.73,93.593,92.9,0.1,2.0,198.7,23628.0,44696.0,23.8,22.03,82.7,29.74,20.337,183.0,308.0,1.86,0.8275828528985251
2026-04-03T10:02:00,04/03/202610:02,116.35999999999999,0.9800000000000001,114.0328,54.1,1.72,93.052,92.4,0.1,2.0,198.7,23628.0,44696.0,23.8,22.04,82.6,29.74,20.406,183.0,302.0,1.8800000000000001,0.8160108319711522
2026-04-03T10:02:41,04/03/202610:02,116.47,0.99,115.3053,54.1,1.72,93.052,92.4,0.1,2.0,198.7,23628.0,44696.0,23.8,22.05,82.5,29.74,20.475,183.0,296.0,1.9,0.8070054021801253
2026-04-03T10:03:00,04/03/202610:03,116.58,1.0,116.58,54.1,1.72,93.052,92.4,0.1,2.0,198.7,23628.0,44696.0,23.8,22.060000000000002,82.4,29.74,20.544,183.0,290.0,1.92,0.7981815062617945
2026-04-03T10:03:41,04/03/202610:03,115.55,1.01,116.7055,54.1,1.7399999999999998,94.13399999999999,93.5,0.1,2.0,198.7,23628.0,44696.0,23.8,22.07,82.3,29.74,20.613,183.0,284.0,1.94,0.8065943764432695
2026-04-03T10:04:01,04/03/202610:04,114.52000000000001,1.02,116.81040000000002,54.1,1.7600000000000002,95.21600000000001,94.6,0.1,2.0,198.7,23628.0,44696.0,23.8,22.080000000000002,82.2,29.74,20.682,183.0,278.0,1.9600000000000002,0.8151328991254203
2026-04-03T10:04:40,04/03/202610:04,114.72,1.02,117.0144,54.1,1.7600000000000002,95.21600000000001,94.6,0.1,2.0,198.7,23628.0,44696.0,23.8,22.09,82.1,29.74,20.750999999999998,183.0,272.0,1.98,0.8137118166652995
2026-04-03T10:05:00,04/03/202610:05,114.92,1.02,117.2184,54.1,1.7600000000000002,95.21600000000001,94.6,0.1,2.0,198.7,23628.0,44696.0,23.8,22.1,82.0,29.74,20.82,183.0,266.0,2.0,0.8122956805416215
2026-04-03T10:05:41,04/03/202610:05,115.9,1.02,118.218,54.1,1.77,95.757,95.1,0.1,2.0,198.7,23628.0,44696.0,23.8,22.1,82.0,29.74,20.82,183.0,266.0,2.0,0.8100035527584631
2026-04-03T10:06:00,04/03/202610:06,116.88,1.02,119.2176,54.1,1.78,96.298,95.6,0.1,2.0,198.7,23628.0,44696.0,23.8,22.1,82.0,29.74,20.82,183.0,266.0,2.0,0.8077498624364188
2026-04-03T10:06:40,04/03/202610:06,116.80999999999999,1.03,120.31429999999999,54.1,1.7899999999999998,96.839,96.1,0.1,2.0,198.7,23628.0,44696.0,23.8,22.1,82.0,29.74,20.82,183.0,266.0,2.0,0.8048835425215457
2026-04-03T10:07:01,04/03/202610:07,116.74000000000001,1.04,121.40960000000001,54.1,1.8,97.38000000000001,96.6,0.1,2.0,198.7,23628.0,44696.0,23.8,22.1,82.0,29.74,20.82,183.0,266.0,2.0,0.8020782541084066
2026-04-03T10:07:41,04/03/202610:07,115.94000000000001,1.06,122.89640000000001,54.1,1.8,97.38000000000001,96.6,0.1,2.0,198.7,23628.0,44696.0,23.8,22.1,82.0,29.74,20.82,183.0,266.0,2.0,0.792374715614127
2026-04-03T10:08:00,04/03/202610:08,115.14000000000001,1.08,124.35120000000002,54.1,1.8,97.38000000000001,96.6,0.1,2.0,198.7,23628.0,44696.0,23.8,22.1,82.0,29.74,20.82,183.0,266.0,2.0,0.7831046262520989
2026-04-03T10:09:23,04/03/202610:09,116.12,1.08,125.40960000000001,54.11,1.8399999999999999,99.5624,98.8,0.1,2.0,198.7,23628.0,44696.0,23.8,22.1,82.0,29.74,20.82,183.0,266.0,2.0,0.793897755833684
2026-04-03T10:09:41,04/03/202610:09,117.46,1.09,128.0314,54.120000000000005,1.8800000000000001,101.74560000000001,101.0,0.1,2.0,198.7,23628.0,44696.0,23.8,22.1,82.0,29.74,20.82,183.0,266.0,2.0,0.7946925519833418
2026-04-03T10:10:01,04/03/202610:10,118.23999999999998,1.09,128.8816,54.13000000000001,1.89,102.30570000000002,101.6,0.1,2.0,198.7,23628.0,44696.0,23.8,22.1,82.0,29.74,20.82,183.0,266.0,2.0,0.7937960112227038
2026-04-03T10:10:41,04/03/202610:10,118.96,1.1099999999999999,132.04559999999998,54.14,1.9300000000000002,104.49020000000002,103.8,0.1,3.0,198.7,23628.0,44696.0,23.8,22.1,82.0,29.74,20.82,183.0,266.0,2.0,0.7913190594764236
2026-04-03T10:11:01,04/03/202610:11,119.33,1.1300000000000001,134.84290000000001,54.15,1.95,105.5925,104.9,0.1,3.0,198.7,23628.0,44696.0,23.8,22.1,82.0,29.74,20.82,183.0,266.0,2.0,0.7830779373626642
2026-04-03T10:11:42,04/03/202610:11,118.69000000000001,1.19,141.24110000000002,54.160000000000004,2.04,110.4864,109.8,0.1,3.0,198.7,23628.0,44696.0,23.8,22.1,82.0,29.74,20.82,183.0,266.0,2.0,0.7822538906876255
2026-04-03T10:12:01,04/03/202610:12,117.67,1.26,148.26420000000002,54.17,2.17,117.5489,116.9,0.1,3.0,198.7,23628.0,44696.0,23.8,22.1,82.0,29.74,20.82,183.0,266.0,2.0,0.7928340084794575
2026-04-03T10:12:41,04/03/202610:12,118.00999999999999,1.33,156.95329999999998,54.19,2.34,126.8046,126.2,0.1,3.0,198.7,23628.0,44696.0,23.8,22.1,82.0,29.74,20.82,183.0,266.0,2.0,0.807912926966174
2026-04-03T10:13:01,04/03/202610:13,119.92999999999999,1.3800000000000001,165.5034,54.21,2.51,136.06709999999998,135.5,0.1,3.0,198.7,23628.0,44696.0,23.8,22.1,82.0,29.74,20.82,183.0,266.0,2.0,0.8221408140255728
2026-04-03T10:13:41,04/03/202610:13,121.75,1.41,171.6675,54.239999999999995,2.67,144.8208,144.3,0.1,3.0,198.7,23628.0,44696.0,23.8,22.1,82.0,29.74,20.82,183.0,266.0,2.0,0.8436122154746821
2026-04-03T10:14:01,04/03/202610:14,122.3,1.46,178.558,54.260000000000005,2.8,151.928,151.4,0.1,3.0,198.7,23628.0,44696.0,23.8,22.1,82.0,29.74,20.82,183.0,266.0,2.0,0.8508607847310118
2026-04-03T10:14:41,04/03/202610:14,122.52000000000001,1.54,188.68080000000003,54.3,3.02,163.986,163.4,0.1,3.0,198.7,23628.0,44696.0,23.8,22.1,82.0,29.74,20.82,183.0,266.0,2.0,0.8691186384624189
2026-04-03T10:15:01,04/03/202610:15,122.74000000000001,1.6199999999999999,198.8388,54.339999999999996,3.2399999999999998,176.06159999999997,175.4,0.1,3.0,198.7,23628.0,44696.0,23.8,22.1,82.0,29.74,20.82,183.0,266.0,2.0,0.8854489164086686
2026-04-03T10:15:41,04/03/202610:15,124.42,1.65,205.29299999999998,54.379999999999995,3.3899999999999997,184.34819999999996,183.7,0.1,3.0,198.7,23628.0,44696.0,23.8,22.110000000000003,81.9,29.74,20.801,183.1,275.3,2.0,0.8979760634800017
2026-04-03T10:16:01,04/03/202610:16,126.1,1.6800000000000002,211.848,54.42,3.54,192.6468,192.0,0.1,3.0,198.7,23628.0,44696.0,23.8,22.12,81.8,29.74,20.782,183.2,284.6,2.0,0.9093633170952758
2026-04-03T10:16:42,04/03/202610:16,128.37,1.6800000000000002,215.66160000000002,54.46,3.62,197.14520000000002,196.5,0.1,3.0,198.7,23628.0,44696.0,23.8,22.130000000000003,81.7,29.74,20.762999999999998,183.3,293.9,2.0,0.9141414141414141
2026-04-03T10:17:01,04/03/202610:17,130.64000000000001,1.6800000000000002,219.47520000000006,54.5,3.7,201.65,201.0,0.1,3.0,198.7,23628.0,44696.0,23.8,22.14,81.6,29.74,20.744,183.4,303.2,2.0,0.918782623275887
2026-04-03T10:17:41,04/03/202610:17,131.53,1.67,219.6551,54.52,3.71,202.2692,201.7,0.1,3.0,198.7,23628.0,44696.0,23.8,22.15,81.5,29.74,20.725,183.5,312.5,2.0,0.9208490947854159
2026-04-03T10:18:01,04/03/202610:18,132.42000000000002,1.6600000000000001,219.81720000000004,54.54,3.72,202.8888,202.4,0.1,3.0,198.7,23628.0,44696.0,23.8,22.16,81.4,29.74,20.706,183.6,321.8,2.0,0.9229887379149583
2026-04-03T10:18:42,04/03/202610:18,132.51,1.67,221.29169999999996,54.56,3.72,202.96320000000003,202.5,0.1,3.0,198.7,23628.0,44696.0,23.8,22.169999999999998,81.3,29.74,20.687,183.7,331.1,2.0,0.9171749324534091
2026-04-03T10:19:01,04/03/202610:19,132.6,1.6800000000000002,222.768,54.58,3.72,203.0376,202.6,0.1,3.0,198.7,23628.0,44696.0,23.8,22.18,81.2,29.74,20.668,183.8,340.4,2.0,0.9114307261366085
2026-04-03T10:20:35,04/03/202610:20,133.72,1.64,219.30079999999998,54.58,3.65,199.21699999999998,198.9,0.1,3.0,198.7,23628.0,44696.0,23.8,22.19,81.1,29.74,20.648999999999997,183.9,349.7,2.0,0.9084189387362016
2026-04-03T10:20:41,04/03/202610:20,134.97,1.59,214.6023,54.58,3.5699999999999994,194.85059999999996,194.6,0.1,3.0,198.7,23628.0,44696.0,23.8,22.2,81.0,29.74,20.63,184.0,359.0,2.0,0.9079613778603489
2026-04-03T10:21:00,04/03/202610:21,134.82,1.5699999999999998,211.66739999999996,54.58,3.53,192.6674,192.4,0.1,3.0,198.7,23628.0,44696.0,23.8,22.2,81.0,29.74,20.63,184.0,359.0,2.0,0.9102365314639856
2026-04-03T10:21:42,04/03/202610:21,134.38,1.56,209.6328,54.58,3.4899999999999998,190.4842,190.2,0.1,3.0,198.7,23628.0,44696.0,23.8,22.2,81.0,29.74,20.63,184.0,359.0,2.0,0.9086564697890788
2026-04-03T10:22:00,04/03/202610:22,134.36,1.54,206.91440000000003,54.58,3.45,188.30100000000002,188.0,0.1,3.0,198.7,23628.0,44696.0,23.8,22.2,81.0,29.74,20.63,184.0,359.0,2.0,0.9100429936244167
2026-04-03T10:22:42,04/03/202610:22,134.32,1.52,204.16639999999998,54.58,3.4,185.572,185.3,0.1,3.0,198.7,23628.0,44696.0,23.8,22.2,81.0,29.74,20.63,184.0,359.0,2.0,0.9089252688003512
2026-04-03T10:23:00,04/03/202610:23,134.3,1.51,202.793,54.589999999999996,3.38,184.5142,184.2,0.1,3.0,198.7,23628.0,44696.0,23.8,22.2,81.0,29.74,20.63,184.0,359.0,2.0,0.9098647389209686
2026-04-03T10:23:41,04/03/202610:23,134.18,1.49,199.9282,54.6,3.34,182.364,182.0,0.2,3.0,198.7,23628.0,44696.0,23.8,22.2,81.0,29.74,20.63,184.0,359.0,2.0,0.9121474609384769
2026-04-03T10:24:00,04/03/202610:24,134.95999999999998,1.47,198.39119999999997,54.6,3.3200000000000003,181.27200000000002,180.9,0.2,3.0,198.7,23628.0,44696.0,23.8,22.2,81.0,29.74,20.63,184.0,359.0,2.0,0.9137098822931665
2026-04-03T10:24:42,04/03/202610:24,136.18,1.45,197.461,54.6,3.3200000000000003,181.27200000000002,180.9,0.2,3.0,198.7,23628.0,44696.0,23.8,22.2,81.0,29.74,20.63,184.0,359.0,2.0,0.9180141901438765
2026-04-03T10:25:00,04/03/202610:25,136.34,1.44,196.3296,54.6,3.3,180.18,179.8,0.2,3.0,198.7,23628.0,44696.0,23.8,22.2,81.0,29.74,20.63,184.0,359.0,2.0,0.917742408684172
2026-04-03T10:25:42,04/03/202610:25,136.34,1.44,196.3296,54.61,3.28,179.12079999999997,178.7,0.2,3.0,198.7,23628.0,44696.0,23.8,22.2,81.0,29.74,20.63,184.0,359.0,2.0,0.9123473994751682
2026-04-03T10:26:00,04/03/202610:26,136.34,1.44,196.3296,54.620000000000005,3.2600000000000002,178.0612,177.6,0.2,3.0,198.7,23628.0,44696.0,23.8,22.2,81.0,29.74,20.63,184.0,359.0,2.0,0.90695035287598
2026-04-03T10:26:42,04/03/202610:26,136.63,1.42,194.01459999999997,54.620000000000005,3.2299999999999995,176.4226,176.0,0.2,3.0,198.7,23628.0,44696.0,23.8,22.2,81.0,29.74,20.63,184.0,359.0,2.0,0.9093264115174838
2026-04-03T10:27:05,04/03/202610:27,136.92000000000002,1.4,191.68800000000002,54.620000000000005,3.2,174.78400000000002,174.4,0.2,3.0,198.7,23628.0,44696.0,23.8,22.2,81.0,29.74,20.63,184.0,359.0,2.0,0.9118150327615709
2026-04-03T10:27:42,04/03/202610:27,137.37,1.39,190.9443,54.620000000000005,3.18,173.69160000000002,173.3,0.2,3.0,198.7,23628.0,44696.0,23.8,22.2,81.0,29.74,20.63,184.0,359.0,2.0,0.909645378259524
2026-04-03T10:28:00,04/03/202610:28,137.82,1.38,190.19159999999997,54.620000000000005,3.16,172.59920000000002,172.2,0.2,3.0,198.7,23628.0,44696.0,23.8,22.2,81.0,29.74,20.63,184.0,359.0,2.0,0.9075016982874116
2026-04-03T10:28:42,04/03/202610:28,138.39000000000001,1.38,190.97820000000002,54.620000000000005,3.15,172.053,171.6,0.2,4.0,198.7,23628.0,44696.0,23.8,22.2,81.0,29.74,20.63,184.0,351.0,2.0,0.9009038727980471
2026-04-03T10:29:00,04/03/202610:29,138.95999999999998,1.38,191.76479999999995,54.620000000000005,3.1399999999999997,171.5068,171.0,0.2,4.0,198.7,23628.0,44696.0,23.8,22.2,81.0,29.74,20.63,184.0,343.0,2.0,0.8943601745471538
2026-04-03T10:29:34,04/03/202610:29,138.92000000000002,1.38,191.7096,54.620000000000005,3.12,170.41440000000003,169.9,0.2,4.0,198.7,23628.0,44696.0,23.8,22.2,81.0,29.74,20.63,184.0,335.0,2.0,0.8889194907297289
2026-04-03T10:30:00,04/03/202610:30,138.88,1.38,191.65439999999998,54.620000000000005,3.1,169.32200000000003,168.8,0.2,4.0,198.7,23628.0,44696.0,23.8,22.2,81.0,29.74,20.63,184.0,327.0,2.0,0.883475672877847
2026-04-03T10:31:48,04/03/202610:31,139.03,1.3699999999999999,190.47109999999998,54.61,3.0900000000000003,168.7449,168.3,0.2,4.0,198.7,23628.0,44696.0,23.8,22.22,80.9,29.74,20.648999999999997,184.0,339.6,2.0,0.8859344015968827
2026-04-03T10:32:01,04/03/202610:32,139.18,1.3599999999999999,189.2848,54.6,3.08,168.168,167.8,0.2,4.0,198.7,23628.0,44696.0,23.8,22.24,80.8,29.74,20.668,184.0,352.2,2.0,0.8884390083091723
2026-04-03T10:32:35,04/03/202610:32,139.57999999999998,1.3599999999999999,189.82879999999997,54.6,3.06,167.076,166.7,0.2,4.0,198.7,23628.0,44696.0,23.8,22.259999999999998,80.7,29.74,20.712,184.0,364.8,2.0,0.8801404212637914
2026-04-03T10:33:00,04/03/202610:33,139.98,1.3599999999999999,190.37279999999996,54.6,3.04,165.984,165.6,0.2,4.0,198.7,23628.0,44696.0,23.8,22.279999999999998,80.6,29.74,20.756,184.0,377.4,2.0,0.8718892614911377
2026-04-03T10:33:35,04/03/202610:33,140.18,1.3599999999999999,190.6448,54.6,3.0300000000000002,165.43800000000002,165.0,0.2,4.0,198.7,23628.0,44696.0,23.8,22.3,80.5,29.74,20.8,184.0,390.0,2.0,0.8677813399578693
2026-04-03T10:34:00,04/03/202610:34,140.38,1.3599999999999999,190.91679999999997,54.6,3.02,164.892,164.4,0.2,4.0,198.7,23628.0,44696.0,23.8,22.32,80.4,29.74,20.844,184.0,402.6,2.0,0.863685123572153
2026-04-03T10:34:35,04/03/202610:34,140.51,1.35,189.6885,54.6,3.0100000000000002,164.346,163.9,0.2,4.0,198.7,23628.0,44696.0,23.8,22.339999999999996,80.3,29.74,20.887999999999998,184.0,423.2,2.0,0.8663993863623783
2026-04-03T10:35:00,04/03/202610:35,140.64000000000001,1.34,188.45760000000004,54.6,3.0,163.8,163.4,0.2,4.0,198.7,23628.0,44696.0,23.8,22.36,80.2,29.74,20.932,184.0,443.8,2.0,0.8691610208343944
2026-04-03T10:35:35,04/03/202610:35,140.69,1.3199999999999998,185.71079999999998,54.6,2.9699999999999998,162.16199999999998,161.7,0.2,4.0,198.7,23628.0,44696.0,23.8,22.38,80.1,29.74,20.976,184.0,464.4,2.0,0.8731963892245362
2026-04-03T10:36:00,04/03/202610:36,140.74,1.3,182.96200000000002,54.6,2.94,160.524,160.0,0.2,4.0,198.7,23628.0,44696.0,23.8,22.4,80.0,29.74,21.02,184.0,485.0,2.0,0.8773625124342759
2026-04-03T10:36:35,04/03/202610:36,140.55,1.3,182.71500000000003,54.6,2.93,159.978,159.4,0.2,4.0,198.7,23628.0,44696.0,23.8,22.4,80.0,29.74,21.044999999999998,184.0,485.0,2.0,0.8755602988260405
2026-04-03T10:37:00,04/03/202610:37,140.35999999999999,1.3,182.468,54.6,2.92,159.432,158.8,0.2,4.0,198.7,23628.0,44696.0,23.8,22.4,80.0,29.74,21.07,184.0,485.0,2.0,0.8737532060416073
2026-04-03T10:37:28,04/03/202610:37,139.91,1.3,181.883,54.6,2.92,159.432,158.8,0.2,4.0,198.7,23628.0,44696.0,23.8,22.4,80.2,29.74,21.07,184.0,485.0,2.0,0.876563505110428
2026-04-03T10:38:00,04/03/202610:38,139.45999999999998,1.3,181.29799999999997,54.6,2.92,159.432,158.8,0.2,4.0,198.7,23628.0,44696.0,23.8,22.4,80.4,29.74,21.07,184.0,485.0,2.0,0.8793919403413165
2026-04-03T10:38:28,04/03/202610:38,139.09,1.29,179.42610000000002,54.6,2.8899999999999997,157.79399999999998,157.2,0.2,4.0,198.7,23628.0,44696.0,23.8,22.4,80.6,29.74,21.07,184.0,485.0,2.0,0.8794372725038329
2026-04-03T10:39:01,04/03/202610:39,138.72,1.28,177.5616,54.6,2.8600000000000003,156.15600000000003,155.6,0.2,4.0,198.7,23628.0,44696.0,23.8,22.4,80.8,29.74,21.07,184.0,485.0,2.0,0.8794469074394465
2026-04-03T10:39:28,04/03/202610:39,138.19,1.28,176.8832,54.6,2.84,155.064,154.5,0.2,4.0,198.7,23628.0,44696.0,23.8,22.4,81.0,29.74,21.07,184.0,485.0,2.0,0.8766462841015993
2026-04-03T10:40:00,04/03/202610:40,137.66,1.28,176.2048,54.6,2.82,153.972,153.4,0.2,4.0,198.7,23628.0,44696.0,23.8,22.4,81.2,29.74,21.07,184.0,485.0,2.0,0.8738240955978498
2026-04-03T10:40:28,04/03/202610:40,137.4,1.29,177.246,54.6,2.82,153.972,153.4,0.2,4.0,198.7,23628.0,44696.0,23.8,22.4,81.4,29.74,21.07,184.0,485.0,2.0,0.868690971869605
2026-04-03T10:41:01,04/03/202610:41,137.14000000000001,1.3,178.28200000000004,54.6,2.82,153.972,153.4,0.2,4.0,198.7,23628.0,44696.0,23.8,22.4,81.6,29.74,21.07,184.0,485.0,2.0,0.8636429925623449
2026-04-03T10:41:28,04/03/202610:41,136.94,1.29,176.6526,54.61,2.79,152.3619,151.8,0.2,4.0,198.7,23628.0,44696.0,23.8,22.4,81.8,29.74,21.07,184.0,485.0,2.0,0.8624945231488242
2026-04-03T10:42:59,04/03/202610:42,136.78,1.28,175.07840000000002,54.61,2.77,151.2697,150.7,0.2,4.0,198.7,23628.0,44696.0,23.8,22.4,82.0,29.74,21.07,184.0,485.0,2.0,0.8640112086927912
2026-04-03T10:43:01,04/03/202610:43,136.63,1.27,173.52009999999999,54.61,2.7600000000000002,150.7236,150.1,0.2,4.0,198.7,23628.0,44696.0,23.8,22.4,82.0,29.74,21.07,184.0,485.0,2.0,0.8686232891751446
2026-04-03T10:43:28,04/03/202610:43,136.52,1.27,173.3804,54.620000000000005,2.7399999999999998,149.6588,149.0,0.2,4.0,198.7,23628.0,44696.0,23.8,22.4,82.0,29.74,21.07,184.0,485.0,2.0,0.8631817667971697
2026-04-03T10:44:00,04/03/202610:44,136.39000000000001,1.27,173.2153,54.63000000000001,2.7399999999999998,149.6862,149.0,0.2,4.0,198.7,23628.0,44696.0,23.8,22.4,82.0,29.74,21.07,184.0,485.0,2.0,0.864162692325678
2026-04-03T10:44:28,04/03/202610:44,135.70999999999998,1.27,172.35169999999997,54.63000000000001,2.75,150.23250000000002,149.5,0.2,4.0,198.7,23628.0,44696.0,23.8,22.4,82.0,29.74,21.07,184.0,485.0,2.0,0.8716624205041206
2026-04-03T10:45:01,04/03/202610:45,135.24,1.27,171.75480000000002,54.63000000000001,2.7600000000000002,150.77880000000005,150.0,0.2,4.0,198.7,23628.0,44696.0,23.8,22.4,82.0,29.74,21.07,184.0,485.0,2.0,0.8778724088060423
2026-04-03T10:45:28,04/03/202610:45,134.5,1.28,172.16,54.63000000000001,2.79,152.41770000000002,151.6,0.2,4.0,198.7,23628.0,44696.0,23.8,22.4,82.0,29.74,21.07,184.0,485.0,2.0,0.8853258596654277
2026-04-03T10:46:00,04/03/202610:46,133.74,1.29,172.52460000000002,54.63000000000001,2.81,153.51030000000003,152.7,0.2,4.0,198.7,23628.0,44696.0,23.8,22.4,82.0,29.74,21.07,184.0,485.0,2.0,0.8897878911181363
2026-04-03T10:46:27,04/03/202610:46,133.62,1.28,171.0336,54.63000000000001,2.79,152.41770000000002,151.6,0.2,4.0,198.7,23628.0,44696.0,23.8,22.4,81.9,29.74,21.000999999999998,184.0,479.9,1.9899999999999998,0.891156474517288
2026-04-03T10:47:00,04/03/202610:47,133.52,1.28,170.90560000000002,54.620000000000005,2.7800000000000002,151.84360000000004,151.0,0.2,4.0,198.7,23628.0,44696.0,23.8,22.4,81.8,29.74,20.932,184.0,474.8,1.98,0.8884647431096466
2026-04-03T10:48:01,04/03/202610:48,133.54000000000002,1.28,170.93120000000002,54.620000000000005,2.77,151.2974,150.5,0.2,4.0,198.7,23628.0,44696.0,23.8,22.4,81.7,29.74,20.863,184.0,469.7,1.97,0.8851362419499775
2026-04-03T10:49:00,04/03/202610:49,133.56,1.28,170.95680000000002,54.620000000000005,2.7600000000000002,150.7512,150.0,0.2,4.0,198.7,23628.0,44696.0,23.8,22.4,81.6,29.74,20.794,184.0,464.6,1.9600000000000002,0.8818087376460018
2026-04-03T10:49:01,04/03/202610:49,133.55,1.28,170.94400000000002,54.61,2.75,150.1775,149.5,0.2,4.0,198.7,23628.0,44696.0,23.8,22.4,81.5,29.74,20.725,184.0,459.5,1.95,0.8785186961812055
2026-04-03T10:49:33,04/03/202610:49,133.48,1.27,169.5196,54.6,2.73,149.058,148.4,0.2,5.0,198.7,23628.0,44696.0,23.8,22.4,81.4,29.74,20.656,184.0,454.4,1.94,0.8792965533189082
2026-04-03T10:50:01,04/03/202610:50,133.95999999999998,1.26,168.78959999999998,54.6,2.7,147.42000000000002,146.8,0.2,5.0,198.7,23628.0,44696.0,23.8,22.4,81.3,29.74,20.587,184.0,449.3,1.9300000000000002,0.8733950432965066
2026-04-03T10:50:33,04/03/202610:50,134.7,1.24,167.028,54.6,2.67,145.782,145.2,0.2,5.0,198.7,23628.0,44696.0,23.8,22.4,81.2,29.74,20.518,184.0,444.2,1.92,0.8727997700984267
2026-04-03T10:51:00,04/03/202610:51,135.70999999999998,1.21,164.20909999999998,54.6,2.62,143.05200000000002,142.5,0.2,5.0,198.7,23628.0,44696.0,23.8,22.4,81.1,29.74,20.448999999999998,184.0,439.1,1.9099999999999997,0.8711575667852759
2026-04-03T10:51:34,04/03/202610:51,136.75,1.1800000000000002,161.365,54.6,2.57,140.322,139.8,0.2,5.0,198.7,23628.0,44696.0,23.8,22.4,81.0,29.74,20.38,184.0,434.0,1.9,0.8695937780807486
2026-04-03T10:52:00,04/03/202610:52,137.15,1.17,160.4655,54.6,2.56,139.776,139.3,0.2,5.0,198.7,23628.0,44696.0,23.8,22.4,81.0,29.74,20.38,184.0,434.0,1.9,0.8710657431036579
2026-04-03T10:52:33,04/03/202610:52,137.69,1.16,159.72039999999998,54.6,2.55,139.23,138.8,0.2,5.0,198.7,23628.0,44696.0,23.8,22.4,81.0,29.74,20.38,184.0,434.0,1.9,0.8717108146485985
2026-04-03T10:54:10,04/03/202610:54,138.10999999999999,1.16,160.20759999999999,54.6,2.54,138.684,138.2,0.2,5.0,198.7,23628.0,44696.0,23.8,22.4,81.0,29.74,20.38,184.0,434.0,1.9,0.8656518167677439
2026-04-03T10:54:33,04/03/202610:54,138.5,1.16,160.66,54.6,2.52,137.592,137.1,0.2,5.0,198.7,23628.0,44696.0,23.8,22.4,81.0,29.74,20.38,184.0,434.0,1.9,0.8564172787252584
2026-04-03T10:55:01,04/03/202610:55,138.88,1.15,159.712,54.6,2.5100000000000002,137.04600000000002,136.5,0.2,5.0,198.7,23628.0,44696.0,23.8,22.4,81.0,29.74,20.38,184.0,434.0,1.9,0.8580820476858347
2026-04-03T10:55:33,04/03/202610:55,139.24,1.1400000000000001,158.73360000000002,54.6,2.5100000000000002,137.04600000000002,136.5,0.2,5.0,198.7,23628.0,44696.0,23.8,22.4,81.0,29.74,20.38,184.0,434.0,1.9,0.8633710821149397
2026-04-03T10:56:01,04/03/202610:56,139.6,1.1300000000000001,157.74800000000002,54.6,2.5100000000000002,137.04600000000002,136.5,0.2,5.0,198.7,23628.0,44696.0,23.8,22.4,81.0,29.74,20.38,184.0,434.0,1.9,0.8687653726196212
2026-04-03T10:56:33,04/03/202610:56,139.66,1.1300000000000001,157.81580000000002,54.6,2.5100000000000002,137.04600000000002,136.5,0.2,5.0,198.7,23628.0,44696.0,23.8,22.4,81.0,29.74,20.38,184.0,434.0,1.9,0.8683921381762789
2026-04-03T10:57:01,04/03/202610:57,139.72,1.1300000000000001,157.8836,54.6,2.5100000000000002,137.04600000000002,136.5,0.2,5.0,198.7,23628.0,44696.0,23.8,22.4,81.0,29.74,20.38,184.0,434.0,1.9,0.8680192242892867
2026-04-03T10:57:33,04/03/202610:57,139.48,1.1300000000000001,157.6124,54.6,2.52,137.592,137.0,0.2,5.0,198.7,23628.0,44696.0,23.8,22.4,81.0,29.74,20.38,184.0,434.0,1.9,0.872976999271631
2026-04-03T10:58:01,04/03/202610:58,139.24,1.1300000000000001,157.34120000000001,54.6,2.5300000000000002,138.138,137.5,0.2,5.0,198.7,23628.0,44696.0,23.8,22.4,81.0,29.74,20.38,184.0,434.0,1.9,0.8779518651186085
2026-04-03T10:58:33,04/03/202610:58,138.60999999999999,1.1400000000000001,158.0154,54.61,2.54,138.7094,138.0,0.2,5.0,198.7,23628.0,44696.0,23.8,22.4,81.0,29.74,20.38,184.0,434.0,1.9,0.877822035067468
2026-04-03T10:59:01,04/03/202610:59,137.94,1.1400000000000001,157.25160000000002,54.620000000000005,2.54,138.7348,138.0,0.2,5.0,198.7,23628.0,44696.0,23.8,22.4,81.0,29.74,20.38,184.0,434.0,1.9,0.8822473030481088
2026-04-03T10:59:33,04/03/202610:59,137.49,1.1400000000000001,156.73860000000002,54.620000000000005,2.5300000000000002,138.18860000000004,137.5,0.2,5.0,198.7,23628.0,44696.0,23.8,22.4,81.0,29.74,20.38,184.0,434.0,1.9,0.8816500849184568
2026-04-03T11:00:01,04/03/202611:00,137.04000000000002,1.1400000000000001,156.22560000000004,54.620000000000005,2.52,137.6424,137.0,0.2,5.0,198.7,23628.0,44696.0,23.8,22.4,81.0,29.74,20.38,184.0,434.0,1.9,0.881048944603189
2026-04-03T11:00:33,04/03/202611:00,136.70999999999998,1.15,157.21649999999997,54.620000000000005,2.52,137.6424,137.0,0.2,5.0,198.7,23628.0,44696.0,23.8,22.4,81.0,29.74,20.38,184.0,434.0,1.9,0.8754958926066922
2026-04-03T11:01:01,04/03/202611:01,136.38,1.16,158.2008,54.620000000000005,2.52,137.6424,137.0,0.2,5.0,198.7,23628.0,44696.0,23.8,22.4,81.0,29.74,20.38,184.0,434.0,1.9,0.8700486976045635
2026-04-03T11:01:33,04/03/202611:01,135.82,1.17,158.90939999999998,54.620000000000005,2.52,137.6424,137.0,0.2,5.0,198.7,23628.0,44696.0,23.8,22.43,80.9,29.74,20.368000000000002,184.2,442.3,1.89,0.8661690246140256
2026-04-03T11:02:01,04/03/202611:02,135.26,1.1800000000000002,159.60680000000002,54.620000000000005,2.52,137.6424,137.0,0.2,5.0,198.7,23628.0,44696.0,23.8,22.46,80.8,29.74,20.356,184.4,450.6,1.8800000000000001,0.8623843094404499
2026-04-03T11:02:34,04/03/202611:02,134.85999999999999,1.1800000000000002,159.1348,54.620000000000005,2.5100000000000002,137.0962,136.5,0.3,5.0,198.7,23628.0,44696.0,23.8,22.49,80.7,29.74,20.344,184.6,458.9,1.8699999999999999,0.8615098645927854
2026-04-03T11:03:01,04/03/202611:03,134.45999999999998,1.1800000000000002,158.6628,54.620000000000005,2.5,136.55,136.0,0.3,5.0,198.7,23628.0,44696.0,23.8,22.52,80.6,29.74,20.332,184.8,467.2,1.86,0.8606302170389026
2026-04-03T11:03:33,04/03/202611:03,133.67000000000002,1.1800000000000002,157.73060000000004,54.61,2.4699999999999998,134.8867,134.4,0.3,5.0,198.7,23628.0,44696.0,23.8,22.55,80.5,29.74,20.32,185.0,475.5,1.85,0.8551714125223638
2026-04-03T11:04:01,04/03/202611:04,132.88,1.1800000000000002,156.79840000000002,54.6,2.44,133.224,132.8,0.3,5.0,198.7,23628.0,44696.0,23.8,22.58,80.4,29.74,20.308,185.2,483.8,1.8399999999999999,0.8496515270563983
2026-04-03T11:05:22,04/03/202611:05,131.92000000000002,1.16,153.02720000000002,54.589999999999996,2.41,131.5619,131.1,0.3,5.0,198.7,23628.0,44696.0,23.8,22.61,80.3,29.74,20.296,185.4,492.1,1.83,0.859728858660421
2026-04-03T11:05:33,04/03/202611:05,130.9,1.15,150.535,54.58,2.4,130.992,130.5,0.3,5.0,198.7,23628.0,44696.0,23.8,22.639999999999997,80.2,29.74,20.284,185.6,500.4,1.8199999999999998,0.8701763709436343
2026-04-03T11:06:00,04/03/202611:06,129.84,1.1400000000000001,148.01760000000002,54.57000000000001,2.38,129.87660000000002,129.4,0.3,5.0,198.7,23628.0,44696.0,23.8,22.669999999999998,80.1,29.74,20.272000000000002,185.8,508.7,1.81,0.8774402503486073
2026-04-03T11:06:33,04/03/202611:06,129.3,1.1400000000000001,147.40200000000002,54.57000000000001,2.3899999999999997,130.4223,129.9,0.3,5.0,198.7,23628.0,44696.0,23.9,22.7,80.0,29.74,20.26,186.0,517.0,1.8,0.8848068547238165
2026-04-03T11:07:00,04/03/202611:07,129.03,1.1400000000000001,147.09420000000003,54.57000000000001,2.4,130.96800000000002,130.4,0.3,5.0,198.7,23628.0,44696.0,23.9,22.7,80.0,29.74,20.26,186.0,517.0,1.8,0.8903682130226752
2026-04-03T11:07:34,04/03/202611:07,129.24,1.1199999999999999,144.7488,54.57000000000001,2.38,129.87660000000002,129.3,0.3,5.0,198.7,23628.0,44696.0,23.8,22.7,80.0,29.74,20.26,186.0,517.0,1.8,0.8972551067780875
2026-04-03T11:08:01,04/03/202611:08,129.56,1.1099999999999999,143.8116,54.57000000000001,2.36,128.7852,128.2,0.3,5.0,198.7,23628.0,44696.0,23.8,22.7,80.0,29.74,20.26,186.0,517.0,1.8,0.8955132965630033
2026-04-03T11:09:08,04/03/202611:09,129.72,1.1099999999999999,143.98919999999998,54.57000000000001,2.36,128.7852,128.2,0.3,5.0,198.7,23628.0,44696.0,23.9,22.7,80.0,29.74,20.26,186.0,517.0,1.8,0.894408747322716
2026-04-03T11:09:09,04/03/202611:09,130.59,1.1099999999999999,144.95489999999998,54.57000000000001,2.36,128.7852,128.2,0.3,5.0,198.7,23628.0,44696.0,23.8,22.7,80.0,29.74,20.26,186.0,517.0,1.8,0.888450131730628
2026-04-03T11:10:00,04/03/202611:10,131.45999999999998,1.1099999999999999,145.92059999999995,54.57000000000001,2.36,128.7852,128.2,0.3,5.0,198.7,23628.0,44696.0,23.8,22.7,80.0,29.74,20.26,186.0,517.0,1.8,0.8825703841678286
2026-04-03T11:10:08,04/03/202611:10,132.54000000000002,1.1199999999999999,148.44480000000001,54.58,2.38,129.9004,129.3,0.3,5.0,198.7,23628.0,44696.0,23.8,22.7,80.0,29.74,20.26,186.0,517.0,1.8,0.8750754489210802
2026-04-03T11:11:00,04/03/202611:11,133.68,1.1199999999999999,149.7216,54.589999999999996,2.38,129.92419999999998,129.3,0.3,5.0,198.7,23628.0,44696.0,23.8,22.7,80.0,29.74,20.26,186.0,517.0,1.8,0.8677719180131657
2026-04-03T11:11:08,04/03/202611:11,134.57,1.1199999999999999,150.71839999999997,54.6,2.4,131.04,130.4,0.3,5.0,198.7,23628.0,44696.0,23.8,22.7,80.0,29.74,20.26,186.0,517.0,1.8,0.8694359812736867
2026-04-03T11:12:01,04/03/202611:12,134.94,1.1099999999999999,149.78339999999997,54.6,2.3899999999999997,130.494,129.9,0.3,5.0,198.7,23628.0,44696.0,23.8,22.7,80.0,29.74,20.26,186.0,517.0,1.8,0.8712180388480968
2026-04-03T11:12:08,04/03/202611:12,135.29000000000002,1.1,148.81900000000005,54.6,2.36,128.856,128.3,0.3,5.0,198.7,23628.0,44696.0,23.8,22.7,80.0,29.74,20.26,186.0,517.0,1.8,0.8658571822146363
2026-04-03T11:13:01,04/03/202611:13,135.16,1.11,150.0276,54.6,2.36,128.856,128.3,0.3,5.0,198.7,23628.0,44696.0,23.8,22.7,80.0,29.74,20.26,186.0,517.0,1.8,0.8588819657183078
2026-04-03T11:13:09,04/03/202611:13,135.07,1.12,151.2784,54.6,2.3899999999999997,130.494,129.9,0.3,5.0,198.7,23628.0,44696.0,23.8,22.7,80.0,29.74,20.26,186.0,517.0,1.8,0.8626082771896053
2026-04-03T11:14:00,04/03/202611:14,135.14000000000001,1.12,151.35680000000002,54.6,2.4,131.04,130.4,0.3,5.0,198.7,23628.0,44696.0,23.8,22.7,80.0,29.74,20.26,186.0,517.0,1.8,0.8657688323220363
2026-04-03T11:14:08,04/03/202611:14,135.29000000000002,1.11,150.17190000000002,54.6,2.3899999999999997,130.494,129.9,0.3,6.0,198.7,23628.0,44696.0,23.8,22.7,80.0,29.74,20.26,186.0,517.0,1.8,0.8689641670645439
2026-04-03T11:15:00,04/03/202611:15,135.44,1.1,148.984,54.6,2.38,129.948,129.4,0.3,6.0,198.7,23628.0,44696.0,23.8,22.7,80.0,29.74,20.26,186.0,517.0,1.8,0.8722278902432476
2026-04-03T11:15:09,04/03/202611:15,135.31,1.1,148.841,54.6,2.37,129.40200000000002,128.9,0.3,6.0,198.7,23628.0,44696.0,23.8,22.7,80.0,29.74,20.26,186.0,517.0,1.8,0.8693975450312751
2026-04-03T11:16:41,04/03/202611:16,135.71,1.09,147.92390000000003,54.6,2.37,129.40200000000002,128.9,0.3,6.0,198.7,23628.0,44696.0,23.8,22.72,79.9,29.74,20.223000000000003,186.2,517.5,1.8,0.8747876441873151
2026-04-03T11:17:01,04/03/202611:17,136.36,1.08,147.26880000000003,54.6,2.35,128.31,127.8,0.3,6.0,198.7,23628.0,44696.0,23.8,22.74,79.8,29.74,20.186,186.4,518.0,1.8,0.8712639744467259
2026-04-03T11:17:42,04/03/202611:17,136.77,1.07,146.34390000000002,54.6,2.33,127.218,126.7,0.3,6.0,198.7,23628.0,44696.0,23.8,22.759999999999998,79.7,29.74,20.149,186.6,518.5,1.8,0.8693085260130418
2026-04-03T11:18:01,04/03/202611:18,137.2,1.06,145.432,54.6,2.33,127.218,126.7,0.3,6.0,198.7,23628.0,44696.0,23.8,22.779999999999998,79.6,29.74,20.112000000000002,186.8,519.0,1.8,0.8747593376973432
2026-04-03T11:18:42,04/03/202611:18,137.51,1.05,144.3855,54.61,2.3,125.603,125.1,0.3,6.0,198.7,23628.0,44696.0,23.8,22.8,79.5,29.74,20.075,187.0,519.5,1.8,0.8699142226885663
2026-04-03T11:19:00,04/03/202611:19,137.78,1.04,143.2912,54.620000000000005,2.2399999999999998,122.3488,121.9,0.3,6.0,198.7,23628.0,44696.0,23.8,22.82,79.4,29.74,20.038,187.2,520.0,1.8,0.8538472704534542
2026-04-03T11:19:13,04/03/202611:19,138.09,1.03,142.2327,54.620000000000005,2.19,119.6178,119.2,0.3,6.0,198.7,23628.0,44696.0,23.8,22.839999999999996,79.3,29.74,20.001,187.4,520.5,1.8,0.8410006981516909
2026-04-03T11:20:01,04/03/202611:20,138.25,1.02,141.01500000000001,54.620000000000005,2.18,119.07160000000002,118.6,0.3,6.0,198.7,23628.0,44696.0,23.8,22.86,79.2,29.74,19.964000000000002,187.6,521.0,1.8,0.844389603942843
2026-04-03T11:20:13,04/03/202611:20,138.74,1.02,141.5148,54.63000000000001,2.19,119.63970000000002,119.1,0.3,6.0,198.7,23628.0,44696.0,23.8,22.88,79.1,29.74,19.927,187.8,521.5,1.8,0.8454218216045248
2026-04-03T11:21:01,04/03/202611:21,139.28,1.02,142.06560000000002,54.64,2.2,120.20800000000001,119.6,0.3,6.0,198.7,23628.0,44696.0,23.8,22.9,79.0,29.74,19.89,188.0,522.0,1.8,0.8461443164284669
2026-04-03T11:21:13,04/03/202611:21,139.43,1.01,140.82430000000002,54.64,2.18,119.11520000000002,118.5,0.3,6.0,198.7,23628.0,44696.0,23.8,22.9,79.0,29.74,19.89,188.0,522.0,1.8,0.8458426564165418
2026-04-03T11:22:00,04/03/202611:22,139.57999999999998,1.0,139.57999999999998,54.64,2.16,118.0224,117.4,0.3,6.0,198.7,23628.0,44696.0,23.8,22.9,79.0,29.74,19.89,188.0,522.0,1.8,0.8455538042699529
2026-04-03T11:22:14,04/03/202611:22,139.67000000000002,0.99,138.2733,54.63000000000001,2.1399999999999997,116.90820000000001,116.3,0.3,6.0,198.7,23628.0,44696.0,23.8,22.9,79.0,29.74,19.89,188.0,522.0,1.8,0.8454864388135671
2026-04-03T11:23:01,04/03/202611:23,139.76,0.9800000000000001,136.9648,54.620000000000005,2.12,115.79440000000001,115.2,0.3,6.0,198.7,23628.0,44696.0,23.8,22.9,79.0,29.74,19.89,188.0,522.0,1.8,0.8454318189783069
2026-04-03T11:23:14,04/03/202611:23,139.63,0.9800000000000001,136.8374,54.61,2.1399999999999997,116.86539999999998,116.3,0.3,6.0,198.7,23628.0,44696.0,23.8,22.9,79.0,29.74,19.89,188.0,522.0,1.8,0.8540457506500414
2026-04-03T11:24:00,04/03/202611:24,139.5,0.9800000000000001,136.71,54.6,2.16,117.936,117.4,0.3,6.0,198.7,23628.0,44696.0,23.8,22.9,79.0,29.74,19.89,188.0,522.0,1.8,0.8626728110599078
2026-04-03T11:24:14,04/03/202611:24,139.26999999999998,0.99,137.8773,54.6,2.16,117.936,117.4,0.3,6.0,198.7,23628.0,44696.0,23.8,22.9,79.0,29.74,19.89,188.0,522.0,1.8,0.8553692304679597
2026-04-03T11:25:00,04/03/202611:25,139.04,1.0,139.04,54.6,2.16,117.936,117.4,0.3,6.0,198.7,23628.0,44696.0,23.8,22.9,79.0,29.74,19.89,188.0,522.0,1.8,0.848216340621404
2026-04-03T11:25:13,04/03/202611:25,138.55,0.99,137.1645,54.589999999999996,2.14,116.8226,116.3,0.3,6.0,198.7,23628.0,44696.0,23.8,22.9,79.0,29.74,19.89,188.0,522.0,1.8,0.851697049892647
2026-04-03T11:26:01,04/03/202611:26,138.06,0.9800000000000001,135.29880000000003,54.58,2.12,115.70960000000001,115.2,0.3,6.0,198.7,23628.0,44696.0,23.8,22.9,79.0,29.74,19.89,188.0,522.0,1.8,0.8552152716801626
2026-04-03T11:26:14,04/03/202611:26,137.35999999999999,1.0,137.35999999999999,54.58,2.15,117.347,116.9,0.3,6.0,198.7,23628.0,44696.0,23.8,22.9,79.0,29.74,19.89,188.0,522.0,1.8,0.8543025626092021
2026-04-03T11:27:44,04/03/202611:27,136.85,1.01,138.2185,54.58,2.16,117.89280000000001,117.5,0.3,6.0,198.7,23628.0,44696.0,23.8,22.9,79.0,29.74,19.89,188.0,522.0,1.8,0.8529451556774238
2026-04-03T11:28:00,04/03/202611:28,136.64000000000001,1.02,139.3728,54.589999999999996,2.1700000000000004,118.46030000000002,118.1,0.3,6.0,198.7,23628.0,44696.0,23.8,22.9,79.0,29.74,19.89,188.0,522.0,1.8,0.8499527884924463
2026-04-03T11:28:14,04/03/202611:28,136.52,1.03,140.6156,54.6,2.18,119.028,118.7,0.3,6.0,198.7,23628.0,44696.0,23.8,22.9,79.0,29.74,19.89,188.0,522.0,1.8,0.8464779156793415
2026-04-03T11:29:01,04/03/202611:29,136.70999999999998,1.03,140.8113,54.6,2.16,117.936,117.6,0.3,6.0,198.7,23628.0,44696.0,23.8,22.9,79.0,29.74,19.89,188.0,522.0,1.8,0.837546418504765
2026-04-03T11:29:11,04/03/202611:29,136.88,1.03,140.9864,54.6,2.14,116.84400000000001,116.5,0.3,6.0,198.7,23628.0,44696.0,23.8,22.9,79.0,29.74,19.89,188.0,522.0,1.8,0.8287607882746137
2026-04-03T11:30:01,04/03/202611:30,137.10999999999999,1.02,139.85219999999998,54.6,2.13,116.298,116.0,0.3,6.0,198.7,23628.0,44696.0,23.8,22.9,79.0,29.74,19.89,188.0,522.0,1.8,0.8315779086778757
2026-04-03T11:30:11,04/03/202611:30,137.31,1.0,137.31,54.6,2.12,115.75200000000001,115.5,0.3,6.0,198.7,23628.0,44696.0,23.8,22.9,79.0,29.74,19.89,188.0,522.0,1.8,0.8429975966790475
2026-04-03T11:31:00,04/03/202611:31,137.44,0.99,136.0656,54.6,2.1100000000000003,115.20600000000002,115.0,0.3,6.0,198.7,23628.0,44696.0,23.8,22.9,79.0,29.74,19.89,188.0,522.0,1.8,0.8466945355769572
2026-04-03T11:31:11,04/03/202611:31,137.5,0.9800000000000001,134.75,54.6,2.1,114.66000000000001,114.5,0.3,6.0,198.7,23628.0,44696.0,23.8,22.91,78.9,29.743000000000002,19.921,188.5,520.0,1.8,0.850909090909091
2026-04-03T11:32:01,04/03/202611:32,137.63,0.96,132.1248,54.6,2.06,112.476,112.3,0.3,6.0,198.7,23628.0,44696.0,23.8,22.919999999999998,78.8,29.746,19.952,189.0,518.0,1.8,0.8512860568190075
2026-04-03T11:32:11,04/03/202611:32,137.04000000000002,0.96,131.5584,54.6,2.05,111.92999999999999,111.7,0.3,6.0,198.7,23628.0,44696.0,23.8,22.97,78.7,29.749000000000002,20.044999999999998,189.1,526.8,1.8,0.8508008610624634
2026-04-03T11:33:01,04/03/202611:33,136.45,0.96,130.992,54.6,2.04,111.384,111.1,0.3,6.0,198.7,23628.0,44696.0,23.8,23.02,78.6,29.752,20.137999999999998,189.2,535.6,1.8,0.8503114694027116
2026-04-03T11:33:10,04/03/202611:33,135.22,0.95,128.459,54.589999999999996,2.0100000000000002,109.72590000000001,109.4,0.3,6.0,198.7,23628.0,44696.0,23.8,23.07,78.5,29.755000000000003,20.231,189.3,544.4,1.8,0.8541705913949198
2026-04-03T11:34:01,04/03/202611:34,134.02,0.9400000000000001,125.97880000000002,54.58,2.0,109.16,108.8,0.3,6.0,198.7,23628.0,44696.0,23.8,23.119999999999997,78.4,29.758,20.324,189.4,553.2,1.8,0.8664949975710197
2026-04-03T11:34:11,04/03/202611:34,132.8,0.93,123.50400000000002,54.56,1.95,106.392,106.0,0.3,6.0,198.7,23628.0,44696.0,23.8,23.169999999999998,78.2,29.758,20.417,189.5,562.0,1.8,0.86144578313253
2026-04-03T11:35:01,04/03/202611:35,131.57999999999998,0.9199999999999999,121.05359999999997,54.54,1.9,103.62599999999999,103.2,0.3,6.0,198.7,23628.0,44696.0,23.8,23.22,78.0,29.758,20.509999999999998,189.6,570.8,1.8,0.8560340212930472
2026-04-03T11:35:11,04/03/202611:35,130.39000000000001,0.9199999999999999,119.95880000000001,54.510000000000005,1.86,101.38860000000001,100.9,0.3,6.0,198.7,23628.0,44696.0,23.8,23.27,77.8,29.758,20.603,189.7,579.6,1.8,0.84519518367973
2026-04-03T11:36:01,04/03/202611:36,129.2,0.9199999999999999,118.86399999999998,54.48,1.8199999999999998,99.15359999999998,98.6,0.3,6.0,198.7,23628.0,44696.0,23.8,23.32,77.6,29.758,20.696,189.8,588.4,1.8,0.8341768744110917
2026-04-03T11:36:11,04/03/202611:36,128.13,0.93,119.1609,54.46,1.8199999999999998,99.1172,98.5,0.3,6.0,198.7,23628.0,44696.0,23.8,23.36,77.5,29.755000000000003,20.758000000000003,189.4,599.2,1.8,0.8317929790728334
2026-04-03T11:37:01,04/03/202611:37,127.05999999999999,0.9400000000000001,119.43639999999999,54.44,1.8199999999999998,99.08079999999998,98.4,0.3,6.0,198.7,23628.0,44696.0,23.8,23.4,77.4,29.752,20.82,189.0,610.0,1.8,0.8295695449628421
2026-04-03T11:37:11,04/03/202611:37,126.46,0.9400000000000001,118.8724,54.42999999999999,1.8199999999999998,99.06259999999997,98.4,0.3,6.0,198.7,23628.0,44696.0,23.8,23.4,77.3,29.749000000000002,20.82,189.0,610.0,1.8,0.8333524013984741
2026-04-03T11:38:55,04/03/202611:38,125.87,0.9199999999999999,115.8004,54.410000000000004,1.78,96.8498,96.2,0.3,6.0,198.7,23628.0,44696.0,23.8,23.4,77.2,29.746,20.82,189.0,610.0,1.8,0.8363511697714343
2026-04-03T11:39:01,04/03/202611:39,125.83,0.9099999999999999,114.50529999999999,54.4,1.7600000000000002,95.74400000000001,95.1,0.3,6.0,198.7,23628.0,44696.0,23.8,23.4,77.1,29.743000000000002,20.82,189.0,610.0,1.8,0.8361534356924966
2026-04-03T11:39:11,04/03/202611:39,125.83,0.9199999999999999,115.76359999999998,54.39,1.7600000000000002,95.72640000000001,95.1,0.3,6.0,198.7,23628.0,44696.0,23.8,23.4,77.0,29.74,20.82,189.0,610.0,1.8,0.8269127774188089
2026-04-03T11:40:01,04/03/202611:40,125.87,0.93,117.05910000000002,54.39,1.8,97.902,97.3,0.3,6.0,198.7,23628.0,44696.0,23.8,23.4,77.0,29.74,20.82,189.0,610.0,1.8,0.8363467684272302
2026-04-03T11:40:10,04/03/202611:40,125.89000000000001,0.96,120.85440000000001,54.4,1.8800000000000001,102.272,101.7,0.3,6.0,198.7,23628.0,44696.0,23.8,23.4,77.0,29.74,20.82,189.0,610.0,1.8,0.8462414277014324
2026-04-03T11:41:01,04/03/202611:41,125.91,0.99,124.6509,54.42,1.95,106.119,105.6,0.3,6.0,198.7,23628.0,44696.0,23.8,23.4,77.0,29.74,20.82,189.0,610.0,1.8,0.8513295932881352
2026-04-03T11:41:11,04/03/202611:41,125.99000000000001,1.01,127.24990000000001,54.45,2.0,108.9,108.4,0.3,6.0,198.7,23628.0,44696.0,23.9,23.4,77.0,29.74,20.82,189.0,610.0,1.8,0.8557963503311201
2026-04-03T11:42:01,04/03/202611:42,126.02000000000001,1.02,128.5404,54.470000000000006,2.0100000000000002,109.48470000000002,109.0,0.3,6.0,198.7,23628.0,44696.0,23.9,23.4,77.0,29.74,20.82,189.0,610.0,1.8,0.8517532231111776
2026-04-03T11:42:11,04/03/202611:42,126.75999999999999,1.02,129.2952,54.489999999999995,2.0300000000000002,110.6147,110.2,0.3,6.0,198.7,23628.0,44696.0,23.9,23.4,77.0,29.74,20.82,189.0,610.0,1.8,0.8555205452329244
2026-04-03T11:43:01,04/03/202611:43,127.55999999999999,1.02,130.1112,54.5,2.04,111.18,110.8,0.3,6.0,198.7,23628.0,44696.0,23.9,23.4,77.0,29.74,20.82,189.0,610.0,1.8,0.854499843211038
2026-04-03T11:43:10,04/03/202611:43,127.88,1.04,132.9952,54.52,2.09,113.9468,113.6,0.3,7.0,198.7,23628.0,44696.0,23.8,23.4,77.0,29.74,20.82,189.0,610.0,1.8,0.8567737783017731
2026-04-03T11:44:01,04/03/202611:44,128.2,1.06,135.892,54.54,2.1399999999999997,116.71559999999998,116.4,0.3,7.0,198.7,23628.0,44696.0,23.8,23.4,77.0,29.74,20.82,189.0,610.0,1.8,0.8588849969093102
2026-04-03T11:44:10,04/03/202611:44,128.16,1.06,135.8496,54.56,2.16,117.84960000000001,117.0,0.3,7.0,198.7,23628.0,44696.0,23.8,23.4,77.0,29.74,20.82,189.0,610.0,1.8,0.86750052999788
2026-04-03T11:45:01,04/03/202611:45,128.12,1.06,135.80720000000002,54.58,2.18,118.98440000000001,117.6,0.3,7.0,198.7,23628.0,44696.0,23.8,23.4,77.0,29.74,20.82,189.0,610.0,1.8,0.8761273334550744
2026-04-03T11:45:11,04/03/202611:45,128.12,1.04,133.2448,54.58,2.13,116.2554,114.9,0.3,7.0,198.7,23628.0,44696.0,23.8,23.4,77.0,29.74,20.82,189.0,610.0,1.8,0.8724948365714834
2026-04-03T11:46:01,04/03/202611:46,128.12,1.02,130.6824,54.58,2.08,113.5264,112.2,0.3,7.0,198.7,23628.0,44696.0,23.8,23.4,77.0,29.74,20.82,189.0,610.0,1.8,0.8687198888297123
2026-04-03T11:46:11,04/03/202611:46,128.06,1.01,129.3406,54.56,2.06,112.3936,111.1,0.3,7.0,198.7,23628.0,44696.0,23.8,23.43,76.9,29.74,20.77,189.2,615.0,1.8,0.8689738566235197
2026-04-03T11:47:01,04/03/202611:47,128.0,1.0,128.0,54.54,2.04,111.2616,110.0,0.3,7.0,198.7,23628.0,44696.0,23.8,23.46,76.8,29.74,20.72,189.4,620.0,1.8,0.86923125
2026-04-03T11:48:01,04/03/202611:48,127.22999999999999,1.0,127.22999999999999,54.529999999999994,2.0100000000000002,109.6053,108.3,0.3,7.0,198.7,23628.0,44696.0,23.8,23.49,76.7,29.74,20.669999999999998,189.6,625.0,1.8,0.861473709030889
2026-04-03T11:48:11,04/03/202611:48,126.51000000000002,1.0,126.51000000000002,54.529999999999994,2.0100000000000002,109.6053,108.3,0.3,7.0,198.7,23628.0,44696.0,23.8,23.52,76.6,29.74,20.619999999999997,189.8,630.0,1.8,0.8663765710220535
2026-04-03T11:50:07,04/03/202611:50,127.13,0.99,125.8587,54.529999999999994,1.9899999999999998,108.51469999999998,107.2,0.3,7.0,198.7,23628.0,44696.0,23.8,23.55,76.5,29.74,20.57,190.0,635.0,1.8,0.862194667512059
2026-04-03T11:50:12,04/03/202611:50,127.75999999999999,0.99,126.48239999999998,54.529999999999994,1.97,107.42409999999998,106.1,0.3,7.0,198.7,23628.0,44696.0,23.8,23.58,76.4,29.74,20.52,190.2,640.0,1.8,0.8493205378772066
2026-04-03T11:51:00,04/03/202611:51,128.70999999999998,0.99,127.42289999999998,54.529999999999994,1.9600000000000002,106.8788,106.1,0.3,7.0,198.7,23628.0,44696.0,23.8,23.61,76.3,29.74,20.47,190.4,645.0,1.8,0.8387723085881738
2026-04-03T11:51:12,04/03/202611:51,128.72,0.99,127.4328,54.52,1.9300000000000002,105.22360000000002,105.0,0.3,7.0,198.7,23628.0,44696.0,23.8,23.639999999999997,76.2,29.74,20.419999999999998,190.6,650.0,1.8,0.8257183393914284
2026-04-03T11:52:00,04/03/202611:52,128.70999999999998,0.99,127.42289999999998,54.52,1.9300000000000002,105.22360000000002,105.0,0.3,7.0,198.7,23628.0,44696.0,23.8,23.669999999999998,76.1,29.74,20.369999999999997,190.8,655.0,1.8,0.8257824927858339
2026-04-03T11:52:11,04/03/202611:52,128.74,0.9800000000000001,126.16520000000003,54.52,1.9300000000000002,105.22360000000002,105.0,0.3,7.0,198.7,23628.0,44696.0,23.8,23.7,76.0,29.74,20.32,191.0,660.0,1.8,0.8340144508945414
2026-04-03T11:53:00,04/03/202611:53,128.77,0.97,124.90690000000001,54.529999999999994,1.92,104.69759999999998,104.5,0.3,7.0,198.7,23628.0,44696.0,23.8,23.7,76.0,29.74,20.32,191.0,660.0,1.8,0.8382050951548712
2026-04-03T11:53:11,04/03/202611:53,129.75,0.96,124.56,54.55,1.9300000000000002,105.28150000000001,105.1,0.3,7.0,198.7,23628.0,44696.0,23.8,23.7,76.0,29.74,20.32,191.0,660.0,1.8,0.8452271997430958
2026-04-03T11:54:01,04/03/202611:54,130.73,0.95,124.19349999999999,54.56,1.94,105.8464,105.7,0.3,7.0,198.7,23628.0,44696.0,23.8,23.7,76.0,29.74,20.32,191.0,660.0,1.8,0.8522700463389792
2026-04-03T11:54:12,04/03/202611:54,131.6,0.9400000000000001,123.70400000000001,54.56,1.9100000000000001,104.20960000000001,104.0,0.3,7.0,198.7,23628.0,44696.0,23.8,23.7,76.0,29.74,20.32,191.0,660.0,1.8,0.8424109163810386
2026-04-03T11:55:00,04/03/202611:55,131.6,0.9400000000000001,123.70400000000001,54.56,1.9,103.664,103.4,0.3,7.0,198.7,23628.0,44696.0,23.8,23.7,76.0,29.74,20.32,191.0,660.0,1.8,0.8380003880230227
2026-04-03T11:55:12,04/03/202611:55,131.51,0.93,122.3043,54.56,1.9,103.664,103.4,0.4,7.0,198.7,23628.0,44696.0,23.8,23.7,76.0,29.74,20.32,191.0,660.0,1.8,0.8475908042480927
2026-04-03T11:56:00,04/03/202611:56,131.42000000000002,0.9199999999999999,120.9064,54.56,1.9,103.664,103.4,0.4,7.0,198.7,23628.0,44696.0,23.8,23.7,76.0,29.74,20.32,191.0,660.0,1.8,0.8573905103451926
2026-04-03T11:56:11,04/03/202611:56,131.93,0.9199999999999999,121.37559999999999,54.57000000000001,1.9,103.683,103.4,0.4,7.0,198.7,23628.0,44696.0,23.8,23.7,76.0,29.74,20.32,191.0,660.0,1.8,0.8542326464297603
2026-04-03T11:57:00,04/03/202611:57,132.44,0.9199999999999999,121.84479999999999,54.58,1.9,103.702,103.4,0.4,7.0,198.7,23628.0,44696.0,23.8,23.7,76.0,29.74,20.32,191.0,660.0,1.8,0.8510991031213478
2026-04-03T11:57:11,04/03/202611:57,132.4,0.9099999999999999,120.484,54.57000000000001,1.86,101.50020000000002,101.2,0.4,7.0,198.7,23628.0,44696.0,23.8,23.7,76.0,29.74,20.32,191.0,660.0,1.8,0.8424371700806749
2026-04-03T11:58:00,04/03/202611:58,132.35999999999999,0.9,119.124,54.56,1.8199999999999998,99.2992,99.0,0.4,7.0,198.7,23628.0,44696.0,23.8,23.7,76.0,29.74,20.32,191.0,660.0,1.8,0.8335784560625903
2026-04-03T11:58:11,04/03/202611:58,132.41,0.9099999999999999,120.49309999999998,54.52,1.8399999999999999,100.3168,100.0,0.4,7.0,198.7,23628.0,44696.0,23.8,23.7,76.0,29.74,20.32,191.0,660.0,1.8,0.8325522374310231
2026-04-03T11:59:01,04/03/202611:59,132.45999999999998,0.9199999999999999,121.86319999999998,54.48,1.86,101.3328,101.0,0.4,7.0,198.7,23628.0,44696.0,23.8,23.7,76.0,29.74,20.32,191.0,660.0,1.8,0.8315291244608711
2026-04-03T11:59:12,04/03/202611:59,132.57999999999998,0.93,123.29939999999999,54.44,1.89,102.8916,102.6,0.4,7.0,198.7,23628.0,44696.0,23.8,23.7,76.0,29.74,20.32,191.0,660.0,1.8,0.8344858125830297
2026-04-03T12:00:00,04/03/202600:00,132.7,0.9400000000000001,124.738,54.4,1.92,104.448,104.2,0.4,7.0,198.7,23628.0,44696.0,23.8,23.7,76.0,29.74,20.32,191.0,660.0,1.8,0.8373390626753675
2026-04-03T12:01:18,04/03/202600:01,133.34,0.93,124.0062,54.36,1.8800000000000001,102.19680000000001,101.9,0.4,7.0,198.7,23628.0,44696.0,23.8,23.729999999999997,75.9,29.743000000000002,20.283,191.1,660.0,1.8,0.8241265356087035
2026-04-03T12:02:01,04/03/202600:02,133.98,0.9199999999999999,123.26159999999999,54.32000000000001,1.8400000000000003,99.94880000000003,99.6,0.4,7.0,198.7,23628.0,44696.0,23.8,23.759999999999998,75.8,29.746,20.246000000000002,191.2,660.0,1.8,0.8108672936259147
2026-04-03T12:02:11,04/03/202600:02,135.05,0.9199999999999999,124.246,54.29,1.86,100.9794,100.6,0.4,7.0,198.7,23628.0,44696.0,23.9,23.79,75.7,29.749000000000002,20.209,191.3,660.0,1.8,0.8127376334046972
2026-04-03T12:03:01,04/03/202600:03,136.12,0.9199999999999999,125.23039999999999,54.260000000000005,1.8800000000000001,102.00880000000002,101.6,0.4,7.0,198.7,23628.0,44696.0,23.9,23.82,75.6,29.752,20.172,191.4,660.0,1.8,0.8145689864441863
2026-04-03T12:03:11,04/03/202600:03,137.89,0.9099999999999999,125.47989999999997,54.25,1.9,103.07499999999999,102.6,0.4,7.0,198.7,23628.0,44696.0,23.8,23.85,75.5,29.755000000000003,20.134999999999998,191.5,660.0,1.8,0.8214463033521704
2026-04-03T12:04:01,04/03/202600:04,139.66,0.9,125.694,54.239999999999995,1.9200000000000004,104.14080000000001,103.6,0.4,7.0,198.7,23628.0,44696.0,23.8,23.880000000000003,75.4,29.758,20.098,191.6,660.0,1.8,0.8285264213088931
2026-04-03T12:04:11,04/03/202600:04,140.23,0.89,124.8047,54.239999999999995,1.9,103.05599999999998,102.5,0.4,7.0,198.7,23628.0,44696.0,23.9,23.91,75.3,29.761000000000003,20.061,191.7,660.0,1.8,0.8257381332594044
2026-04-03T12:05:01,04/03/202600:05,140.8,0.8800000000000001,123.90400000000002,54.239999999999995,1.8800000000000001,101.9712,101.4,0.4,7.0,198.7,23628.0,44696.0,23.9,23.94,75.2,29.764,20.024,191.8,660.0,1.8,0.8229855371900825
2026-04-03T12:05:11,04/03/202600:05,140.95999999999998,0.9099999999999999,128.27359999999996,54.239999999999995,1.97,106.85279999999999,106.3,0.4,7.0,198.7,23628.0,44696.0,23.9,23.97,75.1,29.767000000000003,19.987000000000002,191.9,660.0,1.8,0.8330069476493995
2026-04-03T12:06:01,04/03/202600:06,141.12,0.9400000000000001,132.6528,54.239999999999995,2.06,111.7344,111.2,0.4,7.0,198.7,23628.0,44696.0,23.9,24.0,75.0,29.77,19.95,192.0,660.0,1.8,0.8423071356202054
2026-04-03T12:06:11,04/03/202600:06,141.18,0.95,134.121,54.239999999999995,2.09,113.36159999999998,112.8,0.4,7.0,198.7,23628.0,44696.0,23.9,24.0,75.0,29.77,19.95,192.0,660.0,1.8,0.8452188695282616
2026-04-03T12:07:01,04/03/202600:07,141.24,0.96,135.59040000000002,54.239999999999995,2.12,114.9888,114.4,0.4,7.0,198.7,23628.0,44696.0,23.9,24.0,75.0,29.77,19.95,192.0,660.0,1.8,0.8480600396488246
2026-04-03T12:07:11,04/03/202600:07,141.54000000000002,0.95,134.46300000000002,54.23,2.09,113.34069999999998,112.8,0.4,7.0,198.7,23628.0,44696.0,23.8,24.0,75.0,29.77,19.95,192.0,660.0,1.8,0.842913663981913
2026-04-03T12:08:16,04/03/202600:08,141.93,0.9400000000000001,133.41420000000002,54.220000000000006,2.09,113.3198,112.8,0.4,7.0,198.7,23628.0,44696.0,23.8,24.0,75.0,29.77,19.95,192.0,660.0,1.8,0.849383348998832
2026-04-03T12:09:00,04/03/202600:09,142.13,0.96,136.4448,54.21,2.13,115.4673,115.0,0.4,7.0,198.7,23628.0,44696.0,23.8,24.0,75.0,29.77,19.95,192.0,660.0,1.8,0.8462565081263632
2026-04-03T12:09:17,04/03/202600:09,141.79000000000002,1.0,141.79000000000002,54.2,2.2199999999999998,120.324,119.9,0.4,7.0,198.7,23628.0,44696.0,23.8,24.0,75.0,29.77,19.95,192.0,660.0,1.8,0.8486070949996473
2026-04-03T12:10:01,04/03/202600:10,141.60999999999999,1.02,144.44219999999999,54.2,2.27,123.034,122.6,0.4,7.0,198.7,23628.0,44696.0,23.8,24.0,75.0,29.77,19.95,192.0,660.0,1.8,0.8517870816146529
2026-04-03T12:10:17,04/03/202600:10,141.63,1.0,141.63,54.2,2.23,120.866,120.4,0.4,7.0,198.7,23628.0,44696.0,23.8,24.0,75.0,29.77,19.95,192.0,660.0,1.8,0.8533926428016664
2026-04-03T12:11:01,04/03/202600:11,142.05,0.9400000000000001,133.52700000000002,54.2,2.08,112.736,112.2,0.4,7.0,198.7,23628.0,44696.0,23.8,24.0,75.0,29.77,19.95,192.0,660.0,1.8,0.8442936634538333
2026-04-03T12:12:30,04/03/202600:12,142.4,0.89,126.736,54.2,1.9300000000000002,104.60600000000001,104.0,0.4,7.0,198.7,23628.0,44696.0,23.9,24.0,75.0,29.77,19.95,192.0,660.0,1.8,0.8253850523923747
2026-04-03T12:13:00,04/03/202600:13,142.41,0.8800000000000001,125.32080000000002,54.2,1.9,102.98,102.4,0.4,7.0,198.7,23628.0,44696.0,23.9,24.0,75.0,29.77,19.95,192.0,660.0,1.8,0.8217311092811408
2026-04-03T12:13:16,04/03/202600:13,142.6,0.8700000000000001,124.06200000000001,54.19,1.9,102.96099999999998,102.4,0.4,8.0,198.7,23628.0,44696.0,23.8,24.0,75.0,29.77,19.95,192.0,660.0,1.8,0.8299156873176313
2026-04-03T12:14:01,04/03/202600:14,142.45999999999998,0.86,122.51559999999998,54.18000000000001,1.92,104.02560000000001,103.4,0.4,8.0,198.7,23628.0,44696.0,23.8,24.0,75.0,29.77,19.95,192.0,660.0,1.8,0.8490804436333008
2026-04-03T12:14:16,04/03/202600:14,142.35,0.8800000000000001,125.26800000000001,54.18000000000001,1.98,107.27640000000001,106.7,0.4,8.0,198.7,23628.0,44696.0,23.8,24.0,75.0,29.77,19.95,192.0,660.0,1.8,0.8563751317175975
2026-04-03T12:14:37,04/03/202600:14,142.27,0.8800000000000001,125.19760000000002,54.18000000000001,1.9899999999999998,107.8182,107.2,0.4,8.0,198.7,23628.0,44696.0,23.8,24.0,75.0,29.77,19.95,192.0,660.0,1.8,0.8611842399534814
2026-04-03T12:15:01,04/03/202600:15,142.73,0.86,122.74779999999998,54.18000000000001,1.95,105.65100000000001,105.0,0.4,8.0,198.7,23628.0,44696.0,23.8,24.0,75.0,29.77,19.95,192.0,660.0,1.8,0.8607160372731734
2026-04-03T12:15:38,04/03/202600:15,143.23999999999998,0.8300000000000001,118.88919999999999,54.18000000000001,1.8699999999999999,101.31660000000001,100.7,0.4,8.0,198.7,23628.0,44696.0,23.8,24.0,75.0,29.77,19.95,192.0,660.0,1.8,0.8521934708955904
2026-04-03T12:16:00,04/03/202600:16,143.55,0.8400000000000001,120.58200000000002,54.18000000000001,1.8800000000000001,101.85840000000002,101.3,0.4,8.0,198.7,23628.0,44696.0,23.8,24.0,75.0,29.77,19.95,192.0,660.0,1.8,0.8447230929989551
2026-04-03T12:16:38,04/03/202600:16,143.97,0.85,122.3745,54.18000000000001,1.8800000000000001,101.85840000000002,101.3,0.4,8.0,198.7,23628.0,44696.0,23.9,24.009999999999998,74.8,29.77,19.9,192.0,645.0,1.8,0.8323498768125714
2026-04-03T12:17:00,04/03/202600:17,144.45999999999998,0.85,122.79099999999998,54.18000000000001,1.8800000000000001,101.85840000000002,101.3,0.4,8.0,198.7,23628.0,44696.0,23.9,24.02,74.6,29.77,19.85,192.0,630.0,1.8,0.8295265939686136
2026-04-03T12:17:38,04/03/202600:17,144.69,0.85,122.98649999999999,54.18000000000001,1.89,102.40020000000001,101.9,0.4,8.0,198.7,23628.0,44696.0,23.9,24.03,74.4,29.77,19.8,192.0,615.0,1.8,0.8326133356100062
2026-04-03T12:18:01,04/03/202600:18,144.73999999999998,0.85,123.02899999999998,54.19,1.8699999999999999,101.33529999999999,100.9,0.4,8.0,198.7,23628.0,44696.0,23.9,24.04,74.2,29.77,19.75,192.0,600.0,1.8,0.8236700290175487
2026-04-03T12:18:38,04/03/202600:18,144.52,0.89,128.6228,54.2,1.9600000000000002,106.23200000000001,105.8,0.4,8.0,198.7,23628.0,44696.0,23.9,24.05,74.0,29.77,19.7,192.0,585.0,1.8,0.825918888408587
2026-04-03T12:19:00,04/03/202600:19,144.18,0.9,129.762,54.2,1.98,107.316,106.8,0.4,8.0,198.7,23628.0,44696.0,23.9,24.060000000000002,73.8,29.77,19.65,192.0,570.0,1.8,0.8270217783326398
2026-04-03T12:19:38,04/03/202600:19,143.8,0.9200000000000002,132.29600000000002,54.2,2.04,110.56800000000001,110.1,0.4,8.0,198.7,23628.0,44696.0,23.8,24.07,73.6,29.77,19.6,192.0,555.0,1.8,0.8357622301505714
2026-04-03T12:20:00,04/03/202600:20,143.42000000000002,0.9400000000000001,134.81480000000002,54.2,2.1,113.82000000000001,113.4,0.4,8.0,198.7,23628.0,44696.0,23.8,24.080000000000002,73.4,29.77,19.55,192.0,540.0,1.8,0.8442693235460794
2026-04-03T12:20:38,04/03/202600:20,143.01,0.9700000000000001,138.71970000000002,54.2,2.16,117.07200000000002,116.6,0.4,8.0,198.7,23628.0,44696.0,23.8,24.09,73.2,29.77,19.5,192.0,525.0,1.8,0.843946461821933
2026-04-03T12:21:00,04/03/202600:21,142.6,1.0,142.6,54.2,2.2199999999999998,120.324,119.8,0.4,8.0,198.7,23628.0,44696.0,23.8,24.1,73.0,29.77,19.45,192.0,510.0,1.8,0.8437868162692848
2026-04-03T12:21:38,04/03/202600:21,141.57,1.05,148.6485,54.2,2.34,126.828,126.3,0.4,8.0,198.7,23628.0,44696.0,23.8,24.1,73.0,29.77,19.45,192.0,510.0,1.8,0.8532073986619441
2026-04-03T12:22:00,04/03/202600:22,140.54000000000002,1.1,154.59400000000002,54.2,2.46,133.332,132.8,0.4,8.0,198.7,23628.0,44696.0,23.8,24.1,73.0,29.77,19.45,192.0,510.0,1.8,0.8624655549374489
2026-04-03T12:23:41,04/03/202600:23,138.79000000000002,1.15,159.60850000000002,54.2,2.58,139.836,139.3,0.4,8.0,198.7,23628.0,44696.0,23.8,24.1,73.0,29.77,19.45,192.0,510.0,1.8,0.8761187530739277
2026-04-03T12:24:01,04/03/202600:24,137.04000000000002,1.2,164.448,54.2,2.7,146.34,145.8,0.4,8.0,198.7,23628.0,44696.0,23.8,24.1,73.0,29.77,19.45,192.0,510.0,1.8,0.8898861646234676
2026-04-03T12:24:39,04/03/202600:24,136.35999999999999,1.1700000000000002,159.5412,54.2,2.61,141.462,140.9,0.4,8.0,198.7,23628.0,44696.0,23.8,24.1,73.0,29.77,19.45,192.0,510.0,1.8,0.8866800550578784
2026-04-03T12:25:01,04/03/202600:25,135.68,1.1400000000000001,154.67520000000002,54.2,2.52,136.584,136.0,0.4,8.0,198.7,23628.0,44696.0,23.8,24.1,73.0,29.77,19.45,192.0,510.0,1.8,0.8830374875868917
2026-04-03T12:25:38,04/03/202600:25,135.05,1.1600000000000001,156.65800000000004,54.2,2.52,136.584,136.0,0.4,8.0,198.7,23628.0,44696.0,23.9,24.1,73.0,29.77,19.45,192.0,510.0,1.8,0.8718609965657672
2026-04-03T12:26:01,04/03/202600:26,134.42000000000002,1.1800000000000002,158.61560000000003,54.2,2.52,136.584,136.0,0.4,8.0,198.7,23628.0,44696.0,23.9,24.1,73.0,29.77,19.45,192.0,510.0,1.8,0.8611006735781347
2026-04-03T12:26:38,04/03/202600:26,134.01,1.16,155.45159999999998,54.2,2.4699999999999998,133.874,133.3,0.4,8.0,198.7,23628.0,44696.0,23.9,24.1,73.0,29.77,19.45,192.0,510.0,1.8,0.8611940951395805
2026-04-03T12:27:01,04/03/202600:27,133.6,1.1400000000000001,152.304,54.2,2.42,131.16400000000002,130.6,0.4,8.0,198.7,23628.0,44696.0,23.9,24.1,73.0,29.77,19.45,192.0,510.0,1.8,0.8611986553209372
2026-04-03T12:27:38,04/03/202600:27,133.62,1.1,146.98200000000003,54.2,2.34,126.828,126.3,0.4,8.0,198.7,23628.0,44696.0,23.8,24.1,73.0,29.77,19.45,192.0,510.0,1.78,0.8628811691227496
2026-04-03T12:28:01,04/03/202600:28,133.64,1.06,141.6584,54.2,2.2600000000000002,122.49200000000002,122.0,0.4,8.0,198.7,23628.0,44696.0,23.8,24.1,73.0,29.77,19.45,192.0,510.0,1.7600000000000002,0.8646998695453288
2026-04-03T12:28:38,04/03/202600:28,134.72,1.01,136.0672,54.2,2.13,115.446,114.9,0.4,8.0,198.7,23628.0,44696.0,23.9,24.1,73.0,29.77,19.45,192.0,510.0,1.7400000000000002,0.8484484137249828
2026-04-03T12:29:01,04/03/202600:29,135.8,0.96,130.368,54.2,2.0,108.4,107.8,0.4,8.0,198.7,23628.0,44696.0,23.9,24.1,73.0,29.77,19.45,192.0,510.0,1.72,0.8314923907707413
2026-04-03T12:29:38,04/03/202600:29,135.66,0.9800000000000001,132.9468,54.2,2.06,111.65200000000002,111.1,0.4,8.0,198.7,23628.0,44696.0,23.8,24.1,73.0,29.77,19.45,192.0,510.0,1.7,0.8398246516651775
2026-04-03T12:30:01,04/03/202600:30,135.52,1.0,135.52,54.2,2.12,114.90400000000001,114.4,0.4,8.0,198.7,23628.0,44696.0,23.8,24.1,73.0,29.77,19.45,192.0,510.0,1.6800000000000002,0.847874852420307
2026-04-03T12:30:38,04/03/202600:30,135.07999999999998,1.02,137.7816,54.2,2.16,117.07200000000002,116.6,0.4,8.0,198.7,23628.0,44696.0,23.9,24.1,73.0,29.77,19.45,192.0,510.0,1.6600000000000001,0.8496925569161631
2026-04-03T12:31:01,04/03/202600:31,134.64000000000001,1.04,140.02560000000003,54.2,2.2,119.24000000000001,118.8,0.4,8.0,198.7,23628.0,44696.0,23.9,24.1,73.0,29.77,19.45,192.0,510.0,1.6400000000000001,0.8515585721468073
2026-04-03T12:31:39,04/03/202600:31,134.92000000000002,1.04,140.31680000000003,54.2,2.2,119.24000000000001,118.8,0.4,8.0,198.7,23628.0,44696.0,23.9,24.19,72.8,29.767000000000003,19.487000000000002,192.2,537.0,1.6300000000000001,0.8497913293347624
2026-04-03T12:32:01,04/03/202600:32,135.2,1.04,140.608,54.2,2.2,119.24000000000001,118.8,0.4,8.0,198.7,23628.0,44696.0,23.9,24.28,72.6,29.764,19.524,192.4,564.0,1.6199999999999999,0.8480314064633592
2026-04-03T12:32:26,04/03/202600:32,134.94,1.09,147.0846,54.2,2.31,125.20200000000001,124.8,0.4,8.0,198.7,23628.0,44696.0,23.8,24.37,72.4,29.761000000000003,19.580000000000002,192.6,591.0,1.6300000000000001,0.851224397387626
2026-04-03T12:33:01,04/03/202600:33,134.68,1.1400000000000001,153.53520000000003,54.2,2.42,131.16400000000002,130.8,0.4,8.0,198.7,23628.0,44696.0,23.8,24.46,72.2,29.758,19.636000000000003,192.8,618.0,1.64,0.8542926963979595
2026-04-03T12:33:25,04/03/202600:33,135.02,1.1400000000000001,153.92280000000002,54.2,2.45,132.79000000000002,132.4,0.4,8.0,198.7,23628.0,44696.0,23.9,24.55,72.0,29.755000000000003,19.692,193.0,645.0,1.65,0.8627052002692259
2026-04-03T12:34:53,04/03/202600:34,135.55,1.17,158.5935,54.2,2.56,138.752,138.4,0.4,8.0,198.7,23628.0,44696.0,23.9,24.64,71.8,29.752,19.748,193.2,672.0,1.6600000000000001,0.8748908372663445
2026-04-03T12:35:01,04/03/202600:35,136.5,1.17,159.70499999999998,54.2,2.58,139.836,139.5,0.4,8.0,198.7,23628.0,44696.0,23.9,24.73,71.6,29.749000000000002,19.804000000000002,193.4,699.0,1.67,0.8755893678970603
2026-04-03T12:35:25,04/03/202600:35,137.67000000000002,1.1400000000000001,156.94380000000004,54.2,2.5,135.5,135.2,0.4,8.0,198.7,23628.0,44696.0,23.8,24.82,71.4,29.746,19.860000000000003,193.6,726.0,1.6800000000000002,0.8633663770088399
2026-04-03T12:36:01,04/03/202600:36,139.1,1.0699999999999998,148.83699999999996,54.2,2.3600000000000003,127.91200000000002,127.6,0.4,8.0,198.7,23628.0,44696.0,23.8,24.91,71.2,29.743000000000002,19.916000000000004,193.8,753.0,1.69,0.8594099585452546
2026-04-03T12:36:26,04/03/202600:36,140.45,1.01,141.8545,54.2,2.2399999999999998,121.40799999999999,121.0,0.4,8.0,198.7,23628.0,44696.0,23.9,25.0,71.0,29.74,19.972,194.0,780.0,1.7,0.8558628735782086
2026-04-03T12:36:49,04/03/202600:36,140.89000000000001,1.01,142.2989,54.2,2.25,121.95,121.5,0.4,8.0,198.7,23628.0,44696.0,23.8,25.0,71.0,29.74,19.991000000000003,194.0,780.0,1.7,0.8569988945803516
2026-04-03T12:37:00,04/03/202600:37,141.32999999999998,1.01,142.74329999999998,54.2,2.2600000000000002,122.49200000000002,122.0,0.4,8.0,198.7,23628.0,44696.0,23.8,25.0,71.0,29.74,20.01,194.0,780.0,1.7,0.8581278420773517
2026-04-03T12:37:49,04/03/202600:37,142.7,0.95,135.56499999999997,54.2,2.1399999999999997,115.98799999999999,115.4,0.4,8.0,198.7,23628.0,44696.0,23.8,25.0,70.9,29.74,20.01,194.0,780.0,1.7,0.8555895695791688
2026-04-03T12:38:01,04/03/202600:38,144.07,0.89,128.2223,54.2,2.02,109.48400000000001,108.8,0.4,8.0,198.7,23628.0,44696.0,23.8,25.0,70.8,29.74,20.01,194.0,780.0,1.7,0.8538608338799103
2026-04-03T12:38:49,04/03/202600:38,144.68,0.9,130.21200000000002,54.2,2.06,111.65200000000002,111.0,0.4,8.0,198.7,23628.0,44696.0,23.8,25.0,70.7,29.74,20.01,194.0,780.0,1.7,0.8574632138358984
2026-04-03T12:39:01,04/03/202600:39,145.1,0.8800000000000001,127.68800000000002,54.2,2.02,109.48400000000001,108.8,0.4,8.0,198.7,23628.0,44696.0,23.8,25.0,70.6,29.74,20.01,194.0,780.0,1.7,0.857433744752835
2026-04-03T12:39:49,04/03/202600:39,145.39000000000001,0.9200000000000002,133.75880000000004,54.2,2.09,113.27799999999999,112.6,0.4,9.0,198.7,23628.0,44696.0,23.9,25.0,70.5,29.74,20.01,194.0,780.0,1.7,0.8468825976309593
2026-04-03T12:40:01,04/03/202600:40,145.45999999999998,0.99,144.00539999999998,54.2,2.26,122.49199999999999,121.8,0.4,9.0,198.7,23628.0,44696.0,23.9,25.0,70.4,29.74,20.01,194.0,780.0,1.7,0.8506069911267217
2026-04-03T12:40:49,04/03/202600:40,145.76,1.02,148.6752,54.2,2.32,125.744,125.0,0.4,9.0,198.7,23628.0,44696.0,23.8,25.0,70.3,29.74,20.01,194.0,780.0,1.7,0.8457631131486624
2026-04-03T12:41:00,04/03/202600:41,146.14000000000001,1.04,151.98560000000003,54.2,2.36,127.912,127.2,0.4,9.0,198.7,23628.0,44696.0,23.8,25.0,70.2,29.74,20.01,194.0,780.0,1.7,0.8416060468886525
2026-04-03T12:41:49,04/03/202600:41,146.37,1.08,158.07960000000003,54.2,2.4899999999999998,134.958,134.3,0.4,9.0,198.7,23628.0,44696.0,23.9,25.0,70.1,29.74,20.01,194.0,780.0,1.7,0.8537344477086226
2026-04-03T12:42:00,04/03/202600:42,146.6,1.12,164.192,54.2,2.62,142.00400000000002,141.4,0.4,9.0,198.7,23628.0,44696.0,23.9,25.0,70.0,29.74,20.01,194.0,780.0,1.7,0.8648655232898071
2026-04-03T12:42:49,04/03/202600:42,146.49,1.1300000000000001,165.53370000000004,54.2,2.6399999999999997,143.088,142.5,0.4,9.0,198.7,23628.0,44696.0,23.9,25.0,70.0,29.74,20.01,194.0,780.0,1.7,0.8644040458226933
2026-04-03T12:43:01,04/03/202600:43,146.38,1.1400000000000001,166.87320000000003,54.2,2.66,144.17200000000003,143.6,0.4,9.0,198.7,23628.0,44696.0,23.9,25.0,70.0,29.74,20.01,194.0,780.0,1.7,0.86396137905907
2026-04-03T12:43:49,04/03/202600:43,146.2,1.1700000000000002,171.054,54.2,2.73,147.966,147.4,0.4,9.0,198.7,23628.0,44696.0,23.8,25.0,70.0,29.74,20.01,194.0,780.0,1.7,0.8650250797993616
2026-04-03T12:44:01,04/03/202600:44,146.01999999999998,1.2,175.22399999999996,54.2,2.8,151.76,151.2,0.4,9.0,198.7,23628.0,44696.0,23.8,25.0,70.0,29.74,20.01,194.0,780.0,1.7,0.8660914030041548
2026-04-03T12:44:49,04/03/202600:44,145.73999999999998,1.1199999999999999,163.22879999999995,54.2,2.6,140.92000000000002,140.3,0.4,9.0,198.7,23628.0,44696.0,23.8,25.0,70.0,29.74,20.01,194.0,780.0,1.7,0.8633280401497778
2026-04-03T12:46:04,04/03/202600:46,145.19,1.09,158.2571,54.2,2.5100000000000002,136.04200000000003,135.4,0.5,9.0,198.7,23628.0,44696.0,23.9,25.04,69.8,29.74,20.016000000000002,194.0,782.0,1.7,0.8596265191261563
2026-04-03T12:46:50,04/03/202600:46,144.57999999999998,1.05,151.809,54.2,2.42,131.16400000000002,130.5,0.5,9.0,198.7,23628.0,44696.0,23.9,25.080000000000002,69.6,29.74,20.022000000000002,194.0,784.0,1.7,0.8640067453181302
2026-04-03T12:47:01,04/03/202600:47,143.97,1.01,145.4097,54.2,2.33,126.28600000000002,125.6,0.5,9.0,198.7,23628.0,44696.0,23.9,25.119999999999997,69.4,29.74,20.028,194.0,786.0,1.7,0.8684840144777138
2026-04-03T12:47:49,04/03/202600:47,143.57,0.96,137.82719999999998,54.2,2.2,119.24000000000001,118.6,0.5,9.0,198.7,23628.0,44696.0,23.8,25.16,69.2,29.74,20.034,194.0,788.0,1.7,0.8651412783543454
2026-04-03T12:48:00,04/03/202600:48,143.17000000000002,0.9099999999999999,130.28470000000002,54.2,2.07,112.194,111.6,0.5,9.0,198.7,23628.0,44696.0,23.8,25.2,69.0,29.74,20.04,194.0,790.0,1.7,0.8611448619830263
2026-04-03T12:48:50,04/03/202600:48,143.20999999999998,0.9,128.88899999999998,54.2,2.05,111.11,110.5,0.5,9.0,198.7,23628.0,44696.0,23.9,25.24,68.8,29.74,20.046,194.0,792.0,1.7,0.8620596016727573
2026-04-03T12:49:01,04/03/202600:49,143.25,0.89,127.4925,54.2,2.0300000000000002,110.02600000000002,109.4,0.5,9.0,198.7,23628.0,44696.0,23.9,25.279999999999998,68.6,29.74,20.052,194.0,794.0,1.7,0.8629997843010374
2026-04-03T12:49:49,04/03/202600:49,142.89000000000001,0.9099999999999999,130.0299,54.2,2.04,110.56800000000001,110.0,0.5,9.0,198.7,23628.0,44696.0,23.9,25.32,68.4,29.74,20.058,194.0,796.0,1.7,0.8503275015977095
2026-04-03T12:50:00,04/03/202600:50,142.53,0.93,132.5529,54.2,2.05,111.11,110.6,0.5,9.0,198.7,23628.0,44696.0,23.9,25.36,68.2,29.74,20.064,194.0,798.0,1.7,0.8382313778121792
2026-04-03T12:50:49,04/03/202600:50,142.89000000000001,0.96,137.17440000000002,54.2,2.1399999999999997,115.98799999999999,115.5,0.5,9.0,198.7,23628.0,44696.0,23.8,25.4,68.0,29.74,20.07,194.0,800.0,1.7,0.8455513565213332
2026-04-03T12:51:01,04/03/202600:51,143.52,0.9400000000000001,134.9088,54.2,2.12,114.90400000000001,114.4,0.5,9.0,198.7,23628.0,44696.0,23.8,25.4,68.0,29.74,20.07,194.0,800.0,1.7,0.851716122298916
2026-04-03T12:51:49,04/03/202600:51,143.45,1.02,146.319,54.2,2.34,126.828,126.4,0.5,9.0,198.7,23628.0,44696.0,23.9,25.4,68.0,29.74,20.07,194.0,800.0,1.7,0.8667910524265475
2026-04-03T12:52:01,04/03/202600:52,143.38,1.1,157.71800000000002,54.2,2.56,138.752,138.4,0.5,9.0,198.7,23628.0,44696.0,23.9,25.4,68.0,29.74,20.07,194.0,800.0,1.7,0.8797473972533255
2026-04-03T12:52:29,04/03/202600:52,142.98,1.15,164.42699999999996,54.2,2.68,145.25600000000003,144.9,0.5,9.0,198.7,23628.0,44696.0,23.9,25.4,68.0,29.74,20.07,194.0,800.0,1.7,0.8834072263071154
2026-04-03T12:52:42,04/03/202600:52,142.55,1.21,172.4855,54.2,2.82,152.844,152.4,0.5,9.0,198.7,23628.0,44696.0,23.9,25.4,68.0,29.74,20.07,194.0,800.0,1.7,0.8861266599221383
2026-04-03T12:53:01,04/03/202600:53,141.70999999999998,1.27,179.97169999999997,54.2,2.96,160.43200000000002,160.0,0.5,9.0,198.7,23628.0,44696.0,23.9,25.4,68.0,29.74,20.07,194.0,800.0,1.7,0.8914290413437226
2026-04-03T12:53:42,04/03/202600:53,141.13,1.3,183.469,54.2,3.0100000000000002,163.14200000000002,162.7,0.5,9.0,198.7,23628.0,44696.0,23.9,25.4,68.0,29.74,20.07,194.0,800.0,1.7,0.8892074410390858
2026-04-03T12:54:00,04/03/202600:54,141.1,1.27,179.197,54.2,2.94,159.348,158.8,0.5,9.0,198.7,23628.0,44696.0,23.9,25.4,68.0,29.74,20.07,194.0,800.0,1.7,0.8892336367238292
2026-04-03T12:54:42,04/03/202600:54,141.27,1.22,172.3494,54.2,2.8099999999999996,152.302,151.7,0.5,9.0,198.7,23628.0,44696.0,23.9,25.4,68.0,29.74,20.07,194.0,800.0,1.7,0.8836816374179428
2026-04-03T12:55:01,04/03/202600:55,140.95,1.21,170.5495,54.2,2.7600000000000002,149.592,149.0,0.5,9.0,198.7,23628.0,44696.0,23.9,25.4,68.0,29.74,20.07,194.0,800.0,1.7,0.8771177869181676
2026-04-03T12:55:42,04/03/202600:55,140.35,1.19,167.01649999999998,54.2,2.71,146.882,146.3,0.5,9.0,198.7,23628.0,44696.0,23.9,25.4,68.0,29.74,20.07,194.0,800.0,1.7,0.8794460427562547
2026-04-03T12:56:00,04/03/202600:56,140.28,1.1199999999999999,157.1136,54.2,2.5300000000000002,137.12600000000003,136.5,0.5,9.0,198.7,23628.0,44696.0,23.9,25.4,68.0,29.74,20.07,194.0,800.0,1.7,0.872782496232026
2026-04-03T12:57:16,04/03/202600:57,139.82,1.0699999999999998,149.60739999999998,54.2,2.3899999999999997,129.53799999999998,128.9,0.5,9.0,198.7,23628.0,44696.0,23.9,25.4,68.0,29.74,20.07,194.0,800.0,1.7,0.8658528923034555
2026-04-03T12:57:42,04/03/202600:57,139.89000000000001,1.01,141.2889,54.2,2.25,121.95,121.3,0.5,9.0,198.7,23628.0,44696.0,23.9,25.4,68.0,29.74,20.07,194.0,800.0,1.7,0.8631251287256111
2026-04-03T12:58:01,04/03/202600:58,139.99,0.9400000000000001,131.59060000000002,54.2,2.09,113.27799999999999,112.7,0.5,9.0,198.7,23628.0,44696.0,23.9,25.4,68.0,29.74,20.07,194.0,800.0,1.7,0.8608365643138641
2026-04-03T12:58:43,04/03/202600:58,140.24,0.89,124.81360000000001,54.2,1.95,105.69,105.1,0.5,9.0,198.7,23628.0,44696.0,23.9,25.4,68.0,29.74,20.07,194.0,800.0,1.7,0.8467827223956363
2026-04-03T12:59:01,04/03/202600:59,140.23,0.8699999999999999,122.00009999999997,54.2,1.9,102.98,102.4,0.5,9.0,198.7,23628.0,44696.0,23.9,25.4,68.0,29.74,20.07,194.0,800.0,1.7,0.8440976687724029
2026-04-03T12:59:42,04/03/202600:59,140.05,0.9,126.04500000000002,54.2,1.9600000000000002,106.23200000000001,105.7,0.5,9.0,198.7,23628.0,44696.0,23.9,25.4,68.0,29.74,20.07,194.0,800.0,1.7,0.8428101075012893
2026-04-03T13:00:01,04/03/202601:00,139.67000000000002,0.95,132.6865,54.2,2.08,112.736,112.2,0.5,9.0,198.7,23628.0,44696.0,23.9,25.4,68.0,29.74,20.07,194.0,800.0,1.7,0.8496418249030611
2026-04-03T13:00:42,04/03/202601:00,139.8,0.96,134.208,54.2,2.1100000000000003,114.36200000000002,113.9,0.5,9.0,198.7,23628.0,44696.0,23.9,25.45,67.8,29.74,20.076,194.1,802.0,1.7,0.8521250596089653
2026-04-03T13:01:01,04/03/202601:01,140.20999999999998,0.9800000000000001,137.4058,54.2,2.1399999999999997,115.98799999999999,115.6,0.5,9.0,198.7,23628.0,44696.0,23.9,25.5,67.6,29.74,20.082,194.2,804.0,1.7,0.8441273949134606
2026-04-03T13:01:43,04/03/202601:01,140.58999999999997,1.0,140.58999999999997,54.2,2.21,119.78200000000001,119.4,0.5,9.0,198.7,23628.0,44696.0,23.9,25.55,67.4,29.74,20.088,194.3,806.0,1.7,0.851995163240629
2026-04-03T13:02:01,04/03/202601:02,141.35999999999999,1.0,141.35999999999999,54.2,2.2399999999999998,121.40799999999999,121.0,0.5,9.0,198.7,23628.0,44696.0,23.9,25.6,67.2,29.74,20.094,194.4,808.0,1.7,0.858856819468025
2026-04-03T13:02:42,04/03/202601:02,141.68,1.04,147.34720000000002,54.2,2.33,126.28600000000002,125.8,0.5,9.0,198.7,23628.0,44696.0,23.9,25.65,67.0,29.74,20.1,194.5,810.0,1.7,0.8570641315206533
2026-04-03T13:03:01,04/03/202601:03,142.0,1.08,153.36,54.2,2.42,131.16400000000002,130.6,0.5,9.0,198.7,23628.0,44696.0,23.9,25.7,66.8,29.74,20.106,194.6,812.0,1.7,0.8552686489306208
2026-04-03T13:03:42,04/03/202601:03,142.22,1.1199999999999999,159.2864,54.2,2.52,136.584,136.1,0.5,9.0,198.7,23628.0,44696.0,23.9,25.75,66.6,29.74,20.112000000000002,194.7,814.0,1.7,0.8574743355364929
2026-04-03T13:04:01,04/03/202601:04,142.44,1.16,165.23039999999997,54.2,2.62,142.00400000000002,141.6,0.5,9.0,198.7,23628.0,44696.0,23.9,25.8,66.4,29.74,20.118000000000002,194.8,816.0,1.7,0.859430225914844
2026-04-03T13:05:23,04/03/202601:05,142.74,1.16,165.5784,54.2,2.63,142.546,142.2,0.5,9.0,198.7,23628.0,44696.0,23.9,25.85,66.2,29.74,20.124,194.9,818.0,1.7,0.860897315108734
2026-04-03T13:05:24,04/03/202601:05,143.51,1.1199999999999999,160.73119999999997,54.2,2.56,138.752,138.4,0.5,10.0,198.7,23628.0,44696.0,23.9,25.9,66.0,29.74,20.13,195.0,820.0,1.7,0.8632549249927832
2026-04-03T13:06:01,04/03/202601:06,143.77,1.1199999999999999,161.0224,54.2,2.58,139.836,139.4,0.5,10.0,198.7,23628.0,44696.0,23.9,25.9,66.0,29.74,20.13,195.0,820.0,1.7,0.8684257593974504
2026-04-03T13:06:23,04/03/202601:06,143.68,1.1199999999999999,160.92159999999998,54.2,2.6,140.92000000000002,140.4,0.5,10.0,198.7,23628.0,44696.0,23.9,25.9,66.0,29.74,20.13,195.0,820.0,1.7,0.8757059338211901
2026-04-03T13:07:01,04/03/202601:07,143.62,1.1199999999999999,160.8544,54.2,2.58,139.836,139.3,0.5,10.0,198.7,23628.0,44696.0,23.9,25.9,66.0,29.74,20.13,195.0,820.0,1.7,0.869332763045338
2026-04-03T13:08:27,04/03/202601:08,143.24,1.15,164.726,54.2,2.63,142.546,142.0,0.5,10.0,198.7,23628.0,44696.0,23.9,25.9,66.0,29.74,20.13,195.0,820.0,1.7,0.8653521605575318
2026-04-03T13:09:00,04/03/202601:09,143.0,1.17,167.31,54.2,2.67,144.714,144.2,0.5,10.0,198.7,23628.0,44696.0,23.9,25.9,66.0,29.74,20.13,195.0,820.0,1.7,0.8649453110991573
2026-04-03T13:09:23,04/03/202601:09,142.88,1.1800000000000002,168.59840000000003,54.2,2.65,143.63,143.2,0.5,10.0,198.7,23628.0,44696.0,23.9,25.9,66.0,29.74,20.13,195.0,820.0,1.7,0.8519060679104901
2026-04-03T13:10:00,04/03/202601:10,142.70999999999998,1.17,166.97069999999997,54.2,2.6,140.92000000000002,140.5,0.5,10.0,198.7,23628.0,44696.0,23.9,25.9,66.0,29.74,20.13,195.0,820.0,1.7,0.8439804109343738
2026-04-03T13:10:24,04/03/202601:10,142.66,1.1199999999999999,159.77919999999997,54.21,2.48,134.4408,134.0,0.5,10.0,198.7,23628.0,44696.0,23.9,25.9,66.0,29.74,20.13,195.0,820.0,1.7,0.8414161542929244
2026-04-03T13:11:00,04/03/202601:11,142.7,1.06,151.262,54.220000000000006,2.34,126.87480000000001,126.4,0.5,10.0,198.7,23628.0,44696.0,23.9,25.9,66.0,29.74,20.13,195.0,820.0,1.7,0.8387751054461795
2026-04-03T13:11:23,04/03/202601:11,142.14,1.09,154.9326,54.220000000000006,2.44,132.29680000000002,131.8,0.5,10.0,198.7,23628.0,44696.0,23.9,25.9,66.0,29.74,20.13,195.0,820.0,1.7,0.8538990502967098
2026-04-03T13:12:01,04/03/202601:12,141.57999999999998,1.1199999999999999,158.56959999999998,54.220000000000006,2.54,137.71880000000002,137.2,0.5,10.0,198.7,23628.0,44696.0,23.9,25.9,66.0,29.74,20.13,195.0,820.0,1.7,0.8685069521522413
2026-04-03T13:12:24,04/03/202601:12,141.93,1.16,164.6388,54.23,2.6599999999999997,144.25179999999997,143.7,0.5,10.0,198.7,23628.0,44696.0,23.9,25.9,66.0,29.74,20.13,195.0,820.0,1.7,0.8761713520749663
2026-04-03T13:13:00,04/03/202601:13,142.28,1.2,170.736,54.239999999999995,2.7800000000000002,150.7872,150.2,0.5,10.0,198.7,23628.0,44696.0,23.9,25.9,66.0,29.74,20.13,195.0,820.0,1.7,0.8831599662637055
2026-04-03T13:13:24,04/03/202601:13,142.97,1.16,165.84519999999998,54.239999999999995,2.67,144.8208,144.2,0.5,10.0,198.7,23628.0,44696.0,23.9,25.9,66.0,29.74,20.13,195.0,820.0,1.7,0.8732287699613858
2026-04-03T13:14:00,04/03/202601:14,143.66,1.1199999999999999,160.89919999999998,54.239999999999995,2.5599999999999996,138.85439999999997,138.2,0.5,10.0,198.7,23628.0,44696.0,23.9,25.9,66.0,29.74,20.13,195.0,820.0,1.7,0.8629899962212366
2026-04-03T13:14:24,04/03/202601:14,144.1,1.09,157.06900000000002,54.239999999999995,2.51,136.14239999999998,135.4,0.5,10.0,198.7,23628.0,44696.0,23.9,25.9,66.0,29.74,20.13,195.0,820.0,1.7,0.8667681082836204
2026-04-03T13:15:00,04/03/202601:15,144.54000000000002,1.06,153.21240000000003,54.239999999999995,2.46,133.4304,132.6,0.5,10.0,198.7,23628.0,44696.0,23.9,25.9,66.0,29.74,20.13,195.0,820.0,1.7,0.8708851241805491
2026-04-03T13:15:24,04/03/202601:15,144.82999999999998,1.05,152.0715,54.23,2.46,133.4058,132.5,0.5,10.0,198.7,23628.0,44696.0,23.9,25.9,66.0,29.74,20.13,195.0,820.0,1.7,0.8772570797289434
2026-04-03T13:16:00,04/03/202601:16,145.12,1.04,150.9248,54.220000000000006,2.46,133.3812,132.4,0.5,10.0,198.7,23628.0,44696.0,23.9,25.9,66.0,29.74,20.13,195.0,820.0,1.7,0.8837593291493512
2026-04-03T13:16:23,04/03/202601:16,145.2,1.01,146.652,54.220000000000006,2.35,127.41700000000002,126.5,0.5,10.0,198.7,23628.0,44696.0,23.9,25.93,66.0,29.74,20.154999999999998,194.7,820.0,1.7399999999999998,0.8688391566429372
2026-04-03T13:17:00,04/03/202601:17,145.28,0.9800000000000001,142.3744,54.220000000000006,2.2399999999999998,121.4528,120.6,0.5,10.0,198.7,23628.0,44696.0,23.9,25.959999999999997,66.0,29.74,20.18,194.4,820.0,1.78,0.8530522341095027
2026-04-03T13:17:24,04/03/202601:17,144.67000000000002,0.97,140.3299,54.21,2.2,119.26200000000001,118.5,0.5,10.0,198.7,23628.0,44696.0,23.9,25.99,66.0,29.74,20.205,194.1,820.0,1.8199999999999998,0.849868773511561
2026-04-03T13:18:00,04/03/202601:18,144.06,0.96,138.2976,54.2,2.16,117.07200000000002,116.4,0.5,10.0,198.7,23628.0,44696.0,23.9,26.02,66.0,29.74,20.229999999999997,193.8,820.0,1.86,0.8465222823823408
2026-04-03T13:18:23,04/03/202601:18,143.29000000000002,1.01,144.7229,54.2,2.29,124.11800000000001,123.5,0.5,10.0,198.7,23628.0,44696.0,23.9,26.05,66.0,29.74,20.255,193.5,820.0,1.9,0.8576251581470521
2026-04-03T13:19:39,04/03/202601:19,142.68,1.0,142.68,54.2,2.27,123.034,122.5,0.5,10.0,198.7,23628.0,44696.0,23.9,26.080000000000002,66.0,29.74,20.279999999999998,193.2,820.0,1.94,0.8623072610036445
2026-04-03T13:20:01,04/03/202601:20,142.2,0.99,140.778,54.2,2.25,121.95,121.5,0.5,10.0,198.7,23628.0,44696.0,23.9,26.109999999999996,66.0,29.74,20.305,192.9,820.0,1.98,0.8662575118271322
2026-04-03T13:20:24,04/03/202601:20,141.4,1.06,149.88400000000001,54.2,2.44,132.248,131.8,0.5,10.0,198.7,23628.0,44696.0,23.9,26.139999999999997,66.0,29.74,20.33,192.6,820.0,2.02,0.8823356729203916
2026-04-03T13:21:01,04/03/202601:21,140.63,1.15,161.72449999999998,54.2,2.65,143.63,143.2,0.5,10.0,198.7,23628.0,44696.0,23.9,26.169999999999998,66.0,29.74,20.354999999999997,192.3,820.0,2.06,0.8881152824711162
2026-04-03T13:21:24,04/03/202601:21,140.20999999999998,1.15,161.24149999999997,54.2,2.63,142.546,142.2,0.5,10.0,198.7,23628.0,44696.0,23.9,26.2,66.0,29.74,20.38,192.0,820.0,2.1,0.8840528027834026
2026-04-03T13:22:01,04/03/202601:22,140.13,1.1199999999999999,156.94559999999998,54.2,2.56,138.752,138.4,0.5,10.0,198.7,23628.0,44696.0,23.9,26.2,66.0,29.74,20.38,192.0,820.0,2.1,0.8840770305124834
2026-04-03T13:22:24,04/03/202601:22,139.85999999999999,1.1099999999999999,155.24459999999996,54.19,2.52,136.5588,136.2,0.5,10.0,198.7,23628.0,44696.0,23.9,26.2,66.0,29.74,20.38,192.0,820.0,2.1,0.8796363931499068
2026-04-03T13:22:28,04/03/202601:22,139.73,1.0699999999999998,149.51109999999997,54.19,2.41,130.5979,130.2,0.5,10.0,198.7,23628.0,44696.0,23.9,26.2,66.0,29.74,20.38,192.0,820.0,2.1,0.8734996933338062
2026-04-03T13:23:01,04/03/202601:23,139.6,1.03,143.788,54.19,2.3,124.63699999999999,124.2,0.5,10.0,198.7,23628.0,44696.0,23.9,26.2,66.0,29.74,20.38,192.0,820.0,2.1,0.8668108604334157
2026-04-03T13:23:27,04/03/202601:23,139.72,1.0,139.72,54.19,2.21,119.75989999999999,119.3,0.5,10.0,198.7,23628.0,44696.0,23.9,26.2,66.0,29.74,20.38,192.0,820.0,2.1,0.8571421414257084
2026-04-03T13:24:00,04/03/202601:24,139.68,1.03,143.87040000000002,54.19,2.27,123.01129999999999,122.5,0.5,10.0,198.7,23628.0,44696.0,23.9,26.2,66.0,29.74,20.38,192.0,820.0,2.1,0.8550146520757569
2026-04-03T13:24:27,04/03/202601:24,139.88,1.05,146.874,54.19,2.32,125.72079999999998,125.2,0.5,10.0,198.7,23628.0,44696.0,23.9,26.2,66.0,29.74,20.38,192.0,820.0,2.1,0.8559772321854106
2026-04-03T13:25:29,04/03/202601:25,140.60999999999999,1.0,140.60999999999999,54.19,2.19,118.67609999999999,118.2,0.5,10.0,198.7,23628.0,44696.0,23.9,26.2,66.0,29.74,20.38,192.0,820.0,2.1,0.8440089609558353
2026-04-03T13:26:00,04/03/202601:26,141.34,0.95,134.273,54.19,2.06,111.6314,111.2,0.5,10.0,198.7,23628.0,44696.0,23.9,26.2,66.0,29.74,20.38,192.0,820.0,2.1,0.8313763749972072
2026-04-03T13:26:29,04/03/202601:26,141.8,0.9800000000000001,138.96400000000003,54.19,2.15,116.50849999999998,116.1,0.5,10.0,198.7,23628.0,44696.0,23.9,26.2,66.0,29.74,20.38,192.0,820.0,2.1,0.8384077890676719
2026-04-03T13:27:01,04/03/202601:27,142.26,1.01,143.68259999999998,54.19,2.2399999999999998,121.38559999999998,121.0,0.5,10.0,198.7,23628.0,44696.0,23.9,26.2,66.0,29.74,20.38,192.0,820.0,2.1,0.8448176745131283
2026-04-03T13:27:29,04/03/202601:27,142.82,1.04,148.5328,54.2,2.33,126.28600000000002,125.9,0.5,10.0,198.7,23628.0,44696.0,23.9,26.2,66.0,29.74,20.38,192.0,820.0,2.1,0.8502229810519967
2026-04-03T13:28:00,04/03/202601:28,143.37,1.07,153.4059,54.2,2.4,130.08,129.7,0.5,10.0,198.7,23628.0,44696.0,23.9,26.2,66.0,29.74,20.38,192.0,820.0,2.1,0.8479465261766335
2026-04-03T13:28:29,04/03/202601:28,143.76,1.05,150.948,54.2,2.32,125.744,125.4,0.5,10.0,198.7,23628.0,44696.0,23.9,26.2,66.0,29.74,20.38,192.0,820.0,2.1,0.8330285926279248
2026-04-03T13:29:01,04/03/202601:29,144.04000000000002,1.01,145.48040000000003,54.2,2.21,119.78200000000001,119.5,0.5,10.0,198.7,23628.0,44696.0,23.9,26.2,66.0,29.74,20.38,192.0,820.0,2.1,0.8233548986667619
2026-04-03T13:29:29,04/03/202601:29,144.47,0.9800000000000001,141.5806,54.2,2.16,117.07200000000002,116.8,0.5,10.0,198.7,23628.0,44696.0,23.9,26.2,66.0,29.74,20.38,192.0,820.0,2.1,0.8268929500228139
2026-04-03T13:30:50,04/03/202601:30,144.7,0.97,140.35899999999998,54.2,2.1399999999999997,115.98799999999999,115.7,0.5,11.0,198.7,23628.0,44696.0,23.9,26.2,66.0,29.74,20.38,192.0,820.0,2.1,0.8263666740287406
2026-04-03T13:31:01,04/03/202601:31,144.72,0.95,137.48399999999998,54.2,2.09,113.27799999999999,113.0,0.5,11.0,198.7,23628.0,44696.0,23.9,26.2,66.0,29.74,20.38,192.0,820.0,2.1,0.8239358761746822
2026-04-03T13:31:29,04/03/202601:31,144.57,0.95,137.3415,54.2,2.1,113.82000000000001,113.5,0.5,11.0,198.7,23628.0,44696.0,23.9,26.189999999999998,66.1,29.74,20.455,191.8,809.0,2.16,0.8287371260689596
2026-04-03T13:32:01,04/03/202601:32,144.34,0.96,138.5664,54.2,2.12,114.90400000000001,114.5,0.5,11.0,198.7,23628.0,44696.0,23.9,26.18,66.2,29.74,20.529999999999998,191.6,798.0,2.22,0.8292342155096764
2026-04-03T13:33:19,04/03/202601:33,144.04000000000002,0.96,138.2784,54.21,2.1,113.84100000000001,113.4,0.6,11.0,198.7,23628.0,44696.0,23.9,26.07,66.3,29.74,20.313,192.0,750.0,2.2800000000000002,0.8232739169675091
2026-04-03T13:34:01,04/03/202601:34,143.82999999999998,0.9400000000000001,135.2002,54.220000000000006,2.05,111.151,110.7,0.6,11.0,198.7,23628.0,44696.0,23.9,25.96,66.4,29.74,20.095999999999997,192.4,702.0,2.3400000000000003,0.8221215649089276
2026-04-03T13:34:19,04/03/202601:34,143.46999999999997,0.95,136.29649999999995,54.220000000000006,2.08,112.77760000000002,112.3,0.6,11.0,198.7,23628.0,44696.0,23.9,25.85,66.5,29.74,19.878999999999998,192.8,654.0,2.4,0.8274431111583941
2026-04-03T13:35:01,04/03/202601:35,143.26999999999998,1.01,144.7027,54.220000000000006,2.2600000000000002,122.53720000000003,122.0,0.6,11.0,198.7,23628.0,44696.0,23.9,25.74,66.6,29.74,19.662,193.2,606.0,2.46,0.8468204117822268
2026-04-03T13:35:19,04/03/202601:35,143.29,1.03,147.5887,54.220000000000006,2.35,127.41700000000002,126.8,0.6,11.0,198.7,23628.0,44696.0,23.9,25.630000000000003,66.7,29.74,19.445,193.6,558.0,2.5200000000000005,0.8633249022452263
2026-04-03T13:36:01,04/03/202601:36,143.16,1.04,148.8864,54.220000000000006,2.38,129.0436,128.4,0.6,11.0,198.7,23628.0,44696.0,23.9,25.520000000000003,66.8,29.74,19.228,194.0,510.0,2.58,0.8667252348098953
2026-04-03T13:36:19,04/03/202601:36,142.85999999999999,1.04,148.5744,54.220000000000006,2.39,129.58580000000003,128.9,0.6,11.0,198.7,23628.0,44696.0,23.9,25.410000000000004,66.9,29.74,19.011000000000003,194.4,462.0,2.64,0.8721946714911858
2026-04-03T13:37:01,04/03/202601:37,142.56,1.04,148.2624,54.220000000000006,2.4,130.12800000000001,129.4,0.6,11.0,198.7,23628.0,44696.0,23.9,25.3,67.0,29.74,18.794,194.8,414.0,2.7,0.8776871276871278
2026-04-03T13:37:18,04/03/202601:37,142.33999999999997,1.05,149.457,54.21,2.39,129.5619,128.9,0.6,11.0,198.7,23628.0,44696.0,23.9,25.2,67.0,29.74,18.502000000000002,195.4,377.0,2.7,0.866884120516269
2026-04-03T13:38:01,04/03/202601:38,142.11999999999998,1.06,150.64719999999997,54.2,2.38,128.996,128.4,0.6,11.0,198.7,23628.0,44696.0,23.9,25.1,67.0,29.74,18.21,196.0,340.0,2.7,0.8562787758418346
2026-04-03T13:38:15,04/03/202601:38,142.0,1.04,147.68,54.19,2.33,126.2627,125.7,0.6,11.0,198.7,23628.0,44696.0,23.9,25.1,67.3,29.74,18.21,196.0,340.0,2.7,0.8549749458288189
2026-04-03T13:39:00,04/03/202601:39,141.88,1.02,144.7176,54.18000000000001,2.2800000000000002,123.53040000000003,123.0,0.6,11.0,198.7,23628.0,44696.0,23.9,25.1,67.6,29.74,18.21,196.0,340.0,2.7,0.8535962453772038
2026-04-03T13:39:15,04/03/202601:39,141.88,0.99,140.4612,54.18000000000001,2.21,119.73780000000001,119.2,0.6,11.0,198.7,23628.0,44696.0,23.9,25.1,67.9,29.74,18.21,196.0,340.0,2.7,0.8524617474434222
2026-04-03T13:40:01,04/03/202601:40,141.88,0.96,136.20479999999998,54.18000000000001,2.1399999999999997,115.9452,115.4,0.6,11.0,198.7,23628.0,44696.0,23.9,25.1,68.2,29.74,18.21,196.0,340.0,2.7,0.8512563433887794
2026-04-03T13:40:14,04/03/202601:40,141.35999999999999,0.97,137.11919999999998,54.18000000000001,2.16,117.02880000000002,116.5,0.6,11.0,198.7,23628.0,44696.0,23.9,25.1,68.5,29.74,18.21,196.0,340.0,2.7,0.8534822256839307
2026-04-03T13:42:01,04/03/202601:42,141.26,0.9400000000000001,132.7844,54.18000000000001,2.05,111.069,110.6,0.6,11.0,198.7,23628.0,44696.0,23.9,25.1,68.8,29.74,18.21,196.0,340.0,2.7,0.8364612108048837
2026-04-03T13:42:15,04/03/202601:42,141.2,0.95,134.14,54.18000000000001,2.05,111.069,110.6,0.6,11.0,198.7,23628.0,44696.0,23.9,25.1,69.1,29.74,18.21,196.0,340.0,2.7,0.8280080512896975
2026-04-03T13:43:00,04/03/202601:43,141.14,0.96,135.49439999999998,54.18000000000001,2.05,111.069,110.6,0.6,11.0,198.7,23628.0,44696.0,23.9,25.1,69.4,29.74,18.21,196.0,340.0,2.7,0.8197312951679185
2026-04-03T13:43:14,04/03/202601:43,140.68,0.9800000000000001,137.86640000000003,54.19,2.12,114.8828,114.4,0.6,11.0,198.7,23628.0,44696.0,23.9,25.1,69.7,29.74,18.21,196.0,340.0,2.7,0.8332907800595357
2026-04-03T13:44:00,04/03/202601:44,140.22,1.0,140.22,54.2,2.19,118.69800000000001,118.2,0.6,11.0,198.7,23628.0,44696.0,23.9,25.1,70.0,29.74,18.21,196.0,340.0,2.7,0.8465126230209671
2026-04-03T13:44:15,04/03/202601:44,140.02,1.04,145.6208,54.2,2.3,124.66,124.1,0.6,11.0,198.7,23628.0,44696.0,23.9,25.1,70.0,29.74,18.21,196.0,340.0,2.7,0.8560590245349565
2026-04-03T13:45:00,04/03/202601:45,139.82,1.0799999999999998,151.00559999999996,54.2,2.41,130.622,130.0,0.6,11.0,198.7,23628.0,44696.0,23.9,25.1,70.0,29.74,18.21,196.0,340.0,2.7,0.8650142776161946
2026-04-03T13:45:14,04/03/202601:45,139.7,1.0799999999999998,150.87599999999998,54.2,2.4,130.08,129.5,0.6,11.0,198.7,23628.0,44696.0,23.9,25.130000000000003,70.0,29.743000000000002,18.278,195.8,349.0,2.7700000000000005,0.8621649566531459
2026-04-03T13:46:00,04/03/202601:46,139.57999999999998,1.0799999999999998,150.74639999999997,54.2,2.3899999999999997,129.53799999999998,129.0,0.6,11.0,198.7,23628.0,44696.0,23.9,25.160000000000004,70.0,29.746,18.346,195.6,358.0,2.8400000000000003,0.8593107364421307
2026-04-03T13:46:14,04/03/202601:46,139.65,1.0799999999999998,150.82199999999997,54.2,2.38,128.996,128.5,0.6,11.0,198.7,23628.0,44696.0,23.9,25.19,70.0,29.749000000000002,18.414,195.4,367.0,2.91,0.8552863640582941
2026-04-03T13:47:00,04/03/202601:47,139.3,1.1199999999999999,156.016,54.2,2.5,135.5,135.0,0.6,11.0,198.7,23628.0,44696.0,23.9,25.22,70.0,29.752,18.482,195.2,376.0,2.98,0.8685006665982976
2026-04-03T13:47:15,04/03/202601:47,138.65,1.1400000000000001,158.06100000000004,54.2,2.54,137.668,137.2,0.6,11.0,198.7,23628.0,44696.0,23.9,25.25,70.0,29.755000000000003,18.55,195.0,385.0,3.05,0.870980191192008
2026-04-03T13:48:00,04/03/202601:48,138.0,1.16,160.07999999999998,54.2,2.58,139.836,139.4,0.6,11.0,198.7,23628.0,44696.0,23.9,25.28,70.0,29.758,18.618000000000002,194.8,394.0,3.12,0.8735382308845578
2026-04-03T13:48:15,04/03/202601:48,137.6,1.1300000000000001,155.488,54.2,2.5,135.5,135.1,0.6,11.0,198.7,23628.0,44696.0,23.9,25.31,70.0,29.761000000000003,18.686,194.6,403.0,3.19,0.8714498868079852
2026-04-03T13:49:00,04/03/202601:49,137.2,1.1,150.92,54.2,2.42,131.16400000000002,130.8,0.6,11.0,198.7,23628.0,44696.0,23.9,25.339999999999996,70.0,29.764,18.754,194.4,412.0,3.2600000000000002,0.8690962099125367
2026-04-03T13:49:15,04/03/202601:49,136.22,1.1,149.842,54.2,2.41,130.622,130.3,0.6,11.0,198.7,23628.0,44696.0,23.9,25.369999999999997,70.0,29.767000000000003,18.822,194.2,421.0,3.3299999999999996,0.8717315572402932
2026-04-03T13:49:51,04/03/202601:49,135.45,1.08,146.286,54.2,2.3600000000000003,127.91200000000002,127.6,0.6,11.0,198.7,23628.0,44696.0,23.9,25.4,70.0,29.77,18.89,194.0,430.0,3.4,0.8743967296938875
2026-04-03T13:50:00,04/03/202601:50,134.63,1.08,145.4004,54.2,2.37,128.454,128.1,0.6,11.0,198.7,23628.0,44696.0,23.9,25.4,70.0,29.77,18.89,194.0,430.0,3.4,0.8834501143050502
2026-04-03T13:50:51,04/03/202601:50,133.22,1.1099999999999999,147.87419999999997,54.19,2.44,132.2236,131.9,0.6,11.0,198.7,23628.0,44696.0,23.9,25.4,70.0,29.77,18.89,194.0,430.0,3.4,0.8941627410325806
2026-04-03T13:51:00,04/03/202601:51,131.92000000000002,1.1400000000000001,150.38880000000003,54.18000000000001,2.5100000000000002,135.99180000000004,135.7,0.6,11.0,198.7,23628.0,44696.0,23.9,25.4,70.0,29.77,18.89,194.0,430.0,3.4,0.9042681369889248
2026-04-03T13:51:50,04/03/202601:51,131.22,1.1300000000000001,148.2786,54.18000000000001,2.46,133.2828,133.0,0.6,11.0,198.7,23628.0,44696.0,23.9,25.4,70.0,29.77,18.89,194.0,430.0,3.4,0.898867402308897
2026-04-03T13:53:13,04/03/202601:53,131.0,1.1099999999999999,145.41,54.18000000000001,2.42,131.1156,130.9,0.6,11.0,198.7,23628.0,44696.0,23.9,25.4,70.0,29.77,18.89,194.0,430.0,3.4,0.9016958943676501
2026-04-03T13:53:51,04/03/202601:53,130.07999999999998,1.1,143.088,54.18000000000001,2.3899999999999997,129.4902,129.3,0.6,11.0,198.7,23628.0,44696.0,23.9,25.4,70.0,29.77,18.89,194.0,430.0,3.4,0.9049689701442468
2026-04-03T13:54:01,04/03/202601:54,129.4,1.1,142.34000000000003,54.18000000000001,2.37,128.40660000000003,128.2,0.6,11.0,198.7,23628.0,44696.0,23.9,25.4,70.0,29.77,18.89,194.0,430.0,3.4,0.90211184487846
2026-04-03T13:54:51,04/03/202601:54,128.71,1.06,136.4326,54.17,2.2600000000000002,122.42420000000001,122.2,0.6,11.0,198.7,23628.0,44696.0,23.9,25.4,70.0,29.77,18.89,194.0,430.0,3.4,0.8973236601809246
2026-04-03T13:55:01,04/03/202601:55,128.31,1.01,129.5931,54.160000000000004,2.12,114.81920000000001,114.6,0.6,11.0,198.7,23628.0,44696.0,23.9,25.4,70.0,29.77,18.89,194.0,430.0,3.4,0.8859977884625031
2026-04-03T13:55:50,04/03/202601:55,127.72,0.99,126.44279999999999,54.160000000000004,2.05,111.02799999999999,110.8,0.6,11.0,198.7,23628.0,44696.0,23.9,25.4,70.0,29.77,18.89,194.0,430.0,3.4,0.8780887484301202
2026-04-03T13:56:01,04/03/202601:56,127.13,0.9700000000000001,123.3161,54.160000000000004,1.98,107.2368,107.0,0.6,11.0,198.7,23628.0,44696.0,23.9,25.4,70.0,29.77,18.89,194.0,430.0,3.4,0.8696090778089803
2026-04-03T13:56:51,04/03/202601:56,127.39000000000001,0.9400000000000001,119.74660000000002,54.17,1.8800000000000001,101.8396,101.5,0.6,11.0,198.7,23628.0,44696.0,23.9,25.4,70.0,29.77,18.89,194.0,430.0,3.4,0.8504592197189732
2026-04-03T13:57:01,04/03/202601:57,127.65,0.9099999999999999,116.16149999999999,54.18000000000001,1.78,96.44040000000001,96.0,0.6,11.0,198.7,23628.0,44696.0,23.9,25.4,70.0,29.77,18.89,194.0,430.0,3.4,0.8302268824007956
2026-04-03T13:57:51,04/03/202601:57,128.10999999999999,0.89,114.01789999999998,54.18000000000001,1.73,93.73140000000001,93.3,0.6,11.0,198.7,23628.0,44696.0,23.9,25.4,70.0,29.77,18.89,194.0,430.0,3.4,0.8220761827748101
2026-04-03T13:58:01,04/03/202601:58,128.48,0.86,110.49279999999999,54.18000000000001,1.64,88.85520000000001,88.4,0.6,11.0,198.7,23628.0,44696.0,23.9,25.4,70.0,29.77,18.89,194.0,430.0,3.4,0.8041718555417188
2026-04-03T13:58:50,04/03/202601:58,129.17000000000002,0.85,109.79450000000001,54.18000000000001,1.6300000000000001,88.31340000000002,87.8,0.6,12.0,198.7,23628.0,44696.0,23.9,25.4,70.0,29.77,18.89,194.0,430.0,3.4,0.8043517662542295
2026-04-03T13:59:01,04/03/202601:59,129.85999999999999,0.8400000000000001,109.08239999999999,54.18000000000001,1.6199999999999999,87.7716,87.2,0.6,12.0,198.7,23628.0,44696.0,23.9,25.4,70.0,29.77,18.89,194.0,430.0,3.4,0.8046357615894041
2026-04-03T13:59:51,04/03/202601:59,130.82,0.82,107.27239999999999,54.19,1.59,86.1621,85.6,0.6,12.0,198.7,23628.0,44696.0,23.9,25.4,70.0,29.77,18.89,194.0,430.0,3.4,0.8032084674156633
2026-04-03T14:00:01,04/03/202602:00,131.78,0.8,105.424,54.2,1.56,84.552,84.0,0.6,12.0,198.7,23628.0,44696.0,23.9,25.4,70.0,29.77,18.89,194.0,430.0,3.4,0.8020185157079982
2026-04-03T14:00:51,04/03/202602:00,132.44,0.8,105.952,54.2,1.5699999999999998,85.094,84.6,0.6,12.0,198.7,23628.0,44696.0,23.9,25.33,70.0,29.77,18.871000000000002,194.1,409.0,3.44,0.8031372697070371
2026-04-03T14:01:01,04/03/202602:01,133.1,0.8,106.48,54.2,1.58,85.63600000000001,85.2,0.6,12.0,198.7,23628.0,44696.0,23.9,25.259999999999998,70.0,29.77,18.852,194.2,388.0,3.4799999999999995,0.804244928625094
2026-04-03T14:01:51,04/03/202602:01,133.15,0.82,109.18299999999999,54.2,1.6300000000000001,88.34600000000002,88.0,0.6,12.0,198.7,23628.0,44696.0,23.9,25.189999999999998,70.0,29.77,18.833000000000002,194.3,367.0,3.5199999999999996,0.809155271425039
2026-04-03T14:02:01,04/03/202602:02,133.2,0.8400000000000001,111.888,54.2,1.6800000000000002,91.05600000000001,90.8,0.6,12.0,198.7,23628.0,44696.0,23.9,25.119999999999997,70.0,29.77,18.814,194.4,346.0,3.56,0.8138138138138139
2026-04-03T14:02:51,04/03/202602:02,133.23,0.86,114.5778,54.2,1.72,93.224,92.9,0.6,12.0,198.7,23628.0,44696.0,23.9,25.05,70.0,29.77,18.794999999999998,194.5,325.0,3.6,0.8136305636868574
2026-04-03T14:03:01,04/03/202602:03,133.26,0.8800000000000001,117.26880000000001,54.2,1.7600000000000002,95.39200000000002,95.0,0.6,12.0,198.7,23628.0,44696.0,23.9,24.979999999999997,70.0,29.77,18.776,194.6,304.0,3.6399999999999997,0.8134473960678374
2026-04-03T14:04:25,04/03/202602:04,133.34,0.9,120.006,54.2,1.81,98.102,97.7,0.6,12.0,198.7,23628.0,44696.0,23.9,24.91,70.0,29.77,18.756999999999998,194.7,283.0,3.6799999999999997,0.8174757928770229
2026-04-03T14:04:50,04/03/202602:04,133.7,0.9,120.33,54.2,1.83,99.186,98.8,0.6,12.0,198.7,23628.0,44696.0,23.9,24.839999999999996,70.0,29.77,18.738,194.8,262.0,3.7199999999999998,0.8242832211418599
2026-04-03T14:05:00,04/03/202602:05,133.8,0.95,127.11,54.2,1.9600000000000002,106.23200000000001,105.8,0.6,12.0,198.7,23628.0,44696.0,23.9,24.77,70.0,29.77,18.719,194.9,241.0,3.7600000000000002,0.8357485642357014
2026-04-03T14:05:51,04/03/202602:05,134.13,1.0,134.13,54.2,2.1,113.82000000000001,113.4,0.6,12.0,198.7,23628.0,44696.0,23.9,24.7,70.0,29.77,18.7,195.0,220.0,3.8,0.8485797360769404
2026-04-03T14:06:00,04/03/202602:06,134.74,1.02,137.43480000000002,54.2,2.17,117.614,117.2,0.6,12.0,198.7,23628.0,44696.0,23.9,24.7,70.0,29.77,18.7,195.0,220.0,3.8,0.855780340932573
2026-04-03T14:06:51,04/03/202602:06,135.35,1.04,140.764,54.2,2.23,120.866,120.4,0.6,12.0,198.7,23628.0,44696.0,23.9,24.7,70.0,29.77,18.7,195.0,220.0,3.8,0.8586428348157199
2026-04-03T14:07:01,04/03/202602:07,136.31,1.02,139.0362,54.2,2.2199999999999998,120.324,119.8,0.6,12.0,198.7,23628.0,44696.0,23.9,24.7,70.0,29.77,18.7,195.0,220.0,3.8,0.8654149063337461
2026-04-03T14:07:51,04/03/202602:07,137.4,0.9800000000000001,134.65200000000002,54.2,2.1399999999999997,115.98799999999999,115.4,0.6,12.0,198.7,23628.0,44696.0,23.9,24.7,70.0,29.77,18.7,195.0,220.0,3.8,0.8613908445474258
2026-04-03T14:08:00,04/03/202602:08,137.70999999999998,0.97,133.57869999999997,54.2,2.1399999999999997,115.98799999999999,115.4,0.6,12.0,198.7,23628.0,44696.0,23.9,24.7,70.0,29.77,18.7,195.0,220.0,3.8,0.8683120886788089
2026-04-03T14:08:50,04/03/202602:08,138.12,0.9400000000000001,129.83280000000002,54.2,2.1,113.82000000000001,113.3,0.6,12.0,198.7,23628.0,44696.0,23.9,24.7,70.0,29.77,18.7,195.0,220.0,3.8,0.8766659888718412
2026-04-03T14:09:00,04/03/202602:09,138.85999999999999,0.8800000000000001,122.1968,54.2,1.9599999999999997,106.23199999999999,105.8,0.6,12.0,198.7,23628.0,44696.0,23.9,24.7,70.0,29.77,18.7,195.0,220.0,3.8,0.8693517342516334
2026-04-03T14:09:51,04/03/202602:09,139.38,0.85,118.473,54.2,1.8800000000000001,101.89600000000002,101.5,0.6,12.0,198.7,23628.0,44696.0,23.9,24.7,70.0,29.77,18.7,195.0,220.0,3.8,0.8600778236391415
2026-04-03T14:10:01,04/03/202602:10,139.9,0.82,114.718,54.2,1.8,97.56,97.2,0.6,12.0,198.7,23628.0,44696.0,23.9,24.7,70.0,29.77,18.7,195.0,220.0,3.8,0.8504332362837567
2026-04-03T14:10:51,04/03/202602:10,140.20999999999998,0.86,120.58059999999998,54.2,1.9100000000000001,103.52200000000002,103.1,0.6,12.0,198.7,23628.0,44696.0,23.9,24.7,70.0,29.77,18.7,195.0,220.0,3.8,0.8585294815252208
2026-04-03T14:11:01,04/03/202602:11,140.52,0.9,126.46800000000002,54.2,2.02,109.48400000000001,109.0,0.6,12.0,198.7,23628.0,44696.0,23.9,24.7,70.0,29.77,18.7,195.0,220.0,3.8,0.8657051586171995
2026-04-03T14:11:51,04/03/202602:11,141.05,0.9,126.94500000000001,54.2,2.0100000000000002,108.94200000000002,108.5,0.6,12.0,198.7,23628.0,44696.0,23.9,24.7,70.0,29.77,18.7,195.0,220.0,3.8,0.8581826775375163
2026-04-03T14:12:01,04/03/202602:12,141.57999999999998,0.9,127.42199999999998,54.2,2.0,108.4,108.0,0.6,12.0,198.7,23628.0,44696.0,23.9,24.7,70.0,29.77,18.7,195.0,220.0,3.8,0.8507165167710444
2026-04-03T14:12:51,04/03/202602:12,141.77,0.93,131.8461,54.21,2.05,111.1305,110.7,0.6,12.0,198.7,23628.0,44696.0,23.9,24.7,70.0,29.77,18.7,195.0,220.0,3.8,0.8428804492510585
2026-04-03T14:13:00,04/03/202602:13,141.95999999999998,0.96,136.28159999999997,54.220000000000006,2.1,113.86200000000002,113.4,0.6,12.0,198.7,23628.0,44696.0,23.9,24.7,70.0,29.77,18.7,195.0,220.0,3.8,0.8354906311637085
2026-04-03T14:13:51,04/03/202602:13,141.91,1.0,141.91,54.220000000000006,2.1900000000000004,118.74180000000004,118.2,0.6,12.0,198.7,23628.0,44696.0,23.9,24.7,70.0,29.77,18.7,195.0,220.0,3.8,0.8367401874427457
2026-04-03T14:14:00,04/03/202602:14,141.85999999999999,1.04,147.53439999999998,54.220000000000006,2.2800000000000002,123.62160000000003,123.0,0.6,12.0,198.7,23628.0,44696.0,23.9,24.7,70.0,29.77,18.7,195.0,220.0,3.8,0.8379171230574025
2026-04-03T14:15:36,04/03/202602:15,141.54000000000002,1.08,152.86320000000003,54.21,2.39,129.5619,128.9,0.6,12.0,198.7,23628.0,44696.0,23.9,24.7,70.0,29.77,18.7,195.0,220.0,3.8,0.8475676290958188
2026-04-03T14:15:51,04/03/202602:15,141.13,1.1400000000000001,160.8882,54.21,2.54,137.6934,137.0,0.6,12.0,198.7,23628.0,44696.0,23.9,24.64,70.0,29.77,18.57,194.7,212.0,3.78,0.8558328081239021
2026-04-03T14:16:00,04/03/202602:16,140.7,1.1300000000000001,158.991,54.21,2.49,134.9829,134.3,0.6,12.0,198.7,23628.0,44696.0,23.9,24.580000000000002,70.0,29.77,18.439999999999998,194.4,204.0,3.7600000000000002,0.8489971130441345
2026-04-03T14:16:51,04/03/202602:16,140.63000000000002,1.06,149.06780000000003,54.21,2.27,123.0567,122.4,0.6,12.0,198.7,23628.0,44696.0,23.9,24.52,70.0,29.77,18.31,194.1,196.0,3.7399999999999998,0.8255082586581407
2026-04-03T14:17:00,04/03/202602:17,140.34,1.03,144.55020000000002,54.21,2.18,118.1778,117.5,0.6,12.0,198.7,23628.0,44696.0,23.9,24.46,70.0,29.77,18.18,193.8,188.0,3.72,0.8175554236521291
2026-04-03T14:17:51,04/03/202602:17,140.1,1.01,141.501,54.21,2.1100000000000003,114.38310000000001,113.7,0.6,12.0,198.7,23628.0,44696.0,23.9,24.4,70.0,29.77,18.05,193.5,180.0,3.7,0.8083554179829119
2026-04-03T14:18:01,04/03/202602:18,140.07,0.9800000000000001,137.2686,54.2,2.05,111.11,110.5,0.6,12.0,198.7,23628.0,44696.0,23.9,24.34,70.0,29.77,17.919999999999998,193.2,172.0,3.6799999999999997,0.8094349326794329
2026-04-03T14:18:51,04/03/202602:18,139.89000000000001,0.9800000000000001,137.09220000000002,54.19,2.09,113.2571,112.7,0.6,12.0,198.7,23628.0,44696.0,23.9,24.28,70.0,29.77,17.79,192.9,164.0,3.66,0.8261381756219536
2026-04-03T14:19:01,04/03/202602:19,139.85,0.99,138.45149999999998,54.19,2.13,115.42469999999999,114.9,0.6,12.0,198.7,23628.0,44696.0,23.9,24.220000000000002,70.0,29.77,17.66,192.6,156.0,3.6399999999999997,0.8336832753707978
2026-04-03T14:19:51,04/03/202602:19,139.76,0.99,138.36239999999998,54.19,2.1399999999999997,115.96659999999997,115.5,0.6,12.0,198.7,23628.0,44696.0,23.9,24.240000000000002,70.0,29.77,17.461999999999996,193.4,144.0,3.62,0.8381366614051216
2026-04-03T14:20:00,04/03/202602:20,139.88,0.9800000000000001,137.0824,54.2,2.1,113.82000000000001,113.4,0.6,12.0,198.7,23628.0,44696.0,23.9,24.26,70.0,29.77,17.264,194.2,132.0,3.6,0.8303035254708118
2026-04-03T14:20:51,04/03/202602:20,139.88,0.97,135.68359999999998,54.21,2.09,113.29889999999999,112.9,0.6,12.0,198.7,23628.0,44696.0,23.9,24.34,70.0,29.77,17.195999999999998,195.3,128.0,3.6,0.8350228030506266
2026-04-03T14:21:01,04/03/202602:21,139.88,0.96,134.2848,54.220000000000006,2.08,112.77760000000002,112.4,0.6,12.0,198.7,23628.0,44696.0,23.9,24.419999999999998,70.0,29.77,17.127999999999997,196.4,124.0,3.6,0.839838909541512
2026-04-03T14:21:51,04/03/202602:21,139.48,1.02,142.2696,54.220000000000006,2.2199999999999998,120.3684,120.0,0.6,12.0,198.7,23628.0,44696.0,23.9,24.5,70.0,29.77,17.06,197.5,120.0,3.6,0.8460584692724236
2026-04-03T14:21:54,04/03/202602:21,139.07,1.08,150.1956,54.220000000000006,2.3600000000000003,127.95920000000004,127.6,0.6,12.0,198.7,23628.0,44696.0,23.9,24.580000000000002,70.0,29.77,16.991999999999997,198.6,116.0,3.6,0.8519503900247413
2026-04-03T14:22:01,04/03/202602:22,138.60999999999999,1.1300000000000001,156.6293,54.220000000000006,2.48,134.46560000000002,134.1,0.6,12.0,198.7,23628.0,44696.0,23.9,24.66,70.0,29.77,16.924,199.7,112.0,3.6,0.8584958242167974
2026-04-03T14:22:53,04/03/202602:22,138.16,1.17,161.6472,54.220000000000006,2.6,140.972,140.6,0.6,12.0,198.7,23628.0,44696.0,23.9,24.74,70.0,29.77,16.856,200.8,108.0,3.6,0.8720967638165091
2026-04-03T14:23:01,04/03/202602:23,137.85999999999999,1.1800000000000002,162.6748,54.220000000000006,2.62,142.05640000000002,141.7,0.6,12.0,198.7,23628.0,44696.0,23.9,24.82,70.0,29.77,16.788,201.9,104.0,3.6,0.8732538782896923
2026-04-03T14:23:53,04/03/202602:23,137.45999999999998,1.2,164.95199999999997,54.220000000000006,2.66,144.22520000000003,143.9,0.6,12.0,198.7,23628.0,44696.0,23.9,24.9,70.0,29.77,16.72,203.0,100.0,3.6,0.8743464765507545
2026-04-03T14:24:01,04/03/202602:24,137.10999999999999,1.23,168.6453,54.220000000000006,2.73,148.0206,147.7,0.6,12.0,198.7,23628.0,44696.0,23.9,24.9,70.0,29.77,16.72,203.0,100.0,3.6,0.8777036774816731
2026-04-03T14:24:52,04/03/202602:24,136.76,1.24,169.58239999999998,54.220000000000006,2.7600000000000002,149.64720000000003,149.3,0.7,12.0,198.7,23628.0,44696.0,23.9,24.9,70.0,29.77,16.72,203.0,100.0,3.6,0.8824453481021618
2026-04-03T14:25:01,04/03/202602:25,136.62,1.23,168.0426,54.21,2.7199999999999998,147.4512,147.1,0.7,12.0,198.7,23628.0,44696.0,23.9,24.9,70.0,29.77,16.72,203.0,100.0,3.6,0.8774632146848478
2026-04-03T14:26:48,04/03/202602:26,136.54000000000002,1.2200000000000002,166.57880000000006,54.2,2.6900000000000004,145.79800000000003,145.5,0.7,13.0,198.7,23628.0,44696.0,23.9,24.9,70.0,29.77,16.72,203.0,100.0,3.6,0.8752494315002868
2026-04-03T14:27:01,04/03/202602:27,136.5,1.2,163.79999999999998,54.2,2.68,145.25600000000003,145.0,0.7,13.0,198.7,23628.0,44696.0,23.9,24.9,70.0,29.77,16.72,203.0,100.0,3.6,0.8867887667887671
2026-04-03T14:27:03,04/03/202602:27,136.7,1.1400000000000001,155.838,54.21,2.55,138.2355,137.9,0.7,13.0,198.7,23628.0,44696.0,23.9,24.9,70.0,29.77,16.72,203.0,100.0,3.6,0.8870461633234513
2026-04-03T14:28:00,04/03/202602:28,136.9,1.08,147.852,54.220000000000006,2.42,131.2124,130.8,0.7,13.0,198.7,23628.0,44696.0,23.9,24.9,70.0,29.77,16.72,203.0,100.0,3.6,0.8874577279982685
2026-04-03T14:28:03,04/03/202602:28,136.88,1.06,145.0928,54.220000000000006,2.37,128.50140000000002,128.1,0.7,13.0,198.7,23628.0,44696.0,23.9,24.9,70.0,29.77,16.72,203.0,100.0,3.6,0.8856497358931663
2026-04-03T14:29:00,04/03/202602:29,136.85999999999999,1.04,142.3344,54.220000000000006,2.32,125.7904,125.4,0.7,13.0,198.7,23628.0,44696.0,23.9,24.9,70.0,29.77,16.72,203.0,100.0,3.6,0.8837666790319136
2026-04-03T14:29:02,04/03/202602:29,136.5,1.04,141.96,54.220000000000006,2.33,126.33260000000001,125.9,0.7,13.0,198.7,23628.0,44696.0,23.9,24.9,70.0,29.77,16.72,203.0,100.0,3.6,0.8899168779938011
2026-04-03T14:30:01,04/03/202602:30,136.14000000000001,1.04,141.58560000000003,54.220000000000006,2.34,126.87480000000001,126.4,0.7,13.0,198.7,23628.0,44696.0,23.9,24.9,70.0,29.77,16.72,203.0,100.0,3.6,0.896099603349493
2026-04-03T14:30:03,04/03/202602:30,135.17000000000002,1.05,141.9285,54.220000000000006,2.34,126.87480000000001,126.4,0.7,13.0,198.7,23628.0,44696.0,23.9,24.9,70.0,29.77,16.72,203.0,100.0,3.6,0.8939346220103784
2026-04-03T14:31:00,04/03/202602:31,134.2,1.06,142.25199999999998,54.220000000000006,2.34,126.87480000000001,126.4,0.7,13.0,198.7,23628.0,44696.0,23.9,24.9,70.0,29.77,16.72,203.0,100.0,3.6,0.8919016955824876
2026-04-03T14:31:02,04/03/202602:31,133.17000000000002,1.05,139.82850000000002,54.220000000000006,2.3,124.706,124.2,0.7,13.0,198.7,23628.0,44696.0,23.9,24.96,69.9,29.77,16.918,202.2,124.0,3.56,0.8918496586890369
2026-04-03T14:32:00,04/03/202602:32,132.14000000000001,1.04,137.42560000000003,54.220000000000006,2.2600000000000002,122.53720000000003,122.0,0.7,13.0,198.7,23628.0,44696.0,23.9,25.02,69.8,29.77,17.116,201.4,148.0,3.5200000000000005,0.8916621066235112
2026-04-03T14:32:03,04/03/202602:32,131.74,1.0699999999999998,140.96179999999998,54.21,2.31,125.22510000000001,124.8,0.7,13.0,198.7,23628.0,44696.0,23.9,25.08,69.7,29.77,17.314,200.6,172.0,3.4800000000000004,0.8883619533802777
2026-04-03T14:33:01,04/03/202602:33,131.34,1.1,144.47400000000002,54.2,2.3600000000000003,127.91200000000002,127.6,0.7,13.0,198.7,23628.0,44696.0,23.9,25.139999999999997,69.6,29.77,17.512,199.8,196.0,3.44,0.8853634564004597
2026-04-03T14:33:03,04/03/202602:33,130.93,1.1400000000000001,149.26020000000003,54.2,2.44,132.248,131.9,0.7,13.0,198.7,23628.0,44696.0,23.9,25.2,69.5,29.77,17.71,199.0,220.0,3.4,0.8860231997545224
2026-04-03T14:34:01,04/03/202602:34,130.52,1.1800000000000002,154.01360000000003,54.2,2.52,136.584,136.2,0.7,13.0,198.7,23628.0,44696.0,23.9,25.259999999999998,69.4,29.77,17.907999999999998,198.2,244.0,3.3600000000000003,0.8868307733862463
2026-04-03T14:34:03,04/03/202602:34,130.94,1.15,150.581,54.2,2.43,131.70600000000002,131.3,0.7,13.0,198.7,23628.0,44696.0,23.9,25.32,69.3,29.77,18.106,197.4,268.0,3.3200000000000003,0.8746521805539877
2026-04-03T14:34:26,04/03/202602:34,130.29000000000002,1.1800000000000002,153.74220000000005,54.2,2.4699999999999998,133.874,133.5,0.7,13.0,198.7,23628.0,44696.0,23.9,25.380000000000003,69.2,29.77,18.304,196.6,292.0,3.2800000000000002,0.8707693788693016
2026-04-03T14:35:00,04/03/202602:35,130.25,1.22,158.905,54.2,2.56,138.752,138.4,0.7,13.0,198.7,23628.0,44696.0,23.9,25.44,69.1,29.77,18.502,195.8,316.0,3.2399999999999998,0.873175796859759
2026-04-03T14:35:26,04/03/202602:35,131.09,1.21,158.6189,54.21,2.55,138.2355,137.9,0.7,13.0,198.7,23628.0,44696.0,23.9,25.5,69.0,29.77,18.7,195.0,340.0,3.2,0.8714945066445424
2026-04-03T14:36:00,04/03/202602:36,131.93,1.22,160.9546,54.220000000000006,2.57,139.3454,139.0,0.7,13.0,198.7,23628.0,44696.0,23.9,25.5,69.0,29.77,18.7,195.0,340.0,3.2,0.8657435077966086
2026-04-03T14:36:26,04/03/202602:36,131.99,1.27,167.62730000000002,54.220000000000006,2.68,145.30960000000002,144.9,0.7,13.0,198.7,23628.0,44696.0,23.9,25.5,69.0,29.77,18.7,195.0,340.0,3.2,0.8668611854990207
2026-04-03T14:37:59,04/03/202602:37,131.99,1.28,168.9472,54.220000000000006,2.7199999999999998,147.4784,147.0,0.7,13.0,198.7,23628.0,44696.0,23.9,25.5,69.0,29.77,18.7,195.0,340.0,3.2,0.8729259792408515
2026-04-03T14:38:01,04/03/202602:38,131.99,1.29,170.26710000000003,54.220000000000006,2.76,149.6472,149.1,0.7,13.0,198.7,23628.0,44696.0,23.9,25.5,69.0,29.77,18.7,195.0,340.0,3.2,0.8788967451727314
2026-04-03T14:38:26,04/03/202602:38,132.24,1.25,165.3,54.220000000000006,2.68,145.30960000000002,144.8,0.7,13.0,198.7,23628.0,44696.0,23.9,25.5,69.0,29.77,18.7,195.0,340.0,3.2,0.8790659407138537
2026-04-03T14:39:01,04/03/202602:39,132.49,1.2100000000000002,160.31290000000004,54.220000000000006,2.6,140.972,140.5,0.7,13.0,198.7,23628.0,44696.0,23.9,25.5,69.0,29.77,18.7,195.0,340.0,3.2,0.8793553107703745
2026-04-03T14:39:25,04/03/202602:39,132.53,1.19,157.7107,54.220000000000006,2.5599999999999996,138.8032,138.4,0.7,13.0,198.7,23628.0,44696.0,23.9,25.5,69.0,29.77,18.7,195.0,340.0,3.2,0.880112763433299
2026-04-03T14:40:01,04/03/202602:40,133.64000000000001,1.11,148.34040000000002,54.220000000000006,2.3899999999999997,129.5858,129.2,0.7,13.0,198.7,23628.0,44696.0,23.9,25.5,69.0,29.77,18.7,195.0,340.0,3.2,0.8735705175393891
2026-04-03T14:40:26,04/03/202602:40,134.39000000000001,1.08,145.14120000000003,54.220000000000006,2.35,127.41700000000002,127.0,0.7,13.0,198.7,23628.0,44696.0,23.9,25.5,69.0,29.77,18.7,195.0,340.0,3.2,0.877883054570308
2026-04-03T14:41:01,04/03/202602:41,134.26,1.1,147.686,54.21,2.41,130.64610000000002,130.2,0.7,13.0,198.7,23628.0,44696.0,23.9,25.5,69.0,29.77,18.7,195.0,340.0,3.2,0.8846207494278402
2026-04-03T14:41:26,04/03/202602:41,134.7,1.05,141.435,54.2,2.3,124.66,124.2,0.7,13.0,198.7,23628.0,44696.0,23.9,25.5,69.0,29.77,18.7,195.0,340.0,3.2,0.8813942800579772
2026-04-03T14:42:00,04/03/202602:42,135.92000000000002,0.96,130.4832,54.2,2.1,113.82000000000001,113.4,0.7,13.0,198.7,23628.0,44696.0,23.9,25.5,69.0,29.77,18.7,195.0,340.0,3.2,0.8722962036492053
2026-04-03T14:42:26,04/03/202602:42,135.93,0.9800000000000001,133.21140000000003,54.2,2.15,116.53,116.1,0.7,13.0,198.7,23628.0,44696.0,23.9,25.5,69.0,29.77,18.7,195.0,340.0,3.2,0.8747749817207835
2026-04-03T14:43:01,04/03/202602:43,135.94,1.0,135.94,54.2,2.2,119.24000000000001,118.8,0.7,13.0,198.7,23628.0,44696.0,23.9,25.5,69.0,29.77,18.7,195.0,340.0,3.2,0.8771516845667207
2026-04-03T14:43:26,04/03/202602:43,136.10999999999999,0.97,132.02669999999998,54.2,2.1100000000000003,114.36200000000002,113.9,0.7,13.0,198.7,23628.0,44696.0,23.9,25.5,69.0,29.77,18.7,195.0,340.0,3.2,0.8662035785185879
2026-04-03T14:44:01,04/03/202602:44,136.28,0.9400000000000001,128.10320000000002,54.2,2.02,109.48400000000001,109.0,0.7,13.0,198.7,23628.0,44696.0,23.9,25.5,69.0,29.77,18.7,195.0,340.0,3.2,0.8546546846604924
2026-04-03T14:44:26,04/03/202602:44,135.56,0.9800000000000001,132.8488,54.2,2.09,113.27799999999999,112.8,0.7,13.0,198.7,23628.0,44696.0,23.9,25.5,69.0,29.77,18.7,195.0,340.0,3.2,0.8526836523927953
2026-04-03T14:45:01,04/03/202602:45,134.84,1.02,137.5368,54.2,2.16,117.07200000000002,116.6,0.7,13.0,198.7,23628.0,44696.0,23.9,25.5,69.0,29.77,18.7,195.0,340.0,3.2,0.8512049138848659
2026-04-03T14:45:25,04/03/202602:45,134.10999999999999,1.0,134.10999999999999,54.2,2.08,112.736,112.3,0.7,13.0,198.7,23628.0,44696.0,23.9,25.5,69.0,29.77,18.7,195.0,340.0,3.2,0.8406233688762957
2026-04-03T14:46:01,04/03/202602:46,133.38,0.9800000000000001,130.7124,54.2,2.0,108.4,108.0,0.7,13.0,198.7,23628.0,44696.0,23.9,25.5,69.0,29.77,18.7,195.0,340.0,3.2,0.8293015811812805
2026-04-03T14:46:25,04/03/202602:46,132.69,1.01,134.0169,54.2,2.07,112.194,111.8,0.7,13.0,198.7,23628.0,44696.0,23.9,25.580000000000002,69.0,29.767000000000003,18.762999999999998,194.8,366.0,3.15,0.8371630742092976
2026-04-03T14:47:01,04/03/202602:47,132.0,1.04,137.28,54.2,2.1399999999999997,115.98799999999999,115.6,0.7,13.0,198.7,23628.0,44696.0,23.9,25.660000000000004,69.0,29.764,18.826,194.6,392.0,3.1,0.8449009324009323
2026-04-03T14:47:26,04/03/202602:47,131.85,1.01,133.1685,54.2,2.05,111.11,110.7,0.7,13.0,198.7,23628.0,44696.0,23.9,25.74,69.0,29.761000000000003,18.889,194.4,418.0,3.05,0.8343564731899812
2026-04-03T14:49:10,04/03/202602:49,131.99,0.95,125.3905,54.2,1.9100000000000001,103.52200000000002,103.1,0.7,13.0,198.7,23628.0,44696.0,23.9,25.82,69.0,29.758,18.951999999999998,194.2,444.0,3.0,0.8255968354859421
2026-04-03T14:49:26,04/03/202602:49,131.76,0.99,130.4424,54.2,2.0100000000000002,108.94200000000002,108.5,0.7,13.0,198.7,23628.0,44696.0,23.9,25.9,69.0,29.755000000000003,19.014999999999997,194.0,470.0,2.95,0.8351732258836086
2026-04-03T14:50:00,04/03/202602:50,131.53,1.03,135.4759,54.2,2.1100000000000003,114.36200000000002,113.9,0.7,13.0,198.7,23628.0,44696.0,23.9,25.98,69.0,29.752,19.077999999999996,193.8,496.0,2.9,0.8441501403570674
2026-04-03T14:50:26,04/03/202602:50,132.4,0.9800000000000001,129.752,54.2,2.0100000000000002,108.94200000000002,108.4,0.7,13.0,198.7,23628.0,44696.0,23.9,26.060000000000002,69.0,29.749000000000002,19.141,193.6,522.0,2.85,0.8396171157284668
2026-04-03T14:51:00,04/03/202602:51,133.27,0.93,123.94110000000002,54.2,1.9100000000000001,103.52200000000002,102.9,0.7,13.0,198.7,23628.0,44696.0,23.9,26.139999999999997,69.0,29.746,19.204,193.4,548.0,2.8,0.835251583211703
2026-04-03T14:51:26,04/03/202602:51,134.27,0.95,127.5565,54.2,1.9899999999999998,107.85799999999999,107.2,0.7,13.0,198.7,23628.0,44696.0,23.9,26.22,69.0,29.743000000000002,19.267,193.2,574.0,2.75,0.845570394295861
2026-04-03T14:52:00,04/03/202602:52,135.27,0.97,131.2119,54.2,2.07,112.194,111.5,0.7,13.0,198.7,23628.0,44696.0,23.9,26.3,69.0,29.74,19.33,193.0,600.0,2.7,0.855059640169832
2026-04-03T14:52:26,04/03/202602:52,136.0,0.95,129.2,54.2,2.02,109.48400000000001,108.8,0.7,13.0,198.7,23628.0,44696.0,23.9,26.3,69.0,29.74,19.33,193.0,600.0,2.7,0.8473993808049537
2026-04-03T14:53:00,04/03/202602:53,136.73,0.93,127.1589,54.2,1.97,106.774,106.1,0.7,13.0,198.7,23628.0,44696.0,23.9,26.3,69.0,29.74,19.33,193.0,600.0,2.7,0.839689553778776
2026-04-03T14:53:26,04/03/202602:53,137.13,0.95,130.27349999999998,54.2,2.02,109.48400000000001,109.4,0.7,13.0,198.7,23628.0,44696.0,23.9,26.3,69.0,29.74,19.33,193.0,600.0,2.7,0.8404165083459032
2026-04-03T14:54:00,04/03/202602:54,137.24,1.0,137.24,54.2,2.12,114.90400000000001,115.4,0.7,13.0,198.7,23628.0,44696.0,23.9,26.3,69.0,29.74,19.33,193.0,600.0,2.7,0.8372486155639756
2026-04-03T14:54:23,04/03/202602:54,137.4,1.02,140.148,54.2,2.18,118.15600000000002,118.7,0.7,14.0,198.7,23628.0,44696.0,23.9,26.3,69.0,29.74,19.33,193.0,600.0,2.7,0.8430801723891888
2026-04-03T14:55:00,04/03/202602:55,137.56,1.04,143.0624,54.2,2.2399999999999998,121.40799999999999,122.0,0.7,14.0,198.7,23628.0,44696.0,23.9,26.3,69.0,29.74,19.33,193.0,600.0,2.7,0.8486366788198716
2026-04-03T14:55:23,04/03/202602:55,137.57999999999998,1.05,144.459,54.2,2.2600000000000002,122.49200000000002,123.1,0.7,14.0,198.7,23628.0,44696.0,23.9,26.3,69.0,29.74,19.33,193.0,600.0,2.7,0.8479360925937465
2026-04-03T14:56:00,04/03/202602:56,137.6,1.06,145.856,54.2,2.2800000000000002,123.57600000000002,124.2,0.7,14.0,198.7,23628.0,44696.0,23.9,26.3,69.0,29.74,19.33,193.0,600.0,2.7,0.8472465993856957
2026-04-03T14:56:19,04/03/202602:56,137.77,1.04,143.28080000000003,54.2,2.2199999999999998,120.324,121.0,0.7,14.0,198.7,23628.0,44696.0,23.9,26.3,69.0,29.74,19.33,193.0,600.0,2.7,0.8397775556808726
2026-04-03T14:57:01,04/03/202602:57,137.94,1.02,140.6988,54.2,2.16,117.07200000000002,117.8,0.7,14.0,198.7,23628.0,44696.0,23.9,26.3,69.0,29.74,19.33,193.0,600.0,2.7,0.8320753268684595
2026-04-03T14:57:19,04/03/202602:57,138.0,1.03,142.14000000000001,54.2,2.17,117.614,118.3,0.7,14.0,198.7,23628.0,44696.0,23.9,26.3,69.0,29.74,19.33,193.0,600.0,2.7,0.8274518080765442
2026-04-03T14:58:00,04/03/202602:58,138.06,1.04,143.5824,54.2,2.18,118.15600000000002,118.8,0.7,14.0,198.7,23628.0,44696.0,23.9,26.3,69.0,29.74,19.33,193.0,600.0,2.7,0.8229142290419996
2026-04-03T14:58:18,04/03/202602:58,138.09,1.07,147.7563,54.2,2.25,121.95,122.1,0.7,14.0,198.7,23628.0,44696.0,23.9,26.3,69.0,29.74,19.33,193.0,600.0,2.7,0.8253455182621654
2026-04-03T14:59:00,04/03/202602:59,138.12,1.1,151.93200000000002,54.2,2.32,125.744,125.4,0.7,14.0,198.7,23628.0,44696.0,23.9,26.3,69.0,29.74,19.33,193.0,600.0,2.7,0.8276334149487928
2026-04-03T15:00:22,04/03/202603:00,138.32999999999998,1.08,149.3964,54.2,2.2800000000000002,123.57600000000002,123.2,0.7,14.0,198.7,23628.0,44696.0,23.9,26.3,69.0,29.74,19.33,193.0,600.0,2.7,0.8271685261492246
2026-04-03T15:01:00,04/03/202603:01,138.54000000000002,1.06,146.85240000000002,54.2,2.2399999999999998,121.40799999999999,121.0,0.7,14.0,198.7,23628.0,44696.0,23.9,26.3,69.0,29.74,19.33,193.0,600.0,2.7,0.8267348712040115
2026-04-03T15:01:19,04/03/202603:01,138.47,1.07,148.1629,54.2,2.29,124.11800000000001,123.7,0.7,14.0,198.7,23628.0,44696.0,23.9,26.310000000000002,68.6,29.743000000000002,19.273999999999997,192.9,596.0,2.6700000000000004,0.837713084719589
2026-04-03T15:02:00,04/03/202603:02,138.4,1.08,149.472,54.2,2.34,126.828,126.4,0.7,14.0,198.7,23628.0,44696.0,23.9,26.32,68.2,29.746,19.217999999999996,192.8,592.0,2.64,0.8485067437379575
2026-04-03T15:02:18,04/03/202603:02,138.32,1.07,148.0024,54.2,2.3,124.66,124.2,0.7,14.0,198.7,23628.0,44696.0,23.9,26.330000000000002,67.8,29.749000000000002,19.162,192.7,588.0,2.6100000000000003,0.8422836386436977
2026-04-03T15:03:00,04/03/202603:03,138.24,1.06,146.5344,54.2,2.2600000000000002,122.49200000000002,122.0,0.7,14.0,198.7,23628.0,44696.0,23.9,26.339999999999996,67.4,29.752,19.106,192.6,584.0,2.58,0.8359265810621944
2026-04-03T15:03:18,04/03/202603:03,138.04000000000002,1.04,143.56160000000003,54.2,2.21,119.78200000000001,119.3,0.7,14.0,198.7,23628.0,44696.0,23.9,26.35,67.0,29.755000000000003,19.05,192.5,580.0,2.55,0.83435960591133
2026-04-03T15:04:01,04/03/202603:04,137.84,1.02,140.5968,54.2,2.16,117.07200000000002,116.6,0.7,14.0,198.7,23628.0,44696.0,23.9,26.360000000000003,66.6,29.758,18.994,192.4,576.0,2.52,0.8326789798914344
2026-04-03T15:04:18,04/03/202603:04,137.77,0.96,132.2592,54.2,2.0300000000000002,110.02600000000002,109.5,0.7,14.0,198.7,23628.0,44696.0,24.0,26.369999999999997,66.2,29.761000000000003,18.938,192.3,572.0,2.4899999999999998,0.8318967603009849
2026-04-03T15:05:00,04/03/202603:05,137.7,0.9,123.92999999999999,54.2,1.9,102.98,102.4,0.7,14.0,198.7,23628.0,44696.0,24.0,26.380000000000003,65.8,29.764,18.881999999999998,192.2,568.0,2.46,0.8309529573146132
2026-04-03T15:05:19,04/03/202603:05,137.39000000000001,0.9199999999999999,126.39880000000001,54.2,1.9300000000000002,104.60600000000001,104.0,0.7,14.0,198.7,23628.0,44696.0,23.9,26.389999999999997,65.4,29.767000000000003,18.826,192.1,564.0,2.43,0.8275869707623806
2026-04-03T15:06:00,04/03/202603:06,137.07999999999998,0.9400000000000001,128.8552,54.2,1.9600000000000002,106.23200000000001,105.6,0.7,14.0,198.7,23628.0,44696.0,23.9,26.4,65.0,29.77,18.77,192.0,560.0,2.4,0.8244292818605692
2026-04-03T15:06:19,04/03/202603:06,137.05,0.95,130.1975,54.19,1.98,107.2962,106.7,0.7,14.0,198.7,23628.0,44696.0,23.9,26.4,65.0,29.77,18.77,192.0,560.0,2.4,0.8241033814013327
2026-04-03T15:07:01,04/03/202603:07,137.01999999999998,0.96,131.53919999999997,54.18000000000001,2.0,108.36000000000001,107.8,0.7,14.0,198.7,23628.0,44696.0,23.9,26.4,65.0,29.77,18.77,192.0,560.0,2.4,0.8237848489271642
2026-04-03T15:07:18,04/03/202603:07,137.21999999999997,0.96,131.73119999999997,54.18000000000001,2.0,108.36000000000001,107.8,0.7,14.0,198.7,23628.0,44696.0,23.9,26.4,65.0,29.77,18.77,192.0,560.0,2.4,0.8225841714035858
2026-04-03T15:08:00,04/03/202603:08,137.42,0.96,131.92319999999998,54.18000000000001,2.0,108.36000000000001,107.8,0.7,14.0,198.7,23628.0,44696.0,23.9,26.4,65.0,29.77,18.77,192.0,560.0,2.4,0.82138698879348
2026-04-03T15:08:19,04/03/202603:08,137.66,0.9800000000000001,134.9068,54.19,2.0300000000000002,110.0057,109.4,0.7,14.0,198.7,23628.0,44696.0,23.9,26.4,65.0,29.77,18.77,192.0,560.0,2.4,0.8154199788298292
2026-04-03T15:09:00,04/03/202603:09,137.9,1.0,137.9,54.2,2.0599999999999996,111.65199999999999,111.0,0.7,14.0,198.7,23628.0,44696.0,23.9,26.4,65.0,29.77,18.77,192.0,560.0,2.4,0.8096591733139955
2026-04-03T15:09:19,04/03/202603:09,138.03,1.04,143.5512,54.2,2.17,117.614,117.0,0.7,14.0,198.7,23628.0,44696.0,23.9,26.4,65.0,29.77,18.77,192.0,560.0,2.4,0.8193174282068001
2026-04-03T15:10:00,04/03/202603:10,138.16,1.08,149.21280000000002,54.2,2.28,123.576,123.0,0.7,14.0,198.7,23628.0,44696.0,23.9,26.4,65.0,29.77,18.77,192.0,560.0,2.4,0.8281863218168949
2026-04-03T15:10:19,04/03/202603:10,138.48,1.06,146.7888,54.2,2.25,121.95,121.4,0.7,14.0,198.7,23628.0,44696.0,23.9,26.4,65.0,29.77,18.77,192.0,560.0,2.4,0.8307854550210915
2026-04-03T15:11:33,04/03/202603:11,138.74,1.03,142.90220000000002,54.2,2.2,119.24000000000001,118.7,0.7,14.0,198.7,23628.0,44696.0,23.9,26.4,65.0,29.77,18.77,192.0,560.0,2.4,0.834416824933416
2026-04-03T15:12:49,04/03/202603:12,138.7,1.04,144.248,54.21,2.2199999999999998,120.34619999999998,119.8,0.7,14.0,198.7,23628.0,44696.0,23.9,26.4,65.0,29.77,18.77,192.0,560.0,2.4,0.8343006488824801
2026-04-03T15:12:50,04/03/202603:12,138.69,1.07,148.3983,54.23,2.27,123.1021,122.5,0.7,14.0,198.7,23628.0,44696.0,23.9,26.4,65.0,29.77,18.77,192.0,560.0,2.4,0.8295384785405223
2026-04-03T15:13:00,04/03/202603:13,138.55,1.1,152.40500000000003,54.239999999999995,2.35,127.464,126.8,0.7,14.0,198.7,23628.0,44696.0,23.9,26.4,65.0,29.77,18.77,192.0,560.0,2.4,0.8363505134345984
2026-04-03T15:13:50,04/03/202603:13,138.64000000000001,1.11,153.89040000000003,54.25,2.3899999999999997,129.65749999999997,129.0,0.7,14.0,198.7,23628.0,44696.0,23.9,26.4,65.0,29.77,18.77,192.0,560.0,2.4,0.8425314379584428
2026-04-03T15:14:00,04/03/202603:14,138.57999999999998,1.1400000000000001,157.9812,54.25,2.4899999999999998,135.08249999999998,134.5,0.7,14.0,198.7,23628.0,44696.0,23.9,26.4,65.0,29.77,18.77,192.0,560.0,2.4,0.8550542722804991
2026-04-03T15:14:50,04/03/202603:14,138.48,1.1800000000000002,163.40640000000002,54.239999999999995,2.61,141.5664,141.1,0.7,14.0,198.7,23628.0,44696.0,23.9,26.4,65.0,29.77,18.77,192.0,560.0,2.4,0.866345504215257
2026-04-03T15:15:00,04/03/202603:15,138.59,1.1700000000000002,162.15030000000002,54.239999999999995,2.58,139.9392,139.5,0.7,14.0,198.7,23628.0,44696.0,23.9,26.4,65.0,29.77,18.77,192.0,560.0,2.4,0.8630215300249212
2026-04-03T15:15:50,04/03/202603:15,138.82999999999998,1.12,155.4896,54.239999999999995,2.4699999999999998,133.97279999999998,133.5,0.7,14.0,198.7,23628.0,44696.0,23.9,26.409999999999997,65.0,29.77,18.657999999999998,191.7,551.0,2.37,0.861619040758996
2026-04-03T15:16:00,04/03/202603:16,139.07,1.09,151.5863,54.239999999999995,2.4,130.176,129.7,0.7,14.0,198.7,23628.0,44696.0,23.9,26.419999999999998,65.0,29.77,18.546,191.4,542.0,2.34,0.8587583442567039
2026-04-03T15:16:21,04/03/202603:16,139.22,1.12,155.9264,54.239999999999995,2.4899999999999998,135.05759999999998,134.6,0.8,14.0,198.7,23628.0,44696.0,23.9,26.43,65.0,29.77,18.434,191.1,533.0,2.31,0.8661624971781557
2026-04-03T15:17:00,04/03/202603:17,139.42000000000002,1.1400000000000001,158.93880000000004,54.239999999999995,2.56,138.8544,138.4,0.8,14.0,198.7,23628.0,44696.0,23.9,26.439999999999998,65.0,29.77,18.322,190.8,524.0,2.2800000000000002,0.873634380025519
2026-04-03T15:17:22,04/03/202603:17,139.74,1.1099999999999999,155.1114,54.23,2.4899999999999998,135.03269999999998,134.6,0.8,14.0,198.7,23628.0,44696.0,23.9,26.45,65.0,29.77,18.21,190.5,515.0,2.25,0.8705530347866113
2026-04-03T15:18:00,04/03/202603:18,140.06,1.08,151.2648,54.220000000000006,2.42,131.2124,130.8,0.8,14.0,198.7,23628.0,44696.0,23.9,26.46,65.0,29.77,18.098,190.2,506.0,2.2199999999999998,0.8674351203981362
2026-04-03T15:18:22,04/03/202603:18,139.96,1.1199999999999999,156.7552,54.21,2.5,135.525,135.1,0.8,14.0,198.7,23628.0,44696.0,23.9,26.47,65.0,29.77,17.985999999999997,189.9,497.0,2.19,0.8645646205038174
2026-04-03T15:19:01,04/03/202603:19,139.86,1.16,162.23760000000001,54.2,2.58,139.836,139.4,0.8,14.0,198.7,23628.0,44696.0,23.9,26.48,65.0,29.77,17.874,189.6,488.0,2.16,0.8619210343348275
2026-04-03T15:19:22,04/03/202603:19,139.87,1.15,160.85049999999998,54.2,2.58,139.836,139.3,0.8,14.0,198.7,23628.0,44696.0,23.9,26.49,65.0,29.77,17.761999999999997,189.3,479.0,2.13,0.869353840988993
2026-04-03T15:20:00,04/03/202603:19,139.78000000000003,1.16,162.14480000000003,54.2,2.63,142.546,142.0,0.8,14.0,198.7,23628.0,44696.0,23.9,26.5,65.0,29.77,17.65,189.0,470.0,2.1,0.8791277919489244
2026-04-03T15:20:01,04/03/202603:20,139.56,1.21,168.8676,54.2,2.7600000000000002,149.592,149.1,0.8,14.0,198.7,23628.0,44696.0,23.9,26.5,65.0,29.77,17.65,189.0,470.0,2.1,0.8858537694619927
2026-04-03T15:21:01,04/03/202603:21,139.38,1.23,171.4374,54.2,2.8,151.76,151.3,0.8,14.0,198.7,23628.0,44696.0,23.9,26.5,65.0,29.77,17.65,189.0,470.0,2.1,0.8852210777811609
2026-04-03T15:22:44,04/03/202603:22,139.04000000000002,1.24,172.4096,54.2,2.8,151.76,151.3,0.8,15.0,198.7,23628.0,44696.0,23.9,26.5,65.0,29.77,17.65,189.0,470.0,2.1,0.8802294071791825
2026-04-03T15:23:00,04/03/202603:22,138.82999999999998,1.2,166.59599999999998,54.2,2.66,144.17200000000003,143.7,0.8,15.0,198.7,23628.0,44696.0,23.9,26.5,65.0,29.77,17.65,189.0,470.0,2.1,0.8653989291459582
2026-04-03T15:23:01,04/03/202603:23,138.47,1.19,164.77929999999998,54.2,2.63,142.546,142.1,0.8,15.0,198.7,23628.0,44696.0,23.9,26.5,65.0,29.77,17.65,189.0,470.0,2.1,0.8650722511868907
2026-04-03T15:24:00,04/03/202603:23,137.47,1.24,170.4628,54.2,2.73,147.966,147.6,0.8,15.0,198.7,23628.0,44696.0,23.9,26.5,65.0,29.77,17.65,189.0,470.0,2.1,0.8680251644347038
2026-04-03T15:24:01,04/03/202603:24,136.66,1.24,169.45839999999998,54.2,2.72,147.424,147.1,0.8,15.0,198.7,23628.0,44696.0,23.9,26.5,65.0,29.77,17.65,189.0,470.0,2.1,0.8699716272548308
2026-04-03T15:25:00,04/03/202603:24,135.9,1.2,163.08,54.21,2.64,143.11440000000002,142.8,0.8,15.0,198.7,23628.0,44696.0,24.0,26.5,65.0,29.77,17.65,189.0,470.0,2.1,0.8775717439293599
2026-04-03T15:25:01,04/03/202603:25,135.07,1.2,162.08399999999997,54.220000000000006,2.62,142.05640000000002,141.8,0.8,15.0,198.7,23628.0,44696.0,24.0,26.5,65.0,29.77,17.65,189.0,470.0,2.1,0.8764369092569287
2026-04-03T15:26:00,04/03/202603:25,134.27,1.17,157.0959,54.220000000000006,2.5300000000000002,137.17660000000004,136.9,0.8,15.0,198.7,23628.0,44696.0,23.9,26.5,65.0,29.77,17.65,189.0,470.0,2.1,0.8732029289115759
2026-04-03T15:26:01,04/03/202603:26,133.47,1.1400000000000001,152.15580000000003,54.220000000000006,2.4400000000000004,132.29680000000005,132.0,0.8,15.0,198.7,23628.0,44696.0,23.9,26.5,65.0,29.77,17.65,189.0,470.0,2.1,0.8694824646842252
2026-04-03T15:27:01,04/03/202603:27,133.15,1.1099999999999999,147.79649999999998,54.23,2.3600000000000003,127.98280000000001,127.6,0.8,15.0,198.7,23628.0,44696.0,23.9,26.5,65.0,29.77,17.65,189.0,470.0,2.1,0.8659393152070586
2026-04-03T15:28:00,04/03/202603:27,133.0,1.08,143.64000000000001,54.23,2.2600000000000002,122.55980000000001,122.2,0.8,15.0,198.7,23628.0,44696.0,23.9,26.5,65.0,29.77,17.65,189.0,470.0,2.1,0.8532428292954608
2026-04-03T15:28:01,04/03/202603:28,132.72,1.1,145.99200000000002,54.23,2.3,124.72899999999998,124.4,0.8,15.0,198.7,23628.0,44696.0,23.9,26.5,65.0,29.77,17.65,189.0,470.0,2.1,0.8543550331525013
2026-04-03T15:28:55,04/03/202603:28,132.73000000000002,1.09,144.67570000000003,54.23,2.29,124.1867,123.9,0.8,15.0,198.7,23628.0,44696.0,23.9,26.5,65.0,29.77,17.65,189.0,470.0,2.1,0.8583798108459124
2026-04-03T15:29:01,04/03/202603:29,133.38000000000002,1.02,136.04760000000002,54.23,2.15,116.59449999999998,116.3,0.8,15.0,198.7,23628.0,44696.0,23.9,26.5,65.0,29.77,17.65,189.0,470.0,2.1,0.8570125456090366
2026-04-03T15:29:55,04/03/202603:29,133.82,0.99,132.4818,54.23,2.1100000000000003,114.42530000000001,114.1,0.8,15.0,198.7,23628.0,44696.0,23.9,26.5,65.0,29.77,17.65,189.0,470.0,2.1,0.8637058071372824
2026-04-03T15:30:01,04/03/202603:30,134.20999999999998,1.0,134.20999999999998,54.220000000000006,2.14,116.03080000000001,115.7,0.8,15.0,198.7,23628.0,44696.0,23.9,26.5,65.0,29.77,17.65,189.0,470.0,2.1,0.864546606065122
2026-04-03T15:30:56,04/03/202603:30,134.76,0.97,130.7172,54.21,2.08,112.75680000000001,112.4,0.8,15.0,198.7,23628.0,44696.0,23.9,26.54,65.1,29.767000000000003,17.805,188.9,479.0,2.08,0.8626010961067099
2026-04-03T15:31:01,04/03/202603:31,135.38,0.95,128.611,54.21,2.04,110.58840000000001,110.2,0.8,15.0,198.7,23628.0,44696.0,23.9,26.580000000000002,65.2,29.764,17.96,188.8,488.0,2.06,0.8598673519372372
2026-04-03T15:31:51,04/03/202603:31,135.97,0.93,126.4521,54.2,1.9900000000000002,107.85800000000002,107.5,0.8,15.0,198.7,23628.0,44696.0,23.9,26.619999999999997,65.3,29.761000000000003,18.115,188.7,497.0,2.04,0.8529553878504194
2026-04-03T15:33:56,04/03/202603:33,136.39000000000001,0.93,126.84270000000002,54.19,1.9900000000000002,107.83810000000001,107.5,0.8,15.0,198.7,23628.0,44696.0,23.9,26.660000000000004,65.4,29.758,18.27,188.6,506.0,2.02,0.8501719058329726
2026-04-03T15:34:01,04/03/202603:34,136.95,0.89,121.8855,54.19,1.9100000000000001,103.5029,103.1,0.8,15.0,198.7,23628.0,44696.0,23.9,26.7,65.5,29.755000000000003,18.425,188.5,515.0,2.0,0.8491814038585394
2026-04-03T15:34:53,04/03/202603:34,137.62,0.86,118.3532,54.19,1.86,100.7934,100.4,0.8,15.0,198.7,23628.0,44696.0,23.9,26.74,65.1,29.752,18.58,188.4,524.0,1.98,0.8516322330110213
2026-04-03T15:35:01,04/03/202603:35,138.0,0.86,118.67999999999999,54.19,1.86,100.7934,100.4,0.8,15.0,198.7,23628.0,44696.0,23.9,26.78,64.7,29.749000000000002,18.735,188.3,533.0,1.9600000000000002,0.8492871587462084
2026-04-03T15:35:54,04/03/202603:35,138.49,0.85,117.71650000000001,54.19,1.8399999999999999,99.7096,99.3,0.8,15.0,198.7,23628.0,44696.0,23.9,26.82,64.3,29.746,18.889999999999997,188.2,542.0,1.94,0.8470316395747409
2026-04-03T15:36:01,04/03/202603:36,139.19,0.8,111.352,54.19,1.72,93.2068,92.8,0.8,15.0,198.7,23628.0,44696.0,23.9,26.859999999999996,63.9,29.743000000000002,19.044999999999998,188.1,551.0,1.92,0.8370464832243696
2026-04-03T15:36:53,04/03/202603:36,139.81,0.77,107.6537,54.19,1.6600000000000001,89.9554,89.5,0.8,15.0,198.7,23628.0,44696.0,23.9,26.9,63.5,29.74,19.2,188.0,560.0,1.9,0.8355997053515113
2026-04-03T15:37:01,04/03/202603:37,140.27,0.78,109.41060000000002,54.19,1.69,91.58109999999999,91.1,0.8,15.0,198.7,23628.0,44696.0,23.9,26.9,63.0,29.74,19.2,188.0,560.0,1.9,0.8370404695705899
2026-04-03T15:37:54,04/03/202603:37,140.84,0.77,108.44680000000001,54.19,1.6300000000000001,88.3297,87.9,0.8,15.0,198.7,23628.0,44696.0,23.9,26.9,62.5,29.74,19.2,188.0,560.0,1.9,0.8144979842650958
2026-04-03T15:38:01,04/03/202603:38,141.44,0.76,107.4944,54.2,1.58,85.63600000000001,85.2,0.8,15.0,198.7,23628.0,44696.0,23.9,26.9,62.0,29.74,19.2,188.0,560.0,1.9,0.7966554536794476
2026-04-03T15:38:54,04/03/202603:38,141.56,0.79,111.8324,54.2,1.65,89.43,89.0,0.8,15.0,198.7,23628.0,44696.0,23.9,26.9,61.5,29.74,19.2,188.0,560.0,1.9,0.799678805069014
2026-04-03T15:39:01,04/03/202603:39,141.68,0.82,116.1776,54.2,1.72,93.224,92.8,0.8,15.0,198.7,23628.0,44696.0,23.9,26.9,61.0,29.74,19.2,188.0,560.0,1.9,0.8024266295740315
2026-04-03T15:39:54,04/03/202603:39,141.55,0.8699999999999999,123.1485,54.2,1.85,100.27000000000001,99.8,0.8,15.0,198.7,23628.0,44696.0,23.9,26.9,61.0,29.74,19.2,188.0,560.0,1.9,0.8142202300474631
2026-04-03T15:40:01,04/03/202603:40,141.42000000000002,0.9199999999999999,130.1064,54.2,1.98,107.316,106.8,0.8,15.0,198.7,23628.0,44696.0,23.9,26.9,61.0,29.74,19.2,188.0,560.0,1.9,0.8248325985501097
2026-04-03T15:40:06,04/03/202603:40,141.25,0.96,135.6,54.2,2.07,112.194,111.7,0.8,15.0,198.7,23628.0,44696.0,24.0,26.9,61.0,29.74,19.2,188.0,560.0,1.9,0.8273893805309736
2026-04-03T15:41:01,04/03/202603:41,141.07999999999998,1.0,141.07999999999998,54.2,2.16,117.07200000000002,116.6,0.8,15.0,198.7,23628.0,44696.0,24.0,26.9,61.0,29.74,19.2,188.0,560.0,1.9,0.8298270484831304
2026-04-03T15:41:05,04/03/202603:41,141.01,1.02,143.8302,54.2,2.2,119.24000000000001,118.8,0.8,15.0,198.7,23628.0,44696.0,23.9,26.9,61.0,29.74,19.2,188.0,560.0,1.9,0.8290331237806804
2026-04-03T15:42:01,04/03/202603:42,140.94,1.04,146.5776,54.2,2.2399999999999998,121.40799999999999,121.0,0.8,15.0,198.7,23628.0,44696.0,23.9,26.9,61.0,29.74,19.2,188.0,560.0,1.9,0.8282848129591425
2026-04-03T15:42:05,04/03/202603:42,140.82,1.05,147.861,54.2,2.29,124.11800000000001,123.7,0.8,15.0,198.7,23628.0,44696.0,23.9,26.9,61.0,29.74,19.2,188.0,560.0,1.9,0.8394235126233424
2026-04-03T15:43:01,04/03/202603:43,140.7,1.06,149.142,54.2,2.34,126.828,126.4,0.8,15.0,198.7,23628.0,44696.0,23.9,26.9,61.0,29.74,19.2,188.0,560.0,1.9,0.8503841976103311
2026-04-03T15:43:05,04/03/202603:43,140.64000000000001,1.06,149.07840000000002,54.2,2.32,125.744,125.3,0.8,15.0,198.7,23628.0,44696.0,23.9,26.9,61.0,29.74,19.2,188.0,560.0,1.9,0.8434756477128812
2026-04-03T15:45:08,04/03/202603:45,140.76,1.02,143.5752,54.2,2.23,120.866,120.5,0.8,15.0,198.7,23628.0,44696.0,23.9,26.9,61.0,29.74,19.2,188.0,560.0,1.9,0.8418306225587706
2026-04-03T15:45:12,04/03/202603:45,140.97,0.95,133.92149999999998,54.2,2.05,111.11,110.8,0.8,15.0,198.7,23628.0,44696.0,24.0,26.9,61.0,29.74,19.2,188.0,560.0,1.9,0.8296651396527072
2026-04-03T15:46:01,04/03/202603:46,141.18,0.8800000000000001,124.23840000000003,54.2,1.8699999999999999,101.354,101.1,0.8,15.0,198.7,23628.0,44696.0,24.0,26.9,61.0,29.74,19.2,188.0,560.0,1.9,0.8158025216036264
2026-04-03T15:46:12,04/03/202603:46,141.23,0.86,121.45779999999999,54.2,1.85,100.27000000000001,100.0,0.8,15.0,198.7,23628.0,44696.0,23.9,26.9,60.8,29.74,19.125999999999998,187.9,551.0,1.8800000000000001,0.8255542254182112
2026-04-03T15:47:01,04/03/202603:47,141.28,0.8400000000000001,118.67520000000002,54.2,1.83,99.186,98.9,0.8,15.0,198.7,23628.0,44696.0,23.9,26.9,60.6,29.74,19.052,187.8,542.0,1.8599999999999999,0.8357769778353017
2026-04-03T15:47:12,04/03/202603:47,141.18,0.8400000000000001,118.59120000000001,54.2,1.8199999999999998,98.64399999999999,98.4,0.8,15.0,198.7,23628.0,44696.0,23.9,26.9,60.4,29.74,18.978,187.7,533.0,1.8399999999999999,0.8317986494782074
2026-04-03T15:48:00,04/03/202603:48,141.07999999999998,0.8400000000000001,118.5072,54.2,1.81,98.102,97.9,0.8,15.0,198.7,23628.0,44696.0,23.9,26.9,60.2,29.74,18.904,187.6,524.0,1.8199999999999998,0.8278146813020644
2026-04-03T15:48:12,04/03/202603:48,140.82,0.8800000000000001,123.92160000000001,54.2,1.89,102.438,102.2,0.8,15.0,198.7,23628.0,44696.0,23.9,26.9,60.0,29.74,18.830000000000002,187.5,515.0,1.8,0.8266355502188479
2026-04-03T15:49:01,04/03/202603:49,140.56,0.9199999999999999,129.3152,54.2,1.97,106.774,106.5,0.8,15.0,198.7,23628.0,44696.0,23.9,26.9,59.8,29.74,18.756,187.4,506.0,1.78,0.8256879315037985
2026-04-03T15:49:11,04/03/202603:49,140.35999999999999,0.9400000000000001,131.9384,54.2,2.07,112.194,112.0,0.8,15.0,198.7,23628.0,44696.0,23.9,26.9,59.6,29.74,18.682,187.3,497.0,1.7599999999999998,0.850351376096724
2026-04-03T15:50:00,04/03/202603:50,139.98,1.0,139.98,54.2,2.2399999999999998,121.40799999999999,121.2,0.8,15.0,198.7,23628.0,44696.0,23.9,26.9,59.4,29.74,18.608,187.2,488.0,1.7399999999999998,0.8673239034147735
2026-04-03T15:50:12,04/03/202603:50,139.8,1.05,146.79000000000002,54.21,2.38,129.0198,128.7,0.8,16.0,198.7,23628.0,44696.0,23.9,26.9,59.2,29.74,18.534,187.1,479.0,1.72,0.8789413447782546
2026-04-03T15:51:23,04/03/202603:51,139.73,1.0699999999999998,149.51109999999997,54.21,2.44,132.2724,131.9,0.8,16.0,198.7,23628.0,44696.0,23.9,26.9,59.0,29.74,18.46,187.0,470.0,1.7,0.8846995306702983
2026-04-03T15:51:53,04/03/202603:51,139.82,1.05,146.811,54.21,2.35,127.3935,127.0,0.8,16.0,198.7,23628.0,44696.0,23.9,26.9,59.0,29.74,18.46,187.0,470.0,1.7,0.867738112266792
2026-04-03T15:52:00,04/03/202603:52,139.91,1.03,144.1073,54.21,2.2600000000000002,122.51460000000002,122.1,0.8,16.0,198.7,23628.0,44696.0,23.9,26.9,59.0,29.74,18.46,187.0,470.0,1.7,0.8501623443087201
2026-04-03T15:52:53,04/03/202603:52,140.08999999999997,1.03,144.29269999999997,54.21,2.2399999999999998,121.43039999999999,121.0,0.8,16.0,198.7,23628.0,44696.0,23.9,26.9,59.0,29.74,18.46,187.0,470.0,1.7,0.8415560870369743
2026-04-03T15:53:00,04/03/202603:53,140.27,1.03,144.4781,54.21,2.2199999999999998,120.34619999999998,119.9,0.8,16.0,198.7,23628.0,44696.0,23.9,26.9,59.0,29.74,18.46,187.0,470.0,1.7,0.8329719175432122
2026-04-03T15:53:09,04/03/202603:53,140.66,0.9800000000000001,137.8468,54.2,2.1,113.82000000000001,113.4,0.8,16.0,198.7,23628.0,44696.0,24.0,26.9,59.0,29.74,18.46,187.0,470.0,1.7,0.8256992545347445
2026-04-03T15:54:00,04/03/202603:54,141.05,0.93,131.1765,54.19,1.98,107.2962,106.9,0.8,16.0,198.7,23628.0,44696.0,24.0,26.9,59.0,29.74,18.46,187.0,470.0,1.7,0.8179529107728899
2026-04-03T15:54:09,04/03/202603:54,141.43,0.8699999999999999,123.04409999999999,54.19,1.81,98.0839,97.7,0.8,16.0,198.7,23628.0,44696.0,23.9,26.9,59.0,29.74,18.46,187.0,470.0,1.7,0.7971442759140829
2026-04-03T15:55:01,04/03/202603:55,141.81,0.8099999999999999,114.86609999999999,54.19,1.6400000000000001,88.8716,88.5,0.8,16.0,198.7,23628.0,44696.0,23.9,26.9,59.0,29.74,18.46,187.0,470.0,1.7,0.7736973745952898
2026-04-03T15:56:19,04/03/202603:56,141.98,0.77,109.32459999999999,54.19,1.53,82.91069999999999,82.6,0.8,16.0,198.7,23628.0,44696.0,23.9,26.9,59.0,29.74,18.46,187.0,470.0,1.7,0.7583901518962796
2026-04-03T15:57:00,04/03/202603:57,142.04000000000002,0.76,107.95040000000002,54.2,1.5,81.30000000000001,81.0,0.8,16.0,198.7,23628.0,44696.0,23.9,26.9,59.0,29.74,18.46,187.0,470.0,1.7,0.7531236567905261
2026-04-03T15:57:08,04/03/202603:57,141.99,0.78,110.75220000000002,54.2,1.56,84.552,84.2,0.8,16.0,198.7,23628.0,44696.0,23.9,26.9,59.0,29.74,18.46,187.0,470.0,1.7,0.7634340446510317
2026-04-03T15:58:00,04/03/202603:58,141.94,0.8,113.552,54.2,1.6199999999999999,87.804,87.4,0.8,16.0,198.7,23628.0,44696.0,23.9,26.9,59.0,29.74,18.46,187.0,470.0,1.7,0.7732492602508102
2026-04-03T15:58:09,04/03/202603:58,141.92000000000002,0.79,112.11680000000001,54.2,1.6199999999999999,87.804,87.4,0.8,16.0,198.7,23628.0,44696.0,23.9,26.9,59.0,29.74,18.46,187.0,470.0,1.7,0.7831475746721276
2026-04-03T15:59:01,04/03/202603:59,141.9,0.78,110.682,54.2,1.6199999999999999,87.804,87.4,0.8,16.0,198.7,23628.0,44696.0,23.9,26.9,59.0,29.74,18.46,187.0,470.0,1.7,0.7932997235322816
2026-04-03T15:59:09,04/03/202603:59,142.09,0.79,112.25110000000001,54.21,1.6600000000000001,89.9886,89.6,0.8,16.0,198.7,23628.0,44696.0,23.9,26.9,59.0,29.74,18.46,187.0,470.0,1.7,0.8016723221420547
2026-04-03T16:00:00,04/03/202604:00,142.28000000000003,0.8,113.82400000000003,54.220000000000006,1.7,92.174,91.8,0.8,16.0,198.7,23628.0,44696.0,23.9,26.9,59.0,29.74,18.46,187.0,470.0,1.7,0.8097940680348608
2026-04-03T16:00:09,04/03/202604:00,142.5,0.8300000000000001,118.275,54.220000000000006,1.7899999999999998,97.0538,96.6,0.8,16.0,198.7,23628.0,44696.0,23.9,26.9,59.0,29.74,18.46,187.0,470.0,1.7,0.8205774677658
2026-04-03T16:01:00,04/03/202604:01,142.72,0.86,122.7392,54.220000000000006,1.8800000000000001,101.93360000000001,101.4,0.8,16.0,198.7,23628.0,44696.0,23.9,26.9,59.0,29.74,18.46,187.0,470.0,1.7,0.830489362811555
2026-04-03T16:01:10,04/03/202604:01,143.02,0.8699999999999999,124.42739999999999,54.21,1.89,102.45689999999999,101.9,0.8,16.0,198.7,23628.0,44696.0,23.9,26.919999999999998,58.9,29.74,18.441,187.0,467.0,1.6800000000000002,0.8234271551121377
2026-04-03T16:02:00,04/03/202604:02,143.32,0.8800000000000001,126.12160000000002,54.2,1.9,102.98,102.4,0.8,16.0,198.7,23628.0,44696.0,23.9,26.939999999999998,58.8,29.74,18.422,187.0,464.0,1.6600000000000001,0.8165135868875751
2026-04-03T16:02:09,04/03/202604:02,143.61,0.86,123.50460000000001,54.2,1.85,100.27000000000001,99.7,0.8,16.0,198.7,23628.0,44696.0,23.9,26.96,58.7,29.74,18.403,187.0,461.0,1.64,0.8118725942191627
2026-04-03T16:03:00,04/03/202604:03,143.9,0.8400000000000001,120.87600000000002,54.2,1.8,97.56,97.0,0.8,16.0,198.7,23628.0,44696.0,23.9,26.98,58.6,29.74,18.384,187.0,458.0,1.6199999999999999,0.8071081107912239
2026-04-03T16:03:09,04/03/202604:03,144.0,0.86,123.84,54.21,1.83,99.2043,98.6,0.8,16.0,198.7,23628.0,44696.0,23.9,27.0,58.5,29.74,18.365000000000002,187.0,455.0,1.6,0.8010683139534884
2026-04-03T16:04:01,04/03/202604:04,144.1,0.8800000000000001,126.808,54.220000000000006,1.86,100.84920000000001,100.2,0.8,16.0,198.7,23628.0,44696.0,23.9,27.02,58.4,29.74,18.346,187.0,452.0,1.58,0.7952905179483944
2026-04-03T16:04:10,04/03/202604:04,143.87,0.89,128.0443,54.220000000000006,1.8800000000000001,101.93360000000001,101.2,0.8,16.0,198.7,23628.0,44696.0,23.9,27.04,58.3,29.74,18.327,187.0,449.0,1.56,0.7960807314343553
2026-04-03T16:05:01,04/03/202604:05,143.64000000000001,0.9,129.276,54.220000000000006,1.9,103.018,102.2,0.8,16.0,198.7,23628.0,44696.0,23.9,27.060000000000002,58.2,29.74,18.308,187.0,446.0,1.54,0.7968841857730746
2026-04-03T16:05:09,04/03/202604:05,143.59,0.8699999999999999,124.92329999999998,54.220000000000006,1.83,99.22260000000001,98.5,0.8,16.0,198.7,23628.0,44696.0,23.9,27.080000000000002,58.1,29.74,18.288999999999998,187.0,443.0,1.52,0.7942681629447831
2026-04-03T16:06:01,04/03/202604:06,143.54000000000002,0.8400000000000001,120.57360000000003,54.220000000000006,1.7600000000000002,95.42720000000003,94.8,0.8,16.0,198.7,23628.0,44696.0,23.9,27.1,58.0,29.74,18.27,187.0,440.0,1.5,0.791443566419183
2026-04-03T16:06:09,04/03/202604:06,143.39000000000001,0.86,123.31540000000001,54.220000000000006,1.81,98.13820000000001,97.5,0.8,16.0,198.7,23628.0,44696.0,23.9,27.1,58.0,29.74,18.27,187.0,440.0,1.5,0.7958308532429851
2026-04-03T16:07:30,04/03/202604:07,143.31,0.9199999999999999,131.8452,54.220000000000006,1.95,105.72900000000001,105.1,0.8,16.0,198.7,23628.0,44696.0,23.9,27.1,58.0,29.74,18.27,187.0,440.0,1.5,0.8019177034886368
2026-04-03T16:08:00,04/03/202604:08,143.28,0.99,141.8472,54.220000000000006,2.1100000000000003,114.40420000000003,113.8,0.8,16.0,198.7,23628.0,44696.0,23.9,27.1,58.0,29.74,18.27,187.0,440.0,1.5,0.806531253348674
2026-04-03T16:08:09,04/03/202604:08,143.26,1.01,144.6926,54.220000000000006,2.18,118.19960000000002,117.6,0.8,16.0,198.7,23628.0,44696.0,23.9,27.1,58.0,29.74,18.27,187.0,440.0,1.5,0.8169014863234195
2026-04-03T16:09:00,04/03/202604:09,143.44,0.9800000000000001,140.5712,54.21,2.1399999999999997,116.00939999999999,115.4,0.8,16.0,198.7,23628.0,44696.0,23.9,27.1,58.0,29.74,18.27,187.0,440.0,1.5,0.8252714638560387
2026-04-03T16:09:09,04/03/202604:09,143.53,0.95,136.3535,54.2,2.09,113.27799999999999,112.7,0.8,16.0,198.7,23628.0,44696.0,23.9,27.1,58.0,29.74,18.27,187.0,440.0,1.5,0.8307670870201351
2026-04-03T16:10:01,04/03/202604:10,143.63,0.95,136.4485,54.2,2.1,113.82000000000001,113.3,0.8,16.0,198.7,23628.0,44696.0,23.9,27.1,58.0,29.74,18.27,187.0,440.0,1.5,0.8341608738828203
2026-04-03T16:10:09,04/03/202604:10,143.53,0.97,139.2241,54.2,2.17,117.614,117.2,0.9,16.0,198.7,23628.0,44696.0,23.9,27.1,58.0,29.74,18.27,187.0,440.0,1.5,0.8447819019839239
2026-04-03T16:11:25,04/03/202604:11,143.27,1.0,143.27,54.21,2.2,119.26200000000001,118.8,0.9,16.0,198.7,23628.0,44696.0,23.9,27.1,58.0,29.74,18.27,187.0,440.0,1.5,0.8324282822642564
2026-04-03T16:12:00,04/03/202604:12,143.01,1.03,147.3003,54.220000000000006,2.23,120.91060000000002,120.4,0.9,16.0,198.7,23628.0,44696.0,23.9,27.1,58.0,29.74,18.27,187.0,440.0,1.5,0.8208442209554225
2026-04-03T16:12:25,04/03/202604:12,143.04,0.99,141.6096,54.220000000000006,2.1399999999999997,116.0308,115.6,0.9,16.0,198.7,23628.0,44696.0,24.0,27.1,58.0,29.74,18.27,187.0,440.0,1.5,0.8193710030958353
2026-04-03T16:13:00,04/03/202604:13,143.0,0.9099999999999999,130.13,54.220000000000006,1.9600000000000002,106.27120000000002,105.9,0.9,16.0,198.7,23628.0,44696.0,24.0,27.1,58.0,29.74,18.27,187.0,440.0,1.5,0.8166541151156538
2026-04-03T16:13:24,04/03/202604:13,142.85999999999999,0.86,122.85959999999999,54.220000000000006,1.8699999999999999,101.3914,101.0,0.9,16.0,198.7,23628.0,44696.0,23.9,27.1,58.0,29.74,18.27,187.0,440.0,1.5,0.8252623319626632
2026-04-03T16:13:57,04/03/202604:13,142.82999999999998,0.8400000000000001,119.9772,54.220000000000006,1.8199999999999998,98.6804,98.3,0.9,16.0,198.7,23628.0,44696.0,23.9,27.1,58.0,29.74,18.27,187.0,440.0,1.5,0.8224929403253286
2026-04-03T16:14:00,04/03/202604:14,142.8,0.82,117.096,54.220000000000006,1.77,95.96940000000001,95.6,0.9,16.0,198.7,23628.0,44696.0,23.9,27.1,58.0,29.74,18.27,187.0,440.0,1.5,0.8195788071326092
2026-04-03T16:14:57,04/03/202604:14,142.85999999999999,0.8099999999999999,115.71659999999999,54.23,1.77,95.9871,95.6,0.9,16.0,198.7,23628.0,44696.0,23.9,27.1,58.0,29.74,18.27,187.0,440.0,1.5,0.8295015581169859
2026-04-03T16:15:01,04/03/202604:15,142.92000000000002,0.8,114.33600000000001,54.239999999999995,1.77,96.00479999999999,95.6,0.9,16.0,198.7,23628.0,44696.0,23.9,27.1,58.0,29.74,18.27,187.0,440.0,1.5,0.8396725440806043
2026-04-03T16:15:57,04/03/202604:15,143.16,0.77,110.2332,54.239999999999995,1.6600000000000001,90.0384,89.6,0.9,16.0,198.7,23628.0,44696.0,23.9,27.1,58.0,29.74,18.27,187.0,440.0,1.5,0.8167992945863859
2026-04-03T16:16:01,04/03/202604:16,143.37,0.76,108.9612,54.23,1.64,88.93719999999999,88.5,0.9,16.0,198.7,23628.0,44696.0,23.9,27.1,58.0,29.74,18.27,187.0,440.0,1.5,0.8162281619512265
2026-04-03T16:16:57,04/03/202604:16,143.69,0.75,107.7675,54.220000000000006,1.6199999999999999,87.8364,87.4,0.9,16.0,198.7,23628.0,44696.0,23.9,27.119999999999997,58.0,29.74,18.244999999999997,187.4,445.0,1.51,0.8150546314983645
2026-04-03T16:17:01,04/03/202604:17,143.8,0.77,110.72600000000001,54.220000000000006,1.65,89.46300000000001,89.0,0.9,16.0,198.7,23628.0,44696.0,23.9,27.140000000000004,58.0,29.74,18.22,187.8,450.0,1.52,0.8079674150606
2026-04-03T16:18:41,04/03/202604:18,143.75,0.78,112.125,54.23,1.67,90.5641,90.0,0.9,16.0,198.7,23628.0,44696.0,23.9,27.160000000000004,58.0,29.74,18.195,188.2,455.0,1.53,0.8077065774804905
2026-04-03T16:18:56,04/03/202604:18,143.67000000000002,0.8,114.93600000000002,54.23,1.72,93.2756,92.7,0.9,16.0,198.7,23628.0,44696.0,23.9,27.18,58.0,29.74,18.169999999999998,188.6,460.0,1.54,0.8115438156887309
2026-04-03T16:19:00,04/03/202604:19,143.47,0.8400000000000001,120.51480000000001,54.23,1.8199999999999998,98.69859999999998,98.1,0.9,16.0,198.7,23628.0,44696.0,23.9,27.2,58.0,29.74,18.145,189.0,465.0,1.55,0.8189749308798585
2026-04-03T16:19:57,04/03/202604:19,143.25,0.86,123.195,54.23,1.85,100.3255,99.7,0.9,17.0,198.7,23628.0,44696.0,23.9,27.22,58.0,29.74,18.119999999999997,189.4,470.0,1.56,0.8143634076058283
2026-04-03T16:20:01,04/03/202604:20,143.03,0.8700000000000001,124.43610000000001,54.220000000000006,1.8399999999999999,99.76480000000001,99.1,0.9,17.0,198.7,23628.0,44696.0,23.9,27.240000000000002,58.0,29.74,18.095,189.8,475.0,1.57,0.8017351877791091
2026-04-03T16:20:42,04/03/202604:20,142.82,0.8800000000000001,125.68160000000002,54.21,1.8199999999999998,98.6622,98.0,0.9,17.0,198.7,23628.0,44696.0,23.9,27.26,58.0,29.74,18.07,190.2,480.0,1.58,0.7850170589807894
2026-04-03T16:21:01,04/03/202604:21,142.63,0.89,126.94069999999999,54.21,1.85,100.28850000000001,99.6,0.9,17.0,198.7,23628.0,44696.0,23.9,27.28,58.0,29.74,18.044999999999998,190.6,485.0,1.59,0.790042122030208
2026-04-03T16:21:42,04/03/202604:21,142.44,0.93,132.4692,54.21,1.98,107.3358,106.6,0.9,17.0,198.7,23628.0,44696.0,23.9,27.3,58.0,29.74,18.02,191.0,490.0,1.6,0.8102698589558932
2026-04-03T16:22:01,04/03/202604:22,142.14,0.97,137.87579999999997,54.21,2.1100000000000003,114.38310000000001,113.6,0.9,17.0,198.7,23628.0,44696.0,23.9,27.3,58.0,29.74,18.02,191.0,490.0,1.6,0.8296096922012423
2026-04-03T16:22:42,04/03/202604:22,141.79,1.01,143.2079,54.21,2.2399999999999998,121.43039999999999,120.6,0.9,17.0,198.7,23628.0,44696.0,24.0,27.3,58.0,29.74,18.02,191.0,490.0,1.6,0.8479308753218223
2026-04-03T16:23:01,04/03/202604:23,141.6,1.06,150.096,54.2,2.38,128.996,128.2,0.9,17.0,198.7,23628.0,44696.0,24.0,27.3,58.0,29.74,18.02,191.0,490.0,1.6,0.8594233024197847
2026-04-03T16:23:42,04/03/202604:23,141.56,1.05,148.638,54.2,2.35,127.37,126.6,0.9,17.0,198.7,23628.0,44696.0,23.9,27.3,58.0,29.74,18.02,191.0,490.0,1.6,0.8569141134837659
2026-04-03T16:24:01,04/03/202604:24,141.51999999999998,1.04,147.18079999999998,54.2,2.32,125.744,125.0,0.9,17.0,198.7,23628.0,44696.0,23.9,27.3,58.0,29.74,18.02,191.0,490.0,1.6,0.8543505674653217
2026-04-03T16:24:41,04/03/202604:24,141.32999999999998,1.05,148.3965,54.2,2.36,127.912,127.2,0.9,17.0,198.7,23628.0,44696.0,24.0,27.3,58.0,29.74,18.02,191.0,490.0,1.6,0.8619610300782027
2026-04-03T16:25:01,04/03/202604:25,141.14,1.06,149.6084,54.2,2.4,130.08,129.4,0.9,17.0,198.7,23628.0,44696.0,24.0,27.3,58.0,29.74,18.02,191.0,490.0,1.6,0.8694698960753542
2026-04-03T16:25:42,04/03/202604:25,140.75,1.05,147.7875,54.2,2.36,127.912,127.2,0.9,17.0,198.7,23628.0,44696.0,23.9,27.3,58.0,29.74,18.02,191.0,490.0,1.6,0.8655129831684006
2026-04-03T16:26:01,04/03/202604:26,140.35999999999999,1.04,145.9744,54.2,2.32,125.744,125.0,0.9,17.0,198.7,23628.0,44696.0,23.9,27.3,58.0,29.74,18.02,191.0,490.0,1.6,0.8614113159567705
2026-04-03T16:26:42,04/03/202604:26,140.17000000000002,1.0,140.17000000000002,54.2,2.21,119.78200000000001,119.1,0.9,17.0,198.7,23628.0,44696.0,23.9,27.3,58.0,29.74,18.02,191.0,490.0,1.6,0.8545480487978883
2026-04-03T16:27:00,04/03/202604:27,139.98,0.96,134.3808,54.2,2.1,113.82000000000001,113.2,0.9,17.0,198.7,23628.0,44696.0,23.9,27.3,58.0,29.74,18.02,191.0,490.0,1.6,0.8469959994284899
2026-04-03T16:27:42,04/03/202604:27,139.28,0.97,135.1016,54.2,2.12,114.90400000000001,114.3,0.9,17.0,198.7,23628.0,44696.0,23.9,27.3,58.0,29.74,18.02,191.0,490.0,1.6,0.8505006602438463
2026-04-03T16:28:00,04/03/202604:28,138.57999999999998,0.9800000000000001,135.8084,54.2,2.1399999999999997,115.98799999999999,115.4,0.9,17.0,198.7,23628.0,44696.0,23.9,27.3,58.0,29.74,18.02,191.0,490.0,1.6,0.854056155583896
2026-04-03T16:29:53,04/03/202604:29,137.93,1.0,137.93,54.2,2.19,118.69800000000001,118.1,0.9,17.0,198.7,23628.0,44696.0,23.9,27.3,58.0,29.74,18.02,191.0,490.0,1.6,0.8605669542521569
2026-04-03T16:30:00,04/03/202604:30,137.28,1.02,140.0256,54.2,2.2399999999999998,121.40799999999999,120.8,0.9,17.0,198.7,23628.0,44696.0,23.9,27.3,58.0,29.74,18.02,191.0,490.0,1.6,0.8670414552767494
2026-04-03T16:30:01,04/03/202604:30,136.98,1.0,136.98,54.21,2.17,117.6357,117.0,0.9,17.0,198.7,23628.0,44696.0,23.9,27.27,58.0,29.74,18.02,191.0,482.0,1.6,0.8587801138852388
2026-04-03T16:30:11,04/03/202604:30,136.74,0.97,132.6378,54.21,2.07,112.2147,111.6,0.9,17.0,198.7,23628.0,44696.0,23.9,27.24,58.0,29.74,18.02,191.0,474.0,1.6,0.8460235317533915
2026-04-03T16:31:25,04/03/202604:31,136.68,0.9800000000000001,133.9464,54.21,2.1100000000000003,114.38310000000001,113.8,0.9,17.0,198.7,23628.0,44696.0,23.9,27.24,58.0,29.74,18.169,190.3,469.0,1.61,0.8539468026016377
2026-04-03T16:32:01,04/03/202604:32,136.62,0.99,135.2538,54.21,2.15,116.55149999999999,116.0,0.9,17.0,198.7,23628.0,44696.0,23.9,27.24,58.0,29.74,18.318,189.6,464.0,1.6199999999999999,0.8617244025676172
2026-04-03T16:32:25,04/03/202604:32,136.5,0.97,132.405,54.21,2.09,113.29889999999999,112.7,0.9,17.0,198.7,23628.0,44696.0,23.9,27.24,58.0,29.74,18.467000000000002,188.9,459.0,1.6300000000000001,0.8556995581737848
2026-04-03T16:33:01,04/03/202604:33,136.38,0.95,129.56099999999998,54.21,2.0300000000000002,110.04630000000002,109.4,0.9,17.0,198.7,23628.0,44696.0,23.9,27.24,58.0,29.74,18.616,188.2,454.0,1.64,0.8493782851321002
2026-04-03T16:33:25,04/03/202604:33,136.68,0.9099999999999999,124.3788,54.21,1.94,105.1674,104.5,0.9,17.0,198.7,23628.0,44696.0,23.9,27.24,58.0,29.74,18.765,187.5,449.0,1.65,0.845541201555249
2026-04-03T16:34:01,04/03/202604:34,136.98,0.8699999999999999,119.17259999999997,54.21,1.85,100.28850000000001,99.6,0.9,17.0,198.7,23628.0,44696.0,23.9,27.24,58.0,29.74,18.914,186.8,444.0,1.6600000000000001,0.8415399177327677
2026-04-03T16:34:25,04/03/202604:34,137.06,0.8800000000000001,120.61280000000002,54.21,1.86,100.8306,100.2,0.9,17.0,198.7,23628.0,44696.0,24.0,27.24,58.0,29.74,19.063,186.1,439.0,1.67,0.8359858986774206
2026-04-03T16:35:01,04/03/202604:35,137.14,0.89,122.0546,54.21,1.8699999999999999,101.3727,100.8,0.9,17.0,198.7,23628.0,44696.0,24.0,27.24,58.0,29.74,19.212,185.4,434.0,1.6800000000000002,0.8305520644039635
2026-04-03T16:35:26,04/03/202604:35,137.17,0.9099999999999999,124.82469999999998,54.2,1.92,104.06400000000001,103.5,0.9,17.0,198.7,23628.0,44696.0,23.9,27.27,58.0,29.74,19.361,184.7,437.0,1.69,0.8336811544510023
2026-04-03T16:36:01,04/03/202604:36,137.14,0.9400000000000001,128.9116,54.2,2.0,108.4,107.8,0.9,17.0,198.7,23628.0,44696.0,23.9,27.3,58.0,29.74,19.51,184.0,440.0,1.7,0.840886312791091
2026-04-03T16:36:25,04/03/202604:36,136.93,0.99,135.5607,54.2,2.13,115.446,114.9,0.9,17.0,198.7,23628.0,44696.0,23.9,27.3,58.0,29.74,19.51,184.0,440.0,1.7,0.8516185000520062
2026-04-03T16:37:01,04/03/202604:37,136.71999999999997,1.04,142.1888,54.2,2.2600000000000002,122.49200000000002,122.0,0.9,17.0,198.7,23628.0,44696.0,23.9,27.3,58.0,29.74,19.51,184.0,440.0,1.7,0.8614743214655446
2026-04-03T16:37:25,04/03/202604:37,136.55,1.08,147.47400000000002,54.2,2.3600000000000003,127.91200000000002,127.4,0.9,17.0,198.7,23628.0,44696.0,23.9,27.3,58.0,29.74,19.51,184.0,440.0,1.7,0.8673528893228637
2026-04-03T16:38:01,04/03/202604:38,136.38,1.1199999999999999,152.74559999999997,54.2,2.46,133.332,132.8,0.9,17.0,198.7,23628.0,44696.0,23.9,27.3,58.0,29.74,19.51,184.0,440.0,1.7,0.8729023945697946
2026-04-03T16:38:25,04/03/202604:38,136.16,1.16,157.94559999999998,54.2,2.55,138.21,137.7,0.9,17.0,198.7,23628.0,44696.0,23.9,27.3,58.0,29.74,19.51,184.0,440.0,1.7,0.8750481178329755
2026-04-03T16:39:01,04/03/202604:39,135.94,1.2,163.128,54.2,2.6399999999999997,143.088,142.6,0.9,17.0,198.7,23628.0,44696.0,23.9,27.3,58.0,29.74,19.51,184.0,440.0,1.7,0.8771516845667207
2026-04-03T16:39:25,04/03/202604:39,135.95999999999998,1.1800000000000002,160.4328,54.2,2.58,139.836,139.3,0.9,17.0,198.7,23628.0,44696.0,23.9,27.3,58.0,29.74,19.51,184.0,440.0,1.7,0.8716172752703938
2026-04-03T16:41:05,04/03/202604:41,135.92000000000002,1.16,157.6672,54.2,2.52,136.584,136.0,0.9,17.0,198.7,23628.0,44696.0,23.9,27.3,58.0,29.74,19.51,184.0,440.0,1.7,0.8662803677619695
2026-04-03T16:41:25,04/03/202604:41,135.91,1.1300000000000001,153.5783,54.2,2.44,132.248,131.7,0.9,17.0,198.7,23628.0,44696.0,24.0,27.3,58.0,29.74,19.423000000000002,184.0,440.0,1.7,0.8611112377204331
2026-04-03T16:42:01,04/03/202604:42,135.9,1.1,149.49,54.2,2.3600000000000003,127.91200000000002,127.4,0.9,17.0,198.7,23628.0,44696.0,24.0,27.3,58.0,29.74,19.336000000000002,184.0,440.0,1.7,0.8556558967154995
2026-04-03T16:42:25,04/03/202604:42,135.7,1.08,146.55599999999998,54.2,2.31,125.20200000000001,124.6,0.9,17.0,198.7,23628.0,44696.0,23.9,27.3,58.0,29.74,19.249000000000002,184.0,440.0,1.7,0.8542946041103744
2026-04-03T16:43:00,04/03/202604:43,135.5,1.06,143.63,54.2,2.2600000000000002,122.49200000000002,121.8,0.9,17.0,198.7,23628.0,44696.0,23.9,27.3,58.0,29.74,19.162,184.0,440.0,1.7,0.8528301886792454
2026-04-03T16:43:26,04/03/202604:43,135.44,1.02,138.1488,54.2,2.17,117.614,117.0,0.9,17.0,198.7,23628.0,44696.0,23.9,27.3,58.0,29.74,19.075,184.0,440.0,1.7,0.8513573769732348
2026-04-03T16:44:00,04/03/202604:44,135.38,0.9800000000000001,132.6724,54.2,2.08,112.736,112.2,0.9,17.0,198.7,23628.0,44696.0,23.9,27.3,58.0,29.74,18.988,184.0,440.0,1.7,0.8497321221293954
2026-04-03T16:44:26,04/03/202604:44,134.82999999999998,0.97,130.78509999999997,54.2,2.05,111.11,110.6,0.9,17.0,198.7,23628.0,44696.0,23.9,27.3,58.0,29.74,18.901000000000003,184.0,440.0,1.7,0.8495616090823803
2026-04-03T16:45:01,04/03/202604:45,134.28,0.96,128.90879999999999,54.2,2.02,109.48400000000001,109.0,0.9,17.0,198.7,23628.0,44696.0,23.9,27.3,58.0,29.74,18.814,184.0,440.0,1.7,0.8493136232747495
2026-04-03T16:45:03,04/03/202604:45,134.10999999999999,0.9199999999999999,123.38119999999998,54.2,1.9300000000000002,104.60600000000001,104.1,0.9,17.0,198.7,23628.0,44696.0,23.9,27.3,58.0,29.74,18.727,184.0,440.0,1.7,0.8478277079490233
2026-04-03T16:46:01,04/03/202604:46,134.0,0.8799999999999999,117.91999999999999,54.2,1.8399999999999999,99.728,99.2,0.9,17.0,198.7,23628.0,44696.0,23.9,27.3,58.0,29.74,18.64,184.0,440.0,1.7,0.8457259158751697
2026-04-03T16:46:03,04/03/202604:46,132.94,0.9299999999999999,123.63419999999999,54.2,1.9300000000000002,104.60600000000001,104.1,0.9,17.0,198.7,23628.0,44696.0,23.9,27.32,58.0,29.74,18.646,184.4,439.7,1.72,0.8460927477995572
2026-04-03T16:47:01,04/03/202604:47,131.88,0.9799999999999999,129.24239999999998,54.2,2.02,109.48400000000001,109.0,0.9,17.0,198.7,23628.0,44696.0,23.9,27.339999999999996,58.0,29.74,18.652,184.8,439.4,1.7399999999999998,0.8471213781235881
2026-04-03T16:47:03,04/03/202604:47,131.95999999999998,0.9199999999999999,121.40319999999997,54.2,1.8699999999999999,101.354,100.9,0.9,17.0,198.7,23628.0,44696.0,23.9,27.360000000000003,58.0,29.74,18.658,185.2,439.1,1.7599999999999998,0.8348544354679286
2026-04-03T16:48:01,04/03/202604:48,132.04000000000002,0.86,113.55440000000002,54.2,1.72,93.224,92.8,0.9,17.0,198.7,23628.0,44696.0,23.9,27.380000000000003,58.0,29.74,18.663999999999998,185.6,438.8,1.78,0.8209633444410784
2026-04-03T16:48:03,04/03/202604:48,131.32999999999998,0.89,116.88369999999999,54.2,1.78,96.47600000000001,96.0,0.9,18.0,198.7,23628.0,44696.0,23.9,27.4,58.0,29.74,18.669999999999998,186.0,438.5,1.8,0.8254016599406078
2026-04-03T16:49:01,04/03/202604:49,130.62,0.9199999999999999,120.1704,54.2,1.8400000000000003,99.72800000000002,99.2,0.9,18.0,198.7,23628.0,44696.0,23.9,27.419999999999998,58.0,29.74,18.676,186.4,438.2,1.8199999999999998,0.8298882253866179
2026-04-03T16:49:03,04/03/202604:49,130.3,0.89,115.96700000000001,54.21,1.75,94.8675,94.3,0.9,18.0,198.7,23628.0,44696.0,23.9,27.439999999999998,58.0,29.74,18.682,186.8,437.9,1.8399999999999999,0.8180559986892822
2026-04-03T16:50:01,04/03/202604:50,129.98,0.86,111.7828,54.220000000000006,1.6600000000000001,90.00520000000002,89.4,0.9,18.0,198.7,23628.0,44696.0,23.9,27.46,58.0,29.74,18.688,187.2,437.6,1.8599999999999999,0.8051793299147992
2026-04-03T16:50:03,04/03/202604:50,129.2,0.8699999999999999,112.40399999999998,54.220000000000006,1.6800000000000002,91.08960000000002,90.5,0.9,18.0,198.7,23628.0,44696.0,24.0,27.48,58.0,29.74,18.694,187.6,437.3,1.8800000000000001,0.8103768549161955
2026-04-03T16:50:11,04/03/202604:50,128.43,0.8800000000000001,113.01840000000001,54.220000000000006,1.7,92.174,91.6,0.9,18.0,198.7,23628.0,44696.0,23.9,27.5,58.0,29.74,18.7,188.0,437.0,1.9,0.815566314865544
2026-04-03T16:51:01,04/03/202604:51,128.45,0.8400000000000001,107.898,54.220000000000006,1.6400000000000001,88.92080000000001,88.3,0.9,18.0,198.7,23628.0,44696.0,23.9,27.5,58.0,29.74,18.7,188.0,437.0,1.9,0.8241190754230849
2026-04-03T16:52:17,04/03/202604:52,128.44,0.79,101.4676,54.220000000000006,1.55,84.04100000000001,83.4,0.9,18.0,198.7,23628.0,44696.0,23.9,27.5,58.0,29.74,18.7,188.0,437.0,1.9,0.8282545364234495
2026-04-03T16:53:00,04/03/202604:53,127.67,0.8,102.13600000000001,54.220000000000006,1.57,85.12540000000001,84.5,0.9,18.0,198.7,23628.0,44696.0,23.9,27.5,58.0,29.74,18.7,188.0,437.0,1.9,0.8334514764627556
2026-04-03T16:53:10,04/03/202604:53,126.88,0.8,101.504,54.21,1.58,85.65180000000001,85.1,0.9,18.0,198.7,23628.0,44696.0,23.9,27.5,58.0,29.74,18.7,188.0,437.0,1.9,0.8438268442622952
2026-04-03T16:54:00,04/03/202604:54,126.55999999999999,0.77,97.4512,54.2,1.52,82.384,81.9,0.9,18.0,198.7,23628.0,44696.0,23.9,27.5,58.0,29.74,18.7,188.0,437.0,1.9,0.8453872297108707
2026-04-03T16:54:11,04/03/202604:54,126.22999999999999,0.74,93.41019999999999,54.19,1.44,78.03359999999999,77.6,0.9,18.0,198.7,23628.0,44696.0,23.9,27.5,58.0,29.74,18.7,188.0,437.0,1.9,0.8353862854377788
2026-04-03T16:55:01,04/03/202604:55,126.19000000000001,0.71,89.59490000000001,54.17,1.3599999999999999,73.6712,73.3,0.9,18.0,198.7,23628.0,44696.0,23.9,27.5,58.0,29.74,18.7,188.0,437.0,1.9,0.8222700176014482
2026-04-03T16:55:11,04/03/202604:55,126.13,0.67,84.50710000000001,54.15,1.27,68.7705,68.4,0.9,18.0,198.7,23628.0,44696.0,23.9,27.5,58.0,29.74,18.7,188.0,437.0,1.9,0.8137836939144757
2026-04-03T16:56:00,04/03/202604:56,126.05999999999999,0.64,80.6784,54.14,1.2,64.968,64.6,0.9,18.0,198.7,23628.0,44696.0,23.9,27.5,58.0,29.74,18.7,188.0,437.0,1.9,0.8052712993812471
2026-04-03T16:56:10,04/03/202604:56,125.96,0.6,75.576,54.13000000000001,1.09,59.001700000000014,58.7,0.9,18.0,198.7,23628.0,44696.0,23.9,27.5,58.0,29.74,18.7,188.0,437.0,1.9,0.7806936064359058
2026-04-03T16:57:01,04/03/202604:57,125.85999999999999,0.5599999999999999,70.48159999999999,54.120000000000005,0.9800000000000001,53.03760000000001,52.8,0.9,18.0,198.7,23628.0,44696.0,23.9,27.5,58.0,29.74,18.7,188.0,437.0,1.9,0.752502780867631
2026-04-03T16:57:11,04/03/202604:57,125.85999999999999,0.52,65.4472,54.11,0.8800000000000001,47.616800000000005,47.4,0.9,18.0,198.7,23628.0,44696.0,23.9,27.5,58.0,29.74,18.7,188.0,437.0,1.9,0.7275605373491916
2026-04-03T16:58:01,04/03/202604:58,125.85999999999999,0.48,60.41279999999999,54.1,0.78,42.198,42.0,0.9,18.0,198.7,23628.0,44696.0,23.9,27.5,58.0,29.74,18.7,188.0,437.0,1.9,0.6984943588113779
2026-04-03T16:58:11,04/03/202604:58,125.87,0.44000000000000006,55.38280000000001,54.1,0.6799999999999999,36.788,36.5,0.9,18.0,198.7,23628.0,44696.0,23.9,27.5,58.0,29.74,18.7,188.0,437.0,1.9,0.6642495504019297
2026-04-03T16:58:55,04/03/202604:58,126.4,0.38,48.032000000000004,54.1,0.5599999999999999,30.296,30.0,0.9,18.0,198.7,23628.0,44696.0,23.9,27.5,58.0,29.74,18.7,188.0,437.0,1.9,0.6307461692205196
2026-04-03T16:59:00,04/03/202604:59,126.94000000000001,0.32,40.6208,54.1,0.45999999999999996,24.886,24.6,0.9,18.0,198.7,23628.0,44696.0,23.9,27.5,58.0,29.74,18.7,188.0,437.0,1.9,0.6126417992752481
2026-04-03T16:59:55,04/03/202604:59,121.47,0.29,35.226299999999995,54.089999999999996,0.4,21.636,21.3,0.9,18.0,198.7,23628.0,44696.0,23.9,27.5,58.0,29.74,18.7,188.0,437.0,1.9,0.6142001856567395
2026-04-03T17:00:00,04/03/202605:00,116.02000000000001,0.27,31.325400000000005,54.08,0.35,18.927999999999997,18.6,0.9,18.0,198.7,23628.0,44696.0,23.9,27.5,58.0,29.74,18.7,188.0,437.0,1.9,0.6042380943260101
2026-04-03T17:00:55,04/03/202605:00,116.47999999999999,0.22000000000000003,25.625600000000002,54.06,0.26,14.055600000000002,13.8,0.9,18.0,198.7,23628.0,44696.0,23.9,27.46,58.0,29.74,18.843,187.5,427.9,1.9099999999999997,0.5484983766233766
2026-04-03T17:01:00,04/03/202605:01,116.96000000000001,0.18,21.0528,54.04,0.21000000000000002,11.348400000000002,11.1,0.9,18.0,198.7,23628.0,44696.0,23.9,27.419999999999998,58.0,29.74,18.985999999999997,187.0,418.8,1.92,0.5390446876424989
2026-04-03T17:01:56,04/03/202605:01,111.25,0.18,20.025,54.010000000000005,0.19,10.2619,10.0,0.9,18.0,198.7,23628.0,44696.0,23.9,27.380000000000003,58.0,29.74,19.128999999999998,186.5,409.7,1.9300000000000002,0.51245443196005
2026-04-03T17:02:01,04/03/202605:02,105.47,0.19,20.0393,53.98,0.19,10.2562,10.0,0.9,18.0,198.7,23628.0,44696.0,23.9,27.339999999999996,58.0,29.74,19.272,186.0,400.6,1.94,0.5118043045415758
2026-04-03T17:03:28,04/03/202605:03,105.76000000000002,0.16,16.921600000000005,53.95,0.16,8.632000000000001,8.4,0.9,18.0,198.7,23628.0,44696.0,23.9,27.3,58.0,29.74,19.415,185.5,391.5,1.95,0.5101172465960665
2026-04-03T17:04:00,04/03/202605:04,106.06000000000002,0.13999999999999999,14.848400000000002,53.910000000000004,0.13999999999999999,7.5474,7.4,0.9,18.0,198.7,23628.0,44696.0,24.0,27.26,58.0,29.74,19.558,185.0,382.4,1.9600000000000002,0.5082971902696586
2026-04-03T17:04:56,04/03/202605:04,105.8,0.13999999999999999,14.811999999999998,53.86,0.13999999999999999,7.540399999999999,7.4,0.9,18.0,198.7,23628.0,44696.0,24.0,27.22,58.0,29.74,19.701,184.5,373.3,1.97,0.5090737240075615
2026-04-03T17:05:01,04/03/202605:05,105.54,0.13999999999999999,14.775599999999999,53.81,0.13999999999999999,7.533399999999999,7.4,0.9,18.0,198.7,23628.0,44696.0,24.0,27.18,58.0,29.74,19.844,184.0,364.2,1.98,0.509854083759712
2026-04-03T17:05:55,04/03/202605:05,111.27000000000001,0.11000000000000001,12.239700000000003,53.77,0.1,5.377000000000001,5.3,0.9,18.0,198.7,23628.0,44696.0,23.9,27.140000000000004,58.0,29.74,19.987000000000002,183.5,355.1,1.9899999999999998,0.4393081529776056
2026-04-03T17:06:00,04/03/202605:06,117.0,0.08,9.36,53.73,0.06,3.2237999999999998,3.2,0.9,18.0,198.7,23628.0,44696.0,23.9,27.1,58.0,29.74,20.13,183.0,346.0,2.0,0.34442307692307694
2026-04-03T17:06:56,04/03/202605:06,116.78,0.08,9.3424,53.69,0.06,3.2213999999999996,3.2,0.9,18.0,198.7,23628.0,44696.0,23.9,27.1,58.0,29.74,20.13,183.0,346.0,2.0,0.3448150368213735
2026-04-03T17:07:01,04/03/202605:07,116.55999999999999,0.08,9.3248,53.65,0.06,3.219,3.2,0.9,18.0,198.7,23628.0,44696.0,23.9,27.1,58.0,29.74,20.13,183.0,346.0,2.0,0.34520847632120794
2026-04-03T17:07:56,04/03/202605:07,122.5,0.04,4.9,53.620000000000005,0.03,1.6086,1.6,0.9,18.0,198.7,23628.0,44696.0,23.9,27.1,58.0,29.74,20.13,183.0,346.0,2.0,0.3282857142857143
2026-04-03T17:08:01,04/03/202605:08,128.44,0.0,0.0,53.589999999999996,0.0,0.0,0.0,0.9,18.0,198.7,23628.0,44696.0,23.9,27.1,58.0,29.74,20.13,183.0,346.0,2.0,
2026-04-03T17:08:55,04/03/202605:08,128.29,0.0,0.0,53.54,0.0,0.0,0.0,0.9,18.0,198.7,23628.0,44696.0,23.9,27.1,58.0,29.74,20.13,183.0,346.0,2.0,
2026-04-03T17:09:00,04/03/202605:09,128.14,0.0,0.0,53.5,0.0,0.0,0.0,0.9,18.0,198.7,23628.0,44696.0,23.9,27.1,58.0,29.74,20.13,183.0,346.0,2.0,
2026-04-03T17:10:00,04/03/202605:10,128.03,0.0,0.0,53.470000000000006,0.0,0.0,0.0,0.9,18.0,198.7,23628.0,44696.0,23.9,27.1,58.0,29.74,20.13,183.0,346.0,2.0,
2026-04-03T17:11:01,04/03/202605:11,127.92,0.0,0.0,53.44,0.0,0.0,0.0,0.9,18.0,198.7,23628.0,44696.0,23.9,27.1,58.0,29.74,20.13,183.0,346.0,2.0,
2026-04-03T17:11:56,04/03/202605:11,127.85,0.0,0.0,53.410000000000004,0.0,0.0,0.0,0.9,18.0,198.7,23628.0,44696.0,23.9,27.1,58.0,29.74,20.13,183.0,346.0,2.0,
2026-04-03T17:12:00,04/03/202605:12,127.78,0.0,0.0,53.379999999999995,0.0,0.0,0.0,0.9,18.0,198.7,23628.0,44696.0,23.9,27.1,58.0,29.74,20.13,183.0,346.0,2.0,
2026-04-03T17:12:56,04/03/202605:12,127.77000000000001,0.0,0.0,53.35,0.0,0.0,0.0,0.9,18.0,198.7,23628.0,44696.0,23.9,27.1,58.0,29.74,20.13,183.0,346.0,2.0,
2026-04-03T17:13:01,04/03/202605:13,127.75999999999999,0.0,0.0,53.32000000000001,0.0,0.0,0.0,0.9,18.0,198.7,23628.0,44696.0,23.9,27.1,58.0,29.74,20.13,183.0,346.0,2.0,
2026-04-03T17:14:39,04/03/202605:14,127.8,0.0,0.0,53.29,0.0,0.0,0.0,0.9,18.0,198.7,23628.0,44696.0,23.9,27.1,58.0,29.74,20.13,183.0,346.0,2.0,
2026-04-03T17:14:56,04/03/202605:14,127.85999999999999,0.0,0.0,53.260000000000005,0.0,0.0,0.0,0.9,18.0,198.7,23628.0,44696.0,23.9,27.1,58.0,29.74,20.13,183.0,346.0,2.0,
2026-04-03T17:15:00,04/03/202605:15,127.94000000000001,0.0,0.0,53.25,0.0,0.0,0.0,0.9,18.0,198.7,23628.0,44696.0,23.9,27.1,58.0,29.74,20.13,183.0,346.0,2.0,
2026-04-03T17:15:56,04/03/202605:15,128.04000000000002,0.0,0.0,53.23,0.0,0.0,0.0,0.9,18.0,198.7,23628.0,44696.0,24.0,27.080000000000002,58.1,29.74,19.913,183.3,337.5,2.02,
2026-04-03T17:16:01,04/03/202605:16,128.14000000000001,0.0,0.0,53.21,0.0,0.0,0.0,0.9,18.0,198.7,23628.0,44696.0,24.0,27.060000000000002,58.2,29.74,19.695999999999998,183.6,329.0,2.04,
2026-04-03T17:16:56,04/03/202605:16,128.27,0.0,0.0,53.19,0.0,0.0,0.0,0.9,18.0,198.7,23628.0,44696.0,23.9,27.04,58.3,29.74,19.479,183.9,320.5,2.06,
2026-04-03T17:17:01,04/03/202605:17,128.38,0.0,0.0,53.17,0.0,0.0,0.0,0.9,18.0,198.7,23628.0,44696.0,23.9,27.02,58.4,29.74,19.262,184.2,312.0,2.08,
2026-04-03T17:17:56,04/03/202605:17,128.53,0.0,0.0,53.15,0.0,0.0,0.0,0.9,18.0,198.7,23628.0,44696.0,23.9,27.0,58.5,29.74,19.044999999999998,184.5,303.5,2.1,
2026-04-03T17:18:01,04/03/202605:18,128.66,0.0,0.0,53.14,0.0,0.0,0.0,0.9,18.0,198.7,23628.0,44696.0,23.9,26.98,58.6,29.74,18.828,184.8,295.0,2.12,
2026-04-03T17:18:55,04/03/202605:18,128.82999999999998,0.0,0.0,53.13000000000001,0.0,0.0,0.0,0.9,18.0,198.7,23628.0,44696.0,24.0,26.96,58.7,29.74,18.611,185.1,286.5,2.14,
2026-04-03T17:19:00,04/03/202605:19,128.98,0.0,0.0,53.120000000000005,0.0,0.0,0.0,0.9,18.0,198.7,23628.0,44696.0,24.0,26.939999999999998,58.8,29.74,18.394,185.4,278.0,2.16,
2026-04-03T17:19:56,04/03/202605:19,128.94,0.0,0.0,53.1,0.01,0.531,0.5,0.9,18.0,198.7,23628.0,44696.0,24.0,26.919999999999998,58.9,29.74,18.177,185.7,269.5,2.18,
2026-04-03T17:20:01,04/03/202605:20,128.9,0.0,0.0,53.08,0.02,1.0615999999999999,1.0,0.9,18.0,198.7,23628.0,44696.0,24.0,26.9,59.0,29.74,17.96,186.0,261.0,2.2,
2026-04-03T17:20:56,04/03/202605:20,129.07999999999998,0.0,0.0,53.08,0.02,1.0615999999999999,1.0,0.9,18.0,198.7,23628.0,44696.0,23.9,26.9,59.0,29.74,17.96,186.0,261.0,2.2,
2026-04-03T17:21:01,04/03/202605:21,129.26,0.0,0.0,53.08,0.02,1.0615999999999999,1.0,0.9,18.0,198.7,23628.0,44696.0,23.9,26.9,59.0,29.74,17.96,186.0,261.0,2.2,
2026-04-03T17:21:56,04/03/202605:21,129.34,0.0,0.0,53.07000000000001,0.02,1.0614000000000001,1.0,0.9,18.0,198.7,23628.0,44696.0,23.9,26.9,59.0,29.74,17.96,186.0,261.0,2.2,
2026-04-03T17:22:01,04/03/202605:22,129.42000000000002,0.0,0.0,53.06,0.02,1.0612000000000001,1.0,0.9,18.0,198.7,23628.0,44696.0,23.9,26.9,59.0,29.74,17.96,186.0,261.0,2.2,
2026-04-03T17:22:56,04/03/202605:22,129.55,0.0,0.0,53.05,0.02,1.061,1.0,0.9,18.0,198.7,23628.0,44696.0,23.9,26.9,59.0,29.74,17.96,186.0,261.0,2.2,
2026-04-03T17:23:01,04/03/202605:23,129.68,0.0,0.0,53.04,0.02,1.0608,1.0,0.9,18.0,198.7,23628.0,44696.0,23.9,26.9,59.0,29.74,17.96,186.0,261.0,2.2,
2026-04-03T17:23:56,04/03/202605:23,129.75,0.0,0.0,53.029999999999994,0.02,1.0606,1.0,0.9,18.0,198.7,23628.0,44696.0,24.0,26.9,59.0,29.74,17.96,186.0,261.0,2.2,
2026-04-03T17:23:59,04/03/202605:23,129.82999999999998,0.0,0.0,53.02,0.02,1.0604,1.0,0.9,18.0,198.7,23628.0,44696.0,23.9,26.9,59.0,29.74,17.96,186.0,261.0,2.2,
2026-04-03T17:24:01,04/03/202605:24,130.07999999999998,0.0,0.0,53.02,0.01,0.5302,0.5,0.9,18.0,198.7,23628.0,44696.0,23.9,26.9,59.0,29.74,17.96,186.0,261.0,2.2,
2026-04-03T17:25:51,04/03/202605:25,130.26,0.0,0.0,53.02,0.0,0.0,0.0,0.9,18.0,198.7,23628.0,44696.0,23.9,26.9,59.0,29.74,17.96,186.0,261.0,2.2,
2026-04-03T17:26:01,04/03/202605:26,130.2,0.0,0.0,53.010000000000005,0.0,0.0,0.0,0.9,18.0,198.7,23628.0,44696.0,23.9,26.9,59.0,29.74,17.96,186.0,261.0,2.2,
2026-04-03T17:26:36,04/03/202605:26,130.09,0.0,0.0,53.0,0.0,0.0,0.0,0.9,18.0,198.7,23628.0,44696.0,23.9,26.9,59.0,29.74,17.96,186.0,261.0,2.2,
2026-04-03T17:27:01,04/03/202605:27,130.05,0.0,0.0,53.0,0.0,0.0,0.0,0.9,18.0,198.7,23628.0,44696.0,23.9,26.9,59.0,29.74,17.96,186.0,261.0,2.2,
2026-04-03T17:28:01,04/03/202605:28,130.01000000000002,0.0,0.0,53.0,0.0,0.0,0.0,0.9,18.0,198.7,23628.0,44696.0,23.9,26.9,59.0,29.74,17.96,186.0,261.0,2.2,
2026-04-03T17:29:01,04/03/202605:29,129.88000000000002,0.0,0.0,53.0,0.0,0.0,0.0,0.9,18.0,198.7,23628.0,44696.0,24.0,26.9,59.0,29.74,17.96,186.0,261.0,2.2,
2026-04-03T17:29:36,04/03/202605:29,129.71,0.0,0.0,52.989999999999995,0.0,0.0,0.0,0.9,18.0,198.7,23628.0,44696.0,24.0,26.9,59.0,29.74,17.96,186.0,262.1,2.2,
2026-04-03T17:30:01,04/03/202605:30,129.56,0.0,0.0,52.98,0.0,0.0,0.0,0.9,18.0,198.7,23628.0,44696.0,24.0,26.9,59.0,29.74,17.96,186.0,263.2,2.2,
2026-04-03T17:30:36,04/03/202605:30,129.36,0.0,0.0,52.970000000000006,0.01,0.5297000000000001,0.0,0.9,18.0,198.7,23628.0,44696.0,24.0,26.9,59.0,29.74,17.96,186.0,264.3,2.2,
2026-04-03T17:31:00,04/03/202605:31,129.16000000000003,0.0,0.0,52.96,0.02,1.0592000000000001,0.0,0.9,18.0,198.7,23628.0,44696.0,24.0,26.9,59.0,29.74,17.96,186.0,265.4,2.2,
2026-04-03T17:31:36,04/03/202605:31,128.97,0.0,0.0,52.95,0.02,1.0590000000000002,0.0,0.9,18.0,198.7,23628.0,44696.0,24.0,26.82,59.2,29.74,18.016,186.2,252.7,2.22,
2026-04-03T17:32:01,04/03/202605:32,128.78000000000003,0.0,0.0,52.94,0.02,1.0588,0.0,0.9,18.0,198.7,23628.0,44696.0,24.0,26.74,59.4,29.74,18.072,186.4,240.0,2.24,
2026-04-03T17:32:37,04/03/202605:32,127.92999999999999,0.0,0.0,52.92,0.02,1.0584,0.0,0.9,18.0,198.7,23628.0,44696.0,24.0,26.660000000000004,59.6,29.74,18.109,186.6,227.3,2.2600000000000002,
2026-04-03T17:33:00,04/03/202605:33,127.08,0.0,0.0,52.9,0.02,1.058,0.0,0.9,18.0,198.7,23628.0,44696.0,24.0,26.580000000000002,59.8,29.74,18.146,186.8,214.6,2.2800000000000002,
2026-04-03T17:33:37,04/03/202605:33,126.83,0.0,0.0,52.879999999999995,0.02,1.0575999999999999,0.0,0.9,18.0,198.7,23628.0,44696.0,24.0,26.5,60.0,29.74,18.183,187.0,201.9,2.3,
2026-04-03T17:34:00,04/03/202605:34,126.58,0.0,0.0,52.86,0.02,1.0572,0.0,0.9,18.0,198.7,23628.0,44696.0,24.0,26.419999999999998,60.2,29.74,18.22,187.2,189.2,2.32,
2026-04-03T17:34:37,04/03/202605:34,126.00999999999999,0.0,0.0,52.839999999999996,0.02,1.0568,0.0,0.9,18.0,198.7,23628.0,44696.0,24.0,26.339999999999996,60.5,29.74,18.256999999999998,187.4,175.4,2.34,
2026-04-03T17:35:01,04/03/202605:35,125.44000000000001,0.0,0.0,52.82000000000001,0.02,1.0564000000000002,0.0,0.9,18.0,198.7,23628.0,44696.0,24.0,26.26,60.8,29.74,18.294,187.6,161.6,2.3600000000000003,
2026-04-03T17:35:37,04/03/202605:35,125.16,0.0,0.0,52.8,0.01,0.528,0.0,0.9,18.0,198.7,23628.0,44696.0,23.9,26.18,61.1,29.74,18.331,187.8,147.8,2.38,
2026-04-03T17:37:02,04/03/202605:37,124.75,0.0,0.0,52.77,0.0,0.0,0.0,0.9,18.0,198.7,23628.0,44696.0,24.0,26.1,61.4,29.74,18.368,188.0,134.0,2.4,
2026-04-03T17:37:37,04/03/202605:37,124.42,0.0,0.0,52.75,0.0,0.0,0.0,0.9,18.0,198.7,23628.0,44696.0,24.0,26.1,61.5,29.74,18.348999999999997,188.0,134.0,2.4,
2026-04-03T17:38:01,04/03/202605:38,124.09,0.0,0.0,52.73,0.0,0.0,0.0,0.9,18.0,198.7,23628.0,44696.0,24.0,26.1,61.6,29.74,18.33,188.0,134.0,2.4,
2026-04-03T17:38:36,04/03/202605:38,124.42,0.0,0.0,52.71,0.0,0.0,0.0,0.9,18.0,198.7,23628.0,44696.0,24.0,26.1,61.7,29.74,18.33,188.0,134.0,2.4,
2026-04-03T17:39:01,04/03/202605:39,124.75,0.0,0.0,52.69,0.0,0.0,0.0,0.9,18.0,198.7,23628.0,44696.0,24.0,26.1,61.8,29.74,18.33,188.0,134.0,2.4,
2026-04-03T17:40:01,04/03/202605:40,124.47999999999999,0.0,0.0,52.660000000000004,0.0,0.0,0.0,0.9,18.0,198.7,23628.0,44696.0,24.0,26.1,61.9,29.74,18.33,188.0,134.0,2.4,
2026-04-03T17:40:36,04/03/202605:40,124.2,0.0,0.0,52.64,0.0,0.0,0.0,0.9,18.0,198.7,23628.0,44696.0,24.0,26.1,62.0,29.74,18.33,188.0,134.0,2.4,
2026-04-03T17:40:57,04/03/202605:40,123.04,0.0,0.0,52.63000000000001,0.0,0.0,0.0,0.9,18.0,198.7,23628.0,44696.0,24.0,26.1,62.0,29.74,18.33,188.0,134.0,2.4,
2026-04-03T17:41:01,04/03/202605:41,121.88,0.0,0.0,52.620000000000005,0.0,0.0,0.0,0.9,18.0,198.7,23628.0,44696.0,24.0,26.1,62.0,29.74,18.33,188.0,134.0,2.4,
2026-04-03T17:41:56,04/03/202605:41,121.72,0.0,0.0,52.589999999999996,0.0,0.0,0.0,0.9,18.0,198.7,23628.0,44696.0,24.0,26.1,62.0,29.74,18.33,188.0,134.0,2.4,
2026-04-03T17:42:01,04/03/202605:42,121.68999999999998,0.0,0.0,52.57000000000001,0.0,0.0,0.0,0.9,18.0,198.7,23628.0,44696.0,24.0,26.1,62.0,29.74,18.33,188.0,134.0,2.4,
2026-04-03T17:42:57,04/03/202605:42,121.21,0.0,0.0,52.55,0.0,0.0,0.0,0.9,18.0,198.7,23628.0,44696.0,24.0,26.1,62.0,29.74,18.33,188.0,134.0,2.4,
2026-04-03T17:43:01,04/03/202605:43,120.72999999999999,0.0,0.0,52.529999999999994,0.0,0.0,0.0,0.9,18.0,198.7,23628.0,44696.0,24.0,26.1,62.0,29.74,18.33,188.0,134.0,2.4,
2026-04-03T17:43:57,04/03/202605:43,120.78999999999999,0.0,0.0,52.52,0.0,0.0,0.0,0.9,18.0,198.7,23628.0,44696.0,24.0,26.1,62.0,29.74,18.33,188.0,134.0,2.4,
2026-04-03T17:44:01,04/03/202605:44,120.85,0.0,0.0,52.510000000000005,0.0,0.0,0.0,0.9,18.0,198.7,23628.0,44696.0,24.0,26.1,62.0,29.74,18.33,188.0,134.0,2.4,
2026-04-03T17:44:57,04/03/202605:44,120.9,0.0,0.0,52.5,0.0,0.0,0.0,0.9,18.0,198.7,23628.0,44696.0,24.0,26.1,62.0,29.74,18.33,188.0,134.0,2.4,
2026-04-03T17:45:01,04/03/202605:45,120.96,0.0,0.0,52.48,0.0,0.0,0.0,0.9,18.0,198.7,23628.0,44696.0,24.0,26.1,62.0,29.74,18.33,188.0,134.0,2.4,
2026-04-03T17:45:57,04/03/202605:45,122.35999999999999,0.0,0.0,52.46,0.0,0.0,0.0,0.9,18.0,198.7,23628.0,44696.0,24.0,26.02,62.1,29.74,18.627999999999997,187.7,124.6,2.4099999999999997,
2026-04-03T17:46:01,04/03/202605:46,123.75999999999999,0.0,0.0,52.44,0.0,0.0,0.0,0.9,18.0,198.7,23628.0,44696.0,24.0,25.940000000000005,62.2,29.74,18.926,187.4,115.2,2.42,
2026-04-03T17:46:56,04/03/202605:46,123.97,0.0,0.0,52.44,0.0,0.0,0.0,0.9,18.0,198.7,23628.0,44696.0,24.0,25.860000000000003,62.3,29.74,19.223999999999997,187.1,105.8,2.43,
2026-04-03T17:48:13,04/03/202605:48,124.17999999999999,0.0,0.0,52.44,0.0,0.0,0.0,0.9,18.0,198.7,23628.0,44696.0,23.9,25.78,62.4,29.74,19.522,186.8,96.4,2.44,
2026-04-03T17:49:00,04/03/202605:49,124.82000000000001,0.0,0.0,52.42999999999999,0.0,0.0,0.0,0.9,18.0,198.7,23628.0,44696.0,23.9,25.7,62.5,29.74,19.82,186.5,87.0,2.45,
2026-04-03T17:49:11,04/03/202605:49,125.6,0.0,0.0,52.410000000000004,0.0,0.0,0.0,0.9,18.0,198.7,23628.0,44696.0,24.0,25.619999999999997,62.6,29.74,20.118,186.2,77.6,2.46,
2026-04-03T17:50:00,04/03/202605:50,125.89000000000001,0.0,0.0,52.39,0.0,0.0,0.0,0.9,18.0,198.7,23628.0,44696.0,24.0,25.54,62.7,29.74,20.416,185.9,68.2,2.4699999999999998,
2026-04-03T17:50:11,04/03/202605:50,125.75999999999999,0.0,0.0,52.36999999999999,0.0,0.0,0.0,0.9,18.0,198.7,23628.0,44696.0,24.0,25.46,62.8,29.74,20.714,185.6,58.8,2.48,
2026-04-03T17:51:00,04/03/202605:51,125.64000000000001,0.0,0.0,52.36,0.0,0.0,0.0,0.9,18.0,198.7,23628.0,44696.0,24.0,25.380000000000003,62.9,29.74,21.011999999999997,185.3,49.4,2.4899999999999998,
2026-04-03T17:51:11,04/03/202605:51,126.04,0.0,0.0,52.35,0.0,0.0,0.0,0.9,18.0,198.7,23628.0,44696.0,24.0,25.3,63.0,29.74,21.31,185.0,40.0,2.5,
2026-04-03T17:52:00,04/03/202605:52,126.34,0.0,0.0,52.339999999999996,0.0,0.0,0.0,0.9,18.0,198.7,23628.0,44696.0,24.0,25.3,63.0,29.74,21.31,185.0,40.0,2.5,
2026-04-03T17:52:11,04/03/202605:52,126.63,0.0,0.0,52.339999999999996,0.0,0.0,0.0,0.9,18.0,198.7,23628.0,44696.0,24.0,25.3,63.0,29.74,21.31,185.0,40.0,2.5,
2026-04-03T17:53:00,04/03/202605:53,126.85999999999999,0.0,0.0,52.339999999999996,0.0,0.0,0.0,0.9,18.0,198.7,23628.0,44696.0,24.0,25.3,63.0,29.74,21.31,185.0,40.0,2.5,
2026-04-03T17:53:11,04/03/202605:53,127.17999999999999,0.0,0.0,52.339999999999996,0.0,0.0,0.0,0.9,18.0,198.7,23628.0,44696.0,24.0,25.3,63.0,29.74,21.31,185.0,40.0,2.5,
2026-04-03T17:54:00,04/03/202605:54,127.5,0.0,0.0,52.339999999999996,0.0,0.0,0.0,0.9,18.0,198.7,23628.0,44696.0,24.0,25.3,63.0,29.74,21.31,185.0,40.0,2.5,
2026-04-03T17:54:11,04/03/202605:54,127.69000000000001,0.0,0.0,52.35,0.0,0.0,0.0,0.9,18.0,198.7,23628.0,44696.0,24.0,25.3,63.0,29.74,21.31,185.0,40.0,2.5,
2026-04-03T17:55:00,04/03/202605:55,127.88,0.0,0.0,52.36,0.0,0.0,0.0,0.9,18.0,198.7,23628.0,44696.0,24.0,25.3,63.0,29.74,21.31,185.0,40.0,2.5,
2026-04-03T17:55:10,04/03/202605:55,128.55,0.0,0.0,52.36,0.0,0.0,0.0,0.9,18.0,198.7,23628.0,44696.0,24.0,25.3,63.0,29.74,21.31,185.0,40.0,2.5,
2026-04-03T17:56:01,04/03/202605:56,129.22,0.0,0.0,52.36,0.0,0.0,0.0,0.9,18.0,198.7,23628.0,44696.0,24.0,25.3,63.0,29.74,21.31,185.0,40.0,2.5,
2026-04-03T17:56:11,04/03/202605:56,129.38,0.0,0.0,52.36999999999999,0.0,0.0,0.0,0.9,18.0,198.7,23628.0,44696.0,24.0,25.3,63.0,29.74,21.31,185.0,40.0,2.5,
2026-04-03T17:57:00,04/03/202605:57,129.54000000000002,0.0,0.0,52.379999999999995,0.0,0.0,0.0,0.9,18.0,198.7,23628.0,44696.0,24.0,25.3,63.0,29.74,21.31,185.0,40.0,2.5,
2026-04-03T17:58:00,04/03/202605:58,129.70999999999998,0.0,0.0,52.379999999999995,0.0,0.0,0.0,0.9,18.0,198.7,23628.0,44696.0,24.0,25.3,63.0,29.74,21.31,185.0,40.0,2.5,
2026-04-03T17:59:25,04/03/202605:59,129.85,0.0,0.0,52.379999999999995,0.0,0.0,0.0,0.9,18.0,198.7,23628.0,44696.0,24.0,25.3,63.0,29.74,21.31,185.0,40.0,2.5,
2026-04-03T17:59:55,04/03/202605:59,129.88,0.0,0.0,52.379999999999995,0.0,0.0,0.0,0.9,18.0,198.7,23628.0,44696.0,24.0,25.3,63.0,29.74,21.31,185.0,40.0,2.5,
2026-04-03T18:00:00,04/03/202606:00,129.91,0.0,0.0,52.379999999999995,0.0,0.0,0.0,0.9,18.0,198.7,23628.0,44696.0,24.0,25.3,63.0,29.74,21.31,185.0,40.0,2.5,
2026-04-03T18:00:55,04/03/202606:00,129.9,0.0,0.0,52.379999999999995,0.0,0.0,0.0,0.9,18.0,198.7,23628.0,44696.0,24.0,25.259999999999998,63.1,29.743000000000002,21.18,185.1,39.6,2.5100000000000002,
2026-04-03T18:01:01,04/03/202606:01,129.89,0.0,0.0,52.379999999999995,0.0,0.0,0.0,0.9,18.0,198.7,23628.0,44696.0,24.0,25.22,63.2,29.746,21.05,185.2,39.2,2.52,
2026-04-03T18:01:56,04/03/202606:01,129.79,0.0,0.0,52.39,0.0,0.0,0.0,0.9,18.0,198.7,23628.0,44696.0,24.0,25.18,63.3,29.749000000000002,20.919999999999998,185.3,38.8,2.5300000000000002,
2026-04-03T18:02:01,04/03/202606:02,129.69,0.0,0.0,52.4,0.0,0.0,0.0,0.9,18.0,198.7,23628.0,44696.0,24.0,25.14,63.4,29.752,20.79,185.4,38.4,2.54,
2026-04-03T18:02:56,04/03/202606:02,129.54,0.0,0.0,52.4,0.0,0.0,0.0,0.9,18.0,198.7,23628.0,44696.0,24.0,25.1,63.5,29.755000000000003,20.66,185.5,38.0,2.55,
2026-04-03T18:03:01,04/03/202606:03,129.39,0.0,0.0,52.4,0.0,0.0,0.0,0.9,18.0,198.7,23628.0,44696.0,24.0,25.06,63.6,29.758,20.53,185.6,37.6,2.56,
2026-04-03T18:03:56,04/03/202606:03,129.20999999999998,0.0,0.0,52.4,0.0,0.0,0.0,0.9,18.0,198.7,23628.0,44696.0,24.0,25.02,63.7,29.761000000000003,20.4,185.7,37.2,2.57,
2026-04-03T18:04:01,04/03/202606:04,129.06,0.0,0.0,52.4,0.0,0.0,0.0,0.9,18.0,198.7,23628.0,44696.0,24.0,24.979999999999997,63.8,29.764,20.270000000000003,185.8,36.8,2.58,
2026-04-03T18:04:55,04/03/202606:04,128.88,0.0,0.0,52.39,0.0,0.0,0.0,0.9,18.0,198.7,23628.0,44696.0,24.0,24.939999999999998,63.9,29.767000000000003,20.14,185.9,36.4,2.5900000000000003,
2026-04-03T18:05:00,04/03/202606:05,128.7,0.0,0.0,52.379999999999995,0.0,0.0,0.0,0.9,18.0,198.7,23628.0,44696.0,24.0,24.9,64.0,29.77,20.01,186.0,36.0,2.6,
2026-04-03T18:05:56,04/03/202606:05,128.49,0.0,0.0,52.36999999999999,0.0,0.0,0.0,0.9,18.0,198.7,23628.0,44696.0,24.0,24.9,64.0,29.77,20.01,186.0,36.0,2.6,
2026-04-03T18:06:01,04/03/202606:06,128.28,0.0,0.0,52.36,0.0,0.0,0.0,0.9,18.0,198.7,23628.0,44696.0,24.0,24.9,64.0,29.77,20.01,186.0,36.0,2.6,
2026-04-03T18:06:56,04/03/202606:06,128.03,0.0,0.0,52.35,0.0,0.0,0.0,0.9,18.0,198.7,23628.0,44696.0,24.0,24.9,64.0,29.77,20.01,186.0,36.0,2.6,
2026-04-03T18:07:01,04/03/202606:07,127.78,0.0,0.0,52.339999999999996,0.0,0.0,0.0,0.9,18.0,198.7,23628.0,44696.0,24.0,24.9,64.0,29.77,20.01,186.0,36.0,2.6,
2026-04-03T18:07:55,04/03/202606:07,127.5,0.0,0.0,52.33,0.01,0.5233,0.5,0.9,18.0,198.7,23628.0,44696.0,24.0,24.9,64.0,29.77,20.01,186.0,36.0,2.6,
2026-04-03T18:08:00,04/03/202606:08,127.22,0.0,0.0,52.31999999999999,0.02,1.0463999999999998,1.0,0.9,18.0,198.7,23628.0,44696.0,24.0,24.9,64.0,29.77,20.01,186.0,36.0,2.6,
2026-04-03T18:08:13,04/03/202606:08,126.94000000000001,0.0,0.0,52.31,0.02,1.0462,1.0,0.9,18.0,198.7,23628.0,44696.0,24.0,24.9,64.0,29.77,20.01,186.0,36.0,2.6,
2026-04-03T18:09:00,04/03/202606:09,126.66,0.0,0.0,52.3,0.02,1.046,1.0,0.9,18.0,198.7,23628.0,44696.0,24.0,24.9,64.0,29.77,20.01,186.0,36.0,2.6,
2026-04-03T18:09:13,04/03/202606:09,126.27000000000001,0.0,0.0,52.3,0.02,1.046,1.0,0.9,18.0,198.7,23628.0,44696.0,24.0,24.9,64.0,29.77,20.01,186.0,36.0,2.6,
2026-04-03T18:10:37,04/03/202606:10,125.92999999999999,0.0,0.0,52.29,0.02,1.0458,1.0,0.9,18.0,198.7,23628.0,44696.0,24.0,24.9,64.0,29.77,20.01,186.0,36.0,2.6,
2026-04-03T18:11:00,04/03/202606:11,125.65,0.0,0.0,52.279999999999994,0.02,1.0455999999999999,1.0,0.9,18.0,198.7,23628.0,44696.0,24.0,24.9,64.0,29.77,20.01,186.0,36.0,2.6,
2026-04-03T18:11:13,04/03/202606:11,125.32000000000001,0.0,0.0,52.279999999999994,0.02,1.0455999999999999,1.0,0.9,18.0,198.7,23628.0,44696.0,24.0,24.9,64.0,29.77,20.01,186.0,36.0,2.6,
2026-04-03T18:12:01,04/03/202606:12,125.05999999999999,0.0,0.0,52.279999999999994,0.02,1.0455999999999999,1.0,0.9,18.0,198.7,23628.0,44696.0,24.0,24.9,64.0,29.77,20.01,186.0,36.0,2.6,
2026-04-03T18:12:13,04/03/202606:12,124.83,0.0,0.0,52.27,0.02,1.0454,1.0,0.9,18.0,198.7,23628.0,44696.0,24.0,24.9,64.0,29.77,20.01,186.0,36.0,2.6,
2026-04-03T18:13:01,04/03/202606:13,124.67,0.0,0.0,52.260000000000005,0.01,0.5226000000000001,0.5,0.9,18.0,198.7,23628.0,44696.0,24.0,24.9,64.0,29.77,20.01,186.0,36.0,2.6,
2026-04-03T18:13:14,04/03/202606:13,124.54,0.0,0.0,52.239999999999995,0.0,0.0,0.0,0.9,18.0,198.7,23628.0,44696.0,24.0,24.9,64.0,29.77,20.01,186.0,36.0,2.6,
2026-04-03T18:14:01,04/03/202606:14,124.44000000000001,0.0,0.0,52.220000000000006,0.0,0.0,0.0,0.9,18.0,198.7,23628.0,44696.0,24.0,24.9,64.0,29.77,20.01,186.0,36.0,2.6,
2026-04-03T18:14:14,04/03/202606:14,124.38,0.0,0.0,52.2,0.0,0.0,0.0,0.9,18.0,198.7,23628.0,44696.0,24.0,24.9,64.0,29.77,20.01,186.0,36.0,2.6,
2026-04-03T18:15:00,04/03/202606:15,124.47999999999999,0.0,0.0,52.17999999999999,0.0,0.0,0.0,0.9,18.0,198.7,23628.0,44696.0,24.0,24.9,64.0,29.77,20.01,186.0,36.0,2.6,
2026-04-03T18:15:14,04/03/202606:15,124.54,0.0,0.0,52.17999999999999,0.0,0.0,0.0,0.9,18.0,198.7,23628.0,44696.0,24.0,24.9,64.0,29.77,20.01,186.0,36.0,2.6,
2026-04-03T18:16:00,04/03/202606:16,124.6,0.0,0.0,52.17999999999999,0.0,0.0,0.0,0.9,18.0,198.7,23628.0,44696.0,24.0,24.9,64.0,29.77,20.01,186.0,36.0,2.6,
2026-04-03T18:16:13,04/03/202606:16,124.7,0.0,0.0,52.160000000000004,0.0,0.0,0.0,0.9,18.0,198.7,23628.0,44696.0,24.0,24.85,64.5,29.77,19.823,187.0,35.2,2.56,
2026-04-03T18:17:01,04/03/202606:17,124.8,0.0,0.0,52.14,0.0,0.0,0.0,0.9,18.0,198.7,23628.0,44696.0,24.0,24.8,65.0,29.77,19.636000000000003,188.0,34.4,2.5200000000000005,
2026-04-03T18:17:13,04/03/202606:17,124.84,0.0,0.0,52.13000000000001,0.0,0.0,0.0,0.9,18.0,198.7,23628.0,44696.0,24.0,24.75,65.5,29.77,19.449,189.0,33.6,2.48,
2026-04-03T18:18:01,04/03/202606:18,124.88,0.0,0.0,52.120000000000005,0.0,0.0,0.0,0.9,18.0,198.7,23628.0,44696.0,24.0,24.7,66.0,29.77,19.262,190.0,32.8,2.4400000000000004,
2026-04-03T18:18:14,04/03/202606:18,124.83,0.0,0.0,52.120000000000005,0.0,0.0,0.0,0.9,18.0,198.7,23628.0,44696.0,24.0,24.65,66.5,29.77,19.075,191.0,32.0,2.4,
2026-04-03T18:19:01,04/03/202606:19,124.78,0.0,0.0,52.120000000000005,0.0,0.0,0.0,0.9,18.0,198.7,23628.0,44696.0,24.0,24.6,67.0,29.77,18.887999999999998,192.0,31.2,2.3600000000000003,
2026-04-03T18:19:14,04/03/202606:19,124.53,0.0,0.0,52.120000000000005,0.0,0.0,0.0,0.9,18.0,198.7,23628.0,44696.0,24.0,24.55,67.5,29.77,18.701,193.0,30.4,2.3200000000000003,
2026-04-03T18:20:00,04/03/202606:20,124.28,0.0,0.0,52.120000000000005,0.0,0.0,0.0,0.9,18.0,198.7,23628.0,44696.0,24.0,24.5,68.0,29.77,18.514000000000003,194.0,29.6,2.2800000000000002,
2026-04-03T18:20:14,04/03/202606:20,123.8,0.0,0.0,52.11,0.0,0.0,0.0,0.9,18.0,198.7,23628.0,44696.0,24.0,24.45,68.5,29.77,18.327,195.0,28.8,2.24,
2026-04-03T18:21:49,04/03/202606:21,123.17999999999999,0.0,0.0,52.1,0.0,0.0,0.0,0.9,18.0,198.7,23628.0,44696.0,24.0,24.4,69.0,29.77,18.14,196.0,28.0,2.2,
2026-04-03T18:22:00,04/03/202606:22,122.57000000000001,0.0,0.0,52.1,0.0,0.0,0.0,0.9,18.0,198.7,23628.0,44696.0,24.0,24.4,69.0,29.77,18.14,196.0,28.0,2.2,
2026-04-03T18:22:14,04/03/202606:22,121.67999999999999,0.0,0.0,52.1,0.0,0.0,0.0,0.9,18.0,198.7,23628.0,44696.0,24.0,24.4,69.0,29.77,18.14,196.0,28.0,2.2,
2026-04-03T18:23:00,04/03/202606:23,120.82000000000001,0.0,0.0,52.1,0.0,0.0,0.0,0.9,18.0,198.7,23628.0,44696.0,24.0,24.4,69.0,29.77,18.14,196.0,28.0,2.2,
2026-04-03T18:23:14,04/03/202606:23,119.17,0.0,0.0,52.1,0.0,0.0,0.0,0.9,18.0,198.7,23628.0,44696.0,24.0,24.4,69.0,29.77,18.14,196.0,28.0,2.2,
2026-04-03T18:24:00,04/03/202606:24,117.58,0.0,0.0,52.1,0.0,0.0,0.0,0.9,18.0,198.7,23628.0,44696.0,24.0,24.4,69.0,29.77,18.14,196.0,28.0,2.2,
2026-04-03T18:24:14,04/03/202606:24,116.25999999999999,0.0,0.0,52.1,0.01,0.521,0.5,0.9,18.0,198.7,23628.0,44696.0,24.0,24.4,69.0,29.77,18.14,196.0,28.0,2.2,
2026-04-03T18:25:00,04/03/202606:25,115.1,0.0,0.0,52.1,0.02,1.042,1.0,0.9,18.0,198.7,23628.0,44696.0,24.0,24.4,69.0,29.77,18.14,196.0,28.0,2.2,
2026-04-03T18:25:13,04/03/202606:25,113.52000000000001,0.0,0.0,52.1,0.02,1.042,1.0,0.9,18.0,198.7,23628.0,44696.0,24.0,24.4,69.0,29.77,18.14,196.0,28.0,2.2,
2026-04-03T18:26:00,04/03/202606:26,112.16,0.0,0.0,52.1,0.02,1.042,1.0,0.9,18.0,198.7,23628.0,44696.0,24.0,24.4,69.0,29.77,18.14,196.0,28.0,2.2,
2026-04-03T18:26:14,04/03/202606:26,111.58,0.0,0.0,52.089999999999996,0.030000000000000006,1.5627000000000002,1.5,0.9,18.0,198.7,23628.0,44696.0,24.0,24.4,69.0,29.77,18.14,196.0,28.0,2.2,
2026-04-03T18:27:00,04/03/202606:27,111.0,0.0,0.0,52.08,0.04,2.0832,2.0,0.9,18.0,198.7,23628.0,44696.0,24.0,24.4,69.0,29.77,18.14,196.0,28.0,2.2,
2026-04-03T18:27:14,04/03/202606:27,110.58,0.0,0.0,52.08,0.04,2.0832,2.0,0.9,18.0,198.7,23628.0,44696.0,24.0,24.4,69.0,29.77,18.14,196.0,28.0,2.1900000000000004,
2026-04-03T18:28:00,04/03/202606:28,110.16,0.0,0.0,52.08,0.04,2.0832,2.0,0.9,18.0,198.7,23628.0,44696.0,24.0,24.4,69.0,29.77,18.14,196.0,28.0,2.18,
2026-04-03T18:28:13,04/03/202606:28,108.44000000000001,0.0,0.0,52.08,0.04,2.0832,2.0,0.9,18.0,198.7,23628.0,44696.0,24.0,24.4,69.0,29.77,18.14,196.0,28.0,2.1700000000000004,
2026-04-03T18:28:14,04/03/202606:28,106.45,0.0,0.0,52.07000000000001,0.04,2.0828,2.0,0.9,18.0,198.7,23628.0,44696.0,24.0,24.4,69.0,29.77,18.14,196.0,28.0,2.16,
2026-04-03T18:29:00,04/03/202606:29,104.19000000000001,0.0,0.0,52.06,0.030000000000000006,1.5618000000000003,1.5,0.9,18.0,198.7,23628.0,44696.0,24.0,24.4,69.0,29.77,18.14,196.0,28.0,2.15,
2026-04-03T18:29:14,04/03/202606:29,104.2,0.0,0.0,52.05,0.02,1.041,1.0,0.9,18.0,198.7,23628.0,44696.0,24.0,24.43,69.0,29.77,18.14,196.0,26.7,2.14,
2026-04-03T18:30:00,04/03/202606:30,104.63,0.0,0.0,52.04,0.02,1.0408,1.0,0.9,18.0,198.7,23628.0,44696.0,24.0,24.46,69.0,29.77,18.14,196.0,25.4,2.13,
2026-04-03T18:30:14,04/03/202606:30,102.72,0.0,0.0,52.04,0.02,1.0408,1.0,0.9,18.0,198.7,23628.0,44696.0,24.0,24.49,69.0,29.77,18.14,196.0,24.1,2.12,
2026-04-03T18:31:00,04/03/202606:31,100.17,0.0,0.0,52.05,0.01,0.5205,0.5,0.9,18.0,198.7,23628.0,44696.0,24.0,24.52,69.0,29.77,18.14,196.0,22.8,2.1100000000000003,
2026-04-03T18:31:14,04/03/202606:31,100.06,0.0,0.0,52.05,0.0,0.0,0.0,0.9,18.0,198.7,23628.0,44696.0,24.0,24.509999999999998,69.8,29.773000000000003,17.457,197.4,21.9,2.02,
2026-04-03T18:33:02,04/03/202606:33,98.33,0.0,0.0,52.05,0.0,0.0,0.0,0.9,18.0,198.7,23628.0,44696.0,24.0,24.5,70.6,29.776,16.774,198.8,21.0,1.9400000000000002,
2026-04-03T18:33:15,04/03/202606:33,98.58,0.0,0.0,52.04,0.0,0.0,0.0,0.9,18.0,198.7,23628.0,44696.0,24.0,24.490000000000002,71.6,29.779000000000003,16.091,200.2,20.1,1.86,
2026-04-03T18:34:00,04/03/202606:34,100.92,0.0,0.0,52.029999999999994,0.0,0.0,0.0,0.9,18.0,198.7,23628.0,44696.0,24.0,24.48,72.6,29.782,15.408000000000001,201.6,19.2,1.78,
2026-04-03T18:34:14,04/03/202606:34,102.96,0.0,0.0,52.029999999999994,0.0,0.0,0.0,0.9,18.0,198.7,23628.0,44696.0,24.0,24.47,73.6,29.785000000000004,14.725,203.0,18.3,1.7,
2026-04-03T18:35:00,04/03/202606:35,105.0,0.0,0.0,52.029999999999994,0.0,0.0,0.0,0.9,18.0,198.7,23628.0,44696.0,24.0,24.46,74.6,29.788,14.042000000000002,204.4,17.4,1.6199999999999999,
2026-04-03T18:35:14,04/03/202606:35,105.82000000000001,0.0,0.0,52.029999999999994,0.0,0.0,0.0,0.9,18.0,198.7,23628.0,44696.0,24.0,24.419999999999998,75.6,29.791000000000004,13.359,205.8,17.8,1.54,
2026-04-03T18:36:00,04/03/202606:36,106.64000000000001,0.0,0.0,52.029999999999994,0.0,0.0,0.0,0.9,18.0,198.7,23628.0,44696.0,24.0,24.380000000000003,76.6,29.794,12.676,207.2,18.2,1.4600000000000002,
2026-04-03T18:36:14,04/03/202606:36,109.89000000000001,0.0,0.0,52.02,0.0,0.0,0.0,0.9,18.0,198.7,23628.0,44696.0,24.0,24.34,77.6,29.797000000000004,11.993,208.6,18.6,1.3800000000000001,
2026-04-03T18:37:00,04/03/202606:37,113.14000000000001,0.0,0.0,52.010000000000005,0.0,0.0,0.0,0.9,18.0,198.7,23628.0,44696.0,24.0,24.3,78.6,29.8,11.31,210.0,19.0,1.3,
2026-04-03T18:37:14,04/03/202606:37,114.00999999999999,0.0,0.0,52.010000000000005,0.0,0.0,0.0,0.9,18.0,198.7,23628.0,44696.0,24.0,24.3,78.8,29.8,11.31,210.0,19.0,1.3,
2026-04-03T18:38:00,04/03/202606:38,116.62,0.0,0.0,52.0,0.0,0.0,0.0,0.9,18.0,198.7,23628.0,44696.0,24.0,24.3,79.0,29.8,11.31,210.0,19.0,1.3,
2026-04-03T18:38:14,04/03/202606:38,117.21,0.0,0.0,52.0,0.0,0.0,0.0,0.9,18.0,198.7,23628.0,44696.0,24.0,24.3,79.0,29.8,11.31,210.0,19.0,1.3,
2026-04-03T18:39:00,04/03/202606:39,117.8,0.0,0.0,52.0,0.0,0.0,0.0,0.9,18.0,198.7,23628.0,44696.0,24.0,24.3,79.0,29.8,11.31,210.0,19.0,1.3,
2026-04-03T18:39:15,04/03/202606:39,118.71,0.0,0.0,52.0,0.0,0.0,0.0,0.9,18.0,198.7,23628.0,44696.0,24.0,24.3,79.0,29.8,11.31,210.0,19.0,1.3,
2026-04-03T18:40:00,04/03/202606:40,119.62,0.0,0.0,52.0,0.0,0.0,0.0,0.9,18.0,198.7,23628.0,44696.0,24.0,24.3,79.0,29.8,11.31,210.0,19.0,1.3,
2026-04-03T18:40:14,04/03/202606:40,119.42999999999999,0.0,0.0,52.0,0.0,0.0,0.0,0.9,18.0,198.7,23628.0,44696.0,24.0,24.3,79.0,29.8,11.31,210.0,19.0,1.3,
2026-04-03T18:41:00,04/03/202606:41,119.24000000000001,0.0,0.0,52.0,0.0,0.0,0.0,0.9,18.0,198.7,23628.0,44696.0,24.0,24.3,79.0,29.8,11.31,210.0,19.0,1.3,
2026-04-03T18:41:14,04/03/202606:41,119.37,0.0,0.0,52.0,0.0,0.0,0.0,0.9,18.0,198.7,23628.0,44696.0,24.0,24.3,79.0,29.8,11.31,210.0,19.0,1.3,
2026-04-03T18:42:01,04/03/202606:42,119.5,0.0,0.0,52.0,0.0,0.0,0.0,0.9,18.0,198.7,23628.0,44696.0,24.0,24.3,79.0,29.8,11.31,210.0,19.0,1.3,
2026-04-03T18:42:15,04/03/202606:42,119.85,0.0,0.0,52.0,0.0,0.0,0.0,0.9,18.0,198.7,23628.0,44696.0,24.0,24.3,79.0,29.8,11.31,210.0,19.0,1.3,
2026-04-03T18:44:14,04/03/202606:44,120.05,0.0,0.0,51.989999999999995,0.0,0.0,0.0,0.9,18.0,198.7,23628.0,44696.0,24.0,24.3,79.0,29.8,11.31,210.0,19.0,1.3,
2026-04-03T18:45:00,04/03/202606:45,120.29,0.0,0.0,51.98,0.0,0.0,0.0,0.9,18.0,198.7,23628.0,44696.0,24.0,24.3,79.0,29.8,11.31,210.0,19.0,1.3,
2026-04-03T18:45:14,04/03/202606:45,120.28,0.0,0.0,51.98,0.0,0.0,0.0,0.9,18.0,198.7,23628.0,44696.0,24.0,24.3,79.0,29.8,11.31,210.0,19.0,1.3,
2026-04-03T18:46:01,04/03/202606:46,120.52000000000001,0.0,0.0,51.98,0.0,0.0,0.0,0.9,18.0,198.7,23628.0,44696.0,24.0,24.3,79.0,29.8,11.31,210.0,19.0,1.3,
2026-04-03T18:46:14,04/03/202606:46,120.89000000000001,0.0,0.0,51.970000000000006,0.0,0.0,0.0,0.9,18.0,198.7,23628.0,44696.0,24.0,24.270000000000003,79.9,29.8,11.596,214.4,20.2,1.23,
2026-04-03T18:47:01,04/03/202606:47,121.30999999999999,0.0,0.0,51.96,0.0,0.0,0.0,0.9,18.0,198.7,23628.0,44696.0,24.0,24.240000000000002,80.8,29.8,11.882000000000001,218.8,21.4,1.16,
2026-04-03T18:47:14,04/03/202606:47,120.52000000000001,0.0,0.0,51.96,0.0,0.0,0.0,0.9,18.0,198.7,23628.0,44696.0,24.0,24.21,81.7,29.8,12.168000000000001,223.2,22.6,1.09,
2026-04-03T18:48:01,04/03/202606:48,119.32000000000001,0.0,0.0,51.96,0.0,0.0,0.0,0.9,18.0,198.7,23628.0,44696.0,24.0,24.18,82.6,29.8,12.454,227.6,23.8,1.02,
2026-04-03T18:48:15,04/03/202606:48,119.29,0.0,0.0,51.96,0.0,0.0,0.0,0.9,18.0,198.7,23628.0,44696.0,24.0,24.15,83.5,29.8,12.74,232.0,25.0,0.95,
2026-04-03T18:49:00,04/03/202606:49,118.97999999999999,0.0,0.0,51.96,0.0,0.0,0.0,0.9,18.0,198.7,23628.0,44696.0,24.0,24.119999999999997,84.4,29.8,13.026,236.4,26.2,0.8800000000000001,
2026-04-03T18:50:07,04/03/202606:50,119.13,0.0,0.0,51.970000000000006,0.0,0.0,0.0,0.9,18.0,198.7,23628.0,44696.0,24.0,24.09,85.3,29.8,13.312000000000001,240.8,27.4,0.8099999999999999,
2026-04-03T18:51:01,04/03/202606:51,119.28,0.0,0.0,51.98,0.0,0.0,0.0,0.9,18.0,198.7,23628.0,44696.0,24.0,24.06,86.2,29.8,13.597999999999999,245.2,28.6,0.74,
2026-04-03T18:51:08,04/03/202606:51,119.80999999999999,0.0,0.0,51.98,0.0,0.0,0.0,0.9,18.0,198.7,23628.0,44696.0,24.0,24.03,87.1,29.8,13.884,249.6,29.8,0.67,
2026-04-03T18:52:01,04/03/202606:52,120.34,0.0,0.0,51.98,0.0,0.0,0.0,0.9,18.0,198.7,23628.0,44696.0,24.0,24.0,88.0,29.8,14.169999999999998,254.0,31.0,0.6,
2026-04-03T18:52:08,04/03/202606:52,120.85999999999999,0.0,0.0,51.989999999999995,0.0,0.0,0.0,0.9,18.0,198.7,23628.0,44696.0,24.0,24.0,88.0,29.8,14.169999999999998,254.0,31.0,0.6,
2026-04-03T18:53:00,04/03/202606:53,121.38,0.0,0.0,52.0,0.0,0.0,0.0,0.9,18.0,198.7,23628.0,44696.0,24.0,24.0,88.0,29.8,14.169999999999998,254.0,31.0,0.6,
2026-04-03T18:53:07,04/03/202606:53,123.22999999999999,0.0,0.0,52.0,0.0,0.0,0.0,0.9,18.0,198.7,23628.0,44696.0,24.0,24.0,88.0,29.8,14.169999999999998,254.0,31.0,0.6,
2026-04-03T18:54:01,04/03/202606:54,125.08,0.0,0.0,52.0,0.0,0.0,0.0,0.9,18.0,198.7,23628.0,44696.0,24.0,24.0,88.0,29.8,14.169999999999998,254.0,31.0,0.6,
2026-04-03T18:54:07,04/03/202606:54,124.62,0.0,0.0,52.0,0.0,0.0,0.0,0.9,18.0,198.7,23628.0,44696.0,24.0,24.0,88.0,29.8,14.169999999999998,254.0,31.0,0.6,
2026-04-03T18:55:25,04/03/202606:55,125.1,0.0,0.0,52.0,0.0,0.0,0.0,0.9,18.0,198.7,23628.0,44696.0,24.0,24.0,88.0,29.8,14.169999999999998,254.0,31.0,0.6,
2026-04-03T18:56:01,04/03/202606:56,125.27000000000001,0.0,0.0,52.0,0.0,0.0,0.0,0.9,18.0,198.7,23628.0,44696.0,24.0,24.0,88.0,29.8,14.169999999999998,254.0,31.0,0.6,
2026-04-03T18:56:07,04/03/202606:56,123.52000000000001,0.0,0.0,51.989999999999995,0.0,0.0,0.0,0.9,18.0,198.7,23628.0,44696.0,24.0,24.0,88.0,29.8,14.169999999999998,254.0,31.0,0.6,
2026-04-03T18:57:01,04/03/202606:57,121.64000000000001,0.0,0.0,51.98,0.0,0.0,0.0,0.9,18.0,198.7,23628.0,44696.0,24.0,24.0,88.0,29.8,14.169999999999998,254.0,31.0,0.6,
2026-04-03T18:57:08,04/03/202606:57,121.19000000000001,0.0,0.0,51.970000000000006,0.0,0.0,0.0,0.9,18.0,198.7,23628.0,44696.0,24.0,24.0,88.0,29.8,14.169999999999998,254.0,31.0,0.6,
2026-04-03T18:58:01,04/03/202606:58,120.62,0.0,0.0,51.96,0.0,0.0,0.0,0.9,18.0,198.7,23628.0,44696.0,24.0,24.0,88.0,29.8,14.169999999999998,254.0,31.0,0.6,
2026-04-03T18:58:07,04/03/202606:58,119.67999999999999,0.0,0.0,51.96,0.0,0.0,0.0,0.9,18.0,198.7,23628.0,44696.0,24.0,24.0,88.0,29.8,14.169999999999998,254.0,31.0,0.6,
2026-04-03T18:59:01,04/03/202606:59,118.62,0.0,0.0,51.96,0.0,0.0,0.0,0.9,18.0,198.7,23628.0,44696.0,24.0,24.0,88.0,29.8,14.169999999999998,254.0,31.0,0.6,
2026-04-03T18:59:07,04/03/202606:59,117.92999999999999,0.0,0.0,51.95,0.0,0.0,0.0,0.9,18.0,198.7,23628.0,44696.0,24.0,24.0,88.0,29.8,14.169999999999998,254.0,31.0,0.6,
2026-04-03T18:59:13,04/03/202606:59,116.45,0.0,0.0,51.94,0.0,0.0,0.0,0.9,18.0,198.7,23628.0,44696.0,24.0,24.0,88.0,29.8,14.169999999999998,254.0,31.0,0.6,
2026-04-03T19:00:01,04/03/202607:00,114.03,0.0,0.0,51.92999999999999,0.0,0.0,0.0,0.9,18.0,198.7,23628.0,44696.0,24.0,24.0,88.0,29.8,14.169999999999998,254.0,31.0,0.6,
2026-04-03T19:00:14,04/03/202607:00,113.65,0.0,0.0,51.92,0.0,0.0,0.0,0.9,18.0,198.7,23628.0,44696.0,24.0,24.0,88.0,29.8,14.169999999999998,254.0,31.0,0.6,
2026-04-03T19:01:01,04/03/202607:01,115.19000000000001,0.0,0.0,51.92,0.0,0.0,0.0,0.9,18.0,198.7,23628.0,44696.0,24.0,24.0,88.0,29.8,14.169999999999998,254.0,31.0,0.6,
2026-04-03T19:01:14,04/03/202607:01,116.63,0.0,0.0,51.92,0.0,0.0,0.0,0.9,18.0,198.7,23628.0,44696.0,24.0,23.52,88.7,29.802,13.847,258.4,28.0,0.55,
2026-04-03T19:02:01,04/03/202607:02,116.64000000000001,0.0,0.0,51.92,0.0,0.0,0.0,0.9,18.0,198.7,23628.0,44696.0,24.0,23.04,89.4,29.804000000000002,13.524000000000001,262.8,25.0,0.5,
2026-04-03T19:02:14,04/03/202607:02,117.03,0.0,0.0,51.92999999999999,0.0,0.0,0.0,0.9,18.0,198.7,23628.0,44696.0,24.0,22.56,90.1,29.806,13.200999999999999,267.2,22.0,0.45,
2026-04-03T19:03:01,04/03/202607:03,117.79,0.0,0.0,51.92999999999999,0.0,0.0,0.0,0.9,18.0,198.7,23628.0,44696.0,24.0,22.080000000000002,90.8,29.808,12.878,271.6,19.0,0.4,
2026-04-03T19:03:13,04/03/202607:03,118.44000000000001,0.0,0.0,51.92,0.0,0.0,0.0,0.9,18.0,198.7,23628.0,44696.0,24.0,21.6,91.5,29.810000000000002,12.555,276.0,16.0,0.35,
2026-04-03T19:04:01,04/03/202607:04,118.72,0.0,0.0,51.92,0.0,0.0,0.0,0.9,18.0,198.7,23628.0,44696.0,24.0,21.119999999999997,92.2,29.812,12.232,280.4,13.0,0.3,
2026-04-03T19:04:13,04/03/202607:04,121.0,0.0,0.0,51.92,0.0,0.0,0.0,0.9,18.0,198.7,23628.0,44696.0,24.0,20.64,92.9,29.814,11.909,284.8,10.0,0.25,
2026-04-03T19:05:01,04/03/202607:05,123.28,0.0,0.0,51.92,0.0,0.0,0.0,0.9,18.0,198.7,23628.0,44696.0,24.0,20.16,93.6,29.816000000000003,11.586,289.2,7.0,0.2,
2026-04-03T19:05:13,04/03/202607:05,123.63,0.0,0.0,51.92,0.0,0.0,0.0,0.9,18.0,198.7,23628.0,44696.0,24.0,19.68,94.3,29.818,11.263,293.6,4.0,0.15,
2026-04-03T19:06:38,04/03/202607:06,124.05999999999999,0.0,0.0,51.92,0.0,0.0,0.0,0.9,18.0,198.7,23628.0,44696.0,24.0,19.2,95.0,29.82,10.94,298.0,1.0,0.1,
2026-04-03T19:07:00,04/03/202607:07,124.59,0.0,0.0,51.92,0.0,0.0,0.0,0.9,18.0,198.7,23628.0,44696.0,24.0,19.2,95.0,29.82,10.94,298.0,1.0,0.1,
2026-04-03T19:07:13,04/03/202607:07,124.92999999999999,0.0,0.0,51.92999999999999,0.0,0.0,0.0,0.9,18.0,198.7,23628.0,44696.0,24.0,19.2,95.0,29.82,10.94,298.0,1.0,0.1,
2026-04-03T19:08:01,04/03/202607:08,124.89000000000001,0.0,0.0,51.92999999999999,0.0,0.0,0.0,0.9,18.0,198.7,23628.0,44696.0,24.0,19.2,95.0,29.82,10.94,298.0,1.0,0.1,
2026-04-03T19:08:14,04/03/202607:08,124.82000000000001,0.0,0.0,51.92,0.0,0.0,0.0,0.9,18.0,198.7,23628.0,44696.0,24.0,19.2,95.0,29.82,10.94,298.0,1.0,0.1,
2026-04-03T19:09:01,04/03/202607:09,124.85999999999999,0.0,0.0,51.92,0.0,0.0,0.0,0.9,18.0,198.7,23628.0,44696.0,24.0,19.2,95.0,29.82,10.94,298.0,1.0,0.1,
2026-04-03T19:10:11,04/03/202607:10,125.24000000000001,0.0,0.0,51.92,0.0,0.0,0.0,0.9,18.0,198.7,23628.0,44696.0,24.0,19.2,95.0,29.82,10.94,298.0,1.0,0.1,
2026-04-03T19:10:55,04/03/202607:10,125.58,0.0,0.0,51.92,0.0,0.0,0.0,0.9,18.0,198.7,23628.0,44696.0,24.0,19.2,95.0,29.82,10.94,298.0,1.0,0.1,
2026-04-03T19:11:00,04/03/202607:11,125.92,0.0,0.0,51.92,0.0,0.0,0.0,0.9,18.0,198.7,23628.0,44696.0,24.0,19.2,95.0,29.82,10.94,298.0,1.0,0.1,
2026-04-03T19:11:55,04/03/202607:11,125.97,0.0,0.0,51.92,0.0,0.0,0.0,0.9,18.0,198.7,23628.0,44696.0,24.0,19.2,95.0,29.82,10.94,298.0,1.0,0.1,
2026-04-03T19:12:00,04/03/202607:12,125.94000000000001,0.0,0.0,51.92,0.0,0.0,0.0,0.9,18.0,198.7,23628.0,44696.0,24.0,19.2,95.0,29.82,10.94,298.0,1.0,0.1,
2026-04-03T19:12:56,04/03/202607:12,125.75,0.0,0.0,51.92999999999999,0.0,0.0,0.0,0.9,18.0,198.7,23628.0,44696.0,24.0,19.2,95.0,29.82,10.94,298.0,1.0,0.1,
2026-04-03T19:13:01,04/03/202607:13,125.75,0.0,0.0,51.92999999999999,0.0,0.0,0.0,0.9,18.0,198.7,23628.0,44696.0,24.0,19.2,95.0,29.82,10.94,298.0,1.0,0.1,
2026-04-03T19:13:56,04/03/202607:13,125.46,0.0,0.0,51.92,0.0,0.0,0.0,0.9,18.0,198.7,23628.0,44696.0,24.0,19.2,95.0,29.82,10.94,298.0,1.0,0.1,
2026-04-03T19:14:01,04/03/202607:14,125.2,0.0,0.0,51.92,0.0,0.0,0.0,0.9,18.0,198.7,23628.0,44696.0,24.0,19.2,95.0,29.82,10.94,298.0,1.0,0.1,
2026-04-03T19:14:55,04/03/202607:14,124.9,0.0,0.0,51.92,0.0,0.0,0.0,0.9,18.0,198.7,23628.0,44696.0,23.9,19.2,95.0,29.82,10.94,298.0,1.0,0.1,
2026-04-03T19:15:00,04/03/202607:15,124.25999999999999,0.0,0.0,51.92,0.0,0.0,0.0,0.9,18.0,198.7,23628.0,44696.0,23.9,19.2,95.0,29.82,10.94,298.0,1.0,0.1,
2026-04-03T19:15:56,04/03/202607:15,123.50999999999999,0.0,0.0,51.92,0.0,0.0,0.0,0.9,18.0,198.7,23628.0,44696.0,23.9,19.21,95.2,29.82,10.678999999999998,298.3,2.2,0.09,
2026-04-03T19:16:01,04/03/202607:16,122.75999999999999,0.0,0.0,51.92,0.0,0.0,0.0,0.9,18.0,198.7,23628.0,44696.0,23.9,19.22,95.4,29.82,10.418,298.6,3.4,0.08,
2026-04-03T19:18:33,04/03/202607:18,122.45,0.0,0.0,51.92,0.0,0.0,0.0,0.9,18.0,198.7,23628.0,44696.0,24.0,19.23,95.6,29.82,10.157,298.9,4.6,0.07,
2026-04-03T19:19:01,04/03/202607:19,122.14000000000001,0.0,0.0,51.92,0.0,0.0,0.0,0.9,18.0,198.7,23628.0,44696.0,24.0,19.240000000000002,95.8,29.82,9.895999999999999,299.2,5.8,0.06000000000000001,
2026-04-03T19:19:10,04/03/202607:19,120.97999999999999,0.0,0.0,51.92,0.0,0.0,0.0,0.9,18.0,198.7,23628.0,44696.0,24.0,19.25,96.0,29.82,9.635,299.5,7.0,0.05,
2026-04-03T19:20:01,04/03/202607:20,119.82000000000001,0.0,0.0,51.92,0.0,0.0,0.0,0.9,18.0,198.7,23628.0,44696.0,24.0,19.259999999999998,96.2,29.82,9.373999999999999,299.8,8.2,0.04,
2026-04-03T19:20:10,04/03/202607:20,119.85,0.0,0.0,51.92,0.0,0.0,0.0,0.9,18.0,198.7,23628.0,44696.0,23.9,19.27,96.4,29.82,9.113,300.1,9.4,0.030000000000000006,
2026-04-03T19:21:01,04/03/202607:21,119.88,0.0,0.0,51.92,0.0,0.0,0.0,0.9,18.0,198.7,23628.0,44696.0,23.9,19.28,96.6,29.82,8.852,300.4,10.6,0.02,
2026-04-03T19:21:10,04/03/202607:21,118.76000000000002,0.0,0.0,51.92,0.0,0.0,0.0,0.9,18.0,198.7,23628.0,44696.0,23.9,19.29,96.8,29.82,8.591,300.7,11.8,0.01,
2026-04-03T19:21:47,04/03/202607:21,118.64000000000001,0.0,0.0,51.92999999999999,0.0,0.0,0.0,0.9,18.0,198.7,23628.0,44696.0,24.0,19.3,97.0,29.82,8.33,301.0,13.0,0.0,
2026-04-03T19:22:00,04/03/202607:22,118.6,0.0,0.0,51.94,0.0,0.0,0.0,0.9,18.0,198.7,23628.0,44696.0,24.0,19.3,97.0,29.82,8.33,301.0,13.0,0.0,
2026-04-03T19:22:47,04/03/202607:22,116.99000000000001,0.0,0.0,51.94,0.0,0.0,0.0,0.9,18.0,198.7,23628.0,44696.0,23.9,19.3,97.0,29.82,8.33,301.0,13.0,0.0,
2026-04-03T19:23:00,04/03/202607:23,115.12,0.0,0.0,51.94,0.0,0.0,0.0,0.9,18.0,198.7,23628.0,44696.0,23.9,19.3,97.0,29.82,8.33,301.0,13.0,0.0,
2026-04-03T19:23:47,04/03/202607:23,115.05999999999999,0.0,0.0,51.94,0.0,0.0,0.0,0.9,18.0,198.7,23628.0,44696.0,24.0,19.3,97.0,29.82,8.33,301.0,13.0,0.0,
2026-04-03T19:24:00,04/03/202607:24,116.00999999999999,0.0,0.0,51.92999999999999,0.0,0.0,0.0,0.9,18.0,198.7,23628.0,44696.0,24.0,19.3,97.0,29.82,8.33,301.0,13.0,0.0,
2026-04-03T19:24:47,04/03/202607:24,115.53,0.0,0.0,51.92,0.0,0.0,0.0,0.9,18.0,198.7,23628.0,44696.0,24.0,19.3,97.0,29.82,8.33,301.0,13.0,0.0,
2026-04-03T19:25:00,04/03/202607:25,114.15,0.0,0.0,51.92,0.0,0.0,0.0,0.9,18.0,198.7,23628.0,44696.0,24.0,19.3,97.0,29.82,8.33,301.0,13.0,0.0,
2026-04-03T19:25:47,04/03/202607:25,114.41,0.0,0.0,51.92,0.0,0.0,0.0,0.9,18.0,198.7,23628.0,44696.0,24.0,19.3,97.0,29.82,8.33,301.0,13.0,0.0,
2026-04-03T19:26:01,04/03/202607:26,115.85999999999999,0.0,0.0,51.92,0.0,0.0,0.0,0.9,18.0,198.7,23628.0,44696.0,24.0,19.3,97.0,29.82,8.33,301.0,13.0,0.0,
2026-04-03T19:26:47,04/03/202607:26,116.10999999999999,0.0,0.0,51.910000000000004,0.0,0.0,0.0,0.9,18.0,198.7,23628.0,44696.0,24.0,19.3,97.0,29.82,8.33,301.0,13.0,0.0,
2026-04-03T19:27:01,04/03/202607:27,116.35999999999999,0.0,0.0,51.9,0.0,0.0,0.0,0.9,18.0,198.7,23628.0,44696.0,24.0,19.3,97.0,29.82,8.33,301.0,13.0,0.0,
2026-04-03T19:29:00,04/03/202607:28,118.33,0.0,0.0,51.910000000000004,0.0,0.0,0.0,0.9,18.0,198.7,23628.0,44696.0,24.0,19.3,97.0,29.82,8.33,301.0,13.0,0.0,
2026-04-03T19:29:01,04/03/202607:29,120.3,0.0,0.0,51.92,0.0,0.0,0.0,0.9,18.0,198.7,23628.0,44696.0,24.0,19.3,97.0,29.82,8.33,301.0,13.0,0.0,
2026-04-03T19:29:34,04/03/202607:29,120.52000000000001,0.0,0.0,51.92,0.0,0.0,0.0,0.9,18.0,198.7,23628.0,44696.0,24.0,19.3,97.0,29.82,8.33,301.0,13.0,0.0,
2026-04-03T19:30:01,04/03/202607:30,120.74000000000001,0.0,0.0,51.92,0.0,0.0,0.0,0.9,18.0,198.7,23628.0,44696.0,24.0,19.3,97.0,29.82,8.33,301.0,13.0,0.0,
2026-04-03T19:30:35,04/03/202607:30,121.99000000000001,0.0,0.0,51.92999999999999,0.0,0.0,0.0,0.9,18.0,198.7,23628.0,44696.0,24.0,19.240000000000002,97.0,29.82,8.162,301.9,11.7,0.0,
2026-04-03T19:31:01,04/03/202607:31,123.24000000000001,0.0,0.0,51.94,0.0,0.0,0.0,0.9,18.0,198.7,23628.0,44696.0,24.0,19.18,97.0,29.82,7.994,302.8,10.4,0.0,
2026-04-03T19:31:34,04/03/202607:31,123.44000000000001,0.0,0.0,51.94,0.0,0.0,0.0,0.9,18.0,198.7,23628.0,44696.0,23.9,19.130000000000003,96.8,29.82,8.006,306.5,9.2,0.0,
2026-04-03T19:32:01,04/03/202607:32,123.64000000000001,0.0,0.0,51.94,0.0,0.0,0.0,0.9,18.0,198.7,23628.0,44696.0,23.9,19.080000000000002,96.6,29.82,8.018,310.2,8.0,0.0,
2026-04-03T19:32:35,04/03/202607:32,124.15,0.0,0.0,51.94,0.0,0.0,0.0,0.9,18.0,198.7,23628.0,44696.0,24.0,19.03,96.4,29.82,8.03,313.9,6.8,0.0,
2026-04-03T19:33:00,04/03/202607:33,124.66,0.0,0.0,51.94,0.0,0.0,0.0,0.9,18.0,198.7,23628.0,44696.0,24.0,18.98,96.2,29.82,8.042,317.6,5.6,0.0,
2026-04-03T19:33:35,04/03/202607:33,125.15,0.0,0.0,51.92999999999999,0.0,0.0,0.0,0.9,18.0,198.7,23628.0,44696.0,24.0,18.93,96.0,29.82,8.053999999999998,321.3,4.4,0.0,
2026-04-03T19:34:01,04/03/202607:34,125.64000000000001,0.0,0.0,51.92,0.0,0.0,0.0,0.9,18.0,198.7,23628.0,44696.0,24.0,18.880000000000003,95.8,29.82,8.065999999999999,325.0,3.2,0.0,
2026-04-03T19:34:34,04/03/202607:34,126.17,0.0,0.0,51.92,0.0,0.0,0.0,0.9,18.0,198.7,23628.0,44696.0,24.0,18.830000000000002,95.6,29.82,8.078,328.7,2.0,0.0,
2026-04-03T19:35:01,04/03/202607:35,126.7,0.0,0.0,51.92,0.0,0.0,0.0,0.9,18.0,198.7,23628.0,44696.0,24.0,18.78,95.4,29.82,8.09,332.4,0.8,0.0,
2026-04-03T19:35:35,04/03/202607:35,127.71,0.0,0.0,51.910000000000004,0.0,0.0,0.0,0.9,18.0,198.7,23628.0,44696.0,24.0,18.79,95.2,29.82,8.27,335.2,0.9,0.0,
2026-04-03T19:36:01,04/03/202607:36,128.72,0.0,0.0,51.9,0.0,0.0,0.0,0.9,18.0,198.7,23628.0,44696.0,24.0,18.8,95.0,29.82,8.45,338.0,1.0,0.0,
2026-04-03T19:36:35,04/03/202607:36,129.20999999999998,0.0,0.0,51.9,0.0,0.0,0.0,0.9,18.0,198.7,23628.0,44696.0,23.9,18.8,94.4,29.82,8.45,338.0,1.0,0.0,
2026-04-03T19:37:01,04/03/202607:37,129.7,0.0,0.0,51.9,0.0,0.0,0.0,0.9,18.0,198.7,23628.0,44696.0,23.9,18.8,93.8,29.82,8.45,338.0,1.0,0.0,
2026-04-03T19:37:35,04/03/202607:37,130.18,0.0,0.0,51.9,0.0,0.0,0.0,0.9,18.0,198.7,23628.0,44696.0,23.9,18.8,93.2,29.82,8.45,338.0,1.0,0.0,
2026-04-03T19:38:00,04/03/202607:38,130.66,0.0,0.0,51.9,0.0,0.0,0.0,0.9,18.0,198.7,23628.0,44696.0,23.9,18.8,92.6,29.82,8.45,338.0,1.0,0.0,
2026-04-03T19:38:35,04/03/202607:38,131.10999999999999,0.0,0.0,51.910000000000004,0.0,0.0,0.0,0.9,18.0,198.7,23628.0,44696.0,24.0,18.8,92.0,29.82,8.45,338.0,1.0,0.0,
2026-04-03T19:40:12,04/03/202607:40,131.53,0.0,0.0,51.92,0.0,0.0,0.0,0.9,18.0,198.7,23628.0,44696.0,24.0,18.8,91.4,29.82,8.45,338.0,1.0,0.0,
2026-04-03T19:40:34,04/03/202607:40,131.7,0.0,0.0,51.92999999999999,0.0,0.0,0.0,0.9,18.0,198.7,23628.0,44696.0,24.0,18.8,90.8,29.82,8.45,338.0,1.0,0.0,
2026-04-03T19:41:00,04/03/202607:41,131.87,0.0,0.0,51.94,0.0,0.0,0.0,0.9,18.0,198.7,23628.0,44696.0,24.0,18.8,90.2,29.82,8.45,338.0,1.0,0.0,
2026-04-03T19:41:35,04/03/202607:41,131.75,0.0,0.0,51.95,0.0,0.0,0.0,0.9,18.0,198.7,23628.0,44696.0,23.9,18.8,89.6,29.82,8.45,338.0,1.0,0.0,
2026-04-03T19:41:47,04/03/202607:41,131.6,0.0,0.0,51.96,0.0,0.0,0.0,0.9,18.0,198.7,23628.0,44696.0,23.9,18.8,89.0,29.82,8.45,338.0,1.0,0.0,
2026-04-03T19:42:00,04/03/202607:42,131.38,0.0,0.0,51.970000000000006,0.0,0.0,0.0,0.9,18.0,198.7,23628.0,44696.0,23.9,18.8,89.0,29.82,8.45,338.0,1.0,0.0,
2026-04-03T19:42:47,04/03/202607:42,130.95999999999998,0.0,0.0,51.98,0.0,0.0,0.0,0.9,18.0,198.7,23628.0,44696.0,24.0,18.8,89.0,29.82,8.45,338.0,1.0,0.0,
2026-04-03T19:43:00,04/03/202607:43,130.44,0.0,0.0,51.989999999999995,0.0,0.0,0.0,0.9,18.0,198.7,23628.0,44696.0,24.0,18.8,89.0,29.82,8.45,338.0,1.0,0.0,
2026-04-03T19:43:47,04/03/202607:43,129.79000000000002,0.0,0.0,51.989999999999995,0.0,0.0,0.0,0.9,18.0,198.7,23628.0,44696.0,24.0,18.8,89.0,29.82,8.45,338.0,1.0,0.0,
2026-04-03T19:44:00,04/03/202607:44,129.04000000000002,0.0,0.0,51.98,0.0,0.0,0.0,0.9,18.0,198.7,23628.0,44696.0,24.0,18.8,89.0,29.82,8.45,338.0,1.0,0.0,
2026-04-03T19:44:47,04/03/202607:44,128.20999999999998,0.0,0.0,51.970000000000006,0.0,0.0,0.0,0.9,18.0,198.7,23628.0,44696.0,24.0,18.8,89.0,29.82,8.45,338.0,1.0,0.0,
2026-04-03T19:45:00,04/03/202607:45,127.53,0.0,0.0,51.96,0.0,0.0,0.0,0.9,18.0,198.7,23628.0,44696.0,24.0,18.8,89.0,29.82,8.45,338.0,1.0,0.0,
2026-04-03T19:45:47,04/03/202607:45,126.82000000000001,0.0,0.0,51.95,0.0,0.0,0.0,0.9,18.0,198.7,23628.0,44696.0,23.9,18.8,89.0,29.82,8.45,338.0,1.0,0.0,
2026-04-03T19:46:00,04/03/202607:46,126.32000000000001,0.0,0.0,51.94,0.0,0.0,0.0,0.9,18.0,198.7,23628.0,44696.0,23.9,18.8,89.0,29.82,8.45,338.0,1.0,0.0,
2026-04-03T19:47:00,04/03/202607:47,125.85,0.0,0.0,51.92999999999999,0.0,0.0,0.0,0.9,18.0,198.7,23628.0,44696.0,24.0,18.770000000000003,89.0,29.82,8.822999999999999,336.1,1.0,0.0,
2026-04-03T19:48:00,04/03/202607:48,125.38,0.0,0.0,51.92,0.0,0.0,0.0,0.9,18.0,198.7,23628.0,44696.0,23.9,18.740000000000002,89.0,29.82,9.196,334.2,1.0,0.0,
2026-04-03T19:48:46,04/03/202607:48,125.07000000000001,0.0,0.0,51.910000000000004,0.0,0.0,0.0,0.9,18.0,198.7,23628.0,44696.0,24.0,18.71,89.0,29.82,9.568999999999999,332.3,1.0,0.0,
2026-04-03T19:49:01,04/03/202607:49,124.75999999999999,0.0,0.0,51.9,0.0,0.0,0.0,0.9,18.0,198.7,23628.0,44696.0,24.0,18.68,89.0,29.82,9.941999999999998,330.4,1.0,0.0,
2026-04-03T19:49:34,04/03/202607:49,124.55999999999999,0.0,0.0,51.9,0.0,0.0,0.0,0.9,18.0,198.7,23628.0,44696.0,24.0,18.65,89.0,29.82,10.315,328.5,1.0,0.0,
2026-04-03T19:50:00,04/03/202607:50,124.35999999999999,0.0,0.0,51.9,0.0,0.0,0.0,0.9,18.0,198.7,23628.0,44696.0,24.0,18.619999999999997,89.0,29.82,10.687999999999999,326.6,1.0,0.0,
2026-04-03T19:51:24,04/03/202607:51,124.16,0.0,0.0,51.9,0.0,0.0,0.0,0.9,18.0,198.7,23628.0,44696.0,24.0,18.59,89.0,29.82,11.061,324.7,1.0,0.0,
2026-04-03T19:52:01,04/03/202607:52,123.96,0.0,0.0,51.9,0.0,0.0,0.0,0.9,18.0,198.7,23628.0,44696.0,24.0,18.56,89.0,29.82,11.434000000000001,322.8,1.0,0.0,
2026-04-03T19:52:34,04/03/202607:52,123.59,0.0,0.0,51.9,0.0,0.0,0.0,0.9,18.0,198.7,23628.0,44696.0,23.9,18.53,89.0,29.82,11.806999999999999,320.9,1.0,0.0,
2026-04-03T19:53:00,04/03/202607:53,123.22,0.0,0.0,51.9,0.0,0.0,0.0,0.9,18.0,198.7,23628.0,44696.0,23.9,18.5,89.0,29.82,12.18,319.0,1.0,0.0,
2026-04-03T19:53:33,04/03/202607:53,122.69000000000001,0.0,0.0,51.9,0.0,0.0,0.0,0.9,18.0,198.7,23628.0,44696.0,23.9,18.5,89.0,29.82,12.18,319.0,1.0,0.0,
2026-04-03T19:54:01,04/03/202607:54,122.16,0.0,0.0,51.9,0.0,0.0,0.0,0.9,18.0,198.7,23628.0,44696.0,23.9,18.5,89.0,29.82,12.18,319.0,1.0,0.0,
2026-04-03T19:54:34,04/03/202607:54,119.37,0.0,0.0,51.9,0.0,0.0,0.0,0.9,18.0,198.7,23628.0,44696.0,23.9,18.5,89.0,29.82,12.18,319.0,1.0,0.0,
2026-04-03T19:55:00,04/03/202607:55,116.58,0.0,0.0,51.9,0.0,0.0,0.0,0.9,18.0,198.7,23628.0,44696.0,23.9,18.5,89.0,29.82,12.18,319.0,1.0,0.0,
2026-04-03T19:55:34,04/03/202607:55,109.49000000000001,0.0,0.0,51.9,0.0,0.0,0.0,0.9,18.0,198.7,23628.0,44696.0,23.9,18.5,89.0,29.82,12.18,319.0,1.0,0.0,
2026-04-03T19:56:01,04/03/202607:56,102.4,0.0,0.0,51.9,0.0,0.0,0.0,0.9,18.0,198.7,23628.0,44696.0,23.9,18.5,89.0,29.82,12.18,319.0,1.0,0.0,
2026-04-03T19:57:01,04/03/202607:57,95.42,0.0,0.0,51.9,0.0,0.0,0.0,0.9,18.0,198.7,23628.0,44696.0,24.0,18.5,89.0,29.82,12.18,319.0,1.0,0.0,
2026-04-03T19:58:01,04/03/202607:58,88.44,0.0,0.0,51.89,0.0,0.0,0.0,0.9,18.0,198.7,23628.0,44696.0,23.9,18.5,89.0,29.82,12.18,319.0,1.0,0.0,
2026-04-03T19:59:01,04/03/202607:59,81.66,0.0,0.0,51.89,0.0,0.0,0.0,0.9,18.0,198.7,23628.0,44696.0,23.9,18.5,89.0,29.82,12.18,319.0,1.0,0.0,
2026-04-03T19:59:33,04/03/202607:59,74.87,0.0,0.0,51.879999999999995,0.0,0.0,0.0,0.9,18.0,198.7,23628.0,44696.0,24.0,18.5,89.0,29.82,12.18,319.0,1.0,0.0,
2026-04-03T20:00:01,04/03/202608:00,68.24,0.0,0.0,51.86999999999999,0.0,0.0,0.0,0.9,18.0,198.7,23628.0,44696.0,24.0,18.5,89.0,29.82,12.18,319.0,1.0,0.0,
2026-04-03T20:00:33,04/03/202608:00,60.77,0.0,0.0,51.86999999999999,0.0,0.0,0.0,0.9,18.0,198.7,23628.0,44696.0,23.9,18.5,89.0,29.82,12.18,319.0,1.0,0.0,
2026-04-03T20:01:01,04/03/202608:01,55.6,0.0,0.0,51.86999999999999,0.0,0.0,0.0,0.9,18.0,198.7,23628.0,44696.0,23.9,18.5,89.0,29.82,12.18,319.0,1.0,0.0,
2026-04-03T20:02:36,04/03/202608:02,49.239999999999995,0.0,0.0,51.86,0.0,0.0,0.0,0.9,18.0,198.7,23628.0,44696.0,23.9,18.47,89.1,29.823,12.174,320.3,0.9,0.0,
2026-04-03T20:03:00,04/03/202608:03,47.2,0.0,0.0,51.85,0.0,0.0,0.0,0.9,18.0,198.7,23628.0,44696.0,23.9,18.44,89.2,29.826,12.168,321.6,0.8,0.0,
2026-04-03T20:03:21,04/03/202608:03,44.78,0.0,0.0,51.839999999999996,0.0,0.0,0.0,0.9,18.0,198.7,23628.0,44696.0,23.9,18.41,89.3,29.829,12.161999999999999,322.9,0.7,0.0,
2026-04-03T20:04:00,04/03/202608:04,42.36,0.0,0.0,51.83,0.0,0.0,0.0,0.9,18.0,198.7,23628.0,44696.0,23.9,18.380000000000003,89.4,29.832,12.156,324.2,0.6,0.0,
2026-04-03T20:04:21,04/03/202608:04,39.660000000000004,0.0,0.0,51.83,0.0,0.0,0.0,0.9,18.0,198.7,23628.0,44696.0,23.9,18.35,89.5,29.835,12.15,325.5,0.5,0.0,
2026-04-03T20:05:00,04/03/202608:05,36.96,0.0,0.0,51.81999999999999,0.0,0.0,0.0,0.9,18.0,198.7,23628.0,44696.0,23.9,18.32,89.6,29.838,12.144,326.8,0.4,0.0,
2026-04-03T20:05:21,04/03/202608:05,34.04,0.0,0.0,51.81999999999999,0.0,0.0,0.0,0.9,18.0,198.7,23628.0,44696.0,23.9,18.29,89.7,29.841,12.138,328.1,0.3,0.0,
2026-04-03T20:06:00,04/03/202608:06,31.119999999999997,0.0,0.0,51.81999999999999,0.0,0.0,0.0,0.9,18.0,198.7,23628.0,44696.0,23.9,18.259999999999998,89.8,29.844,12.132,329.4,0.2,0.0,
2026-04-03T20:06:21,04/03/202608:06,28.919999999999998,0.0,0.0,51.81,0.0,0.0,0.0,0.9,18.0,198.7,23628.0,44696.0,23.9,18.229999999999997,89.9,29.847,12.126,330.7,0.1,0.0,
2026-04-03T20:07:00,04/03/202608:07,26.72,0.0,0.0,51.8,0.0,0.0,0.0,0.9,18.0,198.7,23628.0,44696.0,23.9,18.2,90.0,29.85,12.12,332.0,0.0,0.0,
2026-04-03T20:07:22,04/03/202608:07,25.660000000000004,0.0,0.0,51.8,0.0,0.0,0.0,0.9,18.0,198.7,23628.0,44696.0,23.9,18.2,90.0,29.85,12.12,332.0,0.0,0.0,
2026-04-03T20:08:01,04/03/202608:08,24.6,0.0,0.0,51.8,0.0,0.0,0.0,0.9,18.0,198.7,23628.0,44696.0,23.9,18.2,90.0,29.85,12.12,332.0,0.0,0.0,
2026-04-03T20:08:22,04/03/202608:08,23.89,0.0,0.0,51.81,0.0,0.0,0.0,0.9,18.0,198.7,23628.0,44696.0,24.0,18.2,90.0,29.85,12.12,332.0,0.0,0.0,
2026-04-03T20:09:00,04/03/202608:09,23.18,0.0,0.0,51.81999999999999,0.0,0.0,0.0,0.9,18.0,198.7,23628.0,44696.0,24.0,18.2,90.0,29.85,12.12,332.0,0.0,0.0,
2026-04-03T20:09:22,04/03/202608:09,22.71,0.0,0.0,51.81999999999999,0.0,0.0,0.0,0.9,18.0,198.7,23628.0,44696.0,23.9,18.2,90.0,29.85,12.12,332.0,0.0,0.0,
2026-04-03T20:10:00,04/03/202608:10,22.240000000000002,0.0,0.0,51.81999999999999,0.0,0.0,0.0,0.9,18.0,198.7,23628.0,44696.0,23.9,18.2,90.0,29.85,12.12,332.0,0.0,0.0,
2026-04-03T20:10:21,04/03/202608:10,21.98,0.0,0.0,51.81999999999999,0.0,0.0,0.0,0.9,18.0,198.7,23628.0,44696.0,23.9,18.2,90.0,29.85,12.12,332.0,0.0,0.0,
2026-04-03T20:11:00,04/03/202608:11,21.72,0.0,0.0,51.81999999999999,0.0,0.0,0.0,0.9,18.0,198.7,23628.0,44696.0,23.9,18.2,90.0,29.85,12.12,332.0,0.0,0.0,
2026-04-03T20:12:00,04/03/202608:12,21.580000000000002,0.0,0.0,51.81999999999999,0.0,0.0,0.0,0.9,18.0,198.7,23628.0,44696.0,23.9,18.2,90.0,29.85,12.12,332.0,0.0,0.0,
2026-04-03T20:12:22,04/03/202608:12,21.43,0.0,0.0,51.81999999999999,0.0,0.0,0.0,0.9,18.0,198.7,23628.0,44696.0,24.0,18.2,90.0,29.85,12.12,332.0,0.0,0.0,
2026-04-03T20:13:47,04/03/202608:13,21.32,0.0,0.0,51.81999999999999,0.0,0.0,0.0,0.9,18.0,198.7,23628.0,44696.0,23.9,18.2,90.0,29.85,12.12,332.0,0.0,0.0,
2026-04-03T20:14:01,04/03/202608:14,21.21,0.0,0.0,51.81999999999999,0.0,0.0,0.0,0.9,18.0,198.7,23628.0,44696.0,23.9,18.2,90.0,29.85,12.12,332.0,0.0,0.0,
2026-04-03T20:15:17,04/03/202608:15,21.119999999999997,0.0,0.0,51.81,0.0,0.0,0.0,0.9,18.0,198.7,23628.0,44696.0,23.9,18.2,90.0,29.85,12.12,332.0,0.0,0.0,
2026-04-03T20:16:01,04/03/202608:16,21.03,0.0,0.0,51.8,0.0,0.0,0.0,0.9,18.0,198.7,23628.0,44696.0,23.9,18.2,90.0,29.85,12.12,332.0,0.0,0.0,
2026-04-03T20:17:01,04/03/202608:17,20.98,0.0,0.0,51.81,0.0,0.0,0.0,0.9,18.0,198.7,23628.0,44696.0,23.9,18.18,90.0,29.85,11.783999999999999,333.3,0.0,0.0,
2026-04-03T20:18:01,04/03/202608:18,20.93,0.0,0.0,51.81,0.0,0.0,0.0,0.9,18.0,198.7,23628.0,44696.0,23.9,18.16,90.0,29.85,11.447999999999999,334.6,0.0,0.0,
2026-04-03T20:18:16,04/03/202608:18,20.89,0.0,0.0,51.81,0.0,0.0,0.0,0.9,18.0,198.7,23628.0,44696.0,23.9,18.14,90.0,29.85,11.111999999999998,335.9,0.0,0.0,
2026-04-03T20:19:01,04/03/202608:19,20.85,0.0,0.0,51.81,0.0,0.0,0.0,0.9,18.0,198.7,23628.0,44696.0,23.9,18.119999999999997,90.0,29.85,10.776,337.2,0.0,0.0,
2026-04-03T20:20:01,04/03/202608:20,20.81,0.0,0.0,51.81999999999999,0.0,0.0,0.0,0.9,18.0,198.7,23628.0,44696.0,24.0,18.1,90.0,29.85,10.44,338.5,0.0,0.0,
2026-04-03T20:21:00,04/03/202608:21,20.78,0.0,0.0,51.81999999999999,0.0,0.0,0.0,0.9,18.0,198.7,23628.0,44696.0,24.0,18.240000000000002,90.0,29.85,10.104,339.8,0.0,0.0,
2026-04-03T20:22:01,04/03/202608:22,20.759999999999998,0.0,0.0,51.81999999999999,0.0,0.0,0.0,0.9,18.0,198.7,23628.0,44696.0,23.9,18.380000000000003,90.0,29.85,9.495000000000001,340.4,0.0,0.0,
2026-04-03T20:22:17,04/03/202608:22,20.73,0.0,0.0,51.81999999999999,0.0,0.0,0.0,0.9,18.0,198.7,23628.0,44696.0,23.9,18.52,90.0,29.85,8.886,341.0,0.0,0.0,
2026-04-03T20:23:01,04/03/202608:23,20.71,0.0,0.0,51.81999999999999,0.0,0.0,0.0,0.9,18.0,198.7,23628.0,44696.0,23.9,18.66,90.0,29.85,8.277,341.6,0.0,0.0,
2026-04-03T20:24:59,04/03/202608:24,20.69,0.0,0.0,51.81999999999999,0.0,0.0,0.0,0.9,18.0,198.7,23628.0,44696.0,23.9,18.8,90.0,29.85,7.668000000000001,342.2,0.0,0.0,
2026-04-03T20:25:01,04/03/202608:25,20.669999999999998,0.0,0.0,51.81,0.0,0.0,0.0,0.9,18.0,198.7,23628.0,44696.0,23.9,18.96,90.0,29.85,7.3950000000000005,341.5,0.0,0.0,
2026-04-03T20:26:01,04/03/202608:26,20.65,0.0,0.0,51.81,0.0,0.0,0.0,0.9,18.0,198.7,23628.0,44696.0,23.9,19.12,90.0,29.85,7.122,340.8,0.0,0.0,
2026-04-03T20:27:01,04/03/202608:27,20.64,0.0,0.0,51.81,0.0,0.0,0.0,0.9,18.0,198.7,23628.0,44696.0,24.0,19.28,90.0,29.85,6.848999999999999,340.1,0.0,0.0,
2026-04-03T20:28:00,04/03/202608:28,20.630000000000003,0.0,0.0,51.81,0.0,0.0,0.0,0.9,18.0,198.7,23628.0,44696.0,23.9,19.44,90.0,29.85,6.5760000000000005,339.4,0.0,0.0,
2026-04-03T20:29:00,04/03/202608:29,20.62,0.0,0.0,51.8,0.0,0.0,0.0,0.9,18.0,198.7,23628.0,44696.0,23.9,19.6,90.0,29.85,6.303,338.7,0.0,0.0,
2026-04-03T20:30:04,04/03/202608:30,20.610000000000003,0.0,0.0,51.8,0.0,0.0,0.0,0.9,18.0,198.7,23628.0,44696.0,23.9,19.6,90.0,29.85,6.03,338.0,0.0,0.0,
2026-04-03T20:31:01,04/03/202608:31,20.6,0.0,0.0,51.8,0.0,0.0,0.0,0.9,18.0,198.7,23628.0,44696.0,23.9,19.6,90.0,29.85,6.03,338.0,0.0,0.0,
2026-04-03T20:32:01,04/03/202608:32,20.6,0.0,0.0,51.8,0.0,0.0,0.0,0.9,18.0,198.7,23628.0,44696.0,24.0,19.580000000000002,90.0,29.85,6.017,339.1,0.0,0.0,
2026-04-03T20:33:00,04/03/202608:33,20.6,0.0,0.0,51.8,0.0,0.0,0.0,0.9,18.0,198.7,23628.0,44696.0,24.0,19.560000000000002,90.0,29.85,6.0040000000000004,340.2,0.0,0.0,
2026-04-03T20:34:00,04/03/202608:34,20.6,0.0,0.0,51.8,0.0,0.0,0.0,0.9,18.0,198.7,23628.0,44696.0,23.9,19.54,90.0,29.85,5.9910000000000005,341.3,0.0,0.0,
2026-04-03T20:34:30,04/03/202608:34,20.59,0.0,0.0,51.8,0.0,0.0,0.0,0.9,18.0,198.7,23628.0,44696.0,24.0,19.52,90.0,29.85,5.978,342.4,0.0,0.0,
2026-04-03T20:36:11,04/03/202608:36,20.580000000000002,0.0,0.0,51.8,0.0,0.0,0.0,0.9,18.0,198.7,23628.0,44696.0,23.9,19.5,90.0,29.85,5.965000000000001,343.5,0.0,0.0,
2026-04-03T20:37:01,04/03/202608:37,20.57,0.0,0.0,51.8,0.0,0.0,0.0,0.9,18.0,198.7,23628.0,44696.0,23.9,19.48,90.0,29.85,5.952,344.6,0.0,0.0,
2026-04-03T20:38:01,04/03/202608:38,20.560000000000002,0.0,0.0,51.8,0.0,0.0,0.0,0.9,18.0,198.7,23628.0,44696.0,23.9,19.46,90.0,29.85,5.939,345.7,0.0,0.0,
2026-04-03T20:39:00,04/03/202608:39,20.55,0.0,0.0,51.8,0.0,0.0,0.0,0.9,18.0,198.7,23628.0,44696.0,23.9,19.439999999999998,90.0,29.85,5.926,346.8,0.0,0.0,
2026-04-03T20:40:01,04/03/202608:40,20.54,0.0,0.0,51.8,0.0,0.0,0.0,0.9,18.0,198.7,23628.0,44696.0,23.9,19.419999999999998,90.0,29.85,5.913,347.9,0.0,0.0,
2026-04-03T20:41:01,04/03/202608:41,20.53,0.0,0.0,51.8,0.0,0.0,0.0,0.9,18.0,198.7,23628.0,44696.0,24.0,19.4,90.0,29.85,5.9,349.0,0.0,0.0,
2026-04-03T20:42:01,04/03/202608:42,20.52,0.0,0.0,51.8,0.0,0.0,0.0,0.9,18.0,198.7,23628.0,44696.0,23.9,19.4,90.0,29.85,5.9,349.0,0.0,0.0,
2026-04-03T20:43:01,04/03/202608:43,20.509999999999998,0.0,0.0,51.8,0.0,0.0,0.0,0.9,18.0,198.7,23628.0,44696.0,23.9,19.4,90.0,29.85,5.9,349.0,0.0,0.0,
2026-04-03T20:44:01,04/03/202608:44,20.5,0.0,0.0,51.8,0.0,0.0,0.0,0.9,18.0,198.7,23628.0,44696.0,23.9,19.4,90.0,29.85,5.9,349.0,0.0,0.0,
2026-04-03T20:45:01,04/03/202608:45,20.5,0.0,0.0,51.8,0.0,0.0,0.0,0.9,18.0,198.7,23628.0,44696.0,23.9,19.4,90.0,29.85,5.9,349.0,0.0,0.0,
2026-04-03T20:46:01,04/03/202608:46,20.5,0.0,0.0,51.8,0.0,0.0,0.0,0.9,18.0,198.7,23628.0,44696.0,23.9,19.4,90.0,29.85,5.9,349.0,0.0,0.0,
2026-04-03T20:47:22,04/03/202608:47,20.5,0.0,0.0,51.8,0.0,0.0,0.0,0.9,18.0,198.7,23628.0,44696.0,23.9,19.4,89.9,29.853,5.602,347.8,0.0,0.0,
2026-04-03T20:48:01,04/03/202608:48,20.5,0.0,0.0,51.8,0.0,0.0,0.0,0.9,18.0,198.7,23628.0,44696.0,23.9,19.4,89.8,29.856,5.304,346.6,0.0,0.0,
2026-04-03T20:49:01,04/03/202608:49,20.5,0.0,0.0,51.779999999999994,0.0,0.0,0.0,0.9,18.0,198.7,23628.0,44696.0,23.9,19.4,89.7,29.859,5.006,345.4,0.0,0.0,
2026-04-03T20:50:01,04/03/202608:50,20.5,0.0,0.0,51.779999999999994,0.0,0.0,0.0,0.9,18.0,198.7,23628.0,44696.0,23.9,19.4,89.6,29.862000000000002,4.708,344.2,0.0,0.0,
2026-04-03T20:51:01,04/03/202608:51,20.5,0.0,0.0,51.779999999999994,0.0,0.0,0.0,0.9,18.0,198.7,23628.0,44696.0,23.9,19.4,89.5,29.865,4.41,343.0,0.0,0.0,
2026-04-03T20:52:01,04/03/202608:52,20.5,0.0,0.0,51.779999999999994,0.0,0.0,0.0,0.9,18.0,198.7,23628.0,44696.0,23.9,19.4,89.4,29.868000000000002,4.112,341.8,0.0,0.0,
2026-04-03T20:53:01,04/03/202608:53,20.5,0.0,0.0,51.769999999999996,0.0,0.0,0.0,0.9,18.0,198.7,23628.0,44696.0,23.9,19.4,89.3,29.871,3.814,340.6,0.0,0.0,
2026-04-03T20:54:01,04/03/202608:54,20.5,0.0,0.0,51.769999999999996,0.0,0.0,0.0,0.9,18.0,198.7,23628.0,44696.0,23.9,19.4,89.2,29.874000000000002,3.5159999999999996,339.4,0.0,0.0,
2026-04-03T20:55:01,04/03/202608:55,20.5,0.0,0.0,51.769999999999996,0.0,0.0,0.0,0.9,18.0,198.7,23628.0,44696.0,23.9,19.4,89.1,29.877,3.218,338.2,0.0,0.0,
2026-04-03T20:56:01,04/03/202608:56,20.5,0.0,0.0,51.760000000000005,0.0,0.0,0.0,0.9,18.0,198.7,23628.0,44696.0,23.9,19.4,89.0,29.880000000000003,2.92,337.0,0.0,0.0,
2026-04-03T20:57:01,04/03/202608:57,20.5,0.0,0.0,51.760000000000005,0.0,0.0,0.0,0.9,18.0,198.7,23628.0,44696.0,23.9,19.4,89.0,29.880000000000003,2.92,337.0,0.0,0.0,
2026-04-03T20:58:35,04/03/202608:58,20.509999999999998,0.0,0.0,51.760000000000005,0.0,0.0,0.0,0.9,18.0,198.7,23628.0,44696.0,23.9,19.4,88.4,29.877,2.92,337.0,0.0,0.0,
2026-04-03T20:59:00,04/03/202608:59,20.52,0.0,0.0,51.779999999999994,0.0,0.0,0.0,0.9,18.0,198.7,23628.0,44696.0,23.9,19.4,87.8,29.874000000000002,2.92,337.0,0.0,0.0,
2026-04-03T20:59:33,04/03/202608:59,20.52,0.0,0.0,51.779999999999994,0.0,0.0,0.0,0.9,18.0,198.7,23628.0,44696.0,23.9,19.4,87.2,29.871,2.92,337.0,0.0,0.0,
2026-04-03T21:00:01,04/03/202609:00,20.52,0.0,0.0,51.779999999999994,0.0,0.0,0.0,0.9,18.0,198.7,23628.0,44696.0,23.9,19.4,86.6,29.868000000000002,2.92,337.0,0.0,0.0,
2026-04-03T21:00:34,04/03/202609:00,20.56,0.0,0.0,51.79,0.0,0.0,0.0,0.9,18.0,198.7,23628.0,44696.0,23.9,19.4,86.0,29.865,2.92,337.0,0.0,0.0,
2026-04-03T21:01:01,04/03/202609:01,20.6,0.0,0.0,51.81,0.0,0.0,0.0,0.9,18.0,198.7,23628.0,44696.0,23.9,19.4,85.4,29.862000000000002,2.92,337.0,0.0,0.0,
2026-04-03T21:02:24,04/03/202609:02,20.61,0.0,0.0,51.81,0.0,0.0,0.0,0.9,18.0,198.7,23628.0,44696.0,23.9,19.41,84.7,29.862000000000002,3.0629999999999997,335.8,0.0,0.0,
2026-04-03T21:03:01,04/03/202609:03,20.619999999999997,0.0,0.0,51.81,0.0,0.0,0.0,0.9,18.0,198.7,23628.0,44696.0,23.9,19.419999999999998,84.0,29.862000000000002,3.2060000000000004,334.6,0.0,0.0,
2026-04-03T21:04:00,04/03/202609:04,20.630000000000003,0.0,0.0,51.81999999999999,0.0,0.0,0.0,0.9,18.0,198.7,23628.0,44696.0,23.9,19.43,83.3,29.862000000000002,3.3489999999999993,333.4,0.0,0.0,
2026-04-03T21:05:00,04/03/202609:05,20.64,0.0,0.0,51.81999999999999,0.0,0.0,0.0,0.9,18.0,198.7,23628.0,44696.0,23.9,19.439999999999998,82.6,29.862000000000002,3.492,332.2,0.0,0.0,
2026-04-03T21:05:24,04/03/202609:05,20.630000000000003,0.0,0.0,51.81999999999999,0.0,0.0,0.0,0.9,18.0,198.7,23628.0,44696.0,23.9,19.45,82.5,29.865,3.6349999999999993,331.0,0.0,0.0,
2026-04-03T21:06:00,04/03/202609:06,20.619999999999997,0.0,0.0,51.81999999999999,0.0,0.0,0.0,0.9,18.0,198.7,23628.0,44696.0,23.9,19.46,82.4,29.868000000000002,3.778,329.8,0.0,0.0,
2026-04-03T21:06:24,04/03/202609:06,20.64,0.0,0.0,51.81,0.0,0.0,0.0,0.9,18.0,198.7,23628.0,44696.0,24.0,19.47,82.3,29.871,3.9209999999999994,328.6,0.0,0.0,
2026-04-03T21:07:00,04/03/202609:07,20.66,0.0,0.0,51.8,0.0,0.0,0.0,0.9,18.0,198.7,23628.0,44696.0,24.0,19.48,82.2,29.874000000000002,4.064,327.4,0.0,0.0,
2026-04-03T21:07:24,04/03/202609:07,20.619999999999997,0.0,0.0,51.79,0.0,0.0,0.0,0.9,18.0,198.7,23628.0,44696.0,24.0,19.490000000000002,82.1,29.877,4.206999999999999,326.2,0.0,0.0,
2026-04-03T21:08:01,04/03/202609:08,20.580000000000002,0.0,0.0,51.779999999999994,0.0,0.0,0.0,0.9,18.0,198.7,23628.0,44696.0,24.0,19.5,82.0,29.880000000000003,4.35,325.0,0.0,0.0,
2026-04-03T21:09:46,04/03/202609:09,20.57,0.0,0.0,51.77,0.0,0.0,0.0,0.9,18.0,198.7,23628.0,44696.0,23.9,19.5,82.0,29.880000000000003,4.35,325.0,0.0,0.0,
2026-04-03T21:10:01,04/03/202609:10,20.56,0.0,0.0,51.760000000000005,0.0,0.0,0.0,0.9,18.0,198.7,23628.0,44696.0,23.9,19.5,82.0,29.880000000000003,4.35,325.0,0.0,0.0,
2026-04-03T21:11:01,04/03/202609:11,20.55,0.0,0.0,51.75,0.0,0.0,0.0,0.9,18.0,198.7,23628.0,44696.0,23.9,19.5,82.0,29.880000000000003,4.35,325.0,0.0,0.0,
2026-04-03T21:12:01,04/03/202609:12,20.54,0.0,0.0,51.75,0.0,0.0,0.0,0.9,18.0,198.7,23628.0,44696.0,23.9,19.5,82.0,29.880000000000003,4.35,325.0,0.0,0.0,
2026-04-03T21:13:00,04/03/202609:13,20.54,0.0,0.0,51.75,0.0,0.0,0.0,0.9,18.0,198.7,23628.0,44696.0,23.9,19.5,82.0,29.880000000000003,4.35,325.0,0.0,0.0,
2026-04-03T21:14:01,04/03/202609:14,20.54,0.0,0.0,51.739999999999995,0.0,0.0,0.0,0.9,18.0,198.7,23628.0,44696.0,24.0,19.5,82.0,29.880000000000003,4.35,325.0,0.0,0.0,
2026-04-03T21:15:01,04/03/202609:15,20.52,0.0,0.0,51.75,0.0,0.0,0.0,0.9,18.0,198.7,23628.0,44696.0,23.9,19.5,82.0,29.880000000000003,4.35,325.0,0.0,0.0,
2026-04-03T21:16:01,04/03/202609:16,20.5,0.0,0.0,51.760000000000005,0.0,0.0,0.0,0.9,18.0,198.7,23628.0,44696.0,23.9,19.46,81.8,29.880000000000003,4.834999999999999,324.2,0.0,0.0,
2026-04-03T21:17:01,04/03/202609:17,20.5,0.0,0.0,51.760000000000005,0.0,0.0,0.0,0.9,18.0,198.7,23628.0,44696.0,24.0,19.419999999999998,81.6,29.880000000000003,5.319999999999999,323.4,0.0,0.0,
2026-04-03T21:18:00,04/03/202609:18,20.5,0.0,0.0,51.75,0.0,0.0,0.0,0.9,18.0,198.7,23628.0,44696.0,23.9,19.380000000000003,81.4,29.880000000000003,5.805,322.6,0.0,0.0,
2026-04-03T21:19:01,04/03/202609:19,20.5,0.0,0.0,51.760000000000005,0.0,0.0,0.0,0.9,18.0,198.7,23628.0,44696.0,23.9,19.34,81.2,29.880000000000003,6.289999999999999,321.8,0.0,0.0,
2026-04-03T21:20:58,04/03/202609:20,20.5,0.0,0.0,51.760000000000005,0.0,0.0,0.0,0.9,18.0,198.7,23628.0,44696.0,23.9,19.3,81.0,29.880000000000003,6.775,321.0,0.0,0.0,
2026-04-03T21:21:01,04/03/202609:21,20.5,0.0,0.0,51.760000000000005,0.0,0.0,0.0,0.9,18.0,198.7,23628.0,44696.0,23.9,19.26,80.8,29.880000000000003,7.26,320.2,0.0,0.0,
2026-04-03T21:22:24,04/03/202609:22,20.5,0.0,0.0,51.760000000000005,0.0,0.0,0.0,0.9,18.0,198.7,23628.0,44696.0,23.9,19.220000000000002,80.6,29.880000000000003,7.744999999999999,319.4,0.0,0.0,
2026-04-03T21:23:01,04/03/202609:23,20.5,0.0,0.0,51.760000000000005,0.0,0.0,0.0,0.9,18.0,198.7,23628.0,44696.0,23.9,19.18,80.4,29.880000000000003,8.23,318.6,0.0,0.0,
2026-04-03T21:23:25,04/03/202609:23,20.509999999999998,0.0,0.0,51.77,0.0,0.0,0.0,0.9,18.0,198.7,23628.0,44696.0,23.9,19.14,80.2,29.880000000000003,8.715,317.8,0.0,0.0,
2026-04-03T21:24:00,04/03/202609:24,20.52,0.0,0.0,51.77,0.0,0.0,0.0,0.9,18.0,198.7,23628.0,44696.0,23.9,19.1,80.0,29.880000000000003,9.2,317.0,0.0,0.0,
2026-04-03T21:24:25,04/03/202609:24,20.52,0.0,0.0,51.760000000000005,0.0,0.0,0.0,0.9,18.0,198.7,23628.0,44696.0,23.9,19.1,80.0,29.880000000000003,9.2,317.0,0.0,0.0,
2026-04-03T21:25:00,04/03/202609:25,20.52,0.0,0.0,51.75,0.0,0.0,0.0,0.9,18.0,198.7,23628.0,44696.0,23.9,19.1,80.0,29.880000000000003,9.2,317.0,0.0,0.0,
2026-04-03T21:26:01,04/03/202609:26,20.52,0.0,0.0,51.760000000000005,0.0,0.0,0.0,0.9,18.0,198.7,23628.0,44696.0,23.9,19.1,80.0,29.880000000000003,9.2,317.0,0.0,0.0,
2026-04-03T21:27:01,04/03/202609:27,20.52,0.0,0.0,51.760000000000005,0.0,0.0,0.0,0.9,18.0,198.7,23628.0,44696.0,23.9,19.1,80.0,29.880000000000003,9.2,317.0,0.0,0.0,
2026-04-03T21:28:01,04/03/202609:28,20.52,0.0,0.0,51.760000000000005,0.0,0.0,0.0,0.9,18.0,198.7,23628.0,44696.0,23.9,19.1,80.0,29.880000000000003,9.2,317.0,0.0,0.0,
2026-04-03T21:28:25,04/03/202609:28,20.53,0.0,0.0,51.760000000000005,0.0,0.0,0.0,0.9,18.0,198.7,23628.0,44696.0,23.9,19.1,80.0,29.880000000000003,9.2,317.0,0.0,0.0,
2026-04-03T21:29:01,04/03/202609:29,20.54,0.0,0.0,51.75,0.0,0.0,0.0,0.9,18.0,198.7,23628.0,44696.0,23.9,19.1,80.0,29.880000000000003,9.2,317.0,0.0,0.0,
2026-04-03T21:29:25,04/03/202609:29,20.54,0.0,0.0,51.739999999999995,0.0,0.0,0.0,0.9,18.0,198.7,23628.0,44696.0,23.9,19.04,80.0,29.880000000000003,9.2,317.0,0.0,0.0,
2026-04-03T21:30:00,04/03/202609:30,20.53,0.0,0.0,51.73,0.0,0.0,0.0,0.9,18.0,198.7,23628.0,44696.0,23.9,18.98,80.0,29.880000000000003,9.2,317.0,0.0,0.0,
2026-04-03T21:32:09,04/03/202609:32,20.52,0.0,0.0,51.720000000000006,0.0,0.0,0.0,0.9,18.0,198.7,23628.0,44696.0,23.9,18.810000000000002,79.6,29.880000000000003,10.144,320.9,0.0,0.0,
2026-04-03T21:33:01,04/03/202609:33,20.52,0.0,0.0,51.720000000000006,0.0,0.0,0.0,0.9,18.0,198.7,23628.0,44696.0,23.9,18.64,79.2,29.880000000000003,11.088,324.8,0.0,0.0,
2026-04-03T21:34:00,04/03/202609:34,20.52,0.0,0.0,51.73,0.0,0.0,0.0,0.9,18.0,198.7,23628.0,44696.0,23.9,18.47,78.8,29.880000000000003,12.032,328.7,0.0,0.0,
2026-04-03T21:35:00,04/03/202609:35,20.52,0.0,0.0,51.720000000000006,0.0,0.0,0.0,0.9,18.0,198.7,23628.0,44696.0,23.9,18.3,78.7,29.880000000000003,12.975999999999999,332.6,0.0,0.0,
2026-04-03T21:36:00,04/03/202609:36,20.52,0.0,0.0,51.71,0.0,0.0,0.0,0.9,18.0,198.7,23628.0,44696.0,23.9,18.130000000000003,78.6,29.880000000000003,13.919999999999998,336.5,0.0,0.0,
2026-04-03T21:37:01,04/03/202609:37,20.52,0.0,0.0,51.720000000000006,0.0,0.0,0.0,0.9,18.0,198.7,23628.0,44696.0,23.9,17.96,78.5,29.880000000000003,14.863999999999999,340.4,0.0,0.0,
2026-04-03T21:38:01,04/03/202609:38,20.509999999999998,0.0,0.0,51.720000000000006,0.0,0.0,0.0,0.9,18.0,198.7,23628.0,44696.0,23.9,17.79,78.4,29.880000000000003,15.808000000000002,344.3,0.0,0.0,
2026-04-03T21:39:01,04/03/202609:39,20.5,0.0,0.0,51.720000000000006,0.0,0.0,0.0,0.9,18.0,198.7,23628.0,44696.0,23.9,17.619999999999997,78.3,29.880000000000003,16.752000000000002,348.2,0.0,0.0,
2026-04-03T21:40:01,04/03/202609:40,20.5,0.0,0.0,51.73,0.0,0.0,0.0,0.9,18.0,198.7,23628.0,44696.0,23.9,17.509999999999998,78.2,29.880000000000003,17.696,352.1,0.0,0.0,
2026-04-03T21:41:01,04/03/202609:41,20.5,0.0,0.0,51.73,0.0,0.0,0.0,0.9,18.0,198.7,23628.0,44696.0,23.9,17.4,78.1,29.880000000000003,18.64,356.0,0.0,0.0,
2026-04-03T21:41:57,04/03/202609:41,20.55,0.0,0.0,51.73,0.0,0.0,0.0,0.9,18.0,198.7,23628.0,44696.0,23.9,17.4,78.4,29.880000000000003,18.64,356.0,0.0,0.0,
2026-04-03T21:42:01,04/03/202609:42,20.6,0.0,0.0,51.73,0.0,0.0,0.0,0.9,18.0,198.7,23628.0,44696.0,23.9,17.4,78.7,29.880000000000003,18.64,356.0,0.0,0.0,
2026-04-03T21:43:20,04/03/202609:43,20.6,0.0,0.0,51.720000000000006,0.0,0.0,0.0,0.9,18.0,198.7,23628.0,44696.0,23.9,17.4,79.0,29.880000000000003,18.64,356.0,0.0,0.0,
2026-04-03T21:44:00,04/03/202609:44,20.6,0.0,0.0,51.720000000000006,0.0,0.0,0.0,0.9,18.0,198.7,23628.0,44696.0,23.9,17.4,79.0,29.880000000000003,18.64,356.0,0.0,0.0,
2026-04-03T21:45:00,04/03/202609:45,20.6,0.0,0.0,51.720000000000006,0.0,0.0,0.0,0.9,18.0,198.7,23628.0,44696.0,23.9,17.4,79.0,29.880000000000003,18.64,356.0,0.0,0.0,
2026-04-03T21:46:00,04/03/202609:46,20.6,0.0,0.0,51.71,0.0,0.0,0.0,0.9,18.0,198.7,23628.0,44696.0,23.9,17.29,79.0,29.880000000000003,18.236,356.0,0.0,0.0,
2026-04-03T21:47:00,04/03/202609:47,20.6,0.0,0.0,51.71,0.0,0.0,0.0,0.9,18.0,198.7,23628.0,44696.0,24.0,17.18,79.0,29.880000000000003,17.832,356.0,0.0,0.0,
2026-04-03T21:48:01,04/03/202609:48,20.6,0.0,0.0,51.71,0.0,0.0,0.0,0.9,18.0,198.7,23628.0,44696.0,23.9,17.07,79.0,29.880000000000003,17.428,356.0,0.0,0.0,
2026-04-03T21:49:00,04/03/202609:49,20.6,0.0,0.0,51.7,0.0,0.0,0.0,0.9,18.0,198.7,23628.0,44696.0,23.9,16.96,79.0,29.880000000000003,17.024,356.0,0.0,0.0,
2026-04-03T21:50:00,04/03/202609:50,20.6,0.0,0.0,51.71,0.0,0.0,0.0,0.9,18.0,198.7,23628.0,44696.0,23.9,16.85,79.0,29.880000000000003,16.619999999999997,356.0,0.0,0.0,
2026-04-03T21:51:00,04/03/202609:51,20.55,0.0,0.0,51.71,0.0,0.0,0.0,0.9,18.0,198.7,23628.0,44696.0,23.9,16.740000000000002,79.0,29.880000000000003,16.216,356.0,0.0,0.0,
2026-04-03T21:52:00,04/03/202609:52,20.5,0.0,0.0,51.71,0.0,0.0,0.0,0.9,18.0,198.7,23628.0,44696.0,23.9,16.630000000000003,79.0,29.880000000000003,15.812000000000001,356.0,0.0,0.0,
2026-04-03T21:53:00,04/03/202609:53,20.5,0.0,0.0,51.71,0.0,0.0,0.0,0.9,18.0,198.7,23628.0,44696.0,23.9,16.52,79.0,29.880000000000003,15.407999999999998,356.0,0.0,0.0,
2026-04-03T21:54:33,04/03/202609:54,20.5,0.0,0.0,51.71,0.0,0.0,0.0,0.9,18.0,198.7,23628.0,44696.0,23.9,16.41,79.0,29.880000000000003,15.004,356.0,0.0,0.0,
2026-04-03T21:55:00,04/03/202609:55,20.5,0.0,0.0,51.71,0.0,0.0,0.0,0.9,18.0,198.7,23628.0,44696.0,23.9,16.3,79.0,29.880000000000003,14.6,356.0,0.0,0.0,
2026-04-03T21:56:00,04/03/202609:56,20.5,0.0,0.0,51.71,0.0,0.0,0.0,0.9,18.0,198.7,23628.0,44696.0,23.9,16.3,79.0,29.880000000000003,14.6,356.0,0.0,0.0,
2026-04-03T21:56:44,04/03/202609:56,20.509999999999998,0.0,0.0,51.720000000000006,0.0,0.0,0.0,0.9,18.0,198.7,23628.0,44696.0,23.9,16.3,79.0,29.880000000000003,14.6,356.0,0.0,0.0,
2026-04-03T21:57:01,04/03/202609:57,20.52,0.0,0.0,51.73,0.0,0.0,0.0,0.9,18.0,198.7,23628.0,44696.0,23.9,16.3,79.0,29.880000000000003,14.6,356.0,0.0,0.0,
2026-04-03T21:57:43,04/03/202609:57,20.52,0.0,0.0,51.73,0.0,0.0,0.0,0.9,18.0,198.7,23628.0,44696.0,23.9,16.3,79.0,29.880000000000003,14.6,356.0,0.0,0.0,
2026-04-03T21:58:01,04/03/202609:58,20.52,0.0,0.0,51.720000000000006,0.0,0.0,0.0,0.9,18.0,198.7,23628.0,44696.0,23.9,16.3,79.0,29.880000000000003,14.6,356.0,0.0,0.0,
2026-04-03T21:59:00,04/03/202609:59,20.52,0.0,0.0,51.720000000000006,0.0,0.0,0.0,0.9,18.0,198.7,23628.0,44696.0,23.9,16.3,79.0,29.880000000000003,14.6,356.0,0.0,0.0,
2026-04-03T22:00:00,04/03/202610:00,20.52,0.0,0.0,51.720000000000006,0.0,0.0,0.0,0.9,18.0,198.7,23628.0,44696.0,23.9,16.3,79.0,29.880000000000003,14.6,356.0,0.0,0.0,
2026-04-03T22:01:00,04/03/202610:01,20.52,0.0,0.0,51.720000000000006,0.0,0.0,0.0,0.9,18.0,198.7,23628.0,44696.0,23.9,16.3,79.0,29.880000000000003,14.6,356.0,0.0,0.0,
2026-04-03T22:02:00,04/03/202610:02,20.52,0.0,0.0,51.720000000000006,0.0,0.0,0.0,0.9,18.0,198.7,23628.0,44696.0,23.9,16.240000000000002,79.0,29.880000000000003,14.450999999999999,321.3,0.0,0.0,
2026-04-03T22:03:00,04/03/202610:03,20.52,0.0,0.0,51.720000000000006,0.0,0.0,0.0,0.9,18.0,198.7,23628.0,44696.0,23.9,16.18,79.0,29.880000000000003,14.301999999999998,286.6,0.0,0.0,
2026-04-03T22:04:00,04/03/202610:04,20.52,0.0,0.0,51.720000000000006,0.0,0.0,0.0,0.9,18.0,198.7,23628.0,44696.0,23.9,16.119999999999997,79.0,29.880000000000003,14.153,251.9,0.0,0.0,
2026-04-03T22:05:44,04/03/202610:05,20.509999999999998,0.0,0.0,51.71,0.0,0.0,0.0,0.9,18.0,198.7,23628.0,44696.0,23.9,16.06,79.0,29.880000000000003,14.004,217.2,0.0,0.0,
2026-04-03T22:06:00,04/03/202610:06,20.5,0.0,0.0,51.7,0.0,0.0,0.0,0.9,18.0,198.7,23628.0,44696.0,23.9,16.0,79.0,29.880000000000003,13.854999999999999,182.5,0.0,0.0,
2026-04-03T22:07:01,04/03/202610:07,20.5,0.0,0.0,51.7,0.0,0.0,0.0,0.9,18.0,198.7,23628.0,44696.0,23.9,15.940000000000001,79.0,29.880000000000003,13.706,147.8,0.0,0.0,
2026-04-03T22:08:00,04/03/202610:08,20.5,0.0,0.0,51.7,0.0,0.0,0.0,0.9,18.0,198.7,23628.0,44696.0,23.9,15.88,79.0,29.880000000000003,13.556999999999999,113.1,0.0,0.0,
2026-04-03T22:09:00,04/03/202610:09,20.5,0.0,0.0,51.7,0.0,0.0,0.0,0.9,18.0,198.7,23628.0,44696.0,23.9,15.819999999999999,79.0,29.880000000000003,13.407999999999998,78.4,0.0,0.0,
2026-04-03T22:09:36,04/03/202610:09,20.52,0.0,0.0,51.7,0.0,0.0,0.0,0.9,18.0,198.7,23628.0,44696.0,23.9,15.76,79.0,29.880000000000003,13.259,43.7,0.0,0.0,
2026-04-03T22:09:39,04/03/202610:09,20.53,0.0,0.0,51.7,0.0,0.0,0.0,0.9,18.0,198.7,23628.0,44696.0,23.9,15.7,79.0,29.880000000000003,13.11,9.0,0.0,0.0,
2026-04-03T22:10:01,04/03/202610:10,20.54,0.0,0.0,51.7,0.0,0.0,0.0,0.9,18.0,198.7,23628.0,44696.0,23.9,15.7,79.0,29.880000000000003,13.11,9.0,0.0,0.0,
2026-04-03T22:10:38,04/03/202610:10,20.54,0.0,0.0,51.7,0.0,0.0,0.0,0.9,18.0,198.7,23628.0,44696.0,23.9,15.7,79.0,29.880000000000003,13.11,9.0,0.0,0.0,
2026-04-03T22:11:01,04/03/202610:11,20.54,0.0,0.0,51.7,0.0,0.0,0.0,0.9,18.0,198.7,23628.0,44696.0,23.9,15.7,79.0,29.880000000000003,13.11,9.0,0.0,0.0,
2026-04-03T22:12:01,04/03/202610:12,20.54,0.0,0.0,51.7,0.0,0.0,0.0,0.9,18.0,198.7,23628.0,44696.0,23.9,15.7,79.0,29.880000000000003,13.11,9.0,0.0,0.0,
2026-04-03T22:13:01,04/03/202610:13,20.54,0.0,0.0,51.7,0.0,0.0,0.0,0.9,18.0,198.7,23628.0,44696.0,23.9,15.7,79.0,29.880000000000003,13.11,9.0,0.0,0.0,
2026-04-03T22:14:00,04/03/202610:14,20.54,0.0,0.0,51.7,0.0,0.0,0.0,0.9,18.0,198.7,23628.0,44696.0,23.9,15.7,79.0,29.880000000000003,13.11,9.0,0.0,0.0,
2026-04-03T22:15:00,04/03/202610:15,20.54,0.0,0.0,51.7,0.0,0.0,0.0,0.9,18.0,198.7,23628.0,44696.0,23.9,15.7,79.0,29.880000000000003,13.11,9.0,0.0,0.0,
2026-04-03T22:16:56,04/03/202610:16,20.54,0.0,0.0,51.7,0.0,0.0,0.0,0.9,18.0,198.7,23628.0,44696.0,23.9,15.65,79.0,29.880000000000003,13.532999999999998,42.1,0.0,0.0,
2026-04-03T22:17:01,04/03/202610:17,20.52,0.0,0.0,51.7,0.0,0.0,0.0,0.9,18.0,198.7,23628.0,44696.0,23.9,15.6,79.0,29.880000000000003,13.956,75.2,0.0,0.0,
2026-04-03T22:18:01,04/03/202610:18,20.509999999999998,0.0,0.0,51.7,0.0,0.0,0.0,0.9,18.0,198.7,23628.0,44696.0,23.9,15.55,79.0,29.880000000000003,14.379,108.3,0.0,0.0,
2026-04-03T22:19:01,04/03/202610:19,20.5,0.0,0.0,51.7,0.0,0.0,0.0,0.9,18.0,198.7,23628.0,44696.0,23.9,15.5,79.0,29.880000000000003,14.801999999999998,141.4,0.0,0.0,
2026-04-03T22:20:01,04/03/202610:20,20.5,0.0,0.0,51.69,0.0,0.0,0.0,0.9,18.0,198.7,23628.0,44696.0,23.9,15.45,79.0,29.880000000000003,15.225,174.5,0.0,0.0,
2026-04-03T22:21:01,04/03/202610:21,20.5,0.0,0.0,51.68000000000001,0.0,0.0,0.0,0.9,18.0,198.7,23628.0,44696.0,23.9,15.4,79.0,29.880000000000003,15.648,207.6,0.0,0.0,
2026-04-03T22:22:01,04/03/202610:22,20.5,0.0,0.0,51.68000000000001,0.0,0.0,0.0,0.9,18.0,198.7,23628.0,44696.0,23.9,15.35,79.0,29.880000000000003,16.071,240.7,0.0,0.0,
2026-04-03T22:23:01,04/03/202610:23,20.5,0.0,0.0,51.68000000000001,0.0,0.0,0.0,0.9,18.0,198.7,23628.0,44696.0,23.9,15.3,79.0,29.880000000000003,16.494,273.8,0.0,0.0,
2026-04-03T22:23:46,04/03/202610:23,20.490000000000002,0.0,0.0,51.68000000000001,0.0,0.0,0.0,0.9,18.0,198.7,23628.0,44696.0,23.9,15.25,79.0,29.880000000000003,16.916999999999998,306.9,0.0,0.0,
2026-04-03T22:24:01,04/03/202610:24,20.48,0.0,0.0,51.68000000000001,0.0,0.0,0.0,0.9,18.0,198.7,23628.0,44696.0,23.9,15.2,79.0,29.880000000000003,17.34,340.0,0.0,0.0,
2026-04-03T22:24:46,04/03/202610:24,20.48,0.0,0.0,51.68000000000001,0.0,0.0,0.0,0.9,18.0,198.7,23628.0,44696.0,23.9,15.2,79.0,29.880000000000003,17.34,340.0,0.0,0.0,
2026-04-03T22:25:01,04/03/202610:25,20.48,0.0,0.0,51.68000000000001,0.0,0.0,0.0,0.9,18.0,198.7,23628.0,44696.0,23.9,15.2,79.0,29.880000000000003,17.34,340.0,0.0,0.0,
2026-04-03T22:26:01,04/03/202610:26,20.48,0.0,0.0,51.68000000000001,0.0,0.0,0.0,0.9,18.0,198.7,23628.0,44696.0,23.9,15.2,79.0,29.880000000000003,17.34,340.0,0.0,0.0,
2026-04-03T22:28:08,04/03/202610:28,20.48,0.0,0.0,51.68000000000001,0.0,0.0,0.0,0.9,18.0,198.7,23628.0,44696.0,23.9,15.2,79.0,29.880000000000003,17.34,340.0,0.0,0.0,
2026-04-03T22:29:00,04/03/202610:29,20.48,0.0,0.0,51.69,0.0,0.0,0.0,0.9,18.0,198.7,23628.0,44696.0,23.9,15.2,79.0,29.880000000000003,17.34,340.0,0.0,0.0,
2026-04-03T22:30:00,04/03/202610:30,20.48,0.0,0.0,51.7,0.0,0.0,0.0,0.9,18.0,198.7,23628.0,44696.0,23.9,15.2,79.0,29.880000000000003,17.34,340.0,0.0,0.0,
2026-04-03T22:31:00,04/03/202610:31,20.48,0.0,0.0,51.7,0.0,0.0,0.0,0.9,18.0,198.7,23628.0,44696.0,23.9,15.229999999999999,79.0,29.880000000000003,17.34,340.0,0.0,0.0,
2026-04-03T22:32:01,04/03/202610:32,20.48,0.0,0.0,51.7,0.0,0.0,0.0,0.9,18.0,198.7,23628.0,44696.0,23.9,15.190000000000001,79.1,29.880000000000003,16.693,341.2,0.0,0.0,
2026-04-03T22:33:00,04/03/202610:33,20.490000000000002,0.0,0.0,51.7,0.0,0.0,0.0,0.9,18.0,198.7,23628.0,44696.0,23.9,15.15,79.2,29.880000000000003,16.046,342.4,0.0,0.0,
2026-04-03T22:34:00,04/03/202610:34,20.5,0.0,0.0,51.7,0.0,0.0,0.0,0.9,18.0,198.7,23628.0,44696.0,23.9,15.11,79.3,29.880000000000003,15.399000000000001,343.6,0.0,0.0,
2026-04-03T22:35:00,04/03/202610:35,20.5,0.0,0.0,51.7,0.0,0.0,0.0,0.9,18.0,198.7,23628.0,44696.0,23.9,15.069999999999999,79.4,29.880000000000003,14.751999999999999,344.8,0.0,0.0,
2026-04-03T22:36:01,04/03/202610:36,20.5,0.0,0.0,51.69,0.0,0.0,0.0,0.9,18.0,198.7,23628.0,44696.0,23.9,15.030000000000001,79.5,29.880000000000003,14.104999999999999,346.0,0.0,0.0,
2026-04-03T22:37:00,04/03/202610:37,20.5,0.0,0.0,51.68000000000001,0.0,0.0,0.0,0.9,18.0,198.7,23628.0,44696.0,23.9,14.99,79.6,29.880000000000003,13.457999999999998,347.2,0.0,0.0,
2026-04-03T22:38:01,04/03/202610:38,20.5,0.0,0.0,51.68000000000001,0.0,0.0,0.0,0.9,18.0,198.7,23628.0,44696.0,23.9,14.95,79.7,29.880000000000003,12.810999999999998,348.4,0.0,0.0,
2026-04-03T22:39:20,04/03/202610:39,20.5,0.0,0.0,51.67,0.0,0.0,0.0,0.9,18.0,198.7,23628.0,44696.0,23.9,14.91,79.5,29.883,12.163999999999998,349.6,0.0,0.0,
2026-04-03T22:40:00,04/03/202610:40,20.5,0.0,0.0,51.67,0.0,0.0,0.0,0.9,18.0,198.7,23628.0,44696.0,23.9,14.870000000000001,79.3,29.886000000000003,11.517,350.8,0.0,0.0,
2026-04-03T22:41:00,04/03/202610:41,20.5,0.0,0.0,51.67,0.0,0.0,0.0,0.9,18.0,198.7,23628.0,44696.0,23.9,14.8,79.1,29.889,10.87,352.0,0.0,0.0,
2026-04-03T22:42:01,04/03/202610:42,20.5,0.0,0.0,51.67,0.0,0.0,0.0,0.9,18.0,198.7,23628.0,44696.0,23.9,14.8,78.8,29.892000000000003,10.87,352.0,0.0,0.0,
2026-04-03T22:43:01,04/03/202610:43,20.5,0.0,0.0,51.67,0.0,0.0,0.0,0.9,18.0,198.7,23628.0,44696.0,23.9,14.8,78.5,29.895,10.87,352.0,0.0,0.0,
2026-04-03T22:43:32,04/03/202610:43,20.490000000000002,0.0,0.0,51.67,0.0,0.0,0.0,0.9,18.0,198.7,23628.0,44696.0,23.9,14.8,78.2,29.898000000000003,10.87,352.0,0.0,0.0,
2026-04-03T22:44:01,04/03/202610:44,20.48,0.0,0.0,51.67,0.0,0.0,0.0,0.9,18.0,198.7,23628.0,44696.0,23.9,14.8,77.9,29.901,10.87,352.0,0.0,0.0,
2026-04-03T22:44:32,04/03/202610:44,20.48,0.0,0.0,51.68000000000001,0.0,0.0,0.0,0.9,18.0,198.7,23628.0,44696.0,23.9,14.8,77.6,29.904000000000003,10.87,352.0,0.0,0.0,
2026-04-03T22:45:01,04/03/202610:45,20.48,0.0,0.0,51.69,0.0,0.0,0.0,0.9,18.0,198.7,23628.0,44696.0,23.9,14.8,77.3,29.907,10.87,352.0,0.0,0.0,
2026-04-03T22:45:32,04/03/202610:45,20.47,0.0,0.0,51.69,0.0,0.0,0.0,0.9,18.0,198.7,23628.0,44696.0,23.9,14.8,77.2,29.913,10.541,318.7,0.0,0.0,
2026-04-03T22:46:01,04/03/202610:46,20.46,0.0,0.0,51.7,0.0,0.0,0.0,0.9,18.0,198.7,23628.0,44696.0,23.9,14.8,77.4,29.916000000000004,10.212,285.4,0.0,0.0,
2026-04-03T22:47:01,04/03/202610:47,20.45,0.0,0.0,51.7,0.0,0.0,0.0,0.9,18.0,198.7,23628.0,44696.0,23.9,14.8,77.6,29.919,9.883,252.1,0.0,0.0,
2026-04-03T22:47:30,04/03/202610:47,20.45,0.0,0.0,51.7,0.0,0.0,0.0,0.9,18.0,198.7,23628.0,44696.0,23.9,14.8,77.8,29.922000000000004,9.553999999999998,218.8,0.0,0.0,
2026-04-03T22:48:00,04/03/202610:48,20.45,0.0,0.0,51.7,0.0,0.0,0.0,0.9,18.0,198.7,23628.0,44696.0,23.9,14.8,78.0,29.925,9.225,185.5,0.0,0.0,
2026-04-03T22:49:01,04/03/202610:49,20.45,0.0,0.0,51.7,0.0,0.0,0.0,0.9,18.0,198.7,23628.0,44696.0,23.9,14.8,78.2,29.928000000000004,8.895999999999999,152.2,0.0,0.0,
2026-04-03T22:50:32,04/03/202610:50,20.46,0.0,0.0,51.7,0.0,0.0,0.0,0.9,18.0,198.7,23628.0,44696.0,23.9,14.8,78.4,29.931,8.567,118.9,0.0,0.0,
2026-04-03T22:51:00,04/03/202610:51,20.47,0.0,0.0,51.7,0.0,0.0,0.0,0.9,18.0,198.7,23628.0,44696.0,23.9,14.8,78.6,29.934000000000005,8.238,85.6,0.0,0.0,
2026-04-03T22:51:29,04/03/202610:51,20.46,0.0,0.0,51.69,0.0,0.0,0.0,0.9,18.0,198.7,23628.0,44696.0,23.9,14.8,78.8,29.937,7.909000000000001,52.3,0.0,0.0,
2026-04-03T22:52:00,04/03/202610:52,20.45,0.0,0.0,51.68000000000001,0.0,0.0,0.0,0.9,18.0,198.7,23628.0,44696.0,23.9,14.8,79.0,29.940000000000005,7.58,19.0,0.0,0.0,
2026-04-03T22:52:54,04/03/202610:52,20.46,0.0,0.0,51.67,0.0,0.0,0.0,0.9,18.0,198.7,23628.0,44696.0,23.9,14.8,79.0,29.940000000000005,7.58,19.0,0.0,0.0,
2026-04-03T22:53:00,04/03/202610:53,20.47,0.0,0.0,51.660000000000004,0.0,0.0,0.0,0.9,18.0,198.7,23628.0,44696.0,23.9,14.8,79.0,29.940000000000005,7.58,19.0,0.0,0.0,
2026-04-03T22:53:54,04/03/202610:53,20.47,0.0,0.0,51.660000000000004,0.0,0.0,0.0,0.9,18.0,198.7,23628.0,44696.0,23.9,14.8,79.0,29.940000000000005,7.58,19.0,0.0,0.0,
2026-04-03T22:54:01,04/03/202610:54,20.46,0.0,0.0,51.660000000000004,0.0,0.0,0.0,0.9,18.0,198.7,23628.0,44696.0,23.9,14.8,79.0,29.940000000000005,7.58,19.0,0.0,0.0,
2026-04-03T22:54:54,04/03/202610:54,20.46,0.0,0.0,51.65,0.0,0.0,0.0,0.9,18.0,198.7,23628.0,44696.0,23.9,14.8,79.0,29.940000000000005,7.58,19.0,0.0,0.0,
2026-04-03T22:55:00,04/03/202610:55,20.46,0.0,0.0,51.64,0.0,0.0,0.0,0.9,18.0,198.7,23628.0,44696.0,23.9,14.8,79.0,29.940000000000005,7.58,19.0,0.0,0.0,
2026-04-03T22:55:54,04/03/202610:55,20.45,0.0,0.0,51.64,0.0,0.0,0.0,0.9,18.0,198.7,23628.0,44696.0,23.9,14.8,79.0,29.940000000000005,7.58,19.0,0.0,0.0,
2026-04-03T22:56:00,04/03/202610:56,20.439999999999998,0.0,0.0,51.64,0.0,0.0,0.0,0.9,18.0,198.7,23628.0,44696.0,23.9,14.8,79.0,29.940000000000005,7.58,19.0,0.0,0.0,
2026-04-03T22:57:00,04/03/202610:57,20.439999999999998,0.0,0.0,51.65,0.0,0.0,0.0,0.9,18.0,198.7,23628.0,44696.0,23.9,14.8,79.0,29.940000000000005,7.58,19.0,0.0,0.0,
2026-04-03T22:58:00,04/03/202610:58,20.439999999999998,0.0,0.0,51.65,0.0,0.0,0.0,0.9,18.0,198.7,23628.0,44696.0,23.9,14.8,79.0,29.940000000000005,7.58,19.0,0.0,0.0,
2026-04-03T22:59:01,04/03/202610:59,20.43,0.0,0.0,51.660000000000004,0.0,0.0,0.0,0.9,18.0,198.7,23628.0,44696.0,23.9,14.8,79.0,29.940000000000005,7.58,19.0,0.0,0.0,
2026-04-03T23:00:00,04/03/202611:00,20.419999999999998,0.0,0.0,51.660000000000004,0.0,0.0,0.0,0.9,18.0,198.7,23628.0,44696.0,23.9,14.8,79.0,29.940000000000005,7.58,19.0,0.0,0.0,
2026-04-03T23:01:44,04/03/202611:01,20.419999999999998,0.0,0.0,51.660000000000004,0.0,0.0,0.0,0.9,18.0,198.7,23628.0,44696.0,23.9,14.770000000000001,79.2,29.940000000000005,7.9719999999999995,23.7,0.0,0.0,
2026-04-03T23:02:00,04/03/202611:02,20.419999999999998,0.0,0.0,51.660000000000004,0.0,0.0,0.0,0.9,18.0,198.7,23628.0,44696.0,23.9,14.74,79.4,29.940000000000005,8.364,28.4,0.0,0.0,
2026-04-03T23:03:00,04/03/202611:03,20.41,0.0,0.0,51.67,0.0,0.0,0.0,0.9,18.0,198.7,23628.0,44696.0,23.9,14.709999999999999,79.6,29.940000000000005,8.756,33.1,0.0,0.0,
2026-04-03T23:04:01,04/03/202611:04,20.4,0.0,0.0,51.67,0.0,0.0,0.0,0.9,18.0,198.7,23628.0,44696.0,23.9,14.680000000000001,79.8,29.940000000000005,9.148,37.8,0.0,0.0,
2026-04-03T23:05:01,04/03/202611:05,20.4,0.0,0.0,51.67,0.0,0.0,0.0,0.9,18.0,198.7,23628.0,44696.0,23.9,14.65,80.0,29.940000000000005,9.540000000000001,42.5,0.0,0.0,
2026-04-03T23:06:01,04/03/202611:06,20.4,0.0,0.0,51.660000000000004,0.0,0.0,0.0,0.9,18.0,198.7,23628.0,44696.0,23.9,14.62,80.2,29.940000000000005,9.931999999999999,47.2,0.0,0.0,
2026-04-03T23:07:00,04/03/202611:07,20.4,0.0,0.0,51.660000000000004,0.0,0.0,0.0,0.9,18.0,198.7,23628.0,44696.0,23.9,14.59,80.4,29.940000000000005,10.324,51.9,0.0,0.0,
2026-04-03T23:08:00,04/03/202611:08,20.4,0.0,0.0,51.660000000000004,0.0,0.0,0.0,0.9,18.0,198.7,23628.0,44696.0,23.9,14.559999999999999,80.6,29.940000000000005,10.716,56.6,0.0,0.0,
2026-04-03T23:09:00,04/03/202611:09,20.4,0.0,0.0,51.660000000000004,0.0,0.0,0.0,0.9,18.0,198.7,23628.0,44696.0,23.9,14.530000000000001,80.8,29.940000000000005,11.108,61.3,0.0,0.0,
2026-04-03T23:10:01,04/03/202611:10,20.4,0.0,0.0,51.67,0.0,0.0,0.0,0.9,18.0,198.7,23628.0,44696.0,23.9,14.5,81.0,29.940000000000005,11.5,66.0,0.0,0.0,
2026-04-03T23:11:01,04/03/202611:11,20.4,0.0,0.0,51.67,0.0,0.0,0.0,0.9,18.0,198.7,23628.0,44696.0,23.9,14.5,81.0,29.940000000000005,11.5,66.0,0.0,0.0,
2026-04-03T23:12:55,04/03/202611:12,20.4,0.0,0.0,51.67,0.0,0.0,0.0,0.9,18.0,198.7,23628.0,44696.0,23.9,14.5,81.0,29.940000000000005,11.5,66.0,0.0,0.0,
2026-04-03T23:13:01,04/03/202611:13,20.4,0.0,0.0,51.67,0.0,0.0,0.0,0.9,18.0,198.7,23628.0,44696.0,23.9,14.5,81.0,29.940000000000005,11.5,66.0,0.0,0.0,
2026-04-03T23:14:01,04/03/202611:14,20.4,0.0,0.0,51.67,0.0,0.0,0.0,0.9,18.0,198.7,23628.0,44696.0,23.9,14.5,81.0,29.940000000000005,11.5,66.0,0.0,0.0,
2026-04-03T23:14:27,04/03/202611:14,20.389999999999997,0.0,0.0,51.67,0.0,0.0,0.0,0.9,18.0,198.7,23628.0,44696.0,23.8,14.5,81.0,29.940000000000005,11.5,66.0,0.0,0.0,
2026-04-03T23:15:01,04/03/202611:15,20.38,0.0,0.0,51.68000000000001,0.0,0.0,0.0,0.9,18.0,198.7,23628.0,44696.0,23.8,14.5,81.0,29.940000000000005,11.5,66.0,0.0,0.0,
2026-04-03T23:15:27,04/03/202611:15,20.38,0.0,0.0,51.67,0.0,0.0,0.0,0.9,18.0,198.7,23628.0,44696.0,23.9,14.5,81.0,29.940000000000005,11.5,66.0,0.0,0.0,
2026-04-03T23:16:01,04/03/202611:16,20.38,0.0,0.0,51.67,0.0,0.0,0.0,0.9,18.0,198.7,23628.0,44696.0,23.9,14.5,81.0,29.940000000000005,11.5,66.0,0.0,0.0,
2026-04-03T23:17:01,04/03/202611:17,20.38,0.0,0.0,51.67,0.0,0.0,0.0,0.9,18.0,198.7,23628.0,44696.0,23.9,14.469999999999999,81.0,29.943,11.288,95.1,0.0,0.0,
2026-04-03T23:18:01,04/03/202611:18,20.38,0.0,0.0,51.660000000000004,0.0,0.0,0.0,0.9,18.0,198.7,23628.0,44696.0,23.8,14.440000000000001,81.0,29.946000000000005,11.076,124.2,0.0,0.0,
2026-04-03T23:19:00,04/03/202611:19,20.38,0.0,0.0,51.65,0.0,0.0,0.0,0.9,18.0,198.7,23628.0,44696.0,23.8,14.41,81.0,29.949,10.864,153.3,0.0,0.0,
2026-04-03T23:20:00,04/03/202611:20,20.38,0.0,0.0,51.65,0.0,0.0,0.0,0.9,18.0,198.7,23628.0,44696.0,23.9,14.38,81.0,29.951999999999998,10.652000000000001,182.4,0.0,0.0,
2026-04-03T23:21:01,04/03/202611:21,20.38,0.0,0.0,51.64,0.0,0.0,0.0,0.9,18.0,198.7,23628.0,44696.0,23.9,14.35,81.0,29.955000000000002,10.440000000000001,211.5,0.0,0.0,
2026-04-03T23:22:00,04/03/202611:22,20.38,0.0,0.0,51.64,0.0,0.0,0.0,0.9,18.0,198.7,23628.0,44696.0,23.9,14.319999999999999,81.0,29.958,10.228,240.6,0.0,0.0,
2026-04-03T23:24:08,04/03/202611:24,20.389999999999997,0.0,0.0,51.63000000000001,0.0,0.0,0.0,0.9,18.0,198.7,23628.0,44696.0,23.9,14.290000000000001,81.0,29.961000000000002,10.016000000000002,269.7,0.0,0.0,
2026-04-03T23:25:01,04/03/202611:25,20.4,0.0,0.0,51.620000000000005,0.0,0.0,0.0,0.9,18.0,198.7,23628.0,44696.0,23.9,14.26,81.0,29.964,9.804,298.8,0.0,0.0,
2026-04-03T23:26:01,04/03/202611:26,20.4,0.0,0.0,51.620000000000005,0.0,0.0,0.0,0.9,18.0,198.7,23628.0,44696.0,23.9,14.229999999999999,81.0,29.967000000000002,9.592,327.9,0.0,0.0,
2026-04-03T23:27:01,04/03/202611:27,20.4,0.0,0.0,51.620000000000005,0.0,0.0,0.0,0.9,18.0,198.7,23628.0,44696.0,23.9,14.2,81.0,29.97,9.38,357.0,0.0,0.0,
2026-04-03T23:28:01,04/03/202611:28,20.4,0.0,0.0,51.61,0.0,0.0,0.0,0.9,18.0,198.7,23628.0,44696.0,23.8,14.2,81.0,29.97,9.38,357.0,0.0,0.0,
2026-04-03T23:29:01,04/03/202611:29,20.4,0.0,0.0,51.61,0.0,0.0,0.0,0.9,18.0,198.7,23628.0,44696.0,23.8,14.2,81.0,29.97,9.38,357.0,0.0,0.0,
2026-04-03T23:30:01,04/03/202611:30,20.4,0.0,0.0,51.61,0.0,0.0,0.0,0.9,18.0,198.7,23628.0,44696.0,23.8,14.2,81.0,29.97,9.38,357.0,0.0,0.0,
2026-04-03T23:31:01,04/03/202611:31,20.4,0.0,0.0,51.6,0.0,0.0,0.0,0.9,18.0,198.7,23628.0,44696.0,23.8,14.2,81.0,29.97,9.38,357.0,0.0,0.0,
2026-04-03T23:32:01,04/03/202611:32,20.4,0.0,0.0,51.61,0.0,0.0,0.0,0.9,18.0,198.7,23628.0,44696.0,23.8,14.179999999999998,81.0,29.97,9.716000000000001,326.4,0.0,0.0,
2026-04-03T23:33:01,04/03/202611:33,20.4,0.0,0.0,51.61,0.0,0.0,0.0,0.9,18.0,198.7,23628.0,44696.0,23.8,14.16,81.0,29.97,9.853,294.3,0.0,0.0,
2026-04-03T23:35:20,04/03/202611:35,20.389999999999997,0.0,0.0,51.61,0.0,0.0,0.0,0.9,18.0,198.7,23628.0,44696.0,23.8,14.14,81.0,29.97,9.99,262.2,0.0,0.0,
2026-04-03T23:36:00,04/03/202611:36,20.38,0.0,0.0,51.61,0.0,0.0,0.0,0.9,18.0,198.7,23628.0,44696.0,23.8,14.12,81.0,29.97,10.127,230.1,0.0,0.0,
2026-04-03T23:36:10,04/03/202611:36,20.38,0.0,0.0,51.61,0.0,0.0,0.0,0.9,18.0,198.7,23628.0,44696.0,23.8,14.1,80.2,29.967000000000002,10.264,198.0,0.0,0.0,
2026-04-03T23:37:00,04/03/202611:37,20.38,0.0,0.0,51.61,0.0,0.0,0.0,0.9,18.0,198.7,23628.0,44696.0,23.8,14.080000000000002,79.4,29.964,10.401,165.9,0.0,0.0,
2026-04-03T23:38:00,04/03/202611:38,20.38,0.0,0.0,51.61,0.0,0.0,0.0,0.9,18.0,198.7,23628.0,44696.0,23.9,14.059999999999999,78.6,29.961000000000002,10.538,133.8,0.0,0.0,
2026-04-03T23:39:01,04/03/202611:39,20.38,0.0,0.0,51.61,0.0,0.0,0.0,0.9,18.0,198.7,23628.0,44696.0,23.9,14.040000000000001,77.8,29.958,10.675,101.7,0.0,0.0,
2026-04-03T23:40:00,04/03/202611:40,20.38,0.0,0.0,51.61,0.0,0.0,0.0,0.9,18.0,198.7,23628.0,44696.0,23.8,14.02,77.0,29.955000000000002,10.812000000000001,69.6,0.0,0.0,
2026-04-03T23:41:00,04/03/202611:41,20.38,0.0,0.0,51.61,0.0,0.0,0.0,0.9,18.0,198.7,23628.0,44696.0,23.8,14.0,76.2,29.951999999999998,10.949,37.5,0.0,0.0,
2026-04-03T23:42:00,04/03/202611:42,20.38,0.0,0.0,51.6,0.0,0.0,0.0,0.9,18.0,198.7,23628.0,44696.0,23.8,14.0,75.4,29.949,10.75,36.0,0.0,0.0,
2026-04-03T23:43:00,04/03/202611:43,20.38,0.0,0.0,51.6,0.0,0.0,0.0,0.9,18.0,198.7,23628.0,44696.0,23.8,14.0,74.6,29.946000000000005,10.75,36.0,0.0,0.0,
2026-04-03T23:44:00,04/03/202611:44,20.389999999999997,0.0,0.0,51.6,0.0,0.0,0.0,0.9,18.0,198.7,23628.0,44696.0,23.9,14.0,73.8,29.943,10.75,36.0,0.0,0.0,
2026-04-03T23:45:00,04/03/202611:45,20.4,0.0,0.0,51.589999999999996,0.0,0.0,0.0,0.9,18.0,198.7,23628.0,44696.0,23.9,14.0,73.0,29.940000000000005,10.75,36.0,0.0,0.0,
2026-04-03T23:46:32,04/03/202611:46,20.4,0.0,0.0,51.589999999999996,0.0,0.0,0.0,0.9,18.0,198.7,23628.0,44696.0,23.8,13.98,73.0,29.940000000000005,10.676,35.8,0.0,0.0,
2026-04-03T23:47:01,04/03/202611:47,20.4,0.0,0.0,51.589999999999996,0.0,0.0,0.0,0.9,18.0,198.7,23628.0,44696.0,23.8,13.959999999999999,73.0,29.940000000000005,10.602,35.6,0.0,0.0,
2026-04-03T23:48:01,04/03/202611:48,20.4,0.0,0.0,51.589999999999996,0.0,0.0,0.0,0.9,18.0,198.7,23628.0,44696.0,23.8,13.940000000000001,73.0,29.940000000000005,10.528,35.4,0.0,0.0,
2026-04-03T23:49:01,04/03/202611:49,20.4,0.0,0.0,51.589999999999996,0.0,0.0,0.0,0.9,18.0,198.7,23628.0,44696.0,23.8,13.919999999999998,73.0,29.940000000000005,10.453999999999999,35.2,0.0,0.0,
2026-04-03T23:50:01,04/03/202611:50,20.4,0.0,0.0,51.589999999999996,0.0,0.0,0.0,0.9,18.0,198.7,23628.0,44696.0,23.8,13.9,73.0,29.940000000000005,10.379999999999999,35.0,0.0,0.0,
2026-04-03T23:51:01,04/03/202611:51,20.4,0.0,0.0,51.589999999999996,0.0,0.0,0.0,0.9,18.0,198.7,23628.0,44696.0,23.8,13.88,73.0,29.940000000000005,10.306000000000001,34.8,0.0,0.0,
2026-04-03T23:52:01,04/03/202611:52,20.4,0.0,0.0,51.589999999999996,0.0,0.0,0.0,0.9,18.0,198.7,23628.0,44696.0,23.9,13.86,73.0,29.940000000000005,10.232,34.6,0.0,0.0,
2026-04-03T23:53:55,04/03/202611:53,20.4,0.0,0.0,51.589999999999996,0.0,0.0,0.0,0.9,18.0,198.7,23628.0,44696.0,23.8,13.84,73.0,29.940000000000005,10.158,34.4,0.0,0.0,
2026-04-03T23:54:01,04/03/202611:54,20.4,0.0,0.0,51.589999999999996,0.0,0.0,0.0,0.9,18.0,198.7,23628.0,44696.0,23.8,13.820000000000002,73.0,29.940000000000005,10.084,34.2,0.0,0.0,
2026-04-03T23:55:01,04/03/202611:55,20.4,0.0,0.0,51.6,0.0,0.0,0.0,0.9,18.0,198.7,23628.0,44696.0,23.8,13.8,73.0,29.940000000000005,10.01,34.0,0.0,0.0,
2026-04-03T23:56:01,04/03/202611:56,20.4,0.0,0.0,51.6,0.0,0.0,0.0,0.9,18.0,198.7,23628.0,44696.0,23.8,13.8,73.0,29.940000000000005,10.01,34.0,0.0,0.0,
2026-04-03T23:57:44,04/03/202611:57,20.4,0.0,0.0,51.6,0.0,0.0,0.0,0.9,18.0,198.7,23628.0,44696.0,23.8,13.8,73.0,29.940000000000005,10.01,34.0,0.0,0.0,
2026-04-03T23:58:01,04/03/202611:58,20.4,0.0,0.0,51.6,0.0,0.0,0.0,0.9,18.0,198.7,23628.0,44696.0,23.8,13.8,73.0,29.940000000000005,10.01,34.0,0.0,0.0,
2026-04-03T23:58:56,04/03/202611:58,20.389999999999997,0.0,0.0,51.6,0.0,0.0,0.0,0.9,18.0,198.7,23628.0,44696.0,23.9,13.8,73.0,29.940000000000005,10.01,34.0,0.0,0.0,
2026-04-03T23:59:01,04/03/202611:59,20.38,0.0,0.0,51.6,0.0,0.0,0.0,0.9,18.0,198.7,23628.0,44696.0,23.9,13.8,73.0,29.940000000000005,10.01,34.0,0.0,0.0,
2026-04-03T23:59:56,04/03/202611:59,20.38,0.0,0.0,51.6,0.0,0.0,0.0,0.9,18.0,198.7,23628.0,44696.0,23.8,13.8,73.0,29.940000000000005,10.01,34.0,0.0,0.0,
