timestamp,HMI_Timestamp,PV_Voltage_V,PV_Current_A,PV_Power_W,Battery_Voltage_V,Battery_Current_A,Battery_Power_W,Avg_Power_to_Battery_W,Daily_Energy_kWh,Daily_Charge_Ah,History_Max_Input_Voltage_V,Lifetime_Energy_Gen_kWh,Lifetime_Charge_Ah,Battery_Temp_C,Air_Temp_C,Humidity_pct,Air_Pressure_inHg,Wind_Speed_ms,Wind_Direction_deg,Solar_Irradiance_Wm2,UV_Index,Est_Efficiency
2026-03-29T00:00:00,03/29/202600:00,20.580000000000002,0.0,0.0,51.7,0.0,0.0,0.0,1.0,19.0,198.7,23571.0,44587.0,23.9,12.0,51.0,30.089999999999996,9.88,185.0,0.0,0.0,
2026-03-29T00:00:13,03/29/202600:00,20.57,0.0,0.0,51.7,0.0,0.0,0.0,0.0,0.0,198.7,23581.0,44606.0,23.9,12.0,51.0,30.089999999999996,9.88,185.0,0.0,0.0,
2026-03-29T00:01:01,03/29/202600:01,20.560000000000002,0.0,0.0,51.7,0.0,0.0,0.0,0.0,0.0,198.7,23581.0,44606.0,23.9,12.0,51.0,30.089999999999996,9.88,185.0,0.0,0.0,
2026-03-29T00:01:12,03/29/202600:01,20.560000000000002,0.0,0.0,51.7,0.0,0.0,0.0,0.0,0.0,198.7,23581.0,44606.0,23.9,11.99,51.1,30.089999999999996,9.955000000000002,185.2,0.0,0.0,
2026-03-29T00:02:01,03/29/202600:02,20.560000000000002,0.0,0.0,51.7,0.0,0.0,0.0,0.0,0.0,198.7,23581.0,44606.0,23.9,11.98,51.2,30.089999999999996,10.030000000000001,185.4,0.0,0.0,
2026-03-29T00:02:12,03/29/202600:02,20.55,0.0,0.0,51.7,0.0,0.0,0.0,0.0,0.0,198.7,23581.0,44606.0,23.9,11.97,51.3,30.089999999999996,10.105,185.6,0.0,0.0,
2026-03-29T00:03:01,03/29/202600:03,20.54,0.0,0.0,51.7,0.0,0.0,0.0,0.0,0.0,198.7,23581.0,44606.0,23.9,11.959999999999999,51.4,30.089999999999996,10.180000000000001,185.8,0.0,0.0,
2026-03-29T00:04:01,03/29/202600:04,20.54,0.0,0.0,51.7,0.0,0.0,0.0,0.0,0.0,198.7,23581.0,44606.0,23.9,11.95,51.5,30.089999999999996,10.255,186.0,0.0,0.0,
2026-03-29T00:04:13,03/29/202600:04,20.55,0.0,0.0,51.7,0.0,0.0,0.0,0.0,0.0,198.7,23581.0,44606.0,23.9,11.940000000000001,51.6,30.089999999999996,10.330000000000002,186.2,0.0,0.0,
2026-03-29T00:05:44,03/29/202600:05,20.55,0.0,0.0,51.7,0.0,0.0,0.0,0.0,0.0,198.7,23581.0,44606.0,23.9,11.93,51.7,30.089999999999996,10.405000000000001,186.4,0.0,0.0,
2026-03-29T00:06:00,03/29/202600:06,20.55,0.0,0.0,51.7,0.0,0.0,0.0,0.0,0.0,198.7,23581.0,44606.0,23.9,11.92,51.8,30.089999999999996,10.48,186.6,0.0,0.0,
2026-03-29T00:06:13,03/29/202600:06,20.55,0.0,0.0,51.7,0.0,0.0,0.0,0.0,0.0,198.7,23581.0,44606.0,23.9,11.91,51.9,30.089999999999996,10.555000000000001,186.8,0.0,0.0,
2026-03-29T00:07:00,03/29/202600:07,20.55,0.0,0.0,51.7,0.0,0.0,0.0,0.0,0.0,198.7,23581.0,44606.0,23.9,11.9,52.0,30.089999999999996,10.63,187.0,0.0,0.0,
2026-03-29T00:07:12,03/29/202600:07,20.55,0.0,0.0,51.7,0.0,0.0,0.0,0.0,0.0,198.7,23581.0,44606.0,23.9,11.9,52.0,30.089999999999996,10.63,187.0,0.0,0.0,
2026-03-29T00:08:00,03/29/202600:08,20.55,0.0,0.0,51.7,0.0,0.0,0.0,0.0,0.0,198.7,23581.0,44606.0,23.9,11.9,52.0,30.089999999999996,10.63,187.0,0.0,0.0,
2026-03-29T00:09:00,03/29/202600:09,20.560000000000002,0.0,0.0,51.7,0.0,0.0,0.0,0.0,0.0,198.7,23581.0,44606.0,23.9,11.89,52.0,30.089999999999996,10.63,187.0,0.0,0.0,
2026-03-29T00:10:00,03/29/202600:10,20.57,0.0,0.0,51.7,0.0,0.0,0.0,0.0,0.0,198.7,23581.0,44606.0,23.9,11.88,52.0,30.089999999999996,10.536000000000001,187.0,0.0,0.0,
2026-03-29T00:11:00,03/29/202600:11,20.580000000000002,0.0,0.0,51.7,0.0,0.0,0.0,0.0,0.0,198.7,23581.0,44606.0,23.9,11.870000000000001,52.0,30.089999999999996,10.442,187.0,0.0,0.0,
2026-03-29T00:11:11,03/29/202600:11,20.57,0.0,0.0,51.7,0.0,0.0,0.0,0.0,0.0,198.7,23581.0,44606.0,23.9,11.860000000000001,52.0,30.089999999999996,10.348,187.0,0.0,0.0,
2026-03-29T00:12:00,03/29/202600:12,20.560000000000002,0.0,0.0,51.7,0.0,0.0,0.0,0.0,0.0,198.7,23581.0,44606.0,23.9,11.85,52.0,30.089999999999996,10.254000000000001,187.0,0.0,0.0,
2026-03-29T00:13:00,03/29/202600:13,20.55,0.0,0.0,51.7,0.0,0.0,0.0,0.0,0.0,198.7,23581.0,44606.0,23.9,11.84,52.0,30.089999999999996,10.16,187.0,0.0,0.0,
2026-03-29T00:13:11,03/29/202600:13,20.560000000000002,0.0,0.0,51.7,0.0,0.0,0.0,0.0,0.0,198.7,23581.0,44606.0,23.9,11.830000000000002,52.0,30.089999999999996,10.065999999999999,187.0,0.0,0.0,
2026-03-29T00:13:15,03/29/202600:13,20.560000000000002,0.0,0.0,51.7,0.0,0.0,0.0,0.0,0.0,198.7,23581.0,44606.0,23.9,11.82,52.0,30.089999999999996,9.972,187.0,0.0,0.0,
2026-03-29T00:14:00,03/29/202600:14,20.55,0.0,0.0,51.7,0.0,0.0,0.0,0.0,0.0,198.7,23581.0,44606.0,23.9,11.81,52.0,30.089999999999996,9.878,187.0,0.0,0.0,
2026-03-29T00:14:15,03/29/202600:14,20.55,0.0,0.0,51.69,0.0,0.0,0.0,0.0,0.0,198.7,23581.0,44606.0,23.9,11.8,52.0,30.089999999999996,9.784,187.0,0.0,0.0,
2026-03-29T00:15:00,03/29/202600:15,20.55,0.0,0.0,51.68000000000001,0.0,0.0,0.0,0.0,0.0,198.7,23581.0,44606.0,23.9,11.8,52.0,30.089999999999996,9.69,187.0,0.0,0.0,
2026-03-29T00:15:16,03/29/202600:15,20.54,0.0,0.0,51.67,0.0,0.0,0.0,0.0,0.0,198.7,23581.0,44606.0,23.9,11.8,52.0,30.089999999999996,9.69,187.0,0.0,0.0,
2026-03-29T01:08:12,03/29/202601:08,20.53,0.0,0.0,51.660000000000004,0.0,0.0,0.0,0.0,0.0,198.7,23581.0,44606.0,23.9,11.790000000000001,52.0,30.089999999999996,9.659,186.6,0.0,0.0,
2026-03-29T01:08:42,03/29/202601:08,20.54,0.0,0.0,51.660000000000004,0.0,0.0,0.0,0.0,0.0,198.7,23581.0,44606.0,23.9,11.780000000000001,52.0,30.089999999999996,9.628,186.2,0.0,0.0,
2026-03-29T01:09:00,03/29/202601:09,20.55,0.0,0.0,51.660000000000004,0.0,0.0,0.0,0.0,0.0,198.7,23581.0,44606.0,23.9,11.77,52.0,30.089999999999996,9.597,185.8,0.0,0.0,
2026-03-29T01:09:42,03/29/202601:09,20.55,0.0,0.0,51.660000000000004,0.0,0.0,0.0,0.0,0.0,198.7,23581.0,44606.0,23.9,11.76,52.0,30.089999999999996,9.565999999999999,185.4,0.0,0.0,
2026-03-29T01:10:00,03/29/202601:10,20.54,0.0,0.0,51.660000000000004,0.0,0.0,0.0,0.0,0.0,198.7,23581.0,44606.0,23.9,11.75,52.0,30.089999999999996,9.535,185.0,0.0,0.0,
2026-03-29T01:11:00,03/29/202601:11,20.54,0.0,0.0,51.65,0.0,0.0,0.0,0.0,0.0,198.7,23581.0,44606.0,23.8,11.74,52.0,30.089999999999996,9.504000000000001,184.6,0.0,0.0,
2026-03-29T01:12:01,03/29/202601:12,20.54,0.0,0.0,51.65,0.0,0.0,0.0,0.0,0.0,198.7,23581.0,44606.0,23.8,11.73,52.0,30.089999999999996,9.473,184.2,0.0,0.0,
2026-03-29T01:12:41,03/29/202601:12,20.54,0.0,0.0,51.660000000000004,0.0,0.0,0.0,0.0,0.0,198.7,23581.0,44606.0,23.9,11.719999999999999,52.0,30.089999999999996,9.442,183.8,0.0,0.0,
2026-03-29T01:13:00,03/29/202601:13,20.54,0.0,0.0,51.67,0.0,0.0,0.0,0.0,0.0,198.7,23581.0,44606.0,23.9,11.709999999999999,52.0,30.089999999999996,9.411000000000001,183.4,0.0,0.0,
2026-03-29T01:13:42,03/29/202601:13,20.54,0.0,0.0,51.68000000000001,0.0,0.0,0.0,0.0,0.0,198.7,23581.0,44606.0,23.8,11.7,52.0,30.089999999999996,9.38,183.0,0.0,0.0,
2026-03-29T01:14:00,03/29/202601:14,20.54,0.0,0.0,51.69,0.0,0.0,0.0,0.0,0.0,198.7,23581.0,44606.0,23.8,11.7,52.0,30.089999999999996,9.38,183.0,0.0,0.0,
2026-03-29T01:15:00,03/29/202601:15,20.53,0.0,0.0,51.68000000000001,0.0,0.0,0.0,0.0,0.0,198.7,23581.0,44606.0,23.9,11.7,52.0,30.089999999999996,9.38,183.0,0.0,0.0,
2026-03-29T01:16:01,03/29/202601:16,20.52,0.0,0.0,51.67,0.0,0.0,0.0,0.0,0.0,198.7,23581.0,44606.0,23.9,11.7,52.0,30.089999999999996,9.387,183.1,0.0,0.0,
2026-03-29T01:17:00,03/29/202601:17,20.52,0.0,0.0,51.67,0.0,0.0,0.0,0.0,0.0,198.7,23581.0,44606.0,23.9,11.7,52.0,30.089999999999996,9.394,183.2,0.0,0.0,
2026-03-29T01:18:00,03/29/202601:18,20.52,0.0,0.0,51.67,0.0,0.0,0.0,0.0,0.0,198.7,23581.0,44606.0,23.9,11.7,52.0,30.089999999999996,9.401,183.3,0.0,0.0,
2026-03-29T01:19:23,03/29/202601:19,20.52,0.0,0.0,51.67,0.0,0.0,0.0,0.0,0.0,198.7,23581.0,44606.0,23.9,11.7,52.0,30.089999999999996,9.408,183.4,0.0,0.0,
2026-03-29T01:20:01,03/29/202601:20,20.52,0.0,0.0,51.660000000000004,0.0,0.0,0.0,0.0,0.0,198.7,23581.0,44606.0,23.9,11.7,52.0,30.089999999999996,9.415000000000001,183.5,0.0,0.0,
2026-03-29T01:21:01,03/29/202601:21,20.509999999999998,0.0,0.0,51.660000000000004,0.0,0.0,0.0,0.0,0.0,198.7,23581.0,44606.0,23.9,11.7,52.0,30.089999999999996,9.422,183.6,0.0,0.0,
2026-03-29T01:22:01,03/29/202601:22,20.5,0.0,0.0,51.65,0.0,0.0,0.0,0.0,0.0,198.7,23581.0,44606.0,23.9,11.7,52.0,30.089999999999996,9.428999999999998,183.7,0.0,0.0,
2026-03-29T01:23:01,03/29/202601:23,20.5,0.0,0.0,51.63000000000001,0.0,0.0,0.0,0.0,0.0,198.7,23581.0,44606.0,23.9,11.7,52.0,30.089999999999996,9.436,183.8,0.0,0.0,
2026-03-29T01:24:01,03/29/202601:24,20.5,0.0,0.0,51.620000000000005,0.0,0.0,0.0,0.0,0.0,198.7,23581.0,44606.0,23.8,11.7,52.0,30.089999999999996,9.443,183.9,0.0,0.0,
2026-03-29T01:25:01,03/29/202601:25,20.5,0.0,0.0,51.63000000000001,0.0,0.0,0.0,0.0,0.0,198.7,23581.0,44606.0,23.8,11.7,52.0,30.089999999999996,9.45,184.0,0.0,0.0,
2026-03-29T01:26:01,03/29/202601:26,20.5,0.0,0.0,51.63000000000001,0.0,0.0,0.0,0.0,0.0,198.7,23581.0,44606.0,23.9,11.7,52.0,30.089999999999996,9.45,184.0,0.0,0.0,
2026-03-29T01:27:01,03/29/202601:27,20.5,0.0,0.0,51.620000000000005,0.0,0.0,0.0,0.0,0.0,198.7,23581.0,44606.0,23.8,11.7,52.0,30.089999999999996,9.45,184.0,0.0,0.0,
2026-03-29T01:27:32,03/29/202601:27,20.509999999999998,0.0,0.0,51.61,0.0,0.0,0.0,0.0,0.0,198.7,23581.0,44606.0,23.9,11.7,52.0,30.089999999999996,9.45,184.0,0.0,0.0,
2026-03-29T01:28:01,03/29/202601:28,20.52,0.0,0.0,51.61,0.0,0.0,0.0,0.0,0.0,198.7,23581.0,44606.0,23.9,11.7,52.0,30.089999999999996,9.45,184.0,0.0,0.0,
2026-03-29T01:28:32,03/29/202601:28,20.52,0.0,0.0,51.620000000000005,0.0,0.0,0.0,0.0,0.0,198.7,23581.0,44606.0,23.9,11.7,52.0,30.089999999999996,9.45,184.0,0.0,0.0,
2026-03-29T01:28:53,03/29/202601:28,20.53,0.0,0.0,51.620000000000005,0.0,0.0,0.0,0.0,0.0,198.7,23581.0,44606.0,23.9,11.7,52.0,30.089999999999996,9.45,184.0,0.0,0.0,
2026-03-29T01:29:01,03/29/202601:29,20.54,0.0,0.0,51.63000000000001,0.0,0.0,0.0,0.0,0.0,198.7,23581.0,44606.0,23.9,11.7,52.0,30.089999999999996,9.45,184.0,0.0,0.0,
2026-03-29T01:30:35,03/29/202601:30,20.55,0.0,0.0,51.64,0.0,0.0,0.0,0.0,0.0,198.7,23581.0,44606.0,23.9,11.7,52.0,30.089999999999996,9.45,184.0,0.0,0.0,
2026-03-29T01:30:54,03/29/202601:30,20.55,0.0,0.0,51.64,0.0,0.0,0.0,0.0,0.0,198.7,23581.0,44606.0,23.8,11.68,52.1,30.089999999999996,9.425,183.6,0.0,0.0,
2026-03-29T01:31:00,03/29/202601:31,20.55,0.0,0.0,51.63000000000001,0.0,0.0,0.0,0.0,0.0,198.7,23581.0,44606.0,23.8,11.66,52.2,30.089999999999996,9.4,183.2,0.0,0.0,
2026-03-29T01:32:01,03/29/202601:32,20.55,0.0,0.0,51.63000000000001,0.0,0.0,0.0,0.0,0.0,198.7,23581.0,44606.0,23.8,11.639999999999999,52.3,30.089999999999996,9.375,182.8,0.0,0.0,
2026-03-29T01:32:54,03/29/202601:32,20.560000000000002,0.0,0.0,51.620000000000005,0.0,0.0,0.0,0.0,0.0,198.7,23581.0,44606.0,23.9,11.62,52.4,30.089999999999996,9.35,182.4,0.0,0.0,
2026-03-29T01:33:01,03/29/202601:33,20.560000000000002,0.0,0.0,51.61,0.0,0.0,0.0,0.0,0.0,198.7,23581.0,44606.0,23.9,11.6,52.5,30.089999999999996,9.325,182.0,0.0,0.0,
2026-03-29T01:33:55,03/29/202601:33,20.55,0.0,0.0,51.61,0.0,0.0,0.0,0.0,0.0,198.7,23581.0,44606.0,23.9,11.58,52.6,30.089999999999996,9.3,181.6,0.0,0.0,
2026-03-29T01:34:00,03/29/202601:34,20.55,0.0,0.0,51.6,0.0,0.0,0.0,0.0,0.0,198.7,23581.0,44606.0,23.9,11.559999999999999,52.7,30.089999999999996,9.275,181.2,0.0,0.0,
2026-03-29T01:35:01,03/29/202601:35,20.54,0.0,0.0,51.589999999999996,0.0,0.0,0.0,0.0,0.0,198.7,23581.0,44606.0,23.8,11.540000000000001,52.8,30.089999999999996,9.25,180.8,0.0,0.0,
2026-03-29T01:35:30,03/29/202601:35,20.54,0.0,0.0,51.589999999999996,0.0,0.0,0.0,0.0,0.0,198.7,23581.0,44606.0,23.8,11.52,52.9,30.089999999999996,9.225,180.4,0.0,0.0,
2026-03-29T01:36:01,03/29/202601:36,20.54,0.0,0.0,51.6,0.0,0.0,0.0,0.0,0.0,198.7,23581.0,44606.0,23.8,11.5,53.0,30.089999999999996,9.2,180.0,0.0,0.0,
2026-03-29T01:36:30,03/29/202601:36,20.54,0.0,0.0,51.6,0.0,0.0,0.0,0.0,0.0,198.7,23581.0,44606.0,23.9,11.5,53.0,30.089999999999996,9.2,180.0,0.0,0.0,
2026-03-29T01:37:01,03/29/202601:37,20.54,0.0,0.0,51.6,0.0,0.0,0.0,0.0,0.0,198.7,23581.0,44606.0,23.9,11.5,53.0,30.089999999999996,9.2,180.0,0.0,0.0,
2026-03-29T01:38:00,03/29/202601:38,20.54,0.0,0.0,51.6,0.0,0.0,0.0,0.0,0.0,198.7,23581.0,44606.0,23.9,11.5,53.0,30.089999999999996,9.2,180.0,0.0,0.0,
2026-03-29T01:39:01,03/29/202601:39,20.53,0.0,0.0,51.61,0.0,0.0,0.0,0.0,0.0,198.7,23581.0,44606.0,23.8,11.5,53.0,30.089999999999996,9.2,180.0,0.0,0.0,
2026-03-29T01:40:01,03/29/202601:40,20.52,0.0,0.0,51.620000000000005,0.0,0.0,0.0,0.0,0.0,198.7,23581.0,44606.0,23.9,11.5,53.0,30.089999999999996,9.2,180.0,0.0,0.0,
2026-03-29T01:41:47,03/29/202601:41,20.52,0.0,0.0,51.63000000000001,0.0,0.0,0.0,0.0,0.0,198.7,23581.0,44606.0,23.9,11.5,53.0,30.089999999999996,9.2,180.0,0.0,0.0,
2026-03-29T01:42:00,03/29/202601:42,20.52,0.0,0.0,51.64,0.0,0.0,0.0,0.0,0.0,198.7,23581.0,44606.0,23.9,11.5,53.0,30.089999999999996,9.2,180.0,0.0,0.0,
2026-03-29T01:43:01,03/29/202601:43,20.52,0.0,0.0,51.64,0.0,0.0,0.0,0.0,0.0,198.7,23581.0,44606.0,23.9,11.5,53.0,30.089999999999996,9.2,180.0,0.0,0.0,
2026-03-29T01:44:01,03/29/202601:44,20.509999999999998,0.0,0.0,51.63000000000001,0.0,0.0,0.0,0.0,0.0,198.7,23581.0,44606.0,23.8,11.51,53.0,30.089999999999996,9.2,180.0,0.0,0.0,
2026-03-29T01:45:01,03/29/202601:45,20.5,0.0,0.0,51.620000000000005,0.0,0.0,0.0,0.0,0.0,198.7,23581.0,44606.0,23.8,11.52,53.0,30.089999999999996,9.2,180.0,0.0,0.0,
2026-03-29T01:46:01,03/29/202601:46,20.5,0.0,0.0,51.620000000000005,0.0,0.0,0.0,0.0,0.0,198.7,23581.0,44606.0,23.8,11.53,53.1,30.087,9.113,179.5,0.0,0.0,
2026-03-29T01:47:01,03/29/202601:47,20.5,0.0,0.0,51.620000000000005,0.0,0.0,0.0,0.0,0.0,198.7,23581.0,44606.0,23.8,11.540000000000001,53.2,30.083999999999996,9.026,179.0,0.0,0.0,
2026-03-29T01:48:01,03/29/202601:48,20.5,0.0,0.0,51.620000000000005,0.0,0.0,0.0,0.0,0.0,198.7,23581.0,44606.0,23.8,11.55,53.3,30.081,8.939,178.5,0.0,0.0,
2026-03-29T01:49:01,03/29/202601:49,20.5,0.0,0.0,51.620000000000005,0.0,0.0,0.0,0.0,0.0,198.7,23581.0,44606.0,23.8,11.559999999999999,53.4,30.077999999999996,8.852,178.0,0.0,0.0,
2026-03-29T01:50:01,03/29/202601:50,20.5,0.0,0.0,51.620000000000005,0.0,0.0,0.0,0.0,0.0,198.7,23581.0,44606.0,23.8,11.57,53.5,30.075,8.764999999999999,177.5,0.0,0.0,
2026-03-29T01:51:01,03/29/202601:51,20.5,0.0,0.0,51.61,0.0,0.0,0.0,0.0,0.0,198.7,23581.0,44606.0,23.8,11.58,53.6,30.071999999999996,8.678,177.0,0.0,0.0,
2026-03-29T01:52:59,03/29/202601:52,20.5,0.0,0.0,51.6,0.0,0.0,0.0,0.0,0.0,198.7,23581.0,44606.0,23.8,11.59,53.7,30.069,8.591,176.5,0.0,0.0,
2026-03-29T01:53:01,03/29/202601:53,20.5,0.0,0.0,51.6,0.0,0.0,0.0,0.0,0.0,198.7,23581.0,44606.0,23.8,11.6,53.8,30.065999999999995,8.504,176.0,0.0,0.0,
2026-03-29T01:54:00,03/29/202601:54,20.5,0.0,0.0,51.589999999999996,0.0,0.0,0.0,0.0,0.0,198.7,23581.0,44606.0,23.9,11.6,53.9,30.063,8.417,175.5,0.0,0.0,
2026-03-29T01:55:00,03/29/202601:55,20.5,0.0,0.0,51.589999999999996,0.0,0.0,0.0,0.0,0.0,198.7,23581.0,44606.0,23.8,11.6,54.0,30.059999999999995,8.33,175.0,0.0,0.0,
2026-03-29T01:56:00,03/29/202601:56,20.5,0.0,0.0,51.589999999999996,0.0,0.0,0.0,0.0,0.0,198.7,23581.0,44606.0,23.8,11.6,54.0,30.059999999999995,8.33,175.0,0.0,0.0,
2026-03-29T01:57:00,03/29/202601:57,20.5,0.0,0.0,51.589999999999996,0.0,0.0,0.0,0.0,0.0,198.7,23581.0,44606.0,23.8,11.6,54.0,30.059999999999995,8.33,175.0,0.0,0.0,
2026-03-29T01:58:00,03/29/202601:58,20.5,0.0,0.0,51.589999999999996,0.0,0.0,0.0,0.0,0.0,198.7,23581.0,44606.0,23.9,11.6,54.0,30.059999999999995,8.33,175.0,0.0,0.0,
2026-03-29T01:59:00,03/29/202601:59,20.5,0.0,0.0,51.589999999999996,0.0,0.0,0.0,0.0,0.0,198.7,23581.0,44606.0,23.8,11.6,54.0,30.059999999999995,8.33,175.0,0.0,0.0,
2026-03-29T02:00:01,03/29/202602:00,20.5,0.0,0.0,51.589999999999996,0.0,0.0,0.0,0.0,0.0,198.7,23581.0,44606.0,23.8,11.6,54.0,30.059999999999995,8.33,175.0,0.0,0.0,
2026-03-29T02:01:00,03/29/202602:01,20.5,0.0,0.0,51.589999999999996,0.0,0.0,0.0,0.0,0.0,198.7,23581.0,44606.0,23.8,11.61,54.0,30.059999999999995,8.354000000000001,174.9,0.0,0.0,
2026-03-29T02:02:00,03/29/202602:02,20.5,0.0,0.0,51.589999999999996,0.0,0.0,0.0,0.0,0.0,198.7,23581.0,44606.0,23.8,11.62,54.0,30.059999999999995,8.378,174.8,0.0,0.0,
2026-03-29T02:04:10,03/29/202602:04,20.5,0.0,0.0,51.6,0.0,0.0,0.0,0.0,0.0,198.7,23581.0,44606.0,23.8,11.629999999999999,54.0,30.059999999999995,8.402,174.7,0.0,0.0,
2026-03-29T02:05:01,03/29/202602:05,20.5,0.0,0.0,51.61,0.0,0.0,0.0,0.0,0.0,198.7,23581.0,44606.0,23.9,11.639999999999999,54.0,30.059999999999995,8.426,174.6,0.0,0.0,
2026-03-29T02:06:01,03/29/202602:06,20.5,0.0,0.0,51.61,0.0,0.0,0.0,0.0,0.0,198.7,23581.0,44606.0,23.8,11.65,54.0,30.059999999999995,8.45,174.5,0.0,0.0,
2026-03-29T02:07:01,03/29/202602:07,20.5,0.0,0.0,51.6,0.0,0.0,0.0,0.0,0.0,198.7,23581.0,44606.0,23.8,11.66,54.0,30.059999999999995,8.474,174.4,0.0,0.0,
2026-03-29T02:08:01,03/29/202602:08,20.5,0.0,0.0,51.6,0.0,0.0,0.0,0.0,0.0,198.7,23581.0,44606.0,23.8,11.669999999999998,54.0,30.059999999999995,8.498000000000001,174.3,0.0,0.0,
2026-03-29T02:09:00,03/29/202602:09,20.5,0.0,0.0,51.6,0.0,0.0,0.0,0.0,0.0,198.7,23581.0,44606.0,23.8,11.68,54.0,30.059999999999995,8.522,174.2,0.0,0.0,
2026-03-29T02:10:01,03/29/202602:10,20.5,0.0,0.0,51.6,0.0,0.0,0.0,0.0,0.0,198.7,23581.0,44606.0,23.8,11.69,54.0,30.059999999999995,8.546000000000001,174.1,0.0,0.0,
2026-03-29T02:11:01,03/29/202602:11,20.5,0.0,0.0,51.6,0.0,0.0,0.0,0.0,0.0,198.7,23581.0,44606.0,23.8,11.7,54.0,30.059999999999995,8.57,174.0,0.0,0.0,
2026-03-29T02:12:00,03/29/202602:12,20.5,0.0,0.0,51.589999999999996,0.0,0.0,0.0,0.0,0.0,198.7,23581.0,44606.0,23.8,11.7,54.0,30.059999999999995,8.57,174.0,0.0,0.0,
2026-03-29T02:13:01,03/29/202602:13,20.5,0.0,0.0,51.589999999999996,0.0,0.0,0.0,0.0,0.0,198.7,23581.0,44606.0,23.8,11.7,54.0,30.059999999999995,8.57,174.0,0.0,0.0,
2026-03-29T02:14:01,03/29/202602:14,20.5,0.0,0.0,51.58,0.0,0.0,0.0,0.0,0.0,198.7,23581.0,44606.0,23.8,11.7,54.0,30.059999999999995,8.57,174.0,0.0,0.0,
2026-03-29T02:15:22,03/29/202602:15,20.5,0.0,0.0,51.58,0.0,0.0,0.0,0.0,0.0,198.7,23581.0,44606.0,23.8,11.7,54.0,30.059999999999995,8.57,174.0,0.0,0.0,
2026-03-29T02:16:00,03/29/202602:16,20.5,0.0,0.0,51.58,0.0,0.0,0.0,0.0,0.0,198.7,23581.0,44606.0,23.8,11.7,54.0,30.059999999999995,8.57,174.0,0.0,0.0,
2026-03-29T02:17:00,03/29/202602:17,20.5,0.0,0.0,51.589999999999996,0.0,0.0,0.0,0.0,0.0,198.7,23581.0,44606.0,23.8,11.719999999999999,53.9,30.059999999999995,8.658,174.1,0.0,0.0,
2026-03-29T02:18:00,03/29/202602:18,20.5,0.0,0.0,51.589999999999996,0.0,0.0,0.0,0.0,0.0,198.7,23581.0,44606.0,23.8,11.739999999999998,53.8,30.059999999999995,8.746,174.2,0.0,0.0,
2026-03-29T02:19:01,03/29/202602:19,20.5,0.0,0.0,51.589999999999996,0.0,0.0,0.0,0.0,0.0,198.7,23581.0,44606.0,23.8,11.76,53.7,30.059999999999995,8.834,174.3,0.0,0.0,
2026-03-29T02:20:01,03/29/202602:20,20.5,0.0,0.0,51.589999999999996,0.0,0.0,0.0,0.0,0.0,198.7,23581.0,44606.0,23.8,11.78,53.6,30.059999999999995,8.922,174.4,0.0,0.0,
2026-03-29T02:21:00,03/29/202602:21,20.5,0.0,0.0,51.589999999999996,0.0,0.0,0.0,0.0,0.0,198.7,23581.0,44606.0,23.8,11.8,53.5,30.059999999999995,9.01,174.5,0.0,0.0,
2026-03-29T02:22:00,03/29/202602:22,20.5,0.0,0.0,51.6,0.0,0.0,0.0,0.0,0.0,198.7,23581.0,44606.0,23.8,11.82,53.4,30.059999999999995,9.097999999999999,174.6,0.0,0.0,
2026-03-29T02:23:01,03/29/202602:23,20.5,0.0,0.0,51.6,0.0,0.0,0.0,0.0,0.0,198.7,23581.0,44606.0,23.8,11.84,53.3,30.059999999999995,9.186,174.7,0.0,0.0,
2026-03-29T02:24:01,03/29/202602:24,20.5,0.0,0.0,51.6,0.0,0.0,0.0,0.0,0.0,198.7,23581.0,44606.0,23.8,11.86,53.2,30.059999999999995,9.274,174.8,0.0,0.0,
2026-03-29T02:25:01,03/29/202602:25,20.5,0.0,0.0,51.6,0.0,0.0,0.0,0.0,0.0,198.7,23581.0,44606.0,23.8,11.879999999999999,53.1,30.059999999999995,9.361999999999998,174.9,0.0,0.0,
2026-03-29T02:26:33,03/29/202602:26,20.5,0.0,0.0,51.6,0.0,0.0,0.0,0.0,0.0,198.7,23581.0,44606.0,23.8,11.9,53.0,30.059999999999995,9.45,175.0,0.0,0.0,
2026-03-29T02:27:00,03/29/202602:27,20.5,0.0,0.0,51.6,0.0,0.0,0.0,0.0,0.0,198.7,23581.0,44606.0,23.8,11.9,53.0,30.059999999999995,9.45,175.0,0.0,0.0,
2026-03-29T02:28:01,03/29/202602:28,20.5,0.0,0.0,51.6,0.0,0.0,0.0,0.0,0.0,198.7,23581.0,44606.0,23.8,11.9,53.0,30.059999999999995,9.45,175.0,0.0,0.0,
2026-03-29T02:29:00,03/29/202602:29,20.5,0.0,0.0,51.589999999999996,0.0,0.0,0.0,0.0,0.0,198.7,23581.0,44606.0,23.9,11.9,53.0,30.059999999999995,9.45,175.0,0.0,0.0,
2026-03-29T02:30:00,03/29/202602:30,20.5,0.0,0.0,51.589999999999996,0.0,0.0,0.0,0.0,0.0,198.7,23581.0,44606.0,23.8,11.9,53.0,30.059999999999995,9.45,175.0,0.0,0.0,
2026-03-29T02:31:00,03/29/202602:31,20.5,0.0,0.0,51.589999999999996,0.0,0.0,0.0,0.0,0.0,198.7,23581.0,44606.0,23.8,11.9,53.0,30.059999999999995,9.45,175.0,0.0,0.0,
2026-03-29T02:32:01,03/29/202602:32,20.5,0.0,0.0,51.589999999999996,0.0,0.0,0.0,0.0,0.0,198.7,23581.0,44606.0,23.8,11.89,52.9,30.059999999999995,9.468,175.1,0.0,0.0,
2026-03-29T02:33:01,03/29/202602:33,20.5,0.0,0.0,51.589999999999996,0.0,0.0,0.0,0.0,0.0,198.7,23581.0,44606.0,23.8,11.88,52.8,30.059999999999995,9.486,175.2,0.0,0.0,
2026-03-29T02:34:00,03/29/202602:34,20.5,0.0,0.0,51.589999999999996,0.0,0.0,0.0,0.0,0.0,198.7,23581.0,44606.0,23.9,11.870000000000001,52.7,30.059999999999995,9.504,175.3,0.0,0.0,
2026-03-29T02:35:01,03/29/202602:35,20.5,0.0,0.0,51.58,0.0,0.0,0.0,0.0,0.0,198.7,23581.0,44606.0,23.8,11.860000000000001,52.6,30.059999999999995,9.522,175.4,0.0,0.0,
2026-03-29T02:36:01,03/29/202602:36,20.5,0.0,0.0,51.58,0.0,0.0,0.0,0.0,0.0,198.7,23581.0,44606.0,23.8,11.85,52.5,30.059999999999995,9.540000000000001,175.5,0.0,0.0,
2026-03-29T02:37:45,03/29/202602:37,20.5,0.0,0.0,51.58,0.0,0.0,0.0,0.0,0.0,198.7,23581.0,44606.0,23.8,11.84,52.4,30.059999999999995,9.558,175.6,0.0,0.0,
2026-03-29T02:38:01,03/29/202602:38,20.5,0.0,0.0,51.58,0.0,0.0,0.0,0.0,0.0,198.7,23581.0,44606.0,23.8,11.830000000000002,52.3,30.059999999999995,9.576,175.7,0.0,0.0,
2026-03-29T02:39:00,03/29/202602:39,20.5,0.0,0.0,51.589999999999996,0.0,0.0,0.0,0.0,0.0,198.7,23581.0,44606.0,23.8,11.82,52.2,30.059999999999995,9.594,175.8,0.0,0.0,
2026-03-29T02:40:01,03/29/202602:40,20.5,0.0,0.0,51.589999999999996,0.0,0.0,0.0,0.0,0.0,198.7,23581.0,44606.0,23.8,11.81,52.1,30.059999999999995,9.612,175.9,0.0,0.0,
2026-03-29T02:41:00,03/29/202602:41,20.5,0.0,0.0,51.589999999999996,0.0,0.0,0.0,0.0,0.0,198.7,23581.0,44606.0,23.8,11.8,52.0,30.059999999999995,9.63,176.0,0.0,0.0,
2026-03-29T02:42:00,03/29/202602:42,20.5,0.0,0.0,51.58,0.0,0.0,0.0,0.0,0.0,198.7,23581.0,44606.0,23.8,11.8,52.0,30.059999999999995,9.63,176.0,0.0,0.0,
2026-03-29T02:43:00,03/29/202602:43,20.5,0.0,0.0,51.57000000000001,0.0,0.0,0.0,0.0,0.0,198.7,23581.0,44606.0,23.8,11.8,52.0,30.059999999999995,9.63,176.0,0.0,0.0,
2026-03-29T02:44:00,03/29/202602:44,20.5,0.0,0.0,51.57000000000001,0.0,0.0,0.0,0.0,0.0,198.7,23581.0,44606.0,23.8,11.8,52.0,30.059999999999995,9.63,176.0,0.0,0.0,
2026-03-29T02:45:00,03/29/202602:45,20.5,0.0,0.0,51.58,0.0,0.0,0.0,0.0,0.0,198.7,23581.0,44606.0,23.8,11.8,52.0,30.059999999999995,9.63,176.0,0.0,0.0,
2026-03-29T02:46:01,03/29/202602:46,20.5,0.0,0.0,51.58,0.0,0.0,0.0,0.0,0.0,198.7,23581.0,44606.0,23.8,11.8,52.0,30.059999999999995,9.63,176.0,0.0,0.0,
2026-03-29T02:47:00,03/29/202602:47,20.5,0.0,0.0,51.58,0.0,0.0,0.0,0.0,0.0,198.7,23581.0,44606.0,23.8,11.780000000000001,51.9,30.059999999999995,9.636000000000001,175.7,0.0,0.0,
2026-03-29T02:48:56,03/29/202602:48,20.5,0.0,0.0,51.58,0.0,0.0,0.0,0.0,0.0,198.7,23581.0,44606.0,23.8,11.760000000000002,51.8,30.059999999999995,9.642,175.4,0.0,0.0,
2026-03-29T02:49:01,03/29/202602:49,20.5,0.0,0.0,51.58,0.0,0.0,0.0,0.0,0.0,198.7,23581.0,44606.0,23.8,11.74,51.7,30.059999999999995,9.648,175.1,0.0,0.0,
2026-03-29T02:50:00,03/29/202602:50,20.5,0.0,0.0,51.58,0.0,0.0,0.0,0.0,0.0,198.7,23581.0,44606.0,23.8,11.72,51.6,30.059999999999995,9.654,174.8,0.0,0.0,
2026-03-29T02:51:00,03/29/202602:51,20.5,0.0,0.0,51.58,0.0,0.0,0.0,0.0,0.0,198.7,23581.0,44606.0,23.8,11.7,51.5,30.059999999999995,9.66,174.5,0.0,0.0,
2026-03-29T02:52:00,03/29/202602:52,20.5,0.0,0.0,51.589999999999996,0.0,0.0,0.0,0.0,0.0,198.7,23581.0,44606.0,23.8,11.68,51.4,30.059999999999995,9.666,174.2,0.0,0.0,
2026-03-29T02:53:01,03/29/202602:53,20.5,0.0,0.0,51.589999999999996,0.0,0.0,0.0,0.0,0.0,198.7,23581.0,44606.0,23.8,11.66,51.3,30.059999999999995,9.672,173.9,0.0,0.0,
2026-03-29T02:54:00,03/29/202602:54,20.5,0.0,0.0,51.589999999999996,0.0,0.0,0.0,0.0,0.0,198.7,23581.0,44606.0,23.8,11.64,51.2,30.059999999999995,9.678,173.6,0.0,0.0,
2026-03-29T02:55:01,03/29/202602:55,20.5,0.0,0.0,51.589999999999996,0.0,0.0,0.0,0.0,0.0,198.7,23581.0,44606.0,23.8,11.620000000000001,51.1,30.059999999999995,9.684000000000001,173.3,0.0,0.0,
2026-03-29T02:56:01,03/29/202602:56,20.5,0.0,0.0,51.589999999999996,0.0,0.0,0.0,0.0,0.0,198.7,23581.0,44606.0,23.8,11.6,51.0,30.059999999999995,9.69,173.0,0.0,0.0,
2026-03-29T02:57:01,03/29/202602:57,20.5,0.0,0.0,51.589999999999996,0.0,0.0,0.0,0.0,0.0,198.7,23581.0,44606.0,23.8,11.58,51.0,30.059999999999995,9.69,173.0,0.0,0.0,
2026-03-29T02:58:00,03/29/202602:58,20.5,0.0,0.0,51.6,0.0,0.0,0.0,0.0,0.0,198.7,23581.0,44606.0,23.8,11.559999999999999,51.0,30.059999999999995,9.69,173.0,0.0,0.0,
2026-03-29T03:00:07,03/29/202603:00,20.5,0.0,0.0,51.6,0.0,0.0,0.0,0.0,0.0,198.7,23581.0,44606.0,23.8,11.540000000000001,51.0,30.059999999999995,9.597,173.3,0.0,0.0,
2026-03-29T03:01:00,03/29/202603:01,20.5,0.0,0.0,51.6,0.0,0.0,0.0,0.0,0.0,198.7,23581.0,44606.0,23.8,11.52,51.0,30.059999999999995,9.504,173.6,0.0,0.0,
2026-03-29T03:02:00,03/29/202603:02,20.5,0.0,0.0,51.589999999999996,0.0,0.0,0.0,0.0,0.0,198.7,23581.0,44606.0,23.8,11.5,50.9,30.059999999999995,9.411,173.9,0.0,0.0,
2026-03-29T03:03:00,03/29/202603:03,20.5,0.0,0.0,51.58,0.0,0.0,0.0,0.0,0.0,198.7,23581.0,44606.0,23.8,11.48,50.8,30.059999999999995,9.318,174.2,0.0,0.0,
2026-03-29T03:04:00,03/29/202603:04,20.5,0.0,0.0,51.589999999999996,0.0,0.0,0.0,0.0,0.0,198.7,23581.0,44606.0,23.8,11.459999999999999,50.7,30.059999999999995,9.225,174.5,0.0,0.0,
2026-03-29T03:05:01,03/29/202603:05,20.5,0.0,0.0,51.589999999999996,0.0,0.0,0.0,0.0,0.0,198.7,23581.0,44606.0,23.8,11.440000000000001,50.6,30.059999999999995,9.132,174.8,0.0,0.0,
2026-03-29T03:06:27,03/29/202603:06,20.5,0.0,0.0,51.589999999999996,0.0,0.0,0.0,0.0,0.0,198.7,23581.0,44606.0,23.8,11.42,50.5,30.059999999999995,9.039,175.1,0.0,0.0,
2026-03-29T03:07:01,03/29/202603:07,20.5,0.0,0.0,51.589999999999996,0.0,0.0,0.0,0.0,0.0,198.7,23581.0,44606.0,23.8,11.4,50.4,30.059999999999995,8.946,175.4,0.0,0.0,
2026-03-29T03:08:01,03/29/202603:08,20.5,0.0,0.0,51.58,0.0,0.0,0.0,0.0,0.0,198.7,23581.0,44606.0,23.8,11.4,50.3,30.059999999999995,8.853,175.7,0.0,0.0,
2026-03-29T03:08:28,03/29/202603:08,20.490000000000002,0.0,0.0,51.57000000000001,0.0,0.0,0.0,0.0,0.0,198.7,23581.0,44606.0,23.8,11.4,50.2,30.059999999999995,8.76,176.0,0.0,0.0,
2026-03-29T03:09:00,03/29/202603:09,20.48,0.0,0.0,51.57000000000001,0.0,0.0,0.0,0.0,0.0,198.7,23581.0,44606.0,23.8,11.4,50.1,30.059999999999995,8.76,176.0,0.0,0.0,
2026-03-29T03:10:01,03/29/202603:10,20.47,0.0,0.0,51.56,0.0,0.0,0.0,0.0,0.0,198.7,23581.0,44606.0,23.8,11.4,50.0,30.059999999999995,8.76,176.0,0.0,0.0,
2026-03-29T03:11:18,03/29/202603:11,20.47,0.0,0.0,51.56,0.0,0.0,0.0,0.0,0.0,198.7,23581.0,44606.0,23.8,11.4,50.0,30.059999999999995,8.76,176.0,0.0,0.0,
2026-03-29T03:12:00,03/29/202603:12,20.47,0.0,0.0,51.56,0.0,0.0,0.0,0.0,0.0,198.7,23581.0,44606.0,23.8,11.4,50.0,30.059999999999995,8.76,176.0,0.0,0.0,
2026-03-29T03:13:00,03/29/202603:13,20.47,0.0,0.0,51.56,0.0,0.0,0.0,0.0,0.0,198.7,23581.0,44606.0,23.8,11.4,50.0,30.059999999999995,8.76,176.0,0.0,0.0,
2026-03-29T03:13:06,03/29/202603:13,20.46,0.0,0.0,51.55,0.0,0.0,0.0,0.0,0.0,198.7,23581.0,44606.0,23.8,11.4,50.0,30.059999999999995,8.76,176.0,0.0,0.0,
2026-03-29T03:14:00,03/29/202603:14,20.45,0.0,0.0,51.54,0.0,0.0,0.0,0.0,0.0,198.7,23581.0,44606.0,23.8,11.4,50.0,30.059999999999995,8.76,176.0,0.0,0.0,
2026-03-29T03:15:01,03/29/202603:15,20.439999999999998,0.0,0.0,51.54,0.0,0.0,0.0,0.0,0.0,198.7,23581.0,44606.0,23.8,11.4,50.0,30.059999999999995,8.76,176.0,0.0,0.0,
2026-03-29T03:15:07,03/29/202603:15,20.439999999999998,0.0,0.0,51.54,0.0,0.0,0.0,0.0,0.0,198.7,23581.0,44606.0,23.8,11.4,50.1,30.059999999999995,8.76,176.0,0.0,0.0,
2026-03-29T03:16:01,03/29/202603:16,20.45,0.0,0.0,51.529999999999994,0.0,0.0,0.0,0.0,0.0,198.7,23581.0,44606.0,23.8,11.4,50.2,30.059999999999995,8.76,176.0,0.0,0.0,
2026-03-29T03:17:00,03/29/202603:17,20.46,0.0,0.0,51.529999999999994,0.0,0.0,0.0,0.0,0.0,198.7,23581.0,44606.0,23.8,11.39,50.3,30.059999999999995,8.76,175.8,0.0,0.0,
2026-03-29T03:18:00,03/29/202603:18,20.47,0.0,0.0,51.529999999999994,0.0,0.0,0.0,0.0,0.0,198.7,23581.0,44606.0,23.8,11.38,50.4,30.059999999999995,8.76,175.6,0.0,0.0,
2026-03-29T03:19:01,03/29/202603:19,20.47,0.0,0.0,51.54,0.0,0.0,0.0,0.0,0.0,198.7,23581.0,44606.0,23.8,11.370000000000001,50.5,30.059999999999995,8.76,175.4,0.0,0.0,
2026-03-29T03:20:00,03/29/202603:20,20.47,0.0,0.0,51.54,0.0,0.0,0.0,0.0,0.0,198.7,23581.0,44606.0,23.8,11.360000000000001,50.6,30.059999999999995,8.76,175.2,0.0,0.0,
2026-03-29T03:21:00,03/29/202603:21,20.47,0.0,0.0,51.54,0.0,0.0,0.0,0.0,0.0,198.7,23581.0,44606.0,23.8,11.35,50.7,30.059999999999995,8.76,175.0,0.0,0.0,
2026-03-29T03:22:29,03/29/202603:22,20.48,0.0,0.0,51.55,0.0,0.0,0.0,0.0,0.0,198.7,23581.0,44606.0,23.8,11.34,50.8,30.059999999999995,8.76,174.8,0.0,0.0,
2026-03-29T03:23:01,03/29/202603:23,20.490000000000002,0.0,0.0,51.56,0.0,0.0,0.0,0.0,0.0,198.7,23581.0,44606.0,23.8,11.330000000000002,50.9,30.059999999999995,8.76,174.6,0.0,0.0,
2026-03-29T03:24:01,03/29/202603:24,20.5,0.0,0.0,51.56,0.0,0.0,0.0,0.0,0.0,198.7,23581.0,44606.0,23.8,11.32,51.0,30.059999999999995,8.76,174.4,0.0,0.0,
2026-03-29T03:25:01,03/29/202603:25,20.5,0.0,0.0,51.56,0.0,0.0,0.0,0.0,0.0,198.7,23581.0,44606.0,23.8,11.31,51.0,30.059999999999995,8.76,174.2,0.0,0.0,
2026-03-29T03:26:28,03/29/202603:26,20.5,0.0,0.0,51.57000000000001,0.0,0.0,0.0,0.0,0.0,198.7,23581.0,44606.0,23.8,11.3,51.0,30.059999999999995,8.76,174.0,0.0,0.0,
2026-03-29T03:27:01,03/29/202603:27,20.5,0.0,0.0,51.57000000000001,0.0,0.0,0.0,0.0,0.0,198.7,23581.0,44606.0,23.8,11.3,51.0,30.059999999999995,8.76,174.0,0.0,0.0,
2026-03-29T03:28:01,03/29/202603:28,20.5,0.0,0.0,51.57000000000001,0.0,0.0,0.0,0.0,0.0,198.7,23581.0,44606.0,23.8,11.3,51.0,30.059999999999995,8.76,174.0,0.0,0.0,
2026-03-29T03:28:28,03/29/202603:28,20.490000000000002,0.0,0.0,51.57000000000001,0.0,0.0,0.0,0.0,0.0,198.7,23581.0,44606.0,23.8,11.3,51.0,30.059999999999995,8.76,174.0,0.0,0.0,
2026-03-29T03:28:34,03/29/202603:28,20.490000000000002,0.0,0.0,51.58,0.0,0.0,0.0,0.0,0.0,198.7,23581.0,44606.0,23.8,11.3,51.0,30.059999999999995,8.76,174.0,0.0,0.0,
2026-03-29T03:29:01,03/29/202603:29,20.490000000000002,0.0,0.0,51.57000000000001,0.0,0.0,0.0,0.0,0.0,198.7,23581.0,44606.0,23.8,11.3,51.0,30.059999999999995,8.76,174.0,0.0,0.0,
2026-03-29T03:30:01,03/29/202603:30,20.490000000000002,0.0,0.0,51.56,0.0,0.0,0.0,0.0,0.0,198.7,23581.0,44606.0,23.8,11.3,51.0,30.059999999999995,8.76,174.0,0.0,0.0,
2026-03-29T03:31:01,03/29/202603:31,20.490000000000002,0.0,0.0,51.55,0.0,0.0,0.0,0.0,0.0,198.7,23581.0,44606.0,23.8,11.3,50.9,30.059999999999995,8.779,174.2,0.0,0.0,
2026-03-29T03:32:01,03/29/202603:32,20.490000000000002,0.0,0.0,51.54,0.0,0.0,0.0,0.0,0.0,198.7,23581.0,44606.0,23.8,11.3,50.8,30.059999999999995,8.797999999999998,174.4,0.0,0.0,
2026-03-29T03:33:41,03/29/202603:33,20.48,0.0,0.0,51.55,0.0,0.0,0.0,0.0,0.0,198.7,23581.0,44606.0,23.8,11.3,50.7,30.059999999999995,8.817,174.6,0.0,0.0,
2026-03-29T03:34:00,03/29/202603:34,20.47,0.0,0.0,51.55,0.0,0.0,0.0,0.0,0.0,198.7,23581.0,44606.0,23.8,11.3,50.6,30.059999999999995,8.836,174.8,0.0,0.0,
2026-03-29T03:34:06,03/29/202603:34,20.47,0.0,0.0,51.54,0.0,0.0,0.0,0.0,0.0,198.7,23581.0,44606.0,23.8,11.3,50.5,30.059999999999995,8.855,175.0,0.0,0.0,
2026-03-29T03:35:00,03/29/202603:35,20.47,0.0,0.0,51.54,0.0,0.0,0.0,0.0,0.0,198.7,23581.0,44606.0,23.8,11.3,50.4,30.059999999999995,8.873999999999999,175.2,0.0,0.0,
2026-03-29T03:36:00,03/29/202603:36,20.48,0.0,0.0,51.54,0.0,0.0,0.0,0.0,0.0,198.7,23581.0,44606.0,23.8,11.3,50.3,30.059999999999995,8.892999999999999,175.4,0.0,0.0,
2026-03-29T03:37:01,03/29/202603:37,20.48,0.0,0.0,51.529999999999994,0.0,0.0,0.0,0.0,0.0,198.7,23581.0,44606.0,23.8,11.3,50.2,30.059999999999995,8.911999999999999,175.6,0.0,0.0,
2026-03-29T03:38:01,03/29/202603:38,20.48,0.0,0.0,51.529999999999994,0.0,0.0,0.0,0.0,0.0,198.7,23581.0,44606.0,23.8,11.3,50.1,30.059999999999995,8.931,175.8,0.0,0.0,
2026-03-29T03:38:07,03/29/202603:38,20.47,0.0,0.0,51.529999999999994,0.0,0.0,0.0,0.0,0.0,198.7,23581.0,44606.0,23.8,11.3,50.0,30.059999999999995,8.95,176.0,0.0,0.0,
2026-03-29T03:39:00,03/29/202603:39,20.46,0.0,0.0,51.529999999999994,0.0,0.0,0.0,0.0,0.0,198.7,23581.0,44606.0,23.8,11.3,50.0,30.059999999999995,8.95,176.0,0.0,0.0,
2026-03-29T03:39:07,03/29/202603:39,20.46,0.0,0.0,51.529999999999994,0.0,0.0,0.0,0.0,0.0,198.7,23581.0,44606.0,23.8,11.3,50.0,30.059999999999995,8.95,176.0,0.0,0.0,
2026-03-29T03:39:56,03/29/202603:39,20.46,0.0,0.0,51.52,0.0,0.0,0.0,0.0,0.0,198.7,23581.0,44606.0,23.8,11.3,50.0,30.059999999999995,8.95,176.0,0.0,0.0,
2026-03-29T03:40:00,03/29/202603:40,20.46,0.0,0.0,51.510000000000005,0.0,0.0,0.0,0.0,0.0,198.7,23581.0,44606.0,23.8,11.3,50.0,30.059999999999995,8.95,176.0,0.0,0.0,
2026-03-29T03:41:01,03/29/202603:41,20.45,0.0,0.0,51.510000000000005,0.0,0.0,0.0,0.0,0.0,198.7,23581.0,44606.0,23.8,11.3,50.0,30.059999999999995,8.95,176.0,0.0,0.0,
2026-03-29T03:41:56,03/29/202603:41,20.45,0.0,0.0,51.510000000000005,0.0,0.0,0.0,0.0,0.0,198.7,23581.0,44606.0,23.8,11.3,50.0,30.059999999999995,8.95,176.0,0.0,0.0,
2026-03-29T03:42:01,03/29/202603:42,20.45,0.0,0.0,51.5,0.0,0.0,0.0,0.0,0.0,198.7,23581.0,44606.0,23.8,11.3,50.0,30.059999999999995,8.95,176.0,0.0,0.0,
2026-03-29T03:43:01,03/29/202603:43,20.45,0.0,0.0,51.5,0.0,0.0,0.0,0.0,0.0,198.7,23581.0,44606.0,23.8,11.290000000000001,50.0,30.059999999999995,8.95,176.0,0.0,0.0,
2026-03-29T03:44:52,03/29/202603:44,20.439999999999998,0.0,0.0,51.510000000000005,0.0,0.0,0.0,0.0,0.0,198.7,23581.0,44606.0,23.8,11.280000000000001,50.0,30.059999999999995,8.95,176.1,0.0,0.0,
2026-03-29T03:45:01,03/29/202603:45,20.439999999999998,0.0,0.0,51.510000000000005,0.0,0.0,0.0,0.0,0.0,198.7,23581.0,44606.0,23.8,11.27,50.0,30.059999999999995,8.975,176.2,0.0,0.0,
2026-03-29T03:46:01,03/29/202603:46,20.439999999999998,0.0,0.0,51.510000000000005,0.0,0.0,0.0,0.0,0.0,198.7,23581.0,44606.0,23.8,11.26,50.0,30.059999999999995,9.111,176.5,0.0,0.0,
2026-03-29T03:46:57,03/29/202603:46,20.439999999999998,0.0,0.0,51.510000000000005,0.0,0.0,0.0,0.0,0.0,198.7,23581.0,44606.0,23.8,11.25,50.0,30.059999999999995,9.247,176.8,0.0,0.0,
2026-03-29T03:47:01,03/29/202603:47,20.45,0.0,0.0,51.510000000000005,0.0,0.0,0.0,0.0,0.0,198.7,23581.0,44606.0,23.8,11.24,50.0,30.059999999999995,9.383,177.1,0.0,0.0,
2026-03-29T03:48:01,03/29/202603:48,20.46,0.0,0.0,51.510000000000005,0.0,0.0,0.0,0.0,0.0,198.7,23581.0,44606.0,23.8,11.23,50.0,30.059999999999995,9.519,177.4,0.0,0.0,
2026-03-29T03:48:33,03/29/202603:48,20.46,0.0,0.0,51.510000000000005,0.0,0.0,0.0,0.0,0.0,198.7,23581.0,44606.0,23.8,11.219999999999999,50.0,30.059999999999995,9.655,177.7,0.0,0.0,
2026-03-29T03:49:01,03/29/202603:49,20.45,0.0,0.0,51.510000000000005,0.0,0.0,0.0,0.0,0.0,198.7,23581.0,44606.0,23.8,11.209999999999999,50.0,30.059999999999995,9.791,178.0,0.0,0.0,
2026-03-29T03:50:01,03/29/202603:50,20.439999999999998,0.0,0.0,51.52,0.0,0.0,0.0,0.0,0.0,198.7,23581.0,44606.0,23.8,11.2,50.0,30.059999999999995,9.927,178.3,0.0,0.0,
2026-03-29T03:51:01,03/29/202603:51,20.43,0.0,0.0,51.52,0.0,0.0,0.0,0.0,0.0,198.7,23581.0,44606.0,23.8,11.2,50.0,30.059999999999995,10.062999999999999,178.6,0.0,0.0,
2026-03-29T03:51:32,03/29/202603:51,20.439999999999998,0.0,0.0,51.52,0.0,0.0,0.0,0.0,0.0,198.7,23581.0,44606.0,23.8,11.2,50.0,30.059999999999995,10.199000000000002,178.8,0.0,0.0,
2026-03-29T03:52:01,03/29/202603:52,20.45,0.0,0.0,51.529999999999994,0.0,0.0,0.0,0.0,0.0,198.7,23581.0,44606.0,23.8,11.2,50.0,30.059999999999995,10.31,179.0,0.0,0.0,
2026-03-29T03:53:01,03/29/202603:53,20.46,0.0,0.0,51.529999999999994,0.0,0.0,0.0,0.0,0.0,198.7,23581.0,44606.0,23.8,11.2,50.0,30.059999999999995,10.31,179.0,0.0,0.0,
2026-03-29T03:54:01,03/29/202603:54,20.46,0.0,0.0,51.52,0.0,0.0,0.0,0.0,0.0,198.7,23581.0,44606.0,23.8,11.2,50.0,30.059999999999995,10.31,179.0,0.0,0.0,
2026-03-29T03:54:33,03/29/202603:54,20.45,0.0,0.0,51.52,0.0,0.0,0.0,0.0,0.0,198.7,23581.0,44606.0,23.8,11.2,50.0,30.059999999999995,10.31,179.0,0.0,0.0,
2026-03-29T03:56:04,03/29/202603:56,20.439999999999998,0.0,0.0,51.52,0.0,0.0,0.0,0.0,0.0,198.7,23581.0,44606.0,23.8,11.2,50.0,30.059999999999995,10.31,179.0,0.0,0.0,
2026-03-29T03:57:00,03/29/202603:57,20.439999999999998,0.0,0.0,51.52,0.0,0.0,0.0,0.0,0.0,198.7,23581.0,44606.0,23.8,11.2,50.0,30.059999999999995,10.31,179.0,0.0,0.0,
2026-03-29T03:58:00,03/29/202603:58,20.439999999999998,0.0,0.0,51.52,0.0,0.0,0.0,0.0,0.0,198.7,23581.0,44606.0,23.8,11.2,50.0,30.059999999999995,10.31,179.0,0.0,0.0,
2026-03-29T03:59:01,03/29/202603:59,20.439999999999998,0.0,0.0,51.510000000000005,0.0,0.0,0.0,0.0,0.0,198.7,23581.0,44606.0,23.8,11.2,50.0,30.059999999999995,10.31,179.0,0.0,0.0,
2026-03-29T04:00:01,03/29/202604:00,20.439999999999998,0.0,0.0,51.510000000000005,0.0,0.0,0.0,0.0,0.0,198.7,23581.0,44606.0,23.8,11.2,50.0,30.059999999999995,10.31,179.0,0.0,0.0,
2026-03-29T04:01:00,03/29/202604:01,20.43,0.0,0.0,51.5,0.0,0.0,0.0,0.0,0.0,198.7,23581.0,44606.0,23.8,11.2,50.0,30.059999999999995,10.31,179.0,0.0,0.0,
2026-03-29T04:02:00,03/29/202604:02,20.419999999999998,0.0,0.0,51.489999999999995,0.0,0.0,0.0,0.0,0.0,198.7,23581.0,44606.0,23.8,11.2,50.0,30.059999999999995,10.354000000000001,179.3,0.0,0.0,
2026-03-29T04:03:01,03/29/202604:03,20.41,0.0,0.0,51.489999999999995,0.0,0.0,0.0,0.0,0.0,198.7,23581.0,44606.0,23.8,11.2,50.0,30.059999999999995,10.398,179.6,0.0,0.0,
2026-03-29T04:04:00,03/29/202604:04,20.4,0.0,0.0,51.5,0.0,0.0,0.0,0.0,0.0,198.7,23581.0,44606.0,23.8,11.2,50.0,30.059999999999995,10.442,179.9,0.0,0.0,
2026-03-29T04:05:00,03/29/202604:05,20.4,0.0,0.0,51.5,0.0,0.0,0.0,0.0,0.0,198.7,23581.0,44606.0,23.9,11.2,50.0,30.059999999999995,10.486,180.2,0.0,0.0,
2026-03-29T04:06:00,03/29/202604:06,20.4,0.0,0.0,51.5,0.0,0.0,0.0,0.0,0.0,198.7,23581.0,44606.0,23.8,11.2,50.0,30.059999999999995,10.53,180.5,0.0,0.0,
2026-03-29T04:07:15,03/29/202604:07,20.4,0.0,0.0,51.5,0.0,0.0,0.0,0.0,0.0,198.7,23581.0,44606.0,23.8,11.2,50.0,30.059999999999995,10.574000000000002,180.8,0.0,0.0,
2026-03-29T04:08:00,03/29/202604:08,20.4,0.0,0.0,51.5,0.0,0.0,0.0,0.0,0.0,198.7,23581.0,44606.0,23.8,11.2,50.0,30.059999999999995,10.618,181.1,0.0,0.0,
2026-03-29T04:09:00,03/29/202604:09,20.4,0.0,0.0,51.5,0.0,0.0,0.0,0.0,0.0,198.7,23581.0,44606.0,23.8,11.2,50.0,30.059999999999995,10.662,181.4,0.0,0.0,
2026-03-29T04:10:00,03/29/202604:10,20.4,0.0,0.0,51.5,0.0,0.0,0.0,0.0,0.0,198.7,23581.0,44606.0,23.8,11.2,50.0,30.059999999999995,10.706,181.7,0.0,0.0,
2026-03-29T04:11:01,03/29/202604:11,20.4,0.0,0.0,51.5,0.0,0.0,0.0,0.0,0.0,198.7,23581.0,44606.0,23.8,11.2,50.0,30.059999999999995,10.75,182.0,0.0,0.0,
2026-03-29T04:12:00,03/29/202604:12,20.4,0.0,0.0,51.489999999999995,0.0,0.0,0.0,0.0,0.0,198.7,23581.0,44606.0,23.8,11.2,50.0,30.059999999999995,10.75,182.0,0.0,0.0,
2026-03-29T04:13:01,03/29/202604:13,20.4,0.0,0.0,51.489999999999995,0.0,0.0,0.0,0.0,0.0,198.7,23581.0,44606.0,23.8,11.2,50.0,30.059999999999995,10.75,182.0,0.0,0.0,
2026-03-29T04:14:01,03/29/202604:14,20.4,0.0,0.0,51.489999999999995,0.0,0.0,0.0,0.0,0.0,198.7,23581.0,44606.0,23.8,11.2,50.0,30.059999999999995,10.75,182.0,0.0,0.0,
2026-03-29T04:15:00,03/29/202604:15,20.4,0.0,0.0,51.489999999999995,0.0,0.0,0.0,0.0,0.0,198.7,23581.0,44606.0,23.8,11.2,50.0,30.059999999999995,10.75,182.0,0.0,0.0,
2026-03-29T04:16:00,03/29/202604:16,20.4,0.0,0.0,51.489999999999995,0.0,0.0,0.0,0.0,0.0,198.7,23581.0,44606.0,23.8,11.2,50.0,30.059999999999995,10.75,182.0,0.0,0.0,
2026-03-29T04:17:00,03/29/202604:17,20.4,0.0,0.0,51.489999999999995,0.0,0.0,0.0,0.0,0.0,198.7,23581.0,44606.0,23.8,11.18,50.2,30.059999999999995,10.75,182.3,0.0,0.0,
2026-03-29T04:18:26,03/29/202604:18,20.4,0.0,0.0,51.489999999999995,0.0,0.0,0.0,0.0,0.0,198.7,23581.0,44606.0,23.8,11.16,50.4,30.059999999999995,10.75,182.6,0.0,0.0,
2026-03-29T04:19:00,03/29/202604:19,20.4,0.0,0.0,51.489999999999995,0.0,0.0,0.0,0.0,0.0,198.7,23581.0,44606.0,23.8,11.139999999999999,50.6,30.059999999999995,10.75,182.9,0.0,0.0,
2026-03-29T04:20:00,03/29/202604:20,20.4,0.0,0.0,51.489999999999995,0.0,0.0,0.0,0.0,0.0,198.7,23581.0,44606.0,23.8,11.12,50.8,30.059999999999995,10.75,183.2,0.0,0.0,
2026-03-29T04:21:01,03/29/202604:21,20.4,0.0,0.0,51.489999999999995,0.0,0.0,0.0,0.0,0.0,198.7,23581.0,44606.0,23.8,11.1,51.0,30.059999999999995,10.75,183.5,0.0,0.0,
2026-03-29T04:22:01,03/29/202604:22,20.4,0.0,0.0,51.5,0.0,0.0,0.0,0.0,0.0,198.7,23581.0,44606.0,23.8,11.08,51.2,30.059999999999995,10.75,183.8,0.0,0.0,
2026-03-29T04:22:15,03/29/202604:22,20.389999999999997,0.0,0.0,51.5,0.0,0.0,0.0,0.0,0.0,198.7,23581.0,44606.0,23.8,11.059999999999999,51.4,30.059999999999995,10.75,184.1,0.0,0.0,
2026-03-29T04:23:00,03/29/202604:23,20.38,0.0,0.0,51.5,0.0,0.0,0.0,0.0,0.0,198.7,23581.0,44606.0,23.8,11.040000000000001,51.6,30.059999999999995,10.75,184.4,0.0,0.0,
2026-03-29T04:23:15,03/29/202604:23,20.38,0.0,0.0,51.5,0.0,0.0,0.0,0.0,0.0,198.7,23581.0,44606.0,23.8,11.02,51.8,30.059999999999995,10.75,184.7,0.0,0.0,
2026-03-29T04:24:00,03/29/202604:24,20.38,0.0,0.0,51.5,0.0,0.0,0.0,0.0,0.0,198.7,23581.0,44606.0,23.8,11.0,52.0,30.059999999999995,10.75,185.0,0.0,0.0,
2026-03-29T04:25:00,03/29/202604:25,20.38,0.0,0.0,51.5,0.0,0.0,0.0,0.0,0.0,198.7,23581.0,44606.0,23.8,11.0,52.0,30.059999999999995,10.75,185.0,0.0,0.0,
2026-03-29T04:26:00,03/29/202604:26,20.38,0.0,0.0,51.5,0.0,0.0,0.0,0.0,0.0,198.7,23581.0,44606.0,23.8,11.0,52.0,30.059999999999995,10.75,185.0,0.0,0.0,
2026-03-29T04:27:01,03/29/202604:27,20.38,0.0,0.0,51.5,0.0,0.0,0.0,0.0,0.0,198.7,23581.0,44606.0,23.8,11.0,52.0,30.059999999999995,10.75,185.0,0.0,0.0,
2026-03-29T04:28:01,03/29/202604:28,20.38,0.0,0.0,51.5,0.0,0.0,0.0,0.0,0.0,198.7,23581.0,44606.0,23.8,11.0,52.0,30.059999999999995,10.75,185.0,0.0,0.0,
2026-03-29T04:29:37,03/29/202604:29,20.38,0.0,0.0,51.5,0.0,0.0,0.0,0.0,0.0,198.7,23581.0,44606.0,23.8,11.0,52.0,30.059999999999995,10.75,185.0,0.0,0.0,
2026-03-29T04:30:00,03/29/202604:30,20.38,0.0,0.0,51.5,0.0,0.0,0.0,0.0,0.0,198.7,23581.0,44606.0,23.8,11.0,52.0,30.059999999999995,10.75,185.0,0.0,0.0,
2026-03-29T04:30:15,03/29/202604:30,20.38,0.0,0.0,51.510000000000005,0.0,0.0,0.0,0.0,0.0,198.7,23581.0,44606.0,23.8,11.0,52.0,30.059999999999995,10.75,185.0,0.0,0.0,
2026-03-29T04:31:01,03/29/202604:31,20.38,0.0,0.0,51.52,0.0,0.0,0.0,0.0,0.0,198.7,23581.0,44606.0,23.8,11.0,52.0,30.059999999999995,10.75,185.0,0.0,0.0,
2026-03-29T04:32:01,03/29/202604:32,20.369999999999997,0.0,0.0,51.52,0.0,0.0,0.0,0.0,0.0,198.7,23581.0,44606.0,23.8,10.98,52.2,30.059999999999995,10.731,185.1,0.0,0.0,
2026-03-29T04:32:15,03/29/202604:32,20.369999999999997,0.0,0.0,51.52,0.0,0.0,0.0,0.0,0.0,198.7,23581.0,44606.0,23.8,10.959999999999999,52.4,30.059999999999995,10.712,185.2,0.0,0.0,
2026-03-29T04:33:01,03/29/202604:33,20.369999999999997,0.0,0.0,51.52,0.0,0.0,0.0,0.0,0.0,198.7,23581.0,44606.0,23.8,10.940000000000001,52.6,30.059999999999995,10.693000000000001,185.3,0.0,0.0,
2026-03-29T04:34:00,03/29/202604:34,20.369999999999997,0.0,0.0,51.52,0.0,0.0,0.0,0.0,0.0,198.7,23581.0,44606.0,23.8,10.92,52.8,30.059999999999995,10.674000000000001,185.4,0.0,0.0,
2026-03-29T04:35:01,03/29/202604:35,20.369999999999997,0.0,0.0,51.52,0.0,0.0,0.0,0.0,0.0,198.7,23581.0,44606.0,23.8,10.9,53.0,30.059999999999995,10.655,185.5,0.0,0.0,
2026-03-29T04:36:01,03/29/202604:36,20.369999999999997,0.0,0.0,51.52,0.0,0.0,0.0,0.0,0.0,198.7,23581.0,44606.0,23.8,10.89,53.2,30.059999999999995,10.636,185.6,0.0,0.0,
2026-03-29T04:37:01,03/29/202604:37,20.369999999999997,0.0,0.0,51.52,0.0,0.0,0.0,0.0,0.0,198.7,23581.0,44606.0,23.8,10.88,53.4,30.059999999999995,10.624,185.9,0.0,0.0,
2026-03-29T04:38:00,03/29/202604:38,20.369999999999997,0.0,0.0,51.52,0.0,0.0,0.0,0.0,0.0,198.7,23581.0,44606.0,23.8,10.870000000000001,53.6,30.059999999999995,10.612,186.2,0.0,0.0,
2026-03-29T04:39:01,03/29/202604:39,20.38,0.0,0.0,51.510000000000005,0.0,0.0,0.0,0.0,0.0,198.7,23581.0,44606.0,23.8,10.860000000000001,53.8,30.059999999999995,10.6,186.5,0.0,0.0,
2026-03-29T04:40:48,03/29/202604:40,20.389999999999997,0.0,0.0,51.5,0.0,0.0,0.0,0.0,0.0,198.7,23581.0,44606.0,23.8,10.85,54.0,30.059999999999995,10.588000000000001,186.8,0.0,0.0,
2026-03-29T04:41:00,03/29/202604:41,20.4,0.0,0.0,51.5,0.0,0.0,0.0,0.0,0.0,198.7,23581.0,44606.0,23.8,10.860000000000001,54.0,30.059999999999995,10.595,187.0,0.0,0.0,
2026-03-29T04:42:00,03/29/202604:42,20.4,0.0,0.0,51.5,0.0,0.0,0.0,0.0,0.0,198.7,23581.0,44606.0,23.8,10.870000000000001,54.0,30.059999999999995,10.602,187.2,0.0,0.0,
2026-03-29T04:43:01,03/29/202604:43,20.4,0.0,0.0,51.5,0.0,0.0,0.0,0.0,0.0,198.7,23581.0,44606.0,23.8,10.88,54.0,30.059999999999995,10.609,187.4,0.0,0.0,
2026-03-29T04:44:01,03/29/202604:44,20.4,0.0,0.0,51.5,0.0,0.0,0.0,0.0,0.0,198.7,23581.0,44606.0,23.8,10.89,54.0,30.059999999999995,10.616000000000001,187.6,0.0,0.0,
2026-03-29T04:45:00,03/29/202604:45,20.4,0.0,0.0,51.5,0.0,0.0,0.0,0.0,0.0,198.7,23581.0,44606.0,23.8,10.9,54.0,30.059999999999995,10.623000000000001,187.8,0.0,0.0,
2026-03-29T04:45:23,03/29/202604:45,20.389999999999997,0.0,0.0,51.489999999999995,0.0,0.0,0.0,0.0,0.0,198.7,23581.0,44606.0,23.8,10.9,54.0,30.059999999999995,10.63,188.0,0.0,0.0,
2026-03-29T04:46:00,03/29/202604:46,20.38,0.0,0.0,51.48,0.0,0.0,0.0,0.0,0.0,198.7,23581.0,44606.0,23.8,10.9,54.0,30.059999999999995,10.63,188.0,0.0,0.0,
2026-03-29T04:46:24,03/29/202604:46,20.38,0.0,0.0,51.48,0.0,0.0,0.0,0.0,0.0,198.7,23581.0,44606.0,23.8,10.89,54.2,30.059999999999995,10.623000000000001,187.8,0.0,0.0,
2026-03-29T04:47:01,03/29/202604:47,20.38,0.0,0.0,51.48,0.0,0.0,0.0,0.0,0.0,198.7,23581.0,44606.0,23.8,10.88,54.4,30.059999999999995,10.616000000000001,187.6,0.0,0.0,
2026-03-29T04:48:01,03/29/202604:48,20.38,0.0,0.0,51.470000000000006,0.0,0.0,0.0,0.0,0.0,198.7,23581.0,44606.0,23.8,10.870000000000001,54.6,30.059999999999995,10.609,187.4,0.0,0.0,
2026-03-29T04:49:01,03/29/202604:49,20.38,0.0,0.0,51.470000000000006,0.0,0.0,0.0,0.0,0.0,198.7,23581.0,44606.0,23.8,10.860000000000001,54.8,30.059999999999995,10.602,187.2,0.0,0.0,
2026-03-29T04:50:01,03/29/202604:50,20.38,0.0,0.0,51.470000000000006,0.0,0.0,0.0,0.0,0.0,198.7,23581.0,44606.0,23.8,10.85,55.0,30.059999999999995,10.595,187.0,0.0,0.0,
2026-03-29T04:52:00,03/29/202604:51,20.38,0.0,0.0,51.470000000000006,0.0,0.0,0.0,0.0,0.0,198.7,23581.0,44606.0,23.8,10.84,55.2,30.059999999999995,10.588000000000001,186.8,0.0,0.0,
2026-03-29T04:52:01,03/29/202604:52,20.38,0.0,0.0,51.470000000000006,0.0,0.0,0.0,0.0,0.0,198.7,23581.0,44606.0,23.8,10.830000000000002,55.4,30.059999999999995,10.581,186.6,0.0,0.0,
2026-03-29T04:53:01,03/29/202604:53,20.38,0.0,0.0,51.470000000000006,0.0,0.0,0.0,0.0,0.0,198.7,23581.0,44606.0,23.8,10.82,55.6,30.059999999999995,10.574000000000002,186.4,0.0,0.0,
2026-03-29T04:53:24,03/29/202604:53,20.38,0.0,0.0,51.470000000000006,0.0,0.0,0.0,0.0,0.0,198.7,23581.0,44606.0,23.8,10.81,55.8,30.059999999999995,10.567,186.2,0.0,0.0,
2026-03-29T04:54:01,03/29/202604:54,20.38,0.0,0.0,51.470000000000006,0.0,0.0,0.0,0.0,0.0,198.7,23581.0,44606.0,23.8,10.8,56.0,30.059999999999995,10.56,186.0,0.0,0.0,
2026-03-29T04:54:13,03/29/202604:54,20.38,0.0,0.0,51.46,0.0,0.0,0.0,0.0,0.0,198.7,23581.0,44606.0,23.8,10.8,56.0,30.059999999999995,10.56,186.0,0.0,0.0,
2026-03-29T04:55:00,03/29/202604:55,20.38,0.0,0.0,51.45,0.0,0.0,0.0,0.0,0.0,198.7,23581.0,44606.0,23.8,10.8,56.0,30.059999999999995,10.56,186.0,0.0,0.0,
2026-03-29T04:56:00,03/29/202604:56,20.38,0.0,0.0,51.45,0.0,0.0,0.0,0.0,0.0,198.7,23581.0,44606.0,23.8,10.8,56.0,30.059999999999995,10.56,186.0,0.0,0.0,
2026-03-29T04:56:13,03/29/202604:56,20.369999999999997,0.0,0.0,51.44,0.0,0.0,0.0,0.0,0.0,198.7,23581.0,44606.0,23.8,10.8,56.0,30.059999999999995,10.56,186.0,0.0,0.0,
2026-03-29T04:57:01,03/29/202604:57,20.36,0.0,0.0,51.42999999999999,0.0,0.0,0.0,0.0,0.0,198.7,23581.0,44606.0,23.8,10.8,56.0,30.059999999999995,10.56,186.0,0.0,0.0,
2026-03-29T04:58:00,03/29/202604:58,20.35,0.0,0.0,51.42,0.0,0.0,0.0,0.0,0.0,198.7,23581.0,44606.0,23.8,10.8,56.0,30.059999999999995,10.56,186.0,0.0,0.0,
2026-03-29T04:58:13,03/29/202604:58,20.35,0.0,0.0,51.410000000000004,0.0,0.0,0.0,0.0,0.0,198.7,23581.0,44606.0,23.8,10.8,56.0,30.059999999999995,10.56,186.0,0.0,0.0,
2026-03-29T04:59:00,03/29/202604:59,20.35,0.0,0.0,51.4,0.0,0.0,0.0,0.0,0.0,198.7,23581.0,44606.0,23.8,10.8,56.0,30.059999999999995,10.56,186.0,0.0,0.0,
2026-03-29T05:00:00,03/29/202605:00,20.36,0.0,0.0,51.410000000000004,0.0,0.0,0.0,0.0,0.0,198.7,23581.0,44606.0,23.8,10.8,56.0,30.059999999999995,10.56,186.0,0.0,0.0,
2026-03-29T05:01:01,03/29/202605:01,20.369999999999997,0.0,0.0,51.410000000000004,0.0,0.0,0.0,0.0,0.0,198.7,23581.0,44606.0,23.8,10.8,56.0,30.059999999999995,10.56,186.0,0.0,0.0,
2026-03-29T05:03:12,03/29/202605:03,20.369999999999997,0.0,0.0,51.42,0.0,0.0,0.0,0.0,0.0,198.7,23581.0,44606.0,23.8,10.780000000000001,56.2,30.059999999999995,10.517,186.0,0.0,0.0,
2026-03-29T05:04:00,03/29/202605:04,20.369999999999997,0.0,0.0,51.42999999999999,0.0,0.0,0.0,0.0,0.0,198.7,23581.0,44606.0,23.8,10.760000000000002,56.4,30.059999999999995,10.474,186.0,0.0,0.0,
2026-03-29T05:05:00,03/29/202605:05,20.369999999999997,0.0,0.0,51.44,0.0,0.0,0.0,0.0,0.0,198.7,23581.0,44606.0,23.8,10.74,56.6,30.059999999999995,10.431000000000001,186.0,0.0,0.0,
2026-03-29T05:06:00,03/29/202605:06,20.38,0.0,0.0,51.45,0.0,0.0,0.0,0.0,0.0,198.7,23581.0,44606.0,23.8,10.72,56.8,30.059999999999995,10.388000000000002,186.0,0.0,0.0,
2026-03-29T05:06:26,03/29/202605:06,20.38,0.0,0.0,51.46,0.0,0.0,0.0,0.0,0.0,198.7,23581.0,44606.0,23.8,10.7,57.0,30.059999999999995,10.345,186.0,0.0,0.0,
2026-03-29T05:07:00,03/29/202605:07,20.38,0.0,0.0,51.470000000000006,0.0,0.0,0.0,0.0,0.0,198.7,23581.0,44606.0,23.8,10.68,57.2,30.059999999999995,10.302000000000001,186.0,0.0,0.0,
2026-03-29T05:07:26,03/29/202605:07,20.38,0.0,0.0,51.48,0.0,0.0,0.0,0.0,0.0,198.7,23581.0,44606.0,23.8,10.66,57.4,30.059999999999995,10.259,186.0,0.0,0.0,
2026-03-29T05:08:00,03/29/202605:08,20.38,0.0,0.0,51.489999999999995,0.0,0.0,0.0,0.0,0.0,198.7,23581.0,44606.0,23.8,10.64,57.6,30.059999999999995,10.216000000000001,186.0,0.0,0.0,
2026-03-29T05:08:25,03/29/202605:08,20.369999999999997,0.0,0.0,51.48,0.0,0.0,0.0,0.0,0.0,198.7,23581.0,44606.0,23.8,10.620000000000001,57.8,30.059999999999995,10.173,186.0,0.0,0.0,
2026-03-29T05:09:01,03/29/202605:09,20.36,0.0,0.0,51.48,0.0,0.0,0.0,0.0,0.0,198.7,23581.0,44606.0,23.8,10.6,58.0,30.059999999999995,10.13,186.0,0.0,0.0,
2026-03-29T05:09:25,03/29/202605:09,20.36,0.0,0.0,51.470000000000006,0.0,0.0,0.0,0.0,0.0,198.7,23581.0,44606.0,23.8,10.6,58.1,30.059999999999995,10.13,186.0,0.0,0.0,
2026-03-29T05:10:00,03/29/202605:10,20.36,0.0,0.0,51.46,0.0,0.0,0.0,0.0,0.0,198.7,23581.0,44606.0,23.8,10.6,58.2,30.059999999999995,10.13,186.0,0.0,0.0,
2026-03-29T05:10:25,03/29/202605:10,20.35,0.0,0.0,51.45,0.0,0.0,0.0,0.0,0.0,198.7,23581.0,44606.0,23.8,10.6,58.3,30.059999999999995,10.13,186.0,0.0,0.0,
2026-03-29T05:11:00,03/29/202605:11,20.34,0.0,0.0,51.44,0.0,0.0,0.0,0.0,0.0,198.7,23581.0,44606.0,23.8,10.6,58.4,30.059999999999995,10.13,186.0,0.0,0.0,
2026-03-29T05:11:25,03/29/202605:11,20.35,0.0,0.0,51.44,0.0,0.0,0.0,0.0,0.0,198.7,23581.0,44606.0,23.8,10.6,58.5,30.059999999999995,10.13,186.0,0.0,0.0,
2026-03-29T05:12:00,03/29/202605:12,20.36,0.0,0.0,51.44,0.0,0.0,0.0,0.0,0.0,198.7,23581.0,44606.0,23.8,10.6,58.6,30.059999999999995,10.13,186.0,0.0,0.0,
2026-03-29T05:13:01,03/29/202605:13,20.36,0.0,0.0,51.42999999999999,0.0,0.0,0.0,0.0,0.0,198.7,23581.0,44606.0,23.8,10.6,58.7,30.059999999999995,10.13,186.0,0.0,0.0,
2026-03-29T05:14:22,03/29/202605:14,20.36,0.0,0.0,51.42,0.0,0.0,0.0,0.0,0.0,198.7,23581.0,44606.0,23.8,10.6,58.8,30.059999999999995,10.13,186.0,0.0,0.0,
2026-03-29T05:15:00,03/29/202605:15,20.369999999999997,0.0,0.0,51.42,0.0,0.0,0.0,0.0,0.0,198.7,23581.0,44606.0,23.8,10.6,58.9,30.059999999999995,10.13,186.0,0.0,0.0,
2026-03-29T05:15:52,03/29/202605:15,20.369999999999997,0.0,0.0,51.42,0.0,0.0,0.0,0.0,0.0,198.7,23581.0,44606.0,23.8,10.58,59.1,30.059999999999995,10.062000000000001,185.9,0.0,0.0,
2026-03-29T05:16:00,03/29/202605:16,20.36,0.0,0.0,51.42,0.0,0.0,0.0,0.0,0.0,198.7,23581.0,44606.0,23.8,10.559999999999999,59.2,30.059999999999995,9.994,185.8,0.0,0.0,
2026-03-29T05:16:52,03/29/202605:16,20.36,0.0,0.0,51.42,0.0,0.0,0.0,0.0,0.0,198.7,23581.0,44606.0,23.8,10.540000000000001,59.3,30.059999999999995,9.926,185.7,0.0,0.0,
2026-03-29T05:17:00,03/29/202605:17,20.369999999999997,0.0,0.0,51.42,0.0,0.0,0.0,0.0,0.0,198.7,23581.0,44606.0,23.8,10.52,59.4,30.059999999999995,9.858,185.6,0.0,0.0,
2026-03-29T05:18:00,03/29/202605:18,20.38,0.0,0.0,51.42999999999999,0.0,0.0,0.0,0.0,0.0,198.7,23581.0,44606.0,23.8,10.5,59.5,30.059999999999995,9.790000000000001,185.5,0.0,0.0,
2026-03-29T05:19:00,03/29/202605:19,20.38,0.0,0.0,51.42,0.0,0.0,0.0,0.0,0.0,198.7,23581.0,44606.0,23.8,10.48,59.6,30.059999999999995,9.722,185.4,0.0,0.0,
2026-03-29T05:20:00,03/29/202605:20,20.38,0.0,0.0,51.410000000000004,0.0,0.0,0.0,0.0,0.0,198.7,23581.0,44606.0,23.8,10.459999999999999,59.7,30.059999999999995,9.654,185.3,0.0,0.0,
2026-03-29T05:21:00,03/29/202605:21,20.38,0.0,0.0,51.410000000000004,0.0,0.0,0.0,0.0,0.0,198.7,23581.0,44606.0,23.8,10.440000000000001,59.8,30.059999999999995,9.586,185.2,0.0,0.0,
2026-03-29T05:22:00,03/29/202605:22,20.38,0.0,0.0,51.42,0.0,0.0,0.0,0.0,0.0,198.7,23581.0,44606.0,23.8,10.42,59.9,30.059999999999995,9.517999999999999,185.1,0.0,0.0,
2026-03-29T05:23:01,03/29/202605:23,20.38,0.0,0.0,51.42,0.0,0.0,0.0,0.0,0.0,198.7,23581.0,44606.0,23.8,10.4,60.0,30.059999999999995,9.45,185.0,0.0,0.0,
2026-03-29T05:24:00,03/29/202605:24,20.389999999999997,0.0,0.0,51.42,0.0,0.0,0.0,0.0,0.0,198.7,23581.0,44606.0,23.8,10.4,60.0,30.059999999999995,9.45,185.0,0.0,0.0,
2026-03-29T05:25:33,03/29/202605:25,20.4,0.0,0.0,51.42,0.0,0.0,0.0,0.0,0.0,198.7,23581.0,44606.0,23.8,10.4,60.0,30.059999999999995,9.45,185.0,0.0,0.0,
2026-03-29T05:26:01,03/29/202605:26,20.4,0.0,0.0,51.42,0.0,0.0,0.0,0.0,0.0,198.7,23581.0,44606.0,23.8,10.4,60.0,30.059999999999995,9.45,185.0,0.0,0.0,
2026-03-29T05:27:01,03/29/202605:27,20.4,0.0,0.0,51.42999999999999,0.0,0.0,0.0,0.0,0.0,198.7,23581.0,44606.0,23.8,10.4,60.0,30.059999999999995,9.45,185.0,0.0,0.0,
2026-03-29T05:27:52,03/29/202605:27,20.389999999999997,0.0,0.0,51.42,0.0,0.0,0.0,0.0,0.0,198.7,23581.0,44606.0,23.8,10.4,60.0,30.059999999999995,9.45,185.0,0.0,0.0,
2026-03-29T05:28:01,03/29/202605:28,20.38,0.0,0.0,51.42,0.0,0.0,0.0,0.0,0.0,198.7,23581.0,44606.0,23.8,10.4,60.0,30.059999999999995,9.45,185.0,0.0,0.0,
2026-03-29T05:28:53,03/29/202605:28,20.38,0.0,0.0,51.410000000000004,0.0,0.0,0.0,0.0,0.0,198.7,23581.0,44606.0,23.8,10.4,60.0,30.059999999999995,9.45,185.0,0.0,0.0,
2026-03-29T05:29:01,03/29/202605:29,20.38,0.0,0.0,51.4,0.0,0.0,0.0,0.0,0.0,198.7,23581.0,44606.0,23.8,10.4,60.0,30.059999999999995,9.45,185.0,0.0,0.0,
2026-03-29T05:30:01,03/29/202605:30,20.38,0.0,0.0,51.39,0.0,0.0,0.0,0.0,0.0,198.7,23581.0,44606.0,23.8,10.4,60.0,30.059999999999995,9.45,185.0,0.0,0.0,
2026-03-29T05:31:01,03/29/202605:31,20.38,0.0,0.0,51.39,0.0,0.0,0.0,0.0,0.0,198.7,23581.0,44606.0,23.8,10.4,60.0,30.059999999999995,9.45,185.0,0.0,0.0,
2026-03-29T05:32:01,03/29/202605:32,20.38,0.0,0.0,51.39,0.0,0.0,0.0,0.0,0.0,198.7,23581.0,44606.0,23.8,10.39,60.1,30.057,9.425,185.1,0.0,0.0,
2026-03-29T05:33:01,03/29/202605:33,20.38,0.0,0.0,51.39,0.0,0.0,0.0,0.0,0.0,198.7,23581.0,44606.0,23.8,10.38,60.2,30.053999999999995,9.4,185.2,0.0,0.0,
2026-03-29T05:34:01,03/29/202605:34,20.38,0.0,0.0,51.39,0.0,0.0,0.0,0.0,0.0,198.7,23581.0,44606.0,23.8,10.370000000000001,60.3,30.051,9.375,185.3,0.0,0.0,
2026-03-29T05:34:53,03/29/202605:34,20.369999999999997,0.0,0.0,51.379999999999995,0.0,0.0,0.0,0.0,0.0,198.7,23581.0,44606.0,23.8,10.360000000000001,60.4,30.048000000000002,9.35,185.4,0.0,0.0,
2026-03-29T05:35:01,03/29/202605:35,20.369999999999997,0.0,0.0,51.379999999999995,0.0,0.0,0.0,0.0,0.0,198.7,23581.0,44606.0,23.8,10.35,60.5,30.044999999999998,9.325,185.5,0.0,0.0,
2026-03-29T05:36:45,03/29/202605:36,20.38,0.0,0.0,51.379999999999995,0.0,0.0,0.0,0.0,0.0,198.7,23581.0,44606.0,23.8,10.34,60.6,30.042,9.3,185.6,0.0,0.0,
2026-03-29T05:37:01,03/29/202605:37,20.38,0.0,0.0,51.39,0.0,0.0,0.0,0.0,0.0,198.7,23581.0,44606.0,23.8,10.330000000000002,60.7,30.038999999999998,9.275,185.7,0.0,0.0,
2026-03-29T05:38:00,03/29/202605:38,20.38,0.0,0.0,51.4,0.0,0.0,0.0,0.0,0.0,198.7,23581.0,44606.0,23.8,10.32,60.8,30.036,9.25,185.8,0.0,0.0,
2026-03-29T05:39:00,03/29/202605:39,20.38,0.0,0.0,51.4,0.0,0.0,0.0,0.0,0.0,198.7,23581.0,44606.0,23.8,10.31,60.9,30.032999999999998,9.225,185.9,0.0,0.0,
2026-03-29T05:39:41,03/29/202605:39,20.369999999999997,0.0,0.0,51.4,0.0,0.0,0.0,0.0,0.0,198.7,23581.0,44606.0,23.8,10.3,61.0,30.03,9.2,186.0,0.0,0.0,
2026-03-29T05:40:00,03/29/202605:40,20.36,0.0,0.0,51.4,0.0,0.0,0.0,0.0,0.0,198.7,23581.0,44606.0,23.8,10.3,61.0,30.03,9.2,186.0,0.0,0.0,
2026-03-29T05:40:41,03/29/202605:40,20.36,0.0,0.0,51.4,0.0,0.0,0.0,0.0,0.0,198.7,23581.0,44606.0,23.8,10.3,61.0,30.03,9.2,186.0,0.0,0.0,
2026-03-29T05:41:00,03/29/202605:41,20.36,0.0,0.0,51.4,0.0,0.0,0.0,0.0,0.0,198.7,23581.0,44606.0,23.8,10.3,61.0,30.03,9.2,186.0,0.0,0.0,
2026-03-29T05:41:41,03/29/202605:41,20.36,0.0,0.0,51.4,0.0,0.0,0.0,0.0,0.0,198.7,23581.0,44606.0,23.8,10.3,61.0,30.03,9.2,186.0,0.0,0.0,
2026-03-29T05:42:01,03/29/202605:42,20.36,0.0,0.0,51.4,0.0,0.0,0.0,0.0,0.0,198.7,23581.0,44606.0,23.8,10.3,61.0,30.03,9.2,186.0,0.0,0.0,
2026-03-29T05:43:00,03/29/202605:43,20.35,0.0,0.0,51.4,0.0,0.0,0.0,0.0,0.0,198.7,23581.0,44606.0,23.8,10.3,61.0,30.03,9.2,186.0,0.0,0.0,
2026-03-29T05:44:00,03/29/202605:44,20.34,0.0,0.0,51.4,0.0,0.0,0.0,0.0,0.0,198.7,23581.0,44606.0,23.8,10.3,61.0,30.03,9.2,186.0,0.0,0.0,
2026-03-29T05:45:01,03/29/202605:45,20.330000000000002,0.0,0.0,51.410000000000004,0.0,0.0,0.0,0.0,0.0,198.7,23581.0,44606.0,23.8,10.3,61.0,30.03,9.2,186.0,0.0,0.0,
2026-03-29T05:46:00,03/29/202605:46,20.32,0.0,0.0,51.410000000000004,0.0,0.0,0.0,0.0,0.0,198.7,23581.0,44606.0,23.8,10.290000000000001,61.1,30.03,9.175,185.5,0.0,0.0,
2026-03-29T05:46:41,03/29/202605:46,20.330000000000002,0.0,0.0,51.410000000000004,0.0,0.0,0.0,0.0,0.0,198.7,23581.0,44606.0,23.8,10.280000000000001,61.2,30.03,9.15,185.0,0.0,0.0,
2026-03-29T05:47:56,03/29/202605:47,20.34,0.0,0.0,51.410000000000004,0.0,0.0,0.0,0.0,0.0,198.7,23581.0,44606.0,23.8,10.27,61.3,30.03,9.125,184.5,0.0,0.0,
2026-03-29T05:48:01,03/29/202605:48,20.34,0.0,0.0,51.410000000000004,0.0,0.0,0.0,0.0,0.0,198.7,23581.0,44606.0,23.8,10.26,61.4,30.03,9.1,184.0,0.0,0.0,
2026-03-29T05:49:01,03/29/202605:49,20.34,0.0,0.0,51.410000000000004,0.0,0.0,0.0,0.0,0.0,198.7,23581.0,44606.0,23.8,10.25,61.5,30.03,9.075,183.5,0.0,0.0,
2026-03-29T05:50:00,03/29/202605:50,20.35,0.0,0.0,51.410000000000004,0.0,0.0,0.0,0.0,0.0,198.7,23581.0,44606.0,23.8,10.24,61.6,30.03,9.05,183.0,0.0,0.0,
2026-03-29T05:50:32,03/29/202605:50,20.35,0.0,0.0,51.410000000000004,0.0,0.0,0.0,0.0,0.0,198.7,23581.0,44606.0,23.8,10.23,61.7,30.03,9.025,182.5,0.0,0.0,
2026-03-29T05:51:00,03/29/202605:51,20.35,0.0,0.0,51.410000000000004,0.0,0.0,0.0,0.0,0.0,198.7,23581.0,44606.0,23.8,10.219999999999999,61.8,30.03,9.0,182.0,0.0,0.0,
2026-03-29T05:51:32,03/29/202605:51,20.36,0.0,0.0,51.410000000000004,0.0,0.0,0.0,0.0,0.0,198.7,23581.0,44606.0,23.8,10.209999999999999,61.9,30.03,8.975,181.5,0.0,0.0,
2026-03-29T05:52:01,03/29/202605:52,20.369999999999997,0.0,0.0,51.4,0.0,0.0,0.0,0.0,0.0,198.7,23581.0,44606.0,23.8,10.2,62.0,30.03,8.95,181.0,0.0,0.0,
2026-03-29T05:53:01,03/29/202605:53,20.38,0.0,0.0,51.4,0.0,0.0,0.0,0.0,0.0,198.7,23581.0,44606.0,23.8,10.2,62.0,30.03,8.95,181.0,0.0,0.0,
2026-03-29T05:54:00,03/29/202605:54,20.38,0.0,0.0,51.39,0.0,0.0,0.0,0.0,0.0,198.7,23581.0,44606.0,23.8,10.2,62.0,30.03,8.95,181.0,0.0,0.0,
2026-03-29T05:55:00,03/29/202605:55,20.38,0.0,0.0,51.39,0.0,0.0,0.0,0.0,0.0,198.7,23581.0,44606.0,23.8,10.2,62.0,30.03,8.95,181.0,0.0,0.0,
2026-03-29T05:55:32,03/29/202605:55,20.369999999999997,0.0,0.0,51.39,0.0,0.0,0.0,0.0,0.0,198.7,23581.0,44606.0,23.8,10.2,62.0,30.03,8.95,181.0,0.0,0.0,
2026-03-29T05:56:01,03/29/202605:56,20.36,0.0,0.0,51.39,0.0,0.0,0.0,0.0,0.0,198.7,23581.0,44606.0,23.8,10.2,62.0,30.03,8.95,181.0,0.0,0.0,
2026-03-29T05:57:01,03/29/202605:57,20.35,0.0,0.0,51.39,0.0,0.0,0.0,0.0,0.0,198.7,23581.0,44606.0,23.8,10.2,62.0,30.03,8.95,181.0,0.0,0.0,
2026-03-29T05:59:08,03/29/202605:59,20.36,0.0,0.0,51.39,0.0,0.0,0.0,0.0,0.0,198.7,23581.0,44606.0,23.8,10.2,62.0,30.03,8.95,181.0,0.0,0.0,
2026-03-29T05:59:32,03/29/202605:59,20.36,0.0,0.0,51.39,0.0,0.0,0.0,0.0,0.0,198.7,23581.0,44606.0,23.8,10.2,62.0,30.03,8.905999999999999,181.1,0.0,0.0,
2026-03-29T06:00:00,03/29/202606:00,20.35,0.0,0.0,51.39,0.0,0.0,0.0,0.0,0.0,198.7,23581.0,44606.0,23.8,10.2,62.0,30.03,8.861999999999998,181.2,0.0,0.0,
2026-03-29T06:01:01,03/29/202606:01,20.34,0.0,0.0,51.39,0.0,0.0,0.0,0.0,0.0,198.7,23581.0,44606.0,23.8,10.2,62.1,30.03,8.886999999999999,181.0,0.0,0.0,
2026-03-29T06:01:47,03/29/202606:01,20.34,0.0,0.0,51.39,0.0,0.0,0.0,0.0,0.0,198.7,23581.0,44606.0,23.8,10.2,62.2,30.03,8.911999999999999,180.8,0.0,0.0,
2026-03-29T06:02:01,03/29/202606:02,20.34,0.0,0.0,51.4,0.0,0.0,0.0,0.0,0.0,198.7,23581.0,44606.0,23.8,10.2,62.3,30.03,8.937,180.6,0.0,0.0,
2026-03-29T06:03:00,03/29/202606:03,20.34,0.0,0.0,51.4,0.0,0.0,0.0,0.0,0.0,198.7,23581.0,44606.0,23.8,10.2,62.4,30.03,8.962,180.4,0.0,0.0,
2026-03-29T06:03:47,03/29/202606:03,20.34,0.0,0.0,51.39,0.0,0.0,0.0,0.0,0.0,198.7,23581.0,44606.0,23.8,10.2,62.5,30.03,8.986999999999998,180.2,0.0,0.0,
2026-03-29T06:04:00,03/29/202606:04,20.34,0.0,0.0,51.379999999999995,0.0,0.0,0.0,0.0,0.0,198.7,23581.0,44606.0,23.8,10.2,62.6,30.03,9.011999999999999,180.0,0.0,0.0,
2026-03-29T06:04:47,03/29/202606:04,20.35,0.0,0.0,51.36999999999999,0.0,0.0,0.0,0.0,0.0,198.7,23581.0,44606.0,23.8,10.2,62.7,30.03,9.036999999999999,179.8,0.0,0.0,
2026-03-29T06:05:00,03/29/202606:05,20.35,0.0,0.0,51.36,0.0,0.0,0.0,0.0,0.0,198.7,23581.0,44606.0,23.8,10.2,62.8,30.03,9.062,179.6,0.0,0.0,
2026-03-29T06:05:47,03/29/202606:05,20.35,0.0,0.0,51.36,0.0,0.0,0.0,0.0,0.0,198.7,23581.0,44606.0,23.8,10.2,62.9,30.03,9.130999999999998,179.3,0.0,0.0,
2026-03-29T06:06:00,03/29/202606:06,20.35,0.0,0.0,51.36,0.0,0.0,0.0,0.0,0.0,198.7,23581.0,44606.0,23.8,10.2,63.0,30.03,9.2,179.0,0.0,0.0,
2026-03-29T06:07:00,03/29/202606:07,20.35,0.0,0.0,51.36,0.0,0.0,0.0,0.0,0.0,198.7,23581.0,44606.0,23.8,10.2,63.0,30.03,9.2,179.0,0.0,0.0,
2026-03-29T06:08:00,03/29/202606:08,20.34,0.0,0.0,51.36,0.0,0.0,0.0,0.0,0.0,198.7,23581.0,44606.0,23.8,10.2,63.0,30.03,9.2,179.0,0.0,0.0,
2026-03-29T06:08:47,03/29/202606:08,20.34,0.0,0.0,51.36,0.0,0.0,0.0,0.0,0.0,198.7,23581.0,44606.0,23.8,10.2,63.0,30.03,9.2,179.0,0.0,0.0,
2026-03-29T06:09:00,03/29/202606:09,20.34,0.0,0.0,51.36,0.0,0.0,0.0,0.0,0.0,198.7,23581.0,44606.0,23.8,10.2,63.0,30.03,9.2,179.0,0.0,0.0,
2026-03-29T06:10:19,03/29/202606:10,20.35,0.0,0.0,51.36,0.0,0.0,0.0,0.0,0.0,198.7,23581.0,44606.0,23.8,10.2,63.0,30.03,9.2,179.0,0.0,0.0,
2026-03-29T06:11:01,03/29/202606:11,20.36,0.0,0.0,51.36999999999999,0.0,0.0,0.0,0.0,0.0,198.7,23581.0,44606.0,23.8,10.2,63.0,30.03,9.2,179.0,0.0,0.0,
2026-03-29T06:12:01,03/29/202606:12,20.36,0.0,0.0,51.379999999999995,0.0,0.0,0.0,0.0,0.0,198.7,23581.0,44606.0,23.8,10.2,63.0,30.03,9.2,179.0,0.0,0.0,
2026-03-29T06:12:47,03/29/202606:12,20.35,0.0,0.0,51.379999999999995,0.0,0.0,0.0,0.0,0.0,198.7,23581.0,44606.0,23.8,10.2,63.0,30.03,9.2,179.0,0.0,0.0,
2026-03-29T06:13:01,03/29/202606:13,20.35,0.0,0.0,51.36999999999999,0.0,0.0,0.0,0.0,0.0,198.7,23581.0,44606.0,23.8,10.2,63.0,30.03,9.2,179.0,0.0,0.0,
2026-03-29T06:14:01,03/29/202606:14,20.35,0.0,0.0,51.36999999999999,0.0,0.0,0.0,0.0,0.0,198.7,23581.0,44606.0,23.8,10.2,63.0,30.03,9.2,179.0,0.0,0.0,
2026-03-29T06:15:01,03/29/202606:15,20.35,0.0,0.0,51.36999999999999,0.0,0.0,0.0,0.0,0.0,198.7,23581.0,44606.0,23.8,10.2,63.0,30.03,9.2,179.0,0.0,0.0,
2026-03-29T06:15:47,03/29/202606:15,20.36,0.0,0.0,51.36999999999999,0.0,0.0,0.0,0.0,0.0,198.7,23581.0,44606.0,23.8,10.2,63.0,30.03,9.2,179.0,0.0,0.0,
2026-03-29T06:16:00,03/29/202606:16,20.36,0.0,0.0,51.36999999999999,0.0,0.0,0.0,0.0,0.0,198.7,23581.0,44606.0,23.8,10.2,63.0,30.03,9.2,179.0,0.0,0.0,
2026-03-29T06:17:01,03/29/202606:17,20.36,0.0,0.0,51.36999999999999,0.0,0.0,0.0,0.0,0.0,198.7,23581.0,44606.0,23.8,10.19,63.1,30.03,9.2,179.0,0.0,0.0,
2026-03-29T06:18:01,03/29/202606:18,20.36,0.0,0.0,51.379999999999995,0.0,0.0,0.0,0.0,0.0,198.7,23581.0,44606.0,23.8,10.18,63.2,30.03,9.2,179.0,0.0,0.0,
2026-03-29T06:19:01,03/29/202606:19,20.36,0.0,0.0,51.379999999999995,0.0,0.0,0.0,0.0,0.0,198.7,23581.0,44606.0,23.8,10.169999999999998,63.3,30.03,9.2,179.0,0.0,0.0,
2026-03-29T06:20:01,03/29/202606:20,20.36,0.0,0.0,51.36999999999999,0.0,0.0,0.0,0.0,0.0,198.7,23581.0,44606.0,23.8,10.16,63.4,30.03,9.2,179.0,0.0,0.0,
2026-03-29T06:21:31,03/29/202606:21,20.369999999999997,0.0,0.0,51.379999999999995,0.0,0.0,0.0,0.0,0.0,198.7,23581.0,44606.0,23.8,10.15,63.5,30.03,9.2,179.0,0.0,0.0,
2026-03-29T06:22:00,03/29/202606:22,20.38,0.0,0.0,51.39,0.0,0.0,0.0,0.0,0.0,198.7,23581.0,44606.0,23.8,10.139999999999999,63.6,30.03,9.2,179.0,0.0,0.0,
2026-03-29T06:22:20,03/29/202606:22,20.38,0.0,0.0,51.379999999999995,0.0,0.0,0.0,0.0,0.0,198.7,23581.0,44606.0,23.8,10.129999999999999,63.5,30.03,9.2,179.0,0.0,0.0,
2026-03-29T06:23:01,03/29/202606:23,20.38,0.0,0.0,51.379999999999995,0.0,0.0,0.0,0.0,0.0,198.7,23581.0,44606.0,23.8,10.12,63.4,30.03,9.2,179.0,0.0,0.0,
2026-03-29T06:23:25,03/29/202606:23,20.38,0.0,0.0,51.36999999999999,0.0,0.0,0.0,0.0,0.0,198.7,23581.0,44606.0,23.8,10.11,63.3,30.03,9.2,179.0,0.0,0.0,
2026-03-29T06:24:00,03/29/202606:24,20.38,0.0,0.0,51.36,0.0,0.0,0.0,0.0,0.0,198.7,23581.0,44606.0,23.8,10.1,63.2,30.03,9.2,179.0,0.0,0.0,
2026-03-29T06:25:00,03/29/202606:25,20.38,0.0,0.0,51.36,0.0,0.0,0.0,0.0,0.0,198.7,23581.0,44606.0,23.8,10.1,63.0,30.03,9.2,179.0,0.0,0.0,
2026-03-29T06:25:25,03/29/202606:25,20.369999999999997,0.0,0.0,51.35,0.0,0.0,0.0,0.0,0.0,198.7,23581.0,44606.0,23.8,10.1,62.8,30.03,9.2,179.0,0.0,0.0,
2026-03-29T06:25:44,03/29/202606:25,20.369999999999997,0.0,0.0,51.35,0.0,0.0,0.0,0.0,0.0,198.7,23581.0,44606.0,23.8,10.1,62.6,30.03,9.2,179.0,0.0,0.0,
2026-03-29T06:26:01,03/29/202606:26,20.369999999999997,0.0,0.0,51.36,0.0,0.0,0.0,0.0,0.0,198.7,23581.0,44606.0,23.8,10.1,62.4,30.03,9.2,179.0,0.0,0.0,
2026-03-29T06:27:01,03/29/202606:27,20.369999999999997,0.0,0.0,51.35,0.0,0.0,0.0,0.0,0.0,198.7,23581.0,44606.0,23.8,10.1,62.2,30.03,9.2,179.0,0.0,0.0,
2026-03-29T06:28:00,03/29/202606:28,20.369999999999997,0.0,0.0,51.35,0.0,0.0,0.0,0.0,0.0,198.7,23581.0,44606.0,23.8,10.1,62.0,30.03,9.2,179.0,0.0,0.0,
2026-03-29T06:28:44,03/29/202606:28,20.369999999999997,0.0,0.0,51.36,0.0,0.0,0.0,0.0,0.0,198.7,23581.0,44606.0,23.8,10.1,62.0,30.03,9.2,179.0,0.0,0.0,
2026-03-29T06:29:00,03/29/202606:29,20.369999999999997,0.0,0.0,51.36,0.0,0.0,0.0,0.0,0.0,198.7,23581.0,44606.0,23.8,10.1,62.0,30.03,9.2,179.0,0.0,0.0,
2026-03-29T06:30:01,03/29/202606:30,20.36,0.0,0.0,51.36999999999999,0.0,0.0,0.0,0.0,0.0,198.7,23581.0,44606.0,23.8,10.1,62.0,30.03,9.2,179.0,0.0,0.0,
2026-03-29T06:30:44,03/29/202606:30,20.36,0.0,0.0,51.36999999999999,0.0,0.0,0.0,0.0,0.0,198.7,23581.0,44606.0,23.8,10.1,62.0,30.03,9.2,179.0,0.0,0.0,
2026-03-29T06:31:00,03/29/202606:31,20.36,0.0,0.0,51.36,0.0,0.0,0.0,0.0,0.0,198.7,23581.0,44606.0,23.8,10.1,62.0,30.03,9.2,179.0,0.0,0.0,
2026-03-29T06:32:43,03/29/202606:32,20.36,0.0,0.0,51.36,0.0,0.0,0.0,0.0,0.0,198.7,23581.0,44606.0,23.8,10.1,62.1,30.032999999999998,9.286999999999999,178.8,0.0,0.0,
2026-03-29T06:33:01,03/29/202606:33,20.35,0.0,0.0,51.36,0.0,0.0,0.0,0.0,0.0,198.7,23581.0,44606.0,23.8,10.1,62.2,30.036,9.373999999999999,178.6,0.0,0.0,
2026-03-29T06:33:43,03/29/202606:33,20.35,0.0,0.0,51.35,0.0,0.0,0.0,0.0,0.0,198.7,23581.0,44606.0,23.8,10.1,62.3,30.038999999999998,9.461,178.4,0.0,0.0,
2026-03-29T06:34:00,03/29/202606:34,20.35,0.0,0.0,51.35,0.0,0.0,0.0,0.0,0.0,198.7,23581.0,44606.0,23.8,10.1,62.4,30.042,9.547999999999998,178.2,0.0,0.0,
2026-03-29T06:35:00,03/29/202606:35,20.35,0.0,0.0,51.35,0.0,0.0,0.0,0.0,0.0,198.7,23581.0,44606.0,23.8,10.1,62.5,30.044999999999998,9.635,178.0,0.0,0.0,
2026-03-29T06:36:00,03/29/202606:36,20.36,0.0,0.0,51.339999999999996,0.0,0.0,0.0,0.0,0.0,198.7,23581.0,44606.0,23.8,10.1,62.6,30.048000000000002,9.722,177.8,0.0,0.0,
2026-03-29T06:36:43,03/29/202606:36,20.36,0.0,0.0,51.33,0.0,0.0,0.0,0.0,0.0,198.7,23581.0,44606.0,23.8,10.1,62.7,30.051,9.809000000000001,177.6,0.0,0.0,
2026-03-29T06:37:01,03/29/202606:37,20.36,0.0,0.0,51.31999999999999,0.0,0.0,0.0,0.0,0.0,198.7,23581.0,44606.0,23.8,10.1,62.8,30.053999999999995,9.896,177.4,0.0,0.0,
2026-03-29T06:37:44,03/29/202606:37,20.36,0.0,0.0,51.33,0.0,0.0,0.0,0.0,0.0,198.7,23581.0,44606.0,23.8,10.1,62.9,30.057,9.983,177.2,0.0,0.0,
2026-03-29T06:38:00,03/29/202606:38,20.36,0.0,0.0,51.339999999999996,0.0,0.0,0.0,0.0,0.0,198.7,23581.0,44606.0,23.8,10.1,63.0,30.059999999999995,10.07,177.0,0.0,0.0,
2026-03-29T06:39:00,03/29/202606:39,20.369999999999997,0.0,0.0,51.339999999999996,0.0,0.0,0.0,0.0,0.0,198.7,23581.0,44606.0,23.8,10.1,63.0,30.059999999999995,10.07,177.0,0.0,0.0,
2026-03-29T06:39:04,03/29/202606:39,20.369999999999997,0.0,0.0,51.33,0.0,0.0,0.0,0.0,0.0,198.7,23581.0,44606.0,23.8,10.1,63.0,30.059999999999995,10.07,177.0,0.0,0.0,
2026-03-29T06:40:00,03/29/202606:40,20.36,0.0,0.0,51.33,0.0,0.0,0.0,0.0,0.0,198.7,23581.0,44606.0,23.8,10.1,63.0,30.059999999999995,10.07,177.0,0.0,0.0,
2026-03-29T06:40:04,03/29/202606:40,20.36,0.0,0.0,51.33,0.0,0.0,0.0,0.0,0.0,198.7,23581.0,44606.0,23.8,10.1,63.0,30.059999999999995,10.07,177.0,0.0,0.0,
2026-03-29T06:41:01,03/29/202606:41,20.36,0.0,0.0,51.31999999999999,0.0,0.0,0.0,0.0,0.0,198.7,23581.0,44606.0,23.8,10.1,63.0,30.059999999999995,10.07,177.0,0.0,0.0,
2026-03-29T06:42:01,03/29/202606:42,20.36,0.0,0.0,51.31999999999999,0.0,0.0,0.0,0.0,0.0,198.7,23581.0,44606.0,23.8,10.1,63.0,30.059999999999995,10.07,177.0,0.0,0.0,
2026-03-29T06:43:54,03/29/202606:43,20.369999999999997,0.0,0.0,51.31999999999999,0.0,0.0,0.0,0.0,0.0,198.7,23581.0,44606.0,23.8,10.1,63.0,30.059999999999995,10.07,177.0,0.0,0.0,
2026-03-29T06:44:01,03/29/202606:44,20.38,0.0,0.0,51.31999999999999,0.0,0.0,0.0,0.0,0.0,198.7,23581.0,44606.0,23.8,10.1,63.0,30.059999999999995,10.07,177.0,0.0,0.0,
2026-03-29T06:44:04,03/29/202606:44,20.389999999999997,0.0,0.0,51.31,0.0,0.0,0.0,0.0,0.0,198.7,23581.0,44606.0,23.8,10.1,63.0,30.059999999999995,10.07,177.0,0.0,0.0,
2026-03-29T06:45:56,03/29/202606:45,20.4,0.0,0.0,51.3,0.0,0.0,0.0,0.0,0.0,198.7,23581.0,44606.0,23.8,10.1,63.1,30.059999999999995,10.07,177.2,0.0,0.0,
2026-03-29T06:46:01,03/29/202606:46,20.41,0.0,0.0,51.3,0.0,0.0,0.0,0.0,0.0,198.7,23581.0,44606.0,23.8,10.1,63.2,30.059999999999995,10.07,177.4,0.0,0.0,
2026-03-29T06:46:55,03/29/202606:46,20.44,0.0,0.0,51.3,0.0,0.0,0.0,0.0,0.0,198.7,23581.0,44606.0,23.8,10.1,63.3,30.059999999999995,10.07,177.6,0.0,0.0,
2026-03-29T06:47:01,03/29/202606:47,20.47,0.0,0.0,51.3,0.0,0.0,0.0,0.0,0.0,198.7,23581.0,44606.0,23.8,10.1,63.4,30.059999999999995,10.07,177.8,0.0,0.0,
2026-03-29T06:47:55,03/29/202606:47,20.5,0.0,0.0,51.3,0.0,0.0,0.0,0.0,0.0,198.7,23581.0,44606.0,23.8,10.1,63.5,30.059999999999995,10.07,178.0,0.0,0.0,
2026-03-29T06:48:00,03/29/202606:48,20.53,0.0,0.0,51.3,0.0,0.0,0.0,0.0,0.0,198.7,23581.0,44606.0,23.8,10.1,63.6,30.059999999999995,10.07,178.2,0.0,0.0,
2026-03-29T06:48:55,03/29/202606:48,20.57,0.0,0.0,51.3,0.0,0.0,0.0,0.0,0.0,198.7,23581.0,44606.0,23.8,10.1,63.7,30.059999999999995,10.07,178.4,0.0,0.0,
2026-03-29T06:49:00,03/29/202606:49,20.61,0.0,0.0,51.3,0.0,0.0,0.0,0.0,0.0,198.7,23581.0,44606.0,23.8,10.1,63.8,30.059999999999995,10.07,178.6,0.0,0.0,
2026-03-29T06:49:55,03/29/202606:49,20.66,0.0,0.0,51.3,0.0,0.0,0.0,0.0,0.0,198.7,23581.0,44606.0,23.8,10.1,63.9,30.059999999999995,10.07,178.8,0.0,0.0,
2026-03-29T06:50:00,03/29/202606:50,20.7,0.0,0.0,51.3,0.0,0.0,0.0,0.0,0.0,198.7,23581.0,44606.0,23.8,10.1,64.0,30.059999999999995,10.07,179.0,0.0,0.0,
2026-03-29T06:50:55,03/29/202606:50,20.75,0.0,0.0,51.3,0.0,0.0,0.0,0.0,0.0,198.7,23581.0,44606.0,23.8,10.1,64.0,30.059999999999995,10.07,179.0,0.0,0.0,
2026-03-29T06:51:00,03/29/202606:51,20.8,0.0,0.0,51.3,0.0,0.0,0.0,0.0,0.0,198.7,23581.0,44606.0,23.8,10.1,64.0,30.059999999999995,10.07,179.0,0.0,0.0,
2026-03-29T06:51:56,03/29/202606:51,20.86,0.0,0.0,51.3,0.0,0.0,0.0,0.0,0.0,198.7,23581.0,44606.0,23.8,10.1,64.0,30.059999999999995,10.07,179.0,0.0,0.0,
2026-03-29T06:52:01,03/29/202606:52,20.919999999999998,0.0,0.0,51.3,0.0,0.0,0.0,0.0,0.0,198.7,23581.0,44606.0,23.8,10.1,64.0,30.059999999999995,10.07,179.0,0.0,0.0,
2026-03-29T06:52:56,03/29/202606:52,20.990000000000002,0.0,0.0,51.3,0.0,0.0,0.0,0.0,0.0,198.7,23581.0,44606.0,23.8,10.1,64.0,30.059999999999995,10.07,179.0,0.0,0.0,
2026-03-29T06:53:01,03/29/202606:53,21.06,0.0,0.0,51.3,0.0,0.0,0.0,0.0,0.0,198.7,23581.0,44606.0,23.8,10.1,64.0,30.059999999999995,10.07,179.0,0.0,0.0,
2026-03-29T06:55:05,03/29/202606:55,21.19,0.0,0.0,51.3,0.0,0.0,0.0,0.0,0.0,198.7,23581.0,44606.0,23.8,10.1,64.0,30.059999999999995,10.07,179.0,0.0,0.0,
2026-03-29T06:55:56,03/29/202606:55,21.369999999999997,0.0,0.0,51.3,0.0,0.0,0.0,0.0,0.0,198.7,23581.0,44606.0,23.8,10.05,64.0,30.059999999999995,10.07,179.0,0.0,0.0,
2026-03-29T06:56:01,03/29/202606:56,21.54,0.0,0.0,51.3,0.0,0.0,0.0,0.0,0.0,198.7,23581.0,44606.0,23.8,10.0,64.0,30.059999999999995,10.07,179.0,0.0,0.0,
2026-03-29T06:56:55,03/29/202606:56,21.78,0.0,0.0,51.3,0.0,0.0,0.0,0.0,0.0,198.7,23581.0,44606.0,23.8,9.95,64.0,30.059999999999995,10.07,179.4,0.0,0.0,
2026-03-29T06:57:00,03/29/202606:57,22.009999999999998,0.0,0.0,51.3,0.0,0.0,0.0,0.0,0.0,198.7,23581.0,44606.0,23.8,9.9,64.0,30.059999999999995,10.07,179.8,0.0,0.0,
2026-03-29T06:57:56,03/29/202606:57,22.32,0.0,0.0,51.3,0.0,0.0,0.0,0.0,0.0,198.7,23581.0,44606.0,23.8,9.85,64.0,30.059999999999995,10.113,180.1,0.0,0.0,
2026-03-29T06:58:01,03/29/202606:58,22.61,0.0,0.0,51.3,0.0,0.0,0.0,0.0,0.0,198.7,23581.0,44606.0,23.8,9.8,64.0,30.059999999999995,10.156,180.4,0.0,0.0,
2026-03-29T06:59:26,03/29/202606:59,23.11,0.0,0.0,51.3,0.0,0.0,0.0,0.0,0.0,198.7,23581.0,44606.0,23.8,9.75,64.0,30.059999999999995,10.199000000000002,180.7,0.0,0.0,
2026-03-29T07:00:01,03/29/202607:00,23.59,0.0,0.0,51.3,0.0,0.0,0.0,0.0,0.0,198.7,23581.0,44606.0,23.8,9.7,64.0,30.059999999999995,10.242,181.0,0.0,0.0,
2026-03-29T07:00:25,03/29/202607:00,24.3,0.0,0.0,51.3,0.0,0.0,0.0,0.0,0.0,198.7,23581.0,44606.0,23.8,9.65,64.0,30.059999999999995,10.285,181.3,0.0,0.0,
2026-03-29T07:01:00,03/29/202607:01,24.94,0.0,0.0,51.3,0.0,0.0,0.0,0.0,0.0,198.7,23581.0,44606.0,23.8,9.6,64.0,30.059999999999995,10.328,181.6,0.0,0.0,
2026-03-29T07:01:26,03/29/202607:01,25.82,0.0,0.0,51.3,0.0,0.0,0.0,0.0,0.0,198.7,23581.0,44606.0,23.8,9.6,64.1,30.059999999999995,10.371,181.8,0.0,0.0,
2026-03-29T07:02:01,03/29/202607:02,26.7,0.0,0.0,51.3,0.0,0.0,0.0,0.0,0.0,198.7,23581.0,44606.0,23.8,9.6,64.2,30.059999999999995,10.414,182.0,0.0,0.0,
2026-03-29T07:02:26,03/29/202607:02,27.869999999999997,0.0,0.0,51.31,0.0,0.0,0.0,0.0,0.0,198.7,23581.0,44606.0,23.8,9.6,64.3,30.059999999999995,10.456999999999999,181.8,0.0,0.0,
2026-03-29T07:03:01,03/29/202607:03,29.04,0.0,0.0,51.31999999999999,0.0,0.0,0.0,0.0,0.0,198.7,23581.0,44606.0,23.8,9.6,64.4,30.059999999999995,10.5,181.6,0.0,0.0,
2026-03-29T07:03:26,03/29/202607:03,30.57,0.0,0.0,51.31999999999999,0.0,0.0,0.0,0.0,0.0,198.7,23581.0,44606.0,23.8,9.6,64.5,30.059999999999995,10.5,181.5,0.0,0.0,
2026-03-29T07:04:00,03/29/202607:04,32.1,0.0,0.0,51.31999999999999,0.0,0.0,0.0,0.0,0.0,198.7,23581.0,44606.0,23.8,9.6,64.6,30.059999999999995,10.5,181.4,0.0,0.0,
2026-03-29T07:04:26,03/29/202607:04,33.94,0.0,0.0,51.31999999999999,0.0,0.0,0.0,0.0,0.0,198.7,23581.0,44606.0,23.8,9.6,64.7,30.059999999999995,10.5,181.3,0.0,0.0,
2026-03-29T07:05:00,03/29/202607:05,35.78,0.0,0.0,51.31999999999999,0.0,0.0,0.0,0.0,0.0,198.7,23581.0,44606.0,23.8,9.6,64.8,30.059999999999995,10.5,181.2,0.0,0.0,
2026-03-29T07:06:16,03/29/202607:06,38.230000000000004,0.0,0.0,51.31999999999999,0.0,0.0,0.0,0.0,0.0,198.7,23581.0,44606.0,23.8,9.6,64.9,30.059999999999995,10.5,181.1,0.0,0.0,
2026-03-29T07:06:25,03/29/202607:06,40.67,0.0,0.0,51.31999999999999,0.0,0.0,0.0,0.0,0.0,198.7,23581.0,44606.0,23.8,9.6,65.0,30.059999999999995,10.5,181.0,0.0,0.0,
2026-03-29T07:07:01,03/29/202607:07,42.82,0.0,0.0,51.31999999999999,0.0,0.0,0.0,0.0,0.0,198.7,23581.0,44606.0,23.8,9.6,65.0,30.059999999999995,10.5,181.0,0.0,0.0,
2026-03-29T07:07:26,03/29/202607:07,44.980000000000004,0.0,0.0,51.31999999999999,0.0,0.0,0.0,0.0,0.0,198.7,23581.0,44606.0,23.8,9.6,65.0,30.059999999999995,10.5,181.0,0.0,0.0,
2026-03-29T07:08:01,03/29/202607:08,46.78,0.0,0.0,51.31,0.0,0.0,0.0,0.0,0.0,198.7,23581.0,44606.0,23.8,9.6,65.0,30.059999999999995,10.5,181.0,0.0,0.0,
2026-03-29T07:09:01,03/29/202607:09,48.58,0.0,0.0,51.3,0.0,0.0,0.0,0.0,0.0,198.7,23581.0,44606.0,23.8,9.6,65.0,30.059999999999995,10.5,181.0,0.0,0.0,
2026-03-29T07:09:26,03/29/202607:09,49.93,0.0,0.0,51.3,0.0,0.0,0.0,0.0,0.0,198.7,23581.0,44606.0,23.8,9.6,65.0,30.059999999999995,10.5,181.0,0.0,0.0,
2026-03-29T07:10:01,03/29/202607:10,51.279999999999994,0.0,0.0,51.3,0.0,0.0,0.0,0.0,0.0,198.7,23581.0,44606.0,23.8,9.6,65.0,30.059999999999995,10.5,181.0,0.0,0.0,
2026-03-29T07:10:26,03/29/202607:10,52.120000000000005,0.0,0.0,51.3,0.0,0.0,0.0,0.0,0.0,198.7,23581.0,44606.0,23.8,9.6,65.0,30.059999999999995,10.5,181.0,0.0,0.0,
2026-03-29T07:11:00,03/29/202607:11,52.96,0.0,0.0,51.3,0.0,0.0,0.0,0.0,0.0,198.7,23581.0,44606.0,23.8,9.6,65.0,30.059999999999995,10.5,181.0,0.0,0.0,
2026-03-29T07:12:01,03/29/202607:12,52.96,0.0,0.0,51.3,0.0,0.0,0.0,0.0,0.0,198.7,23581.0,44606.0,23.8,9.6,65.0,30.059999999999995,10.5,181.0,0.0,0.0,
2026-03-29T07:13:01,03/29/202607:13,52.970000000000006,0.0,0.0,51.29,0.0,0.0,0.0,0.0,0.0,198.7,23581.0,44606.0,23.8,9.6,65.0,30.059999999999995,10.5,181.0,0.0,0.0,
2026-03-29T07:14:00,03/29/202607:14,52.98,0.0,0.0,51.29,0.0,0.0,0.0,0.0,0.0,198.7,23581.0,44606.0,23.8,9.6,65.0,30.059999999999995,10.5,181.0,0.0,0.0,
2026-03-29T07:14:26,03/29/202607:14,52.989999999999995,0.0,0.0,51.29,0.0,0.0,0.0,0.0,0.0,198.7,23581.0,44606.0,23.8,9.6,65.0,30.059999999999995,10.5,181.0,0.0,0.0,
2026-03-29T07:15:01,03/29/202607:15,53.0,0.0,0.0,51.29,0.0,0.0,0.0,0.0,0.0,198.7,23581.0,44606.0,23.8,9.6,65.0,30.059999999999995,10.5,181.0,0.0,0.0,
2026-03-29T07:16:01,03/29/202607:16,53.010000000000005,0.0,0.0,51.29,0.0,0.0,0.0,0.0,0.0,198.7,23581.0,44606.0,23.8,9.6,65.0,30.059999999999995,10.5,181.0,0.0,0.0,
2026-03-29T07:17:28,03/29/202607:17,53.029999999999994,0.0,0.0,51.29,0.0,0.0,0.0,0.0,0.0,198.7,23581.0,44606.0,23.8,9.59,65.0,30.059999999999995,10.525,181.1,0.0,0.0,
2026-03-29T07:18:00,03/29/202607:18,53.05,0.0,0.0,51.29,0.0,0.0,0.0,0.0,0.0,198.7,23581.0,44606.0,23.8,9.58,65.0,30.059999999999995,10.55,181.2,0.0,0.0,
2026-03-29T07:18:26,03/29/202607:18,53.07000000000001,0.0,0.0,51.279999999999994,0.0,0.0,0.0,0.0,0.0,198.7,23581.0,44606.0,23.8,9.57,64.6,30.059999999999995,10.575,181.3,0.0,0.0,
2026-03-29T07:19:01,03/29/202607:19,53.089999999999996,0.0,0.0,51.27,0.0,0.0,0.0,0.0,0.0,198.7,23581.0,44606.0,23.8,9.559999999999999,64.2,30.059999999999995,10.6,181.4,0.0,0.0,
2026-03-29T07:20:00,03/29/202607:20,53.11,0.0,0.0,51.27,0.0,0.0,0.0,0.0,0.0,198.7,23581.0,44606.0,23.8,9.55,63.8,30.059999999999995,10.625,181.5,0.0,0.0,
2026-03-29T07:21:00,03/29/202607:21,53.13000000000001,0.0,0.0,51.279999999999994,0.0,0.0,0.0,0.0,0.0,198.7,23581.0,44606.0,23.8,9.540000000000001,63.4,30.059999999999995,10.65,181.6,0.0,0.0,
2026-03-29T07:22:00,03/29/202607:22,53.15,0.0,0.0,51.279999999999994,0.0,0.0,0.0,0.0,0.0,198.7,23581.0,44606.0,23.8,9.53,63.0,30.059999999999995,10.675,181.7,0.0,0.0,
2026-03-29T07:22:25,03/29/202607:22,53.17,0.0,0.0,51.279999999999994,0.0,0.0,0.0,0.0,0.0,198.7,23581.0,44606.0,23.8,9.52,62.6,30.059999999999995,10.7,181.8,0.0,0.0,
2026-03-29T07:23:01,03/29/202607:23,53.19,0.0,0.0,51.279999999999994,0.0,0.0,0.0,0.0,0.0,198.7,23581.0,44606.0,23.8,9.51,62.2,30.059999999999995,10.725,181.9,0.0,0.0,
2026-03-29T07:23:26,03/29/202607:23,52.98,0.01,0.5297999999999999,51.279999999999994,0.0,0.0,0.0,0.0,0.0,198.7,23581.0,44606.0,23.8,9.5,61.8,30.059999999999995,10.75,182.0,0.0,0.0,0.0
2026-03-29T07:24:00,03/29/202607:24,52.77,0.02,1.0554000000000001,51.279999999999994,0.0,0.0,0.0,0.0,0.0,198.7,23581.0,44606.0,23.8,9.5,61.4,30.059999999999995,10.75,182.0,0.0,0.0,0.0
2026-03-29T07:24:26,03/29/202607:24,52.57000000000001,0.030000000000000006,1.5771000000000006,51.279999999999994,0.0,0.0,0.0,0.0,0.0,198.7,23581.0,44606.0,23.8,9.5,61.0,30.059999999999995,10.75,182.0,0.0,0.0,0.0
2026-03-29T07:25:00,03/29/202607:25,52.36,0.04,2.0944,51.29,0.0,0.0,0.0,0.0,0.0,198.7,23581.0,44606.0,23.8,9.5,61.0,30.059999999999995,10.75,182.0,0.0,0.0,0.0
2026-03-29T07:25:26,03/29/202607:25,60.120000000000005,0.04,2.4048000000000003,51.3,0.01,0.513,0.5,0.0,0.0,198.7,23581.0,44606.0,23.8,9.5,61.0,30.059999999999995,10.75,182.0,0.0,0.0,0.21332335329341315
2026-03-29T07:26:00,03/29/202607:26,67.88000000000001,0.04,2.7152000000000003,51.3,0.02,1.026,1.0,0.0,0.0,198.7,23581.0,44606.0,23.8,9.5,61.0,30.059999999999995,10.75,182.0,0.0,0.0,0.37787271655863286
2026-03-29T07:26:26,03/29/202607:26,75.72,0.04,3.0288,51.3,0.02,1.026,1.0,0.0,0.0,198.7,23581.0,44606.0,23.8,9.5,61.0,30.059999999999995,10.75,182.0,0.0,0.0,0.3387480190174327
2026-03-29T07:27:00,03/29/202607:27,83.56,0.04,3.3424,51.3,0.02,1.026,1.0,0.0,0.0,198.7,23581.0,44606.0,23.8,9.5,61.0,30.059999999999995,10.75,182.0,0.0,0.0,0.3069650550502633
2026-03-29T07:28:39,03/29/202607:28,91.53,0.04,3.6612,51.31,0.02,1.0262,1.0,0.0,0.0,198.7,23581.0,44606.0,23.8,9.5,61.0,30.059999999999995,10.75,182.0,0.0,0.0,0.2802906150988747
2026-03-29T07:29:01,03/29/202607:29,99.5,0.04,3.98,51.31999999999999,0.02,1.0264,1.0,0.0,0.0,198.7,23581.0,44606.0,23.8,9.5,61.0,30.059999999999995,10.75,182.0,0.0,0.0,0.2578894472361809
2026-03-29T07:29:27,03/29/202607:29,107.5,0.030000000000000006,3.2250000000000005,51.31999999999999,0.02,1.0264,1.0,0.0,0.0,198.7,23581.0,44606.0,23.8,9.5,61.0,30.059999999999995,10.75,182.0,0.0,0.0,0.3182635658914728
2026-03-29T07:30:01,03/29/202607:30,115.5,0.02,2.31,51.31999999999999,0.02,1.0264,1.0,0.0,0.0,198.7,23581.0,44606.0,23.8,9.5,61.0,30.059999999999995,10.75,182.0,0.0,0.0,0.4443290043290043
2026-03-29T07:30:26,03/29/202607:30,123.80999999999999,0.01,1.2381,51.31999999999999,0.02,1.0264,1.0,0.0,0.0,198.7,23581.0,44606.0,23.8,9.5,61.0,30.059999999999995,10.75,182.0,0.0,0.0,0.829012196106938
2026-03-29T07:31:01,03/29/202607:31,132.12,0.0,0.0,51.31999999999999,0.02,1.0264,1.0,0.0,0.0,198.7,23581.0,44606.0,23.8,9.5,61.0,30.059999999999995,10.75,182.0,0.0,0.0,
2026-03-29T07:31:05,03/29/202607:31,132.42000000000002,0.0,0.0,51.31999999999999,0.01,0.5132,0.5,0.0,0.0,198.7,23581.0,44606.0,23.8,9.5,60.9,30.059999999999995,10.775,182.3,0.0,0.0,
2026-03-29T07:32:01,03/29/202607:32,132.72,0.0,0.0,51.31999999999999,0.0,0.0,0.0,0.0,0.0,198.7,23581.0,44606.0,23.8,9.5,60.8,30.059999999999995,10.8,182.6,0.0,0.0,
2026-03-29T07:32:06,03/29/202607:32,133.06,0.0,0.0,51.31999999999999,0.0,0.0,0.0,0.0,0.0,198.7,23581.0,44606.0,23.8,9.5,60.7,30.059999999999995,10.825,182.9,0.0,0.0,
2026-03-29T07:33:00,03/29/202607:33,133.4,0.0,0.0,51.31999999999999,0.0,0.0,0.0,0.0,0.0,198.7,23581.0,44606.0,23.8,9.5,60.6,30.059999999999995,10.85,183.2,0.0,0.0,
2026-03-29T07:33:05,03/29/202607:33,133.62,0.0,0.0,51.31,0.0,0.0,0.0,0.0,0.0,198.7,23581.0,44606.0,23.8,9.5,60.5,30.059999999999995,10.875,183.5,0.0,0.0,
2026-03-29T07:34:00,03/29/202607:34,133.84,0.0,0.0,51.3,0.0,0.0,0.0,0.0,0.0,198.7,23581.0,44606.0,23.8,9.5,60.4,30.059999999999995,10.9,183.8,0.0,0.0,
2026-03-29T07:34:05,03/29/202607:34,134.32999999999998,0.0,0.0,51.31,0.0,0.0,0.0,0.0,0.0,198.7,23581.0,44606.0,23.8,9.5,60.3,30.059999999999995,10.925,184.1,0.0,0.0,
2026-03-29T07:35:01,03/29/202607:35,134.82,0.0,0.0,51.31999999999999,0.0,0.0,0.0,0.0,0.0,198.7,23581.0,44606.0,23.8,9.5,60.2,30.059999999999995,10.95,184.4,0.0,0.0,
2026-03-29T07:35:05,03/29/202607:35,135.03,0.0,0.0,51.31999999999999,0.0,0.0,0.0,0.0,0.0,198.7,23581.0,44606.0,23.8,9.5,60.1,30.059999999999995,10.975,184.7,0.0,0.0,
2026-03-29T07:36:01,03/29/202607:36,135.24,0.0,0.0,51.31999999999999,0.0,0.0,0.0,0.0,0.0,198.7,23581.0,44606.0,23.8,9.5,60.0,30.059999999999995,11.0,185.0,0.0,0.0,
2026-03-29T07:36:05,03/29/202607:36,135.53,0.0,0.0,51.31999999999999,0.0,0.0,0.0,0.0,0.0,198.7,23581.0,44606.0,23.8,9.5,60.0,30.059999999999995,11.0,185.0,0.0,0.0,
2026-03-29T07:36:58,03/29/202607:36,135.85,0.0,0.0,51.31999999999999,0.0,0.0,0.0,0.0,0.0,198.7,23581.0,44606.0,23.8,9.5,60.0,30.059999999999995,11.0,185.0,0.0,0.0,
2026-03-29T07:37:01,03/29/202607:37,136.05,0.0,0.0,51.31999999999999,0.0,0.0,0.0,0.0,0.0,198.7,23581.0,44606.0,23.8,9.5,60.0,30.059999999999995,11.0,185.0,0.0,0.0,
2026-03-29T07:37:57,03/29/202607:37,136.28,0.0,0.0,51.33,0.0,0.0,0.0,0.0,0.0,198.7,23581.0,44606.0,23.8,9.5,60.0,30.059999999999995,11.0,185.0,0.0,0.0,
2026-03-29T07:38:01,03/29/202607:38,136.49,0.0,0.0,51.339999999999996,0.0,0.0,0.0,0.0,0.0,198.7,23581.0,44606.0,23.8,9.5,60.0,30.059999999999995,11.0,185.0,0.0,0.0,
2026-03-29T07:39:51,03/29/202607:39,136.75,0.0,0.0,51.339999999999996,0.0,0.0,0.0,0.0,0.0,198.7,23581.0,44606.0,23.8,9.5,60.0,30.059999999999995,11.0,185.0,0.0,0.0,
2026-03-29T07:40:01,03/29/202607:40,136.94,0.0,0.0,51.33,0.0,0.0,0.0,0.0,0.0,198.7,23581.0,44606.0,23.8,9.5,60.0,30.059999999999995,11.0,185.0,0.0,0.0,
2026-03-29T07:40:38,03/29/202607:40,137.15,0.0,0.0,51.31999999999999,0.0,0.0,0.0,0.0,0.0,198.7,23581.0,44606.0,23.8,9.5,60.0,30.059999999999995,11.0,185.0,0.0,0.0,
2026-03-29T07:41:01,03/29/202607:41,137.32,0.0,0.0,51.31999999999999,0.0,0.0,0.0,0.0,0.0,198.7,23581.0,44606.0,23.8,9.5,60.0,30.059999999999995,11.0,185.0,0.0,0.0,
2026-03-29T07:41:30,03/29/202607:41,137.51,0.0,0.0,51.33,0.0,0.0,0.0,0.0,0.0,198.7,23581.0,44606.0,23.8,9.5,60.0,30.059999999999995,11.0,185.0,0.0,0.0,
2026-03-29T07:42:00,03/29/202607:42,137.66,0.0,0.0,51.339999999999996,0.0,0.0,0.0,0.0,0.0,198.7,23581.0,44606.0,23.8,9.5,60.0,30.059999999999995,11.0,185.0,0.0,0.0,
2026-03-29T07:42:31,03/29/202607:42,137.75,0.0,0.0,51.35,0.0,0.0,0.0,0.0,0.0,198.7,23581.0,44606.0,23.8,9.5,60.0,30.059999999999995,11.0,185.0,0.0,0.0,
2026-03-29T07:43:00,03/29/202607:43,137.84,0.0,0.0,51.36,0.0,0.0,0.0,0.0,0.0,198.7,23581.0,44606.0,23.8,9.5,60.0,30.059999999999995,11.0,185.0,0.0,0.0,
2026-03-29T07:43:31,03/29/202607:43,137.95999999999998,0.0,0.0,51.36,0.0,0.0,0.0,0.0,0.0,198.7,23581.0,44606.0,23.8,9.5,60.0,30.059999999999995,11.0,185.0,0.0,0.0,
2026-03-29T07:44:00,03/29/202607:44,138.07999999999998,0.0,0.0,51.36,0.0,0.0,0.0,0.0,0.0,198.7,23581.0,44606.0,23.8,9.5,60.0,30.059999999999995,11.0,185.0,0.0,0.0,
2026-03-29T07:45:01,03/29/202607:45,138.15,0.0,0.0,51.36999999999999,0.0,0.0,0.0,0.0,0.0,198.7,23581.0,44606.0,23.8,9.5,60.0,30.059999999999995,11.0,185.0,0.0,0.0,
2026-03-29T07:45:30,03/29/202607:45,138.26,0.0,0.0,51.379999999999995,0.0,0.0,0.0,0.0,0.0,198.7,23581.0,44606.0,23.8,9.5,60.0,30.059999999999995,11.0,185.0,0.0,0.0,
2026-03-29T07:46:01,03/29/202607:46,138.35,0.0,0.0,51.39,0.0,0.0,0.0,0.0,0.0,198.7,23581.0,44606.0,23.8,9.5,60.0,30.059999999999995,11.0,185.0,0.0,0.0,
2026-03-29T07:46:30,03/29/202607:46,138.44,0.0,0.0,51.4,0.0,0.0,0.0,0.0,0.0,198.7,23581.0,44606.0,23.8,9.52,59.9,30.057,11.043000000000001,184.8,1.9,0.01,
2026-03-29T07:47:01,03/29/202607:47,138.51,0.0,0.0,51.4,0.0,0.0,0.0,0.0,0.0,198.7,23581.0,44606.0,23.8,9.540000000000001,59.8,30.053999999999995,11.086,184.6,3.8,0.02,
2026-03-29T07:47:31,03/29/202607:47,138.62,0.0,0.0,51.4,0.0,0.0,0.0,0.0,0.0,198.7,23581.0,44606.0,23.8,9.559999999999999,59.7,30.051,11.129,184.4,5.7,0.030000000000000006,
2026-03-29T07:48:00,03/29/202607:48,138.76000000000002,0.0,0.0,51.4,0.0,0.0,0.0,0.0,0.0,198.7,23581.0,44606.0,23.8,9.58,59.6,30.048000000000002,11.172,184.2,7.6,0.04,
2026-03-29T07:49:01,03/29/202607:49,138.9,0.0,0.0,51.410000000000004,0.0,0.0,0.0,0.0,0.0,198.7,23581.0,44606.0,23.8,9.6,59.5,30.044999999999998,11.215,184.0,9.5,0.05,
2026-03-29T07:49:31,03/29/202607:49,139.0,0.0,0.0,51.42,0.0,0.0,0.0,0.0,0.0,198.7,23581.0,44606.0,23.8,9.62,59.4,30.042,11.258,183.8,11.4,0.06000000000000001,
2026-03-29T07:51:03,03/29/202607:51,139.12,0.0,0.0,51.42999999999999,0.0,0.0,0.0,0.0,0.0,198.7,23581.0,44606.0,23.8,9.639999999999999,59.3,30.038999999999998,11.300999999999998,183.6,13.3,0.07,
2026-03-29T07:51:31,03/29/202607:51,139.25,0.0,0.0,51.44,0.0,0.0,0.0,0.0,0.0,198.7,23581.0,44606.0,23.8,9.66,59.2,30.036,11.344,183.4,15.2,0.08,
2026-03-29T07:52:00,03/29/202607:52,139.34,0.0,0.0,51.45,0.0,0.0,0.0,0.0,0.0,198.7,23581.0,44606.0,23.8,9.68,59.1,30.032999999999998,11.387,183.2,17.1,0.09,
2026-03-29T07:52:31,03/29/202607:52,139.44,0.0,0.0,51.46,0.0,0.0,0.0,0.0,0.0,198.7,23581.0,44606.0,23.8,9.7,59.0,30.03,11.43,183.0,19.0,0.1,
2026-03-29T07:53:00,03/29/202607:53,139.54000000000002,0.0,0.0,51.470000000000006,0.0,0.0,0.0,0.0,0.0,198.7,23581.0,44606.0,23.8,9.7,59.0,30.03,11.43,183.0,19.0,0.1,
2026-03-29T07:53:31,03/29/202607:53,139.65,0.0,0.0,51.48,0.0,0.0,0.0,0.0,0.0,198.7,23581.0,44606.0,23.8,9.7,59.0,30.03,11.43,183.0,19.0,0.1,
2026-03-29T07:54:00,03/29/202607:54,139.72,0.0,0.0,51.489999999999995,0.0,0.0,0.0,0.0,0.0,198.7,23581.0,44606.0,23.8,9.7,59.0,30.03,11.43,183.0,19.0,0.1,
2026-03-29T07:54:30,03/29/202607:54,139.8,0.0,0.0,51.5,0.0,0.0,0.0,0.0,0.0,198.7,23581.0,44606.0,23.8,9.7,59.0,30.03,11.43,183.0,19.0,0.1,
2026-03-29T07:55:01,03/29/202607:55,139.88,0.0,0.0,51.5,0.0,0.0,0.0,0.0,0.0,198.7,23581.0,44606.0,23.8,9.7,59.0,30.03,11.43,183.0,19.0,0.1,
2026-03-29T07:55:31,03/29/202607:55,132.26,0.03,3.9677999999999995,51.5,0.03,1.545,1.5,0.0,0.0,198.7,23581.0,44606.0,23.8,9.7,59.0,30.03,11.43,183.0,19.0,0.1,0.38938454559201574
2026-03-29T07:56:01,03/29/202607:56,124.62,0.06,7.4772,51.5,0.06,3.09,3.0,0.0,0.0,198.7,23581.0,44606.0,23.8,9.7,59.0,30.03,11.43,183.0,19.0,0.1,0.4132562991494142
2026-03-29T07:56:31,03/29/202607:56,124.67,0.06,7.4802,51.510000000000005,0.06,3.0906000000000002,3.0,0.0,0.0,198.7,23581.0,44606.0,23.8,9.7,59.0,30.03,11.43,183.0,19.0,0.1,0.4131707708350044
2026-03-29T07:57:01,03/29/202607:57,124.72,0.06,7.4832,51.52,0.06,3.0912,3.0,0.0,0.0,198.7,23581.0,44606.0,23.8,9.7,59.0,30.03,11.43,183.0,19.0,0.1,0.413085311096857
2026-03-29T07:57:31,03/29/202607:57,116.78,0.09,10.5102,51.529999999999994,0.09,4.6377,4.5,0.0,0.0,198.7,23581.0,44606.0,23.8,9.7,59.0,30.03,11.43,183.0,19.0,0.1,0.44125706456585034
2026-03-29T07:58:00,03/29/202607:58,108.84,0.12,13.0608,51.54,0.12,6.1848,6.0,0.0,0.0,198.7,23581.0,44606.0,23.8,9.7,59.0,30.03,11.43,183.0,19.0,0.1,0.4735391400220507
2026-03-29T07:58:37,03/29/202607:58,101.03,0.15,15.154499999999999,51.55,0.15,7.732499999999999,7.5,0.0,0.0,198.7,23581.0,44606.0,23.8,9.7,59.0,30.03,11.43,183.0,19.0,0.1,0.510244481837078
2026-03-29T07:59:00,03/29/202607:59,93.22,0.18,16.7796,51.56,0.18,9.2808,9.0,0.0,0.0,198.7,23581.0,44606.0,23.8,9.7,59.0,30.03,11.43,183.0,19.0,0.1,0.5531001930916113
2026-03-29T08:00:01,03/29/202608:00,85.4,0.21000000000000002,17.934000000000005,51.57000000000001,0.21000000000000002,10.829700000000003,10.5,0.0,0.0,198.7,23581.0,44606.0,23.8,9.7,59.0,30.03,11.43,183.0,19.0,0.1,0.603864168618267
2026-03-29T08:00:36,03/29/202608:00,77.58,0.22999999999999998,17.8434,51.589999999999996,0.24,12.381599999999999,12.0,0.0,0.0,198.7,23581.0,44606.0,23.8,9.7,59.0,30.03,11.43,183.0,19.0,0.1,0.6939036282322876
2026-03-29T08:02:14,03/29/202608:02,77.44,0.22999999999999998,17.8112,51.61,0.24,12.3864,12.0,0.0,0.0,198.7,23581.0,44606.0,23.8,9.75,58.9,30.03,11.498999999999999,183.1,22.7,0.1,0.6954275961192957
2026-03-29T08:02:36,03/29/202608:02,77.26,0.22999999999999998,17.7698,51.620000000000005,0.24,12.3888,12.0,0.0,0.0,198.7,23581.0,44606.0,23.8,9.8,58.8,30.03,11.568,183.2,26.4,0.1,0.6971828608087879
2026-03-29T08:03:01,03/29/202608:03,69.38,0.26,18.0388,51.620000000000005,0.26999999999999996,13.937399999999998,13.5,0.0,0.0,198.7,23581.0,44606.0,23.8,9.85,58.7,30.03,11.636999999999999,183.3,30.1,0.1,0.7726345433177373
2026-03-29T08:03:08,03/29/202608:03,61.5,0.29,17.834999999999997,51.63000000000001,0.31,16.005300000000002,15.5,0.0,0.0,198.7,23581.0,44606.0,23.8,9.9,58.6,30.03,11.706,183.4,33.8,0.1,0.8974095878889826
2026-03-29T08:04:00,03/29/202608:04,61.6,0.29,17.864,51.64,0.32,16.5248,16.0,0.0,0.0,198.7,23581.0,44606.0,23.8,9.95,58.5,30.03,11.775,183.5,37.5,0.1,0.9250335871025526
2026-03-29T08:04:07,03/29/202608:04,61.839999999999996,0.29,17.9336,51.65,0.32,16.528,15.5,0.0,0.0,198.7,23581.0,44606.0,23.8,10.0,58.4,30.03,11.844,183.6,41.2,0.1,0.9216219833162332
2026-03-29T08:05:01,03/29/202608:05,61.94,0.29,17.9626,51.660000000000004,0.32,16.531200000000002,15.0,0.0,0.0,198.7,23581.0,44606.0,23.8,10.05,58.3,30.03,11.913,183.7,44.9,0.1,0.9203122042466014
2026-03-29T08:05:08,03/29/202608:05,62.05,0.29,17.9945,51.67,0.32,16.5344,15.0,0.0,0.0,198.7,23581.0,44606.0,23.8,10.1,58.2,30.03,11.982,183.8,48.6,0.1,0.9188585401094781
2026-03-29T08:06:01,03/29/202608:06,62.160000000000004,0.29,18.0264,51.68000000000001,0.32,16.5376,15.0,0.0,0.0,198.7,23581.0,44606.0,23.8,10.15,58.1,30.03,12.050999999999998,183.9,52.3,0.1,0.9174100208582968
2026-03-29T08:06:07,03/29/202608:06,62.15,0.29,18.0235,51.69,0.32999999999999996,17.057699999999997,15.5,0.0,0.0,198.7,23581.0,44606.0,23.8,10.2,58.0,30.03,12.12,184.0,56.0,0.1,0.9464144034177601
2026-03-29T08:07:01,03/29/202608:07,62.14,0.27999999999999997,17.399199999999997,51.7,0.33999999999999997,17.578,16.0,0.0,0.0,198.7,23581.0,44606.0,23.8,10.2,58.0,30.03,12.12,184.0,56.0,0.1,1.010276334544117
2026-03-29T08:08:01,03/29/202608:08,62.17,0.27,16.7859,51.720000000000006,0.35,18.102,16.5,0.0,0.0,198.7,23581.0,44606.0,23.7,10.2,58.0,30.03,12.12,184.0,56.0,0.1,1.0784050899862383
2026-03-29T08:08:08,03/29/202608:08,62.14,0.27,16.777800000000003,51.739999999999995,0.35,18.108999999999998,16.5,0.0,0.0,198.7,23581.0,44606.0,23.7,10.2,58.0,30.03,12.12,184.0,56.0,0.1,1.0793429412676272
2026-03-29T08:09:01,03/29/202608:09,62.11,0.27,16.7697,51.75,0.33999999999999997,17.595,16.0,0.0,0.0,198.7,23581.0,44606.0,23.7,10.2,58.0,30.03,12.12,184.0,56.0,0.1,1.0492137605323888
2026-03-29T08:09:08,03/29/202608:09,70.02000000000001,0.24,16.8048,51.760000000000005,0.3,15.528,14.0,0.0,0.0,198.7,23581.0,44606.0,23.7,10.2,58.0,30.03,12.187999999999999,184.0,56.0,0.1,0.9240217080834048
2026-03-29T08:10:25,03/29/202608:10,70.21000000000001,0.24,16.8504,51.77,0.31,16.0487,15.0,0.0,0.0,198.7,23581.0,44606.0,23.7,10.2,58.0,30.03,12.256,184.0,56.0,0.1,0.9524224944214974
2026-03-29T08:11:01,03/29/202608:11,70.4,0.24,16.896,51.779999999999994,0.32,16.569599999999998,16.0,0.0,0.0,198.7,23581.0,44606.0,23.7,10.2,58.0,30.03,12.324,184.0,56.0,0.1,0.980681818181818
2026-03-29T08:11:06,03/29/202608:11,78.16999999999999,0.21000000000000002,16.415699999999998,51.79,0.29,15.019099999999998,14.5,0.0,0.0,198.7,23581.0,44606.0,23.7,10.2,58.0,30.03,12.392,184.0,56.0,0.1,0.914922909166225
2026-03-29T08:12:01,03/29/202608:12,85.94,0.18,15.469199999999999,51.8,0.26,13.468,13.0,0.0,0.0,198.7,23581.0,44606.0,23.7,10.2,58.0,30.03,12.459999999999999,184.0,56.0,0.1,0.8706332583456159
2026-03-29T08:12:07,03/29/202608:12,86.0,0.19,16.34,51.8,0.25,12.95,12.5,0.0,0.0,198.7,23581.0,44606.0,23.7,10.2,58.0,30.03,12.528,184.0,56.0,0.1,0.7925336597307221
2026-03-29T08:13:26,03/29/202608:13,93.89,0.16999999999999998,15.961299999999998,51.81,0.21000000000000002,10.880100000000002,10.5,0.0,0.0,198.7,23581.0,44606.0,23.7,10.2,58.0,30.03,12.596,184.0,56.0,0.1,0.6816550030385998
2026-03-29T08:14:00,03/29/202608:14,101.78,0.15,15.267,51.81999999999999,0.16999999999999998,8.809399999999998,8.5,0.0,0.0,198.7,23581.0,44606.0,23.7,10.2,58.0,30.03,12.664,184.0,56.0,0.1,0.5770223357568611
2026-03-29T08:14:07,03/29/202608:14,101.94,0.15,15.290999999999999,51.83,0.18,9.3294,9.0,0.0,0.0,198.7,23581.0,44606.0,23.7,10.2,58.0,30.03,12.732000000000001,184.0,56.0,0.1,0.6101236021188935
2026-03-29T08:15:01,03/29/202608:15,102.1,0.15,15.314999999999998,51.839999999999996,0.19,9.849599999999999,9.5,0.0,0.0,198.7,23581.0,44606.0,23.7,10.2,58.0,30.03,12.8,184.0,56.0,0.1,0.6431341821743389
2026-03-29T08:15:07,03/29/202608:15,95.6,0.18,17.208,51.85,0.22000000000000003,11.407000000000002,11.0,0.0,0.0,198.7,23581.0,44606.0,23.7,10.2,58.0,30.03,12.8,184.0,56.0,0.1,0.6628893537889355
2026-03-29T08:16:00,03/29/202608:16,96.67999999999999,0.18,17.402399999999997,51.86,0.21000000000000002,10.890600000000001,10.5,0.0,0.0,198.7,23581.0,44606.0,23.7,10.2,58.0,30.03,12.8,184.0,56.0,0.1,0.6258102330713007
2026-03-29T08:16:06,03/29/202608:16,96.47999999999999,0.16999999999999998,16.4016,51.86999999999999,0.2,10.373999999999999,10.0,0.0,0.0,198.7,23581.0,44606.0,23.8,10.26,57.9,30.03,12.868,184.1,60.5,0.12,0.632499268364062
2026-03-29T08:17:00,03/29/202608:17,88.69,0.19,16.8511,51.879999999999995,0.22999999999999998,11.932399999999998,11.5,0.0,0.0,198.7,23581.0,44606.0,23.8,10.319999999999999,57.8,30.03,12.936000000000002,184.2,65.0,0.13999999999999999,0.7081080760306447
2026-03-29T08:17:07,03/29/202608:17,80.71,0.22999999999999998,18.563299999999998,51.89,0.26,13.4914,13.0,0.0,0.0,198.7,23581.0,44606.0,23.8,10.379999999999999,57.7,30.03,13.004000000000001,184.3,69.5,0.16,0.7267781051860392
2026-03-29T08:18:01,03/29/202608:18,80.55999999999999,0.24,19.334399999999995,51.9,0.26,13.494,13.0,0.0,0.0,198.7,23581.0,44606.0,23.8,10.440000000000001,57.6,30.03,13.072,184.4,74.0,0.18,0.6979270109235354
2026-03-29T08:18:07,03/29/202608:18,72.58,0.27,19.596600000000002,51.9,0.29,15.050999999999998,14.5,0.0,0.0,198.7,23581.0,44606.0,23.7,10.5,57.5,30.03,13.14,184.5,78.5,0.2,0.7680413949358561
2026-03-29T08:19:00,03/29/202608:19,64.6,0.3,19.38,51.9,0.32,16.608,16.0,0.0,0.0,198.7,23581.0,44606.0,23.7,10.559999999999999,57.4,30.03,13.208000000000002,184.6,83.0,0.22000000000000003,0.8569659442724459
2026-03-29T08:19:07,03/29/202608:19,64.47,0.3,19.340999999999998,51.910000000000004,0.31,16.092100000000002,15.5,0.0,0.0,198.7,23581.0,44606.0,23.7,10.620000000000001,57.3,30.03,13.276,184.7,87.5,0.24,0.8320200610102892
2026-03-29T08:20:00,03/29/202608:20,64.34,0.3,19.302,51.92,0.3,15.576,15.0,0.0,0.0,198.7,23581.0,44606.0,23.7,10.680000000000001,57.2,30.03,13.344,184.8,92.0,0.26,0.8069630090146099
2026-03-29T08:20:06,03/29/202608:20,62.92999999999999,0.31,19.5083,51.92999999999999,0.31,16.0983,15.0,0.0,0.0,198.7,23581.0,44606.0,23.8,10.74,57.1,30.03,13.412,184.9,96.5,0.27999999999999997,0.8252026060702368
2026-03-29T08:21:01,03/29/202608:21,61.52,0.32,19.686400000000003,51.94,0.32,16.6208,15.0,0.0,0.0,198.7,23581.0,44606.0,23.8,10.8,57.0,30.03,13.48,185.0,101.0,0.3,0.8442782834850454
2026-03-29T08:21:07,03/29/202608:21,61.629999999999995,0.33999999999999997,20.954199999999997,51.95,0.32999999999999996,17.1435,15.5,0.0,0.0,198.7,23581.0,44606.0,23.7,10.8,57.0,30.03,13.48,185.0,101.0,0.3,0.818141470445066
2026-03-29T08:22:01,03/29/202608:22,61.739999999999995,0.36,22.226399999999998,51.96,0.33999999999999997,17.6664,16.0,0.0,0.0,198.7,23581.0,44606.0,23.7,10.8,57.0,30.03,13.48,185.0,101.0,0.3,0.7948385703487745
2026-03-29T08:23:01,03/29/202608:23,62.04,0.36,22.3344,51.970000000000006,0.35,18.189500000000002,16.5,0.0,0.0,198.7,23581.0,44606.0,23.7,10.8,57.0,30.03,13.48,185.0,101.0,0.3,0.8144163263844116
2026-03-29T08:23:07,03/29/202608:23,61.83,0.36,22.258799999999997,51.989999999999995,0.35,18.196499999999997,16.5,0.0,0.0,198.7,23581.0,44606.0,23.8,10.8,57.0,30.03,13.48,185.0,101.0,0.3,0.8174969001024314
2026-03-29T08:24:37,03/29/202608:24,69.86,0.33,23.053800000000003,52.010000000000005,0.32,16.6432,15.0,0.0,0.0,198.7,23581.0,44606.0,23.8,10.8,57.0,30.03,13.48,185.0,101.0,0.3,0.7219287058966417
2026-03-29T08:25:00,03/29/202608:25,77.89,0.3,23.367,52.029999999999994,0.29,15.088699999999998,13.5,0.0,0.0,198.7,23581.0,44606.0,23.8,10.8,57.0,30.03,13.48,185.0,101.0,0.3,0.6457268797877347
2026-03-29T08:25:07,03/29/202608:25,78.22999999999999,0.31,24.251299999999997,52.04,0.3,15.611999999999998,14.0,0.0,0.0,198.7,23581.0,44606.0,23.7,10.8,57.0,30.03,13.48,185.0,101.0,0.3,0.6437593036249604
2026-03-29T08:26:00,03/29/202608:26,78.57,0.32,25.1424,52.05,0.31,16.1355,14.5,0.0,0.0,198.7,23581.0,44606.0,23.7,10.8,57.0,30.03,13.48,185.0,101.0,0.3,0.6417645093547156
2026-03-29T08:26:08,03/29/202608:26,86.56,0.28,24.236800000000002,52.06,0.27,14.056200000000002,13.0,0.0,0.0,198.7,23581.0,44606.0,23.8,10.8,57.0,30.03,13.48,185.0,101.0,0.3,0.5799527990493795
2026-03-29T08:27:00,03/29/202608:27,94.55,0.24000000000000005,22.692000000000004,52.07000000000001,0.23000000000000004,11.976100000000004,11.5,0.0,0.0,198.7,23581.0,44606.0,23.8,10.8,57.0,30.03,13.48,185.0,101.0,0.3,0.5277674951524768
2026-03-29T08:27:07,03/29/202608:27,94.67999999999999,0.23000000000000004,21.776400000000002,52.08,0.24,12.499199999999998,12.1,0.0,0.0,198.7,23581.0,44606.0,23.7,10.8,57.0,30.03,13.48,185.0,101.0,0.3,0.5739791701107619
2026-03-29T08:28:00,03/29/202608:28,94.81,0.22000000000000003,20.858200000000004,52.089999999999996,0.25,13.022499999999999,12.7,0.0,0.0,198.7,23581.0,44606.0,23.7,10.8,57.0,30.03,13.48,185.0,101.0,0.3,0.6243347939898936
2026-03-29T08:29:00,03/29/202608:29,94.94,0.21000000000000002,19.9374,52.1,0.26,13.546000000000001,13.3,0.0,0.0,198.7,23581.0,44606.0,23.8,10.8,57.0,30.03,13.48,185.0,101.0,0.3,0.6794266052745093
2026-03-29T08:29:07,03/29/202608:29,95.59,0.2,19.118000000000002,52.11,0.27999999999999997,14.590799999999998,14.4,0.0,0.0,198.7,23581.0,44606.0,23.7,10.8,57.0,30.03,13.48,185.0,101.0,0.3,0.763196987132545
2026-03-29T08:30:00,03/29/202608:30,88.0,0.22999999999999998,20.24,52.120000000000005,0.32999999999999996,17.1996,17.0,0.0,0.0,198.7,23581.0,44606.0,23.7,10.8,57.0,30.03,13.48,185.0,101.0,0.3,0.8497826086956523
2026-03-29T08:30:07,03/29/202608:30,82.03,0.27,22.148100000000003,52.13000000000001,0.36,18.766800000000003,18.5,0.0,0.0,198.7,23581.0,44606.0,23.8,10.8,57.0,30.03,13.48,185.0,101.0,0.3,0.8473322768092975
2026-03-29T08:31:01,03/29/202608:31,83.69,0.27,22.5963,52.14,0.35,18.249,18.0,0.0,0.0,198.7,23581.0,44606.0,23.8,10.8,57.0,30.03,13.48,185.0,101.0,0.3,0.8076100954581059
2026-03-29T08:31:07,03/29/202608:31,91.27000000000001,0.22999999999999998,20.9921,52.15,0.31,16.1665,16.0,0.0,0.0,198.7,23581.0,44606.0,23.7,10.85,56.8,30.03,13.598000000000003,185.2,105.9,0.31999999999999995,0.770123046288842
2026-03-29T08:31:44,03/29/202608:31,83.62,0.27,22.577400000000004,52.160000000000004,0.35,18.256,18.0,0.0,0.0,198.7,23581.0,44606.0,23.8,10.9,56.6,30.03,13.716,185.4,110.8,0.33999999999999997,0.8085962068262952
2026-03-29T08:32:00,03/29/202608:32,75.97,0.31,23.5507,52.17,0.39,20.346300000000003,20.0,0.0,0.0,198.7,23581.0,44606.0,23.8,10.95,56.4,30.03,13.834,185.6,115.7,0.36,0.863936103810078
2026-03-29T08:33:01,03/29/202608:33,75.94,0.32,24.3008,52.18000000000001,0.38,19.828400000000002,19.4,0.0,0.0,198.7,23581.0,44606.0,23.8,11.0,56.2,30.03,13.952000000000002,185.8,120.6,0.38,0.8159566763234133
2026-03-29T08:33:45,03/29/202608:33,76.33,0.33,25.1889,52.19,0.37,19.310299999999998,18.8,0.0,0.0,198.7,23581.0,44606.0,23.7,11.05,56.0,30.03,14.069999999999999,186.0,125.5,0.4,0.7666194236350138
2026-03-29T08:34:00,03/29/202608:34,76.72,0.34,26.0848,52.2,0.36,18.792,18.2,0.0,0.0,198.7,23581.0,44606.0,23.7,11.1,55.8,30.03,14.187999999999999,186.2,130.4,0.42000000000000004,0.7204195546831872
2026-03-29T08:35:49,03/29/202608:35,77.01,0.34,26.183400000000002,52.21,0.35,18.2735,17.6,0.0,0.0,198.7,23581.0,44606.0,23.7,11.15,55.6,30.03,14.306000000000001,186.4,135.3,0.44000000000000006,0.6979040155212843
2026-03-29T08:36:01,03/29/202608:36,77.3,0.34,26.282,52.220000000000006,0.34,17.754800000000003,17.0,0.0,0.0,198.7,23581.0,44606.0,23.7,11.2,55.4,30.03,14.424000000000001,186.6,140.2,0.45999999999999996,0.675549805950841
2026-03-29T08:37:00,03/29/202608:37,83.32000000000001,0.3,24.996000000000002,52.239999999999995,0.31,16.194399999999998,15.5,0.0,0.0,198.7,23581.0,44606.0,23.7,11.25,55.2,30.03,14.542000000000002,186.8,145.1,0.48,0.6478796607457192
2026-03-29T08:38:00,03/29/202608:38,82.1,0.3,24.63,52.260000000000005,0.32,16.723200000000002,16.0,0.0,0.0,198.7,23581.0,44606.0,23.7,11.3,55.0,30.03,14.66,187.0,150.0,0.5,0.6789768574908649
2026-03-29T08:39:01,03/29/202608:39,74.97,0.34,25.489800000000002,52.279999999999994,0.37,19.3436,18.6,0.0,0.0,198.7,23581.0,44606.0,23.7,11.3,55.0,30.03,14.66,187.0,150.0,0.5,0.7588760994593915
2026-03-29T08:40:01,03/29/202608:40,75.42999999999999,0.34,25.6462,52.3,0.38,19.874,19.2,0.0,0.0,198.7,23581.0,44606.0,23.8,11.3,55.0,30.03,14.66,187.0,150.0,0.5,0.7749296192028448
2026-03-29T08:41:00,03/29/202608:41,78.91,0.33,26.0403,52.33,0.38,19.8854,19.3,0.0,0.0,198.7,23581.0,44606.0,23.7,11.3,55.0,30.03,14.66,187.0,150.0,0.5,0.7636394357975907
2026-03-29T08:42:00,03/29/202608:42,82.4,0.32,26.368000000000002,52.36,0.38,19.8968,19.4,0.0,0.0,198.7,23581.0,44606.0,23.7,11.3,55.0,30.03,14.66,187.0,150.0,0.5,0.7545813106796115
2026-03-29T08:43:00,03/29/202608:43,85.47,0.31,26.4957,52.39,0.38,19.9082,19.5,0.0,0.0,198.7,23581.0,44606.0,23.7,11.3,55.0,30.03,14.66,187.0,150.0,0.5,0.7513747513747514
2026-03-29T08:43:01,03/29/202608:43,88.53999999999999,0.3,26.561999999999998,52.42,0.39,20.443800000000003,20.1,0.0,0.0,198.7,23581.0,44606.0,23.7,11.3,55.0,30.03,14.66,187.0,150.0,0.5,0.7696634289586629
2026-03-29T08:44:00,03/29/202608:44,91.7,0.3,27.51,52.44,0.4,20.976,20.7,0.0,0.0,198.7,23581.0,44606.0,23.7,11.3,55.0,30.03,14.66,187.0,150.0,0.5,0.7624863685932387
2026-03-29T08:44:01,03/29/202608:44,94.3,0.31,29.233,52.470000000000006,0.41,21.512700000000002,21.3,0.0,0.0,198.7,23581.0,44606.0,23.7,11.3,55.0,30.03,14.66,187.0,150.0,0.5,0.7359046283309959
2026-03-29T08:45:00,03/29/202608:45,89.55,0.35,31.342499999999998,52.489999999999995,0.45999999999999996,24.145399999999995,23.9,0.0,0.0,198.7,23581.0,44606.0,23.7,11.3,55.0,30.03,14.66,187.0,150.0,0.5,0.7703724974076732
2026-03-29T08:45:01,03/29/202608:45,92.05,0.35,32.217499999999994,52.510000000000005,0.47000000000000003,24.679700000000004,24.5,0.0,0.0,198.7,23581.0,44606.0,23.7,11.3,55.0,30.03,14.66,187.0,150.0,0.5,0.7660339877395828
2026-03-29T08:47:01,03/29/202608:47,94.55,0.36,34.038,52.54,0.47000000000000003,24.6938,24.5,0.0,0.0,198.7,23581.0,44606.0,23.7,11.35,54.9,30.03,14.754,187.1,155.3,0.53,0.725477407603267
2026-03-29T08:47:21,03/29/202608:47,97.13,0.37,35.9381,52.58,0.47000000000000003,24.712600000000002,24.5,0.0,0.0,198.7,23581.0,44606.0,23.7,11.4,54.8,30.03,14.847999999999999,187.2,160.6,0.5599999999999999,0.6876434758654465
2026-03-29T08:48:01,03/29/202608:48,96.69,0.39,37.7091,52.61,0.48,25.252799999999997,25.0,0.0,0.0,198.7,23581.0,44606.0,23.7,11.45,54.7,30.03,14.941999999999998,187.3,165.9,0.5900000000000001,0.6696738983428403
2026-03-29T08:49:01,03/29/202608:49,96.24,0.41,39.4584,52.64,0.49000000000000005,25.7936,25.5,0.0,0.0,198.7,23581.0,44606.0,23.7,11.5,54.6,30.03,15.036000000000001,187.4,171.2,0.62,0.6536909758125014
2026-03-29T08:49:21,03/29/202608:49,95.8,0.43,41.193999999999996,52.67999999999999,0.5,26.339999999999996,26.0,0.0,0.0,198.7,23581.0,44606.0,23.7,11.55,54.5,30.03,15.13,187.5,176.5,0.65,0.6394135068213818
2026-03-29T08:50:01,03/29/202608:50,95.36,0.45,42.912,52.720000000000006,0.5,26.360000000000003,26.0,0.0,0.0,198.7,23581.0,44606.0,23.7,11.6,54.4,30.03,15.224,187.6,181.8,0.68,0.6142803877703208
2026-03-29T08:50:22,03/29/202608:50,95.72999999999999,0.45999999999999996,44.035799999999995,52.760000000000005,0.51,26.907600000000002,26.5,0.0,0.0,198.7,23581.0,44606.0,23.7,11.65,54.3,30.03,15.318000000000001,187.7,187.1,0.7100000000000001,0.6110391999236986
2026-03-29T08:51:01,03/29/202608:51,96.66,0.45999999999999996,44.46359999999999,52.79,0.52,27.4508,27.0,0.0,0.0,198.7,23581.0,44606.0,23.7,11.7,54.2,30.03,15.412,187.8,192.4,0.74,0.6173769105515524
2026-03-29T08:51:22,03/29/202608:51,97.6,0.47000000000000003,45.872,52.82000000000001,0.53,27.994600000000005,27.5,0.0,0.0,198.7,23581.0,44606.0,23.7,11.75,54.1,30.03,15.506,187.9,197.7,0.77,0.6102764213463552
2026-03-29T08:52:00,03/29/202608:52,98.53,0.48,47.294399999999996,52.85,0.54,28.539,28.0,0.0,0.0,198.7,23581.0,44606.0,23.7,11.8,54.0,30.03,15.6,188.0,203.0,0.8,0.6034329645793161
2026-03-29T08:52:22,03/29/202608:52,99.46000000000001,0.48,47.7408,52.879999999999995,0.55,29.084,28.5,0.0,0.0,198.7,23581.0,44606.0,23.7,11.8,54.0,30.03,15.6,188.0,203.0,0.8,0.6092063811247402
2026-03-29T08:53:01,03/29/202608:53,100.3,0.48,48.144,52.9,0.5599999999999999,29.623999999999995,29.0,0.0,0.0,198.7,23581.0,44606.0,23.7,11.8,54.0,30.03,15.6,188.0,203.0,0.8,0.6153207045530076
2026-03-29T08:53:22,03/29/202608:53,101.17999999999999,0.49000000000000005,49.5782,52.92999999999999,0.5700000000000001,30.170099999999998,29.5,0.0,0.0,198.7,23581.0,44606.0,23.7,11.8,54.0,30.026999999999997,15.6,188.0,203.0,0.8,0.6085356063753826
2026-03-29T08:54:01,03/29/202608:54,102.06,0.5,51.03,52.96,0.58,30.7168,30.0,0.0,0.0,198.7,23581.0,44606.0,23.7,11.8,54.0,30.024,15.6,188.0,203.0,0.8,0.60193611601019
2026-03-29T08:54:22,03/29/202608:54,102.94000000000001,0.51,52.49940000000001,52.98,0.59,31.258199999999995,30.5,0.0,0.0,198.7,23581.0,44606.0,23.8,11.8,54.0,30.021000000000004,15.6,188.0,203.0,0.8,0.5954010902981747
2026-03-29T08:55:01,03/29/202608:55,103.82000000000001,0.52,53.9864,53.0,0.6,31.799999999999997,31.0,0.0,0.0,198.7,23581.0,44606.0,23.8,11.8,54.0,30.018,15.6,188.0,203.0,0.8,0.5890372390083427
2026-03-29T08:55:22,03/29/202608:55,103.9,0.54,56.10600000000001,53.029999999999994,0.61,32.348299999999995,31.6,0.0,0.0,198.7,23581.0,44606.0,23.7,11.8,54.1,30.014999999999997,15.6,188.0,203.0,0.8,0.5765568744875769
2026-03-29T08:56:01,03/29/202608:56,103.97999999999999,0.5599999999999999,58.228799999999985,53.06,0.6199999999999999,32.8972,32.2,0.0,0.0,198.7,23581.0,44606.0,23.7,11.8,54.2,30.012,15.6,188.0,203.0,0.8,0.5649644162338913
2026-03-29T08:56:22,03/29/202608:56,104.28,0.5599999999999999,58.39679999999999,53.089999999999996,0.63,33.4467,32.8,0.0,0.0,198.7,23581.0,44606.0,23.7,11.8,54.3,30.009000000000004,15.6,188.0,203.0,0.8,0.5727488492520139
2026-03-29T08:58:12,03/29/202608:58,104.54,0.5599999999999999,58.5424,53.129999999999995,0.65,34.5345,33.9,0.0,0.0,198.7,23581.0,44606.0,23.7,11.8,54.4,30.006,15.6,188.0,203.0,0.8,0.5899057776927492
2026-03-29T08:58:22,03/29/202608:58,104.8,0.5599999999999999,58.687999999999995,53.160000000000004,0.67,35.617200000000004,35.0,0.0,0.0,198.7,23581.0,44606.0,23.7,11.8,54.5,30.002999999999997,15.6,188.0,203.0,0.8,0.6068906761177755
2026-03-29T08:59:01,03/29/202608:59,105.05999999999999,0.5599999999999999,58.83359999999999,53.19,0.6900000000000001,36.701100000000004,36.1,0.0,0.0,198.7,23581.0,44606.0,23.7,11.8,54.6,30.0,15.6,188.0,203.0,0.8,0.6238119034021378
2026-03-29T08:59:22,03/29/202608:59,105.54,0.5700000000000001,60.15780000000001,53.220000000000006,0.72,38.318400000000004,37.8,0.0,0.0,198.7,23581.0,44606.0,23.7,11.8,54.7,30.0,15.6,188.0,203.0,0.8,0.6369647826217049
2026-03-29T09:00:01,03/29/202609:00,106.02000000000001,0.58,61.4916,53.25,0.75,39.9375,39.5,0.0,0.0,198.7,23581.0,44606.0,23.7,11.8,54.8,30.0,15.6,188.0,203.0,0.8,0.6494789532228793
2026-03-29T09:00:22,03/29/202609:00,106.50999999999999,0.59,62.84089999999999,53.279999999999994,0.78,41.5584,41.2,0.0,0.0,198.7,23581.0,44606.0,23.7,11.8,54.9,30.0,15.6,188.0,203.0,0.8,0.6613272566115381
2026-03-29T09:01:01,03/29/202609:01,107.0,0.6,64.2,53.31,0.8099999999999999,43.1811,42.9,0.0,0.0,198.7,23581.0,44606.0,23.7,11.8,55.0,30.0,15.6,188.0,203.0,0.8,0.6726028037383177
2026-03-29T09:01:22,03/29/202609:01,107.5,0.61,65.575,53.35,0.8300000000000001,44.2805,44.0,0.0,0.0,198.7,23581.0,44606.0,23.8,11.860000000000001,54.9,30.0,15.674000000000001,188.1,208.4,0.8099999999999999,0.6752649637819291
2026-03-29T09:02:01,03/29/202609:02,108.0,0.6199999999999999,66.96,53.39,0.85,45.3815,45.1,0.0,0.0,198.7,23581.0,44606.0,23.8,11.92,54.8,30.0,15.748,188.2,213.8,0.8200000000000001,0.6777404420549583
2026-03-29T09:02:22,03/29/202609:02,108.22,0.6399999999999999,69.26079999999999,53.42999999999999,0.8700000000000001,46.4841,46.2,0.0,0.0,198.7,23581.0,44606.0,23.7,11.98,54.7,30.0,15.822,188.3,219.2,0.8300000000000001,0.6711458718351507
2026-03-29T09:03:01,03/29/202609:03,108.47999999999999,0.6599999999999999,71.59679999999999,53.46,0.8800000000000001,47.04480000000001,46.8,0.0,0.0,198.7,23581.0,44606.0,23.7,12.040000000000001,54.6,30.0,15.896,188.4,224.6,0.8400000000000001,0.6570796460176993
2026-03-29T09:03:22,03/29/202609:03,108.74000000000001,0.6799999999999999,73.9432,53.5,0.9,48.15,47.9,0.0,0.0,198.7,23581.0,44606.0,23.7,12.1,54.5,30.0,15.969999999999999,188.5,230.0,0.85,0.6511754968678661
2026-03-29T09:04:01,03/29/202609:04,109.0,0.7,76.3,53.54,0.9199999999999999,49.2568,49.0,0.0,0.0,198.7,23581.0,44606.0,23.7,12.16,54.4,30.0,16.044,188.6,235.4,0.86,0.64556749672346
2026-03-29T09:04:12,03/29/202609:04,109.02000000000001,0.7,76.31400000000001,53.57000000000001,0.93,49.82010000000001,49.5,0.0,0.0,198.7,23581.0,44606.0,23.7,12.22,54.3,30.0,16.118000000000002,188.7,240.8,0.8700000000000001,0.6528304111958488
2026-03-29T09:05:01,03/29/202609:05,109.04,0.7,76.328,53.6,0.9400000000000001,50.38400000000001,50.0,0.0,0.0,198.7,23581.0,44606.0,23.7,12.280000000000001,54.2,30.0,16.192,188.8,246.2,0.8800000000000001,0.6600985221674878
2026-03-29T09:05:12,03/29/202609:05,109.21,0.69,75.35489999999999,53.64,0.95,50.958,50.5,0.0,0.0,198.7,23581.0,44606.0,23.7,12.34,54.1,30.0,16.266,188.9,251.6,0.89,0.6762400321677822
2026-03-29T09:06:01,03/29/202609:06,109.38,0.6799999999999999,74.37839999999998,53.67999999999999,0.96,51.53279999999999,51.0,0.0,0.0,198.7,23581.0,44606.0,23.7,12.4,54.0,30.0,16.34,189.0,257.0,0.9,0.6928463102190958
2026-03-29T09:06:12,03/29/202609:06,109.54,0.6799999999999999,74.4872,53.7,0.97,52.089,51.5,0.0,0.0,198.7,23581.0,44606.0,23.8,12.4,54.0,30.0,16.34,189.0,257.0,0.9,0.6993013564746694
2026-03-29T09:07:01,03/29/202609:07,109.7,0.6799999999999999,74.59599999999999,53.720000000000006,0.9800000000000001,52.64560000000001,52.0,0.0,0.0,198.7,23581.0,44606.0,23.8,12.4,54.0,30.0,16.34,189.0,257.0,0.9,0.7057429352780312
2026-03-29T09:07:12,03/29/202609:07,109.94000000000001,0.6799999999999999,74.7592,53.75,0.99,53.2125,52.5,0.0,0.0,198.7,23581.0,44606.0,23.7,12.4,54.0,30.0,16.34,189.0,257.0,0.9,0.7117853053537223
2026-03-29T09:08:01,03/29/202609:08,110.17999999999999,0.6799999999999999,74.92239999999998,53.779999999999994,1.0,53.779999999999994,53.0,0.0,0.0,198.7,23581.0,44606.0,23.7,12.4,54.0,30.0,16.34,189.0,257.0,0.9,0.7178093600845676
2026-03-29T09:09:24,03/29/202609:09,110.46,0.69,76.21739999999998,53.81,1.02,54.8862,54.1,0.0,0.0,198.7,23581.0,44606.0,23.7,12.4,54.0,30.0,16.34,189.0,257.0,0.9,0.7201269001566574
2026-03-29T09:10:00,03/29/202609:10,110.74000000000001,0.7,77.518,53.839999999999996,1.04,55.9936,55.2,0.0,0.0,198.7,23581.0,44606.0,23.7,12.4,54.0,30.0,16.34,189.0,257.0,0.9,0.7223302974792951
2026-03-29T09:10:12,03/29/202609:10,111.22999999999999,0.71,78.9733,53.870000000000005,1.05,56.563500000000005,55.8,0.0,0.0,198.7,23581.0,44606.0,23.7,12.4,54.0,30.0,16.34,189.0,257.0,0.9,0.7162357404337922
2026-03-29T09:11:00,03/29/202609:11,111.72,0.72,80.4384,53.910000000000004,1.06,57.144600000000004,56.4,0.0,0.0,198.7,23581.0,44606.0,23.7,12.4,54.0,30.0,16.34,189.0,257.0,0.9,0.7104144289294666
2026-03-29T09:11:19,03/29/202609:11,112.64000000000001,0.75,84.48000000000002,53.94,1.0699999999999998,57.71579999999999,57.0,0.0,0.0,198.7,23581.0,44606.0,23.7,12.4,54.0,30.0,16.34,189.0,257.0,0.9,0.6831889204545452
2026-03-29T09:12:00,03/29/202609:12,113.55999999999999,0.78,88.57679999999999,53.970000000000006,1.08,58.28760000000001,57.6,0.0,0.0,198.7,23581.0,44606.0,23.7,12.4,54.0,30.0,16.34,189.0,257.0,0.9,0.6580458991519226
2026-03-29T09:12:18,03/29/202609:12,113.13,0.79,89.3727,54.010000000000005,1.1,59.41100000000001,58.8,0.0,0.0,198.7,23581.0,44606.0,23.7,12.4,54.0,30.0,16.34,189.0,257.0,0.9,0.6647555685349107
2026-03-29T09:13:00,03/29/202609:13,112.7,0.8,90.16000000000001,54.05,1.1199999999999999,60.53599999999999,60.0,0.0,0.0,198.7,23581.0,44606.0,23.7,12.4,54.0,30.0,16.34,189.0,257.0,0.9,0.6714285714285712
2026-03-29T09:13:19,03/29/202609:13,112.87,0.8099999999999999,91.4247,54.08,1.1400000000000001,61.6512,61.1,0.0,0.0,198.7,23581.0,44606.0,23.7,12.4,54.0,30.0,16.34,189.0,257.0,0.9,0.6743385540231469
2026-03-29T09:14:01,03/29/202609:14,113.04,0.8200000000000001,92.6928,54.11,1.16,62.767599999999995,62.2,0.0,0.0,198.7,23581.0,44606.0,23.7,12.4,54.0,30.0,16.34,189.0,257.0,0.9,0.6771572333557729
2026-03-29T09:14:19,03/29/202609:14,113.45,0.8099999999999999,91.8945,54.13000000000001,1.16,62.790800000000004,62.3,0.0,0.0,198.7,23581.0,44606.0,23.7,12.4,54.0,30.0,16.34,189.0,257.0,0.9,0.6832922536169195
2026-03-29T09:15:00,03/29/202609:15,113.85999999999999,0.8,91.088,54.15,1.16,62.81399999999999,62.4,0.0,0.0,198.7,23581.0,44606.0,23.7,12.4,54.0,30.0,16.34,189.0,257.0,0.9,0.6895968733532408
2026-03-29T09:16:00,03/29/202609:16,114.04,0.79,90.09160000000001,54.17,1.17,63.3789,63.0,0.0,0.0,198.7,23581.0,44606.0,23.7,12.4,54.0,30.0,16.34,189.0,257.0,0.9,0.7034939994405693
2026-03-29T09:16:18,03/29/202609:16,114.22,0.78,89.0916,54.18000000000001,1.1800000000000002,63.932400000000015,63.0,0.0,0.0,198.7,23581.0,44606.0,23.7,12.47,53.9,30.0,16.409,189.1,262.4,0.9400000000000001,0.7176030063440326
2026-03-29T09:17:00,03/29/202609:17,113.8,0.76,86.488,54.19,1.19,64.4861,63.0,0.0,0.0,198.7,23581.0,44606.0,23.7,12.540000000000001,53.8,30.0,16.478,189.2,267.8,0.9800000000000001,0.7456074831190453
2026-03-29T09:17:19,03/29/202609:17,113.82000000000001,0.76,86.5032,54.21,1.19,64.5099,63.0,0.0,0.0,198.7,23581.0,44606.0,23.7,12.61,53.7,30.0,16.547,189.3,273.2,1.02,0.7457516022528646
2026-03-29T09:18:01,03/29/202609:18,115.17999999999999,0.77,88.6886,54.220000000000006,1.1800000000000002,63.97960000000002,62.4,0.0,0.0,198.7,23581.0,44606.0,23.7,12.68,53.6,30.0,16.616,189.4,278.6,1.06,0.7213959855043379
2026-03-29T09:18:19,03/29/202609:18,116.30999999999999,0.77,89.55869999999999,54.23,1.17,63.449099999999994,61.8,0.0,0.0,198.7,23581.0,44606.0,23.7,12.75,53.5,30.0,16.685,189.5,284.0,1.1,0.7084638343343528
2026-03-29T09:19:00,03/29/202609:19,116.80999999999999,0.77,89.94369999999999,54.239999999999995,1.16,62.91839999999999,61.3,0.0,0.0,198.7,23581.0,44606.0,23.7,12.819999999999999,53.4,30.0,16.754,189.6,289.4,1.1400000000000001,0.6995309287921222
2026-03-29T09:19:18,03/29/202609:19,117.30999999999999,0.76,89.15559999999999,54.239999999999995,1.1400000000000001,61.833600000000004,60.3,0.0,0.0,198.7,23581.0,44606.0,23.7,12.89,53.3,30.0,16.823,189.7,294.8,1.1800000000000002,0.6935470121899242
2026-03-29T09:20:36,03/29/202609:20,115.84,0.76,88.03840000000001,54.239999999999995,1.1199999999999999,60.74879999999999,59.2,0.0,0.0,198.7,23581.0,44606.0,23.7,12.959999999999999,53.2,30.0,16.892000000000003,189.8,300.2,1.2200000000000002,0.6900261703983714
2026-03-29T09:21:01,03/29/202609:21,114.37,0.76,86.9212,54.239999999999995,1.1,59.664,58.1,0.0,0.0,198.7,23581.0,44606.0,23.7,13.030000000000001,53.1,30.0,16.961000000000002,189.9,305.6,1.26,0.6864148217005748
2026-03-29T09:21:10,03/29/202609:21,112.84,0.76,85.75840000000001,54.239999999999995,1.07,58.0368,56.4,0.0,0.0,198.7,23581.0,44606.0,23.7,13.1,53.0,30.0,17.03,190.0,311.0,1.3,0.6767477005168007
2026-03-29T09:22:01,03/29/202609:22,111.30999999999999,0.76,84.59559999999999,54.239999999999995,1.04,56.4096,55.3,0.0,0.0,198.7,23581.0,44606.0,23.7,13.1,53.0,30.0,17.03,190.0,311.0,1.3,0.6668148225203202
2026-03-29T09:23:01,03/29/202609:23,109.78,0.76,83.4328,54.239999999999995,1.01,54.782399999999996,54.2,0.0,0.0,198.7,23581.0,44606.0,23.7,13.1,53.0,30.0,17.03,190.0,311.0,1.3,0.6566050761810702
2026-03-29T09:24:01,03/29/202609:24,107.80999999999999,0.74,79.7794,54.23,0.99,53.6877,53.1,0.0,0.0,198.7,23581.0,44606.0,23.7,13.1,53.0,30.0,17.03,190.0,311.0,1.3,0.6729519149053516
2026-03-29T09:24:10,03/29/202609:24,107.71,0.72,77.5512,54.220000000000006,0.9700000000000001,52.59340000000001,52.0,0.0,0.0,198.7,23581.0,44606.0,23.7,13.1,53.0,30.0,17.03,190.0,311.0,1.3,0.6781764821176205
2026-03-29T09:25:01,03/29/202609:25,107.84,0.71,76.5664,54.21,0.95,51.4995,50.9,0.0,0.0,198.7,23581.0,44606.0,23.7,13.1,53.0,30.0,17.03,190.0,311.0,1.3,0.6726122685668909
2026-03-29T09:25:11,03/29/202609:25,107.67,0.7,75.369,54.21,0.9400000000000001,50.95740000000001,50.4,0.0,0.0,198.7,23581.0,44606.0,23.7,13.1,53.0,30.0,17.03,190.0,310.9,1.3,0.6761055606416432
2026-03-29T09:26:01,03/29/202609:26,107.5,0.7,75.25,54.220000000000006,0.9400000000000001,50.966800000000006,50.4,0.0,0.0,198.7,23581.0,44606.0,23.7,13.1,53.0,30.0,17.03,190.0,310.8,1.3,0.6772996677740865
2026-03-29T09:27:01,03/29/202609:27,109.00999999999999,0.7,76.30699999999999,54.220000000000006,0.9400000000000001,50.966800000000006,50.4,0.0,0.0,198.7,23581.0,44606.0,23.7,13.12,53.0,30.0,17.03,190.0,310.7,1.3,0.6679177532860683
2026-03-29T09:27:10,03/29/202609:27,110.53,0.7,77.371,54.220000000000006,0.9400000000000001,50.966800000000006,50.4,0.0,0.0,198.7,23581.0,44606.0,23.7,13.14,53.0,30.0,17.061,189.7,310.6,1.3,0.6587326000697937
2026-03-29T09:28:01,03/29/202609:28,112.10999999999999,0.7,78.47699999999999,54.220000000000006,0.95,51.509,51.0,0.0,0.0,198.7,23581.0,44606.0,23.7,13.16,53.0,30.0,17.092000000000002,189.4,310.5,1.3,0.6563579137836565
2026-03-29T09:28:11,03/29/202609:28,113.75999999999999,0.7,79.63199999999999,54.220000000000006,0.96,52.0512,51.6,0.0,0.0,198.7,23581.0,44606.0,23.7,13.180000000000001,53.0,30.0,17.123,189.1,310.4,1.3,0.6536467751657626
2026-03-29T09:29:01,03/29/202609:29,115.41,0.7,80.78699999999999,54.220000000000006,0.97,52.5934,52.2,0.0,0.0,198.7,23581.0,44606.0,23.7,13.2,53.0,30.0,17.154000000000003,188.8,310.3,1.3,0.6510131580576084
2026-03-29T09:30:01,03/29/202609:30,117.05999999999999,0.7,81.942,54.23,0.9800000000000001,53.1454,52.8,0.0,0.0,198.7,23581.0,44606.0,23.7,13.219999999999999,53.0,30.0,17.185,188.5,310.2,1.3,0.6485733811720487
2026-03-29T09:30:10,03/29/202609:30,116.85,0.7,81.79499999999999,54.23,0.99,53.6877,53.4,0.0,0.0,198.7,23581.0,44606.0,23.7,13.24,53.0,30.0,17.216,188.2,310.1,1.3,0.6563689712085091
2026-03-29T09:31:47,03/29/202609:31,116.28,0.7,81.396,54.23,1.0,54.23,54.0,0.0,0.0,198.7,23581.0,44606.0,23.7,13.320000000000002,52.8,30.0,17.315,187.9,315.4,1.34,0.6662489557226399
2026-03-29T09:32:01,03/29/202609:32,116.00999999999999,0.7,81.207,54.220000000000006,1.0,54.220000000000006,54.0,0.0,0.0,198.7,23581.0,44606.0,23.7,13.4,52.6,30.0,17.413999999999998,187.6,320.8,1.3800000000000001,0.6676764318346942
2026-03-29T09:32:10,03/29/202609:32,115.75,0.7,81.02499999999999,54.21,1.0,54.21,54.0,0.0,0.0,198.7,23581.0,44606.0,23.7,13.48,52.4,30.0,17.512999999999998,187.3,326.2,1.42,0.6690527614933663
2026-03-29T09:33:01,03/29/202609:33,115.49000000000001,0.7,80.843,54.21,1.0,54.21,54.0,0.0,0.0,198.7,23581.0,44606.0,23.7,13.540000000000001,52.2,30.0,17.612000000000002,187.0,331.6,1.46,0.6705589846987371
2026-03-29T09:34:01,03/29/202609:34,115.22,0.7,80.654,54.220000000000006,1.0,54.220000000000006,54.0,0.0,0.0,198.7,23581.0,44606.0,23.7,13.6,52.0,30.0,17.68,187.0,337.0,1.5,0.6722543209264266
2026-03-29T09:34:10,03/29/202609:34,114.85,0.69,79.24649999999998,54.23,1.01,54.772299999999994,54.5,0.0,1.0,198.7,23581.0,44606.0,23.7,13.66,51.8,30.0,17.747999999999998,187.0,342.4,1.54,0.691163647605888
2026-03-29T09:35:40,03/29/202609:35,114.75999999999999,0.69,79.18439999999998,54.239999999999995,1.02,55.324799999999996,55.0,0.0,1.0,198.7,23581.0,44606.0,23.7,13.720000000000002,51.6,30.0,17.816,187.0,347.8,1.58,0.6986830739388062
2026-03-29T09:36:01,03/29/202609:36,114.67,0.69,79.1223,54.25,1.03,55.877500000000005,55.5,0.0,1.0,198.7,23581.0,44606.0,23.7,13.780000000000001,51.4,30.0,17.884,187.0,353.2,1.6199999999999999,0.7062168314116248
2026-03-29T09:36:41,03/29/202609:36,114.58999999999999,0.69,79.06709999999998,54.25,1.04,56.42,56.0,0.0,1.0,198.7,23581.0,44606.0,23.7,13.84,51.2,30.0,17.951999999999998,187.0,358.6,1.6600000000000001,0.7135711313555197
2026-03-29T09:37:00,03/29/202609:37,114.5,0.69,79.005,54.260000000000005,1.05,56.973000000000006,56.5,0.0,1.0,198.7,23581.0,44606.0,23.7,13.9,51.0,30.0,18.02,187.0,364.0,1.7,0.7211315739510159
2026-03-29T09:37:41,03/29/202609:37,114.78,0.69,79.1982,54.27,1.06,57.5262,57.0,0.0,1.0,198.7,23581.0,44606.0,23.7,13.9,51.0,30.0,18.02,187.0,364.0,1.7,0.7263574172140276
2026-03-29T09:38:00,03/29/202609:38,115.05999999999999,0.69,79.39139999999999,54.279999999999994,1.07,58.0796,57.5,0.0,1.0,198.7,23581.0,44606.0,23.7,13.9,51.0,30.0,18.02,187.0,364.0,1.7,0.7315603453270758
2026-03-29T09:38:41,03/29/202609:38,115.34,0.69,79.5846,54.3,1.08,58.644,58.0,0.0,1.0,198.7,23581.0,44606.0,23.7,13.9,51.0,30.0,18.02,187.0,364.0,1.7,0.7368762298233578
2026-03-29T09:39:01,03/29/202609:39,115.62,0.69,79.7778,54.31999999999999,1.09,59.2088,58.5,0.0,1.0,198.7,23581.0,44606.0,23.7,13.9,51.0,30.0,18.02,187.0,364.0,1.7,0.7421713810107573
2026-03-29T09:39:40,03/29/202609:39,115.91,0.7,81.13699999999999,54.33,1.11,60.3063,59.6,0.0,1.0,198.7,23581.0,44606.0,23.7,13.9,51.0,30.0,18.02,187.0,364.0,1.7,0.7432650948395925
2026-03-29T09:40:01,03/29/202609:40,116.3,0.72,83.73599999999999,54.339999999999996,1.12,60.860800000000005,60.2,0.0,1.0,198.7,23581.0,44606.0,23.7,13.9,51.0,30.0,18.02,187.0,364.0,1.7,0.7268176172733354
2026-03-29T09:41:01,03/29/202609:41,116.34,0.73,84.9282,54.35,1.1300000000000001,61.41550000000001,60.8,0.0,1.0,198.7,23581.0,44606.0,23.7,13.9,51.0,30.0,18.02,187.0,364.0,1.7,0.7231461399158349
2026-03-29T09:41:15,03/29/202609:41,116.4,0.74,86.13600000000001,54.36999999999999,1.15,62.52549999999999,61.9,0.0,1.0,198.7,23581.0,44606.0,23.7,13.9,51.0,30.0,18.02,187.0,364.0,1.7,0.7258927742175163
2026-03-29T09:42:59,03/29/202609:42,116.45,0.75,87.3375,54.379999999999995,1.1700000000000002,63.6246,63.0,0.0,1.0,198.7,23581.0,44606.0,23.7,13.9,51.0,30.0,18.02,187.0,364.0,1.7,0.7284911979390296
2026-03-29T09:43:01,03/29/202609:43,116.5,0.76,88.54,54.39,1.19,64.72409999999999,64.1,0.0,1.0,198.7,23581.0,44606.0,23.7,13.9,51.0,30.0,18.02,187.0,364.0,1.7,0.7310153602891347
2026-03-29T09:43:14,03/29/202609:43,116.55,0.78,90.909,54.410000000000004,1.22,66.3802,65.8,0.0,1.0,198.7,23581.0,44606.0,23.7,13.9,51.0,30.0,18.02,187.0,364.0,1.7,0.7301829301829301
2026-03-29T09:43:15,03/29/202609:43,116.6,0.79,92.114,54.42999999999999,1.25,68.0375,67.5,0.0,1.0,198.7,23581.0,44606.0,23.7,13.9,51.0,30.0,18.02,187.0,364.0,1.7,0.7386227934950169
2026-03-29T09:44:16,03/29/202609:44,116.64000000000001,0.8099999999999999,94.47840000000001,54.44,1.28,69.6832,69.2,0.0,1.0,198.7,23581.0,44606.0,23.7,13.9,51.0,30.0,18.02,187.0,364.0,1.7,0.7375569442327558
2026-03-29T09:45:00,03/29/202609:45,116.67999999999999,0.8300000000000001,96.84440000000001,54.45,1.31,71.32950000000001,70.9,0.0,1.0,198.7,23581.0,44606.0,23.7,13.9,51.0,30.0,18.02,187.0,364.0,1.7,0.7365371668366989
2026-03-29T09:45:17,03/29/202609:45,116.64000000000001,0.8400000000000001,97.97760000000002,54.46,1.3299999999999998,72.4318,72.0,0.0,1.0,198.7,23581.0,44606.0,23.7,13.969999999999999,50.8,30.0,18.044999999999998,187.1,369.4,1.7399999999999998,0.7392689757658891
2026-03-29T09:46:01,03/29/202609:46,116.6,0.85,99.11,54.470000000000006,1.35,73.53450000000001,73.1,0.0,1.0,198.7,23581.0,44606.0,23.7,14.040000000000001,50.6,30.0,18.07,187.2,374.8,1.78,0.7419483402280296
2026-03-29T09:46:17,03/29/202609:46,116.57000000000001,0.86,100.2502,54.48,1.38,75.18239999999999,74.7,0.0,1.0,198.7,23581.0,44606.0,23.7,14.11,50.4,30.0,18.095,187.3,380.1,1.8199999999999998,0.7499476310271699
2026-03-29T09:47:00,03/29/202609:47,116.52000000000001,0.8700000000000001,101.37240000000003,54.48,1.4,76.27199999999999,75.8,0.0,1.0,198.7,23581.0,44606.0,23.7,14.180000000000001,50.2,30.0,18.119999999999997,187.4,385.4,1.86,0.7523941427844263
2026-03-29T09:47:17,03/29/202609:47,116.46,0.8800000000000001,102.4848,54.489999999999995,1.39,75.74109999999999,75.3,0.0,1.0,198.7,23581.0,44606.0,23.7,14.25,50.0,30.0,18.145,187.5,390.7,1.9,0.739047156261221
2026-03-29T09:48:00,03/29/202609:48,116.4,0.89,103.596,54.5,1.38,75.21,74.8,0.0,1.0,198.7,23581.0,44606.0,23.7,14.319999999999999,49.8,30.0,18.169999999999998,187.6,396.0,1.94,0.7259932815938839
2026-03-29T09:48:16,03/29/202609:48,116.33,0.89,103.5337,54.5,1.3699999999999999,74.66499999999999,74.2,0.0,1.0,198.7,23581.0,44606.0,23.7,14.39,49.6,30.0,18.176,187.8,401.3,1.98,0.7211661516974666
2026-03-29T09:49:01,03/29/202609:49,116.25999999999999,0.9,104.634,54.5,1.3599999999999999,74.11999999999999,73.6,0.0,1.0,198.7,23581.0,44606.0,23.7,14.459999999999999,49.4,30.0,18.182,188.0,406.6,2.02,0.7083739511057591
2026-03-29T09:50:00,03/29/202609:50,116.18999999999998,0.9,104.57099999999998,54.5,1.35,73.575,73.0,0.0,1.0,198.7,23581.0,44606.0,23.7,14.530000000000001,49.2,30.0,18.188,188.2,411.9,2.06,0.7035889491350376
2026-03-29T09:51:05,03/29/202609:51,116.12,0.9,104.50800000000001,54.5,1.35,73.575,73.0,0.0,1.0,198.7,23581.0,44606.0,23.7,14.6,49.0,30.0,18.194,188.4,417.2,2.1,0.7040130899069927
2026-03-29T09:52:01,03/29/202609:52,116.12,0.9,104.50800000000001,54.5,1.35,73.575,73.0,0.0,1.0,198.7,23581.0,44606.0,23.7,14.6,49.0,30.0,18.175,188.5,417.1,2.1,0.7040130899069927
2026-03-29T09:54:10,03/29/202609:54,116.12,0.9,104.50800000000001,54.5,1.35,73.575,73.0,0.0,1.0,198.7,23581.0,44606.0,23.7,14.6,49.0,30.0,18.156,188.6,417.0,2.1,0.7040130899069927
2026-03-29T09:54:50,03/29/202609:54,116.12,0.9,104.50800000000001,54.489999999999995,1.33,72.4717,71.9,0.0,1.0,198.7,23581.0,44606.0,23.7,14.6,49.0,30.0,18.136999999999997,188.7,417.0,2.1,0.6934560033681632
2026-03-29T09:55:01,03/29/202609:55,116.12,0.9,104.50800000000001,54.48,1.31,71.3688,70.8,0.0,1.0,198.7,23581.0,44606.0,23.7,14.6,49.0,30.0,18.118,188.8,417.0,2.1,0.6829027442875185
2026-03-29T09:56:01,03/29/202609:56,116.13,0.9,104.517,54.48,1.3199999999999998,71.91359999999999,71.3,0.0,1.0,198.7,23581.0,44606.0,23.7,14.6,49.0,30.0,18.098999999999997,188.9,417.0,2.1,0.688056488418152
2026-03-29T09:56:50,03/29/202609:56,116.13,0.9,104.517,54.48,1.33,72.4584,71.8,0.0,1.0,198.7,23581.0,44606.0,23.7,14.6,49.0,30.0,18.08,189.0,417.0,2.1,0.6932690375728351
2026-03-29T09:57:01,03/29/202609:57,116.13,0.9,104.517,54.48,1.33,72.4584,71.8,0.0,1.0,198.7,23581.0,44606.0,23.7,14.6,49.0,30.0,18.08,189.0,417.0,2.1,0.6932690375728351
2026-03-29T09:57:50,03/29/202609:57,116.13,0.9,104.517,54.48,1.34,73.0032,72.4,0.0,1.0,198.7,23581.0,44606.0,23.7,14.6,49.0,30.0,18.08,189.0,417.0,2.1,0.6984815867275181
2026-03-29T09:58:00,03/29/202609:58,116.13,0.9,104.517,54.48,1.35,73.548,73.0,0.0,1.0,198.7,23581.0,44606.0,23.7,14.6,49.0,30.0,18.08,189.0,417.0,2.1,0.703694135882201
2026-03-29T09:59:01,03/29/202609:59,116.13,0.9,104.517,54.48,1.35,73.548,73.0,0.0,1.0,198.7,23581.0,44606.0,23.7,14.6,49.0,30.0,18.08,189.0,417.0,2.1,0.703694135882201
2026-03-29T10:00:01,03/29/202610:00,116.13,0.9,104.517,54.48,1.35,73.548,73.0,0.0,1.0,198.7,23581.0,44606.0,23.7,14.6,49.0,30.0,18.08,189.0,417.0,2.1,0.703694135882201
2026-03-29T10:00:50,03/29/202610:00,116.13,0.9,104.517,54.48,1.35,73.548,73.0,0.0,1.0,198.7,23581.0,44606.0,23.7,14.669999999999998,48.9,30.0,18.086,189.0,422.3,2.13,0.703694135882201
2026-03-29T10:01:00,03/29/202610:01,116.12,0.9,104.50800000000001,54.489999999999995,1.3599999999999999,74.10639999999998,73.6,0.0,1.0,198.7,23581.0,44606.0,23.7,14.74,48.8,30.0,18.092,189.0,427.6,2.16,0.7090978681057907
2026-03-29T10:02:01,03/29/202610:02,116.10999999999999,0.9,104.499,54.5,1.3699999999999999,74.66499999999999,74.2,0.0,1.0,198.7,23581.0,44606.0,23.7,14.809999999999999,48.7,30.0,18.098,189.0,432.9,2.19,0.7145044450186125
2026-03-29T10:02:51,03/29/202610:02,116.10999999999999,0.9,104.499,54.5,1.3599999999999999,74.11999999999999,73.7,0.0,1.0,198.7,23581.0,44606.0,23.7,14.88,48.6,30.0,18.104,189.0,438.2,2.2199999999999998,0.709289084106068
2026-03-29T10:03:01,03/29/202610:03,116.12,0.9,104.50800000000001,54.5,1.35,73.575,73.2,0.0,1.0,198.7,23581.0,44606.0,23.7,14.95,48.5,30.0,18.11,189.0,443.5,2.25,0.7040130899069927
2026-03-29T10:04:01,03/29/202610:04,116.13,0.9,104.517,54.5,1.3399999999999999,73.02999999999999,72.7,0.0,1.0,198.7,23581.0,44606.0,23.7,15.02,48.4,30.0,18.116,189.0,448.8,2.2800000000000002,0.6987380043437909
2026-03-29T10:05:22,03/29/202610:05,116.14000000000001,0.9,104.52600000000001,54.5,1.3399999999999999,73.02999999999999,72.7,0.0,1.0,198.7,23581.0,44606.0,23.7,15.09,48.3,30.0,18.122,189.0,454.1,2.31,0.6986778409199623
2026-03-29T10:06:00,03/29/202610:06,116.15,0.9,104.53500000000001,54.5,1.35,73.575,73.2,0.0,1.0,198.7,23581.0,44606.0,23.7,15.16,48.2,30.0,18.128,189.0,459.4,2.34,0.7038312526904864
2026-03-29T10:07:00,03/29/202610:07,116.16,0.9,104.544,54.5,1.3599999999999999,74.11999999999999,73.7,0.0,1.0,198.7,23581.0,44606.0,23.7,15.23,48.1,30.0,18.134,189.0,464.7,2.37,0.7089837771655952
2026-03-29T10:07:01,03/29/202610:07,116.16,0.9,104.544,54.5,1.3699999999999999,74.66499999999999,74.2,0.0,1.0,198.7,23581.0,44606.0,23.7,15.3,48.0,30.0,18.14,189.0,470.0,2.4,0.7141968931741658
2026-03-29T10:08:11,03/29/202610:08,116.17,0.9,104.553,54.5,1.38,75.21,74.7,0.0,1.0,198.7,23581.0,44606.0,23.7,15.3,48.0,30.0,18.14,189.0,470.0,2.4,0.7193480818340937
2026-03-29T10:08:12,03/29/202610:08,116.17,0.9,104.553,54.5,1.38,75.21,74.7,0.0,1.0,198.7,23581.0,44606.0,23.7,15.3,48.0,30.0,18.14,189.0,470.0,2.4,0.7193480818340937
2026-03-29T10:09:01,03/29/202610:09,116.17,0.9,104.553,54.5,1.38,75.21,74.7,0.0,1.0,198.7,23581.0,44606.0,23.7,15.3,48.0,30.0,18.14,189.0,470.0,2.4,0.7193480818340937
2026-03-29T10:10:00,03/29/202610:10,116.16,0.9,104.544,54.5,1.4,76.3,75.8,0.0,1.0,198.7,23581.0,44606.0,23.7,15.3,48.0,30.0,18.14,189.0,470.0,2.4,0.7298362411998776
2026-03-29T10:10:12,03/29/202610:10,117.63,0.8699999999999999,102.33809999999998,54.470000000000006,1.38,75.1686,74.7,0.0,1.0,198.7,23581.0,44606.0,23.7,15.3,48.0,30.0,18.14,189.0,470.0,2.4,0.7345123663620882
2026-03-29T10:11:00,03/29/202610:11,119.1,0.8400000000000001,100.04400000000001,54.44,1.3599999999999999,74.0384,73.6,0.0,1.0,198.7,23581.0,44606.0,23.7,15.3,48.0,30.0,18.14,189.0,470.0,2.4,0.7400583743153012
2026-03-29T10:11:12,03/29/202610:11,119.35999999999999,0.8400000000000001,100.2624,54.4,1.34,72.896,72.4,0.0,1.0,198.7,23581.0,44606.0,23.7,15.3,48.0,30.0,18.14,189.0,470.0,2.4,0.7270522149878719
2026-03-29T10:12:01,03/29/202610:12,119.62,0.8400000000000001,100.48080000000002,54.36,1.31,71.2116,70.7,0.0,1.0,198.7,23581.0,44606.0,23.7,15.3,48.0,30.0,18.14,189.0,470.0,2.4,0.7087085293906895
2026-03-29T10:12:12,03/29/202610:12,121.17999999999999,0.8,96.944,54.32000000000001,1.24,67.3568,66.9,0.0,1.0,198.7,23581.0,44606.0,23.7,15.3,48.0,30.0,18.14,189.0,470.0,2.4,0.6948011222974089
2026-03-29T10:13:00,03/29/202610:13,122.75,0.76,93.29,54.279999999999994,1.17,63.50759999999999,63.1,0.0,1.0,198.7,23581.0,44606.0,23.7,15.3,48.0,30.0,18.14,189.0,470.0,2.4,0.6807546360810375
2026-03-29T10:13:12,03/29/202610:13,122.37,0.75,91.7775,54.239999999999995,1.15,62.37599999999999,62.0,0.0,1.0,198.7,23581.0,44606.0,23.7,15.3,48.0,30.0,18.14,189.0,470.0,2.4,0.679643703522105
2026-03-29T10:13:19,03/29/202610:13,121.99000000000001,0.74,90.27260000000001,54.2,1.1400000000000001,61.78800000000001,61.4,0.0,1.0,198.7,23581.0,44606.0,23.7,15.3,48.0,30.0,18.14,189.0,470.0,2.4,0.6844601795007567
2026-03-29T10:14:00,03/29/202610:14,121.60999999999999,0.73,88.77529999999999,54.160000000000004,1.1300000000000001,61.20080000000001,60.8,0.0,1.0,198.7,23581.0,44606.0,23.7,15.3,48.0,30.0,18.14,189.0,470.0,2.4,0.6893899541877078
2026-03-29T10:14:18,03/29/202610:14,121.24000000000001,0.72,87.2928,54.120000000000005,1.1199999999999999,60.614399999999996,60.2,0.1,1.0,198.7,23581.0,44606.0,23.7,15.3,48.0,30.0,18.14,189.0,470.0,2.4,0.6943802925327174
2026-03-29T10:15:00,03/29/202610:15,119.39000000000001,0.74,88.3486,54.11,1.15,62.226499999999994,61.8,0.1,1.0,198.7,23581.0,44606.0,23.7,15.3,48.0,30.0,18.14,189.0,470.0,2.4,0.7043292140452706
2026-03-29T10:16:33,03/29/202610:16,117.79,0.76,89.52040000000001,54.1,1.1800000000000002,63.83800000000001,63.4,0.1,1.0,198.7,23581.0,44606.0,23.7,15.370000000000001,47.9,30.0,18.172,189.2,475.0,2.44,0.7131112014691624
2026-03-29T10:17:00,03/29/202610:17,117.4,0.75,88.05000000000001,54.1,1.19,64.379,64.0,0.1,1.0,198.7,23581.0,44606.0,23.7,15.440000000000001,47.8,30.0,18.204,189.4,480.0,2.4799999999999995,0.7311641113003975
2026-03-29T10:17:19,03/29/202610:17,117.07000000000001,0.7300000000000001,85.46110000000002,54.1,1.2,64.92,64.6,0.1,1.0,198.7,23581.0,44606.0,23.7,15.51,47.7,30.0,18.236,189.6,485.0,2.52,0.7596438613591445
2026-03-29T10:18:00,03/29/202610:18,115.44000000000001,0.75,86.58000000000001,54.1,1.25,67.625,67.3,0.1,1.0,198.7,23581.0,44606.0,23.7,15.580000000000002,47.6,30.0,18.268,189.8,490.0,2.5599999999999996,0.7810695310695309
2026-03-29T10:18:22,03/29/202610:18,113.89000000000001,0.78,88.83420000000001,54.1,1.3,70.33,70.0,0.1,1.0,198.7,23581.0,44606.0,23.7,15.65,47.5,30.0,18.3,190.0,495.0,2.6,0.7916995931747006
2026-03-29T10:19:00,03/29/202610:19,114.28,0.78,89.1384,54.1,1.3,70.33,70.0,0.1,1.0,198.7,23581.0,44606.0,23.7,15.719999999999999,47.4,30.0,18.332,190.2,500.0,2.6399999999999997,0.7889977832224944
2026-03-29T10:19:22,03/29/202610:19,114.67,0.79,90.58930000000001,54.1,1.29,69.789,69.4,0.1,1.0,198.7,23581.0,44606.0,23.7,15.790000000000001,47.3,30.0,18.364,190.4,505.0,2.6799999999999997,0.7703889973760697
2026-03-29T10:19:38,03/29/202610:19,115.07000000000001,0.8,92.05600000000001,54.1,1.28,69.248,68.8,0.1,2.0,198.7,23581.0,44606.0,23.7,15.86,47.2,30.0,18.396,190.6,510.0,2.7199999999999998,0.7522377683149387
2026-03-29T10:20:00,03/29/202610:20,115.46,0.8099999999999999,93.52259999999998,54.1,1.27,68.70700000000001,68.2,0.1,2.0,198.7,23581.0,44606.0,23.7,15.930000000000001,47.1,30.0,18.428,190.8,515.0,2.76,0.7346566498365104
2026-03-29T10:20:38,03/29/202610:20,115.1,0.82,94.38199999999999,54.1,1.27,68.70700000000001,68.2,0.1,2.0,198.7,23581.0,44606.0,23.7,16.0,47.0,30.0,18.46,191.0,520.0,2.8,0.7279671971350471
2026-03-29T10:21:00,03/29/202610:21,114.49000000000001,0.8300000000000001,95.02670000000002,54.1,1.27,68.70700000000001,68.2,0.1,2.0,198.7,23581.0,44606.0,23.7,16.0,47.0,30.0,18.46,191.0,520.0,2.8,0.7230283699212957
2026-03-29T10:21:38,03/29/202610:21,113.88,0.8300000000000001,94.52040000000001,54.089999999999996,1.27,68.6943,68.2,0.1,2.0,198.7,23581.0,44606.0,23.7,16.0,47.0,30.0,18.46,191.0,520.0,2.8,0.7267669201569185
2026-03-29T10:22:00,03/29/202610:22,113.21,0.8400000000000001,95.0964,54.08,1.27,68.6816,68.2,0.1,2.0,198.7,23581.0,44606.0,23.7,16.0,47.0,30.0,18.46,191.0,520.0,2.8,0.7222313357813755
2026-03-29T10:22:37,03/29/202610:22,112.54,0.86,96.7844,54.08,1.28,69.2224,68.7,0.1,2.0,198.7,23581.0,44606.0,23.7,16.0,47.0,30.0,18.46,191.0,520.0,2.8,0.7152227011791156
2026-03-29T10:23:00,03/29/202610:23,111.79,0.8700000000000001,97.25730000000001,54.08,1.29,69.7632,69.2,0.1,2.0,198.7,23581.0,44606.0,23.7,16.0,47.0,30.0,18.46,191.0,520.0,2.8,0.7173055390186648
2026-03-29T10:23:38,03/29/202610:23,112.52000000000001,0.8700000000000001,97.89240000000002,54.089999999999996,1.3,70.317,69.7,0.1,2.0,198.7,23581.0,44606.0,23.7,16.0,47.0,30.0,18.46,191.0,520.0,2.8,0.718309082216801
2026-03-29T10:24:00,03/29/202610:24,113.25999999999999,0.86,97.4036,54.1,1.3199999999999998,71.41199999999999,70.8,0.1,2.0,198.7,23581.0,44606.0,23.7,16.0,47.0,30.0,18.46,191.0,520.0,2.8,0.7331556533844744
2026-03-29T10:25:00,03/29/202610:25,113.98999999999998,0.85,96.89149999999998,54.1,1.34,72.494,71.9,0.1,2.0,198.7,23581.0,44606.0,23.8,16.0,47.0,30.0,18.46,191.0,520.0,2.8,0.7481977263227426
2026-03-29T10:26:00,03/29/202610:26,114.72,0.8400000000000001,96.3648,54.1,1.3599999999999999,73.576,73.0,0.1,2.0,198.7,23581.0,44606.0,23.7,16.0,47.0,30.0,18.46,191.0,520.0,2.8,0.7635153084943879
2026-03-29T10:26:04,03/29/202610:26,116.12,0.8300000000000001,96.37960000000001,54.1,1.3599999999999999,73.576,73.0,0.1,2.0,198.7,23581.0,44606.0,23.7,16.0,47.0,30.0,18.46,191.0,520.0,2.8,0.763398063490614
2026-03-29T10:28:12,03/29/202610:28,117.67999999999999,0.74,87.08319999999999,54.1,1.23,66.543,68.7,0.1,2.0,198.7,23581.0,44606.0,23.7,16.0,47.0,30.0,18.46,191.0,520.0,2.8,0.7641313135024898
2026-03-29T10:29:00,03/29/202610:29,119.24000000000001,0.66,78.6984,54.11,1.1,59.521,64.4,0.1,2.0,198.7,23581.0,44606.0,23.7,16.0,47.0,30.0,18.46,191.0,520.0,2.8,0.7563177904506317
2026-03-29T10:29:11,03/29/202610:29,119.72,0.67,80.2124,54.120000000000005,1.1099999999999999,60.0732,64.9,0.1,2.0,198.7,23581.0,44606.0,23.7,15.99,47.0,30.0,18.46,191.0,520.0,2.8,0.7489265998773257
2026-03-29T10:30:00,03/29/202610:30,120.2,0.67,80.534,54.120000000000005,1.1099999999999999,60.0732,64.9,0.1,2.0,198.7,23581.0,44606.0,23.7,15.98,47.0,30.0,18.46,191.0,520.0,2.8,0.7459358780142548
2026-03-29T10:30:12,03/29/202610:30,122.2,0.5800000000000001,70.876,54.120000000000005,0.97,52.4964,59.5,0.1,2.0,198.7,23581.0,44606.0,23.7,15.969999999999999,47.0,30.0,18.46,191.0,520.0,2.8,0.7406794965855861
2026-03-29T10:31:01,03/29/202610:31,122.72,0.5,61.36,54.11,0.8299999999999998,44.91129999999999,54.1,0.1,2.0,198.7,23581.0,44606.0,23.7,15.959999999999999,47.0,30.0,18.46,191.0,520.0,2.8,0.7319312255541067
2026-03-29T10:31:13,03/29/202610:31,122.29,0.51,62.367900000000006,54.1,0.82,44.362,53.6,0.1,2.0,198.7,23581.0,44606.0,23.8,16.02,46.9,29.997000000000003,18.497,191.2,524.7,2.84,0.7112953939446414
2026-03-29T10:32:00,03/29/202610:32,121.85999999999999,0.52,63.3672,54.1,0.8099999999999999,43.821,53.1,0.1,2.0,198.7,23581.0,44606.0,23.8,16.080000000000002,46.8,29.994,18.534,191.4,529.4,2.88,0.6915407340074992
2026-03-29T10:32:12,03/29/202610:32,121.44000000000001,0.52,63.14880000000001,54.1,0.8099999999999999,43.821,53.1,0.1,2.0,198.7,23581.0,44606.0,23.7,16.14,46.7,29.990999999999996,18.571,191.6,534.1,2.92,0.6939324262693827
2026-03-29T10:33:00,03/29/202610:33,121.1,0.52,62.972,54.1,0.82,44.362,53.6,0.1,2.0,198.7,23581.0,44606.0,23.7,16.2,46.6,29.988,18.607999999999997,191.8,538.8,2.96,0.7044718287492854
2026-03-29T10:33:12,03/29/202610:33,120.6,0.6100000000000001,73.566,54.1,0.96,51.936,58.4,0.1,2.0,198.7,23581.0,44606.0,23.7,16.26,46.5,29.985000000000003,18.645,192.0,543.5,3.0,0.7059783051953348
2026-03-29T10:33:20,03/29/202610:33,120.1,0.6900000000000001,82.869,54.1,1.1,59.510000000000005,63.2,0.1,2.0,198.7,23581.0,44606.0,23.7,16.32,46.4,29.982,18.682,192.2,548.2,3.04,0.7181213722863797
2026-03-29T10:33:40,03/29/202610:33,120.1,0.6900000000000001,82.869,54.1,1.1,59.510000000000005,63.2,0.1,2.0,198.7,23581.0,44606.0,23.7,16.39,46.3,29.978999999999996,18.719,192.4,552.9,3.08,0.7181213722863797
2026-03-29T10:34:00,03/29/202610:34,120.1,0.6900000000000001,82.869,54.1,1.1,59.510000000000005,63.2,0.1,2.0,198.7,23581.0,44606.0,23.7,16.46,46.2,29.976,18.756,192.6,557.6,3.12,0.7181213722863797
2026-03-29T10:34:40,03/29/202610:34,118.75999999999999,0.78,92.6328,54.11,1.25,67.6375,69.2,0.1,2.0,198.7,23581.0,44606.0,23.7,16.53,46.1,29.973000000000003,18.793,192.8,562.3,3.16,0.7301679318772616
2026-03-29T10:35:00,03/29/202610:35,117.42,0.8700000000000001,102.15540000000001,54.120000000000005,1.4,75.768,75.2,0.1,2.0,198.7,23581.0,44606.0,23.7,16.6,46.0,29.97,18.83,193.0,567.0,3.2,0.7416935374928784
2026-03-29T10:35:39,03/29/202610:35,117.03,0.86,100.6458,54.120000000000005,1.42,76.85040000000001,76.3,0.1,2.0,198.7,23581.0,44606.0,23.7,16.6,46.0,29.97,18.817,192.8,567.0,3.2,0.7635728465569355
2026-03-29T10:36:00,03/29/202610:36,116.64000000000001,0.85,99.144,54.120000000000005,1.44,77.9328,77.4,0.1,2.0,198.7,23581.0,44606.0,23.7,16.6,46.0,29.97,18.804,192.6,567.0,3.2,0.7860566448801742
2026-03-29T10:36:40,03/29/202610:36,116.55999999999999,0.85,99.076,54.120000000000005,1.45,78.474,78.0,0.1,2.0,198.7,23581.0,44606.0,23.7,16.6,46.0,29.97,18.791,192.4,567.0,3.2,0.7920586216641771
2026-03-29T10:37:00,03/29/202610:37,116.47999999999999,0.85,99.008,54.120000000000005,1.46,79.01520000000001,78.6,0.1,2.0,198.7,23581.0,44606.0,23.7,16.6,46.0,29.97,18.778,192.2,567.0,3.2,0.7980688429217843
2026-03-29T10:38:57,03/29/202610:38,116.07000000000001,0.85,98.65950000000001,54.120000000000005,1.47,79.55640000000001,79.2,0.1,2.0,198.7,23581.0,44606.0,23.7,16.6,46.0,29.97,18.764999999999997,192.0,567.0,3.2,0.8063734359083515
2026-03-29T10:39:01,03/29/202610:39,115.66,0.86,99.46759999999999,54.120000000000005,1.48,80.0976,79.8,0.1,2.0,198.7,23581.0,44606.0,23.7,16.6,46.0,29.97,18.752,191.8,567.0,3.2,0.8052632213906841
2026-03-29T10:39:04,03/29/202610:39,115.84,0.86,99.6224,54.120000000000005,1.5,81.18,80.9,0.1,2.0,198.7,23581.0,44606.0,23.7,16.6,46.0,29.97,18.738999999999997,191.6,567.0,3.2,0.8148769754593346
2026-03-29T10:40:00,03/29/202610:40,116.02000000000001,0.86,99.77720000000001,54.120000000000005,1.52,82.26240000000001,82.0,0.1,2.0,198.7,23581.0,44606.0,23.7,16.6,46.0,29.97,18.726,191.4,567.0,3.2,0.8244608988827108
2026-03-29T10:40:03,03/29/202610:40,115.95,0.86,99.717,54.11,1.52,82.2472,82.0,0.1,2.0,198.7,23581.0,44606.0,23.7,16.6,46.0,29.97,18.713,191.2,567.0,3.2,0.8248062015503876
2026-03-29T10:41:00,03/29/202610:41,115.88,0.86,99.65679999999999,54.1,1.52,82.232,82.0,0.1,2.0,198.7,23581.0,44606.0,23.7,16.6,46.0,29.97,18.7,191.0,567.0,3.2,0.8251519213942251
2026-03-29T10:42:00,03/29/202610:42,115.80999999999999,0.8700000000000001,100.7547,54.1,1.52,82.232,82.0,0.1,2.0,198.7,23581.0,44606.0,23.7,16.6,46.0,29.97,18.7,191.0,567.0,3.2,0.816160437180598
2026-03-29T10:42:04,03/29/202610:42,115.74000000000001,0.89,103.00860000000002,54.1,1.51,81.691,81.4,0.1,2.0,198.7,23581.0,44606.0,23.7,16.6,46.0,29.97,18.7,191.0,567.0,3.2,0.7930502890049956
2026-03-29T10:43:00,03/29/202610:43,115.35,0.9099999999999999,104.96849999999999,54.1,1.5,81.15,80.8,0.1,2.0,198.7,23581.0,44606.0,23.7,16.6,46.0,29.97,18.7,191.0,567.0,3.2,0.7730890695780164
2026-03-29T10:43:04,03/29/202610:43,115.35999999999999,0.9199999999999999,106.13119999999998,54.1,1.5,81.15,80.8,0.1,2.0,198.7,23581.0,44606.0,23.7,16.6,46.0,29.97,18.7,191.0,567.0,3.2,0.7646196405957911
2026-03-29T10:43:14,03/29/202610:43,115.84,0.9199999999999999,106.5728,54.1,1.5,81.15,80.8,0.1,2.0,198.7,23581.0,44606.0,23.7,16.6,46.0,29.97,18.7,191.0,567.0,3.2,0.7614513271679078
2026-03-29T10:44:01,03/29/202610:44,116.32000000000001,0.9199999999999999,107.0144,54.1,1.5,81.15,80.8,0.1,2.0,198.7,23581.0,44606.0,23.7,16.6,46.0,29.97,18.7,191.0,567.0,3.2,0.7583091621314516
2026-03-29T10:44:14,03/29/202610:44,116.44000000000001,0.93,108.28920000000002,54.1,1.51,81.691,81.3,0.1,2.0,198.7,23581.0,44606.0,23.7,16.6,46.0,29.97,18.7,191.0,567.0,3.2,0.7543780912593313
2026-03-29T10:45:00,03/29/202610:45,116.55999999999999,0.9400000000000001,109.5664,54.1,1.52,82.232,81.8,0.1,2.0,198.7,23581.0,44606.0,23.7,16.6,46.0,29.97,18.7,191.0,567.0,3.2,0.7505220578571533
2026-03-29T10:45:13,03/29/202610:45,116.64000000000001,0.95,110.808,54.1,1.54,83.31400000000001,82.8,0.1,2.0,198.7,23581.0,44606.0,23.7,16.6,46.0,29.97,18.7,191.0,567.0,3.2,0.7518771207855028
2026-03-29T10:46:00,03/29/202610:46,116.72,0.96,112.0512,54.1,1.56,84.396,83.8,0.1,2.0,198.7,23581.0,44606.0,23.7,16.6,46.0,29.97,18.7,191.0,567.0,3.2,0.7531913982179576
2026-03-29T10:46:14,03/29/202610:46,116.74000000000001,0.97,113.23780000000001,54.1,1.59,86.019,85.4,0.1,2.0,198.7,23581.0,44606.0,23.7,16.660000000000004,45.9,29.97,18.719,191.3,571.5,3.2399999999999998,0.7596315011418449
2026-03-29T10:47:00,03/29/202610:47,116.75999999999999,0.97,113.25719999999998,54.1,1.6300000000000001,88.183,87.6,0.1,2.0,198.7,23581.0,44606.0,23.7,16.720000000000002,45.8,29.97,18.738,191.6,576.0,3.2800000000000002,0.7786083357172879
2026-03-29T10:47:13,03/29/202610:47,116.72999999999999,0.9800000000000001,114.3954,54.11,1.67,90.3637,89.8,0.1,2.0,198.7,23581.0,44606.0,23.7,16.78,45.7,29.97,18.756999999999998,191.9,580.5,3.3200000000000003,0.7899242452056638
2026-03-29T10:48:00,03/29/202610:48,116.3,1.0,116.3,54.120000000000005,1.7,92.004,91.4,0.1,2.0,198.7,23581.0,44606.0,23.7,16.84,45.6,29.97,18.776,192.2,585.0,3.3600000000000003,0.791092003439381
2026-03-29T10:48:14,03/29/202610:48,115.72,1.02,118.0344,54.120000000000005,1.73,93.6276,93.0,0.1,2.0,198.7,23581.0,44606.0,23.7,16.9,45.5,29.97,18.794999999999998,192.5,589.5,3.4,0.7932229926191009
2026-03-29T10:50:09,03/29/202610:50,115.14000000000001,1.03,118.59420000000001,54.120000000000005,1.7600000000000002,95.25120000000003,94.6,0.1,2.0,198.7,23581.0,44606.0,23.7,16.96,45.4,29.97,18.814,192.8,594.0,3.44,0.8031691263147778
2026-03-29T10:50:14,03/29/202610:50,115.15,1.02,117.453,54.120000000000005,1.7600000000000002,95.25120000000003,94.6,0.1,2.0,198.7,23581.0,44606.0,23.7,17.02,45.3,29.97,18.833000000000002,193.1,598.5,3.4800000000000004,0.8109728997982174
2026-03-29T10:51:01,03/29/202610:51,115.16,1.01,116.3116,54.120000000000005,1.7600000000000002,95.25120000000003,94.6,0.1,2.0,198.7,23581.0,44606.0,23.7,17.080000000000002,45.2,29.97,18.852,193.4,603.0,3.5200000000000005,0.8189312158030672
2026-03-29T10:51:14,03/29/202610:51,115.52000000000001,1.0,115.52000000000001,54.120000000000005,1.75,94.71000000000001,94.1,0.1,2.0,198.7,23581.0,44606.0,23.8,17.14,45.2,29.97,18.871000000000002,193.7,607.5,3.56,0.8198580332409973
2026-03-29T10:52:00,03/29/202610:52,115.88,0.99,114.7212,54.120000000000005,1.7399999999999998,94.16879999999999,93.6,0.1,2.0,198.7,23581.0,44606.0,23.8,17.2,45.2,29.97,18.89,194.0,612.0,3.6,0.8208491542975491
2026-03-29T10:52:13,03/29/202610:52,116.13,0.99,114.9687,54.13000000000001,1.73,93.64490000000002,93.0,0.1,2.0,198.7,23581.0,44606.0,23.7,17.2,45.4,29.97,18.89,194.0,612.0,3.6,0.814525170763869
2026-03-29T10:53:00,03/29/202610:53,116.38,0.99,115.2162,54.14,1.72,93.1208,92.4,0.1,2.0,198.7,23581.0,44606.0,23.7,17.2,45.6,29.97,18.89,194.0,612.0,3.6,0.8082266209092125
2026-03-29T10:53:14,03/29/202610:53,116.67,0.9800000000000001,114.33660000000002,54.13000000000001,1.7100000000000002,92.56230000000002,91.9,0.1,2.0,198.7,23581.0,44606.0,23.7,17.2,45.8,29.97,18.89,194.0,612.0,3.6,0.8095596685575748
2026-03-29T10:54:01,03/29/202610:54,116.96,0.97,113.45119999999999,54.120000000000005,1.7,92.004,91.3,0.1,2.0,198.7,23581.0,44606.0,23.7,17.2,46.0,29.97,18.89,194.0,612.0,3.6,0.8109566051306643
2026-03-29T10:55:01,03/29/202610:55,117.25999999999999,0.96,112.5696,54.120000000000005,1.69,91.4628,90.7,0.1,2.0,198.7,23581.0,44606.0,23.8,17.2,46.2,29.97,18.89,194.0,612.0,3.6,0.8125
2026-03-29T10:55:36,03/29/202610:55,117.46,0.96,112.76159999999999,54.120000000000005,1.67,90.38040000000001,89.6,0.1,2.0,198.7,23581.0,44606.0,23.7,17.2,46.4,29.97,18.89,194.0,612.0,3.6,0.8015175378852377
2026-03-29T10:56:01,03/29/202610:56,117.42,0.97,113.8974,54.120000000000005,1.6600000000000001,89.83920000000002,89.1,0.1,2.0,198.7,23581.0,44606.0,23.7,17.2,46.6,29.97,18.89,194.0,612.0,3.6,0.7887730536430156
2026-03-29T10:56:37,03/29/202610:56,117.27000000000001,0.97,113.7519,54.120000000000005,1.6600000000000001,89.83920000000002,89.1,0.1,2.0,198.7,23581.0,44606.0,23.7,17.2,46.8,29.97,18.89,194.0,612.0,3.6,0.7897819728725411
2026-03-29T10:57:00,03/29/202610:57,116.88,0.97,113.3736,54.120000000000005,1.67,90.38040000000001,89.6,0.1,2.0,198.7,23581.0,44606.0,23.7,17.2,46.9,29.97,18.89,194.0,612.0,3.6,0.797190880416605
2026-03-29T10:58:03,03/29/202610:58,116.17999999999999,0.99,115.0182,54.120000000000005,1.67,90.38040000000001,89.6,0.1,2.0,198.7,23581.0,44606.0,23.7,17.2,47.0,29.97,18.89,194.0,612.0,3.6,0.7857921615883401
2026-03-29T10:59:00,03/29/202610:59,115.65,1.0,115.65,54.11,1.6600000000000001,89.82260000000001,89.1,0.1,2.0,198.7,23581.0,44606.0,23.7,17.2,47.0,29.97,18.89,194.0,612.0,3.6,0.776676178123649
2026-03-29T10:59:03,03/29/202610:59,115.13,1.01,116.2813,54.1,1.6600000000000001,89.80600000000001,89.1,0.1,2.0,198.7,23581.0,44606.0,23.7,17.2,47.0,29.97,18.89,194.0,612.0,3.6,0.7723167869640262
2026-03-29T11:00:00,03/29/202611:00,114.62,1.02,116.9124,54.1,1.6600000000000001,89.80600000000001,89.0,0.1,2.0,198.7,23581.0,44606.0,23.7,17.2,47.0,29.97,18.89,194.0,612.0,3.6,0.7681477755995088
2026-03-29T11:00:03,03/29/202611:00,114.75,1.02,117.045,54.1,1.67,90.347,89.6,0.1,3.0,198.7,23581.0,44606.0,23.7,17.2,47.0,29.97,18.89,194.0,612.0,3.6,0.7718996966978512
2026-03-29T11:01:20,03/29/202611:01,114.89000000000001,1.02,117.18780000000002,54.1,1.69,91.429,90.7,0.1,3.0,198.7,23581.0,44606.0,23.7,17.27,46.9,29.97,18.915,194.0,616.2,3.63,0.780192136041465
2026-03-29T11:02:00,03/29/202611:02,115.13,1.02,117.4326,54.1,1.72,93.052,92.3,0.1,3.0,198.7,23581.0,44606.0,23.7,17.339999999999996,46.8,29.97,18.94,194.0,620.4,3.66,0.7923864412437434
2026-03-29T11:02:03,03/29/202611:02,115.3,1.03,118.759,54.1,1.75,94.675,93.9,0.1,3.0,198.7,23581.0,44606.0,23.7,17.41,46.7,29.97,18.965,194.0,624.6,3.69,0.79720273831878
2026-03-29T11:03:00,03/29/202611:03,115.58,1.05,121.35900000000001,54.1,1.77,95.757,95.0,0.1,3.0,198.7,23581.0,44606.0,23.7,17.479999999999997,46.6,29.97,18.990000000000002,194.0,628.8,3.72,0.7890391318320026
2026-03-29T11:03:03,03/29/202611:03,115.79,1.07,123.89530000000002,54.1,1.7899999999999998,96.839,96.1,0.1,3.0,198.7,23581.0,44606.0,23.7,17.55,46.5,29.97,19.015,194.0,633.0,3.75,0.7816196417458934
2026-03-29T11:04:00,03/29/202611:04,116.30999999999999,1.07,124.45169999999999,54.1,1.8199999999999998,98.46199999999999,97.7,0.1,3.0,198.7,23581.0,44606.0,23.7,17.619999999999997,46.4,29.97,19.04,194.0,637.2,3.78,0.791166372174908
2026-03-29T11:05:00,03/29/202611:05,116.83,1.07,125.0081,54.1,1.85,100.08500000000001,99.3,0.1,3.0,198.7,23581.0,44606.0,23.7,17.689999999999998,46.3,29.97,19.065,194.0,641.4,3.81,0.8006281192978696
2026-03-29T11:05:04,03/29/202611:05,117.47,1.07,125.69290000000001,54.11,1.8800000000000001,101.72680000000001,101.0,0.1,3.0,198.7,23581.0,44606.0,23.7,17.759999999999998,46.2,29.97,19.09,194.0,645.6,3.84,0.809328132297051
2026-03-29T11:06:00,03/29/202611:06,118.10999999999999,1.07,126.37769999999999,54.120000000000005,1.9099999999999997,103.36919999999999,102.7,0.1,3.0,198.7,23581.0,44606.0,23.7,17.83,46.1,29.97,19.115000000000002,194.0,649.8,3.87,0.8179386078398325
2026-03-29T11:06:03,03/29/202611:06,118.04,1.09,128.6636,54.120000000000005,1.92,103.91040000000001,103.2,0.1,3.0,198.7,23581.0,44606.0,23.7,17.9,46.0,29.97,19.14,194.0,654.0,3.9,0.807613031191417
2026-03-29T11:07:00,03/29/202611:07,117.96,1.11,130.9356,54.120000000000005,1.92,103.91040000000001,103.2,0.1,3.0,198.7,23581.0,44606.0,23.7,17.9,46.0,29.97,19.14,194.0,654.0,3.9,0.7935992961425312
2026-03-29T11:07:03,03/29/202611:07,117.38,1.12,131.4656,54.13000000000001,1.94,105.01220000000002,104.3,0.1,3.0,198.7,23581.0,44606.0,23.7,17.9,46.0,29.97,19.14,194.0,654.0,3.9,0.7987808217510894
2026-03-29T11:08:00,03/29/202611:08,116.87,1.12,130.89440000000002,54.14,1.9600000000000002,106.11440000000002,105.4,0.1,3.0,198.7,23581.0,44606.0,23.7,17.9,46.0,29.97,19.14,194.0,654.0,3.9,0.8106870882176778
2026-03-29T11:09:00,03/29/202611:09,116.35999999999999,1.12,130.32319999999999,54.15,1.98,107.217,106.5,0.1,3.0,198.7,23581.0,44606.0,23.7,17.9,46.0,29.97,19.14,194.0,654.0,3.9,0.8227007931051418
2026-03-29T11:09:03,03/29/202611:09,115.99000000000001,1.1300000000000001,131.06870000000004,54.15,2.0,108.3,107.6,0.1,3.0,198.7,23581.0,44606.0,23.7,17.9,46.0,29.97,19.14,194.0,654.0,3.9,0.8262842310940749
2026-03-29T11:10:00,03/29/202611:10,115.62,1.1400000000000001,131.8068,54.15,2.02,109.383,108.7,0.1,3.0,198.7,23581.0,44606.0,23.7,17.9,46.0,29.97,19.14,194.0,654.0,3.9,0.8298737242691575
2026-03-29T11:10:04,03/29/202611:10,115.39000000000001,1.15,132.6985,54.15,2.0300000000000002,109.92450000000001,109.3,0.1,3.0,198.7,23581.0,44606.0,23.8,17.9,46.0,29.97,19.14,194.0,654.0,3.9,0.8283778641054723
2026-03-29T11:11:01,03/29/202611:11,115.03,1.16,133.4348,54.14,2.0300000000000002,109.90420000000002,109.3,0.1,3.0,198.7,23581.0,44606.0,23.8,17.9,46.0,29.97,19.14,194.0,654.0,3.9,0.8236546987742329
2026-03-29T11:11:04,03/29/202611:11,115.32000000000001,1.16,133.7712,54.13000000000001,2.0300000000000002,109.88390000000004,109.3,0.1,3.0,198.7,23581.0,44606.0,23.7,17.9,46.0,29.97,19.14,194.0,654.0,3.9,0.8214316684009716
2026-03-29T11:12:33,03/29/202611:12,114.67999999999999,1.16,133.0288,54.14,2.04,110.4456,109.9,0.1,3.0,198.7,23581.0,44606.0,23.7,17.9,46.0,29.97,19.14,194.0,654.0,3.9,0.8302382641954223
2026-03-29T11:13:00,03/29/202611:13,114.04,1.16,132.2864,54.15,2.05,111.0075,110.5,0.1,3.0,198.7,23581.0,44606.0,23.7,17.9,46.0,29.97,19.14,194.0,654.0,3.9,0.8391452182537283
2026-03-29T11:13:04,03/29/202611:13,113.9,1.16,132.124,54.15,2.04,110.466,110.0,0.1,3.0,198.7,23581.0,44606.0,23.7,17.9,46.0,29.97,19.14,194.0,654.0,3.9,0.8360782295419454
2026-03-29T11:14:01,03/29/202611:14,113.75999999999999,1.16,131.96159999999998,54.15,2.0300000000000002,109.92450000000001,109.5,0.1,3.0,198.7,23581.0,44606.0,23.7,17.9,46.0,29.97,19.14,194.0,654.0,3.9,0.8330036919831226
2026-03-29T11:14:04,03/29/202611:14,113.92,1.16,132.1472,54.14,2.0100000000000002,108.82140000000001,108.4,0.1,3.0,198.7,23581.0,44606.0,23.8,17.9,46.0,29.97,19.14,194.0,654.0,3.9,0.8234862335335142
2026-03-29T11:15:00,03/29/202611:15,114.00999999999999,1.15,131.11149999999998,54.14,1.9899999999999998,107.73859999999999,107.3,0.1,3.0,198.7,23581.0,44606.0,23.8,17.9,46.0,29.97,19.14,194.0,654.0,3.9,0.8217326474031645
2026-03-29T11:16:00,03/29/202611:16,114.1,1.1400000000000001,130.074,54.14,1.97,106.6558,106.2,0.1,3.0,198.7,23581.0,44606.0,23.7,17.9,46.0,29.97,19.14,194.0,654.0,3.9,0.8199624828943524
2026-03-29T11:16:03,03/29/202611:16,114.05999999999999,1.1300000000000001,128.8878,54.14,1.97,106.6558,106.2,0.1,3.0,198.7,23581.0,44606.0,23.7,17.97,45.9,29.97,19.183,194.2,658.0,3.94,0.8275088875750847
2026-03-29T11:17:00,03/29/202611:17,114.02000000000001,1.12,127.70240000000003,54.14,1.97,106.6558,106.2,0.1,3.0,198.7,23581.0,44606.0,23.7,18.04,45.8,29.97,19.226,194.4,662.0,3.9799999999999995,0.8351902548425086
2026-03-29T11:18:04,03/29/202611:18,113.3,1.1300000000000001,128.029,54.14,1.98,107.1972,106.7,0.1,3.0,198.7,23581.0,44606.0,23.7,18.11,45.7,29.97,19.269,194.6,666.0,4.02,0.8372884268407939
2026-03-29T11:19:01,03/29/202611:19,113.58,1.1300000000000001,128.3454,54.13000000000001,1.9899999999999998,107.71870000000001,107.2,0.1,3.0,198.7,23581.0,44606.0,23.7,18.18,45.6,29.97,19.312,194.8,670.0,4.0600000000000005,0.8392875786744207
2026-03-29T11:19:04,03/29/202611:19,113.85999999999999,1.12,127.52319999999999,54.120000000000005,2.0,108.24000000000001,107.7,0.1,3.0,198.7,23581.0,44606.0,23.8,18.25,45.5,29.97,19.355,195.0,674.0,4.1,0.8487867305713785
2026-03-29T11:20:01,03/29/202611:20,114.14000000000001,1.12,127.83680000000003,54.11,2.0100000000000002,108.76110000000001,108.2,0.1,3.0,198.7,23581.0,44606.0,23.8,18.32,45.4,29.97,19.398000000000003,195.2,678.0,4.14,0.8507808393201332
2026-03-29T11:20:04,03/29/202611:20,115.69000000000001,1.12,129.57280000000003,54.11,2.0100000000000002,108.76110000000001,108.2,0.1,3.0,198.7,23581.0,44606.0,23.7,18.39,45.3,29.97,19.441,195.4,682.0,4.18,0.8393821851499697
2026-03-29T11:21:00,03/29/202611:21,116.94000000000001,1.12,130.97280000000003,54.120000000000005,2.02,109.32240000000002,108.8,0.1,3.0,198.7,23581.0,44606.0,23.7,18.46,45.2,29.97,19.484,195.6,686.0,4.22,0.8346954482152018
2026-03-29T11:21:03,03/29/202611:21,117.2,1.1300000000000001,132.436,54.13000000000001,2.0300000000000002,109.88390000000004,109.4,0.1,3.0,198.7,23581.0,44606.0,23.7,18.53,45.1,29.97,19.527,195.8,690.0,4.26,0.829713219970401
2026-03-29T11:22:00,03/29/202611:22,117.46,1.1400000000000001,133.9044,54.14,2.04,110.4456,110.0,0.1,3.0,198.7,23581.0,44606.0,23.7,18.6,45.0,29.97,19.57,196.0,694.0,4.3,0.8248093415899701
2026-03-29T11:22:04,03/29/202611:22,117.71,1.15,135.36649999999997,54.14,2.0300000000000002,109.90420000000002,109.4,0.2,3.0,198.7,23581.0,44606.0,23.8,18.6,45.0,29.97,19.57,196.0,694.0,4.3,0.811901024256371
2026-03-29T11:23:45,03/29/202611:23,118.91,1.15,136.7465,54.14,2.0300000000000002,109.90420000000002,109.4,0.2,3.0,198.7,23581.0,44606.0,23.7,18.6,45.0,29.97,19.57,196.0,694.0,4.3,0.8037075903222387
2026-03-29T11:24:01,03/29/202611:24,120.13999999999999,1.1400000000000001,136.9596,54.14,2.02,109.36280000000001,108.9,0.2,3.0,198.7,23581.0,44606.0,23.7,18.6,45.0,29.97,19.57,196.0,694.0,4.3,0.7985040844161345
2026-03-29T11:24:04,03/29/202611:24,120.10999999999999,1.1400000000000001,136.9254,54.15,2.0100000000000002,108.84150000000001,108.4,0.2,3.0,198.7,23581.0,44606.0,23.7,18.6,45.0,29.97,19.57,196.0,694.0,4.3,0.7948963450170677
2026-03-29T11:25:01,03/29/202611:25,120.08,1.15,138.09199999999998,54.160000000000004,2.0,108.32000000000001,107.9,0.2,3.0,198.7,23581.0,44606.0,23.7,18.6,45.0,29.97,19.57,196.0,694.0,4.3,0.7844045998319962
2026-03-29T11:25:04,03/29/202611:25,120.04,1.16,139.2464,54.160000000000004,2.0,108.32000000000001,107.9,0.2,3.0,198.7,23581.0,44606.0,23.8,18.6,45.0,29.97,19.57,196.0,694.0,4.3,0.7779016190005631
2026-03-29T11:26:01,03/29/202611:26,118.72999999999999,1.17,138.9141,54.15,2.0100000000000002,108.84150000000001,108.4,0.2,3.0,198.7,23581.0,44606.0,23.8,18.6,45.0,29.97,19.57,196.0,694.0,4.3,0.7835165760711117
2026-03-29T11:26:04,03/29/202611:26,118.7,1.1800000000000002,140.06600000000003,54.15,2.06,111.549,111.1,0.2,3.0,198.7,23581.0,44606.0,23.7,18.6,45.0,29.97,19.57,196.0,694.0,4.3,0.7964031242414289
2026-03-29T11:27:00,03/29/202611:27,119.66,1.1800000000000002,141.1988,54.15,2.1100000000000003,114.25650000000002,113.8,0.2,3.0,198.7,23581.0,44606.0,23.7,18.6,45.0,29.97,19.57,196.0,694.0,4.3,0.8091888882908355
2026-03-29T11:27:03,03/29/202611:27,120.59,1.3,156.767,54.18000000000001,2.3899999999999997,129.4902,129.1,0.2,3.0,198.7,23581.0,44606.0,23.8,18.6,45.0,29.97,19.57,196.0,694.0,4.3,0.8260041973119342
2026-03-29T11:28:00,03/29/202611:28,121.52000000000001,1.42,172.5584,54.220000000000006,2.68,145.30960000000002,145.0,0.2,3.0,198.7,23581.0,44606.0,23.8,18.6,45.0,29.97,19.57,196.0,694.0,4.3,0.8420894027761037
2026-03-29T11:28:04,03/29/202611:28,122.30999999999999,1.44,176.1264,54.27,2.7199999999999998,147.6144,147.3,0.2,3.0,198.7,23581.0,44606.0,23.7,18.6,45.0,29.97,19.57,196.0,694.0,4.3,0.8381162619573216
2026-03-29T11:29:01,03/29/202611:29,123.1,1.46,179.726,54.32000000000001,2.7600000000000002,149.92320000000004,149.6,0.2,3.0,198.7,23581.0,44606.0,23.7,18.6,45.0,29.97,19.57,196.0,694.0,4.3,0.8341764686244619
2026-03-29T11:29:04,03/29/202611:29,125.10999999999999,1.48,185.16279999999998,54.36,2.8,152.208,151.9,0.2,4.0,198.7,23581.0,44606.0,23.7,18.6,45.0,29.97,19.57,196.0,694.0,4.3,0.8220225660877888
2026-03-29T11:30:01,03/29/202611:30,127.12,1.5,190.68,54.4,2.84,154.49599999999998,154.2,0.2,4.0,198.7,23581.0,44606.0,23.7,18.6,45.0,29.97,19.57,196.0,694.0,4.3,0.8102370463603943
2026-03-29T11:30:04,03/29/202611:30,129.17000000000002,1.5,193.75500000000002,54.45,2.83,154.0935,153.8,0.2,4.0,198.7,23581.0,44606.0,23.8,18.6,45.0,29.97,19.57,196.0,694.0,4.3,0.7953007664318339
2026-03-29T11:31:00,03/29/202611:31,131.22,1.5,196.82999999999998,54.5,2.82,153.69,153.4,0.2,4.0,198.7,23581.0,44606.0,23.8,18.6,45.0,29.97,19.57,196.0,694.0,4.3,0.7808260935832952
2026-03-29T11:31:03,03/29/202611:31,131.97,1.5,197.95499999999998,54.54,2.77,151.0758,150.8,0.2,4.0,198.7,23581.0,44606.0,23.7,18.67,44.9,29.967000000000002,19.577,196.1,697.4,4.34,0.7631825414867015
2026-03-29T11:32:01,03/29/202611:32,132.72,1.5,199.07999999999998,54.58,2.7199999999999998,148.45759999999999,148.2,0.2,4.0,198.7,23581.0,44606.0,23.7,18.740000000000002,44.8,29.964,19.584,196.2,700.8,4.38,0.7457183041993168
2026-03-29T11:32:04,03/29/202611:32,133.45999999999998,1.3900000000000001,185.5094,54.6,2.4699999999999998,134.862,134.6,0.2,4.0,198.7,23581.0,44606.0,23.8,18.810000000000002,44.7,29.961000000000002,19.591,196.3,704.2,4.42,0.7269820289430077
2026-03-29T11:33:01,03/29/202611:33,134.2,1.28,171.77599999999998,54.620000000000005,2.2199999999999998,121.2564,121.0,0.2,4.0,198.7,23581.0,44606.0,23.8,18.880000000000003,44.6,29.958,19.598000000000003,196.4,707.6,4.46,0.7058983792846498
2026-03-29T11:33:04,03/29/202611:33,134.10999999999999,1.27,170.31969999999998,54.620000000000005,2.2,120.16400000000002,119.9,0.2,4.0,198.7,23581.0,44606.0,23.7,18.95,44.5,29.955000000000002,19.605,196.5,711.0,4.5,0.7055202657120698
2026-03-29T11:34:56,03/29/202611:34,133.99,1.27,170.1673,54.620000000000005,2.2,120.16400000000002,119.9,0.2,4.0,198.7,23581.0,44606.0,23.7,19.020000000000003,44.4,29.951999999999998,19.612000000000002,196.6,714.4,4.54,0.7061521220587035
2026-03-29T11:35:00,03/29/202611:35,133.91,1.26,168.7266,54.620000000000005,2.2,120.16400000000002,119.9,0.2,4.0,198.7,23581.0,44606.0,23.7,19.09,44.3,29.949,19.619,196.7,717.8,4.58,0.7121817188279739
2026-03-29T11:35:03,03/29/202611:35,133.85999999999999,1.24,165.98639999999997,54.620000000000005,2.16,117.97920000000002,117.7,0.2,4.0,198.7,23581.0,44606.0,23.7,19.160000000000004,44.2,29.946000000000005,19.625999999999998,196.8,721.2,4.62,0.7107763045647115
2026-03-29T11:36:00,03/29/202611:36,133.78,1.24,165.8872,54.620000000000005,2.16,117.97920000000002,117.7,0.2,4.0,198.7,23581.0,44606.0,23.7,19.23,44.1,29.943,19.633000000000003,196.9,724.6,4.66,0.7112013464571108
2026-03-29T11:36:04,03/29/202611:36,133.70999999999998,1.24,165.80039999999997,54.620000000000005,2.16,117.97920000000002,117.7,0.2,4.0,198.7,23581.0,44606.0,23.7,19.3,44.0,29.940000000000005,19.64,197.0,728.0,4.7,0.711573675334921
2026-03-29T11:37:00,03/29/202611:37,133.66,1.24,165.73839999999998,54.620000000000005,2.16,117.97920000000002,117.7,0.2,4.0,198.7,23581.0,44606.0,23.7,19.3,44.0,29.940000000000005,19.64,197.0,728.0,4.7,0.7118398633026506
2026-03-29T11:37:04,03/29/202611:37,133.6,1.25,167.0,54.620000000000005,2.17,118.5254,118.2,0.2,4.0,198.7,23581.0,44606.0,23.7,19.3,44.0,29.940000000000005,19.64,197.0,728.0,4.7,0.7097329341317365
2026-03-29T11:38:00,03/29/202611:38,133.57999999999998,1.25,166.97499999999997,54.61,2.15,117.41149999999999,117.1,0.2,4.0,198.7,23581.0,44606.0,23.7,19.3,44.0,29.940000000000005,19.64,197.0,728.0,4.7,0.7031681389429556
2026-03-29T11:38:05,03/29/202611:38,133.6,1.24,165.664,54.6,2.12,115.75200000000001,115.5,0.2,4.0,198.7,23581.0,44606.0,23.8,19.3,44.0,29.940000000000005,19.64,197.0,728.0,4.7,0.6987154722812441
2026-03-29T11:39:00,03/29/202611:39,133.64000000000001,1.24,165.7136,54.6,2.1,114.66000000000001,114.4,0.2,4.0,198.7,23581.0,44606.0,23.8,19.3,44.0,29.940000000000005,19.64,197.0,728.0,4.7,0.6919166562068533
2026-03-29T11:39:04,03/29/202611:39,133.7,1.23,164.451,54.6,2.07,113.02199999999999,112.7,0.2,4.0,198.7,23581.0,44606.0,23.7,19.3,44.0,29.940000000000005,19.64,197.0,728.0,4.7,0.687268548078151
2026-03-29T11:40:00,03/29/202611:40,133.76,1.22,163.1872,54.6,2.04,111.384,111.0,0.2,4.0,198.7,23581.0,44606.0,23.7,19.3,44.0,29.940000000000005,19.64,197.0,728.0,4.7,0.6825535336104793
2026-03-29T11:40:04,03/29/202611:40,133.8,1.22,163.23600000000002,54.6,2.0300000000000002,110.83800000000002,110.4,0.2,4.0,198.7,23581.0,44606.0,23.7,19.3,44.0,29.940000000000005,19.64,197.0,728.0,4.7,0.679004631331324
2026-03-29T11:41:00,03/29/202611:41,133.84,1.22,163.2848,54.6,2.02,110.292,109.8,0.2,4.0,198.7,23581.0,44606.0,23.7,19.3,44.0,29.940000000000005,19.64,197.0,728.0,4.7,0.6754578503326704
2026-03-29T11:41:04,03/29/202611:41,133.9,1.22,163.358,54.6,2.0,109.2,108.1,0.2,4.0,198.7,23581.0,44606.0,23.7,19.3,44.0,29.940000000000005,19.64,197.0,728.0,4.7,0.668470475887315
2026-03-29T11:42:00,03/29/202611:42,133.95999999999998,1.22,163.43119999999996,54.6,1.98,108.108,106.4,0.2,4.0,198.7,23581.0,44606.0,23.7,19.3,44.0,29.940000000000005,19.64,197.0,728.0,4.7,0.6614893606606329
2026-03-29T11:42:03,03/29/202611:42,133.99,1.21,162.1279,54.6,1.97,107.562,105.9,0.2,4.0,198.7,23581.0,44606.0,23.7,19.3,44.0,29.940000000000005,19.64,197.0,728.0,4.7,0.6634391736400705
2026-03-29T11:43:00,03/29/202611:43,134.02,1.2,160.824,54.6,1.9600000000000002,107.01600000000002,105.4,0.2,4.0,198.7,23581.0,44606.0,23.7,19.3,44.0,29.940000000000005,19.64,197.0,728.0,4.7,0.6654230711834055
2026-03-29T11:43:04,03/29/202611:43,133.96,1.2,160.752,54.6,1.97,107.562,105.9,0.2,4.0,198.7,23581.0,44606.0,23.8,19.3,44.0,29.940000000000005,19.64,197.0,728.0,4.7,0.6691176470588235
2026-03-29T11:44:00,03/29/202611:44,133.9,1.2,160.68,54.6,1.98,108.108,106.4,0.2,4.0,198.7,23581.0,44606.0,23.8,19.3,44.0,29.940000000000005,19.64,197.0,728.0,4.7,0.6728155339805825
2026-03-29T11:44:04,03/29/202611:44,133.88,1.19,159.31719999999999,54.6,1.97,107.562,105.9,0.2,4.0,198.7,23581.0,44606.0,23.8,19.3,44.0,29.940000000000005,19.64,197.0,728.0,4.7,0.6751436756357757
2026-03-29T11:46:08,03/29/202611:46,133.82,1.2,160.58399999999997,54.6,1.9600000000000002,107.01600000000002,105.4,0.2,4.0,198.7,23581.0,44606.0,23.8,19.37,43.9,29.940000000000005,19.714000000000002,197.0,731.2,4.74,0.6664175758481544
2026-03-29T11:47:01,03/29/202611:47,133.75,1.21,161.8375,54.6,1.97,107.562,106.0,0.2,4.0,198.7,23581.0,44606.0,23.8,19.44,43.8,29.940000000000005,19.788,197.0,734.4,4.779999999999999,0.6646296439329574
2026-03-29T11:47:05,03/29/202611:47,133.82,1.2,160.58399999999997,54.589999999999996,1.9600000000000002,106.99640000000001,105.5,0.2,4.0,198.7,23581.0,44606.0,23.7,19.509999999999998,43.7,29.940000000000005,19.862000000000002,197.0,737.6,4.82,0.6662955213470833
2026-03-29T11:48:01,03/29/202611:48,133.85999999999999,1.19,159.29339999999996,54.58,1.9600000000000002,106.97680000000001,106.1,0.2,4.0,198.7,23581.0,44606.0,23.7,19.580000000000002,43.6,29.940000000000005,19.936,197.0,740.8,4.86,0.6715708246543801
2026-03-29T11:48:04,03/29/202611:48,133.82999999999998,1.19,159.25769999999997,54.58,1.97,107.5226,107.2,0.2,4.0,198.7,23581.0,44606.0,23.7,19.65,43.5,29.940000000000005,20.009999999999998,197.0,744.0,4.9,0.675148517151761
2026-03-29T11:49:00,03/29/202611:49,133.84,1.19,159.2696,54.58,1.9600000000000002,106.97680000000001,106.6,0.2,4.0,198.7,23581.0,44606.0,23.7,19.72,43.4,29.940000000000005,20.084,197.0,747.2,4.9399999999999995,0.6716711789318238
2026-03-29T11:49:04,03/29/202611:49,133.91,1.1800000000000002,158.0138,54.58,1.95,106.431,106.0,0.2,4.0,198.7,23581.0,44606.0,23.7,19.79,43.3,29.940000000000005,20.157999999999998,197.0,750.4,4.9799999999999995,0.6735550945550325
2026-03-29T11:50:01,03/29/202611:50,134.03,1.1700000000000002,156.81510000000003,54.58,1.9300000000000002,105.33940000000001,104.9,0.2,4.0,198.7,23581.0,44606.0,23.7,19.86,43.2,29.940000000000005,20.232,197.0,753.6,5.02,0.6717427084509081
2026-03-29T11:50:04,03/29/202611:50,134.19,1.1600000000000001,155.6604,54.58,1.92,104.7936,104.4,0.2,4.0,198.7,23581.0,44606.0,23.7,19.93,43.1,29.940000000000005,20.306,197.0,756.8,5.06,0.6732193929862701
2026-03-29T11:51:01,03/29/202611:51,134.32,1.1600000000000001,155.8112,54.58,1.92,104.7936,104.4,0.2,4.0,198.7,23581.0,44606.0,23.7,20.0,43.0,29.940000000000005,20.38,197.0,760.0,5.1,0.6725678256762029
2026-03-29T11:51:04,03/29/202611:51,134.55,1.15,154.7325,54.58,1.9,103.702,103.3,0.2,4.0,198.7,23581.0,44606.0,23.8,20.0,43.0,29.940000000000005,20.38,197.0,760.0,5.1,0.6702017998804388
2026-03-29T11:52:00,03/29/202611:52,134.78,1.1400000000000001,153.6492,54.58,1.8800000000000001,102.6104,102.2,0.2,4.0,198.7,23581.0,44606.0,23.8,20.0,43.0,29.940000000000005,20.38,197.0,760.0,5.1,0.6678225464239319
2026-03-29T11:53:01,03/29/202611:53,134.87,1.15,155.10049999999998,54.589999999999996,1.8800000000000001,102.6292,102.2,0.2,4.0,198.7,23581.0,44606.0,23.7,20.0,43.0,29.940000000000005,20.38,197.0,760.0,5.1,0.6616948365737055
2026-03-29T11:53:04,03/29/202611:53,135.09,1.15,155.3535,54.6,1.89,103.194,102.7,0.2,4.0,198.7,23581.0,44606.0,23.7,20.0,43.0,29.940000000000005,20.38,197.0,760.0,5.1,0.6642528169626046
2026-03-29T11:54:01,03/29/202611:54,135.38,1.1400000000000001,154.3332,54.6,1.89,103.194,102.7,0.2,4.0,198.7,23581.0,44606.0,23.7,20.0,43.0,29.940000000000005,20.38,197.0,760.0,5.1,0.6686442061721004
2026-03-29T11:54:04,03/29/202611:54,135.75,1.1300000000000001,153.3975,54.6,1.8800000000000001,102.64800000000001,102.2,0.2,4.0,198.7,23581.0,44606.0,23.8,20.0,43.0,29.940000000000005,20.38,197.0,760.0,5.1,0.6691634479049529
2026-03-29T11:55:01,03/29/202611:55,136.06,1.1300000000000001,153.7478,54.6,1.8699999999999999,102.10199999999999,101.7,0.2,4.0,198.7,23581.0,44606.0,23.8,20.0,43.0,29.940000000000005,20.38,197.0,760.0,5.1,0.6640875511714638
2026-03-29T11:55:05,03/29/202611:55,136.48,1.12,152.8576,54.6,1.85,101.01,100.6,0.2,4.0,198.7,23581.0,44606.0,23.7,20.02,43.0,29.940000000000005,20.38,197.0,760.0,5.1,0.6608111078546308
2026-03-29T11:56:01,03/29/202611:56,136.85999999999999,1.1099999999999999,151.91459999999998,54.6,1.8199999999999998,99.372,98.9,0.2,4.0,198.7,23581.0,44606.0,23.7,20.04,43.0,29.940000000000005,20.38,197.0,760.0,5.1,0.6541306760508866
2026-03-29T11:57:20,03/29/202611:57,137.06,1.1199999999999999,153.50719999999998,54.6,1.81,98.82600000000001,98.3,0.2,4.0,198.7,23581.0,44606.0,23.7,20.06,43.0,29.940000000000005,20.354999999999997,196.8,760.0,5.1,0.6437873923828982
2026-03-29T11:58:00,03/29/202611:58,137.2,1.1199999999999999,153.66399999999996,54.6,1.8199999999999998,99.372,98.8,0.2,4.0,198.7,23581.0,44606.0,23.7,20.080000000000002,43.0,29.940000000000005,20.33,196.6,760.0,5.1,0.6466836734693879
2026-03-29T11:58:05,03/29/202611:58,137.39000000000001,1.1099999999999999,152.5029,54.6,1.83,99.918,99.3,0.2,4.0,198.7,23581.0,44606.0,23.8,20.1,43.0,29.940000000000005,20.348999999999997,196.3,760.0,5.1,0.6551875406959474
2026-03-29T11:59:01,03/29/202611:59,137.57999999999998,1.1,151.338,54.6,1.8399999999999999,100.464,99.8,0.2,4.0,198.7,23581.0,44606.0,23.8,20.119999999999997,43.0,29.940000000000005,20.368000000000002,196.0,760.0,5.1,0.6638385600444039
2026-03-29T11:59:04,03/29/202611:59,137.84,1.09,150.24560000000002,54.6,1.8199999999999998,99.372,98.7,0.2,5.0,198.7,23581.0,44606.0,23.8,20.14,43.0,29.940000000000005,20.387,195.7,760.0,5.1,0.6613970725265831
2026-03-29T12:00:01,03/29/202600:00,138.1,1.08,149.148,54.6,1.8,98.28,97.6,0.2,5.0,198.7,23581.0,44606.0,23.8,20.16,43.0,29.940000000000005,20.406,195.4,760.0,5.1,0.6589427950760319
2026-03-29T12:00:05,03/29/202600:00,138.28,1.0699999999999998,147.95959999999997,54.6,1.8,98.28,97.6,0.2,5.0,198.7,23581.0,44606.0,23.7,20.18,43.0,29.940000000000005,20.425,195.1,760.0,5.1,0.6642353723584007
2026-03-29T12:01:00,03/29/202600:01,138.45999999999998,1.06,146.7676,54.6,1.8,98.28,97.6,0.2,5.0,198.7,23581.0,44606.0,23.7,20.2,43.0,29.940000000000005,20.444,194.8,760.0,5.1,0.6696300818436768
2026-03-29T12:01:05,03/29/202600:01,138.47,1.08,149.54760000000002,54.6,1.8199999999999998,99.372,98.7,0.2,5.0,198.7,23581.0,44606.0,23.7,20.25,43.0,29.940000000000005,20.519,194.6,763.0,5.119999999999999,0.6644840839973359
2026-03-29T12:02:00,03/29/202600:02,138.48,1.1,152.328,54.6,1.8399999999999999,100.464,99.8,0.2,5.0,198.7,23581.0,44606.0,23.7,20.3,43.0,29.940000000000005,20.594,194.4,766.0,5.14,0.6595241846541673
2026-03-29T12:02:04,03/29/202600:02,138.68,1.1,152.54800000000003,54.6,1.83,99.918,99.3,0.2,5.0,198.7,23581.0,44606.0,23.8,20.35,43.0,29.940000000000005,20.694,194.4,769.0,5.159999999999999,0.6549938380050868
2026-03-29T12:03:00,03/29/202600:03,138.88,1.1,152.768,54.6,1.8199999999999998,99.372,98.8,0.2,5.0,198.7,23581.0,44606.0,23.8,20.4,43.0,29.940000000000005,20.794,194.4,772.0,5.18,0.6504765395894428
2026-03-29T12:03:04,03/29/202600:03,139.10999999999999,1.1,153.021,54.6,1.8,98.28,97.7,0.2,5.0,198.7,23581.0,44606.0,23.8,20.45,43.0,29.940000000000005,20.85,194.5,775.0,5.2,0.6422647871860726
2026-03-29T12:04:01,03/29/202600:04,139.34,1.1,153.27400000000003,54.6,1.78,97.188,96.6,0.2,5.0,198.7,23581.0,44606.0,23.8,20.5,43.0,29.940000000000005,20.906,194.6,778.0,5.22,0.6340801440557432
2026-03-29T12:04:05,03/29/202600:04,139.39000000000001,1.1099999999999999,154.7229,54.6,1.7899999999999998,97.734,97.2,0.2,5.0,198.7,23581.0,44606.0,23.7,20.55,43.0,29.940000000000005,20.962,194.7,781.0,5.24,0.6316712005785826
2026-03-29T12:05:01,03/29/202600:05,139.44,1.1199999999999999,156.1728,54.6,1.8,98.28,97.8,0.2,5.0,198.7,23581.0,44606.0,23.7,20.6,43.0,29.940000000000005,21.018,194.8,784.0,5.26,0.629302925989673
2026-03-29T12:05:05,03/29/202600:05,139.6,1.1199999999999999,156.35199999999998,54.6,1.7899999999999998,97.734,97.2,0.2,5.0,198.7,23581.0,44606.0,23.7,20.65,43.0,29.940000000000005,21.073999999999998,194.9,787.0,5.279999999999999,0.625089541547278
2026-03-29T12:06:01,03/29/202600:06,139.76,1.1199999999999999,156.53119999999998,54.6,1.78,97.188,96.6,0.2,5.0,198.7,23581.0,44606.0,23.7,20.7,43.0,29.940000000000005,21.13,195.0,790.0,5.3,0.620885804235833
2026-03-29T12:06:04,03/29/202600:06,140.05,1.1,154.05500000000004,54.6,1.7399999999999998,95.00399999999999,94.4,0.2,5.0,198.7,23581.0,44606.0,23.7,20.7,43.0,29.940000000000005,21.13,195.0,790.0,5.3,0.6166888448930574
2026-03-29T12:07:01,03/29/202600:07,140.34,1.08,151.5672,54.6,1.7,92.82,92.2,0.2,5.0,198.7,23581.0,44606.0,23.7,20.7,43.0,29.940000000000005,21.13,195.0,790.0,5.3,0.6124016277928205
2026-03-29T12:07:05,03/29/202600:07,140.47,1.07,150.3029,54.6,1.6800000000000002,91.72800000000001,91.1,0.2,5.0,198.7,23581.0,44606.0,23.7,20.7,43.0,29.940000000000005,21.13,195.0,790.0,5.3,0.6102876258541918
2026-03-29T12:08:29,03/29/202600:08,140.55,1.06,148.98300000000003,54.6,1.67,91.182,90.5,0.2,5.0,198.7,23581.0,44606.0,23.7,20.7,43.0,29.940000000000005,21.13,195.0,790.0,5.3,0.6120295604196451
2026-03-29T12:09:00,03/29/202600:09,140.55,1.06,148.98300000000003,54.6,1.67,91.182,90.5,0.2,5.0,198.7,23581.0,44606.0,23.7,20.7,43.0,29.940000000000005,21.13,195.0,790.0,5.3,0.6120295604196451
2026-03-29T12:09:05,03/29/202600:09,140.5,1.06,148.93,54.6,1.6800000000000002,91.72800000000001,91.1,0.2,5.0,198.7,23581.0,44606.0,23.7,20.7,43.0,29.940000000000005,21.13,195.0,790.0,5.3,0.6159135164171088
2026-03-29T12:10:01,03/29/202600:10,140.43,1.06,148.85580000000002,54.6,1.6800000000000002,91.72800000000001,91.1,0.2,5.0,198.7,23581.0,44606.0,23.7,20.7,43.0,29.940000000000005,21.13,195.0,790.0,5.3,0.6162205302043992
2026-03-29T12:10:05,03/29/202600:10,140.31,1.06,148.7286,54.6,1.69,92.274,91.6,0.2,5.0,198.7,23581.0,44606.0,23.8,20.7,43.0,29.940000000000005,21.13,195.0,790.0,5.3,0.6204186686353532
2026-03-29T12:11:00,03/29/202600:11,140.08,1.07,149.8856,54.6,1.7100000000000002,93.36600000000001,92.7,0.2,5.0,198.7,23581.0,44606.0,23.8,20.7,43.0,29.940000000000005,21.13,195.0,790.0,5.3,0.6229150765650603
2026-03-29T12:11:04,03/29/202600:11,139.8,1.08,150.984,54.6,1.7100000000000002,93.36600000000001,92.7,0.2,5.0,198.7,23581.0,44606.0,23.7,20.7,43.0,29.940000000000005,21.13,195.0,790.0,5.3,0.6183834048640916
2026-03-29T12:12:00,03/29/202600:12,139.45,1.09,152.0005,54.6,1.73,94.458,93.8,0.2,5.0,198.7,23581.0,44606.0,23.7,20.7,43.0,29.940000000000005,21.13,195.0,790.0,5.3,0.6214321663415582
2026-03-29T12:12:05,03/29/202600:12,138.99,1.11,154.27890000000002,54.6,1.7600000000000002,96.09600000000002,95.5,0.2,5.0,198.7,23581.0,44606.0,23.8,20.7,43.0,29.940000000000005,21.13,195.0,790.0,5.3,0.6228719546224403
2026-03-29T12:13:00,03/29/202600:13,138.68,1.12,155.32160000000002,54.6,1.78,97.188,96.6,0.2,5.0,198.7,23581.0,44606.0,23.8,20.7,43.0,29.940000000000005,21.13,195.0,790.0,5.3,0.6257210845111046
2026-03-29T12:13:05,03/29/202600:13,138.53000000000003,1.12,155.15360000000004,54.6,1.7899999999999998,97.734,97.2,0.2,5.0,198.7,23581.0,44606.0,23.8,20.7,43.0,29.940000000000005,21.13,195.0,790.0,5.3,0.6299177073558072
2026-03-29T12:14:00,03/29/202600:14,138.38000000000002,1.12,154.98560000000003,54.6,1.8,98.28,97.8,0.2,5.0,198.7,23581.0,44606.0,23.8,20.7,43.0,29.940000000000005,21.13,195.0,790.0,5.3,0.6341234282410751
2026-03-29T12:14:05,03/29/202600:14,138.43,1.11,153.65730000000002,54.6,1.7899999999999998,97.734,97.2,0.2,5.0,198.7,23581.0,44606.0,23.8,20.7,43.0,29.940000000000005,21.13,195.0,790.0,5.3,0.6360517853691298
2026-03-29T12:15:00,03/29/202600:15,138.48000000000002,1.1,152.32800000000003,54.6,1.78,97.188,96.6,0.2,5.0,198.7,23581.0,44606.0,23.8,20.7,43.0,29.940000000000005,21.13,195.0,790.0,5.3,0.6380179612415313
2026-03-29T12:15:05,03/29/202600:15,138.5,1.09,150.965,54.6,1.77,96.64200000000001,96.1,0.2,5.0,198.7,23581.0,44606.0,23.7,20.7,43.0,29.940000000000005,21.13,195.0,790.0,5.3,0.6401616268671547
2026-03-29T12:16:00,03/29/202600:16,138.52,1.08,149.60160000000002,54.6,1.7600000000000002,96.09600000000002,95.6,0.2,5.0,198.7,23581.0,44606.0,23.7,20.7,43.0,29.940000000000005,21.13,195.0,790.0,5.3,0.6423460711650143
2026-03-29T12:16:04,03/29/202600:16,138.45999999999998,1.08,149.5368,54.6,1.77,96.64200000000001,96.2,0.2,5.0,198.7,23581.0,44606.0,23.8,20.75,43.0,29.940000000000005,21.116999999999997,195.2,793.0,5.33,0.6462756993596226
2026-03-29T12:17:00,03/29/202600:17,138.4,1.08,149.472,54.6,1.78,97.188,96.8,0.2,5.0,198.7,23581.0,44606.0,23.8,20.8,43.0,29.940000000000005,21.104,195.4,796.0,5.359999999999999,0.650208734746307
2026-03-29T12:17:04,03/29/202600:17,138.63,1.07,148.3341,54.6,1.77,96.64200000000001,96.2,0.2,5.0,198.7,23581.0,44606.0,23.7,20.85,43.0,29.940000000000005,21.091,195.6,799.0,5.39,0.6515157337389043
2026-03-29T12:18:00,03/29/202600:18,138.85999999999999,1.06,147.1916,54.6,1.7600000000000002,96.09600000000002,95.6,0.2,5.0,198.7,23581.0,44606.0,23.7,20.9,43.0,29.940000000000005,21.078,195.8,802.0,5.42,0.6528633427451025
2026-03-29T12:18:05,03/29/202600:18,139.19,1.05,146.14950000000002,54.6,1.73,94.458,93.9,0.3,5.0,198.7,23581.0,44606.0,23.8,20.95,43.0,29.940000000000005,21.065,196.0,805.0,5.45,0.646310798189525
2026-03-29T12:19:42,03/29/202600:19,139.53,1.04,145.1112,54.6,1.7100000000000002,93.36600000000001,92.8,0.3,5.0,198.7,23581.0,44606.0,23.8,21.0,43.0,29.940000000000005,21.052,196.2,808.0,5.4799999999999995,0.6434100193506774
2026-03-29T12:20:00,03/29/202600:20,139.72,1.04,145.3088,54.6,1.7,92.82,92.3,0.3,5.0,198.7,23581.0,44606.0,23.8,21.05,43.0,29.940000000000005,21.038999999999998,196.4,811.0,5.51,0.6387775551102204
2026-03-29T12:20:05,03/29/202600:20,139.81,1.04,145.4024,54.6,1.7100000000000002,93.36600000000001,92.9,0.3,5.0,198.7,23581.0,44606.0,23.7,21.1,43.0,29.940000000000005,21.026,196.6,814.0,5.54,0.6421214505400187
2026-03-29T12:21:01,03/29/202600:21,139.98,1.04,145.5792,54.6,1.7100000000000002,93.36600000000001,92.9,0.3,5.0,198.7,23581.0,44606.0,23.7,21.15,43.0,29.940000000000005,21.012999999999998,196.8,817.0,5.569999999999999,0.6413416202314618
2026-03-29T12:21:05,03/29/202600:21,140.18,1.05,147.18900000000002,54.6,1.7,92.82,92.3,0.3,5.0,198.7,23581.0,44606.0,23.7,21.2,43.0,29.940000000000005,21.0,197.0,820.0,5.6,0.6306177771436723
2026-03-29T12:22:00,03/29/202600:22,140.51,1.05,147.53549999999998,54.6,1.69,92.274,91.7,0.3,5.0,198.7,23581.0,44606.0,23.7,21.2,43.0,29.940000000000005,21.0,197.0,820.0,5.6,0.6254359120347307
2026-03-29T12:22:05,03/29/202600:22,140.97,1.04,146.6088,54.6,1.67,91.182,90.6,0.3,5.0,198.7,23581.0,44606.0,23.8,21.2,43.0,29.940000000000005,21.0,197.0,820.0,5.6,0.6219408384762716
2026-03-29T12:23:00,03/29/202600:23,141.25,1.03,145.4875,54.6,1.6600000000000001,90.63600000000001,90.1,0.3,5.0,198.7,23581.0,44606.0,23.8,21.2,43.0,29.940000000000005,21.0,197.0,820.0,5.6,0.6229813557865796
2026-03-29T12:23:05,03/29/202600:23,141.55,1.02,144.381,54.6,1.6600000000000001,90.63600000000001,90.1,0.3,5.0,198.7,23581.0,44606.0,23.8,21.2,43.0,29.940000000000005,21.0,197.0,820.0,5.6,0.6277557296320153
2026-03-29T12:24:01,03/29/202600:24,141.64000000000001,1.02,144.4728,54.6,1.6800000000000002,91.72800000000001,91.2,0.3,5.0,198.7,23581.0,44606.0,23.8,21.2,43.0,29.940000000000005,21.0,197.0,820.0,5.6,0.6349153612306262
2026-03-29T12:24:05,03/29/202600:24,141.73,1.02,144.56459999999998,54.61,1.69,92.2909,91.7,0.3,5.0,198.7,23581.0,44606.0,23.7,21.2,43.0,29.940000000000005,21.0,197.0,820.0,5.6,0.6384059444704997
2026-03-29T12:25:01,03/29/202600:25,141.82,1.02,144.6564,54.620000000000005,1.7,92.854,92.2,0.3,5.0,198.7,23581.0,44606.0,23.7,21.2,43.0,29.940000000000005,21.0,197.0,820.0,5.6,0.6418934799981197
2026-03-29T12:25:05,03/29/202600:25,142.06,1.02,144.90120000000002,54.620000000000005,1.69,92.3078,91.6,0.3,5.0,198.7,23581.0,44606.0,23.8,21.2,43.0,29.940000000000005,21.0,197.0,820.0,5.6,0.6370395828329923
2026-03-29T12:26:00,03/29/202600:26,142.3,1.02,145.14600000000002,54.620000000000005,1.6800000000000002,91.76160000000002,91.0,0.3,5.0,198.7,23581.0,44606.0,23.8,21.2,43.0,29.940000000000005,21.0,197.0,820.0,5.6,0.632202058616841
2026-03-29T12:26:05,03/29/202600:26,142.5,1.02,145.35,54.620000000000005,1.6800000000000002,91.76160000000002,91.0,0.3,5.0,198.7,23581.0,44606.0,23.8,21.2,43.0,29.940000000000005,21.0,197.0,820.0,5.6,0.6313147574819403
2026-03-29T12:27:00,03/29/202600:27,142.7,1.02,145.554,54.620000000000005,1.6800000000000002,91.76160000000002,91.0,0.3,5.0,198.7,23581.0,44606.0,23.8,21.2,43.0,29.940000000000005,21.0,197.0,820.0,5.6,0.6304299435261141
2026-03-29T12:27:05,03/29/202600:27,142.87,1.02,145.72740000000002,54.620000000000005,1.67,91.2154,90.4,0.3,5.0,198.7,23581.0,44606.0,23.7,21.2,43.0,29.940000000000005,21.0,197.0,820.0,5.6,0.6259317053622037
2026-03-29T12:28:00,03/29/202600:28,143.04000000000002,1.02,145.90080000000003,54.620000000000005,1.6600000000000001,90.66920000000002,89.8,0.3,5.0,198.7,23581.0,44606.0,23.7,21.2,43.0,29.940000000000005,21.0,197.0,820.0,5.6,0.6214441593192086
2026-03-29T12:28:05,03/29/202600:28,143.22,1.01,144.6522,54.620000000000005,1.64,89.5768,88.7,0.3,5.0,198.7,23581.0,44606.0,23.7,21.2,43.0,29.940000000000005,21.0,197.0,820.0,5.6,0.6192563956856516
2026-03-29T12:29:00,03/29/202600:29,143.4,1.0,143.4,54.620000000000005,1.6199999999999999,88.48440000000001,87.6,0.3,5.0,198.7,23581.0,44606.0,23.7,21.2,43.0,29.940000000000005,21.0,197.0,820.0,5.6,0.6170460251046025
2026-03-29T12:29:05,03/29/202600:29,143.56,0.99,142.1244,54.61,1.61,87.9221,87.1,0.3,5.0,198.7,23581.0,44606.0,23.7,21.2,43.0,29.940000000000005,21.0,197.0,820.0,5.6,0.618627765534982
2026-03-29T12:30:53,03/29/202600:30,143.70999999999998,0.99,142.27289999999996,54.6,1.6,87.36000000000001,86.6,0.3,5.0,198.7,23581.0,44606.0,23.8,21.2,43.0,29.940000000000005,21.0,197.0,820.0,5.6,0.6140312034125968
2026-03-29T12:31:00,03/29/202600:31,143.81,0.99,142.3719,54.6,1.59,86.81400000000001,86.1,0.3,5.0,198.7,23581.0,44606.0,23.8,21.2,43.0,29.940000000000005,21.0,197.0,820.0,5.6,0.6097692030520068
2026-03-29T12:31:06,03/29/202600:31,143.88,1.0,143.88,54.6,1.58,86.268,85.6,0.3,5.0,198.7,23581.0,44606.0,23.8,21.259999999999998,42.9,29.937,21.056,197.0,821.0,5.63,0.5995829858215179
2026-03-29T12:31:51,03/29/202600:31,143.97,0.99,142.5303,54.6,1.57,85.72200000000001,85.1,0.3,5.0,198.7,23581.0,44606.0,23.8,21.32,42.8,29.934000000000005,21.112000000000002,197.0,822.0,5.659999999999999,0.6014300117238229
2026-03-29T12:32:00,03/29/202600:32,144.06,0.9800000000000001,141.17880000000002,54.6,1.56,85.176,84.6,0.3,5.0,198.7,23581.0,44606.0,23.8,21.380000000000003,42.7,29.931,21.168,197.0,823.0,5.6899999999999995,0.6033200452192538
2026-03-29T12:32:50,03/29/202600:32,144.07,0.97,139.7479,54.61,1.56,85.19160000000001,84.6,0.3,5.0,198.7,23581.0,44606.0,23.8,21.44,42.6,29.928000000000004,21.224,197.0,824.0,5.720000000000001,0.6096091604954351
2026-03-29T12:33:00,03/29/202600:33,144.07999999999998,0.96,138.31679999999997,54.620000000000005,1.56,85.20720000000001,84.6,0.3,5.0,198.7,23581.0,44606.0,23.8,21.5,42.5,29.925,21.279999999999998,197.0,825.0,5.75,0.6160292892837315
2026-03-29T12:33:50,03/29/202600:33,144.24,0.9,129.816,54.589999999999996,1.4100000000000001,76.9719,76.5,0.3,6.0,198.7,23581.0,44606.0,23.8,21.56,42.4,29.922000000000004,21.336,197.0,826.0,5.779999999999999,0.5929307635422444
2026-03-29T12:34:00,03/29/202600:34,144.4,0.8400000000000001,121.29600000000002,54.56,1.2600000000000002,68.74560000000001,68.4,0.3,6.0,198.7,23581.0,44606.0,23.8,21.619999999999997,42.3,29.919,21.392,197.0,827.0,5.8100000000000005,0.5667590027700831
2026-03-29T12:34:51,03/29/202600:34,144.38,0.86,124.1668,54.52,1.29,70.33080000000001,69.9,0.3,6.0,198.7,23581.0,44606.0,23.8,21.68,42.2,29.916000000000004,21.448,197.0,828.0,5.840000000000001,0.5664219420972435
2026-03-29T12:35:00,03/29/202600:35,144.37,0.8700000000000001,125.60190000000001,54.48,1.3199999999999998,71.91359999999999,71.4,0.3,6.0,198.7,23581.0,44606.0,23.8,21.740000000000002,42.1,29.913,21.503999999999998,197.0,829.0,5.87,0.5725518483398737
2026-03-29T12:35:51,03/29/202600:35,144.39000000000001,0.8700000000000001,125.61930000000002,54.45,1.3,70.78500000000001,70.2,0.3,6.0,198.7,23581.0,44606.0,23.8,21.8,42.0,29.910000000000004,21.56,197.0,830.0,5.9,0.563488253795396
2026-03-29T12:36:00,03/29/202600:36,144.44,0.86,124.2184,54.42,1.28,69.6576,69.0,0.3,6.0,198.7,23581.0,44606.0,23.8,21.8,42.0,29.910000000000004,21.56,197.0,830.0,5.9,0.5607671649288672
2026-03-29T12:36:13,03/29/202600:36,144.48,0.86,124.2528,54.379999999999995,1.27,69.06259999999999,68.4,0.3,6.0,198.7,23581.0,44606.0,23.8,21.8,42.0,29.910000000000004,21.56,197.0,830.0,5.9,0.5558232892940843
2026-03-29T12:37:01,03/29/202600:37,144.52,0.86,124.28720000000001,54.339999999999996,1.26,68.4684,67.8,0.3,6.0,198.7,23581.0,44606.0,23.8,21.8,42.0,29.910000000000004,21.56,197.0,830.0,5.9,0.550888587078959
2026-03-29T12:37:13,03/29/202600:37,144.5,0.89,128.605,54.29,1.33,72.20570000000001,71.6,0.3,6.0,198.7,23581.0,44606.0,23.8,21.8,42.0,29.910000000000004,21.56,197.0,830.0,5.9,0.561453287197232
2026-03-29T12:38:00,03/29/202600:38,144.48000000000002,0.9199999999999999,132.9216,54.239999999999995,1.4,75.93599999999999,75.4,0.3,6.0,198.7,23581.0,44606.0,23.8,21.8,42.0,29.910000000000004,21.56,197.0,830.0,5.9,0.5712841253791707
2026-03-29T12:38:12,03/29/202600:38,144.27,1.01,145.7127,54.23,1.6300000000000001,88.3949,87.8,0.3,6.0,198.7,23581.0,44606.0,23.8,21.8,42.0,29.910000000000004,21.56,197.0,830.0,5.9,0.6066382683184102
2026-03-29T12:39:00,03/29/202600:39,144.06,1.1,158.466,54.220000000000006,1.86,100.84920000000001,100.2,0.3,6.0,198.7,23581.0,44606.0,23.8,21.8,42.0,29.910000000000004,21.56,197.0,830.0,5.9,0.6364090719775851
2026-03-29T12:39:12,03/29/202600:39,144.09,1.09,157.05810000000002,54.220000000000006,1.8399999999999999,99.76480000000001,99.2,0.3,6.0,198.7,23581.0,44606.0,23.8,21.8,42.0,29.910000000000004,21.56,197.0,830.0,5.9,0.6352095180063938
2026-03-29T12:40:00,03/29/202600:40,144.12,1.08,155.64960000000002,54.220000000000006,1.8199999999999998,98.6804,98.2,0.3,6.0,198.7,23581.0,44606.0,23.8,21.8,42.0,29.910000000000004,21.56,197.0,830.0,5.9,0.6339907073323671
2026-03-29T12:40:13,03/29/202600:40,144.14000000000001,1.09,157.11260000000001,54.21,1.85,100.28850000000001,99.9,0.3,6.0,198.7,23581.0,44606.0,23.8,21.8,42.0,29.910000000000004,21.56,197.0,830.0,5.9,0.638322451541124
2026-03-29T12:42:05,03/29/202600:42,144.21,1.09,157.18890000000002,54.19,1.86,100.7934,100.5,0.3,6.0,198.7,23581.0,44606.0,23.8,21.8,42.0,29.910000000000004,21.56,197.0,830.0,5.9,0.6412246666272237
2026-03-29T12:42:13,03/29/202600:42,144.26000000000002,1.1,158.68600000000004,54.19,1.92,104.0448,103.7,0.3,6.0,198.7,23581.0,44606.0,23.8,21.8,42.0,29.910000000000004,21.56,197.0,830.0,5.9,0.6556646459044905
2026-03-29T12:43:00,03/29/202600:43,144.31,1.1099999999999999,160.18409999999997,54.19,1.98,107.2962,106.9,0.3,6.0,198.7,23581.0,44606.0,23.8,21.8,42.0,29.910000000000004,21.56,197.0,830.0,5.9,0.6698305262507328
2026-03-29T12:43:13,03/29/202600:43,144.47,1.08,156.0276,54.19,1.9,102.96099999999998,102.5,0.3,6.0,198.7,23581.0,44606.0,23.8,21.8,42.0,29.910000000000004,21.56,197.0,830.0,5.9,0.6598896605472364
2026-03-29T12:44:00,03/29/202600:44,144.63000000000002,1.05,151.86150000000004,54.19,1.8199999999999998,98.62579999999998,98.1,0.3,6.0,198.7,23581.0,44606.0,23.8,21.8,42.0,29.910000000000004,21.56,197.0,830.0,5.9,0.6494457120468319
2026-03-29T12:44:12,03/29/202600:44,144.76000000000002,1.04,150.55040000000002,54.19,1.78,96.45819999999999,95.9,0.3,6.0,198.7,23581.0,44606.0,23.8,21.8,42.0,29.910000000000004,21.56,197.0,830.0,5.9,0.6407037111824344
2026-03-29T12:45:00,03/29/202600:45,144.89000000000001,1.03,149.2367,54.19,1.7399999999999998,94.29059999999998,93.7,0.3,6.0,198.7,23581.0,44606.0,23.8,21.8,42.0,29.910000000000004,21.56,197.0,830.0,5.9,0.6318191168794269
2026-03-29T12:45:12,03/29/202600:45,144.91,1.07,155.0537,54.19,1.8199999999999998,98.62579999999998,98.0,0.3,6.0,198.7,23581.0,44606.0,23.8,21.86,42.0,29.910000000000004,21.567,197.1,833.0,5.930000000000001,0.6360751146215794
2026-03-29T12:46:00,03/29/202600:46,144.93,1.1099999999999999,160.8723,54.19,1.9,102.96099999999998,102.3,0.3,6.0,198.7,23581.0,44606.0,23.8,21.919999999999998,42.0,29.910000000000004,21.573999999999998,197.2,836.0,5.96,0.6400169575495595
2026-03-29T12:46:13,03/29/202600:46,145.03,1.09,158.08270000000002,54.19,1.8800000000000001,101.8772,101.2,0.3,6.0,198.7,23581.0,44606.0,23.8,21.98,42.0,29.910000000000004,21.581,197.3,839.0,5.99,0.6444550858506338
2026-03-29T12:47:01,03/29/202600:47,145.07999999999998,1.08,156.6864,54.2,1.8800000000000001,101.89600000000002,101.2,0.3,6.0,198.7,23581.0,44606.0,23.8,22.04,42.0,29.910000000000004,21.588,197.4,842.0,6.0200000000000005,0.6503180875940734
2026-03-29T12:47:13,03/29/202600:47,145.07999999999998,1.08,156.6864,54.21,1.86,100.8306,100.2,0.3,6.0,198.7,23581.0,44606.0,23.8,22.1,42.0,29.910000000000004,21.595,197.5,845.0,6.05,0.6435185185185186
2026-03-29T12:48:01,03/29/202600:48,145.07999999999998,1.08,156.6864,54.220000000000006,1.8399999999999999,99.76480000000001,99.2,0.3,6.0,198.7,23581.0,44606.0,23.8,22.16,42.0,29.910000000000004,21.601999999999997,197.6,848.0,6.08,0.6367163965730275
2026-03-29T12:48:13,03/29/202600:48,145.03,1.1,159.53300000000002,54.23,1.89,102.4947,101.9,0.3,6.0,198.7,23581.0,44606.0,23.8,22.22,42.0,29.910000000000004,21.608999999999998,197.7,851.0,6.11,0.6424670757774252
2026-03-29T12:49:00,03/29/202600:49,144.98,1.12,162.3776,54.239999999999995,1.94,105.22559999999999,104.6,0.3,6.0,198.7,23581.0,44606.0,23.8,22.279999999999998,42.0,29.910000000000004,21.616,197.8,854.0,6.140000000000001,0.6480302701850501
2026-03-29T12:49:12,03/29/202600:49,144.95999999999998,1.12,162.3552,54.239999999999995,1.92,104.14079999999998,103.6,0.3,6.0,198.7,23581.0,44606.0,23.8,22.339999999999996,42.0,29.910000000000004,21.622999999999998,197.9,857.0,6.17,0.6414380321665089
2026-03-29T12:49:17,03/29/202600:49,144.92000000000002,1.12,162.31040000000004,54.239999999999995,1.92,104.14079999999998,103.6,0.3,6.0,198.7,23581.0,44606.0,23.8,22.4,42.0,29.910000000000004,21.63,198.0,860.0,6.2,0.641615078269784
2026-03-29T12:50:00,03/29/202600:50,144.94,1.09,157.9846,54.239999999999995,1.8599999999999999,100.88639999999998,100.3,0.3,6.0,198.7,23581.0,44606.0,23.8,22.4,42.0,29.910000000000004,21.63,198.0,860.0,6.2,0.6385837606956626
2026-03-29T12:50:17,03/29/202600:50,144.94,1.07,155.0858,54.239999999999995,1.8099999999999998,98.17439999999998,97.6,0.3,6.0,198.7,23581.0,44606.0,23.8,22.4,42.0,29.910000000000004,21.63,198.0,860.0,6.2,0.6330328115146582
2026-03-29T12:51:00,03/29/202600:51,144.84,1.1,159.324,54.239999999999995,1.8599999999999999,100.88639999999998,100.3,0.3,6.0,198.7,23581.0,44606.0,23.8,22.4,42.0,29.910000000000004,21.63,198.0,860.0,6.2,0.6332153347894854
2026-03-29T12:51:18,03/29/202600:51,144.74,1.11,160.66140000000001,54.239999999999995,1.89,102.51359999999998,101.9,0.3,6.0,198.7,23581.0,44606.0,23.8,22.4,42.0,29.910000000000004,21.63,198.0,860.0,6.2,0.638072368347344
2026-03-29T12:51:21,03/29/202600:51,144.67000000000002,1.11,160.58370000000002,54.23,1.9,103.03699999999999,102.4,0.3,6.0,198.7,23581.0,44606.0,23.8,22.4,42.0,29.910000000000004,21.63,198.0,860.0,6.2,0.6416404653772455
2026-03-29T12:53:16,03/29/202600:53,144.7,1.09,157.723,54.220000000000006,1.85,100.30700000000002,99.6,0.3,6.0,198.7,23581.0,44606.0,23.8,22.4,42.0,29.910000000000004,21.63,198.0,860.0,6.2,0.6359693893725076
2026-03-29T12:53:21,03/29/202600:53,144.60999999999999,1.12,161.9632,54.21,1.92,104.08319999999999,103.4,0.3,6.0,198.7,23581.0,44606.0,23.8,22.4,42.0,29.910000000000004,21.63,198.0,860.0,6.2,0.6426348701433412
2026-03-29T12:54:00,03/29/202600:54,144.52,1.15,166.198,54.2,1.9899999999999998,107.85799999999999,107.2,0.3,6.0,198.7,23581.0,44606.0,23.8,22.4,42.0,29.910000000000004,21.63,198.0,860.0,6.2,0.6489729118280604
2026-03-29T12:54:22,03/29/202600:54,144.44,1.19,171.8836,54.2,2.1,113.82000000000001,113.1,0.3,6.0,198.7,23581.0,44606.0,23.8,22.4,42.0,29.910000000000004,21.63,198.0,860.0,6.2,0.6621923208496914
2026-03-29T12:55:01,03/29/202600:55,144.38,1.23,177.5874,54.2,2.19,118.69800000000001,118.0,0.3,6.0,198.7,23581.0,44606.0,23.8,22.4,42.0,29.910000000000004,21.63,198.0,860.0,6.2,0.6683920142983117
2026-03-29T12:55:22,03/29/202600:55,144.45,1.23,177.6735,54.2,2.2,119.24000000000001,118.6,0.3,6.0,198.7,23581.0,44606.0,23.8,22.4,42.0,29.910000000000004,21.63,198.0,860.0,6.2,0.6711186530349209
2026-03-29T12:56:00,03/29/202600:56,144.54000000000002,1.22,176.33880000000002,54.2,2.2,119.24000000000001,118.6,0.3,6.0,198.7,23581.0,44606.0,23.8,22.4,42.0,29.910000000000004,21.63,198.0,860.0,6.2,0.676198318237393
2026-03-29T12:56:22,03/29/202600:56,144.55,1.22,176.351,54.2,2.2399999999999998,121.40799999999999,120.8,0.3,6.0,198.7,23581.0,44606.0,23.8,22.4,42.0,29.910000000000004,21.63,198.0,860.0,6.2,0.6884452030325884
2026-03-29T12:57:00,03/29/202600:57,144.56,1.24,179.2544,54.2,2.3,124.66,124.1,0.3,6.0,198.7,23581.0,44606.0,23.8,22.4,42.0,29.910000000000004,21.63,198.0,860.0,6.2,0.6954362068657729
2026-03-29T12:57:22,03/29/202600:57,144.7,1.23,177.981,54.2,2.27,123.034,122.5,0.3,6.0,198.7,23581.0,44606.0,23.8,22.4,42.0,29.910000000000004,21.63,198.0,860.0,6.2,0.6912760350823965
2026-03-29T12:58:00,03/29/202600:58,144.74,1.24,179.47760000000002,54.2,2.3,124.66,124.2,0.3,6.0,198.7,23581.0,44606.0,23.8,22.4,42.0,29.910000000000004,21.63,198.0,860.0,6.2,0.694571355979799
2026-03-29T12:58:21,03/29/202600:58,144.81,1.22,176.6682,54.2,2.23,120.866,120.4,0.3,6.0,198.7,23581.0,44606.0,23.8,22.4,42.0,29.910000000000004,21.63,198.0,860.0,6.2,0.6841412319817601
2026-03-29T12:59:00,03/29/202600:59,144.88,1.2,173.856,54.2,2.1599999999999997,117.07199999999999,116.6,0.3,6.0,198.7,23581.0,44606.0,23.8,22.4,42.0,29.910000000000004,21.63,198.0,860.0,6.2,0.6733848702374379
2026-03-29T12:59:21,03/29/202600:59,144.89000000000001,1.1800000000000002,170.97020000000003,54.2,2.11,114.362,113.9,0.3,6.0,198.7,23581.0,44606.0,23.8,22.4,42.0,29.910000000000004,21.63,198.0,860.0,6.2,0.6689001943028666
2026-03-29T13:00:00,03/29/202601:00,144.9,1.16,168.084,54.2,2.0599999999999996,111.65199999999999,111.2,0.3,6.0,198.7,23581.0,44606.0,23.8,22.4,42.0,29.910000000000004,21.63,198.0,860.0,6.2,0.6642631065419671
2026-03-29T13:00:22,03/29/202601:00,144.88,1.1800000000000002,170.9584,54.2,2.11,114.362,113.9,0.3,6.0,198.7,23581.0,44606.0,23.8,22.45,41.9,29.910000000000004,21.66,198.0,861.0,6.21,0.6689463635597899
2026-03-29T13:01:00,03/29/202601:01,144.85999999999999,1.2,173.83199999999997,54.2,2.1599999999999997,117.07199999999999,116.6,0.3,6.0,198.7,23581.0,44606.0,23.8,22.5,41.8,29.910000000000004,21.689999999999998,198.0,862.0,6.220000000000001,0.673477840673754
2026-03-29T13:01:22,03/29/202601:01,144.97,1.17,169.61489999999998,54.2,2.07,112.194,111.7,0.3,6.0,198.7,23581.0,44606.0,23.8,22.55,41.7,29.910000000000004,21.72,198.0,863.0,6.2299999999999995,0.6614631143844085
2026-03-29T13:02:00,03/29/202601:02,145.07999999999998,1.1400000000000001,165.3912,54.2,1.98,107.316,106.8,0.3,6.0,198.7,23581.0,44606.0,23.8,22.6,41.6,29.910000000000004,21.75,198.0,864.0,6.24,0.6488616081145793
2026-03-29T13:02:22,03/29/202601:02,145.07999999999998,1.1400000000000001,165.3912,54.2,1.97,106.774,106.2,0.3,6.0,198.7,23581.0,44606.0,23.8,22.65,41.5,29.910000000000004,21.779999999999998,198.0,865.0,6.25,0.6455845292857177
2026-03-29T13:03:00,03/29/202601:03,145.07999999999998,1.1400000000000001,165.3912,54.2,1.9600000000000002,106.23200000000001,105.6,0.3,6.0,198.7,23581.0,44606.0,23.8,22.7,41.4,29.910000000000004,21.81,198.0,866.0,6.26,0.6423074504568563
2026-03-29T13:04:28,03/29/202601:04,145.1,1.1400000000000001,165.41400000000002,54.2,1.97,106.774,106.2,0.3,7.0,198.7,23581.0,44606.0,23.8,22.75,41.3,29.910000000000004,21.84,198.0,867.0,6.2700000000000005,0.6454955445125563
2026-03-29T13:05:00,03/29/202601:05,145.11999999999998,1.1400000000000001,165.43679999999998,54.2,1.98,107.316,106.8,0.3,7.0,198.7,23581.0,44606.0,23.8,22.8,41.2,29.910000000000004,21.869999999999997,198.0,868.0,6.279999999999999,0.6486827598212732
2026-03-29T13:05:22,03/29/202601:05,145.15,1.1400000000000001,165.47100000000003,54.2,1.9899999999999998,107.85799999999999,107.4,0.3,7.0,198.7,23581.0,44606.0,23.8,22.85,41.1,29.910000000000004,21.9,198.0,869.0,6.29,0.6518241867154968
2026-03-29T13:06:00,03/29/202601:06,145.18,1.1400000000000001,165.50520000000003,54.2,2.0,108.4,108.0,0.3,7.0,198.7,23581.0,44606.0,23.8,22.9,41.0,29.910000000000004,21.93,198.0,870.0,6.3,0.6549643153206062
2026-03-29T13:06:21,03/29/202601:06,145.13,1.1199999999999999,162.54559999999998,54.2,1.95,105.69,105.3,0.3,7.0,198.7,23581.0,44606.0,23.8,22.9,41.0,29.910000000000004,21.924,198.0,870.0,6.3,0.6502175389552225
2026-03-29T13:07:00,03/29/202601:07,145.07999999999998,1.1,159.588,54.2,1.9,102.98,102.6,0.3,7.0,198.7,23581.0,44606.0,23.8,22.9,41.0,29.910000000000004,21.918,198.0,870.0,6.3,0.6452866130285486
2026-03-29T13:07:21,03/29/202601:07,144.95,1.1300000000000001,163.7935,54.2,1.9600000000000002,106.23200000000001,105.8,0.3,7.0,198.7,23581.0,44606.0,23.8,22.9,41.0,29.910000000000004,21.912,198.0,870.0,6.3,0.6485727455607214
2026-03-29T13:08:00,03/29/202601:08,144.82,1.16,167.9912,54.2,2.02,109.48400000000001,109.0,0.3,7.0,198.7,23581.0,44606.0,23.8,22.9,41.0,29.910000000000004,21.906,198.0,870.0,6.3,0.6517246141464553
2026-03-29T13:08:21,03/29/202601:08,144.70999999999998,1.19,172.20489999999998,54.2,2.08,112.736,112.3,0.3,7.0,198.7,23581.0,44606.0,23.8,22.9,41.0,29.910000000000004,21.9,198.0,870.0,6.3,0.654661975356102
2026-03-29T13:09:01,03/29/202601:09,144.6,1.22,176.41199999999998,54.2,2.1399999999999997,115.98799999999999,115.6,0.3,7.0,198.7,23581.0,44606.0,23.8,22.9,41.0,29.910000000000004,21.894,198.0,870.0,6.3,0.6574836178944743
2026-03-29T13:09:22,03/29/202601:09,144.57999999999998,1.21,174.94179999999997,54.2,2.13,115.446,115.0,0.3,7.0,198.7,23581.0,44606.0,23.8,22.9,41.0,29.910000000000004,21.887999999999998,198.0,870.0,6.3,0.6599108960808682
2026-03-29T13:10:00,03/29/202601:10,144.56,1.2,173.472,54.2,2.12,114.90400000000001,114.4,0.3,7.0,198.7,23581.0,44606.0,23.8,22.9,41.0,29.910000000000004,21.881999999999998,198.0,870.0,6.3,0.6623777900756318
2026-03-29T13:10:22,03/29/202601:10,144.62,1.16,167.7592,54.2,2.04,110.56800000000001,110.0,0.3,7.0,198.7,23581.0,44606.0,23.8,22.9,41.0,29.910000000000004,21.876,198.0,870.0,6.3,0.6590875492968494
2026-03-29T13:11:00,03/29/202601:11,144.68,1.12,162.04160000000002,54.2,1.9600000000000002,106.23200000000001,105.6,0.3,7.0,198.7,23581.0,44606.0,23.8,22.9,41.0,29.910000000000004,21.87,198.0,870.0,6.3,0.6555847387337572
2026-03-29T13:11:21,03/29/202601:11,144.70999999999998,1.1,159.18099999999998,54.2,1.92,104.06400000000001,103.4,0.3,7.0,198.7,23581.0,44606.0,23.8,22.9,41.0,29.910000000000004,21.87,198.0,870.0,6.3,0.6537463642017579
2026-03-29T13:12:01,03/29/202601:12,144.74,1.08,156.31920000000002,54.2,1.8800000000000001,101.89600000000002,101.2,0.3,7.0,198.7,23581.0,44606.0,23.8,22.9,41.0,29.910000000000004,21.87,198.0,870.0,6.3,0.651845710571702
2026-03-29T13:12:21,03/29/202601:12,144.82,1.04,150.6128,54.21,1.77,95.9517,95.3,0.3,7.0,198.7,23581.0,44606.0,23.8,22.9,41.0,29.910000000000004,21.87,198.0,870.0,6.3,0.6370753348984948
2026-03-29T13:13:00,03/29/202601:13,144.9,1.0,144.9,54.220000000000006,1.6600000000000001,90.00520000000002,89.4,0.3,7.0,198.7,23581.0,44606.0,23.8,22.9,41.0,29.910000000000004,21.87,198.0,870.0,6.3,0.6211538992408558
2026-03-29T13:13:22,03/29/202601:13,144.92000000000002,0.9800000000000001,142.02160000000003,54.23,1.6199999999999999,87.8526,87.2,0.3,7.0,198.7,23581.0,44606.0,23.8,22.9,41.0,29.910000000000004,21.87,198.0,870.0,6.3,0.6185861868898813
2026-03-29T13:14:00,03/29/202601:14,144.94,0.9600000000000002,139.14240000000004,54.239999999999995,1.58,85.69919999999999,85.0,0.3,7.0,198.7,23581.0,44606.0,23.8,22.9,41.0,29.910000000000004,21.87,198.0,870.0,6.3,0.6159100317372703
2026-03-29T13:14:21,03/29/202601:14,144.9,0.9700000000000001,140.55300000000003,54.239999999999995,1.6,86.78399999999999,86.1,0.3,7.0,198.7,23581.0,44606.0,23.8,22.9,41.0,29.910000000000004,21.87,198.0,870.0,6.3,0.6174467994279736
2026-03-29T13:15:40,03/29/202601:15,144.82999999999998,0.9800000000000001,141.9334,54.239999999999995,1.6300000000000001,88.4112,87.8,0.3,7.0,198.7,23581.0,44606.0,23.8,22.9,41.0,29.910000000000004,21.87,198.0,870.0,6.3,0.6229062363051966
2026-03-29T13:16:00,03/29/202601:16,144.73,1.01,146.1773,54.239999999999995,1.6900000000000002,91.6656,91.1,0.3,7.0,198.7,23581.0,44606.0,23.8,22.9,41.0,29.910000000000004,21.87,198.0,870.0,6.3,0.6270850535616679
2026-03-29T13:16:21,03/29/202601:16,144.62,1.04,150.40480000000002,54.239999999999995,1.7600000000000002,95.4624,94.9,0.3,7.0,198.7,23581.0,44606.0,23.8,22.939999999999998,41.1,29.910000000000004,21.901000000000003,198.1,871.0,6.319999999999999,0.6347031477718795
2026-03-29T13:17:00,03/29/202601:17,144.52,1.0699999999999998,154.63639999999998,54.239999999999995,1.83,99.25919999999999,98.7,0.3,7.0,198.7,23581.0,44606.0,23.8,22.979999999999997,41.2,29.910000000000004,21.932,198.2,872.0,6.34,0.6418876797442259
2026-03-29T13:17:22,03/29/202601:17,144.42000000000002,1.1099999999999999,160.3062,54.239999999999995,1.89,102.51359999999998,102.0,0.4,7.0,198.7,23581.0,44606.0,23.8,23.02,41.3,29.910000000000004,21.963,198.3,873.0,6.36,0.6394861833166776
2026-03-29T13:18:01,03/29/202601:18,144.3,1.16,167.388,54.23,2.0100000000000002,109.0023,108.5,0.4,7.0,198.7,23581.0,44606.0,23.8,23.06,41.4,29.910000000000004,21.994,198.4,874.0,6.38,0.6511954261954263
2026-03-29T13:18:21,03/29/202601:18,144.2,1.19,171.59799999999998,54.220000000000006,2.0900000000000003,113.31980000000003,112.8,0.4,7.0,198.7,23581.0,44606.0,23.8,23.1,41.5,29.910000000000004,22.025,198.5,875.0,6.4,0.6603794916024665
2026-03-29T13:19:01,03/29/202601:19,144.16,1.19,171.5504,54.21,2.0900000000000003,113.29890000000002,112.8,0.4,7.0,198.7,23581.0,44606.0,23.8,23.14,41.6,29.910000000000004,22.056,198.6,876.0,6.42,0.6604408966694337
2026-03-29T13:19:22,03/29/202601:19,144.12,1.1800000000000002,170.06160000000003,54.2,2.0900000000000003,113.27800000000002,112.8,0.4,7.0,198.7,23581.0,44606.0,23.8,23.18,41.7,29.910000000000004,22.087,198.7,877.0,6.44,0.6660998132441421
2026-03-29T13:20:42,03/29/202601:20,144.07999999999998,1.19,171.45519999999996,54.2,2.14,115.98800000000001,115.6,0.4,7.0,198.7,23581.0,44606.0,23.8,23.22,41.8,29.910000000000004,22.118000000000002,198.8,878.0,6.459999999999999,0.676491584973801
2026-03-29T13:20:43,03/29/202601:20,144.10999999999999,1.17,168.60869999999997,54.21,2.09,113.29889999999999,112.9,0.4,7.0,198.7,23581.0,44606.0,23.8,23.259999999999998,41.9,29.910000000000004,22.149,198.9,879.0,6.4799999999999995,0.6719635463650453
2026-03-29T13:21:01,03/29/202601:21,144.14000000000001,1.15,165.761,54.220000000000006,2.04,110.60880000000002,110.2,0.4,7.0,198.7,23581.0,44606.0,23.8,23.3,42.0,29.910000000000004,22.18,199.0,880.0,6.5,0.6672787929609499
2026-03-29T13:22:28,03/29/202601:22,144.14000000000001,1.1400000000000001,164.31960000000004,54.220000000000006,1.9899999999999998,107.8978,107.5,0.4,7.0,198.7,23581.0,44606.0,23.8,23.3,42.0,29.910000000000004,22.18,199.0,880.0,6.5,0.656633779536951
2026-03-29T13:23:00,03/29/202601:22,144.15,1.12,161.44800000000004,54.220000000000006,1.92,104.1024,103.7,0.4,7.0,198.7,23581.0,44606.0,23.8,23.3,42.0,29.910000000000004,22.18,199.0,880.0,6.5,0.6448045191021257
2026-03-29T13:23:01,03/29/202601:23,144.16,1.09,157.1344,54.220000000000006,1.86,100.84920000000001,100.4,0.4,7.0,198.7,23581.0,44606.0,23.8,23.3,42.0,29.910000000000004,22.18,199.0,880.0,6.5,0.641802176989889
2026-03-29T13:24:00,03/29/202601:23,144.18,1.07,154.2726,54.220000000000006,1.83,99.22260000000001,98.7,0.4,7.0,198.7,23581.0,44606.0,23.8,23.3,42.0,29.910000000000004,22.18,199.0,880.0,6.5,0.643164113394083
2026-03-29T13:24:01,03/29/202601:24,144.18,1.07,154.2726,54.220000000000006,1.8399999999999999,99.76480000000001,99.2,0.4,7.0,198.7,23581.0,44606.0,23.8,23.3,42.0,29.910000000000004,22.18,199.0,880.0,6.5,0.646678671390772
2026-03-29T13:25:00,03/29/202601:25,144.17000000000002,1.06,152.82020000000003,54.220000000000006,1.83,99.22260000000001,98.7,0.4,7.0,198.7,23581.0,44606.0,23.8,23.3,42.0,29.910000000000004,22.18,199.0,880.0,6.5,0.6492767317409609
2026-03-29T13:26:52,03/29/202601:26,144.09,1.09,157.05810000000002,54.220000000000006,1.8800000000000001,101.93360000000001,101.4,0.4,7.0,198.7,23581.0,44606.0,23.8,23.3,42.0,29.910000000000004,22.18,199.0,880.0,6.5,0.6490184205717502
2026-03-29T13:27:00,03/29/202601:26,143.94,1.1099999999999999,159.77339999999998,54.220000000000006,1.9,103.018,102.4,0.4,7.0,198.7,23581.0,44606.0,23.8,23.3,42.0,29.910000000000004,22.18,199.0,880.0,6.5,0.6447756635334794
2026-03-29T13:27:01,03/29/202601:27,143.75,1.16,166.75,54.21,2.01,108.96209999999999,108.3,0.4,7.0,198.7,23581.0,44606.0,23.8,23.3,42.0,29.910000000000004,22.18,199.0,880.0,6.5,0.6534458770614692
2026-03-29T13:28:00,03/29/202601:27,143.59,1.19,170.8721,54.21,2.08,112.75680000000001,112.1,0.4,7.0,198.7,23581.0,44606.0,23.8,23.3,42.0,29.910000000000004,22.18,199.0,880.0,6.5,0.6598900581194942
2026-03-29T13:28:01,03/29/202601:28,143.47,1.21,173.59869999999998,54.220000000000006,2.1399999999999997,116.0308,115.4,0.4,7.0,198.7,23581.0,44606.0,23.8,23.3,42.0,29.910000000000004,22.18,199.0,880.0,6.5,0.6683851895204285
2026-03-29T13:29:00,03/29/202601:28,143.41,1.2200000000000002,174.96020000000001,54.220000000000006,2.18,118.19960000000002,117.6,0.4,7.0,198.7,23581.0,44606.0,23.8,23.3,42.0,29.910000000000004,22.18,199.0,880.0,6.5,0.675579931893082
2026-03-29T13:29:01,03/29/202601:29,143.35,1.23,176.32049999999998,54.220000000000006,2.2199999999999998,120.3684,119.8,0.4,7.0,198.7,23581.0,44606.0,23.8,23.3,42.0,29.910000000000004,22.18,199.0,880.0,6.5,0.6826682093120199
2026-03-29T13:29:47,03/29/202601:29,143.29000000000002,1.23,176.24670000000003,54.220000000000006,2.2199999999999998,120.3684,119.8,0.4,7.0,198.7,23581.0,44606.0,23.8,23.3,42.0,29.910000000000004,22.18,199.0,880.0,6.5,0.6829540638207693
2026-03-29T13:30:00,03/29/202601:30,143.23,1.23,176.1729,54.220000000000006,2.2199999999999998,120.3684,119.8,0.4,7.0,198.7,23581.0,44606.0,23.8,23.3,42.0,29.910000000000004,22.18,199.0,880.0,6.5,0.6832401578222302
2026-03-29T13:30:47,03/29/202601:30,143.14000000000001,1.27,181.78780000000003,54.220000000000006,2.29,124.16380000000001,123.6,0.4,7.0,198.7,23581.0,44606.0,23.8,23.35,41.9,29.907,22.199,199.1,880.0,6.5200000000000005,0.6830150318118157
2026-03-29T13:31:01,03/29/202601:31,143.12,1.28,183.1936,54.220000000000006,2.3,124.706,124.2,0.4,7.0,198.7,23581.0,44606.0,23.8,23.4,41.8,29.904000000000003,22.218,199.2,880.0,6.540000000000001,0.6807333880659586
2026-03-29T13:31:47,03/29/202601:31,143.20999999999998,1.26,180.44459999999998,54.220000000000006,2.23,120.91060000000002,120.4,0.4,7.0,198.7,23581.0,44606.0,23.8,23.45,41.7,29.901,22.237000000000002,199.3,880.0,6.56,0.6700704814663339
2026-03-29T13:32:01,03/29/202601:32,143.3,1.24,177.692,54.220000000000006,2.16,117.11520000000002,116.6,0.4,7.0,198.7,23581.0,44606.0,23.8,23.5,41.6,29.898000000000003,22.256,199.4,880.0,6.58,0.6590910114130069
2026-03-29T13:32:46,03/29/202601:32,143.29000000000002,1.24,177.67960000000002,54.21,2.16,117.09360000000001,116.6,0.4,7.0,198.7,23581.0,44606.0,23.8,23.55,41.5,29.895,22.275,199.5,880.0,6.6,0.6590154412774455
2026-03-29T13:33:00,03/29/202601:33,143.28,1.24,177.6672,54.2,2.16,117.07200000000002,116.6,0.4,7.0,198.7,23581.0,44606.0,23.8,23.6,41.4,29.892000000000003,22.294,199.6,880.0,6.62,0.6589398605932891
2026-03-29T13:33:11,03/29/202601:33,143.27,1.23,176.2221,54.21,2.13,115.4673,115.0,0.4,7.0,198.7,23581.0,44606.0,23.8,23.65,41.3,29.889,22.313,199.7,880.0,6.640000000000001,0.6552373396980287
2026-03-29T13:34:00,03/29/202601:34,143.26,1.22,174.7772,54.220000000000006,2.1,113.86200000000002,113.4,0.4,7.0,198.7,23581.0,44606.0,23.8,23.7,41.2,29.886000000000003,22.332,199.8,880.0,6.659999999999999,0.6514694136306111
2026-03-29T13:34:10,03/29/202601:34,143.26,1.19,170.47939999999997,54.220000000000006,2.0300000000000002,110.06660000000002,109.6,0.4,7.0,198.7,23581.0,44606.0,23.8,23.75,41.1,29.883,22.351000000000003,199.9,880.0,6.68,0.645629911883782
2026-03-29T13:35:00,03/29/202601:35,143.26,1.16,166.18159999999997,54.220000000000006,1.9600000000000002,106.27120000000002,105.8,0.4,7.0,198.7,23581.0,44606.0,23.8,23.8,41.0,29.880000000000003,22.37,200.0,880.0,6.7,0.6394883669431516
2026-03-29T13:35:11,03/29/202601:35,143.19,1.15,164.6685,54.220000000000006,1.98,107.35560000000001,106.8,0.4,8.0,198.7,23581.0,44606.0,23.8,23.8,41.0,29.880000000000003,22.37,200.0,880.0,6.7,0.6519498264695435
2026-03-29T13:36:00,03/29/202601:36,143.12,1.1400000000000001,163.15680000000003,54.220000000000006,2.0,108.44000000000001,107.8,0.4,8.0,198.7,23581.0,44606.0,23.8,23.8,41.0,29.880000000000003,22.37,200.0,880.0,6.7,0.664636717562492
2026-03-29T13:36:10,03/29/202601:36,143.01,1.15,164.46149999999997,54.23,2.04,110.6292,110.0,0.4,8.0,198.7,23581.0,44606.0,23.8,23.8,41.0,29.880000000000003,22.37,200.0,880.0,6.7,0.672675367791246
2026-03-29T13:36:31,03/29/202601:36,142.89000000000001,1.17,167.1813,54.23,2.1,113.883,113.3,0.4,8.0,198.7,23581.0,44606.0,23.8,23.8,41.0,29.880000000000003,22.37,200.0,880.0,6.7,0.681194607291605
2026-03-29T13:38:47,03/29/202601:38,142.95999999999998,1.1400000000000001,162.9744,54.23,2.04,110.6292,110.0,0.4,8.0,198.7,23581.0,44606.0,23.8,23.8,41.0,29.880000000000003,22.37,200.0,880.0,6.7,0.6788133596442141
2026-03-29T13:39:00,03/29/202601:39,143.03,1.1099999999999999,158.7633,54.23,1.98,107.3754,106.7,0.4,8.0,198.7,23581.0,44606.0,23.8,23.8,41.0,29.880000000000003,22.37,200.0,880.0,6.7,0.6763238103516367
2026-03-29T13:39:47,03/29/202601:39,142.98,1.1300000000000001,161.5674,54.220000000000006,2.0300000000000002,110.06660000000002,109.4,0.4,8.0,198.7,23581.0,44606.0,23.8,23.8,41.0,29.880000000000003,22.37,200.0,880.0,6.7,0.6812426269160736
2026-03-29T13:40:00,03/29/202601:40,142.93,1.15,164.3695,54.21,2.08,112.75680000000001,112.1,0.4,8.0,198.7,23581.0,44606.0,23.8,23.8,41.0,29.880000000000003,22.37,200.0,880.0,6.7,0.6859958812310071
2026-03-29T13:40:48,03/29/202601:40,142.89000000000001,1.1800000000000002,168.61020000000005,54.21,2.15,116.55149999999999,115.9,0.4,8.0,198.7,23581.0,44606.0,23.8,23.8,41.0,29.880000000000003,22.37,200.0,880.0,6.7,0.6912482163000813
2026-03-29T13:41:00,03/29/202601:41,142.85,1.21,172.8485,54.21,2.2199999999999998,120.34619999999998,119.7,0.4,8.0,198.7,23581.0,44606.0,23.8,23.8,41.0,29.880000000000003,22.37,200.0,880.0,6.7,0.6962524985753419
2026-03-29T13:41:48,03/29/202601:41,142.94,1.1800000000000002,168.66920000000002,54.2,2.13,115.446,114.9,0.4,8.0,198.7,23581.0,44606.0,23.8,23.8,41.0,29.880000000000003,22.37,200.0,880.0,6.7,0.6844521702836083
2026-03-29T13:42:00,03/29/202601:42,143.03,1.15,164.4845,54.19,2.04,110.5476,110.1,0.4,8.0,198.7,23581.0,44606.0,23.8,23.8,41.0,29.880000000000003,22.37,200.0,880.0,6.7,0.6720852116764802
2026-03-29T13:42:47,03/29/202601:42,143.18,1.1,157.49800000000002,54.19,1.9300000000000002,104.58670000000001,104.1,0.4,8.0,198.7,23581.0,44606.0,23.8,23.8,41.0,29.880000000000003,22.37,200.0,880.0,6.7,0.6640509720758359
2026-03-29T13:43:01,03/29/202601:43,143.34,1.04,149.0736,54.2,1.8,97.56,97.0,0.4,8.0,198.7,23581.0,44606.0,23.8,23.8,41.0,29.880000000000003,22.37,200.0,880.0,6.7,0.6544418327591204
2026-03-29T13:43:47,03/29/202601:43,143.25,1.0699999999999998,153.27749999999997,54.2,1.8699999999999999,101.354,100.8,0.4,8.0,198.7,23581.0,44606.0,23.8,23.8,41.0,29.880000000000003,22.37,200.0,880.0,6.7,0.6612451273017893
2026-03-29T13:44:00,03/29/202601:44,143.16,1.1,157.476,54.2,1.94,105.148,104.6,0.4,8.0,198.7,23581.0,44606.0,23.8,23.8,41.0,29.880000000000003,22.37,200.0,880.0,6.7,0.6677080952018085
2026-03-29T13:44:47,03/29/202601:44,143.13,1.09,156.01170000000002,54.2,1.9100000000000001,103.52200000000002,102.9,0.4,8.0,198.7,23581.0,44606.0,23.8,23.8,41.0,29.880000000000003,22.37,200.0,880.0,6.7,0.6635527976427409
2026-03-29T13:45:01,03/29/202601:45,143.1,1.08,154.548,54.2,1.8800000000000001,101.89600000000002,101.2,0.4,8.0,198.7,23581.0,44606.0,23.8,23.8,41.0,29.880000000000003,22.37,200.0,880.0,6.7,0.6593161994978907
2026-03-29T13:45:48,03/29/202601:45,143.0,1.1,157.3,54.2,1.92,104.06400000000001,103.4,0.4,8.0,198.7,23581.0,44606.0,23.8,23.85,40.9,29.877,22.376,200.0,880.0,6.709999999999999,0.6615638906547997
2026-03-29T13:46:00,03/29/202601:46,142.9,1.12,160.04800000000003,54.2,1.9599999999999997,106.23199999999999,105.6,0.4,8.0,198.7,23581.0,44606.0,23.8,23.9,40.8,29.874000000000002,22.381999999999998,200.0,880.0,6.720000000000001,0.6637508747375785
2026-03-29T13:46:48,03/29/202601:46,142.89000000000001,1.09,155.75010000000003,54.21,1.89,102.45689999999999,101.8,0.4,8.0,198.7,23581.0,44606.0,23.8,23.95,40.7,29.874000000000002,22.387999999999998,200.0,880.0,6.7299999999999995,0.6578287911211612
2026-03-29T13:47:00,03/29/202601:47,142.88,1.06,151.4528,54.220000000000006,1.8199999999999998,98.6804,98.0,0.4,8.0,198.7,23581.0,44606.0,23.8,24.0,40.6,29.874000000000002,22.394,200.0,880.0,6.74,0.6515587694648102
2026-03-29T13:47:48,03/29/202601:47,142.73,1.1,157.00300000000001,54.21,1.9300000000000002,104.62530000000001,104.0,0.4,8.0,198.7,23581.0,44606.0,23.8,24.05,40.5,29.874000000000002,22.4,200.0,880.0,6.75,0.6663904511378763
2026-03-29T13:49:16,03/29/202601:49,142.60999999999999,1.1400000000000001,162.5754,54.2,2.05,111.11,110.5,0.4,8.0,198.7,23581.0,44606.0,23.8,24.1,40.2,29.874000000000002,22.406,200.0,880.0,6.76,0.6834367315104253
2026-03-29T13:49:42,03/29/202601:49,142.67000000000002,1.1300000000000001,161.21710000000004,54.2,2.02,109.48400000000001,108.9,0.4,8.0,198.7,23581.0,44606.0,23.8,24.15,39.9,29.874000000000002,22.412,200.0,880.0,6.7700000000000005,0.6791091019501032
2026-03-29T13:50:01,03/29/202601:50,142.73,1.1199999999999999,159.85759999999996,54.2,1.9899999999999998,107.85799999999999,107.3,0.4,8.0,198.7,23581.0,44606.0,23.8,24.2,39.6,29.874000000000002,22.418,200.0,880.0,6.779999999999999,0.6747129945651631
2026-03-29T13:50:43,03/29/202601:50,142.79000000000002,1.1400000000000001,162.78060000000005,54.2,2.02,109.48400000000001,109.0,0.4,8.0,198.7,23581.0,44606.0,23.8,24.25,39.3,29.874000000000002,22.424,200.0,880.0,6.790000000000001,0.6725862909953642
2026-03-29T13:51:00,03/29/202601:51,142.85,1.16,165.706,54.2,2.05,111.11,110.7,0.4,8.0,198.7,23581.0,44606.0,23.8,24.3,39.0,29.874000000000002,22.43,200.0,880.0,6.8,0.6705249055556226
2026-03-29T13:51:43,03/29/202601:51,143.02,1.1199999999999999,160.1824,54.2,1.9600000000000002,106.23200000000001,105.8,0.4,8.0,198.7,23581.0,44606.0,23.8,24.3,38.8,29.877,22.43,200.0,880.0,6.8,0.663193958886869
2026-03-29T13:52:00,03/29/202601:52,143.19,1.08,154.64520000000002,54.2,1.8699999999999999,101.354,100.9,0.4,8.0,198.7,23581.0,44606.0,23.8,24.3,38.6,29.880000000000003,22.43,200.0,880.0,6.8,0.6553969990662496
2026-03-29T13:52:43,03/29/202601:52,143.22,1.1300000000000001,161.8386,54.2,2.0,108.4,107.9,0.4,8.0,198.7,23581.0,44606.0,23.8,24.3,38.4,29.880000000000003,22.43,200.0,880.0,6.8,0.6698031248416633
2026-03-29T13:53:01,03/29/202601:53,143.25,1.1800000000000002,169.03500000000003,54.2,2.13,115.446,114.9,0.4,8.0,198.7,23581.0,44606.0,23.8,24.3,38.2,29.880000000000003,22.43,200.0,880.0,6.8,0.6829709823409352
2026-03-29T13:53:43,03/29/202601:53,143.35,1.1800000000000002,169.15300000000002,54.2,2.12,114.90400000000001,114.4,0.4,8.0,198.7,23581.0,44606.0,23.8,24.3,38.0,29.880000000000003,22.43,200.0,880.0,6.8,0.6792903466092827
2026-03-29T13:54:01,03/29/202601:54,143.42000000000002,1.1800000000000002,169.23560000000003,54.2,2.1,113.82000000000001,113.4,0.4,8.0,198.7,23581.0,44606.0,23.8,24.3,38.0,29.880000000000003,22.43,200.0,880.0,6.8,0.6725535289265379
2026-03-29T13:54:43,03/29/202601:54,143.39000000000001,1.2,172.068,54.2,2.1399999999999997,115.98799999999999,115.5,0.4,8.0,198.7,23581.0,44606.0,23.8,24.3,38.0,29.880000000000003,22.43,200.0,880.0,6.8,0.6740823395401817
2026-03-29T13:55:00,03/29/202601:55,143.35999999999999,1.22,174.89919999999998,54.2,2.18,118.15600000000002,117.6,0.4,8.0,198.7,23581.0,44606.0,23.8,24.3,38.0,29.880000000000003,22.43,200.0,880.0,6.8,0.6755662690281032
2026-03-29T13:55:43,03/29/202601:55,143.38,1.2,172.05599999999998,54.2,2.13,115.446,114.9,0.4,8.0,198.7,23581.0,44606.0,23.8,24.3,38.0,29.880000000000003,22.43,200.0,880.0,6.8,0.6709792160691869
2026-03-29T13:56:01,03/29/202601:56,143.4,1.1800000000000002,169.21200000000002,54.2,2.08,112.736,112.2,0.4,8.0,198.7,23581.0,44606.0,23.8,24.3,38.0,29.880000000000003,22.43,200.0,880.0,6.8,0.6662411649292012
2026-03-29T13:56:43,03/29/202601:56,143.31,1.2,171.972,54.19,2.15,116.50849999999998,116.0,0.4,8.0,198.7,23581.0,44606.0,23.8,24.3,38.0,29.880000000000003,22.43,200.0,880.0,6.8,0.6774852883027468
2026-03-29T13:57:01,03/29/202601:57,143.22,1.22,174.7284,54.18000000000001,2.2199999999999998,120.2796,119.8,0.4,8.0,198.7,23581.0,44606.0,23.8,24.3,38.0,29.880000000000003,22.43,200.0,880.0,6.8,0.6883803663285419
2026-03-29T13:57:42,03/29/202601:57,143.2,1.1800000000000002,168.976,54.18000000000001,2.12,114.86160000000002,114.4,0.4,8.0,198.7,23581.0,44606.0,23.8,24.3,38.0,29.880000000000003,22.43,200.0,880.0,6.8,0.6797509705520312
2026-03-29T13:58:49,03/29/202601:58,143.16000000000003,1.1700000000000002,167.49720000000005,54.18000000000001,2.09,113.23620000000001,112.8,0.4,8.0,198.7,23581.0,44606.0,23.8,24.3,38.0,29.880000000000003,22.43,200.0,880.0,6.8,0.6760483160315515
2026-03-29T13:59:01,03/29/202601:59,143.15,1.15,164.6225,54.18000000000001,2.05,111.069,110.6,0.4,8.0,198.7,23581.0,44606.0,23.8,24.3,38.0,29.880000000000003,22.43,200.0,880.0,6.8,0.674689061337302
2026-03-29T14:00:28,03/29/202602:00,143.10999999999999,1.16,166.00759999999997,54.18000000000001,2.06,111.61080000000001,111.1,0.4,8.0,198.7,23581.0,44606.0,23.8,24.3,38.0,29.880000000000003,22.43,200.0,880.0,6.8,0.672323435794506
2026-03-29T14:00:49,03/29/202602:00,143.17000000000002,1.1400000000000001,163.21380000000005,54.18000000000001,2.0,108.36000000000001,107.9,0.4,8.0,198.7,23581.0,44606.0,23.8,24.3,38.0,29.880000000000003,22.43,200.0,880.0,6.8,0.6639144484106122
2026-03-29T14:01:01,03/29/202602:01,143.23,1.12,160.4176,54.18000000000001,1.94,105.10920000000002,104.7,0.4,8.0,198.7,23581.0,44606.0,23.8,24.3,38.0,29.880000000000003,22.43,200.0,880.0,6.8,0.6552223696153042
2026-03-29T14:01:49,03/29/202602:01,143.26,1.12,160.4512,54.18000000000001,1.97,106.73460000000001,106.3,0.4,8.0,198.7,23581.0,44606.0,23.8,24.35,38.0,29.880000000000003,22.449,200.0,880.0,6.81,0.6652153427334917
2026-03-29T14:02:00,03/29/202602:02,143.29000000000002,1.12,160.48480000000004,54.18000000000001,2.0,108.36000000000001,107.9,0.4,8.0,198.7,23581.0,44606.0,23.8,24.4,38.0,29.880000000000003,22.468,200.0,880.0,6.82,0.6752041314816106
2026-03-29T14:02:49,03/29/202602:02,143.35,1.12,160.55200000000002,54.19,2.0,108.38,107.9,0.4,8.0,198.7,23581.0,44606.0,23.8,24.45,38.0,29.880000000000003,22.487000000000002,200.0,880.0,6.83,0.6750460909860978
2026-03-29T14:03:00,03/29/202602:03,143.41,1.12,160.6192,54.2,2.0,108.4,107.9,0.4,8.0,198.7,23581.0,44606.0,23.8,24.5,38.0,29.880000000000003,22.506,200.0,880.0,6.840000000000001,0.674888182732824
2026-03-29T14:03:49,03/29/202602:03,143.41,1.1400000000000001,163.4874,54.2,2.04,110.56800000000001,110.0,0.4,9.0,198.7,23581.0,44606.0,23.8,24.55,38.0,29.880000000000003,22.525,200.0,880.0,6.85,0.67630899995963
2026-03-29T14:04:01,03/29/202602:04,143.43,1.1300000000000001,162.07590000000002,54.2,2.0100000000000002,108.94200000000002,108.3,0.4,9.0,198.7,23581.0,44606.0,23.8,24.6,38.0,29.880000000000003,22.544,200.0,880.0,6.859999999999999,0.6721665590010607
2026-03-29T14:04:50,03/29/202602:04,143.41,1.1199999999999999,160.61919999999998,54.2,1.9600000000000002,106.23200000000001,105.6,0.4,9.0,198.7,23581.0,44606.0,23.8,24.65,38.0,29.880000000000003,22.563,200.0,880.0,6.87,0.6613904190781676
2026-03-29T14:05:01,03/29/202602:05,143.42000000000002,1.08,154.89360000000002,54.2,1.86,100.81200000000001,100.2,0.4,9.0,198.7,23581.0,44606.0,23.8,24.7,38.0,29.880000000000003,22.582,200.0,880.0,6.88,0.6508467748183269
2026-03-29T14:05:49,03/29/202602:05,143.32999999999998,1.08,154.7964,54.2,1.8800000000000001,101.89600000000002,101.3,0.4,9.0,198.7,23581.0,44606.0,23.8,24.75,38.0,29.880000000000003,22.601000000000003,200.0,880.0,6.890000000000001,0.6582582023871357
2026-03-29T14:06:01,03/29/202602:06,143.24,1.08,154.69920000000002,54.2,1.9,102.98,102.4,0.4,9.0,198.7,23581.0,44606.0,23.8,24.8,38.0,29.880000000000003,22.62,200.0,880.0,6.9,0.6656789433946652
2026-03-29T14:06:49,03/29/202602:06,143.19,1.05,150.3495,54.2,1.81,98.102,97.5,0.4,9.0,198.7,23581.0,44606.0,23.8,24.8,38.0,29.880000000000003,22.62,200.0,880.0,6.9,0.6524930245860479
2026-03-29T14:07:01,03/29/202602:07,143.14000000000001,1.02,146.0028,54.2,1.72,93.224,92.6,0.4,9.0,198.7,23581.0,44606.0,23.8,24.8,38.0,29.880000000000003,22.62,200.0,880.0,6.9,0.6385083025804984
2026-03-29T14:07:50,03/29/202602:07,143.04000000000002,1.03,147.33120000000002,54.2,1.7399999999999998,94.30799999999999,93.7,0.4,9.0,198.7,23581.0,44606.0,23.8,24.8,38.0,29.880000000000003,22.62,200.0,880.0,6.9,0.6401088160552549
2026-03-29T14:08:01,03/29/202602:08,142.94,1.04,148.6576,54.2,1.7600000000000002,95.39200000000002,94.8,0.4,9.0,198.7,23581.0,44606.0,23.8,24.8,38.0,29.880000000000003,22.62,200.0,880.0,6.9,0.6416893586335312
2026-03-29T14:08:02,03/29/202602:08,142.88,1.05,150.024,54.2,1.7899999999999998,97.018,96.5,0.4,9.0,198.7,23581.0,44606.0,23.8,24.8,38.0,29.880000000000003,22.62,200.0,880.0,6.9,0.6466831973550898
2026-03-29T14:09:01,03/29/202602:09,142.82,1.06,151.3892,54.2,1.8199999999999998,98.64399999999999,98.2,0.4,9.0,198.7,23581.0,44606.0,23.8,24.8,38.0,29.880000000000003,22.62,200.0,880.0,6.9,0.6515920554438493
2026-03-29T14:09:02,03/29/202602:09,142.78,1.1099999999999999,158.48579999999998,54.2,1.94,105.148,104.7,0.4,9.0,198.7,23581.0,44606.0,23.8,24.8,38.0,29.880000000000003,22.62,200.0,880.0,6.9,0.6634537605261797
2026-03-29T14:10:00,03/29/202602:10,142.74,1.16,165.5784,54.2,2.06,111.65200000000002,111.2,0.4,9.0,198.7,23581.0,44606.0,23.8,24.8,38.0,29.880000000000003,22.62,200.0,880.0,6.9,0.67431500727148
2026-03-29T14:10:01,03/29/202602:10,142.75,1.17,167.01749999999998,54.2,2.07,112.194,111.7,0.4,9.0,198.7,23581.0,44606.0,23.8,24.8,38.0,29.880000000000003,22.62,200.0,880.0,6.9,0.6717499663208946
2026-03-29T14:11:41,03/29/202602:11,142.77,1.16,165.6132,54.2,2.0300000000000002,110.02600000000002,109.5,0.5,9.0,198.7,23581.0,44606.0,23.8,24.8,38.0,29.880000000000003,22.62,200.0,880.0,6.9,0.6643552567065911
2026-03-29T14:12:01,03/29/202602:12,142.72,1.19,169.83679999999998,54.2,2.1,113.82000000000001,113.3,0.5,9.0,198.7,23581.0,44606.0,23.8,24.8,38.0,29.880000000000003,22.62,200.0,880.0,6.9,0.670172777631232
2026-03-29T14:12:02,03/29/202602:12,142.67000000000002,1.2200000000000002,174.05740000000006,54.21,2.19,118.7199,118.2,0.5,9.0,198.7,23581.0,44606.0,23.8,24.8,38.0,29.880000000000003,22.62,200.0,880.0,6.9,0.682073270082168
2026-03-29T14:13:00,03/29/202602:13,142.68,1.2100000000000002,172.64280000000002,54.220000000000006,2.16,117.11520000000002,116.6,0.5,9.0,198.7,23581.0,44606.0,23.8,24.8,38.0,29.880000000000003,22.62,200.0,880.0,6.9,0.6783671256490279
2026-03-29T14:13:01,03/29/202602:13,142.66,1.24,176.89839999999998,54.220000000000006,2.21,119.82620000000001,119.3,0.5,9.0,198.7,23581.0,44606.0,23.8,24.8,38.0,29.880000000000003,22.62,200.0,880.0,6.9,0.677373000547207
2026-03-29T14:14:00,03/29/202602:14,142.62,1.28,182.55360000000002,54.220000000000006,2.29,124.16380000000001,123.6,0.5,9.0,198.7,23581.0,44606.0,23.8,24.8,38.0,29.880000000000003,22.62,200.0,880.0,6.9,0.6801498299677464
2026-03-29T14:14:01,03/29/202602:14,142.7,1.25,178.375,54.220000000000006,2.18,118.19960000000002,117.6,0.5,9.0,198.7,23581.0,44606.0,23.8,24.8,38.0,29.880000000000003,22.62,200.0,880.0,6.9,0.6626466713384724
2026-03-29T14:15:00,03/29/202602:15,142.8,1.1800000000000002,168.50400000000005,54.220000000000006,2.0,108.44000000000001,107.8,0.5,9.0,198.7,23581.0,44606.0,23.8,24.8,38.0,29.880000000000003,22.62,200.0,880.0,6.9,0.6435455538147461
2026-03-29T14:15:02,03/29/202602:15,142.82999999999998,1.1400000000000001,162.8262,54.220000000000006,1.9100000000000001,103.56020000000002,102.9,0.5,9.0,198.7,23581.0,44606.0,23.8,24.8,38.0,29.880000000000003,22.62,200.0,880.0,6.9,0.636016808105821
2026-03-29T14:16:00,03/29/202602:16,142.85999999999999,1.12,160.0032,54.220000000000006,1.86,100.84920000000001,100.2,0.5,9.0,198.7,23581.0,44606.0,23.8,24.8,38.0,29.880000000000003,22.62,200.0,880.0,6.9,0.630294894102118
2026-03-29T14:16:02,03/29/202602:16,142.8,1.1600000000000001,165.64800000000002,54.23,1.98,107.3754,106.7,0.5,9.0,198.7,23581.0,44606.0,23.8,24.84,37.9,29.880000000000003,22.601000000000003,200.0,879.0,6.9,0.6482142857142856
2026-03-29T14:17:01,03/29/202602:17,142.74,1.2,171.288,54.239999999999995,2.1,113.904,113.2,0.5,9.0,198.7,23581.0,44606.0,23.8,24.880000000000003,37.8,29.880000000000003,22.582,200.0,878.0,6.9,0.6649852879361076
2026-03-29T14:17:02,03/29/202602:17,142.70999999999998,1.19,169.82489999999996,54.23,2.07,112.25609999999999,111.6,0.5,9.0,198.7,23581.0,44606.0,23.8,24.919999999999998,37.7,29.880000000000003,22.563,200.0,877.0,6.9,0.6610108411664015
2026-03-29T14:18:01,03/29/202602:18,142.68,1.1800000000000002,168.36240000000004,54.220000000000006,2.04,110.60880000000002,110.0,0.5,9.0,198.7,23581.0,44606.0,23.8,24.96,37.6,29.880000000000003,22.544,200.0,876.0,6.9,0.656968539293809
2026-03-29T14:18:02,03/29/202602:18,142.64000000000001,1.17,166.8888,54.220000000000006,2.02,109.52440000000001,108.9,0.5,9.0,198.7,23581.0,44606.0,23.8,25.0,37.5,29.880000000000003,22.525,200.0,875.0,6.9,0.6562717210501844
2026-03-29T14:19:58,03/29/202602:19,142.60999999999999,1.17,166.85369999999998,54.220000000000006,2.0,108.44000000000001,107.8,0.5,9.0,198.7,23581.0,44606.0,23.8,25.04,37.4,29.880000000000003,22.506,200.0,874.0,6.9,0.6499106702458503
2026-03-29T14:19:59,03/29/202602:19,142.44,1.25,178.05,54.220000000000006,2.2199999999999998,120.3684,119.8,0.5,9.0,198.7,23581.0,44606.0,23.8,25.080000000000002,37.3,29.880000000000003,22.487000000000002,200.0,873.0,6.9,0.6760370682392586
2026-03-29T14:20:00,03/29/202602:20,142.27,1.33,189.21910000000003,54.220000000000006,2.44,132.29680000000002,131.8,0.5,9.0,198.7,23581.0,44606.0,23.8,25.119999999999997,37.2,29.880000000000003,22.468,200.0,872.0,6.9,0.6991725465346786
2026-03-29T14:20:59,03/29/202602:20,142.25,1.33,189.19250000000002,54.220000000000006,2.4699999999999998,133.92340000000002,133.4,0.5,9.0,198.7,23581.0,44606.0,23.8,25.16,37.1,29.880000000000003,22.449,200.0,871.0,6.9,0.7078684408737133
2026-03-29T14:21:00,03/29/202602:21,142.23,1.33,189.1659,54.220000000000006,2.5,135.55,135.0,0.5,9.0,198.7,23581.0,44606.0,23.8,25.2,37.0,29.880000000000003,22.43,200.0,870.0,6.9,0.7165667807992879
2026-03-29T14:22:50,03/29/202602:22,142.32,1.27,180.7464,54.21,2.37,128.4777,128.0,0.5,9.0,198.7,23581.0,44606.0,23.8,25.2,37.0,29.880000000000003,22.43,200.0,870.0,6.9,0.7108174768626098
2026-03-29T14:22:59,03/29/202602:22,142.42000000000002,1.21,172.3282,54.2,2.2,119.24000000000001,118.8,0.5,9.0,198.7,23581.0,44606.0,23.8,25.2,37.0,29.880000000000003,22.43,200.0,870.0,6.9,0.691935504461835
2026-03-29T14:23:01,03/29/202602:23,142.49,1.2,170.988,54.2,2.16,117.07200000000002,116.6,0.5,9.0,198.7,23581.0,44606.0,23.8,25.2,37.0,29.880000000000003,22.43,200.0,870.0,6.9,0.6846796266404661
2026-03-29T14:23:59,03/29/202602:23,142.54000000000002,1.21,172.47340000000003,54.21,2.17,117.6357,117.1,0.5,9.0,198.7,23581.0,44606.0,23.8,25.2,37.0,29.880000000000003,22.43,200.0,870.0,6.910000000000001,0.6820512612379647
2026-03-29T14:24:01,03/29/202602:24,142.63,1.1800000000000002,168.3034,54.220000000000006,2.0900000000000003,113.31980000000003,112.8,0.5,9.0,198.7,23581.0,44606.0,23.8,25.2,37.0,29.880000000000003,22.43,200.0,870.0,6.92,0.6733066592831757
2026-03-29T14:25:00,03/29/202602:24,142.78,1.11,158.4858,54.220000000000006,1.95,105.72900000000001,105.3,0.5,9.0,198.7,23581.0,44606.0,23.8,25.2,37.0,29.880000000000003,22.43,200.0,870.0,6.93,0.6671197040996734
2026-03-29T14:25:01,03/29/202602:25,142.95,1.03,147.2385,54.220000000000006,1.7600000000000002,95.42720000000003,95.0,0.5,9.0,198.7,23581.0,44606.0,23.8,25.2,37.0,29.880000000000003,22.43,200.0,870.0,6.94,0.648113095420016
2026-03-29T14:25:59,03/29/202602:25,143.07999999999998,0.9700000000000001,138.7876,54.220000000000006,1.6300000000000001,88.37860000000002,87.9,0.5,9.0,198.7,23581.0,44606.0,23.8,25.2,37.0,29.880000000000003,22.43,200.0,870.0,6.95,0.6367903184434346
2026-03-29T14:26:00,03/29/202602:26,143.13,0.96,137.4048,54.220000000000006,1.6,86.75200000000001,86.3,0.5,9.0,198.7,23581.0,44606.0,23.8,25.2,37.0,29.880000000000003,22.43,200.0,870.0,6.959999999999999,0.6313607676005497
2026-03-29T14:26:59,03/29/202602:26,143.09,1.01,144.5209,54.220000000000006,1.7,92.174,91.8,0.5,9.0,198.7,23581.0,44606.0,23.8,25.2,37.0,29.880000000000003,22.43,200.0,870.0,6.970000000000001,0.6377901050989857
2026-03-29T14:27:01,03/29/202602:27,143.02,1.08,154.46160000000003,54.220000000000006,1.8399999999999999,99.76480000000001,99.4,0.5,9.0,198.7,23581.0,44606.0,23.8,25.2,37.0,29.880000000000003,22.43,200.0,870.0,6.9799999999999995,0.6458873920767362
2026-03-29T14:27:59,03/29/202602:27,142.91,1.1400000000000001,162.91740000000001,54.23,1.97,106.83309999999999,106.4,0.5,9.0,198.7,23581.0,44606.0,23.8,25.2,37.0,29.880000000000003,22.43,200.0,870.0,6.99,0.6557500917642927
2026-03-29T14:28:01,03/29/202602:28,142.8,1.2,171.36,54.239999999999995,2.1,113.904,113.4,0.5,9.0,198.7,23581.0,44606.0,23.8,25.2,37.0,29.880000000000003,22.43,200.0,870.0,7.0,0.6647058823529411
2026-03-29T14:29:00,03/29/202602:28,142.67000000000002,1.25,178.33750000000003,54.23,2.2199999999999998,120.39059999999998,119.9,0.5,9.0,198.7,23581.0,44606.0,23.8,25.2,37.0,29.880000000000003,22.43,200.0,871.0,7.0,0.6750717039321509
2026-03-29T14:29:01,03/29/202602:29,142.54000000000002,1.3,185.30200000000002,54.220000000000006,2.34,126.87480000000001,126.4,0.5,9.0,198.7,23581.0,44606.0,23.8,25.2,37.0,29.880000000000003,22.43,200.0,872.0,7.0,0.684692016276133
2026-03-29T14:29:59,03/29/202602:29,142.39000000000001,1.34,190.80260000000004,54.23,2.43,131.7789,131.2,0.5,9.0,198.7,23581.0,44606.0,23.8,25.229999999999997,37.0,29.880000000000003,22.43,200.0,873.0,7.0,0.690655682889017
2026-03-29T14:30:01,03/29/202602:30,142.24,1.3800000000000001,196.29120000000003,54.239999999999995,2.52,136.6848,136.0,0.5,9.0,198.7,23581.0,44606.0,23.8,25.259999999999998,37.0,29.880000000000003,22.43,200.0,874.0,7.0,0.6963368709346113
2026-03-29T14:30:59,03/29/202602:30,142.15,1.4,199.01,54.239999999999995,2.57,139.39679999999998,138.7,0.5,9.0,198.7,23581.0,44606.0,23.8,25.32,37.0,29.877,22.412,200.1,873.0,6.99,0.7004512336063514
2026-03-29T14:31:01,03/29/202602:31,142.06,1.42,201.7252,54.239999999999995,2.62,142.1088,141.4,0.5,9.0,198.7,23581.0,44606.0,23.8,25.380000000000003,37.0,29.874000000000002,22.394,200.2,872.0,6.9799999999999995,0.7044672653689277
2026-03-29T14:31:59,03/29/202602:31,142.10999999999999,1.3599999999999999,193.26959999999997,54.239999999999995,2.46,133.4304,132.7,0.5,10.0,198.7,23581.0,44606.0,23.8,25.44,37.0,29.871,22.375999999999998,200.3,871.0,6.970000000000001,0.690384830309578
2026-03-29T14:32:01,03/29/202602:32,142.16,1.3,184.808,54.239999999999995,2.3,124.75199999999998,124.0,0.5,10.0,198.7,23581.0,44606.0,23.8,25.5,37.0,29.868000000000002,22.357999999999997,200.4,870.0,6.959999999999999,0.6750357127397082
2026-03-29T14:34:03,03/29/202602:34,142.26,1.23,174.97979999999998,54.23,2.1399999999999997,116.05219999999997,115.4,0.5,10.0,198.7,23581.0,44606.0,23.8,25.56,37.0,29.865,22.29,200.1,869.0,6.95,0.6632319844919241
2026-03-29T14:34:59,03/29/202602:34,142.28,1.21,172.15879999999999,54.220000000000006,2.12,114.94640000000003,114.4,0.5,10.0,198.7,23581.0,44606.0,23.8,25.619999999999997,37.0,29.862000000000002,22.197,199.8,868.0,6.94,0.667676586965058
2026-03-29T14:35:00,03/29/202602:35,142.34,1.1800000000000002,167.96120000000002,54.220000000000006,2.06,111.69320000000002,111.2,0.5,10.0,198.7,23581.0,44606.0,23.8,25.68,37.0,29.859,22.104,199.5,866.0,6.93,0.6649940581515255
2026-03-29T14:35:59,03/29/202602:35,142.48,1.08,153.8784,54.2,1.83,99.186,98.7,0.5,10.0,198.7,23581.0,44606.0,23.8,25.74,37.0,29.856,22.011000000000003,199.2,864.0,6.92,0.6445738973111237
2026-03-29T14:36:00,03/29/202602:36,142.57,1.02,145.4214,54.17,1.69,91.5473,91.1,0.5,10.0,198.7,23581.0,44606.0,23.8,25.77,37.0,29.853,21.918,198.9,862.0,6.910000000000001,0.6295311419089625
2026-03-29T14:36:59,03/29/202602:36,142.56,1.04,148.2624,54.160000000000004,1.72,93.15520000000001,92.8,0.5,10.0,198.7,23581.0,44606.0,23.8,25.8,37.0,29.85,21.825,198.6,860.0,6.9,0.6283130449797116
2026-03-29T14:37:01,03/29/202602:37,142.53,1.06,151.08180000000002,54.160000000000004,1.73,93.69680000000001,93.4,0.5,10.0,198.7,23581.0,44606.0,23.8,25.8,37.0,29.85,21.75,198.2,860.0,6.9,0.6201726481945542
2026-03-29T14:38:11,03/29/202602:38,142.52,1.0699999999999998,152.4964,54.160000000000004,1.72,93.15520000000001,92.9,0.5,10.0,198.7,23581.0,44606.0,23.8,25.8,37.0,29.85,21.675,197.8,860.0,6.9,0.6108681909868037
2026-03-29T14:39:01,03/29/202602:39,142.45999999999998,1.1,156.706,54.160000000000004,1.7899999999999998,96.9464,96.7,0.5,10.0,198.7,23581.0,44606.0,23.8,25.8,37.0,29.85,21.6,197.4,860.0,6.9,0.6186514874988833
2026-03-29T14:39:05,03/29/202602:39,142.5,1.08,153.9,54.160000000000004,1.7399999999999998,94.2384,94.0,0.5,10.0,198.7,23581.0,44606.0,23.8,25.8,37.0,29.85,21.525,197.0,860.0,6.9,0.6123352826510721
2026-03-29T14:40:00,03/29/202602:40,142.51999999999998,1.08,153.92159999999998,54.160000000000004,1.7399999999999998,94.2384,94.0,0.5,10.0,198.7,23581.0,44606.0,23.8,25.8,37.0,29.85,21.5,197.0,860.0,6.9,0.6122493529173294
2026-03-29T14:40:04,03/29/202602:40,142.60999999999999,1.06,151.1666,54.17,1.7,92.089,91.8,0.5,10.0,198.7,23581.0,44606.0,23.8,25.8,37.0,29.85,21.5,197.0,860.0,6.9,0.6091888022883363
2026-03-29T14:41:00,03/29/202602:41,142.7,1.04,148.408,54.17999999999999,1.6600000000000001,89.9388,89.6,0.5,10.0,198.7,23581.0,44606.0,23.8,25.8,37.0,29.85,21.5,197.0,860.0,6.9,0.6060239340197294
2026-03-29T14:41:04,03/29/202602:41,142.71999999999997,1.08,154.1376,54.2,1.77,95.93400000000001,95.6,0.5,10.0,198.7,23581.0,44606.0,23.8,25.8,37.0,29.85,21.5,197.0,860.0,6.9,0.6223919407075238
2026-03-29T14:41:38,03/29/202602:41,142.68,1.15,164.082,54.220000000000006,1.94,105.1868,104.9,0.5,10.0,198.7,23581.0,44606.0,23.8,25.8,37.0,29.85,21.5,197.0,860.0,6.9,0.6410623956314526
2026-03-29T14:42:00,03/29/202602:42,142.73999999999998,1.1400000000000001,162.7236,54.220000000000006,1.94,105.1868,104.9,0.5,10.0,198.7,23581.0,44606.0,23.8,25.8,37.0,29.85,21.5,197.0,860.0,6.9,0.6464139190627542
2026-03-29T14:42:37,03/29/202602:42,142.83999999999997,1.11,158.55239999999998,54.220000000000006,1.8800000000000001,101.93360000000001,101.6,0.5,10.0,198.7,23581.0,44606.0,23.8,25.8,37.0,29.85,21.5,197.0,860.0,6.9,0.6429016527028291
2026-03-29T14:43:01,03/29/202602:43,142.92,1.09,155.7828,54.220000000000006,1.8399999999999999,99.76480000000001,99.4,0.5,10.0,198.7,23581.0,44606.0,23.8,25.8,37.0,29.85,21.5,197.0,860.0,6.9,0.6404095959245822
2026-03-29T14:43:38,03/29/202602:43,142.94,1.12,160.0928,54.220000000000006,1.92,104.1024,103.7,0.5,10.0,198.7,23581.0,44606.0,23.8,25.8,37.0,29.85,21.5,197.0,860.0,6.9,0.6502628475484219
2026-03-29T14:45:15,03/29/202602:45,142.87,1.1600000000000001,165.72920000000002,54.220000000000006,2.04,110.60880000000002,110.2,0.5,10.0,198.7,23581.0,44606.0,23.8,25.8,37.0,29.85,21.5,197.0,860.0,6.9,0.6674068299370298
2026-03-29T14:45:38,03/29/202602:45,142.75,1.2100000000000002,172.72750000000002,54.23,2.18,118.2214,117.8,0.5,10.0,198.7,23581.0,44606.0,23.8,25.830000000000002,36.9,29.85,21.488,197.1,859.0,6.890000000000001,0.6844387836331793
2026-03-29T14:46:00,03/29/202602:46,142.64000000000001,1.23,175.4472,54.23,2.2199999999999998,120.39059999999998,120.0,0.5,10.0,198.7,23581.0,44606.0,23.8,25.860000000000003,36.8,29.85,21.476,197.2,858.0,6.88,0.6861927691066029
2026-03-29T14:46:38,03/29/202602:46,142.62,1.21,172.5702,54.220000000000006,2.15,116.57300000000001,116.2,0.5,10.0,198.7,23581.0,44606.0,23.8,25.890000000000004,36.7,29.85,21.464,197.3,857.0,6.87,0.6755106038006562
2026-03-29T14:47:00,03/29/202602:47,142.59,1.2,171.108,54.220000000000006,2.1,113.86200000000002,113.5,0.5,10.0,198.7,23581.0,44606.0,23.8,25.919999999999998,36.6,29.85,21.451999999999998,197.4,856.0,6.859999999999999,0.6654393716249387
2026-03-29T14:47:38,03/29/202602:47,142.57,1.1800000000000002,168.23260000000002,54.220000000000006,2.05,111.151,110.8,0.5,10.0,198.7,23581.0,44606.0,23.8,25.95,36.5,29.85,21.44,197.5,855.0,6.85,0.6606983426517808
2026-03-29T14:48:01,03/29/202602:48,142.55,1.1600000000000001,165.35800000000003,54.220000000000006,2.0,108.44000000000001,108.1,0.5,10.0,198.7,23581.0,44606.0,23.8,25.98,36.4,29.85,21.428,197.6,854.0,6.840000000000001,0.6557892572479105
2026-03-29T14:48:38,03/29/202602:48,142.54000000000002,1.1400000000000001,162.49560000000005,54.220000000000006,1.95,105.72900000000001,105.4,0.5,10.0,198.7,23581.0,44606.0,23.8,26.01,36.3,29.85,21.416,197.7,853.0,6.83,0.6506576178062666
2026-03-29T14:49:01,03/29/202602:49,142.53,1.12,159.63360000000003,54.220000000000006,1.9,103.018,102.7,0.5,10.0,198.7,23581.0,44606.0,23.8,26.040000000000003,36.2,29.85,21.404,197.8,852.0,6.82,0.645340329354221
2026-03-29T14:49:38,03/29/202602:49,142.56,1.08,153.96480000000003,54.220000000000006,1.8199999999999998,98.6804,98.4,0.5,10.0,198.7,23581.0,44606.0,23.8,26.07,36.1,29.85,21.392,197.9,851.0,6.81,0.640928316082637
2026-03-29T14:50:01,03/29/202602:50,142.57999999999998,1.08,153.9864,54.220000000000006,1.8199999999999998,98.6804,98.4,0.5,10.0,198.7,23581.0,44606.0,23.8,26.1,36.0,29.85,21.38,198.0,850.0,6.8,0.6408384117038908
2026-03-29T14:50:38,03/29/202602:50,142.6,1.1099999999999999,158.28599999999997,54.21,1.89,102.45689999999999,102.2,0.5,10.0,198.7,23581.0,44606.0,23.8,26.1,36.0,29.85,21.38,198.0,850.0,6.8,0.647289716083545
2026-03-29T14:51:01,03/29/202602:51,142.62,1.1400000000000001,162.5868,54.2,1.9600000000000002,106.23200000000001,106.0,0.5,10.0,198.7,23581.0,44606.0,23.8,26.1,36.0,29.85,21.38,198.0,850.0,6.8,0.6533863757697427
2026-03-29T14:51:38,03/29/202602:51,142.57,1.19,169.6583,54.21,2.08,112.75680000000001,112.5,0.5,10.0,198.7,23581.0,44606.0,23.8,26.1,36.0,29.85,21.38,198.0,850.0,6.8,0.6646111625543815
2026-03-29T14:52:01,03/29/202602:52,142.52,1.24,176.72480000000002,54.220000000000006,2.2,119.28400000000002,119.0,0.5,10.0,198.7,23581.0,44606.0,23.8,26.1,36.0,29.85,21.38,198.0,850.0,6.8,0.6749703493793741
2026-03-29T14:52:38,03/29/202602:52,142.57,1.23,175.3611,54.220000000000006,2.17,117.65740000000001,117.3,0.5,10.0,198.7,23581.0,44606.0,23.8,26.1,36.0,29.85,21.38,198.0,850.0,6.8,0.6709435558969464
2026-03-29T14:53:00,03/29/202602:53,142.62,1.22,173.9964,54.220000000000006,2.14,116.03080000000001,115.6,0.5,10.0,198.7,23581.0,44606.0,23.8,26.1,36.0,29.85,21.38,198.0,850.0,6.8,0.6668574752121309
2026-03-29T14:53:38,03/29/202602:53,142.63,1.22,174.0086,54.220000000000006,2.17,117.65740000000001,117.2,0.5,10.0,198.7,23581.0,44606.0,23.8,26.1,36.0,29.85,21.38,198.0,850.0,6.8,0.6761585346931129
2026-03-29T14:54:01,03/29/202602:54,142.64000000000001,1.22,174.0208,54.220000000000006,2.2,119.28400000000002,118.8,0.5,10.0,198.7,23581.0,44606.0,23.8,26.1,36.0,29.85,21.38,198.0,850.0,6.8,0.6854582900434891
2026-03-29T14:54:16,03/29/202602:54,142.6,1.24,176.82399999999998,54.220000000000006,2.25,121.99500000000002,121.5,0.5,10.0,198.7,23581.0,44606.0,23.8,26.1,36.0,29.85,21.38,198.0,850.0,6.8,0.6899233135773426
2026-03-29T14:55:01,03/29/202602:55,142.56,1.26,179.6256,54.220000000000006,2.3,124.706,124.2,0.5,10.0,198.7,23581.0,44606.0,23.8,26.1,36.0,29.85,21.38,198.0,850.0,6.8,0.6942551618477545
2026-03-29T14:56:25,03/29/202602:56,142.56,1.2,171.072,54.220000000000006,2.15,116.57300000000001,116.0,0.5,10.0,198.7,23581.0,44606.0,23.8,26.1,36.0,29.85,21.38,198.0,850.0,6.8,0.6814265338570894
2026-03-29T14:57:00,03/29/202602:57,142.56,1.1400000000000001,162.5184,54.220000000000006,2.0,108.44000000000001,107.8,0.5,10.0,198.7,23581.0,44606.0,23.8,26.1,36.0,29.85,21.38,198.0,850.0,6.8,0.6672475239726702
2026-03-29T14:57:17,03/29/202602:57,142.51,1.1099999999999999,158.18609999999998,54.21,1.9300000000000002,104.62530000000001,104.0,0.5,10.0,198.7,23581.0,44606.0,23.8,26.1,36.0,29.85,21.38,198.0,850.0,6.8,0.6614064067576103
2026-03-29T14:58:00,03/29/202602:58,142.45999999999998,1.08,153.8568,54.2,1.86,100.81200000000001,100.2,0.5,10.0,198.7,23581.0,44606.0,23.8,26.1,36.0,29.85,21.38,198.0,850.0,6.8,0.6552326579000735
2026-03-29T14:58:17,03/29/202602:58,142.38,1.08,153.7704,54.19,1.86,100.7934,100.2,0.5,10.0,198.7,23581.0,44606.0,23.8,26.1,36.0,29.85,21.38,198.0,850.0,6.8,0.6554798582822182
2026-03-29T14:59:00,03/29/202602:59,142.3,1.08,153.68400000000003,54.18000000000001,1.86,100.77480000000001,100.2,0.5,10.0,198.7,23581.0,44606.0,23.8,26.1,36.0,29.85,21.38,198.0,850.0,6.8,0.6557273366127898
2026-03-29T14:59:17,03/29/202602:59,142.14000000000001,1.1,156.35400000000004,54.18000000000001,1.9,102.94200000000001,102.4,0.5,10.0,198.7,23581.0,44606.0,23.8,26.1,36.0,29.85,21.38,198.0,850.0,6.8,0.6583905752331247
2026-03-29T15:00:00,03/29/202603:00,141.98,1.1199999999999999,159.01759999999996,54.18000000000001,1.9400000000000002,105.10920000000002,104.6,0.5,10.0,198.7,23581.0,44606.0,23.8,26.1,36.0,29.85,21.38,198.0,850.0,6.8,0.660990984645725
2026-03-29T15:00:17,03/29/202603:00,141.87,1.1199999999999999,158.8944,54.17,1.9300000000000002,104.5481,104.0,0.5,10.0,198.7,23581.0,44606.0,23.8,26.1,36.0,29.85,21.38,198.0,850.0,6.8,0.6579722129917732
2026-03-29T15:01:00,03/29/202603:01,141.76,1.1199999999999999,158.77119999999996,54.160000000000004,1.92,103.9872,103.4,0.5,10.0,198.7,23581.0,44606.0,23.8,26.1,36.0,29.85,21.38,198.0,850.0,6.8,0.6549500161238312
2026-03-29T15:01:17,03/29/202603:01,141.77,1.1,155.94700000000003,54.15,1.86,100.71900000000001,100.2,0.5,10.0,198.7,23581.0,44606.0,23.8,26.130000000000003,36.0,29.85,21.398,197.9,848.0,6.790000000000001,0.6458540401546679
2026-03-29T15:02:01,03/29/202603:02,141.78,1.08,153.1224,54.14,1.8,97.452,97.0,0.5,10.0,198.7,23581.0,44606.0,23.8,26.160000000000004,36.0,29.85,21.416,197.8,846.0,6.779999999999999,0.6364320308459115
2026-03-29T15:02:17,03/29/202603:02,141.8,1.06,150.30800000000002,54.14,1.75,94.745,94.3,0.5,10.0,198.7,23581.0,44606.0,23.8,26.189999999999998,36.0,29.85,21.433999999999997,197.7,844.0,6.7700000000000005,0.6303390371769965
2026-03-29T15:03:00,03/29/202603:03,141.82,1.04,147.4928,54.14,1.7,92.038,91.6,0.5,10.0,198.7,23581.0,44606.0,23.8,26.22,36.0,29.85,21.451999999999998,197.6,842.0,6.76,0.624016901163989
2026-03-29T15:03:17,03/29/202603:03,141.73,1.1,155.903,54.15,1.86,100.71900000000001,100.3,0.5,11.0,198.7,23581.0,44606.0,23.8,26.25,36.0,29.85,21.47,197.5,840.0,6.75,0.6460363174538015
2026-03-29T15:04:00,03/29/202603:04,141.64000000000001,1.16,164.3024,54.160000000000004,2.02,109.40320000000001,109.0,0.5,11.0,198.7,23581.0,44606.0,23.8,26.28,36.0,29.85,21.488,197.4,838.0,6.74,0.665864893026517
2026-03-29T15:04:17,03/29/202603:04,141.70999999999998,1.16,164.38359999999997,54.160000000000004,2.02,109.40320000000001,109.0,0.5,11.0,198.7,23581.0,44606.0,23.8,26.310000000000002,36.0,29.85,21.506,197.3,836.0,6.7299999999999995,0.6655359780416054
2026-03-29T15:05:00,03/29/202603:05,141.78,1.16,164.4648,54.160000000000004,2.02,109.40320000000001,109.0,0.5,11.0,198.7,23581.0,44606.0,23.8,26.339999999999996,36.0,29.85,21.523999999999997,197.2,834.0,6.720000000000001,0.6652073878422617
2026-03-29T15:05:17,03/29/202603:05,141.79000000000002,1.1800000000000002,167.31220000000005,54.18000000000001,2.08,112.69440000000002,112.3,0.5,11.0,198.7,23581.0,44606.0,23.8,26.369999999999997,36.0,29.85,21.541999999999998,197.1,832.0,6.709999999999999,0.6735575767935631
2026-03-29T15:06:00,03/29/202603:06,141.8,1.2,170.16,54.2,2.14,115.98800000000001,115.6,0.5,11.0,198.7,23581.0,44606.0,23.8,26.4,36.0,29.85,21.56,197.0,830.0,6.7,0.6816408086506818
2026-03-29T15:06:17,03/29/202603:06,141.74,1.25,177.175,54.220000000000006,2.27,123.07940000000002,122.6,0.6,11.0,198.7,23581.0,44606.0,23.8,26.4,36.0,29.85,21.56,197.0,830.0,6.7,0.6946770142514463
2026-03-29T15:07:37,03/29/202603:07,141.7,1.2600000000000002,178.54200000000003,54.23,2.32,125.81359999999998,125.3,0.6,11.0,198.7,23581.0,44606.0,23.8,26.4,36.0,29.85,21.56,197.0,830.0,6.7,0.7046722899933907
2026-03-29T15:08:00,03/29/202603:08,141.68,1.2600000000000002,178.51680000000005,54.23,2.3400000000000003,126.8982,126.4,0.6,11.0,198.7,23581.0,44606.0,23.8,26.4,36.0,29.85,21.56,197.0,830.0,6.7,0.7108473824312332
2026-03-29T15:08:17,03/29/202603:08,141.65,1.27,179.8955,54.23,2.39,129.6097,129.1,0.6,11.0,198.7,23581.0,44606.0,23.8,26.4,36.0,29.85,21.56,197.0,830.0,6.7,0.720472163005745
2026-03-29T15:09:01,03/29/202603:09,141.70999999999998,1.2100000000000002,171.4691,54.23,2.25,122.0175,121.5,0.6,11.0,198.7,23581.0,44606.0,23.8,26.4,36.0,29.85,21.56,197.0,830.0,6.7,0.7116005157780615
2026-03-29T15:09:17,03/29/202603:09,141.75,1.1800000000000002,167.26500000000001,54.23,2.17,117.67909999999999,117.2,0.6,11.0,198.7,23581.0,44606.0,23.8,26.4,36.0,29.85,21.56,197.0,830.0,6.7,0.7035488595940572
2026-03-29T15:10:01,03/29/202603:10,141.7,1.2,170.04,54.23,2.21,119.8483,119.4,0.6,11.0,198.7,23581.0,44606.0,23.8,26.4,36.0,29.85,21.56,197.0,830.0,6.7,0.7048241590214067
2026-03-29T15:10:17,03/29/202603:10,141.73,1.1700000000000002,165.82410000000002,54.23,2.12,114.9676,114.5,0.6,11.0,198.7,23581.0,44606.0,23.8,26.4,36.0,29.85,21.56,197.0,830.0,6.7,0.6933105622162279
2026-03-29T15:11:01,03/29/202603:11,141.84,1.09,154.6056,54.220000000000006,1.9100000000000001,103.56020000000002,103.1,0.6,11.0,198.7,23581.0,44606.0,23.8,26.4,36.0,29.85,21.56,197.0,830.0,6.7,0.6698347278494441
2026-03-29T15:11:17,03/29/202603:11,141.91,1.04,147.5864,54.21,1.77,95.9517,95.5,0.6,11.0,198.7,23581.0,44606.0,23.8,26.4,36.0,29.85,21.56,197.0,830.0,6.7,0.6501391727151011
2026-03-29T15:12:00,03/29/202603:12,141.94,1.02,144.7788,54.2,1.72,93.224,92.8,0.6,11.0,198.7,23581.0,44606.0,23.8,26.4,36.0,29.85,21.56,197.0,830.0,6.7,0.6439064282892247
2026-03-29T15:12:17,03/29/202603:12,141.95999999999998,1.03,146.2188,54.21,1.72,93.2412,92.8,0.6,11.0,198.7,23581.0,44606.0,23.8,26.4,36.0,29.85,21.56,197.0,830.0,6.7,0.6376827056438708
2026-03-29T15:13:01,03/29/202603:13,141.98,1.04,147.6592,54.220000000000006,1.72,93.25840000000001,92.8,0.6,11.0,198.7,23581.0,44606.0,23.8,26.4,36.0,29.85,21.56,197.0,830.0,6.7,0.6315786622167803
2026-03-29T15:13:17,03/29/202603:13,141.99,1.04,147.6696,54.220000000000006,1.7100000000000002,92.71620000000001,92.3,0.6,11.0,198.7,23581.0,44606.0,23.8,26.4,36.0,29.85,21.56,197.0,830.0,6.7,0.6278624713549709
2026-03-29T15:14:01,03/29/202603:14,142.0,1.04,147.68,54.220000000000006,1.7,92.174,91.8,0.6,11.0,198.7,23581.0,44606.0,23.8,26.4,36.0,29.85,21.56,197.0,830.0,6.7,0.6241468039003251
2026-03-29T15:14:16,03/29/202603:14,141.97,1.06,150.4882,54.220000000000006,1.75,94.885,94.5,0.6,11.0,198.7,23581.0,44606.0,23.8,26.4,36.0,29.85,21.56,197.0,830.0,6.7,0.6305145519715167
2026-03-29T15:15:01,03/29/202603:15,141.94,1.08,153.2952,54.220000000000006,1.8,97.59600000000002,97.2,0.6,11.0,198.7,23581.0,44606.0,23.8,26.4,36.0,29.85,21.56,197.0,830.0,6.7,0.6366539852519846
2026-03-29T15:15:16,03/29/202603:15,141.87,1.1400000000000001,161.73180000000002,54.220000000000006,1.92,104.1024,103.7,0.6,11.0,198.7,23581.0,44606.0,23.8,26.4,36.0,29.85,21.56,197.0,830.0,6.7,0.6436730438911827
2026-03-29T15:16:01,03/29/202603:16,141.8,1.2,170.16,54.220000000000006,2.04,110.60880000000002,110.2,0.6,11.0,198.7,23581.0,44606.0,23.8,26.4,36.0,29.85,21.56,197.0,830.0,6.7,0.650028208744711
2026-03-29T15:16:16,03/29/202603:16,141.81,1.21,171.5901,54.220000000000006,2.07,112.2354,111.8,0.6,11.0,198.7,23581.0,44606.0,23.8,26.43,35.9,29.85,21.56,197.0,827.0,6.68,0.6540901835245739
2026-03-29T15:16:35,03/29/202603:16,141.82999999999998,1.21,171.6143,54.220000000000006,2.09,113.3198,112.9,0.6,11.0,198.7,23581.0,44606.0,23.8,26.459999999999997,35.8,29.85,21.56,197.0,824.0,6.659999999999999,0.6603167684744221
2026-03-29T15:17:01,03/29/202603:17,141.84,1.22,173.0448,54.21,2.1399999999999997,116.00939999999999,115.6,0.6,11.0,198.7,23581.0,44606.0,23.8,26.49,35.7,29.85,21.56,197.0,821.0,6.640000000000001,0.6704009597514631
2026-03-29T15:18:48,03/29/202603:18,141.8,1.22,172.996,54.2,2.17,117.614,117.2,0.6,11.0,198.7,23581.0,44606.0,23.8,26.52,35.6,29.85,21.56,197.0,818.0,6.62,0.679865430414576
2026-03-29T15:19:00,03/29/202603:19,141.78,1.22,172.9716,54.2,2.18,118.15600000000002,117.7,0.6,11.0,198.7,23581.0,44606.0,23.8,26.55,35.5,29.85,21.56,197.0,815.0,6.6,0.6830947970649518
2026-03-29T15:19:34,03/29/202603:19,141.81,1.2,170.172,54.21,2.1100000000000003,114.38310000000001,113.9,0.6,11.0,198.7,23581.0,44606.0,23.8,26.580000000000002,35.4,29.85,21.56,197.0,812.0,6.58,0.6721616952260068
2026-03-29T15:20:00,03/29/202603:20,141.9,1.1300000000000001,160.34700000000004,54.220000000000006,1.92,104.1024,103.6,0.6,11.0,198.7,23581.0,44606.0,23.8,26.609999999999996,35.3,29.85,21.56,197.0,809.0,6.56,0.6492319781473928
2026-03-29T15:20:34,03/29/202603:20,141.93,1.1,156.12300000000002,54.220000000000006,1.83,99.22260000000001,98.7,0.6,11.0,198.7,23581.0,44606.0,23.8,26.639999999999997,35.2,29.85,21.56,197.0,806.0,6.540000000000001,0.6355412078937761
2026-03-29T15:21:00,03/29/202603:21,141.92,1.08,153.2736,54.220000000000006,1.8,97.59600000000002,97.1,0.6,11.0,198.7,23581.0,44606.0,23.8,26.669999999999998,35.1,29.85,21.56,197.0,803.0,6.5200000000000005,0.6367437053739198
2026-03-29T15:21:35,03/29/202603:21,141.94,1.05,149.037,54.220000000000006,1.75,94.885,94.4,0.6,11.0,198.7,23581.0,44606.0,23.8,26.7,35.0,29.85,21.56,197.0,800.0,6.5,0.6366539852519845
2026-03-29T15:22:01,03/29/202603:22,141.92,1.04,147.5968,54.220000000000006,1.72,93.25840000000001,92.8,0.6,11.0,198.7,23581.0,44606.0,23.8,26.7,35.0,29.85,21.56,197.0,800.0,6.5,0.6318456768710433
2026-03-29T15:22:35,03/29/202603:22,141.9,1.04,147.57600000000002,54.220000000000006,1.7100000000000002,92.71620000000001,92.2,0.6,11.0,198.7,23581.0,44606.0,23.8,26.7,35.0,29.85,21.56,197.0,800.0,6.5,0.6282606927955765
2026-03-29T15:23:00,03/29/202603:23,141.88,1.04,147.5552,54.220000000000006,1.7,92.174,91.6,0.6,11.0,198.7,23581.0,44606.0,23.8,26.7,35.0,29.85,21.56,197.0,800.0,6.5,0.6246746980113205
2026-03-29T15:23:35,03/29/202603:23,141.88,1.05,148.974,54.220000000000006,1.72,93.25840000000001,92.7,0.6,11.0,198.7,23581.0,44606.0,23.8,26.7,35.0,29.85,21.56,197.0,800.0,6.5,0.626004537704566
2026-03-29T15:24:00,03/29/202603:24,141.88,1.06,150.3928,54.220000000000006,1.7399999999999998,94.3428,93.8,0.6,11.0,198.7,23581.0,44606.0,23.8,26.7,35.0,29.85,21.56,197.0,800.0,6.5,0.6273092860828444
2026-03-29T15:24:35,03/29/202603:24,141.84,1.1,156.02400000000003,54.21,1.85,100.28850000000001,99.7,0.6,11.0,198.7,23581.0,44606.0,23.8,26.7,35.0,29.85,21.56,197.0,800.0,6.5,0.6427761113674819
2026-03-29T15:25:00,03/29/202603:25,141.8,1.1400000000000001,161.65200000000004,54.2,1.9600000000000002,106.23200000000001,105.6,0.6,11.0,198.7,23581.0,44606.0,23.8,26.7,35.0,29.85,21.56,197.0,800.0,6.5,0.6571647737114295
2026-03-29T15:25:35,03/29/202603:25,141.85,1.1400000000000001,161.709,54.19,1.98,107.2962,106.7,0.6,11.0,198.7,23581.0,44606.0,23.8,26.7,35.0,29.85,21.56,197.0,800.0,6.5,0.6635140901248539
2026-03-29T15:26:00,03/29/202603:26,141.9,1.1400000000000001,161.76600000000002,54.18000000000001,2.0,108.36000000000001,107.8,0.6,11.0,198.7,23581.0,44606.0,23.8,26.7,35.0,29.85,21.56,197.0,800.0,6.5,0.6698564593301436
2026-03-29T15:26:36,03/29/202603:26,141.94,1.15,163.231,54.18000000000001,2.04,110.52720000000002,110.0,0.6,11.0,198.7,23581.0,44606.0,23.8,26.7,35.0,29.85,21.56,197.0,800.0,6.5,0.67712138013
2026-03-29T15:27:00,03/29/202603:27,141.98,1.16,164.69679999999997,54.18000000000001,2.08,112.69440000000002,112.2,0.6,11.0,198.7,23581.0,44606.0,23.8,26.7,35.0,29.85,21.56,197.0,800.0,6.5,0.6842537317057772
2026-03-29T15:27:35,03/29/202603:27,142.04000000000002,1.15,163.346,54.18000000000001,2.06,111.61080000000001,111.2,0.6,11.0,198.7,23581.0,44606.0,23.8,26.7,35.0,29.85,21.56,197.0,800.0,6.5,0.6832784396312124
2026-03-29T15:28:00,03/29/202603:28,142.1,1.1400000000000001,161.994,54.18000000000001,2.04,110.52720000000002,110.2,0.6,11.0,198.7,23581.0,44606.0,23.8,26.7,35.0,29.85,21.56,197.0,800.0,6.5,0.6822919367383978
2026-03-29T15:28:35,03/29/202603:28,142.2,1.1199999999999999,159.26399999999998,54.18000000000001,1.9600000000000002,106.19280000000002,105.9,0.6,11.0,198.7,23581.0,44606.0,23.8,26.7,35.0,29.85,21.56,197.0,800.0,6.5,0.6667721518987344
2026-03-29T15:29:59,03/29/202603:29,142.24,1.13,160.7312,54.18000000000001,1.95,105.65100000000001,105.4,0.6,11.0,198.7,23581.0,44606.0,23.8,26.7,35.0,29.85,21.56,197.0,800.0,6.5,0.6573148212668107
2026-03-29T15:30:01,03/29/202603:30,142.27,1.13,160.7651,54.18000000000001,1.9300000000000002,104.56740000000002,104.4,0.6,11.0,198.7,23581.0,44606.0,23.8,26.7,35.0,29.85,21.56,197.0,800.0,6.5,0.6504359466078149
2026-03-29T15:30:11,03/29/202603:30,142.28,1.1199999999999999,159.35359999999997,54.18000000000001,1.9100000000000001,103.48380000000002,103.3,0.6,11.0,198.7,23581.0,44606.0,23.8,26.7,35.0,29.85,21.56,197.0,800.0,6.5,0.6493973151532192
2026-03-29T15:31:01,03/29/202603:31,142.26,1.1099999999999999,157.90859999999998,54.19,1.8800000000000001,101.8772,101.6,0.6,11.0,198.7,23581.0,44606.0,23.8,26.7,35.0,29.85,21.56,197.0,800.0,6.5,0.645165621125132
2026-03-29T15:31:12,03/29/202603:31,142.19,1.1199999999999999,159.25279999999998,54.2,1.9100000000000001,103.52200000000002,103.2,0.6,11.0,198.7,23581.0,44606.0,23.8,26.73,34.9,29.85,21.591,197.1,798.0,6.470000000000001,0.650048225211739
2026-03-29T15:32:01,03/29/202603:32,142.1,1.1300000000000001,160.573,54.2,1.94,105.148,104.8,0.6,11.0,198.7,23581.0,44606.0,23.8,26.76,34.8,29.85,21.622,197.2,796.0,6.44,0.6548298904548087
2026-03-29T15:32:12,03/29/202603:32,142.07999999999998,1.1,156.28799999999998,54.2,1.8599999999999999,100.812,100.4,0.6,11.0,198.7,23581.0,44606.0,23.8,26.79,34.7,29.85,21.653,197.3,794.0,6.409999999999999,0.6450399262899263
2026-03-29T15:33:01,03/29/202603:33,142.03,1.09,154.8127,54.2,1.83,99.186,98.7,0.6,11.0,198.7,23581.0,44606.0,23.8,26.82,34.6,29.85,21.684,197.4,792.0,6.38,0.6406838715428386
2026-03-29T15:33:12,03/29/202603:33,141.92000000000002,1.1099999999999999,157.5312,54.2,1.8599999999999999,100.812,100.3,0.6,12.0,198.7,23581.0,44606.0,23.8,26.85,34.5,29.85,21.715,197.5,790.0,6.35,0.639949419543557
2026-03-29T15:34:01,03/29/202603:34,141.8,1.1400000000000001,161.65200000000004,54.2,1.94,105.148,104.6,0.6,12.0,198.7,23581.0,44606.0,23.8,26.880000000000003,34.4,29.85,21.746000000000002,197.6,788.0,6.32,0.6504590107143738
2026-03-29T15:34:12,03/29/202603:34,141.65,1.19,168.5635,54.2,2.06,111.65200000000002,111.1,0.6,12.0,198.7,23581.0,44606.0,23.8,26.910000000000004,34.3,29.85,21.777,197.7,786.0,6.29,0.6623735268904597
2026-03-29T15:35:01,03/29/202603:35,141.5,1.24,175.46,54.2,2.18,118.15600000000002,117.6,0.6,12.0,198.7,23581.0,44606.0,23.8,26.939999999999998,34.2,29.85,21.808,197.8,784.0,6.26,0.6734070443405905
2026-03-29T15:35:12,03/29/202603:35,141.43,1.26,178.20180000000002,54.2,2.2199999999999998,120.324,119.8,0.6,12.0,198.7,23581.0,44606.0,23.8,26.97,34.1,29.85,21.839000000000002,197.9,782.0,6.23,0.6752120348952704
2026-03-29T15:36:01,03/29/202603:36,141.35999999999999,1.28,180.9408,54.2,2.2600000000000002,122.49200000000002,122.0,0.6,12.0,198.7,23581.0,44606.0,23.8,27.0,34.0,29.85,21.87,198.0,780.0,6.2,0.676972799943407
2026-03-29T15:36:12,03/29/202603:36,141.33999999999997,1.28,180.91519999999997,54.2,2.2600000000000002,122.49200000000002,122.0,0.6,12.0,198.7,23581.0,44606.0,23.8,27.0,34.0,29.85,21.87,198.0,780.0,6.2,0.6770685934625728
2026-03-29T15:37:01,03/29/202603:37,141.32,1.28,180.8896,54.2,2.2600000000000002,122.49200000000002,122.0,0.6,12.0,198.7,23581.0,44606.0,23.8,27.0,34.0,29.85,21.87,198.0,780.0,6.2,0.6771644140956695
2026-03-29T15:38:01,03/29/202603:38,141.23,1.3199999999999998,186.42359999999996,54.2,2.37,128.454,128.0,0.6,12.0,198.7,23581.0,44606.0,23.8,27.0,34.0,29.85,21.87,198.0,780.0,6.2,0.6890436618539715
2026-03-29T15:38:12,03/29/202603:38,141.10999999999999,1.3800000000000001,194.7318,54.2,2.5100000000000002,136.04200000000003,135.6,0.6,12.0,198.7,23581.0,44606.0,23.8,27.0,34.0,29.85,21.87,198.0,780.0,6.2,0.6986121424441207
2026-03-29T15:39:01,03/29/202603:39,141.05,1.41,198.8805,54.2,2.59,140.378,139.9,0.6,12.0,198.7,23581.0,44606.0,23.8,27.0,34.0,29.85,21.87,198.0,780.0,6.2,0.7058409446878904
2026-03-29T15:39:12,03/29/202603:39,141.1,1.4,197.54,54.2,2.55,138.21,137.7,0.6,12.0,198.7,23581.0,44606.0,23.8,27.0,34.0,29.85,21.87,198.0,780.0,6.2,0.6996557659208262
2026-03-29T15:41:14,03/29/202603:41,141.26,1.32,186.4632,54.2,2.38,128.996,128.4,0.6,12.0,198.7,23581.0,44606.0,23.8,27.0,34.0,29.85,21.87,198.0,780.0,6.2,0.6918040664324113
2026-03-29T15:42:00,03/29/202603:42,141.42,1.24,175.36079999999998,54.2,2.21,119.78200000000001,119.1,0.6,12.0,198.7,23581.0,44606.0,23.8,27.0,34.0,29.85,21.87,198.0,780.0,6.2,0.6830602962577726
2026-03-29T15:42:13,03/29/202603:42,141.48,1.2200000000000002,172.6056,54.2,2.18,118.15600000000002,117.5,0.6,12.0,198.7,23581.0,44606.0,23.8,27.0,34.0,29.85,21.87,198.0,780.0,6.2,0.6845432593148775
2026-03-29T15:43:00,03/29/202603:43,141.54000000000002,1.2,169.848,54.2,2.15,116.53,115.9,0.6,12.0,198.7,23581.0,44606.0,23.8,27.0,34.0,29.85,21.87,198.0,780.0,6.2,0.6860840280721586
2026-03-29T15:43:12,03/29/202603:43,141.65,1.16,164.314,54.21,2.0100000000000002,108.96210000000002,108.3,0.6,12.0,198.7,23581.0,44606.0,23.8,27.0,34.0,29.85,21.87,198.0,780.0,6.2,0.6631333909466024
2026-03-29T15:44:00,03/29/202603:44,141.76,1.12,158.7712,54.220000000000006,1.8699999999999999,101.3914,100.7,0.6,12.0,198.7,23581.0,44606.0,23.8,27.0,34.0,29.85,21.87,198.0,780.0,6.2,0.6386007034021284
2026-03-29T15:44:12,03/29/202603:44,141.75,1.1400000000000001,161.59500000000003,54.220000000000006,1.89,102.4758,101.8,0.6,12.0,198.7,23581.0,44606.0,23.8,27.0,34.0,29.85,21.87,198.0,780.0,6.2,0.6341520467836257
2026-03-29T15:45:01,03/29/202603:45,141.77,1.1400000000000001,161.61780000000002,54.220000000000006,1.8800000000000001,101.93360000000001,101.3,0.6,12.0,198.7,23581.0,44606.0,23.8,27.0,34.0,29.85,21.87,198.0,780.0,6.2,0.6307077562001215
2026-03-29T15:45:13,03/29/202603:45,141.8,1.12,158.81600000000003,54.23,1.85,100.3255,99.7,0.6,12.0,198.7,23581.0,44606.0,23.8,27.0,34.0,29.85,21.87,198.0,780.0,6.2,0.6317090217610315
2026-03-29T15:46:00,03/29/202603:46,141.72,1.1400000000000001,161.56080000000003,54.239999999999995,1.94,105.22559999999999,104.6,0.6,12.0,198.7,23581.0,44606.0,23.8,27.0,34.0,29.85,21.87,198.0,780.0,6.2,0.6513065050433023
2026-03-29T15:46:13,03/29/202603:46,141.57999999999998,1.2,169.896,54.239999999999995,2.1,113.904,113.3,0.6,12.0,198.7,23581.0,44606.0,23.8,27.02,33.9,29.85,21.852,198.1,777.0,6.17,0.6704336770730329
2026-03-29T15:47:00,03/29/202603:47,141.44,1.26,178.2144,54.239999999999995,2.2600000000000002,122.5824,122.0,0.6,12.0,198.7,23581.0,44606.0,23.8,27.04,33.8,29.85,21.834,198.2,774.0,6.140000000000001,0.6878366731307908
2026-03-29T15:47:12,03/29/202603:47,141.37,1.28,180.95360000000002,54.239999999999995,2.31,125.2944,124.7,0.6,12.0,198.7,23581.0,44606.0,23.8,27.060000000000002,33.7,29.85,21.816000000000003,198.3,771.0,6.11,0.6924117563839569
2026-03-29T15:48:01,03/29/202603:48,141.3,1.3,183.69000000000003,54.239999999999995,2.3600000000000003,128.0064,127.4,0.6,12.0,198.7,23581.0,44606.0,23.8,27.080000000000002,33.6,29.85,21.798000000000002,198.4,768.0,6.08,0.6968610158419075
2026-03-29T15:48:13,03/29/202603:48,141.29000000000002,1.29,182.26410000000004,54.23,2.33,126.35589999999999,125.8,0.6,12.0,198.7,23581.0,44606.0,23.8,27.1,33.5,29.85,21.78,198.5,765.0,6.05,0.6932572020491142
2026-03-29T15:49:01,03/29/202603:49,141.28,1.28,180.8384,54.220000000000006,2.3,124.706,124.2,0.6,12.0,198.7,23581.0,44606.0,23.8,27.119999999999997,33.4,29.85,21.762,198.6,762.0,6.0200000000000005,0.6895991116930917
2026-03-29T15:49:12,03/29/202603:49,141.35,1.23,173.8605,54.220000000000006,2.18,118.19960000000002,117.7,0.6,12.0,198.7,23581.0,44606.0,23.8,27.139999999999997,33.3,29.85,21.744,198.7,759.0,5.99,0.6798531006180243
2026-03-29T15:49:17,03/29/202603:49,141.43,1.1800000000000002,166.88740000000004,54.220000000000006,2.06,111.69320000000002,111.2,0.6,12.0,198.7,23581.0,44606.0,23.8,27.160000000000004,33.2,29.85,21.726000000000003,198.8,756.0,5.96,0.6692728150837031
2026-03-29T15:50:00,03/29/202603:50,141.5,1.15,162.725,54.21,1.9600000000000002,106.25160000000001,105.8,0.6,12.0,198.7,23581.0,44606.0,23.8,27.18,33.1,29.85,21.708000000000002,198.9,753.0,5.930000000000001,0.6529519127362114
2026-03-29T15:50:17,03/29/202603:50,141.6,1.1,155.76000000000002,54.2,1.8199999999999998,98.64399999999999,98.2,0.6,12.0,198.7,23581.0,44606.0,23.8,27.2,33.0,29.85,21.69,199.0,750.0,5.9,0.6333076527991781
2026-03-29T15:51:00,03/29/202603:51,141.74,1.03,145.99220000000003,54.2,1.6300000000000001,88.34600000000002,87.9,0.6,12.0,198.7,23581.0,44606.0,23.8,27.2,33.0,29.85,21.69,199.0,750.0,5.9,0.6051419185408535
2026-03-29T15:52:24,03/29/202603:52,141.89000000000001,0.96,136.2144,54.2,1.45,78.59,78.2,0.6,12.0,198.7,23581.0,44606.0,23.8,27.2,33.0,29.85,21.69,199.0,750.0,5.9,0.5769580895999248
2026-03-29T15:53:00,03/29/202603:53,142.01,0.9099999999999999,129.2291,54.2,1.3199999999999998,71.544,71.2,0.6,12.0,198.7,23581.0,44606.0,23.8,27.2,33.0,29.85,21.69,199.0,750.0,5.9,0.5536214366578426
2026-03-29T15:53:16,03/29/202603:53,142.06,0.89,126.4334,54.2,1.25,67.75,67.4,0.6,12.0,198.7,23581.0,44606.0,23.8,27.2,33.0,29.85,21.69,199.0,750.0,5.9,0.5358552407828944
2026-03-29T15:54:01,03/29/202603:54,142.0,0.9200000000000002,130.64000000000001,54.2,1.35,73.17,72.8,0.6,12.0,198.7,23581.0,44606.0,23.8,27.2,33.0,29.85,21.69,199.0,750.0,5.9,0.5600887936313533
2026-03-29T15:54:16,03/29/202603:54,141.85999999999999,1.0,141.85999999999999,54.2,1.5699999999999998,85.094,84.7,0.6,12.0,198.7,23581.0,44606.0,23.8,27.2,33.0,29.85,21.69,199.0,750.0,5.9,0.5998449175243198
2026-03-29T15:55:01,03/29/202603:55,141.76,1.06,150.2656,54.2,1.72,93.224,92.8,0.6,12.0,198.7,23581.0,44606.0,23.8,27.2,33.0,29.85,21.69,199.0,750.0,5.9,0.6203948209037864
2026-03-29T15:55:17,03/29/202603:55,141.7,1.08,153.036,54.2,1.78,96.47600000000001,96.0,0.6,12.0,198.7,23581.0,44606.0,23.8,27.2,33.0,29.85,21.69,199.0,750.0,5.9,0.6304137588541259
2026-03-29T15:56:00,03/29/202603:56,141.64000000000001,1.1,155.80400000000003,54.2,1.8399999999999999,99.728,99.2,0.6,12.0,198.7,23581.0,44606.0,23.8,27.2,33.0,29.85,21.69,199.0,750.0,5.9,0.6400862622269003
2026-03-29T15:56:17,03/29/202603:56,141.54000000000002,1.1400000000000001,161.35560000000004,54.2,1.94,105.148,104.6,0.6,12.0,198.7,23581.0,44606.0,23.8,27.2,33.0,29.85,21.69,199.0,750.0,5.9,0.6516538626487086
2026-03-29T15:57:01,03/29/202603:57,141.44,1.1800000000000002,166.8992,54.2,2.04,110.56800000000001,110.0,0.6,12.0,198.7,23581.0,44606.0,23.8,27.2,33.0,29.85,21.69,199.0,750.0,5.9,0.6624837027379401
2026-03-29T15:57:17,03/29/202603:57,141.35,1.22,172.447,54.2,2.12,114.90400000000001,114.3,0.6,12.0,198.7,23581.0,44606.0,23.8,27.2,33.0,29.85,21.69,199.0,750.0,5.9,0.6663148677564702
2026-03-29T15:57:50,03/29/202603:57,141.23,1.27,179.3621,54.2,2.2199999999999998,120.324,119.7,0.6,12.0,198.7,23581.0,44606.0,23.8,27.2,33.0,29.85,21.69,199.0,750.0,5.9,0.670844063489444
2026-03-29T15:58:00,03/29/202603:58,141.18,1.29,182.12220000000002,54.2,2.2600000000000002,122.49200000000002,121.9,0.6,12.0,198.7,23581.0,44606.0,23.8,27.2,33.0,29.85,21.69,199.0,750.0,5.9,0.6725813766800534
2026-03-29T15:58:50,03/29/202603:58,141.14000000000001,1.29,182.0706,54.21,2.25,121.9725,121.4,0.6,12.0,198.7,23581.0,44606.0,23.8,27.2,33.0,29.85,21.69,199.0,750.0,5.9,0.6699187018661991
2026-03-29T15:59:00,03/29/202603:59,141.18,1.24,175.0632,54.220000000000006,2.12,114.94640000000003,114.4,0.6,12.0,198.7,23581.0,44606.0,23.8,27.2,33.0,29.85,21.69,199.0,750.0,5.9,0.6565994452289232
2026-03-29T15:59:50,03/29/202603:59,141.07999999999998,1.24,174.93919999999997,54.220000000000006,2.14,116.03080000000001,115.5,0.6,12.0,198.7,23581.0,44606.0,23.8,27.2,33.0,29.85,21.69,199.0,750.0,5.9,0.6632635795750754
2026-03-29T16:00:00,03/29/202604:00,140.93,1.28,180.3904,54.220000000000006,2.25,121.99500000000002,121.5,0.6,12.0,198.7,23581.0,44606.0,23.8,27.2,33.0,29.85,21.69,199.0,750.0,5.9,0.6762832168452424
2026-03-29T16:00:50,03/29/202604:00,140.82999999999998,1.3,183.07899999999998,54.220000000000006,2.3,124.706,124.3,0.7,12.0,198.7,23581.0,44606.0,23.8,27.2,33.0,29.85,21.69,199.0,750.0,5.9,0.6811594994510567
2026-03-29T16:01:00,03/29/202604:01,140.74,1.3199999999999998,185.77679999999998,54.220000000000006,2.35,127.41700000000002,127.1,0.7,12.0,198.7,23581.0,44606.0,23.8,27.2,33.0,29.85,21.69,199.0,750.0,5.9,0.6858606672092534
2026-03-29T16:01:50,03/29/202604:01,140.65,1.35,189.87750000000003,54.220000000000006,2.42,131.2124,130.9,0.7,13.0,198.7,23581.0,44606.0,23.8,27.2,32.9,29.85,21.733,198.9,746.1,5.880000000000001,0.6910371160353385
2026-03-29T16:02:01,03/29/202604:02,140.54000000000002,1.3800000000000001,193.94520000000006,54.220000000000006,2.5,135.55,135.2,0.7,13.0,198.7,23581.0,44606.0,23.8,27.2,32.8,29.85,21.776000000000003,198.8,742.2,5.86,0.69890876391888
2026-03-29T16:03:35,03/29/202604:03,140.54000000000002,1.35,189.72900000000004,54.220000000000006,2.42,131.2124,130.8,0.7,13.0,198.7,23581.0,44606.0,23.8,27.2,32.7,29.85,21.819,198.7,738.3,5.840000000000001,0.6915779875506642
2026-03-29T16:03:56,03/29/202604:03,140.45,1.3599999999999999,191.01199999999997,54.220000000000006,2.46,133.3812,132.9,0.7,13.0,198.7,23581.0,44606.0,23.8,27.2,32.6,29.85,21.862000000000002,198.6,734.4,5.82,0.6982870186166316
2026-03-29T16:04:00,03/29/202604:04,140.35,1.3900000000000001,195.0865,54.21,2.55,138.2355,137.7,0.7,13.0,198.7,23581.0,44606.0,23.8,27.2,32.5,29.85,21.905,198.5,730.5,5.8,0.7085856786604916
2026-03-29T16:04:56,03/29/202604:04,140.35,1.3599999999999999,190.87599999999998,54.2,2.4899999999999998,134.958,134.4,0.7,13.0,198.7,23581.0,44606.0,23.8,27.2,32.4,29.85,21.948,198.4,726.6,5.78,0.7070454116808819
2026-03-29T16:05:00,03/29/202604:05,140.49,1.28,179.8272,54.2,2.2800000000000002,123.57600000000002,123.0,0.7,13.0,198.7,23581.0,44606.0,23.8,27.2,32.3,29.85,21.991000000000003,198.3,722.7,5.76,0.6871930386504379
2026-03-29T16:05:57,03/29/202604:05,140.6,1.24,174.344,54.2,2.18,118.15600000000002,117.6,0.7,13.0,198.7,23581.0,44606.0,23.8,27.2,32.2,29.85,22.034,198.2,718.8,5.74,0.6777176157481761
2026-03-29T16:06:00,03/29/202604:06,140.66,1.22,171.6052,54.2,2.1399999999999997,115.98799999999999,115.4,0.7,13.0,198.7,23581.0,44606.0,23.8,27.2,32.1,29.85,22.077,198.1,714.9,5.720000000000001,0.6759002640945612
2026-03-29T16:06:57,03/29/202604:06,140.62,1.25,175.775,54.2,2.2,119.24000000000001,118.6,0.7,13.0,198.7,23581.0,44606.0,23.8,27.2,32.0,29.85,22.12,198.0,711.0,5.7,0.6783672308348742
2026-03-29T16:07:01,03/29/202604:07,140.57999999999998,1.27,178.5366,54.2,2.24,121.40800000000002,120.8,0.7,13.0,198.7,23581.0,44606.0,23.8,27.2,32.0,29.85,22.12,198.0,711.0,5.7,0.6800174305996642
2026-03-29T16:07:56,03/29/202604:07,140.70999999999998,1.22,171.66619999999998,54.2,2.1,113.82000000000001,113.2,0.7,13.0,198.7,23581.0,44606.0,23.8,27.2,32.0,29.85,22.12,198.0,711.0,5.7,0.6630309286277672
2026-03-29T16:08:00,03/29/202604:08,140.76,1.22,171.72719999999998,54.2,2.1,113.82000000000001,113.2,0.7,13.0,198.7,23581.0,44606.0,23.8,27.2,32.0,29.85,22.12,198.0,711.0,5.7,0.6627954103950918
2026-03-29T16:09:50,03/29/202604:09,140.89000000000001,1.1800000000000002,166.25020000000004,54.2,2.02,109.48400000000001,108.9,0.7,13.0,198.7,23581.0,44606.0,23.8,27.2,32.0,29.85,22.12,198.0,711.0,5.7,0.6585495836997488
2026-03-29T16:10:00,03/29/202604:10,141.02,1.1400000000000001,160.76280000000003,54.2,1.9400000000000002,105.14800000000001,104.6,0.7,13.0,198.7,23581.0,44606.0,23.8,27.2,32.0,29.85,22.12,198.0,711.0,5.7,0.6540567842809406
2026-03-29T16:10:50,03/29/202604:10,141.01,1.1800000000000002,166.39180000000002,54.2,2.06,111.65200000000002,111.1,0.7,13.0,198.7,23581.0,44606.0,23.8,27.2,32.0,29.85,22.12,198.0,711.0,5.7,0.6710186439475984
2026-03-29T16:11:01,03/29/202604:11,141.0,1.22,172.02,54.2,2.18,118.15600000000002,117.6,0.7,13.0,198.7,23581.0,44606.0,23.8,27.2,32.0,29.85,22.12,198.0,711.0,5.7,0.6868736193465876
2026-03-29T16:11:50,03/29/202604:11,141.01,1.23,173.4423,54.2,2.18,118.15600000000002,117.6,0.7,13.0,198.7,23581.0,44606.0,23.8,27.2,32.0,29.85,22.12,198.0,711.0,5.7,0.6812409660157875
2026-03-29T16:12:01,03/29/202604:12,141.02,1.24,174.8648,54.2,2.18,118.15600000000002,117.6,0.7,13.0,198.7,23581.0,44606.0,23.8,27.2,32.0,29.85,22.12,198.0,711.0,5.7,0.6756991687292127
2026-03-29T16:12:50,03/29/202604:12,141.16,1.2,169.392,54.2,2.07,112.194,111.6,0.7,13.0,198.7,23581.0,44606.0,23.8,27.2,32.0,29.85,22.12,198.0,711.0,5.7,0.6623335222442619
2026-03-29T16:13:01,03/29/202604:13,141.3,1.16,163.90800000000002,54.2,1.9600000000000002,106.23200000000001,105.6,0.7,13.0,198.7,23581.0,44606.0,23.8,27.2,32.0,29.85,22.12,198.0,711.0,5.7,0.648119676891915
2026-03-29T16:14:46,03/29/202604:14,141.28,1.17,165.2976,54.2,2.02,109.48400000000001,108.9,0.7,13.0,198.7,23581.0,44606.0,23.8,27.2,32.0,29.85,22.12,198.0,711.0,5.7,0.6623447648362711
2026-03-29T16:14:49,03/29/202604:14,141.26,1.1800000000000002,166.6868,54.2,2.07,112.194,111.6,0.7,13.0,198.7,23581.0,44606.0,23.8,27.2,32.0,29.85,22.12,198.0,711.0,5.7,0.6730826916108534
2026-03-29T16:15:01,03/29/202604:15,141.25,1.19,168.0875,54.2,2.08,112.736,112.1,0.7,13.0,198.7,23581.0,44606.0,23.8,27.2,32.0,29.85,22.12,198.0,711.0,5.7,0.6706982970179222
2026-03-29T16:15:50,03/29/202604:15,141.27,1.1800000000000002,166.69860000000003,54.2,2.04,110.56800000000001,109.9,0.7,13.0,198.7,23581.0,44606.0,23.8,27.21,31.9,29.85,22.139000000000003,198.0,707.3,5.67,0.6632809153766138
2026-03-29T16:16:01,03/29/202604:16,141.32999999999998,1.15,162.52949999999996,54.2,1.95,105.69,105.0,0.7,13.0,198.7,23581.0,44606.0,23.8,27.22,31.8,29.85,22.158,198.0,703.6,5.640000000000001,0.650281948815446
2026-03-29T16:16:50,03/29/202604:16,141.34,1.15,162.541,54.2,1.9100000000000001,103.52200000000002,103.4,0.7,13.0,198.7,23581.0,44606.0,23.8,27.23,31.7,29.85,22.177,198.0,699.7,5.61,0.6368977673325501
2026-03-29T16:17:01,03/29/202604:17,141.35999999999999,1.1400000000000001,161.1504,54.2,1.8800000000000001,101.89600000000002,102.3,0.7,13.0,198.7,23581.0,44606.0,23.8,27.24,31.6,29.85,22.196,198.0,695.8,5.58,0.6323037361371738
2026-03-29T16:17:50,03/29/202604:17,141.37,1.1300000000000001,159.74810000000002,54.21,1.8699999999999999,101.3727,101.7,0.7,13.0,198.7,23581.0,44606.0,23.8,27.23,31.5,29.85,22.215,198.0,691.9,5.55,0.6345784394305783
2026-03-29T16:18:01,03/29/202604:18,141.35,1.1199999999999999,158.31199999999998,54.220000000000006,1.8699999999999999,101.3914,101.7,0.7,13.0,198.7,23581.0,44606.0,23.8,27.22,31.4,29.85,22.234,198.0,688.0,5.5200000000000005,0.6404530294608116
2026-03-29T16:18:51,03/29/202604:18,141.32999999999998,1.09,154.0497,54.220000000000006,1.83,99.22260000000001,99.6,0.7,13.0,198.7,23581.0,44606.0,23.8,27.21,31.3,29.85,22.253,198.0,684.1,5.49,0.644094730466856
2026-03-29T16:19:01,03/29/202604:19,141.3,1.08,152.604,54.220000000000006,1.8,97.59600000000002,98.0,0.7,13.0,198.7,23581.0,44606.0,23.8,27.2,31.2,29.85,22.272,198.0,680.2,5.46,0.6395376267987734
2026-03-29T16:19:50,03/29/202604:19,141.13,1.1199999999999999,158.0656,54.220000000000006,1.9100000000000001,103.56020000000002,104.0,0.7,13.0,198.7,23581.0,44606.0,23.8,27.190000000000005,31.1,29.85,22.266,197.7,676.3,5.430000000000001,0.6551722829002644
2026-03-29T16:20:01,03/29/202604:20,140.95999999999998,1.16,163.51359999999997,54.220000000000006,2.02,109.52440000000001,110.0,0.7,13.0,198.7,23581.0,44606.0,23.8,27.18,31.0,29.85,22.259999999999998,197.4,672.4,5.4,0.6698182903440449
2026-03-29T16:20:36,03/29/202604:20,140.78,1.2,168.936,54.220000000000006,2.12,114.94640000000003,115.5,0.7,13.0,198.7,23581.0,44606.0,23.8,27.160000000000004,31.0,29.85,22.192,197.2,672.2,5.4,0.6804138845479947
2026-03-29T16:21:01,03/29/202604:21,140.6,1.24,174.344,54.220000000000006,2.2199999999999998,120.3684,121.0,0.7,13.0,198.7,23581.0,44606.0,23.8,27.140000000000004,31.0,29.85,22.124,197.0,672.0,5.4,0.6904074702886248
2026-03-29T16:21:25,03/29/202604:21,140.53,1.22,171.4466,54.220000000000006,2.18,118.19960000000002,118.3,0.7,13.0,198.7,23581.0,44606.0,23.8,27.119999999999997,31.0,29.85,22.056,196.8,672.0,5.4,0.6894251621204505
2026-03-29T16:22:01,03/29/202604:22,140.45999999999998,1.2,168.55199999999996,54.220000000000006,2.1399999999999997,116.0308,115.6,0.7,13.0,198.7,23581.0,44606.0,23.8,27.1,31.0,29.85,21.988,196.6,672.0,5.4,0.688397645830367
2026-03-29T16:22:25,03/29/202604:22,140.4,1.19,167.076,54.21,2.1,113.84100000000001,113.5,0.7,13.0,198.7,23581.0,44606.0,23.8,27.1,31.0,29.85,21.919999999999998,196.4,672.0,5.4,0.6813725490196079
2026-03-29T16:23:01,03/29/202604:23,140.34,1.1800000000000002,165.60120000000003,54.2,2.06,111.65200000000002,111.4,0.7,13.0,198.7,23581.0,44606.0,23.8,27.1,31.0,29.85,21.851999999999997,196.2,672.0,5.4,0.6742221674722163
2026-03-29T16:23:24,03/29/202604:23,140.26,1.19,166.90939999999998,54.2,2.07,112.194,111.9,0.7,13.0,198.7,23581.0,44606.0,23.8,27.1,31.0,29.85,21.784,196.0,672.0,5.4,0.672185029722712
2026-03-29T16:24:01,03/29/202604:24,140.18,1.2,168.216,54.2,2.08,112.736,112.4,0.7,13.0,198.7,23581.0,44606.0,23.8,27.1,31.0,29.85,21.716,195.8,672.0,5.4,0.6701859513958244
2026-03-29T16:24:25,03/29/202604:24,140.27,1.15,161.3105,54.21,1.94,105.1674,104.8,0.7,13.0,198.7,23581.0,44606.0,23.8,27.1,31.0,29.85,21.673,195.9,672.0,5.4,0.6519563202643349
2026-03-29T16:25:58,03/29/202604:25,140.29000000000002,1.12,157.12480000000005,54.21,1.8699999999999999,101.3727,101.0,0.7,13.0,198.7,23581.0,44606.0,23.8,27.1,31.0,29.85,21.63,196.0,672.0,5.4,0.6451731362585662
2026-03-29T16:26:00,03/29/202604:26,140.29000000000002,1.1099999999999999,155.7219,54.21,1.86,100.8306,100.4,0.7,13.0,198.7,23581.0,44606.0,23.8,27.1,31.0,29.85,21.63,196.0,672.0,5.4,0.6475043009364772
2026-03-29T16:26:25,03/29/202604:26,140.27,1.1199999999999999,157.1024,54.21,1.85,100.28850000000001,99.8,0.7,13.0,198.7,23581.0,44606.0,23.8,27.1,31.0,29.85,21.63,196.0,672.0,5.4,0.6383638951410037
2026-03-29T16:27:00,03/29/202604:27,140.19,1.16,162.6204,54.21,1.9300000000000002,104.62530000000001,104.1,0.7,13.0,198.7,23581.0,44606.0,23.8,27.1,31.0,29.85,21.63,196.0,672.0,5.4,0.6433713113483919
2026-03-29T16:27:25,03/29/202604:27,140.10999999999999,1.2,168.13199999999998,54.21,2.02,109.5042,109.0,0.7,13.0,198.7,23581.0,44606.0,23.8,27.1,31.0,29.85,21.63,196.0,672.0,5.4,0.6512989793733496
2026-03-29T16:28:00,03/29/202604:28,140.03,1.23,172.2369,54.21,2.09,113.29889999999999,112.8,0.7,13.0,198.7,23581.0,44606.0,23.8,27.1,31.0,29.85,21.63,196.0,672.0,5.4,0.6578085183836913
2026-03-29T16:28:25,03/29/202604:28,140.05,1.21,169.4605,54.21,2.05,111.1305,110.6,0.7,13.0,198.7,23581.0,44606.0,23.8,27.1,31.0,29.85,21.63,196.0,672.0,5.4,0.6557899923581012
2026-03-29T16:29:00,03/29/202604:29,140.08999999999997,1.19,166.70709999999997,54.21,2.0,108.42,107.9,0.7,13.0,198.7,23581.0,44606.0,23.8,27.1,31.0,29.85,21.63,196.0,672.0,5.4,0.6503622221249127
2026-03-29T16:29:25,03/29/202604:29,140.1,1.18,165.31799999999998,54.220000000000006,2.0,108.44000000000001,107.9,0.7,13.0,198.7,23581.0,44606.0,23.8,27.1,31.0,29.85,21.63,196.0,672.0,5.4,0.6559479306548592
2026-03-29T16:30:00,03/29/202604:30,140.07999999999998,1.18,165.29439999999997,54.220000000000006,2.02,109.52440000000001,109.0,0.7,13.0,198.7,23581.0,44606.0,23.8,27.1,31.0,29.85,21.63,196.0,672.0,5.4,0.6626019998257656
2026-03-29T16:30:24,03/29/202604:30,140.17000000000002,1.13,158.3921,54.220000000000006,1.8699999999999999,101.3914,100.9,0.7,13.0,198.7,23581.0,44606.0,23.8,27.1,31.0,29.85,21.63,196.0,672.0,5.4,0.6401291478552277
2026-03-29T16:31:00,03/29/202604:31,140.26,1.0799999999999998,151.48079999999996,54.220000000000006,1.72,93.25840000000001,92.8,0.7,13.0,198.7,23581.0,44606.0,23.8,27.1,31.0,29.85,21.63,196.0,672.0,5.4,0.6156450190387167
2026-03-29T16:31:25,03/29/202604:31,140.23,1.06,148.6438,54.220000000000006,1.7,92.174,91.7,0.7,14.0,198.7,23581.0,44606.0,23.8,27.110000000000003,31.0,29.85,21.636,196.0,668.0,5.35,0.6200998628937097
2026-03-29T16:32:00,03/29/202604:32,140.2,1.04,145.808,54.220000000000006,1.6800000000000002,91.08960000000002,90.6,0.7,14.0,198.7,23581.0,44606.0,23.8,27.119999999999997,31.0,29.85,21.642,196.0,664.0,5.3,0.6247229232963899
2026-03-29T16:32:25,03/29/202604:32,140.05,1.0699999999999998,149.8535,54.220000000000006,1.77,95.96940000000001,95.4,0.7,14.0,198.7,23581.0,44606.0,23.8,27.130000000000003,31.0,29.85,21.648,196.0,660.0,5.25,0.6404214783104833
2026-03-29T16:33:00,03/29/202604:33,139.9,1.1,153.89000000000001,54.220000000000006,1.86,100.84920000000001,100.2,0.7,14.0,198.7,23581.0,44606.0,23.8,27.139999999999997,31.0,29.85,21.654,196.0,656.0,5.2,0.6553330300864254
2026-03-29T16:33:25,03/29/202604:33,139.74,1.15,160.701,54.23,2.0,108.46,107.8,0.7,14.0,198.7,23581.0,44606.0,23.8,27.15,31.0,29.85,21.66,196.0,652.0,5.15,0.6749180154448323
2026-03-29T16:34:00,03/29/202604:34,139.57999999999998,1.2,167.49599999999998,54.239999999999995,2.1399999999999997,116.07359999999997,115.4,0.7,14.0,198.7,23581.0,44606.0,23.8,27.160000000000004,31.0,29.85,21.666,196.0,648.0,5.1,0.6929932655108181
2026-03-29T16:34:25,03/29/202604:34,139.55,1.21,168.8555,54.23,2.1399999999999997,116.05219999999997,115.4,0.7,14.0,198.7,23581.0,44606.0,23.8,27.169999999999998,31.0,29.85,21.672,196.0,644.0,5.05,0.6872870590534508
2026-03-29T16:35:00,03/29/202604:35,139.52,1.22,170.2144,54.220000000000006,2.1399999999999997,116.0308,115.4,0.7,14.0,198.7,23581.0,44606.0,23.8,27.18,31.0,29.85,21.678,196.0,640.0,5.0,0.681674405925703
2026-03-29T16:35:25,03/29/202604:35,139.42000000000002,1.26,175.66920000000002,54.220000000000006,2.2600000000000002,122.53720000000003,121.9,0.7,14.0,198.7,23581.0,44606.0,23.8,27.189999999999998,31.0,29.85,21.684,196.0,636.0,4.95,0.6975451587415439
2026-03-29T16:37:09,03/29/202604:37,139.32999999999998,1.31,182.52229999999997,54.220000000000006,2.37,128.50140000000002,127.8,0.7,14.0,198.7,23581.0,44606.0,23.8,27.2,31.0,29.85,21.69,196.0,632.0,4.9,0.704031233443804
2026-03-29T16:37:26,03/29/202604:37,139.38,1.3,181.194,54.220000000000006,2.35,127.41700000000002,126.7,0.7,14.0,198.7,23581.0,44606.0,23.8,27.2,31.0,29.85,21.69,196.0,632.0,4.9,0.7032076117310729
2026-03-29T16:38:00,03/29/202604:38,139.43,1.29,179.86470000000003,54.220000000000006,2.33,126.33260000000001,125.6,0.7,14.0,198.7,23581.0,44606.0,23.8,27.2,31.0,29.85,21.69,196.0,632.0,4.9,0.702375730201646
2026-03-29T16:38:26,03/29/202604:38,139.62,1.23,171.7326,54.220000000000006,2.18,118.19960000000002,117.5,0.7,14.0,198.7,23581.0,44606.0,23.8,27.2,31.0,29.85,21.69,196.0,632.0,4.9,0.6882770073940535
2026-03-29T16:39:00,03/29/202604:39,139.81,1.1700000000000002,163.57770000000002,54.220000000000006,2.0300000000000002,110.06660000000002,109.4,0.7,14.0,198.7,23581.0,44606.0,23.8,27.2,31.0,29.85,21.69,196.0,632.0,4.9,0.6728704462772126
2026-03-29T16:39:22,03/29/202604:39,140.0,1.11,155.4,54.21,1.8699999999999999,101.3727,100.7,0.7,14.0,198.7,23581.0,44606.0,23.8,27.2,31.0,29.85,21.69,196.0,632.0,4.9,0.6523339768339768
2026-03-29T16:40:00,03/29/202604:40,140.19,1.05,147.1995,54.2,1.7100000000000002,92.68200000000002,92.0,0.7,14.0,198.7,23581.0,44606.0,23.8,27.2,31.0,29.85,21.69,196.0,632.0,4.9,0.6296352908807435
2026-03-29T16:40:23,03/29/202604:40,140.24,1.04,145.8496,54.2,1.69,91.598,90.9,0.7,14.0,198.7,23581.0,44606.0,23.8,27.2,31.0,29.85,21.69,196.0,632.0,4.9,0.6280305191100969
2026-03-29T16:40:38,03/29/202604:40,140.31,1.02,143.1162,54.2,1.65,89.43,88.7,0.7,14.0,198.7,23581.0,44606.0,23.8,27.2,31.0,29.85,21.69,196.0,632.0,4.9,0.6248768483232507
2026-03-29T16:41:00,03/29/202604:41,140.41,1.0,140.41,54.2,1.59,86.17800000000001,85.4,0.7,14.0,198.7,23581.0,44606.0,23.8,27.2,31.0,29.85,21.69,196.0,632.0,4.9,0.613759703724806
2026-03-29T16:41:38,03/29/202604:41,140.42000000000002,1.03,144.63260000000002,54.2,1.67,90.514,89.8,0.7,14.0,198.7,23581.0,44606.0,23.8,27.2,31.0,29.85,21.69,196.0,632.0,4.9,0.625820181618805
2026-03-29T16:42:00,03/29/202604:42,140.43,1.07,150.26010000000002,54.2,1.75,94.85000000000001,94.2,0.7,14.0,198.7,23581.0,44606.0,23.8,27.2,31.0,29.85,21.69,196.0,632.0,4.9,0.6312387653142784
2026-03-29T16:42:38,03/29/202604:42,140.49,1.08,151.72920000000002,54.2,1.75,94.85000000000001,94.2,0.7,14.0,198.7,23581.0,44606.0,23.8,27.2,31.0,29.85,21.69,196.0,632.0,4.9,0.6251268707671298
2026-03-29T16:43:00,03/29/202604:43,140.53,1.09,153.17770000000002,54.2,1.7600000000000002,95.39200000000002,94.7,0.7,14.0,198.7,23581.0,44606.0,23.8,27.2,31.0,29.85,21.69,196.0,632.0,4.9,0.6227538342722212
2026-03-29T16:43:39,03/29/202604:43,140.60999999999999,1.09,153.26489999999998,54.21,1.7600000000000002,95.40960000000001,94.7,0.7,14.0,198.7,23581.0,44606.0,23.8,27.2,31.0,29.85,21.69,196.0,632.0,4.9,0.6225143526012806
2026-03-29T16:44:00,03/29/202604:44,140.6,1.1199999999999999,157.47199999999998,54.220000000000006,1.83,99.22260000000001,98.5,0.7,14.0,198.7,23581.0,44606.0,23.8,27.2,31.0,29.85,21.69,196.0,632.0,4.9,0.6300967791099372
2026-03-29T16:44:38,03/29/202604:44,140.59,1.1400000000000001,160.2726,54.220000000000006,1.9,103.018,102.3,0.7,14.0,198.7,23581.0,44606.0,23.8,27.2,31.0,29.85,21.69,196.0,632.0,4.9,0.6427673850676909
2026-03-29T16:45:00,03/29/202604:45,140.62,1.1400000000000001,160.3068,54.220000000000006,1.92,104.1024,103.4,0.7,14.0,198.7,23581.0,44606.0,23.8,27.2,31.0,29.85,21.69,196.0,632.0,4.9,0.649394785498806
2026-03-29T16:45:26,03/29/202604:45,140.57999999999998,1.1800000000000002,165.8844,54.220000000000006,2.0100000000000002,108.98220000000002,108.3,0.7,14.0,198.7,23581.0,44606.0,23.8,27.2,31.0,29.85,21.69,196.0,632.0,4.9,0.6569767862439145
2026-03-29T16:45:49,03/29/202604:45,140.52,1.23,172.83960000000002,54.220000000000006,2.1100000000000003,114.40420000000003,113.8,0.7,14.0,198.7,23581.0,44606.0,23.8,27.21,31.0,29.85,21.646,196.1,627.6,4.86,0.6619096549633303
2026-03-29T16:46:00,03/29/202604:46,140.54000000000002,1.22,171.45880000000002,54.220000000000006,2.08,112.77760000000002,112.2,0.7,14.0,198.7,23581.0,44606.0,23.8,27.22,31.0,29.85,21.602,196.2,623.2,4.82,0.6577533494927061
2026-03-29T16:46:48,03/29/202604:46,140.66,1.17,164.57219999999998,54.220000000000006,1.95,105.72900000000001,105.1,0.7,14.0,198.7,23581.0,44606.0,23.8,27.23,31.0,29.85,21.558,196.3,618.8,4.78,0.6424475093606333
2026-03-29T16:48:21,03/29/202604:48,140.67000000000002,1.1800000000000002,165.99060000000003,54.220000000000006,1.9899999999999998,107.8978,107.3,0.7,14.0,198.7,23581.0,44606.0,23.8,27.24,31.0,29.85,21.514000000000003,196.4,614.4,4.74,0.6500235555507359
2026-03-29T16:48:49,03/29/202604:48,140.64000000000001,1.2,168.768,54.220000000000006,2.05,111.151,110.6,0.7,14.0,198.7,23581.0,44606.0,23.8,27.25,31.0,29.85,21.470000000000002,196.5,610.0,4.7,0.6586023416761471
2026-03-29T16:49:00,03/29/202604:49,140.57,1.23,172.90109999999999,54.21,2.12,114.9252,114.4,0.7,14.0,198.7,23581.0,44606.0,23.8,27.26,31.0,29.85,21.426,196.6,605.6,4.66,0.6646875005422176
2026-03-29T16:50:10,03/29/202604:50,140.58999999999997,1.21,170.11389999999997,54.2,2.09,113.27799999999999,112.8,0.7,14.0,198.7,23581.0,44606.0,23.8,27.27,31.0,29.85,21.381999999999998,196.7,601.2,4.62,0.6658950268026306
2026-03-29T16:50:50,03/29/202604:50,140.51999999999998,1.25,175.64999999999998,54.19,2.1599999999999997,117.05039999999998,116.6,0.7,14.0,198.7,23581.0,44606.0,23.8,27.28,31.0,29.85,21.338,196.8,596.8,4.58,0.6663842869342442
2026-03-29T16:51:01,03/29/202604:51,140.45,1.29,181.1805,54.18000000000001,2.23,120.82140000000001,120.4,0.7,14.0,198.7,23581.0,44606.0,23.8,27.29,31.0,29.85,21.294,196.9,592.4,4.54,0.6668565325738698
2026-03-29T16:51:50,03/29/202604:51,140.45,1.3,182.58499999999998,54.18000000000001,2.23,120.82140000000001,120.4,0.7,14.0,198.7,23581.0,44606.0,23.8,27.3,31.0,29.85,21.25,197.0,588.0,4.5,0.6617268669386862
2026-03-29T16:52:01,03/29/202604:52,140.46999999999997,1.3,182.61099999999996,54.18000000000001,2.2199999999999998,120.2796,119.8,0.7,14.0,198.7,23581.0,44606.0,23.8,27.3,31.0,29.85,21.25,197.0,588.0,4.5,0.6586656882663149
2026-03-29T16:52:49,03/29/202604:52,140.53,1.27,178.47310000000002,54.18000000000001,2.17,117.57060000000001,117.0,0.7,14.0,198.7,23581.0,44606.0,23.8,27.3,31.0,29.85,21.25,197.0,588.0,4.5,0.6587580985593907
2026-03-29T16:53:00,03/29/202604:53,140.49,1.2799999999999998,179.82719999999998,54.18000000000001,2.2199999999999998,120.2796,119.7,0.7,14.0,198.7,23581.0,44606.0,23.8,27.3,31.0,29.85,21.25,197.0,588.0,4.5,0.6688621076233184
2026-03-29T16:53:49,03/29/202604:53,140.5,1.27,178.435,54.18000000000001,2.19,118.65420000000002,118.1,0.7,14.0,198.7,23581.0,44606.0,23.8,27.3,31.0,29.85,21.25,197.0,588.0,4.5,0.6649715582705188
2026-03-29T16:54:01,03/29/202604:54,140.55,1.25,175.6875,54.18000000000001,2.1399999999999997,115.9452,115.4,0.7,14.0,198.7,23581.0,44606.0,23.8,27.3,31.0,29.85,21.25,197.0,588.0,4.5,0.6599513340448239
2026-03-29T16:54:04,03/29/202604:54,140.68,1.19,167.4092,54.18000000000001,2.0,108.36000000000001,107.8,0.7,14.0,198.7,23581.0,44606.0,23.8,27.3,31.0,29.85,21.25,197.0,588.0,4.5,0.6472762548294838
2026-03-29T16:55:01,03/29/202604:55,140.72,1.1800000000000002,166.04960000000003,54.18000000000001,1.9600000000000002,106.19280000000002,105.6,0.7,14.0,198.7,23581.0,44606.0,23.8,27.3,31.0,29.85,21.25,197.0,588.0,4.5,0.6395245757894027
2026-03-29T16:55:04,03/29/202604:55,140.78,1.15,161.897,54.19,1.89,102.41909999999999,101.8,0.7,14.0,198.7,23581.0,44606.0,23.8,27.3,31.0,29.85,21.25,197.0,588.0,4.5,0.6326188873172449
2026-03-29T16:56:00,03/29/202604:56,140.84,1.1199999999999999,157.74079999999998,54.2,1.8199999999999998,98.64399999999999,98.0,0.7,14.0,198.7,23581.0,44606.0,23.8,27.3,31.0,29.85,21.25,197.0,588.0,4.5,0.6253550127804601
2026-03-29T16:56:04,03/29/202604:56,140.8,1.1300000000000001,159.10400000000004,54.2,1.85,100.27000000000001,99.6,0.7,14.0,198.7,23581.0,44606.0,23.8,27.3,31.0,29.85,21.25,197.0,588.0,4.5,0.6302167135961383
2026-03-29T16:57:01,03/29/202604:57,140.76,1.1400000000000001,160.4664,54.2,1.8800000000000001,101.89600000000002,101.2,0.7,14.0,198.7,23581.0,44606.0,23.8,27.3,31.0,29.85,21.25,197.0,588.0,4.5,0.6349989779791908
2026-03-29T16:57:04,03/29/202604:57,140.70999999999998,1.17,164.63069999999996,54.2,1.94,105.148,104.5,0.8,14.0,198.7,23581.0,44606.0,23.8,27.3,31.0,29.85,21.25,197.0,588.0,4.5,0.6386901106537238
2026-03-29T16:58:00,03/29/202604:58,140.66,1.2,168.792,54.2,2.0,108.4,107.8,0.8,14.0,198.7,23581.0,44606.0,23.8,27.3,31.0,29.85,21.25,197.0,588.0,4.5,0.6422105313048012
2026-03-29T16:58:04,03/29/202604:58,140.63,1.21,170.1623,54.2,2.04,110.56800000000001,110.0,0.8,14.0,198.7,23581.0,44606.0,23.8,27.3,31.0,29.85,21.25,197.0,588.0,4.5,0.6497796515444374
2026-03-29T16:59:33,03/29/202604:59,140.64000000000001,1.19,167.3616,54.2,2.02,109.48400000000001,108.9,0.8,14.0,198.7,23581.0,44606.0,23.8,27.3,31.0,29.847,21.25,197.0,588.0,4.5,0.6541763463064407
2026-03-29T16:59:39,03/29/202604:59,140.48000000000002,1.24,174.19520000000003,54.2,2.16,117.07200000000002,116.5,0.8,14.0,198.7,23581.0,44606.0,23.8,27.3,31.0,29.844,21.25,197.0,588.0,4.5,0.6720736277463443
2026-03-29T17:00:00,03/29/202605:00,140.32,1.29,181.0128,54.2,2.3,124.66,124.1,0.8,14.0,198.7,23581.0,44606.0,23.8,27.3,31.0,29.841,21.25,197.0,588.0,4.5,0.6886805794949308
2026-03-29T17:00:38,03/29/202605:00,140.28000000000003,1.3,182.36400000000003,54.21,2.3,124.68299999999999,124.1,0.8,14.0,198.7,23581.0,44606.0,23.8,27.3,31.1,29.838,21.25,197.0,588.0,4.5,0.6837040205303677
2026-03-29T17:01:01,03/29/202605:01,140.24,1.31,183.7144,54.220000000000006,2.3,124.706,124.1,0.8,14.0,198.7,23581.0,44606.0,23.8,27.3,31.2,29.835,21.25,197.0,588.0,4.5,0.6788036212730194
2026-03-29T17:01:39,03/29/202605:01,140.28000000000003,1.28,179.55840000000003,54.220000000000006,2.2399999999999998,121.4528,120.9,0.8,14.0,198.7,23581.0,44606.0,23.8,27.3,31.2,29.832,21.207,197.0,583.4,4.4799999999999995,0.6763972055888222
2026-03-29T17:02:01,03/29/202605:02,140.32,1.25,175.39999999999998,54.220000000000006,2.18,118.19960000000002,117.7,0.8,14.0,198.7,23581.0,44606.0,23.8,27.3,31.2,29.829,21.163999999999998,197.0,578.8,4.46,0.6738859749144813
2026-03-29T17:02:39,03/29/202605:02,140.33,1.21,169.79930000000002,54.220000000000006,2.1100000000000003,114.40420000000003,113.9,0.8,15.0,198.7,23581.0,44606.0,23.8,27.3,31.2,29.826,21.121000000000002,197.0,574.2,4.4399999999999995,0.6737613170372317
2026-03-29T17:03:00,03/29/202605:03,140.34,1.17,164.1978,54.220000000000006,2.04,110.60880000000002,110.1,0.8,15.0,198.7,23581.0,44606.0,23.8,27.3,31.2,29.823,21.078,197.0,569.6,4.42,0.6736314372056142
2026-03-29T17:03:38,03/29/202605:03,140.25,1.1800000000000002,165.49500000000003,54.220000000000006,2.06,111.69320000000002,111.1,0.8,15.0,198.7,23581.0,44606.0,23.8,27.3,31.2,29.82,21.035,197.0,565.0,4.4,0.6749037735279011
2026-03-29T17:04:00,03/29/202605:04,140.12,1.22,170.9464,54.220000000000006,2.1399999999999997,116.0308,115.4,0.8,15.0,198.7,23581.0,44606.0,23.8,27.3,31.2,29.82,20.992,197.0,560.4,4.38,0.6787554461515422
2026-03-29T17:04:39,03/29/202605:04,140.14000000000001,1.19,166.7666,54.220000000000006,2.06,111.69320000000002,111.1,0.8,15.0,198.7,23581.0,44606.0,23.8,27.3,31.2,29.82,20.949,197.0,555.8,4.36,0.6697576133350444
2026-03-29T17:05:01,03/29/202605:05,140.16,1.16,162.58559999999997,54.220000000000006,1.98,107.35560000000001,106.8,0.8,15.0,198.7,23581.0,44606.0,23.8,27.3,31.2,29.82,20.906,197.0,551.2,4.34,0.660302019367029
2026-03-29T17:05:24,03/29/202605:05,140.13,1.15,161.1495,54.21,1.97,106.7937,106.3,0.8,15.0,198.7,23581.0,44606.0,23.8,27.3,31.1,29.82,20.863,197.0,546.6,4.319999999999999,0.662699542970968
2026-03-29T17:06:01,03/29/202605:06,140.1,1.1400000000000001,159.714,54.2,1.9600000000000002,106.23200000000001,105.8,0.8,15.0,198.7,23581.0,44606.0,23.8,27.3,31.0,29.82,20.82,197.0,542.0,4.3,0.6651389358478281
2026-03-29T17:06:24,03/29/202605:06,140.09,1.1300000000000001,158.3017,54.2,1.9300000000000002,104.60600000000001,104.1,0.8,15.0,198.7,23581.0,44606.0,23.8,27.3,31.0,29.82,20.82,197.0,542.0,4.3,0.6608014948670797
2026-03-29T17:07:00,03/29/202605:07,140.07999999999998,1.1199999999999999,156.88959999999997,54.2,1.9,102.98,102.4,0.8,15.0,198.7,23581.0,44606.0,23.8,27.3,31.0,29.82,20.82,197.0,542.0,4.3,0.6563851268662806
2026-03-29T17:07:23,03/29/202605:07,140.1,1.1099999999999999,155.51099999999997,54.2,1.85,100.27000000000001,99.7,0.8,15.0,198.7,23581.0,44606.0,23.8,27.3,31.0,29.82,20.82,197.0,542.0,4.3,0.6447775398524865
2026-03-29T17:08:01,03/29/202605:08,140.12,1.1,154.132,54.2,1.8,97.56,97.0,0.8,15.0,198.7,23581.0,44606.0,23.8,27.3,31.0,29.82,20.82,197.0,542.0,4.3,0.6329639529753718
2026-03-29T17:08:23,03/29/202605:08,140.18,1.06,148.5908,54.2,1.7,92.14,91.6,0.8,15.0,198.7,23581.0,44606.0,23.8,27.3,31.0,29.82,20.82,197.0,542.0,4.3,0.62009222643663
2026-03-29T17:08:24,03/29/202605:08,140.25,1.02,143.055,54.2,1.6,86.72000000000001,86.2,0.8,15.0,198.7,23581.0,44606.0,23.8,27.3,31.0,29.82,20.82,197.0,542.0,4.3,0.6062004124287862
2026-03-29T17:09:01,03/29/202605:09,140.26,1.02,143.0652,54.2,1.59,86.17800000000001,85.6,0.8,15.0,198.7,23581.0,44606.0,23.8,27.3,31.0,29.82,20.82,197.0,542.0,4.3,0.6023687102104496
2026-03-29T17:10:44,03/29/202605:10,140.32999999999998,0.99,138.92669999999998,54.2,1.5,81.30000000000001,80.7,0.8,15.0,198.7,23581.0,44606.0,23.8,27.3,31.0,29.82,20.82,197.0,542.0,4.3,0.5852006849655251
2026-03-29T17:11:00,03/29/202605:11,140.4,0.95,133.38,54.2,1.41,76.422,75.8,0.8,15.0,198.7,23581.0,44606.0,23.8,27.3,31.0,29.82,20.82,197.0,542.0,4.3,0.5729644624381467
2026-03-29T17:11:24,03/29/202605:11,140.34,0.9800000000000001,137.53320000000002,54.2,1.47,79.674,79.0,0.8,15.0,198.7,23581.0,44606.0,23.8,27.3,31.0,29.82,20.82,197.0,542.0,4.3,0.579307396323215
2026-03-29T17:12:01,03/29/202605:12,140.26,1.01,141.6626,54.2,1.53,82.926,82.3,0.8,15.0,198.7,23581.0,44606.0,23.8,27.3,31.0,29.82,20.82,197.0,542.0,4.3,0.5853768037576609
2026-03-29T17:12:24,03/29/202605:12,140.1,1.06,148.506,54.2,1.6800000000000002,91.05600000000001,90.5,0.8,15.0,198.7,23581.0,44606.0,23.8,27.3,31.0,29.82,20.82,197.0,542.0,4.3,0.6131469435578362
2026-03-29T17:13:01,03/29/202605:13,139.91,1.1300000000000001,158.09830000000002,54.2,1.8699999999999999,101.354,100.8,0.8,15.0,198.7,23581.0,44606.0,23.8,27.3,31.0,29.82,20.82,197.0,542.0,4.3,0.6410821621737867
2026-03-29T17:13:24,03/29/202605:13,139.9,1.1300000000000001,158.08700000000002,54.2,1.8800000000000001,101.89600000000002,101.3,0.8,15.0,198.7,23581.0,44606.0,23.8,27.3,31.0,29.82,20.82,197.0,542.0,4.3,0.6445564783948079
2026-03-29T17:14:00,03/29/202605:14,139.94,1.1199999999999999,156.73279999999997,54.2,1.86,100.81200000000001,100.2,0.8,15.0,198.7,23581.0,44606.0,23.8,27.3,31.0,29.82,20.82,197.0,542.0,4.3,0.6432093346127934
2026-03-29T17:14:24,03/29/202605:14,139.88,1.16,162.2608,54.2,1.9600000000000002,106.23200000000001,105.6,0.8,15.0,198.7,23581.0,44606.0,23.8,27.3,31.0,29.82,20.82,197.0,542.0,4.3,0.654699101693077
2026-03-29T17:15:01,03/29/202605:15,139.82,1.2,167.784,54.2,2.06,111.65200000000002,111.0,0.8,15.0,198.7,23581.0,44606.0,23.8,27.3,31.0,29.82,20.82,197.0,542.0,4.3,0.6654508177180185
2026-03-29T17:15:24,03/29/202605:15,139.67000000000002,1.27,177.38090000000003,54.2,2.23,120.866,120.2,0.8,15.0,198.7,23581.0,44606.0,23.8,27.3,31.0,29.82,20.82,197.0,542.0,4.3,0.6813924159816529
2026-03-29T17:16:01,03/29/202605:16,139.52,1.34,186.95680000000002,54.2,2.4,130.08,129.4,0.8,15.0,198.7,23581.0,44606.0,23.8,27.3,31.0,29.82,20.82,197.0,542.0,4.3,0.6957757086128988
2026-03-29T17:16:24,03/29/202605:16,139.51,1.34,186.9434,54.2,2.42,131.16400000000002,130.5,0.8,15.0,198.7,23581.0,44606.0,23.8,27.29,31.0,29.82,20.794999999999998,197.0,537.1,4.25,0.7016241279446079
2026-03-29T17:17:01,03/29/202605:17,139.5,1.34,186.93,54.2,2.44,132.248,131.6,0.8,15.0,198.7,23581.0,44606.0,23.8,27.28,31.0,29.82,20.77,197.0,532.2,4.2,0.7074733857593751
2026-03-29T17:17:24,03/29/202605:17,139.57999999999998,1.3199999999999998,184.24559999999997,54.2,2.37,128.454,127.8,0.8,15.0,198.7,23581.0,44606.0,23.8,27.27,31.0,29.82,20.744999999999997,197.0,527.3,4.15,0.6971889695059206
2026-03-29T17:18:01,03/29/202605:18,139.66,1.3,181.558,54.2,2.3,124.66,124.0,0.8,15.0,198.7,23581.0,44606.0,23.8,27.26,31.0,29.82,20.72,197.0,522.4,4.1,0.6866125425483868
2026-03-29T17:18:24,03/29/202605:18,139.56,1.35,188.406,54.2,2.42,131.16400000000002,130.6,0.8,15.0,198.7,23581.0,44606.0,23.8,27.25,31.0,29.82,20.695,197.0,517.5,4.05,0.6961774041166418
2026-03-29T17:19:01,03/29/202605:19,139.45999999999998,1.4,195.24399999999997,54.2,2.54,137.668,137.2,0.8,15.0,198.7,23581.0,44606.0,23.8,27.24,31.0,29.82,20.669999999999998,197.0,512.6,4.0,0.7051074552867183
2026-03-29T17:19:13,03/29/202605:19,139.52,1.3699999999999999,191.1424,54.2,2.4699999999999998,133.874,133.4,0.8,15.0,198.7,23581.0,44606.0,23.8,27.23,31.0,29.82,20.645,197.0,507.7,3.95,0.7003888200629478
2026-03-29T17:19:40,03/29/202605:19,139.55,1.35,188.39250000000004,54.2,2.42,131.16400000000002,130.7,0.8,15.0,198.7,23581.0,44606.0,23.8,27.22,31.0,29.82,20.619999999999997,197.0,502.8,3.9,0.6962272914261448
2026-03-29T17:20:01,03/29/202605:20,139.60999999999999,1.3299999999999998,185.68129999999996,54.2,2.38,128.996,128.5,0.8,15.0,198.7,23581.0,44606.0,23.8,27.21,31.0,29.82,20.595,197.0,497.9,3.85,0.6947172386233834
2026-03-29T17:21:57,03/29/202605:21,139.64000000000001,1.3299999999999998,185.7212,54.21,2.3899999999999997,129.56189999999998,129.0,0.8,15.0,198.7,23581.0,44606.0,23.8,27.2,31.0,29.82,20.57,197.0,493.0,3.8,0.6976150272559082
2026-03-29T17:22:01,03/29/202605:22,139.66,1.3299999999999998,185.74779999999998,54.220000000000006,2.4,130.12800000000001,129.5,0.8,15.0,198.7,23581.0,44606.0,23.8,27.2,31.0,29.82,20.57,197.0,493.0,3.8,0.7005628061274483
2026-03-29T17:22:40,03/29/202605:22,139.73,1.3,181.649,54.220000000000006,2.35,127.41700000000002,126.8,0.8,15.0,198.7,23581.0,44606.0,23.8,27.2,31.0,29.82,20.57,197.0,493.0,3.8,0.701446195685085
2026-03-29T17:23:00,03/29/202605:23,139.79000000000002,1.27,177.53330000000003,54.220000000000006,2.3,124.706,124.1,0.8,15.0,198.7,23581.0,44606.0,23.8,27.2,31.0,29.82,20.57,197.0,493.0,3.8,0.7024372329022216
2026-03-29T17:23:40,03/29/202605:23,139.87,1.23,172.0401,54.220000000000006,2.23,120.91060000000002,119.8,0.8,15.0,198.7,23581.0,44606.0,23.8,27.22,31.0,29.82,20.57,197.0,493.0,3.8,0.7028047530779162
2026-03-29T17:24:00,03/29/202605:24,139.95,1.19,166.54049999999998,54.220000000000006,2.15,116.57300000000001,114.9,0.8,15.0,198.7,23581.0,44606.0,23.8,27.24,31.0,29.82,20.57,197.0,493.0,3.8,0.6999678756818913
2026-03-29T17:24:40,03/29/202605:24,140.05,1.16,162.458,54.220000000000006,2.05,111.151,109.4,0.8,15.0,198.7,23581.0,44606.0,23.8,27.259999999999998,31.0,29.82,20.57,197.0,493.0,3.8,0.684182988834037
2026-03-29T17:25:00,03/29/202605:25,140.07999999999998,1.16,162.49279999999996,54.220000000000006,2.02,109.52440000000001,107.8,0.8,15.0,198.7,23581.0,44606.0,23.8,27.28,31.0,29.82,20.57,197.0,493.0,3.8,0.6740261722365547
2026-03-29T17:25:40,03/29/202605:25,140.13,1.15,161.1495,54.220000000000006,1.98,107.35560000000001,105.7,0.8,15.0,198.7,23581.0,44606.0,23.8,27.3,31.0,29.82,20.57,197.0,493.0,3.8,0.6661863673173049
2026-03-29T17:26:00,03/29/202605:26,140.18,1.1400000000000001,159.8052,54.220000000000006,1.94,105.1868,103.6,0.8,15.0,198.7,23581.0,44606.0,23.8,27.32,31.0,29.82,20.57,197.0,493.0,3.8,0.6582188814882118
2026-03-29T17:26:39,03/29/202605:26,140.32,1.08,151.5456,54.21,1.8,97.578,96.1,0.8,15.0,198.7,23581.0,44606.0,23.8,27.339999999999996,31.0,29.82,20.613,197.0,493.0,3.8,0.6438854047890535
2026-03-29T17:27:01,03/29/202605:27,140.45999999999998,1.02,143.26919999999998,54.2,1.6600000000000001,89.97200000000001,88.6,0.8,15.0,198.7,23581.0,44606.0,23.8,27.359999999999996,31.0,29.82,20.656,197.0,493.0,3.8,0.6279926180923745
2026-03-29T17:27:40,03/29/202605:27,140.44,1.04,146.0576,54.2,1.7,92.14,90.8,0.8,15.0,198.7,23581.0,44606.0,23.8,27.380000000000003,31.0,29.82,20.699,197.0,493.0,3.8,0.6308470083035733
2026-03-29T17:28:00,03/29/202605:28,140.42000000000002,1.06,148.84520000000003,54.2,1.7399999999999998,94.30799999999999,93.0,0.8,15.0,198.7,23581.0,44606.0,23.8,27.4,31.0,29.82,20.742,197.0,493.0,3.8,0.63359785871496
2026-03-29T17:28:29,03/29/202605:28,140.5,1.03,144.715,54.2,1.67,90.514,89.7,0.8,15.0,198.7,23581.0,44606.0,23.8,27.4,31.0,29.82,20.785,197.0,493.0,3.8,0.6254638427253567
2026-03-29T17:29:00,03/29/202605:29,140.57999999999998,1.0,140.57999999999998,54.2,1.6,86.72000000000001,86.4,0.8,15.0,198.7,23581.0,44606.0,23.8,27.4,31.0,29.82,20.828,197.0,493.0,3.8,0.616872954901124
2026-03-29T17:29:29,03/29/202605:29,140.56,1.0,140.56,54.2,1.6199999999999999,87.804,87.5,0.8,15.0,198.7,23581.0,44606.0,23.8,27.4,31.0,29.82,20.871000000000002,197.0,493.0,3.8,0.6246727376209448
2026-03-29T17:30:00,03/29/202605:30,140.54000000000002,1.0,140.54000000000002,54.2,1.64,88.888,88.6,0.8,15.0,198.7,23581.0,44606.0,23.8,27.4,31.0,29.82,20.913999999999998,197.0,493.0,3.8,0.6324747402874626
2026-03-29T17:30:28,03/29/202605:30,140.59,0.9800000000000001,137.77820000000003,54.2,1.5699999999999998,85.094,84.8,0.8,15.0,198.7,23581.0,44606.0,23.8,27.4,31.1,29.82,20.932,196.9,487.8,3.75,0.6176158492417522
2026-03-29T17:31:01,03/29/202605:31,140.64000000000001,0.96,135.01440000000002,54.2,1.5,81.30000000000001,81.0,0.8,15.0,198.7,23581.0,44606.0,23.8,27.4,31.2,29.82,20.95,196.8,482.6,3.7,0.602157992036405
2026-03-29T17:31:28,03/29/202605:31,140.51,1.02,143.3202,54.2,1.6199999999999999,87.804,87.5,0.8,15.0,198.7,23581.0,44606.0,23.8,27.4,31.3,29.82,20.925,196.7,477.4,3.65,0.6126421816324565
2026-03-29T17:33:10,03/29/202605:33,140.41,1.06,148.8346,54.2,1.73,93.766,93.4,0.8,15.0,198.7,23581.0,44606.0,23.8,27.4,31.4,29.82,20.9,196.6,472.2,3.6,0.6300013572112937
2026-03-29T17:33:28,03/29/202605:33,140.41,1.05,147.4305,54.2,1.7100000000000002,92.68200000000002,92.3,0.8,16.0,198.7,23581.0,44606.0,23.8,27.4,31.5,29.82,20.875,196.5,467.0,3.55,0.6286487531413107
2026-03-29T17:34:01,03/29/202605:34,140.41,1.04,146.0264,54.2,1.69,91.598,91.2,0.8,16.0,198.7,23581.0,44606.0,23.8,27.4,31.6,29.82,20.85,196.4,461.8,3.5,0.6272701374545973
2026-03-29T17:34:29,03/29/202605:34,140.22,1.1199999999999999,157.04639999999998,54.2,1.85,100.27000000000001,99.9,0.8,16.0,198.7,23581.0,44606.0,23.8,27.4,31.7,29.82,20.825,196.3,456.6,3.45,0.6384737249628137
2026-03-29T17:35:00,03/29/202605:35,140.03,1.2,168.036,54.2,2.0100000000000002,108.94200000000002,108.6,0.8,16.0,198.7,23581.0,44606.0,23.8,27.4,31.8,29.82,20.8,196.2,451.4,3.4,0.6483253588516747
2026-03-29T17:35:29,03/29/202605:35,140.0,1.21,169.4,54.2,2.0100000000000002,108.94200000000002,108.6,0.8,16.0,198.7,23581.0,44606.0,23.8,27.4,31.9,29.82,20.775,196.1,446.2,3.35,0.6431050767414405
2026-03-29T17:36:00,03/29/202605:36,139.97,1.22,170.7634,54.2,2.0100000000000002,108.94200000000002,108.6,0.8,16.0,198.7,23581.0,44606.0,23.8,27.4,32.0,29.82,20.75,196.0,441.0,3.3,0.6379704316030251
2026-03-29T17:36:28,03/29/202605:36,139.9,1.23,172.077,54.2,2.05,111.11,110.7,0.8,16.0,198.7,23581.0,44606.0,23.8,27.4,32.0,29.82,20.75,196.0,441.0,3.3,0.6456993090302597
2026-03-29T17:37:01,03/29/202605:37,139.82999999999998,1.24,173.3892,54.2,2.09,113.27799999999999,112.8,0.8,16.0,198.7,23581.0,44606.0,23.8,27.4,32.0,29.82,20.75,196.0,441.0,3.3,0.6533163541904571
2026-03-29T17:37:28,03/29/202605:37,139.87,1.19,166.4453,54.2,1.9899999999999998,107.85799999999999,107.3,0.8,16.0,198.7,23581.0,44606.0,23.8,27.4,32.0,29.82,20.75,196.0,441.0,3.3,0.6480086851355971
2026-03-29T17:38:01,03/29/202605:38,139.88,1.16,162.2608,54.2,1.9,102.98,102.4,0.8,16.0,198.7,23581.0,44606.0,23.8,27.4,32.0,29.82,20.75,196.0,441.0,3.3,0.6346572924575745
2026-03-29T17:38:28,03/29/202605:38,139.88,1.1400000000000001,159.4632,54.2,1.8399999999999999,99.728,99.1,0.8,16.0,198.7,23581.0,44606.0,23.8,27.4,32.0,29.82,20.75,196.0,441.0,3.3,0.6253982109978979
2026-03-29T17:39:01,03/29/202605:39,139.88,1.1199999999999999,156.66559999999998,54.2,1.78,96.47600000000001,95.8,0.8,16.0,198.7,23581.0,44606.0,23.8,27.4,32.0,29.82,20.75,196.0,441.0,3.3,0.6158084480575189
2026-03-29T17:39:28,03/29/202605:39,139.97,1.05,146.9685,54.2,1.6199999999999999,87.804,87.1,0.8,16.0,198.7,23581.0,44606.0,23.8,27.4,32.0,29.82,20.75,196.0,441.0,3.3,0.5974341440512763
2026-03-29T17:40:01,03/29/202605:40,140.06,0.9800000000000001,137.2588,54.2,1.46,79.132,78.4,0.8,16.0,198.7,23581.0,44606.0,23.8,27.4,32.0,29.82,20.75,196.0,441.0,3.3,0.5765167697808811
2026-03-29T17:40:28,03/29/202605:40,139.99,0.9800000000000001,137.19020000000003,54.2,1.47,79.674,78.9,0.8,16.0,198.7,23581.0,44606.0,23.8,27.4,32.0,29.82,20.75,196.0,441.0,3.3,0.580755768269162
2026-03-29T17:41:01,03/29/202605:41,139.92000000000002,0.9800000000000001,137.12160000000003,54.2,1.48,80.21600000000001,79.4,0.8,16.0,198.7,23581.0,44606.0,23.8,27.4,32.0,29.82,20.75,196.0,441.0,3.3,0.5849990081796012
2026-03-29T17:41:28,03/29/202605:41,139.69,1.05,146.6745,54.2,1.6600000000000001,89.97200000000001,89.2,0.8,16.0,198.7,23581.0,44606.0,23.8,27.4,32.0,29.82,20.75,196.0,441.0,3.3,0.6134126927311837
2026-03-29T17:42:01,03/29/202605:42,139.45999999999998,1.1199999999999999,156.19519999999997,54.2,1.8399999999999999,99.728,99.0,0.8,16.0,198.7,23581.0,44606.0,23.8,27.4,32.0,29.82,20.75,196.0,441.0,3.3,0.6384831288029339
2026-03-29T17:42:29,03/29/202605:42,139.35999999999999,1.15,160.26399999999998,54.2,1.9100000000000001,103.52200000000002,102.8,0.8,16.0,198.7,23581.0,44606.0,23.8,27.4,32.0,29.82,20.75,196.0,441.0,3.3,0.6459466879648582
2026-03-29T17:42:52,03/29/202605:42,139.22,1.2,167.064,54.2,2.02,109.48400000000001,108.8,0.8,16.0,198.7,23581.0,44606.0,23.8,27.4,32.0,29.82,20.75,196.0,441.0,3.3,0.6553416654695208
2026-03-29T17:44:19,03/29/202605:44,139.13,1.23,171.1299,54.2,2.09,113.27799999999999,112.6,0.8,16.0,198.7,23581.0,44606.0,23.8,27.4,32.0,29.82,20.75,196.0,441.0,3.3,0.6619416010878286
2026-03-29T17:44:52,03/29/202605:44,139.13,1.21,168.3473,54.2,2.04,110.56800000000001,109.9,0.8,16.0,198.7,23581.0,44606.0,23.9,27.4,32.0,29.82,20.75,196.0,441.0,3.3,0.6567851103047094
2026-03-29T17:45:00,03/29/202605:45,139.10999999999999,1.21,168.32309999999998,54.2,2.04,110.56800000000001,109.9,0.8,16.0,198.7,23581.0,44606.0,23.9,27.4,32.0,29.82,20.75,196.0,441.0,3.3,0.6568795370332415
2026-03-29T17:45:52,03/29/202605:45,138.98,1.26,175.1148,54.2,2.15,116.53,115.9,0.8,16.0,198.7,23581.0,44606.0,23.9,27.389999999999997,32.1,29.818,20.713,196.1,435.8,3.2600000000000002,0.6654491796238811
2026-03-29T17:46:00,03/29/202605:46,138.93,1.27,176.4411,54.2,2.18,118.15600000000002,117.6,0.8,16.0,198.7,23581.0,44606.0,23.9,27.380000000000003,32.2,29.816000000000003,20.676,196.2,430.6,3.2199999999999998,0.6696625672816595
2026-03-29T17:46:52,03/29/202605:46,138.79000000000002,1.31,181.81490000000002,54.2,2.31,125.20200000000001,124.7,0.8,16.0,198.7,23581.0,44606.0,23.8,27.369999999999997,32.3,29.814,20.639,196.3,425.4,3.1799999999999997,0.6886234296529052
2026-03-29T17:47:01,03/29/202605:47,138.79000000000002,1.3,180.42700000000002,54.2,2.31,125.20200000000001,124.7,0.8,16.0,198.7,23581.0,44606.0,23.8,27.360000000000003,32.4,29.812,20.601999999999997,196.4,420.2,3.1399999999999997,0.6939205329579275
2026-03-29T17:47:15,03/29/202605:47,138.9,1.26,175.014,54.2,2.2199999999999998,120.324,119.8,0.8,16.0,198.7,23581.0,44606.0,23.9,27.35,32.5,29.810000000000002,20.565,196.5,415.0,3.1,0.6875107134286399
2026-03-29T17:48:00,03/29/202605:48,138.89000000000001,1.27,176.39030000000002,54.2,2.2399999999999998,121.40799999999999,120.9,0.8,16.0,198.7,23581.0,44606.0,23.9,27.339999999999996,32.6,29.808,20.528,196.6,409.8,3.0599999999999996,0.6882918165001135
2026-03-29T17:48:15,03/29/202605:48,138.94,1.25,173.675,54.2,2.21,119.78200000000001,119.3,0.8,16.0,198.7,23581.0,44606.0,23.8,27.330000000000002,32.7,29.808,20.491,196.7,404.6,3.02,0.6896905138908882
2026-03-29T17:49:01,03/29/202605:49,138.95999999999998,1.24,172.3104,54.2,2.2,119.24000000000001,118.8,0.8,16.0,198.7,23581.0,44606.0,23.8,27.32,32.8,29.808,20.454,196.8,399.4,2.9799999999999995,0.6920069827474141
2026-03-29T17:49:16,03/29/202605:49,138.94,1.28,177.8432,54.2,2.2800000000000002,123.57600000000002,123.1,0.8,16.0,198.7,23581.0,44606.0,23.8,27.310000000000002,32.8,29.808,20.416999999999998,196.9,394.2,2.94,0.6948592917806249
2026-03-29T17:50:01,03/29/202605:50,138.92000000000002,1.3199999999999998,183.3744,54.2,2.3600000000000003,127.91200000000002,127.4,0.8,16.0,198.7,23581.0,44606.0,23.8,27.3,32.8,29.808,20.38,197.0,389.0,2.9,0.697545567974592
2026-03-29T17:50:16,03/29/202605:50,139.07999999999998,1.29,179.4132,54.2,2.27,123.034,122.5,0.8,16.0,198.7,23581.0,44606.0,23.8,27.3,32.7,29.810000000000002,20.38,197.0,389.0,2.9,0.6857577926261836
2026-03-29T17:51:01,03/29/202605:51,139.24,1.26,175.44240000000002,54.2,2.18,118.15600000000002,117.6,0.8,16.0,198.7,23581.0,44606.0,23.8,27.3,32.6,29.812,20.38,197.0,389.0,2.9,0.6734745990706922
2026-03-29T17:51:17,03/29/202605:51,139.35999999999999,1.24,172.80639999999997,54.2,2.1100000000000003,114.36200000000002,113.8,0.8,16.0,198.7,23581.0,44606.0,23.9,27.3,32.5,29.814,20.38,197.0,389.0,2.9,0.6617926187918969
2026-03-29T17:52:01,03/29/202605:52,139.48,1.22,170.16559999999998,54.2,2.04,110.56800000000001,110.0,0.8,16.0,198.7,23581.0,44606.0,23.9,27.3,32.4,29.816000000000003,20.38,197.0,389.0,2.9,0.6497670504496798
2026-03-29T17:52:16,03/29/202605:52,139.63,1.17,163.3671,54.2,1.92,104.06400000000001,103.5,0.8,16.0,198.7,23581.0,44606.0,23.8,27.3,32.3,29.818,20.38,197.0,389.0,2.9,0.636994841678649
2026-03-29T17:53:01,03/29/202605:53,139.78,1.1199999999999999,156.5536,54.2,1.8,97.56,97.0,0.8,16.0,198.7,23581.0,44606.0,23.8,27.3,32.2,29.82,20.38,197.0,389.0,2.9,0.6231731496433172
2026-03-29T17:53:16,03/29/202605:53,139.88,1.09,152.4692,54.2,1.73,93.766,93.2,0.8,16.0,198.7,23581.0,44606.0,23.8,27.3,32.1,29.82,20.38,197.0,389.0,2.9,0.6149832228410722
2026-03-29T17:54:01,03/29/202605:54,139.98,1.06,148.37879999999998,54.2,1.6600000000000001,89.97200000000001,89.4,0.8,16.0,198.7,23581.0,44606.0,23.8,27.3,32.0,29.82,20.38,197.0,389.0,2.9,0.6063669472997492
2026-03-29T17:55:31,03/29/202605:55,140.05,1.03,144.25150000000002,54.2,1.58,85.63600000000001,85.1,0.9,16.0,198.7,23581.0,44606.0,23.9,27.3,32.0,29.82,20.38,197.0,389.0,2.9,0.5936576049469157
2026-03-29T17:56:01,03/29/202605:56,140.12,1.0,140.12,54.2,1.5,81.30000000000001,80.8,0.9,16.0,198.7,23581.0,44606.0,23.9,27.3,32.0,29.82,20.38,197.0,389.0,2.9,0.5802169568940908
2026-03-29T17:56:16,03/29/202605:56,139.95,1.04,145.548,54.21,1.6300000000000001,88.3623,87.8,0.9,16.0,198.7,23581.0,44606.0,23.8,27.3,32.0,29.82,20.38,197.0,389.0,2.9,0.6071007502679528
2026-03-29T17:57:00,03/29/202605:57,139.78,1.08,150.9624,54.220000000000006,1.7600000000000002,95.42720000000003,94.8,0.9,16.0,198.7,23581.0,44606.0,23.8,27.3,32.0,29.82,20.38,197.0,389.0,2.9,0.6321256153850232
2026-03-29T17:57:16,03/29/202605:57,139.91,1.02,142.7082,54.220000000000006,1.6300000000000001,88.37860000000002,87.8,0.9,16.0,198.7,23581.0,44606.0,23.8,27.3,32.0,29.82,20.38,197.0,389.0,2.9,0.6192958778822801
2026-03-29T17:58:01,03/29/202605:58,140.04000000000002,0.96,134.4384,54.220000000000006,1.5,81.33000000000001,80.8,0.9,16.0,198.7,23581.0,44606.0,23.8,27.3,32.0,29.82,20.38,197.0,389.0,2.9,0.6049610825478435
2026-03-29T17:58:15,03/29/202605:58,139.97,0.99,138.5703,54.220000000000006,1.57,85.12540000000001,84.6,0.9,16.0,198.7,23581.0,44606.0,23.8,27.3,32.0,29.82,20.38,197.0,389.0,2.9,0.6143120134689758
2026-03-29T17:58:46,03/29/202605:58,139.89000000000001,1.02,142.6878,54.220000000000006,1.64,88.9208,88.4,0.9,16.0,198.7,23581.0,44606.0,23.8,27.3,32.0,29.82,20.38,197.0,389.0,2.9,0.6231843226961239
2026-03-29T17:59:01,03/29/202605:59,139.84,1.04,145.4336,54.220000000000006,1.67,90.54740000000001,90.0,0.9,16.0,198.7,23581.0,44606.0,23.8,27.3,32.0,29.82,20.38,197.0,389.0,2.9,0.6226030298362965
2026-03-29T17:59:46,03/29/202605:59,139.60999999999999,1.1099999999999999,154.96709999999996,54.220000000000006,1.8199999999999998,98.6804,98.1,0.9,16.0,198.7,23581.0,44606.0,23.9,27.3,32.0,29.82,20.38,197.0,389.0,2.9,0.6367829042422555
2026-03-29T18:00:00,03/29/202606:00,139.35999999999999,1.1800000000000002,164.44480000000001,54.220000000000006,2.0100000000000002,108.98220000000002,108.4,0.9,16.0,198.7,23581.0,44606.0,23.9,27.3,32.0,29.82,20.38,197.0,389.0,2.9,0.6627281616688397
2026-03-29T18:00:46,03/29/202606:00,139.19,1.2200000000000002,169.81180000000003,54.220000000000006,2.13,115.4886,114.9,0.9,16.0,198.7,23581.0,44606.0,23.8,27.29,32.1,29.82,20.318,197.1,383.7,2.87,0.6800976139467338
2026-03-29T18:01:01,03/29/202606:01,139.19,1.2100000000000002,168.4199,54.21,2.1,113.84100000000001,113.3,0.9,16.0,198.7,23581.0,44606.0,23.8,27.28,32.2,29.82,20.256,197.2,378.4,2.84,0.6759355634340123
2026-03-29T18:01:45,03/29/202606:01,139.18,1.2100000000000002,168.40780000000004,54.19,2.1,113.799,113.3,0.9,16.0,198.7,23581.0,44606.0,23.8,27.27,32.3,29.82,20.194,197.3,373.1,2.81,0.6757347343769112
2026-03-29T18:02:01,03/29/202606:02,139.0,1.27,176.53,54.18000000000001,2.2399999999999998,121.3632,120.8,0.9,16.0,198.7,23581.0,44606.0,23.8,27.26,32.4,29.82,20.131999999999998,197.4,367.8,2.7800000000000002,0.6874933439075511
2026-03-29T18:02:46,03/29/202606:02,138.93,1.29,179.21970000000002,54.18000000000001,2.29,124.07220000000002,123.5,0.9,16.0,198.7,23581.0,44606.0,23.8,27.25,32.5,29.82,20.07,197.5,362.5,2.75,0.6922910818397755
2026-03-29T18:03:01,03/29/202606:03,138.92,1.28,177.8176,54.18000000000001,2.2800000000000002,123.53040000000003,123.0,0.9,16.0,198.7,23581.0,44606.0,23.8,27.24,32.6,29.82,20.008000000000003,197.6,357.2,2.7199999999999998,0.6947028865534122
2026-03-29T18:03:46,03/29/202606:03,138.79,1.31,181.8149,54.17,2.37,128.3829,127.9,0.9,16.0,198.7,23581.0,44606.0,23.8,27.23,32.7,29.82,19.946,197.7,351.9,2.69,0.7061186954424528
2026-03-29T18:04:01,03/29/202606:04,138.66,1.34,185.80440000000002,54.160000000000004,2.46,133.2336,132.8,0.9,16.0,198.7,23581.0,44606.0,23.8,27.22,32.8,29.82,19.884,197.8,346.6,2.66,0.7170637509122496
2026-03-29T18:04:45,03/29/202606:04,138.72,1.33,184.4976,54.160000000000004,2.42,131.0672,130.6,0.9,17.0,198.7,23581.0,44606.0,23.9,27.21,32.9,29.82,19.822000000000003,197.9,341.3,2.63,0.7104005688962892
2026-03-29T18:05:00,03/29/202606:05,138.78,1.3199999999999998,183.18959999999998,54.160000000000004,2.38,128.9008,128.4,0.9,17.0,198.7,23581.0,44606.0,23.9,27.2,33.0,29.82,19.76,198.0,336.0,2.6,0.7036469319218995
2026-03-29T18:06:44,03/29/202606:06,138.82,1.3299999999999998,184.63059999999996,54.160000000000004,2.38,128.9008,128.4,0.9,17.0,198.7,23581.0,44606.0,23.9,27.2,33.0,29.82,19.76,198.0,336.0,2.6,0.6981551270482793
2026-03-29T18:06:46,03/29/202606:06,139.02,1.27,176.55540000000002,54.160000000000004,2.24,121.31840000000003,120.8,0.9,17.0,198.7,23581.0,44606.0,23.8,27.2,33.0,29.82,19.76,198.0,336.0,2.6,0.6871406935160296
2026-03-29T18:07:00,03/29/202606:07,139.23,1.2,167.076,54.17,2.07,112.1319,111.6,0.9,17.0,198.7,23581.0,44606.0,23.8,27.2,33.0,29.82,19.76,198.0,336.0,2.6,0.6711430726136609
2026-03-29T18:07:21,03/29/202606:07,139.35,1.17,163.03949999999998,54.18000000000001,2.0,108.36000000000001,107.8,0.9,17.0,198.7,23581.0,44606.0,23.8,27.2,33.0,29.82,19.76,198.0,336.0,2.6,0.6646242168308909
2026-03-29T18:08:01,03/29/202606:08,139.35999999999999,1.1800000000000002,164.44480000000001,54.18000000000001,2.02,109.44360000000002,108.8,0.9,17.0,198.7,23581.0,44606.0,23.8,27.2,33.0,29.82,19.76,198.0,336.0,2.6,0.6655339664130456
2026-03-29T18:08:22,03/29/202606:08,139.4,1.17,163.09799999999998,54.18000000000001,2.0,108.36000000000001,107.7,0.9,17.0,198.7,23581.0,44606.0,23.8,27.2,33.0,29.82,19.76,198.0,336.0,2.6,0.6643858293786559
2026-03-29T18:09:00,03/29/202606:09,139.57,1.1199999999999999,156.31839999999997,54.19,1.8800000000000001,101.8772,101.2,0.9,17.0,198.7,23581.0,44606.0,23.8,27.2,33.0,29.82,19.76,198.0,336.0,2.6,0.6517287792096134
2026-03-29T18:09:22,03/29/202606:09,139.70999999999998,1.09,152.2839,54.19,1.77,95.91629999999999,95.2,0.9,17.0,198.7,23581.0,44606.0,23.9,27.2,33.0,29.82,19.76,198.0,336.0,2.6,0.6298518753459821
2026-03-29T18:10:00,03/29/202606:10,139.84,1.05,146.83200000000002,54.18000000000001,1.67,90.48060000000001,89.8,0.9,17.0,198.7,23581.0,44606.0,23.9,27.2,33.0,29.82,19.76,198.0,336.0,2.6,0.6162185354691075
2026-03-29T18:10:22,03/29/202606:10,140.04000000000002,0.99,138.63960000000003,54.18000000000001,1.51,81.8118,81.2,0.9,17.0,198.7,23581.0,44606.0,23.9,27.2,33.0,29.82,19.76,198.0,336.0,2.6,0.5901041260938432
2026-03-29T18:10:46,03/29/202606:10,140.0,0.99,138.6,54.18000000000001,1.52,82.35360000000001,81.8,0.9,17.0,198.7,23581.0,44606.0,23.8,27.2,33.0,29.82,19.76,198.0,336.1,2.6,0.5941818181818183
2026-03-29T18:11:00,03/29/202606:11,139.8,1.06,148.18800000000002,54.18000000000001,1.67,90.48060000000001,90.0,0.9,17.0,198.7,23581.0,44606.0,23.8,27.2,33.0,29.82,19.76,198.0,336.2,2.6,0.6105798040327152
2026-03-29T18:11:46,03/29/202606:11,139.6,1.1300000000000001,157.74800000000002,54.18000000000001,1.83,99.14940000000001,98.7,0.9,17.0,198.7,23581.0,44606.0,23.9,27.2,33.0,29.82,19.76,198.0,336.3,2.6,0.6285303141719705
2026-03-29T18:12:00,03/29/202606:12,139.49,1.16,161.8084,54.18000000000001,1.89,102.40020000000001,102.0,0.9,17.0,198.7,23581.0,44606.0,23.9,27.2,33.0,29.82,19.76,198.0,336.4,2.6,0.6328484800541876
2026-03-29T18:12:46,03/29/202606:12,139.35,1.19,165.82649999999998,54.18000000000001,1.9600000000000002,106.19280000000002,105.8,0.9,17.0,198.7,23581.0,44606.0,23.9,27.2,33.0,29.82,19.741000000000003,197.8,336.5,2.6,0.6403849806876466
2026-03-29T18:13:01,03/29/202606:13,139.18,1.24,172.5832,54.18000000000001,2.07,112.1526,111.7,0.9,17.0,198.7,23581.0,44606.0,23.9,27.2,33.0,29.82,19.722,197.6,336.6,2.6,0.6498465667573669
2026-03-29T18:13:46,03/29/202606:13,139.14000000000001,1.25,173.925,54.18000000000001,2.09,113.23620000000001,112.8,0.9,17.0,198.7,23581.0,44606.0,23.8,27.2,33.0,29.82,19.703,197.4,336.7,2.6,0.6510633893919793
2026-03-29T18:14:00,03/29/202606:14,139.13,1.24,172.5212,54.19,2.1,113.799,113.4,0.9,17.0,198.7,23581.0,44606.0,23.8,27.2,33.0,29.82,19.684,197.2,336.8,2.6,0.6596232810808179
2026-03-29T18:14:46,03/29/202606:14,139.07999999999998,1.25,173.84999999999997,54.2,2.13,115.446,115.0,0.9,17.0,198.7,23581.0,44606.0,23.9,27.2,33.0,29.82,19.665,197.0,336.9,2.6,0.6640552200172564
2026-03-29T18:15:00,03/29/202606:15,138.95999999999998,1.2799999999999998,177.86879999999994,54.2,2.2199999999999998,120.324,119.8,0.9,17.0,198.7,23581.0,44606.0,23.9,27.2,33.0,29.82,19.646,196.8,337.0,2.6,0.6764761442141626
2026-03-29T18:15:46,03/29/202606:15,139.09,1.2399999999999998,172.47159999999997,54.21,2.12,114.9252,114.3,0.9,17.0,198.7,23581.0,44606.0,23.9,27.189999999999998,33.1,29.82,19.484,196.6,331.6,2.56,0.6663427486032485
2026-03-29T18:16:00,03/29/202606:16,139.22,1.2,167.064,54.220000000000006,2.02,109.52440000000001,108.8,0.9,17.0,198.7,23581.0,44606.0,23.9,27.18,33.2,29.82,19.322,196.4,326.2,2.5200000000000005,0.655583488962314
2026-03-29T18:17:55,03/29/202606:17,139.17000000000002,1.18,164.22060000000002,54.21,1.98,107.3358,106.6,0.9,17.0,198.7,23581.0,44606.0,23.9,27.169999999999998,33.3,29.82,19.16,196.2,320.8,2.48,0.6536074036996576
2026-03-29T18:18:01,03/29/202606:18,139.12,1.16,161.3792,54.2,1.94,105.148,104.4,0.9,17.0,198.7,23581.0,44606.0,23.9,27.160000000000004,33.4,29.82,18.998,196.0,315.4,2.4400000000000004,0.6515585651682497
2026-03-29T18:18:46,03/29/202606:18,138.94,1.15,159.78099999999998,54.2,1.92,104.06400000000001,103.4,0.9,17.0,198.7,23581.0,44606.0,23.9,27.15,33.5,29.82,18.855,196.0,310.0,2.4,0.6512914551792768
2026-03-29T18:19:01,03/29/202606:19,138.76,1.1400000000000001,158.18640000000002,54.2,1.9,102.98,102.4,0.9,17.0,198.7,23581.0,44606.0,23.9,27.139999999999997,33.6,29.82,18.712,196.0,304.6,2.3600000000000003,0.6510041318343422
2026-03-29T18:19:46,03/29/202606:19,137.45999999999998,1.19,163.57739999999995,54.2,1.98,107.316,106.7,0.9,17.0,198.7,23581.0,44606.0,23.9,27.130000000000003,33.7,29.82,18.569,196.0,299.2,2.3200000000000003,0.6560563989891026
2026-03-29T18:20:01,03/29/202606:20,136.16,1.24,168.8384,54.2,2.06,111.65200000000002,111.0,0.9,17.0,198.7,23581.0,44606.0,23.9,27.119999999999997,33.8,29.82,18.426,196.0,293.8,2.2800000000000002,0.6612950608392404
2026-03-29T18:20:46,03/29/202606:20,134.95,1.27,171.38649999999998,54.19,2.1,113.799,113.2,0.9,17.0,198.7,23581.0,44606.0,23.9,27.110000000000003,33.9,29.82,18.283,196.0,288.4,2.24,0.6639904543239988
2026-03-29T18:21:00,03/29/202606:21,133.74,1.3,173.86200000000002,54.17999999999999,2.1399999999999997,115.94519999999997,115.4,0.9,17.0,198.7,23581.0,44606.0,23.9,27.1,34.0,29.82,18.14,196.0,283.0,2.2,0.6668806294647477
2026-03-29T18:21:46,03/29/202606:21,133.45,1.3199999999999998,176.15399999999997,54.17,2.19,118.6323,118.1,0.9,17.0,198.7,23581.0,44606.0,23.9,27.1,34.0,29.82,18.14,196.0,283.0,2.2,0.6734578834428967
2026-03-29T18:22:00,03/29/202606:22,133.16,1.34,178.4344,54.160000000000004,2.2399999999999998,121.3184,120.8,0.9,17.0,198.7,23581.0,44606.0,23.9,27.1,34.0,29.82,18.14,196.0,283.0,2.2,0.6799047717256314
2026-03-29T18:22:47,03/29/202606:22,132.16,1.35,178.416,54.17,2.25,121.88250000000001,121.4,0.9,17.0,198.7,23581.0,44606.0,23.9,27.1,34.0,29.82,18.14,196.0,283.0,2.2,0.6831366020984666
2026-03-29T18:23:01,03/29/202606:23,131.16,1.3599999999999999,178.37759999999997,54.18000000000001,2.2600000000000002,122.44680000000002,122.0,0.9,17.0,198.7,23581.0,44606.0,23.9,27.1,34.0,29.82,18.14,196.0,283.0,2.2,0.6864471772240464
2026-03-29T18:23:47,03/29/202606:23,130.41,1.3599999999999999,177.3576,54.18000000000001,2.2399999999999998,121.3632,120.9,0.9,17.0,198.7,23581.0,44606.0,23.9,27.1,34.0,29.82,18.14,196.0,283.0,2.2,0.6842853083262291
2026-03-29T18:24:01,03/29/202606:24,129.66,1.3599999999999999,176.33759999999998,54.18000000000001,2.2199999999999998,120.2796,119.8,0.9,17.0,198.7,23581.0,44606.0,23.9,27.1,34.0,29.82,18.14,196.0,283.0,2.2,0.6820984293763781
2026-03-29T18:24:46,03/29/202606:24,130.17000000000002,1.34,174.42780000000002,54.18000000000001,2.16,117.02880000000002,116.6,0.9,17.0,198.7,23581.0,44606.0,23.9,27.1,34.0,29.82,18.14,196.0,283.0,2.2,0.6709297485836547
2026-03-29T18:25:00,03/29/202606:25,130.68,1.3199999999999998,172.49759999999998,54.18000000000001,2.1,113.77800000000002,113.4,0.9,17.0,198.7,23581.0,44606.0,23.9,27.1,34.0,29.82,18.14,196.0,283.0,2.2,0.6595917856248437
2026-03-29T18:25:46,03/29/202606:25,131.68,1.29,169.86720000000003,54.19,2.04,110.5476,110.2,0.9,17.0,198.7,23581.0,44606.0,23.9,27.1,34.0,29.82,18.14,196.0,283.0,2.2,0.6507883805702336
2026-03-29T18:26:00,03/29/202606:26,132.68,1.26,167.17680000000001,54.2,1.98,107.316,107.0,0.9,17.0,198.7,23581.0,44606.0,23.9,27.1,34.0,29.82,18.14,196.0,283.0,2.2,0.6419311770532753
2026-03-29T18:26:47,03/29/202606:26,132.88,1.23,163.4424,54.2,1.9100000000000001,103.52200000000002,103.3,0.9,17.0,198.7,23581.0,44606.0,23.9,27.1,34.0,29.82,18.14,196.0,283.0,2.2,0.6333852170550606
2026-03-29T18:27:00,03/29/202606:27,133.07999999999998,1.2,159.69599999999997,54.2,1.8399999999999999,99.728,99.6,0.9,17.0,198.7,23581.0,44606.0,23.9,27.1,34.0,29.82,18.14,196.0,283.0,2.2,0.6244865243963531
2026-03-29T18:29:07,03/29/202606:29,132.92000000000002,1.2,159.50400000000002,54.2,1.8399999999999999,99.728,99.6,0.9,17.0,198.7,23581.0,44606.0,23.9,27.1,34.0,29.82,18.14,196.0,283.0,2.2,0.6252382385394722
2026-03-29T18:29:46,03/29/202606:29,132.79000000000002,1.19,158.0201,54.2,1.81,98.102,97.9,0.9,17.0,198.7,23581.0,44606.0,23.9,27.1,34.0,29.82,18.14,196.0,283.0,2.2,0.6208197564740181
2026-03-29T18:30:00,03/29/202606:30,132.57,1.1800000000000002,156.4326,54.2,1.78,96.47600000000001,96.2,0.9,17.0,198.7,23581.0,44606.0,23.9,27.1,34.0,29.82,18.14,196.0,283.0,2.2,0.6167256697133463
2026-03-29T18:30:46,03/29/202606:30,132.87,1.1800000000000002,156.78660000000002,54.21,1.7399999999999998,94.32539999999999,94.0,0.9,17.0,198.7,23581.0,44606.0,23.9,27.1,34.0,29.82,18.14,196.0,283.0,2.2,0.6016164646723634
2026-03-29T18:31:00,03/29/202606:31,132.9,1.1800000000000002,156.82200000000003,54.220000000000006,1.73,93.8006,93.4,0.9,17.0,198.7,23581.0,44606.0,23.9,27.1,34.0,29.82,18.14,196.0,283.0,2.2,0.5981341903559448
2026-03-29T18:31:47,03/29/202606:31,133.57999999999998,1.15,153.61699999999996,54.220000000000006,1.6800000000000002,91.08960000000002,90.6,0.9,17.0,198.7,23581.0,44606.0,23.9,27.1,34.1,29.82,18.047,196.0,277.8,2.15,0.5929656222944077
2026-03-29T18:32:00,03/29/202606:32,133.72,1.1300000000000001,151.1036,54.220000000000006,1.65,89.46300000000001,88.9,0.9,17.0,198.7,23581.0,44606.0,23.9,27.1,34.2,29.82,17.954,196.0,272.6,2.1,0.5920639878864568
2026-03-29T18:32:46,03/29/202606:32,132.66,1.1400000000000001,151.2324,54.220000000000006,1.69,91.63180000000001,91.0,0.9,17.0,198.7,23581.0,44606.0,23.9,27.110000000000003,34.3,29.82,17.861,196.0,267.4,2.05,0.6059005874402575
2026-03-29T18:33:01,03/29/202606:33,131.41,1.1800000000000002,155.06380000000001,54.220000000000006,1.78,96.51160000000002,95.8,0.9,17.0,198.7,23581.0,44606.0,23.9,27.119999999999997,34.4,29.82,17.768,196.0,262.2,2.0,0.6223992962896563
2026-03-29T18:33:46,03/29/202606:33,131.35999999999999,1.1800000000000002,155.00480000000002,54.220000000000006,1.8,97.59600000000002,96.8,0.9,17.0,198.7,23581.0,44606.0,23.9,27.130000000000003,34.5,29.82,17.675,196.0,257.0,1.95,0.6296321146183861
2026-03-29T18:34:01,03/29/202606:34,132.56,1.1400000000000001,151.1184,54.220000000000006,1.72,93.25840000000001,92.4,0.9,17.0,198.7,23581.0,44606.0,23.9,27.139999999999997,34.6,29.82,17.582,196.0,251.8,1.9,0.6171214094378977
2026-03-29T18:34:46,03/29/202606:34,133.65,1.1300000000000001,151.02450000000002,54.220000000000006,1.69,91.63180000000001,90.8,0.9,17.0,198.7,23581.0,44606.0,23.9,27.15,34.7,29.82,17.464000000000002,195.7,246.6,1.85,0.6067346688782284
2026-03-29T18:35:00,03/29/202606:35,134.74,1.12,150.9088,54.220000000000006,1.6600000000000001,90.00520000000002,89.2,0.9,17.0,198.7,23581.0,44606.0,23.9,27.160000000000004,34.8,29.82,17.346,195.4,241.4,1.8,0.5964211497275176
2026-03-29T18:35:47,03/29/202606:35,135.41,1.08,146.24280000000002,54.220000000000006,1.6,86.75200000000001,86.0,0.9,18.0,198.7,23581.0,44606.0,23.9,27.169999999999998,34.9,29.82,17.34,195.0,236.2,1.75,0.5932052723279369
2026-03-29T18:36:00,03/29/202606:36,136.07999999999998,1.04,141.52319999999997,54.220000000000006,1.54,83.49880000000002,82.8,0.9,18.0,198.7,23581.0,44606.0,23.9,27.18,35.0,29.82,17.334,194.6,231.0,1.7,0.5900007913896805
2026-03-29T18:36:46,03/29/202606:36,134.92000000000002,1.06,143.01520000000002,54.220000000000006,1.6,86.75200000000001,86.1,0.9,18.0,198.7,23581.0,44606.0,23.9,27.189999999999998,35.0,29.82,17.421,194.2,231.0,1.7,0.6065928656534411
2026-03-29T18:37:00,03/29/202606:37,133.76,1.08,144.4608,54.220000000000006,1.6600000000000001,90.00520000000002,89.4,0.9,18.0,198.7,23581.0,44606.0,23.9,27.2,35.0,29.82,17.508,193.8,231.0,1.7,0.6230423755094808
2026-03-29T18:37:46,03/29/202606:37,133.81,1.0699999999999998,143.17669999999998,54.220000000000006,1.65,89.46300000000001,88.9,0.9,18.0,198.7,23581.0,44606.0,23.9,27.2,35.0,29.82,17.595,193.4,231.0,1.7,0.6248432880489634
2026-03-29T18:38:00,03/29/202606:38,133.85999999999999,1.06,141.89159999999998,54.220000000000006,1.64,88.9208,88.4,0.9,18.0,198.7,23581.0,44606.0,23.9,27.2,35.0,29.82,17.682,193.0,231.0,1.7,0.6266812129823048
2026-03-29T18:38:47,03/29/202606:38,132.65,1.1,145.91500000000002,54.220000000000006,1.7100000000000002,92.71620000000001,92.2,0.9,18.0,198.7,23581.0,44606.0,23.9,27.2,35.0,29.82,17.769,192.6,231.0,1.7,0.6354123976287565
2026-03-29T18:40:18,03/29/202606:40,132.60999999999999,1.1099999999999999,147.19709999999998,54.220000000000006,1.7100000000000002,92.71620000000001,92.2,0.9,18.0,198.7,23581.0,44606.0,23.9,27.2,35.0,29.82,17.856,192.2,231.0,1.7,0.6298778984096836
2026-03-29T18:40:47,03/29/202606:40,132.07999999999998,1.1199999999999999,147.92959999999997,54.220000000000006,1.7399999999999998,94.3428,93.8,0.9,18.0,198.7,23581.0,44606.0,23.9,27.2,35.0,29.82,17.967999999999996,192.1,231.0,1.7,0.6377547157566844
2026-03-29T18:41:00,03/29/202606:41,131.55,1.1300000000000001,148.65150000000003,54.220000000000006,1.77,95.96940000000001,95.4,0.9,18.0,198.7,23581.0,44606.0,23.9,27.2,35.0,29.82,18.08,192.0,231.0,1.7,0.6455999434919929
2026-03-29T18:41:46,03/29/202606:41,130.35,1.16,151.206,54.21,1.8399999999999999,99.7464,99.1,0.9,18.0,198.7,23581.0,44606.0,23.9,27.2,35.0,29.82,18.08,192.0,231.0,1.7,0.6596722352287607
2026-03-29T18:42:01,03/29/202606:42,129.15,1.19,153.6885,54.2,1.9100000000000001,103.52200000000002,102.8,0.9,18.0,198.7,23581.0,44606.0,23.9,27.2,35.0,29.82,18.08,192.0,231.0,1.7,0.6735832544399875
2026-03-29T18:42:46,03/29/202606:42,129.10999999999999,1.17,151.0587,54.19,1.86,100.7934,100.1,0.9,18.0,198.7,23581.0,44606.0,23.9,27.2,35.0,29.82,18.08,192.0,231.0,1.7,0.6672465736829458
2026-03-29T18:43:00,03/29/202606:43,129.07,1.15,148.43049999999997,54.18000000000001,1.81,98.06580000000001,97.4,0.9,18.0,198.7,23581.0,44606.0,23.9,27.2,35.0,29.82,18.08,192.0,231.0,1.7,0.6606849670384458
2026-03-29T18:43:10,03/29/202606:43,129.57999999999998,1.1099999999999999,143.83379999999997,54.18000000000001,1.72,93.18960000000001,92.5,0.9,18.0,198.7,23581.0,44606.0,23.9,27.2,35.0,29.82,18.08,192.0,231.0,1.7,0.647897782023419
2026-03-29T18:44:00,03/29/202606:44,130.08999999999997,1.0699999999999998,139.19629999999995,54.18000000000001,1.6300000000000001,88.31340000000002,87.6,0.9,18.0,198.7,23581.0,44606.0,23.9,27.2,35.0,29.82,18.08,192.0,231.0,1.7,0.6344522088590002
2026-03-29T18:44:08,03/29/202606:44,130.10999999999999,1.03,134.0133,54.18000000000001,1.55,83.97900000000001,83.3,0.9,18.0,198.7,23581.0,44606.0,23.9,27.2,35.0,29.82,18.08,192.0,231.0,1.7,0.6266467581948958
2026-03-29T18:45:00,03/29/202606:45,128.95999999999998,1.02,131.5392,54.18000000000001,1.54,83.43720000000002,82.8,0.9,18.0,198.7,23581.0,44606.0,23.9,27.2,35.0,29.82,18.08,192.0,231.0,1.7,0.6343143336739164
2026-03-29T18:45:08,03/29/202606:45,128.31,0.9800000000000001,125.74380000000001,54.17,1.45,78.5465,78.0,0.9,18.0,198.7,23581.0,44606.0,23.9,27.2,35.0,29.82,18.08,192.0,231.0,1.7,0.6246550525751567
2026-03-29T18:46:00,03/29/202606:46,127.66,0.9400000000000001,120.0004,54.160000000000004,1.3599999999999999,73.6576,73.2,0.9,18.0,198.7,23581.0,44606.0,23.9,27.2,35.0,29.82,18.08,192.0,231.0,1.7,0.613811287295709
2026-03-29T18:46:08,03/29/202606:46,127.58,0.9099999999999999,116.09779999999999,54.160000000000004,1.26,68.2416,67.8,0.9,18.0,198.7,23581.0,44606.0,23.9,27.169999999999998,35.0,29.82,17.955999999999996,191.9,225.7,1.6600000000000001,0.5877940839533566
2026-03-29T18:47:01,03/29/202606:47,127.5,0.8800000000000001,112.20000000000002,54.160000000000004,1.16,62.8256,62.4,0.9,18.0,198.7,23581.0,44606.0,23.9,27.139999999999997,35.0,29.82,17.832,191.8,220.4,1.6199999999999999,0.5599429590017825
2026-03-29T18:47:08,03/29/202606:47,127.42999999999999,0.8700000000000001,110.86410000000001,54.160000000000004,1.1,59.57600000000001,59.1,0.9,18.0,198.7,23581.0,44606.0,23.9,27.109999999999996,35.0,29.82,17.708,191.7,215.1,1.58,0.5373786464689652
2026-03-29T18:48:00,03/29/202606:48,127.35999999999999,0.86,109.52959999999999,54.160000000000004,1.04,56.32640000000001,55.8,0.9,18.0,198.7,23581.0,44606.0,23.9,27.080000000000002,35.0,29.82,17.583999999999996,191.6,209.8,1.54,0.5142573331775157
2026-03-29T18:48:07,03/29/202606:48,126.82000000000001,0.86,109.0652,54.160000000000004,1.02,55.2432,54.7,0.9,18.0,198.7,23581.0,44606.0,23.9,27.05,35.0,29.82,17.46,191.5,204.5,1.5,0.5065153687885778
2026-03-29T18:49:00,03/29/202606:49,126.28,0.86,108.60079999999999,54.160000000000004,1.0,54.160000000000004,53.6,0.9,18.0,198.7,23581.0,44606.0,23.9,27.02,35.0,29.82,17.336,191.4,199.2,1.46,0.49870719184389073
2026-03-29T18:49:07,03/29/202606:49,126.28,0.8400000000000001,106.07520000000001,54.15,0.97,52.525499999999994,52.0,0.9,18.0,198.7,23581.0,44606.0,23.9,26.99,35.0,29.82,17.212,191.3,193.9,1.42,0.4951722928639304
2026-03-29T18:50:00,03/29/202606:50,126.28,0.82,103.5496,54.14,0.9400000000000001,50.891600000000004,50.4,0.9,18.0,198.7,23581.0,44606.0,23.9,26.959999999999997,35.0,29.82,17.088,191.2,188.6,1.3800000000000001,0.4914707541120391
2026-03-29T18:51:30,03/29/202606:51,126.35,0.82,103.60699999999999,54.14,0.9199999999999999,49.8088,49.3,0.9,18.0,198.7,23581.0,44606.0,23.9,26.93,35.0,29.82,16.964,191.1,183.3,1.34,0.4807474398447982
2026-03-29T18:52:00,03/29/202606:52,126.42,0.82,103.6644,54.14,0.9,48.726,48.2,0.9,18.0,198.7,23581.0,44606.0,23.9,26.9,35.0,29.82,16.84,191.0,178.0,1.3,0.47003600078715546
2026-03-29T18:52:06,03/29/202606:52,126.49000000000001,0.8099999999999999,102.4569,54.14,0.8800000000000001,47.64320000000001,47.1,0.9,18.0,198.7,23581.0,44606.0,23.9,26.9,35.0,29.82,16.84,191.0,178.0,1.3,0.46500723718949144
2026-03-29T18:53:01,03/29/202606:53,126.55999999999999,0.8,101.24799999999999,54.14,0.86,46.5604,46.0,0.9,18.0,198.7,23581.0,44606.0,23.9,26.9,35.0,29.82,16.84,191.0,178.0,1.3,0.4598648862199748
2026-03-29T18:53:07,03/29/202606:53,126.62,0.78,98.76360000000001,54.14,0.85,46.019,45.5,0.9,18.0,198.7,23581.0,44606.0,23.9,26.9,35.0,29.82,16.84,191.0,178.0,1.3,0.4659510183913911
2026-03-29T18:54:01,03/29/202606:54,126.67999999999999,0.76,96.2768,54.14,0.8400000000000001,45.4776,45.0,0.9,18.0,198.7,23581.0,44606.0,23.9,26.9,35.0,29.82,16.84,191.0,178.0,1.3,0.47236301995911795
2026-03-29T18:55:01,03/29/202606:55,126.65,0.75,94.98750000000001,54.13000000000001,0.8300000000000001,44.927900000000015,44.5,0.9,18.0,198.7,23581.0,44606.0,23.9,26.9,35.0,29.82,16.84,191.0,178.0,1.3,0.47298749835504683
2026-03-29T18:55:07,03/29/202606:55,126.62,0.74,93.6988,54.120000000000005,0.8099999999999999,43.8372,43.4,0.9,18.0,198.7,23581.0,44606.0,23.9,26.9,35.0,29.82,16.84,191.0,178.0,1.3,0.4678523097414268
2026-03-29T18:55:49,03/29/202606:55,126.6,0.73,92.41799999999999,54.120000000000005,0.78,42.21360000000001,41.7,0.9,18.0,198.7,23581.0,44606.0,23.9,26.9,35.0,29.82,16.84,191.0,178.0,1.3,0.45676816204635473
2026-03-29T18:56:00,03/29/202606:56,126.58,0.72,91.13759999999999,54.120000000000005,0.75,40.59,40.0,0.9,18.0,198.7,23581.0,44606.0,23.9,26.9,35.0,29.82,16.84,191.0,178.0,1.3,0.4453705166693001
2026-03-29T18:56:49,03/29/202606:56,126.55999999999999,0.71,89.85759999999999,54.120000000000005,0.72,38.9664,38.4,0.9,18.0,198.7,23581.0,44606.0,23.9,26.9,35.0,29.82,16.84,191.0,178.0,1.3,0.4336461245348196
2026-03-29T18:57:01,03/29/202606:57,126.54,0.7,88.578,54.120000000000005,0.6900000000000001,37.342800000000004,36.8,0.9,18.0,198.7,23581.0,44606.0,23.9,26.9,35.0,29.82,16.84,191.0,178.0,1.3,0.4215809794757163
2026-03-29T18:57:49,03/29/202606:57,126.50999999999999,0.69,87.29189999999998,54.11,0.6599999999999999,35.712599999999995,35.2,0.9,18.0,198.7,23581.0,44606.0,23.9,26.9,35.0,29.82,16.84,191.0,178.0,1.3,0.40911699710969746
2026-03-29T18:58:01,03/29/202606:58,126.47999999999999,0.6799999999999999,86.00639999999999,54.1,0.63,34.083,33.6,0.9,18.0,198.7,23581.0,44606.0,23.9,26.9,35.0,29.82,16.84,191.0,178.0,1.3,0.39628446255162414
2026-03-29T18:58:48,03/29/202606:58,126.47,0.6699999999999999,84.7349,54.1,0.6,32.46,32.0,0.9,18.0,198.7,23581.0,44606.0,23.9,26.9,35.0,29.82,16.84,191.0,178.0,1.3,0.38307710282303986
2026-03-29T18:59:01,03/29/202606:59,126.46,0.6599999999999999,83.46359999999999,54.1,0.5700000000000001,30.837000000000003,30.4,0.9,18.0,198.7,23581.0,44606.0,23.9,26.9,35.0,29.82,16.84,191.0,178.0,1.3,0.36946645004528933
2026-03-29T18:59:04,03/29/202606:59,126.45,0.65,82.19250000000001,54.1,0.53,28.673000000000002,28.2,0.9,18.0,198.7,23581.0,44606.0,23.9,26.9,35.0,29.82,16.84,191.0,178.0,1.3,0.3488517808802506
2026-03-29T19:00:00,03/29/202607:00,126.44000000000001,0.6399999999999999,80.9216,54.1,0.5,27.05,26.6,0.9,18.0,198.7,23581.0,44606.0,23.9,26.9,35.0,29.82,16.84,191.0,178.0,1.3,0.3342741616577033
2026-03-29T19:00:03,03/29/202607:00,126.42999999999999,0.6399999999999999,80.91519999999998,54.1,0.48,25.968,25.6,0.9,18.0,198.7,23581.0,44606.0,23.9,26.9,35.0,29.82,16.84,191.0,178.0,1.3,0.32092857707822514
2026-03-29T19:01:00,03/29/202607:01,126.42,0.6399999999999999,80.90879999999999,54.1,0.45999999999999996,24.886,24.6,0.9,18.0,198.7,23581.0,44606.0,23.9,26.9,35.0,29.82,16.84,191.0,178.0,1.3,0.30758088118968524
2026-03-29T19:01:03,03/29/202607:01,126.4,0.6199999999999999,78.368,54.1,0.45,24.345000000000002,24.0,0.9,18.0,198.7,23581.0,44606.0,23.9,26.9,35.0,29.82,16.84,191.0,178.0,1.3,0.3106497550020417
2026-03-29T19:02:39,03/29/202607:02,126.38,0.61,77.09179999999999,54.089999999999996,0.43,23.258699999999997,22.9,0.9,18.0,198.7,23581.0,44606.0,23.9,26.839999999999996,35.1,29.82,16.722,190.8,172.9,1.28,0.30170134826272055
2026-03-29T19:03:00,03/29/202607:03,126.37,0.6,75.822,54.08,0.42000000000000004,22.713600000000003,22.4,0.9,18.0,198.7,23581.0,44606.0,23.9,26.78,35.2,29.82,16.604,190.6,167.8,1.2600000000000002,0.2995647701194904
2026-03-29T19:03:17,03/29/202607:03,126.35999999999999,0.58,73.28879999999998,54.089999999999996,0.39,21.0951,20.8,0.9,18.0,198.7,23581.0,44606.0,23.9,26.72,35.3,29.82,16.486,190.4,162.7,1.24,0.28783524904214564
2026-03-29T19:04:01,03/29/202607:04,126.35,0.5700000000000001,72.01950000000001,54.1,0.35,18.935,18.6,0.9,18.0,198.7,23581.0,44606.0,23.9,26.660000000000004,35.4,29.82,16.368000000000002,190.2,157.6,1.2200000000000002,0.26291490499100933
2026-03-29T19:04:18,03/29/202607:04,126.33,0.5599999999999999,70.7448,54.1,0.32,17.312,16.9,0.9,18.0,198.7,23581.0,44606.0,23.9,26.6,35.5,29.82,16.25,190.0,152.5,1.2,0.24471056529949906
2026-03-29T19:05:01,03/29/202607:05,126.30999999999999,0.55,69.4705,54.1,0.3,16.23,15.8,0.9,18.0,198.7,23581.0,44606.0,23.9,26.54,35.6,29.82,16.131999999999998,189.8,147.4,1.1800000000000002,0.23362434414607638
2026-03-29T19:06:01,03/29/202607:06,126.29,0.54,68.1966,54.1,0.27999999999999997,15.148,14.7,0.9,18.0,198.7,23581.0,44606.0,23.9,26.48,35.7,29.82,16.014,189.6,142.3,1.1600000000000001,0.22212251050638887
2026-03-29T19:06:18,03/29/202607:06,126.27000000000001,0.52,65.66040000000001,54.1,0.25,13.525,13.0,0.9,18.0,198.7,23581.0,44606.0,23.9,26.419999999999998,35.8,29.82,15.896,189.4,137.2,1.1400000000000001,0.20598412437329042
2026-03-29T19:07:00,03/29/202607:07,126.25,0.5,63.125,54.1,0.22000000000000003,11.902000000000001,11.3,0.9,18.0,198.7,23581.0,44606.0,23.9,26.360000000000003,35.9,29.82,15.778,189.2,132.1,1.12,0.18854653465346535
2026-03-29T19:07:18,03/29/202607:07,126.22999999999999,0.49000000000000005,61.8527,54.1,0.2,10.82,10.2,0.9,18.0,198.7,23581.0,44606.0,23.9,26.3,36.0,29.82,15.66,189.0,127.0,1.1,0.1749317329720449
2026-03-29T19:08:00,03/29/202607:08,126.21,0.47000000000000003,59.3187,54.11,0.19,10.2809,9.6,0.9,18.0,198.7,23581.0,44606.0,23.9,26.3,36.0,29.82,15.66,189.0,127.0,1.1,0.17331634037832927
2026-03-29T19:08:18,03/29/202607:08,126.85,0.41,52.0085,54.11,0.16,8.6576,8.0,0.9,18.0,198.7,23581.0,44606.0,23.9,26.3,36.0,29.82,15.66,189.0,127.0,1.1,0.16646509705144352
2026-03-29T19:09:01,03/29/202607:09,127.49000000000001,0.36,45.8964,54.089999999999996,0.15,8.113499999999998,7.5,0.9,18.0,198.7,23581.0,44606.0,23.9,26.3,36.0,29.82,15.66,189.0,127.0,1.1,0.17677857086830337
2026-03-29T19:09:18,03/29/202607:09,120.79,0.33999999999999997,41.068599999999996,54.06,0.18,9.7308,9.1,0.9,18.0,198.7,23581.0,44606.0,23.9,26.3,36.0,29.82,15.66,189.0,127.0,1.1,0.23694014405165995
2026-03-29T19:10:01,03/29/202607:10,114.1,0.32,36.512,54.04,0.2,10.808,10.2,0.9,18.0,198.7,23581.0,44606.0,23.9,26.3,36.0,29.82,15.66,189.0,127.0,1.1,0.2960122699386503
2026-03-29T19:10:19,03/29/202607:10,107.4,0.3,32.22,54.010000000000005,0.22000000000000003,11.882200000000003,11.3,0.9,18.0,198.7,23581.0,44606.0,23.9,26.3,36.0,29.82,15.66,189.0,127.0,1.1,0.3687833643699566
2026-03-29T19:11:00,03/29/202607:11,100.7,0.27999999999999997,28.195999999999998,53.98,0.24000000000000005,12.955200000000001,12.4,0.9,18.0,198.7,23581.0,44606.0,23.9,26.3,36.0,29.82,15.66,189.0,127.0,1.1,0.4594694282877005
2026-03-29T19:11:18,03/29/202607:11,94.0,0.27,25.380000000000003,53.96,0.27,14.5692,14.0,0.9,18.0,198.7,23581.0,44606.0,23.9,26.3,36.0,29.82,15.66,189.0,127.0,1.1,0.5740425531914893
2026-03-29T19:12:01,03/29/202607:12,87.3,0.26,22.698,53.94,0.3,16.182,15.6,0.9,18.0,198.7,23581.0,44606.0,23.9,26.3,36.0,29.82,15.66,189.0,127.0,1.1,0.7129262490087231
2026-03-29T19:12:18,03/29/202607:12,80.6,0.25,20.15,53.92,0.33,17.7936,17.2,0.9,18.0,198.7,23581.0,44606.0,23.9,26.3,36.0,29.82,15.66,189.0,127.0,1.1,0.8830570719602979
2026-03-29T19:13:51,03/29/202607:13,73.9,0.22999999999999998,16.997,53.9,0.36,19.404,18.8,0.9,18.0,198.7,23581.0,44606.0,23.9,26.3,36.0,29.82,15.66,189.0,127.0,1.1,1.1416132258633878
2026-03-29T19:14:00,03/29/202607:14,66.53999999999999,0.25,16.634999999999998,53.89,0.41,22.0949,21.4,0.9,18.0,198.7,23581.0,44606.0,23.9,26.3,36.0,29.82,15.66,189.0,127.0,1.1,1.3282176134655848
2026-03-29T19:14:18,03/29/202607:14,59.17,0.27999999999999997,16.5676,53.86999999999999,0.45999999999999996,24.780199999999994,24.0,0.9,18.0,198.7,23581.0,44606.0,23.9,26.3,36.0,29.82,15.66,189.0,127.0,1.1,1.4957024553948668
2026-03-29T19:15:01,03/29/202607:15,59.14,0.27999999999999997,16.559199999999997,53.86,0.47000000000000003,25.3142,24.5,0.9,18.0,198.7,23581.0,44606.0,23.9,26.3,36.0,29.82,15.66,189.0,127.0,1.1,1.5287091163824342
2026-03-29T19:15:18,03/29/202607:15,62.25,0.27,16.8075,53.85,0.45999999999999996,24.770999999999997,24.0,0.9,18.0,198.7,23581.0,44606.0,23.9,26.3,36.0,29.82,15.66,189.0,127.0,1.1,1.4738063364569387
2026-03-29T19:16:01,03/29/202607:16,65.37,0.26,16.9962,53.85,0.45,24.2325,23.5,0.9,18.0,198.7,23581.0,44606.0,23.9,26.3,36.0,29.82,15.66,189.0,127.0,1.1,1.4257598757369294
2026-03-29T19:16:18,03/29/202607:16,69.39,0.25,17.3475,53.839999999999996,0.45999999999999996,24.766399999999997,24.0,0.9,18.0,198.7,23581.0,44606.0,23.9,26.25,36.1,29.82,15.536000000000001,188.7,122.2,1.07,1.4276639285199595
2026-03-29T19:17:01,03/29/202607:17,73.41,0.24,17.618399999999998,53.82000000000001,0.45999999999999996,24.7572,24.0,0.9,18.0,198.7,23581.0,44606.0,23.9,26.2,36.2,29.82,15.412,188.4,117.4,1.04,1.4051900286064571
2026-03-29T19:17:18,03/29/202607:17,73.33000000000001,0.24,17.599200000000003,53.8,0.44000000000000006,23.672,23.0,0.9,18.0,198.7,23581.0,44606.0,23.9,26.15,36.3,29.82,15.288,188.1,112.6,1.0100000000000002,1.345061139142688
2026-03-29T19:18:01,03/29/202607:18,73.26,0.24,17.5824,53.779999999999994,0.42000000000000004,22.5876,22.0,0.9,18.0,198.7,23581.0,44606.0,23.9,26.1,36.4,29.82,15.163999999999998,187.8,107.8,0.9800000000000001,1.2846710346710346
2026-03-29T19:18:18,03/29/202607:18,73.24,0.26,19.0424,53.75,0.4,21.5,21.0,0.9,18.0,198.7,23581.0,44606.0,23.9,26.05,36.5,29.82,15.040000000000001,187.5,103.0,0.95,1.1290593622652607
2026-03-29T19:19:00,03/29/202607:19,73.22,0.27999999999999997,20.501599999999996,53.720000000000006,0.38,20.413600000000002,20.0,0.9,18.0,198.7,23581.0,44606.0,23.9,26.0,36.6,29.82,14.916,187.2,98.2,0.9200000000000002,0.9957076520856911
2026-03-29T19:20:01,03/29/202607:20,73.21000000000001,0.29,21.230900000000002,53.71,0.36,19.3356,19.0,0.9,18.0,198.7,23581.0,44606.0,23.9,25.95,36.7,29.82,14.791999999999998,186.9,93.4,0.89,0.9107291730449485
2026-03-29T19:20:09,03/29/202607:20,80.41,0.26,20.9066,53.69,0.31999999999999995,17.180799999999998,16.9,0.9,18.0,198.7,23581.0,44606.0,23.9,25.9,36.8,29.82,14.668000000000001,186.6,88.6,0.8600000000000001,0.8217883347842306
2026-03-29T19:21:01,03/29/202607:21,84.47,0.24,20.2728,53.67,0.3,16.101,15.8,0.9,18.0,198.7,23581.0,44606.0,23.9,25.85,36.9,29.82,14.544,186.3,83.8,0.8300000000000001,0.7942168817331596
2026-03-29T19:21:08,03/29/202607:21,88.52000000000001,0.22000000000000003,19.474400000000006,53.65,0.27,14.4855,14.2,0.9,18.0,198.7,23581.0,44606.0,23.9,25.8,37.0,29.82,14.419999999999998,186.0,79.0,0.8,0.7438226594914347
2026-03-29T19:22:01,03/29/202607:22,91.67,0.2,18.334,53.64,0.22000000000000003,11.800800000000002,11.6,0.9,18.0,198.7,23581.0,44606.0,23.9,25.8,37.0,29.82,14.419999999999998,186.0,79.0,0.8,0.6436565943056618
2026-03-29T19:22:09,03/29/202607:22,94.72999999999999,0.18,17.051399999999997,53.620000000000005,0.16999999999999998,9.1154,9.0,0.9,18.0,198.7,23581.0,44606.0,24.0,25.8,37.0,29.82,14.419999999999998,186.0,79.0,0.8,0.5345836705490459
2026-03-29T19:23:00,03/29/202607:23,101.89,0.15,15.2835,53.6,0.13999999999999999,7.504,7.4,0.9,18.0,198.7,23581.0,44606.0,24.0,25.8,37.0,29.82,14.419999999999998,186.0,79.0,0.8,0.4909870121372722
2026-03-29T19:23:09,03/29/202607:23,109.1,0.12000000000000002,13.092000000000002,53.58,0.11000000000000001,5.893800000000001,5.8,0.9,18.0,198.7,23581.0,44606.0,23.9,25.8,37.0,29.82,14.419999999999998,186.0,79.0,0.8,0.45018331805682854
2026-03-29T19:25:03,03/29/202607:25,116.22999999999999,0.08,9.298399999999999,53.56,0.08,4.284800000000001,4.2,0.9,18.0,198.7,23581.0,44606.0,23.9,25.8,37.0,29.82,14.419999999999998,186.0,79.0,0.8,0.46081046201497045
2026-03-29T19:25:48,03/29/202607:25,123.33,0.04,4.9332,53.54,0.05,2.677,2.6,0.9,18.0,198.7,23581.0,44606.0,23.9,25.8,37.0,29.82,14.419999999999998,186.0,79.0,0.8,0.5426498013459823
2026-03-29T19:26:00,03/29/202607:26,130.43,0.0,0.0,53.510000000000005,0.02,1.0702,1.0,0.9,18.0,198.7,23581.0,44606.0,23.9,25.8,37.0,29.82,14.419999999999998,186.0,79.0,0.8,
2026-03-29T19:26:19,03/29/202607:26,130.3,0.0,0.0,53.48,0.01,0.5347999999999999,0.5,0.9,18.0,198.7,23581.0,44606.0,23.9,25.8,37.0,29.82,14.419999999999998,186.0,79.0,0.8,
2026-03-29T19:27:00,03/29/202607:27,130.17000000000002,0.0,0.0,53.45,0.0,0.0,0.0,0.9,18.0,198.7,23581.0,44606.0,23.9,25.8,37.0,29.82,14.419999999999998,186.0,79.0,0.8,
2026-03-29T19:27:19,03/29/202607:27,130.04000000000002,0.0,0.0,53.42,0.0,0.0,0.0,0.9,18.0,198.7,23581.0,44606.0,23.9,25.8,37.0,29.82,14.419999999999998,186.0,79.0,0.8,
2026-03-29T19:28:00,03/29/202607:28,129.91,0.0,0.0,53.39,0.0,0.0,0.0,0.9,18.0,198.7,23581.0,44606.0,23.9,25.8,37.0,29.82,14.419999999999998,186.0,79.0,0.8,
2026-03-29T19:28:20,03/29/202607:28,129.84,0.0,0.0,53.36999999999999,0.0,0.0,0.0,0.9,18.0,198.7,23581.0,44606.0,23.9,25.8,37.0,29.82,14.419999999999998,186.0,79.0,0.8,
2026-03-29T19:29:00,03/29/202607:29,129.77,0.0,0.0,53.35,0.0,0.0,0.0,0.9,18.0,198.7,23581.0,44606.0,23.9,25.8,37.0,29.82,14.419999999999998,186.0,79.0,0.8,
2026-03-29T19:29:20,03/29/202607:29,129.63,0.0,0.0,53.31999999999999,0.0,0.0,0.0,0.9,18.0,198.7,23581.0,44606.0,23.9,25.8,37.0,29.82,14.419999999999998,186.0,79.0,0.8,
2026-03-29T19:30:00,03/29/202607:30,129.52,0.0,0.0,53.3,0.0,0.0,0.0,0.9,18.0,198.7,23581.0,44606.0,23.9,25.8,37.0,29.82,14.419999999999998,186.0,79.0,0.8,
2026-03-29T19:30:19,03/29/202607:30,129.4,0.0,0.0,53.279999999999994,0.0,0.0,0.0,0.9,18.0,198.7,23581.0,44606.0,23.9,25.8,37.0,29.82,14.419999999999998,186.0,79.0,0.8,
2026-03-29T19:31:00,03/29/202607:31,129.28,0.0,0.0,53.260000000000005,0.0,0.0,0.0,0.9,18.0,198.7,23581.0,44606.0,23.9,25.8,37.0,29.82,14.419999999999998,186.0,79.0,0.8,
2026-03-29T19:31:19,03/29/202607:31,129.16,0.0,0.0,53.25,0.0,0.0,0.0,0.9,18.0,198.7,23581.0,44606.0,23.9,25.74,37.1,29.82,14.302000000000001,185.8,74.9,0.77,
2026-03-29T19:32:00,03/29/202607:32,129.04000000000002,0.0,0.0,53.239999999999995,0.0,0.0,0.0,0.9,18.0,198.7,23581.0,44606.0,23.9,25.68,37.2,29.82,14.184000000000001,185.6,70.8,0.74,
2026-03-29T19:32:20,03/29/202607:32,128.89000000000001,0.0,0.0,53.220000000000006,0.0,0.0,0.0,0.9,18.0,198.7,23581.0,44606.0,23.9,25.619999999999997,37.3,29.82,14.065999999999999,185.4,66.7,0.7100000000000001,
2026-03-29T19:33:01,03/29/202607:33,128.74,0.0,0.0,53.2,0.0,0.0,0.0,0.9,18.0,198.7,23581.0,44606.0,23.9,25.56,37.4,29.82,13.947999999999999,185.2,62.6,0.68,
2026-03-29T19:33:20,03/29/202607:33,128.58999999999997,0.0,0.0,53.17,0.0,0.0,0.0,0.9,18.0,198.7,23581.0,44606.0,23.9,25.5,37.5,29.82,13.830000000000002,185.0,58.5,0.65,
2026-03-29T19:34:00,03/29/202607:34,128.44,0.0,0.0,53.14,0.0,0.0,0.0,0.9,18.0,198.7,23581.0,44606.0,23.9,25.44,37.6,29.82,13.712,184.8,54.4,0.62,
2026-03-29T19:34:19,03/29/202607:34,128.28,0.0,0.0,53.13000000000001,0.0,0.0,0.0,0.9,18.0,198.7,23581.0,44606.0,23.9,25.380000000000003,37.7,29.82,13.594,184.6,50.3,0.5900000000000001,
2026-03-29T19:36:14,03/29/202607:36,128.07999999999998,0.0,0.0,53.11,0.0,0.0,0.0,0.9,18.0,198.7,23581.0,44606.0,23.9,25.32,37.8,29.82,13.475999999999999,184.4,46.2,0.5599999999999999,
2026-03-29T19:36:19,03/29/202607:36,127.87,0.0,0.0,53.089999999999996,0.0,0.0,0.0,0.9,18.0,198.7,23581.0,44606.0,24.0,25.259999999999998,37.9,29.82,13.358,184.2,42.1,0.53,
2026-03-29T19:37:01,03/29/202607:37,127.66,0.0,0.0,53.07000000000001,0.0,0.0,0.0,0.9,18.0,198.7,23581.0,44606.0,24.0,25.2,38.0,29.82,13.24,184.0,38.0,0.5,
2026-03-29T19:37:20,03/29/202607:37,127.42999999999999,0.0,0.0,53.04,0.0,0.0,0.0,0.9,18.0,198.7,23581.0,44606.0,23.9,25.2,38.0,29.82,13.24,184.0,38.0,0.5,
2026-03-29T19:38:01,03/29/202607:38,127.2,0.0,0.0,53.010000000000005,0.0,0.0,0.0,0.9,18.0,198.7,23581.0,44606.0,23.9,25.2,38.0,29.82,13.24,184.0,38.0,0.5,
2026-03-29T19:38:09,03/29/202607:38,126.97,0.0,0.0,52.98,0.0,0.0,0.0,0.9,18.0,198.7,23581.0,44606.0,23.9,25.2,38.0,29.82,13.24,184.0,38.0,0.5,
2026-03-29T19:39:01,03/29/202607:39,126.74000000000001,0.0,0.0,52.95,0.0,0.0,0.0,0.9,18.0,198.7,23581.0,44606.0,23.9,25.2,38.0,29.82,13.24,184.0,38.0,0.5,
2026-03-29T19:39:08,03/29/202607:39,126.47999999999999,0.0,0.0,52.94,0.0,0.0,0.0,0.9,18.0,198.7,23581.0,44606.0,23.9,25.2,38.0,29.82,13.24,184.0,38.0,0.5,
2026-03-29T19:40:01,03/29/202607:40,126.22,0.0,0.0,52.92999999999999,0.0,0.0,0.0,0.9,18.0,198.7,23581.0,44606.0,23.9,25.2,38.0,29.82,13.24,184.0,38.0,0.5,
2026-03-29T19:40:08,03/29/202607:40,125.94000000000001,0.0,0.0,52.9,0.0,0.0,0.0,0.9,18.0,198.7,23581.0,44606.0,24.0,25.2,38.0,29.82,13.24,184.0,38.0,0.5,
2026-03-29T19:41:01,03/29/202607:41,125.7,0.0,0.0,52.879999999999995,0.0,0.0,0.0,0.9,18.0,198.7,23581.0,44606.0,24.0,25.2,38.0,29.82,13.24,184.0,38.0,0.5,
2026-03-29T19:41:09,03/29/202607:41,125.44000000000001,0.0,0.0,52.86,0.0,0.0,0.0,0.9,18.0,198.7,23581.0,44606.0,23.9,25.2,38.0,29.82,13.24,184.0,38.0,0.5,
2026-03-29T19:42:00,03/29/202607:42,125.17999999999999,0.0,0.0,52.839999999999996,0.0,0.0,0.0,0.9,18.0,198.7,23581.0,44606.0,23.9,25.2,38.0,29.82,13.24,184.0,38.0,0.5,
2026-03-29T19:42:09,03/29/202607:42,124.89000000000001,0.0,0.0,52.81999999999999,0.0,0.0,0.0,0.9,18.0,198.7,23581.0,44606.0,23.9,25.2,38.0,29.82,13.24,184.0,38.0,0.5,
2026-03-29T19:43:01,03/29/202607:43,124.6,0.0,0.0,52.8,0.0,0.0,0.0,0.9,18.0,198.7,23581.0,44606.0,23.9,25.2,38.0,29.82,13.24,184.0,38.0,0.5,
2026-03-29T19:43:09,03/29/202607:43,124.24000000000001,0.0,0.0,52.79,0.0,0.0,0.0,0.9,18.0,198.7,23581.0,44606.0,23.9,25.2,38.0,29.82,13.24,184.0,38.0,0.5,
2026-03-29T19:44:01,03/29/202607:44,123.88,0.0,0.0,52.779999999999994,0.0,0.0,0.0,0.9,18.0,198.7,23581.0,44606.0,23.9,25.2,38.0,29.82,13.24,184.0,38.0,0.5,
2026-03-29T19:44:09,03/29/202607:44,123.55,0.0,0.0,52.75,0.0,0.0,0.0,0.9,18.0,198.7,23581.0,44606.0,23.9,25.2,38.0,29.82,13.24,184.0,38.0,0.5,
2026-03-29T19:45:01,03/29/202607:45,123.22,0.0,0.0,52.720000000000006,0.0,0.0,0.0,0.9,18.0,198.7,23581.0,44606.0,23.9,25.2,38.0,29.82,13.24,184.0,38.0,0.5,
2026-03-29T19:45:08,03/29/202607:45,120.99000000000001,0.0,0.0,52.7,0.0,0.0,0.0,0.9,18.0,198.7,23581.0,44606.0,23.9,25.2,37.8,29.82,13.24,184.0,38.0,0.5,
2026-03-29T19:46:01,03/29/202607:46,118.75999999999999,0.0,0.0,52.67999999999999,0.0,0.0,0.0,0.9,18.0,198.7,23581.0,44606.0,23.9,25.2,37.6,29.82,13.24,184.0,38.0,0.5,
2026-03-29T19:47:28,03/29/202607:47,116.25,0.0,0.0,52.660000000000004,0.0,0.0,0.0,0.9,18.0,198.7,23581.0,44606.0,23.9,25.15,37.4,29.82,13.103,183.7,35.0,0.48,
2026-03-29T19:48:00,03/29/202607:48,113.74000000000001,0.0,0.0,52.64,0.0,0.0,0.0,0.9,18.0,198.7,23581.0,44606.0,23.9,25.1,37.2,29.82,12.966,183.4,32.0,0.45999999999999996,
2026-03-29T19:48:19,03/29/202607:48,113.2,0.0,0.0,52.620000000000005,0.0,0.0,0.0,0.9,18.0,198.7,23581.0,44606.0,24.0,25.05,37.0,29.82,12.828999999999999,183.1,29.0,0.44000000000000006,
2026-03-29T19:49:01,03/29/202607:49,112.66000000000001,0.0,0.0,52.6,0.0,0.0,0.0,0.9,18.0,198.7,23581.0,44606.0,24.0,25.0,36.8,29.82,12.692,182.8,26.0,0.42000000000000004,
2026-03-29T19:49:19,03/29/202607:49,110.11000000000001,0.0,0.0,52.58,0.0,0.0,0.0,0.9,18.0,198.7,23581.0,44606.0,23.9,24.95,36.6,29.82,12.555,182.5,23.0,0.4,
2026-03-29T19:50:01,03/29/202607:50,107.56000000000002,0.0,0.0,52.56,0.0,0.0,0.0,0.9,18.0,198.7,23581.0,44606.0,23.9,24.9,36.4,29.82,12.418,182.2,20.0,0.38,
2026-03-29T19:50:19,03/29/202607:50,106.91000000000001,0.0,0.0,52.55,0.0,0.0,0.0,0.9,18.0,198.7,23581.0,44606.0,23.9,24.85,36.2,29.82,12.281,181.9,17.0,0.36,
2026-03-29T19:51:01,03/29/202607:51,106.26000000000002,0.0,0.0,52.54,0.0,0.0,0.0,0.9,18.0,198.7,23581.0,44606.0,23.9,24.8,36.0,29.82,12.144,181.6,14.0,0.33999999999999997,
2026-03-29T19:51:19,03/29/202607:51,105.39000000000001,0.0,0.0,52.52,0.0,0.0,0.0,0.9,18.0,198.7,23581.0,44606.0,23.9,24.75,36.0,29.82,12.007,181.3,11.0,0.31999999999999995,
2026-03-29T19:52:00,03/29/202607:52,104.52000000000001,0.0,0.0,52.5,0.0,0.0,0.0,0.9,18.0,198.7,23581.0,44606.0,23.9,24.7,36.0,29.82,11.87,181.0,8.0,0.3,
2026-03-29T19:52:19,03/29/202607:52,105.81000000000002,0.0,0.0,52.48,0.0,0.0,0.0,0.9,18.0,198.7,23581.0,44606.0,23.9,24.7,36.0,29.82,11.87,181.0,8.0,0.3,
2026-03-29T19:53:01,03/29/202607:53,107.1,0.0,0.0,52.46,0.0,0.0,0.0,0.9,18.0,198.7,23581.0,44606.0,23.9,24.7,36.0,29.82,11.87,181.0,8.0,0.3,
2026-03-29T19:53:19,03/29/202607:53,104.13,0.0,0.0,52.45,0.0,0.0,0.0,0.9,18.0,198.7,23581.0,44606.0,24.0,24.7,36.0,29.82,11.87,181.0,8.0,0.3,
2026-03-29T19:54:00,03/29/202607:54,101.16,0.0,0.0,52.44,0.0,0.0,0.0,0.9,18.0,198.7,23581.0,44606.0,24.0,24.7,36.0,29.82,11.87,181.0,8.0,0.3,
2026-03-29T19:54:19,03/29/202607:54,100.17,0.0,0.0,52.42999999999999,0.0,0.0,0.0,0.9,18.0,198.7,23581.0,44606.0,23.9,24.7,36.0,29.82,11.87,181.0,8.0,0.3,
2026-03-29T19:55:01,03/29/202607:55,99.17999999999999,0.0,0.0,52.42,0.0,0.0,0.0,0.9,18.0,198.7,23581.0,44606.0,23.9,24.7,36.0,29.82,11.87,181.0,8.0,0.3,
2026-03-29T19:55:19,03/29/202607:55,92.95,0.0,0.0,52.4,0.0,0.0,0.0,0.9,18.0,198.7,23581.0,44606.0,24.0,24.7,36.0,29.82,11.87,181.0,8.0,0.3,
2026-03-29T19:56:01,03/29/202607:56,86.72,0.0,0.0,52.379999999999995,0.0,0.0,0.0,0.9,18.0,198.7,23581.0,44606.0,24.0,24.7,36.0,29.82,11.87,181.0,8.0,0.3,
2026-03-29T19:57:00,03/29/202607:57,82.66,0.0,0.0,52.36999999999999,0.0,0.0,0.0,0.9,18.0,198.7,23581.0,44606.0,23.9,24.7,36.0,29.82,11.87,181.0,8.0,0.3,
2026-03-29T19:58:37,03/29/202607:58,78.59,0.0,0.0,52.36,0.0,0.0,0.0,0.9,18.0,198.7,23581.0,44606.0,23.9,24.7,36.0,29.82,11.87,181.0,8.0,0.3,
2026-03-29T19:59:00,03/29/202607:59,72.71000000000001,0.0,0.0,52.35,0.0,0.0,0.0,0.9,18.0,198.7,23581.0,44606.0,23.9,24.7,36.0,29.82,11.87,181.0,8.0,0.3,
2026-03-29T19:59:20,03/29/202607:59,66.82000000000001,0.0,0.0,52.33,0.0,0.0,0.0,0.9,18.0,198.7,23581.0,44606.0,23.9,24.7,36.0,29.82,11.87,181.0,8.0,0.3,
2026-03-29T20:00:00,03/29/202608:00,63.29,0.0,0.0,52.31,0.0,0.0,0.0,0.9,18.0,198.7,23581.0,44606.0,23.9,24.7,36.0,29.82,11.87,181.0,8.0,0.3,
2026-03-29T20:00:19,03/29/202608:00,59.77,0.0,0.0,52.29,0.0,0.0,0.0,0.9,18.0,198.7,23581.0,44606.0,24.0,24.7,36.0,29.82,11.87,181.0,8.0,0.3,
2026-03-29T20:01:01,03/29/202608:01,56.39,0.0,0.0,52.27,0.0,0.0,0.0,0.9,18.0,198.7,23581.0,44606.0,24.0,24.7,36.0,29.82,11.87,181.0,8.0,0.3,
2026-03-29T20:01:19,03/29/202608:01,53.010000000000005,0.0,0.0,52.25,0.0,0.0,0.0,0.9,18.0,198.7,23581.0,44606.0,23.9,24.65,36.1,29.82,11.802,180.8,7.2,0.27999999999999997,
2026-03-29T20:02:01,03/29/202608:02,53.0,0.0,0.0,52.239999999999995,0.0,0.0,0.0,0.9,18.0,198.7,23581.0,44606.0,23.9,24.6,36.2,29.82,11.733999999999998,180.6,6.4,0.26,
2026-03-29T20:03:01,03/29/202608:03,52.989999999999995,0.0,0.0,52.23,0.0,0.0,0.0,0.9,18.0,198.7,23581.0,44606.0,24.0,24.55,36.3,29.82,11.666,180.4,5.6,0.24,
2026-03-29T20:03:47,03/29/202608:03,52.989999999999995,0.0,0.0,52.220000000000006,0.0,0.0,0.0,0.9,18.0,198.7,23581.0,44606.0,23.9,24.5,36.4,29.82,11.597999999999999,180.2,4.8,0.22000000000000003,
2026-03-29T20:04:01,03/29/202608:04,53.0,0.0,0.0,52.21,0.0,0.0,0.0,0.9,18.0,198.7,23581.0,44606.0,23.9,24.45,36.5,29.82,11.53,180.0,4.0,0.2,
2026-03-29T20:04:46,03/29/202608:04,52.7,0.0,0.0,52.19,0.0,0.0,0.0,0.9,18.0,198.7,23581.0,44606.0,23.9,24.4,36.6,29.82,11.462,179.8,3.2,0.18,
2026-03-29T20:05:01,03/29/202608:05,52.410000000000004,0.0,0.0,52.18000000000001,0.0,0.0,0.0,0.9,18.0,198.7,23581.0,44606.0,23.9,24.35,36.7,29.82,11.394,179.6,2.4,0.16,
2026-03-29T20:05:18,03/29/202608:05,51.71,0.0,0.0,52.18000000000001,0.0,0.0,0.0,0.9,18.0,198.7,23581.0,44606.0,23.9,24.3,36.8,29.82,11.325999999999999,179.4,1.6,0.13999999999999999,
2026-03-29T20:06:01,03/29/202608:06,51.0,0.0,0.0,52.18000000000001,0.0,0.0,0.0,0.9,18.0,198.7,23581.0,44606.0,23.9,24.25,36.9,29.82,11.258,179.2,0.8,0.12,
2026-03-29T20:06:18,03/29/202608:06,49.6,0.0,0.0,52.18000000000001,0.0,0.0,0.0,0.9,18.0,198.7,23581.0,44606.0,24.0,24.2,37.0,29.82,11.19,179.0,0.0,0.1,
2026-03-29T20:07:00,03/29/202608:07,48.2,0.0,0.0,52.18000000000001,0.0,0.0,0.0,0.9,18.0,198.7,23581.0,44606.0,24.0,24.2,37.0,29.82,11.19,179.0,0.0,0.1,
2026-03-29T20:07:18,03/29/202608:07,46.239999999999995,0.0,0.0,52.17,0.0,0.0,0.0,0.9,18.0,198.7,23581.0,44606.0,24.0,24.2,37.0,29.82,11.19,179.0,0.0,0.1,
2026-03-29T20:08:01,03/29/202608:08,44.28,0.0,0.0,52.160000000000004,0.0,0.0,0.0,0.9,18.0,198.7,23581.0,44606.0,24.0,24.2,37.0,29.82,11.19,179.0,0.0,0.1,
2026-03-29T20:08:19,03/29/202608:08,41.9,0.0,0.0,52.15,0.0,0.0,0.0,0.9,18.0,198.7,23581.0,44606.0,24.0,24.25,37.0,29.82,11.19,179.0,0.0,0.1,
2026-03-29T20:09:49,03/29/202608:09,39.260000000000005,0.0,0.0,52.14,0.0,0.0,0.0,0.9,18.0,198.7,23581.0,44606.0,23.9,24.3,37.0,29.82,11.19,179.0,0.0,0.1,
2026-03-29T20:10:01,03/29/202608:10,36.93,0.0,0.0,52.14,0.0,0.0,0.0,0.9,18.0,198.7,23581.0,44606.0,23.9,24.35,37.0,29.82,11.19,179.0,0.0,0.1,
2026-03-29T20:10:18,03/29/202608:10,34.410000000000004,0.0,0.0,52.14,0.0,0.0,0.0,0.9,18.0,198.7,23581.0,44606.0,23.9,24.4,37.0,29.82,11.482,179.3,0.0,0.1,
2026-03-29T20:11:01,03/29/202608:11,32.3,0.0,0.0,52.13000000000001,0.0,0.0,0.0,0.9,18.0,198.7,23581.0,44606.0,23.9,24.45,37.0,29.82,11.774,179.6,0.0,0.1,
2026-03-29T20:11:18,03/29/202608:11,30.060000000000002,0.0,0.0,52.120000000000005,0.0,0.0,0.0,0.9,18.0,198.7,23581.0,44606.0,24.0,24.5,37.0,29.82,12.065999999999999,179.9,0.0,0.1,
2026-03-29T20:12:00,03/29/202608:12,28.51,0.0,0.0,52.11,0.0,0.0,0.0,0.9,18.0,198.7,23581.0,44606.0,24.0,24.55,37.0,29.82,12.358,180.2,0.0,0.1,
2026-03-29T20:12:18,03/29/202608:12,26.869999999999997,0.0,0.0,52.1,0.0,0.0,0.0,0.9,18.0,198.7,23581.0,44606.0,24.0,24.6,37.0,29.82,12.65,180.5,0.0,0.1,
2026-03-29T20:13:00,03/29/202608:13,25.79,0.0,0.0,52.1,0.0,0.0,0.0,0.9,18.0,198.7,23581.0,44606.0,24.0,24.65,37.0,29.82,12.941999999999998,180.8,0.0,0.1,
2026-03-29T20:13:18,03/29/202608:13,24.66,0.0,0.0,52.1,0.0,0.0,0.0,0.9,18.0,198.7,23581.0,44606.0,23.9,24.7,37.0,29.82,13.234,181.1,0.0,0.1,
2026-03-29T20:14:01,03/29/202608:14,23.94,0.0,0.0,52.1,0.0,0.0,0.0,0.9,18.0,198.7,23581.0,44606.0,23.9,24.7,37.0,29.82,13.526,181.4,0.0,0.1,
2026-03-29T20:14:18,03/29/202608:14,23.45,0.0,0.0,52.1,0.0,0.0,0.0,0.9,18.0,198.7,23581.0,44606.0,23.9,24.7,37.0,29.82,13.818000000000001,181.7,0.0,0.1,
2026-03-29T20:15:01,03/29/202608:15,22.96,0.0,0.0,52.1,0.0,0.0,0.0,0.9,18.0,198.7,23581.0,44606.0,23.9,24.7,37.0,29.82,14.11,182.0,0.0,0.1,
2026-03-29T20:15:18,03/29/202608:15,22.64,0.0,0.0,52.089999999999996,0.0,0.0,0.0,0.9,18.0,198.7,23581.0,44606.0,24.0,24.7,37.0,29.82,14.11,182.0,0.0,0.1,
2026-03-29T20:16:00,03/29/202608:16,22.32,0.0,0.0,52.08,0.0,0.0,0.0,0.9,18.0,198.7,23581.0,44606.0,24.0,24.7,37.0,29.82,14.11,182.0,0.0,0.1,
2026-03-29T20:16:07,03/29/202608:16,22.110000000000003,0.0,0.0,52.08,0.0,0.0,0.0,0.9,18.0,198.7,23581.0,44606.0,24.0,24.66,37.1,29.82,14.041,181.9,0.0,0.09,
2026-03-29T20:17:01,03/29/202608:17,21.9,0.0,0.0,52.08,0.0,0.0,0.0,0.9,18.0,198.7,23581.0,44606.0,24.0,24.619999999999997,37.2,29.82,13.972,181.8,0.0,0.08,
2026-03-29T20:17:07,03/29/202608:17,21.759999999999998,0.0,0.0,52.07000000000001,0.0,0.0,0.0,0.9,18.0,198.7,23581.0,44606.0,23.9,24.580000000000002,37.3,29.82,13.903,181.7,0.0,0.07,
2026-03-29T20:18:01,03/29/202608:18,21.619999999999997,0.0,0.0,52.06,0.0,0.0,0.0,0.9,18.0,198.7,23581.0,44606.0,23.9,24.54,37.4,29.82,13.834,181.6,0.0,0.06000000000000001,
2026-03-29T20:18:07,03/29/202608:18,21.509999999999998,0.0,0.0,52.05,0.0,0.0,0.0,0.9,18.0,198.7,23581.0,44606.0,24.0,24.5,37.5,29.82,13.765,181.5,0.0,0.05,
2026-03-29T20:19:00,03/29/202608:19,21.4,0.0,0.0,52.04,0.0,0.0,0.0,0.9,18.0,198.7,23581.0,44606.0,24.0,24.46,37.6,29.82,13.696000000000002,181.4,0.0,0.04,
2026-03-29T20:19:07,03/29/202608:19,21.31,0.0,0.0,52.029999999999994,0.0,0.0,0.0,0.9,18.0,198.7,23581.0,44606.0,24.0,24.419999999999998,37.7,29.82,13.627,181.3,0.0,0.030000000000000006,
2026-03-29T20:21:01,03/29/202608:21,21.21,0.0,0.0,52.010000000000005,0.0,0.0,0.0,0.9,18.0,198.7,23581.0,44606.0,23.9,24.380000000000003,37.8,29.82,13.557999999999998,181.2,0.0,0.02,
2026-03-29T20:22:00,03/29/202608:22,21.130000000000003,0.0,0.0,52.010000000000005,0.0,0.0,0.0,0.9,18.0,198.7,23581.0,44606.0,23.9,24.34,37.9,29.82,13.488999999999999,181.1,0.0,0.01,
2026-03-29T20:22:44,03/29/202608:22,21.04,0.0,0.0,52.010000000000005,0.0,0.0,0.0,0.9,18.0,198.7,23581.0,44606.0,24.0,24.3,38.0,29.82,13.419999999999998,181.0,0.0,0.0,
2026-03-29T20:23:01,03/29/202608:23,20.97,0.0,0.0,52.0,0.0,0.0,0.0,0.9,18.0,198.7,23581.0,44606.0,24.0,24.3,38.0,29.82,13.419999999999998,181.0,0.0,0.0,
2026-03-29T20:24:00,03/29/202608:24,20.9,0.0,0.0,51.989999999999995,0.0,0.0,0.0,0.9,18.0,198.7,23581.0,44606.0,23.9,24.3,38.0,29.82,13.419999999999998,181.0,0.0,0.0,
2026-03-29T20:24:44,03/29/202608:24,20.84,0.0,0.0,51.989999999999995,0.0,0.0,0.0,0.9,18.0,198.7,23581.0,44606.0,24.0,24.3,38.0,29.82,13.419999999999998,181.0,0.0,0.0,
2026-03-29T20:25:00,03/29/202608:25,20.78,0.0,0.0,51.989999999999995,0.0,0.0,0.0,0.9,18.0,198.7,23581.0,44606.0,24.0,24.3,38.0,29.82,13.419999999999998,181.0,0.0,0.0,
2026-03-29T20:26:01,03/29/202608:26,20.740000000000002,0.0,0.0,51.989999999999995,0.0,0.0,0.0,0.9,18.0,198.7,23581.0,44606.0,23.9,24.3,38.0,29.82,13.419999999999998,181.0,0.0,0.0,
2026-03-29T20:27:01,03/29/202608:27,20.7,0.0,0.0,51.98,0.0,0.0,0.0,0.9,18.0,198.7,23581.0,44606.0,24.0,24.3,38.0,29.82,13.419999999999998,181.0,0.0,0.0,
2026-03-29T20:27:44,03/29/202608:27,20.66,0.0,0.0,51.98,0.0,0.0,0.0,0.9,18.0,198.7,23581.0,44606.0,23.9,24.3,38.0,29.82,13.419999999999998,181.0,0.0,0.0,
2026-03-29T20:28:00,03/29/202608:28,20.630000000000003,0.0,0.0,51.989999999999995,0.0,0.0,0.0,0.9,18.0,198.7,23581.0,44606.0,23.9,24.3,38.0,29.82,13.419999999999998,181.0,0.0,0.0,
2026-03-29T20:29:00,03/29/202608:29,20.6,0.0,0.0,51.98,0.0,0.0,0.0,0.9,18.0,198.7,23581.0,44606.0,23.9,24.3,38.0,29.82,13.419999999999998,181.0,0.0,0.0,
2026-03-29T20:30:01,03/29/202608:30,20.580000000000002,0.0,0.0,51.970000000000006,0.0,0.0,0.0,0.9,18.0,198.7,23581.0,44606.0,24.0,24.3,38.0,29.82,13.419999999999998,181.0,0.0,0.0,
2026-03-29T20:32:13,03/29/202608:32,20.56,0.0,0.0,51.96,0.0,0.0,0.0,0.9,18.0,198.7,23581.0,44606.0,24.0,24.31,38.2,29.82,13.333000000000002,180.8,0.0,0.0,
2026-03-29T20:33:00,03/29/202608:33,20.54,0.0,0.0,51.96,0.0,0.0,0.0,0.9,18.0,198.7,23581.0,44606.0,24.0,24.32,38.4,29.82,13.246,180.6,0.0,0.0,
2026-03-29T20:34:00,03/29/202608:34,20.53,0.0,0.0,51.95,0.0,0.0,0.0,0.9,18.0,198.7,23581.0,44606.0,23.9,24.330000000000002,38.6,29.82,13.159,180.4,0.0,0.0,
2026-03-29T20:35:00,03/29/202608:35,20.52,0.0,0.0,51.94,0.0,0.0,0.0,0.9,18.0,198.7,23581.0,44606.0,24.0,24.34,38.8,29.82,13.072,180.3,0.0,0.0,
2026-03-29T20:36:01,03/29/202608:36,20.509999999999998,0.0,0.0,51.92999999999999,0.0,0.0,0.0,0.9,18.0,198.7,23581.0,44606.0,23.9,24.35,39.0,29.82,13.004,180.2,0.0,0.0,
2026-03-29T20:37:00,03/29/202608:37,20.5,0.0,0.0,51.92999999999999,0.0,0.0,0.0,0.9,18.0,198.7,23581.0,44606.0,24.0,24.36,39.2,29.82,12.936000000000002,180.1,0.0,0.0,
2026-03-29T20:38:00,03/29/202608:38,20.5,0.0,0.0,51.92,0.0,0.0,0.0,0.9,18.0,198.7,23581.0,44606.0,24.0,24.369999999999997,39.4,29.82,12.868,180.0,0.0,0.0,
2026-03-29T20:39:00,03/29/202608:39,20.5,0.0,0.0,51.910000000000004,0.0,0.0,0.0,0.9,18.0,198.7,23581.0,44606.0,23.9,24.38,39.6,29.82,12.8,179.9,0.0,0.0,
2026-03-29T20:40:01,03/29/202608:40,20.5,0.0,0.0,51.910000000000004,0.0,0.0,0.0,0.9,18.0,198.7,23581.0,44606.0,24.0,24.389999999999997,39.8,29.82,12.732000000000001,179.8,0.0,0.0,
2026-03-29T20:40:50,03/29/202608:40,20.490000000000002,0.0,0.0,51.910000000000004,0.0,0.0,0.0,0.9,18.0,198.7,23581.0,44606.0,24.0,24.4,40.0,29.82,12.664,179.7,0.0,0.0,
2026-03-29T20:41:01,03/29/202608:41,20.48,0.0,0.0,51.910000000000004,0.0,0.0,0.0,0.9,18.0,198.7,23581.0,44606.0,24.0,24.4,40.0,29.82,12.683,179.8,0.0,0.0,
2026-03-29T20:41:52,03/29/202608:41,20.48,0.0,0.0,51.9,0.0,0.0,0.0,0.9,18.0,198.7,23581.0,44606.0,24.0,24.4,40.0,29.82,12.702000000000002,179.9,0.0,0.0,
2026-03-29T20:44:17,03/29/202608:44,20.48,0.0,0.0,51.9,0.0,0.0,0.0,0.9,18.0,198.7,23581.0,44606.0,24.0,24.4,40.0,29.82,12.721,180.0,0.0,0.0,
2026-03-29T20:44:18,03/29/202608:44,20.47,0.0,0.0,51.9,0.0,0.0,0.0,0.9,18.0,198.7,23581.0,44606.0,24.0,24.4,40.0,29.82,12.74,180.0,0.0,0.0,
2026-03-29T20:45:00,03/29/202608:45,20.46,0.0,0.0,51.9,0.0,0.0,0.0,0.9,18.0,198.7,23581.0,44606.0,24.0,24.4,40.0,29.82,12.74,180.0,0.0,0.0,
2026-03-29T20:45:18,03/29/202608:45,20.46,0.0,0.0,51.9,0.0,0.0,0.0,0.9,18.0,198.7,23581.0,44606.0,24.0,24.4,40.0,29.82,12.74,180.0,0.0,0.0,
2026-03-29T20:46:00,03/29/202608:46,20.46,0.0,0.0,51.9,0.0,0.0,0.0,0.9,18.0,198.7,23581.0,44606.0,24.0,24.4,40.0,29.82,12.74,180.0,0.0,0.0,
2026-03-29T20:47:00,03/29/202608:47,20.46,0.0,0.0,51.9,0.0,0.0,0.0,0.9,18.0,198.7,23581.0,44606.0,24.0,24.35,40.1,29.82,12.653,179.8,0.0,0.0,
2026-03-29T20:48:00,03/29/202608:48,20.46,0.0,0.0,51.9,0.0,0.0,0.0,0.9,18.0,198.7,23581.0,44606.0,23.9,24.3,40.2,29.82,12.565999999999999,179.6,0.0,0.0,
2026-03-29T20:49:01,03/29/202608:49,20.47,0.0,0.0,51.9,0.0,0.0,0.0,0.9,18.0,198.7,23581.0,44606.0,23.9,24.25,40.3,29.82,12.479,179.4,0.0,0.0,
2026-03-29T20:50:00,03/29/202608:50,20.48,0.0,0.0,51.9,0.0,0.0,0.0,0.9,18.0,198.7,23581.0,44606.0,23.9,24.2,40.4,29.82,12.392,179.2,0.0,0.0,
2026-03-29T20:50:17,03/29/202608:50,20.47,0.0,0.0,51.9,0.0,0.0,0.0,0.9,18.0,198.7,23581.0,44606.0,23.9,24.15,40.5,29.82,12.305,179.0,0.0,0.0,
2026-03-29T20:51:00,03/29/202608:51,20.46,0.0,0.0,51.9,0.0,0.0,0.0,0.9,18.0,198.7,23581.0,44606.0,23.9,24.1,40.6,29.82,12.218,178.8,0.0,0.0,
2026-03-29T20:51:17,03/29/202608:51,20.47,0.0,0.0,51.9,0.0,0.0,0.0,0.9,18.0,198.7,23581.0,44606.0,24.0,24.05,40.7,29.82,12.131,178.6,0.0,0.0,
2026-03-29T20:52:00,03/29/202608:52,20.48,0.0,0.0,51.9,0.0,0.0,0.0,0.9,18.0,198.7,23581.0,44606.0,24.0,24.0,40.8,29.82,12.044,178.4,0.0,0.0,
2026-03-29T20:52:18,03/29/202608:52,20.47,0.0,0.0,51.9,0.0,0.0,0.0,0.9,18.0,198.7,23581.0,44606.0,24.0,23.95,40.9,29.82,11.956999999999999,178.2,0.0,0.0,
2026-03-29T20:53:00,03/29/202608:53,20.46,0.0,0.0,51.9,0.0,0.0,0.0,0.9,18.0,198.7,23581.0,44606.0,24.0,23.9,41.0,29.82,11.87,178.0,0.0,0.0,
2026-03-29T20:54:37,03/29/202608:54,20.46,0.0,0.0,51.9,0.0,0.0,0.0,0.9,18.0,198.7,23581.0,44606.0,24.0,23.9,41.0,29.82,11.87,178.0,0.0,0.0,
2026-03-29T20:55:00,03/29/202608:55,20.46,0.0,0.0,51.9,0.0,0.0,0.0,0.9,18.0,198.7,23581.0,44606.0,24.0,23.9,41.0,29.82,11.87,178.0,0.0,0.0,
2026-03-29T20:55:17,03/29/202608:55,20.45,0.0,0.0,51.9,0.0,0.0,0.0,0.9,18.0,198.7,23581.0,44606.0,24.0,23.9,41.0,29.82,11.87,178.0,0.0,0.0,
2026-03-29T20:56:01,03/29/202608:56,20.439999999999998,0.0,0.0,51.9,0.0,0.0,0.0,0.9,18.0,198.7,23581.0,44606.0,24.0,23.9,41.0,29.82,11.87,178.0,0.0,0.0,
2026-03-29T20:56:18,03/29/202608:56,20.45,0.0,0.0,51.9,0.0,0.0,0.0,0.9,18.0,198.7,23581.0,44606.0,24.0,23.9,41.0,29.82,11.87,178.0,0.0,0.0,
2026-03-29T20:57:01,03/29/202608:57,20.46,0.0,0.0,51.9,0.0,0.0,0.0,0.9,18.0,198.7,23581.0,44606.0,24.0,23.9,41.0,29.82,11.87,178.0,0.0,0.0,
2026-03-29T20:57:18,03/29/202608:57,20.45,0.0,0.0,51.9,0.0,0.0,0.0,0.9,18.0,198.7,23581.0,44606.0,24.0,23.9,41.0,29.82,11.87,178.0,0.0,0.0,
2026-03-29T20:58:00,03/29/202608:58,20.439999999999998,0.0,0.0,51.9,0.0,0.0,0.0,0.9,18.0,198.7,23581.0,44606.0,24.0,23.9,41.0,29.82,11.87,178.0,0.0,0.0,
2026-03-29T20:58:18,03/29/202608:58,20.45,0.0,0.0,51.89,0.0,0.0,0.0,0.9,18.0,198.7,23581.0,44606.0,23.9,23.9,41.0,29.82,11.87,178.0,0.0,0.0,
2026-03-29T20:59:00,03/29/202608:59,20.46,0.0,0.0,51.879999999999995,0.0,0.0,0.0,0.9,18.0,198.7,23581.0,44606.0,23.9,23.9,41.0,29.82,11.87,178.0,0.0,0.0,
2026-03-29T21:00:01,03/29/202609:00,20.46,0.0,0.0,51.879999999999995,0.0,0.0,0.0,0.9,18.0,198.7,23581.0,44606.0,24.0,23.9,41.0,29.82,11.87,178.0,0.0,0.0,
2026-03-29T21:01:01,03/29/202609:01,20.46,0.0,0.0,51.86999999999999,0.0,0.0,0.0,0.9,18.0,198.7,23581.0,44606.0,24.0,23.869999999999997,41.1,29.82,11.87,178.0,0.0,0.0,
2026-03-29T21:02:01,03/29/202609:02,20.47,0.0,0.0,51.86,0.0,0.0,0.0,0.9,18.0,198.7,23581.0,44606.0,24.0,23.839999999999996,41.2,29.82,11.87,178.0,0.0,0.0,
2026-03-29T21:03:01,03/29/202609:03,20.48,0.0,0.0,51.85,0.0,0.0,0.0,0.9,18.0,198.7,23581.0,44606.0,24.0,23.81,41.3,29.82,11.87,178.0,0.0,0.0,
2026-03-29T21:04:23,03/29/202609:04,20.48,0.0,0.0,51.85,0.0,0.0,0.0,0.9,18.0,198.7,23581.0,44606.0,24.0,23.78,41.2,29.82,11.87,178.0,0.0,0.0,
2026-03-29T21:05:49,03/29/202609:05,20.48,0.0,0.0,51.85,0.0,0.0,0.0,0.9,18.0,198.7,23581.0,44606.0,23.9,23.75,41.1,29.82,11.87,178.0,0.0,0.0,
2026-03-29T21:06:01,03/29/202609:06,20.490000000000002,0.0,0.0,51.85,0.0,0.0,0.0,0.9,18.0,198.7,23581.0,44606.0,23.9,23.72,41.0,29.82,11.87,178.0,0.0,0.0,
2026-03-29T21:06:24,03/29/202609:06,20.490000000000002,0.0,0.0,51.85,0.0,0.0,0.0,0.9,18.0,198.7,23581.0,44606.0,24.0,23.69,40.9,29.82,11.87,178.0,0.0,0.0,
2026-03-29T21:07:01,03/29/202609:07,20.48,0.0,0.0,51.86,0.0,0.0,0.0,0.9,18.0,198.7,23581.0,44606.0,24.0,23.660000000000004,40.8,29.82,11.87,178.0,0.0,0.0,
2026-03-29T21:07:23,03/29/202609:07,20.48,0.0,0.0,51.86,0.0,0.0,0.0,0.9,18.0,198.7,23581.0,44606.0,23.9,23.630000000000003,40.7,29.82,11.87,178.0,0.0,0.0,
2026-03-29T21:08:01,03/29/202609:08,20.48,0.0,0.0,51.85,0.0,0.0,0.0,0.9,18.0,198.7,23581.0,44606.0,23.9,23.6,40.6,29.82,11.87,178.0,0.0,0.0,
2026-03-29T21:09:00,03/29/202609:09,20.48,0.0,0.0,51.86,0.0,0.0,0.0,0.9,18.0,198.7,23581.0,44606.0,23.9,23.6,40.4,29.82,11.87,178.0,0.0,0.0,
2026-03-29T21:10:01,03/29/202609:10,20.48,0.0,0.0,51.86999999999999,0.0,0.0,0.0,0.9,18.0,198.7,23581.0,44606.0,24.0,23.6,40.2,29.82,11.87,178.0,0.0,0.0,
2026-03-29T21:11:01,03/29/202609:11,20.48,0.0,0.0,51.879999999999995,0.0,0.0,0.0,0.9,18.0,198.7,23581.0,44606.0,23.9,23.6,40.0,29.82,11.87,178.0,0.0,0.0,
2026-03-29T21:12:00,03/29/202609:12,20.48,0.0,0.0,51.86999999999999,0.0,0.0,0.0,0.9,18.0,198.7,23581.0,44606.0,24.0,23.6,40.0,29.82,11.87,178.0,0.0,0.0,
2026-03-29T21:13:01,03/29/202609:13,20.48,0.0,0.0,51.86999999999999,0.0,0.0,0.0,0.9,18.0,198.7,23581.0,44606.0,24.0,23.6,40.0,29.82,11.87,178.0,0.0,0.0,
2026-03-29T21:14:01,03/29/202609:14,20.48,0.0,0.0,51.86999999999999,0.0,0.0,0.0,0.9,18.0,198.7,23581.0,44606.0,24.0,23.6,40.0,29.82,11.87,178.0,0.0,0.0,
2026-03-29T21:15:00,03/29/202609:15,20.490000000000002,0.0,0.0,51.86999999999999,0.0,0.0,0.0,0.9,18.0,198.7,23581.0,44606.0,24.0,23.6,40.0,29.82,11.87,178.0,0.0,0.0,
2026-03-29T21:17:01,03/29/202609:17,20.5,0.0,0.0,51.86999999999999,0.0,0.0,0.0,0.9,18.0,198.7,23581.0,44606.0,23.9,23.560000000000002,40.1,29.82,11.87,177.8,0.0,0.0,
2026-03-29T21:18:01,03/29/202609:18,20.5,0.0,0.0,51.879999999999995,0.0,0.0,0.0,0.9,18.0,198.7,23581.0,44606.0,24.0,23.520000000000003,40.2,29.82,11.87,177.6,0.0,0.0,
2026-03-29T21:18:46,03/29/202609:18,20.490000000000002,0.0,0.0,51.89,0.0,0.0,0.0,0.9,18.0,198.7,23581.0,44606.0,23.9,23.48,40.3,29.82,11.87,177.4,0.0,0.0,
2026-03-29T21:19:01,03/29/202609:19,20.48,0.0,0.0,51.89,0.0,0.0,0.0,0.9,18.0,198.7,23581.0,44606.0,23.9,23.44,40.4,29.82,11.87,177.2,0.0,0.0,
2026-03-29T21:19:45,03/29/202609:19,20.48,0.0,0.0,51.879999999999995,0.0,0.0,0.0,0.9,18.0,198.7,23581.0,44606.0,24.0,23.4,40.5,29.82,11.87,177.0,0.0,0.0,
2026-03-29T21:20:00,03/29/202609:20,20.48,0.0,0.0,51.86999999999999,0.0,0.0,0.0,0.9,18.0,198.7,23581.0,44606.0,24.0,23.36,40.6,29.82,11.87,176.8,0.0,0.0,
2026-03-29T21:21:00,03/29/202609:21,20.48,0.0,0.0,51.879999999999995,0.0,0.0,0.0,0.9,18.0,198.7,23581.0,44606.0,24.0,23.32,40.7,29.82,11.87,176.6,0.0,0.0,
2026-03-29T21:22:00,03/29/202609:22,20.48,0.0,0.0,51.86999999999999,0.0,0.0,0.0,0.9,18.0,198.7,23581.0,44606.0,23.9,23.28,40.8,29.82,11.87,176.4,0.0,0.0,
2026-03-29T21:23:01,03/29/202609:23,20.48,0.0,0.0,51.86,0.0,0.0,0.0,0.9,18.0,198.7,23581.0,44606.0,23.9,23.240000000000002,40.9,29.82,11.87,176.2,0.0,0.0,
2026-03-29T21:24:01,03/29/202609:24,20.48,0.0,0.0,51.85,0.0,0.0,0.0,0.9,18.0,198.7,23581.0,44606.0,24.0,23.2,41.0,29.82,11.87,176.0,0.0,0.0,
2026-03-29T21:25:00,03/29/202609:25,20.48,0.0,0.0,51.839999999999996,0.0,0.0,0.0,0.9,18.0,198.7,23581.0,44606.0,23.9,23.2,41.0,29.82,11.87,176.0,0.0,0.0,
2026-03-29T21:26:01,03/29/202609:26,20.48,0.0,0.0,51.839999999999996,0.0,0.0,0.0,0.9,18.0,198.7,23581.0,44606.0,24.0,23.2,41.0,29.82,11.87,176.0,0.0,0.0,
2026-03-29T21:26:46,03/29/202609:26,20.48,0.0,0.0,51.83,0.0,0.0,0.0,0.9,18.0,198.7,23581.0,44606.0,24.0,23.2,41.0,29.82,11.87,176.0,0.0,0.0,
2026-03-29T21:28:12,03/29/202609:28,20.490000000000002,0.0,0.0,51.81999999999999,0.0,0.0,0.0,0.9,18.0,198.7,23581.0,44606.0,23.9,23.2,41.0,29.82,11.87,176.0,0.0,0.0,
2026-03-29T21:28:46,03/29/202609:28,20.48,0.0,0.0,51.81999999999999,0.0,0.0,0.0,0.9,18.0,198.7,23581.0,44606.0,24.0,23.2,41.0,29.82,11.87,176.0,0.0,0.0,
2026-03-29T21:29:00,03/29/202609:29,20.47,0.0,0.0,51.81999999999999,0.0,0.0,0.0,0.9,18.0,198.7,23581.0,44606.0,24.0,23.2,41.0,29.82,11.87,176.0,0.0,0.0,
2026-03-29T21:29:47,03/29/202609:29,20.47,0.0,0.0,51.81999999999999,0.0,0.0,0.0,0.9,18.0,198.7,23581.0,44606.0,24.0,23.240000000000002,41.0,29.82,11.87,176.0,0.0,0.0,
2026-03-29T21:30:00,03/29/202609:30,20.47,0.0,0.0,51.83,0.0,0.0,0.0,0.9,18.0,198.7,23581.0,44606.0,24.0,23.28,41.0,29.82,11.87,176.0,0.0,0.0,
2026-03-29T21:31:00,03/29/202609:31,20.47,0.0,0.0,51.83,0.0,0.0,0.0,0.9,18.0,198.7,23581.0,44606.0,24.0,23.32,41.0,29.82,11.87,176.0,0.0,0.0,
2026-03-29T21:31:14,03/29/202609:31,20.46,0.0,0.0,51.83,0.0,0.0,0.0,0.9,18.0,198.7,23581.0,44606.0,23.9,23.330000000000002,41.1,29.82,11.937999999999999,176.1,0.0,0.0,
2026-03-29T21:31:38,03/29/202609:31,20.46,0.0,0.0,51.83,0.0,0.0,0.0,0.9,18.0,198.7,23581.0,44606.0,24.0,23.34,41.2,29.82,12.006,176.2,0.0,0.0,
2026-03-29T21:32:00,03/29/202609:32,20.46,0.0,0.0,51.81999999999999,0.0,0.0,0.0,0.9,18.0,198.7,23581.0,44606.0,24.0,23.35,41.3,29.82,12.074,176.3,0.0,0.0,
2026-03-29T21:33:00,03/29/202609:33,20.47,0.0,0.0,51.81999999999999,0.0,0.0,0.0,0.9,18.0,198.7,23581.0,44606.0,23.9,23.36,41.4,29.82,12.142,176.4,0.0,0.0,
2026-03-29T21:34:00,03/29/202609:34,20.47,0.0,0.0,51.81999999999999,0.0,0.0,0.0,0.9,18.0,198.7,23581.0,44606.0,24.0,23.37,41.5,29.82,12.209999999999999,176.5,0.0,0.0,
2026-03-29T21:35:00,03/29/202609:35,20.48,0.0,0.0,51.81999999999999,0.0,0.0,0.0,0.9,18.0,198.7,23581.0,44606.0,24.0,23.380000000000003,41.6,29.82,12.278,176.6,0.0,0.0,
2026-03-29T21:36:00,03/29/202609:36,20.490000000000002,0.0,0.0,51.81999999999999,0.0,0.0,0.0,0.9,18.0,198.7,23581.0,44606.0,23.9,23.39,41.7,29.82,12.365,176.8,0.0,0.0,
2026-03-29T21:37:00,03/29/202609:37,20.490000000000002,0.0,0.0,51.81,0.0,0.0,0.0,0.9,18.0,198.7,23581.0,44606.0,24.0,23.360000000000003,41.8,29.82,12.452000000000002,177.0,0.0,0.0,
2026-03-29T21:39:24,03/29/202609:39,20.490000000000002,0.0,0.0,51.8,0.0,0.0,0.0,0.9,18.0,198.7,23581.0,44606.0,24.0,23.330000000000002,41.9,29.82,12.539,177.2,0.0,0.0,
2026-03-29T21:40:00,03/29/202609:40,20.490000000000002,0.0,0.0,51.8,0.0,0.0,0.0,0.9,18.0,198.7,23581.0,44606.0,23.9,23.3,42.0,29.82,12.626000000000001,177.4,0.0,0.0,
2026-03-29T21:40:38,03/29/202609:40,20.490000000000002,0.0,0.0,51.8,0.0,0.0,0.0,0.9,18.0,198.7,23581.0,44606.0,23.9,23.3,42.0,29.82,12.645,177.5,0.0,0.0,
2026-03-29T21:41:00,03/29/202609:41,20.48,0.0,0.0,51.8,0.0,0.0,0.0,0.9,18.0,198.7,23581.0,44606.0,23.9,23.3,42.0,29.82,12.664,177.6,0.0,0.0,
2026-03-29T21:41:39,03/29/202609:41,20.48,0.0,0.0,51.8,0.0,0.0,0.0,0.9,18.0,198.7,23581.0,44606.0,24.0,23.3,42.0,29.82,12.683,177.7,0.0,0.0,
2026-03-29T21:42:01,03/29/202609:42,20.48,0.0,0.0,51.8,0.0,0.0,0.0,0.9,18.0,198.7,23581.0,44606.0,24.0,23.3,42.0,29.82,12.702000000000002,177.8,0.0,0.0,
2026-03-29T21:43:01,03/29/202609:43,20.48,0.0,0.0,51.8,0.0,0.0,0.0,0.9,18.0,198.7,23581.0,44606.0,23.9,23.3,42.0,29.82,12.721,177.9,0.0,0.0,
2026-03-29T21:44:01,03/29/202609:44,20.48,0.0,0.0,51.8,0.0,0.0,0.0,0.9,18.0,198.7,23581.0,44606.0,23.9,23.3,42.0,29.82,12.74,178.0,0.0,0.0,
2026-03-29T21:45:01,03/29/202609:45,20.48,0.0,0.0,51.81,0.0,0.0,0.0,0.9,18.0,198.7,23581.0,44606.0,23.9,23.3,42.0,29.82,12.74,178.0,0.0,0.0,
2026-03-29T21:46:01,03/29/202609:46,20.48,0.0,0.0,51.81,0.0,0.0,0.0,0.9,18.0,198.7,23581.0,44606.0,23.9,23.3,42.0,29.82,12.74,178.0,0.0,0.0,
2026-03-29T21:47:00,03/29/202609:47,20.48,0.0,0.0,51.81,0.0,0.0,0.0,0.9,18.0,198.7,23581.0,44606.0,24.0,23.270000000000003,42.1,29.82,12.746,177.8,0.0,0.0,
2026-03-29T21:48:01,03/29/202609:48,20.48,0.0,0.0,51.81,0.0,0.0,0.0,0.9,18.0,198.7,23581.0,44606.0,24.0,23.240000000000002,42.2,29.82,12.752,177.6,0.0,0.0,
2026-03-29T21:49:01,03/29/202609:49,20.490000000000002,0.0,0.0,51.81,0.0,0.0,0.0,0.9,18.0,198.7,23581.0,44606.0,24.0,23.21,42.3,29.82,12.758,177.4,0.0,0.0,
2026-03-29T21:50:33,03/29/202609:50,20.5,0.0,0.0,51.81,0.0,0.0,0.0,0.9,18.0,198.7,23581.0,44606.0,24.0,23.18,42.4,29.82,12.764,177.2,0.0,0.0,
2026-03-29T21:51:00,03/29/202609:51,20.5,0.0,0.0,51.81,0.0,0.0,0.0,0.9,18.0,198.7,23581.0,44606.0,24.0,23.15,42.5,29.82,12.77,177.0,0.0,0.0,
2026-03-29T21:52:00,03/29/202609:52,20.5,0.0,0.0,51.81,0.0,0.0,0.0,0.9,18.0,198.7,23581.0,44606.0,24.0,23.119999999999997,42.6,29.82,12.776,176.8,0.0,0.0,
2026-03-29T21:53:00,03/29/202609:53,20.5,0.0,0.0,51.81,0.0,0.0,0.0,0.9,18.0,198.7,23581.0,44606.0,24.0,23.09,42.7,29.82,12.782,176.6,0.0,0.0,
2026-03-29T21:54:00,03/29/202609:54,20.5,0.0,0.0,51.81,0.0,0.0,0.0,0.9,18.0,198.7,23581.0,44606.0,23.9,23.06,42.8,29.82,12.788,176.4,0.0,0.0,
2026-03-29T21:55:00,03/29/202609:55,20.5,0.0,0.0,51.81,0.0,0.0,0.0,0.9,18.0,198.7,23581.0,44606.0,23.9,23.03,42.9,29.82,12.794,176.2,0.0,0.0,
2026-03-29T21:56:00,03/29/202609:56,20.5,0.0,0.0,51.81,0.0,0.0,0.0,0.9,18.0,198.7,23581.0,44606.0,24.0,23.0,43.0,29.82,12.8,176.0,0.0,0.0,
2026-03-29T21:57:00,03/29/202609:57,20.5,0.0,0.0,51.81,0.0,0.0,0.0,0.9,18.0,198.7,23581.0,44606.0,23.9,23.0,43.0,29.82,12.8,176.0,0.0,0.0,
2026-03-29T21:58:00,03/29/202609:58,20.5,0.0,0.0,51.81,0.0,0.0,0.0,0.9,18.0,198.7,23581.0,44606.0,24.0,23.0,43.0,29.82,12.8,176.0,0.0,0.0,
2026-03-29T21:59:00,03/29/202609:59,20.5,0.0,0.0,51.81,0.0,0.0,0.0,0.9,18.0,198.7,23581.0,44606.0,24.0,23.0,43.0,29.82,12.8,176.0,0.0,0.0,
2026-03-29T22:00:00,03/29/202610:00,20.5,0.0,0.0,51.81,0.0,0.0,0.0,0.9,18.0,198.7,23581.0,44606.0,23.9,23.0,43.0,29.82,12.8,176.0,0.0,0.0,
2026-03-29T22:01:46,03/29/202610:01,20.5,0.0,0.0,51.81,0.0,0.0,0.0,0.9,18.0,198.7,23581.0,44606.0,24.0,23.0,43.0,29.82,12.8,176.0,0.0,0.0,
2026-03-29T22:02:00,03/29/202610:02,20.5,0.0,0.0,51.81,0.0,0.0,0.0,0.9,18.0,198.7,23581.0,44606.0,24.0,23.0,43.0,29.82,12.8,176.0,0.0,0.0,
2026-03-29T22:03:01,03/29/202610:03,20.5,0.0,0.0,51.81,0.0,0.0,0.0,0.9,18.0,198.7,23581.0,44606.0,24.0,22.97,43.0,29.82,12.775,176.0,0.0,0.0,
2026-03-29T22:04:01,03/29/202610:04,20.5,0.0,0.0,51.81,0.0,0.0,0.0,0.9,18.0,198.7,23581.0,44606.0,24.0,22.94,43.0,29.82,12.75,176.0,0.0,0.0,
2026-03-29T22:05:00,03/29/202610:05,20.5,0.0,0.0,51.8,0.0,0.0,0.0,0.9,18.0,198.7,23581.0,44606.0,23.9,22.91,43.0,29.82,12.725,176.0,0.0,0.0,
2026-03-29T22:06:00,03/29/202610:06,20.5,0.0,0.0,51.8,0.0,0.0,0.0,0.9,18.0,198.7,23581.0,44606.0,23.9,22.880000000000003,43.0,29.82,12.7,176.0,0.0,0.0,
2026-03-29T22:07:00,03/29/202610:07,20.5,0.0,0.0,51.8,0.0,0.0,0.0,0.9,18.0,198.7,23581.0,44606.0,23.9,22.85,43.0,29.82,12.675,176.0,0.0,0.0,
2026-03-29T22:08:01,03/29/202610:08,20.5,0.0,0.0,51.8,0.0,0.0,0.0,0.9,18.0,198.7,23581.0,44606.0,23.9,22.82,43.0,29.82,12.65,176.0,0.0,0.0,
2026-03-29T22:09:00,03/29/202610:09,20.5,0.0,0.0,51.8,0.0,0.0,0.0,0.9,18.0,198.7,23581.0,44606.0,23.9,22.79,43.0,29.82,12.625,176.0,0.0,0.0,
2026-03-29T22:10:00,03/29/202610:10,20.5,0.0,0.0,51.8,0.0,0.0,0.0,0.9,18.0,198.7,23581.0,44606.0,23.9,22.759999999999998,43.0,29.82,12.6,176.0,0.0,0.0,
2026-03-29T22:11:01,03/29/202610:11,20.5,0.0,0.0,51.8,0.0,0.0,0.0,0.9,18.0,198.7,23581.0,44606.0,23.9,22.729999999999997,43.0,29.82,12.575,176.0,0.0,0.0,
2026-03-29T22:15:25,03/29/202610:15,20.5,0.0,0.0,51.8,0.0,0.0,0.0,0.9,18.0,198.7,23581.0,44606.0,24.0,22.7,43.0,29.82,12.55,176.0,0.0,0.0,
2026-03-29T22:16:01,03/29/202610:16,20.5,0.0,0.0,51.8,0.0,0.0,0.0,0.9,18.0,198.7,23581.0,44606.0,24.0,22.7,43.0,29.82,12.55,176.0,0.0,0.0,
2026-03-29T22:17:01,03/29/202610:17,20.5,0.0,0.0,51.8,0.0,0.0,0.0,0.9,18.0,198.7,23581.0,44606.0,23.9,22.669999999999998,43.1,29.82,12.457,176.2,0.0,0.0,
2026-03-29T22:18:01,03/29/202610:18,20.5,0.0,0.0,51.8,0.0,0.0,0.0,0.9,18.0,198.7,23581.0,44606.0,24.0,22.639999999999997,43.2,29.82,12.364,176.4,0.0,0.0,
2026-03-29T22:18:38,03/29/202610:18,20.490000000000002,0.0,0.0,51.8,0.0,0.0,0.0,0.9,18.0,198.7,23581.0,44606.0,24.0,22.61,43.3,29.82,12.271,176.6,0.0,0.0,
2026-03-29T22:19:01,03/29/202610:19,20.48,0.0,0.0,51.8,0.0,0.0,0.0,0.9,18.0,198.7,23581.0,44606.0,24.0,22.58,43.4,29.82,12.178,176.8,0.0,0.0,
2026-03-29T22:19:37,03/29/202610:19,20.48,0.0,0.0,51.8,0.0,0.0,0.0,0.9,18.0,198.7,23581.0,44606.0,24.0,22.55,43.5,29.82,12.084999999999999,177.0,0.0,0.0,
2026-03-29T22:20:01,03/29/202610:20,20.48,0.0,0.0,51.8,0.0,0.0,0.0,0.9,18.0,198.7,23581.0,44606.0,24.0,22.52,43.6,29.82,11.992,177.2,0.0,0.0,
2026-03-29T22:21:01,03/29/202610:21,20.48,0.0,0.0,51.81,0.0,0.0,0.0,0.9,18.0,198.7,23581.0,44606.0,23.9,22.49,43.7,29.82,11.899,177.4,0.0,0.0,
2026-03-29T22:22:01,03/29/202610:22,20.48,0.0,0.0,51.81,0.0,0.0,0.0,0.9,18.0,198.7,23581.0,44606.0,24.0,22.46,43.8,29.82,11.806000000000001,177.6,0.0,0.0,
2026-03-29T22:23:01,03/29/202610:23,20.48,0.0,0.0,51.81,0.0,0.0,0.0,0.9,18.0,198.7,23581.0,44606.0,24.0,22.43,43.9,29.82,11.713,177.8,0.0,0.0,
2026-03-29T22:24:01,03/29/202610:24,20.48,0.0,0.0,51.8,0.0,0.0,0.0,0.9,18.0,198.7,23581.0,44606.0,23.9,22.4,44.0,29.82,11.62,178.0,0.0,0.0,
2026-03-29T22:25:08,03/29/202610:25,20.48,0.0,0.0,51.8,0.0,0.0,0.0,0.9,18.0,198.7,23581.0,44606.0,23.9,22.4,44.0,29.82,11.62,178.0,0.0,0.0,
2026-03-29T22:26:33,03/29/202610:26,20.48,0.0,0.0,51.8,0.0,0.0,0.0,0.9,18.0,198.7,23581.0,44606.0,24.0,22.4,44.0,29.82,11.62,178.0,0.0,0.0,
2026-03-29T22:27:00,03/29/202610:27,20.490000000000002,0.0,0.0,51.8,0.0,0.0,0.0,0.9,18.0,198.7,23581.0,44606.0,24.0,22.4,44.0,29.82,11.62,178.0,0.0,0.0,
2026-03-29T22:28:00,03/29/202610:28,20.5,0.0,0.0,51.8,0.0,0.0,0.0,0.9,18.0,198.7,23581.0,44606.0,24.0,22.4,44.0,29.82,11.62,178.0,0.0,0.0,
2026-03-29T22:29:01,03/29/202610:29,20.5,0.0,0.0,51.8,0.0,0.0,0.0,0.9,18.0,198.7,23581.0,44606.0,23.9,22.4,44.0,29.82,11.62,178.0,0.0,0.0,
2026-03-29T22:30:01,03/29/202610:30,20.5,0.0,0.0,51.8,0.0,0.0,0.0,0.9,18.0,198.7,23581.0,44606.0,23.9,22.4,44.0,29.82,11.62,178.0,0.0,0.0,
2026-03-29T22:31:01,03/29/202610:31,20.5,0.0,0.0,51.79,0.0,0.0,0.0,0.9,18.0,198.7,23581.0,44606.0,23.9,22.4,44.0,29.82,11.62,178.0,0.0,0.0,
2026-03-29T22:32:00,03/29/202610:32,20.5,0.0,0.0,51.79,0.0,0.0,0.0,0.9,18.0,198.7,23581.0,44606.0,23.9,22.369999999999997,44.1,29.82,11.577,177.9,0.0,0.0,
2026-03-29T22:33:01,03/29/202610:33,20.5,0.0,0.0,51.79,0.0,0.0,0.0,0.9,18.0,198.7,23581.0,44606.0,24.0,22.339999999999996,44.2,29.82,11.533999999999999,177.8,0.0,0.0,
2026-03-29T22:34:01,03/29/202610:34,20.5,0.0,0.0,51.8,0.0,0.0,0.0,0.9,18.0,198.7,23581.0,44606.0,24.0,22.31,44.3,29.82,11.491,177.7,0.0,0.0,
2026-03-29T22:35:00,03/29/202610:35,20.5,0.0,0.0,51.8,0.0,0.0,0.0,0.9,18.0,198.7,23581.0,44606.0,24.0,22.28,44.4,29.82,11.447999999999999,177.6,0.0,0.0,
2026-03-29T22:36:01,03/29/202610:36,20.5,0.0,0.0,51.8,0.0,0.0,0.0,0.9,18.0,198.7,23581.0,44606.0,24.0,22.25,44.5,29.82,11.405,177.5,0.0,0.0,
2026-03-29T22:37:44,03/29/202610:37,20.5,0.0,0.0,51.8,0.0,0.0,0.0,0.9,18.0,198.7,23581.0,44606.0,23.9,22.22,44.6,29.82,11.256,177.2,0.0,0.0,
2026-03-29T22:38:01,03/29/202610:38,20.5,0.0,0.0,51.8,0.0,0.0,0.0,0.9,18.0,198.7,23581.0,44606.0,23.9,22.19,44.7,29.82,11.107,176.9,0.0,0.0,
2026-03-29T22:39:00,03/29/202610:39,20.5,0.0,0.0,51.8,0.0,0.0,0.0,0.9,18.0,198.7,23581.0,44606.0,24.0,22.160000000000004,44.8,29.82,10.958,176.6,0.0,0.0,
2026-03-29T22:40:00,03/29/202610:40,20.5,0.0,0.0,51.8,0.0,0.0,0.0,0.9,18.0,198.7,23581.0,44606.0,23.9,22.130000000000003,44.9,29.82,10.809000000000001,176.3,0.0,0.0,
2026-03-29T22:41:00,03/29/202610:41,20.5,0.0,0.0,51.8,0.0,0.0,0.0,0.9,18.0,198.7,23581.0,44606.0,23.9,22.1,45.0,29.82,10.66,176.0,0.0,0.0,
2026-03-29T22:42:00,03/29/202610:42,20.5,0.0,0.0,51.79,0.0,0.0,0.0,0.9,18.0,198.7,23581.0,44606.0,23.9,22.1,45.0,29.82,10.554,175.8,0.0,0.0,
2026-03-29T22:43:00,03/29/202610:43,20.5,0.0,0.0,51.79,0.0,0.0,0.0,0.9,18.0,198.7,23581.0,44606.0,24.0,22.1,45.0,29.82,10.448,175.6,0.0,0.0,
2026-03-29T22:44:01,03/29/202610:44,20.5,0.0,0.0,51.79,0.0,0.0,0.0,0.9,18.0,198.7,23581.0,44606.0,24.0,22.1,44.8,29.82,10.342,175.4,0.0,0.0,
2026-03-29T22:45:00,03/29/202610:45,20.5,0.0,0.0,51.79,0.0,0.0,0.0,0.9,18.0,198.7,23581.0,44606.0,24.0,22.1,44.6,29.82,10.236,175.2,0.0,0.0,
2026-03-29T22:46:00,03/29/202610:46,20.5,0.0,0.0,51.79,0.0,0.0,0.0,0.9,18.0,198.7,23581.0,44606.0,23.9,22.1,44.4,29.82,10.13,175.0,0.0,0.0,
2026-03-29T22:47:00,03/29/202610:47,20.5,0.0,0.0,51.79,0.0,0.0,0.0,0.9,18.0,198.7,23581.0,44606.0,23.9,22.07,44.3,29.82,10.13,175.0,0.0,0.0,
2026-03-29T22:49:04,03/29/202610:49,20.5,0.0,0.0,51.779999999999994,0.0,0.0,0.0,0.9,18.0,198.7,23581.0,44606.0,23.9,22.04,44.2,29.82,10.13,175.0,0.0,0.0,
2026-03-29T22:50:00,03/29/202610:50,20.5,0.0,0.0,51.779999999999994,0.0,0.0,0.0,0.9,18.0,198.7,23581.0,44606.0,23.9,22.01,44.1,29.82,10.13,175.0,0.0,0.0,
2026-03-29T22:51:00,03/29/202610:51,20.5,0.0,0.0,51.779999999999994,0.0,0.0,0.0,0.9,18.0,198.7,23581.0,44606.0,24.0,21.98,44.0,29.82,10.13,175.0,0.0,0.0,
2026-03-29T22:52:01,03/29/202610:52,20.5,0.0,0.0,51.779999999999994,0.0,0.0,0.0,0.9,18.0,198.7,23581.0,44606.0,23.9,21.95,43.9,29.82,10.13,175.0,0.0,0.0,
2026-03-29T22:53:01,03/29/202610:53,20.5,0.0,0.0,51.79,0.0,0.0,0.0,0.9,18.0,198.7,23581.0,44606.0,23.9,21.92,43.8,29.82,10.13,175.0,0.0,0.0,
2026-03-29T22:54:00,03/29/202610:54,20.5,0.0,0.0,51.779999999999994,0.0,0.0,0.0,0.9,18.0,198.7,23581.0,44606.0,23.9,21.89,43.7,29.82,10.13,175.0,0.0,0.0,
2026-03-29T22:55:00,03/29/202610:55,20.5,0.0,0.0,51.779999999999994,0.0,0.0,0.0,0.9,18.0,198.7,23581.0,44606.0,23.9,21.860000000000003,43.8,29.82,10.13,175.0,0.0,0.0,
2026-03-29T22:56:00,03/29/202610:56,20.5,0.0,0.0,51.779999999999994,0.0,0.0,0.0,0.9,18.0,198.7,23581.0,44606.0,23.9,21.830000000000002,43.9,29.82,10.13,175.0,0.0,0.0,
2026-03-29T22:57:00,03/29/202610:57,20.5,0.0,0.0,51.779999999999994,0.0,0.0,0.0,0.9,18.0,198.7,23581.0,44606.0,24.0,21.8,44.0,29.82,10.13,175.0,0.0,0.0,
2026-03-29T22:58:01,03/29/202610:58,20.5,0.0,0.0,51.779999999999994,0.0,0.0,0.0,0.9,18.0,198.7,23581.0,44606.0,24.0,21.8,44.0,29.82,10.13,175.0,0.0,0.0,
2026-03-29T23:00:08,03/29/202611:00,20.5,0.0,0.0,51.79,0.0,0.0,0.0,0.9,18.0,198.7,23581.0,44606.0,24.0,21.8,44.0,29.82,10.13,175.0,0.0,0.0,
2026-03-29T23:01:00,03/29/202611:01,20.5,0.0,0.0,51.79,0.0,0.0,0.0,0.9,18.0,198.7,23581.0,44606.0,24.0,21.8,44.0,29.82,10.13,175.0,0.0,0.0,
2026-03-29T23:02:00,03/29/202611:02,20.5,0.0,0.0,51.79,0.0,0.0,0.0,0.9,18.0,198.7,23581.0,44606.0,24.0,21.79,44.0,29.82,10.242,175.0,0.0,0.0,
2026-03-29T23:03:00,03/29/202611:03,20.5,0.0,0.0,51.79,0.0,0.0,0.0,0.9,18.0,198.7,23581.0,44606.0,23.9,21.78,44.0,29.82,10.354000000000001,175.0,0.0,0.0,
2026-03-29T23:04:00,03/29/202611:04,20.5,0.0,0.0,51.779999999999994,0.0,0.0,0.0,0.9,18.0,198.7,23581.0,44606.0,23.9,21.77,44.0,29.82,10.466000000000001,175.0,0.0,0.0,
2026-03-29T23:05:00,03/29/202611:05,20.5,0.0,0.0,51.79,0.0,0.0,0.0,0.9,18.0,198.7,23581.0,44606.0,23.9,21.759999999999998,44.0,29.82,10.578,175.0,0.0,0.0,
2026-03-29T23:06:00,03/29/202611:06,20.5,0.0,0.0,51.79,0.0,0.0,0.0,0.9,18.0,198.7,23581.0,44606.0,24.0,21.75,44.0,29.82,10.690000000000001,175.0,0.0,0.0,
2026-03-29T23:07:01,03/29/202611:07,20.5,0.0,0.0,51.779999999999994,0.0,0.0,0.0,0.9,18.0,198.7,23581.0,44606.0,23.9,21.740000000000002,44.0,29.82,10.802000000000001,175.0,0.0,0.0,
2026-03-29T23:08:00,03/29/202611:08,20.5,0.0,0.0,51.779999999999994,0.0,0.0,0.0,0.9,18.0,198.7,23581.0,44606.0,23.9,21.73,44.0,29.82,10.914,175.0,0.0,0.0,
2026-03-29T23:09:07,03/29/202611:09,20.5,0.0,0.0,51.779999999999994,0.0,0.0,0.0,0.9,18.0,198.7,23581.0,44606.0,23.9,21.72,44.0,29.82,11.026,175.0,0.0,0.0,
2026-03-29T23:11:20,03/29/202611:11,20.5,0.0,0.0,51.77,0.0,0.0,0.0,0.9,18.0,198.7,23581.0,44606.0,23.9,21.71,44.0,29.82,11.138,175.0,0.0,0.0,
2026-03-29T23:12:01,03/29/202611:12,20.5,0.0,0.0,51.760000000000005,0.0,0.0,0.0,0.9,18.0,198.7,23581.0,44606.0,23.9,21.7,44.0,29.82,11.25,175.0,0.0,0.0,
2026-03-29T23:13:01,03/29/202611:13,20.5,0.0,0.0,51.760000000000005,0.0,0.0,0.0,0.9,18.0,198.7,23581.0,44606.0,24.0,21.7,44.0,29.82,11.25,175.0,0.0,0.0,
2026-03-29T23:14:01,03/29/202611:14,20.5,0.0,0.0,51.760000000000005,0.0,0.0,0.0,0.9,18.0,198.7,23581.0,44606.0,24.0,21.7,44.0,29.82,11.25,175.0,0.0,0.0,
2026-03-29T23:14:09,03/29/202611:14,20.580000000000002,0.0,0.0,51.760000000000005,0.0,0.0,0.0,0.9,18.0,198.7,23581.0,44606.0,23.9,21.7,44.0,29.82,11.25,175.0,0.0,0.0,
2026-03-29T23:15:01,03/29/202611:15,20.66,0.0,0.0,51.75,0.0,0.0,0.0,0.9,18.0,198.7,23581.0,44606.0,23.9,21.7,44.0,29.82,11.25,175.0,0.0,0.0,
2026-03-29T23:15:10,03/29/202611:15,20.78,0.0,0.0,51.739999999999995,0.0,0.0,0.0,0.9,18.0,198.7,23581.0,44606.0,23.9,21.7,44.0,29.82,11.25,175.0,0.0,0.0,
2026-03-29T23:16:01,03/29/202611:16,20.9,0.0,0.0,51.739999999999995,0.0,0.0,0.0,0.9,18.0,198.7,23581.0,44606.0,23.9,21.7,44.0,29.82,11.25,175.0,0.0,0.0,
2026-03-29T23:16:10,03/29/202611:16,20.9,0.0,0.0,51.73,0.0,0.0,0.0,0.9,18.0,198.7,23581.0,44606.0,23.9,21.68,44.1,29.82,11.244,175.3,0.0,0.0,
2026-03-29T23:17:01,03/29/202611:17,20.9,0.0,0.0,51.720000000000006,0.0,0.0,0.0,0.9,18.0,198.7,23581.0,44606.0,23.9,21.66,44.2,29.82,11.238,175.6,0.0,0.0,
2026-03-29T23:18:01,03/29/202611:18,20.9,0.0,0.0,51.73,0.0,0.0,0.0,0.9,18.0,198.7,23581.0,44606.0,23.9,21.64,44.3,29.82,11.232,175.9,0.0,0.0,
2026-03-29T23:19:01,03/29/202611:19,20.9,0.0,0.0,51.73,0.0,0.0,0.0,0.9,18.0,198.7,23581.0,44606.0,23.9,21.619999999999997,44.4,29.82,11.225999999999999,176.2,0.0,0.0,
2026-03-29T23:20:01,03/29/202611:20,20.9,0.0,0.0,51.73,0.0,0.0,0.0,0.9,18.0,198.7,23581.0,44606.0,23.9,21.6,44.5,29.82,11.22,176.5,0.0,0.0,
2026-03-29T23:21:01,03/29/202611:21,20.9,0.0,0.0,51.73,0.0,0.0,0.0,0.9,18.0,198.7,23581.0,44606.0,23.9,21.580000000000002,44.6,29.82,11.214,176.8,0.0,0.0,
2026-03-29T23:22:31,03/29/202611:22,20.82,0.0,0.0,51.73,0.0,0.0,0.0,0.9,18.0,198.7,23581.0,44606.0,23.9,21.56,44.7,29.82,11.208,177.1,0.0,0.0,
2026-03-29T23:23:00,03/29/202611:23,20.740000000000002,0.0,0.0,51.73,0.0,0.0,0.0,0.9,18.0,198.7,23581.0,44606.0,23.9,21.54,44.8,29.82,11.202,177.4,0.0,0.0,
2026-03-29T23:24:00,03/29/202611:24,20.619999999999997,0.0,0.0,51.73,0.0,0.0,0.0,0.9,18.0,198.7,23581.0,44606.0,23.9,21.52,44.9,29.82,11.196,177.7,0.0,0.0,
2026-03-29T23:25:00,03/29/202611:25,20.5,0.0,0.0,51.73,0.0,0.0,0.0,0.9,18.0,198.7,23581.0,44606.0,23.9,21.5,45.0,29.82,11.19,178.0,0.0,0.0,
2026-03-29T23:26:00,03/29/202611:26,20.5,0.0,0.0,51.739999999999995,0.0,0.0,0.0,0.9,18.0,198.7,23581.0,44606.0,23.9,21.5,45.0,29.82,11.19,178.0,0.0,0.0,
2026-03-29T23:27:00,03/29/202611:27,20.5,0.0,0.0,51.739999999999995,0.0,0.0,0.0,0.9,18.0,198.7,23581.0,44606.0,24.0,21.5,45.0,29.82,11.19,178.0,0.0,0.0,
2026-03-29T23:28:00,03/29/202611:28,20.5,0.0,0.0,51.73,0.0,0.0,0.0,0.9,18.0,198.7,23581.0,44606.0,23.9,21.5,45.0,29.82,11.19,178.0,0.0,0.0,
2026-03-29T23:29:00,03/29/202611:29,20.5,0.0,0.0,51.73,0.0,0.0,0.0,0.9,18.0,198.7,23581.0,44606.0,23.9,21.5,45.0,29.82,11.19,178.0,0.0,0.0,
2026-03-29T23:30:00,03/29/202611:30,20.5,0.0,0.0,51.720000000000006,0.0,0.0,0.0,0.9,18.0,198.7,23581.0,44606.0,23.9,21.5,45.0,29.82,11.19,178.0,0.0,0.0,
2026-03-29T23:31:01,03/29/202611:31,20.5,0.0,0.0,51.71,0.0,0.0,0.0,0.9,18.0,198.7,23581.0,44606.0,23.9,21.48,45.1,29.82,11.258,178.1,0.0,0.0,
2026-03-29T23:32:01,03/29/202611:32,20.5,0.0,0.0,51.71,0.0,0.0,0.0,0.9,18.0,198.7,23581.0,44606.0,24.0,21.46,45.2,29.82,11.325999999999999,178.2,0.0,0.0,
2026-03-29T23:38:35,03/29/202611:38,20.5,0.0,0.0,51.71,0.0,0.0,0.0,0.9,18.0,198.7,23581.0,44606.0,24.0,21.45,45.3,29.82,11.394,178.1,0.0,0.0,
2026-03-29T23:39:01,03/29/202611:39,20.5,0.0,0.0,51.71,0.0,0.0,0.0,0.9,18.0,198.7,23581.0,44606.0,24.0,21.44,45.4,29.82,11.462,178.0,0.0,0.0,
2026-03-29T23:40:01,03/29/202611:40,20.5,0.0,0.0,51.71,0.0,0.0,0.0,0.9,18.0,198.7,23581.0,44606.0,23.9,21.43,45.5,29.82,11.53,177.9,0.0,0.0,
2026-03-29T23:41:01,03/29/202611:41,20.5,0.0,0.0,51.71,0.0,0.0,0.0,0.9,18.0,198.7,23581.0,44606.0,23.9,21.419999999999998,45.6,29.82,11.597999999999999,177.8,0.0,0.0,
2026-03-29T23:42:01,03/29/202611:42,20.5,0.0,0.0,51.71,0.0,0.0,0.0,0.9,18.0,198.7,23581.0,44606.0,24.0,21.41,45.7,29.82,11.666,177.7,0.0,0.0,
2026-03-29T23:43:01,03/29/202611:43,20.5,0.0,0.0,51.71,0.0,0.0,0.0,0.9,18.0,198.7,23581.0,44606.0,24.0,21.4,45.8,29.82,11.733999999999998,177.6,0.0,0.0,
2026-03-29T23:44:01,03/29/202611:44,20.5,0.0,0.0,51.71,0.0,0.0,0.0,0.9,18.0,198.7,23581.0,44606.0,23.9,21.389999999999997,45.9,29.82,11.802,177.5,0.0,0.0,
2026-03-29T23:45:01,03/29/202611:45,20.5,0.0,0.0,51.71,0.0,0.0,0.0,0.9,18.0,198.7,23581.0,44606.0,23.9,21.38,46.0,29.82,11.87,177.4,0.0,0.0,
2026-03-29T23:46:01,03/29/202611:46,20.5,0.0,0.0,51.720000000000006,0.0,0.0,0.0,0.9,18.0,198.7,23581.0,44606.0,23.9,21.389999999999997,46.1,29.82,11.87,177.2,0.0,0.0,
2026-03-29T23:47:01,03/29/202611:47,20.5,0.0,0.0,51.720000000000006,0.0,0.0,0.0,0.9,18.0,198.7,23581.0,44606.0,24.0,21.38,46.2,29.82,11.87,177.4,0.0,0.0,
2026-03-29T23:48:01,03/29/202611:48,20.5,0.0,0.0,51.720000000000006,0.0,0.0,0.0,0.9,18.0,198.7,23581.0,44606.0,23.9,21.36,46.3,29.82,11.87,177.8,0.0,0.0,
2026-03-29T23:49:47,03/29/202611:49,20.5,0.0,0.0,51.720000000000006,0.0,0.0,0.0,0.9,18.0,198.7,23581.0,44606.0,23.9,21.339999999999996,46.4,29.82,11.87,178.2,0.0,0.0,
2026-03-29T23:50:01,03/29/202611:50,20.5,0.0,0.0,51.720000000000006,0.0,0.0,0.0,0.9,18.0,198.7,23581.0,44606.0,23.9,21.32,46.5,29.82,11.87,178.6,0.0,0.0,
2026-03-29T23:51:00,03/29/202611:51,20.5,0.0,0.0,51.71,0.0,0.0,0.0,0.9,18.0,198.7,23581.0,44606.0,24.0,21.3,46.6,29.82,11.87,179.0,0.0,0.0,
2026-03-29T23:52:00,03/29/202611:52,20.5,0.0,0.0,51.71,0.0,0.0,0.0,0.9,18.0,198.7,23581.0,44606.0,23.9,21.279999999999998,46.7,29.82,11.87,179.4,0.0,0.0,
2026-03-29T23:53:00,03/29/202611:53,20.5,0.0,0.0,51.71,0.0,0.0,0.0,0.9,18.0,198.7,23581.0,44606.0,23.9,21.259999999999998,46.8,29.82,11.87,179.8,0.0,0.0,
2026-03-29T23:54:01,03/29/202611:54,20.5,0.0,0.0,51.71,0.0,0.0,0.0,0.9,18.0,198.7,23581.0,44606.0,23.9,21.24,46.9,29.82,11.87,180.2,0.0,0.0,
2026-03-29T23:55:00,03/29/202611:55,20.5,0.0,0.0,51.71,0.0,0.0,0.0,0.9,18.0,198.7,23581.0,44606.0,24.0,21.22,47.0,29.82,11.87,180.6,0.0,0.0,
2026-03-29T23:56:00,03/29/202611:56,20.5,0.0,0.0,51.7,0.0,0.0,0.0,0.9,18.0,198.7,23581.0,44606.0,23.9,21.2,47.0,29.82,11.87,181.0,0.0,0.0,
2026-03-29T23:57:00,03/29/202611:57,20.5,0.0,0.0,51.7,0.0,0.0,0.0,0.9,18.0,198.7,23581.0,44606.0,23.9,21.2,47.0,29.82,11.87,181.0,0.0,0.0,
2026-03-29T23:58:00,03/29/202611:58,20.5,0.0,0.0,51.7,0.0,0.0,0.0,0.9,18.0,198.7,23581.0,44606.0,23.9,21.2,47.0,29.82,11.87,181.0,0.0,0.0,
2026-03-29T23:59:00,03/29/202611:59,20.5,0.0,0.0,51.7,0.0,0.0,0.0,0.9,18.0,198.7,23581.0,44606.0,23.9,21.2,47.0,29.82,11.87,181.0,0.0,0.0,
