timestamp,HMI_Timestamp,PV_Voltage_V,PV_Current_A,PV_Power_W,Battery_Voltage_V,Battery_Current_A,Battery_Power_W,Avg_Power_to_Battery_W,Daily_Energy_kWh,Daily_Charge_Ah,History_Max_Input_Voltage_V,Lifetime_Energy_Gen_kWh,Lifetime_Charge_Ah,Battery_Temp_C,Air_Temp_C,Humidity_pct,Air_Pressure_inHg,Wind_Speed_ms,Wind_Direction_deg,Solar_Irradiance_Wm2,UV_Index,Est_Efficiency
2026-02-12T00:15:39,02/12/202600:15,22.4,0.0,0.0,51.7,0.0,0.0,0.0,0.0,0.0,198.7,23199.0,43879.0,23.1,4.4,45.0,30.12,1.43,129.0,0.0,0.0,
2026-02-12T00:17:42,02/12/202600:17,22.3,0.0,0.0,51.6,0.0,0.0,0.0,0.0,0.0,198.7,23199.0,43879.0,23.1,4.2,46.0,30.12,1.12,101.0,0.0,0.0,
2026-02-12T00:18:41,02/12/202600:18,22.4,0.0,0.0,51.6,0.0,0.0,0.0,0.0,0.0,198.7,23199.0,43879.0,23.1,4.2,46.0,30.12,1.12,101.0,0.0,0.0,
2026-02-12T00:19:41,02/12/202600:19,22.3,0.0,0.0,51.7,0.0,0.0,0.0,0.0,0.0,198.7,23199.0,43879.0,23.1,4.2,46.0,30.12,1.12,101.0,0.0,0.0,
2026-02-12T00:20:42,02/12/202600:20,22.4,0.0,0.0,51.7,0.0,0.0,0.0,0.0,0.0,198.7,23199.0,43879.0,23.1,4.2,46.0,30.12,1.12,101.0,0.0,0.0,
2026-02-12T00:23:41,02/12/202600:23,22.3,0.0,0.0,51.6,0.0,0.0,0.0,0.0,0.0,198.7,23199.0,43879.0,23.1,4.2,46.0,30.12,1.12,101.0,0.0,0.0,
2026-02-12T00:24:41,02/12/202600:24,22.4,0.0,0.0,51.6,0.0,0.0,0.0,0.0,0.0,198.7,23199.0,43879.0,23.1,4.2,46.0,30.12,1.12,101.0,0.0,0.0,
2026-02-12T00:26:47,02/12/202600:26,22.3,0.0,0.0,51.7,0.0,0.0,0.0,0.0,0.0,198.7,23199.0,43879.0,23.1,4.2,46.0,30.12,1.12,101.0,0.0,0.0,
2026-02-12T00:28:29,02/12/202600:28,22.4,0.0,0.0,51.6,0.0,0.0,0.0,0.0,0.0,198.7,23199.0,43879.0,23.1,4.3,46.0,30.12,1.99,360.0,0.0,0.0,
2026-02-12T00:28:30,02/12/202600:28,22.3,0.0,0.0,51.6,0.0,0.0,0.0,0.0,0.0,198.7,23199.0,43879.0,23.1,4.3,46.0,30.12,1.99,360.0,0.0,0.0,
2026-02-12T00:32:30,02/12/202600:32,21.5,0.0,0.0,51.6,0.0,0.0,0.0,0.0,0.0,198.7,23199.0,43879.0,23.1,4.1,46.0,30.12,1.3,31.0,0.0,0.0,
2026-02-12T00:33:29,02/12/202600:33,20.5,0.0,0.0,51.6,0.0,0.0,0.0,0.0,0.0,198.7,23199.0,43879.0,23.1,4.1,46.0,30.12,1.3,31.0,0.0,0.0,
2026-02-12T00:34:30,02/12/202600:34,20.4,0.0,0.0,51.6,0.0,0.0,0.0,0.0,0.0,198.7,23199.0,43879.0,23.1,4.1,46.0,30.12,1.3,31.0,0.0,0.0,
2026-02-12T00:37:56,02/12/202600:37,20.4,0.0,0.0,51.6,0.0,0.0,0.0,0.0,0.0,198.7,23199.0,43879.0,23.1,4.1,46.0,30.12,1.3,31.0,0.0,0.0,
2026-02-12T00:49:06,02/12/202600:49,20.4,0.0,0.0,51.6,0.0,0.0,0.0,0.0,0.0,198.7,23199.0,43879.0,23.1,4.0,46.0,30.12,0.93,14.0,0.0,0.0,
2026-02-12T00:52:52,02/12/202600:52,20.4,0.0,0.0,51.6,0.0,0.0,0.0,0.0,0.0,198.7,23199.0,43879.0,23.1,4.0,46.0,30.12,0.93,14.0,0.0,0.0,
2026-02-12T01:00:14,02/12/202601:00,20.4,0.0,0.0,51.6,0.0,0.0,0.0,0.0,0.0,198.7,23199.0,43879.0,23.1,4.0,46.0,30.12,0.93,14.0,0.0,0.0,
2026-02-12T01:01:52,02/12/202601:01,20.3,0.0,0.0,51.6,0.0,0.0,0.0,0.0,0.0,198.7,23199.0,43879.0,23.1,3.8,46.0,30.09,1.49,27.0,0.0,0.0,
2026-02-12T01:02:51,02/12/202601:02,20.4,0.0,0.0,51.6,0.0,0.0,0.0,0.0,0.0,198.7,23199.0,43879.0,23.1,3.8,46.0,30.09,1.49,27.0,0.0,0.0,
2026-02-12T01:11:23,02/12/202601:11,20.4,0.0,0.0,51.6,0.0,0.0,0.0,0.0,0.0,198.7,23199.0,43879.0,23.1,3.8,46.0,30.09,1.49,27.0,0.0,0.0,
2026-02-12T01:12:51,02/12/202601:12,20.4,0.0,0.0,51.6,0.0,0.0,0.0,0.0,0.0,198.7,23199.0,43879.0,23.1,3.8,46.0,30.09,1.49,27.0,0.0,0.0,
2026-02-12T01:22:32,02/12/202601:22,20.4,0.0,0.0,51.6,0.0,0.0,0.0,0.0,0.0,198.7,23199.0,43879.0,23.1,3.4,46.0,30.09,1.8,360.0,0.0,0.0,
2026-02-12T01:33:41,02/12/202601:33,20.4,0.0,0.0,51.6,0.0,0.0,0.0,0.0,0.0,198.7,23199.0,43879.0,23.1,3.3,46.0,30.12,1.18,22.0,0.0,0.0,
2026-02-12T01:44:50,02/12/202601:44,20.4,0.0,0.0,51.6,0.0,0.0,0.0,0.0,0.0,198.7,23199.0,43879.0,23.0,3.3,46.0,30.12,1.18,22.0,0.0,0.0,
2026-02-12T01:51:56,02/12/202601:51,20.3,0.0,0.0,51.6,0.0,0.0,0.0,0.0,0.0,198.7,23199.0,43879.0,23.1,3.1,46.0,30.12,0.93,45.0,0.0,0.0,
2026-02-12T01:52:56,02/12/202601:52,20.4,0.0,0.0,51.5,0.0,0.0,0.0,0.0,0.0,198.7,23199.0,43879.0,23.0,3.1,46.0,30.12,0.93,45.0,0.0,0.0,
2026-02-12T01:55:59,02/12/202601:55,20.4,0.0,0.0,51.5,0.0,0.0,0.0,0.0,0.0,198.7,23199.0,43879.0,23.0,3.1,51.0,30.12,0.93,45.0,0.0,0.0,
2026-02-12T02:07:09,02/12/202602:07,20.3,0.0,0.0,51.6,0.0,0.0,0.0,0.0,0.0,198.7,23199.0,43879.0,23.1,3.0,51.0,30.12,0.93,45.0,0.0,0.0,
2026-02-12T02:07:56,02/12/202602:07,20.4,0.0,0.0,51.6,0.0,0.0,0.0,0.0,0.0,198.7,23199.0,43879.0,23.0,3.0,51.0,30.12,0.93,45.0,0.0,0.0,
2026-02-12T02:14:56,02/12/202602:14,20.3,0.0,0.0,51.6,0.0,0.0,0.0,0.0,0.0,198.7,23199.0,43879.0,23.0,3.0,51.0,30.12,0.93,45.0,0.0,0.0,
2026-02-12T02:15:55,02/12/202602:15,20.4,0.0,0.0,51.5,0.0,0.0,0.0,0.0,0.0,198.7,23199.0,43879.0,23.0,2.9,51.0,30.12,1.37,81.0,0.0,0.0,
2026-02-12T02:18:18,02/12/202602:18,20.4,0.0,0.0,51.5,0.0,0.0,0.0,0.0,0.0,198.7,23199.0,43879.0,23.0,2.9,51.0,30.12,1.37,81.0,0.0,0.0,
2026-02-12T02:18:56,02/12/202602:18,20.3,0.0,0.0,51.5,0.0,0.0,0.0,0.0,0.0,198.7,23199.0,43879.0,23.1,2.9,51.0,30.12,1.37,81.0,0.0,0.0,
2026-02-12T02:19:56,02/12/202602:19,20.4,0.0,0.0,51.5,0.0,0.0,0.0,0.0,0.0,198.7,23199.0,43879.0,23.1,2.9,51.0,30.12,1.37,81.0,0.0,0.0,
2026-02-12T02:29:27,02/12/202602:29,20.4,0.0,0.0,51.5,0.0,0.0,0.0,0.0,0.0,198.7,23199.0,43879.0,23.0,2.9,51.0,30.12,1.37,81.0,0.0,0.0,
2026-02-12T02:33:56,02/12/202602:33,20.3,0.0,0.0,51.5,0.0,0.0,0.0,0.0,0.0,198.7,23199.0,43879.0,23.0,2.8,52.0,30.12,0.68,252.0,0.0,0.0,
2026-02-12T02:34:56,02/12/202602:34,20.4,0.0,0.0,51.5,0.0,0.0,0.0,0.0,0.0,198.7,23199.0,43879.0,23.0,2.8,52.0,30.12,0.68,252.0,0.0,0.0,
2026-02-12T02:37:56,02/12/202602:37,20.3,0.0,0.0,51.5,0.0,0.0,0.0,0.0,0.0,198.7,23199.0,43879.0,23.0,2.8,54.0,30.12,0.68,252.0,0.0,0.0,
2026-02-12T02:38:56,02/12/202602:38,20.4,0.0,0.0,51.5,0.0,0.0,0.0,0.0,0.0,198.7,23199.0,43879.0,23.0,2.8,54.0,30.12,0.68,252.0,0.0,0.0,
2026-02-12T02:40:36,02/12/202602:40,20.4,0.0,0.0,51.5,0.0,0.0,0.0,0.0,0.0,198.7,23199.0,43879.0,23.0,2.8,54.0,30.12,0.68,252.0,0.0,0.0,
2026-02-12T02:40:56,02/12/202602:40,20.3,0.0,0.0,51.5,0.0,0.0,0.0,0.0,0.0,198.7,23199.0,43879.0,23.0,2.8,54.0,30.12,0.68,252.0,0.0,0.0,
2026-02-12T02:41:56,02/12/202602:41,20.4,0.0,0.0,51.5,0.0,0.0,0.0,0.0,0.0,198.7,23199.0,43879.0,23.1,2.8,54.0,30.12,0.68,252.0,0.0,0.0,
2026-02-12T02:48:56,02/12/202602:48,20.3,0.0,0.0,51.5,0.0,0.0,0.0,0.0,0.0,198.7,23199.0,43879.0,23.0,2.7,54.0,30.15,1.12,233.0,0.0,0.0,
2026-02-12T02:49:29,02/12/202602:49,20.4,0.0,0.0,51.4,0.0,0.0,0.0,0.0,0.0,198.7,23199.0,43879.0,23.1,2.7,54.0,30.15,1.12,233.0,0.0,0.0,
2026-02-12T02:51:46,02/12/202602:51,20.4,0.0,0.0,51.5,0.0,0.0,0.0,0.0,0.0,198.7,23199.0,43879.0,23.0,2.7,54.0,30.15,1.12,233.0,0.0,0.0,
2026-02-12T03:00:29,02/12/202603:00,20.3,0.0,0.0,51.5,0.0,0.0,0.0,0.0,0.0,198.7,23199.0,43879.0,23.0,2.6,54.0,30.15,0.81,236.0,0.0,0.0,
2026-02-12T03:01:29,02/12/202603:01,20.4,0.0,0.0,51.5,0.0,0.0,0.0,0.0,0.0,198.7,23199.0,43879.0,23.0,2.6,54.0,30.15,0.81,236.0,0.0,0.0,
2026-02-12T03:02:55,02/12/202603:02,20.4,0.0,0.0,51.5,0.0,0.0,0.0,0.0,0.0,198.7,23199.0,43879.0,23.0,2.6,54.0,30.15,0.81,236.0,0.0,0.0,
2026-02-12T03:10:57,02/12/202603:10,20.4,0.0,0.0,51.5,0.0,0.0,0.0,0.0,0.0,198.7,23199.0,43879.0,23.0,2.6,54.0,30.15,0.81,236.0,0.0,0.0,
2026-02-12T03:12:10,02/12/202603:12,20.3,0.0,0.0,51.5,0.0,0.0,0.0,0.0,0.0,198.7,23199.0,43879.0,23.0,2.6,54.0,30.15,0.81,236.0,0.0,0.0,
2026-02-12T03:12:11,02/12/202603:12,20.4,0.0,0.0,51.5,0.0,0.0,0.0,0.0,0.0,198.7,23199.0,43879.0,23.0,2.6,54.0,30.15,0.81,236.0,0.0,0.0,
2026-02-12T03:14:04,02/12/202603:14,20.4,0.0,0.0,51.5,0.0,0.0,0.0,0.0,0.0,198.7,23199.0,43879.0,23.0,2.6,54.0,30.15,0.81,236.0,0.0,0.0,
2026-02-12T03:16:10,02/12/202603:16,20.3,0.0,0.0,51.4,0.0,0.0,0.0,0.0,0.0,198.7,23199.0,43879.0,23.1,2.5,55.0,30.12,1.43,162.0,0.0,0.0,
2026-02-12T03:18:10,02/12/202603:18,20.4,0.0,0.0,51.5,0.0,0.0,0.0,0.0,0.0,198.7,23199.0,43879.0,23.0,2.5,55.0,30.12,1.43,162.0,0.0,0.0,
2026-02-12T03:19:11,02/12/202603:19,20.3,0.0,0.0,51.5,0.0,0.0,0.0,0.0,0.0,198.7,23199.0,43879.0,23.0,2.5,55.0,30.12,1.43,162.0,0.0,0.0,
2026-02-12T03:20:11,02/12/202603:20,20.4,0.0,0.0,51.4,0.0,0.0,0.0,0.0,0.0,198.7,23199.0,43879.0,23.0,2.5,55.0,30.12,1.43,162.0,0.0,0.0,
2026-02-12T03:25:13,02/12/202603:25,20.4,0.0,0.0,51.5,0.0,0.0,0.0,0.0,0.0,198.7,23199.0,43879.0,23.0,2.5,55.0,30.12,1.43,162.0,0.0,0.0,
2026-02-12T03:27:10,02/12/202603:27,20.3,0.0,0.0,51.5,0.0,0.0,0.0,0.0,0.0,198.7,23199.0,43879.0,23.0,2.4,55.0,30.12,1.43,162.0,0.0,0.0,
2026-02-12T03:29:11,02/12/202603:29,20.4,0.0,0.0,51.5,0.0,0.0,0.0,0.0,0.0,198.7,23199.0,43879.0,23.0,2.4,55.0,30.12,2.49,185.0,0.0,0.0,
2026-02-12T03:32:16,02/12/202603:32,20.4,0.0,0.0,51.4,0.0,0.0,0.0,0.0,0.0,198.7,23199.0,43879.0,23.0,2.3,58.0,30.12,2.8,166.0,0.0,0.0,
2026-02-12T03:34:16,02/12/202603:34,20.3,0.0,0.0,51.5,0.0,0.0,0.0,0.0,0.0,198.7,23199.0,43879.0,23.0,2.3,58.0,30.12,2.8,166.0,0.0,0.0,
2026-02-12T03:36:23,02/12/202603:36,20.4,0.0,0.0,51.4,0.0,0.0,0.0,0.0,0.0,198.7,23199.0,43879.0,23.0,2.3,58.0,30.12,2.8,166.0,0.0,0.0,
2026-02-12T03:47:32,02/12/202603:47,20.4,0.0,0.0,51.4,0.0,0.0,0.0,0.0,0.0,198.7,23199.0,43879.0,23.0,2.2,59.0,30.12,3.92,156.0,0.0,0.0,
2026-02-12T03:48:16,02/12/202603:48,20.3,0.0,0.0,51.5,0.0,0.0,0.0,0.0,0.0,198.7,23199.0,43879.0,23.0,2.2,59.0,30.12,3.92,156.0,0.0,0.0,
2026-02-12T03:49:16,02/12/202603:49,20.4,0.0,0.0,51.5,0.0,0.0,0.0,0.0,0.0,198.7,23199.0,43879.0,23.0,2.2,59.0,30.12,3.92,156.0,0.0,0.0,
2026-02-12T03:53:16,02/12/202603:53,20.3,0.0,0.0,51.5,0.0,0.0,0.0,0.0,0.0,198.7,23199.0,43879.0,23.0,2.2,59.0,30.12,3.92,156.0,0.0,0.0,
2026-02-12T03:54:16,02/12/202603:54,20.4,0.0,0.0,51.5,0.0,0.0,0.0,0.0,0.0,198.7,23199.0,43879.0,23.0,2.2,59.0,30.12,3.92,156.0,0.0,0.0,
2026-02-12T03:55:16,02/12/202603:55,20.3,0.0,0.0,51.5,0.0,0.0,0.0,0.0,0.0,198.7,23199.0,43879.0,23.0,2.2,59.0,30.12,3.92,156.0,0.0,0.0,
2026-02-12T03:56:16,02/12/202603:56,20.4,0.0,0.0,51.4,0.0,0.0,0.0,0.0,0.0,198.7,23199.0,43879.0,23.0,2.2,59.0,30.12,3.92,156.0,0.0,0.0,
2026-02-12T03:58:41,02/12/202603:58,20.4,0.0,0.0,51.4,0.0,0.0,0.0,0.0,0.0,198.7,23199.0,43879.0,23.0,2.2,59.0,30.12,3.92,156.0,0.0,0.0,
2026-02-12T04:02:16,02/12/202604:02,20.3,0.0,0.0,51.5,0.0,0.0,0.0,0.0,0.0,198.7,23199.0,43879.0,23.0,2.1,60.0,30.12,4.35,145.0,0.0,0.0,
2026-02-12T04:03:16,02/12/202604:03,20.4,0.0,0.0,51.5,0.0,0.0,0.0,0.0,0.0,198.7,23199.0,43879.0,23.0,2.1,60.0,30.12,4.35,145.0,0.0,0.0,
2026-02-12T04:08:35,02/12/202604:08,20.4,0.0,0.0,51.4,0.0,0.0,0.0,0.0,0.0,198.7,23199.0,43879.0,23.0,2.1,60.0,30.12,4.35,145.0,0.0,0.0,
2026-02-12T04:09:50,02/12/202604:09,20.4,0.0,0.0,51.5,0.0,0.0,0.0,0.0,0.0,198.7,23199.0,43879.0,23.0,2.1,60.0,30.12,4.35,145.0,0.0,0.0,
2026-02-12T04:10:35,02/12/202604:10,20.3,0.0,0.0,51.4,0.0,0.0,0.0,0.0,0.0,198.7,23199.0,43879.0,23.0,2.1,60.0,30.12,4.35,145.0,0.0,0.0,
2026-02-12T04:12:34,02/12/202604:12,20.4,0.0,0.0,51.5,0.0,0.0,0.0,0.0,0.0,198.7,23199.0,43879.0,23.0,2.1,60.0,30.12,4.35,145.0,0.0,0.0,
2026-02-12T04:19:35,02/12/202604:19,20.3,0.0,0.0,51.4,0.0,0.0,0.0,0.0,0.0,198.7,23199.0,43879.0,23.0,1.9,62.0,30.09,4.35,145.0,0.0,0.0,
2026-02-12T04:20:59,02/12/202604:20,20.4,0.0,0.0,51.4,0.0,0.0,0.0,0.0,0.0,198.7,23199.0,43879.0,23.0,1.9,62.0,30.09,4.35,145.0,0.0,0.0,
2026-02-12T04:21:35,02/12/202604:21,20.3,0.0,0.0,51.4,0.0,0.0,0.0,0.0,0.0,198.7,23199.0,43879.0,23.0,1.9,62.0,30.09,4.35,145.0,0.0,0.0,
2026-02-12T04:22:35,02/12/202604:22,20.4,0.0,0.0,51.5,0.0,0.0,0.0,0.0,0.0,198.7,23199.0,43879.0,23.0,1.9,62.0,30.09,4.35,145.0,0.0,0.0,
2026-02-12T04:25:35,02/12/202604:25,20.3,0.0,0.0,51.4,0.0,0.0,0.0,0.0,0.0,198.7,23199.0,43879.0,23.0,1.9,62.0,30.09,4.35,145.0,0.0,0.0,
2026-02-12T04:28:34,02/12/202604:28,20.4,0.0,0.0,51.4,0.0,0.0,0.0,0.0,0.0,198.7,23199.0,43879.0,23.0,1.8,62.0,30.09,3.92,156.0,0.0,0.0,
2026-02-12T04:32:09,02/12/202604:32,20.3,0.0,0.0,51.4,0.0,0.0,0.0,0.0,0.0,198.7,23199.0,43879.0,23.0,1.7,65.0,30.09,5.22,160.0,0.0,0.0,
2026-02-12T04:32:34,02/12/202604:32,20.4,0.0,0.0,51.4,0.0,0.0,0.0,0.0,0.0,198.7,23199.0,43879.0,23.0,1.7,66.0,30.09,5.22,160.0,0.0,0.0,
2026-02-12T04:36:34,02/12/202604:36,20.3,0.0,0.0,51.5,0.0,0.0,0.0,0.0,0.0,198.7,23199.0,43879.0,23.0,1.7,66.0,30.09,5.22,160.0,0.0,0.0,
2026-02-12T04:37:34,02/12/202604:37,20.4,0.0,0.0,51.4,0.0,0.0,0.0,0.0,0.0,198.7,23199.0,43879.0,23.0,1.7,66.0,30.09,5.22,160.0,0.0,0.0,
2026-02-12T04:38:34,02/12/202604:38,20.3,0.0,0.0,51.4,0.0,0.0,0.0,0.0,0.0,198.7,23199.0,43879.0,23.0,1.7,66.0,30.09,5.22,160.0,0.0,0.0,
2026-02-12T04:40:34,02/12/202604:40,20.4,0.0,0.0,51.4,0.0,0.0,0.0,0.0,0.0,198.7,23199.0,43879.0,23.0,1.7,66.0,30.09,5.22,160.0,0.0,0.0,
2026-02-12T04:43:18,02/12/202604:43,20.4,0.0,0.0,51.4,0.0,0.0,0.0,0.0,0.0,198.7,23199.0,43879.0,23.0,1.7,66.0,30.09,5.22,160.0,0.0,0.0,
2026-02-12T04:43:34,02/12/202604:43,20.3,0.0,0.0,51.4,0.0,0.0,0.0,0.0,0.0,198.7,23199.0,43879.0,23.0,1.7,66.0,30.09,5.22,160.0,0.0,0.0,
2026-02-12T04:45:06,02/12/202604:45,20.4,0.0,0.0,51.4,0.0,0.0,0.0,0.0,0.0,198.7,23199.0,43879.0,23.0,1.7,66.0,30.09,5.22,160.0,0.0,0.0,
2026-02-12T04:49:06,02/12/202604:49,20.3,0.0,0.0,51.5,0.0,0.0,0.0,0.0,0.0,198.7,23199.0,43879.0,23.0,1.5,69.0,30.09,5.22,155.0,0.0,0.0,
2026-02-12T04:51:06,02/12/202604:51,20.4,0.0,0.0,51.4,0.0,0.0,0.0,0.0,0.0,198.7,23199.0,43879.0,23.0,1.5,69.0,30.09,5.22,155.0,0.0,0.0,
2026-02-12T04:54:28,02/12/202604:54,20.4,0.0,0.0,51.4,0.0,0.0,0.0,0.0,0.0,198.7,23199.0,43879.0,23.0,1.5,69.0,30.09,5.22,155.0,0.0,0.0,
2026-02-12T04:59:07,02/12/202604:59,20.3,0.0,0.0,51.4,0.0,0.0,0.0,0.0,0.0,198.7,23199.0,43879.0,23.0,1.5,69.0,30.09,5.22,155.0,0.0,0.0,
2026-02-12T05:02:54,02/12/202605:02,20.4,0.0,0.0,51.4,0.0,0.0,0.0,0.0,0.0,198.7,23199.0,43879.0,23.0,1.5,71.0,30.09,4.41,150.0,0.0,0.0,
2026-02-12T05:03:54,02/12/202605:03,20.3,0.0,0.0,51.4,0.0,0.0,0.0,0.0,0.0,198.7,23199.0,43879.0,23.0,1.5,71.0,30.09,4.41,150.0,0.0,0.0,
2026-02-12T05:05:37,02/12/202605:05,20.3,0.0,0.0,51.4,0.0,0.0,0.0,0.0,0.0,198.7,23199.0,43879.0,23.0,1.5,71.0,30.09,4.41,150.0,0.0,0.0,
2026-02-12T05:07:54,02/12/202605:07,20.4,0.0,0.0,51.4,0.0,0.0,0.0,0.0,0.0,198.7,23199.0,43879.0,23.0,1.5,71.0,30.09,4.41,150.0,0.0,0.0,
2026-02-12T05:09:55,02/12/202605:09,20.3,0.0,0.0,51.3,0.0,0.0,0.0,0.0,0.0,198.7,23199.0,43879.0,23.0,1.5,71.0,30.09,4.41,150.0,0.0,0.0,
2026-02-12T05:10:54,02/12/202605:10,20.4,0.0,0.0,51.4,0.0,0.0,0.0,0.0,0.0,198.7,23199.0,43879.0,23.0,1.5,71.0,30.09,4.41,150.0,0.0,0.0,
2026-02-12T05:11:54,02/12/202605:11,20.3,0.0,0.0,51.4,0.0,0.0,0.0,0.0,0.0,198.7,23199.0,43879.0,23.0,1.5,71.0,30.09,4.41,150.0,0.0,0.0,
2026-02-12T05:13:55,02/12/202605:13,20.4,0.0,0.0,51.3,0.0,0.0,0.0,0.0,0.0,198.7,23199.0,43879.0,23.0,1.5,71.0,30.09,4.41,150.0,0.0,0.0,
2026-02-12T05:14:54,02/12/202605:14,20.3,0.0,0.0,51.4,0.0,0.0,0.0,0.0,0.0,198.7,23199.0,43879.0,23.0,1.5,71.0,30.09,4.41,150.0,0.0,0.0,
2026-02-12T05:16:46,02/12/202605:16,20.4,0.0,0.0,51.3,0.0,0.0,0.0,0.0,0.0,198.7,23199.0,43879.0,23.0,1.3,72.0,30.09,3.73,147.0,0.0,0.0,
2026-02-12T05:18:44,02/12/202605:18,20.3,0.0,0.0,51.4,0.0,0.0,0.0,0.0,0.0,198.7,23199.0,43879.0,23.0,1.3,72.0,30.09,3.73,147.0,0.0,0.0,
2026-02-12T05:20:44,02/12/202605:20,21.0,0.0,0.0,51.3,0.0,0.0,0.0,0.0,0.0,198.7,23199.0,43879.0,23.0,1.3,72.0,30.09,3.73,147.0,0.0,0.0,
2026-02-12T05:21:44,02/12/202605:21,22.2,0.0,0.0,51.4,0.0,0.0,0.0,0.0,0.0,198.7,23199.0,43879.0,23.0,1.3,72.0,30.09,3.73,147.0,0.0,0.0,
2026-02-12T05:23:00,02/12/202605:23,22.3,0.0,0.0,51.4,0.0,0.0,0.0,0.0,0.0,198.7,23199.0,43879.0,23.0,1.3,72.0,30.09,3.73,147.0,0.0,0.0,
2026-02-12T05:23:59,02/12/202605:23,20.6,0.0,0.0,51.4,0.0,0.0,0.0,0.0,0.0,198.7,23199.0,43879.0,23.0,1.3,72.0,30.09,3.73,147.0,0.0,0.0,
2026-02-12T05:24:59,02/12/202605:24,20.3,0.0,0.0,51.3,0.0,0.0,0.0,0.0,0.0,198.7,23199.0,43879.0,23.0,1.3,72.0,30.09,3.73,147.0,0.0,0.0,
2026-02-12T05:26:00,02/12/202605:25,20.4,0.0,0.0,51.3,0.0,0.0,0.0,0.0,0.0,198.7,23199.0,43879.0,23.0,1.3,72.0,30.09,3.73,147.0,0.0,0.0,
2026-02-12T05:27:56,02/12/202605:27,20.3,0.0,0.0,51.4,0.0,0.0,0.0,0.0,0.0,198.7,23199.0,43879.0,23.0,1.3,72.0,30.09,3.73,147.0,0.0,0.0,
2026-02-12T05:28:59,02/12/202605:28,20.4,0.0,0.0,51.4,0.0,0.0,0.0,0.0,0.0,198.7,23199.0,43879.0,23.0,1.3,72.0,30.09,2.67,138.0,0.0,0.0,
2026-02-12T05:32:00,02/12/202605:32,20.3,0.0,0.0,51.4,0.0,0.0,0.0,0.0,0.0,198.7,23199.0,43879.0,23.0,1.2,72.0,30.09,2.86,129.0,0.0,0.0,
2026-02-12T05:34:15,02/12/202605:34,20.3,0.0,0.0,51.4,0.0,0.0,0.0,0.0,0.0,198.7,23199.0,43879.0,23.0,1.2,66.0,30.09,2.86,129.0,0.0,0.0,
2026-02-12T05:35:15,02/12/202605:35,20.4,0.0,0.0,51.4,0.0,0.0,0.0,0.0,0.0,198.7,23199.0,43879.0,23.0,1.2,66.0,30.09,2.86,129.0,0.0,0.0,
2026-02-12T05:36:15,02/12/202605:36,20.3,0.0,0.0,51.4,0.0,0.0,0.0,0.0,0.0,198.7,23199.0,43879.0,23.0,1.2,66.0,30.09,2.86,129.0,0.0,0.0,
2026-02-12T05:39:05,02/12/202605:39,20.3,0.0,0.0,51.4,0.0,0.0,0.0,0.0,0.0,198.7,23199.0,43879.0,23.0,1.2,66.0,30.09,2.86,129.0,0.0,0.0,
2026-02-12T05:40:42,02/12/202605:40,20.4,0.0,0.0,51.4,0.0,0.0,0.0,0.0,0.0,198.7,23199.0,43879.0,23.0,1.2,66.0,30.09,2.86,129.0,0.0,0.0,
2026-02-12T05:42:42,02/12/202605:42,20.3,0.0,0.0,51.3,0.0,0.0,0.0,0.0,0.0,198.7,23199.0,43879.0,23.0,1.2,66.0,30.09,2.86,129.0,0.0,0.0,
2026-02-12T05:50:14,02/12/202605:50,20.3,0.0,0.0,51.3,0.0,0.0,0.0,0.0,0.0,198.7,23199.0,43879.0,23.0,1.1,66.0,30.09,3.54,125.0,0.0,0.0,
2026-02-12T05:50:52,02/12/202605:50,20.4,0.0,0.0,51.4,0.0,0.0,0.0,0.0,0.0,198.7,23199.0,43879.0,23.0,1.1,66.0,30.09,3.54,125.0,0.0,0.0,
2026-02-12T05:51:52,02/12/202605:51,20.3,0.0,0.0,51.4,0.0,0.0,0.0,0.0,0.0,198.7,23199.0,43879.0,23.0,1.1,66.0,30.09,3.54,125.0,0.0,0.0,
2026-02-12T05:55:31,02/12/202605:55,20.4,0.0,0.0,51.3,0.0,0.0,0.0,0.0,0.0,198.7,23199.0,43879.0,23.0,1.1,66.0,30.09,3.54,125.0,0.0,0.0,
2026-02-12T05:56:23,02/12/202605:56,20.3,0.0,0.0,51.4,0.0,0.0,0.0,0.0,0.0,198.7,23199.0,43879.0,23.0,1.1,66.0,30.09,3.54,125.0,0.0,0.0,
2026-02-12T06:01:23,02/12/202606:01,20.3,0.0,0.0,51.4,0.0,0.0,0.0,0.0,0.0,198.7,23199.0,43879.0,23.0,1.1,67.0,30.09,3.85,111.0,0.0,0.0,
2026-02-12T06:03:51,02/12/202606:03,20.4,0.0,0.0,51.3,0.0,0.0,0.0,0.0,0.0,198.7,23199.0,43879.0,23.0,1.1,67.0,30.09,3.85,111.0,0.0,0.0,
2026-02-12T06:03:58,02/12/202606:03,20.3,0.0,0.0,51.4,0.0,0.0,0.0,0.0,0.0,198.7,23199.0,43879.0,23.0,1.1,67.0,30.09,3.85,111.0,0.0,0.0,
2026-02-12T06:11:03,02/12/202606:11,20.3,0.0,0.0,51.3,0.0,0.0,0.0,0.0,0.0,198.7,23199.0,43879.0,23.0,1.1,67.0,30.09,3.85,111.0,0.0,0.0,
2026-02-12T06:12:32,02/12/202606:12,20.3,0.0,0.0,51.3,0.0,0.0,0.0,0.0,0.0,198.7,23199.0,43879.0,23.0,1.1,67.0,30.09,3.85,111.0,0.0,0.0,
2026-02-12T06:23:41,02/12/202606:23,20.3,0.0,0.0,51.3,0.0,0.0,0.0,0.0,0.0,198.7,23199.0,43879.0,23.0,1.1,67.0,30.09,4.54,110.0,0.0,0.0,
2026-02-12T06:31:31,02/12/202606:31,20.4,0.0,0.0,51.3,0.0,0.0,0.0,0.0,0.0,198.7,23199.0,43879.0,23.0,1.5,64.0,30.06,5.16,108.0,0.0,0.0,
2026-02-12T06:32:31,02/12/202606:32,20.3,0.0,0.0,51.3,0.0,0.0,0.0,0.0,0.0,198.7,23199.0,43879.0,23.0,1.5,64.0,30.06,5.16,108.0,0.0,0.0,
2026-02-12T06:33:31,02/12/202606:33,20.4,0.0,0.0,51.3,0.0,0.0,0.0,0.0,0.0,198.7,23199.0,43879.0,23.0,1.5,64.0,30.06,5.16,108.0,0.0,0.0,
2026-02-12T06:34:50,02/12/202606:34,20.4,0.0,0.0,51.3,0.0,0.0,0.0,0.0,0.0,198.7,23199.0,43879.0,23.0,1.5,64.0,30.06,5.16,108.0,0.0,0.0,
2026-02-12T06:40:31,02/12/202606:40,20.5,0.0,0.0,51.2,0.0,0.0,0.0,0.0,0.0,198.7,23199.0,43879.0,23.0,1.5,64.0,30.06,5.16,108.0,0.0,0.0,
2026-02-12T06:43:15,02/12/202606:43,20.6,0.0,0.0,51.3,0.0,0.0,0.0,0.0,0.0,198.7,23199.0,43879.0,23.0,1.5,64.0,30.06,5.16,108.0,0.0,0.0,
2026-02-12T06:45:59,02/12/202606:45,20.7,0.0,0.0,51.3,0.0,0.0,0.0,0.0,0.0,198.7,23199.0,43879.0,23.0,1.6,64.0,30.06,5.59,106.0,0.0,0.0,
2026-02-12T06:46:06,02/12/202606:46,20.8,0.0,0.0,51.3,0.0,0.0,0.0,0.0,0.0,198.7,23199.0,43879.0,23.0,1.6,64.0,30.06,5.59,106.0,0.0,0.0,
2026-02-12T06:47:06,02/12/202606:47,20.9,0.0,0.0,51.3,0.0,0.0,0.0,0.0,0.0,198.7,23199.0,43879.0,23.0,1.6,64.0,30.06,5.59,106.0,0.0,0.0,
2026-02-12T06:48:06,02/12/202606:48,21.0,0.0,0.0,51.3,0.0,0.0,0.0,0.0,0.0,198.7,23199.0,43879.0,23.0,1.6,64.0,30.06,5.59,106.0,0.0,0.0,
2026-02-12T06:49:06,02/12/202606:49,21.2,0.0,0.0,51.3,0.0,0.0,0.0,0.0,0.0,198.7,23199.0,43879.0,23.0,1.6,64.0,30.06,5.59,106.0,0.0,0.0,
2026-02-12T06:50:06,02/12/202606:50,21.4,0.0,0.0,51.2,0.0,0.0,0.0,0.0,0.0,198.7,23199.0,43879.0,23.0,1.6,64.0,30.06,5.59,106.0,0.0,0.0,
2026-02-12T06:51:06,02/12/202606:51,21.7,0.0,0.0,51.3,0.0,0.0,0.0,0.0,0.0,198.7,23199.0,43879.0,23.0,1.6,64.0,30.06,5.59,106.0,0.0,0.0,
2026-02-12T06:52:06,02/12/202606:52,22.1,0.0,0.0,51.2,0.0,0.0,0.0,0.0,0.0,198.7,23199.0,43879.0,23.0,1.6,64.0,30.06,5.59,106.0,0.0,0.0,
2026-02-12T06:53:06,02/12/202606:53,22.6,0.0,0.0,51.2,0.0,0.0,0.0,0.0,0.0,198.7,23199.0,43879.0,23.0,1.6,64.0,30.06,5.59,106.0,0.0,0.0,
2026-02-12T06:54:07,02/12/202606:54,23.1,0.0,0.0,51.2,0.0,0.0,0.0,0.0,0.0,198.7,23199.0,43879.0,23.0,1.6,64.0,30.06,5.59,106.0,0.0,0.0,
2026-02-12T06:55:06,02/12/202606:55,24.0,0.0,0.0,51.2,0.0,0.0,0.0,0.0,0.0,198.7,23199.0,43879.0,23.0,1.6,64.0,30.06,5.59,106.0,0.0,0.0,
2026-02-12T06:57:08,02/12/202606:57,26.8,0.0,0.0,51.3,0.0,0.0,0.0,0.0,0.0,198.7,23199.0,43879.0,23.0,1.6,64.0,30.06,5.59,106.0,0.0,0.0,
2026-02-12T06:58:06,02/12/202606:58,29.6,0.0,0.0,51.2,0.0,0.0,0.0,0.0,0.0,198.7,23199.0,43879.0,23.0,1.6,64.0,30.06,5.59,106.0,0.0,0.0,
2026-02-12T06:59:06,02/12/202606:59,33.2,0.0,0.0,51.2,0.0,0.0,0.0,0.0,0.0,198.7,23199.0,43879.0,23.0,1.6,64.0,30.06,5.59,106.0,0.0,0.0,
2026-02-12T07:00:05,02/12/202607:00,37.5,0.0,0.0,51.3,0.0,0.0,0.0,0.0,0.0,198.7,23199.0,43879.0,23.0,1.6,64.0,30.06,5.59,106.0,0.0,0.0,
2026-02-12T07:00:14,02/12/202607:00,38.0,0.0,0.0,51.2,0.0,0.0,0.0,0.0,0.0,198.7,23199.0,43879.0,22.9,1.6,64.0,30.06,5.59,106.0,0.0,0.0,
2026-02-12T07:01:13,02/12/202607:01,43.2,0.0,0.0,51.3,0.0,0.0,0.0,0.0,0.0,198.7,23199.0,43879.0,23.0,1.6,64.0,30.06,5.59,106.0,0.0,0.0,
2026-02-12T07:02:14,02/12/202607:02,51.4,0.0,0.0,51.3,0.0,0.0,0.0,0.0,0.0,198.7,23199.0,43879.0,22.9,1.6,64.0,30.06,5.72,111.0,0.0,0.0,
2026-02-12T07:02:55,02/12/202607:02,52.9,0.0,0.0,51.2,0.0,0.0,0.0,0.0,0.0,198.7,23199.0,43879.0,23.0,1.6,64.0,30.06,5.72,111.0,0.0,0.0,
2026-02-12T07:05:55,02/12/202607:05,53.0,0.0,0.0,51.2,0.0,0.0,0.0,0.0,0.0,198.7,23199.0,43879.0,23.0,1.6,64.0,30.06,5.72,111.0,0.0,0.0,
2026-02-12T07:06:55,02/12/202607:06,52.9,0.0,0.0,51.3,0.0,0.0,0.0,0.0,0.0,198.7,23199.0,43879.0,22.9,1.6,64.0,30.06,5.72,111.0,0.0,0.0,
2026-02-12T07:08:18,02/12/202607:08,52.9,0.0,0.0,51.2,0.0,0.0,0.0,0.0,0.0,198.7,23199.0,43879.0,23.0,1.6,64.0,30.06,5.72,111.0,0.0,0.0,
2026-02-12T07:09:55,02/12/202607:09,53.0,0.0,0.0,51.3,0.0,0.0,0.0,0.0,0.0,198.7,23199.0,43879.0,23.0,1.6,64.0,30.06,5.72,111.0,0.0,0.0,
2026-02-12T07:12:55,02/12/202607:12,53.1,0.0,0.0,51.2,0.0,0.0,0.0,0.0,0.0,198.7,23199.0,43879.0,23.0,1.6,64.0,30.06,5.72,111.0,0.0,0.0,
2026-02-12T07:15:55,02/12/202607:15,53.2,0.0,0.0,51.2,0.0,0.0,0.0,0.0,0.0,198.7,23199.0,43879.0,23.0,1.5,65.0,30.06,5.59,113.0,0.0,0.0,
2026-02-12T07:19:27,02/12/202607:19,53.3,0.0,0.0,51.2,0.0,0.0,0.0,0.0,0.0,198.7,23199.0,43879.0,23.0,1.7,65.0,30.06,5.59,113.0,0.0,0.0,
2026-02-12T07:19:56,02/12/202607:19,51.0,0.2,10.200000000000001,51.2,0.1,5.120000000000001,5.0,0.0,0.0,198.7,23199.0,43879.0,23.0,1.7,65.0,30.06,5.53,111.0,0.0,0.0,0.5019607843137255
2026-02-12T07:20:11,02/12/202607:20,51.0,0.2,10.200000000000001,51.2,0.0,0.0,5.0,0.0,0.0,198.7,23199.0,43879.0,23.0,1.7,65.0,30.06,5.53,111.0,0.0,0.0,0.0
2026-02-12T07:21:10,02/12/202607:21,130.5,0.0,0.0,51.3,0.0,0.0,0.0,0.0,0.0,198.7,23199.0,43879.0,22.9,1.7,65.0,30.06,5.53,111.0,0.0,0.0,
2026-02-12T07:22:10,02/12/202607:22,130.6,0.0,0.0,51.3,0.0,0.0,0.0,0.0,0.0,198.7,23199.0,43879.0,22.9,1.7,65.0,30.06,5.53,111.0,0.0,0.0,
2026-02-12T07:23:11,02/12/202607:23,132.3,0.0,0.0,51.3,0.0,0.0,0.0,0.0,0.0,198.7,23199.0,43879.0,22.9,1.7,65.0,30.06,5.53,111.0,0.0,0.0,
2026-02-12T07:24:10,02/12/202607:24,133.0,0.0,0.0,51.3,0.0,0.0,0.0,0.0,0.0,198.7,23199.0,43879.0,23.0,1.7,65.0,30.06,5.53,111.0,0.0,0.0,
2026-02-12T07:25:10,02/12/202607:25,133.7,0.0,0.0,51.3,0.0,0.0,0.0,0.0,0.0,198.7,23199.0,43879.0,22.9,1.7,65.0,30.06,5.53,111.0,0.0,0.0,
2026-02-12T07:26:11,02/12/202607:26,134.2,0.0,0.0,51.2,0.0,0.0,0.0,0.0,0.0,198.7,23199.0,43879.0,22.9,1.7,65.0,30.06,5.53,111.0,0.0,0.0,
2026-02-12T07:27:11,02/12/202607:27,134.7,0.0,0.0,51.3,0.0,0.0,0.0,0.0,0.0,198.7,23199.0,43879.0,22.9,1.7,65.0,30.06,5.53,111.0,0.0,0.0,
2026-02-12T07:28:10,02/12/202607:28,135.1,0.0,0.0,51.2,0.0,0.0,0.0,0.0,0.0,198.7,23199.0,43879.0,22.9,1.7,65.0,30.06,5.53,111.0,0.0,0.0,
2026-02-12T07:29:11,02/12/202607:29,135.6,0.0,0.0,51.3,0.0,0.0,0.0,0.0,0.0,198.7,23199.0,43879.0,22.9,1.7,65.0,30.06,5.53,111.0,0.0,0.0,
2026-02-12T07:30:37,02/12/202607:30,136.0,0.0,0.0,51.3,0.0,0.0,0.0,0.0,0.0,198.7,23199.0,43879.0,23.0,1.7,65.0,30.06,5.53,111.0,0.0,0.0,
2026-02-12T07:31:11,02/12/202607:31,136.4,0.0,0.0,51.3,0.0,0.0,0.0,0.0,0.0,198.7,23199.0,43879.0,23.0,1.7,67.0,30.03,4.91,114.0,0.0,0.0,
2026-02-12T07:32:11,02/12/202607:32,136.7,0.0,0.0,51.3,0.0,0.0,0.0,0.0,0.0,198.7,23199.0,43879.0,22.9,1.7,67.0,30.03,4.91,114.0,0.0,0.0,
2026-02-12T07:33:10,02/12/202607:33,137.1,0.0,0.0,51.3,0.0,0.0,0.0,0.0,0.0,198.7,23199.0,43879.0,22.9,1.7,67.0,30.03,4.91,114.0,0.0,0.0,
2026-02-12T07:34:10,02/12/202607:34,137.5,0.0,0.0,51.2,0.0,0.0,0.0,0.0,0.0,198.7,23199.0,43879.0,22.9,1.7,67.0,30.03,4.91,114.0,0.0,0.0,
2026-02-12T07:34:38,02/12/202607:34,132.4,0.0,0.0,51.2,0.0,0.0,0.0,0.0,0.0,198.7,23199.0,43879.0,23.0,1.7,67.0,30.03,4.91,114.0,0.0,0.0,
2026-02-12T07:35:38,02/12/202607:35,137.9,0.0,0.0,51.2,0.0,0.0,0.0,0.0,0.0,198.7,23199.0,43879.0,23.0,1.7,67.0,30.03,4.91,114.0,0.0,0.0,
2026-02-12T07:36:39,02/12/202607:36,136.0,0.0,0.0,51.3,0.0,0.0,0.0,0.0,0.0,198.7,23199.0,43879.0,23.0,1.7,67.0,30.03,4.91,114.0,0.0,0.0,
2026-02-12T07:37:38,02/12/202607:37,138.3,0.0,0.0,51.2,0.0,0.0,0.0,0.0,0.0,198.7,23199.0,43879.0,23.0,1.7,67.0,30.03,4.91,114.0,0.0,0.0,
2026-02-12T07:38:37,02/12/202607:38,138.4,0.0,0.0,51.2,0.0,0.0,0.0,0.0,0.0,198.7,23199.0,43879.0,23.0,1.7,67.0,30.03,4.91,114.0,0.0,0.0,
2026-02-12T07:39:38,02/12/202607:39,138.8,0.0,0.0,51.2,0.0,0.0,0.0,0.0,0.0,198.7,23199.0,43879.0,23.0,1.7,67.0,30.03,4.91,114.0,0.0,0.0,
2026-02-12T07:41:46,02/12/202607:41,139.2,0.0,0.0,51.2,0.0,0.0,0.0,0.0,0.0,198.7,23199.0,43879.0,22.9,1.7,67.0,30.03,4.91,114.0,0.0,0.0,
2026-02-12T07:42:38,02/12/202607:42,139.4,0.0,0.0,51.3,0.0,0.0,0.0,0.0,0.0,198.7,23199.0,43879.0,22.9,1.7,67.0,30.03,4.91,114.0,0.0,0.0,
2026-02-12T07:43:49,02/12/202607:43,139.6,0.0,0.0,51.2,0.0,0.0,0.0,0.0,0.0,198.7,23199.0,43879.0,23.0,1.7,67.0,30.03,4.91,114.0,0.0,0.0,
2026-02-12T07:44:49,02/12/202607:44,139.8,0.0,0.0,51.2,0.0,0.0,0.0,0.0,0.0,198.7,23199.0,43879.0,22.9,1.7,67.0,30.03,4.91,114.0,0.0,0.0,
2026-02-12T07:45:49,02/12/202607:45,140.0,0.0,0.0,51.2,0.0,0.0,0.0,0.0,0.0,198.7,23199.0,43879.0,22.9,1.7,67.0,30.03,4.91,114.0,0.0,0.0,
2026-02-12T07:46:49,02/12/202607:46,140.1,0.0,0.0,51.2,0.0,0.0,0.0,0.0,0.0,198.7,23199.0,43879.0,22.9,1.9,68.0,30.03,4.6,119.0,21.0,0.1,
2026-02-12T07:47:50,02/12/202607:47,140.3,0.0,0.0,51.3,0.0,0.0,0.0,0.0,0.0,198.7,23199.0,43879.0,23.0,1.9,68.0,30.03,4.6,119.0,21.0,0.1,
2026-02-12T07:48:49,02/12/202607:48,140.4,0.0,0.0,51.3,0.0,0.0,0.0,0.0,0.0,198.7,23199.0,43879.0,22.9,1.9,68.0,30.03,4.6,119.0,21.0,0.1,
2026-02-12T07:49:49,02/12/202607:49,60.4,0.3,18.119999999999997,51.3,0.4,20.52,15.0,0.0,0.0,198.7,23199.0,43879.0,22.9,1.9,68.0,30.03,4.6,119.0,21.0,0.1,1.132450331125828
2026-02-12T07:50:29,02/12/202607:50,60.3,0.3,18.09,51.2,0.4,20.480000000000004,20.0,0.0,0.0,198.7,23199.0,43879.0,22.9,1.9,68.0,30.03,4.6,119.0,21.0,0.1,1.1321171918186845
2026-02-12T07:51:28,02/12/202607:51,140.7,0.0,0.0,51.3,0.0,0.0,0.0,0.0,0.0,198.7,23199.0,43879.0,22.9,1.9,75.0,30.06,4.6,119.0,21.0,0.1,
2026-02-12T07:52:55,02/12/202607:52,60.6,0.3,18.18,51.3,0.4,20.52,20.0,0.0,0.0,198.7,23199.0,43879.0,23.0,1.9,75.0,30.06,4.6,119.0,21.0,0.1,1.1287128712871286
2026-02-12T07:53:29,02/12/202607:53,65.7,0.3,19.71,51.4,0.3,15.419999999999998,15.0,0.0,0.0,198.7,23199.0,43879.0,22.9,1.9,75.0,30.06,4.6,119.0,21.0,0.1,0.7823439878234397
2026-02-12T07:54:29,02/12/202607:54,65.7,0.3,19.71,51.4,0.4,20.560000000000002,20.0,0.0,0.0,198.7,23199.0,43879.0,22.9,1.9,75.0,30.06,4.6,119.0,21.0,0.1,1.04312531709792
2026-02-12T07:55:28,02/12/202607:55,60.6,0.3,18.18,51.4,0.4,20.560000000000002,20.0,0.0,0.0,198.7,23199.0,43879.0,22.9,1.9,75.0,30.06,4.6,119.0,21.0,0.1,1.130913091309131
2026-02-12T07:57:29,02/12/202607:57,65.8,0.3,19.74,51.4,0.3,15.419999999999998,15.0,0.0,0.0,198.7,23199.0,43879.0,22.9,1.9,75.0,30.06,4.6,119.0,21.0,0.1,0.7811550151975684
2026-02-12T07:58:28,02/12/202607:58,141.2,0.0,0.0,51.5,0.0,0.0,0.0,0.0,0.0,198.7,23199.0,43879.0,22.9,1.9,75.0,30.06,4.6,119.0,21.0,0.1,
2026-02-12T07:59:29,02/12/202607:59,61.5,0.4,24.6,51.3,0.3,15.389999999999999,15.0,0.0,0.0,198.7,23199.0,43879.0,22.9,1.9,75.0,30.06,4.6,119.0,21.0,0.1,0.6256097560975609
2026-02-12T08:00:29,02/12/202608:00,141.6,0.0,0.0,51.5,0.0,0.0,0.0,0.0,0.0,198.7,23199.0,43879.0,23.0,1.9,75.0,30.06,4.6,119.0,21.0,0.1,
2026-02-12T08:01:29,02/12/202608:01,69.1,0.4,27.64,51.5,0.5,25.75,25.0,0.0,0.0,198.7,23199.0,43879.0,22.9,2.4,77.0,30.06,4.41,114.0,58.0,0.1,0.9316208393632417
2026-02-12T08:02:34,02/12/202608:02,69.1,0.4,27.64,51.4,0.4,20.560000000000002,20.0,0.0,0.0,198.7,23199.0,43879.0,22.9,2.4,77.0,30.06,4.41,114.0,58.0,0.1,0.743849493487699
2026-02-12T08:04:04,02/12/202608:04,69.2,0.4,27.680000000000003,51.5,0.5,25.75,25.0,0.0,0.0,198.7,23199.0,43879.0,23.0,2.4,77.0,30.06,4.41,114.0,58.0,0.1,0.9302745664739883
2026-02-12T08:04:55,02/12/202608:04,87.9,0.5,43.95,51.5,0.4,20.6,20.0,0.0,0.0,198.7,23199.0,43879.0,22.9,2.4,77.0,30.06,4.41,114.0,58.0,0.1,0.46871444823663255
2026-02-12T08:05:55,02/12/202608:05,88.0,0.5,44.0,51.4,0.4,20.560000000000002,20.0,0.0,0.0,198.7,23199.0,43879.0,22.9,2.4,77.0,30.06,4.41,114.0,58.0,0.1,0.46727272727272734
2026-02-12T08:06:56,02/12/202608:06,88.0,0.5,44.0,51.6,0.5,25.8,25.0,0.0,0.0,198.7,23199.0,43879.0,22.9,2.4,77.0,30.06,4.41,114.0,58.0,0.1,0.5863636363636364
2026-02-12T08:07:55,02/12/202608:07,101.3,0.5,50.65,51.6,0.5,25.8,25.0,0.0,0.0,198.7,23199.0,43879.0,22.9,2.4,77.0,30.06,4.41,114.0,58.0,0.1,0.5093780848963475
2026-02-12T08:08:55,02/12/202608:08,101.5,0.5,50.75,51.6,0.5,25.8,25.0,0.0,0.0,198.7,23199.0,43879.0,22.9,2.4,77.0,30.06,4.41,114.0,58.0,0.1,0.5083743842364532
2026-02-12T08:09:55,02/12/202608:09,101.5,0.6,60.9,51.7,0.6,31.02,31.0,0.0,0.0,198.7,23199.0,43879.0,22.9,2.4,77.0,30.06,4.41,114.0,58.0,0.1,0.50935960591133
2026-02-12T08:10:32,02/12/202608:10,100.7,0.4,40.28,51.7,0.5,25.85,25.0,0.0,0.0,198.7,23199.0,43879.0,22.9,2.4,77.0,30.06,4.41,114.0,58.0,0.1,0.6417576961271102
2026-02-12T08:11:32,02/12/202608:11,100.8,0.5,50.4,51.6,0.5,25.8,25.0,0.0,0.0,198.7,23199.0,43879.0,22.9,2.4,77.0,30.06,4.41,114.0,58.0,0.1,0.511904761904762
2026-02-12T08:12:33,02/12/202608:12,100.8,0.4,40.32,51.7,0.5,25.85,25.0,0.0,0.0,198.7,23199.0,43879.0,22.9,2.4,77.0,30.06,4.41,114.0,58.0,0.1,0.6411210317460317
2026-02-12T08:13:32,02/12/202608:13,103.9,0.4,41.56,51.7,0.5,25.85,25.0,0.0,0.0,198.7,23199.0,43879.0,22.9,2.4,77.0,30.06,4.41,114.0,58.0,0.1,0.6219923002887392
2026-02-12T08:15:13,02/12/202608:15,104.0,0.4,41.6,51.8,0.6,31.08,31.0,0.0,0.0,198.7,23199.0,43879.0,22.9,2.4,77.0,30.06,4.41,114.0,58.0,0.1,0.7471153846153845
2026-02-12T08:15:32,02/12/202608:15,104.0,0.5,52.0,51.8,0.6,31.08,31.0,0.0,0.0,198.7,23199.0,43879.0,22.9,3.4,79.0,30.06,3.98,117.0,102.0,0.2,0.5976923076923076
2026-02-12T08:16:33,02/12/202608:16,102.9,0.5,51.45,51.9,0.6,31.139999999999997,31.0,0.0,0.0,198.7,23199.0,43879.0,22.9,3.4,79.0,30.06,3.98,117.0,102.0,0.2,0.6052478134110786
2026-02-12T08:17:33,02/12/202608:17,102.9,0.5,51.45,51.9,0.7,36.33,36.0,0.0,0.0,198.7,23199.0,43879.0,22.9,3.4,79.0,30.06,3.98,117.0,102.0,0.2,0.7061224489795918
2026-02-12T08:19:10,02/12/202608:19,99.6,0.5,49.8,51.9,0.6,31.139999999999997,31.0,0.0,0.0,198.7,23199.0,43879.0,22.9,3.4,79.0,30.06,3.98,117.0,102.0,0.2,0.6253012048192771
2026-02-12T08:20:09,02/12/202608:20,99.1,0.5,49.55,51.9,0.6,31.139999999999997,31.0,0.0,0.0,198.7,23199.0,43879.0,22.9,3.4,79.0,30.06,3.98,117.0,102.0,0.2,0.6284561049445004
2026-02-12T08:21:09,02/12/202608:21,99.3,0.5,49.65,52.0,0.7,36.4,36.0,0.0,0.0,198.7,23199.0,43879.0,22.9,3.4,79.0,30.06,3.98,117.0,102.0,0.2,0.7331319234642497
2026-02-12T08:22:10,02/12/202608:22,112.2,0.7,78.53999999999999,52.0,0.9,46.800000000000004,46.0,0.0,0.0,198.7,23199.0,43879.0,22.9,3.4,79.0,30.06,3.98,117.0,102.0,0.2,0.5958747135217725
2026-02-12T08:23:09,02/12/202608:23,111.7,0.7,78.19,52.1,0.9,46.89,46.0,0.0,0.0,198.7,23199.0,43879.0,22.9,3.4,79.0,30.06,3.98,117.0,102.0,0.2,0.5996930553779256
2026-02-12T08:24:09,02/12/202608:24,111.8,0.7,78.25999999999999,52.2,1.0,52.2,52.0,0.0,0.0,198.7,23199.0,43879.0,22.9,3.4,79.0,30.06,3.98,117.0,102.0,0.2,0.6670074111934579
2026-02-12T08:25:10,02/12/202608:25,113.8,0.7,79.66,52.3,1.1,57.53,57.0,0.0,0.0,198.7,23199.0,43879.0,22.9,3.4,79.0,30.06,3.98,117.0,102.0,0.2,0.7221943258850113
2026-02-12T08:26:22,02/12/202608:26,117.8,0.7,82.46,52.4,1.1,57.64,57.0,0.0,0.0,198.7,23199.0,43879.0,22.8,3.4,79.0,30.06,3.98,117.0,102.0,0.2,0.6990055784622848
2026-02-12T08:27:32,02/12/202608:27,117.2,0.6,70.32,52.4,1.1,57.64,57.0,0.0,0.0,198.7,23199.0,43879.0,22.9,3.4,79.0,30.06,3.98,117.0,102.0,0.2,0.8196814562002276
2026-02-12T08:28:32,02/12/202608:28,121.7,0.7,85.19,52.5,1.0,52.5,52.0,0.0,0.0,198.7,23199.0,43879.0,22.8,3.4,79.0,30.06,3.98,117.0,102.0,0.2,0.6162695152013147
2026-02-12T08:29:32,02/12/202608:29,117.0,0.7,81.89999999999999,52.5,0.9,47.25,47.0,0.0,0.0,198.7,23199.0,43879.0,22.8,3.4,79.0,30.06,3.98,117.0,102.0,0.2,0.576923076923077
2026-02-12T08:30:32,02/12/202608:30,117.1,0.7,81.96999999999998,52.5,0.9,47.25,47.0,0.0,0.0,198.7,23199.0,43879.0,22.9,4.6,80.0,30.06,4.91,141.0,149.0,0.5,0.5764304013663537
2026-02-12T08:31:32,02/12/202608:31,117.2,0.7,82.03999999999999,52.6,0.9,47.34,47.0,0.0,0.0,198.7,23199.0,43879.0,22.9,5.1,80.0,30.06,4.6,157.0,150.0,0.5,0.5770355923939543
2026-02-12T08:32:32,02/12/202608:32,115.8,0.7,81.05999999999999,52.7,0.9,47.43000000000001,47.0,0.0,0.0,198.7,23199.0,43879.0,22.8,5.1,80.0,30.06,4.6,157.0,150.0,0.5,0.5851221317542563
2026-02-12T08:33:32,02/12/202608:33,115.2,0.7,80.64,52.7,1.0,52.7,52.0,0.0,0.0,198.7,23199.0,43879.0,22.9,5.1,80.0,30.06,4.6,157.0,150.0,0.5,0.6535218253968255
2026-02-12T08:34:32,02/12/202608:34,115.3,0.7,80.71,52.8,1.0,52.8,52.0,0.0,0.0,198.7,23199.0,43879.0,22.8,5.1,80.0,30.06,4.6,157.0,150.0,0.5,0.6541940280014868
2026-02-12T08:35:32,02/12/202608:35,106.6,0.7,74.61999999999999,52.8,1.0,52.8,52.0,0.0,0.0,198.7,23199.0,43879.0,22.9,5.1,80.0,30.06,4.6,157.0,150.0,0.5,0.7075850978290004
2026-02-12T08:35:40,02/12/202608:35,106.7,0.7,74.69,52.9,0.9,47.61,47.0,0.0,0.0,198.7,23199.0,43879.0,22.9,5.1,80.0,30.06,4.6,157.0,150.0,0.5,0.6374347302182354
2026-02-12T08:37:32,02/12/202608:37,106.8,0.7,74.75999999999999,52.9,1.0,52.9,52.0,0.0,0.0,198.7,23199.0,43879.0,22.8,5.1,80.0,30.06,4.6,157.0,150.0,0.5,0.707597645799893
2026-02-12T08:37:40,02/12/202608:37,106.9,0.7,74.83,52.9,1.0,52.9,53.0,0.0,0.0,198.7,23199.0,43879.0,22.8,5.1,80.0,30.06,4.6,157.0,150.0,0.5,0.7069357209675264
2026-02-12T08:38:40,02/12/202608:38,115.8,0.6,69.47999999999999,53.0,1.1,58.300000000000004,58.0,0.0,0.0,198.7,23199.0,43879.0,22.8,5.1,80.0,30.06,4.6,157.0,150.0,0.5,0.8390903857225103
2026-02-12T08:39:40,02/12/202608:39,119.0,0.6,71.39999999999999,53.1,1.0,53.1,53.0,0.0,0.0,198.7,23199.0,43879.0,22.8,5.1,80.0,30.06,4.6,157.0,150.0,0.5,0.7436974789915968
2026-02-12T08:40:40,02/12/202608:40,119.1,0.6,71.46,53.1,1.0,53.1,53.0,0.0,0.0,198.7,23199.0,43879.0,22.8,5.1,80.0,30.06,4.6,157.0,150.0,0.5,0.7430730478589421
2026-02-12T08:41:40,02/12/202608:41,119.2,0.6,71.52,53.1,1.0,53.1,53.0,0.0,0.0,198.7,23199.0,43879.0,22.8,5.1,80.0,30.06,4.6,157.0,150.0,0.5,0.7424496644295303
2026-02-12T08:42:40,02/12/202608:42,120.4,0.7,84.28,53.2,1.0,53.2,53.0,0.0,0.0,198.7,23199.0,43879.0,22.8,5.1,80.0,30.06,4.6,157.0,150.0,0.5,0.6312292358803987
2026-02-12T08:43:40,02/12/202608:43,119.7,0.6,71.82,53.2,1.0,53.2,53.0,0.0,0.0,198.7,23199.0,43879.0,22.8,5.1,80.0,30.06,4.6,157.0,150.0,0.5,0.7407407407407408
2026-02-12T08:44:41,02/12/202608:44,119.8,0.7,83.86,53.2,1.0,53.2,53.0,0.0,0.0,198.7,23199.0,43879.0,22.8,5.1,80.0,30.06,4.6,157.0,150.0,0.5,0.6343906510851419
2026-02-12T08:46:35,02/12/202608:46,117.9,0.7,82.53,53.3,1.0,53.3,53.0,0.0,0.0,198.7,23199.0,43879.0,22.8,6.6,79.0,30.03,6.59,170.0,199.0,0.7,0.6458257603295771
2026-02-12T08:48:41,02/12/202608:48,112.1,0.6,67.25999999999999,53.3,1.0,53.3,53.0,0.0,0.0,198.7,23199.0,43879.0,22.8,6.6,79.0,30.03,6.59,170.0,199.0,0.7,0.792447219744276
2026-02-12T08:49:35,02/12/202608:49,113.2,0.6,67.92,53.4,0.9,48.06,47.0,0.0,0.0,198.7,23199.0,43879.0,22.8,6.6,79.0,30.03,6.59,170.0,199.0,0.7,0.7075971731448764
2026-02-12T08:51:35,02/12/202608:51,113.2,0.5,56.6,53.3,0.9,47.97,47.0,0.0,0.0,198.7,23199.0,43879.0,22.8,6.6,79.0,30.03,6.59,170.0,199.0,0.7,0.8475265017667845
2026-02-12T08:52:35,02/12/202608:52,111.1,0.6,66.66,53.4,0.9,48.06,47.0,0.0,0.0,198.7,23199.0,43879.0,22.9,6.6,79.0,30.03,6.59,170.0,199.0,0.7,0.720972097209721
2026-02-12T08:53:35,02/12/202608:53,111.1,0.6,66.66,53.3,0.8,42.64,42.0,0.0,0.0,198.7,23199.0,43879.0,22.8,6.6,79.0,30.03,6.59,170.0,199.0,0.7,0.6396639663966397
2026-02-12T08:54:35,02/12/202608:54,111.1,0.6,66.66,53.4,0.9,48.06,48.0,0.0,0.0,198.7,23199.0,43879.0,22.9,6.6,79.0,30.03,6.59,170.0,199.0,0.7,0.720972097209721
2026-02-12T08:55:35,02/12/202608:55,110.1,0.6,66.05999999999999,53.3,0.9,47.97,48.0,0.0,0.0,198.7,23199.0,43879.0,22.8,6.6,79.0,30.03,6.59,170.0,199.0,0.7,0.7261580381471391
2026-02-12T08:56:36,02/12/202608:56,110.2,0.6,66.12,53.4,0.9,48.06,47.0,0.0,0.0,198.7,23199.0,43879.0,22.8,6.6,79.0,30.03,6.59,170.0,199.0,0.7,0.7268602540834845
2026-02-12T08:57:35,02/12/202608:57,110.2,0.7,77.14,53.4,0.9,48.06,48.0,0.0,0.0,198.7,23199.0,43879.0,22.8,6.6,79.0,30.03,6.59,170.0,199.0,0.7,0.6230230749287011
2026-02-12T08:58:35,02/12/202608:58,100.0,0.6,60.0,53.3,0.9,47.97,48.0,0.0,0.0,198.7,23199.0,43879.0,22.8,6.6,79.0,30.03,6.59,170.0,199.0,0.7,0.7995
2026-02-12T08:59:50,02/12/202608:59,100.1,0.5,50.05,53.4,0.9,48.06,48.0,0.0,0.0,198.7,23199.0,43879.0,22.8,6.6,79.0,30.03,6.59,170.0,199.0,0.7,0.9602397602397603
2026-02-12T09:00:35,02/12/202609:00,100.1,0.6,60.059999999999995,53.4,0.9,48.06,48.0,0.0,0.0,198.7,23199.0,43879.0,22.8,6.6,79.0,30.03,6.59,170.0,199.0,0.7,0.8001998001998003
2026-02-12T09:01:35,02/12/202609:01,119.0,0.7,83.3,53.4,1.0,53.4,53.0,0.0,0.0,198.7,23199.0,43879.0,22.8,7.7,78.0,30.03,8.51,175.0,247.0,0.9,0.6410564225690276
2026-02-12T09:02:35,02/12/202609:02,118.3,0.7,82.80999999999999,53.4,1.0,53.4,53.0,0.0,0.0,198.7,23199.0,43879.0,22.8,7.7,78.0,30.03,8.51,175.0,247.0,0.9,0.6448496558386669
2026-02-12T09:04:36,02/12/202609:04,115.3,0.6,69.17999999999999,53.5,0.9,48.15,48.0,0.0,0.0,198.7,23199.0,43879.0,22.8,7.7,78.0,30.03,8.51,175.0,247.0,0.9,0.6960104076322637
2026-02-12T09:04:46,02/12/202609:04,115.3,0.7,80.71,53.5,1.0,53.5,53.0,0.0,0.0,198.7,23199.0,43879.0,22.8,7.7,78.0,30.03,8.51,175.0,247.0,0.9,0.6628670548878702
2026-02-12T09:06:37,02/12/202609:06,115.4,0.6,69.24,53.5,1.0,53.5,53.0,0.0,0.0,198.7,23199.0,43879.0,22.8,7.7,78.0,30.03,8.51,175.0,247.0,0.9,0.7726747544771809
2026-02-12T09:07:37,02/12/202609:07,113.3,0.7,79.30999999999999,53.5,0.9,48.15,48.0,0.0,0.0,198.7,23199.0,43879.0,22.8,7.7,78.0,30.03,8.51,175.0,247.0,0.9,0.6071113352666752
2026-02-12T09:09:37,02/12/202609:09,113.3,0.7,79.30999999999999,53.6,1.0,53.6,53.0,0.0,1.0,198.7,23199.0,43879.0,22.8,7.7,78.0,30.03,8.51,175.0,247.0,0.9,0.6758290253435886
2026-02-12T09:11:00,02/12/202609:10,118.1,0.7,82.66999999999999,53.5,1.0,53.5,53.0,0.0,1.0,198.7,23199.0,43879.0,22.8,7.7,78.0,30.03,8.51,175.0,247.0,0.9,0.6471513245433653
2026-02-12T09:12:37,02/12/202609:12,118.2,0.7,82.74,53.6,1.0,53.6,53.0,0.0,1.0,198.7,23199.0,43879.0,22.8,7.7,78.0,30.03,8.51,175.0,247.0,0.9,0.6478124244621707
2026-02-12T09:13:37,02/12/202609:13,112.8,0.8,90.24000000000001,53.6,1.0,53.6,53.0,0.0,1.0,198.7,23199.0,43879.0,22.8,7.7,78.0,30.03,8.51,175.0,247.0,0.9,0.5939716312056738
2026-02-12T09:14:37,02/12/202609:14,112.7,0.8,90.16000000000001,53.6,1.0,53.6,53.0,0.0,1.0,198.7,23199.0,43879.0,22.8,7.7,78.0,30.03,8.51,175.0,247.0,0.9,0.5944986690328304
2026-02-12T09:15:37,02/12/202609:15,112.8,0.7,78.96,53.6,1.0,53.6,53.0,0.0,1.0,198.7,23199.0,43879.0,22.8,7.7,78.0,30.03,8.51,175.0,247.0,0.9,0.6788247213779129
2026-02-12T09:16:37,02/12/202609:16,118.7,0.7,83.09,53.6,1.1,58.96000000000001,58.0,0.0,1.0,198.7,23199.0,43879.0,22.8,8.8,79.0,30.03,10.13,174.0,294.0,1.2,0.7095920086653027
2026-02-12T09:17:37,02/12/202609:17,115.8,0.7,81.05999999999999,53.6,1.1,58.96000000000001,58.0,0.0,1.0,198.7,23199.0,43879.0,22.8,8.8,79.0,30.03,10.13,174.0,294.0,1.2,0.7273624475697017
2026-02-12T09:18:36,02/12/202609:18,107.6,0.7,75.32,53.6,1.0,53.6,53.0,0.0,1.0,198.7,23199.0,43879.0,22.8,8.8,79.0,30.03,10.13,174.0,294.0,1.2,0.7116303770578865
2026-02-12T09:19:37,02/12/202609:19,107.7,0.7,75.39,53.6,1.0,53.6,53.0,0.0,1.0,198.7,23199.0,43879.0,22.8,8.8,79.0,30.03,10.13,174.0,294.0,1.2,0.7109696246186497
2026-02-12T09:22:09,02/12/202609:22,115.5,0.7,80.85,53.6,1.1,58.96000000000001,58.0,0.0,1.0,198.7,23199.0,43879.0,22.8,8.8,79.0,30.03,10.13,174.0,294.0,1.2,0.7292517006802722
2026-02-12T09:22:37,02/12/202609:22,118.5,0.6,71.1,53.7,1.1,59.07000000000001,58.0,0.0,1.0,198.7,23199.0,43879.0,22.9,8.8,79.0,30.03,10.13,174.0,294.0,1.2,0.8308016877637132
2026-02-12T09:23:37,02/12/202609:23,118.4,0.6,71.04,53.7,1.1,59.07000000000001,59.0,0.0,1.0,198.7,23199.0,43879.0,22.8,8.8,79.0,30.03,10.13,174.0,294.0,1.2,0.8315033783783784
2026-02-12T09:24:37,02/12/202609:24,118.6,0.6,71.16,53.7,1.1,59.07000000000001,59.0,0.0,1.0,198.7,23199.0,43879.0,22.8,8.8,79.0,30.03,10.13,174.0,294.0,1.2,0.8301011804384487
2026-02-12T09:24:44,02/12/202609:24,118.5,0.6,71.1,53.6,1.0,53.6,53.0,0.0,1.0,198.7,23199.0,43879.0,22.8,8.8,79.0,30.03,10.13,174.0,294.0,1.2,0.7538677918424754
2026-02-12T09:25:45,02/12/202609:25,114.6,0.8,91.68,53.7,1.1,59.07000000000001,53.0,0.0,1.0,198.7,23199.0,43879.0,22.8,8.8,79.0,30.03,10.13,174.0,294.0,1.2,0.6443062827225131
2026-02-12T09:26:45,02/12/202609:26,120.5,0.7,84.35,53.7,1.2,64.44,64.0,0.0,1.0,198.7,23199.0,43879.0,22.8,8.8,79.0,30.03,10.13,174.0,294.0,1.2,0.7639596917605217
2026-02-12T09:27:44,02/12/202609:27,120.6,0.8,96.48,53.7,1.2,64.44,64.0,0.0,1.0,198.7,23199.0,43879.0,22.8,8.8,79.0,30.03,10.13,174.0,294.0,1.2,0.667910447761194
2026-02-12T09:28:45,02/12/202609:28,120.5,0.7,84.35,53.7,1.2,64.44,64.0,0.0,1.0,198.7,23199.0,43879.0,22.8,8.8,79.0,30.03,10.13,174.0,294.0,1.2,0.7639596917605217
2026-02-12T09:29:45,02/12/202609:29,117.2,0.7,82.03999999999999,53.7,1.1,59.07000000000001,59.0,0.0,1.0,198.7,23199.0,43879.0,22.8,8.8,79.0,30.03,10.13,174.0,294.0,1.2,0.7200146270112142
2026-02-12T09:30:45,02/12/202609:30,110.7,0.6,66.42,53.8,1.1,59.18,59.0,0.0,1.0,198.7,23199.0,43879.0,22.8,10.0,80.0,30.03,11.68,175.0,323.0,1.5,0.8909966877446552
2026-02-12T09:31:44,02/12/202609:31,110.8,0.6,66.47999999999999,53.7,1.1,59.07000000000001,59.0,0.0,1.0,198.7,23199.0,43879.0,22.9,10.0,80.0,30.03,11.68,175.0,323.0,1.5,0.8885379061371844
2026-02-12T09:33:18,02/12/202609:33,110.8,0.6,66.47999999999999,53.7,1.1,59.07000000000001,59.0,0.0,1.0,198.7,23199.0,43879.0,22.8,10.0,80.0,30.03,11.68,175.0,323.0,1.5,0.8885379061371844
2026-02-12T09:33:44,02/12/202609:33,116.5,0.8,93.2,53.8,1.0,53.8,53.0,0.0,1.0,198.7,23199.0,43879.0,22.8,10.0,78.0,30.03,11.68,175.0,323.0,1.5,0.5772532188841202
2026-02-12T09:34:45,02/12/202609:34,100.3,0.8,80.24000000000001,53.7,1.0,53.7,53.0,0.0,1.0,198.7,23199.0,43879.0,22.9,10.0,78.0,30.03,11.68,175.0,323.0,1.5,0.6692422731804586
2026-02-12T09:35:45,02/12/202609:35,100.3,0.7,70.21,53.7,1.0,53.7,53.0,0.0,1.0,198.7,23199.0,43879.0,22.8,10.0,78.0,30.03,11.68,175.0,323.0,1.5,0.7648483122062385
2026-02-12T09:36:44,02/12/202609:36,116.8,0.8,93.44,53.7,1.2,64.44,64.0,0.0,1.0,198.7,23199.0,43879.0,22.8,10.0,78.0,30.03,11.68,175.0,323.0,1.5,0.689640410958904
2026-02-12T09:37:45,02/12/202609:37,116.9,0.8,93.52000000000001,53.8,1.2,64.55999999999999,64.0,0.0,1.0,198.7,23199.0,43879.0,22.8,10.0,78.0,30.03,11.68,175.0,323.0,1.5,0.6903336184773309
2026-02-12T09:38:45,02/12/202609:38,119.6,0.8,95.68,53.8,1.2,64.55999999999999,64.0,0.0,1.0,198.7,23199.0,43879.0,22.8,10.0,78.0,30.03,11.68,175.0,323.0,1.5,0.6747491638795985
2026-02-12T09:39:15,02/12/202609:39,118.1,0.7,82.66999999999999,53.8,1.2,64.55999999999999,64.0,0.0,1.0,198.7,23199.0,43879.0,22.9,10.0,78.0,30.03,11.68,175.0,323.0,1.5,0.7809362525704608
2026-02-12T09:40:20,02/12/202609:40,118.1,0.7,82.66999999999999,53.7,1.2,64.44,64.0,0.0,1.0,198.7,23199.0,43879.0,22.8,10.0,78.0,30.03,11.68,175.0,323.0,1.5,0.7794846981976534
2026-02-12T09:42:20,02/12/202609:42,120.4,0.8,96.32000000000001,53.8,1.2,64.55999999999999,64.0,0.0,1.0,198.7,23199.0,43879.0,22.8,10.0,78.0,30.03,11.68,175.0,323.0,1.5,0.6702657807308968
2026-02-12T09:44:27,02/12/202609:44,108.5,0.7,75.94999999999999,53.8,1.2,64.55999999999999,64.0,0.0,1.0,198.7,23199.0,43879.0,22.9,10.0,78.0,30.03,11.68,175.0,323.0,1.5,0.8500329163923633
2026-02-12T09:45:20,02/12/202609:45,114.5,0.7,80.14999999999999,53.8,1.2,64.55999999999999,64.0,0.0,1.0,198.7,23199.0,43879.0,22.8,10.0,78.0,30.03,11.68,175.0,323.0,1.5,0.8054897067997504
2026-02-12T09:46:20,02/12/202609:46,122.9,0.8,98.32000000000001,53.9,1.3,70.07000000000001,69.0,0.0,1.0,198.7,23199.0,43879.0,22.8,10.7,77.0,30.03,11.68,175.0,380.0,1.8,0.7126729048006509
2026-02-12T09:47:20,02/12/202609:47,123.0,0.7,86.1,53.9,1.3,70.07000000000001,69.0,0.0,1.0,198.7,23199.0,43879.0,22.8,10.7,77.0,30.03,11.68,175.0,380.0,1.8,0.8138211382113822
2026-02-12T09:48:20,02/12/202609:48,122.9,0.8,98.32000000000001,53.8,1.3,69.94,69.0,0.0,1.0,198.7,23199.0,43879.0,22.8,10.7,77.0,30.03,11.68,175.0,380.0,1.8,0.7113506916192025
2026-02-12T09:49:20,02/12/202609:49,121.4,0.8,97.12,53.9,1.3,70.07000000000001,70.0,0.0,1.0,198.7,23199.0,43879.0,22.8,10.7,77.0,30.03,11.68,175.0,380.0,1.8,0.7214785831960462
2026-02-12T09:50:33,02/12/202609:50,117.5,0.8,94.0,53.9,1.3,70.07000000000001,70.0,0.0,1.0,198.7,23199.0,43879.0,22.8,10.7,77.0,30.03,11.68,175.0,380.0,1.8,0.7454255319148937
2026-02-12T09:51:33,02/12/202609:51,122.1,0.8,97.68,53.8,1.3,69.94,69.0,0.0,1.0,198.7,23199.0,43879.0,22.8,10.7,77.0,30.03,11.68,175.0,380.0,1.8,0.7160114660114659
2026-02-12T09:52:33,02/12/202609:52,122.1,0.8,97.68,53.9,1.4,75.46,75.0,0.0,1.0,198.7,23199.0,43879.0,22.8,10.7,77.0,30.03,11.68,175.0,380.0,1.8,0.7725225225225224
2026-02-12T09:53:34,02/12/202609:53,114.6,0.8,91.68,53.9,1.2,64.67999999999999,64.0,0.0,1.0,198.7,23199.0,43879.0,22.8,10.7,77.0,30.03,11.68,175.0,380.0,1.8,0.7054973821989527
2026-02-12T09:55:36,02/12/202609:55,109.9,0.8,87.92000000000002,53.8,1.2,64.55999999999999,64.0,0.0,1.0,198.7,23199.0,43879.0,22.8,10.7,77.0,30.03,11.68,175.0,380.0,1.8,0.7343039126478614
2026-02-12T09:56:33,02/12/202609:56,109.9,0.9,98.91000000000001,53.9,1.2,64.67999999999999,64.0,0.0,1.0,198.7,23199.0,43879.0,22.8,10.7,77.0,30.03,11.68,175.0,380.0,1.8,0.6539278131634818
2026-02-12T09:57:33,02/12/202609:57,112.3,0.8,89.84,53.9,1.2,64.67999999999999,64.0,0.1,1.0,198.7,23199.0,43879.0,22.8,10.7,77.0,30.03,11.68,175.0,380.0,1.8,0.7199465716829919
2026-02-12T09:58:03,02/12/202609:58,120.0,0.7,84.0,53.9,1.2,64.67999999999999,64.0,0.1,1.0,198.7,23199.0,43879.0,22.8,10.7,77.0,30.03,11.68,175.0,380.0,1.8,0.7699999999999999
2026-02-12T09:59:03,02/12/202609:59,118.9,0.8,95.12,53.9,1.3,70.07000000000001,70.0,0.1,1.0,198.7,23199.0,43879.0,22.9,10.7,77.0,30.03,11.68,175.0,380.0,1.8,0.7366484440706477
2026-02-12T10:00:04,02/12/202610:00,114.6,0.9,103.14,54.0,1.5,81.0,80.0,0.1,1.0,198.7,23199.0,43879.0,22.8,10.7,77.0,30.03,11.68,175.0,380.0,1.8,0.7853403141361257
2026-02-12T10:01:03,02/12/202610:01,116.1,0.9,104.49,53.9,1.4,75.46,75.0,0.1,1.0,198.7,23199.0,43879.0,22.8,11.3,77.0,30.03,11.31,172.0,428.0,2.1,0.7221743707531821
2026-02-12T10:03:04,02/12/202610:03,116.1,0.8,92.88,54.0,1.4,75.6,75.0,0.1,2.0,198.7,23199.0,43879.0,22.8,11.3,77.0,30.03,11.31,172.0,428.0,2.1,0.813953488372093
2026-02-12T10:04:03,02/12/202610:04,115.9,0.8,92.72000000000001,53.9,1.2,64.67999999999999,64.0,0.1,2.0,198.7,23199.0,43879.0,22.8,11.3,77.0,30.03,11.31,172.0,428.0,2.1,0.6975841242450387
2026-02-12T10:05:03,02/12/202610:05,123.3,0.8,98.64,53.9,1.2,64.67999999999999,64.0,0.1,2.0,198.7,23199.0,43879.0,22.8,11.3,77.0,30.03,11.31,172.0,428.0,2.1,0.6557177615571775
2026-02-12T10:06:46,02/12/202610:06,123.2,0.8,98.56,54.0,1.1,59.400000000000006,59.0,0.1,2.0,198.7,23199.0,43879.0,22.8,11.3,77.0,30.03,11.31,172.0,428.0,2.1,0.6026785714285715
2026-02-12T10:07:03,02/12/202610:07,120.0,0.8,96.0,54.0,1.3,70.2,70.0,0.1,2.0,198.7,23199.0,43879.0,22.8,11.3,77.0,30.03,11.31,172.0,428.0,2.1,0.7312500000000001
2026-02-12T10:08:04,02/12/202610:08,112.1,0.7,78.46999999999998,54.0,1.3,70.2,70.0,0.1,2.0,198.7,23199.0,43879.0,22.8,11.3,77.0,30.03,11.31,172.0,428.0,2.1,0.8946094048681027
2026-02-12T10:09:04,02/12/202610:09,113.5,0.7,79.44999999999999,54.0,1.3,70.2,70.0,0.1,2.0,198.7,23199.0,43879.0,22.8,11.3,77.0,30.03,11.31,172.0,428.0,2.1,0.8835745752045313
2026-02-12T10:10:03,02/12/202610:10,117.2,0.8,93.76,53.9,1.4,75.46,75.0,0.1,2.0,198.7,23199.0,43879.0,22.8,11.3,77.0,30.03,11.31,172.0,428.0,2.1,0.8048208191126279
2026-02-12T10:11:04,02/12/202610:11,119.9,0.9,107.91000000000001,54.0,1.3,70.2,75.0,0.1,2.0,198.7,23199.0,43879.0,22.8,11.3,77.0,30.03,11.31,172.0,428.0,2.1,0.6505421184320267
2026-02-12T10:12:03,02/12/202610:12,119.6,0.8,95.68,54.0,1.4,75.6,75.0,0.1,2.0,198.7,23199.0,43879.0,22.8,11.3,77.0,30.03,11.31,172.0,428.0,2.1,0.7901337792642139
2026-02-12T10:13:03,02/12/202610:13,121.1,0.8,96.88,54.1,1.3,70.33,70.0,0.1,2.0,198.7,23199.0,43879.0,22.8,11.3,77.0,30.03,11.31,172.0,428.0,2.1,0.7259496284062759
2026-02-12T10:14:04,02/12/202610:14,118.8,0.8,95.04,54.0,1.3,70.2,70.0,0.1,2.0,198.7,23199.0,43879.0,22.8,11.3,77.0,30.03,11.31,172.0,428.0,2.1,0.7386363636363636
2026-02-12T10:15:04,02/12/202610:15,121.4,0.8,97.12,54.0,1.3,70.2,70.0,0.1,2.0,198.7,23199.0,43879.0,22.8,11.3,77.0,30.03,11.31,172.0,428.0,2.1,0.7228171334431631
2026-02-12T10:16:04,02/12/202610:16,114.7,0.8,91.76,54.0,1.3,70.2,70.0,0.1,2.0,198.7,23199.0,43879.0,22.8,11.9,74.0,30.03,10.69,170.0,456.0,2.4,0.7650392327811683
2026-02-12T10:17:55,02/12/202610:17,114.6,0.8,91.68,54.0,1.3,70.2,70.0,0.1,2.0,198.7,23199.0,43879.0,22.9,11.9,74.0,30.03,10.69,170.0,456.0,2.4,0.7657068062827225
2026-02-12T10:18:26,02/12/202610:18,119.5,0.9,107.55,54.0,1.3,70.2,70.0,0.1,2.0,198.7,23199.0,43879.0,22.9,11.9,74.0,30.03,10.69,170.0,456.0,2.4,0.6527196652719666
2026-02-12T10:19:26,02/12/202610:19,119.3,0.9,107.37,54.0,1.4,75.6,75.0,0.1,2.0,198.7,23199.0,43879.0,22.8,11.9,74.0,30.03,10.69,170.0,456.0,2.4,0.7041072925398155
2026-02-12T10:20:26,02/12/202610:20,113.6,0.8,90.88,54.0,1.3,70.2,70.0,0.1,2.0,198.7,23199.0,43879.0,22.8,11.9,74.0,30.03,10.69,170.0,456.0,2.4,0.7724471830985916
2026-02-12T10:21:26,02/12/202610:21,114.3,0.9,102.87,54.0,1.2,64.8,64.0,0.1,2.0,198.7,23199.0,43879.0,22.8,11.9,74.0,30.03,10.69,170.0,456.0,2.4,0.6299212598425197
2026-02-12T10:22:26,02/12/202610:22,118.3,0.9,106.47,54.0,1.3,70.2,70.0,0.1,2.0,198.7,23199.0,43879.0,22.8,11.9,74.0,30.03,10.69,170.0,456.0,2.4,0.6593406593406593
2026-02-12T10:23:26,02/12/202610:23,119.9,0.7,83.92999999999999,54.1,1.3,70.33,70.0,0.1,2.0,198.7,23199.0,43879.0,22.8,11.9,74.0,30.03,10.69,170.0,456.0,2.4,0.8379602049326821
2026-02-12T10:24:27,02/12/202610:24,120.0,0.7,84.0,54.1,1.4,75.74,75.0,0.1,2.0,198.7,23199.0,43879.0,22.8,11.9,74.0,30.03,10.69,170.0,456.0,2.4,0.9016666666666666
2026-02-12T10:26:26,02/12/202610:26,117.8,0.9,106.02,54.1,1.4,75.74,75.0,0.1,2.0,198.7,23199.0,43879.0,22.8,11.9,74.0,30.03,10.69,170.0,456.0,2.4,0.7143935106583663
2026-02-12T10:27:25,02/12/202610:27,117.9,0.9,106.11000000000001,54.1,1.4,75.74,75.0,0.1,2.0,198.7,23199.0,43879.0,22.9,11.8,74.0,30.03,11.74,171.0,427.0,2.4,0.7137875789275279
2026-02-12T10:29:05,02/12/202610:29,110.2,0.9,99.18,54.2,1.3,70.46000000000001,70.0,0.1,2.0,198.7,23199.0,43879.0,22.8,11.8,74.0,30.03,11.74,171.0,427.0,2.4,0.710425489009881
2026-02-12T10:30:26,02/12/202610:30,110.6,0.8,88.48,54.1,1.4,75.74,70.0,0.1,2.0,198.7,23199.0,43879.0,22.8,12.5,69.0,30.03,12.37,174.0,497.0,2.8,0.856012658227848
2026-02-12T10:32:41,02/12/202610:32,123.1,0.9,110.78999999999999,54.2,1.4,75.88,75.0,0.1,2.0,198.7,23199.0,43879.0,22.8,12.5,65.0,30.06,12.37,174.0,497.0,2.8,0.6848993591479375
2026-02-12T10:33:05,02/12/202610:33,123.7,1.0,123.7,54.3,1.4,76.02,76.0,0.1,2.0,198.7,23199.0,43879.0,22.8,12.5,65.0,30.06,12.37,174.0,497.0,2.8,0.6145513338722716
2026-02-12T10:34:06,02/12/202610:34,123.3,1.0,123.3,54.4,1.4,76.16,76.0,0.1,2.0,198.7,23199.0,43879.0,22.8,12.5,65.0,30.06,12.37,174.0,497.0,2.8,0.6176804541768045
2026-02-12T10:35:05,02/12/202610:35,123.4,1.0,123.4,54.5,1.4,76.3,76.0,0.1,2.0,198.7,23199.0,43879.0,22.8,12.5,65.0,30.06,12.37,174.0,497.0,2.8,0.6183144246353321
2026-02-12T10:36:06,02/12/202610:36,123.4,1.0,123.4,54.5,1.3,70.85000000000001,70.0,0.1,2.0,198.7,23199.0,43879.0,22.8,12.5,65.0,30.06,12.37,174.0,497.0,2.8,0.5741491085899514
2026-02-12T10:37:30,02/12/202610:37,123.4,1.0,123.4,54.5,1.4,76.3,76.0,0.1,2.0,198.7,23199.0,43879.0,22.8,12.5,65.0,30.06,12.37,174.0,497.0,2.8,0.6183144246353321
2026-02-12T10:38:30,02/12/202610:38,123.4,1.0,123.4,54.5,1.5,81.75,81.0,0.1,2.0,198.7,23199.0,43879.0,22.8,12.5,65.0,30.06,12.37,174.0,497.0,2.8,0.6624797406807131
2026-02-12T10:40:14,02/12/202610:40,123.5,1.0,123.5,54.5,1.5,81.75,81.0,0.1,2.0,198.7,23199.0,43879.0,22.8,12.5,65.0,30.06,12.37,174.0,497.0,2.8,0.6619433198380567
2026-02-12T10:40:28,02/12/202610:40,123.5,1.1,135.85000000000002,54.5,1.6,87.2,87.0,0.1,2.0,198.7,23199.0,43879.0,22.8,12.5,65.0,30.06,12.37,174.0,497.0,2.8,0.6418844313581155
2026-02-12T10:41:28,02/12/202610:41,123.6,1.1,135.96,54.5,1.7,92.64999999999999,92.0,0.1,2.0,198.7,23199.0,43879.0,22.8,12.5,65.0,30.06,12.37,174.0,497.0,2.8,0.6814504265960576
2026-02-12T10:42:28,02/12/202610:42,123.6,1.1,135.96,54.5,1.5,81.75,81.0,0.1,2.0,198.7,23199.0,43879.0,22.8,12.5,65.0,30.06,12.37,174.0,497.0,2.8,0.601279788172992
2026-02-12T10:43:28,02/12/202610:43,123.6,1.1,135.96,54.4,1.6,87.04,87.0,0.1,2.0,198.7,23199.0,43879.0,22.8,12.5,65.0,30.06,12.37,174.0,497.0,2.8,0.6401882906737276
2026-02-12T10:44:29,02/12/202610:44,123.7,1.1,136.07000000000002,54.5,1.6,87.2,87.0,0.1,2.0,198.7,23199.0,43879.0,22.8,12.5,65.0,30.06,12.37,174.0,497.0,2.8,0.6408466230616594
2026-02-12T10:45:29,02/12/202610:45,123.7,1.1,136.07000000000002,54.5,1.7,92.64999999999999,92.0,0.1,3.0,198.7,23199.0,43879.0,22.8,13.2,61.0,30.06,12.12,175.0,518.0,3.1,0.680899537003013
2026-02-12T10:46:28,02/12/202610:46,123.8,1.1,136.18,54.5,1.8,98.10000000000001,98.0,0.1,3.0,198.7,23199.0,43879.0,22.9,13.2,61.0,30.06,12.12,175.0,518.0,3.1,0.7203700983991775
2026-02-12T10:48:28,02/12/202610:48,123.8,1.2,148.56,54.5,1.7,92.64999999999999,92.0,0.1,3.0,198.7,23199.0,43879.0,22.8,13.2,61.0,30.06,12.12,175.0,518.0,3.1,0.6236537425955843
2026-02-12T10:49:28,02/12/202610:49,123.0,1.2,147.6,54.5,1.7,92.64999999999999,92.0,0.1,3.0,198.7,23199.0,43879.0,22.8,13.2,61.0,30.06,12.12,175.0,518.0,3.1,0.627710027100271
2026-02-12T10:51:24,02/12/202610:51,123.0,1.1,135.3,54.5,1.7,92.64999999999999,92.0,0.1,3.0,198.7,23199.0,43879.0,22.9,13.2,61.0,30.06,12.12,175.0,518.0,3.1,0.6847745750184774
2026-02-12T10:51:28,02/12/202610:51,122.9,1.1,135.19000000000003,54.5,1.8,98.10000000000001,98.0,0.1,3.0,198.7,23199.0,43879.0,22.8,13.2,61.0,30.06,12.12,175.0,518.0,3.1,0.7256453879724831
2026-02-12T10:52:29,02/12/202610:52,123.0,1.1,135.3,54.5,1.8,98.10000000000001,98.0,0.1,3.0,198.7,23199.0,43879.0,22.8,13.2,61.0,30.06,12.12,175.0,518.0,3.1,0.7250554323725056
2026-02-12T10:54:28,02/12/202610:54,123.0,1.2,147.6,54.5,1.6,87.2,87.0,0.1,3.0,198.7,23199.0,43879.0,22.9,13.2,61.0,30.06,12.12,175.0,518.0,3.1,0.5907859078590786
2026-02-12T10:55:28,02/12/202610:55,123.0,1.2,147.6,54.5,1.7,92.64999999999999,92.0,0.1,3.0,198.7,23199.0,43879.0,22.8,13.2,61.0,30.06,12.12,175.0,518.0,3.1,0.627710027100271
2026-02-12T10:56:29,02/12/202610:56,120.5,1.0,120.5,54.2,1.9,102.98,102.0,0.1,3.0,198.7,23199.0,43879.0,22.9,13.2,61.0,30.06,12.12,175.0,518.0,3.1,0.8546058091286307
2026-02-12T10:57:28,02/12/202610:57,120.7,1.1,132.77,54.1,1.9,102.78999999999999,102.0,0.1,3.0,198.7,23199.0,43879.0,22.9,13.2,61.0,30.06,12.12,175.0,518.0,3.1,0.7741959780070798
2026-02-12T10:58:28,02/12/202610:58,122.7,1.1,134.97000000000003,54.1,2.0,108.2,108.0,0.1,3.0,198.7,23199.0,43879.0,22.9,13.2,61.0,30.06,12.12,175.0,518.0,3.1,0.8016596280654958
2026-02-12T10:59:28,02/12/202610:59,122.7,1.1,134.97000000000003,54.1,2.1,113.61000000000001,113.0,0.1,3.0,198.7,23199.0,43879.0,22.8,13.2,61.0,30.06,12.12,175.0,518.0,3.1,0.8417426094687708
2026-02-12T11:00:27,02/12/202611:00,123.0,1.2,147.6,54.1,2.1,113.61000000000001,113.0,0.1,3.0,198.7,23199.0,43879.0,22.8,13.8,58.0,30.06,12.3,177.0,546.0,3.4,0.7697154471544717
2026-02-12T11:02:32,02/12/202611:02,104.4,2.9,302.76,54.4,5.3,288.32,287.0,0.1,3.0,198.7,23199.0,43879.0,22.9,13.8,58.0,30.06,12.3,177.0,546.0,3.4,0.9523054564671687
2026-02-12T11:03:28,02/12/202611:03,120.9,1.9,229.71,54.7,4.0,218.8,218.0,0.1,3.0,198.7,23199.0,43879.0,22.8,13.8,58.0,30.06,12.3,177.0,546.0,3.4,0.9525053328109355
2026-02-12T11:04:27,02/12/202611:04,121.3,1.8,218.34,54.7,3.8,207.86,207.0,0.1,3.0,198.7,23199.0,43879.0,22.9,13.8,58.0,30.06,12.3,177.0,546.0,3.4,0.9520014656041037
2026-02-12T11:05:01,02/12/202611:05,121.2,1.8,218.16,54.7,3.6,196.92000000000002,196.0,0.2,3.0,198.7,23199.0,43879.0,22.8,13.8,58.0,30.06,12.3,177.0,546.0,3.4,0.9026402640264027
2026-02-12T11:06:00,02/12/202611:06,121.5,1.7,206.54999999999998,54.7,3.3,180.51,180.0,0.2,3.0,198.7,23199.0,43879.0,22.9,13.8,58.0,30.06,12.3,177.0,546.0,3.4,0.8739288307915759
2026-02-12T11:07:00,02/12/202611:06,121.3,1.7,206.20999999999998,54.6,3.4,185.64,186.0,0.2,3.0,198.7,23199.0,43879.0,22.9,13.8,58.0,30.06,12.3,177.0,546.0,3.4,0.9002473206924979
2026-02-12T11:08:00,02/12/202611:08,121.7,1.6,194.72000000000003,54.6,3.2,174.72000000000003,175.0,0.2,3.0,198.7,23199.0,43879.0,22.8,13.8,58.0,30.06,12.3,177.0,546.0,3.4,0.8972884141331142
2026-02-12T11:09:01,02/12/202611:09,121.6,1.6,194.56,54.7,3.2,175.04000000000002,175.0,0.2,3.0,198.7,23199.0,43879.0,22.9,13.8,58.0,30.06,12.3,177.0,546.0,3.4,0.8996710526315791
2026-02-12T11:10:00,02/12/202611:10,121.6,1.5,182.39999999999998,54.7,3.2,175.04000000000002,175.0,0.2,4.0,198.7,23199.0,43879.0,22.8,13.8,58.0,30.06,12.3,177.0,546.0,3.4,0.9596491228070178
2026-02-12T11:11:00,02/12/202611:11,121.2,1.6,193.92000000000002,54.7,3.3,180.51,180.0,0.2,4.0,198.7,23199.0,43879.0,22.9,13.8,58.0,30.06,12.3,177.0,546.0,3.4,0.9308477722772276
2026-02-12T11:12:00,02/12/202611:12,121.1,1.7,205.86999999999998,54.7,3.1,169.57000000000002,169.0,0.2,4.0,198.7,23199.0,43879.0,22.9,13.8,58.0,30.06,12.3,177.0,546.0,3.4,0.8236751347938022
2026-02-12T11:13:41,02/12/202611:13,121.8,1.5,182.7,54.7,2.9,158.63,158.0,0.2,4.0,198.7,23199.0,43879.0,22.9,13.8,58.0,30.06,12.3,177.0,546.0,3.4,0.8682539682539683
2026-02-12T11:14:00,02/12/202611:14,121.6,1.6,194.56,54.7,3.1,169.57000000000002,169.0,0.2,4.0,198.7,23199.0,43879.0,22.9,13.8,58.0,30.06,12.3,177.0,546.0,3.4,0.8715563322368423
2026-02-12T11:15:00,02/12/202611:14,121.7,1.5,182.55,54.7,3.0,164.10000000000002,169.0,0.2,4.0,198.7,23199.0,43879.0,22.9,13.8,58.0,30.06,12.3,177.0,546.0,3.4,0.8989317995069844
2026-02-12T11:16:00,02/12/202611:15,121.6,1.4,170.23999999999998,54.7,3.1,169.57000000000002,169.0,0.2,4.0,198.7,23199.0,43879.0,22.9,14.4,55.0,30.06,12.12,177.0,591.0,3.7,0.9960643796992483
2026-02-12T11:17:01,02/12/202611:17,121.5,1.4,170.1,54.7,2.9,158.63,158.0,0.2,4.0,198.7,23199.0,43879.0,22.9,14.4,55.0,30.06,12.12,177.0,591.0,3.7,0.9325690770135214
2026-02-12T11:18:01,02/12/202611:18,121.1,1.6,193.76,54.7,3.1,169.57000000000002,169.0,0.2,4.0,198.7,23199.0,43879.0,22.9,14.4,55.0,30.06,12.12,177.0,591.0,3.7,0.8751548307184147
2026-02-12T11:19:00,02/12/202611:18,121.1,1.6,193.76,54.7,2.9,158.63,158.0,0.2,4.0,198.7,23199.0,43879.0,22.9,14.4,55.0,30.06,12.12,177.0,591.0,3.7,0.8186932287365813
2026-02-12T11:20:00,02/12/202611:19,121.1,1.5,181.64999999999998,54.7,2.9,158.63,158.0,0.2,4.0,198.7,23199.0,43879.0,22.9,14.4,55.0,30.06,12.12,177.0,591.0,3.7,0.8732727773190202
2026-02-12T11:21:00,02/12/202611:20,121.3,1.5,181.95,54.7,2.9,158.63,158.0,0.2,4.0,198.7,23199.0,43879.0,22.9,14.4,55.0,30.06,12.12,177.0,591.0,3.7,0.8718329211321793
2026-02-12T11:22:01,02/12/202611:22,121.3,1.5,181.95,54.7,3.0,164.10000000000002,164.0,0.2,4.0,198.7,23199.0,43879.0,22.9,14.4,55.0,30.06,12.12,177.0,591.0,3.7,0.9018961253091511
2026-02-12T11:23:01,02/12/202611:23,121.6,1.4,170.23999999999998,54.7,2.8,153.16,153.0,0.2,4.0,198.7,23199.0,43879.0,22.9,14.4,55.0,30.06,12.12,177.0,591.0,3.7,0.899671052631579
2026-02-12T11:24:51,02/12/202611:24,121.4,1.4,169.96,54.7,3.0,164.10000000000002,164.0,0.2,4.0,198.7,23199.0,43879.0,22.9,14.4,55.0,30.06,12.12,177.0,591.0,3.7,0.9655212991292069
2026-02-12T11:25:00,02/12/202611:24,121.4,1.5,182.10000000000002,54.7,2.8,153.16,153.0,0.2,4.0,198.7,23199.0,43879.0,22.9,14.4,55.0,30.06,12.12,177.0,591.0,3.7,0.8410763316858868
2026-02-12T11:25:56,02/12/202611:25,121.5,1.4,170.1,54.7,2.6,142.22,142.0,0.2,4.0,198.7,23199.0,43879.0,22.9,14.4,55.0,30.06,12.12,177.0,591.0,3.7,0.8360964138741916
2026-02-12T11:26:55,02/12/202611:26,121.3,1.4,169.82,54.7,2.7,147.69000000000003,147.0,0.2,4.0,198.7,23199.0,43879.0,22.9,14.8,55.0,30.06,13.48,175.0,594.0,3.7,0.8696855494052528
2026-02-12T11:27:55,02/12/202611:27,121.1,1.4,169.54,54.7,2.8,153.16,153.0,0.2,4.0,198.7,23199.0,43879.0,22.9,14.8,55.0,30.06,13.48,175.0,594.0,3.7,0.9033856317093312
2026-02-12T11:28:56,02/12/202611:28,121.3,1.4,169.82,54.7,2.8,153.16,153.0,0.2,4.0,198.7,23199.0,43879.0,22.9,14.8,55.0,30.06,13.48,175.0,594.0,3.7,0.9018961253091509
2026-02-12T11:29:55,02/12/202611:29,121.2,1.4,169.68,54.7,2.8,153.16,153.0,0.2,5.0,198.7,23199.0,43879.0,22.9,14.8,55.0,30.03,13.48,175.0,594.0,3.7,0.9026402640264026
2026-02-12T11:30:55,02/12/202611:30,121.2,1.4,169.68,54.7,2.9,158.63,158.0,0.2,5.0,198.7,23199.0,43879.0,22.9,15.3,53.0,30.03,13.42,180.0,601.0,3.9,0.9348774163130598
2026-02-12T11:31:56,02/12/202611:31,121.3,1.5,181.95,54.7,2.7,147.69000000000003,147.0,0.2,5.0,198.7,23199.0,43879.0,22.9,15.3,53.0,30.03,13.42,180.0,601.0,3.9,0.811706512778236
2026-02-12T11:32:55,02/12/202611:32,134.1,1.3,174.33,54.8,2.6,142.48,142.0,0.2,5.0,198.7,23199.0,43879.0,22.9,15.3,53.0,30.03,13.42,180.0,601.0,3.9,0.8173005219985084
2026-02-12T11:33:56,02/12/202611:33,134.5,1.2,161.4,54.7,2.4,131.28,131.0,0.2,5.0,198.7,23199.0,43879.0,22.9,15.3,53.0,30.03,13.42,180.0,601.0,3.9,0.8133828996282527
2026-02-12T11:36:00,02/12/202611:36,134.5,1.2,161.4,54.7,2.6,142.22,142.0,0.2,5.0,198.7,23199.0,43879.0,22.9,15.3,53.0,30.03,13.42,180.0,601.0,3.9,0.8811648079306071
2026-02-12T11:36:55,02/12/202611:36,134.3,1.3,174.59000000000003,54.7,2.6,142.22,142.0,0.2,5.0,198.7,23199.0,43879.0,22.9,15.3,53.0,30.03,13.42,180.0,601.0,3.9,0.8145941921072225
2026-02-12T11:37:25,02/12/202611:37,134.4,1.3,174.72000000000003,54.8,2.5,137.0,136.0,0.2,5.0,198.7,23199.0,43879.0,22.9,15.3,53.0,30.03,13.42,180.0,601.0,3.9,0.7841117216117215
2026-02-12T11:38:25,02/12/202611:38,134.7,1.2,161.64,54.7,2.3,125.81,125.0,0.2,5.0,198.7,23199.0,43879.0,22.9,15.3,53.0,30.03,13.42,180.0,601.0,3.9,0.7783345706508291
2026-02-12T11:39:26,02/12/202611:39,134.5,1.2,161.4,54.7,2.5,136.75,136.0,0.2,5.0,198.7,23199.0,43879.0,22.9,15.3,53.0,30.03,13.42,180.0,601.0,3.9,0.84727385377943
2026-02-12T11:40:25,02/12/202611:40,134.7,1.1,148.17,54.7,2.4,131.28,131.0,0.2,5.0,198.7,23199.0,43879.0,22.9,15.3,53.0,30.03,13.42,180.0,601.0,3.9,0.8860093136262402
2026-02-12T11:41:30,02/12/202611:41,134.4,1.2,161.28,54.8,2.6,142.48,142.0,0.2,5.0,198.7,23199.0,43879.0,22.9,15.3,53.0,30.03,13.42,180.0,601.0,3.9,0.8834325396825397
2026-02-12T11:42:31,02/12/202611:42,134.8,1.1,148.28000000000003,54.6,2.1,114.66000000000001,114.0,0.2,5.0,198.7,23199.0,43879.0,22.9,15.3,53.0,30.03,13.42,180.0,601.0,3.9,0.7732667925546263
2026-02-12T11:43:30,02/12/202611:43,134.7,1.2,161.64,54.7,2.4,131.28,131.0,0.3,5.0,198.7,23199.0,43879.0,22.9,15.3,53.0,30.03,13.42,180.0,601.0,3.9,0.8121752041573869
2026-02-12T11:44:31,02/12/202611:44,134.5,1.2,161.4,54.7,2.6,142.22,142.0,0.3,5.0,198.7,23199.0,43879.0,22.9,15.3,53.0,30.03,13.42,180.0,601.0,3.9,0.8811648079306071
2026-02-12T11:45:31,02/12/202611:45,134.2,1.2,161.04,54.7,2.6,142.22,142.0,0.3,5.0,198.7,23199.0,43879.0,22.9,15.8,51.0,30.03,13.17,181.0,638.0,4.2,0.8831346249379036
2026-02-12T11:47:11,02/12/202611:47,134.6,1.1,148.06,54.7,2.4,131.28,131.0,0.3,5.0,198.7,23199.0,43879.0,22.9,15.8,51.0,30.03,13.17,181.0,638.0,4.2,0.8866675672024855
2026-02-12T11:47:31,02/12/202611:47,134.3,1.2,161.16,54.7,2.3,125.81,125.0,0.3,5.0,198.7,23199.0,43879.0,22.9,15.8,51.0,30.03,13.17,181.0,638.0,4.2,0.7806527674360884
2026-02-12T11:48:31,02/12/202611:48,134.3,1.2,161.16,54.8,2.2,120.56,120.0,0.3,5.0,198.7,23199.0,43879.0,22.9,15.8,51.0,30.03,13.17,181.0,638.0,4.2,0.7480764457681807
2026-02-12T11:49:31,02/12/202611:49,134.5,1.2,161.4,54.7,2.3,125.81,125.0,0.3,5.0,198.7,23199.0,43879.0,22.9,15.8,51.0,30.03,13.17,181.0,638.0,4.2,0.7794919454770756
2026-02-12T11:50:31,02/12/202611:50,138.9,1.1,152.79000000000002,54.7,2.4,131.28,131.0,0.3,5.0,198.7,23199.0,43879.0,22.9,15.8,51.0,30.03,13.17,181.0,638.0,4.2,0.859218535244453
2026-02-12T11:51:03,02/12/202611:51,138.6,1.1,152.46,54.7,2.4,131.28,131.0,0.3,5.0,198.7,23199.0,43879.0,22.9,15.8,51.0,30.03,13.17,181.0,638.0,4.2,0.8610783156237701
2026-02-12T11:52:02,02/12/202611:52,141.2,1.1,155.32,54.7,2.4,131.28,131.0,0.3,5.0,198.7,23199.0,43879.0,22.9,15.8,51.0,30.03,13.17,181.0,638.0,4.2,0.8452227659026527
2026-02-12T11:53:02,02/12/202611:53,142.5,1.1,156.75,54.7,2.2,120.34000000000002,120.0,0.3,5.0,198.7,23199.0,43879.0,22.9,15.8,51.0,30.03,13.17,181.0,638.0,4.2,0.7677192982456141
2026-02-12T11:54:03,02/12/202611:54,143.6,1.0,143.6,54.6,2.1,114.66000000000001,114.0,0.3,5.0,198.7,23199.0,43879.0,22.9,15.8,51.0,30.03,13.17,181.0,638.0,4.2,0.7984679665738162
2026-02-12T11:55:02,02/12/202611:55,143.8,1.0,143.8,54.7,2.3,125.81,125.0,0.3,6.0,198.7,23199.0,43879.0,22.9,15.8,51.0,30.03,13.17,181.0,638.0,4.2,0.8748956884561891
2026-02-12T11:56:02,02/12/202611:56,144.6,1.0,144.6,54.7,2.2,120.34000000000002,120.0,0.3,6.0,198.7,23199.0,43879.0,22.9,15.8,51.0,30.03,13.17,181.0,638.0,4.2,0.8322268326417706
2026-02-12T11:57:02,02/12/202611:57,144.9,1.0,144.9,54.7,2.1,114.87,114.0,0.3,6.0,198.7,23199.0,43879.0,22.9,15.8,51.0,30.03,13.17,181.0,638.0,4.2,0.7927536231884058
2026-02-12T11:58:20,02/12/202611:58,145.9,0.9,131.31,54.7,1.8,98.46000000000001,98.0,0.3,6.0,198.7,23199.0,43879.0,23.0,15.8,51.0,30.03,13.17,181.0,638.0,4.2,0.7498286497601098
2026-02-12T11:59:02,02/12/202611:59,144.7,1.1,159.17,54.7,2.4,131.28,131.0,0.3,6.0,198.7,23199.0,43879.0,22.9,15.8,51.0,30.03,13.17,181.0,638.0,4.2,0.8247785386693474
2026-02-12T12:00:03,02/12/202600:00,146.0,1.0,146.0,54.7,2.2,120.34000000000002,120.0,0.3,6.0,198.7,23199.0,43879.0,22.9,15.8,51.0,30.03,13.17,181.0,638.0,4.2,0.8242465753424659
2026-02-12T12:01:33,02/12/202600:01,146.7,0.9,132.03,54.7,2.0,109.4,109.0,0.3,6.0,198.7,23199.0,43879.0,22.9,16.1,50.0,30.0,12.74,182.0,646.0,4.3,0.8285995607059002
2026-02-12T12:02:33,02/12/202600:02,146.9,0.9,132.21,54.7,1.8,98.46000000000001,98.0,0.3,6.0,198.7,23199.0,43879.0,23.0,16.1,50.0,30.0,12.74,182.0,646.0,4.3,0.7447243022464262
2026-02-12T12:03:32,02/12/202600:03,146.7,1.0,146.7,54.7,2.2,120.34000000000002,120.0,0.3,6.0,198.7,23199.0,43879.0,22.9,16.1,50.0,30.0,12.74,182.0,646.0,4.3,0.8203135650988413
2026-02-12T12:04:33,02/12/202600:04,146.9,1.0,146.9,54.7,2.2,120.34000000000002,120.0,0.3,6.0,198.7,23199.0,43879.0,22.9,16.1,50.0,30.0,12.74,182.0,646.0,4.3,0.8191967324710688
2026-02-12T12:06:32,02/12/202600:06,147.0,1.0,147.0,54.7,2.1,114.87,115.0,0.3,6.0,198.7,23199.0,43879.0,22.9,16.1,50.0,30.0,12.74,182.0,646.0,4.3,0.7814285714285715
2026-02-12T12:07:33,02/12/202600:07,147.5,0.9,132.75,54.7,1.8,98.46000000000001,98.0,0.3,6.0,198.7,23199.0,43879.0,22.9,16.1,50.0,30.0,12.74,182.0,646.0,4.3,0.7416949152542374
2026-02-12T12:09:29,02/12/202600:09,147.6,1.0,147.6,54.7,2.2,120.34000000000002,120.0,0.3,6.0,198.7,23199.0,43879.0,22.9,16.1,50.0,30.0,12.74,182.0,646.0,4.3,0.8153116531165313
2026-02-12T12:09:33,02/12/202600:09,147.8,0.9,133.02,54.7,1.9,103.93,103.0,0.3,6.0,198.7,23199.0,43879.0,22.9,16.1,50.0,30.0,12.74,182.0,646.0,4.3,0.781311081040445
2026-02-12T12:10:33,02/12/202600:10,147.2,1.0,147.2,54.7,2.4,131.28,131.0,0.3,6.0,198.7,23199.0,43879.0,22.9,16.1,50.0,30.0,12.74,182.0,646.0,4.3,0.8918478260869566
2026-02-12T12:11:32,02/12/202600:11,147.7,1.0,147.7,54.6,2.1,114.66000000000001,115.0,0.3,6.0,198.7,23199.0,43879.0,22.9,16.1,50.0,30.0,12.74,182.0,646.0,4.3,0.7763033175355452
2026-02-12T12:12:33,02/12/202600:12,147.5,1.0,147.5,54.7,2.0,109.4,109.0,0.3,6.0,198.7,23199.0,43879.0,22.9,16.1,50.0,30.0,12.74,182.0,646.0,4.3,0.7416949152542374
2026-02-12T12:13:33,02/12/202600:13,147.5,0.8,118.0,54.6,1.7,92.82,98.0,0.3,6.0,198.7,23199.0,43879.0,22.9,16.1,50.0,30.0,12.74,182.0,646.0,4.3,0.7866101694915254
2026-02-12T12:14:33,02/12/202600:14,147.3,0.9,132.57000000000002,54.7,2.1,114.87,109.0,0.3,6.0,198.7,23199.0,43879.0,23.0,16.1,50.0,30.0,12.74,182.0,646.0,4.3,0.8664856302330843
2026-02-12T12:16:33,02/12/202600:16,147.1,1.0,147.1,54.8,1.9,104.11999999999999,103.0,0.3,6.0,198.7,23199.0,43879.0,22.9,16.6,49.0,30.0,12.55,183.0,665.0,4.4,0.7078178110129163
2026-02-12T12:17:33,02/12/202600:17,146.7,1.0,146.7,54.6,2.0,109.2,109.0,0.3,6.0,198.7,23199.0,43879.0,22.9,16.6,49.0,30.0,12.55,183.0,665.0,4.4,0.7443762781186095
2026-02-12T12:18:32,02/12/202600:18,146.8,0.9,132.12,54.7,2.0,109.4,109.0,0.3,6.0,198.7,23199.0,43879.0,22.9,16.6,49.0,30.0,12.55,183.0,665.0,4.4,0.8280351195882532
2026-02-12T12:20:38,02/12/202600:20,146.7,1.0,146.7,54.7,2.1,114.87,114.0,0.3,6.0,198.7,23199.0,43879.0,22.9,16.6,49.0,30.0,12.55,183.0,665.0,4.4,0.7830265848670758
2026-02-12T12:20:50,02/12/202600:20,146.8,0.9,132.12,54.7,1.8,98.46000000000001,98.0,0.3,6.0,198.7,23199.0,43879.0,22.9,16.6,49.0,30.0,12.55,183.0,665.0,4.4,0.7452316076294279
2026-02-12T12:21:50,02/12/202600:21,147.1,0.9,132.39,54.7,1.7,92.99000000000001,92.0,0.3,6.0,198.7,23199.0,43879.0,23.0,16.6,49.0,30.0,12.55,183.0,665.0,4.4,0.7023944406677243
2026-02-12T12:22:49,02/12/202600:22,147.2,0.9,132.48,54.7,1.9,103.93,103.0,0.3,6.0,198.7,23199.0,43879.0,22.9,16.6,49.0,30.0,12.55,183.0,665.0,4.4,0.78449577294686
2026-02-12T12:23:50,02/12/202600:23,147.3,0.8,117.84000000000002,54.6,1.8,98.28,98.0,0.3,7.0,198.7,23199.0,43879.0,23.0,16.6,49.0,30.0,12.55,183.0,665.0,4.4,0.8340122199592667
2026-02-12T12:24:50,02/12/202600:24,144.5,0.9,130.05,54.7,2.0,109.4,109.0,0.3,7.0,198.7,23199.0,43879.0,23.0,16.6,49.0,30.0,12.55,183.0,665.0,4.4,0.8412149173394848
2026-02-12T12:25:21,02/12/202600:25,145.2,0.9,130.68,54.7,1.7,92.99000000000001,92.0,0.3,7.0,198.7,23199.0,43879.0,23.0,16.6,49.0,30.0,12.55,183.0,665.0,4.4,0.7115855524946434
2026-02-12T12:26:21,02/12/202600:26,147.2,0.9,132.48,54.7,1.7,92.99000000000001,92.0,0.3,7.0,198.7,23199.0,43879.0,23.0,16.6,49.0,30.0,12.55,183.0,665.0,4.4,0.7019172705314011
2026-02-12T12:27:21,02/12/202600:27,146.7,0.9,132.03,54.7,1.9,103.93,103.0,0.3,7.0,198.7,23199.0,43879.0,23.0,16.6,49.0,30.0,12.55,183.0,665.0,4.4,0.7871695826706052
2026-02-12T12:28:22,02/12/202600:28,145.8,0.9,131.22000000000003,54.7,2.1,114.87,114.0,0.3,7.0,198.7,23199.0,43879.0,23.0,17.1,49.0,30.0,12.55,183.0,666.0,4.4,0.8754000914494741
2026-02-12T12:29:21,02/12/202600:29,146.6,0.8,117.28,54.7,1.7,92.99000000000001,92.0,0.3,7.0,198.7,23199.0,43879.0,23.0,17.1,49.0,30.0,12.55,185.0,666.0,4.4,0.7928888130968623
2026-02-12T12:29:36,02/12/202600:29,144.8,1.0,144.8,54.7,2.2,120.34000000000002,120.0,0.3,7.0,198.7,23199.0,43879.0,23.0,17.1,49.0,30.0,12.55,185.0,666.0,4.4,0.8310773480662984
2026-02-12T12:32:07,02/12/202600:32,145.4,0.9,130.86,54.7,1.9,103.93,103.0,0.3,7.0,198.7,23199.0,43879.0,23.0,17.5,44.0,30.0,12.12,185.0,674.0,4.5,0.7942075500534923
2026-02-12T12:33:08,02/12/202600:33,145.9,0.9,131.31,54.7,1.9,103.93,98.0,0.3,7.0,198.7,23199.0,43879.0,22.9,17.5,44.0,30.0,12.12,185.0,674.0,4.5,0.7914857969690047
2026-02-12T12:34:07,02/12/202600:34,145.7,0.9,131.13,54.7,2.1,114.87,114.0,0.3,7.0,198.7,23199.0,43879.0,22.9,17.5,44.0,30.0,12.12,185.0,674.0,4.5,0.8760009151223976
2026-02-12T12:35:08,02/12/202600:35,145.7,0.9,131.13,54.7,1.8,98.46000000000001,98.0,0.3,7.0,198.7,23199.0,43879.0,22.9,17.5,44.0,30.0,12.12,185.0,674.0,4.5,0.7508579272477695
2026-02-12T12:35:56,02/12/202600:35,145.3,1.0,145.3,54.7,1.9,103.93,103.0,0.3,7.0,198.7,23199.0,43879.0,23.0,17.5,44.0,30.0,12.12,185.0,674.0,4.5,0.7152787336545079
2026-02-12T12:36:56,02/12/202600:36,144.7,0.9,130.23,54.7,1.9,103.93,103.0,0.4,7.0,198.7,23199.0,43879.0,23.0,17.5,44.0,30.0,12.12,185.0,674.0,4.5,0.7980496045458036
2026-02-12T12:37:57,02/12/202600:37,144.9,0.8,115.92000000000002,54.7,1.8,98.46000000000001,98.0,0.4,7.0,198.7,23199.0,43879.0,23.0,17.5,44.0,30.0,12.12,185.0,674.0,4.5,0.8493788819875776
2026-02-12T12:39:13,02/12/202600:39,146.2,0.3,43.85999999999999,54.3,0.2,10.86,10.0,0.4,7.0,198.7,23199.0,43879.0,23.0,17.5,44.0,30.0,12.12,185.0,674.0,4.5,0.24760601915184682
2026-02-12T12:40:13,02/12/202600:40,145.6,0.6,87.36,54.3,1.0,54.3,54.0,0.4,7.0,198.7,23199.0,43879.0,23.0,17.5,44.0,30.0,12.12,185.0,674.0,4.5,0.6215659340659341
2026-02-12T12:41:12,02/12/202600:41,145.7,0.8,116.56,54.3,1.5,81.44999999999999,81.0,0.4,7.0,198.7,23199.0,43879.0,23.0,17.5,44.0,30.0,12.12,185.0,674.0,4.5,0.6987817433081673
2026-02-12T12:42:56,02/12/202600:42,145.4,0.8,116.32000000000001,54.3,1.6,86.88,86.0,0.4,7.0,198.7,23199.0,43879.0,23.0,17.5,44.0,30.0,12.12,185.0,674.0,4.5,0.7469050894085281
2026-02-12T12:43:12,02/12/202600:43,145.1,0.8,116.08,54.3,1.7,92.30999999999999,92.0,0.4,7.0,198.7,23199.0,43879.0,23.0,17.5,44.0,30.0,12.12,185.0,674.0,4.5,0.7952274293590627
2026-02-12T12:44:12,02/12/202600:44,145.0,0.7,101.5,54.3,1.4,76.02,76.0,0.4,7.0,198.7,23199.0,43879.0,23.0,17.5,44.0,30.0,12.12,185.0,674.0,4.5,0.7489655172413793
2026-02-12T12:45:13,02/12/202600:45,145.3,0.8,116.24000000000001,54.3,1.6,86.88,86.0,0.4,7.0,198.7,23199.0,43879.0,23.0,17.5,44.0,30.0,12.12,185.0,674.0,4.5,0.7474191328286304
2026-02-12T12:45:25,02/12/202600:45,145.3,0.9,130.77,54.3,1.6,86.88,87.0,0.4,7.0,198.7,23199.0,43879.0,23.0,17.5,44.0,30.0,12.12,185.0,674.0,4.5,0.6643725625143381
2026-02-12T12:46:24,02/12/202600:46,145.0,0.8,116.0,54.3,1.6,86.88,86.0,0.4,7.0,198.7,23199.0,43879.0,23.0,17.8,44.0,29.97,11.68,185.0,677.0,4.5,0.7489655172413793
2026-02-12T12:47:24,02/12/202600:47,145.1,0.8,116.08,54.3,1.7,92.30999999999999,92.0,0.4,7.0,198.7,23199.0,43879.0,23.0,17.8,44.0,29.97,11.68,185.0,677.0,4.5,0.7952274293590627
2026-02-12T12:48:24,02/12/202600:48,145.8,0.8,116.64000000000001,54.4,1.7,92.47999999999999,92.0,0.4,7.0,198.7,23199.0,43879.0,23.0,17.8,44.0,29.97,11.68,185.0,677.0,4.5,0.7928669410150889
2026-02-12T12:49:24,02/12/202600:49,145.7,0.8,116.56,54.4,1.5,81.6,81.0,0.4,7.0,198.7,23199.0,43879.0,23.0,17.8,44.0,29.97,11.68,185.0,677.0,4.5,0.7000686341798215
2026-02-12T12:50:25,02/12/202600:50,145.7,0.9,131.13,54.3,1.7,92.30999999999999,92.0,0.4,7.0,198.7,23199.0,43879.0,23.0,17.8,44.0,29.97,11.68,185.0,677.0,4.5,0.7039579043697094
2026-02-12T12:51:24,02/12/202600:51,145.8,0.8,116.64000000000001,54.3,1.6,86.88,86.0,0.4,7.0,198.7,23199.0,43879.0,23.0,17.8,44.0,29.97,11.68,185.0,677.0,4.5,0.7448559670781891
2026-02-12T12:52:24,02/12/202600:52,145.9,0.8,116.72000000000001,54.3,1.6,86.88,86.0,0.4,7.0,198.7,23199.0,43879.0,23.0,17.8,44.0,29.97,11.68,185.0,677.0,4.5,0.7443454420836187
2026-02-12T12:54:04,02/12/202600:54,145.9,0.8,116.72000000000001,54.3,1.6,86.88,86.0,0.4,7.0,198.7,23199.0,43879.0,23.0,17.8,44.0,29.97,11.68,185.0,677.0,4.5,0.7443454420836187
2026-02-12T12:54:24,02/12/202600:54,145.8,0.8,116.64000000000001,54.3,1.5,81.44999999999999,81.0,0.4,7.0,198.7,23199.0,43879.0,23.0,17.8,44.0,29.97,11.68,185.0,677.0,4.5,0.6983024691358023
2026-02-12T12:55:24,02/12/202600:55,145.7,0.8,116.56,54.3,1.5,81.44999999999999,81.0,0.4,7.0,198.7,23199.0,43879.0,23.0,17.8,44.0,29.97,11.68,185.0,677.0,4.5,0.6987817433081673
2026-02-12T12:56:25,02/12/202600:56,145.5,0.8,116.4,54.3,1.7,92.30999999999999,92.0,0.4,7.0,198.7,23199.0,43879.0,23.0,17.8,44.0,29.97,11.68,185.0,677.0,4.5,0.7930412371134019
2026-02-12T12:57:24,02/12/202600:57,145.6,0.7,101.91999999999999,54.3,1.4,76.02,76.0,0.4,7.0,198.7,23199.0,43879.0,23.0,17.8,44.0,29.97,11.68,185.0,677.0,4.5,0.7458791208791209
2026-02-12T12:58:25,02/12/202600:58,145.7,0.8,116.56,54.3,1.6,86.88,86.0,0.4,7.0,198.7,23199.0,43879.0,23.0,17.8,44.0,29.97,11.68,185.0,677.0,4.5,0.7453671928620452
2026-02-12T12:59:24,02/12/202600:59,145.5,0.8,116.4,54.3,1.5,81.44999999999999,81.0,0.4,8.0,198.7,23199.0,43879.0,23.0,17.8,44.0,29.97,11.68,185.0,677.0,4.5,0.699742268041237
2026-02-12T13:00:25,02/12/202601:00,145.5,0.7,101.85,54.3,1.4,76.02,76.0,0.4,8.0,198.7,23199.0,43879.0,23.0,17.8,44.0,29.97,11.68,185.0,677.0,4.5,0.7463917525773196
2026-02-12T13:01:24,02/12/202601:01,145.4,0.8,116.32000000000001,54.3,1.8,97.74,97.0,0.4,8.0,198.7,23199.0,43879.0,23.0,18.3,44.0,29.97,11.25,186.0,676.0,4.6,0.8402682255845941
2026-02-12T13:02:25,02/12/202601:02,145.5,0.6,87.3,54.3,1.2,65.16,65.0,0.4,8.0,198.7,23199.0,43879.0,23.0,18.3,44.0,29.97,11.25,186.0,676.0,4.6,0.7463917525773196
2026-02-12T13:03:25,02/12/202601:03,145.2,0.8,116.16,54.3,1.6,86.88,86.0,0.4,8.0,198.7,23199.0,43879.0,23.0,18.3,44.0,29.97,11.25,186.0,676.0,4.6,0.7479338842975206
2026-02-12T13:05:14,02/12/202601:05,145.6,0.8,116.48,54.3,1.3,70.59,70.0,0.4,8.0,198.7,23199.0,43879.0,23.0,18.3,44.0,29.97,11.25,186.0,676.0,4.6,0.6060267857142857
2026-02-12T13:05:24,02/12/202601:05,145.6,0.7,101.91999999999999,54.3,1.5,81.44999999999999,81.0,0.4,8.0,198.7,23199.0,43879.0,23.0,18.3,44.0,29.97,11.25,186.0,676.0,4.6,0.7991562009419152
2026-02-12T13:06:25,02/12/202601:06,145.6,0.8,116.48,54.3,1.6,86.88,87.0,0.4,8.0,198.7,23199.0,43879.0,23.0,18.3,44.0,29.97,11.25,186.0,676.0,4.6,0.7458791208791208
2026-02-12T13:07:24,02/12/202601:07,145.6,0.7,101.91999999999999,54.3,1.5,81.44999999999999,81.0,0.4,8.0,198.7,23199.0,43879.0,23.0,18.3,44.0,29.97,11.25,186.0,676.0,4.6,0.7991562009419152
2026-02-12T13:08:24,02/12/202601:08,145.6,0.7,101.91999999999999,54.3,1.2,65.16,65.0,0.4,8.0,198.7,23199.0,43879.0,23.0,18.3,44.0,29.97,11.25,186.0,676.0,4.6,0.6393249607535322
2026-02-12T13:09:25,02/12/202601:09,145.3,0.8,116.24000000000001,54.2,1.5,81.30000000000001,81.0,0.4,8.0,198.7,23199.0,43879.0,23.0,18.3,44.0,29.97,11.25,186.0,676.0,4.6,0.6994150034411563
2026-02-12T13:10:25,02/12/202601:10,145.4,0.7,101.78,54.3,1.3,70.59,70.0,0.4,8.0,198.7,23199.0,43879.0,23.0,18.3,44.0,29.97,11.25,186.0,676.0,4.6,0.6935547258793476
2026-02-12T13:11:25,02/12/202601:11,145.0,0.7,101.5,54.3,1.4,76.02,76.0,0.4,8.0,198.7,23199.0,43879.0,23.0,18.3,44.0,29.97,11.25,186.0,676.0,4.6,0.7489655172413793
2026-02-12T13:12:25,02/12/202601:12,145.1,0.8,116.08,54.3,1.5,81.44999999999999,81.0,0.4,8.0,198.7,23199.0,43879.0,23.0,18.3,44.0,29.97,11.25,186.0,676.0,4.6,0.7016712611991729
2026-02-12T13:13:25,02/12/202601:13,144.9,0.7,101.42999999999999,54.4,1.3,70.72,70.0,0.4,8.0,198.7,23199.0,43879.0,23.0,18.3,44.0,29.97,11.25,186.0,676.0,4.6,0.697229616484275
2026-02-12T13:14:24,02/12/202601:14,144.7,0.8,115.75999999999999,54.3,1.5,81.44999999999999,81.0,0.4,8.0,198.7,23199.0,43879.0,23.0,18.3,44.0,29.97,11.25,186.0,676.0,4.6,0.7036109191430545
2026-02-12T13:16:24,02/12/202601:16,144.6,0.8,115.68,54.3,1.6,86.88,86.0,0.4,8.0,198.7,23199.0,43879.0,23.0,18.7,43.0,29.94,10.63,188.0,673.0,4.6,0.7510373443983401
2026-02-12T13:16:25,02/12/202601:16,144.4,0.6,86.64,54.3,1.3,70.59,70.0,0.4,8.0,198.7,23199.0,43879.0,23.0,18.7,43.0,29.94,10.63,188.0,673.0,4.6,0.8147506925207757
2026-02-12T13:17:25,02/12/202601:17,144.0,0.7,100.8,54.3,1.2,65.16,65.0,0.4,8.0,198.7,23199.0,43879.0,23.0,18.7,43.0,29.94,10.63,188.0,673.0,4.6,0.6464285714285715
2026-02-12T13:18:25,02/12/202601:18,144.1,0.7,100.86999999999999,54.3,1.2,65.16,65.0,0.4,8.0,198.7,23199.0,43879.0,23.0,18.7,43.0,29.94,10.63,188.0,673.0,4.6,0.645979974224249
2026-02-12T13:19:25,02/12/202601:19,144.3,0.7,101.01,54.3,1.4,76.02,76.0,0.4,8.0,198.7,23199.0,43879.0,23.0,19.0,43.0,29.94,11.56,195.0,674.0,4.6,0.7525987525987525
2026-02-12T13:20:24,02/12/202601:20,144.2,0.7,100.93999999999998,54.3,1.4,76.02,76.0,0.4,8.0,198.7,23199.0,43879.0,23.0,19.0,43.0,29.94,11.56,195.0,674.0,4.6,0.7531206657420251
2026-02-12T13:21:26,02/12/202601:21,144.0,0.7,100.8,54.4,1.5,81.6,81.0,0.4,8.0,198.7,23199.0,43879.0,23.0,19.0,43.0,29.94,11.56,195.0,674.0,4.6,0.8095238095238095
2026-02-12T13:22:27,02/12/202601:22,144.2,0.7,100.93999999999998,54.3,1.3,70.59,70.0,0.4,8.0,198.7,23199.0,43879.0,23.0,19.0,43.0,29.94,11.56,195.0,674.0,4.6,0.6993263324747376
2026-02-12T13:23:26,02/12/202601:23,144.1,0.8,115.28,54.3,1.5,81.44999999999999,81.0,0.4,8.0,198.7,23199.0,43879.0,23.0,19.0,43.0,29.94,11.56,195.0,674.0,4.6,0.7065405968077723
2026-02-12T13:24:26,02/12/202601:24,143.9,0.8,115.12,54.3,1.6,86.88,86.0,0.4,8.0,198.7,23199.0,43879.0,23.0,19.0,43.0,29.94,11.56,195.0,674.0,4.6,0.7546907574704655
2026-02-12T13:25:27,02/12/202601:25,143.9,0.7,100.73,54.3,1.6,86.88,86.0,0.4,8.0,198.7,23199.0,43879.0,23.0,19.0,43.0,29.94,11.56,195.0,674.0,4.6,0.8625037228233892
2026-02-12T13:27:33,02/12/202601:27,144.1,0.8,115.28,54.2,1.6,86.72000000000001,86.0,0.4,8.0,198.7,23199.0,43879.0,23.0,19.0,43.0,29.94,11.56,195.0,674.0,4.6,0.7522553782095768
2026-02-12T13:28:27,02/12/202601:28,144.3,0.6,86.58,54.3,1.1,59.730000000000004,59.0,0.4,8.0,198.7,23199.0,43879.0,23.0,19.0,43.0,29.94,11.56,195.0,674.0,4.6,0.68988218988219
2026-02-12T13:29:26,02/12/202601:29,144.4,0.8,115.52000000000001,54.3,1.5,81.44999999999999,81.0,0.4,8.0,198.7,23199.0,43879.0,23.0,19.0,43.0,29.94,11.56,195.0,674.0,4.6,0.7050727146814403
2026-02-12T13:30:09,02/12/202601:30,144.3,0.7,101.01,54.3,1.5,81.44999999999999,81.0,0.4,8.0,198.7,23199.0,43879.0,23.0,19.0,43.0,29.94,11.56,195.0,674.0,4.6,0.8063558063558062
2026-02-12T13:31:09,02/12/202601:31,144.3,0.7,101.01,54.3,1.3,70.59,70.0,0.4,8.0,198.7,23199.0,43879.0,23.0,19.2,41.0,29.94,11.25,201.0,666.0,4.6,0.6988416988416989
2026-02-12T13:32:09,02/12/202601:32,144.3,0.7,101.01,54.3,1.0,54.3,59.0,0.4,8.0,198.7,23199.0,43879.0,23.0,19.2,41.0,29.94,11.25,201.0,666.0,4.6,0.5375705375705375
2026-02-12T13:33:09,02/12/202601:33,144.0,0.7,100.8,54.3,1.3,70.59,70.0,0.4,8.0,198.7,23199.0,43879.0,23.0,19.2,41.0,29.94,11.25,201.0,666.0,4.6,0.7002976190476191
2026-02-12T13:34:09,02/12/202601:34,144.2,0.7,100.93999999999998,54.3,1.3,70.59,70.0,0.4,8.0,198.7,23199.0,43879.0,23.0,19.2,41.0,29.94,11.25,201.0,666.0,4.6,0.6993263324747376
2026-02-12T13:35:09,02/12/202601:35,144.2,0.7,100.93999999999998,54.3,1.5,81.44999999999999,81.0,0.4,8.0,198.7,23199.0,43879.0,23.0,19.2,41.0,29.94,11.25,201.0,666.0,4.6,0.8069149990093125
2026-02-12T13:36:09,02/12/202601:36,144.2,0.6,86.52,54.4,1.1,59.84,59.0,0.4,8.0,198.7,23199.0,43879.0,23.0,19.2,41.0,29.94,11.25,201.0,666.0,4.6,0.6916319926028665
2026-02-12T13:37:09,02/12/202601:37,143.9,0.8,115.12,54.3,1.4,76.02,76.0,0.4,8.0,198.7,23199.0,43879.0,23.0,19.2,41.0,29.94,11.25,201.0,666.0,4.6,0.6603544127866573
2026-02-12T13:38:43,02/12/202601:38,143.8,0.7,100.66,54.3,1.2,65.16,65.0,0.4,8.0,198.7,23199.0,43879.0,23.0,19.2,41.0,29.94,11.25,201.0,666.0,4.6,0.6473276375918935
2026-02-12T13:39:09,02/12/202601:39,143.8,0.6,86.28,54.3,1.3,70.59,70.0,0.4,8.0,198.7,23199.0,43879.0,23.0,19.2,41.0,29.94,11.25,201.0,666.0,4.6,0.8181502086230876
2026-02-12T13:41:09,02/12/202601:41,143.7,0.8,114.96,54.3,1.4,76.02,76.0,0.4,8.0,198.7,23199.0,43879.0,23.0,19.2,41.0,29.94,11.25,201.0,666.0,4.6,0.6612734864300627
2026-02-12T13:42:09,02/12/202601:42,143.5,0.8,114.80000000000001,54.3,1.2,65.16,65.0,0.4,9.0,198.7,23199.0,43879.0,23.0,19.2,41.0,29.94,11.25,201.0,666.0,4.6,0.5675958188153309
2026-02-12T13:43:09,02/12/202601:43,143.5,0.7,100.44999999999999,54.3,1.3,70.59,70.0,0.4,9.0,198.7,23199.0,43879.0,23.0,19.2,41.0,29.94,11.25,201.0,666.0,4.6,0.702737680438029
2026-02-12T13:44:09,02/12/202601:44,143.7,0.8,114.96,54.3,1.7,92.30999999999999,92.0,0.4,9.0,198.7,23199.0,43879.0,23.0,19.2,41.0,29.94,11.25,201.0,666.0,4.6,0.8029749478079331
2026-02-12T13:45:09,02/12/202601:45,143.8,0.7,100.66,54.3,1.5,81.44999999999999,81.0,0.4,9.0,198.7,23199.0,43879.0,23.0,19.2,41.0,29.94,11.25,201.0,666.0,4.6,0.8091595469898668
2026-02-12T13:46:09,02/12/202601:46,144.0,0.8,115.2,54.3,1.5,81.44999999999999,81.0,0.4,9.0,198.7,23199.0,43879.0,23.0,19.5,40.0,29.94,10.56,201.0,653.0,4.5,0.7070312499999999
2026-02-12T13:48:09,02/12/202601:48,144.1,0.7,100.86999999999999,54.3,1.3,70.59,70.0,0.4,9.0,198.7,23199.0,43879.0,23.0,19.5,40.0,29.94,10.56,201.0,653.0,4.5,0.6998116387429365
2026-02-12T13:49:52,02/12/202601:49,144.0,0.7,100.8,54.3,1.4,76.02,76.0,0.4,9.0,198.7,23199.0,43879.0,23.0,19.5,40.0,29.94,10.56,201.0,653.0,4.5,0.7541666666666667
2026-02-12T13:50:10,02/12/202601:50,144.0,0.8,115.2,54.3,1.5,81.44999999999999,81.0,0.4,9.0,198.7,23199.0,43879.0,23.0,19.5,40.0,29.94,10.56,201.0,653.0,4.5,0.7070312499999999
2026-02-12T13:51:09,02/12/202601:51,144.0,0.7,100.8,54.2,1.1,59.620000000000005,59.0,0.4,9.0,198.7,23199.0,43879.0,23.0,19.5,40.0,29.94,10.56,201.0,653.0,4.5,0.591468253968254
2026-02-12T13:52:09,02/12/202601:52,144.2,0.7,100.93999999999998,54.3,1.4,76.02,76.0,0.4,9.0,198.7,23199.0,43879.0,23.0,19.5,40.0,29.94,10.56,201.0,653.0,4.5,0.7531206657420251
2026-02-12T13:53:10,02/12/202601:53,144.5,0.7,101.14999999999999,54.3,1.3,70.59,70.0,0.4,9.0,198.7,23199.0,43879.0,23.0,19.5,40.0,29.94,10.56,201.0,653.0,4.5,0.6978744438952053
2026-02-12T13:53:16,02/12/202601:53,144.4,0.7,101.08,54.3,1.5,81.44999999999999,81.0,0.4,9.0,198.7,23199.0,43879.0,23.0,19.5,40.0,29.94,10.56,201.0,653.0,4.5,0.8057973882073604
2026-02-12T13:54:15,02/12/202601:54,144.7,0.7,101.28999999999999,54.3,1.5,81.44999999999999,81.0,0.5,9.0,198.7,23199.0,43879.0,23.0,19.5,38.0,29.94,10.56,201.0,653.0,4.5,0.8041267647349195
2026-02-12T13:55:15,02/12/202601:55,145.1,0.6,87.05999999999999,54.3,0.9,48.87,48.0,0.5,9.0,198.7,23199.0,43879.0,23.0,19.5,38.0,29.94,10.56,201.0,653.0,4.5,0.5613370089593385
2026-02-12T13:56:16,02/12/202601:56,145.0,0.8,116.0,54.3,1.4,76.02,76.0,0.5,9.0,198.7,23199.0,43879.0,23.0,19.5,38.0,29.94,10.56,201.0,653.0,4.5,0.6553448275862068
2026-02-12T13:56:56,02/12/202601:56,145.0,0.7,101.5,54.3,1.4,76.02,76.0,0.5,9.0,198.7,23199.0,43879.0,23.0,19.5,38.0,29.94,10.56,201.0,653.0,4.5,0.7489655172413793
2026-02-12T13:57:55,02/12/202601:57,144.9,0.7,101.42999999999999,54.4,1.3,70.72,70.0,0.5,9.0,198.7,23199.0,43879.0,23.0,19.5,38.0,29.94,10.56,201.0,653.0,4.5,0.697229616484275
2026-02-12T13:58:56,02/12/202601:58,144.7,0.7,101.28999999999999,54.3,1.5,81.44999999999999,81.0,0.5,9.0,198.7,23199.0,43879.0,23.0,19.5,38.0,29.94,10.56,201.0,653.0,4.5,0.8041267647349195
2026-02-12T14:01:01,02/12/202602:01,144.3,0.8,115.44000000000001,54.3,1.5,81.44999999999999,81.0,0.5,9.0,198.7,23199.0,43879.0,23.0,19.5,38.0,29.94,10.56,201.0,653.0,4.5,0.7055613305613304
2026-02-12T14:01:56,02/12/202602:01,144.3,0.8,115.44000000000001,54.3,1.6,86.88,86.0,0.5,9.0,198.7,23199.0,43879.0,23.0,19.7,38.0,29.94,10.44,203.0,637.0,4.5,0.7525987525987525
2026-02-12T14:02:56,02/12/202602:02,144.4,0.6,86.64,54.3,1.3,70.59,70.0,0.5,9.0,198.7,23199.0,43879.0,23.0,19.7,38.0,29.94,10.44,203.0,637.0,4.5,0.8147506925207757
2026-02-12T14:03:57,02/12/202602:03,144.1,0.7,100.86999999999999,54.3,1.4,76.02,76.0,0.5,9.0,198.7,23199.0,43879.0,23.0,19.7,38.0,29.94,10.44,203.0,637.0,4.5,0.7536433032616239
2026-02-12T14:04:56,02/12/202602:04,143.9,0.8,115.12,54.4,1.4,76.16,76.0,0.5,9.0,198.7,23199.0,43879.0,23.0,19.7,38.0,29.94,10.44,203.0,637.0,4.5,0.6615705350938151
2026-02-12T14:05:56,02/12/202602:05,143.6,0.7,100.52,54.2,1.2,65.04,65.0,0.5,9.0,198.7,23199.0,43879.0,23.0,19.7,38.0,29.94,10.44,203.0,637.0,4.5,0.6470354158376443
2026-02-12T14:06:56,02/12/202602:06,143.8,0.7,100.66,54.3,1.4,76.02,76.0,0.5,9.0,198.7,23199.0,43879.0,23.0,19.7,38.0,29.94,10.44,203.0,637.0,4.5,0.7552155771905424
2026-02-12T14:07:57,02/12/202602:07,143.9,0.6,86.34,54.3,1.2,65.16,65.0,0.5,9.0,198.7,23199.0,43879.0,23.0,19.7,38.0,29.94,10.44,203.0,637.0,4.5,0.7546907574704655
2026-02-12T14:08:56,02/12/202602:08,143.5,0.7,100.44999999999999,54.3,1.3,70.59,70.0,0.5,9.0,198.7,23199.0,43879.0,23.0,19.7,38.0,29.94,10.44,203.0,637.0,4.5,0.702737680438029
2026-02-12T14:09:56,02/12/202602:09,143.7,0.7,100.58999999999999,54.3,1.1,59.730000000000004,59.0,0.5,9.0,198.7,23199.0,43879.0,23.0,19.7,38.0,29.94,10.44,203.0,637.0,4.5,0.5937966000596482
2026-02-12T14:12:11,02/12/202602:12,143.6,0.5,71.8,54.2,0.9,48.78,48.0,0.5,9.0,198.7,23199.0,43879.0,23.0,19.7,38.0,29.94,10.44,203.0,637.0,4.5,0.6793871866295265
2026-02-12T14:12:56,02/12/202602:12,143.4,0.6,86.04,54.3,1.2,65.16,65.0,0.5,9.0,198.7,23199.0,43879.0,23.0,19.7,38.0,29.94,10.44,203.0,637.0,4.5,0.7573221757322175
2026-02-12T14:13:56,02/12/202602:13,143.3,0.7,100.31,54.3,1.1,59.730000000000004,59.0,0.5,9.0,198.7,23199.0,43879.0,23.0,19.7,38.0,29.94,10.44,203.0,637.0,4.5,0.5954540923138272
2026-02-12T14:15:56,02/12/202602:15,143.2,0.6,85.91999999999999,54.3,1.2,65.16,65.0,0.5,9.0,198.7,23199.0,43879.0,23.0,20.0,38.0,29.94,9.88,208.0,617.0,4.3,0.7583798882681565
2026-02-12T14:16:56,02/12/202602:16,142.9,0.7,100.03,54.3,1.4,76.02,76.0,0.5,9.0,198.7,23199.0,43879.0,23.0,20.0,38.0,29.94,9.88,208.0,617.0,4.3,0.7599720083974807
2026-02-12T14:16:59,02/12/202602:16,142.9,0.7,100.03,54.2,1.6,86.72000000000001,87.0,0.5,9.0,198.7,23199.0,43879.0,23.0,20.0,38.0,29.94,9.88,208.0,617.0,4.3,0.8669399180245927
2026-02-12T14:18:00,02/12/202602:17,142.8,0.7,99.96000000000001,54.3,1.4,76.02,76.0,0.5,9.0,198.7,23199.0,43879.0,23.0,20.0,38.0,29.94,9.88,208.0,617.0,4.3,0.7605042016806721
2026-02-12T14:18:59,02/12/202602:18,142.9,0.8,114.32000000000001,54.4,1.5,81.6,81.0,0.5,9.0,198.7,23199.0,43879.0,23.0,20.0,38.0,29.94,9.88,208.0,617.0,4.3,0.7137858642407277
2026-02-12T14:19:59,02/12/202602:19,143.0,0.7,100.1,54.3,1.4,76.02,65.0,0.5,9.0,198.7,23199.0,43879.0,23.0,20.0,38.0,29.94,9.88,208.0,617.0,4.3,0.7594405594405594
2026-02-12T14:20:59,02/12/202602:20,143.1,0.7,100.16999999999999,54.3,1.3,70.59,70.0,0.5,9.0,198.7,23199.0,43879.0,23.0,20.0,38.0,29.94,9.88,208.0,617.0,4.3,0.7047020065887991
2026-02-12T14:21:59,02/12/202602:21,143.3,0.7,100.31,54.4,1.3,70.72,70.0,0.5,9.0,198.7,23199.0,43879.0,23.0,20.0,38.0,29.94,9.88,208.0,617.0,4.3,0.7050144551889144
2026-02-12T14:23:38,02/12/202602:23,143.3,0.6,85.98,54.3,0.9,48.87,48.0,0.5,9.0,198.7,23199.0,43879.0,23.0,20.0,38.0,29.94,9.88,208.0,617.0,4.3,0.5683879972086531
2026-02-12T14:24:39,02/12/202602:24,143.1,0.7,100.16999999999999,54.3,1.1,59.730000000000004,59.0,0.5,9.0,198.7,23199.0,43879.0,23.0,20.0,38.0,29.94,9.88,208.0,617.0,4.3,0.5962863132674454
2026-02-12T14:25:38,02/12/202602:25,143.4,0.6,86.04,54.3,1.1,59.730000000000004,59.0,0.5,9.0,198.7,23199.0,43879.0,23.0,20.0,38.0,29.94,9.88,208.0,617.0,4.3,0.6942119944211994
2026-02-12T14:26:38,02/12/202602:26,143.2,0.7,100.23999999999998,54.3,1.4,76.02,76.0,0.5,9.0,198.7,23199.0,43879.0,23.0,20.0,38.0,29.94,9.88,208.0,617.0,4.3,0.7583798882681565
2026-02-12T14:27:38,02/12/202602:27,143.3,0.7,100.31,54.3,1.4,76.02,76.0,0.5,9.0,198.7,23199.0,43879.0,23.0,20.0,38.0,29.94,9.88,208.0,617.0,4.3,0.7578506629448708
2026-02-12T14:28:38,02/12/202602:28,143.5,0.7,100.44999999999999,54.3,1.3,70.59,70.0,0.5,10.0,198.7,23199.0,43879.0,23.0,20.0,38.0,29.94,9.88,208.0,617.0,4.3,0.702737680438029
2026-02-12T14:29:38,02/12/202602:29,143.5,0.7,100.44999999999999,54.3,1.1,59.730000000000004,59.0,0.5,10.0,198.7,23199.0,43879.0,23.0,20.0,38.0,29.94,9.88,208.0,617.0,4.3,0.5946241911398706
2026-02-12T14:30:38,02/12/202602:30,143.6,0.7,100.52,54.3,1.4,76.02,76.0,0.5,10.0,198.7,23199.0,43879.0,23.0,20.1,38.0,29.91,9.82,207.0,590.0,4.0,0.7562674094707521
2026-02-12T14:31:38,02/12/202602:31,143.6,0.6,86.16,54.3,1.2,65.16,65.0,0.5,10.0,198.7,23199.0,43879.0,23.0,20.4,38.0,29.91,10.01,204.0,587.0,4.0,0.7562674094707521
2026-02-12T14:32:39,02/12/202602:32,143.2,0.7,100.23999999999998,54.3,1.3,70.59,70.0,0.5,10.0,198.7,23199.0,43879.0,23.0,20.4,38.0,29.91,10.01,204.0,587.0,4.0,0.7042098962490025
2026-02-12T14:34:29,02/12/202602:34,143.0,0.7,100.1,54.3,1.3,70.59,70.0,0.5,10.0,198.7,23199.0,43879.0,23.0,20.4,38.0,29.91,10.01,204.0,587.0,4.0,0.7051948051948053
2026-02-12T14:34:39,02/12/202602:34,143.2,0.7,100.23999999999998,54.3,1.2,65.16,65.0,0.5,10.0,198.7,23199.0,43879.0,23.0,20.4,38.0,29.94,10.01,204.0,587.0,4.0,0.6500399042298485
2026-02-12T14:35:39,02/12/202602:35,143.4,0.6,86.04,54.3,1.2,65.16,65.0,0.5,10.0,198.7,23199.0,43879.0,23.0,20.4,38.0,29.94,10.01,204.0,587.0,4.0,0.7573221757322175
2026-02-12T14:36:39,02/12/202602:36,143.3,0.6,85.98,54.3,1.3,70.59,70.0,0.5,10.0,198.7,23199.0,43879.0,23.0,20.4,38.0,29.94,10.01,204.0,587.0,4.0,0.8210048848569435
2026-02-12T14:37:38,02/12/202602:37,143.2,0.7,100.23999999999998,54.4,1.2,65.28,65.0,0.5,10.0,198.7,23199.0,43879.0,23.0,20.4,38.0,29.94,10.01,204.0,587.0,4.0,0.6512370311252994
2026-02-12T14:38:39,02/12/202602:38,143.2,0.7,100.23999999999998,54.3,1.1,59.730000000000004,59.0,0.5,10.0,198.7,23199.0,43879.0,23.0,20.4,38.0,29.94,10.01,204.0,587.0,4.0,0.5958699122106945
2026-02-12T14:39:39,02/12/202602:39,143.1,0.6,85.86,54.3,1.0,54.3,54.0,0.5,10.0,198.7,23199.0,43879.0,23.0,20.4,38.0,29.94,10.01,204.0,587.0,4.0,0.6324248777078966
2026-02-12T14:40:38,02/12/202602:40,143.0,0.6,85.8,54.3,1.2,65.16,65.0,0.5,10.0,198.7,23199.0,43879.0,23.0,20.4,38.0,29.94,10.01,204.0,587.0,4.0,0.7594405594405594
2026-02-12T14:41:39,02/12/202602:41,142.7,0.6,85.61999999999999,54.3,1.3,70.59,70.0,0.5,10.0,198.7,23199.0,43879.0,23.0,20.4,38.0,29.94,10.01,204.0,587.0,4.0,0.8244569025928523
2026-02-12T14:43:38,02/12/202602:43,142.4,0.7,99.67999999999999,54.3,1.1,59.730000000000004,59.0,0.5,10.0,198.7,23199.0,43879.0,23.0,20.4,38.0,29.94,10.01,204.0,587.0,4.0,0.599217495987159
2026-02-12T14:45:38,02/12/202602:45,142.2,0.7,99.53999999999999,54.3,1.4,76.02,76.0,0.5,10.0,198.7,23199.0,43879.0,23.0,20.4,38.0,29.94,10.01,204.0,587.0,4.0,0.7637130801687764
2026-02-12T14:46:38,02/12/202602:46,141.8,0.6,85.08,54.3,1.3,70.59,70.0,0.5,10.0,198.7,23199.0,43879.0,23.1,20.5,38.0,29.91,9.63,198.0,546.0,3.8,0.8296897038081806
2026-02-12T14:47:38,02/12/202602:47,142.5,0.7,99.75,54.3,1.1,59.730000000000004,59.0,0.5,10.0,198.7,23199.0,43879.0,23.0,20.5,38.0,29.91,9.63,198.0,546.0,3.8,0.598796992481203
2026-02-12T14:48:38,02/12/202602:48,142.5,0.7,99.75,54.3,1.2,65.16,65.0,0.5,10.0,198.7,23199.0,43879.0,23.0,20.5,38.0,29.91,9.63,198.0,546.0,3.8,0.6532330827067668
2026-02-12T14:49:38,02/12/202602:49,142.4,0.6,85.44,54.3,1.1,59.730000000000004,59.0,0.5,10.0,198.7,23199.0,43879.0,23.0,20.5,38.0,29.91,9.63,198.0,546.0,3.8,0.6990870786516855
2026-02-12T14:50:38,02/12/202602:50,142.1,0.7,99.46999999999998,54.3,1.3,70.59,70.0,0.5,10.0,198.7,23199.0,43879.0,23.0,20.5,38.0,29.91,9.63,198.0,546.0,3.8,0.7096612043832312
2026-02-12T14:51:39,02/12/202602:51,142.0,0.6,85.2,54.3,1.2,65.16,65.0,0.5,10.0,198.7,23199.0,43879.0,23.0,20.5,38.0,29.91,9.63,198.0,546.0,3.8,0.7647887323943662
2026-02-12T14:52:38,02/12/202602:52,141.5,0.6,84.89999999999999,54.3,0.9,48.87,48.0,0.5,10.0,198.7,23199.0,43879.0,23.0,20.5,38.0,29.91,9.63,198.0,546.0,3.8,0.5756183745583039
2026-02-12T14:53:39,02/12/202602:53,141.7,0.7,99.18999999999998,54.3,1.1,59.730000000000004,59.0,0.5,10.0,198.7,23199.0,43879.0,23.0,20.5,38.0,29.91,9.63,198.0,546.0,3.8,0.6021776388748867
2026-02-12T14:54:39,02/12/202602:54,142.0,0.6,85.2,54.3,1.0,54.3,54.0,0.5,10.0,198.7,23199.0,43879.0,23.0,20.5,38.0,29.91,9.63,198.0,546.0,3.8,0.6373239436619718
2026-02-12T14:56:48,02/12/202602:56,140.4,0.7,98.28,54.4,1.4,76.16,76.0,0.5,10.0,198.7,23199.0,43879.0,23.0,20.5,38.0,29.91,9.63,198.0,546.0,3.8,0.7749287749287749
2026-02-12T14:57:30,02/12/202602:57,140.3,0.7,98.21000000000001,54.3,1.1,59.730000000000004,59.0,0.5,10.0,198.7,23199.0,43879.0,23.0,20.5,38.0,29.91,9.63,198.0,546.0,3.8,0.6081865390489767
2026-02-12T14:58:31,02/12/202602:58,142.0,0.7,99.39999999999999,54.3,1.2,65.16,65.0,0.5,10.0,198.7,23199.0,43879.0,23.0,20.5,38.0,29.91,9.63,198.0,546.0,3.8,0.6555331991951711
2026-02-12T14:58:34,02/12/202602:58,140.4,0.7,98.28,54.3,1.2,65.16,65.0,0.5,10.0,198.7,23199.0,43879.0,23.0,20.5,38.0,29.91,9.63,198.0,546.0,3.8,0.663003663003663
2026-02-12T14:59:34,02/12/202602:59,143.5,0.7,100.44999999999999,54.3,1.3,70.59,70.0,0.5,10.0,198.7,23199.0,43879.0,23.0,20.5,38.0,29.91,9.63,198.0,546.0,3.8,0.702737680438029
2026-02-12T15:00:34,02/12/202603:00,144.2,0.6,86.52,54.3,1.2,65.16,65.0,0.5,10.0,198.7,23199.0,43879.0,23.0,20.5,38.0,29.91,9.63,198.0,546.0,3.8,0.753120665742025
2026-02-12T15:01:34,02/12/202603:01,144.2,0.8,115.36,54.3,1.5,81.44999999999999,81.0,0.5,10.0,198.7,23199.0,43879.0,23.0,20.6,38.0,29.91,8.82,187.0,528.0,3.6,0.7060506241331483
2026-02-12T15:01:51,02/12/202603:01,144.1,0.7,100.86999999999999,54.3,1.3,70.59,70.0,0.5,10.0,198.7,23199.0,43879.0,23.0,20.6,38.0,29.91,8.82,187.0,528.0,3.6,0.6998116387429365
2026-02-12T15:02:50,02/12/202603:02,143.9,0.7,100.73,54.3,1.2,65.16,65.0,0.5,10.0,198.7,23199.0,43879.0,23.0,20.6,38.0,29.91,8.82,187.0,528.0,3.6,0.6468777921175419
2026-02-12T15:03:50,02/12/202603:03,143.6,0.6,86.16,54.3,0.9,48.87,48.0,0.5,10.0,198.7,23199.0,43879.0,23.1,20.6,38.0,29.91,8.82,187.0,528.0,3.6,0.567200557103064
2026-02-12T15:04:51,02/12/202603:04,143.4,0.6,86.04,54.3,1.0,54.3,54.0,0.5,10.0,198.7,23199.0,43879.0,23.0,20.6,38.0,29.91,8.82,187.0,528.0,3.6,0.6311018131101812
2026-02-12T15:05:50,02/12/202603:05,143.2,0.5,71.6,54.3,1.0,54.3,54.0,0.5,10.0,198.7,23199.0,43879.0,23.0,20.6,38.0,29.91,8.82,187.0,528.0,3.6,0.7583798882681565
2026-02-12T15:07:57,02/12/202603:07,142.6,0.7,99.82,54.3,1.2,65.16,65.0,0.5,10.0,198.7,23199.0,43879.0,23.0,20.6,38.0,29.91,8.82,187.0,528.0,3.6,0.6527749949909838
2026-02-12T15:08:55,02/12/202603:08,142.6,0.8,114.08,54.3,1.5,81.44999999999999,81.0,0.5,10.0,198.7,23199.0,43879.0,23.0,20.6,38.0,29.91,8.82,187.0,528.0,3.6,0.7139726507713884
2026-02-12T15:09:54,02/12/202603:09,143.0,0.7,100.1,54.3,1.4,76.02,76.0,0.5,10.0,198.7,23199.0,43879.0,23.0,20.6,38.0,29.91,8.82,187.0,528.0,3.6,0.7594405594405594
2026-02-12T15:10:54,02/12/202603:10,142.6,0.6,85.55999999999999,54.3,1.3,70.59,70.0,0.5,10.0,198.7,23199.0,43879.0,23.0,20.6,38.0,29.91,8.82,187.0,528.0,3.6,0.8250350631136046
2026-02-12T15:11:54,02/12/202603:11,142.9,0.7,100.03,54.3,1.1,59.730000000000004,59.0,0.5,10.0,198.7,23199.0,43879.0,23.0,20.6,38.0,29.91,8.82,187.0,528.0,3.6,0.5971208637408778
2026-02-12T15:12:54,02/12/202603:12,142.7,0.8,114.16,54.3,1.3,70.59,70.0,0.5,10.0,198.7,23199.0,43879.0,23.0,20.6,38.0,29.91,8.82,187.0,528.0,3.6,0.6183426769446392
2026-02-12T15:13:55,02/12/202603:13,142.6,0.7,99.82,54.3,1.2,65.16,65.0,0.5,10.0,198.7,23199.0,43879.0,23.0,20.6,38.0,29.91,8.82,187.0,528.0,3.6,0.6527749949909838
2026-02-12T15:14:55,02/12/202603:14,142.5,0.6,85.5,54.3,1.2,65.16,65.0,0.5,10.0,198.7,23199.0,43879.0,23.0,20.6,38.0,29.91,8.82,187.0,528.0,3.6,0.7621052631578947
2026-02-12T15:15:54,02/12/202603:15,142.2,0.7,99.53999999999999,54.3,1.4,76.02,76.0,0.5,10.0,198.7,23199.0,43879.0,23.0,20.8,37.0,29.91,8.76,183.0,496.0,3.3,0.7637130801687764
2026-02-12T15:16:54,02/12/202603:16,142.1,0.7,99.46999999999998,54.3,1.1,59.730000000000004,59.0,0.5,10.0,198.7,23199.0,43879.0,23.0,20.8,37.0,29.91,8.76,183.0,496.0,3.3,0.6004825575550419
2026-02-12T15:19:08,02/12/202603:19,142.2,0.6,85.32,54.3,1.0,54.3,54.0,0.5,11.0,198.7,23199.0,43879.0,23.1,20.8,37.0,29.91,8.76,183.0,496.0,3.3,0.6364275668073136
2026-02-12T15:19:37,02/12/202603:19,142.1,0.6,85.25999999999999,54.3,1.1,59.730000000000004,59.0,0.5,11.0,198.7,23199.0,43879.0,23.0,20.8,37.0,29.91,8.76,183.0,496.0,3.3,0.7005629838142154
2026-02-12T15:20:36,02/12/202603:20,141.8,0.6,85.08,54.3,1.1,59.730000000000004,59.0,0.5,11.0,198.7,23199.0,43879.0,23.0,20.8,37.0,29.91,8.76,183.0,496.0,3.3,0.7020451339915375
2026-02-12T15:21:37,02/12/202603:21,141.6,0.8,113.28,54.3,1.5,81.44999999999999,81.0,0.5,11.0,198.7,23199.0,43879.0,23.0,20.8,37.0,29.91,8.76,183.0,496.0,3.3,0.7190148305084745
2026-02-12T15:22:37,02/12/202603:22,141.8,0.6,85.08,54.3,0.9,48.87,48.0,0.5,11.0,198.7,23199.0,43879.0,23.1,20.8,37.0,29.91,8.76,183.0,496.0,3.3,0.5744005641748942
2026-02-12T15:23:37,02/12/202603:23,142.2,0.6,85.32,54.3,1.0,54.3,54.0,0.5,11.0,198.7,23199.0,43879.0,23.0,20.8,37.0,29.91,8.76,183.0,496.0,3.3,0.6364275668073136
2026-02-12T15:24:36,02/12/202603:24,142.1,0.6,85.25999999999999,54.4,1.2,65.28,65.0,0.6,11.0,198.7,23199.0,43879.0,23.1,20.8,37.0,29.91,8.76,183.0,496.0,3.3,0.7656579873328643
2026-02-12T15:25:53,02/12/202603:25,142.1,0.6,85.25999999999999,54.3,1.3,70.59,70.0,0.6,11.0,198.7,23199.0,43879.0,23.1,20.8,37.0,29.91,8.76,183.0,496.0,3.3,0.8279380717804364
2026-02-12T15:26:53,02/12/202603:26,142.4,0.6,85.44,54.3,1.0,54.3,54.0,0.6,11.0,198.7,23199.0,43879.0,23.1,20.8,37.0,29.91,8.76,183.0,496.0,3.3,0.6355337078651685
2026-02-12T15:27:52,02/12/202603:27,142.3,0.7,99.61,54.4,1.2,65.28,65.0,0.6,11.0,198.7,23199.0,43879.0,23.1,20.8,37.0,29.91,8.76,183.0,496.0,3.3,0.6553558879630559
2026-02-12T15:28:53,02/12/202603:28,142.5,0.6,85.5,54.3,1.1,59.730000000000004,59.0,0.6,11.0,198.7,23199.0,43879.0,23.1,20.8,37.0,29.91,8.76,183.0,496.0,3.3,0.6985964912280702
2026-02-12T15:30:18,02/12/202603:30,134.9,0.6,80.94,54.3,1.0,54.3,54.0,0.6,11.0,198.7,23199.0,43879.0,23.1,20.8,37.0,29.91,7.95,190.0,493.0,3.3,0.6708673091178651
2026-02-12T15:30:52,02/12/202603:30,141.4,0.7,98.98,54.3,1.4,76.02,76.0,0.6,11.0,198.7,23199.0,43879.0,23.1,20.9,36.0,29.91,7.64,175.0,457.0,2.9,0.768033946251768
2026-02-12T15:31:52,02/12/202603:31,143.9,0.7,100.73,54.3,1.3,70.59,70.0,0.6,11.0,198.7,23199.0,43879.0,23.1,20.9,38.0,29.94,7.64,175.0,457.0,2.9,0.7007842747940037
2026-02-12T15:32:53,02/12/202603:32,143.9,0.8,115.12,54.2,1.3,70.46000000000001,70.0,0.6,11.0,198.7,23199.0,43879.0,23.1,20.9,38.0,29.94,7.64,175.0,457.0,2.9,0.6120569840166783
2026-02-12T15:33:53,02/12/202603:33,144.0,0.6,86.39999999999999,54.3,1.2,65.16,65.0,0.6,11.0,198.7,23199.0,43879.0,23.1,20.9,38.0,29.94,7.64,175.0,457.0,2.9,0.7541666666666667
2026-02-12T15:34:53,02/12/202603:34,143.3,0.6,85.98,54.3,1.1,59.730000000000004,59.0,0.6,11.0,198.7,23199.0,43879.0,23.1,20.9,38.0,29.94,7.64,175.0,457.0,2.9,0.6946964410327984
2026-02-12T15:35:52,02/12/202603:35,143.4,0.7,100.38,54.3,1.5,81.44999999999999,81.0,0.6,11.0,198.7,23199.0,43879.0,23.1,20.9,38.0,29.94,7.64,175.0,457.0,2.9,0.8114166168559473
2026-02-12T15:36:53,02/12/202603:36,143.0,0.8,114.4,54.2,1.3,70.46000000000001,70.0,0.6,11.0,198.7,23199.0,43879.0,23.1,20.9,38.0,29.94,7.64,175.0,457.0,2.9,0.615909090909091
2026-02-12T15:37:53,02/12/202603:37,143.2,0.6,85.91999999999999,54.3,1.0,54.3,54.0,0.6,11.0,198.7,23199.0,43879.0,23.1,20.9,38.0,29.94,7.64,175.0,457.0,2.9,0.6319832402234637
2026-02-12T15:38:53,02/12/202603:38,143.2,0.7,100.23999999999998,54.3,1.3,70.59,70.0,0.6,11.0,198.7,23199.0,43879.0,23.1,20.9,38.0,29.94,7.64,175.0,457.0,2.9,0.7042098962490025
2026-02-12T15:39:52,02/12/202603:39,143.4,0.6,86.04,54.4,1.2,65.28,65.0,0.6,11.0,198.7,23199.0,43879.0,23.1,20.9,38.0,29.94,7.64,175.0,457.0,2.9,0.7587168758716876
2026-02-12T15:41:25,02/12/202603:41,143.2,0.7,100.23999999999998,54.3,1.4,76.02,76.0,0.6,11.0,198.7,23199.0,43879.0,23.1,20.9,38.0,29.94,7.64,175.0,457.0,2.9,0.7583798882681565
2026-02-12T15:41:53,02/12/202603:41,143.2,0.7,100.23999999999998,54.3,1.1,59.730000000000004,59.0,0.6,11.0,198.7,23199.0,43879.0,23.1,20.9,38.0,29.94,7.64,175.0,457.0,2.9,0.5958699122106945
2026-02-12T15:42:08,02/12/202603:42,143.1,0.7,100.16999999999999,54.4,1.3,70.72,70.0,0.6,11.0,198.7,23199.0,43879.0,23.1,20.9,38.0,29.94,7.64,175.0,457.0,2.9,0.7059998003394231
2026-02-12T15:43:08,02/12/202603:43,142.6,0.7,99.82,54.4,1.3,70.72,70.0,0.6,11.0,198.7,23199.0,43879.0,23.1,20.9,38.0,29.94,7.64,175.0,457.0,2.9,0.7084752554598277
2026-02-12T15:44:08,02/12/202603:44,142.3,0.6,85.38000000000001,54.3,1.2,65.16,65.0,0.6,11.0,198.7,23199.0,43879.0,23.1,20.9,38.0,29.94,7.64,175.0,457.0,2.9,0.76317638791286
2026-02-12T15:45:08,02/12/202603:45,137.3,0.7,96.11,54.3,1.3,70.59,70.0,0.6,11.0,198.7,23199.0,43879.0,23.1,20.9,38.0,29.94,7.64,175.0,457.0,2.9,0.734470918738945
2026-02-12T15:45:50,02/12/202603:45,143.2,0.7,100.23999999999998,54.3,1.3,70.59,70.0,0.6,11.0,198.7,23199.0,43879.0,23.1,21.0,37.0,29.91,7.08,169.0,417.0,2.6,0.7042098962490025
2026-02-12T15:46:50,02/12/202603:46,140.5,0.7,98.35,54.4,1.1,59.84,59.0,0.6,11.0,198.7,23199.0,43879.0,23.1,21.0,37.0,29.91,7.08,169.0,417.0,2.6,0.6084392475851551
2026-02-12T15:47:51,02/12/202603:47,143.3,0.5,71.65,54.3,0.6,32.58,32.0,0.6,11.0,198.7,23199.0,43879.0,23.1,21.0,37.0,29.91,7.08,169.0,417.0,2.6,0.45471039776692246
2026-02-12T15:48:51,02/12/202603:48,138.2,0.7,96.73999999999998,54.3,1.1,59.730000000000004,59.0,0.6,11.0,198.7,23199.0,43879.0,23.1,21.0,37.0,29.91,7.08,169.0,417.0,2.6,0.6174281579491422
2026-02-12T15:49:51,02/12/202603:49,142.4,0.6,85.44,54.3,1.2,65.16,65.0,0.6,11.0,198.7,23199.0,43879.0,23.1,21.0,37.0,29.91,7.08,169.0,417.0,2.6,0.7626404494382022
2026-02-12T15:50:09,02/12/202603:50,138.5,0.6,83.1,54.3,1.2,65.16,65.0,0.6,11.0,198.7,23199.0,43879.0,23.1,21.0,37.0,29.91,7.08,169.0,417.0,2.6,0.784115523465704
2026-02-12T15:52:35,02/12/202603:52,136.2,0.9,122.58,54.3,1.5,81.44999999999999,81.0,0.6,11.0,198.7,23199.0,43879.0,23.1,21.0,37.0,29.91,7.08,169.0,417.0,2.6,0.6644640234948604
2026-02-12T15:52:41,02/12/202603:52,138.1,0.7,96.66999999999999,54.3,1.1,59.730000000000004,59.0,0.6,11.0,198.7,23199.0,43879.0,23.1,21.0,37.0,29.91,7.08,169.0,417.0,2.6,0.6178752456811836
2026-02-12T15:53:42,02/12/202603:53,138.8,0.7,97.16,54.3,1.2,65.16,65.0,0.6,11.0,198.7,23199.0,43879.0,23.1,21.0,37.0,29.91,7.08,169.0,417.0,2.6,0.670646356525319
2026-02-12T15:54:42,02/12/202603:54,138.7,0.7,97.08999999999999,54.3,1.2,65.16,65.0,0.6,11.0,198.7,23199.0,43879.0,23.1,21.0,37.0,29.91,7.08,169.0,417.0,2.6,0.6711298794932538
2026-02-12T15:55:41,02/12/202603:55,141.8,0.6,85.08,54.3,1.2,65.16,65.0,0.6,11.0,198.7,23199.0,43879.0,23.1,21.0,37.0,29.91,7.08,169.0,417.0,2.6,0.7658674188998589
2026-02-12T15:56:41,02/12/202603:56,139.8,0.7,97.86,54.3,1.1,59.730000000000004,59.0,0.6,11.0,198.7,23199.0,43879.0,23.1,21.0,37.0,29.91,7.08,169.0,417.0,2.6,0.6103617412630289
2026-02-12T15:57:20,02/12/202603:57,141.0,0.7,98.69999999999999,54.3,1.1,59.730000000000004,59.0,0.6,11.0,198.7,23199.0,43879.0,23.1,21.0,37.0,29.91,7.08,169.0,417.0,2.6,0.6051671732522798
2026-02-12T15:58:20,02/12/202603:58,141.2,0.7,98.83999999999999,54.2,1.3,70.46000000000001,70.0,0.6,11.0,198.7,23199.0,43879.0,23.1,21.0,37.0,29.91,7.08,169.0,417.0,2.6,0.7128692836908136
2026-02-12T15:59:20,02/12/202603:59,140.7,0.6,84.41999999999999,54.4,1.2,65.28,65.0,0.6,11.0,198.7,23199.0,43879.0,23.1,21.0,37.0,29.91,7.08,169.0,417.0,2.6,0.7732764747690122
2026-02-12T16:00:20,02/12/202604:00,143.2,0.6,85.91999999999999,54.3,1.1,59.730000000000004,59.0,0.6,11.0,198.7,23199.0,43879.0,23.1,21.0,37.0,29.91,7.08,169.0,417.0,2.6,0.6951815642458102
2026-02-12T16:01:19,02/12/202604:01,141.8,0.7,99.26,54.3,1.4,76.02,76.0,0.6,11.0,198.7,23199.0,43879.0,23.1,21.1,37.0,29.91,6.65,168.0,373.0,2.4,0.7658674188998589
2026-02-12T16:02:04,02/12/202604:02,142.0,0.7,99.39999999999999,54.3,1.1,59.730000000000004,59.0,0.6,11.0,198.7,23199.0,43879.0,23.1,21.1,37.0,29.91,6.65,168.0,373.0,2.4,0.6009054325955735
2026-02-12T16:03:45,02/12/202604:03,144.5,0.7,101.14999999999999,54.3,1.2,65.16,65.0,0.6,11.0,198.7,23199.0,43879.0,23.1,21.1,37.0,29.91,6.65,168.0,373.0,2.4,0.6441917943648048
2026-02-12T16:04:03,02/12/202604:04,141.5,0.6,84.89999999999999,54.3,1.1,59.730000000000004,54.0,0.6,11.0,198.7,23199.0,43879.0,23.1,21.1,37.0,29.91,6.65,168.0,373.0,2.4,0.7035335689045937
2026-02-12T16:05:04,02/12/202604:05,140.3,0.5,70.15,54.3,0.9,48.87,48.0,0.6,11.0,198.7,23199.0,43879.0,23.1,21.1,37.0,29.91,6.65,168.0,373.0,2.4,0.6966500356379186
2026-02-12T16:06:03,02/12/202604:06,138.4,0.7,96.88,54.3,1.4,76.02,76.0,0.6,11.0,198.7,23199.0,43879.0,23.1,21.1,37.0,29.91,6.65,168.0,373.0,2.4,0.7846820809248555
2026-02-12T16:07:04,02/12/202604:07,138.0,0.6,82.8,54.3,0.9,48.87,48.0,0.6,11.0,198.7,23199.0,43879.0,23.1,21.1,37.0,29.91,6.65,168.0,373.0,2.4,0.5902173913043478
2026-02-12T16:07:19,02/12/202604:07,138.2,0.6,82.91999999999999,54.3,0.8,43.44,43.0,0.6,11.0,198.7,23199.0,43879.0,23.1,21.1,37.0,29.91,6.65,168.0,373.0,2.4,0.5238784370477569
2026-02-12T16:08:20,02/12/202604:08,139.1,0.7,97.36999999999999,54.4,1.2,65.28,65.0,0.6,11.0,198.7,23199.0,43879.0,23.1,21.1,37.0,29.91,6.65,168.0,373.0,2.4,0.6704323713669509
2026-02-12T16:09:19,02/12/202604:09,139.3,0.6,83.58,54.3,1.1,59.730000000000004,59.0,0.6,11.0,198.7,23199.0,43879.0,23.1,21.1,37.0,29.91,6.65,168.0,373.0,2.4,0.7146446518305816
2026-02-12T16:10:19,02/12/202604:10,139.2,0.7,97.43999999999998,54.3,1.2,65.16,65.0,0.6,12.0,198.7,23199.0,43879.0,23.1,21.1,37.0,29.91,6.65,168.0,373.0,2.4,0.6687192118226601
2026-02-12T16:11:41,02/12/202604:11,139.5,0.6,83.7,54.3,1.1,59.730000000000004,59.0,0.6,12.0,198.7,23199.0,43879.0,23.1,21.1,37.0,29.91,6.65,168.0,373.0,2.4,0.7136200716845879
2026-02-12T16:11:42,02/12/202604:11,138.2,0.7,96.73999999999998,54.4,1.1,59.84,59.0,0.6,12.0,198.7,23199.0,43879.0,23.2,21.1,37.0,29.91,6.65,168.0,373.0,2.4,0.6185652263799878
2026-02-12T16:12:41,02/12/202604:12,138.4,0.7,96.88,54.3,1.0,54.3,54.0,0.6,12.0,198.7,23199.0,43879.0,23.1,21.1,37.0,29.91,6.65,168.0,373.0,2.4,0.5604872006606111
2026-02-12T16:13:42,02/12/202604:13,138.3,0.7,96.81,54.4,1.2,65.28,65.0,0.6,12.0,198.7,23199.0,43879.0,23.1,21.1,37.0,29.91,6.65,168.0,373.0,2.4,0.6743105051131082
2026-02-12T16:14:41,02/12/202604:14,138.5,0.6,83.1,54.3,1.2,65.16,65.0,0.6,12.0,198.7,23199.0,43879.0,23.2,21.1,37.0,29.91,6.65,168.0,373.0,2.4,0.784115523465704
2026-02-12T16:14:57,02/12/202604:14,138.4,0.6,83.04,54.3,1.2,65.16,65.0,0.6,12.0,198.7,23199.0,43879.0,23.1,21.1,37.0,29.91,6.65,168.0,373.0,2.4,0.7846820809248554
2026-02-12T16:16:48,02/12/202604:16,138.7,0.5,69.35,54.3,1.1,59.730000000000004,59.0,0.6,12.0,198.7,23199.0,43879.0,23.2,21.3,36.0,29.91,6.59,170.0,328.0,2.1,0.8612833453496757
2026-02-12T16:17:05,02/12/202604:17,138.5,0.6,83.1,54.4,1.1,59.84,59.0,0.6,12.0,198.7,23199.0,43879.0,23.2,21.3,36.0,29.91,6.59,170.0,328.0,2.1,0.7200962695547534
2026-02-12T16:18:05,02/12/202604:18,137.6,0.8,110.08,54.3,1.3,70.59,70.0,0.6,12.0,198.7,23199.0,43879.0,23.1,21.3,36.0,29.91,6.59,170.0,328.0,2.1,0.6412609011627908
2026-02-12T16:19:05,02/12/202604:19,139.0,0.6,83.39999999999999,54.3,1.1,59.730000000000004,59.0,0.6,12.0,198.7,23199.0,43879.0,23.1,21.3,36.0,29.91,6.59,170.0,328.0,2.1,0.7161870503597123
2026-02-12T16:20:05,02/12/202604:20,144.5,0.6,86.7,54.3,1.1,59.730000000000004,59.0,0.6,12.0,198.7,23199.0,43879.0,23.1,21.3,36.0,29.91,6.59,170.0,328.0,2.1,0.6889273356401384
2026-02-12T16:21:05,02/12/202604:21,139.2,0.7,97.43999999999998,54.3,1.4,76.02,76.0,0.6,12.0,198.7,23199.0,43879.0,23.1,21.3,36.0,29.91,6.59,170.0,328.0,2.1,0.7801724137931035
2026-02-12T16:22:05,02/12/202604:22,140.1,0.6,84.05999999999999,54.3,1.0,54.3,54.0,0.6,12.0,198.7,23199.0,43879.0,23.1,21.3,36.0,29.91,6.59,170.0,328.0,2.1,0.6459671663097788
2026-02-12T16:23:05,02/12/202604:23,141.9,0.6,85.14,54.3,1.0,54.3,54.0,0.6,12.0,198.7,23199.0,43879.0,23.2,21.3,36.0,29.91,6.59,170.0,328.0,2.1,0.6377730796335447
2026-02-12T16:24:05,02/12/202604:24,141.3,0.7,98.91,54.3,1.1,59.730000000000004,59.0,0.6,12.0,198.7,23199.0,43879.0,23.1,21.3,36.0,29.91,6.59,170.0,328.0,2.1,0.6038823172581135
2026-02-12T16:25:05,02/12/202604:25,141.3,0.5,70.65,54.3,0.9,48.87,48.0,0.6,12.0,198.7,23199.0,43879.0,23.1,21.3,36.0,29.91,6.59,170.0,328.0,2.1,0.6917197452229299
2026-02-12T16:26:05,02/12/202604:26,142.0,0.6,85.2,54.3,1.3,70.59,70.0,0.6,12.0,198.7,23199.0,43879.0,23.1,21.3,36.0,29.91,6.59,170.0,328.0,2.1,0.8285211267605634
2026-02-12T16:27:57,02/12/202604:27,141.4,0.7,98.98,54.3,1.1,59.730000000000004,59.0,0.6,12.0,198.7,23199.0,43879.0,23.1,21.3,36.0,29.91,6.59,170.0,328.0,2.1,0.6034552434835321
2026-02-12T16:28:06,02/12/202604:28,147.0,0.7,102.89999999999999,54.3,1.2,65.16,65.0,0.6,12.0,198.7,23199.0,43879.0,23.1,21.3,36.0,29.91,6.59,170.0,328.0,2.1,0.6332361516034986
2026-02-12T16:28:52,02/12/202604:28,143.3,0.8,114.64000000000001,54.3,1.4,76.02,76.0,0.6,12.0,198.7,23199.0,43879.0,23.1,21.0,36.0,29.91,6.09,156.0,329.0,2.1,0.6631193300767619
2026-02-12T16:29:15,02/12/202604:29,146.4,0.6,87.84,54.4,1.2,65.28,65.0,0.6,12.0,198.7,23199.0,43879.0,23.1,21.0,36.0,29.91,6.09,156.0,329.0,2.1,0.7431693989071038
2026-02-12T16:30:14,02/12/202604:30,144.7,0.5,72.35,54.3,1.0,54.3,54.0,0.6,12.0,198.7,23199.0,43879.0,23.2,21.0,36.0,29.91,6.09,156.0,329.0,2.1,0.7505183137525916
2026-02-12T16:31:14,02/12/202604:31,143.5,0.6,86.1,54.3,1.2,65.16,65.0,0.6,12.0,198.7,23199.0,43879.0,23.1,21.0,35.0,29.94,6.28,153.0,281.0,1.7,0.756794425087108
2026-02-12T16:32:14,02/12/202604:32,139.1,0.7,97.36999999999999,54.3,1.2,65.16,65.0,0.6,12.0,198.7,23199.0,43879.0,23.1,21.0,36.0,29.94,6.28,153.0,281.0,1.7,0.6691999589195852
2026-02-12T16:33:14,02/12/202604:33,138.9,0.7,97.23,54.3,1.0,54.3,54.0,0.6,12.0,198.7,23199.0,43879.0,23.1,21.0,36.0,29.94,6.28,153.0,281.0,1.7,0.5584696081456341
2026-02-12T16:34:14,02/12/202604:34,143.1,0.6,85.86,54.3,1.0,54.3,54.0,0.6,12.0,198.7,23199.0,43879.0,23.1,21.0,36.0,29.94,6.28,153.0,281.0,1.7,0.6324248777078966
2026-02-12T16:36:10,02/12/202604:36,140.4,0.6,84.24,54.3,1.1,59.730000000000004,59.0,0.6,12.0,198.7,23199.0,43879.0,23.2,21.0,36.0,29.94,6.28,153.0,281.0,1.7,0.7090455840455842
2026-02-12T16:39:07,02/12/202604:39,143.6,0.6,86.16,54.3,1.0,54.3,54.0,0.6,12.0,198.7,23199.0,43879.0,23.1,21.0,36.0,29.94,6.28,153.0,281.0,1.7,0.6302228412256268
2026-02-12T16:40:07,02/12/202604:40,138.3,0.7,96.81,54.3,1.3,70.59,70.0,0.6,12.0,198.7,23199.0,43879.0,23.1,21.0,36.0,29.94,6.28,153.0,281.0,1.7,0.7291602107220329
2026-02-12T16:41:08,02/12/202604:41,141.0,0.6,84.6,54.3,1.1,59.730000000000004,59.0,0.6,12.0,198.7,23199.0,43879.0,23.2,21.0,36.0,29.94,6.28,153.0,281.0,1.7,0.7060283687943263
2026-02-12T16:42:08,02/12/202604:42,141.5,0.7,99.05,54.4,1.1,59.84,59.0,0.6,12.0,198.7,23199.0,43879.0,23.2,21.0,36.0,29.94,6.28,153.0,281.0,1.7,0.6041393235739526
2026-02-12T16:43:07,02/12/202604:43,143.5,0.7,100.44999999999999,54.3,1.2,65.16,65.0,0.6,12.0,198.7,23199.0,43879.0,23.2,21.0,36.0,29.94,6.28,153.0,281.0,1.7,0.6486809357889498
2026-02-12T16:44:07,02/12/202604:44,144.2,0.6,86.52,54.3,1.0,54.3,54.0,0.6,12.0,198.7,23199.0,43879.0,23.1,21.0,36.0,29.94,6.28,153.0,281.0,1.7,0.6276005547850207
2026-02-12T16:45:08,02/12/202604:45,139.2,0.7,97.43999999999998,54.3,1.3,70.59,70.0,0.6,12.0,198.7,23199.0,43879.0,23.2,21.0,36.0,29.94,6.28,153.0,281.0,1.7,0.7244458128078819
2026-02-12T16:46:08,02/12/202604:46,138.1,0.6,82.86,54.3,1.2,65.16,65.0,0.6,12.0,198.7,23199.0,43879.0,23.1,21.0,35.0,29.91,6.4,151.0,232.0,1.4,0.7863866763215062
2026-02-12T16:47:08,02/12/202604:47,136.9,0.7,95.83,54.3,1.1,59.730000000000004,59.0,0.6,12.0,198.7,23199.0,43879.0,23.2,21.0,35.0,29.91,6.4,151.0,232.0,1.4,0.6232912449128666
2026-02-12T16:48:08,02/12/202604:48,138.3,0.6,82.98,54.3,0.9,48.87,48.0,0.6,12.0,198.7,23199.0,43879.0,23.2,21.0,35.0,29.91,6.4,151.0,232.0,1.4,0.588937093275488
2026-02-12T16:50:15,02/12/202604:50,139.4,0.7,97.58,54.3,1.2,65.16,65.0,0.6,12.0,198.7,23199.0,43879.0,23.2,21.0,35.0,29.91,6.4,151.0,232.0,1.4,0.6677597868415659
2026-02-12T16:50:19,02/12/202604:50,141.4,0.6,84.84,54.3,1.2,65.16,65.0,0.6,12.0,198.7,23199.0,43879.0,23.2,21.0,35.0,29.91,6.4,151.0,232.0,1.4,0.768033946251768
2026-02-12T16:51:20,02/12/202604:51,137.3,0.7,96.11,54.3,1.2,65.16,65.0,0.6,12.0,198.7,23199.0,43879.0,23.2,21.0,35.0,29.91,6.4,151.0,232.0,1.4,0.6779731557590261
2026-02-12T16:52:20,02/12/202604:52,138.3,0.6,82.98,54.3,1.0,54.3,54.0,0.6,12.0,198.7,23199.0,43879.0,23.2,21.0,35.0,29.91,6.4,151.0,232.0,1.4,0.6543745480838755
2026-02-12T16:53:19,02/12/202604:53,141.7,0.7,99.18999999999998,54.3,1.1,59.730000000000004,59.0,0.6,12.0,198.7,23199.0,43879.0,23.2,21.0,35.0,29.91,6.4,151.0,232.0,1.4,0.6021776388748867
2026-02-12T16:54:20,02/12/202604:54,143.8,0.7,100.66,54.3,1.3,70.59,70.0,0.6,12.0,198.7,23199.0,43879.0,23.2,21.0,35.0,29.91,6.4,151.0,232.0,1.4,0.701271607391218
2026-02-12T16:55:20,02/12/202604:55,140.9,0.5,70.45,54.3,0.9,48.87,48.0,0.6,12.0,198.7,23199.0,43879.0,23.2,21.0,35.0,29.91,6.4,151.0,232.0,1.4,0.6936834634492547
2026-02-12T16:56:20,02/12/202604:56,137.9,0.6,82.74,54.3,1.0,54.3,54.0,0.6,12.0,198.7,23199.0,43879.0,23.2,21.0,35.0,29.91,6.4,151.0,232.0,1.4,0.6562726613488035
2026-02-12T16:58:13,02/12/202604:58,137.8,0.6,82.68,54.3,0.9,48.87,48.0,0.6,12.0,198.7,23199.0,43879.0,23.2,21.0,35.0,29.91,6.4,151.0,232.0,1.4,0.5910740203193032
2026-02-12T16:59:13,02/12/202604:59,140.4,0.7,98.28,54.3,1.2,65.16,65.0,0.6,12.0,198.7,23199.0,43879.0,23.2,21.0,35.0,29.91,6.4,151.0,232.0,1.4,0.663003663003663
2026-02-12T17:01:24,02/12/202605:01,138.7,0.7,97.08999999999999,54.3,1.4,76.02,76.0,0.6,12.0,198.7,23199.0,43879.0,23.2,20.9,35.0,29.91,6.03,149.0,166.0,1.2,0.782984859408796
2026-02-12T17:02:13,02/12/202605:02,137.3,0.7,96.11,54.3,1.2,65.16,65.0,0.6,12.0,198.7,23199.0,43879.0,23.2,20.9,35.0,29.91,6.03,149.0,166.0,1.2,0.6779731557590261
2026-02-12T17:03:13,02/12/202605:03,137.2,0.7,96.03999999999999,54.3,0.9,48.87,48.0,0.7,12.0,198.7,23199.0,43879.0,23.2,20.9,35.0,29.91,6.03,149.0,166.0,1.2,0.508850478967097
2026-02-12T17:04:13,02/12/202605:04,136.0,0.7,95.19999999999999,54.3,1.2,65.16,65.0,0.7,13.0,198.7,23199.0,43879.0,23.2,20.9,35.0,29.91,6.03,149.0,166.0,1.2,0.684453781512605
2026-02-12T17:05:13,02/12/202605:05,136.1,0.6,81.66,54.3,1.1,59.730000000000004,59.0,0.7,13.0,198.7,23199.0,43879.0,23.2,20.9,35.0,29.91,6.03,149.0,166.0,1.2,0.7314474650991919
2026-02-12T17:06:13,02/12/202605:06,135.7,0.6,81.41999999999999,54.3,1.2,65.16,65.0,0.7,13.0,198.7,23199.0,43879.0,23.2,20.9,35.0,29.91,6.03,149.0,166.0,1.2,0.8002947678703022
2026-02-12T17:07:12,02/12/202605:07,135.7,0.7,94.98999999999998,54.3,1.0,54.3,54.0,0.7,13.0,198.7,23199.0,43879.0,23.2,20.9,35.0,29.91,6.03,149.0,166.0,1.2,0.5716391199073587
2026-02-12T17:08:12,02/12/202605:08,136.3,0.6,81.78,54.3,0.8,43.44,43.0,0.7,13.0,198.7,23199.0,43879.0,23.2,20.9,35.0,29.91,6.03,149.0,166.0,1.2,0.5311812179016874
2026-02-12T17:09:12,02/12/202605:09,135.6,0.6,81.36,54.3,1.1,59.730000000000004,59.0,0.7,13.0,198.7,23199.0,43879.0,23.2,20.9,35.0,29.91,6.03,149.0,166.0,1.2,0.7341445427728615
2026-02-12T17:10:12,02/12/202605:10,136.2,0.6,81.71999999999998,54.3,1.1,59.730000000000004,59.0,0.7,13.0,198.7,23199.0,43879.0,23.2,20.9,35.0,29.91,6.03,149.0,166.0,1.2,0.7309104258443467
2026-02-12T17:11:13,02/12/202605:11,136.5,0.6,81.89999999999999,54.3,1.1,59.730000000000004,59.0,0.7,13.0,198.7,23199.0,43879.0,23.2,20.9,35.0,29.91,6.03,149.0,166.0,1.2,0.7293040293040294
2026-02-12T17:17:26,02/12/202605:17,140.1,0.6,84.05999999999999,54.3,0.9,48.87,43.0,0.7,13.0,198.7,23199.0,43879.0,23.2,20.5,36.0,29.91,5.22,140.0,131.0,1.0,0.5813704496788009
2026-02-12T17:18:12,02/12/202605:18,139.7,0.6,83.82,54.3,0.9,48.87,48.0,0.7,13.0,198.7,23199.0,43879.0,23.2,20.5,36.0,29.91,5.22,140.0,131.0,1.0,0.5830350751610595
2026-02-12T17:19:12,02/12/202605:19,138.5,0.7,96.94999999999999,54.3,1.2,65.16,65.0,0.7,13.0,198.7,23199.0,43879.0,23.2,20.5,36.0,29.91,5.22,140.0,131.0,1.0,0.6720990201134606
2026-02-12T17:19:30,02/12/202605:19,138.9,0.6,83.34,54.3,0.9,48.87,48.0,0.7,13.0,198.7,23199.0,43879.0,23.2,20.5,36.0,29.91,5.22,140.0,131.0,1.0,0.5863930885529157
2026-02-12T17:20:30,02/12/202605:20,138.0,0.7,96.6,54.3,1.2,65.16,65.0,0.7,13.0,198.7,23199.0,43879.0,23.2,20.5,36.0,29.91,5.22,140.0,131.0,1.0,0.6745341614906832
2026-02-12T17:21:29,02/12/202605:21,137.7,0.6,82.61999999999999,54.3,1.1,59.730000000000004,59.0,0.7,13.0,198.7,23199.0,43879.0,23.2,20.5,36.0,29.91,5.22,140.0,131.0,1.0,0.7229484386347133
2026-02-12T17:22:29,02/12/202605:22,136.8,0.6,82.08,54.3,0.9,48.87,48.0,0.7,13.0,198.7,23199.0,43879.0,23.2,20.5,36.0,29.91,5.22,140.0,131.0,1.0,0.5953947368421052
2026-02-12T17:23:29,02/12/202605:23,136.0,0.7,95.19999999999999,54.3,1.0,54.3,54.0,0.7,13.0,198.7,23199.0,43879.0,23.2,20.5,36.0,29.91,5.22,140.0,131.0,1.0,0.5703781512605043
2026-02-12T17:24:30,02/12/202605:24,134.3,0.8,107.44000000000001,54.3,1.4,76.02,76.0,0.7,13.0,198.7,23199.0,43879.0,23.2,20.5,36.0,29.91,5.22,140.0,131.0,1.0,0.7075577066269545
2026-02-12T17:25:30,02/12/202605:25,134.3,0.7,94.01,54.3,1.2,65.16,65.0,0.7,13.0,198.7,23199.0,43879.0,23.2,20.5,36.0,29.91,5.22,140.0,131.0,1.0,0.6931177534304861
2026-02-12T17:26:29,02/12/202605:26,133.5,0.6,80.1,54.3,1.2,65.16,65.0,0.7,13.0,198.7,23199.0,43879.0,23.2,20.5,36.0,29.91,5.22,140.0,129.0,1.0,0.8134831460674158
2026-02-12T17:28:36,02/12/202605:28,130.8,0.7,91.56,54.3,1.0,54.3,54.0,0.7,13.0,198.7,23199.0,43879.0,23.2,20.6,36.0,29.91,4.29,133.0,129.0,1.0,0.59305373525557
2026-02-12T17:29:29,02/12/202605:29,132.6,0.6,79.55999999999999,54.3,0.9,48.87,48.0,0.7,13.0,198.7,23199.0,43879.0,23.2,20.6,36.0,29.91,4.29,133.0,129.0,0.9,0.6142533936651584
2026-02-12T17:30:30,02/12/202605:30,127.7,0.7,89.39,54.4,1.2,65.28,65.0,0.7,13.0,198.7,23199.0,43879.0,23.2,20.6,36.0,29.91,4.29,133.0,129.0,0.9,0.7302830294216356
2026-02-12T17:31:29,02/12/202605:31,116.5,0.7,81.55,54.3,1.2,65.16,65.0,0.7,13.0,198.7,23199.0,43879.0,23.2,19.8,37.0,29.94,4.72,109.0,86.0,0.7,0.7990190067443286
2026-02-12T17:32:29,02/12/202605:32,104.6,0.7,73.21999999999998,54.2,0.9,48.78,48.0,0.7,13.0,198.7,23199.0,43879.0,23.2,19.8,37.0,29.94,4.72,109.0,86.0,0.7,0.6662114176454522
2026-02-12T17:33:30,02/12/202605:33,104.3,0.6,62.58,54.1,0.7,37.87,32.0,0.7,13.0,198.7,23199.0,43879.0,23.2,19.8,37.0,29.94,4.72,109.0,86.0,0.7,0.605145413870246
2026-02-12T17:35:14,02/12/202605:35,104.2,0.5,52.1,54.1,0.6,32.46,32.0,0.7,13.0,198.7,23199.0,43879.0,23.2,19.8,37.0,29.94,4.72,109.0,86.0,0.7,0.6230326295585412
2026-02-12T17:36:14,02/12/202605:36,104.7,0.4,41.88,54.1,0.5,27.05,27.0,0.7,13.0,198.7,23199.0,43879.0,23.2,19.8,37.0,29.94,4.72,109.0,86.0,0.7,0.6458930276981852
2026-02-12T17:37:14,02/12/202605:37,104.5,0.3,31.349999999999998,54.0,0.4,21.6,21.0,0.7,13.0,198.7,23199.0,43879.0,23.2,19.8,37.0,29.94,4.72,109.0,86.0,0.7,0.6889952153110048
2026-02-12T17:38:09,02/12/202605:38,104.3,0.3,31.29,53.9,0.4,21.560000000000002,21.0,0.7,13.0,198.7,23199.0,43879.0,23.2,19.8,37.0,29.94,4.72,109.0,86.0,0.7,0.6890380313199106
2026-02-12T17:40:35,02/12/202605:40,107.7,0.5,53.85,53.8,0.4,21.52,21.0,0.7,13.0,198.7,23199.0,43879.0,23.2,19.8,37.0,29.94,4.72,109.0,86.0,0.7,0.3996285979572887
2026-02-12T17:41:35,02/12/202605:41,107.7,0.5,53.85,53.8,0.5,26.9,26.0,0.7,13.0,198.7,23199.0,43879.0,23.2,19.8,37.0,29.94,4.72,109.0,86.0,0.7,0.4995357474466109
2026-02-12T17:42:35,02/12/202605:42,92.2,0.6,55.32,53.8,0.6,32.279999999999994,32.0,0.7,13.0,198.7,23199.0,43879.0,23.2,19.8,37.0,29.94,4.72,109.0,86.0,0.7,0.5835140997830801
2026-02-12T17:43:36,02/12/202605:43,92.3,0.6,55.379999999999995,53.8,0.7,37.66,37.0,0.7,13.0,198.7,23199.0,43879.0,23.3,19.8,37.0,29.94,4.72,109.0,86.0,0.7,0.6800288912964969
2026-02-12T17:45:35,02/12/202605:45,95.5,0.6,57.3,53.9,0.8,43.120000000000005,43.0,0.7,13.0,198.7,23199.0,43879.0,23.2,18.9,39.0,29.91,5.03,103.0,47.0,0.4,0.7525305410122165
2026-02-12T17:47:36,02/12/202605:47,95.5,0.5,47.75,53.9,0.7,37.73,37.0,0.7,13.0,198.7,23199.0,43879.0,23.2,18.9,39.0,29.91,5.03,103.0,47.0,0.4,0.7901570680628272
2026-02-12T17:48:36,02/12/202605:48,95.4,0.5,47.7,53.9,0.6,32.339999999999996,32.0,0.7,13.0,198.7,23199.0,43879.0,23.2,18.9,39.0,29.91,5.03,103.0,47.0,0.4,0.6779874213836476
2026-02-12T17:50:55,02/12/202605:50,96.5,0.4,38.6,53.8,0.3,16.139999999999997,16.0,0.7,13.0,198.7,23199.0,43879.0,23.2,18.9,39.0,29.91,5.03,103.0,47.0,0.4,0.41813471502590666
2026-02-12T17:51:36,02/12/202605:51,96.2,0.2,19.240000000000002,53.7,0.2,10.740000000000002,10.0,0.7,13.0,198.7,23199.0,43879.0,23.2,18.9,39.0,29.91,5.03,103.0,47.0,0.4,0.5582120582120582
2026-02-12T17:52:35,02/12/202605:52,130.8,0.0,0.0,53.6,0.0,0.0,0.0,0.7,13.0,198.7,23199.0,43879.0,23.2,18.9,39.0,29.91,5.03,103.0,47.0,0.4,
2026-02-12T17:52:45,02/12/202605:52,130.7,0.0,0.0,53.5,0.0,0.0,0.0,0.7,13.0,198.7,23199.0,43879.0,23.2,18.9,39.0,29.91,5.03,103.0,47.0,0.4,
2026-02-12T17:53:46,02/12/202605:53,125.4,0.0,0.0,53.4,0.0,0.0,0.0,0.7,13.0,198.7,23199.0,43879.0,23.2,18.9,39.0,29.91,5.03,103.0,47.0,0.4,
2026-02-12T17:54:46,02/12/202605:54,129.6,0.0,0.0,53.4,0.0,0.0,0.0,0.7,13.0,198.7,23199.0,43879.0,23.3,18.9,39.0,29.91,5.03,103.0,47.0,0.4,
2026-02-12T17:55:46,02/12/202605:55,128.0,0.0,0.0,53.3,0.0,0.0,0.0,0.7,13.0,198.7,23199.0,43879.0,23.2,18.9,39.0,29.91,5.03,103.0,47.0,0.4,
2026-02-12T17:56:00,02/12/202605:56,129.0,0.0,0.0,53.3,0.0,0.0,0.0,0.7,13.0,198.7,23199.0,43879.0,23.2,18.9,39.0,29.91,5.03,103.0,47.0,0.4,
2026-02-12T17:57:00,02/12/202605:57,128.9,0.0,0.0,53.2,0.0,0.0,0.0,0.7,13.0,198.7,23199.0,43879.0,23.2,18.9,39.0,29.91,5.03,103.0,47.0,0.4,
2026-02-12T17:58:20,02/12/202605:58,128.4,0.0,0.0,53.1,0.0,0.0,0.0,0.7,13.0,198.7,23199.0,43879.0,23.2,18.9,39.0,29.91,5.03,103.0,47.0,0.4,
2026-02-12T17:59:21,02/12/202605:59,127.9,0.0,0.0,53.1,0.0,0.0,0.0,0.7,13.0,198.7,23199.0,43879.0,23.2,18.9,39.0,29.91,5.03,103.0,47.0,0.4,
2026-02-12T18:00:20,02/12/202606:00,127.3,0.0,0.0,53.1,0.0,0.0,0.0,0.7,13.0,198.7,23199.0,43879.0,23.2,18.9,39.0,29.91,5.03,103.0,47.0,0.4,
2026-02-12T18:02:05,02/12/202606:02,126.6,0.0,0.0,53.1,0.0,0.0,0.0,0.7,13.0,198.7,23199.0,43879.0,23.2,17.9,41.0,29.91,5.84,97.0,13.0,0.3,
2026-02-12T18:02:20,02/12/202606:02,125.8,0.0,0.0,53.0,0.0,0.0,0.0,0.7,13.0,198.7,23199.0,43879.0,23.3,17.9,41.0,29.91,5.84,97.0,13.0,0.3,
2026-02-12T18:03:20,02/12/202606:03,125.0,0.0,0.0,52.9,0.1,5.29,5.0,0.7,13.0,198.7,23199.0,43879.0,23.3,17.9,41.0,29.91,5.84,97.0,13.0,0.3,
2026-02-12T18:04:21,02/12/202606:04,124.1,0.0,0.0,52.9,0.0,0.0,0.0,0.7,13.0,198.7,23199.0,43879.0,23.3,17.9,41.0,29.91,5.84,97.0,13.0,0.3,
2026-02-12T18:05:20,02/12/202606:05,123.2,0.0,0.0,52.8,0.1,5.28,0.0,0.7,13.0,198.7,23199.0,43879.0,23.2,17.9,41.0,29.91,5.84,97.0,13.0,0.3,
2026-02-12T18:06:21,02/12/202606:06,122.2,0.0,0.0,52.8,0.0,0.0,0.0,0.7,13.0,198.7,23199.0,43879.0,23.2,17.9,41.0,29.91,5.84,97.0,13.0,0.3,
2026-02-12T18:07:21,02/12/202606:07,121.2,0.0,0.0,52.8,0.0,0.0,0.0,0.7,13.0,198.7,23199.0,43879.0,23.2,17.9,41.0,29.91,5.84,97.0,13.0,0.3,
2026-02-12T18:08:21,02/12/202606:08,120.2,0.0,0.0,52.8,0.0,0.0,0.0,0.7,13.0,198.7,23199.0,43879.0,23.3,17.9,41.0,29.91,5.84,97.0,13.0,0.3,
2026-02-12T18:09:20,02/12/202606:09,100.5,0.0,0.0,52.7,0.0,0.0,0.0,0.7,13.0,198.7,23199.0,43879.0,23.2,17.9,41.0,29.91,5.84,97.0,13.0,0.3,
2026-02-12T18:10:21,02/12/202606:10,118.0,0.0,0.0,52.7,0.0,0.0,0.0,0.7,13.0,198.7,23199.0,43879.0,23.3,17.9,41.0,29.91,5.84,97.0,13.0,0.3,
2026-02-12T18:11:21,02/12/202606:11,95.7,0.0,0.0,52.7,0.0,0.0,0.0,0.7,13.0,198.7,23199.0,43879.0,23.3,17.9,41.0,29.91,5.84,97.0,13.0,0.3,
2026-02-12T18:13:14,02/12/202606:13,115.1,0.0,0.0,52.6,0.0,0.0,0.0,0.7,13.0,198.7,23199.0,43879.0,23.3,17.9,41.0,29.91,5.84,97.0,13.0,0.3,
2026-02-12T18:13:21,02/12/202606:13,93.3,0.0,0.0,52.6,0.0,0.0,0.0,0.7,13.0,198.7,23199.0,43879.0,23.3,17.9,41.0,29.91,5.84,97.0,13.0,0.3,
2026-02-12T18:14:21,02/12/202606:14,109.3,0.0,0.0,52.6,0.0,0.0,0.0,0.7,13.0,198.7,23199.0,43879.0,23.2,17.9,41.0,29.91,5.84,97.0,13.0,0.3,
2026-02-12T18:15:21,02/12/202606:15,83.9,0.0,0.0,52.5,0.0,0.0,0.0,0.7,13.0,198.7,23199.0,43879.0,23.2,17.9,41.0,29.91,5.84,97.0,13.0,0.3,
2026-02-12T18:15:57,02/12/202606:15,77.7,0.0,0.0,52.5,0.0,0.0,0.0,0.7,13.0,198.7,23199.0,43879.0,23.2,17.2,43.0,29.91,5.9,99.0,0.0,0.2,
2026-02-12T18:16:57,02/12/202606:16,53.1,0.0,0.0,52.5,0.0,0.0,0.0,0.7,13.0,198.7,23199.0,43879.0,23.2,17.2,43.0,29.91,5.9,99.0,0.0,0.2,
2026-02-12T18:18:26,02/12/202606:18,53.1,0.0,0.0,52.4,0.0,0.0,0.0,0.7,13.0,198.7,23199.0,43879.0,23.3,17.2,43.0,29.91,5.9,99.0,0.0,0.2,
2026-02-12T18:19:26,02/12/202606:19,53.0,0.0,0.0,52.5,0.0,0.0,0.0,0.7,13.0,198.7,23199.0,43879.0,23.3,17.2,43.0,29.91,5.9,99.0,0.0,0.2,
2026-02-12T18:21:26,02/12/202606:21,52.9,0.0,0.0,52.3,0.0,0.0,0.0,0.7,13.0,198.7,23199.0,43879.0,23.3,17.2,43.0,29.91,5.9,99.0,0.0,0.2,
2026-02-12T18:22:25,02/12/202606:22,53.0,0.0,0.0,52.4,0.0,0.0,0.0,0.7,13.0,198.7,23199.0,43879.0,23.3,17.2,43.0,29.91,5.9,99.0,0.0,0.2,
2026-02-12T18:24:25,02/12/202606:24,53.0,0.0,0.0,52.3,0.0,0.0,0.0,0.7,13.0,198.7,23199.0,43879.0,23.3,17.2,43.0,29.91,5.9,99.0,0.0,0.2,
2026-02-12T18:25:25,02/12/202606:25,46.4,0.0,0.0,52.3,0.0,0.0,0.0,0.7,13.0,198.7,23199.0,43879.0,23.3,17.2,43.0,29.91,5.9,99.0,0.0,0.2,
2026-02-12T18:26:26,02/12/202606:26,40.7,0.0,0.0,52.3,0.0,0.0,0.0,0.7,13.0,198.7,23199.0,43879.0,23.3,17.2,43.0,29.91,5.9,99.0,0.0,0.2,
2026-02-12T18:27:25,02/12/202606:27,36.2,0.0,0.0,52.3,0.0,0.0,0.0,0.7,13.0,198.7,23199.0,43879.0,23.3,17.1,43.0,29.91,5.9,99.0,0.0,0.2,
2026-02-12T18:28:25,02/12/202606:28,32.9,0.0,0.0,52.2,0.0,0.0,0.0,0.7,13.0,198.7,23199.0,43879.0,23.3,17.1,43.0,29.91,6.28,92.0,0.0,0.2,
2026-02-12T18:29:26,02/12/202606:29,30.4,0.0,0.0,52.3,0.0,0.0,0.0,0.7,13.0,198.7,23199.0,43879.0,23.3,17.1,43.0,29.91,6.28,92.0,0.0,0.2,
2026-02-12T18:30:26,02/12/202606:30,28.6,0.0,0.0,52.2,0.0,0.0,0.0,0.7,13.0,198.7,23199.0,43879.0,23.3,17.1,43.0,29.91,6.28,92.0,0.0,0.2,
2026-02-12T18:31:25,02/12/202606:31,27.2,0.0,0.0,52.2,0.0,0.0,0.0,0.7,13.0,198.7,23199.0,43879.0,23.3,16.5,45.0,29.94,6.28,94.0,0.0,0.1,
2026-02-12T18:32:25,02/12/202606:32,26.0,0.0,0.0,52.2,0.0,0.0,0.0,0.7,13.0,198.7,23199.0,43879.0,23.3,16.5,45.0,29.94,6.28,94.0,0.0,0.1,
2026-02-12T18:33:26,02/12/202606:33,25.1,0.0,0.0,52.2,0.0,0.0,0.0,0.7,13.0,198.7,23199.0,43879.0,23.3,16.5,45.0,29.94,6.28,94.0,0.0,0.1,
2026-02-12T18:35:33,02/12/202606:35,23.8,0.0,0.0,52.2,0.0,0.0,0.0,0.7,13.0,198.7,23199.0,43879.0,23.3,16.5,45.0,29.94,6.28,94.0,0.0,0.1,
2026-02-12T18:36:30,02/12/202606:36,23.4,0.0,0.0,52.1,0.0,0.0,0.0,0.7,13.0,198.7,23199.0,43879.0,23.3,16.5,45.0,29.94,6.28,94.0,0.0,0.1,
2026-02-12T18:37:30,02/12/202606:37,23.2,0.0,0.0,52.2,0.0,0.0,0.0,0.7,13.0,198.7,23199.0,43879.0,23.3,16.5,45.0,29.94,6.28,94.0,0.0,0.1,
2026-02-12T18:38:30,02/12/202606:38,22.9,0.0,0.0,52.1,0.0,0.0,0.0,0.7,13.0,198.7,23199.0,43879.0,23.3,16.5,45.0,29.94,6.28,94.0,0.0,0.1,
2026-02-12T18:39:30,02/12/202606:39,22.8,0.0,0.0,52.1,0.0,0.0,0.0,0.7,13.0,198.7,23199.0,43879.0,23.3,16.5,45.0,29.94,6.28,94.0,0.0,0.1,
2026-02-12T18:41:22,02/12/202606:41,22.7,0.0,0.0,52.1,0.0,0.0,0.0,0.7,13.0,198.7,23199.0,43879.0,23.3,16.5,45.0,29.94,6.28,94.0,0.0,0.1,
2026-02-12T18:42:22,02/12/202606:42,22.6,0.0,0.0,52.1,0.0,0.0,0.0,0.7,13.0,198.7,23199.0,43879.0,23.3,16.5,45.0,29.94,6.28,94.0,0.0,0.1,
2026-02-12T18:44:23,02/12/202606:44,22.5,0.0,0.0,52.0,0.0,0.0,0.0,0.7,13.0,198.7,23199.0,43879.0,23.3,16.5,45.0,29.94,6.28,94.0,0.0,0.1,
2026-02-12T18:46:42,02/12/202606:46,22.5,0.0,0.0,52.0,0.0,0.0,0.0,0.7,13.0,198.7,23199.0,43879.0,23.3,16.0,46.0,29.94,6.53,94.0,0.0,0.0,
2026-02-12T18:49:23,02/12/202606:49,22.4,0.0,0.0,52.1,0.0,0.0,0.0,0.7,13.0,198.7,23199.0,43879.0,23.3,16.0,46.0,29.94,6.53,94.0,0.0,0.0,
2026-02-12T18:57:52,02/12/202606:57,22.4,0.0,0.0,52.0,0.0,0.0,0.0,0.7,13.0,198.7,23199.0,43879.0,23.3,16.0,46.0,29.94,6.53,94.0,0.0,0.0,
2026-02-12T19:00:19,02/12/202607:00,22.3,0.0,0.0,52.0,0.0,0.0,0.0,0.7,13.0,198.7,23199.0,43879.0,23.3,15.6,46.0,29.94,5.9,99.0,0.0,0.0,
2026-02-12T19:03:19,02/12/202607:03,22.4,0.0,0.0,52.0,0.0,0.0,0.0,0.7,13.0,198.7,23199.0,43879.0,23.3,15.6,46.0,29.94,5.9,99.0,0.0,0.0,
2026-02-12T19:04:42,02/12/202607:04,22.3,0.0,0.0,52.0,0.0,0.0,0.0,0.7,13.0,198.7,23199.0,43879.0,23.3,15.6,46.0,29.94,5.9,99.0,0.0,0.0,
2026-02-12T19:04:53,02/12/202607:04,22.4,0.0,0.0,52.0,0.0,0.0,0.0,0.7,13.0,198.7,23199.0,43879.0,23.3,15.6,46.0,29.94,5.9,99.0,0.0,0.0,
2026-02-12T19:05:52,02/12/202607:05,22.3,0.0,0.0,51.9,0.0,0.0,0.0,0.7,13.0,198.7,23199.0,43879.0,23.3,15.6,46.0,29.94,5.9,99.0,0.0,0.0,
2026-02-12T19:06:52,02/12/202607:06,22.4,0.0,0.0,52.0,0.0,0.0,0.0,0.7,13.0,198.7,23199.0,43879.0,23.3,15.6,46.0,29.94,5.9,99.0,0.0,0.0,
2026-02-12T19:09:01,02/12/202607:09,22.3,0.0,0.0,51.9,0.0,0.0,0.0,0.7,13.0,198.7,23199.0,43879.0,23.3,15.6,46.0,29.94,5.9,99.0,0.0,0.0,
2026-02-12T19:14:02,02/12/202607:14,22.4,0.0,0.0,52.0,0.0,0.0,0.0,0.7,13.0,198.7,23199.0,43879.0,23.3,15.6,46.0,29.94,5.9,99.0,0.0,0.0,
2026-02-12T19:15:01,02/12/202607:15,22.3,0.0,0.0,52.0,0.0,0.0,0.0,0.7,13.0,198.7,23199.0,43879.0,23.3,15.6,46.0,29.94,5.9,99.0,0.0,0.0,
2026-02-12T19:16:01,02/12/202607:16,22.4,0.0,0.0,51.9,0.0,0.0,0.0,0.7,13.0,198.7,23199.0,43879.0,23.3,15.1,46.0,29.94,6.21,103.0,0.0,0.0,
2026-02-12T19:17:01,02/12/202607:17,22.3,0.0,0.0,51.9,0.0,0.0,0.0,0.7,13.0,198.7,23199.0,43879.0,23.3,15.1,46.0,29.94,6.21,103.0,0.0,0.0,
2026-02-12T19:18:02,02/12/202607:18,22.4,0.0,0.0,51.9,0.0,0.0,0.0,0.7,13.0,198.7,23199.0,43879.0,23.3,15.1,46.0,29.94,6.21,103.0,0.0,0.0,
2026-02-12T19:20:11,02/12/202607:20,22.3,0.0,0.0,51.9,0.0,0.0,0.0,0.7,13.0,198.7,23199.0,43879.0,23.3,15.6,46.0,29.94,6.21,103.0,0.0,0.0,
2026-02-12T19:24:45,02/12/202607:24,22.4,0.0,0.0,51.9,0.0,0.0,0.0,0.7,13.0,198.7,23199.0,43879.0,23.3,15.6,46.0,29.94,6.09,98.0,0.0,0.0,
2026-02-12T19:27:45,02/12/202607:27,22.3,0.0,0.0,51.9,0.0,0.0,0.0,0.7,13.0,198.7,23199.0,43879.0,23.3,15.6,46.0,29.94,6.09,98.0,0.0,0.0,
2026-02-12T19:29:46,02/12/202607:29,22.4,0.0,0.0,51.9,0.0,0.0,0.0,0.7,13.0,198.7,23199.0,43879.0,23.3,15.6,46.0,29.94,6.09,98.0,0.0,0.0,
2026-02-12T19:31:22,02/12/202607:31,22.4,0.0,0.0,51.9,0.0,0.0,0.0,0.7,13.0,198.7,23199.0,43879.0,23.3,15.0,47.0,29.94,5.66,97.0,0.0,0.0,
2026-02-12T19:33:45,02/12/202607:33,22.3,0.0,0.0,51.9,0.0,0.0,0.0,0.7,13.0,198.7,23199.0,43879.0,23.3,15.0,47.0,29.94,5.66,97.0,0.0,0.0,
2026-02-12T19:34:10,02/12/202607:34,22.4,0.0,0.0,52.0,0.0,0.0,0.0,0.7,13.0,198.7,23199.0,43879.0,23.3,15.0,47.0,29.94,5.66,97.0,0.0,0.0,
2026-02-12T19:40:10,02/12/202607:40,22.3,0.0,0.0,51.9,0.0,0.0,0.0,0.7,13.0,198.7,23199.0,43879.0,23.3,15.0,47.0,29.94,5.66,97.0,0.0,0.0,
2026-02-12T19:42:31,02/12/202607:42,22.4,0.0,0.0,51.9,0.0,0.0,0.0,0.7,13.0,198.7,23199.0,43879.0,23.3,15.0,47.0,29.94,5.66,97.0,0.0,0.0,
2026-02-12T19:42:36,02/12/202607:42,22.3,0.0,0.0,51.9,0.0,0.0,0.0,0.7,13.0,198.7,23199.0,43879.0,23.3,15.0,47.0,29.94,5.66,97.0,0.0,0.0,
2026-02-12T19:43:37,02/12/202607:43,22.4,0.0,0.0,51.9,0.0,0.0,0.0,0.7,13.0,198.7,23199.0,43879.0,23.3,15.0,47.0,29.94,5.66,97.0,0.0,0.0,
2026-02-12T19:43:50,02/12/202607:43,22.3,0.0,0.0,51.9,0.0,0.0,0.0,0.7,13.0,198.7,23199.0,43879.0,23.3,15.0,47.0,29.94,5.66,97.0,0.0,0.0,
2026-02-12T19:49:50,02/12/202607:49,22.4,0.0,0.0,51.8,0.0,0.0,0.0,0.7,13.0,198.7,23199.0,43879.0,23.3,14.7,47.0,29.94,6.28,92.0,0.0,0.0,
2026-02-12T19:50:50,02/12/202607:50,22.3,0.0,0.0,51.8,0.0,0.0,0.0,0.7,13.0,198.7,23199.0,43879.0,23.3,14.7,47.0,29.94,6.28,92.0,0.0,0.0,
2026-02-12T19:51:50,02/12/202607:51,22.4,0.0,0.0,51.9,0.0,0.0,0.0,0.7,13.0,198.7,23199.0,43879.0,23.3,14.7,47.0,29.94,6.28,92.0,0.0,0.0,
2026-02-12T19:53:39,02/12/202607:53,22.4,0.0,0.0,51.9,0.0,0.0,0.0,0.7,13.0,198.7,23199.0,43879.0,23.4,14.7,47.0,29.94,6.28,92.0,0.0,0.0,
2026-02-12T19:54:50,02/12/202607:54,22.3,0.0,0.0,51.9,0.0,0.0,0.0,0.7,13.0,198.7,23199.0,43879.0,23.3,14.7,47.0,29.94,6.28,92.0,0.0,0.0,
2026-02-12T19:55:52,02/12/202607:55,22.4,0.0,0.0,51.8,0.0,0.0,0.0,0.7,13.0,198.7,23199.0,43879.0,23.3,14.7,47.0,29.94,6.28,92.0,0.0,0.0,
2026-02-12T19:56:52,02/12/202607:56,22.3,0.0,0.0,51.9,0.0,0.0,0.0,0.7,13.0,198.7,23199.0,43879.0,23.3,14.7,47.0,29.94,6.28,92.0,0.0,0.0,
2026-02-12T19:57:53,02/12/202607:57,21.3,0.0,0.0,51.9,0.0,0.0,0.0,0.7,13.0,198.7,23199.0,43879.0,23.3,14.7,47.0,29.94,6.28,92.0,0.0,0.0,
2026-02-12T19:58:52,02/12/202607:58,20.5,0.0,0.0,51.9,0.0,0.0,0.0,0.7,13.0,198.7,23199.0,43879.0,23.3,14.7,47.0,29.94,6.28,92.0,0.0,0.0,
2026-02-12T19:59:52,02/12/202607:59,20.4,0.0,0.0,51.8,0.0,0.0,0.0,0.7,13.0,198.7,23199.0,43879.0,23.3,14.7,47.0,29.94,6.28,92.0,0.0,0.0,
2026-02-12T20:01:53,02/12/202608:01,20.5,0.0,0.0,51.8,0.0,0.0,0.0,0.7,13.0,198.7,23199.0,43879.0,23.3,14.4,48.0,29.94,6.71,94.0,0.0,0.0,
2026-02-12T20:04:48,02/12/202608:04,20.4,0.0,0.0,51.9,0.0,0.0,0.0,0.7,13.0,198.7,23199.0,43879.0,23.4,14.4,48.0,29.94,6.71,94.0,0.0,0.0,
2026-02-12T20:06:10,02/12/202608:06,20.4,0.0,0.0,51.8,0.0,0.0,0.0,0.7,13.0,198.7,23199.0,43879.0,23.3,14.4,48.0,29.94,6.71,94.0,0.0,0.0,
2026-02-12T20:07:11,02/12/202608:07,20.5,0.0,0.0,51.9,0.0,0.0,0.0,0.7,13.0,198.7,23199.0,43879.0,23.3,14.4,48.0,29.94,6.71,94.0,0.0,0.0,
2026-02-12T20:09:10,02/12/202608:09,20.4,0.0,0.0,51.8,0.0,0.0,0.0,0.7,13.0,198.7,23199.0,43879.0,23.3,14.4,48.0,29.94,6.71,94.0,0.0,0.0,
2026-02-12T20:12:10,02/12/202608:12,20.5,0.0,0.0,51.8,0.0,0.0,0.0,0.7,13.0,198.7,23199.0,43879.0,23.3,14.4,48.0,29.94,6.71,94.0,0.0,0.0,
2026-02-12T20:13:11,02/12/202608:13,20.4,0.0,0.0,51.8,0.0,0.0,0.0,0.7,13.0,198.7,23199.0,43879.0,23.3,14.4,48.0,29.94,6.71,94.0,0.0,0.0,
2026-02-12T20:13:51,02/12/202608:13,20.5,0.0,0.0,51.9,0.0,0.0,0.0,0.7,13.0,198.7,23199.0,43879.0,23.3,14.4,48.0,29.94,6.71,94.0,0.0,0.0,
2026-02-12T20:15:57,02/12/202608:15,20.5,0.0,0.0,51.9,0.0,0.0,0.0,0.7,13.0,198.7,23199.0,43879.0,23.3,14.4,48.0,29.94,6.71,94.0,0.0,0.0,
2026-02-12T20:17:56,02/12/202608:17,20.4,0.0,0.0,51.8,0.0,0.0,0.0,0.7,13.0,198.7,23199.0,43879.0,23.4,14.2,49.0,29.94,7.52,100.0,0.0,0.0,
2026-02-12T20:18:57,02/12/202608:18,20.5,0.0,0.0,51.9,0.0,0.0,0.0,0.7,13.0,198.7,23199.0,43879.0,23.3,14.2,49.0,29.94,7.52,100.0,0.0,0.0,
2026-02-12T20:19:56,02/12/202608:19,20.4,0.0,0.0,51.8,0.0,0.0,0.0,0.7,13.0,198.7,23199.0,43879.0,23.3,14.2,49.0,29.94,7.52,100.0,0.0,0.0,
2026-02-12T20:22:31,02/12/202608:22,20.4,0.0,0.0,51.8,0.0,0.0,0.0,0.7,13.0,198.7,23199.0,43879.0,23.4,14.2,49.0,29.94,7.52,100.0,0.0,0.0,
2026-02-12T20:23:32,02/12/202608:23,20.5,0.0,0.0,51.9,0.0,0.0,0.0,0.7,13.0,198.7,23199.0,43879.0,23.3,14.2,49.0,29.94,7.52,100.0,0.0,0.0,
2026-02-12T20:25:31,02/12/202608:25,20.4,0.0,0.0,51.9,0.0,0.0,0.0,0.7,13.0,198.7,23199.0,43879.0,23.3,14.2,49.0,29.94,7.52,100.0,0.0,0.0,
2026-02-12T20:27:06,02/12/202608:27,20.4,0.0,0.0,51.9,0.0,0.0,0.0,0.7,13.0,198.7,23199.0,43879.0,23.3,14.2,49.0,29.94,7.52,100.0,0.0,0.0,
2026-02-12T20:27:30,02/12/202608:27,20.5,0.0,0.0,51.9,0.0,0.0,0.0,0.7,13.0,198.7,23199.0,43879.0,23.3,14.2,49.0,29.94,7.52,100.0,0.0,0.0,
2026-02-12T20:29:30,02/12/202608:29,20.4,0.0,0.0,51.9,0.0,0.0,0.0,0.7,13.0,198.7,23199.0,43879.0,23.3,14.2,49.0,29.94,7.52,100.0,0.0,0.0,
2026-02-12T20:30:30,02/12/202608:30,20.5,0.0,0.0,51.9,0.0,0.0,0.0,0.7,13.0,198.7,23199.0,43879.0,23.4,14.0,49.0,29.94,7.33,102.0,0.0,0.0,
2026-02-12T20:36:27,02/12/202608:36,20.4,0.0,0.0,51.8,0.0,0.0,0.0,0.7,13.0,198.7,23199.0,43879.0,23.3,14.0,49.0,29.94,7.33,102.0,0.0,0.0,
2026-02-12T20:38:15,02/12/202608:38,20.4,0.0,0.0,51.8,0.0,0.0,0.0,0.7,13.0,198.7,23199.0,43879.0,23.3,14.0,49.0,29.94,7.33,102.0,0.0,0.0,
2026-02-12T20:39:27,02/12/202608:39,20.5,0.0,0.0,51.8,0.0,0.0,0.0,0.7,13.0,198.7,23199.0,43879.0,23.3,14.0,49.0,29.94,7.33,102.0,0.0,0.0,
2026-02-12T20:40:27,02/12/202608:40,20.4,0.0,0.0,51.8,0.0,0.0,0.0,0.7,13.0,198.7,23199.0,43879.0,23.3,14.0,49.0,29.94,7.33,102.0,0.0,0.0,
2026-02-12T20:41:27,02/12/202608:41,20.5,0.0,0.0,51.8,0.0,0.0,0.0,0.7,13.0,198.7,23199.0,43879.0,23.3,14.0,49.0,29.94,7.33,102.0,0.0,0.0,
2026-02-12T20:42:27,02/12/202608:42,20.4,0.0,0.0,51.8,0.0,0.0,0.0,0.7,13.0,198.7,23199.0,43879.0,23.3,14.0,49.0,29.94,7.33,102.0,0.0,0.0,
2026-02-12T20:43:28,02/12/202608:43,20.5,0.0,0.0,51.9,0.0,0.0,0.0,0.7,13.0,198.7,23199.0,43879.0,23.3,14.0,51.0,29.97,7.33,102.0,0.0,0.0,
2026-02-12T20:44:27,02/12/202608:44,20.4,0.0,0.0,51.8,0.0,0.0,0.0,0.7,13.0,198.7,23199.0,43879.0,23.3,14.0,51.0,29.97,7.33,102.0,0.0,0.0,
2026-02-12T20:46:28,02/12/202608:46,20.5,0.0,0.0,51.8,0.0,0.0,0.0,0.7,13.0,198.7,23199.0,43879.0,23.3,13.7,51.0,29.97,7.89,98.0,0.0,0.0,
2026-02-12T20:49:24,02/12/202608:49,20.5,0.0,0.0,51.8,0.0,0.0,0.0,0.7,13.0,198.7,23199.0,43879.0,23.3,12.9,51.0,29.97,6.53,84.0,0.0,0.0,
2026-02-12T20:49:27,02/12/202608:49,20.4,0.0,0.0,51.8,0.0,0.0,0.0,0.7,13.0,198.7,23199.0,43879.0,23.3,12.9,51.0,29.97,6.53,84.0,0.0,0.0,
2026-02-12T20:51:27,02/12/202608:51,20.5,0.0,0.0,51.9,0.0,0.0,0.0,0.7,13.0,198.7,23199.0,43879.0,23.3,12.9,51.0,29.97,6.53,84.0,0.0,0.0,
2026-02-12T20:52:27,02/12/202608:52,20.4,0.0,0.0,51.8,0.0,0.0,0.0,0.7,13.0,198.7,23199.0,43879.0,23.4,12.9,51.0,29.97,6.53,84.0,0.0,0.0,
2026-02-12T20:53:27,02/12/202608:53,20.5,0.0,0.0,51.8,0.0,0.0,0.0,0.7,13.0,198.7,23199.0,43879.0,23.3,12.9,51.0,29.97,6.53,84.0,0.0,0.0,
2026-02-12T20:54:28,02/12/202608:54,20.4,0.0,0.0,51.8,0.0,0.0,0.0,0.7,13.0,198.7,23199.0,43879.0,23.3,12.9,51.0,29.97,6.53,84.0,0.0,0.0,
2026-02-12T20:55:27,02/12/202608:55,20.5,0.0,0.0,51.8,0.0,0.0,0.0,0.7,13.0,198.7,23199.0,43879.0,23.3,12.9,51.0,29.97,6.53,84.0,0.0,0.0,
2026-02-12T20:56:27,02/12/202608:56,20.4,0.0,0.0,51.8,0.0,0.0,0.0,0.7,13.0,198.7,23199.0,43879.0,23.3,12.9,51.0,29.97,6.53,84.0,0.0,0.0,
2026-02-12T20:57:28,02/12/202608:57,20.5,0.0,0.0,51.9,0.0,0.0,0.0,0.7,13.0,198.7,23199.0,43879.0,23.3,12.9,51.0,29.97,6.53,84.0,0.0,0.0,
2026-02-12T20:57:56,02/12/202608:57,20.4,0.0,0.0,51.8,0.0,0.0,0.0,0.7,13.0,198.7,23199.0,43879.0,23.3,12.9,51.0,29.97,6.53,84.0,0.0,0.0,
2026-02-12T21:03:00,02/12/202609:02,20.4,0.0,0.0,51.8,0.0,0.0,0.0,0.7,13.0,198.7,23199.0,43879.0,23.3,12.7,51.0,29.97,6.96,88.0,0.0,0.0,
2026-02-12T21:11:57,02/12/202609:11,20.5,0.0,0.0,51.8,0.0,0.0,0.0,0.7,13.0,198.7,23199.0,43879.0,23.3,12.7,51.0,29.97,6.96,88.0,0.0,0.0,
2026-02-12T21:14:10,02/12/202609:14,20.5,0.0,0.0,51.8,0.0,0.0,0.0,0.7,13.0,198.7,23199.0,43879.0,23.3,12.7,51.0,29.97,6.96,88.0,0.0,0.0,
2026-02-12T21:14:57,02/12/202609:14,20.4,0.0,0.0,51.8,0.0,0.0,0.0,0.7,13.0,198.7,23199.0,43879.0,23.3,12.7,51.0,29.97,6.96,88.0,0.0,0.0,
2026-02-12T21:25:19,02/12/202609:25,20.4,0.0,0.0,51.8,0.0,0.0,0.0,0.7,13.0,198.7,23199.0,43879.0,23.3,12.5,52.0,29.97,6.96,94.0,0.0,0.0,
2026-02-12T21:36:28,02/12/202609:36,20.4,0.0,0.0,51.8,0.0,0.0,0.0,0.7,13.0,198.7,23199.0,43879.0,23.3,11.4,53.0,29.97,4.72,98.0,0.0,0.0,
2026-02-12T21:37:58,02/12/202609:37,20.3,0.0,0.0,51.8,0.0,0.0,0.0,0.7,13.0,198.7,23199.0,43879.0,23.3,11.4,53.0,29.97,4.72,98.0,0.0,0.0,
2026-02-12T21:38:58,02/12/202609:38,20.4,0.0,0.0,51.8,0.0,0.0,0.0,0.7,13.0,198.7,23199.0,43879.0,23.3,11.4,53.0,29.97,4.72,98.0,0.0,0.0,
2026-02-12T21:43:03,02/12/202609:43,20.4,0.0,0.0,51.8,0.0,0.0,0.0,0.7,13.0,198.7,23199.0,43879.0,23.3,11.4,53.0,29.97,4.72,98.0,0.0,0.0,
2026-02-12T21:47:38,02/12/202609:47,20.4,0.0,0.0,51.8,0.0,0.0,0.0,0.7,13.0,198.7,23199.0,43879.0,23.3,11.2,53.0,29.97,4.72,90.0,0.0,0.0,
2026-02-12T21:58:47,02/12/202609:58,20.3,0.0,0.0,51.8,0.0,0.0,0.0,0.7,13.0,198.7,23199.0,43879.0,23.3,11.2,53.0,29.97,4.72,90.0,0.0,0.0,
2026-02-12T21:58:52,02/12/202609:58,20.4,0.0,0.0,51.8,0.0,0.0,0.0,0.7,13.0,198.7,23199.0,43879.0,23.3,11.2,53.0,29.97,4.72,90.0,0.0,0.0,
2026-02-12T22:03:03,02/12/202610:03,20.3,0.0,0.0,51.8,0.0,0.0,0.0,0.7,13.0,198.7,23199.0,43879.0,23.3,11.0,53.0,29.97,5.59,90.0,0.0,0.0,
2026-02-12T22:03:53,02/12/202610:03,20.4,0.0,0.0,51.8,0.0,0.0,0.0,0.7,13.0,198.7,23199.0,43879.0,23.3,11.0,53.0,29.97,5.59,90.0,0.0,0.0,
2026-02-12T22:09:58,02/12/202610:09,20.4,0.0,0.0,51.7,0.0,0.0,0.0,0.7,13.0,198.7,23199.0,43879.0,23.3,11.0,53.0,29.97,5.59,90.0,0.0,0.0,
2026-02-12T22:21:06,02/12/202610:21,20.4,0.0,0.0,51.7,0.0,0.0,0.0,0.7,13.0,198.7,23199.0,43879.0,23.3,11.0,54.0,29.97,5.66,83.0,0.0,0.0,
2026-02-12T22:25:57,02/12/202610:25,20.3,0.0,0.0,51.8,0.0,0.0,0.0,0.7,13.0,198.7,23199.0,43879.0,23.3,11.0,54.0,29.97,5.66,83.0,0.0,0.0,
2026-02-12T22:26:57,02/12/202610:26,20.4,0.0,0.0,51.7,0.0,0.0,0.0,0.7,13.0,198.7,23199.0,43879.0,23.3,11.3,54.0,29.97,6.09,82.0,0.0,0.0,
2026-02-12T22:32:15,02/12/202610:32,20.4,0.0,0.0,51.8,0.0,0.0,0.0,0.7,13.0,198.7,23199.0,43879.0,23.3,11.2,57.0,29.97,6.03,86.0,0.0,0.0,
