timestamp,HMI_Timestamp,PV_Voltage_V,PV_Current_A,PV_Power_W,Battery_Voltage_V,Battery_Current_A,Battery_Power_W,Avg_Power_to_Battery_W,Daily_Energy_kWh,Daily_Charge_Ah,History_Max_Input_Voltage_V,Lifetime_Energy_Gen_kWh,Lifetime_Charge_Ah,Battery_Temp_C,Air_Temp_C,Humidity_pct,Air_Pressure_inHg,Wind_Speed_ms,Wind_Direction_deg,Solar_Irradiance_Wm2,UV_Index,Est_Efficiency
2026-02-18T00:12:55,02/18/202600:12,20.3,0.0,0.0,51.6,0.0,0.0,0.0,0.0,0.0,198.7,23248.0,43971.0,24.0,18.5,21.0,29.62,11.25,275.0,0.0,0.0,
2026-02-18T00:17:40,02/18/202600:17,20.2,0.0,0.0,51.6,0.0,0.0,0.0,0.0,0.0,198.7,23248.0,43971.0,24.0,18.1,20.0,29.62,11.56,279.0,0.0,0.0,
2026-02-18T00:19:40,02/18/202600:19,20.3,0.0,0.0,51.6,0.0,0.0,0.0,0.0,0.0,198.7,23248.0,43971.0,24.0,18.1,20.0,29.62,11.56,279.0,0.0,0.0,
2026-02-18T00:24:04,02/18/202600:24,20.3,0.0,0.0,51.5,0.0,0.0,0.0,0.0,0.0,198.7,23248.0,43971.0,24.0,18.1,20.0,29.62,11.56,279.0,0.0,0.0,
2026-02-18T00:27:09,02/18/202600:27,20.2,0.0,0.0,51.6,0.0,0.0,0.0,0.0,0.0,198.7,23248.0,43971.0,24.0,18.1,20.0,29.62,11.56,279.0,0.0,0.0,
2026-02-18T00:29:09,02/18/202600:29,20.3,0.0,0.0,51.5,0.0,0.0,0.0,0.0,0.0,198.7,23248.0,43971.0,24.0,18.1,20.0,29.62,11.56,279.0,0.0,0.0,
2026-02-18T00:35:13,02/18/202600:35,20.3,0.0,0.0,51.5,0.0,0.0,0.0,0.0,0.0,198.7,23248.0,43971.0,24.0,18.0,19.0,29.62,12.86,277.0,0.0,0.0,
2026-02-18T00:46:22,02/18/202600:46,20.3,0.0,0.0,51.5,0.0,0.0,0.0,0.0,0.0,198.7,23248.0,43971.0,24.0,17.4,19.0,29.62,11.19,272.0,0.0,0.0,
2026-02-18T00:57:31,02/18/202600:57,20.3,0.0,0.0,51.5,0.0,0.0,0.0,0.0,0.0,198.7,23248.0,43971.0,24.0,17.4,19.0,29.62,11.19,272.0,0.0,0.0,
2026-02-18T01:08:40,02/18/202601:08,20.2,0.0,0.0,51.5,0.0,0.0,0.0,0.0,0.0,198.7,23248.0,43971.0,24.0,16.9,19.0,29.62,11.19,270.0,0.0,0.0,
2026-02-18T01:09:37,02/18/202601:09,20.3,0.0,0.0,51.5,0.0,0.0,0.0,0.0,0.0,198.7,23248.0,43971.0,24.0,16.9,19.0,29.62,11.19,270.0,0.0,0.0,
2026-02-18T01:19:49,02/18/202601:19,20.2,0.0,0.0,51.5,0.0,0.0,0.0,0.0,0.0,198.7,23248.0,43971.0,24.0,16.5,20.0,29.62,10.94,270.0,0.0,0.0,
2026-02-18T01:19:51,02/18/202601:19,20.3,0.0,0.0,51.5,0.0,0.0,0.0,0.0,0.0,198.7,23248.0,43971.0,24.0,17.2,20.0,29.62,10.07,271.0,0.0,0.0,
2026-02-18T01:30:58,02/18/202601:30,20.3,0.0,0.0,51.5,0.0,0.0,0.0,0.0,0.0,198.7,23248.0,43971.0,24.0,17.2,20.0,29.62,10.07,271.0,0.0,0.0,
2026-02-18T01:38:06,02/18/202601:38,20.2,0.0,0.0,51.5,0.0,0.0,0.0,0.0,0.0,198.7,23248.0,43971.0,24.0,16.5,21.0,29.65,9.2,269.0,0.0,0.0,
2026-02-18T01:39:06,02/18/202601:39,20.3,0.0,0.0,51.4,0.0,0.0,0.0,0.0,0.0,198.7,23248.0,43971.0,24.0,16.5,21.0,29.65,9.2,269.0,0.0,0.0,
2026-02-18T01:42:07,02/18/202601:42,20.3,0.0,0.0,51.5,0.0,0.0,0.0,0.0,0.0,198.7,23248.0,43971.0,24.0,16.5,21.0,29.65,9.2,269.0,0.0,0.0,
2026-02-18T01:47:06,02/18/202601:47,20.2,0.0,0.0,51.4,0.0,0.0,0.0,0.0,0.0,198.7,23248.0,43971.0,24.0,15.9,21.0,29.65,8.51,275.0,0.0,0.0,
2026-02-18T01:48:06,02/18/202601:48,20.3,0.0,0.0,51.5,0.0,0.0,0.0,0.0,0.0,198.7,23248.0,43971.0,24.0,15.9,21.0,29.65,8.51,275.0,0.0,0.0,
2026-02-18T01:51:15,02/18/202601:51,20.2,0.0,0.0,51.5,0.0,0.0,0.0,0.0,0.0,198.7,23248.0,43971.0,24.0,15.9,21.0,29.65,8.51,275.0,0.0,0.0,
2026-02-18T01:53:16,02/18/202601:53,20.3,0.0,0.0,51.5,0.0,0.0,0.0,0.0,0.0,198.7,23248.0,43971.0,24.0,15.9,21.0,29.65,8.51,275.0,0.0,0.0,
2026-02-18T01:56:15,02/18/202601:56,20.2,0.0,0.0,51.5,0.0,0.0,0.0,0.0,0.0,198.7,23248.0,43971.0,24.0,15.9,22.0,29.68,8.51,275.0,0.0,0.0,
2026-02-18T01:57:16,02/18/202601:57,20.3,0.0,0.0,51.5,0.0,0.0,0.0,0.0,0.0,198.7,23248.0,43971.0,24.0,15.9,22.0,29.68,8.51,275.0,0.0,0.0,
2026-02-18T02:02:15,02/18/202602:02,20.2,0.0,0.0,51.5,0.0,0.0,0.0,0.0,0.0,198.7,23248.0,43971.0,24.0,15.5,23.0,29.68,8.76,276.0,0.0,0.0,
2026-02-18T02:04:25,02/18/202602:04,20.3,0.0,0.0,51.5,0.0,0.0,0.0,0.0,0.0,198.7,23248.0,43971.0,24.0,15.5,23.0,29.68,8.76,276.0,0.0,0.0,
2026-02-18T02:11:53,02/18/202602:11,20.2,0.0,0.0,51.5,0.0,0.0,0.0,0.0,0.0,198.7,23248.0,43971.0,24.0,15.5,23.0,29.68,8.76,276.0,0.0,0.0,
2026-02-18T02:12:52,02/18/202602:12,20.3,0.0,0.0,51.4,0.0,0.0,0.0,0.0,0.0,198.7,23248.0,43971.0,23.9,15.5,23.0,29.68,8.76,276.0,0.0,0.0,
2026-02-18T02:15:34,02/18/202602:15,20.3,0.0,0.0,51.5,0.0,0.0,0.0,0.0,0.0,198.7,23248.0,43971.0,23.9,15.5,23.0,29.68,8.76,276.0,0.0,0.0,
2026-02-18T02:17:53,02/18/202602:17,20.2,0.0,0.0,51.5,0.0,0.0,0.0,0.0,0.0,198.7,23248.0,43971.0,24.0,15.1,23.0,29.68,8.33,276.0,0.0,0.0,
2026-02-18T02:18:52,02/18/202602:18,20.3,0.0,0.0,51.4,0.0,0.0,0.0,0.0,0.0,198.7,23248.0,43971.0,24.0,15.1,23.0,29.68,8.33,276.0,0.0,0.0,
2026-02-18T02:23:03,02/18/202602:23,20.2,0.0,0.0,51.4,0.0,0.0,0.0,0.0,0.0,198.7,23248.0,43971.0,24.0,15.1,23.0,29.68,8.33,276.0,0.0,0.0,
2026-02-18T02:24:02,02/18/202602:24,20.3,0.0,0.0,51.4,0.0,0.0,0.0,0.0,0.0,198.7,23248.0,43971.0,23.9,15.1,23.0,29.68,8.33,276.0,0.0,0.0,
2026-02-18T02:26:44,02/18/202602:26,20.3,0.0,0.0,51.5,0.0,0.0,0.0,0.0,0.0,198.7,23248.0,43971.0,24.0,15.1,23.0,29.68,8.33,276.0,0.0,0.0,
2026-02-18T02:31:52,02/18/202602:31,20.3,0.0,0.0,51.5,0.0,0.0,0.0,0.0,0.0,198.7,23248.0,43971.0,24.0,14.8,24.0,29.71,7.39,270.0,0.0,0.0,
2026-02-18T02:37:52,02/18/202602:37,20.3,0.0,0.0,51.5,0.0,0.0,0.0,0.0,0.0,198.7,23248.0,43971.0,23.9,14.8,28.0,29.71,7.39,270.0,0.0,0.0,
2026-02-18T02:40:04,02/18/202602:40,20.2,0.0,0.0,51.4,0.0,0.0,0.0,0.0,0.0,198.7,23248.0,43971.0,24.0,14.8,28.0,29.71,7.39,270.0,0.0,0.0,
2026-02-18T02:41:03,02/18/202602:41,20.3,0.0,0.0,51.4,0.0,0.0,0.0,0.0,0.0,198.7,23248.0,43971.0,23.9,14.8,28.0,29.71,7.39,270.0,0.0,0.0,
2026-02-18T02:42:58,02/18/202602:42,20.2,0.0,0.0,51.4,0.0,0.0,0.0,0.0,0.0,198.7,23248.0,43971.0,23.9,14.8,28.0,29.71,7.39,270.0,0.0,0.0,
2026-02-18T02:43:58,02/18/202602:43,20.3,0.0,0.0,51.3,0.0,0.0,0.0,0.0,0.0,198.7,23248.0,43971.0,23.9,14.8,28.0,29.71,7.39,270.0,0.0,0.0,
2026-02-18T02:46:57,02/18/202602:46,20.2,0.0,0.0,51.4,0.0,0.0,0.0,0.0,0.0,198.7,23248.0,43971.0,24.0,14.3,28.0,29.71,6.28,264.0,0.0,0.0,
2026-02-18T02:49:01,02/18/202602:49,20.3,0.0,0.0,51.4,0.0,0.0,0.0,0.0,0.0,198.7,23248.0,43971.0,23.9,14.3,28.0,29.71,6.28,264.0,0.0,0.0,
2026-02-18T02:52:15,02/18/202602:52,20.2,0.0,0.0,51.4,0.0,0.0,0.0,0.0,0.0,198.7,23248.0,43971.0,23.9,14.3,28.0,29.71,6.28,264.0,0.0,0.0,
2026-02-18T02:53:14,02/18/202602:53,20.3,0.0,0.0,51.4,0.0,0.0,0.0,0.0,0.0,198.7,23248.0,43971.0,23.9,14.3,28.0,29.71,6.28,264.0,0.0,0.0,
2026-02-18T03:00:11,02/18/202603:00,20.3,0.0,0.0,51.4,0.0,0.0,0.0,0.0,0.0,198.7,23248.0,43971.0,23.9,14.3,28.0,29.71,6.28,264.0,0.0,0.0,
2026-02-18T03:00:15,02/18/202603:00,20.2,0.0,0.0,51.4,0.0,0.0,0.0,0.0,0.0,198.7,23248.0,43971.0,23.9,14.3,28.0,29.71,6.28,264.0,0.0,0.0,
2026-02-18T03:01:50,02/18/202603:01,20.3,0.0,0.0,51.4,0.0,0.0,0.0,0.0,0.0,198.7,23248.0,43971.0,24.0,14.1,28.0,29.71,6.09,262.0,0.0,0.0,
2026-02-18T03:06:02,02/18/202603:06,20.2,0.0,0.0,51.4,0.0,0.0,0.0,0.0,0.0,198.7,23248.0,43971.0,23.9,14.1,28.0,29.71,6.09,262.0,0.0,0.0,
2026-02-18T03:07:02,02/18/202603:07,20.3,0.0,0.0,51.4,0.0,0.0,0.0,0.0,0.0,198.7,23248.0,43971.0,23.9,14.1,28.0,29.71,6.09,262.0,0.0,0.0,
2026-02-18T03:08:02,02/18/202603:08,20.2,0.0,0.0,51.4,0.0,0.0,0.0,0.0,0.0,198.7,23248.0,43971.0,23.9,14.1,28.0,29.71,6.09,262.0,0.0,0.0,
2026-02-18T03:09:02,02/18/202603:09,20.3,0.0,0.0,51.4,0.0,0.0,0.0,0.0,0.0,198.7,23248.0,43971.0,24.0,14.1,28.0,29.71,6.09,262.0,0.0,0.0,
2026-02-18T03:11:20,02/18/202603:11,20.3,0.0,0.0,51.4,0.0,0.0,0.0,0.0,0.0,198.7,23248.0,43971.0,23.9,14.1,28.0,29.71,6.09,262.0,0.0,0.0,
2026-02-18T03:13:14,02/18/202603:13,20.2,0.0,0.0,51.4,0.0,0.0,0.0,0.0,0.0,198.7,23248.0,43971.0,24.0,14.1,28.0,29.71,6.09,262.0,0.0,0.0,
2026-02-18T03:15:14,02/18/202603:15,20.3,0.0,0.0,51.4,0.0,0.0,0.0,0.0,0.0,198.7,23248.0,43971.0,23.9,14.1,28.0,29.71,6.09,262.0,0.0,0.0,
2026-02-18T03:18:15,02/18/202603:18,20.2,0.0,0.0,51.3,0.0,0.0,0.0,0.0,0.0,198.7,23248.0,43971.0,23.9,13.9,28.0,29.74,5.72,259.0,0.0,0.0,
2026-02-18T03:19:14,02/18/202603:19,20.3,0.0,0.0,51.4,0.0,0.0,0.0,0.0,0.0,198.7,23248.0,43971.0,23.9,13.9,28.0,29.74,5.72,259.0,0.0,0.0,
2026-02-18T03:20:15,02/18/202603:20,20.2,0.0,0.0,51.3,0.0,0.0,0.0,0.0,0.0,198.7,23248.0,43971.0,24.0,13.9,28.0,29.74,5.72,259.0,0.0,0.0,
2026-02-18T03:21:14,02/18/202603:21,20.3,0.0,0.0,51.4,0.0,0.0,0.0,0.0,0.0,198.7,23248.0,43971.0,24.0,13.9,28.0,29.74,5.72,259.0,0.0,0.0,
2026-02-18T03:22:29,02/18/202603:22,20.3,0.0,0.0,51.4,0.0,0.0,0.0,0.0,0.0,198.7,23248.0,43971.0,23.9,13.9,28.0,29.74,5.72,259.0,0.0,0.0,
2026-02-18T03:25:15,02/18/202603:25,20.2,0.0,0.0,51.4,0.0,0.0,0.0,0.0,0.0,198.7,23248.0,43971.0,23.9,13.9,28.0,29.74,5.72,259.0,0.0,0.0,
2026-02-18T03:27:15,02/18/202603:27,20.3,0.0,0.0,51.4,0.0,0.0,0.0,0.0,0.0,198.7,23248.0,43971.0,23.9,13.9,28.0,29.74,5.72,259.0,0.0,0.0,
2026-02-18T03:28:14,02/18/202603:28,20.2,0.0,0.0,51.3,0.0,0.0,0.0,0.0,0.0,198.7,23248.0,43971.0,23.9,13.9,28.0,29.74,5.72,259.0,0.0,0.0,
2026-02-18T03:29:59,02/18/202603:29,20.3,0.0,0.0,51.4,0.0,0.0,0.0,0.0,0.0,198.7,23248.0,43971.0,23.9,13.9,28.0,29.74,5.72,259.0,0.0,0.0,
2026-02-18T03:30:59,02/18/202603:30,20.2,0.0,0.0,51.4,0.0,0.0,0.0,0.0,0.0,198.7,23248.0,43971.0,23.9,13.6,28.0,29.74,5.53,256.0,0.0,0.0,
2026-02-18T03:31:58,02/18/202603:31,20.3,0.0,0.0,51.4,0.0,0.0,0.0,0.0,0.0,198.7,23248.0,43971.0,23.9,13.4,28.0,29.74,5.78,257.0,0.0,0.0,
2026-02-18T03:33:38,02/18/202603:33,20.2,0.0,0.0,51.4,0.0,0.0,0.0,0.0,0.0,198.7,23248.0,43971.0,23.9,13.4,28.0,29.74,5.78,257.0,0.0,0.0,
2026-02-18T03:33:58,02/18/202603:33,20.3,0.0,0.0,51.4,0.0,0.0,0.0,0.0,0.0,198.7,23248.0,43971.0,23.9,13.4,28.0,29.71,5.78,257.0,0.0,0.0,
2026-02-18T03:34:58,02/18/202603:34,20.2,0.0,0.0,51.3,0.0,0.0,0.0,0.0,0.0,198.7,23248.0,43971.0,23.9,13.4,28.0,29.71,5.78,257.0,0.0,0.0,
2026-02-18T03:35:59,02/18/202603:35,20.3,0.0,0.0,51.4,0.0,0.0,0.0,0.0,0.0,198.7,23248.0,43971.0,23.9,13.4,28.0,29.71,5.78,257.0,0.0,0.0,
2026-02-18T03:37:35,02/18/202603:37,20.3,0.0,0.0,51.4,0.0,0.0,0.0,0.0,0.0,198.7,23248.0,43971.0,23.9,13.4,28.0,29.71,5.78,257.0,0.0,0.0,
2026-02-18T03:40:35,02/18/202603:40,20.2,0.0,0.0,51.3,0.0,0.0,0.0,0.0,0.0,198.7,23248.0,43971.0,23.9,13.4,28.0,29.71,5.78,257.0,0.0,0.0,
2026-02-18T03:42:31,02/18/202603:42,20.2,0.0,0.0,51.3,0.0,0.0,0.0,0.0,0.0,198.7,23248.0,43971.0,23.9,13.4,28.0,29.71,5.78,257.0,0.0,0.0,
2026-02-18T03:43:31,02/18/202603:43,20.3,0.0,0.0,51.4,0.0,0.0,0.0,0.0,0.0,198.7,23248.0,43971.0,23.9,13.4,28.0,29.71,5.78,257.0,0.0,0.0,
2026-02-18T03:44:48,02/18/202603:44,20.2,0.0,0.0,51.4,0.0,0.0,0.0,0.0,0.0,198.7,23248.0,43971.0,23.9,13.4,28.0,29.71,5.78,257.0,0.0,0.0,
2026-02-18T03:55:57,02/18/202603:55,20.2,0.0,0.0,51.4,0.0,0.0,0.0,0.0,0.0,198.7,23248.0,43971.0,23.9,13.0,29.0,29.71,5.84,266.0,0.0,0.0,
2026-02-18T04:02:03,02/18/202604:02,20.3,0.0,0.0,51.4,0.0,0.0,0.0,0.0,0.0,198.7,23248.0,43971.0,23.9,12.8,29.0,29.71,5.41,265.0,0.0,0.0,
2026-02-18T04:03:03,02/18/202604:03,20.2,0.0,0.0,51.3,0.0,0.0,0.0,0.0,0.0,198.7,23248.0,43971.0,23.9,12.8,29.0,29.71,5.41,265.0,0.0,0.0,
2026-02-18T04:05:03,02/18/202604:05,20.3,0.0,0.0,51.4,0.0,0.0,0.0,0.0,0.0,198.7,23248.0,43971.0,23.9,12.8,29.0,29.71,5.41,265.0,0.0,0.0,
2026-02-18T04:07:06,02/18/202604:07,20.2,0.0,0.0,51.3,0.0,0.0,0.0,0.0,0.0,198.7,23248.0,43971.0,23.9,12.8,29.0,29.71,5.41,265.0,0.0,0.0,
2026-02-18T04:18:15,02/18/202604:18,20.2,0.0,0.0,51.3,0.0,0.0,0.0,0.0,0.0,198.7,23248.0,43971.0,23.9,12.4,29.0,29.71,5.16,268.0,0.0,0.0,
2026-02-18T04:19:13,02/18/202604:19,20.3,0.0,0.0,51.3,0.0,0.0,0.0,0.0,0.0,198.7,23248.0,43971.0,23.9,12.4,29.0,29.71,5.16,268.0,0.0,0.0,
2026-02-18T04:22:13,02/18/202604:22,20.2,0.0,0.0,51.3,0.0,0.0,0.0,0.0,0.0,198.7,23248.0,43971.0,23.9,12.4,29.0,29.71,5.16,268.0,0.0,0.0,
2026-02-18T04:24:13,02/18/202604:24,21.1,0.0,0.0,51.3,0.0,0.0,0.0,0.0,0.0,198.7,23248.0,43971.0,23.9,12.4,29.0,29.71,5.16,268.0,0.0,0.0,
2026-02-18T04:25:13,02/18/202604:25,22.1,0.0,0.0,51.3,0.0,0.0,0.0,0.0,0.0,198.7,23248.0,43971.0,23.9,12.4,29.0,29.71,5.16,268.0,0.0,0.0,
2026-02-18T04:29:24,02/18/202604:29,22.1,0.0,0.0,51.3,0.0,0.0,0.0,0.0,0.0,198.7,23248.0,43971.0,23.9,12.4,29.0,29.71,5.16,268.0,0.0,0.0,
2026-02-18T04:32:12,02/18/202604:32,22.2,0.0,0.0,51.3,0.0,0.0,0.0,0.0,0.0,198.7,23248.0,43971.0,23.9,12.6,30.0,29.71,5.59,272.0,0.0,0.0,
2026-02-18T04:33:13,02/18/202604:33,22.1,0.0,0.0,51.3,0.0,0.0,0.0,0.0,0.0,198.7,23248.0,43971.0,23.9,12.6,30.0,29.71,5.59,272.0,0.0,0.0,
2026-02-18T04:34:12,02/18/202604:34,22.2,0.0,0.0,51.3,0.0,0.0,0.0,0.0,0.0,198.7,23248.0,43971.0,23.9,12.6,30.0,29.74,5.59,272.0,0.0,0.0,
2026-02-18T04:36:10,02/18/202604:36,22.1,0.0,0.0,51.3,0.0,0.0,0.0,0.0,0.0,198.7,23248.0,43971.0,23.9,12.6,32.0,29.74,5.59,265.0,0.0,0.0,
2026-02-18T04:40:33,02/18/202604:40,22.1,0.0,0.0,51.3,0.0,0.0,0.0,0.0,0.0,198.7,23248.0,43971.0,23.9,12.6,32.0,29.74,5.59,265.0,0.0,0.0,
2026-02-18T04:42:16,02/18/202604:42,22.1,0.0,0.0,51.3,0.0,0.0,0.0,0.0,0.0,198.7,23248.0,43971.0,23.9,12.6,32.0,29.74,5.59,265.0,0.0,0.0,
2026-02-18T04:51:42,02/18/202604:51,22.1,0.0,0.0,51.3,0.0,0.0,0.0,0.0,0.0,198.7,23248.0,43971.0,23.9,12.5,32.0,29.71,5.16,275.0,0.0,0.0,
2026-02-18T05:02:51,02/18/202605:02,22.1,0.0,0.0,51.2,0.0,0.0,0.0,0.0,0.0,198.7,23248.0,43971.0,23.9,12.1,32.0,29.71,4.97,288.0,0.0,0.0,
2026-02-18T05:14:00,02/18/202605:13,22.1,0.0,0.0,51.2,0.0,0.0,0.0,0.0,0.0,198.7,23248.0,43971.0,23.8,12.1,32.0,29.71,4.97,288.0,0.0,0.0,
2026-02-18T05:25:10,02/18/202605:25,22.1,0.0,0.0,51.2,0.0,0.0,0.0,0.0,0.0,198.7,23248.0,43971.0,23.8,11.7,32.0,29.71,5.22,280.0,0.0,0.0,
2026-02-18T05:36:19,02/18/202605:36,22.1,0.0,0.0,51.2,0.0,0.0,0.0,0.0,0.0,198.7,23248.0,43971.0,23.8,11.6,27.0,29.74,6.28,268.0,0.0,0.0,
2026-02-18T05:47:28,02/18/202605:47,22.1,0.0,0.0,51.2,0.0,0.0,0.0,0.0,0.0,198.7,23248.0,43971.0,23.8,11.2,28.0,29.74,5.47,261.0,0.0,0.0,
2026-02-18T05:51:10,02/18/202605:51,22.1,0.0,0.0,51.2,0.0,0.0,0.0,0.0,0.0,198.7,23248.0,43971.0,23.8,11.2,28.0,29.74,5.47,261.0,0.0,0.0,
2026-02-18T05:56:14,02/18/202605:56,22.1,0.0,0.0,51.1,0.0,0.0,0.0,0.0,0.0,198.7,23248.0,43971.0,23.8,11.2,28.0,29.74,5.47,261.0,0.0,0.0,
2026-02-18T05:58:37,02/18/202605:58,22.1,0.0,0.0,51.1,0.0,0.0,0.0,0.0,0.0,198.7,23248.0,43971.0,23.8,11.2,28.0,29.74,5.47,261.0,0.0,0.0,
2026-02-18T06:09:46,02/18/202606:09,22.1,0.0,0.0,51.2,0.0,0.0,0.0,0.0,0.0,198.7,23248.0,43971.0,23.8,10.9,28.0,29.74,6.09,264.0,0.0,0.0,
2026-02-18T06:20:54,02/18/202606:20,22.1,0.0,0.0,51.2,0.0,0.0,0.0,0.0,0.0,198.7,23248.0,43971.0,23.8,10.6,28.0,29.74,5.59,265.0,0.0,0.0,
2026-02-18T06:32:34,02/18/202606:32,22.1,0.0,0.0,51.2,0.0,0.0,0.0,0.0,0.0,198.7,23248.0,43971.0,23.8,10.6,29.0,29.77,5.59,270.0,0.0,0.0,
2026-02-18T06:33:35,02/18/202606:33,22.2,0.0,0.0,51.1,0.0,0.0,0.0,0.0,0.0,198.7,23248.0,43971.0,23.8,10.6,29.0,29.77,6.34,262.0,0.0,0.0,
2026-02-18T06:35:22,02/18/202606:35,22.1,0.0,0.0,51.2,0.0,0.0,0.0,0.0,0.0,198.7,23248.0,43971.0,23.8,10.6,32.0,29.77,6.34,262.0,0.0,0.0,
2026-02-18T06:36:23,02/18/202606:36,22.2,0.0,0.0,51.1,0.0,0.0,0.0,0.0,0.0,198.7,23248.0,43971.0,23.8,10.6,32.0,29.77,6.34,262.0,0.0,0.0,
2026-02-18T06:37:23,02/18/202606:37,22.3,0.0,0.0,51.1,0.0,0.0,0.0,0.0,0.0,198.7,23248.0,43971.0,23.8,10.6,32.0,29.77,6.34,262.0,0.0,0.0,
2026-02-18T06:38:23,02/18/202606:38,20.4,0.0,0.0,51.1,0.0,0.0,0.0,0.0,0.0,198.7,23248.0,43971.0,23.8,10.6,32.0,29.77,6.34,262.0,0.0,0.0,
2026-02-18T06:40:22,02/18/202606:40,20.5,0.0,0.0,51.1,0.0,0.0,0.0,0.0,0.0,198.7,23248.0,43971.0,23.8,10.6,32.0,29.77,6.34,262.0,0.0,0.0,
2026-02-18T06:41:23,02/18/202606:41,20.6,0.0,0.0,51.2,0.0,0.0,0.0,0.0,0.0,198.7,23248.0,43971.0,23.8,10.6,32.0,29.77,6.34,262.0,0.0,0.0,
2026-02-18T06:43:13,02/18/202606:43,20.6,0.0,0.0,51.1,0.0,0.0,0.0,0.0,0.0,198.7,23248.0,43971.0,23.8,10.6,32.0,29.77,6.34,262.0,0.0,0.0,
2026-02-18T06:43:23,02/18/202606:43,20.8,0.0,0.0,51.1,0.0,0.0,0.0,0.0,0.0,198.7,23248.0,43971.0,23.8,10.6,32.0,29.77,6.34,262.0,0.0,0.0,
2026-02-18T06:44:23,02/18/202606:44,20.9,0.0,0.0,51.1,0.0,0.0,0.0,0.0,0.0,198.7,23248.0,43971.0,23.8,10.6,32.0,29.77,6.34,262.0,0.0,0.0,
2026-02-18T06:45:22,02/18/202606:45,21.1,0.0,0.0,51.1,0.0,0.0,0.0,0.0,0.0,198.7,23248.0,43971.0,23.8,10.6,32.0,29.77,6.34,262.0,0.0,0.0,
2026-02-18T06:46:23,02/18/202606:46,21.4,0.0,0.0,51.1,0.0,0.0,0.0,0.0,0.0,198.7,23248.0,43971.0,23.8,10.7,33.0,29.74,6.09,264.0,0.0,0.0,
2026-02-18T06:47:22,02/18/202606:47,21.7,0.0,0.0,51.2,0.0,0.0,0.0,0.0,0.0,198.7,23248.0,43971.0,23.8,10.7,33.0,29.74,6.09,264.0,0.0,0.0,
2026-02-18T06:48:22,02/18/202606:48,22.0,0.0,0.0,51.1,0.0,0.0,0.0,0.0,0.0,198.7,23248.0,43971.0,23.8,10.7,33.0,29.74,6.09,264.0,0.0,0.0,
2026-02-18T06:49:23,02/18/202606:49,22.5,0.0,0.0,51.1,0.0,0.0,0.0,0.0,0.0,198.7,23248.0,43971.0,23.8,10.7,33.0,29.74,6.09,264.0,0.0,0.0,
2026-02-18T06:50:22,02/18/202606:50,23.1,0.0,0.0,51.2,0.0,0.0,0.0,0.0,0.0,198.7,23248.0,43971.0,23.8,10.7,33.0,29.74,6.09,264.0,0.0,0.0,
2026-02-18T06:51:23,02/18/202606:51,23.9,0.0,0.0,51.1,0.0,0.0,0.0,0.0,0.0,198.7,23248.0,43971.0,23.8,10.7,33.0,29.74,6.09,264.0,0.0,0.0,
2026-02-18T06:52:31,02/18/202606:52,24.0,0.0,0.0,51.1,0.0,0.0,0.0,0.0,0.0,198.7,23248.0,43971.0,23.8,10.7,33.0,29.74,6.09,264.0,0.0,0.0,
2026-02-18T06:52:32,02/18/202606:52,25.3,0.0,0.0,51.1,0.0,0.0,0.0,0.0,0.0,198.7,23248.0,43971.0,23.8,10.7,33.0,29.74,6.09,264.0,0.0,0.0,
2026-02-18T06:54:22,02/18/202606:54,27.4,0.0,0.0,51.1,0.0,0.0,0.0,0.0,0.0,198.7,23248.0,43971.0,23.8,10.7,33.0,29.74,6.09,264.0,0.0,0.0,
2026-02-18T06:54:31,02/18/202606:54,30.1,0.0,0.0,51.1,0.0,0.0,0.0,0.0,0.0,198.7,23248.0,43971.0,23.8,10.7,33.0,29.74,6.09,264.0,0.0,0.0,
2026-02-18T06:55:32,02/18/202606:55,33.2,0.0,0.0,51.1,0.0,0.0,0.0,0.0,0.0,198.7,23248.0,43971.0,23.8,10.7,33.0,29.74,6.09,264.0,0.0,0.0,
2026-02-18T06:56:31,02/18/202606:56,37.0,0.0,0.0,51.2,0.0,0.0,0.0,0.0,0.0,198.7,23248.0,43971.0,23.8,10.7,33.0,29.74,6.09,264.0,0.0,0.0,
2026-02-18T06:57:31,02/18/202606:57,41.9,0.0,0.0,51.1,0.0,0.0,0.0,0.0,0.0,198.7,23248.0,43971.0,23.8,10.7,33.0,29.74,6.09,264.0,0.0,0.0,
2026-02-18T06:58:32,02/18/202606:58,50.0,0.0,0.0,51.2,0.0,0.0,0.0,0.0,0.0,198.7,23248.0,43971.0,23.8,10.7,33.0,29.74,6.09,264.0,0.0,0.0,
2026-02-18T06:59:32,02/18/202606:59,53.0,0.0,0.0,51.2,0.0,0.0,0.0,0.0,0.0,198.7,23248.0,43971.0,23.8,10.7,33.0,29.74,6.09,264.0,0.0,0.0,
2026-02-18T07:00:32,02/18/202607:00,52.9,0.0,0.0,51.1,0.0,0.0,0.0,0.0,0.0,198.7,23248.0,43971.0,23.8,10.5,34.0,29.74,5.84,270.0,0.0,0.0,
2026-02-18T07:02:32,02/18/202607:02,53.0,0.0,0.0,51.1,0.0,0.0,0.0,0.0,0.0,198.7,23248.0,43971.0,23.8,10.5,34.0,29.74,5.84,270.0,0.0,0.0,
2026-02-18T07:05:31,02/18/202607:05,53.0,0.0,0.0,51.2,0.0,0.0,0.0,0.0,0.0,198.7,23248.0,43971.0,23.8,10.5,34.0,29.74,5.84,270.0,0.0,0.0,
2026-02-18T07:07:32,02/18/202607:07,53.1,0.0,0.0,51.1,0.0,0.0,0.0,0.0,0.0,198.7,23248.0,43971.0,23.8,10.5,34.0,29.74,5.84,270.0,0.0,0.0,
2026-02-18T07:11:32,02/18/202607:11,53.2,0.0,0.0,51.1,0.0,0.0,0.0,0.0,0.0,198.7,23248.0,43971.0,23.8,10.5,34.0,29.74,5.84,270.0,0.0,0.0,
2026-02-18T07:12:50,02/18/202607:12,53.1,0.0,0.0,51.1,0.0,0.0,0.0,0.0,0.0,198.7,23248.0,43971.0,23.8,10.5,34.0,29.74,5.84,270.0,0.0,0.0,
2026-02-18T07:13:49,02/18/202607:13,53.2,0.0,0.0,51.1,0.0,0.0,0.0,0.0,0.0,198.7,23248.0,43971.0,23.8,10.5,34.0,29.74,5.84,270.0,0.0,0.0,
2026-02-18T07:14:50,02/18/202607:14,53.3,0.0,0.0,51.1,0.0,0.0,0.0,0.0,0.0,198.7,23248.0,43971.0,23.8,10.5,34.0,29.74,5.84,270.0,0.0,0.0,
2026-02-18T07:16:40,02/18/202607:16,53.3,0.0,0.0,51.1,0.0,0.0,0.0,0.0,0.0,198.7,23248.0,43971.0,23.8,10.3,34.0,29.74,6.09,276.0,0.0,0.0,
2026-02-18T07:16:49,02/18/202607:16,50.9,0.0,0.0,51.1,0.0,0.0,0.0,0.0,0.0,198.7,23248.0,43971.0,23.8,10.3,34.0,29.74,6.09,276.0,0.0,0.0,
2026-02-18T07:17:49,02/18/202607:17,107.2,0.0,0.0,51.2,0.0,0.0,0.0,0.0,0.0,198.7,23248.0,43971.0,23.8,10.3,34.0,29.74,6.09,276.0,0.0,0.0,
2026-02-18T07:18:50,02/18/202607:18,129.5,0.0,0.0,51.2,0.0,0.0,0.0,0.0,0.0,198.7,23248.0,43971.0,23.8,9.9,34.0,29.74,5.34,272.0,0.0,0.0,
2026-02-18T07:19:50,02/18/202607:19,130.8,0.0,0.0,51.2,0.0,0.0,0.0,0.0,0.0,198.7,23248.0,43971.0,23.8,9.9,34.0,29.74,5.34,272.0,0.0,0.0,
2026-02-18T07:20:49,02/18/202607:20,132.2,0.0,0.0,51.2,0.1,5.120000000000001,5.0,0.0,0.0,198.7,23248.0,43971.0,23.8,9.9,34.0,29.74,5.34,272.0,0.0,0.0,
2026-02-18T07:21:50,02/18/202607:21,133.7,0.0,0.0,51.2,0.0,0.0,0.0,0.0,0.0,198.7,23248.0,43971.0,23.8,9.9,34.0,29.74,5.34,272.0,0.0,0.0,
2026-02-18T07:22:49,02/18/202607:22,134.3,0.0,0.0,51.2,0.0,0.0,0.0,0.0,0.0,198.7,23248.0,43971.0,23.8,9.9,34.0,29.74,5.34,272.0,0.0,0.0,
2026-02-18T07:23:49,02/18/202607:23,134.8,0.0,0.0,51.2,0.0,0.0,0.0,0.0,0.0,198.7,23248.0,43971.0,23.8,9.9,34.0,29.74,5.34,272.0,0.0,0.0,
2026-02-18T07:24:49,02/18/202607:24,132.5,0.0,0.0,51.2,0.0,0.0,5.0,0.0,0.0,198.7,23248.0,43971.0,23.8,9.9,34.0,29.74,5.34,272.0,0.0,0.0,
2026-02-18T07:25:07,02/18/202607:25,135.9,0.0,0.0,51.2,0.0,0.0,0.0,0.0,0.0,198.7,23248.0,43971.0,23.8,9.9,34.0,29.74,5.34,272.0,0.0,0.0,
2026-02-18T07:26:08,02/18/202607:26,135.4,0.0,0.0,51.2,0.0,0.0,0.0,0.0,0.0,198.7,23248.0,43971.0,23.8,9.9,34.0,29.74,5.34,272.0,0.0,0.0,
2026-02-18T07:27:49,02/18/202607:27,135.1,0.0,0.0,51.1,0.0,0.0,0.0,0.0,0.0,198.7,23248.0,43971.0,23.8,9.9,34.0,29.74,5.34,272.0,0.0,0.0,
2026-02-18T07:28:33,02/18/202607:28,137.2,0.0,0.0,51.2,0.0,0.0,0.0,0.0,0.0,198.7,23248.0,43971.0,23.8,9.9,34.0,29.74,5.34,272.0,0.0,0.0,
2026-02-18T07:29:33,02/18/202607:29,60.7,0.4,24.28,51.2,0.4,20.480000000000004,20.0,0.0,0.0,198.7,23248.0,43971.0,23.8,9.9,34.0,29.74,5.34,272.0,0.0,0.0,0.8434925864909392
2026-02-18T07:30:33,02/18/202607:30,138.6,0.0,0.0,51.2,0.0,0.0,0.0,0.0,0.0,198.7,23248.0,43971.0,23.8,9.6,35.0,29.74,5.47,279.0,0.0,0.1,
2026-02-18T07:31:33,02/18/202607:31,60.5,0.3,18.15,51.3,0.3,15.389999999999999,15.0,0.0,0.0,198.7,23248.0,43971.0,23.8,9.6,35.0,29.74,5.47,279.0,0.0,0.1,0.8479338842975207
2026-02-18T07:32:55,02/18/202607:32,63.6,0.4,25.44,51.3,0.4,20.52,20.0,0.0,0.0,198.7,23248.0,43971.0,23.8,9.6,35.0,29.74,5.47,279.0,0.0,0.1,0.8066037735849056
2026-02-18T07:33:56,02/18/202607:33,63.7,0.5,31.85,51.4,0.5,25.7,25.0,0.0,0.0,198.7,23248.0,43971.0,23.8,9.6,35.0,29.74,5.47,279.0,0.0,0.1,0.8069073783359497
2026-02-18T07:34:56,02/18/202607:34,63.9,0.5,31.95,51.4,0.6,30.839999999999996,30.0,0.0,0.0,198.7,23248.0,43971.0,23.8,9.6,35.0,29.74,5.47,279.0,0.0,0.1,0.9652582159624412
2026-02-18T07:35:55,02/18/202607:35,64.0,0.6,38.4,51.5,0.7,36.05,36.0,0.0,0.0,198.7,23248.0,43971.0,23.8,9.6,35.0,29.74,5.47,279.0,0.0,0.1,0.9388020833333333
2026-02-18T07:36:56,02/18/202607:36,80.6,0.4,32.24,51.5,0.6,30.9,30.0,0.0,0.0,198.7,23248.0,43971.0,23.8,9.6,35.0,29.74,5.47,279.0,0.0,0.1,0.9584367245657567
2026-02-18T07:38:58,02/18/202607:38,80.8,0.5,40.4,51.6,0.7,36.12,36.0,0.0,0.0,198.7,23248.0,43971.0,23.8,9.6,35.0,29.74,5.47,279.0,0.0,0.1,0.8940594059405941
2026-02-18T07:39:14,02/18/202607:39,108.3,0.6,64.97999999999999,51.6,0.8,41.28,41.0,0.0,0.0,198.7,23248.0,43971.0,23.8,9.6,35.0,29.74,5.47,279.0,0.0,0.1,0.6352723915050786
2026-02-18T07:40:14,02/18/202607:40,107.9,0.7,75.53,51.7,0.9,46.53,46.0,0.0,0.0,198.7,23248.0,43971.0,23.8,9.6,35.0,29.74,5.47,279.0,0.0,0.1,0.6160466039984113
2026-02-18T07:41:13,02/18/202607:41,107.9,0.6,64.74,51.8,0.7,36.26,36.0,0.0,0.0,198.7,23248.0,43971.0,23.8,9.6,35.0,29.74,5.47,279.0,0.0,0.1,0.560086499845536
2026-02-18T07:42:14,02/18/202607:42,112.3,0.4,44.92,51.8,0.6,31.08,31.0,0.0,0.0,198.7,23248.0,43971.0,23.8,9.6,35.0,29.74,5.47,279.0,0.0,0.1,0.6918967052537844
2026-02-18T07:43:14,02/18/202607:43,112.2,0.5,56.1,51.9,0.6,31.139999999999997,31.0,0.0,0.0,198.7,23248.0,43971.0,23.8,9.6,35.0,29.74,5.47,279.0,0.0,0.1,0.5550802139037433
2026-02-18T07:43:40,02/18/202607:43,112.3,0.5,56.15,51.9,0.6,31.139999999999997,31.0,0.0,0.0,198.7,23248.0,43971.0,23.8,9.6,35.0,29.74,5.47,279.0,0.0,0.1,0.5545859305431878
2026-02-18T07:44:40,02/18/202607:44,112.1,0.6,67.25999999999999,51.9,0.8,41.52,41.0,0.0,0.0,198.7,23248.0,43971.0,23.8,9.6,35.0,29.74,5.47,279.0,0.0,0.1,0.617305976806423
2026-02-18T07:45:13,02/18/202607:45,105.0,0.7,73.5,52.0,0.9,46.800000000000004,46.0,0.0,0.0,198.7,23248.0,43971.0,23.8,9.6,35.0,29.74,5.47,279.0,0.0,0.1,0.6367346938775511
2026-02-18T07:46:13,02/18/202607:46,104.8,0.8,83.84,52.0,1.1,57.2,57.0,0.0,0.0,198.7,23248.0,43971.0,23.8,9.8,35.0,29.74,4.97,278.0,41.0,0.1,0.6822519083969466
2026-02-18T07:47:14,02/18/202607:47,104.8,0.8,83.84,52.1,1.0,52.1,52.0,0.0,0.0,198.7,23248.0,43971.0,23.8,9.8,35.0,29.74,4.97,278.0,41.0,0.1,0.6214217557251909
2026-02-18T07:48:13,02/18/202607:48,115.4,0.8,92.32000000000001,52.2,1.3,67.86,67.0,0.0,0.0,198.7,23248.0,43971.0,23.8,9.8,35.0,29.74,4.97,278.0,41.0,0.1,0.735051993067591
2026-02-18T07:50:07,02/18/202607:50,121.7,0.7,85.19,52.3,1.2,62.75999999999999,62.0,0.0,0.0,198.7,23248.0,43971.0,23.8,9.8,35.0,29.74,4.97,278.0,41.0,0.1,0.7367061861720858
2026-02-18T07:50:13,02/18/202607:50,110.2,0.7,77.14,52.4,1.1,57.64,57.0,0.0,0.0,198.7,23248.0,43971.0,23.8,9.8,35.0,29.74,4.97,278.0,41.0,0.1,0.7472128597355457
2026-02-18T07:51:13,02/18/202607:51,110.4,0.8,88.32000000000001,52.4,1.2,62.879999999999995,62.0,0.0,0.0,198.7,23248.0,43971.0,23.8,9.8,35.0,29.74,4.97,278.0,41.0,0.1,0.7119565217391304
2026-02-18T07:52:14,02/18/202607:52,118.9,0.7,83.23,52.4,1.1,57.64,57.0,0.0,0.0,198.7,23248.0,43971.0,23.8,9.8,35.0,29.74,4.97,278.0,41.0,0.1,0.692538748047579
2026-02-18T07:53:13,02/18/202607:53,119.3,0.8,95.44,52.6,1.3,68.38000000000001,68.0,0.0,0.0,198.7,23248.0,43971.0,23.8,9.8,39.0,29.74,4.97,278.0,41.0,0.1,0.7164710813076279
2026-02-18T07:54:14,02/18/202607:54,122.2,0.8,97.76,52.7,1.6,84.32000000000001,84.0,0.0,0.0,198.7,23248.0,43971.0,23.8,9.8,39.0,29.74,4.97,278.0,41.0,0.1,0.8625204582651391
2026-02-18T07:55:13,02/18/202607:55,116.4,0.9,104.76,52.9,1.7,89.92999999999999,89.0,0.0,0.0,198.7,23248.0,43971.0,23.8,9.8,39.0,29.74,4.97,278.0,41.0,0.1,0.8584383352424588
2026-02-18T07:56:13,02/18/202607:56,122.6,0.8,98.08,53.0,1.3,68.9,68.0,0.0,0.0,198.7,23248.0,43971.0,23.8,9.8,39.0,29.74,4.97,278.0,41.0,0.1,0.7024877650897228
2026-02-18T07:57:14,02/18/202607:57,124.0,0.7,86.8,53.1,1.3,69.03,68.0,0.0,0.0,198.7,23248.0,43971.0,23.8,9.8,39.0,29.74,4.97,278.0,41.0,0.1,0.7952764976958526
2026-02-18T07:58:14,02/18/202607:58,123.4,0.8,98.72000000000001,53.1,1.3,69.03,69.0,0.0,0.0,198.7,23248.0,43971.0,23.8,9.8,39.0,29.74,4.97,278.0,41.0,0.1,0.6992504051863857
2026-02-18T07:59:14,02/18/202607:59,123.5,0.8,98.80000000000001,53.2,1.3,69.16000000000001,69.0,0.0,0.0,198.7,23248.0,43971.0,23.8,9.8,39.0,29.74,4.97,278.0,41.0,0.1,0.7000000000000001
2026-02-18T08:01:17,02/18/202608:01,108.7,0.7,76.09,53.3,0.9,47.97,47.0,0.0,0.0,198.7,23248.0,43971.0,23.8,10.2,40.0,29.74,5.28,282.0,87.0,0.1,0.6304376396372716
2026-02-18T08:02:13,02/18/202608:02,108.8,0.8,87.04,53.3,1.1,58.63,58.0,0.0,0.0,198.7,23248.0,43971.0,23.8,10.2,40.0,29.74,5.28,282.0,87.0,0.1,0.6735983455882353
2026-02-18T08:03:14,02/18/202608:03,117.1,0.9,105.39,53.3,1.3,69.28999999999999,69.0,0.0,0.0,198.7,23248.0,43971.0,23.8,10.2,40.0,29.74,5.28,282.0,87.0,0.1,0.6574627573773602
2026-02-18T08:04:13,02/18/202608:04,116.5,0.8,93.2,53.4,1.4,74.75999999999999,74.0,0.0,0.0,198.7,23248.0,43971.0,23.8,10.2,40.0,29.74,5.28,282.0,87.0,0.1,0.802145922746781
2026-02-18T08:05:14,02/18/202608:05,121.0,0.9,108.9,53.4,1.5,80.1,80.0,0.0,0.0,198.7,23248.0,43971.0,23.8,10.2,40.0,29.74,5.28,282.0,87.0,0.1,0.7355371900826445
2026-02-18T08:06:14,02/18/202608:06,120.3,0.9,108.27,53.5,1.4,74.89999999999999,74.0,0.0,0.0,198.7,23248.0,43971.0,23.8,10.2,40.0,29.74,5.28,282.0,87.0,0.1,0.6917890459037591
2026-02-18T08:07:14,02/18/202608:07,124.2,0.7,86.94,53.5,1.3,69.55,69.0,0.0,0.0,198.7,23248.0,43971.0,23.8,10.2,40.0,29.74,5.28,282.0,87.0,0.1,0.7999769956291696
2026-02-18T08:08:13,02/18/202608:08,114.9,0.8,91.92000000000002,53.6,1.2,64.32,64.0,0.0,0.0,198.7,23248.0,43971.0,23.8,10.2,40.0,29.74,5.28,282.0,87.0,0.1,0.6997389033942557
2026-02-18T08:09:14,02/18/202608:09,106.7,1.1,117.37000000000002,53.6,1.5,80.4,80.0,0.0,0.0,198.7,23248.0,43971.0,23.8,10.2,40.0,29.74,5.28,282.0,87.0,0.1,0.6850132061003663
2026-02-18T08:10:14,02/18/202608:10,123.1,1.0,123.1,53.6,2.1,112.56,112.0,0.0,0.0,198.7,23248.0,43971.0,23.8,10.2,40.0,29.74,5.28,282.0,87.0,0.1,0.9143785540211211
2026-02-18T08:11:14,02/18/202608:11,121.3,1.1,133.43,53.8,2.1,112.98,112.0,0.0,0.0,198.7,23248.0,43971.0,23.8,10.2,40.0,29.74,5.28,282.0,87.0,0.1,0.8467361163156711
2026-02-18T08:12:26,02/18/202608:12,121.0,0.9,108.9,53.9,1.9,102.41,102.0,0.0,0.0,198.7,23248.0,43971.0,23.8,10.2,40.0,29.74,5.28,282.0,87.0,0.1,0.9404040404040404
2026-02-18T08:13:13,02/18/202608:13,125.2,1.0,125.2,54.0,1.6,86.4,86.0,0.0,0.0,198.7,23248.0,43971.0,23.8,10.2,40.0,29.74,5.28,282.0,87.0,0.1,0.6900958466453675
2026-02-18T08:14:14,02/18/202608:14,121.4,0.7,84.98,53.9,1.2,64.67999999999999,64.0,0.0,0.0,198.7,23248.0,43971.0,23.8,10.2,40.0,29.74,5.28,282.0,87.0,0.1,0.7611202635914331
2026-02-18T08:15:13,02/18/202608:15,115.4,0.6,69.24,53.8,0.9,48.42,48.0,0.0,0.0,198.7,23248.0,43971.0,23.8,11.0,38.0,29.74,5.47,282.0,124.0,0.3,0.6993067590987869
2026-02-18T08:16:14,02/18/202608:16,116.0,0.6,69.6,53.8,0.9,48.42,48.0,0.0,0.0,198.7,23248.0,43971.0,23.8,11.0,38.0,29.74,5.47,282.0,124.0,0.3,0.6956896551724139
2026-02-18T08:17:14,02/18/202608:17,115.9,0.5,57.95,53.7,0.9,48.330000000000005,48.0,0.0,0.0,198.7,23248.0,43971.0,23.8,11.0,38.0,29.74,5.47,282.0,124.0,0.3,0.8339948231233822
2026-02-18T08:18:14,02/18/202608:18,111.4,0.6,66.84,53.7,0.8,42.96000000000001,42.0,0.0,0.0,198.7,23248.0,43971.0,23.8,11.0,38.0,29.74,5.47,282.0,124.0,0.3,0.6427289048473969
2026-02-18T08:20:14,02/18/202608:20,111.3,0.5,55.65,53.6,0.8,42.88,42.0,0.0,0.0,198.7,23248.0,43971.0,23.8,11.0,38.0,29.74,5.47,282.0,124.0,0.3,0.7705300988319856
2026-02-18T08:21:14,02/18/202608:21,107.0,0.6,64.2,53.6,0.7,37.519999999999996,37.0,0.0,0.0,198.7,23248.0,43971.0,23.8,11.0,38.0,29.74,5.47,282.0,124.0,0.3,0.5844236760124609
2026-02-18T08:22:15,02/18/202608:22,107.1,0.7,74.96999999999998,53.6,0.9,48.24,48.0,0.0,0.0,198.7,23248.0,43971.0,23.8,11.0,38.0,29.74,5.47,282.0,124.0,0.3,0.6434573829531814
2026-02-18T08:23:35,02/18/202608:23,106.6,0.7,74.61999999999999,53.6,1.0,53.6,53.0,0.0,0.0,198.7,23248.0,43971.0,23.8,11.0,38.0,29.74,5.47,282.0,124.0,0.3,0.7183060841597428
2026-02-18T08:24:14,02/18/202608:24,109.4,0.7,76.58,53.6,1.0,53.6,53.0,0.0,0.0,198.7,23248.0,43971.0,23.8,11.0,38.0,29.74,5.47,282.0,124.0,0.3,0.6999216505615043
2026-02-18T08:25:14,02/18/202608:25,109.5,0.7,76.64999999999999,53.6,1.0,53.6,53.0,0.0,0.0,198.7,23248.0,43971.0,23.8,11.0,38.0,29.74,5.47,282.0,124.0,0.3,0.6992824527071103
2026-02-18T08:27:14,02/18/202608:27,114.9,0.8,91.92000000000002,53.6,0.9,48.24,48.0,0.0,0.0,198.7,23248.0,43971.0,23.8,11.0,38.0,29.74,5.47,282.0,124.0,0.3,0.5248041775456919
2026-02-18T08:29:14,02/18/202608:29,114.9,0.7,80.42999999999999,53.6,0.9,48.24,48.0,0.0,1.0,198.7,23248.0,43971.0,23.8,11.0,38.0,29.74,5.47,282.0,124.0,0.3,0.5997762029093623
2026-02-18T08:30:14,02/18/202608:30,104.6,0.7,73.21999999999998,53.6,0.9,48.24,48.0,0.0,1.0,198.7,23248.0,43971.0,23.8,11.0,38.0,29.74,5.47,282.0,124.0,0.3,0.6588363835017756
2026-02-18T08:31:14,02/18/202608:31,104.7,0.7,73.28999999999999,53.6,1.0,53.6,53.0,0.0,1.0,198.7,23248.0,43971.0,23.8,11.9,36.0,29.74,7.39,284.0,188.0,0.6,0.7313412471005595
2026-02-18T08:32:15,02/18/202608:32,104.8,0.8,83.84,53.6,1.2,64.32,64.0,0.0,1.0,198.7,23248.0,43971.0,23.8,11.9,36.0,29.74,7.39,284.0,188.0,0.6,0.7671755725190839
2026-02-18T08:33:14,02/18/202608:33,105.2,0.9,94.68,53.7,1.5,80.55000000000001,80.0,0.0,1.0,198.7,23248.0,43971.0,23.8,11.9,36.0,29.74,7.39,284.0,188.0,0.6,0.8507604562737643
2026-02-18T08:34:44,02/18/202608:34,119.7,1.2,143.64,53.8,2.0,107.6,107.0,0.0,1.0,198.7,23248.0,43971.0,23.8,11.9,36.0,29.74,7.39,284.0,188.0,0.6,0.7490949596212755
2026-02-18T08:34:59,02/18/202608:34,117.3,1.0,117.3,53.9,1.7,91.63,91.0,0.0,1.0,198.7,23248.0,43971.0,23.8,11.5,36.0,29.74,7.95,286.0,184.0,0.6,0.7811594202898551
2026-02-18T08:35:59,02/18/202608:35,117.5,1.0,117.5,54.0,1.7,91.8,91.0,0.0,1.0,198.7,23248.0,43971.0,23.8,11.5,36.0,29.74,7.95,286.0,184.0,0.6,0.7812765957446808
2026-02-18T08:37:00,02/18/202608:36,125.6,1.0,125.6,54.0,1.8,97.2,97.0,0.0,1.0,198.7,23248.0,43971.0,23.8,11.5,36.0,29.74,7.95,286.0,184.0,0.6,0.7738853503184714
2026-02-18T08:37:59,02/18/202608:37,126.4,0.9,113.76,54.1,1.7,91.97,91.0,0.0,1.0,198.7,23248.0,43971.0,23.8,11.5,37.0,29.77,7.95,286.0,184.0,0.6,0.8084563994374121
2026-02-18T08:38:59,02/18/202608:38,123.3,0.9,110.97,54.0,1.6,86.4,86.0,0.0,1.0,198.7,23248.0,43971.0,23.8,11.5,37.0,29.77,7.95,286.0,184.0,0.6,0.7785888077858881
2026-02-18T08:39:32,02/18/202608:39,121.1,0.8,96.88,54.0,1.4,75.6,75.0,0.0,1.0,198.7,23248.0,43971.0,23.8,11.5,37.0,29.77,7.95,286.0,184.0,0.6,0.7803468208092486
2026-02-18T08:40:33,02/18/202608:40,122.9,0.9,110.61000000000001,54.0,1.2,64.8,64.0,0.0,1.0,198.7,23248.0,43971.0,23.8,11.5,37.0,29.77,7.95,286.0,184.0,0.6,0.5858421480878763
2026-02-18T08:41:32,02/18/202608:41,111.9,0.7,78.33,54.0,1.2,64.8,64.0,0.0,1.0,198.7,23248.0,43971.0,23.8,11.5,37.0,29.77,7.95,286.0,184.0,0.6,0.8272692454998085
2026-02-18T08:42:33,02/18/202608:42,119.8,0.6,71.88,53.9,1.2,64.67999999999999,59.0,0.0,1.0,198.7,23248.0,43971.0,23.8,11.5,37.0,29.77,7.95,286.0,184.0,0.6,0.8998330550918197
2026-02-18T08:43:33,02/18/202608:43,65.6,0.7,45.919999999999995,53.8,0.6,32.279999999999994,32.0,0.0,1.0,198.7,23248.0,43971.0,23.8,11.5,37.0,29.77,7.95,286.0,184.0,0.6,0.7029616724738675
2026-02-18T08:44:32,02/18/202608:44,65.5,0.6,39.3,53.7,0.6,32.22,32.0,0.0,1.0,198.7,23248.0,43971.0,23.8,11.5,37.0,29.77,7.95,286.0,184.0,0.6,0.8198473282442749
2026-02-18T08:45:53,02/18/202608:45,65.4,0.7,45.78,53.7,0.7,37.589999999999996,37.0,0.0,1.0,198.7,23248.0,43971.0,23.8,12.3,35.0,29.77,9.01,289.0,234.0,0.8,0.8211009174311925
2026-02-18T08:46:32,02/18/202608:46,114.5,0.7,80.14999999999999,53.7,1.0,53.7,53.0,0.0,1.0,198.7,23248.0,43971.0,23.8,12.3,35.0,29.77,9.01,289.0,234.0,0.8,0.6699937616968186
2026-02-18T08:47:33,02/18/202608:47,112.8,0.7,78.96,53.7,1.1,59.07000000000001,59.0,0.0,1.0,198.7,23248.0,43971.0,23.8,12.3,35.0,29.77,9.01,289.0,234.0,0.8,0.748100303951368
2026-02-18T08:48:33,02/18/202608:48,109.4,0.6,65.64,53.7,0.9,48.330000000000005,48.0,0.0,1.0,198.7,23248.0,43971.0,23.8,12.3,35.0,29.77,9.01,289.0,234.0,0.8,0.7362888482632541
2026-02-18T08:49:32,02/18/202608:49,109.3,0.6,65.58,53.7,0.9,48.330000000000005,48.0,0.0,1.0,198.7,23248.0,43971.0,23.8,12.3,35.0,29.77,9.01,289.0,234.0,0.8,0.7369624885635866
2026-02-18T08:50:32,02/18/202608:50,109.4,0.7,76.58,53.7,1.0,53.7,53.0,0.0,1.0,198.7,23248.0,43971.0,23.8,12.3,35.0,29.77,9.01,289.0,234.0,0.8,0.7012274745364325
2026-02-18T08:51:33,02/18/202608:51,114.2,0.7,79.94,53.8,1.1,59.18,59.0,0.0,1.0,198.7,23248.0,43971.0,23.8,12.3,35.0,29.77,9.01,289.0,234.0,0.8,0.7403052289216913
2026-02-18T08:52:32,02/18/202608:52,117.8,0.8,94.24000000000001,53.8,1.2,64.55999999999999,64.0,0.0,1.0,198.7,23248.0,43971.0,23.8,12.3,35.0,29.77,9.01,289.0,234.0,0.8,0.6850594227504243
2026-02-18T08:53:33,02/18/202608:53,118.0,0.7,82.6,53.8,1.2,64.55999999999999,64.0,0.0,1.0,198.7,23248.0,43971.0,23.8,12.3,35.0,29.77,9.01,289.0,234.0,0.8,0.781598062953995
2026-02-18T08:53:56,02/18/202608:53,118.0,0.7,82.6,53.8,1.1,59.18,59.0,0.0,1.0,198.7,23248.0,43971.0,23.8,12.3,35.0,29.77,9.01,289.0,234.0,0.8,0.7164648910411623
2026-02-18T08:54:56,02/18/202608:54,116.8,0.8,93.44,53.8,1.0,53.8,53.0,0.0,1.0,198.7,23248.0,43971.0,23.8,12.3,35.0,29.77,9.01,289.0,234.0,0.8,0.5757705479452054
2026-02-18T08:57:03,02/18/202608:57,116.0,0.8,92.80000000000001,53.7,0.7,37.589999999999996,37.0,0.0,1.0,198.7,23248.0,43971.0,23.8,12.3,35.0,29.77,9.01,289.0,234.0,0.8,0.4050646551724137
2026-02-18T08:57:56,02/18/202608:57,115.9,0.8,92.72000000000001,53.7,0.7,37.589999999999996,37.0,0.0,1.0,198.7,23248.0,43971.0,23.8,12.3,35.0,29.77,9.01,289.0,234.0,0.8,0.40541415012942184
2026-02-18T08:58:56,02/18/202608:58,115.1,0.6,69.05999999999999,53.7,0.9,48.330000000000005,48.0,0.0,1.0,198.7,23248.0,43971.0,23.8,12.3,35.0,29.77,9.01,289.0,234.0,0.8,0.6998262380538665
2026-02-18T08:59:57,02/18/202608:59,115.0,0.6,69.0,53.7,0.9,48.330000000000005,48.0,0.0,1.0,198.7,23248.0,43971.0,23.8,12.3,35.0,29.77,9.01,289.0,234.0,0.8,0.7004347826086957
2026-02-18T09:00:57,02/18/202609:00,115.0,0.7,80.5,53.6,1.0,53.6,53.0,0.0,1.0,198.7,23248.0,43971.0,23.8,12.7,34.0,29.77,9.63,292.0,278.0,1.0,0.6658385093167702
2026-02-18T09:01:56,02/18/202609:01,103.1,0.7,72.16999999999999,53.7,0.9,48.330000000000005,48.0,0.0,1.0,198.7,23248.0,43971.0,23.8,12.7,34.0,29.77,9.63,292.0,278.0,1.0,0.6696688374670918
2026-02-18T09:02:57,02/18/202609:02,103.2,0.7,72.24,53.6,0.9,48.24,48.0,0.0,1.0,198.7,23248.0,43971.0,23.8,12.7,34.0,29.77,9.63,292.0,278.0,1.0,0.6677740863787376
2026-02-18T09:03:57,02/18/202609:03,103.1,0.7,72.16999999999999,53.7,0.9,48.330000000000005,48.0,0.0,1.0,198.7,23248.0,43971.0,23.8,12.7,34.0,29.77,9.63,292.0,278.0,1.0,0.6696688374670918
2026-02-18T09:04:57,02/18/202609:04,111.6,0.7,78.11999999999999,53.7,1.0,53.7,53.0,0.0,1.0,198.7,23248.0,43971.0,23.8,12.7,34.0,29.77,9.63,292.0,278.0,1.0,0.6874039938556069
2026-02-18T09:05:56,02/18/202609:05,114.8,0.7,80.36,53.7,1.1,59.07000000000001,59.0,0.0,1.0,198.7,23248.0,43971.0,23.8,12.7,34.0,29.77,9.63,292.0,278.0,1.0,0.7350671976107517
2026-02-18T09:06:57,02/18/202609:06,117.4,0.8,93.92000000000002,53.7,1.1,59.07000000000001,59.0,0.0,1.0,198.7,23248.0,43971.0,23.8,12.7,34.0,29.77,9.63,292.0,278.0,1.0,0.6289395229982964
2026-02-18T09:08:11,02/18/202609:08,116.9,0.9,105.21000000000001,53.8,1.2,64.55999999999999,64.0,0.0,1.0,198.7,23248.0,43971.0,23.8,12.7,34.0,29.77,9.63,292.0,278.0,1.0,0.6136298830909608
2026-02-18T09:08:57,02/18/202609:08,117.8,0.7,82.46,53.8,1.3,69.94,69.0,0.0,1.0,198.7,23248.0,43971.0,23.8,12.7,34.0,29.77,9.63,292.0,278.0,1.0,0.8481688091195732
2026-02-18T09:09:56,02/18/202609:09,118.1,0.7,82.66999999999999,53.8,1.2,64.55999999999999,64.0,0.0,1.0,198.7,23248.0,43971.0,23.8,12.7,34.0,29.77,9.63,292.0,278.0,1.0,0.7809362525704608
2026-02-18T09:10:57,02/18/202609:10,121.7,0.7,85.19,53.7,1.0,53.7,53.0,0.0,1.0,198.7,23248.0,43971.0,23.8,12.7,34.0,29.77,9.63,292.0,278.0,1.0,0.6303556755487734
2026-02-18T09:11:58,02/18/202609:11,116.0,0.7,81.19999999999999,53.8,0.9,48.42,48.0,0.0,1.0,198.7,23248.0,43971.0,23.8,12.7,34.0,29.77,9.63,292.0,278.0,1.0,0.5963054187192119
2026-02-18T09:12:57,02/18/202609:12,115.9,0.7,81.13,53.7,0.9,48.330000000000005,48.0,0.0,1.0,198.7,23248.0,43971.0,23.8,12.7,34.0,29.77,9.63,292.0,278.0,1.0,0.5957105879452731
2026-02-18T09:14:57,02/18/202609:14,112.0,0.7,78.39999999999999,53.7,0.9,48.330000000000005,48.0,0.0,1.0,198.7,23248.0,43971.0,23.8,12.7,34.0,29.77,9.63,292.0,278.0,1.0,0.6164540816326533
2026-02-18T09:15:56,02/18/202609:15,112.0,0.7,78.39999999999999,53.7,0.8,42.96000000000001,42.0,0.0,1.0,198.7,23248.0,43971.0,23.8,13.4,32.0,29.77,9.13,298.0,345.0,1.3,0.5479591836734695
2026-02-18T09:16:57,02/18/202609:16,112.0,0.7,78.39999999999999,53.7,0.9,48.330000000000005,48.0,0.0,1.0,198.7,23248.0,43971.0,23.8,13.4,32.0,29.77,9.13,298.0,345.0,1.3,0.6164540816326533
2026-02-18T09:17:57,02/18/202609:17,111.5,0.8,89.2,53.7,1.1,59.07000000000001,59.0,0.0,1.0,198.7,23248.0,43971.0,23.8,13.4,32.0,29.77,9.13,298.0,345.0,1.3,0.662219730941704
2026-02-18T09:19:21,02/18/202609:19,116.8,0.7,81.75999999999999,53.7,1.2,64.44,64.0,0.1,1.0,198.7,23248.0,43971.0,23.8,13.4,32.0,29.77,9.13,298.0,345.0,1.3,0.788160469667319
2026-02-18T09:19:55,02/18/202609:19,116.9,0.7,81.83,53.8,1.2,64.55999999999999,64.0,0.1,1.0,198.7,23248.0,43971.0,23.8,13.4,32.0,29.77,9.13,298.0,345.0,1.3,0.7889527068312353
2026-02-18T09:20:55,02/18/202609:20,116.9,0.6,70.14,53.7,1.2,64.44,64.0,0.1,1.0,198.7,23248.0,43971.0,23.8,13.4,32.0,29.77,9.13,298.0,345.0,1.3,0.9187339606501282
2026-02-18T09:21:54,02/18/202609:21,116.4,0.7,81.48,53.8,1.0,53.8,53.0,0.1,1.0,198.7,23248.0,43971.0,23.8,13.4,32.0,29.77,9.13,298.0,345.0,1.3,0.6602847324496809
2026-02-18T09:22:55,02/18/202609:22,112.1,0.7,78.46999999999998,53.7,0.9,48.330000000000005,48.0,0.1,1.0,198.7,23248.0,43971.0,23.8,13.4,32.0,29.77,9.13,298.0,345.0,1.3,0.6159041671976554
2026-02-18T09:23:55,02/18/202609:23,112.0,0.7,78.39999999999999,53.7,0.7,37.589999999999996,37.0,0.1,1.0,198.7,23248.0,43971.0,23.8,13.4,32.0,29.77,9.13,298.0,345.0,1.3,0.47946428571428573
2026-02-18T09:24:54,02/18/202609:24,112.1,0.7,78.46999999999998,53.7,0.9,48.330000000000005,48.0,0.1,2.0,198.7,23248.0,43971.0,23.8,13.4,32.0,29.77,9.13,298.0,345.0,1.3,0.6159041671976554
2026-02-18T09:25:55,02/18/202609:25,109.1,0.7,76.36999999999999,53.7,1.1,59.07000000000001,59.0,0.1,2.0,198.7,23248.0,43971.0,23.8,13.4,32.0,29.77,9.13,298.0,345.0,1.3,0.7734712583475188
2026-02-18T09:26:55,02/18/202609:26,108.8,0.7,76.16,53.7,1.0,53.7,53.0,0.1,2.0,198.7,23248.0,43971.0,23.8,13.4,32.0,29.77,9.13,298.0,345.0,1.3,0.7050945378151261
2026-02-18T09:27:54,02/18/202609:27,108.7,0.7,76.09,53.7,1.0,53.7,53.0,0.1,2.0,198.7,23248.0,43971.0,23.8,13.4,32.0,29.77,9.13,298.0,345.0,1.3,0.7057431988434748
2026-02-18T09:28:54,02/18/202609:28,108.4,0.7,75.88,53.8,1.0,53.8,53.0,0.1,2.0,198.7,23248.0,43971.0,23.8,13.4,32.0,29.77,9.13,298.0,345.0,1.3,0.7090142329994729
2026-02-18T09:30:30,02/18/202609:30,114.9,0.7,80.42999999999999,53.7,1.1,59.07000000000001,59.0,0.1,2.0,198.7,23248.0,43971.0,23.8,13.4,32.0,29.77,9.13,298.0,345.0,1.3,0.7344274524431184
2026-02-18T09:30:55,02/18/202609:30,112.2,0.7,78.53999999999999,53.7,1.1,59.07000000000001,59.0,0.1,2.0,198.7,23248.0,43971.0,23.8,13.4,32.0,29.77,9.07,286.0,346.0,1.3,0.7521008403361347
2026-02-18T09:31:55,02/18/202609:31,113.6,0.8,90.88,53.7,1.0,53.7,53.0,0.1,2.0,198.7,23248.0,43971.0,23.8,14.0,30.0,29.74,8.64,291.0,396.0,1.7,0.5908890845070424
2026-02-18T09:32:54,02/18/202609:32,113.0,0.8,90.4,53.8,1.1,59.18,59.0,0.1,2.0,198.7,23248.0,43971.0,23.8,14.0,32.0,29.77,8.64,291.0,396.0,1.7,0.654646017699115
2026-02-18T09:33:55,02/18/202609:33,120.8,0.8,96.64,53.8,1.2,64.55999999999999,64.0,0.1,2.0,198.7,23248.0,43971.0,23.8,14.0,32.0,29.77,8.64,291.0,396.0,1.7,0.6680463576158939
2026-02-18T09:34:55,02/18/202609:34,120.8,0.7,84.55999999999999,53.8,1.1,59.18,59.0,0.1,2.0,198.7,23248.0,43971.0,23.8,14.0,32.0,29.77,8.64,291.0,396.0,1.7,0.6998580889309367
2026-02-18T09:35:55,02/18/202609:35,114.4,0.6,68.64,53.8,1.1,59.18,59.0,0.1,2.0,198.7,23248.0,43971.0,23.8,14.0,32.0,29.77,8.64,291.0,396.0,1.7,0.8621794871794871
2026-02-18T09:36:55,02/18/202609:36,116.8,0.7,81.75999999999999,53.8,0.9,48.42,48.0,0.1,2.0,198.7,23248.0,43971.0,23.8,14.0,32.0,29.77,8.64,291.0,396.0,1.7,0.5922211350293543
2026-02-18T09:37:55,02/18/202609:37,116.8,0.7,81.75999999999999,53.8,1.0,53.8,53.0,0.1,2.0,198.7,23248.0,43971.0,23.8,14.0,32.0,29.77,8.64,291.0,396.0,1.7,0.6580234833659492
2026-02-18T09:38:55,02/18/202609:38,116.7,0.7,81.69,53.8,1.0,53.8,53.0,0.1,2.0,198.7,23248.0,43971.0,23.8,14.0,32.0,29.77,8.64,291.0,396.0,1.7,0.6585873423919696
2026-02-18T09:39:55,02/18/202609:39,111.1,0.7,77.77,53.8,1.1,59.18,59.0,0.1,2.0,198.7,23248.0,43971.0,23.8,14.0,32.0,29.77,8.64,291.0,396.0,1.7,0.760961810466761
2026-02-18T09:41:40,02/18/202609:41,111.8,0.6,67.08,53.8,1.0,53.8,53.0,0.1,2.0,198.7,23248.0,43971.0,23.8,14.0,32.0,29.77,8.64,291.0,396.0,1.7,0.8020274299344067
2026-02-18T09:41:55,02/18/202609:41,113.2,0.6,67.92,53.7,1.0,53.7,53.0,0.1,2.0,198.7,23248.0,43971.0,23.8,14.0,32.0,29.77,8.64,291.0,396.0,1.7,0.7906360424028269
2026-02-18T09:42:55,02/18/202609:42,113.1,0.6,67.86,53.8,1.0,53.8,53.0,0.1,2.0,198.7,23248.0,43971.0,23.8,14.0,32.0,29.77,8.64,291.0,396.0,1.7,0.7928087238432066
2026-02-18T09:43:55,02/18/202609:43,106.3,0.7,74.41,53.8,1.1,59.18,59.0,0.1,2.0,198.7,23248.0,43971.0,23.8,14.0,32.0,29.77,8.64,291.0,396.0,1.7,0.7953232092460691
2026-02-18T09:44:55,02/18/202609:44,116.8,0.7,81.75999999999999,53.7,1.0,53.7,53.0,0.1,2.0,198.7,23248.0,43971.0,23.8,14.0,32.0,29.77,8.64,291.0,396.0,1.7,0.6568003913894326
2026-02-18T09:45:55,02/18/202609:45,116.8,0.7,81.75999999999999,53.8,1.0,53.8,53.0,0.1,2.0,198.7,23248.0,43971.0,23.8,14.7,32.0,29.77,6.9,295.0,440.0,2.0,0.6580234833659492
2026-02-18T09:47:02,02/18/202609:47,116.2,0.7,81.34,53.8,1.0,53.8,53.0,0.1,2.0,198.7,23248.0,43971.0,23.8,14.7,32.0,29.77,6.9,295.0,440.0,2.0,0.6614211949840176
2026-02-18T09:48:02,02/18/202609:48,105.2,0.6,63.12,53.8,1.0,53.8,53.0,0.1,2.0,198.7,23248.0,43971.0,23.8,14.7,32.0,29.77,6.9,295.0,440.0,2.0,0.8523447401774398
2026-02-18T09:49:02,02/18/202609:49,112.0,0.8,89.60000000000001,53.8,1.2,64.55999999999999,64.0,0.1,2.0,198.7,23248.0,43971.0,23.8,14.7,32.0,29.77,6.9,295.0,440.0,2.0,0.7205357142857141
2026-02-18T09:50:01,02/18/202609:50,119.0,0.7,83.3,53.9,1.2,64.67999999999999,64.0,0.1,2.0,198.7,23248.0,43971.0,23.8,14.7,32.0,29.77,6.9,295.0,440.0,2.0,0.776470588235294
2026-02-18T09:50:24,02/18/202609:50,116.1,0.8,92.88,53.9,1.3,70.07000000000001,70.0,0.1,2.0,198.7,23248.0,43971.0,23.8,14.7,32.0,29.77,6.9,295.0,440.0,2.0,0.7544142980189493
2026-02-18T09:51:23,02/18/202609:51,110.9,0.7,77.63,53.9,1.3,70.07000000000001,70.0,0.1,2.0,198.7,23248.0,43971.0,23.8,14.7,32.0,29.77,6.9,295.0,440.0,2.0,0.9026149684400362
2026-02-18T09:52:49,02/18/202609:52,110.1,0.7,77.07,53.9,1.2,64.67999999999999,64.0,0.1,2.0,198.7,23248.0,43971.0,23.8,14.7,32.0,29.77,6.9,295.0,440.0,2.0,0.8392370572207084
2026-02-18T09:53:24,02/18/202609:53,119.8,0.7,83.86,53.9,1.2,64.67999999999999,64.0,0.1,2.0,198.7,23248.0,43971.0,23.8,14.7,32.0,29.77,6.9,295.0,440.0,2.0,0.7712854757929882
2026-02-18T09:54:23,02/18/202609:54,108.7,0.8,86.96000000000001,53.9,1.3,70.07000000000001,70.0,0.1,2.0,198.7,23248.0,43971.0,23.8,14.7,32.0,29.77,6.9,295.0,440.0,2.0,0.8057727690892365
2026-02-18T09:55:24,02/18/202609:55,120.7,0.8,96.56,53.9,1.1,59.290000000000006,59.0,0.1,2.0,198.7,23248.0,43971.0,23.8,14.7,32.0,29.77,6.9,295.0,440.0,2.0,0.6140223695111848
2026-02-18T09:56:24,02/18/202609:56,104.9,0.6,62.94,53.8,1.2,64.55999999999999,64.0,0.1,2.0,198.7,23248.0,43971.0,23.8,14.7,32.0,29.77,6.9,295.0,440.0,2.0,1.0257387988560531
2026-02-18T09:57:24,02/18/202609:57,113.5,0.6,68.1,53.9,1.1,59.290000000000006,59.0,0.1,2.0,198.7,23248.0,43971.0,23.8,14.7,32.0,29.77,6.9,295.0,440.0,2.0,0.8706314243759179
2026-02-18T09:57:35,02/18/202609:57,113.5,0.7,79.44999999999999,53.9,1.1,59.290000000000006,59.0,0.1,2.0,198.7,23248.0,43971.0,23.8,14.7,32.0,29.77,6.9,295.0,440.0,2.0,0.7462555066079297
2026-02-18T09:58:35,02/18/202609:58,113.9,0.7,79.73,53.9,1.0,53.9,53.0,0.1,2.0,198.7,23248.0,43971.0,23.8,14.7,32.0,29.77,6.9,295.0,440.0,2.0,0.6760316066725197
2026-02-18T09:59:34,02/18/202609:59,114.7,0.7,80.28999999999999,53.9,1.1,59.290000000000006,59.0,0.1,2.0,198.7,23248.0,43971.0,23.8,14.7,32.0,29.77,6.9,295.0,440.0,2.0,0.7384481255448999
2026-02-18T10:00:35,02/18/202610:00,114.6,0.6,68.75999999999999,53.9,1.1,59.290000000000006,59.0,0.1,2.0,198.7,23248.0,43971.0,23.8,15.3,31.0,29.77,6.71,300.0,485.0,2.3,0.8622745782431649
2026-02-18T10:01:34,02/18/202610:01,114.7,0.7,80.28999999999999,53.9,1.1,59.290000000000006,59.0,0.1,2.0,198.7,23248.0,43971.0,23.8,15.3,31.0,29.77,6.71,300.0,485.0,2.3,0.7384481255448999
2026-02-18T10:02:34,02/18/202610:02,118.0,0.7,82.6,54.0,1.1,59.400000000000006,59.0,0.1,2.0,198.7,23248.0,43971.0,23.8,15.3,31.0,29.77,6.71,300.0,485.0,2.3,0.7191283292978209
2026-02-18T10:03:58,02/18/202610:03,115.4,0.9,103.86000000000001,53.9,1.0,53.9,53.0,0.1,2.0,198.7,23248.0,43971.0,23.8,15.3,31.0,29.77,6.71,300.0,485.0,2.3,0.5189678413248603
2026-02-18T10:04:34,02/18/202610:04,118.3,0.7,82.80999999999999,53.9,1.2,64.67999999999999,64.0,0.1,2.0,198.7,23248.0,43971.0,23.8,15.3,31.0,29.77,6.71,300.0,485.0,2.3,0.7810650887573964
2026-02-18T10:05:35,02/18/202610:05,118.3,0.6,70.97999999999999,53.9,1.2,64.67999999999999,64.0,0.1,2.0,198.7,23248.0,43971.0,23.8,15.3,31.0,29.77,6.71,300.0,485.0,2.3,0.9112426035502958
2026-02-18T10:06:58,02/18/202610:06,117.7,0.8,94.16000000000001,53.9,1.2,64.67999999999999,64.0,0.1,2.0,198.7,23248.0,43971.0,23.8,15.3,31.0,29.77,6.71,300.0,485.0,2.3,0.6869158878504671
2026-02-18T10:07:58,02/18/202610:07,111.0,0.8,88.80000000000001,54.0,1.2,64.8,64.0,0.1,2.0,198.7,23248.0,43971.0,23.8,15.3,31.0,29.77,6.71,300.0,485.0,2.3,0.7297297297297296
2026-02-18T10:08:58,02/18/202610:08,117.3,0.6,70.38,54.0,1.2,64.8,64.0,0.1,2.0,198.7,23248.0,43971.0,23.8,15.3,31.0,29.77,6.71,300.0,485.0,2.3,0.9207161125319693
2026-02-18T10:09:59,02/18/202610:09,115.1,0.8,92.08,53.9,1.1,59.290000000000006,59.0,0.1,2.0,198.7,23248.0,43971.0,23.8,15.3,31.0,29.77,6.71,300.0,485.0,2.3,0.6438966116420505
2026-02-18T10:10:58,02/18/202610:10,109.0,0.7,76.3,53.9,1.0,53.9,53.0,0.1,2.0,198.7,23248.0,43971.0,23.8,15.3,31.0,29.77,6.71,300.0,485.0,2.3,0.7064220183486238
2026-02-18T10:12:10,02/18/202610:12,111.7,0.7,78.19,53.9,1.2,64.67999999999999,64.0,0.1,2.0,198.7,23248.0,43971.0,23.8,15.3,31.0,29.77,6.71,300.0,485.0,2.3,0.8272157564905998
2026-02-18T10:13:10,02/18/202610:13,117.3,0.7,82.11,53.9,1.2,64.67999999999999,64.0,0.1,2.0,198.7,23248.0,43971.0,23.8,15.3,31.0,29.77,6.71,300.0,485.0,2.3,0.7877237851662403
2026-02-18T10:15:08,02/18/202610:15,117.3,0.7,82.11,54.0,1.2,64.8,64.0,0.1,2.0,198.7,23248.0,43971.0,23.8,15.3,31.0,29.77,6.71,300.0,485.0,2.3,0.7891852393131166
2026-02-18T10:15:10,02/18/202610:15,107.3,0.8,85.84,54.0,1.3,70.2,70.0,0.1,2.0,198.7,23248.0,43971.0,23.8,15.3,31.0,29.77,6.71,300.0,485.0,2.3,0.8178005591798695
2026-02-18T10:16:10,02/18/202610:16,107.3,0.8,85.84,54.0,1.3,70.2,70.0,0.1,2.0,198.7,23248.0,43971.0,23.8,15.8,30.0,29.77,5.9,299.0,530.0,2.6,0.8178005591798695
2026-02-18T10:17:09,02/18/202610:17,107.3,0.7,75.11,54.0,1.2,64.8,64.0,0.1,2.0,198.7,23248.0,43971.0,23.8,15.8,30.0,29.77,5.9,299.0,530.0,2.6,0.862734655838104
2026-02-18T10:18:10,02/18/202610:18,109.8,0.8,87.84,54.0,1.2,64.8,64.0,0.1,2.0,198.7,23248.0,43971.0,23.8,15.8,30.0,29.77,5.9,299.0,530.0,2.6,0.7377049180327868
2026-02-18T10:19:10,02/18/202610:19,109.7,0.8,87.76,54.0,1.0,54.0,54.0,0.1,3.0,198.7,23248.0,43971.0,23.8,15.8,30.0,29.77,5.9,299.0,530.0,2.6,0.6153144940747493
2026-02-18T10:20:10,02/18/202610:20,109.8,0.8,87.84,54.0,1.2,64.8,64.0,0.1,3.0,198.7,23248.0,43971.0,23.8,15.8,30.0,29.77,5.9,299.0,530.0,2.6,0.7377049180327868
2026-02-18T10:21:10,02/18/202610:21,119.0,0.7,83.3,54.0,1.1,59.400000000000006,59.0,0.1,3.0,198.7,23248.0,43971.0,23.8,15.8,30.0,29.77,5.9,299.0,530.0,2.6,0.7130852340936376
2026-02-18T10:22:10,02/18/202610:22,107.7,0.7,75.39,54.0,1.1,59.400000000000006,59.0,0.1,3.0,198.7,23248.0,43971.0,23.8,15.8,30.0,29.77,5.9,299.0,530.0,2.6,0.7879029048945484
2026-02-18T10:23:09,02/18/202610:23,107.0,0.8,85.60000000000001,54.0,1.2,64.8,64.0,0.1,3.0,198.7,23248.0,43971.0,23.8,15.8,30.0,29.77,5.9,299.0,530.0,2.6,0.7570093457943924
2026-02-18T10:23:58,02/18/202610:23,107.1,0.8,85.68,54.0,1.3,70.2,70.0,0.1,3.0,198.7,23248.0,43971.0,23.8,15.8,30.0,29.77,5.9,299.0,530.0,2.6,0.819327731092437
2026-02-18T10:24:57,02/18/202610:24,117.2,0.7,82.03999999999999,54.1,1.2,64.92,64.0,0.1,3.0,198.7,23248.0,43971.0,23.8,15.8,30.0,29.77,5.9,299.0,530.0,2.6,0.7913213066796686
2026-02-18T10:26:16,02/18/202610:26,117.2,0.7,82.03999999999999,54.1,1.2,64.92,64.0,0.1,3.0,198.7,23248.0,43971.0,23.8,15.8,30.0,29.77,5.9,299.0,530.0,2.6,0.7913213066796686
2026-02-18T10:26:58,02/18/202610:26,110.5,0.8,88.4,54.0,1.1,59.400000000000006,59.0,0.1,3.0,198.7,23248.0,43971.0,23.8,15.8,30.0,29.77,5.9,299.0,530.0,2.6,0.6719457013574661
2026-02-18T10:27:58,02/18/202610:27,110.6,0.8,88.48,54.1,1.1,59.510000000000005,59.0,0.1,3.0,198.7,23248.0,43971.0,23.8,15.8,30.0,29.77,5.9,299.0,530.0,2.6,0.6725813743218807
2026-02-18T10:28:58,02/18/202610:28,120.1,0.7,84.07,54.2,1.2,65.04,65.0,0.1,3.0,198.7,23248.0,43971.0,23.8,17.0,30.0,29.77,5.9,299.0,531.0,2.6,0.7736410134411801
2026-02-18T10:29:58,02/18/202610:29,120.0,0.7,84.0,54.5,1.3,70.85000000000001,70.0,0.1,3.0,198.7,23248.0,43971.0,23.8,17.0,30.0,29.77,5.9,299.0,531.0,2.6,0.8434523809523811
2026-02-18T10:30:58,02/18/202610:30,120.0,0.7,84.0,54.5,1.3,70.85000000000001,70.0,0.1,3.0,198.7,23248.0,43971.0,23.8,17.6,28.0,29.77,5.78,257.0,569.0,3.0,0.8434523809523811
2026-02-18T10:33:07,02/18/202610:33,120.1,0.7,84.07,54.5,1.4,76.3,76.0,0.1,3.0,198.7,23248.0,43971.0,23.8,17.6,24.0,29.77,5.78,257.0,569.0,3.0,0.9075770191507078
2026-02-18T10:34:07,02/18/202610:34,120.1,0.8,96.08,54.5,1.3,70.85000000000001,70.0,0.1,3.0,198.7,23248.0,43971.0,23.8,17.6,24.0,29.77,5.78,257.0,569.0,3.0,0.7374063280599501
2026-02-18T10:35:07,02/18/202610:35,120.2,0.8,96.16000000000001,54.4,1.3,70.72,70.0,0.1,3.0,198.7,23248.0,43971.0,23.8,17.6,24.0,29.77,5.78,257.0,569.0,3.0,0.735440931780366
2026-02-18T10:36:07,02/18/202610:36,120.2,0.8,96.16000000000001,54.5,1.4,76.3,76.0,0.1,3.0,198.7,23248.0,43971.0,23.8,17.6,24.0,29.77,5.78,257.0,569.0,3.0,0.7934692179700498
2026-02-18T10:37:25,02/18/202610:37,120.3,0.8,96.24000000000001,54.5,1.6,87.2,81.0,0.1,3.0,198.7,23248.0,43971.0,23.8,17.6,24.0,29.77,5.78,257.0,569.0,3.0,0.9060681629260182
2026-02-18T10:40:01,02/18/202610:40,120.3,0.8,96.24000000000001,54.5,1.7,92.64999999999999,92.0,0.1,3.0,198.7,23248.0,43971.0,23.8,17.6,24.0,29.77,5.78,257.0,569.0,3.0,0.9626974231088943
2026-02-18T10:41:01,02/18/202610:41,120.4,0.9,108.36000000000001,54.5,1.5,81.75,81.0,0.1,3.0,198.7,23248.0,43971.0,23.8,17.6,24.0,29.77,5.78,257.0,569.0,3.0,0.7544296788482834
2026-02-18T10:43:01,02/18/202610:43,120.4,0.9,108.36000000000001,54.4,1.6,87.04,87.0,0.1,3.0,198.7,23248.0,43971.0,23.8,17.6,24.0,29.77,5.78,257.0,569.0,3.0,0.8032484311554079
2026-02-18T10:44:02,02/18/202610:44,120.4,0.9,108.36000000000001,54.6,1.7,92.82,92.0,0.1,3.0,198.7,23248.0,43971.0,23.8,17.6,24.0,29.77,5.78,257.0,569.0,3.0,0.8565891472868216
2026-02-18T10:46:01,02/18/202610:46,120.4,0.8,96.32000000000001,54.5,1.7,92.64999999999999,92.0,0.1,3.0,198.7,23248.0,43971.0,23.8,18.0,23.0,29.77,4.6,256.0,587.0,3.3,0.9618978405315614
2026-02-18T10:47:02,02/18/202610:47,120.5,0.9,108.45,54.5,1.6,87.2,87.0,0.1,3.0,198.7,23248.0,43971.0,23.8,18.0,23.0,29.77,4.6,256.0,587.0,3.3,0.8040571692023974
2026-02-18T10:48:35,02/18/202610:48,120.4,0.9,108.36000000000001,54.5,1.5,81.75,81.0,0.1,3.0,198.7,23248.0,43971.0,23.8,18.0,23.0,29.77,4.6,256.0,587.0,3.3,0.7544296788482834
2026-02-18T10:49:01,02/18/202610:49,120.5,0.9,108.45,54.5,1.6,87.2,87.0,0.1,3.0,198.7,23248.0,43971.0,23.8,18.0,23.0,29.77,4.6,256.0,587.0,3.3,0.8040571692023974
2026-02-18T10:50:01,02/18/202610:50,120.4,0.9,108.36000000000001,54.5,1.6,87.2,87.0,0.1,3.0,198.7,23248.0,43971.0,23.8,18.0,23.0,29.77,4.6,256.0,587.0,3.3,0.8047249907715023
2026-02-18T10:51:01,02/18/202610:51,120.5,0.9,108.45,54.5,1.7,92.64999999999999,92.0,0.1,3.0,198.7,23248.0,43971.0,23.8,18.0,23.0,29.77,4.6,256.0,587.0,3.3,0.8543107422775471
2026-02-18T10:52:02,02/18/202610:52,120.5,0.9,108.45,54.5,1.8,98.10000000000001,98.0,0.2,3.0,198.7,23248.0,43971.0,23.8,18.0,23.0,29.77,4.6,256.0,587.0,3.3,0.9045643153526971
2026-02-18T10:53:01,02/18/202610:53,120.0,0.9,108.0,54.3,1.8,97.74,97.0,0.2,3.0,198.7,23248.0,43971.0,23.8,18.0,23.0,29.77,4.6,256.0,587.0,3.3,0.9049999999999999
2026-02-18T10:54:01,02/18/202610:54,118.2,1.0,118.2,54.2,1.7,92.14,91.0,0.2,3.0,198.7,23248.0,43971.0,23.8,18.0,23.0,29.77,4.6,256.0,587.0,3.3,0.7795262267343486
2026-02-18T10:55:01,02/18/202610:55,123.7,0.9,111.33,54.1,1.8,97.38000000000001,97.0,0.2,3.0,198.7,23248.0,43971.0,23.8,18.0,23.0,29.77,4.6,256.0,587.0,3.3,0.8746968472109944
2026-02-18T10:56:01,02/18/202610:56,126.2,1.0,126.2,54.1,1.8,97.38000000000001,97.0,0.2,3.0,198.7,23248.0,43971.0,23.8,18.0,23.0,29.77,4.6,256.0,587.0,3.3,0.7716323296354992
2026-02-18T10:57:02,02/18/202610:57,126.4,1.0,126.4,54.1,1.9,102.78999999999999,102.0,0.2,3.0,198.7,23248.0,43971.0,23.8,18.0,23.0,29.77,4.6,256.0,587.0,3.3,0.8132120253164556
2026-02-18T10:58:01,02/18/202610:58,118.4,1.9,224.96,54.2,3.8,205.96,206.0,0.2,3.0,198.7,23248.0,43971.0,23.8,18.0,23.0,29.77,4.6,256.0,587.0,3.3,0.9155405405405406
2026-02-18T10:59:44,02/18/202610:59,119.0,1.9,226.1,54.3,3.9,211.76999999999998,211.0,0.2,4.0,198.7,23248.0,43971.0,23.8,18.0,23.0,29.77,4.6,256.0,587.0,3.3,0.9366209641751437
2026-02-18T11:00:01,02/18/202611:00,118.8,2.0,237.6,54.5,3.8,207.1,207.0,0.2,4.0,198.7,23248.0,43971.0,23.8,18.0,23.0,29.77,4.6,256.0,587.0,3.3,0.8716329966329966
2026-02-18T11:01:01,02/18/202611:01,120.7,1.7,205.19,54.6,3.3,180.18,180.0,0.2,4.0,198.7,23248.0,43971.0,23.8,18.6,23.0,29.74,4.29,261.0,632.0,3.6,0.8781129684682489
2026-02-18T11:02:01,02/18/202611:02,120.8,1.6,193.28,54.6,3.2,174.72000000000003,174.0,0.2,4.0,198.7,23248.0,43971.0,23.8,18.6,23.0,29.74,4.29,261.0,632.0,3.6,0.903973509933775
2026-02-18T11:03:02,02/18/202611:03,120.4,1.6,192.64000000000001,54.6,3.3,180.18,180.0,0.2,4.0,198.7,23248.0,43971.0,23.8,18.6,23.0,29.74,4.29,261.0,632.0,3.6,0.9353197674418604
2026-02-18T11:04:01,02/18/202611:04,120.5,1.6,192.8,54.6,3.2,174.72000000000003,174.0,0.2,4.0,198.7,23248.0,43971.0,23.8,18.6,23.0,29.74,4.29,261.0,632.0,3.6,0.9062240663900416
2026-02-18T11:04:55,02/18/202611:04,120.6,1.5,180.89999999999998,54.6,3.0,163.8,163.0,0.2,4.0,198.7,23248.0,43971.0,23.8,18.6,23.0,29.74,4.29,261.0,632.0,3.6,0.9054726368159206
2026-02-18T11:05:54,02/18/202611:05,120.2,1.5,180.3,54.6,3.0,163.8,163.0,0.2,4.0,198.7,23248.0,43971.0,23.8,18.6,23.0,29.74,4.29,261.0,632.0,3.6,0.908485856905158
2026-02-18T11:06:45,02/18/202611:06,120.1,1.5,180.14999999999998,54.6,2.9,158.34,158.0,0.2,4.0,198.7,23248.0,43971.0,23.8,18.6,23.0,29.74,4.29,261.0,632.0,3.6,0.8789342214820984
2026-02-18T11:07:45,02/18/202611:07,119.9,1.5,179.85000000000002,54.6,2.9,158.34,158.0,0.2,4.0,198.7,23248.0,43971.0,23.8,18.6,23.0,29.74,4.29,261.0,632.0,3.6,0.8804003336113427
2026-02-18T11:08:45,02/18/202611:08,119.7,1.5,179.55,54.5,2.9,158.04999999999998,158.0,0.2,4.0,198.7,23248.0,43971.0,23.8,18.6,23.0,29.74,4.29,261.0,632.0,3.6,0.8802561960456696
2026-02-18T11:10:53,02/18/202611:10,119.3,1.5,178.95,54.5,2.9,158.04999999999998,158.0,0.2,4.0,198.7,23248.0,43971.0,23.8,18.6,23.0,29.74,4.29,261.0,632.0,3.6,0.8832075998882369
2026-02-18T11:11:30,02/18/202611:11,119.3,1.5,178.95,54.6,3.0,163.8,163.0,0.2,4.0,198.7,23248.0,43971.0,23.8,18.6,23.0,29.74,4.29,261.0,632.0,3.6,0.9153394803017604
2026-02-18T11:12:29,02/18/202611:12,119.4,1.5,179.10000000000002,54.6,2.9,158.34,158.0,0.2,4.0,198.7,23248.0,43971.0,23.8,18.6,23.0,29.74,4.29,261.0,632.0,3.6,0.8840871021775544
2026-02-18T11:13:29,02/18/202611:13,131.7,1.3,171.20999999999998,54.6,2.7,147.42000000000002,147.0,0.2,4.0,198.7,23248.0,43971.0,23.8,18.6,23.0,29.74,4.29,261.0,632.0,3.6,0.8610478359908886
2026-02-18T11:14:29,02/18/202611:14,131.7,1.3,171.20999999999998,54.6,2.6,141.96,141.0,0.2,4.0,198.7,23248.0,43971.0,23.8,18.6,23.0,29.74,4.29,261.0,632.0,3.6,0.8291571753986334
2026-02-18T11:15:29,02/18/202611:15,131.2,1.3,170.56,54.6,2.8,152.88,152.0,0.2,4.0,198.7,23248.0,43971.0,23.8,18.9,22.0,29.74,4.23,245.0,665.0,3.9,0.896341463414634
2026-02-18T11:16:25,02/18/202611:16,131.4,1.3,170.82000000000002,54.6,2.7,147.42000000000002,147.0,0.2,4.0,198.7,23248.0,43971.0,23.8,18.9,22.0,29.74,4.23,245.0,665.0,3.9,0.863013698630137
2026-02-18T11:17:25,02/18/202611:17,131.4,1.2,157.68,54.6,2.6,141.96,141.0,0.2,4.0,198.7,23248.0,43971.0,23.8,18.9,22.0,29.74,4.23,245.0,665.0,3.9,0.9003044140030442
2026-02-18T11:19:24,02/18/202611:19,131.0,1.4,183.39999999999998,54.6,2.7,147.42000000000002,147.0,0.2,5.0,198.7,23248.0,43971.0,23.8,18.9,22.0,29.74,4.23,245.0,665.0,3.9,0.80381679389313
2026-02-18T11:20:25,02/18/202611:20,131.2,1.3,170.56,54.7,2.5,136.75,136.0,0.2,5.0,198.7,23248.0,43971.0,23.8,18.9,22.0,29.74,4.23,245.0,665.0,3.9,0.8017706378986866
2026-02-18T11:22:03,02/18/202611:22,130.9,1.3,170.17000000000002,54.6,2.8,152.88,152.0,0.2,5.0,198.7,23248.0,43971.0,23.8,18.9,22.0,29.74,4.23,245.0,665.0,3.9,0.8983957219251336
2026-02-18T11:22:48,02/18/202611:22,131.1,1.2,157.32,54.6,2.6,141.96,141.0,0.2,5.0,198.7,23248.0,43971.0,23.8,18.9,22.0,29.74,4.23,245.0,665.0,3.9,0.9023646071700993
2026-02-18T11:23:49,02/18/202611:23,131.1,1.2,157.32,54.6,2.7,147.42000000000002,141.0,0.2,5.0,198.7,23248.0,43971.0,23.8,18.9,22.0,29.74,4.23,245.0,665.0,3.9,0.9370709382151031
2026-02-18T11:24:49,02/18/202611:24,131.0,1.3,170.3,54.6,2.6,141.96,141.0,0.2,5.0,198.7,23248.0,43971.0,23.8,18.9,22.0,29.74,4.23,245.0,665.0,3.9,0.833587786259542
2026-02-18T11:26:30,02/18/202611:26,131.2,1.2,157.43999999999997,54.7,2.4,131.28,130.0,0.2,5.0,198.7,23248.0,43971.0,23.8,18.9,22.0,29.74,4.23,245.0,665.0,3.9,0.8338414634146343
2026-02-18T11:27:31,02/18/202611:27,131.0,1.3,170.3,54.6,2.6,141.96,141.0,0.2,5.0,198.7,23248.0,43971.0,23.8,18.9,22.0,29.74,4.23,245.0,665.0,3.9,0.833587786259542
2026-02-18T11:28:30,02/18/202611:28,131.1,1.2,157.32,54.6,2.4,131.04,131.0,0.2,5.0,198.7,23248.0,43971.0,23.8,18.9,22.0,29.74,4.23,245.0,665.0,3.9,0.8329519450800915
2026-02-18T11:29:31,02/18/202611:29,131.0,1.2,157.2,54.5,2.5,136.25,136.0,0.2,5.0,198.7,23248.0,43971.0,23.8,18.9,22.0,29.74,4.23,245.0,665.0,3.8,0.8667302798982189
2026-02-18T11:30:31,02/18/202611:30,130.6,1.3,169.78,54.6,2.6,141.96,141.0,0.2,5.0,198.7,23248.0,43971.0,23.8,18.9,22.0,29.74,4.23,245.0,665.0,3.8,0.8361408882082696
2026-02-18T11:31:29,02/18/202611:31,130.5,1.3,169.65,54.6,2.6,141.96,142.0,0.2,5.0,198.7,23248.0,43971.0,23.8,19.2,21.0,29.71,3.17,219.0,690.0,4.2,0.8367816091954023
2026-02-18T11:33:13,02/18/202611:33,130.5,1.3,169.65,54.6,2.5,136.5,136.0,0.3,5.0,198.7,23248.0,43971.0,23.8,19.2,21.0,29.71,3.17,219.0,690.0,4.2,0.8045977011494253
2026-02-18T11:33:29,02/18/202611:33,130.5,1.2,156.6,54.6,2.4,131.04,131.0,0.3,5.0,198.7,23248.0,43971.0,23.8,19.2,21.0,29.71,3.17,219.0,691.0,4.2,0.8367816091954022
2026-02-18T11:34:28,02/18/202611:34,130.6,1.2,156.72,54.6,2.4,131.04,131.0,0.3,5.0,198.7,23248.0,43971.0,23.8,19.3,21.0,29.71,2.49,265.0,691.0,4.2,0.8361408882082695
2026-02-18T11:35:29,02/18/202611:35,130.5,1.2,156.6,54.6,2.5,136.5,136.0,0.3,5.0,198.7,23248.0,43971.0,23.8,19.3,21.0,29.71,2.49,265.0,691.0,4.2,0.8716475095785441
2026-02-18T11:36:30,02/18/202611:36,130.4,1.2,156.48,54.7,2.4,131.28,131.0,0.3,5.0,198.7,23248.0,43971.0,23.8,19.3,19.0,29.71,2.49,265.0,691.0,4.2,0.838957055214724
2026-02-18T11:37:29,02/18/202611:37,130.4,1.2,156.48,54.6,2.3,125.58,125.0,0.3,5.0,198.7,23248.0,43971.0,23.8,19.3,19.0,29.71,2.49,265.0,691.0,4.2,0.8025306748466258
2026-02-18T11:38:20,02/18/202611:38,130.5,1.2,156.6,54.6,2.3,125.58,125.0,0.3,5.0,198.7,23248.0,43971.0,23.8,19.3,19.0,29.71,2.49,265.0,691.0,4.2,0.8019157088122606
2026-02-18T11:39:20,02/18/202611:39,130.6,1.1,143.66,54.5,2.3,125.35,125.0,0.3,5.0,198.7,23248.0,43971.0,23.8,19.3,19.0,29.71,2.49,265.0,691.0,4.2,0.8725462898510371
2026-02-18T11:40:20,02/18/202611:40,130.4,1.2,156.48,54.6,2.5,136.5,136.0,0.3,5.0,198.7,23248.0,43971.0,23.8,19.3,19.0,29.71,2.49,265.0,691.0,4.2,0.8723159509202455
2026-02-18T11:42:19,02/18/202611:42,130.4,1.2,156.48,54.6,2.2,120.12000000000002,120.0,0.3,6.0,198.7,23248.0,43971.0,23.8,19.3,19.0,29.71,2.49,265.0,691.0,4.2,0.7676380368098161
2026-02-18T11:44:25,02/18/202611:44,130.7,1.1,143.77,54.6,2.2,120.12000000000002,120.0,0.3,6.0,198.7,23248.0,43971.0,23.8,19.3,19.0,29.71,2.49,265.0,691.0,4.2,0.8355011476664117
2026-02-18T11:45:20,02/18/202611:45,130.3,1.2,156.36,54.6,2.5,136.5,136.0,0.3,6.0,198.7,23248.0,43971.0,23.8,19.3,19.0,29.71,2.49,265.0,691.0,4.2,0.872985418265541
2026-02-18T11:46:31,02/18/202611:46,130.5,1.1,143.55,54.6,2.3,125.58,125.0,0.3,6.0,198.7,23248.0,43971.0,23.8,19.7,18.0,29.71,1.93,225.0,712.0,4.4,0.8748171368861023
2026-02-18T11:46:32,02/18/202611:46,130.5,1.1,143.55,54.6,2.2,120.12000000000002,120.0,0.3,6.0,198.7,23248.0,43971.0,23.8,19.7,18.0,29.71,1.93,225.0,712.0,4.4,0.8367816091954023
2026-02-18T11:47:31,02/18/202611:47,130.0,1.3,169.0,54.6,2.4,131.04,131.0,0.3,6.0,198.7,23248.0,43971.0,23.8,19.7,18.0,29.71,1.93,225.0,712.0,4.4,0.7753846153846153
2026-02-18T11:48:31,02/18/202611:48,130.5,1.1,143.55,54.7,2.0,109.4,109.0,0.3,6.0,198.7,23248.0,43971.0,23.8,19.7,18.0,29.71,1.93,225.0,712.0,4.4,0.7621037965865551
2026-02-18T11:49:32,02/18/202611:49,130.4,1.0,130.4,54.6,2.1,114.66000000000001,114.0,0.3,6.0,198.7,23248.0,43971.0,23.8,19.7,18.0,29.71,1.93,225.0,712.0,4.4,0.8792944785276074
2026-02-18T11:50:32,02/18/202611:50,130.2,1.1,143.22,54.6,2.3,125.58,125.0,0.3,6.0,198.7,23248.0,43971.0,23.8,19.7,18.0,29.71,1.93,225.0,712.0,4.4,0.8768328445747801
2026-02-18T11:51:31,02/18/202611:51,130.2,1.2,156.23999999999998,54.6,2.4,131.04,131.0,0.3,6.0,198.7,23248.0,43971.0,23.8,19.7,18.0,29.71,1.93,225.0,712.0,4.4,0.8387096774193549
2026-02-18T11:52:46,02/18/202611:52,130.3,1.2,156.36,54.6,2.2,120.12000000000002,120.0,0.3,6.0,198.7,23248.0,43971.0,23.8,19.7,18.0,29.71,1.93,225.0,712.0,4.4,0.7682271680736762
2026-02-18T11:53:46,02/18/202611:53,130.4,1.1,143.44000000000003,54.6,2.0,109.2,109.0,0.3,6.0,198.7,23248.0,43971.0,23.8,19.7,18.0,29.71,1.93,225.0,712.0,4.4,0.7612939208031232
2026-02-18T11:55:31,02/18/202611:55,130.1,1.1,143.11,54.6,2.2,120.12000000000002,120.0,0.3,6.0,198.7,23248.0,43971.0,23.8,19.7,18.0,29.71,1.93,225.0,712.0,4.4,0.8393543428132206
2026-02-18T11:55:47,02/18/202611:55,130.5,1.1,143.55,54.6,2.1,114.66000000000001,114.0,0.3,6.0,198.7,23248.0,43971.0,23.8,19.7,18.0,29.71,1.93,225.0,712.0,4.4,0.7987460815047022
2026-02-18T11:56:46,02/18/202611:56,130.9,1.1,143.99,54.6,2.2,120.12000000000002,120.0,0.3,6.0,198.7,23248.0,43971.0,23.8,19.7,18.0,29.71,1.93,225.0,712.0,4.4,0.8342245989304814
2026-02-18T11:57:46,02/18/202611:57,131.1,1.0,131.1,54.6,2.1,114.66000000000001,114.0,0.3,6.0,198.7,23248.0,43971.0,23.8,19.7,18.0,29.71,1.93,225.0,712.0,4.4,0.8745995423340962
2026-02-18T11:58:46,02/18/202611:58,131.9,1.1,145.09000000000003,54.6,2.0,109.2,109.0,0.3,6.0,198.7,23248.0,43971.0,23.8,19.7,18.0,29.71,1.93,225.0,712.0,4.4,0.7526362947136259
2026-02-18T11:59:47,02/18/202611:59,141.8,1.0,141.8,54.7,2.1,114.87,114.0,0.3,6.0,198.7,23248.0,43971.0,23.8,19.7,18.0,29.71,1.93,225.0,712.0,4.4,0.8100846262341326
2026-02-18T12:00:46,02/18/202600:00,142.3,0.9,128.07000000000002,54.6,2.0,109.2,109.0,0.3,6.0,198.7,23248.0,43971.0,23.8,19.7,18.0,29.71,1.93,225.0,712.0,4.4,0.8526587022721948
2026-02-18T12:01:46,02/18/202600:01,142.2,0.9,127.97999999999999,54.6,2.1,114.66000000000001,114.0,0.3,6.0,198.7,23248.0,43971.0,23.8,20.1,18.0,29.68,1.86,194.0,728.0,4.6,0.8959212376933897
2026-02-18T12:02:46,02/18/202600:02,142.4,0.9,128.16,54.6,2.0,109.2,109.0,0.3,6.0,198.7,23248.0,43971.0,23.8,20.1,18.0,29.68,1.86,194.0,728.0,4.6,0.852059925093633
2026-02-18T12:03:46,02/18/202600:03,142.1,1.0,142.1,54.5,2.1,114.45,114.0,0.3,6.0,198.7,23248.0,43971.0,23.8,20.1,18.0,29.68,1.86,194.0,728.0,4.6,0.8054187192118227
2026-02-18T12:04:46,02/18/202600:04,142.3,0.9,128.07000000000002,54.6,2.0,109.2,109.0,0.3,6.0,198.7,23248.0,43971.0,23.8,20.1,18.0,29.68,1.86,194.0,728.0,4.6,0.8526587022721948
2026-02-18T12:06:40,02/18/202600:06,142.5,1.0,142.5,54.6,2.2,120.12000000000002,120.0,0.3,6.0,198.7,23248.0,43971.0,23.8,20.1,18.0,29.68,1.86,194.0,728.0,4.6,0.8429473684210528
2026-02-18T12:06:46,02/18/202600:06,144.5,0.8,115.60000000000001,54.5,1.9,103.55,98.0,0.3,6.0,198.7,23248.0,43971.0,23.8,20.1,18.0,29.68,1.86,194.0,728.0,4.6,0.8957612456747404
2026-02-18T12:07:47,02/18/202600:07,144.7,1.0,144.7,54.6,2.1,114.66000000000001,114.0,0.3,6.0,198.7,23248.0,43971.0,23.8,20.1,18.0,29.68,1.86,194.0,728.0,4.6,0.7923980649619905
2026-02-18T12:08:46,02/18/202600:08,144.7,1.1,159.17,54.7,2.1,114.87,114.0,0.3,6.0,198.7,23248.0,43971.0,23.8,20.1,18.0,29.68,1.86,194.0,728.0,4.6,0.7216812213356789
2026-02-18T12:09:47,02/18/202600:09,144.8,0.9,130.32000000000002,54.6,1.8,98.28,98.0,0.3,6.0,198.7,23248.0,43971.0,23.8,20.1,18.0,29.68,1.86,194.0,728.0,4.6,0.7541436464088397
2026-02-18T12:10:47,02/18/202600:10,145.1,0.9,130.59,54.6,2.0,109.2,109.0,0.3,7.0,198.7,23248.0,43971.0,23.8,20.1,18.0,29.68,1.86,194.0,728.0,4.6,0.8362049161497818
2026-02-18T12:11:47,02/18/202600:11,144.9,0.9,130.41,54.6,2.1,114.66000000000001,114.0,0.3,7.0,198.7,23248.0,43971.0,23.8,20.1,18.0,29.68,1.86,194.0,728.0,4.6,0.8792270531400967
2026-02-18T12:12:52,02/18/202600:12,144.8,0.9,130.32000000000002,54.6,1.9,103.74,103.0,0.3,7.0,198.7,23248.0,43971.0,23.8,20.1,18.0,29.68,1.86,194.0,728.0,4.6,0.7960405156537752
2026-02-18T12:13:52,02/18/202600:13,144.4,1.0,144.4,54.6,1.9,103.74,103.0,0.3,7.0,198.7,23248.0,43971.0,23.8,20.1,18.0,29.68,1.86,194.0,728.0,4.6,0.7184210526315788
2026-02-18T12:14:53,02/18/202600:14,144.4,1.0,144.4,54.6,2.1,114.66000000000001,114.0,0.3,7.0,198.7,23248.0,43971.0,23.8,20.1,18.0,29.68,1.86,194.0,728.0,4.6,0.79404432132964
2026-02-18T12:15:52,02/18/202600:15,144.1,1.0,144.1,54.6,2.1,114.66000000000001,114.0,0.3,7.0,198.7,23248.0,43971.0,23.8,20.5,17.0,29.68,2.55,165.0,741.0,4.8,0.7956974323386539
2026-02-18T12:17:50,02/18/202600:17,144.2,0.9,129.78,54.7,1.9,103.93,103.0,0.3,7.0,198.7,23248.0,43971.0,23.8,20.5,17.0,29.68,2.55,165.0,741.0,4.8,0.8008167668361844
2026-02-18T12:17:52,02/18/202600:17,144.0,0.9,129.6,54.6,1.9,103.74,103.0,0.3,7.0,198.7,23248.0,43971.0,23.8,20.5,17.0,29.68,2.55,165.0,741.0,4.8,0.8004629629629629
2026-02-18T12:18:52,02/18/202600:18,144.2,0.9,129.78,54.6,1.7,92.82,92.0,0.3,7.0,198.7,23248.0,43971.0,23.8,20.5,17.0,29.68,2.55,165.0,741.0,4.8,0.715210355987055
2026-02-18T12:19:53,02/18/202600:19,144.3,0.9,129.87,54.6,1.9,103.74,103.0,0.3,7.0,198.7,23248.0,43971.0,23.8,20.5,17.0,29.68,2.55,165.0,741.0,4.8,0.7987987987987988
2026-02-18T12:21:08,02/18/202600:21,144.2,0.9,129.78,54.5,2.1,114.45,114.0,0.3,7.0,198.7,23248.0,43971.0,23.8,20.5,17.0,29.68,2.55,165.0,741.0,4.8,0.8818770226537217
2026-02-18T12:22:09,02/18/202600:22,144.3,0.9,129.87,54.6,1.9,103.74,103.0,0.3,7.0,198.7,23248.0,43971.0,23.8,20.5,17.0,29.68,2.55,165.0,741.0,4.8,0.7987987987987988
2026-02-18T12:23:09,02/18/202600:23,144.3,1.0,144.3,54.5,2.0,109.0,109.0,0.3,7.0,198.7,23248.0,43971.0,23.8,20.5,17.0,29.68,2.55,165.0,741.0,4.8,0.7553707553707553
2026-02-18T12:24:08,02/18/202600:24,144.6,0.9,130.14,54.6,1.9,103.74,103.0,0.4,7.0,198.7,23248.0,43971.0,23.8,20.5,17.0,29.68,2.55,165.0,741.0,4.8,0.7971415398801291
2026-02-18T12:26:09,02/18/202600:26,144.9,0.8,115.92000000000002,54.6,1.7,92.82,92.0,0.4,7.0,198.7,23248.0,43971.0,23.8,20.5,17.0,29.68,2.55,165.0,741.0,4.8,0.8007246376811592
2026-02-18T12:27:08,02/18/202600:27,144.7,0.9,130.23,54.6,1.8,98.28,98.0,0.4,7.0,198.7,23248.0,43971.0,23.8,20.5,17.0,29.68,2.55,165.0,741.0,4.8,0.7546648237733242
2026-02-18T12:28:59,02/18/202600:28,144.5,0.9,130.05,54.7,1.6,87.52000000000001,87.0,0.4,7.0,198.7,23248.0,43971.0,23.8,20.5,17.0,29.68,2.55,165.0,741.0,4.8,0.6729719338715878
2026-02-18T12:29:09,02/18/202600:29,144.5,0.8,115.60000000000001,54.6,1.5,81.9,81.0,0.4,7.0,198.7,23248.0,43971.0,23.8,20.5,17.0,29.68,2.55,165.0,741.0,4.8,0.7084775086505191
2026-02-18T12:30:09,02/18/202600:30,144.1,0.9,129.69,54.6,2.0,109.2,109.0,0.4,7.0,198.7,23248.0,43971.0,23.8,20.5,17.0,29.68,2.55,165.0,741.0,4.8,0.8420078649086283
2026-02-18T12:31:08,02/18/202600:31,144.0,0.9,129.6,54.6,2.0,109.2,109.0,0.4,7.0,198.7,23248.0,43971.0,23.8,21.0,16.0,29.68,4.04,174.0,750.0,4.9,0.8425925925925927
2026-02-18T12:32:08,02/18/202600:32,143.8,0.9,129.42000000000002,54.6,1.8,98.28,98.0,0.4,7.0,198.7,23248.0,43971.0,23.8,21.1,16.0,29.68,6.53,188.0,749.0,4.9,0.7593880389429762
2026-02-18T12:33:09,02/18/202600:33,143.6,0.9,129.24,54.6,1.7,92.82,92.0,0.4,7.0,198.7,23248.0,43971.0,23.8,21.1,16.0,29.68,6.53,188.0,749.0,4.9,0.7181987000928504
2026-02-18T12:34:10,02/18/202600:34,144.0,0.4,57.6,54.2,0.7,37.94,37.0,0.4,7.0,198.7,23248.0,43971.0,23.8,21.1,17.0,29.65,6.53,188.0,749.0,4.9,0.6586805555555555
2026-02-18T12:35:09,02/18/202600:35,143.5,1.0,143.5,54.2,2.4,130.08,130.0,0.4,7.0,198.7,23248.0,43971.0,23.8,21.1,17.0,29.65,6.53,188.0,749.0,4.9,0.9064808362369339
2026-02-18T12:36:10,02/18/202600:36,143.7,1.1,158.07,54.2,2.3,124.66,124.0,0.4,7.0,198.7,23248.0,43971.0,23.8,21.1,17.0,29.65,6.53,188.0,749.0,4.9,0.7886379452141457
2026-02-18T12:37:09,02/18/202600:37,143.8,1.0,143.8,54.2,2.0,108.4,108.0,0.4,7.0,198.7,23248.0,43971.0,23.8,21.1,17.0,29.65,6.53,188.0,749.0,4.9,0.7538247566063978
2026-02-18T12:38:09,02/18/202600:38,143.3,1.2,171.96,54.2,2.6,140.92000000000002,140.0,0.4,7.0,198.7,23248.0,43971.0,23.8,21.1,17.0,29.65,6.53,188.0,749.0,4.9,0.8194929053268203
2026-02-18T12:40:09,02/18/202600:40,143.7,0.9,129.32999999999998,54.2,2.2,119.24000000000001,119.0,0.4,7.0,198.7,23248.0,43971.0,23.8,21.1,17.0,29.65,6.53,188.0,749.0,4.9,0.9219825253228178
2026-02-18T12:41:09,02/18/202600:41,143.6,1.0,143.6,54.2,2.1,113.82000000000001,113.0,0.4,7.0,198.7,23248.0,43971.0,23.8,21.1,17.0,29.65,6.53,188.0,749.0,4.9,0.7926183844011143
2026-02-18T12:42:09,02/18/202600:42,143.5,1.1,157.85000000000002,54.2,2.1,113.82000000000001,113.0,0.4,8.0,198.7,23248.0,43971.0,23.8,21.1,17.0,29.65,6.53,188.0,749.0,4.9,0.7210643015521063
2026-02-18T12:43:09,02/18/202600:43,143.7,0.8,114.96,54.2,1.5,81.30000000000001,81.0,0.4,8.0,198.7,23248.0,43971.0,23.8,21.1,17.0,29.65,6.53,188.0,749.0,4.9,0.7072025052192068
2026-02-18T12:44:09,02/18/202600:44,143.5,1.0,143.5,54.2,2.2,119.24000000000001,119.0,0.4,8.0,198.7,23248.0,43971.0,23.8,21.1,17.0,29.65,6.53,188.0,749.0,4.9,0.8309407665505227
2026-02-18T12:45:09,02/18/202600:45,143.4,1.2,172.08,54.2,2.9,157.18,156.0,0.4,8.0,198.7,23248.0,43971.0,23.8,21.1,17.0,29.65,6.53,188.0,749.0,4.9,0.9134123663412366
2026-02-18T12:46:10,02/18/202600:46,143.9,0.9,129.51000000000002,54.2,1.8,97.56,97.0,0.4,8.0,198.7,23248.0,43971.0,23.8,21.2,16.0,29.65,7.27,191.0,753.0,4.9,0.7533009034051423
2026-02-18T12:47:09,02/18/202600:47,144.5,0.9,130.05,54.2,1.8,97.56,97.0,0.4,8.0,198.7,23248.0,43971.0,23.8,21.2,16.0,29.65,7.27,191.0,753.0,4.9,0.7501730103806228
2026-02-18T12:48:09,02/18/202600:48,144.6,0.9,130.14,54.2,1.9,102.98,102.0,0.4,8.0,198.7,23248.0,43971.0,23.8,21.2,16.0,29.65,7.27,191.0,753.0,4.9,0.7913016751191027
2026-02-18T12:49:10,02/18/202600:49,144.7,0.9,130.23,54.1,2.1,113.61000000000001,113.0,0.4,8.0,198.7,23248.0,43971.0,23.9,21.2,16.0,29.65,7.27,191.0,753.0,4.9,0.872379636028565
2026-02-18T12:50:09,02/18/202600:50,144.4,1.1,158.84000000000003,54.2,2.4,130.08,130.0,0.4,8.0,198.7,23248.0,43971.0,23.8,21.2,16.0,29.65,7.27,191.0,753.0,4.9,0.8189372953915889
2026-02-18T12:51:09,02/18/202600:51,144.3,1.0,144.3,54.1,2.0,108.2,108.0,0.4,8.0,198.7,23248.0,43971.0,23.8,21.2,16.0,29.65,7.27,191.0,753.0,4.9,0.7498267498267498
2026-02-18T12:52:10,02/18/202600:52,144.5,0.8,115.60000000000001,54.2,1.5,81.30000000000001,81.0,0.4,8.0,198.7,23248.0,43971.0,23.8,21.2,16.0,29.65,7.27,191.0,753.0,4.9,0.703287197231834
2026-02-18T12:53:09,02/18/202600:53,144.1,1.0,144.1,54.2,2.2,119.24000000000001,119.0,0.4,8.0,198.7,23248.0,43971.0,23.8,21.2,16.0,29.65,7.27,191.0,753.0,4.9,0.8274809160305344
2026-02-18T12:54:10,02/18/202600:54,144.1,0.8,115.28,54.2,1.6,86.72000000000001,86.0,0.4,8.0,198.7,23248.0,43971.0,23.8,21.2,16.0,29.65,7.27,191.0,753.0,4.9,0.7522553782095768
2026-02-18T12:55:09,02/18/202600:55,143.6,1.0,143.6,54.2,2.1,113.82000000000001,113.0,0.4,8.0,198.7,23248.0,43971.0,23.8,21.2,16.0,29.65,7.27,191.0,753.0,4.9,0.7926183844011143
2026-02-18T12:56:09,02/18/202600:56,143.2,1.4,200.47999999999996,54.2,3.0,162.60000000000002,162.0,0.4,8.0,198.7,23248.0,43971.0,23.8,21.2,16.0,29.65,7.27,191.0,753.0,4.9,0.8110534716679971
2026-02-18T12:58:05,02/18/202600:58,143.4,1.0,143.4,54.3,2.1,114.03,113.0,0.4,8.0,198.7,23248.0,43971.0,23.8,21.2,16.0,29.65,7.27,191.0,753.0,4.9,0.7951882845188284
2026-02-18T12:58:09,02/18/202600:58,143.2,1.3,186.16,54.2,3.0,162.60000000000002,162.0,0.4,8.0,198.7,23248.0,43971.0,23.8,21.2,16.0,29.65,7.27,191.0,753.0,4.9,0.8734422002578428
2026-02-18T12:59:09,02/18/202600:59,143.8,1.2,172.56,54.2,2.8,151.76,151.0,0.4,8.0,198.7,23248.0,43971.0,23.8,21.2,16.0,29.65,7.27,191.0,753.0,4.9,0.8794622160407973
2026-02-18T13:00:51,02/18/202601:00,144.5,0.9,130.05,54.2,1.7,92.14,92.0,0.4,8.0,198.7,23248.0,43971.0,23.8,21.5,16.0,29.62,7.33,200.0,754.0,5.0,0.7084967320261437
2026-02-18T13:02:26,02/18/202601:02,144.2,1.1,158.62,54.2,2.2,119.24000000000001,119.0,0.4,8.0,198.7,23248.0,43971.0,23.8,21.5,16.0,29.62,7.33,200.0,754.0,5.0,0.7517337031900139
2026-02-18T13:03:27,02/18/202601:03,143.9,1.3,187.07000000000002,54.1,2.9,156.89,157.0,0.4,8.0,198.7,23248.0,43971.0,23.8,21.5,16.0,29.62,7.33,200.0,754.0,5.0,0.8386700165713368
2026-02-18T13:04:26,02/18/202601:04,144.6,0.8,115.68,54.2,1.8,97.56,97.0,0.4,8.0,198.7,23248.0,43971.0,23.8,21.5,16.0,29.62,7.33,200.0,754.0,5.0,0.8433609958506224
2026-02-18T13:05:27,02/18/202601:05,144.4,1.0,144.4,54.2,2.1,113.82000000000001,113.0,0.4,8.0,198.7,23248.0,43971.0,23.8,21.5,16.0,29.62,7.33,200.0,754.0,5.0,0.7882271468144044
2026-02-18T13:06:11,02/18/202601:06,144.7,1.0,144.7,54.2,1.9,102.98,102.0,0.4,8.0,198.7,23248.0,43971.0,23.8,21.5,16.0,29.62,7.33,200.0,754.0,5.0,0.7116793365583968
2026-02-18T13:07:10,02/18/202601:07,144.7,1.0,144.7,54.2,2.2,119.24000000000001,119.0,0.4,8.0,198.7,23248.0,43971.0,23.8,21.5,16.0,29.62,7.33,200.0,754.0,5.0,0.8240497581202489
2026-02-18T13:09:13,02/18/202601:09,144.5,1.2,173.4,54.2,2.7,146.34,146.0,0.4,8.0,198.7,23248.0,43971.0,23.8,21.5,16.0,29.62,7.33,200.0,754.0,5.0,0.8439446366782006
2026-02-18T13:10:10,02/18/202601:10,144.7,0.8,115.75999999999999,54.3,1.6,86.88,86.0,0.4,9.0,198.7,23248.0,43971.0,23.8,21.5,16.0,29.62,7.33,200.0,754.0,5.0,0.7505183137525916
2026-02-18T13:10:53,02/18/202601:10,144.1,1.4,201.73999999999998,54.2,2.9,157.18,157.0,0.4,9.0,198.7,23248.0,43971.0,23.8,21.5,16.0,29.62,7.33,200.0,754.0,5.0,0.7791216417170617
2026-02-18T13:11:53,02/18/202601:11,144.4,0.9,129.96,54.2,1.8,97.56,97.0,0.4,9.0,198.7,23248.0,43971.0,23.8,21.5,16.0,29.62,7.33,200.0,754.0,5.0,0.7506925207756232
2026-02-18T13:12:52,02/18/202601:12,144.2,1.1,158.62,54.2,2.4,130.08,130.0,0.4,9.0,198.7,23248.0,43971.0,23.8,21.5,16.0,29.62,7.33,200.0,754.0,5.0,0.8200731307527425
2026-02-18T13:13:53,02/18/202601:13,144.7,0.6,86.82,54.2,1.3,70.46000000000001,70.0,0.4,9.0,198.7,23248.0,43971.0,23.8,21.5,16.0,29.62,7.33,200.0,754.0,5.0,0.8115641557244876
2026-02-18T13:14:53,02/18/202601:14,143.9,1.0,143.9,54.3,2.2,119.46000000000001,119.0,0.4,9.0,198.7,23248.0,43971.0,23.8,21.5,16.0,29.62,7.33,200.0,754.0,5.0,0.8301598332175122
2026-02-18T13:15:52,02/18/202601:15,144.2,0.9,129.78,54.3,1.6,86.88,81.0,0.4,9.0,198.7,23248.0,43971.0,23.8,21.8,16.0,29.62,7.52,210.0,749.0,5.0,0.6694405917706888
2026-02-18T13:16:53,02/18/202601:16,143.8,1.0,143.8,54.2,2.1,113.82000000000001,113.0,0.4,9.0,198.7,23248.0,43971.0,23.8,21.8,16.0,29.62,7.52,210.0,749.0,5.0,0.7915159944367176
2026-02-18T13:17:52,02/18/202601:17,143.1,1.4,200.33999999999997,54.2,3.3,178.86,178.0,0.5,9.0,198.7,23248.0,43971.0,23.8,21.8,16.0,29.62,7.52,210.0,749.0,5.0,0.8927822701407608
2026-02-18T13:18:53,02/18/202601:18,143.4,1.0,143.4,54.2,2.2,119.24000000000001,119.0,0.5,9.0,198.7,23248.0,43971.0,23.9,21.6,16.0,29.62,7.08,208.0,747.0,5.0,0.8315202231520223
2026-02-18T13:20:25,02/18/202601:20,143.0,1.2,171.6,54.2,2.7,146.34,146.0,0.5,9.0,198.7,23248.0,43971.0,23.8,21.6,16.0,29.62,7.08,208.0,747.0,5.0,0.8527972027972028
2026-02-18T13:20:53,02/18/202601:20,143.2,0.9,128.88,54.2,1.8,97.56,97.0,0.5,9.0,198.7,23248.0,43971.0,23.8,21.6,16.0,29.62,7.08,208.0,747.0,5.0,0.7569832402234637
2026-02-18T13:21:53,02/18/202601:21,142.7,1.2,171.23999999999998,54.2,2.5,135.5,135.0,0.5,9.0,198.7,23248.0,43971.0,23.8,21.6,16.0,29.62,7.08,208.0,747.0,5.0,0.7912870824573699
2026-02-18T13:22:53,02/18/202601:22,142.8,0.7,99.96000000000001,54.1,1.5,81.15,81.0,0.5,9.0,198.7,23248.0,43971.0,23.8,21.6,16.0,29.62,7.08,208.0,747.0,5.0,0.8118247298919568
2026-02-18T13:23:53,02/18/202601:23,142.3,1.1,156.53000000000003,54.3,2.6,141.18,140.0,0.5,9.0,198.7,23248.0,43971.0,23.9,21.6,16.0,29.62,7.08,208.0,747.0,5.0,0.9019357311697437
2026-02-18T13:24:50,02/18/202601:24,143.3,0.8,114.64000000000001,54.2,1.5,81.30000000000001,81.0,0.5,9.0,198.7,23248.0,43971.0,23.8,21.6,16.0,29.62,7.08,208.0,747.0,5.0,0.7091765526866713
2026-02-18T13:25:49,02/18/202601:25,143.2,0.9,128.88,54.2,1.8,97.56,97.0,0.5,9.0,198.7,23248.0,43971.0,23.9,21.6,16.0,29.62,7.08,208.0,747.0,5.0,0.7569832402234637
2026-02-18T13:26:50,02/18/202601:26,143.4,0.7,100.38,54.2,1.5,81.30000000000001,81.0,0.5,9.0,198.7,23248.0,43971.0,23.8,21.6,16.0,29.62,7.08,208.0,747.0,5.0,0.809922295277944
2026-02-18T13:27:50,02/18/202601:27,143.1,0.9,128.79,54.2,2.1,113.82000000000001,114.0,0.5,9.0,198.7,23248.0,43971.0,23.8,21.6,16.0,29.62,7.08,208.0,747.0,5.0,0.8837642674120663
2026-02-18T13:28:14,02/18/202601:28,143.0,0.9,128.70000000000002,54.2,1.9,102.98,102.0,0.5,9.0,198.7,23248.0,43971.0,23.8,21.6,16.0,29.62,7.08,208.0,747.0,5.0,0.8001554001554001
2026-02-18T13:29:14,02/18/202601:29,142.6,1.2,171.11999999999998,54.2,2.5,135.5,135.0,0.5,9.0,198.7,23248.0,43971.0,23.8,21.6,16.0,29.62,7.08,208.0,747.0,5.0,0.7918419822346893
2026-02-18T13:30:15,02/18/202601:30,143.0,1.1,157.3,54.2,2.1,113.82000000000001,113.0,0.5,9.0,198.7,23248.0,43971.0,23.9,21.6,16.0,29.62,7.08,208.0,747.0,5.0,0.7235855054036873
2026-02-18T13:31:36,02/18/202601:31,142.6,1.3,185.38,54.2,2.8,151.76,151.0,0.5,9.0,198.7,23248.0,43971.0,23.8,21.6,16.0,29.62,7.08,208.0,747.0,5.0,0.8186427877872477
2026-02-18T13:31:53,02/18/202601:31,142.9,0.9,128.61,54.2,2.1,113.82000000000001,113.0,0.5,9.0,198.7,23248.0,43971.0,23.8,22.1,16.0,29.62,7.83,207.0,736.0,4.9,0.8850011663167716
2026-02-18T13:32:54,02/18/202601:32,143.0,0.9,128.70000000000002,54.2,2.0,108.4,108.0,0.5,9.0,198.7,23248.0,43971.0,23.8,22.1,16.0,29.62,7.83,207.0,736.0,4.9,0.8422688422688422
2026-02-18T13:33:53,02/18/202601:33,142.9,1.0,142.9,54.2,2.1,113.82000000000001,114.0,0.5,9.0,198.7,23248.0,43971.0,23.9,22.1,16.0,29.62,7.83,207.0,736.0,4.9,0.7965010496850945
2026-02-18T13:34:53,02/18/202601:34,142.7,1.4,199.77999999999997,54.2,2.9,157.18,157.0,0.5,9.0,198.7,23248.0,43971.0,23.8,22.1,16.0,29.62,7.83,207.0,736.0,4.9,0.7867654419861849
2026-02-18T13:36:10,02/18/202601:36,142.6,1.5,213.89999999999998,54.2,3.3,178.86,178.0,0.5,10.0,198.7,23248.0,43971.0,23.8,22.1,16.0,29.62,7.83,207.0,736.0,4.9,0.8361851332398319
2026-02-18T13:37:09,02/18/202601:37,142.6,1.2,171.11999999999998,54.2,2.6,140.92000000000002,140.0,0.5,10.0,198.7,23248.0,43971.0,23.8,22.1,16.0,29.62,7.83,207.0,736.0,4.9,0.8235156615240768
2026-02-18T13:38:09,02/18/202601:38,142.7,1.2,171.23999999999998,54.1,2.7,146.07000000000002,146.0,0.5,10.0,198.7,23248.0,43971.0,23.9,22.1,16.0,29.62,7.83,207.0,736.0,4.9,0.853013314646111
2026-02-18T13:39:08,02/18/202601:39,142.8,1.2,171.36,54.2,2.5,135.5,135.0,0.5,10.0,198.7,23248.0,43971.0,23.8,22.1,16.0,29.62,7.83,207.0,736.0,4.9,0.7907329598506069
2026-02-18T13:40:10,02/18/202601:40,142.6,1.5,213.89999999999998,54.2,3.2,173.44000000000003,173.0,0.5,10.0,198.7,23248.0,43971.0,23.8,22.1,16.0,29.62,7.83,207.0,736.0,4.9,0.8108461898083219
2026-02-18T13:41:09,02/18/202601:41,143.0,1.0,143.0,54.2,2.2,119.24000000000001,119.0,0.5,10.0,198.7,23248.0,43971.0,23.8,22.1,16.0,29.62,7.83,207.0,736.0,4.9,0.8338461538461539
2026-02-18T13:42:49,02/18/202601:42,142.5,1.3,185.25,54.2,3.1,168.02,168.0,0.5,10.0,198.7,23248.0,43971.0,23.9,22.1,16.0,29.62,7.83,207.0,736.0,4.9,0.9069905533063428
2026-02-18T13:43:10,02/18/202601:43,143.3,0.6,85.98,54.2,1.3,70.46000000000001,70.0,0.5,10.0,198.7,23248.0,43971.0,23.8,22.1,16.0,29.62,7.83,207.0,736.0,4.9,0.8194929053268203
2026-02-18T13:44:09,02/18/202601:44,142.8,1.0,142.8,54.2,2.0,108.4,108.0,0.5,10.0,198.7,23248.0,43971.0,23.8,22.1,16.0,29.62,7.83,207.0,736.0,4.9,0.7591036414565826
2026-02-18T13:45:09,02/18/202601:45,141.8,1.8,255.24000000000004,54.3,4.0,217.2,217.0,0.5,10.0,198.7,23248.0,43971.0,23.8,22.4,16.0,29.62,8.82,207.0,722.0,4.9,0.8509637987776209
2026-02-18T13:46:10,02/18/202601:46,143.2,1.0,143.2,54.2,2.2,119.24000000000001,119.0,0.5,10.0,198.7,23248.0,43971.0,23.8,22.4,16.0,29.62,8.82,207.0,722.0,4.9,0.8326815642458102
2026-02-18T13:47:10,02/18/202601:47,143.0,1.2,171.6,54.3,2.6,141.18,140.0,0.5,10.0,198.7,23248.0,43971.0,23.8,22.4,16.0,29.62,8.82,207.0,722.0,4.9,0.8227272727272728
2026-02-18T13:48:10,02/18/202601:48,143.0,1.2,171.6,54.2,2.8,151.76,151.0,0.5,10.0,198.7,23248.0,43971.0,23.8,22.4,16.0,29.62,8.82,207.0,722.0,4.9,0.8843822843822844
2026-02-18T13:49:09,02/18/202601:49,143.0,0.9,128.70000000000002,54.2,1.8,97.56,97.0,0.5,10.0,198.7,23248.0,43971.0,23.8,22.4,16.0,29.62,8.82,207.0,722.0,4.9,0.758041958041958
2026-02-18T13:50:09,02/18/202601:50,143.2,0.9,128.88,54.2,1.9,102.98,102.0,0.5,10.0,198.7,23248.0,43971.0,23.9,22.4,16.0,29.62,8.82,207.0,722.0,4.9,0.7990378646803228
2026-02-18T13:51:10,02/18/202601:51,142.7,1.3,185.51,54.2,3.0,162.60000000000002,162.0,0.5,10.0,198.7,23248.0,43971.0,23.9,22.4,16.0,29.62,8.82,207.0,722.0,4.9,0.8765026144143174
2026-02-18T13:52:10,02/18/202601:52,143.0,0.8,114.4,54.2,1.7,92.14,92.0,0.5,10.0,198.7,23248.0,43971.0,23.9,22.4,16.0,29.62,8.82,207.0,722.0,4.9,0.8054195804195804
2026-02-18T13:53:58,02/18/202601:53,143.3,1.1,157.63000000000002,54.2,2.3,124.66,124.0,0.5,10.0,198.7,23248.0,43971.0,23.8,22.4,16.0,29.62,8.82,207.0,722.0,4.9,0.7908393072384697
2026-02-18T13:54:09,02/18/202601:54,144.0,0.6,86.39999999999999,54.2,0.9,48.78,48.0,0.5,10.0,198.7,23248.0,43971.0,23.9,22.4,16.0,29.62,8.82,207.0,722.0,4.9,0.5645833333333334
2026-02-18T13:54:18,02/18/202601:54,143.4,1.2,172.08,54.2,2.4,130.08,130.0,0.5,10.0,198.7,23248.0,43971.0,23.8,22.4,15.0,29.62,8.82,207.0,722.0,4.9,0.7559274755927475
2026-02-18T13:56:05,02/18/202601:56,143.1,1.4,200.33999999999997,54.2,3.1,168.02,168.0,0.5,10.0,198.7,23248.0,43971.0,23.8,22.4,15.0,29.62,8.82,207.0,722.0,4.9,0.8386742537685935
2026-02-18T13:57:06,02/18/202601:57,143.5,0.9,129.15,54.2,2.1,113.82000000000001,113.0,0.5,10.0,198.7,23248.0,43971.0,23.8,22.4,15.0,29.62,8.82,207.0,722.0,4.9,0.8813008130081301
2026-02-18T13:57:53,02/18/202601:57,143.2,1.3,186.16,54.2,2.9,157.18,157.0,0.5,10.0,198.7,23248.0,43971.0,23.9,22.4,15.0,29.62,8.82,207.0,722.0,4.9,0.844327460249248
2026-02-18T13:58:53,02/18/202601:58,143.5,1.0,143.5,54.2,1.9,102.98,102.0,0.5,10.0,198.7,23248.0,43971.0,23.8,22.4,15.0,29.62,8.82,207.0,722.0,4.9,0.717630662020906
2026-02-18T13:59:53,02/18/202601:59,143.3,1.4,200.62,54.2,3.1,168.02,168.0,0.5,10.0,198.7,23248.0,43971.0,23.8,22.4,15.0,29.62,8.82,207.0,722.0,4.9,0.8375037384109262
2026-02-18T14:00:53,02/18/202602:00,143.7,1.1,158.07,54.2,2.5,135.5,135.0,0.5,11.0,198.7,23248.0,43971.0,23.9,22.8,14.0,29.62,10.25,212.0,705.0,4.8,0.8572151578414626
2026-02-18T14:01:53,02/18/202602:01,143.6,1.2,172.32,54.2,2.8,151.76,151.0,0.5,11.0,198.7,23248.0,43971.0,23.8,22.8,14.0,29.62,10.25,212.0,705.0,4.8,0.8806870937790158
2026-02-18T14:02:52,02/18/202602:02,143.6,1.2,172.32,54.2,2.6,140.92000000000002,140.0,0.5,11.0,198.7,23248.0,43971.0,23.9,22.8,14.0,29.62,10.25,212.0,705.0,4.8,0.8177808727948005
2026-02-18T14:05:12,02/18/202602:05,143.6,0.7,100.52,54.2,1.4,75.88,75.0,0.6,11.0,198.7,23248.0,43971.0,23.9,22.8,14.0,29.62,10.25,212.0,705.0,4.8,0.754874651810585
2026-02-18T14:05:51,02/18/202602:05,143.1,1.0,143.1,54.3,2.1,114.03,114.0,0.6,11.0,198.7,23248.0,43971.0,23.9,22.8,14.0,29.62,10.25,212.0,705.0,4.8,0.7968553459119497
2026-02-18T14:06:51,02/18/202602:06,143.2,0.8,114.56,54.2,1.6,86.72000000000001,86.0,0.6,11.0,198.7,23248.0,43971.0,23.8,22.8,14.0,29.62,10.25,212.0,705.0,4.8,0.7569832402234637
2026-02-18T14:07:51,02/18/202602:07,142.8,0.9,128.52,54.2,1.9,102.98,102.0,0.6,11.0,198.7,23248.0,43971.0,23.8,22.8,14.0,29.62,10.25,212.0,705.0,4.8,0.8012760659819483
2026-02-18T14:08:51,02/18/202602:08,142.1,1.5,213.14999999999998,54.2,3.3,178.86,178.0,0.6,11.0,198.7,23248.0,43971.0,23.9,22.8,14.0,29.62,10.25,212.0,705.0,4.8,0.8391273750879664
2026-02-18T14:09:51,02/18/202602:09,142.9,0.8,114.32000000000001,54.2,1.5,81.30000000000001,81.0,0.6,11.0,198.7,23248.0,43971.0,23.8,22.8,14.0,29.62,10.25,212.0,705.0,4.8,0.7111616515045487
2026-02-18T14:10:51,02/18/202602:10,142.2,1.4,199.07999999999998,54.1,3.2,173.12,173.0,0.6,11.0,198.7,23248.0,43971.0,23.8,22.8,14.0,29.62,10.25,212.0,705.0,4.8,0.8696001607394014
2026-02-18T14:11:51,02/18/202602:11,142.6,1.0,142.6,54.2,2.2,119.24000000000001,119.0,0.6,11.0,198.7,23248.0,43971.0,23.9,22.8,14.0,29.62,10.25,212.0,705.0,4.8,0.8361851332398318
2026-02-18T14:12:51,02/18/202602:12,142.5,1.2,171.0,54.2,2.5,135.5,135.0,0.6,11.0,198.7,23248.0,43971.0,23.8,22.8,14.0,29.62,10.25,212.0,705.0,4.8,0.7923976608187134
2026-02-18T14:13:51,02/18/202602:13,142.6,1.1,156.86,54.2,2.2,119.24000000000001,119.0,0.6,11.0,198.7,23248.0,43971.0,23.8,22.8,14.0,29.62,10.25,212.0,705.0,4.8,0.7601683029453016
2026-02-18T14:14:51,02/18/202602:14,142.7,0.8,114.16,54.2,1.6,86.72000000000001,86.0,0.6,11.0,198.7,23248.0,43971.0,23.9,22.8,14.0,29.62,10.25,212.0,705.0,4.8,0.7596355991590751
2026-02-18T14:16:24,02/18/202602:16,142.7,0.6,85.61999999999999,54.2,1.3,70.46000000000001,70.0,0.6,11.0,198.7,23248.0,43971.0,23.8,23.1,13.0,29.59,10.5,209.0,684.0,4.7,0.8229385657556647
2026-02-18T14:17:41,02/18/202602:17,142.8,0.8,114.24000000000001,54.2,1.4,75.88,75.0,0.6,11.0,198.7,23248.0,43971.0,23.8,23.1,13.0,29.59,10.5,209.0,684.0,4.7,0.6642156862745097
2026-02-18T14:18:42,02/18/202602:18,142.8,0.9,128.52,54.1,1.8,97.38000000000001,97.0,0.6,11.0,198.7,23248.0,43971.0,23.8,23.1,13.0,29.59,10.5,209.0,684.0,4.7,0.757703081232493
2026-02-18T14:20:07,02/18/202602:20,142.7,1.2,171.23999999999998,54.2,2.8,151.76,151.0,0.6,11.0,198.7,23248.0,43971.0,23.9,23.1,13.0,29.59,10.5,209.0,684.0,4.7,0.8862415323522542
2026-02-18T14:21:08,02/18/202602:21,142.9,1.2,171.48,54.2,2.7,146.34,146.0,0.6,11.0,198.7,23248.0,43971.0,23.8,23.1,13.0,29.59,10.5,209.0,684.0,4.7,0.8533939818054584
2026-02-18T14:22:08,02/18/202602:22,143.0,1.0,143.0,54.2,2.1,113.82000000000001,113.0,0.6,11.0,198.7,23248.0,43971.0,23.8,23.1,13.0,29.59,10.5,209.0,684.0,4.7,0.795944055944056
2026-02-18T14:23:07,02/18/202602:23,143.2,0.7,100.23999999999998,54.3,1.3,70.59,70.0,0.6,11.0,198.7,23248.0,43971.0,23.9,23.1,13.0,29.59,10.5,209.0,684.0,4.7,0.7042098962490025
2026-02-18T14:23:54,02/18/202602:23,142.7,1.1,156.97,54.2,2.4,130.08,130.0,0.6,11.0,198.7,23248.0,43971.0,23.9,23.1,13.0,29.59,10.5,209.0,684.0,4.7,0.8286933809008091
2026-02-18T14:24:38,02/18/202602:24,142.7,1.1,156.97,54.2,2.4,130.08,130.0,0.6,11.0,198.7,23248.0,43971.0,23.9,23.1,13.0,29.59,10.5,209.0,684.0,4.7,0.8286933809008091
2026-02-18T14:24:55,02/18/202602:24,143.0,0.7,100.1,54.2,1.4,75.88,75.0,0.6,11.0,198.7,23248.0,43971.0,23.9,23.1,13.0,29.59,10.5,209.0,684.0,4.7,0.7580419580419581
2026-02-18T14:25:55,02/18/202602:25,142.4,1.3,185.12,54.2,2.9,157.18,157.0,0.6,12.0,198.7,23248.0,43971.0,23.8,23.1,13.0,29.59,10.5,209.0,684.0,4.7,0.8490708729472775
2026-02-18T14:26:55,02/18/202602:26,141.9,1.7,241.23,54.2,3.7,200.54000000000002,200.0,0.6,12.0,198.7,23248.0,43971.0,23.9,23.1,13.0,29.59,10.5,209.0,684.0,4.7,0.8313228039630229
2026-02-18T14:27:55,02/18/202602:27,143.0,1.0,143.0,54.3,2.1,114.03,113.0,0.6,12.0,198.7,23248.0,43971.0,23.9,23.1,13.0,29.59,10.5,209.0,684.0,4.7,0.7974125874125875
2026-02-18T14:28:55,02/18/202602:28,142.5,1.3,185.25,54.2,3.0,162.60000000000002,162.0,0.6,12.0,198.7,23248.0,43971.0,23.8,23.1,13.0,29.59,10.5,209.0,684.0,4.7,0.8777327935222673
2026-02-18T14:29:55,02/18/202602:29,142.8,1.1,157.08,54.2,2.5,135.5,135.0,0.6,12.0,198.7,23248.0,43971.0,23.8,23.2,13.0,29.59,10.5,209.0,685.0,4.7,0.8626177743824802
2026-02-18T14:30:55,02/18/202602:30,142.6,1.4,199.64,54.2,3.0,162.60000000000002,162.0,0.6,12.0,198.7,23248.0,43971.0,23.9,23.5,12.0,29.59,13.79,216.0,659.0,4.4,0.8144660388699662
2026-02-18T14:31:55,02/18/202602:31,142.7,1.1,156.97,54.2,2.2,119.24000000000001,119.0,0.6,12.0,198.7,23248.0,43971.0,23.9,23.5,12.0,29.59,13.79,216.0,659.0,4.4,0.7596355991590751
2026-02-18T14:32:55,02/18/202602:32,142.5,1.1,156.75,54.2,2.4,130.08,130.0,0.6,12.0,198.7,23248.0,43971.0,23.8,23.5,13.0,29.59,13.79,216.0,659.0,4.4,0.8298564593301436
2026-02-18T14:33:55,02/18/202602:33,143.4,0.7,100.38,54.2,1.4,75.88,75.0,0.6,12.0,198.7,23248.0,43971.0,23.9,23.5,13.0,29.59,13.79,216.0,659.0,4.4,0.7559274755927475
2026-02-18T14:36:02,02/18/202602:36,143.3,0.7,100.31,54.2,1.4,75.88,76.0,0.6,12.0,198.7,23248.0,43971.0,23.8,23.5,13.0,29.59,13.79,216.0,659.0,4.4,0.7564549895324494
2026-02-18T14:37:05,02/18/202602:37,142.9,1.4,200.06,54.2,2.9,157.18,157.0,0.6,12.0,198.7,23248.0,43971.0,23.9,23.5,13.0,29.59,13.79,216.0,659.0,4.4,0.7856643007097871
2026-02-18T14:38:05,02/18/202602:38,142.9,1.4,200.06,54.2,3.1,168.02,168.0,0.6,12.0,198.7,23248.0,43971.0,23.8,23.5,13.0,29.59,13.79,216.0,659.0,4.4,0.8398480455863242
2026-02-18T14:39:06,02/18/202602:39,143.0,0.9,128.70000000000002,54.2,2.1,113.82000000000001,113.0,0.6,12.0,198.7,23248.0,43971.0,23.8,23.5,13.0,29.59,13.79,216.0,659.0,4.4,0.8843822843822843
2026-02-18T14:40:05,02/18/202602:40,143.0,1.1,157.3,54.2,2.6,140.92000000000002,140.0,0.6,12.0,198.7,23248.0,43971.0,23.9,23.5,13.0,29.59,13.79,216.0,659.0,4.4,0.8958677685950414
2026-02-18T14:41:05,02/18/202602:41,143.3,1.1,157.63000000000002,54.2,2.2,119.24000000000001,119.0,0.6,12.0,198.7,23248.0,43971.0,23.9,23.5,13.0,29.59,13.79,216.0,659.0,4.4,0.7564549895324494
2026-02-18T14:42:05,02/18/202602:42,142.8,1.4,199.92000000000002,54.2,2.9,157.18,157.0,0.6,12.0,198.7,23248.0,43971.0,23.9,23.5,13.0,29.59,13.79,216.0,659.0,4.4,0.7862144857943177
2026-02-18T14:43:06,02/18/202602:43,143.8,0.5,71.9,54.2,0.8,43.36000000000001,43.0,0.6,12.0,198.7,23248.0,43971.0,23.8,23.5,13.0,29.59,13.79,216.0,659.0,4.4,0.6030598052851183
2026-02-18T14:44:05,02/18/202602:44,143.4,1.0,143.4,54.1,2.1,113.61000000000001,113.0,0.6,12.0,198.7,23248.0,43971.0,23.9,23.5,13.0,29.59,13.79,216.0,659.0,4.4,0.7922594142259415
2026-02-18T14:45:06,02/18/202602:45,142.8,1.6,228.48000000000002,54.2,3.7,200.54000000000002,200.0,0.6,12.0,198.7,23248.0,43971.0,23.8,23.5,13.0,29.59,13.79,216.0,659.0,4.4,0.8777135854341737
2026-02-18T14:47:12,02/18/202602:47,142.8,1.6,228.48000000000002,54.2,3.4,184.28,184.0,0.6,12.0,198.7,23248.0,43971.0,23.9,23.3,12.0,29.59,14.42,221.0,632.0,4.2,0.806547619047619
2026-02-18T14:47:44,02/18/202602:47,143.3,1.1,157.63000000000002,54.1,2.4,129.84,130.0,0.6,12.0,198.7,23248.0,43971.0,23.9,23.3,12.0,29.59,14.42,221.0,632.0,4.2,0.8237010721309395
2026-02-18T14:48:43,02/18/202602:48,142.8,1.5,214.20000000000002,54.2,3.5,189.70000000000002,189.0,0.6,12.0,198.7,23248.0,43971.0,23.9,23.3,12.0,29.59,14.42,221.0,632.0,4.2,0.8856209150326797
2026-02-18T14:49:44,02/18/202602:49,143.7,0.9,129.32999999999998,54.2,2.1,113.82000000000001,113.0,0.6,12.0,198.7,23248.0,43971.0,23.9,23.3,12.0,29.59,14.42,221.0,632.0,4.2,0.8800742287172352
2026-02-18T14:50:43,02/18/202602:50,143.1,1.2,171.72,54.2,2.7,146.34,146.0,0.6,12.0,198.7,23248.0,43971.0,23.9,23.3,12.0,29.59,14.42,221.0,632.0,4.2,0.8522012578616353
2026-02-18T14:51:44,02/18/202602:51,142.8,1.3,185.64000000000001,54.2,2.8,151.76,151.0,0.7,13.0,198.7,23248.0,43971.0,23.9,23.3,12.0,29.59,14.42,221.0,632.0,4.2,0.817496229260935
2026-02-18T14:52:43,02/18/202602:52,142.1,1.5,213.14999999999998,54.2,3.3,178.86,178.0,0.7,13.0,198.7,23248.0,43971.0,23.8,23.3,12.0,29.59,14.42,221.0,632.0,4.2,0.8391273750879664
2026-02-18T14:53:43,02/18/202602:53,142.2,1.2,170.64,54.2,2.6,140.92000000000002,140.0,0.7,13.0,198.7,23248.0,43971.0,23.9,23.3,12.0,29.59,14.42,221.0,632.0,4.2,0.8258321612751994
2026-02-18T14:54:43,02/18/202602:54,142.4,0.9,128.16,54.2,2.1,113.82000000000001,113.0,0.7,13.0,198.7,23248.0,43971.0,23.9,23.3,12.0,29.59,14.42,221.0,632.0,4.2,0.8881086142322098
2026-02-18T14:55:44,02/18/202602:55,142.5,0.8,114.0,54.2,1.4,75.88,75.0,0.7,13.0,198.7,23248.0,43971.0,23.9,23.3,12.0,29.59,14.42,221.0,632.0,4.2,0.6656140350877192
2026-02-18T14:56:44,02/18/202602:56,141.5,1.3,183.95000000000002,54.2,2.8,151.76,152.0,0.7,13.0,198.7,23248.0,43971.0,23.8,23.3,12.0,29.59,14.42,221.0,632.0,4.2,0.8250067953248164
2026-02-18T14:58:24,02/18/202602:58,142.0,0.6,85.2,54.2,1.2,65.04,65.0,0.7,13.0,198.7,23248.0,43971.0,23.9,23.3,12.0,29.59,14.42,221.0,632.0,4.2,0.7633802816901409
2026-02-18T14:58:43,02/18/202602:58,141.2,1.4,197.67999999999998,54.2,3.1,168.02,168.0,0.7,13.0,198.7,23248.0,43971.0,23.8,23.3,12.0,29.59,14.42,221.0,632.0,4.2,0.8499595305544315
2026-02-18T14:59:44,02/18/202602:59,141.0,1.4,197.39999999999998,54.2,3.3,178.86,179.0,0.7,13.0,198.7,23248.0,43971.0,23.8,23.3,12.0,29.59,14.42,221.0,632.0,4.2,0.9060790273556233
2026-02-18T15:00:43,02/18/202603:00,142.1,0.7,99.46999999999998,54.2,1.1,59.620000000000005,59.0,0.7,13.0,198.7,23248.0,43971.0,23.9,23.3,12.0,29.59,14.42,221.0,632.0,4.2,0.5993766964914046
2026-02-18T15:01:44,02/18/202603:01,141.2,1.4,197.67999999999998,54.2,2.9,157.18,157.0,0.7,13.0,198.7,23248.0,43971.0,23.9,23.4,12.0,29.59,13.48,223.0,600.0,4.0,0.7951234318089844
2026-02-18T15:02:43,02/18/202603:02,141.3,1.3,183.69000000000003,54.2,3.0,162.60000000000002,162.0,0.7,13.0,198.7,23248.0,43971.0,23.9,23.4,12.0,29.59,13.48,223.0,600.0,4.0,0.8851869998366814
2026-02-18T15:03:44,02/18/202603:03,141.7,1.1,155.87,54.2,2.4,130.08,130.0,0.7,13.0,198.7,23248.0,43971.0,23.9,23.4,12.0,29.59,13.48,223.0,600.0,4.0,0.834541605183807
2026-02-18T15:04:43,02/18/202603:04,141.8,1.0,141.8,54.3,2.3,124.88999999999999,124.0,0.7,13.0,198.7,23248.0,43971.0,23.9,23.4,12.0,29.59,13.48,223.0,600.0,4.0,0.8807475317348377
2026-02-18T15:05:44,02/18/202603:05,141.9,1.1,156.09000000000003,54.2,2.1,113.82000000000001,113.0,0.7,13.0,198.7,23248.0,43971.0,23.9,23.4,12.0,29.59,13.48,223.0,600.0,4.0,0.7291946953680568
2026-02-18T15:06:44,02/18/202603:06,142.6,0.8,114.08,54.2,1.3,70.46000000000001,70.0,0.7,13.0,198.7,23248.0,43971.0,23.9,23.4,12.0,29.59,13.48,223.0,600.0,4.0,0.6176367461430576
2026-02-18T15:07:44,02/18/202603:07,142.3,0.9,128.07000000000002,54.2,2.0,108.4,108.0,0.7,13.0,198.7,23248.0,43971.0,23.9,23.4,12.0,29.59,13.48,223.0,600.0,4.0,0.8464121183727648
2026-02-18T15:07:46,02/18/202603:07,142.4,0.9,128.16,54.2,1.9,102.98,102.0,0.7,13.0,198.7,23248.0,43971.0,23.9,23.4,12.0,29.59,13.48,223.0,600.0,4.0,0.8035268414481899
2026-02-18T15:09:35,02/18/202603:09,141.6,1.5,212.39999999999998,54.2,3.5,189.70000000000002,189.0,0.7,13.0,198.7,23248.0,43971.0,23.9,23.4,12.0,29.59,13.48,223.0,600.0,4.0,0.8931261770244823
2026-02-18T15:09:47,02/18/202603:09,142.7,0.8,114.16,54.2,1.8,97.56,97.0,0.7,13.0,198.7,23248.0,43971.0,23.9,23.4,12.0,29.59,13.48,223.0,600.0,4.0,0.8545900490539594
2026-02-18T15:10:46,02/18/202603:10,142.4,1.1,156.64000000000001,54.3,2.2,119.46000000000001,119.0,0.7,13.0,198.7,23248.0,43971.0,23.9,23.4,12.0,29.59,13.48,223.0,600.0,4.0,0.7626404494382022
2026-02-18T15:11:46,02/18/202603:11,142.5,1.1,156.75,54.2,2.1,113.82000000000001,113.0,0.7,13.0,198.7,23248.0,43971.0,23.9,23.4,12.0,29.59,13.48,223.0,600.0,4.0,0.7261244019138756
2026-02-18T15:12:46,02/18/202603:12,141.9,1.4,198.66,54.2,3.2,173.44000000000003,173.0,0.7,13.0,198.7,23248.0,43971.0,23.9,23.4,12.0,29.59,13.48,223.0,600.0,4.0,0.8730494311889663
2026-02-18T15:13:47,02/18/202603:13,142.1,1.1,156.31,54.1,2.6,140.66,140.0,0.7,13.0,198.7,23248.0,43971.0,23.9,23.4,12.0,29.59,13.48,223.0,600.0,4.0,0.8998784466764762
2026-02-18T15:14:47,02/18/202603:14,142.0,1.4,198.79999999999998,54.2,3.1,168.02,168.0,0.7,13.0,198.7,23248.0,43971.0,23.9,23.4,12.0,29.59,13.48,223.0,600.0,4.0,0.8451710261569417
2026-02-18T15:15:46,02/18/202603:15,143.0,0.7,100.1,54.2,1.0,54.2,54.0,0.7,13.0,198.7,23248.0,43971.0,23.9,23.6,12.0,29.59,13.79,222.0,564.0,3.7,0.5414585414585416
2026-02-18T15:16:46,02/18/202603:16,142.6,1.2,171.11999999999998,54.2,2.5,135.5,135.0,0.7,13.0,198.7,23248.0,43971.0,23.9,23.6,12.0,29.59,13.79,222.0,564.0,3.7,0.7918419822346893
2026-02-18T15:17:46,02/18/202603:17,143.5,0.5,71.75,54.2,0.8,43.36000000000001,48.0,0.7,14.0,198.7,23248.0,43971.0,23.9,23.6,12.0,29.59,13.79,222.0,564.0,3.7,0.6043205574912893
2026-02-18T15:20:46,02/18/202603:20,143.0,1.1,157.3,54.2,2.2,119.24000000000001,119.0,0.7,14.0,198.7,23248.0,43971.0,23.9,23.6,12.0,29.59,13.79,222.0,564.0,3.7,0.7580419580419581
2026-02-18T15:20:47,02/18/202603:20,143.1,1.1,157.41,54.2,2.2,119.24000000000001,119.0,0.7,14.0,198.7,23248.0,43971.0,23.9,23.6,12.0,29.59,13.79,222.0,564.0,3.7,0.7575122292103424
2026-02-18T15:21:48,02/18/202603:21,143.4,1.0,143.4,54.2,2.0,108.4,108.0,0.7,14.0,198.7,23248.0,43971.0,23.9,23.6,12.0,29.59,13.79,222.0,564.0,3.7,0.7559274755927475
2026-02-18T15:22:47,02/18/202603:22,143.4,0.8,114.72000000000001,54.2,1.8,97.56,97.0,0.7,14.0,198.7,23248.0,43971.0,23.9,23.6,12.0,29.59,13.79,222.0,564.0,3.7,0.8504184100418409
2026-02-18T15:23:47,02/18/202603:23,143.6,1.0,143.6,54.2,2.3,124.66,124.0,0.7,14.0,198.7,23248.0,43971.0,23.9,23.6,12.0,29.59,13.79,222.0,564.0,3.7,0.8681058495821727
2026-02-18T15:24:48,02/18/202603:24,144.0,0.8,115.2,54.2,1.5,81.30000000000001,81.0,0.7,14.0,198.7,23248.0,43971.0,23.9,23.6,12.0,29.59,13.79,222.0,564.0,3.7,0.7057291666666667
2026-02-18T15:25:48,02/18/202603:25,144.0,0.8,115.2,54.2,1.4,75.88,75.0,0.7,14.0,198.7,23248.0,43971.0,23.9,23.6,12.0,29.59,13.79,222.0,564.0,3.7,0.6586805555555555
2026-02-18T15:26:48,02/18/202603:26,143.9,0.7,100.73,54.2,1.4,75.88,75.0,0.7,14.0,198.7,23248.0,43971.0,23.9,23.6,12.0,29.59,13.79,222.0,564.0,3.7,0.7533009034051423
2026-02-18T15:27:48,02/18/202603:27,143.7,1.0,143.7,54.2,2.2,119.24000000000001,119.0,0.7,14.0,198.7,23248.0,43971.0,23.9,23.6,12.0,29.59,13.79,222.0,564.0,3.7,0.829784272790536
2026-02-18T15:28:48,02/18/202603:28,143.2,1.4,200.47999999999996,54.2,3.3,178.86,178.0,0.7,14.0,198.7,23248.0,43971.0,23.9,23.6,12.0,29.59,13.79,222.0,565.0,3.7,0.8921588188347968
2026-02-18T15:29:47,02/18/202603:29,144.0,0.8,115.2,54.2,1.5,81.30000000000001,81.0,0.7,14.0,198.7,23248.0,43971.0,23.9,23.6,12.0,29.59,13.79,222.0,565.0,3.7,0.7057291666666667
2026-02-18T15:31:57,02/18/202603:31,144.0,0.8,115.2,54.2,1.6,86.72000000000001,86.0,0.7,14.0,198.7,23248.0,43971.0,23.9,23.3,11.0,29.56,16.28,226.0,526.0,3.4,0.7527777777777779
2026-02-18T15:33:42,02/18/202603:33,143.3,1.2,171.96,54.2,2.5,135.5,135.0,0.7,14.0,198.7,23248.0,43971.0,23.9,23.3,11.0,29.56,16.28,226.0,526.0,3.4,0.7879739474296348
2026-02-18T15:34:42,02/18/202603:34,142.9,1.4,200.06,54.2,3.1,168.02,168.0,0.7,14.0,198.7,23248.0,43971.0,23.9,23.3,11.0,29.56,16.28,226.0,526.0,3.4,0.8398480455863242
2026-02-18T15:35:42,02/18/202603:35,143.7,0.8,114.96,54.2,1.5,81.30000000000001,81.0,0.7,14.0,198.7,23248.0,43971.0,23.9,23.3,11.0,29.56,16.28,226.0,526.0,3.4,0.7072025052192068
2026-02-18T15:36:43,02/18/202603:36,143.6,0.9,129.24,54.2,1.9,102.98,102.0,0.7,14.0,198.7,23248.0,43971.0,23.9,23.3,11.0,29.56,16.28,226.0,526.0,3.4,0.7968121324667286
2026-02-18T15:37:43,02/18/202603:37,143.8,0.6,86.28,54.2,1.1,59.620000000000005,59.0,0.7,14.0,198.7,23248.0,43971.0,23.9,23.3,11.0,29.56,16.28,226.0,526.0,3.4,0.691006026889198
2026-02-18T15:38:43,02/18/202603:38,143.3,1.1,157.63000000000002,54.2,2.3,124.66,124.0,0.7,14.0,198.7,23248.0,43971.0,23.9,23.3,11.0,29.56,16.28,226.0,526.0,3.4,0.7908393072384697
2026-02-18T15:39:43,02/18/202603:39,142.9,1.5,214.35000000000002,54.2,3.2,173.44000000000003,173.0,0.7,14.0,198.7,23248.0,43971.0,23.9,23.3,11.0,29.56,16.28,226.0,526.0,3.4,0.8091439234896198
2026-02-18T15:40:43,02/18/202603:40,143.6,1.1,157.96,54.2,2.2,119.24000000000001,119.0,0.7,14.0,198.7,23248.0,43971.0,23.9,23.3,11.0,29.56,16.28,226.0,526.0,3.4,0.754874651810585
2026-02-18T15:41:43,02/18/202603:41,143.7,0.8,114.96,54.1,1.8,97.38000000000001,97.0,0.8,14.0,198.7,23248.0,43971.0,23.9,23.3,11.0,29.56,16.28,226.0,526.0,3.4,0.8470772442588728
2026-02-18T15:43:09,02/18/202603:43,143.7,0.8,114.96,54.2,1.8,97.56,97.0,0.8,14.0,198.7,23248.0,43971.0,23.9,23.3,11.0,29.56,16.28,226.0,526.0,3.4,0.8486430062630481
2026-02-18T15:43:43,02/18/202603:43,143.6,1.0,143.6,54.2,2.1,113.82000000000001,113.0,0.8,14.0,198.7,23248.0,43971.0,23.9,23.3,11.0,29.56,16.28,226.0,526.0,3.4,0.7926183844011143
2026-02-18T15:44:44,02/18/202603:44,143.9,0.9,129.51000000000002,54.2,1.7,92.14,92.0,0.8,14.0,198.7,23248.0,43971.0,23.9,23.3,11.0,29.56,16.28,226.0,526.0,3.4,0.7114508532159678
2026-02-18T15:45:42,02/18/202603:45,143.4,1.1,157.74,54.2,2.2,119.24000000000001,119.0,0.8,15.0,198.7,23248.0,43971.0,23.9,23.1,11.0,29.56,16.16,224.0,482.0,3.1,0.7559274755927475
2026-02-18T15:46:43,02/18/202603:46,143.9,0.6,86.34,54.2,1.1,59.620000000000005,59.0,0.8,15.0,198.7,23248.0,43971.0,23.9,23.1,11.0,29.56,16.16,224.0,482.0,3.1,0.6905258281213806
2026-02-18T15:47:38,02/18/202603:47,142.9,1.3,185.77,54.2,2.9,157.18,157.0,0.8,15.0,198.7,23248.0,43971.0,23.9,23.1,11.0,29.56,16.16,224.0,482.0,3.1,0.8461000161490014
2026-02-18T15:48:38,02/18/202603:48,143.9,0.7,100.73,54.3,1.2,65.16,65.0,0.8,15.0,198.7,23248.0,43971.0,23.9,23.1,11.0,29.56,16.16,224.0,482.0,3.1,0.6468777921175419
2026-02-18T15:49:37,02/18/202603:49,143.3,1.1,157.63000000000002,54.2,2.2,119.24000000000001,119.0,0.8,15.0,198.7,23248.0,43971.0,23.9,23.1,11.0,29.56,16.16,224.0,482.0,3.1,0.7564549895324494
2026-02-18T15:50:38,02/18/202603:50,143.1,1.1,157.41,54.2,2.4,130.08,130.0,0.8,15.0,198.7,23248.0,43971.0,23.9,23.1,11.0,29.56,16.16,224.0,482.0,3.1,0.8263769773203736
2026-02-18T15:51:38,02/18/202603:51,143.3,1.1,157.63000000000002,54.3,2.4,130.32,130.0,0.8,15.0,198.7,23248.0,43971.0,23.9,23.1,11.0,29.56,16.16,224.0,482.0,3.1,0.8267461777580408
2026-02-18T15:52:38,02/18/202603:52,143.2,1.2,171.83999999999997,54.2,2.8,151.76,151.0,0.8,15.0,198.7,23248.0,43971.0,23.9,23.1,11.0,29.56,16.16,224.0,482.0,3.1,0.8831471135940411
2026-02-18T15:54:23,02/18/202603:54,143.4,1.0,143.4,54.3,1.9,103.16999999999999,102.0,0.8,15.0,198.7,23248.0,43971.0,23.9,23.1,11.0,29.56,16.16,224.0,482.0,3.1,0.7194560669456066
2026-02-18T15:54:40,02/18/202603:54,143.4,0.9,129.06,54.2,1.8,97.56,97.0,0.8,15.0,198.7,23248.0,43971.0,23.9,23.1,11.0,29.56,16.16,224.0,482.0,3.1,0.7559274755927475
2026-02-18T15:55:39,02/18/202603:55,143.3,1.0,143.3,54.3,2.1,114.03,113.0,0.8,15.0,198.7,23248.0,43971.0,23.9,23.1,11.0,29.56,16.16,224.0,482.0,3.1,0.7957431960921144
2026-02-18T15:56:39,02/18/202603:56,143.3,0.9,128.97000000000003,54.2,2.0,108.4,108.0,0.8,15.0,198.7,23248.0,43971.0,23.9,23.1,11.0,29.56,16.16,224.0,482.0,3.1,0.8405055439249437
2026-02-18T15:57:40,02/18/202603:57,143.6,0.7,100.52,54.2,1.4,75.88,75.0,0.8,15.0,198.7,23248.0,43971.0,23.9,23.1,11.0,29.56,16.16,224.0,482.0,3.1,0.754874651810585
2026-02-18T15:58:40,02/18/202603:58,143.2,1.0,143.2,54.2,2.0,108.4,108.0,0.8,15.0,198.7,23248.0,43971.0,23.9,23.1,11.0,29.56,16.16,224.0,482.0,3.1,0.7569832402234637
2026-02-18T15:59:39,02/18/202603:59,142.8,1.2,171.36,54.2,2.6,140.92000000000002,140.0,0.8,15.0,198.7,23248.0,43971.0,23.9,23.1,11.0,29.56,16.16,224.0,482.0,3.1,0.8223622782446313
2026-02-18T16:00:39,02/18/202604:00,143.0,0.9,128.70000000000002,54.2,2.1,113.82000000000001,113.0,0.8,15.0,198.7,23248.0,43971.0,23.9,23.0,11.0,29.56,15.54,226.0,437.0,2.8,0.8843822843822843
2026-02-18T16:01:40,02/18/202604:01,143.3,0.8,114.64000000000001,54.2,1.6,86.72000000000001,86.0,0.8,15.0,198.7,23248.0,43971.0,23.9,23.0,11.0,29.56,15.54,226.0,437.0,2.8,0.7564549895324494
2026-02-18T16:02:40,02/18/202604:02,143.2,0.8,114.56,54.2,1.6,86.72000000000001,86.0,0.8,15.0,198.7,23248.0,43971.0,23.9,23.0,11.0,29.56,15.54,226.0,437.0,2.8,0.7569832402234637
2026-02-18T16:03:40,02/18/202604:03,142.7,1.2,171.23999999999998,54.2,2.5,135.5,135.0,0.8,15.0,198.7,23248.0,43971.0,23.9,23.0,11.0,29.56,15.54,226.0,437.0,2.8,0.7912870824573699
2026-02-18T16:05:32,02/18/202604:05,143.3,0.6,85.98,54.2,1.0,54.2,54.0,0.8,15.0,198.7,23248.0,43971.0,23.9,23.0,11.0,29.56,15.54,226.0,437.0,2.8,0.6303791579437078
2026-02-18T16:05:59,02/18/202604:05,143.0,1.0,143.0,54.2,2.1,113.82000000000001,113.0,0.8,15.0,198.7,23248.0,43971.0,23.9,23.0,11.0,29.56,15.54,226.0,437.0,2.8,0.795944055944056
2026-02-18T16:06:59,02/18/202604:06,142.5,1.3,185.25,54.2,3.0,162.60000000000002,162.0,0.8,15.0,198.7,23248.0,43971.0,23.9,23.0,11.0,29.56,15.54,226.0,437.0,2.8,0.8777327935222673
2026-02-18T16:07:59,02/18/202604:07,143.1,1.0,143.1,54.2,1.9,102.98,102.0,0.8,15.0,198.7,23248.0,43971.0,23.9,23.0,11.0,29.56,15.54,226.0,437.0,2.8,0.7196366177498253
2026-02-18T16:08:59,02/18/202604:08,142.9,1.1,157.19000000000003,54.2,2.3,124.66,124.0,0.8,15.0,198.7,23248.0,43971.0,23.9,23.0,11.0,29.56,15.54,226.0,437.0,2.8,0.7930529931929511
2026-02-18T16:09:59,02/18/202604:09,143.1,1.1,157.41,54.2,2.4,130.08,130.0,0.8,15.0,198.7,23248.0,43971.0,23.9,23.0,11.0,29.56,15.54,226.0,437.0,2.8,0.8263769773203736
2026-02-18T16:10:59,02/18/202604:10,142.9,1.1,157.19000000000003,54.2,2.5,135.5,135.0,0.8,15.0,198.7,23248.0,43971.0,23.9,23.0,11.0,29.56,15.54,226.0,437.0,2.8,0.8620141230358164
2026-02-18T16:11:59,02/18/202604:11,143.2,0.8,114.56,54.2,1.7,92.14,92.0,0.8,15.0,198.7,23248.0,43971.0,23.9,23.0,11.0,29.56,15.54,226.0,437.0,2.8,0.8042946927374302
2026-02-18T16:12:58,02/18/202604:12,142.8,1.2,171.36,54.2,2.4,130.08,130.0,0.8,15.0,198.7,23248.0,43971.0,23.9,23.0,11.0,29.56,15.54,226.0,437.0,2.8,0.7591036414565826
2026-02-18T16:13:59,02/18/202604:13,143.6,0.7,100.52,54.2,1.1,59.620000000000005,59.0,0.8,16.0,198.7,23248.0,43971.0,23.9,23.0,11.0,29.56,15.54,226.0,437.0,2.8,0.593115797851174
2026-02-18T16:14:59,02/18/202604:14,143.0,1.1,157.3,54.2,2.3,124.66,124.0,0.8,16.0,198.7,23248.0,43971.0,23.9,23.0,11.0,29.56,15.54,226.0,437.0,2.8,0.7924984106802287
2026-02-18T16:19:10,02/18/202604:19,142.5,1.2,171.0,54.2,2.5,135.5,135.0,0.8,16.0,198.7,23248.0,43971.0,23.9,22.9,11.0,29.56,14.73,226.0,388.0,2.5,0.7923976608187134
2026-02-18T16:19:52,02/18/202604:19,142.6,1.3,185.38,54.2,2.9,157.18,157.0,0.8,16.0,198.7,23248.0,43971.0,23.9,22.9,11.0,29.56,14.73,226.0,388.0,2.5,0.847880030208221
2026-02-18T16:20:51,02/18/202604:20,143.4,0.8,114.72000000000001,54.2,1.8,97.56,97.0,0.8,16.0,198.7,23248.0,43971.0,23.9,22.9,11.0,29.56,14.73,226.0,388.0,2.5,0.8504184100418409
2026-02-18T16:21:05,02/18/202604:21,143.2,0.9,128.88,54.2,2.1,113.82000000000001,113.0,0.8,16.0,198.7,23248.0,43971.0,23.9,22.9,11.0,29.56,14.73,226.0,388.0,2.5,0.8831471135940411
2026-02-18T16:22:05,02/18/202604:22,143.3,1.0,143.3,54.2,2.1,113.82000000000001,114.0,0.8,16.0,198.7,23248.0,43971.0,23.9,22.9,11.0,29.56,14.73,226.0,388.0,2.5,0.7942777390090718
2026-02-18T16:23:05,02/18/202604:23,143.7,0.7,100.58999999999999,54.2,1.2,65.04,65.0,0.8,16.0,198.7,23248.0,43971.0,23.9,22.9,11.0,29.56,14.73,226.0,388.0,2.5,0.6465851476289891
2026-02-18T16:24:04,02/18/202604:24,143.4,0.9,129.06,54.2,1.8,97.56,97.0,0.8,16.0,198.7,23248.0,43971.0,23.9,22.9,11.0,29.56,14.73,226.0,388.0,2.5,0.7559274755927475
2026-02-18T16:25:05,02/18/202604:25,142.9,1.0,142.9,54.1,2.3,124.42999999999999,124.0,0.8,16.0,198.7,23248.0,43971.0,23.9,22.9,11.0,29.56,14.73,226.0,388.0,2.5,0.8707487753673897
2026-02-18T16:26:05,02/18/202604:26,142.8,1.0,142.8,54.2,2.3,124.66,124.0,0.8,16.0,198.7,23248.0,43971.0,23.9,22.9,11.0,29.56,14.73,226.0,388.0,2.5,0.8729691876750699
2026-02-18T16:27:05,02/18/202604:27,142.6,1.1,156.86,54.2,2.4,130.08,130.0,0.8,16.0,198.7,23248.0,43971.0,23.9,22.9,11.0,29.56,14.73,226.0,388.0,2.5,0.8292745123039653
2026-02-18T16:28:05,02/18/202604:28,142.6,1.2,171.11999999999998,54.3,2.4,130.32,130.0,0.8,16.0,198.7,23248.0,43971.0,23.9,23.1,11.0,29.56,14.73,226.0,388.0,2.5,0.7615708274894811
2026-02-18T16:30:22,02/18/202604:30,142.3,1.2,170.76000000000002,54.3,2.5,135.75,135.0,0.8,16.0,198.7,23248.0,43971.0,23.9,23.1,11.0,29.56,14.42,224.0,388.0,2.5,0.794975404075896
2026-02-18T16:31:05,02/18/202604:31,141.8,1.4,198.52,54.2,3.2,173.44000000000003,173.0,0.8,16.0,198.7,23248.0,43971.0,23.9,22.9,12.0,29.53,13.73,224.0,337.0,2.1,0.8736651219020755
2026-02-18T16:32:05,02/18/202604:32,143.4,0.6,86.04,54.2,1.1,59.620000000000005,59.0,0.9,16.0,198.7,23248.0,43971.0,23.9,22.9,12.0,29.53,13.73,224.0,337.0,2.1,0.6929335192933519
2026-02-18T16:33:05,02/18/202604:33,142.6,1.2,171.11999999999998,54.2,2.6,140.92000000000002,140.0,0.9,16.0,198.7,23248.0,43971.0,23.9,22.9,12.0,29.53,13.73,224.0,337.0,2.1,0.8235156615240768
2026-02-18T16:34:05,02/18/202604:34,143.4,0.7,100.38,54.2,1.2,65.04,65.0,0.9,16.0,198.7,23248.0,43971.0,23.9,22.9,12.0,29.53,13.73,224.0,337.0,2.1,0.6479378362223551
2026-02-18T16:35:05,02/18/202604:35,142.1,1.4,198.93999999999997,54.2,3.1,168.02,168.0,0.9,16.0,198.7,23248.0,43971.0,23.9,22.9,12.0,29.53,13.73,224.0,337.0,2.1,0.8445762541469791
2026-02-18T16:36:06,02/18/202604:36,141.6,1.5,212.39999999999998,54.2,3.6,195.12,195.0,0.9,16.0,198.7,23248.0,43971.0,23.9,22.9,12.0,29.53,13.73,224.0,337.0,2.1,0.9186440677966103
2026-02-18T16:37:05,02/18/202604:37,142.1,1.4,198.93999999999997,54.2,3.0,162.60000000000002,162.0,0.9,16.0,198.7,23248.0,43971.0,23.9,22.9,12.0,29.53,13.73,224.0,337.0,2.1,0.8173318588519154
2026-02-18T16:38:51,02/18/202604:38,142.2,1.2,170.64,54.2,2.6,140.92000000000002,140.0,0.9,17.0,198.7,23248.0,43971.0,23.9,22.9,12.0,29.53,13.73,224.0,337.0,2.1,0.8258321612751994
2026-02-18T16:39:51,02/18/202604:39,141.9,1.3,184.47000000000003,54.2,3.0,162.60000000000002,162.0,0.9,17.0,198.7,23248.0,43971.0,23.9,22.9,12.0,29.53,13.73,224.0,337.0,2.1,0.8814441372580908
2026-02-18T16:41:32,02/18/202604:41,141.8,1.3,184.34000000000003,54.1,3.1,167.71,168.0,0.9,17.0,198.7,23248.0,43971.0,24.0,22.9,12.0,29.53,13.73,224.0,337.0,2.1,0.9097862645112291
2026-02-18T16:41:51,02/18/202604:41,142.2,1.1,156.42,54.2,2.4,130.08,130.0,0.9,17.0,198.7,23248.0,43971.0,23.9,22.9,12.0,29.53,13.73,224.0,337.0,2.1,0.8316072113540469
2026-02-18T16:42:51,02/18/202604:42,142.2,1.2,170.64,54.2,2.5,135.5,130.0,0.9,17.0,198.7,23248.0,43971.0,23.9,22.9,12.0,29.53,13.73,224.0,337.0,2.1,0.7940693858415379
2026-02-18T16:43:51,02/18/202604:43,142.2,1.1,156.42,54.2,2.4,130.08,130.0,0.9,17.0,198.7,23248.0,43971.0,23.9,22.9,12.0,29.53,13.73,224.0,337.0,2.1,0.8316072113540469
2026-02-18T16:44:51,02/18/202604:44,143.1,0.7,100.16999999999999,54.2,1.3,70.46000000000001,70.0,0.9,17.0,198.7,23248.0,43971.0,23.9,22.9,12.0,29.53,13.73,224.0,337.0,2.1,0.7034042128381752
2026-02-18T16:45:51,02/18/202604:45,142.1,1.2,170.51999999999998,54.2,2.8,151.76,151.0,0.9,17.0,198.7,23248.0,43971.0,23.9,22.8,13.0,29.53,12.99,222.0,284.0,1.7,0.8899835796387521
2026-02-18T16:46:51,02/18/202604:46,141.8,1.3,184.34000000000003,54.3,2.9,157.47,157.0,0.9,17.0,198.7,23248.0,43971.0,23.9,22.8,13.0,29.53,12.99,222.0,284.0,1.7,0.8542367364652271
2026-02-18T16:47:51,02/18/202604:47,142.2,1.1,156.42,54.2,2.1,113.82000000000001,113.0,0.9,17.0,198.7,23248.0,43971.0,23.9,22.8,13.0,29.53,12.99,222.0,284.0,1.7,0.727656309934791
2026-02-18T16:48:51,02/18/202604:48,141.7,1.3,184.20999999999998,54.3,2.8,152.04,151.0,0.9,17.0,198.7,23248.0,43971.0,23.9,22.8,13.0,29.53,12.99,222.0,284.0,1.7,0.8253623581781663
2026-02-18T16:49:51,02/18/202604:49,142.6,0.9,128.34,54.2,1.8,97.56,97.0,0.9,17.0,198.7,23248.0,43971.0,23.9,22.8,13.0,29.53,12.99,222.0,284.0,1.7,0.7601683029453016
2026-02-18T16:50:51,02/18/202604:50,142.1,1.2,170.51999999999998,54.2,2.6,140.92000000000002,140.0,0.9,17.0,198.7,23248.0,43971.0,23.9,22.8,13.0,29.53,12.99,222.0,284.0,1.7,0.8264133239502699
2026-02-18T16:52:42,02/18/202604:52,142.4,1.1,156.64000000000001,54.2,2.2,119.24000000000001,119.0,0.9,17.0,198.7,23248.0,43971.0,24.0,22.8,13.0,29.53,12.99,222.0,284.0,1.7,0.7612359550561798
2026-02-18T16:53:42,02/18/202604:53,142.2,1.2,170.64,54.2,2.5,135.5,135.0,0.9,17.0,198.7,23248.0,43971.0,23.9,22.8,13.0,29.53,12.99,222.0,284.0,1.7,0.7940693858415379
2026-02-18T16:54:42,02/18/202604:54,142.0,1.3,184.6,54.2,2.9,157.18,156.0,0.9,17.0,198.7,23248.0,43971.0,23.9,22.8,13.0,29.53,12.99,222.0,284.0,1.7,0.8514626218851572
2026-02-18T16:55:41,02/18/202604:55,143.4,0.5,71.7,54.2,1.0,54.2,54.0,0.9,17.0,198.7,23248.0,43971.0,24.0,22.8,13.0,29.53,12.99,222.0,284.0,1.7,0.7559274755927475
2026-02-18T16:56:42,02/18/202604:56,142.1,1.2,170.51999999999998,54.2,2.3,124.66,124.0,0.9,17.0,198.7,23248.0,43971.0,23.9,22.8,13.0,29.53,12.99,222.0,284.0,1.7,0.7310579404175463
2026-02-18T16:57:42,02/18/202604:57,142.5,0.7,99.75,54.2,1.1,59.620000000000005,59.0,0.9,17.0,198.7,23248.0,43971.0,23.9,22.8,13.0,29.53,12.99,222.0,284.0,1.7,0.5976942355889725
2026-02-18T16:58:42,02/18/202604:58,141.1,0.9,126.99,54.2,1.7,92.14,92.0,0.9,17.0,198.7,23248.0,43971.0,23.9,22.8,13.0,29.53,12.99,222.0,284.0,1.7,0.7255689424364123
2026-02-18T16:59:16,02/18/202604:59,139.4,1.0,139.4,54.2,2.1,113.82000000000001,113.0,0.9,17.0,198.7,23248.0,43971.0,23.9,22.8,13.0,29.53,12.99,222.0,284.0,1.7,0.8164992826398852
2026-02-18T17:00:16,02/18/202605:00,138.0,1.0,138.0,54.2,2.1,113.82000000000001,113.0,0.9,17.0,198.7,23248.0,43971.0,23.9,22.8,13.0,29.53,12.99,222.0,284.0,1.7,0.8247826086956522
2026-02-18T17:01:16,02/18/202605:01,138.5,0.7,96.94999999999999,54.2,1.2,65.04,65.0,0.9,17.0,198.7,23248.0,43971.0,23.9,22.5,13.0,29.53,12.43,218.0,231.0,1.5,0.6708612686952039
2026-02-18T17:02:16,02/18/202605:02,136.4,0.9,122.76,54.2,1.7,92.14,92.0,0.9,17.0,198.7,23248.0,43971.0,23.9,22.5,13.0,29.53,12.43,218.0,231.0,1.5,0.7505702183121538
2026-02-18T17:03:54,02/18/202605:03,121.7,1.2,146.04,54.2,2.3,124.66,124.0,0.9,17.0,198.7,23248.0,43971.0,24.0,22.5,13.0,29.53,12.43,218.0,231.0,1.5,0.8536017529443988
2026-02-18T17:04:16,02/18/202605:04,136.1,0.8,108.88,54.2,1.6,86.72000000000001,86.0,0.9,17.0,198.7,23248.0,43971.0,23.9,22.5,13.0,29.53,12.43,218.0,231.0,1.5,0.796473181484203
2026-02-18T17:04:37,02/18/202605:04,135.2,0.9,121.67999999999999,54.2,1.9,102.98,102.0,0.9,17.0,198.7,23248.0,43971.0,23.9,22.5,13.0,29.53,12.43,218.0,231.0,1.5,0.8463182117028272
2026-02-18T17:05:36,02/18/202605:05,134.2,1.0,134.2,54.2,2.2,119.24000000000001,119.0,0.9,17.0,198.7,23248.0,43971.0,23.9,22.5,13.0,29.53,12.43,218.0,231.0,1.5,0.8885245901639346
2026-02-18T17:06:37,02/18/202605:06,137.1,0.7,95.96999999999998,54.2,1.2,65.04,65.0,0.9,18.0,198.7,23248.0,43971.0,23.9,22.5,13.0,29.53,12.43,218.0,231.0,1.5,0.6777117849327917
2026-02-18T17:07:37,02/18/202605:07,131.4,1.1,144.54000000000002,54.2,2.0,108.4,108.0,0.9,18.0,198.7,23248.0,43971.0,24.0,22.5,13.0,29.53,12.43,218.0,231.0,1.5,0.749965407499654
2026-02-18T17:08:36,02/18/202605:08,136.7,0.6,82.02,54.2,1.1,59.620000000000005,59.0,0.9,18.0,198.7,23248.0,43971.0,24.0,22.5,13.0,29.53,12.43,218.0,231.0,1.5,0.7268958790538894
2026-02-18T17:09:36,02/18/202605:09,134.7,0.7,94.28999999999999,54.2,1.4,75.88,75.0,0.9,18.0,198.7,23248.0,43971.0,23.9,22.5,13.0,29.53,12.43,218.0,231.0,1.5,0.8047512991833705
2026-02-18T17:10:36,02/18/202605:10,129.9,0.8,103.92000000000002,54.2,1.6,86.72000000000001,86.0,0.9,18.0,198.7,23248.0,43971.0,23.9,22.5,13.0,29.53,12.43,218.0,231.0,1.5,0.8344880677444187
2026-02-18T17:11:36,02/18/202605:11,118.7,1.1,130.57000000000002,54.2,1.9,102.98,103.0,0.9,18.0,198.7,23248.0,43971.0,23.9,22.5,13.0,29.53,12.43,218.0,231.0,1.5,0.7886957187715401
2026-02-18T17:12:36,02/18/202605:12,128.8,0.8,103.04000000000002,54.2,1.3,70.46000000000001,70.0,0.9,18.0,198.7,23248.0,43971.0,24.0,22.5,13.0,29.53,12.43,218.0,231.0,1.5,0.6838121118012421
2026-02-18T17:13:37,02/18/202605:13,130.1,0.7,91.07,54.3,1.2,65.16,65.0,0.9,18.0,198.7,23248.0,43971.0,24.0,22.5,13.0,29.53,12.43,218.0,231.0,1.5,0.7154935763698255
2026-02-18T17:15:03,02/18/202605:15,130.8,0.6,78.48,54.2,1.1,59.620000000000005,59.0,0.9,18.0,198.7,23248.0,43971.0,23.9,22.5,13.0,29.53,12.43,218.0,231.0,1.5,0.759683995922528
2026-02-18T17:15:36,02/18/202605:15,131.7,0.6,79.02,54.2,1.0,54.2,54.0,0.9,18.0,198.7,23248.0,43971.0,23.9,22.0,14.0,29.53,11.74,215.0,177.0,1.2,0.6859023032143762
2026-02-18T17:16:37,02/18/202605:16,131.3,0.6,78.78,54.2,1.1,59.620000000000005,59.0,0.9,18.0,198.7,23248.0,43971.0,24.0,22.0,14.0,29.53,11.74,215.0,177.0,1.2,0.7567910637217569
2026-02-18T17:17:37,02/18/202605:17,128.9,0.8,103.12,54.2,1.2,65.04,65.0,0.9,18.0,198.7,23248.0,43971.0,24.0,22.0,14.0,29.53,11.74,215.0,177.0,1.2,0.630721489526765
2026-02-18T17:18:37,02/18/202605:18,128.3,0.7,89.81,54.2,1.1,59.620000000000005,59.0,0.9,18.0,198.7,23248.0,43971.0,24.0,22.0,14.0,29.53,11.74,215.0,177.0,1.2,0.6638458968934418
2026-02-18T17:19:36,02/18/202605:19,126.4,0.7,88.48,54.2,1.2,65.04,65.0,0.9,18.0,198.7,23248.0,43971.0,24.0,22.0,14.0,29.53,11.74,215.0,177.0,1.2,0.7350813743218807
2026-02-18T17:20:36,02/18/202605:20,124.6,0.7,87.21999999999998,54.2,1.2,65.04,65.0,0.9,18.0,198.7,23248.0,43971.0,24.0,22.0,14.0,29.53,11.74,215.0,177.0,1.2,0.7457005274019722
2026-02-18T17:21:36,02/18/202605:21,122.5,0.7,85.75,54.2,1.2,65.04,65.0,0.9,18.0,198.7,23248.0,43971.0,23.9,22.0,14.0,29.53,11.74,215.0,177.0,1.2,0.7584839650145774
2026-02-18T17:22:37,02/18/202605:22,118.8,0.7,83.16,54.0,1.1,59.400000000000006,59.0,0.9,18.0,198.7,23248.0,43971.0,24.0,22.0,14.0,29.53,11.74,215.0,177.0,1.2,0.7142857142857144
2026-02-18T17:23:37,02/18/202605:23,118.8,0.7,83.16,54.1,1.0,54.1,54.0,0.9,18.0,198.7,23248.0,43971.0,24.0,22.0,14.0,29.53,11.74,215.0,177.0,1.2,0.6505531505531505
2026-02-18T17:24:35,02/18/202605:24,118.7,0.7,83.09,54.1,1.0,54.1,54.0,0.9,18.0,198.7,23248.0,43971.0,23.9,22.0,14.0,29.53,11.74,215.0,177.0,1.2,0.6511012155494043
2026-02-18T17:26:15,02/18/202605:26,118.7,0.6,71.22,54.1,0.9,48.690000000000005,48.0,0.9,18.0,198.7,23248.0,43971.0,24.0,22.0,14.0,29.53,11.74,215.0,177.0,1.2,0.6836562763268745
2026-02-18T17:26:36,02/18/202605:26,118.6,0.5,59.3,54.1,0.9,48.690000000000005,48.0,0.9,18.0,198.7,23248.0,43971.0,24.0,22.0,14.0,29.53,11.74,215.0,177.0,1.2,0.8210792580101182
2026-02-18T17:28:36,02/18/202605:28,118.5,0.5,59.25,54.1,0.8,43.28,43.0,0.9,18.0,198.7,23248.0,43971.0,23.9,22.0,14.0,29.53,11.74,215.0,177.0,1.2,0.7304641350210971
2026-02-18T17:29:36,02/18/202605:29,118.5,0.5,59.25,54.1,0.6,32.46,32.0,0.9,18.0,198.7,23248.0,43971.0,24.0,22.3,14.0,29.53,11.62,214.0,176.0,1.2,0.5478481012658228
2026-02-18T17:31:36,02/18/202605:31,118.4,0.5,59.2,54.1,0.6,32.46,32.0,0.9,18.0,198.7,23248.0,43971.0,23.9,21.5,15.0,29.53,10.75,216.0,124.0,0.8,0.5483108108108108
2026-02-18T17:32:36,02/18/202605:32,118.4,0.4,47.36000000000001,54.1,0.6,32.46,32.0,0.9,18.0,198.7,23248.0,43971.0,24.0,21.5,15.0,29.53,10.75,216.0,124.0,0.8,0.6853885135135135
2026-02-18T17:33:36,02/18/202605:33,118.3,0.4,47.32,54.1,0.6,32.46,32.0,0.9,18.0,198.7,23248.0,43971.0,24.0,21.5,15.0,29.53,10.75,216.0,124.0,0.8,0.6859678782755706
2026-02-18T17:34:36,02/18/202605:34,118.1,0.4,47.24,54.0,0.5,27.0,27.0,0.9,18.0,198.7,23248.0,43971.0,23.9,21.5,15.0,29.53,10.75,216.0,124.0,0.8,0.5715495342929721
2026-02-18T17:35:36,02/18/202605:35,118.7,0.4,47.480000000000004,54.0,0.4,21.6,21.0,1.0,18.0,198.7,23248.0,43971.0,23.9,21.5,15.0,29.53,10.75,216.0,124.0,0.8,0.45492839090143217
2026-02-18T17:37:26,02/18/202605:37,118.6,0.4,47.44,53.9,0.3,16.169999999999998,16.0,1.0,18.0,198.7,23248.0,43971.0,23.9,21.5,15.0,29.53,10.75,216.0,124.0,0.8,0.34085160202360876
2026-02-18T17:37:36,02/18/202605:37,118.5,0.4,47.400000000000006,53.8,0.4,21.52,21.0,1.0,18.0,198.7,23248.0,43971.0,23.9,21.5,15.0,29.53,10.75,216.0,124.0,0.8,0.45400843881856534
2026-02-18T17:38:37,02/18/202605:38,119.6,0.4,47.84,53.8,0.5,26.9,26.0,1.0,18.0,198.7,23248.0,43971.0,24.0,21.5,15.0,29.53,10.75,216.0,124.0,0.8,0.5622909698996654
2026-02-18T17:39:37,02/18/202605:39,119.8,0.4,47.92,53.8,0.4,21.52,21.0,1.0,18.0,198.7,23248.0,43971.0,24.0,21.5,15.0,29.53,10.75,216.0,124.0,0.8,0.44908180300500833
2026-02-18T17:40:36,02/18/202605:40,119.7,0.4,47.88,53.7,0.4,21.480000000000004,26.0,1.0,18.0,198.7,23248.0,43971.0,24.0,21.5,15.0,29.53,10.75,216.0,124.0,0.8,0.44862155388471187
2026-02-18T17:41:36,02/18/202605:41,94.5,0.4,37.800000000000004,53.7,0.4,21.480000000000004,21.0,1.0,18.0,198.7,23248.0,43971.0,24.0,21.5,15.0,29.53,10.75,216.0,124.0,0.8,0.5682539682539683
2026-02-18T17:42:36,02/18/202605:42,94.4,0.4,37.760000000000005,53.7,0.2,10.740000000000002,10.0,1.0,18.0,198.7,23248.0,43971.0,24.0,21.5,15.0,29.53,10.75,216.0,124.0,0.8,0.2844279661016949
2026-02-18T17:43:35,02/18/202605:43,61.5,0.5,30.75,53.6,0.4,21.44,21.0,1.0,18.0,198.7,23248.0,43971.0,24.0,21.5,15.0,29.53,10.75,216.0,124.0,0.8,0.6972357723577236
2026-02-18T17:44:36,02/18/202605:44,61.4,0.4,24.560000000000002,53.5,0.5,26.75,26.0,1.0,18.0,198.7,23248.0,43971.0,23.9,21.5,15.0,29.53,10.75,216.0,124.0,0.8,1.0891693811074918
2026-02-18T17:46:02,02/18/202605:46,61.3,0.4,24.52,53.5,0.5,26.75,26.0,1.0,18.0,198.7,23248.0,43971.0,24.0,20.8,16.0,29.53,9.63,216.0,74.0,0.6,1.0909461663947797
2026-02-18T17:47:01,02/18/202605:47,90.4,0.4,36.160000000000004,53.5,0.4,21.400000000000002,21.0,1.0,18.0,198.7,23248.0,43971.0,24.0,20.8,16.0,29.53,9.63,216.0,74.0,0.6,0.5918141592920354
2026-02-18T17:48:36,02/18/202605:48,90.3,0.4,36.12,53.5,0.4,21.400000000000002,21.0,1.0,18.0,198.7,23248.0,43971.0,24.0,20.8,16.0,29.53,9.63,216.0,74.0,0.6,0.5924695459579181
2026-02-18T17:49:02,02/18/202605:49,90.2,0.4,36.080000000000005,53.4,0.3,16.02,15.0,1.0,18.0,198.7,23248.0,43971.0,23.9,20.8,16.0,29.53,9.63,216.0,74.0,0.6,0.44401330376940124
2026-02-18T17:50:02,02/18/202605:50,78.5,0.4,31.400000000000002,53.4,0.3,16.02,16.0,1.0,18.0,198.7,23248.0,43971.0,24.0,20.8,16.0,29.53,9.63,216.0,74.0,0.6,0.5101910828025478
2026-02-18T17:51:02,02/18/202605:51,78.5,0.4,31.400000000000002,53.3,0.2,10.66,10.0,1.0,18.0,198.7,23248.0,43971.0,24.0,20.8,16.0,29.53,9.63,216.0,74.0,0.6,0.3394904458598726
2026-02-18T17:52:02,02/18/202605:52,57.8,0.4,23.12,53.2,0.3,15.96,15.0,1.0,18.0,198.7,23248.0,43971.0,24.0,20.8,16.0,29.53,9.63,216.0,74.0,0.6,0.6903114186851211
2026-02-18T17:53:02,02/18/202605:53,57.8,0.3,17.34,53.2,0.3,15.96,15.0,1.0,18.0,198.7,23248.0,43971.0,23.9,20.8,16.0,29.53,9.63,216.0,74.0,0.6,0.9204152249134948
2026-02-18T17:54:02,02/18/202605:54,131.6,0.0,0.0,53.2,0.0,0.0,0.0,1.0,18.0,198.7,23248.0,43971.0,24.0,20.8,16.0,29.53,9.63,216.0,74.0,0.6,
2026-02-18T17:55:02,02/18/202605:55,131.3,0.0,0.0,53.1,0.0,0.0,0.0,1.0,18.0,198.7,23248.0,43971.0,24.0,20.8,16.0,29.53,9.63,216.0,74.0,0.6,
2026-02-18T17:56:02,02/18/202605:56,131.1,0.0,0.0,53.1,0.0,0.0,0.0,1.0,18.0,198.7,23248.0,43971.0,24.0,20.8,16.0,29.53,9.63,216.0,74.0,0.6,
2026-02-18T17:57:02,02/18/202605:57,130.8,0.0,0.0,53.0,0.0,0.0,0.0,1.0,18.0,198.7,23248.0,43971.0,24.0,20.8,16.0,29.53,9.63,216.0,74.0,0.6,
2026-02-18T17:58:02,02/18/202605:58,130.6,0.0,0.0,53.0,0.0,0.0,0.0,1.0,18.0,198.7,23248.0,43971.0,24.0,20.8,16.0,29.53,9.63,216.0,74.0,0.6,
2026-02-18T17:59:46,02/18/202605:59,130.3,0.0,0.0,53.0,0.0,0.0,0.0,1.0,18.0,198.7,23248.0,43971.0,24.0,20.8,16.0,29.53,9.63,216.0,74.0,0.6,
2026-02-18T18:00:02,02/18/202606:00,129.9,0.0,0.0,52.9,0.0,0.0,0.0,1.0,18.0,198.7,23248.0,43971.0,24.0,20.8,16.0,29.53,9.63,216.0,74.0,0.6,
2026-02-18T18:01:01,02/18/202606:01,129.7,0.0,0.0,52.9,0.0,0.0,0.0,1.0,18.0,198.7,23248.0,43971.0,24.0,19.8,17.0,29.53,8.08,208.0,30.0,0.4,
2026-02-18T18:02:02,02/18/202606:02,129.3,0.0,0.0,52.8,0.0,0.0,0.0,1.0,18.0,198.7,23248.0,43971.0,24.0,19.8,17.0,29.53,8.08,208.0,30.0,0.4,
2026-02-18T18:03:02,02/18/202606:03,129.0,0.0,0.0,52.8,0.0,0.0,0.0,1.0,18.0,198.7,23248.0,43971.0,24.0,19.8,17.0,29.53,8.08,208.0,30.0,0.4,
2026-02-18T18:04:02,02/18/202606:04,128.6,0.0,0.0,52.8,0.0,0.0,0.0,1.0,18.0,198.7,23248.0,43971.0,24.0,19.8,17.0,29.53,8.08,208.0,30.0,0.4,
2026-02-18T18:05:02,02/18/202606:05,128.2,0.0,0.0,52.7,0.0,0.0,0.0,1.0,18.0,198.7,23248.0,43971.0,24.0,19.8,17.0,29.53,8.08,208.0,30.0,0.4,
2026-02-18T18:06:02,02/18/202606:06,127.6,0.0,0.0,52.7,0.0,0.0,0.0,1.0,18.0,198.7,23248.0,43971.0,24.0,19.8,17.0,29.53,8.08,208.0,30.0,0.4,
2026-02-18T18:06:07,02/18/202606:06,127.8,0.0,0.0,52.7,0.0,0.0,0.0,1.0,18.0,198.7,23248.0,43971.0,24.0,19.8,17.0,29.53,8.08,208.0,30.0,0.4,
2026-02-18T18:07:06,02/18/202606:07,127.3,0.0,0.0,52.6,0.0,0.0,0.0,1.0,18.0,198.7,23248.0,43971.0,24.0,19.8,17.0,29.53,8.08,208.0,30.0,0.4,
2026-02-18T18:08:07,02/18/202606:08,126.9,0.0,0.0,52.7,0.0,0.0,0.0,1.0,18.0,198.7,23248.0,43971.0,24.0,19.8,17.0,29.53,8.08,208.0,30.0,0.4,
2026-02-18T18:09:08,02/18/202606:09,116.2,0.0,0.0,52.6,0.0,0.0,0.0,1.0,18.0,198.7,23248.0,43971.0,24.0,19.8,17.0,29.53,8.08,208.0,30.0,0.4,
2026-02-18T18:10:57,02/18/202606:10,125.8,0.0,0.0,52.6,0.0,0.0,0.0,1.0,18.0,198.7,23248.0,43971.0,24.0,19.8,17.0,29.53,8.08,208.0,30.0,0.4,
2026-02-18T18:11:08,02/18/202606:11,121.8,0.0,0.0,52.6,0.0,0.0,0.0,1.0,18.0,198.7,23248.0,43971.0,24.0,19.8,17.0,29.53,8.08,208.0,30.0,0.4,
2026-02-18T18:12:08,02/18/202606:12,124.4,0.0,0.0,52.5,0.0,0.0,0.0,1.0,18.0,198.7,23248.0,43971.0,24.0,19.8,17.0,29.53,8.08,208.0,30.0,0.4,
2026-02-18T18:13:07,02/18/202606:13,122.7,0.0,0.0,52.5,0.0,0.0,0.0,1.0,18.0,198.7,23248.0,43971.0,24.0,19.8,17.0,29.53,8.08,208.0,30.0,0.4,
2026-02-18T18:15:08,02/18/202606:15,121.4,0.0,0.0,52.4,0.0,0.0,0.0,1.0,18.0,198.7,23248.0,43971.0,24.0,19.8,17.0,29.53,8.08,208.0,30.0,0.4,
2026-02-18T18:16:07,02/18/202606:16,120.9,0.0,0.0,52.5,0.0,0.0,0.0,1.0,18.0,198.7,23248.0,43971.0,24.0,18.9,18.0,29.53,8.08,208.0,1.0,0.2,
2026-02-18T18:17:07,02/18/202606:17,119.6,0.0,0.0,52.4,0.0,0.0,0.0,1.0,18.0,198.7,23248.0,43971.0,24.0,18.9,18.0,29.53,8.08,208.0,1.0,0.2,
2026-02-18T18:18:08,02/18/202606:18,118.7,0.0,0.0,52.4,0.0,0.0,0.0,1.0,18.0,198.7,23248.0,43971.0,24.0,18.9,18.0,29.53,8.08,208.0,1.0,0.2,
2026-02-18T18:19:07,02/18/202606:19,116.6,0.0,0.0,52.3,0.0,0.0,0.0,1.0,18.0,198.7,23248.0,43971.0,24.0,18.9,18.0,29.53,8.08,208.0,1.0,0.2,
2026-02-18T18:20:08,02/18/202606:20,116.0,0.0,0.0,52.4,0.0,0.0,0.0,1.0,18.0,198.7,23248.0,43971.0,24.0,18.9,18.0,29.53,8.08,208.0,1.0,0.2,
2026-02-18T18:22:07,02/18/202606:22,112.1,0.0,0.0,52.3,0.0,0.0,0.0,1.0,18.0,198.7,23248.0,43971.0,24.0,18.9,18.0,29.53,8.08,208.0,1.0,0.2,
2026-02-18T18:23:07,02/18/202606:23,97.3,0.0,0.0,52.3,0.0,0.0,0.0,1.0,18.0,198.7,23248.0,43971.0,24.0,18.9,18.0,29.53,8.08,208.0,1.0,0.2,
2026-02-18T18:24:07,02/18/202606:24,94.3,0.0,0.0,52.3,0.1,5.23,5.0,1.0,18.0,198.7,23248.0,43971.0,24.0,18.9,18.0,29.53,8.08,208.0,1.0,0.2,
2026-02-18T18:25:07,02/18/202606:25,53.1,0.0,0.0,52.3,0.0,0.0,0.0,1.0,18.0,198.7,23248.0,43971.0,24.0,18.9,18.0,29.53,8.08,208.0,1.0,0.2,
2026-02-18T18:27:08,02/18/202606:27,53.0,0.0,0.0,52.2,0.0,0.0,0.0,1.0,18.0,198.7,23248.0,43971.0,24.0,18.9,18.0,29.53,8.08,208.0,1.0,0.2,
2026-02-18T18:31:06,02/18/202606:31,53.0,0.0,0.0,52.2,0.0,0.0,0.0,1.0,18.0,198.7,23248.0,43971.0,24.0,18.3,20.0,29.53,7.83,204.0,0.0,0.1,
2026-02-18T18:33:18,02/18/202606:33,48.2,0.0,0.0,52.2,0.0,0.0,0.0,1.0,18.0,198.7,23248.0,43971.0,24.0,18.1,20.0,29.53,6.65,200.0,0.0,0.1,
2026-02-18T18:34:06,02/18/202606:34,41.7,0.0,0.0,52.1,0.0,0.0,0.0,1.0,18.0,198.7,23248.0,43971.0,24.0,18.1,20.0,29.53,6.65,200.0,0.0,0.1,
2026-02-18T18:35:45,02/18/202606:35,33.1,0.0,0.0,52.1,0.0,0.0,0.0,1.0,18.0,198.7,23248.0,43971.0,24.0,18.1,20.0,29.53,6.65,200.0,0.0,0.1,
2026-02-18T18:36:44,02/18/202606:36,29.6,0.0,0.0,52.2,0.0,0.0,0.0,1.0,18.0,198.7,23248.0,43971.0,24.0,18.1,20.0,29.53,6.65,200.0,0.0,0.1,
2026-02-18T18:37:45,02/18/202606:37,27.0,0.0,0.0,52.0,0.0,0.0,0.0,1.0,18.0,198.7,23248.0,43971.0,24.0,18.1,20.0,29.53,6.65,200.0,0.0,0.1,
2026-02-18T18:38:45,02/18/202606:38,25.1,0.0,0.0,52.1,0.0,0.0,0.0,1.0,18.0,198.7,23248.0,43971.0,24.0,18.1,20.0,29.53,6.65,200.0,0.0,0.1,
2026-02-18T18:39:02,02/18/202606:39,24.6,0.0,0.0,52.0,0.0,0.0,0.0,1.0,18.0,198.7,23248.0,43971.0,24.0,18.1,20.0,29.53,6.65,200.0,0.0,0.1,
2026-02-18T18:40:02,02/18/202606:40,23.3,0.0,0.0,52.1,0.0,0.0,0.0,1.0,18.0,198.7,23248.0,43971.0,24.0,18.1,20.0,29.53,6.65,200.0,0.0,0.1,
2026-02-18T18:41:03,02/18/202606:41,22.6,0.0,0.0,52.1,0.0,0.0,0.0,1.0,18.0,198.7,23248.0,43971.0,24.0,18.1,20.0,29.53,6.65,200.0,0.0,0.1,
2026-02-18T18:42:03,02/18/202606:42,22.2,0.0,0.0,52.1,0.0,0.0,0.0,1.0,18.0,198.7,23248.0,43971.0,24.0,18.1,20.0,29.53,6.65,200.0,0.0,0.1,
2026-02-18T18:44:31,02/18/202606:44,21.7,0.0,0.0,52.1,0.0,0.0,0.0,1.0,18.0,198.7,23248.0,43971.0,24.0,18.1,20.0,29.53,6.65,200.0,0.0,0.1,
2026-02-18T18:45:02,02/18/202606:45,21.4,0.0,0.0,52.0,0.0,0.0,0.0,1.0,18.0,198.7,23248.0,43971.0,24.0,18.1,20.0,29.53,6.65,200.0,0.0,0.1,
2026-02-18T18:46:03,02/18/202606:46,21.2,0.0,0.0,52.0,0.0,0.0,0.0,1.0,18.0,198.7,23248.0,43971.0,24.0,17.4,20.0,29.53,5.84,198.0,0.0,0.0,
2026-02-18T18:47:03,02/18/202606:47,21.1,0.0,0.0,52.0,0.0,0.0,0.0,1.0,18.0,198.7,23248.0,43971.0,24.0,17.4,20.0,29.53,5.84,198.0,0.0,0.0,
2026-02-18T18:48:03,02/18/202606:48,21.0,0.0,0.0,52.0,0.0,0.0,0.0,1.0,18.0,198.7,23248.0,43971.0,24.0,17.4,20.0,29.53,5.84,198.0,0.0,0.0,
2026-02-18T18:49:08,02/18/202606:49,20.9,0.0,0.0,52.0,0.0,0.0,0.0,1.0,18.0,198.7,23248.0,43971.0,24.0,17.4,20.0,29.53,5.84,198.0,0.0,0.0,
2026-02-18T18:50:08,02/18/202606:50,20.8,0.0,0.0,52.0,0.0,0.0,0.0,1.0,18.0,198.7,23248.0,43971.0,24.0,17.4,20.0,29.53,5.84,198.0,0.0,0.0,
2026-02-18T18:52:08,02/18/202606:52,20.7,0.0,0.0,52.0,0.0,0.0,0.0,1.0,18.0,198.7,23248.0,43971.0,24.0,17.4,20.0,29.53,5.84,198.0,0.0,0.0,
2026-02-18T18:54:09,02/18/202606:54,20.6,0.0,0.0,52.0,0.0,0.0,0.0,1.0,18.0,198.7,23248.0,43971.0,24.0,17.4,20.0,29.53,5.84,198.0,0.0,0.0,
2026-02-18T18:55:46,02/18/202606:55,20.6,0.0,0.0,52.0,0.0,0.0,0.0,1.0,18.0,198.7,23248.0,43971.0,24.0,17.4,20.0,29.53,5.84,198.0,0.0,0.0,
2026-02-18T18:56:46,02/18/202606:56,20.5,0.0,0.0,52.0,0.0,0.0,0.0,1.0,18.0,198.7,23248.0,43971.0,24.0,17.4,20.0,29.53,5.84,198.0,0.0,0.0,
2026-02-18T19:06:50,02/18/202607:06,20.5,0.0,0.0,52.0,0.0,0.0,0.0,1.0,18.0,198.7,23248.0,43971.0,24.0,16.9,21.0,29.53,6.21,201.0,0.0,0.0,
2026-02-18T19:18:01,02/18/202607:18,20.5,0.0,0.0,51.9,0.0,0.0,0.0,1.0,18.0,198.7,23248.0,43971.0,24.0,16.4,22.0,29.53,5.84,182.0,0.0,0.0,
2026-02-18T19:22:24,02/18/202607:22,20.4,0.0,0.0,51.9,0.0,0.0,0.0,1.0,18.0,198.7,23248.0,43971.0,24.0,18.6,22.0,29.53,7.71,190.0,0.0,0.0,
2026-02-18T19:23:24,02/18/202607:23,20.5,0.0,0.0,51.9,0.0,0.0,0.0,1.0,18.0,198.7,23248.0,43971.0,24.0,18.6,22.0,29.53,7.71,190.0,0.0,0.0,
2026-02-18T19:25:25,02/18/202607:25,20.4,0.0,0.0,51.9,0.0,0.0,0.0,1.0,18.0,198.7,23248.0,43971.0,24.0,18.6,22.0,29.53,7.71,190.0,0.0,0.0,
2026-02-18T19:26:25,02/18/202607:26,20.5,0.0,0.0,51.9,0.0,0.0,0.0,1.0,18.0,198.7,23248.0,43971.0,24.0,18.6,22.0,29.53,7.71,190.0,0.0,0.0,
2026-02-18T19:29:12,02/18/202607:29,20.4,0.0,0.0,51.9,0.0,0.0,0.0,1.0,18.0,198.7,23248.0,43971.0,24.0,18.6,22.0,29.53,7.71,190.0,0.0,0.0,
2026-02-18T19:29:54,02/18/202607:29,20.5,0.0,0.0,51.8,0.0,0.0,0.0,1.0,18.0,198.7,23248.0,43971.0,24.0,18.6,22.0,29.53,7.71,190.0,0.0,0.0,
2026-02-18T19:30:25,02/18/202607:30,20.4,0.0,0.0,51.9,0.0,0.0,0.0,1.0,18.0,198.7,23248.0,43971.0,24.0,18.6,22.0,29.53,7.71,190.0,0.0,0.0,
2026-02-18T19:32:26,02/18/202607:32,20.5,0.0,0.0,51.9,0.0,0.0,0.0,1.0,18.0,198.7,23248.0,43971.0,24.0,18.0,22.0,29.53,7.83,182.0,0.0,0.0,
2026-02-18T19:34:26,02/18/202607:34,20.4,0.0,0.0,51.9,0.0,0.0,0.0,1.0,18.0,198.7,23248.0,43971.0,24.0,18.0,22.0,29.53,7.83,182.0,0.0,0.0,
2026-02-18T19:35:26,02/18/202607:35,20.5,0.0,0.0,51.9,0.0,0.0,0.0,1.0,18.0,198.7,23248.0,43971.0,24.0,18.0,22.0,29.53,7.83,182.0,0.0,0.0,
2026-02-18T19:36:33,02/18/202607:36,20.5,0.0,0.0,51.9,0.0,0.0,0.0,1.0,18.0,198.7,23248.0,43971.0,24.0,18.0,22.0,29.53,7.83,182.0,0.0,0.0,
2026-02-18T19:37:33,02/18/202607:37,20.4,0.0,0.0,51.9,0.0,0.0,0.0,1.0,18.0,198.7,23248.0,43971.0,24.0,18.0,22.0,29.53,7.83,182.0,0.0,0.0,
2026-02-18T19:40:23,02/18/202607:40,20.5,0.0,0.0,51.9,0.0,0.0,0.0,1.0,18.0,198.7,23248.0,43971.0,24.0,18.0,22.0,29.53,7.83,182.0,0.0,0.0,
2026-02-18T19:40:26,02/18/202607:40,20.4,0.0,0.0,51.9,0.0,0.0,0.0,1.0,18.0,198.7,23248.0,43971.0,24.0,18.0,22.0,29.53,7.83,182.0,0.0,0.0,
2026-02-18T19:41:27,02/18/202607:41,20.5,0.0,0.0,51.9,0.0,0.0,0.0,1.0,18.0,198.7,23248.0,43971.0,24.0,18.0,22.0,29.53,7.83,182.0,0.0,0.0,
2026-02-18T19:46:27,02/18/202607:46,20.4,0.0,0.0,51.9,0.0,0.0,0.0,1.0,18.0,198.7,23248.0,43971.0,24.0,17.5,23.0,29.5,9.2,177.0,0.0,0.0,
2026-02-18T19:51:36,02/18/202607:51,20.4,0.0,0.0,51.9,0.0,0.0,0.0,1.0,18.0,198.7,23248.0,43971.0,24.0,17.5,23.0,29.5,9.2,177.0,0.0,0.0,
2026-02-18T19:54:26,02/18/202607:54,20.5,0.0,0.0,51.9,0.0,0.0,0.0,1.0,18.0,198.7,23248.0,43971.0,24.0,17.5,20.0,29.47,9.2,177.0,0.0,0.0,
2026-02-18T19:55:29,02/18/202607:55,20.4,0.0,0.0,51.9,0.0,0.0,0.0,1.0,18.0,198.7,23248.0,43971.0,24.0,17.5,20.0,29.47,9.2,177.0,0.0,0.0,
2026-02-18T20:02:47,02/18/202608:02,20.4,0.0,0.0,51.9,0.0,0.0,0.0,1.0,18.0,198.7,23248.0,43971.0,24.0,17.8,20.0,29.47,8.95,180.0,0.0,0.0,
2026-02-18T20:13:58,02/18/202608:13,20.4,0.0,0.0,51.8,0.0,0.0,0.0,1.0,18.0,198.7,23248.0,43971.0,24.0,17.8,20.0,29.47,8.95,180.0,0.0,0.0,
2026-02-18T20:15:28,02/18/202608:15,20.4,0.0,0.0,51.8,0.0,0.0,0.0,1.0,18.0,198.7,23248.0,43971.0,24.0,17.8,20.0,29.47,8.95,180.0,0.0,0.0,
2026-02-18T20:25:10,02/18/202608:25,20.4,0.0,0.0,51.8,0.0,0.0,0.0,1.0,18.0,198.7,23248.0,43971.0,24.0,17.5,21.0,29.47,9.82,181.0,0.0,0.0,
2026-02-18T20:27:41,02/18/202608:27,20.3,0.0,0.0,51.8,0.0,0.0,0.0,1.0,18.0,198.7,23248.0,43971.0,24.0,17.5,21.0,29.47,9.82,181.0,0.0,0.0,
2026-02-18T20:28:42,02/18/202608:28,20.4,0.0,0.0,51.8,0.0,0.0,0.0,1.0,18.0,198.7,23248.0,43971.0,24.0,16.5,21.0,29.47,9.82,181.0,0.0,0.0,
2026-02-18T20:36:21,02/18/202608:36,20.4,0.0,0.0,51.8,0.0,0.0,0.0,1.0,18.0,198.7,23248.0,43971.0,24.0,16.4,24.0,29.53,9.01,194.0,0.0,0.0,
2026-02-18T20:40:26,02/18/202608:40,20.4,0.0,0.0,51.8,0.0,0.0,0.0,1.0,18.0,198.7,23248.0,43971.0,24.0,16.4,24.0,29.53,9.01,194.0,0.0,0.0,
2026-02-18T20:47:33,02/18/202608:47,20.4,0.0,0.0,51.8,0.0,0.0,0.0,1.0,18.0,198.7,23248.0,43971.0,24.0,16.2,24.0,29.5,9.07,196.0,0.0,0.0,
2026-02-18T20:53:26,02/18/202608:53,20.3,0.0,0.0,51.8,0.0,0.0,0.0,1.0,18.0,198.7,23248.0,43971.0,24.0,16.2,24.0,29.5,9.07,196.0,0.0,0.0,
2026-02-18T20:54:26,02/18/202608:54,20.4,0.0,0.0,51.8,0.0,0.0,0.0,1.0,18.0,198.7,23248.0,43971.0,24.0,16.2,24.0,29.5,9.07,196.0,0.0,0.0,
2026-02-18T20:58:43,02/18/202608:58,20.3,0.0,0.0,51.8,0.0,0.0,0.0,1.0,18.0,198.7,23248.0,43971.0,24.0,16.2,24.0,29.5,9.07,196.0,0.0,0.0,
2026-02-18T20:59:53,02/18/202608:59,20.4,0.0,0.0,51.8,0.0,0.0,0.0,1.0,18.0,198.7,23248.0,43971.0,24.0,16.2,24.0,29.5,9.07,196.0,0.0,0.0,
2026-02-18T21:05:59,02/18/202609:05,20.3,0.0,0.0,51.8,0.0,0.0,0.0,1.0,18.0,198.7,23248.0,43971.0,24.0,15.8,24.0,29.5,7.89,188.0,0.0,0.0,
2026-02-18T21:07:00,02/18/202609:06,20.4,0.0,0.0,51.8,0.0,0.0,0.0,1.0,18.0,198.7,23248.0,43971.0,24.0,15.8,24.0,29.5,7.89,188.0,0.0,0.0,
2026-02-18T21:09:55,02/18/202609:09,20.4,0.0,0.0,51.8,0.0,0.0,0.0,1.0,18.0,198.7,23248.0,43971.0,24.0,15.8,24.0,29.5,7.89,188.0,0.0,0.0,
2026-02-18T21:10:00,02/18/202609:09,20.3,0.0,0.0,51.8,0.0,0.0,0.0,1.0,18.0,198.7,23248.0,43971.0,24.0,15.8,24.0,29.5,7.89,188.0,0.0,0.0,
2026-02-18T21:11:00,02/18/202609:10,20.4,0.0,0.0,51.8,0.0,0.0,0.0,1.0,18.0,198.7,23248.0,43971.0,24.0,15.8,24.0,29.5,7.89,188.0,0.0,0.0,
2026-02-18T21:21:06,02/18/202609:21,20.4,0.0,0.0,51.8,0.0,0.0,0.0,1.0,18.0,198.7,23248.0,43971.0,24.0,15.2,25.0,29.5,6.28,186.0,0.0,0.0,
2026-02-18T21:32:18,02/18/202609:32,20.3,0.0,0.0,51.8,0.0,0.0,0.0,1.0,18.0,198.7,23248.0,43971.0,24.0,14.6,27.0,29.5,7.08,193.0,0.0,0.0,
2026-02-18T21:32:59,02/18/202609:32,20.4,0.0,0.0,51.8,0.0,0.0,0.0,1.0,18.0,198.7,23248.0,43971.0,24.0,14.6,27.0,29.5,7.08,193.0,0.0,0.0,
2026-02-18T21:43:27,02/18/202609:43,20.4,0.0,0.0,51.8,0.0,0.0,0.0,1.0,18.0,198.7,23248.0,43971.0,24.0,14.6,27.0,29.5,7.08,193.0,0.0,0.0,
2026-02-18T21:49:54,02/18/202609:49,20.3,0.0,0.0,51.7,0.0,0.0,0.0,1.0,18.0,198.7,23248.0,43971.0,24.0,14.2,27.0,29.5,6.28,178.0,0.0,0.0,
2026-02-18T21:50:53,02/18/202609:50,20.4,0.0,0.0,51.8,0.0,0.0,0.0,1.0,18.0,198.7,23248.0,43971.0,24.0,14.2,27.0,29.5,6.28,178.0,0.0,0.0,
2026-02-18T22:05:52,02/18/202610:05,20.4,0.0,0.0,51.8,0.0,0.0,0.0,1.0,18.0,198.7,23248.0,43971.0,24.0,13.8,28.0,29.5,5.34,165.0,0.0,0.0,
2026-02-18T22:07:54,02/18/202610:07,20.3,0.0,0.0,51.7,0.0,0.0,0.0,1.0,18.0,198.7,23248.0,43971.0,24.0,13.8,28.0,29.5,5.34,165.0,0.0,0.0,
2026-02-18T22:08:54,02/18/202610:08,20.4,0.0,0.0,51.8,0.0,0.0,0.0,1.0,18.0,198.7,23248.0,43971.0,24.0,13.8,28.0,29.5,5.34,165.0,0.0,0.0,
2026-02-18T22:11:53,02/18/202610:11,20.3,0.0,0.0,51.7,0.0,0.0,0.0,1.0,18.0,198.7,23248.0,43971.0,24.0,13.8,28.0,29.5,5.34,165.0,0.0,0.0,
2026-02-18T22:12:54,02/18/202610:12,20.4,0.0,0.0,51.7,0.0,0.0,0.0,1.0,18.0,198.7,23248.0,43971.0,24.0,13.8,28.0,29.5,5.34,165.0,0.0,0.0,
2026-02-18T22:17:02,02/18/202610:17,20.4,0.0,0.0,51.7,0.0,0.0,0.0,1.0,18.0,198.7,23248.0,43971.0,23.9,13.3,29.0,29.47,4.79,143.0,0.0,0.0,
2026-02-18T22:17:04,02/18/202610:17,20.3,0.0,0.0,51.8,0.0,0.0,0.0,1.0,18.0,198.7,23248.0,43971.0,24.0,13.3,29.0,29.47,4.79,143.0,0.0,0.0,
2026-02-18T22:19:04,02/18/202610:19,20.4,0.0,0.0,51.7,0.0,0.0,0.0,1.0,18.0,198.7,23248.0,43971.0,23.9,13.3,29.0,29.47,4.79,143.0,0.0,0.0,
2026-02-18T22:28:13,02/18/202610:28,20.3,0.0,0.0,51.8,0.0,0.0,0.0,1.0,18.0,198.7,23248.0,43971.0,24.0,13.3,29.0,29.47,4.79,143.0,0.0,0.0,
2026-02-18T22:29:03,02/18/202610:29,20.4,0.0,0.0,51.7,0.0,0.0,0.0,1.0,18.0,198.7,23248.0,43971.0,24.0,12.5,29.0,29.47,4.72,90.0,0.0,0.0,
2026-02-18T22:29:58,02/18/202610:29,20.3,0.0,0.0,51.7,0.0,0.0,0.0,1.0,18.0,198.7,23248.0,43971.0,24.0,12.5,29.0,29.47,4.72,90.0,0.0,0.0,
2026-02-18T22:30:58,02/18/202610:30,20.4,0.0,0.0,51.7,0.0,0.0,0.0,1.0,18.0,198.7,23248.0,43971.0,24.0,12.1,30.0,29.47,4.29,118.0,0.0,0.0,
2026-02-18T22:31:58,02/18/202610:31,20.3,0.0,0.0,51.7,0.0,0.0,0.0,1.0,18.0,198.7,23248.0,43971.0,23.9,12.1,30.0,29.47,4.29,118.0,0.0,0.0,
2026-02-18T22:32:57,02/18/202610:32,20.4,0.0,0.0,51.7,0.0,0.0,0.0,1.0,18.0,198.7,23248.0,43971.0,24.0,12.1,33.0,29.44,4.29,118.0,0.0,0.0,
2026-02-18T22:33:58,02/18/202610:33,20.3,0.0,0.0,51.7,0.0,0.0,0.0,1.0,18.0,198.7,23248.0,43971.0,24.0,12.1,33.0,29.44,4.29,118.0,0.0,0.0,
2026-02-18T22:34:58,02/18/202610:34,20.4,0.0,0.0,51.7,0.0,0.0,0.0,1.0,18.0,198.7,23248.0,43971.0,23.9,12.1,33.0,29.44,4.29,118.0,0.0,0.0,
2026-02-18T22:36:35,02/18/202610:36,20.4,0.0,0.0,51.7,0.0,0.0,0.0,1.0,18.0,198.7,23248.0,43971.0,23.9,12.1,33.0,29.44,4.29,118.0,0.0,0.0,
2026-02-18T22:39:24,02/18/202610:39,20.4,0.0,0.0,51.7,0.0,0.0,0.0,1.0,18.0,198.7,23248.0,43971.0,23.9,12.1,33.0,29.44,4.29,118.0,0.0,0.0,
2026-02-18T22:39:36,02/18/202610:39,20.3,0.0,0.0,51.7,0.0,0.0,0.0,1.0,18.0,198.7,23248.0,43971.0,23.9,12.1,33.0,29.44,4.29,118.0,0.0,0.0,
2026-02-18T22:40:31,02/18/202610:40,20.4,0.0,0.0,51.7,0.0,0.0,0.0,1.0,18.0,198.7,23248.0,43971.0,23.9,12.1,33.0,29.44,4.29,118.0,0.0,0.0,
2026-02-18T22:41:31,02/18/202610:41,21.6,0.0,0.0,51.6,0.0,0.0,0.0,1.0,18.0,198.7,23248.0,43971.0,23.9,12.1,33.0,29.44,4.29,118.0,0.0,0.0,
2026-02-18T22:42:31,02/18/202610:42,22.3,0.0,0.0,51.6,0.0,0.0,0.0,1.0,18.0,198.7,23248.0,43971.0,24.0,12.1,33.0,29.44,4.29,118.0,0.0,0.0,
2026-02-18T22:46:41,02/18/202610:46,22.4,0.0,0.0,51.7,0.0,0.0,0.0,1.0,18.0,198.7,23248.0,43971.0,23.9,11.9,34.0,29.44,5.59,90.0,0.0,0.0,
2026-02-18T22:47:42,02/18/202610:47,22.3,0.0,0.0,51.7,0.0,0.0,0.0,1.0,18.0,198.7,23248.0,43971.0,23.9,11.9,34.0,29.44,5.59,90.0,0.0,0.0,
2026-02-18T22:53:03,02/18/202610:53,22.3,0.0,0.0,51.6,0.0,0.0,0.0,1.0,18.0,198.7,23248.0,43971.0,23.9,11.9,34.0,29.44,5.59,90.0,0.0,0.0,
2026-02-18T22:56:33,02/18/202610:56,22.3,0.0,0.0,51.7,0.0,0.0,0.0,1.0,18.0,198.7,23248.0,43971.0,23.9,11.9,34.0,29.44,5.59,90.0,0.0,0.0,
2026-02-18T23:01:34,02/18/202611:01,22.2,0.0,0.0,51.7,0.0,0.0,0.0,0.0,0.0,198.7,23258.0,43989.0,23.9,11.6,35.0,29.44,4.41,131.0,0.0,0.0,
2026-02-18T23:02:34,02/18/202611:02,22.3,0.0,0.0,51.7,0.0,0.0,0.0,0.0,0.0,198.7,23258.0,43989.0,23.9,11.6,35.0,29.44,4.41,131.0,0.0,0.0,
2026-02-18T23:17:30,02/18/202611:17,22.3,0.0,0.0,51.7,0.0,0.0,0.0,0.0,0.0,198.7,23258.0,43989.0,23.9,11.6,35.0,29.44,6.71,127.0,0.0,0.0,
2026-02-18T23:28:55,02/18/202611:28,22.3,0.0,0.0,51.7,0.0,0.0,0.0,0.0,0.0,198.7,23258.0,43989.0,23.9,11.6,35.0,29.44,6.71,127.0,0.0,0.0,
2026-02-18T23:40:06,02/18/202611:40,22.3,0.0,0.0,51.6,0.0,0.0,0.0,0.0,0.0,198.7,23258.0,43989.0,23.9,11.6,37.0,29.47,6.28,125.0,0.0,0.0,
