timestamp,HMI_Timestamp,PV_Voltage_V,PV_Current_A,PV_Power_W,Battery_Voltage_V,Battery_Current_A,Battery_Power_W,Avg_Power_to_Battery_W,Daily_Energy_kWh,Daily_Charge_Ah,History_Max_Input_Voltage_V,Lifetime_Energy_Gen_kWh,Lifetime_Charge_Ah,Battery_Temp_C,Air_Temp_C,Humidity_pct,Air_Pressure_inHg,Wind_Speed_ms,Wind_Direction_deg,Solar_Irradiance_Wm2,UV_Index,Est_Efficiency
2026-03-03T00:06:34,03/03/202600:06,22.22,0.0,0.0,51.7,0.0,0.0,0.0,0.0,0.0,198.7,23358.0,44181.0,23.2,6.7700000000000005,91.2,29.877,3.8950000000000005,32.2,0.0,0.0,
2026-03-03T00:07:01,03/03/202600:07,22.09,0.0,0.0,51.7,0.0,0.0,0.0,0.0,0.0,198.7,23358.0,44181.0,23.2,6.74,91.4,29.874000000000002,3.87,33.4,0.0,0.0,
2026-03-03T00:08:01,03/03/202600:08,21.96,0.0,0.0,51.7,0.0,0.0,0.0,0.0,0.0,198.7,23358.0,44181.0,23.2,6.709999999999999,91.6,29.871,3.845,34.6,0.0,0.0,
2026-03-03T00:09:01,03/03/202600:09,21.78,0.0,0.0,51.7,0.0,0.0,0.0,0.0,0.0,198.7,23358.0,44181.0,23.2,6.68,91.8,29.868000000000002,3.8200000000000003,35.8,0.0,0.0,
2026-03-03T00:09:26,03/03/202600:09,21.61,0.0,0.0,51.7,0.0,0.0,0.0,0.0,0.0,198.7,23358.0,44181.0,23.2,6.65,92.0,29.865,3.7950000000000004,37.0,0.0,0.0,
2026-03-03T00:10:01,03/03/202600:10,21.44,0.0,0.0,51.7,0.0,0.0,0.0,0.0,0.0,198.7,23358.0,44181.0,23.2,6.62,92.2,29.862000000000002,3.7700000000000005,38.2,0.0,0.0,
2026-03-03T00:10:26,03/03/202600:10,21.259999999999998,0.0,0.0,51.7,0.0,0.0,0.0,0.0,0.0,198.7,23358.0,44181.0,23.2,6.590000000000001,92.4,29.859,3.745,39.4,0.0,0.0,
2026-03-03T00:11:00,03/03/202600:11,21.080000000000002,0.0,0.0,51.7,0.0,0.0,0.0,0.0,0.0,198.7,23358.0,44181.0,23.2,6.56,92.6,29.856,3.72,40.6,0.0,0.0,
2026-03-03T00:12:01,03/03/202600:12,20.9,0.0,0.0,51.7,0.0,0.0,0.0,0.0,0.0,198.7,23358.0,44181.0,23.2,6.529999999999999,92.8,29.853,3.6950000000000003,41.8,0.0,0.0,
2026-03-03T00:12:26,03/03/202600:12,20.71,0.0,0.0,51.69,0.0,0.0,0.0,0.0,0.0,198.7,23358.0,44181.0,23.2,6.5,93.0,29.85,3.6700000000000004,43.0,0.0,0.0,
2026-03-03T00:13:00,03/03/202600:13,20.7,0.0,0.0,51.68000000000001,0.0,0.0,0.0,0.0,0.0,198.7,23358.0,44181.0,23.2,6.5,93.0,29.85,3.6700000000000004,43.0,0.0,0.0,
2026-03-03T00:13:25,03/03/202600:13,20.7,0.0,0.0,51.68000000000001,0.0,0.0,0.0,0.0,0.0,198.7,23358.0,44181.0,23.2,6.5,93.0,29.85,3.6700000000000004,43.0,0.0,0.0,
2026-03-03T00:14:01,03/03/202600:14,20.7,0.0,0.0,51.68000000000001,0.0,0.0,0.0,0.0,0.0,198.7,23358.0,44181.0,23.2,6.5,93.0,29.85,3.6700000000000004,43.0,0.0,0.0,
2026-03-03T00:15:00,03/03/202600:15,20.7,0.0,0.0,51.68000000000001,0.0,0.0,0.0,0.0,0.0,198.7,23358.0,44181.0,23.2,6.5,93.0,29.85,3.6700000000000004,43.0,0.0,0.0,
2026-03-03T00:15:25,03/03/202600:15,20.68,0.0,0.0,51.67,0.0,0.0,0.0,0.0,0.0,198.7,23358.0,44181.0,23.2,6.5,93.0,29.85,3.6700000000000004,43.0,0.0,0.0,
2026-03-03T00:16:01,03/03/202600:16,20.66,0.0,0.0,51.660000000000004,0.0,0.0,0.0,0.0,0.0,198.7,23358.0,44181.0,23.2,6.5,93.0,29.85,3.6700000000000004,43.0,0.0,0.0,
2026-03-03T00:17:45,03/03/202600:17,20.66,0.0,0.0,51.65,0.0,0.0,0.0,0.0,0.0,198.7,23358.0,44181.0,23.2,6.5200000000000005,93.0,29.85,3.775,45.8,0.0,0.0,
2026-03-03T00:18:01,03/03/202600:18,20.66,0.0,0.0,51.64,0.0,0.0,0.0,0.0,0.0,198.7,23358.0,44181.0,23.2,6.540000000000001,93.0,29.85,3.88,48.6,0.0,0.0,
2026-03-03T00:18:25,03/03/202600:18,20.64,0.0,0.0,51.64,0.0,0.0,0.0,0.0,0.0,198.7,23358.0,44181.0,23.2,6.56,93.0,29.85,3.9850000000000003,51.4,0.0,0.0,
2026-03-03T00:19:00,03/03/202600:19,20.630000000000003,0.0,0.0,51.65,0.0,0.0,0.0,0.0,0.0,198.7,23358.0,44181.0,23.2,6.58,93.0,29.85,4.09,54.2,0.0,0.0,
2026-03-03T00:19:26,03/03/202600:19,20.630000000000003,0.0,0.0,51.660000000000004,0.0,0.0,0.0,0.0,0.0,198.7,23358.0,44181.0,23.2,6.6,93.0,29.85,4.194999999999999,57.0,0.0,0.0,
2026-03-03T00:20:01,03/03/202600:20,20.619999999999997,0.0,0.0,51.660000000000004,0.0,0.0,0.0,0.0,0.0,198.7,23358.0,44181.0,23.2,6.62,93.0,29.85,4.3,59.8,0.0,0.0,
2026-03-03T00:20:26,03/03/202600:20,20.619999999999997,0.0,0.0,51.660000000000004,0.0,0.0,0.0,0.0,0.0,198.7,23358.0,44181.0,23.2,6.640000000000001,93.0,29.85,4.404999999999999,62.6,0.0,0.0,
2026-03-03T00:21:00,03/03/202600:21,20.619999999999997,0.0,0.0,51.660000000000004,0.0,0.0,0.0,0.0,0.0,198.7,23358.0,44181.0,23.2,6.659999999999999,93.0,29.85,4.51,65.4,0.0,0.0,
2026-03-03T00:22:01,03/03/202600:22,20.630000000000003,0.0,0.0,51.67,0.0,0.0,0.0,0.0,0.0,198.7,23358.0,44181.0,23.2,6.68,93.0,29.85,4.615,68.2,0.0,0.0,
2026-03-03T00:22:02,03/03/202600:22,20.630000000000003,0.0,0.0,51.68000000000001,0.0,0.0,0.0,0.0,0.0,198.7,23358.0,44181.0,23.2,6.7,93.0,29.85,4.72,71.0,0.0,0.0,
2026-03-03T00:23:00,03/03/202600:23,20.619999999999997,0.0,0.0,51.69,0.0,0.0,0.0,0.0,0.0,198.7,23358.0,44181.0,23.2,6.7,93.0,29.85,4.72,71.0,0.0,0.0,
2026-03-03T00:24:36,03/03/202600:24,20.6,0.0,0.0,51.69,0.0,0.0,0.0,0.0,0.0,198.7,23358.0,44181.0,23.2,6.7,93.0,29.85,4.72,71.0,0.0,0.0,
2026-03-03T00:24:37,03/03/202600:24,20.61,0.0,0.0,51.68000000000001,0.0,0.0,0.0,0.0,0.0,198.7,23358.0,44181.0,23.2,6.7,93.0,29.85,4.72,71.0,0.0,0.0,
2026-03-03T00:25:00,03/03/202600:25,20.62,0.0,0.0,51.67,0.0,0.0,0.0,0.0,0.0,198.7,23358.0,44181.0,23.2,6.7,93.0,29.85,4.72,71.0,0.0,0.0,
2026-03-03T00:25:37,03/03/202600:25,20.64,0.0,0.0,51.67,0.0,0.0,0.0,0.0,0.0,198.7,23358.0,44181.0,23.2,6.7,93.0,29.85,4.72,71.0,0.0,0.0,
2026-03-03T00:26:00,03/03/202600:26,20.66,0.0,0.0,51.67,0.0,0.0,0.0,0.0,0.0,198.7,23358.0,44181.0,23.2,6.7,93.0,29.85,4.72,71.0,0.0,0.0,
2026-03-03T00:26:15,03/03/202600:26,20.65,0.0,0.0,51.67,0.0,0.0,0.0,0.0,0.0,198.7,23358.0,44181.0,23.2,6.7,93.0,29.85,4.72,71.0,0.0,0.0,
2026-03-03T00:27:01,03/03/202600:27,20.64,0.0,0.0,51.67,0.0,0.0,0.0,0.0,0.0,198.7,23358.0,44181.0,23.2,6.7,93.0,29.85,4.72,71.0,0.0,0.0,
2026-03-03T00:28:57,03/03/202600:28,20.64,0.0,0.0,51.660000000000004,0.0,0.0,0.0,0.0,0.0,198.7,23358.0,44181.0,23.2,6.7,93.0,29.85,4.72,71.0,0.0,0.0,
2026-03-03T00:29:01,03/03/202600:29,20.65,0.0,0.0,51.65,0.0,0.0,0.0,0.0,0.0,198.7,23358.0,44181.0,23.2,6.7,93.0,29.85,4.72,71.0,0.0,0.0,
2026-03-03T00:29:42,03/03/202600:29,20.65,0.0,0.0,51.65,0.0,0.0,0.0,0.0,0.0,198.7,23358.0,44181.0,23.2,6.74,93.0,29.85,4.702,70.9,0.0,0.0,
2026-03-03T00:30:00,03/03/202600:30,20.660000000000004,0.0,0.0,51.660000000000004,0.0,0.0,0.0,0.0,0.0,198.7,23358.0,44181.0,23.2,6.779999999999999,93.0,29.85,4.683999999999999,70.8,0.0,0.0,
2026-03-03T00:30:42,03/03/202600:30,20.67,0.0,0.0,51.67,0.0,0.0,0.0,0.0,0.0,198.7,23358.0,44181.0,23.2,6.82,93.0,29.85,4.6659999999999995,70.7,0.0,0.0,
2026-03-03T00:31:00,03/03/202600:31,20.68,0.0,0.0,51.68000000000001,0.0,0.0,0.0,0.0,0.0,198.7,23358.0,44181.0,23.2,6.859999999999999,93.0,29.85,4.648,70.6,0.0,0.0,
2026-03-03T00:32:00,03/03/202600:32,20.669999999999998,0.0,0.0,51.67,0.0,0.0,0.0,0.0,0.0,198.7,23358.0,44181.0,23.2,6.9,92.9,29.847,4.673,73.0,0.0,0.0,
2026-03-03T00:33:00,03/03/202600:33,20.66,0.0,0.0,51.67,0.0,0.0,0.0,0.0,0.0,198.7,23358.0,44181.0,23.2,6.94,92.8,29.844,4.6979999999999995,75.4,0.0,0.0,
2026-03-03T00:34:00,03/03/202600:34,20.669999999999998,0.0,0.0,51.660000000000004,0.0,0.0,0.0,0.0,0.0,198.7,23358.0,44181.0,23.2,6.9799999999999995,92.7,29.841,4.723,77.8,0.0,0.0,
2026-03-03T00:35:01,03/03/202600:35,20.68,0.0,0.0,51.65,0.0,0.0,0.0,0.0,0.0,198.7,23358.0,44181.0,23.2,7.0200000000000005,92.6,29.838,4.747999999999999,80.2,0.0,0.0,
2026-03-03T00:35:38,03/03/202600:35,20.669999999999998,0.0,0.0,51.660000000000004,0.0,0.0,0.0,0.0,0.0,198.7,23358.0,44181.0,23.2,7.06,92.5,29.835,4.773,82.6,0.0,0.0,
2026-03-03T00:36:00,03/03/202600:36,20.66,0.0,0.0,51.67,0.0,0.0,0.0,0.0,0.0,198.7,23358.0,44181.0,23.2,7.1,92.4,29.832,4.798,85.0,0.0,0.0,
2026-03-03T00:36:38,03/03/202600:36,20.669999999999998,0.0,0.0,51.660000000000004,0.0,0.0,0.0,0.0,0.0,198.7,23358.0,44181.0,23.3,7.1,92.3,29.829,4.840999999999999,87.5,0.0,0.0,
2026-03-03T00:37:00,03/03/202600:37,20.68,0.0,0.0,51.65,0.0,0.0,0.0,0.0,0.0,198.7,23358.0,44181.0,23.3,7.1,92.2,29.826,4.8839999999999995,90.0,0.0,0.0,
2026-03-03T00:38:00,03/03/202600:38,20.68,0.0,0.0,51.65,0.0,0.0,0.0,0.0,0.0,198.7,23358.0,44181.0,23.2,7.1,92.1,29.823,4.927,92.5,0.0,0.0,
2026-03-03T00:40:08,03/03/202600:40,20.68,0.0,0.0,51.64,0.0,0.0,0.0,0.0,0.0,198.7,23358.0,44181.0,23.2,7.1,92.0,29.82,4.97,95.0,0.0,0.0,
2026-03-03T00:41:00,03/03/202600:41,20.68,0.0,0.0,51.64,0.0,0.0,0.0,0.0,0.0,198.7,23358.0,44181.0,23.2,7.1,92.0,29.82,4.97,95.0,0.0,0.0,
2026-03-03T00:41:01,03/03/202600:41,20.69,0.0,0.0,51.63000000000001,0.0,0.0,0.0,0.0,0.0,198.7,23358.0,44181.0,23.2,7.1,92.0,29.82,4.97,95.0,0.0,0.0,
2026-03-03T00:42:00,03/03/202600:42,20.7,0.0,0.0,51.63000000000001,0.0,0.0,0.0,0.0,0.0,198.7,23358.0,44181.0,23.2,7.1,92.0,29.82,4.97,95.0,0.0,0.0,
2026-03-03T00:42:01,03/03/202600:42,20.7,0.0,0.0,51.63000000000001,0.0,0.0,0.0,0.0,0.0,198.7,23358.0,44181.0,23.2,7.1,92.0,29.82,4.97,95.0,0.0,0.0,
2026-03-03T00:43:01,03/03/202600:43,20.72,0.0,0.0,51.620000000000005,0.0,0.0,0.0,0.0,0.0,198.7,23358.0,44181.0,23.2,7.1,92.0,29.82,4.97,95.0,0.0,0.0,
2026-03-03T00:44:00,03/03/202600:44,20.73,0.0,0.0,51.61,0.0,0.0,0.0,0.0,0.0,198.7,23358.0,44181.0,23.2,7.1,92.0,29.82,4.97,95.0,0.0,0.0,
2026-03-03T00:45:00,03/03/202600:45,20.740000000000002,0.0,0.0,51.61,0.0,0.0,0.0,0.0,0.0,198.7,23358.0,44181.0,23.2,7.1,92.0,29.82,4.97,95.0,0.0,0.0,
2026-03-03T00:46:01,03/03/202600:46,20.75,0.0,0.0,51.620000000000005,0.0,0.0,0.0,0.0,0.0,198.7,23358.0,44181.0,23.2,7.089999999999999,92.0,29.82,4.877,94.8,0.0,0.0,
2026-03-03T00:47:00,03/03/202600:47,20.759999999999998,0.0,0.0,51.620000000000005,0.0,0.0,0.0,0.0,0.0,198.7,23358.0,44181.0,23.2,7.08,92.0,29.82,4.784,94.6,0.0,0.0,
2026-03-03T00:48:45,03/03/202600:48,20.759999999999998,0.0,0.0,51.61,0.0,0.0,0.0,0.0,0.0,198.7,23358.0,44181.0,23.2,7.07,92.0,29.82,4.691,94.4,0.0,0.0,
2026-03-03T00:48:46,03/03/202600:48,20.77,0.0,0.0,51.61,0.0,0.0,0.0,0.0,0.0,198.7,23358.0,44181.0,23.3,7.06,92.0,29.82,4.598,94.2,0.0,0.0,
2026-03-03T00:49:00,03/03/202600:49,20.77,0.0,0.0,51.61,0.0,0.0,0.0,0.0,0.0,198.7,23358.0,44181.0,23.3,7.05,92.0,29.82,4.505,94.0,0.0,0.0,
2026-03-03T00:49:46,03/03/202600:49,20.759999999999998,0.0,0.0,51.61,0.0,0.0,0.0,0.0,0.0,198.7,23358.0,44181.0,23.3,7.040000000000001,92.0,29.82,4.412,93.8,0.0,0.0,
2026-03-03T00:50:00,03/03/202600:50,20.759999999999998,0.0,0.0,51.61,0.0,0.0,0.0,0.0,0.0,198.7,23358.0,44181.0,23.3,7.029999999999999,92.0,29.82,4.319,93.6,0.0,0.0,
2026-03-03T00:51:19,03/03/202600:51,20.75,0.0,0.0,51.61,0.0,0.0,0.0,0.0,0.0,198.7,23358.0,44181.0,23.2,7.0200000000000005,92.0,29.82,4.226,93.4,0.0,0.0,
2026-03-03T00:52:00,03/03/202600:52,20.75,0.0,0.0,51.61,0.0,0.0,0.0,0.0,0.0,198.7,23358.0,44181.0,23.2,7.01,92.0,29.82,4.133,93.2,0.0,0.0,
2026-03-03T00:52:35,03/03/202600:52,20.73,0.0,0.0,51.61,0.0,0.0,0.0,0.0,0.0,198.7,23358.0,44181.0,23.2,7.0,92.0,29.82,4.04,93.0,0.0,0.0,
2026-03-03T00:53:00,03/03/202600:53,20.71,0.0,0.0,51.6,0.0,0.0,0.0,0.0,0.0,198.7,23358.0,44181.0,23.2,7.0,92.0,29.82,4.04,93.0,0.0,0.0,
2026-03-03T00:54:00,03/03/202600:54,20.69,0.0,0.0,51.589999999999996,0.0,0.0,0.0,0.0,0.0,198.7,23358.0,44181.0,23.2,7.0,92.0,29.82,4.04,93.0,0.0,0.0,
2026-03-03T00:54:18,03/03/202600:54,20.69,0.0,0.0,51.6,0.0,0.0,0.0,0.0,0.0,198.7,23358.0,44181.0,23.2,7.0,92.0,29.82,4.04,93.0,0.0,0.0,
2026-03-03T00:55:00,03/03/202600:55,20.68,0.0,0.0,51.6,0.0,0.0,0.0,0.0,0.0,198.7,23358.0,44181.0,23.2,7.0,92.0,29.82,4.04,93.0,0.0,0.0,
2026-03-03T00:55:09,03/03/202600:55,20.66,0.0,0.0,51.61,0.0,0.0,0.0,0.0,0.0,198.7,23358.0,44181.0,23.2,7.0,92.0,29.82,4.04,93.0,0.0,0.0,
2026-03-03T00:56:00,03/03/202600:56,20.65,0.0,0.0,51.620000000000005,0.0,0.0,0.0,0.0,0.0,198.7,23358.0,44181.0,23.2,7.0,92.0,29.82,4.04,93.0,0.0,0.0,
2026-03-03T00:56:09,03/03/202600:56,20.65,0.0,0.0,51.620000000000005,0.0,0.0,0.0,0.0,0.0,198.7,23358.0,44181.0,23.2,7.0,92.0,29.82,4.04,93.0,0.0,0.0,
2026-03-03T00:57:29,03/03/202600:57,20.65,0.0,0.0,51.620000000000005,0.0,0.0,0.0,0.0,0.0,198.7,23358.0,44181.0,23.2,7.0,92.0,29.82,4.04,93.0,0.0,0.0,
2026-03-03T00:58:01,03/03/202600:58,20.65,0.0,0.0,51.620000000000005,0.0,0.0,0.0,0.0,0.0,198.7,23358.0,44181.0,23.2,7.0,92.0,29.82,4.04,93.0,0.0,0.0,
2026-03-03T00:58:30,03/03/202600:58,20.669999999999998,0.0,0.0,51.620000000000005,0.0,0.0,0.0,0.0,0.0,198.7,23358.0,44181.0,23.2,7.0,92.0,29.82,4.04,93.0,0.0,0.0,
2026-03-03T00:59:00,03/03/202600:59,20.69,0.0,0.0,51.620000000000005,0.0,0.0,0.0,0.0,0.0,198.7,23358.0,44181.0,23.2,7.0,92.0,29.82,4.04,93.0,0.0,0.0,
2026-03-03T00:59:29,03/03/202600:59,20.69,0.0,0.0,51.620000000000005,0.0,0.0,0.0,0.0,0.0,198.7,23358.0,44181.0,23.2,7.0,92.0,29.82,4.04,93.0,0.0,0.0,
2026-03-03T01:00:00,03/03/202601:00,20.68,0.0,0.0,51.620000000000005,0.0,0.0,0.0,0.0,0.0,198.7,23358.0,44181.0,23.2,7.0,92.0,29.82,4.04,93.0,0.0,0.0,
2026-03-03T01:00:30,03/03/202601:00,20.66,0.0,0.0,51.620000000000005,0.0,0.0,0.0,0.0,0.0,198.7,23358.0,44181.0,23.2,7.0,92.0,29.82,4.003,94.1,0.0,0.0,
2026-03-03T01:01:00,03/03/202601:01,20.65,0.0,0.0,51.61,0.0,0.0,0.0,0.0,0.0,198.7,23358.0,44181.0,23.2,7.0,92.0,29.82,3.9659999999999997,95.2,0.0,0.0,
2026-03-03T01:02:31,03/03/202601:02,20.65,0.0,0.0,51.61,0.0,0.0,0.0,0.0,0.0,198.7,23358.0,44181.0,23.2,7.0,92.0,29.82,3.929,96.3,0.0,0.0,
2026-03-03T01:03:01,03/03/202601:03,20.64,0.0,0.0,51.620000000000005,0.0,0.0,0.0,0.0,0.0,198.7,23358.0,44181.0,23.2,7.0,92.0,29.82,3.8920000000000003,97.4,0.0,0.0,
2026-03-03T01:04:00,03/03/202601:04,20.630000000000003,0.0,0.0,51.620000000000005,0.0,0.0,0.0,0.0,0.0,198.7,23358.0,44181.0,23.2,7.0,92.0,29.82,3.8549999999999995,98.5,0.0,0.0,
2026-03-03T01:04:30,03/03/202601:04,20.630000000000003,0.0,0.0,51.620000000000005,0.0,0.0,0.0,0.0,0.0,198.7,23358.0,44181.0,23.2,7.0,92.0,29.82,3.818,99.6,0.0,0.0,
2026-03-03T01:05:01,03/03/202601:05,20.62,0.0,0.0,51.620000000000005,0.0,0.0,0.0,0.0,0.0,198.7,23358.0,44181.0,23.2,7.0,92.0,29.82,3.781,100.7,0.0,0.0,
2026-03-03T01:05:30,03/03/202601:05,20.62,0.0,0.0,51.620000000000005,0.0,0.0,0.0,0.0,0.0,198.7,23358.0,44181.0,23.2,7.0,92.0,29.82,3.7439999999999998,101.8,0.0,0.0,
2026-03-03T01:06:00,03/03/202601:06,20.64,0.0,0.0,51.620000000000005,0.0,0.0,0.0,0.0,0.0,198.7,23358.0,44181.0,23.2,7.0,92.0,29.82,3.707,102.9,0.0,0.0,
2026-03-03T01:06:30,03/03/202601:06,20.65,0.0,0.0,51.620000000000005,0.0,0.0,0.0,0.0,0.0,198.7,23358.0,44181.0,23.2,7.0,92.0,29.82,3.6700000000000004,104.0,0.0,0.0,
2026-03-03T01:07:01,03/03/202601:07,20.669999999999998,0.0,0.0,51.620000000000005,0.0,0.0,0.0,0.0,0.0,198.7,23358.0,44181.0,23.2,7.0,92.0,29.82,3.6700000000000004,104.0,0.0,0.0,
2026-03-03T01:07:30,03/03/202601:07,20.7,0.0,0.0,51.620000000000005,0.0,0.0,0.0,0.0,0.0,198.7,23358.0,44181.0,23.2,7.0,92.0,29.82,3.6700000000000004,104.0,0.0,0.0,
2026-03-03T01:08:00,03/03/202601:08,20.72,0.0,0.0,51.61,0.0,0.0,0.0,0.0,0.0,198.7,23358.0,44181.0,23.2,7.0,92.0,29.82,3.6700000000000004,104.0,0.0,0.0,
2026-03-03T01:09:01,03/03/202601:09,20.740000000000002,0.0,0.0,51.6,0.0,0.0,0.0,0.0,0.0,198.7,23358.0,44181.0,23.2,7.0,92.0,29.82,3.6700000000000004,104.0,0.0,0.0,
2026-03-03T01:09:30,03/03/202601:09,20.740000000000002,0.0,0.0,51.6,0.0,0.0,0.0,0.0,0.0,198.7,23358.0,44181.0,23.2,7.0,92.0,29.82,3.6700000000000004,104.0,0.0,0.0,
2026-03-03T01:10:00,03/03/202601:10,20.73,0.0,0.0,51.6,0.0,0.0,0.0,0.0,0.0,198.7,23358.0,44181.0,23.2,7.0,92.0,29.82,3.6700000000000004,104.0,0.0,0.0,
2026-03-03T01:11:01,03/03/202601:11,20.73,0.0,0.0,51.6,0.0,0.0,0.0,0.0,0.0,198.7,23358.0,44181.0,23.2,7.0,92.0,29.82,3.6700000000000004,104.0,0.0,0.0,
2026-03-03T01:12:00,03/03/202601:12,20.72,0.0,0.0,51.6,0.0,0.0,0.0,0.0,0.0,198.7,23358.0,44181.0,23.2,7.0,92.0,29.82,3.6700000000000004,104.0,0.0,0.0,
2026-03-03T01:13:42,03/03/202601:13,20.7,0.0,0.0,51.6,0.0,0.0,0.0,0.0,0.0,198.7,23358.0,44181.0,23.2,7.0,92.0,29.82,3.6700000000000004,104.0,0.0,0.0,
2026-03-03T01:14:01,03/03/202601:14,20.69,0.0,0.0,51.6,0.0,0.0,0.0,0.0,0.0,198.7,23358.0,44181.0,23.2,7.0,92.0,29.82,3.6700000000000004,104.0,0.0,0.0,
2026-03-03T01:14:21,03/03/202601:14,20.69,0.0,0.0,51.6,0.0,0.0,0.0,0.0,0.0,198.7,23358.0,44181.0,23.2,7.0,92.0,29.82,3.6700000000000004,104.0,0.0,0.0,
2026-03-03T01:15:01,03/03/202601:15,20.68,0.0,0.0,51.6,0.0,0.0,0.0,0.0,0.0,198.7,23358.0,44181.0,23.2,7.0,92.0,29.82,3.6700000000000004,104.0,0.0,0.0,
2026-03-03T01:15:22,03/03/202601:15,20.68,0.0,0.0,51.6,0.0,0.0,0.0,0.0,0.0,198.7,23358.0,44181.0,23.2,6.99,92.0,29.82,3.682,102.9,0.0,0.0,
2026-03-03T01:16:01,03/03/202601:16,20.68,0.0,0.0,51.6,0.0,0.0,0.0,0.0,0.0,198.7,23358.0,44181.0,23.2,6.9799999999999995,92.0,29.82,3.694,101.8,0.0,0.0,
2026-03-03T01:16:21,03/03/202601:16,20.69,0.0,0.0,51.6,0.0,0.0,0.0,0.0,0.0,198.7,23358.0,44181.0,23.2,6.970000000000001,92.0,29.82,3.7060000000000004,100.7,0.0,0.0,
2026-03-03T01:17:26,03/03/202601:17,20.7,0.0,0.0,51.589999999999996,0.0,0.0,0.0,0.0,0.0,198.7,23358.0,44181.0,23.2,6.959999999999999,92.0,29.82,3.718,99.6,0.0,0.0,
2026-03-03T01:18:00,03/03/202601:18,20.7,0.0,0.0,51.58,0.0,0.0,0.0,0.0,0.0,198.7,23358.0,44181.0,23.2,6.95,92.0,29.82,3.7299999999999995,98.5,0.0,0.0,
2026-03-03T01:18:26,03/03/202601:18,20.69,0.0,0.0,51.58,0.0,0.0,0.0,0.0,0.0,198.7,23358.0,44181.0,23.2,6.9799999999999995,92.0,29.82,3.7299999999999995,96.0,0.0,0.0,
2026-03-03T01:19:01,03/03/202601:19,20.69,0.0,0.0,51.58,0.0,0.0,0.0,0.0,0.0,198.7,23358.0,44181.0,23.2,7.01,92.0,29.82,3.7299999999999995,93.5,0.0,0.0,
2026-03-03T01:19:27,03/03/202601:19,20.71,0.0,0.0,51.58,0.0,0.0,0.0,0.0,0.0,198.7,23358.0,44181.0,23.2,7.040000000000001,92.0,29.82,3.7299999999999995,91.0,0.0,0.0,
2026-03-03T01:20:00,03/03/202601:20,20.72,0.0,0.0,51.58,0.0,0.0,0.0,0.0,0.0,198.7,23358.0,44181.0,23.2,7.07,92.0,29.82,3.7299999999999995,88.5,0.0,0.0,
2026-03-03T01:21:01,03/03/202601:21,20.73,0.0,0.0,51.58,0.0,0.0,0.0,0.0,0.0,198.7,23358.0,44181.0,23.2,7.1,92.0,29.82,3.7299999999999995,86.0,0.0,0.0,
2026-03-03T01:22:00,03/03/202601:22,20.73,0.0,0.0,51.58,0.0,0.0,0.0,0.0,0.0,198.7,23358.0,44181.0,23.2,7.140000000000001,92.0,29.82,3.718,84.6,0.0,0.0,
2026-03-03T01:23:01,03/03/202601:23,20.73,0.0,0.0,51.58,0.0,0.0,0.0,0.0,0.0,198.7,23358.0,44181.0,23.2,7.18,92.0,29.82,3.7060000000000004,83.2,0.0,0.0,
2026-03-03T01:24:54,03/03/202601:24,20.73,0.0,0.0,51.58,0.0,0.0,0.0,0.0,0.0,198.7,23358.0,44181.0,23.2,7.220000000000001,92.0,29.82,3.694,81.8,0.0,0.0,
2026-03-03T01:25:01,03/03/202601:25,20.73,0.0,0.0,51.589999999999996,0.0,0.0,0.0,0.0,0.0,198.7,23358.0,44181.0,23.2,7.26,92.0,29.82,3.682,80.4,0.0,0.0,
2026-03-03T01:25:02,03/03/202601:25,20.740000000000002,0.0,0.0,51.589999999999996,0.0,0.0,0.0,0.0,0.0,198.7,23358.0,44181.0,23.2,7.3,92.0,29.82,3.6700000000000004,79.0,0.0,0.0,
2026-03-03T01:26:01,03/03/202601:26,20.759999999999998,0.0,0.0,51.58,0.0,0.0,0.0,0.0,0.0,198.7,23358.0,44181.0,23.2,7.3,92.0,29.82,3.6700000000000004,79.0,0.0,0.0,
2026-03-03T01:27:01,03/03/202601:27,20.78,0.0,0.0,51.58,0.0,0.0,0.0,0.0,0.0,198.7,23358.0,44181.0,23.2,7.3,92.0,29.82,3.6700000000000004,79.0,0.0,0.0,
2026-03-03T01:27:03,03/03/202601:27,20.77,0.0,0.0,51.58,0.0,0.0,0.0,0.0,0.0,198.7,23358.0,44181.0,23.2,7.3,92.0,29.82,3.6700000000000004,79.0,0.0,0.0,
2026-03-03T01:28:00,03/03/202601:28,20.759999999999998,0.0,0.0,51.58,0.0,0.0,0.0,0.0,0.0,198.7,23358.0,44181.0,23.2,7.3,92.0,29.82,3.6700000000000004,79.0,0.0,0.0,
2026-03-03T01:28:02,03/03/202601:28,20.759999999999998,0.0,0.0,51.58,0.0,0.0,0.0,0.0,0.0,198.7,23358.0,44181.0,23.2,7.3,92.0,29.82,3.6700000000000004,79.0,0.0,0.0,
2026-03-03T01:29:01,03/03/202601:29,20.759999999999998,0.0,0.0,51.58,0.0,0.0,0.0,0.0,0.0,198.7,23358.0,44181.0,23.2,7.3,92.0,29.82,3.6700000000000004,79.0,0.0,0.0,
2026-03-03T01:29:03,03/03/202601:29,20.75,0.0,0.0,51.589999999999996,0.0,0.0,0.0,0.0,0.0,198.7,23358.0,44181.0,23.2,7.3,92.0,29.82,3.6700000000000004,79.0,0.0,0.0,
2026-03-03T01:30:00,03/03/202601:30,20.75,0.0,0.0,51.6,0.0,0.0,0.0,0.0,0.0,198.7,23358.0,44181.0,23.2,7.3,92.0,29.82,3.6700000000000004,79.0,0.0,0.0,
2026-03-03T01:30:06,03/03/202601:30,20.759999999999998,0.0,0.0,51.6,0.0,0.0,0.0,0.0,0.0,198.7,23358.0,44181.0,23.2,7.3,92.0,29.82,3.6700000000000004,79.0,0.0,0.0,
2026-03-03T01:31:01,03/03/202601:31,20.759999999999998,0.0,0.0,51.61,0.0,0.0,0.0,0.0,0.0,198.7,23358.0,44181.0,23.2,7.3,92.0,29.82,3.6700000000000004,79.0,0.0,0.0,
2026-03-03T01:31:07,03/03/202601:31,20.75,0.0,0.0,51.620000000000005,0.0,0.0,0.0,0.0,0.0,198.7,23358.0,44181.0,23.2,7.38,92.0,29.82,3.5519999999999996,77.4,0.0,0.0,
2026-03-03T01:32:00,03/03/202601:32,20.740000000000002,0.0,0.0,51.620000000000005,0.0,0.0,0.0,0.0,0.0,198.7,23358.0,44181.0,23.2,7.459999999999999,92.0,29.82,3.434,75.8,0.0,0.0,
2026-03-03T01:32:06,03/03/202601:32,20.73,0.0,0.0,51.620000000000005,0.0,0.0,0.0,0.0,0.0,198.7,23358.0,44181.0,23.2,7.539999999999999,92.0,29.82,3.316,74.2,0.0,0.0,
2026-03-03T01:33:00,03/03/202601:33,20.72,0.0,0.0,51.620000000000005,0.0,0.0,0.0,0.0,0.0,198.7,23358.0,44181.0,23.2,7.62,92.0,29.82,3.198,72.6,0.0,0.0,
2026-03-03T01:33:06,03/03/202601:33,20.71,0.0,0.0,51.620000000000005,0.0,0.0,0.0,0.0,0.0,198.7,23358.0,44181.0,23.2,7.7,92.0,29.82,3.08,71.0,0.0,0.0,
2026-03-03T01:34:01,03/03/202601:34,20.7,0.0,0.0,51.620000000000005,0.0,0.0,0.0,0.0,0.0,198.7,23358.0,44181.0,23.2,7.779999999999999,92.0,29.82,2.962,69.4,0.0,0.0,
2026-03-03T01:36:06,03/03/202601:36,20.7,0.0,0.0,51.61,0.0,0.0,0.0,0.0,0.0,198.7,23358.0,44181.0,23.2,7.859999999999999,92.0,29.82,2.8440000000000003,67.8,0.0,0.0,
2026-03-03T01:37:00,03/03/202601:37,20.7,0.0,0.0,51.6,0.0,0.0,0.0,0.0,0.0,198.7,23358.0,44181.0,23.2,7.9399999999999995,92.0,29.82,2.726,66.2,0.0,0.0,
2026-03-03T01:38:00,03/03/202601:38,20.69,0.0,0.0,51.6,0.0,0.0,0.0,0.0,0.0,198.7,23358.0,44181.0,23.2,8.02,92.0,29.82,2.608,64.6,0.0,0.0,
2026-03-03T01:39:00,03/03/202601:39,20.68,0.0,0.0,51.6,0.0,0.0,0.0,0.0,0.0,198.7,23358.0,44181.0,23.2,8.1,92.0,29.82,2.49,63.0,0.0,0.0,
2026-03-03T01:40:00,03/03/202601:40,20.68,0.0,0.0,51.6,0.0,0.0,0.0,0.0,0.0,198.7,23358.0,44181.0,23.2,8.1,92.0,29.82,2.49,63.0,0.0,0.0,
2026-03-03T01:40:16,03/03/202601:40,20.669999999999998,0.0,0.0,51.6,0.0,0.0,0.0,0.0,0.0,198.7,23358.0,44181.0,23.2,8.1,92.0,29.82,2.49,63.0,0.0,0.0,
2026-03-03T01:41:00,03/03/202601:41,20.669999999999998,0.0,0.0,51.6,0.0,0.0,0.0,0.0,0.0,198.7,23358.0,44181.0,23.2,8.1,92.0,29.82,2.49,63.0,0.0,0.0,
2026-03-03T01:41:17,03/03/202601:41,20.69,0.0,0.0,51.6,0.0,0.0,0.0,0.0,0.0,198.7,23358.0,44181.0,23.2,8.1,92.0,29.82,2.49,63.0,0.0,0.0,
2026-03-03T01:42:00,03/03/202601:42,20.7,0.0,0.0,51.6,0.0,0.0,0.0,0.0,0.0,198.7,23358.0,44181.0,23.2,8.1,92.0,29.82,2.49,63.0,0.0,0.0,
2026-03-03T01:42:16,03/03/202601:42,20.7,0.0,0.0,51.589999999999996,0.0,0.0,0.0,0.0,0.0,198.7,23358.0,44181.0,23.2,8.1,92.0,29.82,2.49,63.0,0.0,0.0,
2026-03-03T01:43:00,03/03/202601:43,20.7,0.0,0.0,51.58,0.0,0.0,0.0,0.0,0.0,198.7,23358.0,44181.0,23.2,8.1,92.0,29.82,2.49,63.0,0.0,0.0,
2026-03-03T01:43:17,03/03/202601:43,20.71,0.0,0.0,51.58,0.0,0.0,0.0,0.0,0.0,198.7,23358.0,44181.0,23.2,8.1,92.0,29.82,2.49,63.0,0.0,0.0,
2026-03-03T01:44:00,03/03/202601:44,20.72,0.0,0.0,51.58,0.0,0.0,0.0,0.0,0.0,198.7,23358.0,44181.0,23.2,8.1,92.0,29.82,2.49,63.0,0.0,0.0,
2026-03-03T01:44:17,03/03/202601:44,20.72,0.0,0.0,51.58,0.0,0.0,0.0,0.0,0.0,198.7,23358.0,44181.0,23.2,8.1,92.0,29.82,2.49,63.0,0.0,0.0,
2026-03-03T01:45:00,03/03/202601:45,20.72,0.0,0.0,51.58,0.0,0.0,0.0,0.0,0.0,198.7,23358.0,44181.0,23.2,8.1,92.0,29.82,2.49,63.0,0.0,0.0,
2026-03-03T01:46:00,03/03/202601:46,20.73,0.0,0.0,51.58,0.0,0.0,0.0,0.0,0.0,198.7,23358.0,44181.0,23.2,8.1,92.0,29.82,2.49,63.0,0.0,0.0,
2026-03-03T01:47:17,03/03/202601:47,20.73,0.0,0.0,51.58,0.0,0.0,0.0,0.0,0.0,198.7,23358.0,44181.0,23.2,8.129999999999999,92.0,29.82,2.4650000000000003,60.4,0.0,0.0,
2026-03-03T01:48:00,03/03/202601:48,20.71,0.0,0.0,51.58,0.0,0.0,0.0,0.0,0.0,198.7,23358.0,44181.0,23.2,8.16,92.0,29.82,2.4400000000000004,57.8,0.0,0.0,
2026-03-03T01:48:16,03/03/202601:48,20.7,0.0,0.0,51.58,0.0,0.0,0.0,0.0,0.0,198.7,23358.0,44181.0,23.2,8.190000000000001,92.0,29.82,2.415,55.2,0.0,0.0,
2026-03-03T01:49:00,03/03/202601:49,20.7,0.0,0.0,51.589999999999996,0.0,0.0,0.0,0.0,0.0,198.7,23358.0,44181.0,23.2,8.22,92.0,29.82,2.39,52.6,0.0,0.0,
2026-03-03T01:49:16,03/03/202601:49,20.69,0.0,0.0,51.6,0.0,0.0,0.0,0.0,0.0,198.7,23358.0,44181.0,23.2,8.25,92.0,29.82,2.365,50.0,0.0,0.0,
2026-03-03T01:50:00,03/03/202601:50,20.669999999999998,0.0,0.0,51.6,0.0,0.0,0.0,0.0,0.0,198.7,23358.0,44181.0,23.2,8.28,92.0,29.82,2.3400000000000003,47.4,0.0,0.0,
2026-03-03T01:51:00,03/03/202601:51,20.65,0.0,0.0,51.6,0.0,0.0,0.0,0.0,0.0,198.7,23358.0,44181.0,23.2,8.309999999999999,92.0,29.82,2.3150000000000004,44.8,0.0,0.0,
2026-03-03T01:52:00,03/03/202601:52,20.64,0.0,0.0,51.6,0.0,0.0,0.0,0.0,0.0,198.7,23358.0,44181.0,23.2,8.34,92.0,29.82,2.29,42.2,0.0,0.0,
2026-03-03T01:52:35,03/03/202601:52,20.64,0.0,0.0,51.6,0.0,0.0,0.0,0.0,0.0,198.7,23358.0,44181.0,23.2,8.370000000000001,92.0,29.82,2.265,39.6,0.0,0.0,
2026-03-03T01:53:01,03/03/202601:53,20.64,0.0,0.0,51.6,0.0,0.0,0.0,0.0,0.0,198.7,23358.0,44181.0,23.2,8.4,92.0,29.82,2.24,37.0,0.0,0.0,
2026-03-03T01:53:36,03/03/202601:53,20.64,0.0,0.0,51.589999999999996,0.0,0.0,0.0,0.0,0.0,198.7,23358.0,44181.0,23.2,8.4,91.8,29.82,2.24,37.0,0.0,0.0,
2026-03-03T01:54:00,03/03/202601:54,20.64,0.0,0.0,51.58,0.0,0.0,0.0,0.0,0.0,198.7,23358.0,44181.0,23.2,8.4,91.6,29.82,2.24,37.0,0.0,0.0,
2026-03-03T01:55:00,03/03/202601:55,20.630000000000003,0.0,0.0,51.58,0.0,0.0,0.0,0.0,0.0,198.7,23358.0,44181.0,23.2,8.4,91.4,29.82,2.24,37.0,0.0,0.0,
2026-03-03T01:56:00,03/03/202601:56,20.62,0.0,0.0,51.58,0.0,0.0,0.0,0.0,0.0,198.7,23358.0,44181.0,23.2,8.4,91.2,29.82,2.24,37.0,0.0,0.0,
2026-03-03T01:56:36,03/03/202601:56,20.630000000000003,0.0,0.0,51.58,0.0,0.0,0.0,0.0,0.0,198.7,23358.0,44181.0,23.2,8.4,91.0,29.82,2.24,37.0,0.0,0.0,
2026-03-03T01:57:00,03/03/202601:57,20.64,0.0,0.0,51.58,0.0,0.0,0.0,0.0,0.0,198.7,23358.0,44181.0,23.2,8.4,90.8,29.82,2.24,37.0,0.0,0.0,
2026-03-03T01:58:29,03/03/202601:58,20.64,0.0,0.0,51.58,0.0,0.0,0.0,0.0,0.0,198.7,23358.0,44181.0,23.2,8.4,90.6,29.82,2.24,37.0,0.0,0.0,
2026-03-03T01:58:36,03/03/202601:58,20.630000000000003,0.0,0.0,51.58,0.0,0.0,0.0,0.0,0.0,198.7,23358.0,44181.0,23.2,8.4,90.4,29.82,2.24,37.0,0.0,0.0,
2026-03-03T01:59:01,03/03/202601:59,20.61,0.0,0.0,51.58,0.0,0.0,0.0,0.0,0.0,198.7,23358.0,44181.0,23.2,8.4,90.2,29.82,2.24,37.0,0.0,0.0,
2026-03-03T01:59:36,03/03/202601:59,20.6,0.0,0.0,51.58,0.0,0.0,0.0,0.0,0.0,198.7,23358.0,44181.0,23.2,8.4,90.0,29.82,2.24,37.0,0.0,0.0,
2026-03-03T02:00:00,03/03/202602:00,20.6,0.0,0.0,51.589999999999996,0.0,0.0,0.0,0.0,0.0,198.7,23358.0,44181.0,23.2,8.4,90.0,29.82,2.24,37.0,0.0,0.0,
2026-03-03T02:00:36,03/03/202602:00,20.59,0.0,0.0,51.6,0.0,0.0,0.0,0.0,0.0,198.7,23358.0,44181.0,23.2,8.4,90.0,29.82,2.24,37.0,0.0,0.0,
2026-03-03T02:01:01,03/03/202602:01,20.580000000000002,0.0,0.0,51.6,0.0,0.0,0.0,0.0,0.0,198.7,23358.0,44181.0,23.2,8.4,90.0,29.82,2.24,37.0,0.0,0.0,
2026-03-03T02:02:00,03/03/202602:02,20.57,0.0,0.0,51.6,0.0,0.0,0.0,0.0,0.0,198.7,23358.0,44181.0,23.2,8.41,89.9,29.82,2.3080000000000003,36.5,0.0,0.0,
2026-03-03T02:02:36,03/03/202602:02,20.56,0.0,0.0,51.6,0.0,0.0,0.0,0.0,0.0,198.7,23358.0,44181.0,23.2,8.42,89.8,29.82,2.3760000000000003,36.0,0.0,0.0,
2026-03-03T02:03:00,03/03/202602:03,20.55,0.0,0.0,51.6,0.0,0.0,0.0,0.0,0.0,198.7,23358.0,44181.0,23.2,8.43,89.7,29.82,2.444,35.5,0.0,0.0,
2026-03-03T02:04:00,03/03/202602:04,20.55,0.0,0.0,51.589999999999996,0.0,0.0,0.0,0.0,0.0,198.7,23358.0,44181.0,23.2,8.440000000000001,89.6,29.82,2.512,35.0,0.0,0.0,
2026-03-03T02:05:01,03/03/202602:05,20.560000000000002,0.0,0.0,51.589999999999996,0.0,0.0,0.0,0.0,0.0,198.7,23358.0,44181.0,23.2,8.45,89.5,29.82,2.58,34.5,0.0,0.0,
2026-03-03T02:05:36,03/03/202602:05,20.580000000000002,0.0,0.0,51.589999999999996,0.0,0.0,0.0,0.0,0.0,198.7,23358.0,44181.0,23.2,8.459999999999999,89.4,29.82,2.648,34.0,0.0,0.0,
2026-03-03T02:06:00,03/03/202602:06,20.59,0.0,0.0,51.589999999999996,0.0,0.0,0.0,0.0,0.0,198.7,23358.0,44181.0,23.2,8.47,89.3,29.82,2.716,33.5,0.0,0.0,
2026-03-03T02:06:36,03/03/202602:06,20.61,0.0,0.0,51.589999999999996,0.0,0.0,0.0,0.0,0.0,198.7,23358.0,44181.0,23.2,8.48,89.2,29.82,2.784,33.0,0.0,0.0,
2026-03-03T02:07:00,03/03/202602:07,20.64,0.0,0.0,51.589999999999996,0.0,0.0,0.0,0.0,0.0,198.7,23358.0,44181.0,23.2,8.49,89.1,29.82,2.852,32.5,0.0,0.0,
2026-03-03T02:07:36,03/03/202602:07,20.66,0.0,0.0,51.589999999999996,0.0,0.0,0.0,0.0,0.0,198.7,23358.0,44181.0,23.2,8.5,89.0,29.82,2.92,32.0,0.0,0.0,
2026-03-03T02:08:01,03/03/202602:08,20.68,0.0,0.0,51.589999999999996,0.0,0.0,0.0,0.0,0.0,198.7,23358.0,44181.0,23.2,8.5,89.0,29.82,2.92,32.0,0.0,0.0,
2026-03-03T02:09:41,03/03/202602:09,20.69,0.0,0.0,51.589999999999996,0.0,0.0,0.0,0.0,0.0,198.7,23358.0,44181.0,23.2,8.5,89.0,29.82,2.92,32.0,0.0,0.0,
2026-03-03T02:10:01,03/03/202602:10,20.7,0.0,0.0,51.589999999999996,0.0,0.0,0.0,0.0,0.0,198.7,23358.0,44181.0,23.2,8.5,89.0,29.82,2.92,32.0,0.0,0.0,
2026-03-03T02:11:00,03/03/202602:11,20.71,0.0,0.0,51.589999999999996,0.0,0.0,0.0,0.0,0.0,198.7,23358.0,44181.0,23.2,8.5,89.0,29.82,2.92,32.0,0.0,0.0,
2026-03-03T02:12:01,03/03/202602:12,20.72,0.0,0.0,51.589999999999996,0.0,0.0,0.0,0.0,0.0,198.7,23358.0,44181.0,23.2,8.5,89.0,29.82,2.92,32.0,0.0,0.0,
2026-03-03T02:13:00,03/03/202602:13,20.72,0.0,0.0,51.589999999999996,0.0,0.0,0.0,0.0,0.0,198.7,23358.0,44181.0,23.2,8.5,89.0,29.82,2.92,32.0,0.0,0.0,
2026-03-03T02:14:00,03/03/202602:14,20.72,0.0,0.0,51.589999999999996,0.0,0.0,0.0,0.0,0.0,198.7,23358.0,44181.0,23.2,8.5,89.0,29.82,2.92,32.0,0.0,0.0,
2026-03-03T02:15:00,03/03/202602:15,20.71,0.0,0.0,51.589999999999996,0.0,0.0,0.0,0.0,0.0,198.7,23358.0,44181.0,23.2,8.5,89.0,29.82,2.92,32.0,0.0,0.0,
2026-03-03T02:16:00,03/03/202602:16,20.7,0.0,0.0,51.589999999999996,0.0,0.0,0.0,0.0,0.0,198.7,23358.0,44181.0,23.2,8.5,89.0,29.82,2.92,32.0,0.0,0.0,
2026-03-03T02:17:01,03/03/202602:17,20.7,0.0,0.0,51.589999999999996,0.0,0.0,0.0,0.0,0.0,198.7,23358.0,44181.0,23.2,8.45,89.1,29.82,2.945,33.9,0.0,0.0,
2026-03-03T02:18:00,03/03/202602:18,20.7,0.0,0.0,51.589999999999996,0.0,0.0,0.0,0.0,0.0,198.7,23358.0,44181.0,23.2,8.4,89.2,29.82,2.9699999999999998,35.8,0.0,0.0,
2026-03-03T02:19:00,03/03/202602:19,20.7,0.0,0.0,51.589999999999996,0.0,0.0,0.0,0.0,0.0,198.7,23358.0,44181.0,23.2,8.35,89.3,29.82,2.995,37.7,0.0,0.0,
2026-03-03T02:20:53,03/03/202602:20,20.7,0.0,0.0,51.589999999999996,0.0,0.0,0.0,0.0,0.0,198.7,23358.0,44181.0,23.2,8.3,89.4,29.82,3.02,39.6,0.0,0.0,
2026-03-03T02:21:01,03/03/202602:21,20.7,0.0,0.0,51.6,0.0,0.0,0.0,0.0,0.0,198.7,23358.0,44181.0,23.2,8.25,89.5,29.82,3.045,41.5,0.0,0.0,
2026-03-03T02:22:00,03/03/202602:22,20.7,0.0,0.0,51.6,0.0,0.0,0.0,0.0,0.0,198.7,23358.0,44181.0,23.2,8.2,89.6,29.82,3.07,43.4,0.0,0.0,
2026-03-03T02:23:01,03/03/202602:23,20.7,0.0,0.0,51.6,0.0,0.0,0.0,0.0,0.0,198.7,23358.0,44181.0,23.2,8.15,89.7,29.82,3.0949999999999998,45.3,0.0,0.0,
2026-03-03T02:24:00,03/03/202602:24,20.7,0.0,0.0,51.6,0.0,0.0,0.0,0.0,0.0,198.7,23358.0,44181.0,23.2,8.1,89.8,29.82,3.12,47.2,0.0,0.0,
2026-03-03T02:25:00,03/03/202602:25,20.7,0.0,0.0,51.6,0.0,0.0,0.0,0.0,0.0,198.7,23358.0,44181.0,23.2,8.05,89.9,29.82,3.145,49.1,0.0,0.0,
2026-03-03T02:26:00,03/03/202602:26,20.7,0.0,0.0,51.6,0.0,0.0,0.0,0.0,0.0,198.7,23358.0,44181.0,23.2,8.0,90.0,29.82,3.17,51.0,0.0,0.0,
2026-03-03T02:27:00,03/03/202602:27,20.7,0.0,0.0,51.6,0.0,0.0,0.0,0.0,0.0,198.7,23358.0,44181.0,23.2,8.0,90.0,29.82,3.17,51.0,0.0,0.0,
2026-03-03T02:28:00,03/03/202602:28,20.7,0.0,0.0,51.6,0.0,0.0,0.0,0.0,0.0,198.7,23358.0,44181.0,23.2,8.0,90.0,29.82,3.17,51.0,0.0,0.0,
2026-03-03T02:29:00,03/03/202602:29,20.7,0.0,0.0,51.6,0.0,0.0,0.0,0.0,0.0,198.7,23358.0,44181.0,23.2,8.0,90.0,29.82,3.17,51.0,0.0,0.0,
2026-03-03T02:30:00,03/03/202602:30,20.7,0.0,0.0,51.6,0.0,0.0,0.0,0.0,0.0,198.7,23358.0,44181.0,23.2,8.040000000000001,90.0,29.82,3.2629999999999995,50.4,0.0,0.0,
2026-03-03T02:32:04,03/03/202602:32,20.7,0.0,0.0,51.6,0.0,0.0,0.0,0.0,0.0,198.7,23358.0,44181.0,23.2,8.08,89.6,29.82,3.418,51.8,0.0,0.0,
2026-03-03T02:33:00,03/03/202602:33,20.7,0.0,0.0,51.6,0.0,0.0,0.0,0.0,0.0,198.7,23358.0,44181.0,23.2,8.120000000000001,89.2,29.82,3.5729999999999995,53.2,0.0,0.0,
2026-03-03T02:34:01,03/03/202602:34,20.7,0.0,0.0,51.6,0.0,0.0,0.0,0.0,0.0,198.7,23358.0,44181.0,23.2,8.16,88.8,29.82,3.728,54.6,0.0,0.0,
2026-03-03T02:35:00,03/03/202602:35,20.7,0.0,0.0,51.589999999999996,0.0,0.0,0.0,0.0,0.0,198.7,23358.0,44181.0,23.2,8.2,88.4,29.82,3.883,56.0,0.0,0.0,
2026-03-03T02:36:01,03/03/202602:36,20.7,0.0,0.0,51.589999999999996,0.0,0.0,0.0,0.0,0.0,198.7,23358.0,44181.0,23.2,8.24,88.0,29.82,4.037999999999999,57.4,0.0,0.0,
2026-03-03T02:37:00,03/03/202602:37,20.7,0.0,0.0,51.589999999999996,0.0,0.0,0.0,0.0,0.0,198.7,23358.0,44181.0,23.2,8.28,87.6,29.82,4.193,58.8,0.0,0.0,
2026-03-03T02:38:01,03/03/202602:38,20.7,0.0,0.0,51.589999999999996,0.0,0.0,0.0,0.0,0.0,198.7,23358.0,44181.0,23.2,8.32,87.2,29.82,4.348,60.2,0.0,0.0,
2026-03-03T02:39:01,03/03/202602:39,20.7,0.0,0.0,51.589999999999996,0.0,0.0,0.0,0.0,0.0,198.7,23358.0,44181.0,23.2,8.360000000000001,86.8,29.82,4.503,61.6,0.0,0.0,
2026-03-03T02:40:00,03/03/202602:40,20.7,0.0,0.0,51.589999999999996,0.0,0.0,0.0,0.0,0.0,198.7,23358.0,44181.0,23.2,8.4,86.4,29.82,4.6579999999999995,63.0,0.0,0.0,
2026-03-03T02:41:01,03/03/202602:41,20.7,0.0,0.0,51.58,0.0,0.0,0.0,0.0,0.0,198.7,23358.0,44181.0,23.2,8.4,86.0,29.82,4.72,65.0,0.0,0.0,
2026-03-03T02:42:01,03/03/202602:42,20.7,0.0,0.0,51.57000000000001,0.0,0.0,0.0,0.0,0.0,198.7,23358.0,44181.0,23.2,8.4,86.0,29.82,4.72,65.0,0.0,0.0,
2026-03-03T02:43:16,03/03/202602:43,20.7,0.0,0.0,51.57000000000001,0.0,0.0,0.0,0.0,0.0,198.7,23358.0,44181.0,23.2,8.4,86.0,29.82,4.72,65.0,0.0,0.0,
2026-03-03T02:44:00,03/03/202602:44,20.7,0.0,0.0,51.57000000000001,0.0,0.0,0.0,0.0,0.0,198.7,23358.0,44181.0,23.2,8.4,86.0,29.82,4.72,65.0,0.0,0.0,
2026-03-03T02:45:00,03/03/202602:45,20.7,0.0,0.0,51.58,0.0,0.0,0.0,0.0,0.0,198.7,23358.0,44181.0,23.2,8.4,86.0,29.82,4.72,65.0,0.0,0.0,
2026-03-03T02:46:01,03/03/202602:46,20.7,0.0,0.0,51.57000000000001,0.0,0.0,0.0,0.0,0.0,198.7,23358.0,44181.0,23.2,8.39,86.1,29.82,4.64,66.2,0.0,0.0,
2026-03-03T02:47:00,03/03/202602:47,20.7,0.0,0.0,51.56,0.0,0.0,0.0,0.0,0.0,198.7,23358.0,44181.0,23.2,8.38,86.2,29.82,4.56,67.4,0.0,0.0,
2026-03-03T02:48:00,03/03/202602:48,20.7,0.0,0.0,51.56,0.0,0.0,0.0,0.0,0.0,198.7,23358.0,44181.0,23.2,8.370000000000001,86.3,29.82,4.4799999999999995,68.6,0.0,0.0,
2026-03-03T02:49:00,03/03/202602:49,20.7,0.0,0.0,51.56,0.0,0.0,0.0,0.0,0.0,198.7,23358.0,44181.0,23.2,8.360000000000001,86.4,29.82,4.4,69.8,0.0,0.0,
2026-03-03T02:50:34,03/03/202602:50,20.7,0.0,0.0,51.55,0.0,0.0,0.0,0.0,0.0,198.7,23358.0,44181.0,23.2,8.35,86.5,29.82,4.319999999999999,71.0,0.0,0.0,
2026-03-03T02:51:01,03/03/202602:51,20.7,0.0,0.0,51.55,0.0,0.0,0.0,0.0,0.0,198.7,23358.0,44181.0,23.2,8.34,86.6,29.82,4.24,72.2,0.0,0.0,
2026-03-03T02:52:00,03/03/202602:52,20.7,0.0,0.0,51.55,0.0,0.0,0.0,0.0,0.0,198.7,23358.0,44181.0,23.2,8.330000000000002,86.7,29.82,4.16,73.4,0.0,0.0,
2026-03-03T02:53:00,03/03/202602:53,20.7,0.0,0.0,51.55,0.0,0.0,0.0,0.0,0.0,198.7,23358.0,44181.0,23.2,8.32,86.8,29.82,4.08,74.6,0.0,0.0,
2026-03-03T02:54:27,03/03/202602:54,20.7,0.0,0.0,51.54,0.0,0.0,0.0,0.0,0.0,198.7,23358.0,44181.0,23.2,8.31,86.9,29.82,4.0,75.8,0.0,0.0,
2026-03-03T02:55:00,03/03/202602:55,20.7,0.0,0.0,51.54,0.0,0.0,0.0,0.0,0.0,198.7,23358.0,44181.0,23.2,8.3,87.0,29.82,3.9200000000000004,77.0,0.0,0.0,
2026-03-03T02:56:01,03/03/202602:56,20.7,0.0,0.0,51.54,0.0,0.0,0.0,0.0,0.0,198.7,23358.0,44181.0,23.2,8.3,87.0,29.82,3.9200000000000004,77.0,0.0,0.0,
2026-03-03T02:57:01,03/03/202602:57,20.7,0.0,0.0,51.54,0.0,0.0,0.0,0.0,0.0,198.7,23358.0,44181.0,23.2,8.3,87.0,29.82,3.9200000000000004,77.0,0.0,0.0,
2026-03-03T02:57:34,03/03/202602:57,20.69,0.0,0.0,51.529999999999994,0.0,0.0,0.0,0.0,0.0,198.7,23358.0,44181.0,23.2,8.3,87.0,29.82,3.9200000000000004,77.0,0.0,0.0,
2026-03-03T02:57:49,03/03/202602:57,20.69,0.0,0.0,51.52,0.0,0.0,0.0,0.0,0.0,198.7,23358.0,44181.0,23.2,8.3,87.0,29.82,3.9200000000000004,77.0,0.0,0.0,
2026-03-03T02:58:00,03/03/202602:58,20.69,0.0,0.0,51.52,0.0,0.0,0.0,0.0,0.0,198.7,23358.0,44181.0,23.2,8.3,87.0,29.82,3.9200000000000004,77.0,0.0,0.0,
2026-03-03T02:59:01,03/03/202602:59,20.69,0.0,0.0,51.52,0.0,0.0,0.0,0.0,0.0,198.7,23358.0,44181.0,23.1,8.3,87.0,29.82,3.9200000000000004,77.0,0.0,0.0,
2026-03-03T03:00:01,03/03/202603:00,20.69,0.0,0.0,51.529999999999994,0.0,0.0,0.0,0.0,0.0,198.7,23358.0,44181.0,23.1,8.3,87.0,29.82,3.9200000000000004,77.0,0.0,0.0,
2026-03-03T03:01:00,03/03/202603:01,20.69,0.0,0.0,51.52,0.0,0.0,0.0,0.0,0.0,198.7,23358.0,44181.0,23.2,8.3,87.0,29.82,3.982,77.4,0.0,0.0,
2026-03-03T03:02:01,03/03/202603:02,20.69,0.0,0.0,51.529999999999994,0.0,0.0,0.0,0.0,0.0,198.7,23358.0,44181.0,23.2,8.3,87.0,29.82,4.044,77.8,0.0,0.0,
2026-03-03T03:03:00,03/03/202603:03,20.69,0.0,0.0,51.529999999999994,0.0,0.0,0.0,0.0,0.0,198.7,23358.0,44181.0,23.2,8.3,87.0,29.82,4.106,78.2,0.0,0.0,
2026-03-03T03:04:01,03/03/202603:04,20.69,0.0,0.0,51.529999999999994,0.0,0.0,0.0,0.0,0.0,198.7,23358.0,44181.0,23.2,8.3,87.0,29.82,4.168,78.6,0.0,0.0,
2026-03-03T03:05:39,03/03/202603:05,20.69,0.0,0.0,51.54,0.0,0.0,0.0,0.0,0.0,198.7,23358.0,44181.0,23.1,8.3,87.0,29.82,4.2299999999999995,79.0,0.0,0.0,
2026-03-03T03:06:01,03/03/202603:06,20.7,0.0,0.0,51.55,0.0,0.0,0.0,0.0,0.0,198.7,23358.0,44181.0,23.1,8.3,87.0,29.82,4.292,79.4,0.0,0.0,
2026-03-03T03:07:00,03/03/202603:07,20.7,0.0,0.0,51.55,0.0,0.0,0.0,0.0,0.0,198.7,23358.0,44181.0,23.2,8.3,87.0,29.82,4.354,79.8,0.0,0.0,
2026-03-03T03:08:01,03/03/202603:08,20.7,0.0,0.0,51.56,0.0,0.0,0.0,0.0,0.0,198.7,23358.0,44181.0,23.2,8.3,87.0,29.82,4.4159999999999995,80.2,0.0,0.0,
2026-03-03T03:09:00,03/03/202603:09,20.7,0.0,0.0,51.56,0.0,0.0,0.0,0.0,0.0,198.7,23358.0,44181.0,23.2,8.3,87.0,29.82,4.478,80.6,0.0,0.0,
2026-03-03T03:09:30,03/03/202603:09,20.69,0.0,0.0,51.55,0.0,0.0,0.0,0.0,0.0,198.7,23358.0,44181.0,23.2,8.3,87.0,29.82,4.54,81.0,0.0,0.0,
2026-03-03T03:10:01,03/03/202603:10,20.68,0.0,0.0,51.55,0.0,0.0,0.0,0.0,0.0,198.7,23358.0,44181.0,23.2,8.3,87.0,29.82,4.54,81.0,0.0,0.0,
2026-03-03T03:10:31,03/03/202603:10,20.68,0.0,0.0,51.54,0.0,0.0,0.0,0.0,0.0,198.7,23358.0,44181.0,23.2,8.3,87.0,29.82,4.54,81.0,0.0,0.0,
2026-03-03T03:11:00,03/03/202603:11,20.68,0.0,0.0,51.529999999999994,0.0,0.0,0.0,0.0,0.0,198.7,23358.0,44181.0,23.2,8.3,87.0,29.82,4.54,81.0,0.0,0.0,
2026-03-03T03:12:01,03/03/202603:12,20.68,0.0,0.0,51.54,0.0,0.0,0.0,0.0,0.0,198.7,23358.0,44181.0,23.2,8.3,87.0,29.82,4.54,81.0,0.0,0.0,
2026-03-03T03:13:00,03/03/202603:13,20.68,0.0,0.0,51.529999999999994,0.0,0.0,0.0,0.0,0.0,198.7,23358.0,44181.0,23.2,8.3,87.0,29.82,4.54,81.0,0.0,0.0,
2026-03-03T03:14:00,03/03/202603:14,20.68,0.0,0.0,51.52,0.0,0.0,0.0,0.0,0.0,198.7,23358.0,44181.0,23.1,8.3,87.0,29.82,4.54,81.0,0.0,0.0,
2026-03-03T03:15:01,03/03/202603:15,20.68,0.0,0.0,51.510000000000005,0.0,0.0,0.0,0.0,0.0,198.7,23358.0,44181.0,23.1,8.3,87.0,29.82,4.54,81.0,0.0,0.0,
2026-03-03T03:15:14,03/03/202603:15,20.669999999999998,0.0,0.0,51.510000000000005,0.0,0.0,0.0,0.0,0.0,198.7,23358.0,44181.0,23.2,8.3,87.0,29.82,4.54,81.0,0.0,0.0,
2026-03-03T03:16:50,03/03/202603:16,20.669999999999998,0.0,0.0,51.510000000000005,0.0,0.0,0.0,0.0,0.0,198.7,23358.0,44181.0,23.1,8.280000000000001,87.1,29.82,4.558,82.4,0.0,0.0,
2026-03-03T03:17:01,03/03/202603:17,20.68,0.0,0.0,51.510000000000005,0.0,0.0,0.0,0.0,0.0,198.7,23358.0,44181.0,23.1,8.260000000000002,87.2,29.82,4.576,83.8,0.0,0.0,
2026-03-03T03:18:00,03/03/202603:18,20.69,0.0,0.0,51.510000000000005,0.0,0.0,0.0,0.0,0.0,198.7,23358.0,44181.0,23.1,8.24,87.3,29.82,4.593999999999999,85.2,0.0,0.0,
2026-03-03T03:18:14,03/03/202603:18,20.68,0.0,0.0,51.510000000000005,0.0,0.0,0.0,0.0,0.0,198.7,23358.0,44181.0,23.2,8.22,87.4,29.82,4.612,86.6,0.0,0.0,
2026-03-03T03:19:01,03/03/202603:19,20.669999999999998,0.0,0.0,51.510000000000005,0.0,0.0,0.0,0.0,0.0,198.7,23358.0,44181.0,23.2,8.2,87.5,29.82,4.63,88.0,0.0,0.0,
2026-03-03T03:19:14,03/03/202603:19,20.669999999999998,0.0,0.0,51.510000000000005,0.0,0.0,0.0,0.0,0.0,198.7,23358.0,44181.0,23.1,8.18,87.6,29.82,4.648,89.4,0.0,0.0,
2026-03-03T03:20:00,03/03/202603:20,20.669999999999998,0.0,0.0,51.52,0.0,0.0,0.0,0.0,0.0,198.7,23358.0,44181.0,23.1,8.16,87.7,29.82,4.6659999999999995,90.8,0.0,0.0,
2026-03-03T03:21:00,03/03/202603:21,20.669999999999998,0.0,0.0,51.52,0.0,0.0,0.0,0.0,0.0,198.7,23358.0,44181.0,23.2,8.14,87.8,29.82,4.683999999999999,92.2,0.0,0.0,
2026-03-03T03:21:14,03/03/202603:21,20.66,0.0,0.0,51.529999999999994,0.0,0.0,0.0,0.0,0.0,198.7,23358.0,44181.0,23.1,8.120000000000001,87.9,29.82,4.702,93.6,0.0,0.0,
2026-03-03T03:22:01,03/03/202603:22,20.66,0.0,0.0,51.52,0.0,0.0,0.0,0.0,0.0,198.7,23358.0,44181.0,23.1,8.1,88.0,29.82,4.72,95.0,0.0,0.0,
2026-03-03T03:22:14,03/03/202603:22,20.66,0.0,0.0,51.52,0.0,0.0,0.0,0.0,0.0,198.7,23358.0,44181.0,23.2,8.1,88.0,29.82,4.72,95.0,0.0,0.0,
2026-03-03T03:23:00,03/03/202603:23,20.66,0.0,0.0,51.52,0.0,0.0,0.0,0.0,0.0,198.7,23358.0,44181.0,23.2,8.1,88.0,29.82,4.72,95.0,0.0,0.0,
2026-03-03T03:23:14,03/03/202603:23,20.65,0.0,0.0,51.52,0.0,0.0,0.0,0.0,0.0,198.7,23358.0,44181.0,23.1,8.1,88.0,29.82,4.72,95.0,0.0,0.0,
2026-03-03T03:24:01,03/03/202603:24,20.65,0.0,0.0,51.52,0.0,0.0,0.0,0.0,0.0,198.7,23358.0,44181.0,23.1,8.1,88.0,29.82,4.72,95.0,0.0,0.0,
2026-03-03T03:24:14,03/03/202603:24,20.66,0.0,0.0,51.52,0.0,0.0,0.0,0.0,0.0,198.7,23358.0,44181.0,23.1,8.1,88.0,29.82,4.72,95.0,0.0,0.0,
2026-03-03T03:25:00,03/03/202603:25,20.66,0.0,0.0,51.510000000000005,0.0,0.0,0.0,0.0,0.0,198.7,23358.0,44181.0,23.1,8.1,88.0,29.82,4.72,95.0,0.0,0.0,
2026-03-03T03:26:01,03/03/202603:26,20.66,0.0,0.0,51.5,0.0,0.0,0.0,0.0,0.0,198.7,23358.0,44181.0,23.2,8.1,88.0,29.82,4.72,95.0,0.0,0.0,
2026-03-03T03:28:01,03/03/202603:28,20.65,0.0,0.0,51.5,0.0,0.0,0.0,0.0,0.0,198.7,23358.0,44181.0,23.1,8.1,88.0,29.82,4.72,95.0,0.0,0.0,
2026-03-03T03:28:14,03/03/202603:28,20.66,0.0,0.0,51.5,0.0,0.0,0.0,0.0,0.0,198.7,23358.0,44181.0,23.1,8.1,88.0,29.82,4.72,95.0,0.0,0.0,
2026-03-03T03:29:00,03/03/202603:29,20.669999999999998,0.0,0.0,51.5,0.0,0.0,0.0,0.0,0.0,198.7,23358.0,44181.0,23.1,8.1,88.0,29.82,4.72,95.0,0.0,0.0,
2026-03-03T03:29:14,03/03/202603:29,20.66,0.0,0.0,51.5,0.0,0.0,0.0,0.0,0.0,198.7,23358.0,44181.0,23.1,8.08,88.0,29.82,4.72,95.0,0.0,0.0,
2026-03-03T03:30:01,03/03/202603:30,20.65,0.0,0.0,51.5,0.0,0.0,0.0,0.0,0.0,198.7,23358.0,44181.0,23.1,8.059999999999999,88.0,29.82,4.72,95.0,0.0,0.0,
2026-03-03T03:31:01,03/03/202603:31,20.65,0.0,0.0,51.510000000000005,0.0,0.0,0.0,0.0,0.0,198.7,23358.0,44181.0,23.2,8.040000000000001,88.0,29.82,4.72,94.0,0.0,0.0,
2026-03-03T03:32:01,03/03/202603:32,20.65,0.0,0.0,51.510000000000005,0.0,0.0,0.0,0.0,0.0,198.7,23358.0,44181.0,23.1,8.02,88.2,29.82,4.764,94.0,0.0,0.0,
2026-03-03T03:33:01,03/03/202603:33,20.64,0.0,0.0,51.52,0.0,0.0,0.0,0.0,0.0,198.7,23358.0,44181.0,23.1,8.0,88.4,29.82,4.808,94.0,0.0,0.0,
2026-03-03T03:34:01,03/03/202603:34,20.630000000000003,0.0,0.0,51.52,0.0,0.0,0.0,0.0,0.0,198.7,23358.0,44181.0,23.1,7.9799999999999995,88.6,29.82,4.851999999999999,94.0,0.0,0.0,
2026-03-03T03:35:01,03/03/202603:35,20.62,0.0,0.0,51.52,0.0,0.0,0.0,0.0,0.0,198.7,23358.0,44181.0,23.1,7.959999999999999,88.8,29.82,4.896,94.0,0.0,0.0,
2026-03-03T03:36:01,03/03/202603:36,20.62,0.0,0.0,51.529999999999994,0.0,0.0,0.0,0.0,0.0,198.7,23358.0,44181.0,23.1,7.94,89.0,29.82,4.9399999999999995,94.0,0.0,0.0,
2026-03-03T03:37:00,03/03/202603:37,20.610000000000003,0.0,0.0,51.529999999999994,0.0,0.0,0.0,0.0,0.0,198.7,23358.0,44181.0,23.1,7.92,89.2,29.82,4.984,94.0,0.0,0.0,
2026-03-03T03:39:12,03/03/202603:39,20.6,0.0,0.0,51.529999999999994,0.0,0.0,0.0,0.0,0.0,198.7,23358.0,44181.0,23.1,7.9,89.4,29.82,5.0280000000000005,94.0,0.0,0.0,
2026-03-03T03:40:00,03/03/202603:40,20.6,0.0,0.0,51.529999999999994,0.0,0.0,0.0,0.0,0.0,198.7,23358.0,44181.0,23.1,7.9,89.6,29.82,5.072,94.0,0.0,0.0,
2026-03-03T03:41:01,03/03/202603:41,20.6,0.0,0.0,51.529999999999994,0.0,0.0,0.0,0.0,0.0,198.7,23358.0,44181.0,23.1,7.9,89.8,29.82,5.1160000000000005,94.0,0.0,0.0,
2026-03-03T03:42:01,03/03/202603:42,20.6,0.0,0.0,51.52,0.0,0.0,0.0,0.0,0.0,198.7,23358.0,44181.0,23.1,7.9,90.0,29.82,5.16,95.0,0.0,0.0,
2026-03-03T03:43:01,03/03/202603:43,20.6,0.0,0.0,51.52,0.0,0.0,0.0,0.0,0.0,198.7,23358.0,44181.0,23.1,7.9,90.0,29.82,5.16,95.0,0.0,0.0,
2026-03-03T03:44:01,03/03/202603:44,20.6,0.0,0.0,51.510000000000005,0.0,0.0,0.0,0.0,0.0,198.7,23358.0,44181.0,23.2,7.9,90.0,29.82,5.16,95.0,0.0,0.0,
2026-03-03T03:45:01,03/03/202603:45,20.6,0.0,0.0,51.510000000000005,0.0,0.0,0.0,0.0,0.0,198.7,23358.0,44181.0,23.1,7.9,90.0,29.82,5.16,95.0,0.0,0.0,
2026-03-03T03:46:01,03/03/202603:46,20.6,0.0,0.0,51.510000000000005,0.0,0.0,0.0,0.0,0.0,198.7,23358.0,44181.0,23.2,7.9,90.0,29.82,5.16,95.0,0.0,0.0,
2026-03-03T03:47:01,03/03/202603:47,20.6,0.0,0.0,51.5,0.0,0.0,0.0,0.0,0.0,198.7,23358.0,44181.0,23.1,7.910000000000001,90.1,29.818,5.228,95.2,0.0,0.0,
2026-03-03T03:48:00,03/03/202603:48,20.6,0.0,0.0,51.5,0.0,0.0,0.0,0.0,0.0,198.7,23358.0,44181.0,23.1,7.92,90.2,29.816000000000003,5.296,95.4,0.0,0.0,
2026-03-03T03:49:01,03/03/202603:49,20.6,0.0,0.0,51.5,0.0,0.0,0.0,0.0,0.0,198.7,23358.0,44181.0,23.1,7.93,90.3,29.814,5.364,95.6,0.0,0.0,
2026-03-03T03:50:24,03/03/202603:50,20.59,0.0,0.0,51.5,0.0,0.0,0.0,0.0,0.0,198.7,23358.0,44181.0,23.1,7.94,90.4,29.812,5.432,95.8,0.0,0.0,
2026-03-03T03:51:01,03/03/202603:51,20.580000000000002,0.0,0.0,51.5,0.0,0.0,0.0,0.0,0.0,198.7,23358.0,44181.0,23.1,7.95,90.5,29.810000000000002,5.5,96.0,0.0,0.0,
2026-03-03T03:52:00,03/03/202603:52,20.57,0.0,0.0,51.5,0.0,0.0,0.0,0.0,0.0,198.7,23358.0,44181.0,23.1,7.959999999999999,90.6,29.808,5.568,96.2,0.0,0.0,
2026-03-03T03:53:01,03/03/202603:53,20.560000000000002,0.0,0.0,51.5,0.0,0.0,0.0,0.0,0.0,198.7,23358.0,44181.0,23.1,7.970000000000001,90.7,29.806,5.636,96.4,0.0,0.0,
2026-03-03T03:54:00,03/03/202603:54,20.55,0.0,0.0,51.5,0.0,0.0,0.0,0.0,0.0,198.7,23358.0,44181.0,23.1,7.9799999999999995,90.8,29.804000000000002,5.704,96.6,0.0,0.0,
2026-03-03T03:55:00,03/03/202603:55,20.54,0.0,0.0,51.5,0.0,0.0,0.0,0.0,0.0,198.7,23358.0,44181.0,23.1,7.99,90.9,29.802,5.772,96.8,0.0,0.0,
2026-03-03T03:56:00,03/03/202603:56,20.53,0.0,0.0,51.5,0.0,0.0,0.0,0.0,0.0,198.7,23358.0,44181.0,23.1,8.0,91.0,29.8,5.84,97.0,0.0,0.0,
2026-03-03T03:57:01,03/03/202603:57,20.52,0.0,0.0,51.5,0.0,0.0,0.0,0.0,0.0,198.7,23358.0,44181.0,23.1,8.0,91.0,29.8,5.84,97.0,0.0,0.0,
2026-03-03T03:58:00,03/03/202603:58,20.509999999999998,0.0,0.0,51.5,0.0,0.0,0.0,0.0,0.0,198.7,23358.0,44181.0,23.2,8.0,91.0,29.8,5.84,97.0,0.0,0.0,
2026-03-03T03:59:00,03/03/202603:59,20.5,0.0,0.0,51.5,0.0,0.0,0.0,0.0,0.0,198.7,23358.0,44181.0,23.2,8.0,91.0,29.8,5.84,97.0,0.0,0.0,
2026-03-03T04:00:00,03/03/202604:00,20.5,0.0,0.0,51.510000000000005,0.0,0.0,0.0,0.0,0.0,198.7,23358.0,44181.0,23.1,8.0,91.0,29.8,5.84,97.0,0.0,0.0,
2026-03-03T04:01:35,03/03/202604:01,20.5,0.0,0.0,51.5,0.0,0.0,0.0,0.0,0.0,198.7,23358.0,44181.0,23.1,8.0,91.1,29.8,5.797,98.0,0.0,0.0,
2026-03-03T04:02:01,03/03/202604:02,20.5,0.0,0.0,51.489999999999995,0.0,0.0,0.0,0.0,0.0,198.7,23358.0,44181.0,23.1,8.0,91.2,29.8,5.754,99.0,0.0,0.0,
2026-03-03T04:03:01,03/03/202604:03,20.5,0.0,0.0,51.489999999999995,0.0,0.0,0.0,0.0,0.0,198.7,23358.0,44181.0,23.1,8.0,91.3,29.8,5.711,100.0,0.0,0.0,
2026-03-03T04:04:00,03/03/202604:04,20.5,0.0,0.0,51.489999999999995,0.0,0.0,0.0,0.0,0.0,198.7,23358.0,44181.0,23.2,8.0,91.4,29.8,5.668,101.0,0.0,0.0,
2026-03-03T04:05:00,03/03/202604:05,20.5,0.0,0.0,51.489999999999995,0.0,0.0,0.0,0.0,0.0,198.7,23358.0,44181.0,23.1,8.0,91.5,29.8,5.625,102.0,0.0,0.0,
2026-03-03T04:06:01,03/03/202604:06,20.5,0.0,0.0,51.489999999999995,0.0,0.0,0.0,0.0,0.0,198.7,23358.0,44181.0,23.2,8.0,91.6,29.8,5.582,103.0,0.0,0.0,
2026-03-03T04:07:00,03/03/202604:07,20.5,0.0,0.0,51.489999999999995,0.0,0.0,0.0,0.0,0.0,198.7,23358.0,44181.0,23.1,8.0,91.7,29.8,5.539,104.0,0.0,0.0,
2026-03-03T04:08:00,03/03/202604:08,20.5,0.0,0.0,51.489999999999995,0.0,0.0,0.0,0.0,0.0,198.7,23358.0,44181.0,23.1,8.0,91.8,29.8,5.496,105.0,0.0,0.0,
2026-03-03T04:09:01,03/03/202604:09,20.5,0.0,0.0,51.489999999999995,0.0,0.0,0.0,0.0,0.0,198.7,23358.0,44181.0,23.1,8.0,91.9,29.8,5.453,106.0,0.0,0.0,
2026-03-03T04:09:14,03/03/202604:09,20.490000000000002,0.0,0.0,51.48,0.0,0.0,0.0,0.0,0.0,198.7,23358.0,44181.0,23.1,8.0,92.0,29.8,5.41,107.0,0.0,0.0,
2026-03-03T04:10:01,03/03/202604:10,20.48,0.0,0.0,51.489999999999995,0.0,0.0,0.0,0.0,0.0,198.7,23358.0,44181.0,23.1,8.0,92.0,29.8,5.41,107.0,0.0,0.0,
2026-03-03T04:10:15,03/03/202604:10,20.48,0.0,0.0,51.5,0.0,0.0,0.0,0.0,0.0,198.7,23358.0,44181.0,23.1,8.0,92.0,29.8,5.41,107.0,0.0,0.0,
2026-03-03T04:11:01,03/03/202604:11,20.48,0.0,0.0,51.5,0.0,0.0,0.0,0.0,0.0,198.7,23358.0,44181.0,23.1,8.0,92.0,29.8,5.41,107.0,0.0,0.0,
2026-03-03T04:11:15,03/03/202604:11,20.47,0.0,0.0,51.5,0.0,0.0,0.0,0.0,0.0,198.7,23358.0,44181.0,23.1,8.0,92.0,29.8,5.41,107.0,0.0,0.0,
2026-03-03T04:12:47,03/03/202604:12,20.47,0.0,0.0,51.5,0.0,0.0,0.0,0.0,0.0,198.7,23358.0,44181.0,23.1,8.0,92.0,29.8,5.41,107.0,0.0,0.0,
2026-03-03T04:13:01,03/03/202604:13,20.47,0.0,0.0,51.5,0.0,0.0,0.0,0.0,0.0,198.7,23358.0,44181.0,23.1,8.0,92.0,29.8,5.41,107.0,0.0,0.0,
2026-03-03T04:13:15,03/03/202604:13,20.46,0.0,0.0,51.5,0.0,0.0,0.0,0.0,0.0,198.7,23358.0,44181.0,23.1,8.0,92.0,29.8,5.41,107.0,0.0,0.0,
2026-03-03T04:14:00,03/03/202604:14,20.45,0.0,0.0,51.5,0.0,0.0,0.0,0.0,0.0,198.7,23358.0,44181.0,23.1,8.0,92.0,29.8,5.41,107.0,0.0,0.0,
2026-03-03T04:15:00,03/03/202604:15,20.439999999999998,0.0,0.0,51.5,0.0,0.0,0.0,0.0,0.0,198.7,23358.0,44181.0,23.1,8.0,92.0,29.8,5.41,107.0,0.0,0.0,
2026-03-03T04:16:00,03/03/202604:16,20.439999999999998,0.0,0.0,51.5,0.0,0.0,0.0,0.0,0.0,198.7,23358.0,44181.0,23.2,8.0,92.1,29.8,5.416,107.2,0.0,0.0,
2026-03-03T04:17:01,03/03/202604:17,20.439999999999998,0.0,0.0,51.5,0.0,0.0,0.0,0.0,0.0,198.7,23358.0,44181.0,23.2,8.0,92.2,29.8,5.422,107.4,0.0,0.0,
2026-03-03T04:18:00,03/03/202604:18,20.43,0.0,0.0,51.489999999999995,0.0,0.0,0.0,0.0,0.0,198.7,23358.0,44181.0,23.1,8.0,92.3,29.8,5.428,107.6,0.0,0.0,
2026-03-03T04:19:01,03/03/202604:19,20.419999999999998,0.0,0.0,51.48,0.0,0.0,0.0,0.0,0.0,198.7,23358.0,44181.0,23.1,8.0,92.4,29.8,5.434,107.8,0.0,0.0,
2026-03-03T04:20:00,03/03/202604:20,20.419999999999998,0.0,0.0,51.48,0.0,0.0,0.0,0.0,0.0,198.7,23358.0,44181.0,23.1,8.0,92.5,29.8,5.4399999999999995,108.0,0.0,0.0,
2026-03-03T04:21:01,03/03/202604:21,20.41,0.0,0.0,51.48,0.0,0.0,0.0,0.0,0.0,198.7,23358.0,44181.0,23.1,8.0,92.6,29.8,5.446,108.2,0.0,0.0,
2026-03-03T04:22:01,03/03/202604:22,20.4,0.0,0.0,51.48,0.0,0.0,0.0,0.0,0.0,198.7,23358.0,44181.0,23.2,8.0,92.7,29.8,5.452,108.4,0.0,0.0,
2026-03-03T04:24:04,03/03/202604:24,20.4,0.0,0.0,51.48,0.0,0.0,0.0,0.0,0.0,198.7,23358.0,44181.0,23.2,8.0,92.8,29.8,5.458,108.6,0.0,0.0,
2026-03-03T04:25:01,03/03/202604:25,20.4,0.0,0.0,51.470000000000006,0.0,0.0,0.0,0.0,0.0,198.7,23358.0,44181.0,23.1,8.0,92.9,29.8,5.464,108.8,0.0,0.0,
2026-03-03T04:26:01,03/03/202604:26,20.4,0.0,0.0,51.470000000000006,0.0,0.0,0.0,0.0,0.0,198.7,23358.0,44181.0,23.1,8.0,93.0,29.8,5.47,109.0,0.0,0.0,
2026-03-03T04:27:01,03/03/202604:27,20.4,0.0,0.0,51.470000000000006,0.0,0.0,0.0,0.0,0.0,198.7,23358.0,44181.0,23.1,8.0,93.0,29.8,5.47,109.0,0.0,0.0,
2026-03-03T04:28:01,03/03/202604:28,20.4,0.0,0.0,51.46,0.0,0.0,0.0,0.0,0.0,198.7,23358.0,44181.0,23.1,8.0,93.0,29.8,5.47,109.0,0.0,0.0,
2026-03-03T04:28:43,03/03/202604:28,20.389999999999997,0.0,0.0,51.46,0.0,0.0,0.0,0.0,0.0,198.7,23358.0,44181.0,23.1,8.0,93.0,29.8,5.364,109.5,0.0,0.0,
2026-03-03T04:29:01,03/03/202604:29,20.38,0.0,0.0,51.46,0.0,0.0,0.0,0.0,0.0,198.7,23358.0,44181.0,23.1,8.0,93.0,29.8,5.258,110.0,0.0,0.0,
2026-03-03T04:30:01,03/03/202604:30,20.369999999999997,0.0,0.0,51.46,0.0,0.0,0.0,0.0,0.0,198.7,23358.0,44181.0,23.2,8.0,93.0,29.8,5.1579999999999995,110.8,0.0,0.0,
2026-03-03T04:30:44,03/03/202604:30,20.369999999999997,0.0,0.0,51.46,0.0,0.0,0.0,0.0,0.0,198.7,23358.0,44181.0,23.1,7.9799999999999995,93.1,29.8,5.034,111.4,0.0,0.0,
2026-03-03T04:31:01,03/03/202604:31,20.369999999999997,0.0,0.0,51.46,0.0,0.0,0.0,0.0,0.0,198.7,23358.0,44181.0,23.1,7.959999999999999,93.2,29.8,4.91,112.0,0.0,0.0,
2026-03-03T04:32:01,03/03/202604:32,20.369999999999997,0.0,0.0,51.46,0.0,0.0,0.0,0.0,0.0,198.7,23358.0,44181.0,23.1,7.94,93.3,29.8,4.786,112.6,0.0,0.0,
2026-03-03T04:32:44,03/03/202604:32,20.36,0.0,0.0,51.470000000000006,0.0,0.0,0.0,0.0,0.0,198.7,23358.0,44181.0,23.1,7.92,93.2,29.8,4.662000000000001,113.2,0.0,0.0,
2026-03-03T04:33:01,03/03/202604:33,20.35,0.0,0.0,51.470000000000006,0.0,0.0,0.0,0.0,0.0,198.7,23358.0,44181.0,23.1,7.9,93.1,29.8,4.538,113.8,0.0,0.0,
2026-03-03T04:33:44,03/03/202604:33,20.35,0.0,0.0,51.470000000000006,0.0,0.0,0.0,0.0,0.0,198.7,23358.0,44181.0,23.1,7.88,93.0,29.8,4.414,114.4,0.0,0.0,
2026-03-03T04:35:10,03/03/202604:35,20.35,0.0,0.0,51.470000000000006,0.0,0.0,0.0,0.0,0.0,198.7,23358.0,44181.0,23.1,7.859999999999999,92.9,29.8,4.290000000000001,115.0,0.0,0.0,
2026-03-03T04:36:01,03/03/202604:36,20.36,0.0,0.0,51.470000000000006,0.0,0.0,0.0,0.0,0.0,198.7,23358.0,44181.0,23.1,7.840000000000001,92.8,29.8,4.272,115.1,0.0,0.0,
2026-03-03T04:37:01,03/03/202604:37,20.369999999999997,0.0,0.0,51.470000000000006,0.0,0.0,0.0,0.0,0.0,198.7,23358.0,44181.0,23.1,7.82,92.7,29.8,4.2540000000000004,115.2,0.0,0.0,
2026-03-03T04:38:01,03/03/202604:38,20.38,0.0,0.0,51.470000000000006,0.0,0.0,0.0,0.0,0.0,198.7,23358.0,44181.0,23.1,7.8,92.6,29.8,4.23,115.0,0.0,0.0,
2026-03-03T04:39:01,03/03/202604:39,20.38,0.0,0.0,51.470000000000006,0.0,0.0,0.0,0.0,0.0,198.7,23358.0,44181.0,23.2,7.8,92.4,29.8,4.23,115.0,0.0,0.0,
2026-03-03T04:40:01,03/03/202604:40,20.38,0.0,0.0,51.470000000000006,0.0,0.0,0.0,0.0,0.0,198.7,23358.0,44181.0,23.1,7.8,92.2,29.8,4.23,115.0,0.0,0.0,
2026-03-03T04:41:01,03/03/202604:41,20.38,0.0,0.0,51.46,0.0,0.0,0.0,0.0,0.0,198.7,23358.0,44181.0,23.1,7.8,92.0,29.8,4.23,115.0,0.0,0.0,
2026-03-03T04:42:01,03/03/202604:42,20.389999999999997,0.0,0.0,51.45,0.0,0.0,0.0,0.0,0.0,198.7,23358.0,44181.0,23.1,7.8,92.0,29.8,4.23,115.0,0.0,0.0,
2026-03-03T04:42:17,03/03/202604:42,20.389999999999997,0.0,0.0,51.45,0.0,0.0,0.0,0.0,0.0,198.7,23358.0,44181.0,23.1,7.8,92.0,29.8,4.23,115.0,0.0,0.0,
2026-03-03T04:43:01,03/03/202604:43,20.38,0.0,0.0,51.45,0.0,0.0,0.0,0.0,0.0,198.7,23358.0,44181.0,23.1,7.8,92.0,29.8,4.23,115.0,0.0,0.0,
2026-03-03T04:44:04,03/03/202604:44,20.38,0.0,0.0,51.46,0.0,0.0,0.0,0.0,0.0,198.7,23358.0,44181.0,23.1,7.8,92.0,29.8,4.23,115.0,0.0,0.0,
2026-03-03T04:45:01,03/03/202604:45,20.38,0.0,0.0,51.470000000000006,0.0,0.0,0.0,0.0,0.0,198.7,23358.0,44181.0,23.1,7.8,92.0,29.8,4.23,115.0,0.0,0.0,
2026-03-03T04:46:22,03/03/202604:46,20.369999999999997,0.0,0.0,51.48,0.0,0.0,0.0,0.0,0.0,198.7,23358.0,44181.0,23.1,7.790000000000001,92.1,29.8,4.261000000000001,114.5,0.0,0.0,
2026-03-03T04:47:00,03/03/202604:47,20.36,0.0,0.0,51.470000000000006,0.0,0.0,0.0,0.0,0.0,198.7,23358.0,44181.0,23.1,7.779999999999999,92.2,29.8,4.292,114.0,0.0,0.0,
2026-03-03T04:47:26,03/03/202604:47,20.36,0.0,0.0,51.46,0.0,0.0,0.0,0.0,0.0,198.7,23358.0,44181.0,23.1,7.7700000000000005,92.3,29.8,4.323,113.5,0.0,0.0,
2026-03-03T04:48:01,03/03/202604:48,20.36,0.0,0.0,51.45,0.0,0.0,0.0,0.0,0.0,198.7,23358.0,44181.0,23.1,7.76,92.4,29.8,4.354000000000001,113.0,0.0,0.0,
2026-03-03T04:49:00,03/03/202604:49,20.36,0.0,0.0,51.46,0.0,0.0,0.0,0.0,0.0,198.7,23358.0,44181.0,23.1,7.75,92.5,29.8,4.385,112.5,0.0,0.0,
2026-03-03T04:49:26,03/03/202604:49,20.35,0.0,0.0,51.46,0.0,0.0,0.0,0.0,0.0,198.7,23358.0,44181.0,23.1,7.74,92.6,29.8,4.416,112.0,0.0,0.0,
2026-03-03T04:50:00,03/03/202604:50,20.35,0.0,0.0,51.45,0.0,0.0,0.0,0.0,0.0,198.7,23358.0,44181.0,23.1,7.7299999999999995,92.7,29.8,4.447,111.5,0.0,0.0,
2026-03-03T04:50:27,03/03/202604:50,20.36,0.0,0.0,51.44,0.0,0.0,0.0,0.0,0.0,198.7,23358.0,44181.0,23.1,7.720000000000001,92.8,29.8,4.478,111.0,0.0,0.0,
2026-03-03T04:51:00,03/03/202604:51,20.36,0.0,0.0,51.42999999999999,0.0,0.0,0.0,0.0,0.0,198.7,23358.0,44181.0,23.1,7.709999999999999,92.9,29.8,4.509,110.5,0.0,0.0,
2026-03-03T04:52:01,03/03/202604:52,20.36,0.0,0.0,51.42999999999999,0.0,0.0,0.0,0.0,0.0,198.7,23358.0,44181.0,23.1,7.7,93.0,29.8,4.54,110.0,0.0,0.0,
2026-03-03T04:53:00,03/03/202604:53,20.369999999999997,0.0,0.0,51.42,0.0,0.0,0.0,0.0,0.0,198.7,23358.0,44181.0,23.1,7.7,93.0,29.8,4.54,110.0,0.0,0.0,
2026-03-03T04:54:01,03/03/202604:54,20.38,0.0,0.0,51.42,0.0,0.0,0.0,0.0,0.0,198.7,23358.0,44181.0,23.1,7.7,93.0,29.8,4.54,110.0,0.0,0.0,
2026-03-03T04:55:00,03/03/202604:55,20.38,0.0,0.0,51.42,0.0,0.0,0.0,0.0,0.0,198.7,23358.0,44181.0,23.1,7.7,93.0,29.8,4.54,110.0,0.0,0.0,
2026-03-03T04:56:00,03/03/202604:56,20.38,0.0,0.0,51.42999999999999,0.0,0.0,0.0,0.0,0.0,198.7,23358.0,44181.0,23.1,7.7,93.0,29.8,4.54,110.0,0.0,0.0,
2026-03-03T04:57:34,03/03/202604:57,20.38,0.0,0.0,51.42999999999999,0.0,0.0,0.0,0.0,0.0,198.7,23358.0,44181.0,23.1,7.7,93.0,29.8,4.54,110.0,0.0,0.0,
2026-03-03T04:58:00,03/03/202604:58,20.389999999999997,0.0,0.0,51.44,0.0,0.0,0.0,0.0,0.0,198.7,23358.0,44181.0,23.1,7.7,93.0,29.8,4.54,110.0,0.0,0.0,
2026-03-03T04:58:33,03/03/202604:58,20.389999999999997,0.0,0.0,51.45,0.0,0.0,0.0,0.0,0.0,198.7,23358.0,44181.0,23.1,7.7,93.0,29.8,4.54,110.0,0.0,0.0,
2026-03-03T04:59:00,03/03/202604:59,20.38,0.0,0.0,51.46,0.0,0.0,0.0,0.0,0.0,198.7,23358.0,44181.0,23.1,7.7,93.0,29.8,4.54,110.0,0.0,0.0,
2026-03-03T04:59:33,03/03/202604:59,20.38,0.0,0.0,51.470000000000006,0.0,0.0,0.0,0.0,0.0,198.7,23358.0,44181.0,23.1,7.7,93.0,29.8,4.54,110.0,0.0,0.0,
2026-03-03T05:00:00,03/03/202605:00,20.38,0.0,0.0,51.470000000000006,0.0,0.0,0.0,0.0,0.0,198.7,23358.0,44181.0,23.1,7.7,93.0,29.8,4.54,110.0,0.0,0.0,
2026-03-03T05:01:00,03/03/202605:01,20.38,0.0,0.0,51.470000000000006,0.0,0.0,0.0,0.0,0.0,198.7,23358.0,44181.0,23.1,7.7,93.0,29.8,4.54,110.0,0.0,0.0,
2026-03-03T05:02:01,03/03/202605:02,20.38,0.0,0.0,51.48,0.0,0.0,0.0,0.0,0.0,198.7,23358.0,44181.0,23.1,7.709999999999999,93.1,29.802,4.577,110.4,0.0,0.0,
2026-03-03T05:02:05,03/03/202605:02,20.369999999999997,0.0,0.0,51.489999999999995,0.0,0.0,0.0,0.0,0.0,198.7,23358.0,44181.0,23.1,7.720000000000001,93.2,29.804000000000002,4.614,110.8,0.0,0.0,
2026-03-03T05:03:00,03/03/202605:03,20.36,0.0,0.0,51.489999999999995,0.0,0.0,0.0,0.0,0.0,198.7,23358.0,44181.0,23.1,7.7299999999999995,93.3,29.806,4.651,111.2,0.0,0.0,
2026-03-03T05:04:04,03/03/202605:04,20.36,0.0,0.0,51.48,0.0,0.0,0.0,0.0,0.0,198.7,23358.0,44181.0,23.1,7.74,93.4,29.808,4.688000000000001,111.6,0.0,0.0,
2026-03-03T05:04:30,03/03/202605:04,20.35,0.0,0.0,51.470000000000006,0.0,0.0,0.0,0.0,0.0,198.7,23358.0,44181.0,23.1,7.75,93.5,29.810000000000002,4.725,112.0,0.0,0.0,
2026-03-03T05:05:00,03/03/202605:05,20.35,0.0,0.0,51.46,0.0,0.0,0.0,0.0,0.0,198.7,23358.0,44181.0,23.1,7.76,93.6,29.812,4.7620000000000005,112.4,0.0,0.0,
2026-03-03T05:05:29,03/03/202605:05,20.36,0.0,0.0,51.45,0.0,0.0,0.0,0.0,0.0,198.7,23358.0,44181.0,23.1,7.7700000000000005,93.7,29.814,4.799,112.8,0.0,0.0,
2026-03-03T05:06:01,03/03/202605:06,20.36,0.0,0.0,51.44,0.0,0.0,0.0,0.0,0.0,198.7,23358.0,44181.0,23.1,7.779999999999999,93.8,29.816000000000003,4.836,113.2,0.0,0.0,
2026-03-03T05:06:29,03/03/202605:06,20.35,0.0,0.0,51.42999999999999,0.0,0.0,0.0,0.0,0.0,198.7,23358.0,44181.0,23.1,7.790000000000001,93.9,29.818,4.873,113.6,0.0,0.0,
2026-03-03T05:07:00,03/03/202605:07,20.34,0.0,0.0,51.42999999999999,0.0,0.0,0.0,0.0,0.0,198.7,23358.0,44181.0,23.1,7.8,94.0,29.82,4.91,114.0,0.0,0.0,
2026-03-03T05:07:24,03/03/202605:07,20.34,0.0,0.0,51.42,0.0,0.0,0.0,0.0,0.0,198.7,23358.0,44181.0,23.1,7.8,94.0,29.82,4.91,114.0,0.0,0.0,
2026-03-03T05:08:46,03/03/202605:08,20.35,0.0,0.0,51.410000000000004,0.0,0.0,0.0,0.0,0.0,198.7,23358.0,44181.0,23.1,7.8,94.0,29.82,4.91,114.0,0.0,0.0,
2026-03-03T05:09:01,03/03/202605:09,20.36,0.0,0.0,51.4,0.0,0.0,0.0,0.0,0.0,198.7,23358.0,44181.0,23.1,7.8,94.0,29.82,4.91,114.0,0.0,0.0,
2026-03-03T05:09:23,03/03/202605:09,20.35,0.0,0.0,51.4,0.0,0.0,0.0,0.0,0.0,198.7,23358.0,44181.0,23.1,7.8,94.0,29.82,4.91,114.0,0.0,0.0,
2026-03-03T05:10:01,03/03/202605:10,20.35,0.0,0.0,51.4,0.0,0.0,0.0,0.0,0.0,198.7,23358.0,44181.0,23.1,7.8,94.0,29.82,4.91,114.0,0.0,0.0,
2026-03-03T05:10:24,03/03/202605:10,20.36,0.0,0.0,51.410000000000004,0.0,0.0,0.0,0.0,0.0,198.7,23358.0,44181.0,23.1,7.8,94.0,29.82,4.91,114.0,0.0,0.0,
2026-03-03T05:11:00,03/03/202605:11,20.36,0.0,0.0,51.42,0.0,0.0,0.0,0.0,0.0,198.7,23358.0,44181.0,23.1,7.8,94.0,29.82,4.91,114.0,0.0,0.0,
2026-03-03T05:12:01,03/03/202605:12,20.36,0.0,0.0,51.42999999999999,0.0,0.0,0.0,0.0,0.0,198.7,23358.0,44181.0,23.1,7.8,94.0,29.82,4.91,114.0,0.0,0.0,
2026-03-03T05:13:00,03/03/202605:13,20.369999999999997,0.0,0.0,51.42999999999999,0.0,0.0,0.0,0.0,0.0,198.7,23358.0,44181.0,23.1,7.8,94.0,29.82,4.91,114.0,0.0,0.0,
2026-03-03T05:14:00,03/03/202605:14,20.38,0.0,0.0,51.42999999999999,0.0,0.0,0.0,0.0,0.0,198.7,23358.0,44181.0,23.1,7.8,94.0,29.82,4.91,114.0,0.0,0.0,
2026-03-03T05:15:01,03/03/202605:15,20.38,0.0,0.0,51.42999999999999,0.0,0.0,0.0,0.0,0.0,198.7,23358.0,44181.0,23.1,7.8,94.0,29.82,4.91,114.0,0.0,0.0,
2026-03-03T05:16:01,03/03/202605:16,20.38,0.0,0.0,51.44,0.0,0.0,0.0,0.0,0.0,198.7,23358.0,44181.0,23.1,7.8,94.0,29.82,4.91,114.0,0.0,0.0,
2026-03-03T05:16:24,03/03/202605:16,20.369999999999997,0.0,0.0,51.44,0.0,0.0,0.0,0.0,0.0,198.7,23358.0,44181.0,23.1,7.82,94.0,29.818,4.829,113.8,0.0,0.0,
2026-03-03T05:17:00,03/03/202605:17,20.369999999999997,0.0,0.0,51.44,0.0,0.0,0.0,0.0,0.0,198.7,23358.0,44181.0,23.1,7.840000000000001,94.0,29.816000000000003,4.748,113.6,0.0,0.0,
2026-03-03T05:17:24,03/03/202605:17,20.38,0.0,0.0,51.44,0.0,0.0,0.0,0.0,0.0,198.7,23358.0,44181.0,23.1,7.859999999999999,94.0,29.814,4.667,113.4,0.0,0.0,
2026-03-03T05:18:01,03/03/202605:18,20.38,0.0,0.0,51.42999999999999,0.0,0.0,0.0,0.0,0.0,198.7,23358.0,44181.0,23.1,7.88,94.0,29.812,4.586,113.2,0.0,0.0,
2026-03-03T05:19:57,03/03/202605:19,20.369999999999997,0.0,0.0,51.42999999999999,0.0,0.0,0.0,0.0,0.0,198.7,23358.0,44181.0,23.1,7.9,94.0,29.810000000000002,4.505,113.0,0.0,0.0,
2026-03-03T05:20:00,03/03/202605:20,20.36,0.0,0.0,51.42999999999999,0.0,0.0,0.0,0.0,0.0,198.7,23358.0,44181.0,23.1,7.92,94.0,29.808,4.4239999999999995,112.8,0.0,0.0,
2026-03-03T05:20:47,03/03/202605:20,20.36,0.0,0.0,51.42999999999999,0.0,0.0,0.0,0.0,0.0,198.7,23358.0,44181.0,23.1,7.94,94.0,29.806,4.343,112.6,0.0,0.0,
2026-03-03T05:21:00,03/03/202605:21,20.36,0.0,0.0,51.42999999999999,0.0,0.0,0.0,0.0,0.0,198.7,23358.0,44181.0,23.1,7.959999999999999,94.0,29.804000000000002,4.262,112.4,0.0,0.0,
2026-03-03T05:21:46,03/03/202605:21,20.35,0.0,0.0,51.42999999999999,0.0,0.0,0.0,0.0,0.0,198.7,23358.0,44181.0,23.1,7.9799999999999995,94.0,29.802,4.180999999999999,112.2,0.0,0.0,
2026-03-03T05:22:00,03/03/202605:22,20.34,0.0,0.0,51.42,0.0,0.0,0.0,0.0,0.0,198.7,23358.0,44181.0,23.1,8.0,94.0,29.8,4.1,112.0,0.0,0.0,
2026-03-03T05:22:47,03/03/202605:22,20.35,0.0,0.0,51.42,0.0,0.0,0.0,0.0,0.0,198.7,23358.0,44181.0,23.1,8.0,94.0,29.8,4.1,112.0,0.0,0.0,
2026-03-03T05:23:00,03/03/202605:23,20.36,0.0,0.0,51.42,0.0,0.0,0.0,0.0,0.0,198.7,23358.0,44181.0,23.1,8.0,94.0,29.8,4.1,112.0,0.0,0.0,
2026-03-03T05:23:46,03/03/202605:23,20.35,0.0,0.0,51.42,0.0,0.0,0.0,0.0,0.0,198.7,23358.0,44181.0,23.1,8.0,94.0,29.8,4.1,112.0,0.0,0.0,
2026-03-03T05:24:00,03/03/202605:24,20.34,0.0,0.0,51.42,0.0,0.0,0.0,0.0,0.0,198.7,23358.0,44181.0,23.1,8.0,94.0,29.8,4.1,112.0,0.0,0.0,
2026-03-03T05:24:35,03/03/202605:24,20.35,0.0,0.0,51.410000000000004,0.0,0.0,0.0,0.0,0.0,198.7,23358.0,44181.0,23.1,8.0,94.0,29.8,4.1,112.0,0.0,0.0,
2026-03-03T05:25:00,03/03/202605:25,20.36,0.0,0.0,51.4,0.0,0.0,0.0,0.0,0.0,198.7,23358.0,44181.0,23.1,8.0,94.0,29.8,4.1,112.0,0.0,0.0,
2026-03-03T05:25:35,03/03/202605:25,20.35,0.0,0.0,51.410000000000004,0.0,0.0,0.0,0.0,0.0,198.7,23358.0,44181.0,23.1,8.0,94.0,29.8,4.1,112.0,0.0,0.0,
2026-03-03T05:26:00,03/03/202605:26,20.34,0.0,0.0,51.42,0.0,0.0,0.0,0.0,0.0,198.7,23358.0,44181.0,23.1,8.0,94.0,29.8,4.1,112.0,0.0,0.0,
2026-03-03T05:27:00,03/03/202605:27,20.34,0.0,0.0,51.42,0.0,0.0,0.0,0.0,0.0,198.7,23358.0,44181.0,23.1,8.0,94.0,29.8,4.1,112.0,0.0,0.0,
2026-03-03T05:27:35,03/03/202605:27,20.35,0.0,0.0,51.42,0.0,0.0,0.0,0.0,0.0,198.7,23358.0,44181.0,23.1,8.0,94.0,29.8,4.1,112.0,0.0,0.0,
2026-03-03T05:28:00,03/03/202605:28,20.35,0.0,0.0,51.42,0.0,0.0,0.0,0.0,0.0,198.7,23358.0,44181.0,23.1,8.0,94.0,29.8,4.1,112.0,0.0,0.0,
2026-03-03T05:29:00,03/03/202605:29,20.35,0.0,0.0,51.42,0.0,0.0,0.0,0.0,0.0,198.7,23358.0,44181.0,23.1,8.0,94.0,29.8,4.1,112.0,0.0,0.0,
2026-03-03T05:31:07,03/03/202605:31,20.35,0.0,0.0,51.42,0.0,0.0,0.0,0.0,0.0,198.7,23358.0,44181.0,23.1,7.94,94.0,29.8,4.013,111.4,0.0,0.0,
2026-03-03T05:32:00,03/03/202605:32,20.35,0.0,0.0,51.42,0.0,0.0,0.0,0.0,0.0,198.7,23358.0,44181.0,23.1,7.87,93.9,29.8,3.7399999999999998,110.1,0.0,0.0,
2026-03-03T05:32:35,03/03/202605:32,20.35,0.0,0.0,51.42,0.0,0.0,0.0,0.0,0.0,198.7,23358.0,44181.0,23.1,7.8,93.8,29.8,3.4669999999999996,108.8,0.0,0.0,
2026-03-03T05:33:01,03/03/202605:33,20.35,0.0,0.0,51.42,0.0,0.0,0.0,0.0,0.0,198.7,23358.0,44181.0,23.1,7.7299999999999995,93.7,29.8,3.194,107.5,0.0,0.0,
2026-03-03T05:34:00,03/03/202605:34,20.36,0.0,0.0,51.410000000000004,0.0,0.0,0.0,0.0,0.0,198.7,23358.0,44181.0,23.1,7.659999999999999,93.6,29.8,2.921,106.2,0.0,0.0,
2026-03-03T05:35:01,03/03/202605:35,20.369999999999997,0.0,0.0,51.4,0.0,0.0,0.0,0.0,0.0,198.7,23358.0,44181.0,23.2,7.590000000000001,93.5,29.8,2.648,104.9,0.0,0.0,
2026-03-03T05:36:01,03/03/202605:36,20.38,0.0,0.0,51.4,0.0,0.0,0.0,0.0,0.0,198.7,23358.0,44181.0,23.1,7.5200000000000005,93.4,29.8,2.375,103.6,0.0,0.0,
2026-03-03T05:36:43,03/03/202605:36,20.369999999999997,0.0,0.0,51.4,0.0,0.0,0.0,0.0,0.0,198.7,23358.0,44181.0,23.1,7.45,93.3,29.8,2.102,102.3,0.0,0.0,
2026-03-03T05:37:01,03/03/202605:37,20.36,0.0,0.0,51.4,0.0,0.0,0.0,0.0,0.0,198.7,23358.0,44181.0,23.1,7.38,93.2,29.8,1.829,101.0,0.0,0.0,
2026-03-03T05:37:43,03/03/202605:37,20.36,0.0,0.0,51.4,0.0,0.0,0.0,0.0,0.0,198.7,23358.0,44181.0,23.1,7.31,93.1,29.8,1.556,99.7,0.0,0.0,
2026-03-03T05:38:00,03/03/202605:38,20.369999999999997,0.0,0.0,51.4,0.0,0.0,0.0,0.0,0.0,198.7,23358.0,44181.0,23.1,7.3,93.0,29.8,1.37,99.0,0.0,0.0,
2026-03-03T05:38:43,03/03/202605:38,20.369999999999997,0.0,0.0,51.4,0.0,0.0,0.0,0.0,0.0,198.7,23358.0,44181.0,23.1,7.3,93.0,29.8,1.37,99.0,0.0,0.0,
2026-03-03T05:39:01,03/03/202605:39,20.36,0.0,0.0,51.4,0.0,0.0,0.0,0.0,0.0,198.7,23358.0,44181.0,23.1,7.3,93.0,29.8,1.37,99.0,0.0,0.0,
2026-03-03T05:40:01,03/03/202605:40,20.35,0.0,0.0,51.4,0.0,0.0,0.0,0.0,0.0,198.7,23358.0,44181.0,23.1,7.3,93.0,29.8,1.37,99.0,0.0,0.0,
2026-03-03T05:40:42,03/03/202605:40,20.35,0.0,0.0,51.4,0.0,0.0,0.0,0.0,0.0,198.7,23358.0,44181.0,23.1,7.3,93.0,29.8,1.37,99.0,0.0,0.0,
2026-03-03T05:41:00,03/03/202605:41,20.35,0.0,0.0,51.4,0.0,0.0,0.0,0.0,0.0,198.7,23358.0,44181.0,23.1,7.3,93.0,29.8,1.37,99.0,0.0,0.0,
2026-03-03T05:42:24,03/03/202605:42,20.35,0.0,0.0,51.4,0.0,0.0,0.0,0.0,0.0,198.7,23358.0,44181.0,23.1,7.3,93.0,29.8,1.37,99.0,0.0,0.0,
2026-03-03T05:43:00,03/03/202605:43,20.36,0.0,0.0,51.4,0.0,0.0,0.0,0.0,0.0,198.7,23358.0,44181.0,23.1,7.3,93.0,29.8,1.37,99.0,0.0,0.0,
2026-03-03T05:43:24,03/03/202605:43,20.36,0.0,0.0,51.39,0.0,0.0,0.0,0.0,0.0,198.7,23358.0,44181.0,23.1,7.3,93.0,29.8,1.37,99.0,0.0,0.0,
2026-03-03T05:44:01,03/03/202605:44,20.35,0.0,0.0,51.379999999999995,0.0,0.0,0.0,0.0,0.0,198.7,23358.0,44181.0,23.1,7.3,93.0,29.8,1.37,99.0,0.0,0.0,
2026-03-03T05:44:23,03/03/202605:44,20.35,0.0,0.0,51.379999999999995,0.0,0.0,0.0,0.0,0.0,198.7,23358.0,44181.0,23.1,7.3,93.0,29.8,1.37,99.0,0.0,0.0,
2026-03-03T05:45:01,03/03/202605:45,20.36,0.0,0.0,51.379999999999995,0.0,0.0,0.0,0.0,0.0,198.7,23358.0,44181.0,23.1,7.3,93.0,29.8,1.37,99.0,0.0,0.0,
2026-03-03T05:45:37,03/03/202605:45,20.36,0.0,0.0,51.379999999999995,0.0,0.0,0.0,0.0,0.0,198.7,23358.0,44181.0,23.1,7.290000000000001,92.9,29.8,1.4380000000000002,98.7,0.0,0.0,
2026-03-03T05:46:01,03/03/202605:46,20.36,0.0,0.0,51.379999999999995,0.0,0.0,0.0,0.0,0.0,198.7,23358.0,44181.0,23.1,7.279999999999999,92.8,29.8,1.506,98.4,0.0,0.0,
2026-03-03T05:47:00,03/03/202605:47,20.35,0.0,0.0,51.379999999999995,0.0,0.0,0.0,0.0,0.0,198.7,23358.0,44181.0,23.1,7.2700000000000005,92.7,29.8,1.574,98.1,0.0,0.0,
2026-03-03T05:47:37,03/03/202605:47,20.35,0.0,0.0,51.379999999999995,0.0,0.0,0.0,0.0,0.0,198.7,23358.0,44181.0,23.1,7.26,92.6,29.8,1.6420000000000001,97.8,0.0,0.0,
2026-03-03T05:48:01,03/03/202605:48,20.35,0.0,0.0,51.379999999999995,0.0,0.0,0.0,0.0,0.0,198.7,23358.0,44181.0,23.1,7.25,92.5,29.8,1.7100000000000002,97.5,0.0,0.0,
2026-03-03T05:48:37,03/03/202605:48,20.34,0.0,0.0,51.379999999999995,0.0,0.0,0.0,0.0,0.0,198.7,23358.0,44181.0,23.1,7.24,92.4,29.8,1.778,97.2,0.0,0.0,
2026-03-03T05:49:00,03/03/202605:49,20.34,0.0,0.0,51.39,0.0,0.0,0.0,0.0,0.0,198.7,23358.0,44181.0,23.1,7.2299999999999995,92.3,29.8,1.846,96.9,0.0,0.0,
2026-03-03T05:49:37,03/03/202605:49,20.35,0.0,0.0,51.4,0.0,0.0,0.0,0.0,0.0,198.7,23358.0,44181.0,23.1,7.220000000000001,92.2,29.8,1.9140000000000001,96.6,0.0,0.0,
2026-03-03T05:50:01,03/03/202605:50,20.35,0.0,0.0,51.4,0.0,0.0,0.0,0.0,0.0,198.7,23358.0,44181.0,23.1,7.209999999999999,92.1,29.8,1.982,96.3,0.0,0.0,
2026-03-03T05:51:00,03/03/202605:51,20.35,0.0,0.0,51.4,0.0,0.0,0.0,0.0,0.0,198.7,23358.0,44181.0,23.1,7.2,92.0,29.8,2.05,96.0,0.0,0.0,
2026-03-03T05:51:37,03/03/202605:51,20.35,0.0,0.0,51.4,0.0,0.0,0.0,0.0,0.0,198.7,23358.0,44181.0,23.1,7.2,92.0,29.8,2.05,96.0,0.0,0.0,
2026-03-03T05:52:01,03/03/202605:52,20.35,0.0,0.0,51.4,0.0,0.0,0.0,0.0,0.0,198.7,23358.0,44181.0,23.1,7.2,92.0,29.8,2.05,96.0,0.0,0.0,
2026-03-03T05:53:30,03/03/202605:53,20.36,0.0,0.0,51.4,0.0,0.0,0.0,0.0,0.0,198.7,23358.0,44181.0,23.1,7.2,92.0,29.8,2.05,96.0,0.0,0.0,
2026-03-03T05:54:01,03/03/202605:54,20.36,0.0,0.0,51.4,0.0,0.0,0.0,0.0,0.0,198.7,23358.0,44181.0,23.1,7.2,92.0,29.8,2.05,96.0,0.0,0.0,
2026-03-03T05:55:00,03/03/202605:55,20.36,0.0,0.0,51.39,0.0,0.0,0.0,0.0,0.0,198.7,23358.0,44181.0,23.1,7.2,92.0,29.8,2.05,96.0,0.0,0.0,
2026-03-03T05:55:36,03/03/202605:55,20.36,0.0,0.0,51.39,0.0,0.0,0.0,0.0,0.0,198.7,23358.0,44181.0,23.1,7.2,92.0,29.8,2.05,96.0,0.0,0.0,
2026-03-03T05:56:01,03/03/202605:56,20.36,0.0,0.0,51.39,0.0,0.0,0.0,0.0,0.0,198.7,23358.0,44181.0,23.1,7.2,92.0,29.8,2.05,96.0,0.0,0.0,
2026-03-03T05:56:36,03/03/202605:56,20.36,0.0,0.0,51.39,0.0,0.0,0.0,0.0,0.0,198.7,23358.0,44181.0,23.1,7.2,92.0,29.8,2.05,96.0,0.0,0.0,
2026-03-03T05:57:00,03/03/202605:57,20.36,0.0,0.0,51.39,0.0,0.0,0.0,0.0,0.0,198.7,23358.0,44181.0,23.1,7.2,92.0,29.8,2.05,96.0,0.0,0.0,
2026-03-03T05:57:36,03/03/202605:57,20.35,0.0,0.0,51.39,0.0,0.0,0.0,0.0,0.0,198.7,23358.0,44181.0,23.1,7.2,92.0,29.8,2.05,96.0,0.0,0.0,
2026-03-03T05:58:01,03/03/202605:58,20.35,0.0,0.0,51.39,0.0,0.0,0.0,0.0,0.0,198.7,23358.0,44181.0,23.1,7.2,92.0,29.8,2.05,96.0,0.0,0.0,
2026-03-03T05:58:36,03/03/202605:58,20.36,0.0,0.0,51.39,0.0,0.0,0.0,0.0,0.0,198.7,23358.0,44181.0,23.1,7.2,92.0,29.8,2.05,96.0,0.0,0.0,
2026-03-03T05:59:01,03/03/202605:59,20.36,0.0,0.0,51.39,0.0,0.0,0.0,0.0,0.0,198.7,23358.0,44181.0,23.1,7.2,92.0,29.8,2.05,96.0,0.0,0.0,
2026-03-03T05:59:48,03/03/202605:59,20.46,0.0,0.0,51.39,0.0,0.0,0.0,0.0,0.0,198.7,23358.0,44181.0,23.1,7.2,92.0,29.8,2.05,96.0,0.0,0.0,
2026-03-03T06:00:00,03/03/202606:00,20.56,0.0,0.0,51.4,0.0,0.0,0.0,0.0,0.0,198.7,23358.0,44181.0,23.1,7.2,92.0,29.8,2.05,96.0,0.0,0.0,
2026-03-03T06:00:48,03/03/202606:00,20.58,0.0,0.0,51.4,0.0,0.0,0.0,0.0,0.0,198.7,23358.0,44181.0,23.1,7.19,92.0,29.8,2.168,97.9,0.0,0.0,
2026-03-03T06:01:00,03/03/202606:01,20.6,0.0,0.0,51.4,0.0,0.0,0.0,0.0,0.0,198.7,23358.0,44181.0,23.1,7.18,92.0,29.8,2.286,99.8,0.0,0.0,
2026-03-03T06:01:48,03/03/202606:01,20.6,0.0,0.0,51.39,0.0,0.0,0.0,0.0,0.0,198.7,23358.0,44181.0,23.1,7.17,92.0,29.8,2.404,101.7,0.0,0.0,
2026-03-03T06:02:01,03/03/202606:02,20.6,0.0,0.0,51.379999999999995,0.0,0.0,0.0,0.0,0.0,198.7,23358.0,44181.0,23.1,7.159999999999999,92.0,29.8,2.522,103.6,0.0,0.0,
2026-03-03T06:02:47,03/03/202606:02,20.6,0.0,0.0,51.379999999999995,0.0,0.0,0.0,0.0,0.0,198.7,23358.0,44181.0,23.1,7.15,92.0,29.8,2.6399999999999997,105.5,0.0,0.0,
2026-03-03T06:03:00,03/03/202606:03,20.6,0.0,0.0,51.379999999999995,0.0,0.0,0.0,0.0,0.0,198.7,23358.0,44181.0,23.1,7.140000000000001,92.0,29.8,2.758,107.4,0.0,0.0,
2026-03-03T06:04:41,03/03/202606:04,20.6,0.0,0.0,51.379999999999995,0.0,0.0,0.0,0.0,0.0,198.7,23358.0,44181.0,23.1,7.13,92.0,29.8,2.876,109.3,0.0,0.0,
2026-03-03T06:04:48,03/03/202606:04,20.59,0.0,0.0,51.36999999999999,0.0,0.0,0.0,0.0,0.0,198.7,23358.0,44181.0,23.1,7.12,92.0,29.8,2.9939999999999998,111.2,0.0,0.0,
2026-03-03T06:05:01,03/03/202606:05,20.48,0.0,0.0,51.36,0.0,0.0,0.0,0.0,0.0,198.7,23358.0,44181.0,23.1,7.109999999999999,92.0,29.8,3.112,113.1,0.0,0.0,
2026-03-03T06:05:48,03/03/202606:05,20.380000000000003,0.0,0.0,51.36,0.0,0.0,0.0,0.0,0.0,198.7,23358.0,44181.0,23.1,7.1,92.0,29.8,3.2299999999999995,115.0,0.0,0.0,
2026-03-03T06:06:01,03/03/202606:06,20.369999999999997,0.0,0.0,51.36,0.0,0.0,0.0,0.0,0.0,198.7,23358.0,44181.0,23.1,7.1,92.0,29.8,3.2299999999999995,115.0,0.0,0.0,
2026-03-03T06:07:01,03/03/202606:07,20.36,0.0,0.0,51.36,0.0,0.0,0.0,0.0,0.0,198.7,23358.0,44181.0,23.1,7.1,92.0,29.8,3.2299999999999995,115.0,0.0,0.0,
2026-03-03T06:08:01,03/03/202606:08,20.36,0.0,0.0,51.36999999999999,0.0,0.0,0.0,0.0,0.0,198.7,23358.0,44181.0,23.1,7.1,92.0,29.8,3.2299999999999995,115.0,0.0,0.0,
2026-03-03T06:09:01,03/03/202606:09,20.36,0.0,0.0,51.36999999999999,0.0,0.0,0.0,0.0,0.0,198.7,23358.0,44181.0,23.1,7.1,92.0,29.8,3.2299999999999995,115.0,0.0,0.0,
2026-03-03T06:10:01,03/03/202606:10,20.369999999999997,0.0,0.0,51.36999999999999,0.0,0.0,0.0,0.0,0.0,198.7,23358.0,44181.0,23.1,7.1,92.0,29.8,3.2299999999999995,115.0,0.0,0.0,
2026-03-03T06:10:52,03/03/202606:10,20.369999999999997,0.0,0.0,51.36999999999999,0.0,0.0,0.0,0.0,0.0,198.7,23358.0,44181.0,23.1,7.1,92.0,29.8,3.2299999999999995,115.0,0.0,0.0,
2026-03-03T06:11:00,03/03/202606:11,20.36,0.0,0.0,51.36999999999999,0.0,0.0,0.0,0.0,0.0,198.7,23358.0,44181.0,23.1,7.1,92.0,29.8,3.2299999999999995,115.0,0.0,0.0,
2026-03-03T06:11:52,03/03/202606:11,20.369999999999997,0.0,0.0,51.379999999999995,0.0,0.0,0.0,0.0,0.0,198.7,23358.0,44181.0,23.1,7.1,92.0,29.8,3.2299999999999995,115.0,0.0,0.0,
2026-03-03T06:12:01,03/03/202606:12,20.38,0.0,0.0,51.39,0.0,0.0,0.0,0.0,0.0,198.7,23358.0,44181.0,23.1,7.1,92.0,29.8,3.2299999999999995,115.0,0.0,0.0,
2026-03-03T06:13:01,03/03/202606:13,20.38,0.0,0.0,51.39,0.0,0.0,0.0,0.0,0.0,198.7,23358.0,44181.0,23.1,7.1,92.0,29.8,3.2299999999999995,115.0,0.0,0.0,
2026-03-03T06:13:37,03/03/202606:13,20.369999999999997,0.0,0.0,51.39,0.0,0.0,0.0,0.0,0.0,198.7,23358.0,44181.0,23.1,7.1,92.0,29.8,3.2299999999999995,115.0,0.0,0.0,
2026-03-03T06:14:01,03/03/202606:14,20.36,0.0,0.0,51.39,0.0,0.0,0.0,0.0,0.0,198.7,23358.0,44181.0,23.1,7.1,92.0,29.8,3.2299999999999995,115.0,0.0,0.0,
2026-03-03T06:15:53,03/03/202606:15,20.36,0.0,0.0,51.39,0.0,0.0,0.0,0.0,0.0,198.7,23358.0,44181.0,23.1,7.1,92.0,29.8,3.3229999999999995,116.1,0.0,0.0,
2026-03-03T06:16:01,03/03/202606:16,20.36,0.0,0.0,51.4,0.0,0.0,0.0,0.0,0.0,198.7,23358.0,44181.0,23.1,7.1,92.0,29.8,3.4159999999999995,117.2,0.0,0.0,
2026-03-03T06:17:00,03/03/202606:17,20.36,0.0,0.0,51.39,0.0,0.0,0.0,0.0,0.0,198.7,23358.0,44181.0,23.1,7.1,92.0,29.8,3.5090000000000003,118.3,0.0,0.0,
2026-03-03T06:17:37,03/03/202606:17,20.38,0.0,0.0,51.39,0.0,0.0,0.0,0.0,0.0,198.7,23358.0,44181.0,23.1,7.1,92.0,29.8,3.6020000000000003,119.4,0.0,0.0,
2026-03-03T06:18:01,03/03/202606:18,20.4,0.0,0.0,51.39,0.0,0.0,0.0,0.0,0.0,198.7,23358.0,44181.0,23.1,7.1,92.0,29.8,3.6950000000000003,120.5,0.0,0.0,
2026-03-03T06:19:00,03/03/202606:19,20.41,0.0,0.0,51.39,0.0,0.0,0.0,0.0,0.0,198.7,23358.0,44181.0,23.1,7.1,92.0,29.8,3.7880000000000003,121.6,0.0,0.0,
2026-03-03T06:20:01,03/03/202606:20,20.419999999999998,0.0,0.0,51.39,0.0,0.0,0.0,0.0,0.0,198.7,23358.0,44181.0,23.1,7.1,92.0,29.8,3.8810000000000002,122.7,0.0,0.0,
2026-03-03T06:20:45,03/03/202606:20,20.44,0.0,0.0,51.39,0.0,0.0,0.0,0.0,0.0,198.7,23358.0,44181.0,23.1,7.1,92.0,29.8,3.974,123.8,0.0,0.0,
2026-03-03T06:21:01,03/03/202606:21,20.47,0.0,0.0,51.39,0.0,0.0,0.0,0.0,0.0,198.7,23358.0,44181.0,23.1,7.1,92.0,29.8,4.067,124.9,0.0,0.0,
2026-03-03T06:21:46,03/03/202606:21,20.490000000000002,0.0,0.0,51.39,0.0,0.0,0.0,0.0,0.0,198.7,23358.0,44181.0,23.1,7.1,92.0,29.8,4.16,126.0,0.0,0.0,
2026-03-03T06:22:01,03/03/202606:22,20.5,0.0,0.0,51.39,0.0,0.0,0.0,0.0,0.0,198.7,23358.0,44181.0,23.1,7.1,92.0,29.8,4.16,126.0,0.0,0.0,
2026-03-03T06:22:45,03/03/202606:22,20.53,0.0,0.0,51.379999999999995,0.0,0.0,0.0,0.0,0.0,198.7,23358.0,44181.0,23.1,7.1,92.0,29.8,4.16,126.0,0.0,0.0,
2026-03-03T06:23:01,03/03/202606:23,20.56,0.0,0.0,51.379999999999995,0.0,0.0,0.0,0.0,0.0,198.7,23358.0,44181.0,23.1,7.1,92.0,29.8,4.16,126.0,0.0,0.0,
2026-03-03T06:24:00,03/03/202606:24,20.580000000000002,0.0,0.0,51.379999999999995,0.0,0.0,0.0,0.0,0.0,198.7,23358.0,44181.0,23.1,7.1,92.0,29.8,4.16,126.0,0.0,0.0,
2026-03-03T06:24:45,03/03/202606:24,20.61,0.0,0.0,51.379999999999995,0.0,0.0,0.0,0.0,0.0,198.7,23358.0,44181.0,23.1,7.1,92.0,29.8,4.16,126.0,0.0,0.0,
2026-03-03T06:25:01,03/03/202606:25,20.64,0.0,0.0,51.379999999999995,0.0,0.0,0.0,0.0,0.0,198.7,23358.0,44181.0,23.1,7.1,92.0,29.8,4.16,126.0,0.0,0.0,
2026-03-03T06:25:45,03/03/202606:25,20.69,0.0,0.0,51.379999999999995,0.0,0.0,0.0,0.0,0.0,198.7,23358.0,44181.0,23.1,7.1,92.0,29.8,4.16,126.0,0.0,0.0,
2026-03-03T06:27:05,03/03/202606:27,20.75,0.0,0.0,51.36999999999999,0.0,0.0,0.0,0.0,0.0,198.7,23358.0,44181.0,23.1,7.1,92.0,29.8,4.16,126.0,0.0,0.0,
2026-03-03T06:27:45,03/03/202606:27,20.830000000000002,0.0,0.0,51.36999999999999,0.0,0.0,0.0,0.0,0.0,198.7,23358.0,44181.0,23.1,7.1,92.0,29.8,4.16,126.0,0.0,0.0,
2026-03-03T06:28:00,03/03/202606:28,20.919999999999998,0.0,0.0,51.36999999999999,0.0,0.0,0.0,0.0,0.0,198.7,23358.0,44181.0,23.1,7.1,92.0,29.8,4.16,126.0,0.0,0.0,
2026-03-03T06:28:45,03/03/202606:28,21.05,0.0,0.0,51.36,0.0,0.0,0.0,0.0,0.0,198.7,23358.0,44181.0,23.1,7.1,92.0,29.8,4.16,126.0,0.0,0.0,
2026-03-03T06:29:01,03/03/202606:29,21.16,0.0,0.0,51.36,0.0,0.0,0.0,0.0,0.0,198.7,23358.0,44181.0,23.1,7.1,92.0,29.8,4.16,126.0,0.0,0.0,
2026-03-03T06:29:45,03/03/202606:29,21.3,0.0,0.0,51.36999999999999,0.0,0.0,0.0,0.0,0.0,198.7,23358.0,44181.0,23.1,7.1,92.0,29.8,4.16,126.0,0.0,0.0,
2026-03-03T06:30:00,03/03/202606:30,21.44,0.0,0.0,51.36999999999999,0.0,0.0,0.0,0.0,0.0,198.7,23358.0,44181.0,23.1,7.1,92.0,29.8,4.16,126.0,0.0,0.0,
2026-03-03T06:30:45,03/03/202606:30,21.619999999999997,0.0,0.0,51.36,0.0,0.0,0.0,0.0,0.0,198.7,23358.0,44181.0,23.1,7.12,92.0,29.8,4.235,125.4,0.0,0.0,
2026-03-03T06:31:01,03/03/202606:31,21.8,0.0,0.0,51.35,0.0,0.0,0.0,0.0,0.0,198.7,23358.0,44181.0,23.1,7.139999999999999,92.0,29.8,4.3100000000000005,124.8,0.0,0.0,
2026-03-03T06:31:45,03/03/202606:31,22.03,0.0,0.0,51.339999999999996,0.0,0.0,0.0,0.0,0.0,198.7,23358.0,44181.0,23.1,7.159999999999999,92.0,29.8,4.3660000000000005,124.3,0.0,0.0,
2026-03-03T06:32:01,03/03/202606:32,22.240000000000002,0.0,0.0,51.339999999999996,0.0,0.0,0.0,0.0,0.0,198.7,23358.0,44181.0,23.1,7.18,92.0,29.8,4.422,123.8,0.0,0.0,
2026-03-03T06:32:45,03/03/202606:32,22.51,0.0,0.0,51.33,0.0,0.0,0.0,0.0,0.0,198.7,23358.0,44181.0,23.1,7.2,92.0,29.8,4.478,123.3,0.0,0.0,
2026-03-03T06:33:00,03/03/202606:33,22.78,0.0,0.0,51.31999999999999,0.0,0.0,0.0,0.0,0.0,198.7,23358.0,44181.0,23.1,7.220000000000001,92.0,29.8,4.534000000000001,122.8,0.0,0.0,
2026-03-03T06:33:46,03/03/202606:33,23.12,0.0,0.0,51.33,0.0,0.0,0.0,0.0,0.0,198.7,23358.0,44181.0,23.1,7.239999999999999,92.0,29.8,4.59,122.3,0.0,0.0,
2026-03-03T06:34:01,03/03/202606:34,23.46,0.0,0.0,51.339999999999996,0.0,0.0,0.0,0.0,0.0,198.7,23358.0,44181.0,23.1,7.26,92.0,29.8,4.646,121.8,0.0,0.0,
2026-03-03T06:34:45,03/03/202606:34,23.990000000000002,0.0,0.0,51.33,0.0,0.0,0.0,0.0,0.0,198.7,23358.0,44181.0,23.1,7.279999999999999,92.0,29.797000000000004,4.702,121.3,0.0,0.0,
2026-03-03T06:35:00,03/03/202606:35,24.52,0.0,0.0,51.31999999999999,0.0,0.0,0.0,0.0,0.0,198.7,23358.0,44181.0,23.1,7.3,92.0,29.794,4.758,120.8,0.0,0.0,
2026-03-03T06:35:46,03/03/202606:35,25.28,0.0,0.0,51.31999999999999,0.0,0.0,0.0,0.0,0.0,198.7,23358.0,44181.0,23.1,7.3,92.0,29.791000000000004,4.739,120.9,0.0,0.0,
2026-03-03T06:36:01,03/03/202606:36,26.04,0.0,0.0,51.31999999999999,0.0,0.0,0.0,0.0,0.0,198.7,23358.0,44181.0,23.1,7.3,92.0,29.788,4.72,121.0,0.0,0.0,
2026-03-03T06:36:45,03/03/202606:36,27.05,0.0,0.0,51.31999999999999,0.0,0.0,0.0,0.0,0.0,198.7,23358.0,44181.0,23.1,7.3,92.0,29.785000000000004,4.72,121.0,0.0,0.0,
2026-03-03T06:37:00,03/03/202606:37,28.060000000000002,0.0,0.0,51.31999999999999,0.0,0.0,0.0,0.0,0.0,198.7,23358.0,44181.0,23.1,7.3,92.0,29.782,4.72,121.0,0.0,0.0,
2026-03-03T06:38:17,03/03/202606:38,29.410000000000004,0.0,0.0,51.33,0.0,0.0,0.0,0.0,0.0,198.7,23358.0,44181.0,23.1,7.3,92.0,29.779000000000003,4.72,121.0,0.0,0.0,
2026-03-03T06:38:45,03/03/202606:38,31.310000000000002,0.0,0.0,51.339999999999996,0.0,0.0,0.0,0.0,0.0,198.7,23358.0,44181.0,23.1,7.3,92.0,29.776,4.72,121.0,0.0,0.0,
2026-03-03T06:39:01,03/03/202606:39,33.1,0.0,0.0,51.339999999999996,0.0,0.0,0.0,0.0,0.0,198.7,23358.0,44181.0,23.1,7.3,92.0,29.773000000000003,4.72,121.0,0.0,0.0,
2026-03-03T06:39:46,03/03/202606:39,35.83,0.0,0.0,51.339999999999996,0.0,0.0,0.0,0.0,0.0,198.7,23358.0,44181.0,23.1,7.3,92.0,29.77,4.72,121.0,0.0,0.0,
2026-03-03T06:40:01,03/03/202606:40,38.339999999999996,0.0,0.0,51.35,0.0,0.0,0.0,0.0,0.0,198.7,23358.0,44181.0,23.1,7.3,92.0,29.77,4.72,121.0,0.0,0.0,
2026-03-03T06:40:45,03/03/202606:40,40.89,0.0,0.0,51.36,0.0,0.0,0.0,0.0,0.0,198.7,23358.0,44181.0,23.1,7.3,92.0,29.77,4.72,121.0,0.0,0.0,
2026-03-03T06:41:01,03/03/202606:41,43.160000000000004,0.0,0.0,51.36999999999999,0.0,0.0,0.0,0.0,0.0,198.7,23358.0,44181.0,23.1,7.3,92.0,29.77,4.72,121.0,0.0,0.0,
2026-03-03T06:41:45,03/03/202606:41,45.44,0.0,0.0,51.36999999999999,0.0,0.0,0.0,0.0,0.0,198.7,23358.0,44181.0,23.1,7.3,92.0,29.77,4.72,121.0,0.0,0.0,
2026-03-03T06:42:01,03/03/202606:42,47.4,0.0,0.0,51.36999999999999,0.0,0.0,0.0,0.0,0.0,198.7,23358.0,44181.0,23.1,7.3,92.0,29.77,4.72,121.0,0.0,0.0,
2026-03-03T06:42:45,03/03/202606:42,49.35,0.0,0.0,51.379999999999995,0.0,0.0,0.0,0.0,0.0,198.7,23358.0,44181.0,23.1,7.3,92.0,29.77,4.72,121.0,0.0,0.0,
2026-03-03T06:43:01,03/03/202606:43,50.88,0.0,0.0,51.379999999999995,0.0,0.0,0.0,0.0,0.0,198.7,23358.0,44181.0,23.1,7.3,92.0,29.77,4.72,121.0,0.0,0.0,
2026-03-03T06:43:46,03/03/202606:43,51.870000000000005,0.0,0.0,51.379999999999995,0.0,0.0,0.0,0.0,0.0,198.7,23358.0,44181.0,23.1,7.3,92.0,29.77,4.72,121.0,0.0,0.0,
2026-03-03T06:44:01,03/03/202606:44,52.86,0.0,0.0,51.379999999999995,0.0,0.0,0.0,0.0,0.0,198.7,23358.0,44181.0,23.1,7.3,92.0,29.77,4.72,121.0,0.0,0.0,
2026-03-03T06:44:45,03/03/202606:44,52.92,0.0,0.0,51.379999999999995,0.0,0.0,0.0,0.0,0.0,198.7,23358.0,44181.0,23.1,7.3,92.0,29.77,4.72,121.0,0.0,0.0,
2026-03-03T06:45:00,03/03/202606:45,52.98,0.0,0.0,51.379999999999995,0.0,0.0,0.0,0.0,0.0,198.7,23358.0,44181.0,23.1,7.3,92.0,29.77,4.72,121.0,0.0,0.0,
2026-03-03T06:45:46,03/03/202606:45,53.010000000000005,0.0,0.0,51.379999999999995,0.0,0.0,0.0,0.0,0.0,198.7,23358.0,44181.0,23.1,7.340000000000001,92.0,29.77,4.757,120.8,0.0,0.0,
2026-03-03T06:46:01,03/03/202606:46,53.04,0.0,0.0,51.379999999999995,0.0,0.0,0.0,0.0,0.0,198.7,23358.0,44181.0,23.1,7.38,92.0,29.77,4.794,120.6,0.0,0.0,
2026-03-03T06:46:45,03/03/202606:46,53.05,0.0,0.0,51.39,0.0,0.0,0.0,0.0,0.0,198.7,23358.0,44181.0,23.1,7.42,92.0,29.77,4.8309999999999995,120.4,0.0,0.0,
2026-03-03T06:47:00,03/03/202606:47,53.06,0.0,0.0,51.4,0.0,0.0,0.0,0.0,0.0,198.7,23358.0,44181.0,23.1,7.459999999999999,92.0,29.77,4.868,120.2,0.0,0.0,
2026-03-03T06:47:27,03/03/202606:47,53.089999999999996,0.0,0.0,51.39,0.0,0.0,0.0,0.0,0.0,198.7,23358.0,44181.0,23.1,7.5,92.0,29.77,4.904999999999999,120.0,0.0,0.0,
2026-03-03T06:48:01,03/03/202606:48,53.120000000000005,0.0,0.0,51.379999999999995,0.0,0.0,0.0,0.0,0.0,198.7,23358.0,44181.0,23.1,7.540000000000001,92.0,29.77,4.942,119.8,0.0,0.0,
2026-03-03T06:49:28,03/03/202606:49,53.15,0.0,0.0,51.379999999999995,0.0,0.0,0.0,0.0,0.0,198.7,23358.0,44181.0,23.1,7.58,92.0,29.77,4.979,119.6,0.0,0.0,
2026-03-03T06:50:00,03/03/202606:50,53.17999999999999,0.0,0.0,51.379999999999995,0.0,0.0,0.0,0.0,0.0,198.7,23358.0,44181.0,23.1,7.62,92.0,29.77,5.016,119.4,0.0,0.0,
2026-03-03T06:50:27,03/03/202606:50,53.29,0.0,0.0,51.379999999999995,0.0,0.0,0.0,0.0,0.0,198.7,23358.0,44181.0,23.1,7.659999999999999,92.0,29.77,5.053,119.2,0.0,0.0,
2026-03-03T06:51:00,03/03/202606:51,53.4,0.0,0.0,51.379999999999995,0.0,0.0,0.0,0.0,0.0,198.7,23358.0,44181.0,23.1,7.7,92.0,29.77,5.09,119.0,0.0,0.0,
2026-03-03T06:51:27,03/03/202606:51,53.2,0.01,0.532,51.379999999999995,0.0,0.0,0.0,0.0,0.0,198.7,23358.0,44181.0,23.1,7.7,92.0,29.77,5.09,119.0,0.0,0.0,0.0
2026-03-03T06:52:00,03/03/202606:52,53.0,0.02,1.06,51.379999999999995,0.0,0.0,0.0,0.0,0.0,198.7,23358.0,44181.0,23.1,7.7,92.0,29.77,5.09,119.0,0.0,0.0,0.0
2026-03-03T06:52:26,03/03/202606:52,60.260000000000005,0.02,1.2052,51.379999999999995,0.0,0.0,0.0,0.0,0.0,198.7,23358.0,44181.0,23.1,7.7,92.0,29.77,5.09,119.0,0.0,0.0,0.0
2026-03-03T06:53:01,03/03/202606:53,67.52000000000001,0.02,1.3504000000000003,51.379999999999995,0.0,0.0,0.0,0.0,0.0,198.7,23358.0,44181.0,23.1,7.7,92.0,29.77,5.09,119.0,0.0,0.0,0.0
2026-03-03T06:53:27,03/03/202606:53,74.03,0.02,1.4806000000000001,51.39,0.0,0.0,0.0,0.0,0.0,198.7,23358.0,44181.0,23.1,7.7,92.0,29.77,5.09,119.0,0.0,0.0,0.0
2026-03-03T06:54:55,03/03/202606:54,81.27000000000001,0.02,1.6254000000000002,51.39,0.0,0.0,0.0,0.0,0.0,198.7,23358.0,44181.0,23.0,7.7,92.0,29.77,5.09,119.0,0.0,0.0,0.0
2026-03-03T06:55:00,03/03/202606:55,88.5,0.02,1.77,51.379999999999995,0.0,0.0,0.0,0.0,0.0,198.7,23358.0,44181.0,23.0,7.7,92.0,29.77,5.09,119.0,0.0,0.0,0.0
2026-03-03T06:56:00,03/03/202606:56,95.72999999999999,0.02,1.9145999999999999,51.379999999999995,0.0,0.0,0.0,0.0,0.0,198.7,23358.0,44181.0,23.1,7.7,92.0,29.77,5.09,119.0,0.0,0.0,0.0
2026-03-03T06:56:55,03/03/202606:56,102.88,0.02,2.0576,51.36999999999999,0.0,0.0,0.0,0.0,0.0,198.7,23358.0,44181.0,23.1,7.7,92.0,29.77,5.09,119.0,0.0,0.0,0.0
2026-03-03T06:57:00,03/03/202606:57,110.03,0.02,2.2006,51.36,0.0,0.0,0.0,0.0,0.0,198.7,23358.0,44181.0,23.1,7.7,92.0,29.77,5.09,119.0,0.0,0.0,0.0
2026-03-03T06:57:55,03/03/202606:57,117.6,0.01,1.176,51.36,0.0,0.0,0.0,0.0,0.0,198.7,23358.0,44181.0,23.1,7.7,92.0,29.77,5.09,119.0,0.0,0.0,0.0
2026-03-03T06:58:00,03/03/202606:58,125.17,0.0,0.0,51.36,0.0,0.0,0.0,0.0,0.0,198.7,23358.0,44181.0,23.1,7.7,92.0,29.77,5.09,119.0,0.0,0.0,
2026-03-03T06:58:54,03/03/202606:58,125.42,0.0,0.0,51.36,0.0,0.0,0.0,0.0,0.0,198.7,23358.0,44181.0,23.0,7.7,92.0,29.77,5.09,119.0,0.0,0.0,
2026-03-03T06:59:00,03/03/202606:59,125.67,0.0,0.0,51.36,0.0,0.0,0.0,0.0,0.0,198.7,23358.0,44181.0,23.0,7.7,92.0,29.77,5.09,119.0,0.0,0.0,
2026-03-03T07:00:40,03/03/202607:00,126.8,0.0,0.0,51.36,0.0,0.0,0.0,0.0,0.0,198.7,23358.0,44181.0,23.1,7.7,92.0,29.77,5.09,119.0,0.0,0.0,
2026-03-03T07:00:54,03/03/202607:00,127.32000000000001,0.0,0.0,51.36999999999999,0.0,0.0,0.0,0.0,0.0,198.7,23358.0,44181.0,23.1,7.7299999999999995,92.0,29.77,5.1339999999999995,120.4,0.0,0.0,
2026-03-03T07:01:01,03/03/202607:01,127.84,0.0,0.0,51.379999999999995,0.0,0.0,0.0,0.0,0.0,198.7,23358.0,44181.0,23.1,7.76,92.0,29.77,5.178,121.8,0.0,0.0,
2026-03-03T07:01:55,03/03/202607:01,128.45,0.0,0.0,51.379999999999995,0.0,0.0,0.0,0.0,0.0,198.7,23358.0,44181.0,23.0,7.790000000000001,92.0,29.77,5.2219999999999995,123.2,0.0,0.0,
2026-03-03T07:02:01,03/03/202607:02,129.05,0.0,0.0,51.39,0.0,0.0,0.0,0.0,0.0,198.7,23358.0,44181.0,23.0,7.82,92.0,29.77,5.266,124.6,0.0,0.0,
2026-03-03T07:02:54,03/03/202607:02,129.73,0.0,0.0,51.4,0.0,0.0,0.0,0.0,0.0,198.7,23358.0,44181.0,23.1,7.85,92.0,29.77,5.3100000000000005,126.0,0.0,0.0,
2026-03-03T07:03:01,03/03/202607:03,130.29000000000002,0.0,0.0,51.4,0.0,0.0,0.0,0.0,0.0,198.7,23358.0,44181.0,23.1,7.88,92.0,29.77,5.354,127.4,0.0,0.0,
2026-03-03T07:03:55,03/03/202607:03,130.97,0.0,0.0,51.4,0.0,0.0,0.0,0.0,0.0,198.7,23358.0,44181.0,23.1,7.909999999999999,92.0,29.77,5.398000000000001,128.8,0.0,0.0,
2026-03-03T07:04:01,03/03/202607:04,131.52,0.0,0.0,51.4,0.0,0.0,0.0,0.0,0.0,198.7,23358.0,44181.0,23.1,7.94,92.0,29.77,5.442,130.2,0.0,0.0,
2026-03-03T07:04:55,03/03/202607:04,132.12,0.0,0.0,51.39,0.0,0.0,0.0,0.0,0.0,198.7,23358.0,44181.0,23.1,7.970000000000001,92.0,29.77,5.486,131.6,0.0,0.0,
2026-03-03T07:05:01,03/03/202607:05,132.57999999999998,0.0,0.0,51.379999999999995,0.0,0.0,0.0,0.0,0.0,198.7,23358.0,44181.0,23.1,8.0,92.0,29.77,5.53,133.0,0.0,0.0,
2026-03-03T07:05:54,03/03/202607:05,132.94,0.0,0.0,51.379999999999995,0.0,0.0,0.0,0.0,0.0,198.7,23358.0,44181.0,23.0,8.0,92.0,29.77,5.53,133.0,0.0,0.0,
2026-03-03T07:06:01,03/03/202607:06,133.3,0.0,0.0,51.379999999999995,0.0,0.0,0.0,0.0,0.0,198.7,23358.0,44181.0,23.0,8.0,92.0,29.77,5.53,133.0,0.0,0.0,
2026-03-03T07:06:54,03/03/202607:06,133.6,0.0,0.0,51.379999999999995,0.0,0.0,0.0,0.0,0.0,198.7,23358.0,44181.0,23.0,8.0,92.0,29.77,5.53,133.0,0.0,0.0,
2026-03-03T07:07:01,03/03/202607:07,133.9,0.0,0.0,51.379999999999995,0.0,0.0,0.0,0.0,0.0,198.7,23358.0,44181.0,23.0,8.0,92.0,29.77,5.53,133.0,0.0,0.0,
2026-03-03T07:08:24,03/03/202607:08,134.17,0.0,0.0,51.379999999999995,0.0,0.0,0.0,0.0,0.0,198.7,23358.0,44181.0,23.1,8.0,92.0,29.77,5.53,133.0,0.0,0.0,
2026-03-03T07:09:01,03/03/202607:09,134.44,0.0,0.0,51.379999999999995,0.0,0.0,0.0,0.0,0.0,198.7,23358.0,44181.0,23.1,8.0,92.0,29.77,5.53,133.0,0.0,0.0,
2026-03-03T07:09:24,03/03/202607:09,134.61999999999998,0.0,0.0,51.379999999999995,0.0,0.0,0.0,0.0,0.0,198.7,23358.0,44181.0,23.1,8.0,92.0,29.77,5.53,133.0,0.0,0.0,
2026-03-03T07:10:01,03/03/202607:10,134.8,0.0,0.0,51.379999999999995,0.0,0.0,0.0,0.0,0.0,198.7,23358.0,44181.0,23.1,8.0,92.0,29.77,5.53,133.0,0.0,0.0,
2026-03-03T07:10:24,03/03/202607:10,134.97,0.0,0.0,51.39,0.0,0.0,0.0,0.0,0.0,198.7,23358.0,44181.0,23.1,8.0,92.0,29.77,5.53,133.0,0.0,0.0,
2026-03-03T07:11:52,03/03/202607:11,135.18,0.0,0.0,51.4,0.0,0.0,0.0,0.0,0.0,198.7,23358.0,44181.0,23.1,8.0,92.0,29.77,5.53,133.0,0.0,0.0,
2026-03-03T07:12:01,03/03/202607:12,135.37,0.0,0.0,51.4,0.0,0.0,0.0,0.0,0.0,198.7,23358.0,44181.0,23.1,8.0,92.0,29.77,5.53,133.0,0.0,0.0,
2026-03-03T07:12:24,03/03/202607:12,135.59,0.0,0.0,51.4,0.0,0.0,0.0,0.0,0.0,198.7,23358.0,44181.0,23.1,8.0,92.0,29.77,5.53,133.0,0.0,0.0,
2026-03-03T07:13:00,03/03/202607:13,135.78,0.0,0.0,51.4,0.0,0.0,0.0,0.0,0.0,198.7,23358.0,44181.0,23.1,8.0,92.0,29.77,5.53,133.0,0.0,0.0,
2026-03-03T07:13:24,03/03/202607:13,136.0,0.0,0.0,51.4,0.0,0.0,0.0,0.0,0.0,198.7,23358.0,44181.0,23.0,8.0,92.0,29.77,5.53,133.0,0.0,0.0,
2026-03-03T07:14:01,03/03/202607:14,136.17000000000002,0.0,0.0,51.4,0.0,0.0,0.0,0.0,0.0,198.7,23358.0,44181.0,23.0,8.0,92.0,29.77,5.53,133.0,0.0,0.0,
2026-03-03T07:14:24,03/03/202607:14,136.35999999999999,0.0,0.0,51.39,0.0,0.0,0.0,0.0,0.0,198.7,23358.0,44181.0,23.1,8.0,92.0,29.77,5.53,133.0,0.0,0.0,
2026-03-03T07:15:00,03/03/202607:15,136.52,0.0,0.0,51.379999999999995,0.0,0.0,0.0,0.0,0.0,198.7,23358.0,44181.0,23.1,8.0,92.0,29.77,5.53,133.0,0.0,0.0,
2026-03-03T07:15:24,03/03/202607:15,136.70999999999998,0.0,0.0,51.379999999999995,0.0,0.0,0.0,0.0,0.0,198.7,23358.0,44181.0,23.1,8.0,92.0,29.77,5.53,133.0,0.0,0.0,
2026-03-03T07:16:01,03/03/202607:16,136.85999999999999,0.0,0.0,51.379999999999995,0.0,0.0,0.0,0.0,0.0,198.7,23358.0,44181.0,23.1,8.0,92.0,29.77,5.53,133.0,0.0,0.0,
2026-03-03T07:16:24,03/03/202607:16,137.0,0.0,0.0,51.379999999999995,0.0,0.0,0.0,0.0,0.0,198.7,23358.0,44181.0,23.1,8.040000000000001,92.0,29.77,5.549,133.5,0.0,0.0,
2026-03-03T07:17:00,03/03/202607:17,137.14000000000001,0.0,0.0,51.379999999999995,0.0,0.0,0.0,0.0,0.0,198.7,23358.0,44181.0,23.1,8.08,92.0,29.77,5.568,134.0,0.0,0.0,
2026-03-03T07:17:24,03/03/202607:17,129.56,0.03,3.8868,51.379999999999995,0.03,1.5413999999999999,1.5,0.0,0.0,198.7,23358.0,44181.0,23.1,8.120000000000001,92.0,29.77,5.587000000000001,134.5,0.0,0.0,0.396573016363075
2026-03-03T07:18:01,03/03/202607:18,121.97999999999999,0.06,7.3187999999999995,51.379999999999995,0.06,3.0827999999999998,3.0,0.0,0.0,198.7,23358.0,44181.0,23.1,8.16,92.0,29.77,5.606,135.0,0.0,0.0,0.42121659288407937
2026-03-03T07:18:24,03/03/202607:18,114.38,0.09,10.2942,51.39,0.09,4.6251,4.5,0.0,0.0,198.7,23358.0,44181.0,23.1,8.2,92.0,29.77,5.625,135.5,0.0,0.0,0.4492918342367547
2026-03-03T07:19:00,03/03/202607:19,106.78,0.12,12.8136,51.4,0.12,6.167999999999999,6.0,0.0,0.0,198.7,23358.0,44181.0,23.1,8.24,92.0,29.77,5.644,136.0,0.0,0.0,0.48136355122682145
2026-03-03T07:19:23,03/03/202607:19,99.38,0.16,15.9008,51.410000000000004,0.16,8.2256,8.0,0.0,0.0,198.7,23358.0,44181.0,23.0,8.28,92.0,29.77,5.662999999999999,136.5,0.0,0.0,0.5173073052928154
2026-03-03T07:20:01,03/03/202607:20,91.97999999999999,0.2,18.395999999999997,51.42,0.2,10.284,10.0,0.0,0.0,198.7,23358.0,44181.0,23.0,8.32,92.0,29.77,5.682,137.0,0.0,0.0,0.559034572733203
2026-03-03T07:20:24,03/03/202607:20,92.16,0.2,18.432,51.44,0.2,10.288,10.0,0.0,0.0,198.7,23358.0,44181.0,23.0,8.33,92.0,29.77,5.651,136.7,0.0,0.0,0.5581597222222223
2026-03-03T07:21:00,03/03/202607:21,92.34,0.2,18.468,51.46,0.2,10.292000000000002,10.0,0.0,0.0,198.7,23358.0,44181.0,23.0,8.34,92.0,29.77,5.619999999999999,136.4,0.0,0.0,0.5572882824344814
2026-03-03T07:21:24,03/03/202607:21,84.53,0.25,21.1325,51.470000000000006,0.25,12.867500000000001,12.5,0.0,0.0,198.7,23358.0,44181.0,23.0,8.309999999999999,92.0,29.77,5.569999999999999,135.6,0.0,0.0,0.6088962498521235
2026-03-03T07:23:03,03/03/202607:23,76.72999999999999,0.3,23.018999999999995,51.489999999999995,0.3,15.446999999999997,15.0,0.0,0.0,198.7,23358.0,44181.0,23.0,8.28,92.0,29.77,5.52,134.8,0.0,0.0,0.6710543464094878
2026-03-03T07:23:24,03/03/202607:23,76.63,0.32,24.5216,51.510000000000005,0.32999999999999996,16.9983,16.5,0.0,0.0,198.7,23358.0,44181.0,23.0,8.25,92.0,29.77,5.47,134.0,0.0,0.0,0.69319701813911
2026-03-03T07:24:00,03/03/202607:24,76.53,0.33999999999999997,26.0202,51.529999999999994,0.36,18.5508,18.0,0.0,0.0,198.7,23358.0,44181.0,23.0,8.22,92.0,29.77,5.42,133.2,0.0,0.0,0.712938409389628
2026-03-03T07:24:25,03/03/202607:24,79.49,0.37,29.411299999999997,51.55,0.39,20.104499999999998,19.5,0.0,0.0,198.7,23358.0,44181.0,23.0,8.190000000000001,92.0,29.77,5.369999999999999,132.4,0.0,0.0,0.6835638003080449
2026-03-03T07:25:01,03/03/202607:25,82.45,0.4,32.980000000000004,51.57000000000001,0.42000000000000004,21.659400000000005,21.0,0.0,0.0,198.7,23358.0,44181.0,23.0,8.16,92.0,29.77,5.319999999999999,131.6,0.0,0.0,0.6567434808975137
2026-03-03T07:25:25,03/03/202607:25,85.2,0.42000000000000004,35.784000000000006,51.61,0.44000000000000006,22.7084,22.1,0.0,0.0,198.7,23358.0,44181.0,23.1,8.129999999999999,92.0,29.77,5.27,130.8,0.0,0.0,0.6345964676950592
2026-03-03T07:26:01,03/03/202607:26,87.95,0.44000000000000006,38.69800000000001,51.65,0.45999999999999996,23.758999999999997,23.2,0.0,0.0,198.7,23358.0,44181.0,23.1,8.1,92.0,29.77,5.22,130.0,0.0,0.0,0.6139593777456197
2026-03-03T07:26:24,03/03/202607:26,83.1,0.5,41.55,51.67,0.53,27.3851,26.8,0.0,0.0,198.7,23358.0,44181.0,23.0,8.1,92.0,29.77,5.22,130.0,0.0,0.0,0.6590878459687125
2026-03-03T07:27:00,03/03/202607:27,78.25,0.5599999999999999,43.81999999999999,51.69,0.6,31.013999999999996,30.4,0.0,0.0,198.7,23358.0,44181.0,23.0,8.1,92.0,29.77,5.22,130.0,0.0,0.0,0.7077590141487905
2026-03-03T07:27:25,03/03/202607:27,82.17999999999999,0.58,47.66439999999999,51.73,0.61,31.5553,31.0,0.0,0.0,198.7,23358.0,44181.0,23.0,8.1,92.0,29.77,5.22,130.0,0.0,0.0,0.6620307818833344
2026-03-03T07:28:01,03/03/202607:28,86.1,0.6,51.66,51.75,0.6199999999999999,32.084999999999994,31.6,0.0,0.0,198.7,23358.0,44181.0,23.0,8.1,92.0,29.77,5.22,130.0,0.0,0.0,0.6210801393728222
2026-03-03T07:28:29,03/03/202607:28,90.01,0.6199999999999999,55.80619999999999,51.779999999999994,0.63,32.621399999999994,32.2,0.0,0.0,198.7,23358.0,44181.0,23.0,8.1,92.0,29.77,5.22,130.0,0.0,0.0,0.5845479534532005
2026-03-03T07:29:00,03/03/202607:29,93.92,0.6399999999999999,60.108799999999995,51.81,0.6399999999999999,33.15839999999999,32.8,0.0,0.0,198.7,23358.0,44181.0,23.0,8.1,92.0,29.77,5.22,130.0,0.0,0.0,0.5516396933560477
2026-03-03T07:29:29,03/03/202607:29,94.72999999999999,0.65,61.57449999999999,51.839999999999996,0.65,33.696,33.4,0.0,0.0,198.7,23358.0,44181.0,23.0,8.1,92.0,29.77,5.22,130.0,0.0,0.0,0.5472395228544285
2026-03-03T07:30:01,03/03/202607:30,95.53999999999999,0.6599999999999999,63.05639999999999,51.86999999999999,0.6599999999999999,34.23419999999999,34.0,0.0,0.0,198.7,23358.0,44181.0,23.0,8.1,92.0,29.77,5.22,130.0,0.0,0.0,0.5429139627381201
2026-03-03T07:30:28,03/03/202607:30,96.94,0.6599999999999999,63.98039999999999,51.89,0.69,35.8041,35.5,0.0,0.0,198.7,23358.0,44181.0,23.0,8.17,92.0,29.77,5.239,129.8,3.6,0.01,0.5596104431982295
2026-03-03T07:31:01,03/03/202607:31,98.34,0.6599999999999999,64.9044,51.910000000000004,0.72,37.3752,37.0,0.0,0.0,198.7,23358.0,44181.0,23.0,8.24,92.0,29.77,5.258,129.6,7.2,0.02,0.5758500194131677
2026-03-03T07:31:29,03/03/202607:31,99.74,0.6599999999999999,65.82839999999999,51.94,0.74,38.4356,38.0,0.0,0.0,198.7,23358.0,44181.0,23.0,8.309999999999999,92.0,29.77,5.276999999999999,129.4,10.8,0.030000000000000006,0.5838756524539561
2026-03-03T07:32:01,03/03/202607:32,101.14,0.6599999999999999,66.7524,51.970000000000006,0.76,39.49720000000001,39.0,0.0,0.0,198.7,23358.0,44181.0,23.0,8.379999999999999,92.0,29.77,5.296,129.2,14.4,0.04,0.5916970775582602
2026-03-03T07:32:29,03/03/202607:32,101.72999999999999,0.65,66.1245,52.0,0.8,41.6,41.1,0.0,0.0,198.7,23358.0,44181.0,23.0,8.45,92.0,29.77,5.3149999999999995,129.0,18.0,0.05,0.6291162882138995
2026-03-03T07:33:00,03/03/202607:33,102.32000000000001,0.6399999999999999,65.48479999999999,52.04,0.8400000000000001,43.71360000000001,43.2,0.0,0.0,198.7,23358.0,44181.0,23.0,8.52,92.0,29.77,5.3340000000000005,128.8,21.6,0.06000000000000001,0.6675381157154028
2026-03-03T07:34:15,03/03/202607:34,103.05,0.63,64.9215,52.07000000000001,0.86,44.78020000000001,44.2,0.0,0.0,198.7,23358.0,44181.0,23.0,8.59,92.0,29.77,5.353,128.6,25.2,0.07,0.6897591706907574
2026-03-03T07:34:28,03/03/202607:34,103.72999999999999,0.63,65.34989999999999,52.1,0.89,46.369,45.8,0.0,0.0,198.7,23358.0,44181.0,23.0,8.66,92.0,29.77,5.372,128.4,28.8,0.08,0.709549670313191
2026-03-03T07:35:00,03/03/202607:35,104.44000000000001,0.63,65.7972,52.120000000000005,0.9199999999999999,47.9504,47.4,0.0,0.0,198.7,23358.0,44181.0,23.0,8.73,92.0,29.77,5.391,128.2,32.4,0.09,0.7287604943675414
2026-03-03T07:35:29,03/03/202607:35,105.17,0.63,66.25710000000001,52.160000000000004,0.95,49.552,49.0,0.0,0.0,198.7,23358.0,44181.0,23.0,8.8,92.0,29.77,5.41,128.0,36.0,0.1,0.7478745674048516
2026-03-03T07:36:01,03/03/202607:36,105.3,0.6399999999999999,67.39199999999998,52.2,0.96,50.112,49.6,0.0,0.0,198.7,23358.0,44181.0,23.0,8.8,92.0,29.77,5.41,128.0,36.0,0.1,0.7435897435897438
2026-03-03T07:36:28,03/03/202607:36,105.35999999999999,0.65,68.484,52.239999999999995,0.9800000000000001,51.1952,50.7,0.0,0.0,198.7,23358.0,44181.0,23.0,8.8,92.0,29.77,5.41,128.0,36.0,0.1,0.7475497926522984
2026-03-03T07:37:01,03/03/202607:37,105.41,0.6599999999999999,69.57059999999998,52.27,1.0,52.27,51.8,0.0,0.0,198.7,23358.0,44181.0,23.0,8.8,92.0,29.77,5.41,128.0,36.0,0.1,0.7513231163738708
2026-03-03T07:37:29,03/03/202607:37,105.42,0.6799999999999999,71.6856,52.31,1.02,53.3562,52.9,0.0,0.0,198.7,23358.0,44181.0,23.0,8.8,92.0,29.77,5.41,128.0,36.0,0.1,0.7443084803642573
2026-03-03T07:38:29,03/03/202607:38,106.83,0.7,74.78099999999999,52.36,1.05,54.978,54.5,0.0,0.0,198.7,23358.0,44181.0,23.0,8.8,92.0,29.77,5.41,128.0,36.0,0.1,0.7351867452962652
2026-03-03T07:39:01,03/03/202607:39,108.24000000000001,0.72,77.9328,52.410000000000004,1.08,56.60280000000001,56.1,0.0,0.0,198.7,23358.0,44181.0,23.0,8.8,92.0,29.77,5.41,128.0,36.0,0.1,0.7263026607538804
2026-03-03T07:39:29,03/03/202607:39,109.46000000000001,0.73,79.9058,52.46,1.12,58.75520000000001,58.3,0.0,0.0,198.7,23358.0,44181.0,23.0,8.8,92.0,29.77,5.41,128.0,36.0,0.1,0.7353058226061189
2026-03-03T07:40:01,03/03/202607:40,110.72999999999999,0.73,80.8329,52.510000000000005,1.15,60.3865,59.9,0.0,0.0,198.7,23358.0,44181.0,23.0,8.8,92.0,29.77,5.41,128.0,36.0,0.1,0.747053489358912
2026-03-03T07:40:29,03/03/202607:40,111.8,0.74,82.732,52.57000000000001,1.19,62.5583,62.0,0.0,0.0,198.7,23358.0,44181.0,23.0,8.8,92.0,29.77,5.41,128.0,36.0,0.1,0.7561560218536963
2026-03-03T07:41:01,03/03/202607:41,112.85,0.75,84.63749999999999,52.61,1.23,64.7103,64.1,0.0,0.0,198.7,23358.0,44181.0,23.0,8.8,92.0,29.77,5.41,128.0,36.0,0.1,0.7645582631812141
2026-03-03T07:41:30,03/03/202607:41,114.15,0.76,86.754,52.660000000000004,1.27,66.8782,66.3,0.0,0.0,198.7,23358.0,44181.0,23.0,8.8,92.0,29.77,5.41,128.0,36.0,0.1,0.7708947137884132
2026-03-03T07:42:01,03/03/202607:42,115.52000000000001,0.77,88.95040000000002,52.71,1.3,68.52300000000001,68.0,0.0,0.0,198.7,23358.0,44181.0,23.0,8.8,92.0,29.77,5.41,128.0,36.0,0.1,0.7703506673382019
2026-03-03T07:42:29,03/03/202607:42,116.85,0.78,91.143,52.77,1.34,70.71180000000001,70.2,0.0,0.0,198.7,23358.0,44181.0,23.0,8.8,92.0,29.77,5.41,128.0,36.0,0.1,0.7758335801981503
2026-03-03T07:42:59,03/03/202607:42,118.24000000000001,0.79,93.40960000000001,52.82000000000001,1.3800000000000001,72.89160000000001,72.4,0.0,0.0,198.7,23358.0,44181.0,23.0,8.8,92.0,29.77,5.41,128.0,36.0,0.1,0.7803437762285675
2026-03-03T07:43:00,03/03/202607:43,118.22,0.8,94.57600000000001,52.85,1.4,73.99,73.5,0.0,0.0,198.7,23358.0,44181.0,23.0,8.8,92.0,29.77,5.41,128.0,36.0,0.1,0.7823337844696328
2026-03-03T07:44:00,03/03/202607:43,117.67,0.8099999999999999,95.31269999999999,52.9,1.4300000000000002,75.647,75.2,0.0,0.0,198.7,23358.0,44181.0,23.1,8.8,92.0,29.77,5.41,128.0,36.0,0.1,0.79367177721332
2026-03-03T07:44:01,03/03/202607:44,117.17,0.8300000000000001,97.25110000000001,52.95,1.46,77.307,76.9,0.0,0.0,198.7,23358.0,44181.0,23.1,8.8,92.0,29.77,5.41,128.0,36.0,0.1,0.7949215998585105
2026-03-03T07:45:26,03/03/202607:45,116.7,0.85,99.195,53.010000000000005,1.49,78.98490000000001,78.6,0.0,0.0,198.7,23358.0,44181.0,23.0,8.8,92.0,29.77,5.41,128.0,36.0,0.1,0.7962588840163316
2026-03-03T07:46:00,03/03/202607:46,116.78,0.86,100.4308,53.07000000000001,1.52,80.66640000000001,80.3,0.0,0.0,198.7,23358.0,44181.0,23.1,8.9,92.0,29.77,5.391,128.2,40.2,0.11000000000000001,0.8032037980380521
2026-03-03T07:47:00,03/03/202607:47,116.89000000000001,0.8700000000000001,101.69430000000003,53.14,1.55,82.367,82.0,0.0,0.0,198.7,23358.0,44181.0,23.0,9.0,92.0,29.77,5.372,128.4,44.4,0.12000000000000002,0.8099470668464209
2026-03-03T07:48:00,03/03/202607:47,117.30999999999999,0.8800000000000001,103.2328,53.21,1.58,84.07180000000001,83.7,0.0,0.0,198.7,23358.0,44181.0,23.0,9.1,92.0,29.77,5.353,128.6,48.6,0.13,0.8143903875512435
2026-03-03T07:48:01,03/03/202607:48,117.72999999999999,0.89,104.77969999999999,53.279999999999994,1.61,85.7808,85.4,0.0,0.0,198.7,23358.0,44181.0,23.0,9.2,92.0,29.77,5.3340000000000005,128.8,52.8,0.14,0.8186776637077603
2026-03-03T07:49:00,03/03/202607:49,118.22,0.9,106.398,53.35,1.6300000000000001,86.96050000000001,86.6,0.0,0.0,198.7,23358.0,44181.0,23.0,9.3,92.0,29.77,5.3149999999999995,129.0,57.0,0.15,0.8173132953626949
2026-03-03T07:50:00,03/03/202607:50,118.32000000000001,0.9099999999999999,107.6712,53.42,1.6600000000000001,88.67720000000001,88.3,0.0,0.0,198.7,23358.0,44181.0,23.0,9.4,92.0,29.77,5.296,129.2,61.2,0.16,0.823592567000275
2026-03-03T07:51:00,03/03/202607:51,118.45,0.9199999999999999,108.97399999999999,53.5,1.69,90.41499999999999,90.0,0.0,0.0,198.7,23358.0,44181.0,23.0,9.5,92.0,29.77,5.276999999999999,129.4,65.4,0.17,0.8296933213427056
2026-03-03T07:52:01,03/03/202607:52,118.3,0.95,112.38499999999999,53.57000000000001,1.7100000000000002,91.60470000000002,91.2,0.0,0.0,198.7,23358.0,44181.0,23.0,9.6,92.0,29.77,5.258,129.6,69.6,0.18,0.8150972104818262
2026-03-03T07:53:00,03/03/202607:53,118.10999999999999,0.9800000000000001,115.7478,53.65,1.7399999999999998,93.35099999999998,92.9,0.0,0.0,198.7,23358.0,44181.0,23.0,9.7,92.0,29.77,5.239,129.8,73.8,0.19,0.8065034497415933
2026-03-03T07:54:00,03/03/202607:54,119.38,1.01,120.57379999999999,53.73,1.78,95.6394,95.2,0.0,0.0,198.7,23358.0,44181.0,23.0,9.8,92.0,29.77,5.22,130.0,78.0,0.2,0.7932021716160559
2026-03-03T07:55:00,03/03/202607:55,120.24000000000001,1.04,125.04960000000001,53.8,1.8199999999999998,97.91599999999998,97.5,0.0,0.0,198.7,23358.0,44181.0,23.0,9.8,92.1,29.77,5.22,130.0,78.0,0.2,0.7830172987358613
2026-03-03T07:56:37,03/03/202607:56,121.1,1.0699999999999998,129.57699999999997,53.879999999999995,1.8699999999999999,100.75559999999999,100.4,0.0,0.0,198.7,23358.0,44181.0,23.0,9.8,92.2,29.77,5.22,130.0,78.0,0.2,0.7775731804255386
2026-03-03T07:57:00,03/03/202607:57,120.82000000000001,1.1,132.90200000000002,53.94,1.9300000000000002,104.1042,103.7,0.0,0.0,198.7,23358.0,44181.0,23.0,9.8,92.3,29.77,5.22,130.0,78.0,0.2,0.7833155257257227
2026-03-03T07:58:00,03/03/202607:57,121.08,1.1400000000000001,138.0312,54.010000000000005,1.98,106.9398,106.5,0.0,0.0,198.7,23358.0,44181.0,23.0,9.8,92.4,29.77,5.22,130.0,78.0,0.2,0.7747509258776276
2026-03-03T07:58:01,03/03/202607:58,121.30999999999999,1.1800000000000002,143.1458,54.07000000000001,2.0300000000000002,109.76210000000003,109.3,0.0,0.0,198.7,23358.0,44181.0,23.0,9.8,92.5,29.77,5.22,130.0,78.0,0.2,0.7667853335550189
2026-03-03T07:59:00,03/03/202607:59,121.85,1.21,147.43849999999998,54.14,2.08,112.61120000000001,112.2,0.0,0.0,198.7,23358.0,44181.0,23.0,9.8,92.6,29.77,5.22,130.0,78.0,0.2,0.7637842218959093
2026-03-03T07:59:47,03/03/202607:59,122.38,1.24,151.75119999999998,54.2,2.1399999999999997,115.98799999999999,115.6,0.0,0.0,198.7,23358.0,44181.0,23.0,9.8,92.7,29.77,5.22,130.0,78.0,0.2,0.7643300349519476
2026-03-03T08:00:01,03/03/202608:00,123.72,1.25,154.65,54.25,2.2,119.35000000000001,118.9,0.0,0.0,198.7,23358.0,44181.0,23.0,9.8,92.8,29.77,5.22,130.0,78.0,0.2,0.771742644681539
2026-03-03T08:00:47,03/03/202608:00,125.12,1.26,157.65120000000002,54.29,2.25,122.1525,121.7,0.0,0.0,198.7,23358.0,44181.0,23.0,9.91,92.9,29.77,5.282,131.0,82.6,0.2,0.7748275940811107
2026-03-03T08:01:00,03/03/202608:01,125.03,1.27,158.78810000000001,54.32000000000001,2.29,124.39280000000002,123.9,0.0,0.0,198.7,23358.0,44181.0,23.0,10.02,93.0,29.77,5.343999999999999,132.0,87.2,0.2,0.7833886796302746
2026-03-03T08:01:46,03/03/202608:01,124.97,1.28,159.9616,54.36,2.33,126.6588,126.2,0.0,0.0,198.7,23358.0,44181.0,23.0,10.13,93.0,29.77,5.406,133.0,91.8,0.2,0.791807533808114
2026-03-03T08:02:00,03/03/202608:02,124.88,1.29,161.0952,54.379999999999995,2.3600000000000003,128.3368,127.9,0.0,0.0,198.7,23358.0,44181.0,23.0,10.24,93.0,29.77,5.468,134.0,96.4,0.2,0.7966519176238647
2026-03-03T08:02:47,03/03/202608:02,125.37,1.31,164.2347,54.410000000000004,2.3899999999999997,130.0399,129.6,0.0,1.0,198.7,23358.0,44181.0,23.0,10.35,93.0,29.77,5.529999999999999,135.0,101.0,0.2,0.7917930863575114
2026-03-03T08:03:00,03/03/202608:02,125.33,1.3199999999999998,165.43559999999997,54.42999999999999,2.43,132.26489999999998,131.8,0.0,1.0,198.7,23358.0,44181.0,23.0,10.46,93.0,29.77,5.5920000000000005,136.0,105.6,0.2,0.7994947883043312
2026-03-03T08:03:01,03/03/202608:03,125.29,1.33,166.6357,54.45,2.4699999999999998,134.4915,134.0,0.0,1.0,198.7,23358.0,44181.0,23.0,10.57,93.0,29.77,5.654,137.0,110.2,0.2,0.8070989589865797
2026-03-03T08:03:59,03/03/202608:03,125.3,1.34,167.90200000000002,54.46,2.5,136.15,135.6,0.0,1.0,198.7,23358.0,44181.0,23.0,10.680000000000001,93.0,29.77,5.715999999999999,138.0,114.8,0.2,0.8108896856499624
2026-03-03T08:04:00,03/03/202608:04,125.29,1.35,169.1415,54.470000000000006,2.52,137.26440000000002,136.7,0.0,1.0,198.7,23358.0,44181.0,23.0,10.790000000000001,93.0,29.77,5.7780000000000005,139.0,119.4,0.2,0.8115359033708464
2026-03-03T08:05:00,03/03/202608:04,125.30999999999999,1.3599999999999999,170.42159999999996,54.489999999999995,2.55,138.94949999999997,138.4,0.0,1.0,198.7,23358.0,44181.0,23.0,10.9,93.0,29.77,5.84,140.0,124.0,0.2,0.8153279865932488
2026-03-03T08:05:01,03/03/202608:05,125.30999999999999,1.3699999999999999,171.67469999999997,54.510000000000005,2.58,140.63580000000002,140.1,0.0,1.0,198.7,23358.0,44181.0,23.0,10.9,93.0,29.77,5.84,140.0,124.0,0.2,0.8191993345554123
2026-03-03T08:05:59,03/03/202608:05,125.33,1.38,172.9554,54.52,2.6100000000000003,142.29720000000003,141.8,0.0,1.0,198.7,23358.0,44181.0,23.0,10.9,93.0,29.77,5.84,140.0,124.0,0.2,0.8227392726679829
2026-03-03T08:06:01,03/03/202608:06,125.38,1.39,174.27819999999997,54.52,2.63,143.3876,142.9,0.0,1.0,198.7,23358.0,44181.0,23.0,10.9,93.0,29.77,5.84,140.0,124.0,0.2,0.8227512104210396
2026-03-03T08:07:49,03/03/202608:07,125.4,1.41,176.814,54.52,2.66,145.0232,144.5,0.0,1.0,198.7,23358.0,44181.0,23.0,10.9,93.0,29.77,5.84,140.0,124.0,0.2,0.8202020202020203
2026-03-03T08:08:01,03/03/202608:08,125.42,1.42,178.0964,54.52,2.68,146.11360000000002,145.6,0.0,1.0,198.7,23358.0,44181.0,23.0,10.9,93.0,29.77,5.84,140.0,124.0,0.2,0.8204186047556269
2026-03-03T08:08:29,03/03/202608:08,125.46,1.43,179.40779999999998,54.52,2.71,147.7492,147.3,0.0,1.0,198.7,23358.0,44181.0,23.0,10.9,93.0,29.77,5.84,140.0,124.0,0.2,0.8235383299945711
2026-03-03T08:09:00,03/03/202608:09,125.5,1.44,180.72,54.52,2.7399999999999998,149.38479999999998,149.0,0.0,1.0,198.7,23358.0,44181.0,23.0,10.9,93.0,29.77,5.84,140.0,124.0,0.2,0.8266091190792385
2026-03-03T08:09:28,03/03/202608:09,125.52000000000001,1.45,182.00400000000002,54.52,2.7800000000000002,151.56560000000002,151.2,0.0,1.0,198.7,23358.0,44181.0,23.0,10.9,93.0,29.77,5.84,140.0,124.0,0.2,0.832759719566603
2026-03-03T08:10:01,03/03/202608:10,125.54,1.46,183.2884,54.52,2.82,153.7464,153.4,0.0,1.0,198.7,23358.0,44181.0,23.0,10.9,93.0,29.77,5.84,140.0,124.0,0.2,0.8388223149964755
2026-03-03T08:10:29,03/03/202608:10,125.56000000000002,1.47,184.5732,54.510000000000005,2.8600000000000003,155.89860000000004,155.5,0.0,1.0,198.7,23358.0,44181.0,23.0,10.9,93.0,29.77,5.84,140.0,124.0,0.2,0.8446437510971259
2026-03-03T08:11:00,03/03/202608:11,125.58,1.48,185.8584,54.5,2.9,158.04999999999998,157.6,0.0,1.0,198.7,23358.0,44181.0,23.0,10.9,93.0,29.77,5.84,140.0,124.0,0.2,0.8503785677698721
2026-03-03T08:11:29,03/03/202608:11,125.56000000000002,1.49,187.08440000000002,54.5,2.94,160.23,159.7,0.0,1.0,198.7,23358.0,44181.0,23.0,10.9,93.0,29.77,5.84,140.0,124.0,0.2,0.8564583685224422
2026-03-03T08:12:00,03/03/202608:12,125.54,1.5,188.31,54.5,2.98,162.41,161.8,0.0,1.0,198.7,23358.0,44181.0,23.0,10.9,93.0,29.77,5.84,140.0,124.0,0.2,0.8624608358557697
2026-03-03T08:12:29,03/03/202608:12,125.54,1.51,189.5654,54.5,3.0100000000000002,164.04500000000002,163.5,0.0,1.0,198.7,23358.0,44181.0,23.0,10.9,93.0,29.77,5.84,140.0,124.0,0.2,0.8653741663826838
2026-03-03T08:13:00,03/03/202608:13,125.54,1.52,190.82080000000002,54.5,3.04,165.68,165.2,0.0,1.0,198.7,23358.0,44181.0,23.0,10.9,93.0,29.77,5.84,140.0,124.0,0.2,0.8682491636131909
2026-03-03T08:13:29,03/03/202608:13,125.53,1.53,192.0609,54.5,3.07,167.315,166.8,0.0,1.0,198.7,23358.0,44181.0,23.0,10.9,93.0,29.77,5.84,140.0,124.0,0.2,0.8711559718818354
2026-03-03T08:14:00,03/03/202608:14,125.52000000000001,1.54,193.3008,54.5,3.1,168.95000000000002,168.4,0.0,1.0,198.7,23358.0,44181.0,23.0,10.9,93.0,29.77,5.84,140.0,124.0,0.2,0.8740263878887207
2026-03-03T08:14:29,03/03/202608:14,125.47999999999999,1.55,194.494,54.5,3.12,170.04,169.5,0.0,1.0,198.7,23358.0,44181.0,23.0,10.9,93.0,29.77,5.84,140.0,124.0,0.2,0.8742686149701275
2026-03-03T08:15:00,03/03/202608:15,125.44000000000001,1.56,195.68640000000002,54.5,3.14,171.13,170.6,0.0,1.0,198.7,23358.0,44181.0,23.0,10.9,93.0,29.77,5.84,140.0,124.0,0.2,0.8745114632391418
2026-03-03T08:15:29,03/03/202608:15,125.42999999999999,1.57,196.9251,54.5,3.16,172.22,171.7,0.0,1.0,198.7,23358.0,44181.0,23.0,10.9,93.0,29.77,5.84,140.0,124.0,0.2,0.8745457029093803
2026-03-03T08:16:01,03/03/202608:16,125.42,1.58,198.1636,54.5,3.18,173.31,172.8,0.0,1.0,198.7,23358.0,44181.0,23.0,10.9,93.0,29.77,5.84,140.0,124.0,0.2,0.8745803972071561
2026-03-03T08:16:29,03/03/202608:16,124.80999999999999,1.59,198.4479,54.48,3.1900000000000004,173.7912,173.3,0.0,1.0,198.7,23358.0,44181.0,23.0,11.03,92.8,29.77,5.808999999999999,140.0,128.9,0.22000000000000003,0.8757522755342838
2026-03-03T08:17:00,03/03/202608:17,124.2,1.6,198.72000000000003,54.46,3.2,174.27200000000002,173.8,0.0,1.0,198.7,23358.0,44181.0,23.0,11.16,92.6,29.77,5.7780000000000005,140.0,133.8,0.24000000000000005,0.8769726247987117
2026-03-03T08:17:29,03/03/202608:17,123.60999999999999,1.6,197.77599999999998,54.44,3.21,174.7524,174.2,0.0,1.0,198.7,23358.0,44181.0,23.0,11.290000000000001,92.4,29.77,5.747,140.0,138.7,0.26,0.8835874929212847
2026-03-03T08:19:00,03/03/202608:18,123.02000000000001,1.6,196.83200000000002,54.410000000000004,3.2299999999999995,175.74429999999998,175.1,0.0,1.0,198.7,23358.0,44181.0,23.0,11.42,92.2,29.77,5.715999999999999,140.0,143.6,0.28,0.8928644732563809
2026-03-03T08:19:01,03/03/202608:19,122.41,1.6,195.856,54.379999999999995,3.2399999999999998,176.19119999999998,175.5,0.0,1.0,198.7,23358.0,44181.0,23.0,11.55,92.0,29.77,5.6850000000000005,140.0,148.5,0.3,0.8995956212727717
2026-03-03T08:19:41,03/03/202608:19,121.85,1.6199999999999999,197.39699999999996,54.35,3.2700000000000005,177.72450000000003,177.0,0.0,1.0,198.7,23358.0,44181.0,23.0,11.68,91.8,29.77,5.654,140.0,153.4,0.32,0.9003404307056342
2026-03-03T08:20:01,03/03/202608:20,121.35,1.6400000000000001,199.014,54.32000000000001,3.3,179.25600000000003,178.5,0.0,1.0,198.7,23358.0,44181.0,23.0,11.809999999999999,91.6,29.77,5.623,140.0,158.3,0.34,0.9007205523229522
2026-03-03T08:20:42,03/03/202608:20,121.09,1.6600000000000001,201.00940000000003,54.29,3.3299999999999996,180.78569999999996,180.0,0.1,1.0,198.7,23358.0,44181.0,23.0,11.94,91.4,29.77,5.5920000000000005,140.0,163.2,0.36,0.8993892822922706
2026-03-03T08:21:01,03/03/202608:21,120.77000000000001,1.6800000000000002,202.89360000000005,54.260000000000005,3.35,181.77100000000002,181.0,0.1,1.0,198.7,23358.0,44181.0,23.0,12.069999999999999,91.2,29.77,5.561,140.0,168.1,0.38,0.8958932169373502
2026-03-03T08:21:41,03/03/202608:21,120.47999999999999,1.7,204.81599999999997,54.23,3.38,183.29739999999998,182.6,0.1,1.0,198.7,23358.0,44181.0,23.0,12.2,91.0,29.77,5.53,140.0,173.0,0.4,0.8949369189907038
2026-03-03T08:22:01,03/03/202608:22,120.80999999999999,1.72,207.79319999999998,54.220000000000006,3.4200000000000004,185.43240000000003,184.8,0.1,1.0,198.7,23358.0,44181.0,23.0,12.2,91.0,29.77,5.53,140.0,173.0,0.4,0.8923891638417428
2026-03-03T08:22:42,03/03/202608:22,121.08,1.75,211.89,54.21,3.47,188.10870000000003,187.5,0.1,2.0,198.7,23358.0,44181.0,23.0,12.2,91.0,29.77,5.53,140.0,173.0,0.4,0.887765821888716
2026-03-03T08:23:01,03/03/202608:23,121.34,1.78,215.98520000000002,54.2,3.5200000000000005,190.78400000000005,190.2,0.1,2.0,198.7,23358.0,44181.0,23.0,12.2,91.0,29.77,5.53,140.0,173.0,0.4,0.8833197830221702
2026-03-03T08:23:42,03/03/202608:23,122.37,1.8199999999999998,222.71339999999998,54.21,3.5799999999999996,194.0718,193.5,0.1,2.0,198.7,23358.0,44181.0,23.0,12.2,91.0,29.77,5.53,140.0,173.0,0.4,0.8713970510979583
2026-03-03T08:24:01,03/03/202608:24,123.4,1.86,229.52400000000003,54.220000000000006,3.6399999999999997,197.3608,196.8,0.1,2.0,198.7,23358.0,44181.0,23.0,12.2,91.0,29.77,5.53,140.0,173.0,0.4,0.8598699918091354
2026-03-03T08:24:42,03/03/202608:24,124.4,1.8800000000000001,233.872,54.23,3.6700000000000004,199.0241,198.5,0.1,2.0,198.7,23358.0,44181.0,23.0,12.2,91.0,29.77,5.53,140.0,173.0,0.4,0.8509958438804132
2026-03-03T08:25:01,03/03/202608:25,125.4,1.9,238.26,54.239999999999995,3.7,200.688,200.2,0.1,2.0,198.7,23358.0,44181.0,23.0,12.2,91.0,29.77,5.53,140.0,173.0,0.4,0.842306723747167
2026-03-03T08:25:42,03/03/202608:25,126.17,1.9300000000000002,243.5081,54.260000000000005,3.7299999999999995,202.3898,201.9,0.1,2.0,198.7,23358.0,44181.0,23.0,12.2,91.0,29.77,5.53,140.0,173.0,0.4,0.8311419620127626
2026-03-03T08:26:01,03/03/202608:26,126.94000000000001,1.9600000000000002,248.80240000000003,54.279999999999994,3.7600000000000002,204.09279999999998,203.6,0.1,2.0,198.7,23358.0,44181.0,23.0,12.2,91.0,29.77,5.53,140.0,173.0,0.4,0.8203007688028731
2026-03-03T08:26:41,03/03/202608:26,127.6,1.97,251.37199999999999,54.3,3.81,206.88299999999998,206.4,0.1,2.0,198.7,23358.0,44181.0,23.0,12.2,91.0,29.77,5.53,140.0,173.0,0.4,0.8230152920770809
2026-03-03T08:27:01,03/03/202608:27,128.26,1.98,253.95479999999998,54.32000000000001,3.8600000000000003,209.67520000000005,209.2,0.1,2.0,198.7,23358.0,44181.0,23.0,12.2,91.0,29.77,5.53,140.0,173.0,0.4,0.8256398382704326
2026-03-03T08:27:27,03/03/202608:27,128.94,1.97,254.0118,54.339999999999996,3.9,211.926,211.5,0.1,2.0,198.7,23358.0,44181.0,23.0,12.2,91.0,29.77,5.53,140.0,173.0,0.4,0.8343155711663789
2026-03-03T08:28:01,03/03/202608:28,129.62,1.9600000000000002,254.05520000000004,54.36,3.94,214.17839999999998,213.8,0.1,2.0,198.7,23358.0,44181.0,23.0,12.2,91.0,29.77,5.53,140.0,173.0,0.4,0.8430388356546135
2026-03-03T08:28:26,03/03/202608:28,129.53,1.94,251.2882,54.36999999999999,3.9699999999999998,215.84889999999996,215.5,0.1,2.0,198.7,23358.0,44181.0,23.0,12.2,91.0,29.77,5.53,140.0,173.0,0.4,0.8589695019503502
2026-03-03T08:30:12,03/03/202608:30,129.44,1.92,248.5248,54.379999999999995,4.0,217.51999999999998,217.2,0.1,2.0,198.7,23358.0,44181.0,23.0,12.2,91.0,29.77,5.53,140.0,173.0,0.4,0.875244643592913
2026-03-03T08:30:26,03/03/202608:30,129.34,1.9100000000000001,247.03940000000003,54.4,4.02,218.68799999999996,218.4,0.1,2.0,198.7,23358.0,44181.0,23.0,12.2,91.0,29.77,5.53,140.0,173.0,0.4,0.8852353106427555
2026-03-03T08:31:01,03/03/202608:31,129.24,1.9,245.556,54.42,4.04,219.85680000000002,219.6,0.1,2.0,198.7,23358.0,44181.0,23.0,12.2,91.0,29.77,5.53,140.0,173.0,0.4,0.8953428138591605
2026-03-03T08:31:26,03/03/202608:31,129.13,1.8800000000000001,242.7644,54.42999999999999,4.0600000000000005,220.98579999999998,220.8,0.1,2.0,198.7,23358.0,44181.0,23.0,12.34,90.7,29.77,5.573,142.0,178.2,0.43,0.9102891527752833
2026-03-03T08:32:01,03/03/202608:32,129.02,1.86,239.97720000000004,54.44,4.08,222.1152,222.0,0.1,2.0,198.7,23358.0,44181.0,23.0,12.48,90.4,29.77,5.6160000000000005,144.0,183.4,0.45999999999999996,0.9255679289532504
2026-03-03T08:32:26,03/03/202608:32,129.0,1.85,238.65,54.45,4.08,222.156,222.0,0.1,2.0,198.7,23358.0,44181.0,23.0,12.62,90.2,29.77,5.659000000000001,146.0,188.6,0.49000000000000005,0.9308862350722816
2026-03-03T08:33:00,03/03/202608:33,128.98,1.8399999999999999,237.32319999999996,54.46,4.08,222.1968,222.0,0.1,2.0,198.7,23358.0,44181.0,23.0,12.76,90.0,29.77,5.702,148.0,193.8,0.52,0.9362624471606654
2026-03-03T08:33:27,03/03/202608:33,129.0,1.8399999999999999,237.35999999999999,54.470000000000006,4.09,222.78230000000002,222.5,0.1,2.0,198.7,23358.0,44181.0,23.0,12.9,89.8,29.77,5.745,150.0,199.0,0.55,0.9385840074148973
2026-03-03T08:34:01,03/03/202608:34,129.02,1.8399999999999999,237.3968,54.48,4.1,223.36799999999997,223.0,0.1,2.0,198.7,23358.0,44181.0,23.0,13.040000000000001,89.6,29.77,5.788,152.0,204.2,0.58,0.9409056903884128
2026-03-03T08:34:26,03/03/202608:34,129.04000000000002,1.85,238.72400000000005,54.5,4.1,223.45,223.0,0.1,2.0,198.7,23358.0,44181.0,23.0,13.179999999999998,89.4,29.77,5.831,154.0,209.4,0.61,0.93601816323453
2026-03-03T08:35:01,03/03/202608:35,129.06,1.86,240.0516,54.52,4.1,223.53199999999998,223.0,0.1,2.0,198.7,23358.0,44181.0,23.0,13.319999999999999,89.2,29.77,5.8740000000000006,156.0,214.6,0.6399999999999999,0.9311831289606067
2026-03-03T08:35:26,03/03/202608:35,129.09,1.86,240.1074,54.529999999999994,4.1,223.57299999999995,223.0,0.1,2.0,198.7,23358.0,44181.0,23.0,13.459999999999999,89.0,29.77,5.917,158.0,219.8,0.6699999999999999,0.9311374826431836
2026-03-03T08:36:01,03/03/202608:36,129.12,1.86,240.16320000000002,54.54,4.1,223.61399999999998,223.0,0.1,2.0,198.7,23358.0,44181.0,23.0,13.6,88.8,29.77,5.96,160.0,225.0,0.7,0.9310918575368747
2026-03-03T08:37:01,03/03/202608:37,129.15,1.86,240.21900000000002,54.55,4.1,223.65499999999997,223.0,0.1,2.0,198.7,23358.0,44181.0,23.0,13.6,88.9,29.77,5.96,160.0,225.0,0.7,0.9310462536268986
2026-03-03T08:37:26,03/03/202608:37,129.18,1.86,240.27480000000003,54.56,4.11,224.24160000000003,223.0,0.1,3.0,198.7,23358.0,44181.0,23.0,13.6,89.0,29.77,5.96,160.0,225.0,0.7,0.9332714042421428
2026-03-03T08:38:00,03/03/202608:38,129.2,1.8699999999999999,241.60399999999996,54.57000000000001,4.11,224.28270000000003,222.5,0.1,3.0,198.7,23358.0,44181.0,23.0,13.6,89.0,29.77,5.96,160.0,225.0,0.7,0.9283070644525756
2026-03-03T08:38:26,03/03/202608:38,129.22,1.8699999999999999,241.64139999999998,54.58,4.1,223.77799999999996,222.0,0.1,3.0,198.7,23358.0,44181.0,23.0,13.6,89.0,29.77,5.96,160.0,225.0,0.7,0.9260747537466675
2026-03-03T08:38:41,03/03/202608:38,129.23,1.8699999999999999,241.66009999999997,54.589999999999996,4.08,222.72719999999998,221.0,0.1,3.0,198.7,23358.0,44181.0,23.0,13.6,89.0,29.77,5.96,160.0,225.0,0.7,0.9216548366900452
2026-03-03T08:39:01,03/03/202608:39,129.24,1.8699999999999999,241.6788,54.6,4.0600000000000005,221.67600000000004,220.0,0.1,3.0,198.7,23358.0,44181.0,23.0,13.6,89.0,29.77,5.96,160.0,225.0,0.7,0.9172339485300326
2026-03-03T08:39:41,03/03/202608:39,129.26000000000002,1.86,240.42360000000005,54.6,4.04,220.584,219.0,0.1,3.0,198.7,23358.0,44181.0,23.0,13.6,89.0,29.77,5.96,160.0,225.0,0.7,0.9174806466586473
2026-03-03T08:40:01,03/03/202608:40,129.28000000000003,1.85,239.16800000000006,54.6,4.0200000000000005,219.49200000000002,218.0,0.1,3.0,198.7,23358.0,44181.0,23.0,13.6,89.0,29.77,5.96,160.0,225.0,0.7,0.9177314690928551
2026-03-03T08:41:23,03/03/202608:41,129.28000000000003,1.8399999999999999,237.87520000000004,54.6,4.0,218.4,216.9,0.1,3.0,198.7,23358.0,44181.0,23.0,13.6,89.0,29.77,5.96,160.0,225.0,0.7,0.9181284976323718
2026-03-03T08:42:00,03/03/202608:42,129.28000000000003,1.83,236.58240000000006,54.6,3.9799999999999995,217.308,215.8,0.1,3.0,198.7,23358.0,44181.0,23.0,13.6,89.0,29.77,5.96,160.0,225.0,0.7,0.9185298652816098
2026-03-03T08:42:41,03/03/202608:42,129.28000000000003,1.8199999999999998,235.28960000000004,54.6,3.9799999999999995,217.308,215.8,0.1,3.0,198.7,23358.0,44181.0,23.0,13.6,89.0,29.77,5.96,160.0,225.0,0.7,0.9235767326732671
2026-03-03T08:43:00,03/03/202608:43,129.28000000000003,1.81,233.99680000000006,54.6,3.97,216.76200000000003,215.8,0.1,3.0,198.7,23358.0,44181.0,23.0,13.6,89.0,29.77,5.96,160.0,225.0,0.7,0.9263460013128383
2026-03-03T08:43:41,03/03/202608:43,129.29000000000002,1.7899999999999998,231.4291,54.6,3.96,216.216,215.8,0.1,3.0,198.7,23358.0,44181.0,23.0,13.6,89.0,29.77,5.96,160.0,225.0,0.7,0.9342645328526101
2026-03-03T08:44:00,03/03/202608:44,129.3,1.78,230.15400000000002,54.6,3.96,216.216,215.8,0.1,3.0,198.7,23358.0,44181.0,23.0,13.6,89.0,29.77,5.96,160.0,225.0,0.7,0.9394405485023071
2026-03-03T08:45:00,03/03/202608:45,129.32,1.77,228.8964,54.61,3.96,216.2556,215.8,0.1,3.0,198.7,23358.0,44181.0,23.0,13.6,89.0,29.77,5.96,160.0,225.0,0.7,0.9447750161208301
2026-03-03T08:45:41,03/03/202608:45,129.34,1.77,228.9318,54.61,3.94,215.1634,214.7,0.1,3.0,198.7,23358.0,44181.0,23.0,13.6,89.0,29.77,5.96,160.0,225.0,0.7,0.9398580712683864
2026-03-03T08:46:00,03/03/202608:46,129.35,1.77,228.9495,54.61,3.9200000000000004,214.0712,213.6,0.1,3.0,198.7,23358.0,44181.0,23.0,13.6,89.0,29.77,5.96,160.0,225.0,0.7,0.93501492687252
2026-03-03T08:46:41,03/03/202608:46,129.36,1.7600000000000002,227.67360000000005,54.61,3.9,212.97899999999998,212.5,0.1,3.0,198.7,23358.0,44181.0,23.0,13.75,88.7,29.77,6.178,161.2,229.8,0.73,0.9354576024624723
2026-03-03T08:47:00,03/03/202608:47,129.37,1.75,226.3975,54.61,3.9,212.97899999999998,212.5,0.1,3.0,198.7,23358.0,44181.0,23.0,13.9,88.4,29.77,6.396,162.4,234.6,0.76,0.9407303525878156
2026-03-03T08:47:41,03/03/202608:47,129.34,1.75,226.345,54.620000000000005,3.91,213.56420000000003,213.1,0.1,3.0,198.7,23358.0,44181.0,23.0,14.05,88.1,29.77,6.614,163.6,239.4,0.7899999999999999,0.943533985729749
2026-03-03T08:48:00,03/03/202608:48,129.31,1.75,226.29250000000002,54.63000000000001,3.9,213.05700000000004,212.6,0.1,3.0,198.7,23358.0,44181.0,23.0,14.2,87.8,29.77,6.832000000000001,164.8,244.2,0.82,0.9415115392688668
2026-03-03T08:48:41,03/03/202608:48,129.31,1.7399999999999998,224.99939999999998,54.63000000000001,3.8899999999999997,212.5107,212.1,0.2,3.0,198.7,23358.0,44181.0,23.0,14.35,87.5,29.77,7.05,166.0,249.0,0.85,0.9444945186520499
2026-03-03T08:49:00,03/03/202608:49,129.3,1.7399999999999998,224.982,54.63000000000001,3.88,211.96440000000004,211.6,0.2,3.0,198.7,23358.0,44181.0,23.0,14.5,87.2,29.77,7.268000000000001,167.2,253.8,0.8800000000000001,0.9421393711496922
2026-03-03T08:49:11,03/03/202608:49,129.93,1.73,224.77890000000002,54.64,3.8699999999999997,211.4568,211.1,0.2,3.0,198.7,23358.0,44181.0,23.0,14.65,86.9,29.77,7.486,168.4,258.6,0.9099999999999999,0.9407324263976733
2026-03-03T08:50:00,03/03/202608:50,130.56,1.72,224.5632,54.64,3.8600000000000003,210.9104,210.6,0.2,3.0,198.7,23358.0,44181.0,23.0,14.8,86.6,29.77,7.704000000000001,169.6,263.4,0.9400000000000001,0.9392028613771091
2026-03-03T08:50:12,03/03/202608:50,131.0,1.7100000000000002,224.01000000000002,54.65,3.8699999999999997,211.49549999999996,211.2,0.2,3.0,198.7,23358.0,44181.0,23.0,14.95,86.3,29.77,7.922,170.8,268.2,0.97,0.9441341904379267
2026-03-03T08:51:00,03/03/202608:51,131.44,1.7,223.44799999999998,54.660000000000004,3.88,212.0808,211.8,0.2,3.0,198.7,23358.0,44181.0,23.0,15.1,86.0,29.77,8.14,172.0,273.0,1.0,0.9491282088002579
2026-03-03T08:51:12,03/03/202608:51,132.23,1.7,224.79099999999997,54.67,3.8600000000000003,211.02620000000002,210.7,0.2,3.0,198.7,23358.0,44181.0,23.0,15.1,86.0,29.77,8.14,172.0,273.0,1.0,0.9387662317441536
2026-03-03T08:52:36,03/03/202608:52,133.15,1.69,225.0235,54.68000000000001,3.84,209.9712,209.6,0.2,3.0,198.7,23358.0,44181.0,23.0,15.1,86.0,29.77,8.14,172.0,273.0,1.0,0.9331078753996804
2026-03-03T08:53:01,03/03/202608:53,134.10999999999999,1.67,223.96369999999996,54.68000000000001,3.81,208.33080000000004,207.9,0.2,3.0,198.7,23358.0,44181.0,23.0,15.1,86.0,29.77,8.14,172.0,273.0,1.0,0.9301989563487301
2026-03-03T08:53:12,03/03/202608:53,135.18,1.64,221.6952,54.68000000000001,3.7700000000000005,206.14360000000005,205.7,0.2,4.0,198.7,23358.0,44181.0,23.0,15.1,86.0,29.77,8.14,172.0,273.0,1.0,0.9298514356648229
2026-03-03T08:53:53,03/03/202608:53,136.16,1.6199999999999999,220.5792,54.68000000000001,3.75,205.05,204.6,0.2,4.0,198.7,23358.0,44181.0,23.0,15.1,86.0,29.77,8.14,172.0,273.0,1.0,0.9295980763372069
2026-03-03T08:54:00,03/03/202608:54,137.14000000000001,1.6,219.42400000000004,54.68000000000001,3.7299999999999995,203.9564,203.5,0.2,4.0,198.7,23358.0,44181.0,23.0,15.1,86.0,29.77,8.14,172.0,273.0,1.0,0.9295081668368089
2026-03-03T08:54:54,03/03/202608:54,137.55,1.59,218.70450000000002,54.69,3.7,202.353,201.8,0.2,4.0,198.7,23358.0,44181.0,23.0,15.1,86.0,29.77,8.14,172.0,273.0,1.0,0.9252347345390698
2026-03-03T08:55:01,03/03/202608:55,137.95999999999998,1.58,217.97679999999997,54.7,3.6700000000000004,200.74900000000002,200.1,0.2,4.0,198.7,23358.0,44181.0,23.0,15.1,86.0,29.77,8.14,172.0,273.0,1.0,0.9209649834294295
2026-03-03T08:55:53,03/03/202608:55,138.55,1.5699999999999998,217.52349999999998,54.7,3.63,198.561,197.9,0.2,4.0,198.7,23358.0,44181.0,23.0,15.1,86.0,29.77,8.14,172.0,273.0,1.0,0.9128255108068785
2026-03-03T08:56:00,03/03/202608:56,139.14000000000001,1.56,217.05840000000003,54.7,3.59,196.373,195.7,0.2,4.0,198.7,23358.0,44181.0,23.0,15.1,86.0,29.77,8.14,172.0,273.0,1.0,0.9047012232652593
2026-03-03T08:56:54,03/03/202608:56,139.47,1.54,214.7838,54.7,3.56,194.732,194.1,0.2,4.0,198.7,23358.0,44181.0,23.0,15.1,86.0,29.77,8.14,172.0,273.0,1.0,0.9066419348200376
2026-03-03T08:57:01,03/03/202608:57,139.67000000000002,1.53,213.69510000000002,54.7,3.53,193.091,192.5,0.2,4.0,198.7,23358.0,44181.0,23.0,15.1,86.0,29.77,8.14,172.0,273.0,1.0,0.9035817854503916
2026-03-03T08:57:53,03/03/202608:57,139.88,1.52,212.61759999999998,54.7,3.5100000000000002,191.997,191.4,0.2,4.0,198.7,23358.0,44181.0,23.0,15.1,86.0,29.77,8.14,172.0,273.0,1.0,0.9030155546859716
2026-03-03T08:58:00,03/03/202608:58,139.98,1.52,212.7696,54.7,3.5,191.45000000000002,190.8,0.2,4.0,198.7,23358.0,44181.0,23.0,15.1,86.0,29.77,8.14,172.0,273.0,1.0,0.8997995954309264
2026-03-03T08:58:53,03/03/202608:58,140.17000000000002,1.51,211.65670000000003,54.71,3.47,189.8437,189.1,0.2,4.0,198.7,23358.0,44181.0,23.0,15.1,86.0,29.77,8.14,172.0,273.0,1.0,0.8969416040219846
2026-03-03T08:59:00,03/03/202608:59,140.35999999999999,1.5,210.53999999999996,54.720000000000006,3.44,188.23680000000002,187.4,0.2,4.0,198.7,23358.0,44181.0,23.0,15.1,86.0,29.77,8.14,172.0,273.0,1.0,0.894066685665432
2026-03-03T08:59:54,03/03/202608:59,140.51,1.49,209.35989999999998,54.71,3.41,186.5611,185.8,0.2,4.0,198.7,23358.0,44181.0,23.0,15.1,86.0,29.77,8.14,172.0,273.0,1.0,0.8911023553221034
2026-03-03T09:00:01,03/03/202609:00,140.66,1.48,208.1768,54.7,3.38,184.886,184.2,0.2,4.0,198.7,23358.0,44181.0,23.0,15.1,86.0,29.77,8.14,172.0,273.0,1.0,0.8881200979167708
2026-03-03T09:00:53,03/03/202609:00,140.85,1.46,205.641,54.7,3.34,182.698,182.0,0.2,4.0,198.7,23358.0,44181.0,23.0,15.1,86.0,29.77,8.14,172.0,273.0,1.0,0.8884317815999728
2026-03-03T09:01:00,03/03/202609:01,141.04000000000002,1.44,203.09760000000003,54.7,3.3,180.51,179.8,0.2,4.0,198.7,23358.0,44181.0,23.0,15.1,86.0,29.77,8.14,172.0,273.0,1.0,0.8887845055776138
2026-03-03T09:01:53,03/03/202609:01,141.10999999999999,1.43,201.78729999999996,54.7,3.3,180.51,179.8,0.2,4.0,198.7,23358.0,44181.0,23.0,15.26,85.8,29.77,8.364,173.4,278.4,1.02,0.894555802074759
2026-03-03T09:02:00,03/03/202609:02,141.18,1.42,200.4756,54.7,3.3,180.51,179.8,0.2,4.0,198.7,23358.0,44181.0,23.0,15.419999999999998,85.6,29.77,8.588000000000001,174.8,283.8,1.04,0.9004088278074739
2026-03-03T09:03:47,03/03/202609:03,141.3,1.41,199.233,54.71,3.28,179.4488,178.8,0.2,4.0,198.7,23358.0,44181.0,23.0,15.579999999999998,85.4,29.77,8.812000000000001,176.2,289.2,1.06,0.9006981775107538
2026-03-03T09:04:01,03/03/202609:04,141.42000000000002,1.4,197.988,54.720000000000006,3.2600000000000002,178.38720000000004,177.8,0.2,4.0,198.7,23358.0,44181.0,23.0,15.74,85.2,29.77,9.036000000000001,177.6,294.6,1.08,0.9010000606097341
2026-03-03T09:04:04,03/03/202609:04,141.5,1.4,198.1,54.720000000000006,3.25,177.84000000000003,177.3,0.2,4.0,198.7,23358.0,44181.0,23.0,15.9,85.0,29.77,9.260000000000002,179.0,300.0,1.1,0.8977284199899043
2026-03-03T09:05:01,03/03/202609:05,141.58,1.4,198.21200000000002,54.720000000000006,3.2399999999999998,177.2928,176.8,0.2,4.0,198.7,23358.0,44181.0,23.0,16.06,84.8,29.77,9.484,180.4,305.4,1.1199999999999999,0.8944604766613524
2026-03-03T09:05:05,03/03/202609:05,141.62,1.4,198.268,54.720000000000006,3.2399999999999998,177.2928,176.8,0.2,4.0,198.7,23358.0,44181.0,23.0,16.22,84.6,29.77,9.708000000000002,181.8,310.8,1.1400000000000001,0.8942078398934775
2026-03-03T09:06:01,03/03/202609:06,141.66,1.4,198.32399999999998,54.720000000000006,3.2399999999999998,177.2928,176.8,0.2,4.0,198.7,23358.0,44181.0,23.0,16.38,84.4,29.77,9.932,183.2,316.2,1.16,0.8939553457977855
2026-03-03T09:06:04,03/03/202609:06,141.68,1.4,198.352,54.720000000000006,3.2399999999999998,177.2928,176.8,0.2,4.0,198.7,23358.0,44181.0,23.0,16.54,84.2,29.77,10.156,184.6,321.6,1.18,0.8938291522142454
2026-03-03T09:07:00,03/03/202609:07,141.7,1.4,198.37999999999997,54.720000000000006,3.2399999999999998,177.2928,176.8,0.2,4.0,198.7,23358.0,44181.0,23.0,16.7,84.0,29.77,10.38,186.0,327.0,1.2,0.8937029942534531
2026-03-03T09:07:04,03/03/202609:07,141.79000000000002,1.39,197.08810000000003,54.720000000000006,3.21,175.65120000000002,175.2,0.2,4.0,198.7,23358.0,44181.0,23.0,16.7,84.0,29.77,10.38,186.0,327.0,1.2,0.8912318907128335
2026-03-03T09:08:01,03/03/202609:08,141.88,1.38,195.79439999999997,54.720000000000006,3.18,174.00960000000003,173.6,0.2,4.0,198.7,23358.0,44181.0,23.0,16.7,84.0,29.77,10.38,186.0,327.0,1.2,0.8887363479241494
2026-03-03T09:08:04,03/03/202609:08,141.89000000000001,1.3699999999999999,194.3893,54.71,3.16,172.8836,172.5,0.2,4.0,198.7,23358.0,44181.0,23.0,16.7,84.0,29.77,10.38,186.0,327.0,1.2,0.8893678818741567
2026-03-03T09:09:00,03/03/202609:09,141.9,1.3599999999999999,192.98399999999998,54.7,3.1399999999999997,171.75799999999998,171.4,0.2,4.0,198.7,23358.0,44181.0,23.0,16.7,84.0,29.77,10.38,186.0,327.0,1.2,0.8900116071798698
2026-03-03T09:09:05,03/03/202609:09,141.93,1.34,190.1862,54.7,3.1,169.57000000000002,169.2,0.2,4.0,198.7,23358.0,44181.0,23.0,16.7,84.0,29.77,10.38,186.0,327.0,1.2,0.8915999162925596
2026-03-03T09:10:01,03/03/202609:10,141.95999999999998,1.3199999999999998,187.38719999999995,54.7,3.06,167.382,167.0,0.2,4.0,198.7,23358.0,44181.0,23.0,16.7,84.0,29.77,10.38,186.0,327.0,1.2,0.893241374010605
2026-03-03T09:10:04,03/03/202609:10,141.94,1.31,185.94140000000002,54.7,3.04,166.288,165.9,0.2,4.0,198.7,23358.0,44181.0,23.0,16.7,84.0,29.77,10.38,186.0,327.0,1.2,0.8943032589837443
2026-03-03T09:11:00,03/03/202609:11,141.92000000000002,1.3,184.49600000000004,54.7,3.02,165.19400000000002,164.8,0.2,4.0,198.7,23358.0,44181.0,23.0,16.7,84.0,29.77,10.38,186.0,327.0,1.2,0.8953798456335096
2026-03-03T09:11:04,03/03/202609:11,141.89000000000001,1.29,183.03810000000001,54.7,3.0,164.10000000000002,163.7,0.2,5.0,198.7,23358.0,44181.0,23.0,16.7,84.0,29.77,10.38,186.0,327.0,1.2,0.8965346558995095
2026-03-03T09:12:01,03/03/202609:12,141.85999999999999,1.28,181.58079999999998,54.7,2.98,163.006,162.6,0.2,5.0,198.7,23358.0,44181.0,23.0,16.7,84.0,29.77,10.38,186.0,327.0,1.2,0.8977050437050614
2026-03-03T09:12:04,03/03/202609:12,141.77,1.28,181.46560000000002,54.7,2.9699999999999998,162.459,162.0,0.2,5.0,198.7,23358.0,44181.0,23.0,16.7,84.0,29.77,10.38,186.0,327.0,1.2,0.895260589334838
2026-03-03T09:13:00,03/03/202609:13,141.68,1.28,181.3504,54.7,2.96,161.912,161.4,0.2,5.0,198.7,23358.0,44181.0,23.0,16.7,84.0,29.77,10.38,186.0,327.0,1.2,0.8928130293619424
2026-03-03T09:13:04,03/03/202609:13,141.62,1.28,181.27360000000002,54.7,2.96,161.912,161.4,0.2,5.0,198.7,23358.0,44181.0,23.0,16.7,84.0,29.77,10.38,186.0,327.0,1.2,0.8931912865414489
2026-03-03T09:14:59,03/03/202609:14,141.6,1.27,179.832,54.7,2.94,160.818,160.3,0.2,5.0,198.7,23358.0,44181.0,23.0,16.7,84.0,29.77,10.38,186.0,327.0,1.2,0.8942679834512213
2026-03-03T09:15:01,03/03/202609:15,141.57,1.27,179.7939,54.7,2.93,160.27100000000002,159.8,0.2,5.0,198.7,23358.0,44181.0,23.0,16.7,84.0,29.77,10.38,186.0,327.0,1.2,0.8914151147508342
2026-03-03T09:15:53,03/03/202609:15,141.49,1.28,181.1072,54.7,2.92,159.72400000000002,159.3,0.2,5.0,198.7,23358.0,44181.0,23.0,16.82,83.7,29.77,10.635000000000002,186.4,331.6,1.24,0.8819307018163829
2026-03-03T09:16:01,03/03/202609:16,141.47,1.28,181.0816,54.7,2.8899999999999997,158.083,157.7,0.2,5.0,198.7,23358.0,44181.0,23.0,16.939999999999998,83.4,29.77,10.89,186.8,336.2,1.28,0.8729931699300204
2026-03-03T09:16:52,03/03/202609:16,141.47,1.27,179.6669,54.7,2.86,156.442,156.1,0.2,5.0,198.7,23358.0,44181.0,23.0,17.06,83.1,29.77,11.145,187.2,340.8,1.3199999999999998,0.8707335630547419
2026-03-03T09:17:01,03/03/202609:17,141.47,1.26,178.2522,54.7,2.85,155.895,155.6,0.2,5.0,198.7,23358.0,44181.0,23.0,17.18,82.8,29.77,11.4,187.6,345.4,1.3599999999999999,0.8745754610602283
2026-03-03T09:17:53,03/03/202609:17,141.51000000000002,1.25,176.88750000000002,54.7,2.82,154.254,154.0,0.2,5.0,198.7,23358.0,44181.0,23.0,17.3,82.5,29.77,11.655,188.0,350.0,1.4,0.8720457918168326
2026-03-03T09:18:01,03/03/202609:18,141.57,1.24,175.5468,54.7,2.79,152.613,152.4,0.2,5.0,198.7,23358.0,44181.0,23.0,17.419999999999998,82.2,29.77,11.91,188.4,354.6,1.44,0.8693579148124603
2026-03-03T09:18:52,03/03/202609:18,141.58,1.24,175.5592,54.7,2.8099999999999996,153.707,153.5,0.2,5.0,198.7,23358.0,44181.0,23.0,17.54,81.9,29.77,12.165000000000001,188.8,359.2,1.48,0.87552802701311
2026-03-03T09:19:01,03/03/202609:19,141.58,1.24,175.5592,54.7,2.82,154.254,154.0,0.2,5.0,198.7,23358.0,44181.0,23.0,17.66,81.6,29.77,12.42,189.2,363.8,1.52,0.8786437851163595
2026-03-03T09:19:20,03/03/202609:19,141.59,1.24,175.5716,54.7,2.83,154.80100000000002,154.5,0.2,5.0,198.7,23358.0,44181.0,23.0,17.779999999999998,81.3,29.77,12.675,189.6,368.4,1.56,0.8816972676674361
2026-03-03T09:20:00,03/03/202609:20,141.6,1.24,175.584,54.7,2.84,155.348,155.0,0.2,5.0,198.7,23358.0,44181.0,23.0,17.9,81.0,29.77,12.930000000000001,190.0,373.0,1.6,0.8847503189356661
2026-03-03T09:20:21,03/03/202609:20,141.67000000000002,1.24,175.6708,54.7,2.84,155.348,155.0,0.2,5.0,198.7,23358.0,44181.0,23.0,17.9,81.0,29.77,12.930000000000001,190.0,373.0,1.6,0.8843131584759676
2026-03-03T09:21:01,03/03/202609:21,141.74,1.24,175.7576,54.7,2.84,155.348,155.0,0.2,5.0,198.7,23358.0,44181.0,23.0,17.9,81.0,29.77,12.930000000000001,190.0,373.0,1.6,0.8838764298101477
2026-03-03T09:21:20,03/03/202609:21,141.82999999999998,1.25,177.28749999999997,54.7,2.82,154.254,153.9,0.2,5.0,198.7,23358.0,44181.0,23.0,17.9,81.0,29.77,12.930000000000001,190.0,373.0,1.6,0.8700782627088769
2026-03-03T09:21:37,03/03/202609:21,141.95,1.25,177.4375,54.7,2.79,152.613,152.2,0.2,5.0,198.7,23358.0,44181.0,23.0,17.9,81.0,29.77,12.930000000000001,190.0,373.0,1.6,0.8600943994364213
2026-03-03T09:22:00,03/03/202609:22,142.03,1.25,177.5375,54.7,2.7800000000000002,152.06600000000003,151.6,0.2,5.0,198.7,23358.0,44181.0,23.0,17.9,81.0,29.77,12.930000000000001,190.0,373.0,1.6,0.8565289023445752
2026-03-03T09:22:36,03/03/202609:22,142.10999999999999,1.25,177.6375,54.7,2.8,153.16,152.7,0.3,5.0,198.7,23358.0,44181.0,23.0,17.9,81.0,29.77,12.930000000000001,190.0,373.0,1.6,0.8622053338962775
2026-03-03T09:23:01,03/03/202609:23,142.24,1.24,176.3776,54.7,2.77,151.519,151.1,0.3,5.0,198.7,23358.0,44181.0,23.0,17.9,81.0,29.77,12.930000000000001,190.0,373.0,1.6,0.8590603341920969
2026-03-03T09:23:37,03/03/202609:23,142.38,1.23,175.1274,54.69,2.73,149.3037,148.9,0.3,5.0,198.7,23358.0,44181.0,23.0,17.9,81.0,29.77,12.930000000000001,190.0,373.0,1.6,0.8525433484423339
2026-03-03T09:24:00,03/03/202609:24,142.47,1.23,175.2381,54.68000000000001,2.71,148.18280000000001,147.8,0.3,5.0,198.7,23358.0,44181.0,23.0,17.9,81.0,29.77,12.930000000000001,190.0,373.0,1.6,0.8456083465867298
2026-03-03T09:24:36,03/03/202609:24,142.53,1.23,175.3119,54.68000000000001,2.71,148.18280000000001,147.8,0.3,5.0,198.7,23358.0,44181.0,23.0,17.9,81.0,29.77,12.930000000000001,190.0,373.0,1.6,0.8452523759083097
2026-03-03T09:26:11,03/03/202609:26,142.57999999999998,1.22,173.94759999999997,54.68000000000001,2.69,147.0892,146.7,0.3,5.0,198.7,23358.0,44181.0,23.0,17.9,81.0,29.77,12.930000000000001,190.0,373.0,1.6,0.8455948802972851
2026-03-03T09:27:00,03/03/202609:27,142.63,1.21,172.5823,54.68000000000001,2.67,145.99560000000002,145.6,0.3,5.0,198.7,23358.0,44181.0,23.0,17.9,81.0,29.77,12.930000000000001,190.0,373.0,1.6,0.8459477014734421
2026-03-03T09:27:37,03/03/202609:27,142.62,1.2,171.144,54.68000000000001,2.68,146.54240000000001,146.1,0.3,5.0,198.7,23358.0,44181.0,23.0,17.9,81.0,29.77,12.930000000000001,190.0,373.0,1.6,0.8562520450614688
2026-03-03T09:28:00,03/03/202609:28,142.57999999999998,1.2,171.09599999999998,54.68000000000001,2.7,147.63600000000002,147.2,0.3,5.0,198.7,23358.0,44181.0,23.0,17.9,81.0,29.77,12.930000000000001,190.0,373.0,1.6,0.8628839949502036
2026-03-03T09:28:36,03/03/202609:28,142.55,1.2,171.06,54.68000000000001,2.7199999999999998,148.7296,148.3,0.3,5.0,198.7,23358.0,44181.0,23.0,17.889999999999997,81.0,29.77,12.930000000000001,190.0,373.5,1.6,0.8694586694726997
2026-03-03T09:29:01,03/03/202609:29,142.52,1.2,171.024,54.68000000000001,2.71,148.18280000000001,147.7,0.3,5.0,198.7,23358.0,44181.0,23.0,17.88,81.0,29.77,12.930000000000001,190.0,374.0,1.6,0.8664444756291515
2026-03-03T09:29:02,03/03/202609:29,142.49,1.19,169.5631,54.68000000000001,2.7,147.63600000000002,147.1,0.3,5.0,198.7,23358.0,44181.0,23.0,17.869999999999997,81.0,29.77,12.930000000000001,190.0,374.5,1.6,0.8706847185502036
2026-03-03T09:30:00,03/03/202609:30,142.45,1.1800000000000002,168.091,54.69,2.7,147.663,147.1,0.3,5.0,198.7,23358.0,44181.0,23.0,17.86,81.0,29.77,12.930000000000001,190.0,375.0,1.6,0.8784705903349972
2026-03-03T09:30:02,03/03/202609:30,142.4,1.1800000000000002,168.03200000000004,54.7,2.6900000000000004,147.14300000000003,146.6,0.3,5.0,198.7,23358.0,44181.0,23.0,17.85,81.0,29.77,12.935999999999998,189.0,375.5,1.6,0.8756843934488668
2026-03-03T09:31:00,03/03/202609:31,142.38000000000002,1.1800000000000002,168.00840000000005,54.7,2.66,145.502,145.0,0.3,5.0,198.7,23358.0,44181.0,23.0,17.84,81.0,29.77,12.941999999999998,188.0,376.0,1.6,0.8660400313317665
2026-03-03T09:31:01,03/03/202609:31,142.34,1.1800000000000002,167.96120000000002,54.7,2.66,145.502,145.0,0.3,5.0,198.7,23358.0,44181.0,23.0,17.91,80.5,29.77,13.091,187.7,381.2,1.6400000000000001,0.8662834035479622
2026-03-03T09:32:01,03/03/202609:32,142.3,1.1800000000000002,167.91400000000004,54.7,2.66,145.502,145.0,0.3,5.0,198.7,23358.0,44181.0,23.0,17.98,80.0,29.77,13.24,187.4,386.4,1.6800000000000002,0.8665269125862046
2026-03-03T09:32:02,03/03/202609:32,142.31,1.17,166.5027,54.7,2.64,144.40800000000002,143.9,0.3,5.0,198.7,23358.0,44181.0,23.0,18.05,79.5,29.77,13.389,187.1,391.6,1.72,0.8673012509707051
2026-03-03T09:33:00,03/03/202609:33,142.32,1.16,165.0912,54.7,2.62,143.31400000000002,142.8,0.3,5.0,198.7,23358.0,44181.0,23.0,18.12,79.0,29.77,13.538,186.8,396.8,1.7600000000000002,0.8680898800178327
2026-03-03T09:33:02,03/03/202609:33,142.3,1.15,163.645,54.7,2.62,143.31400000000002,142.8,0.3,6.0,198.7,23358.0,44181.0,23.0,18.2,78.6,29.773000000000003,13.687000000000001,186.5,401.5,1.8,0.8757615570289347
2026-03-03T09:34:00,03/03/202609:34,142.28,1.1400000000000001,162.19920000000002,54.7,2.62,143.31400000000002,142.8,0.3,6.0,198.7,23358.0,44181.0,23.0,18.28,78.2,29.776,13.836000000000002,186.2,406.2,1.8399999999999999,0.8835678597674957
2026-03-03T09:34:01,03/03/202609:34,142.27,1.1400000000000001,162.18780000000004,54.71,2.62,143.3402,142.8,0.3,6.0,198.7,23358.0,44181.0,23.0,18.360000000000003,77.8,29.779000000000003,13.985,185.9,410.9,1.8800000000000001,0.883791505896251
2026-03-03T09:35:00,03/03/202609:35,142.26,1.1400000000000001,162.1764,54.720000000000006,2.62,143.36640000000003,142.8,0.3,6.0,198.7,23358.0,44181.0,23.0,18.44,77.4,29.782,14.134,185.6,415.6,1.92,0.8840151834668918
2026-03-03T09:35:02,03/03/202609:35,142.27,1.1400000000000001,162.18780000000004,54.73,2.6100000000000003,142.8453,142.2,0.3,6.0,198.7,23358.0,44181.0,23.1,18.520000000000003,77.0,29.785000000000004,14.277000000000001,186.3,420.3,1.9600000000000002,0.880740104989401
2026-03-03T09:36:00,03/03/202609:36,142.28,1.1400000000000001,162.19920000000002,54.739999999999995,2.6,142.32399999999998,141.6,0.3,6.0,198.7,23358.0,44181.0,23.1,18.6,76.6,29.788,14.419999999999998,187.0,425.0,2.0,0.8774642538310914
2026-03-03T09:36:02,03/03/202609:36,142.34,1.1300000000000001,160.84420000000003,54.739999999999995,2.58,141.2292,140.5,0.3,6.0,198.7,23358.0,44181.0,23.0,18.6,76.7,29.791000000000004,14.419999999999998,187.0,425.0,2.0,0.8780496903214413
2026-03-03T09:37:23,03/03/202609:37,142.38,1.12,159.46560000000002,54.739999999999995,2.58,141.2292,140.5,0.3,6.0,198.7,23358.0,44181.0,23.0,18.6,76.8,29.794,14.419999999999998,187.0,425.0,2.0,0.8856405394016011
2026-03-03T09:38:00,03/03/202609:38,142.39000000000001,1.12,159.47680000000003,54.739999999999995,2.5900000000000003,141.7766,141.1,0.3,6.0,198.7,23358.0,44181.0,23.0,18.6,76.9,29.797000000000004,14.419999999999998,187.0,425.0,2.0,0.8890108153662475
2026-03-03T09:38:02,03/03/202609:38,142.45,1.12,159.544,54.75,2.5900000000000003,141.8025,141.1,0.3,6.0,198.7,23358.0,44181.0,23.0,18.6,77.0,29.8,14.419999999999998,187.0,425.0,2.0,0.8887987012987013
2026-03-03T09:39:01,03/03/202609:39,142.53,1.12,159.63360000000003,54.760000000000005,2.57,140.7332,140.0,0.3,6.0,198.7,23358.0,44181.0,23.0,18.6,77.0,29.8,14.419999999999998,187.0,425.0,2.0,0.8816013671307292
2026-03-03T09:39:02,03/03/202609:39,142.63,1.12,159.7456,54.760000000000005,2.55,139.638,138.9,0.3,6.0,198.7,23358.0,44181.0,23.0,18.6,77.0,29.8,14.419999999999998,187.0,425.0,2.0,0.8741273625063852
2026-03-03T09:40:00,03/03/202609:40,142.72,1.12,159.84640000000002,54.75,2.5300000000000002,138.5175,137.8,0.3,6.0,198.7,23358.0,44181.0,23.0,18.6,77.0,29.8,14.419999999999998,187.0,425.0,2.0,0.8665662786274824
2026-03-03T09:40:02,03/03/202609:40,142.85,1.12,159.99200000000002,54.739999999999995,2.48,135.75519999999997,135.1,0.3,6.0,198.7,23358.0,44181.0,23.1,18.6,77.0,29.8,14.419999999999998,187.0,425.0,2.0,0.8485124256212808
2026-03-03T09:41:00,03/03/202609:41,142.97,1.11,158.69670000000002,54.73,2.45,134.0885,133.5,0.3,6.0,198.7,23358.0,44181.0,23.1,18.6,77.0,29.8,14.419999999999998,187.0,425.0,2.0,0.8449356539865037
2026-03-03T09:41:02,03/03/202609:41,143.10999999999999,1.1,157.421,54.720000000000006,2.42,132.4224,131.9,0.3,6.0,198.7,23358.0,44181.0,23.0,18.6,77.0,29.8,14.419999999999998,187.0,425.0,2.0,0.8411990776325904
2026-03-03T09:42:00,03/03/202609:42,143.22,1.1,157.542,54.720000000000006,2.4,131.328,130.8,0.3,6.0,198.7,23358.0,44181.0,23.0,18.6,77.0,29.8,14.419999999999998,187.0,425.0,2.0,0.8336062764215257
2026-03-03T09:42:01,03/03/202609:42,143.35999999999999,1.09,156.26239999999999,54.720000000000006,2.37,129.68640000000002,129.1,0.3,6.0,198.7,23358.0,44181.0,23.1,18.6,77.0,29.8,14.419999999999998,187.0,425.0,2.0,0.8299270969855834
2026-03-03T09:43:01,03/03/202609:43,143.5,1.08,154.98000000000002,54.720000000000006,2.34,128.0448,127.4,0.3,6.0,198.7,23358.0,44181.0,23.1,18.6,77.0,29.8,14.419999999999998,187.0,425.0,2.0,0.8262020905923344
2026-03-03T09:43:02,03/03/202609:43,143.57,1.07,153.6199,54.71,2.32,126.9272,126.3,0.3,6.0,198.7,23358.0,44181.0,23.1,18.6,77.0,29.8,14.419999999999998,187.0,425.0,2.0,0.8262419126688665
2026-03-03T09:44:00,03/03/202609:44,143.64000000000001,1.06,152.25840000000002,54.7,2.3,125.81,125.2,0.3,6.0,198.7,23358.0,44181.0,23.1,18.6,77.0,29.8,14.419999999999998,187.0,425.0,2.0,0.8262926708805556
2026-03-03T09:44:02,03/03/202609:44,143.63,1.06,152.2478,54.7,2.3,125.81,125.3,0.3,6.0,198.7,23358.0,44181.0,23.0,18.6,77.0,29.8,14.419999999999998,187.0,425.0,2.0,0.8263502001342548
2026-03-03T09:45:01,03/03/202609:45,143.62,1.06,152.2372,54.7,2.3,125.81,125.4,0.3,6.0,198.7,23358.0,44181.0,23.0,18.6,77.0,29.8,14.419999999999998,187.0,425.0,2.0,0.8264077373992691
2026-03-03T09:45:02,03/03/202609:45,143.56,1.05,150.738,54.71,2.29,125.2859,124.8,0.3,6.0,198.7,23358.0,44181.0,23.0,18.6,77.0,29.8,14.419999999999998,187.0,425.0,2.0,0.831150074964508
2026-03-03T09:46:00,03/03/202609:46,143.5,1.04,149.24,54.720000000000006,2.2800000000000002,124.76160000000003,124.2,0.3,6.0,198.7,23358.0,44181.0,23.0,18.6,77.0,29.8,14.419999999999998,187.0,425.0,2.0,0.8359796301259718
2026-03-03T09:46:02,03/03/202609:46,143.37,1.04,149.1048,54.720000000000006,2.29,125.30880000000002,124.7,0.3,6.0,198.7,23358.0,44181.0,23.0,18.67,76.6,29.8,14.475999999999999,187.2,428.3,2.0300000000000002,0.8404075522719591
2026-03-03T09:47:01,03/03/202609:47,143.24,1.04,148.9696,54.720000000000006,2.3,125.85600000000001,125.2,0.3,6.0,198.7,23358.0,44181.0,23.0,18.740000000000002,76.2,29.8,14.532,187.4,431.6,2.06,0.8448435116963461
2026-03-03T09:47:02,03/03/202609:47,143.10999999999999,1.04,148.8344,54.720000000000006,2.3,125.85600000000001,125.2,0.3,6.0,198.7,23358.0,44181.0,23.1,18.810000000000002,75.8,29.8,14.588,187.6,434.9,2.09,0.8456109609068873
2026-03-03T09:48:34,03/03/202609:48,142.95999999999998,1.05,150.10799999999998,54.720000000000006,2.32,126.9504,126.3,0.3,6.0,198.7,23358.0,44181.0,23.1,18.880000000000003,75.4,29.8,14.644,187.8,438.2,2.12,0.8457270765049166
2026-03-03T09:49:00,03/03/202609:49,142.82999999999998,1.06,151.3998,54.720000000000006,2.34,128.0448,127.4,0.3,6.0,198.7,23358.0,44181.0,23.1,18.95,75.0,29.8,14.7,188.0,441.5,2.15,0.8457395584406321
2026-03-03T09:49:02,03/03/202609:49,142.73,1.06,151.2938,54.720000000000006,2.32,126.9504,126.3,0.3,6.0,198.7,23358.0,44181.0,23.0,19.020000000000003,74.6,29.8,14.756,188.2,444.8,2.1799999999999997,0.8390984957744468
2026-03-03T09:50:00,03/03/202609:50,142.69,1.05,149.8245,54.720000000000006,2.2800000000000002,124.76160000000003,124.0,0.3,6.0,198.7,23358.0,44181.0,23.0,19.09,74.2,29.8,14.812000000000001,188.4,448.1,2.21,0.8327182803880542
2026-03-03T09:50:02,03/03/202609:50,142.64000000000001,1.05,149.77200000000002,54.73,2.25,123.1425,122.3,0.3,6.0,198.7,23358.0,44181.0,23.0,19.160000000000004,73.8,29.8,14.868,188.6,451.4,2.2399999999999998,0.8221997436102875
2026-03-03T09:51:00,03/03/202609:51,142.6,1.06,151.156,54.73,2.2600000000000002,123.6898,122.9,0.3,6.0,198.7,23358.0,44181.0,23.0,19.23,73.4,29.8,14.924000000000001,188.8,454.7,2.27,0.8182923602106433
2026-03-03T09:51:03,03/03/202609:51,142.59,1.06,151.14540000000002,54.720000000000006,2.27,124.21440000000001,123.5,0.3,6.0,198.7,23358.0,44181.0,23.1,19.3,73.0,29.8,14.98,189.0,458.0,2.3,0.8218205780658888
2026-03-03T09:52:00,03/03/202609:52,142.63,1.05,149.7615,54.720000000000006,2.2600000000000002,123.66720000000002,123.0,0.3,6.0,198.7,23358.0,44181.0,23.1,19.3,73.0,29.8,14.98,189.0,458.0,2.3,0.8257609599262828
2026-03-03T09:52:02,03/03/202609:52,142.69,1.04,148.3976,54.720000000000006,2.2600000000000002,123.66720000000002,123.0,0.3,6.0,198.7,23358.0,44181.0,23.1,19.3,73.0,29.8,14.98,189.0,458.0,2.3,0.8333504045887535
2026-03-03T09:53:58,03/03/202609:53,142.76,1.05,149.898,54.720000000000006,2.25,123.12000000000002,122.5,0.3,6.0,198.7,23358.0,44181.0,23.0,19.3,73.0,29.8,14.98,189.0,458.0,2.3,0.8213585237961816
2026-03-03T09:54:00,03/03/202609:54,142.85,1.05,149.9925,54.720000000000006,2.22,121.47840000000002,120.9,0.3,6.0,198.7,23358.0,44181.0,23.0,19.3,73.0,29.8,14.98,189.0,458.0,2.3,0.8098964948247414
2026-03-03T09:54:58,03/03/202609:54,143.0,1.03,147.29,54.71,2.15,117.6265,117.1,0.3,6.0,198.7,23358.0,44181.0,23.0,19.3,73.0,29.8,14.98,189.0,458.0,2.3,0.7986047932649875
2026-03-03T09:55:00,03/03/202609:55,143.12,1.02,145.9824,54.7,2.12,115.96400000000001,115.5,0.3,6.0,198.7,23358.0,44181.0,23.0,19.3,73.0,29.8,14.98,189.0,458.0,2.3,0.7943697322416949
2026-03-03T09:55:58,03/03/202609:55,143.23,1.02,146.09459999999999,54.7,2.12,115.96400000000001,115.5,0.3,6.0,198.7,23358.0,44181.0,23.1,19.3,73.0,29.8,14.98,189.0,458.0,2.3,0.7937596598368456
2026-03-03T09:56:00,03/03/202609:56,143.35,1.01,144.7835,54.69,2.1100000000000003,115.39590000000001,114.9,0.3,6.0,198.7,23358.0,44181.0,23.1,19.3,73.0,29.8,14.98,189.0,458.0,2.3,0.797023832135568
2026-03-03T09:56:58,03/03/202609:56,143.48000000000002,1.0,143.48000000000002,54.68000000000001,2.1,114.82800000000002,114.3,0.3,6.0,198.7,23358.0,44181.0,23.1,19.3,73.0,29.8,14.98,189.0,458.0,2.3,0.80030666294954
2026-03-03T09:57:00,03/03/202609:57,143.58,1.0,143.58,54.68000000000001,2.0900000000000003,114.28120000000003,113.7,0.3,6.0,198.7,23358.0,44181.0,23.1,19.3,73.0,29.8,14.98,189.0,458.0,2.3,0.7959409388494221
2026-03-03T09:57:58,03/03/202609:57,143.67000000000002,1.0,143.67000000000002,54.68000000000001,2.0900000000000003,114.28120000000003,113.7,0.3,6.0,198.7,23358.0,44181.0,23.1,19.3,73.0,29.8,14.98,189.0,458.0,2.3,0.7954423331245216
2026-03-03T09:58:00,03/03/202609:58,143.74,1.0,143.74,54.68000000000001,2.08,113.73440000000002,113.2,0.3,6.0,198.7,23358.0,44181.0,23.1,19.3,73.0,29.8,14.98,189.0,458.0,2.3,0.7912508696257132
2026-03-03T09:59:48,03/03/202609:59,143.76000000000002,1.0,143.76000000000002,54.68000000000001,2.0900000000000003,114.28120000000003,113.7,0.3,7.0,198.7,23358.0,44181.0,23.1,19.3,73.0,29.8,14.98,189.0,458.0,2.3,0.7949443516972733
2026-03-03T09:59:59,03/03/202609:59,143.8,0.99,142.36200000000002,54.68000000000001,2.0900000000000003,114.28120000000003,113.7,0.3,7.0,198.7,23358.0,44181.0,23.1,19.3,73.0,29.8,14.98,189.0,458.0,2.3,0.8027507340441973
2026-03-03T10:00:01,03/03/202610:00,143.78,1.0,143.78,54.69,2.13,116.48969999999998,115.9,0.3,7.0,198.7,23358.0,44181.0,23.1,19.3,73.0,29.8,14.98,189.0,458.0,2.3,0.8101940464598691
2026-03-03T10:00:58,03/03/202610:00,143.75,1.01,145.1875,54.7,2.1700000000000004,118.69900000000003,118.1,0.3,7.0,198.7,23358.0,44181.0,23.1,19.37,72.8,29.8,14.98,189.1,460.8,2.3299999999999996,0.8175566078346967
2026-03-03T10:01:00,03/03/202610:01,143.73,1.01,145.16729999999998,54.7,2.18,119.24600000000001,118.7,0.3,7.0,198.7,23358.0,44181.0,23.1,19.44,72.6,29.8,14.98,189.2,463.6,2.36,0.8214384368931572
2026-03-03T10:01:58,03/03/202610:01,143.7,1.0,143.7,54.7,2.18,119.24600000000001,118.7,0.3,7.0,198.7,23358.0,44181.0,23.1,19.509999999999998,72.4,29.8,14.98,189.3,466.4,2.3899999999999997,0.8298260264439806
2026-03-03T10:02:00,03/03/202610:02,143.66,0.99,142.2234,54.7,2.18,119.24600000000001,118.7,0.3,7.0,198.7,23358.0,44181.0,23.1,19.580000000000002,72.2,29.8,14.98,189.4,469.2,2.42,0.8384414941563766
2026-03-03T10:02:59,03/03/202610:02,143.57999999999998,0.9800000000000001,140.7084,54.7,2.18,119.24600000000001,118.7,0.3,7.0,198.7,23358.0,44181.0,23.1,19.65,72.0,29.8,14.98,189.5,472.0,2.45,0.8474689499702932
2026-03-03T10:03:01,03/03/202610:03,143.51,0.97,139.20469999999997,54.7,2.1700000000000004,118.69900000000003,118.1,0.3,7.0,198.7,23358.0,44181.0,23.1,19.72,71.8,29.8,14.98,189.6,474.8,2.48,0.8526939104785977
2026-03-03T10:03:58,03/03/202610:03,143.39,0.97,139.08829999999998,54.69,2.16,118.13040000000001,117.5,0.3,7.0,198.7,23358.0,44181.0,23.1,19.79,71.6,29.8,14.98,189.7,477.6,2.5100000000000002,0.8493194610905449
2026-03-03T10:04:00,03/03/202610:04,143.3,0.96,137.568,54.68000000000001,2.14,117.01520000000002,116.4,0.3,7.0,198.7,23358.0,44181.0,23.1,19.86,71.4,29.8,14.98,189.8,480.4,2.54,0.8505989765061643
2026-03-03T10:04:58,03/03/202610:04,143.17000000000002,0.96,137.44320000000002,54.68000000000001,2.13,116.4684,115.8,0.3,7.0,198.7,23358.0,44181.0,23.1,19.93,71.2,29.8,14.98,189.9,483.2,2.57,0.8473929594188726
2026-03-03T10:05:00,03/03/202610:05,143.04000000000002,0.96,137.31840000000003,54.68000000000001,2.12,115.92160000000003,115.2,0.3,7.0,198.7,23358.0,44181.0,23.1,20.0,71.0,29.8,14.98,190.0,486.0,2.6,0.844181114839672
2026-03-03T10:05:58,03/03/202610:05,142.93,0.95,135.7835,54.68000000000001,2.0900000000000003,114.28120000000003,113.5,0.3,7.0,198.7,23358.0,44181.0,23.1,20.0,71.0,29.8,14.98,190.0,486.0,2.6,0.8416427621912826
2026-03-03T10:06:00,03/03/202610:06,142.82,0.9400000000000001,134.2508,54.68000000000001,2.06,112.64080000000001,111.8,0.3,7.0,198.7,23358.0,44181.0,23.1,20.0,71.0,29.8,14.98,190.0,486.0,2.6,0.8390326165654135
2026-03-03T10:06:58,03/03/202610:06,142.76,0.9199999999999999,131.33919999999998,54.64,2.0100000000000002,109.8264,109.0,0.3,7.0,198.7,23358.0,44181.0,23.1,20.0,71.0,29.8,14.98,190.0,486.0,2.6,0.8362042710782465
2026-03-03T10:07:00,03/03/202610:07,142.7,0.9,128.43,54.6,1.9600000000000002,107.01600000000002,106.2,0.3,7.0,198.7,23358.0,44181.0,23.1,20.0,71.0,29.8,14.98,190.0,486.0,2.6,0.8332632562485401
2026-03-03T10:07:58,03/03/202610:07,142.63,0.89,126.94069999999999,54.56,1.92,104.7552,104.0,0.3,7.0,198.7,23358.0,44181.0,23.1,20.0,71.0,29.8,14.98,190.0,486.0,2.6,0.8252294181456381
2026-03-03T10:08:00,03/03/202610:08,142.56,0.8800000000000001,125.45280000000002,54.52,1.8800000000000001,102.4976,101.8,0.3,7.0,198.7,23358.0,44181.0,23.1,20.0,71.0,29.8,14.98,190.0,486.0,2.6,0.8170212223242526
2026-03-03T10:08:58,03/03/202610:08,142.53,0.8699999999999999,124.00109999999998,54.489999999999995,1.85,100.8065,100.1,0.3,7.0,198.7,23358.0,44181.0,23.1,20.0,71.0,29.8,14.98,190.0,486.0,2.6,0.8129484335219608
2026-03-03T10:09:00,03/03/202610:09,142.5,0.86,122.55,54.46,1.8199999999999998,99.1172,98.4,0.3,7.0,198.7,23358.0,44181.0,23.1,20.0,71.0,29.8,14.98,190.0,486.0,2.6,0.8087898816809466
2026-03-03T10:10:58,03/03/202610:10,142.5,0.8400000000000001,119.70000000000002,54.42999999999999,1.8,97.97399999999999,97.8,0.4,7.0,198.7,23358.0,44181.0,23.1,20.0,71.0,29.8,14.98,190.0,486.0,2.6,0.8184962406015036
2026-03-03T10:11:01,03/03/202610:11,142.5,0.82,116.85,54.4,1.78,96.832,97.2,0.4,7.0,198.7,23358.0,44181.0,23.1,20.0,71.0,29.8,14.98,190.0,486.0,2.6,0.8286863500213949
2026-03-03T10:11:58,03/03/202610:11,142.53000000000003,0.8099999999999999,115.44930000000002,54.36,1.7600000000000002,95.67360000000001,96.1,0.4,7.0,198.7,23358.0,44181.0,23.1,20.0,71.0,29.8,14.98,190.0,486.0,2.6,0.8287066270648673
2026-03-03T10:12:00,03/03/202610:12,142.56,0.8,114.048,54.31999999999999,1.7399999999999998,94.51679999999998,95.0,0.4,7.0,198.7,23358.0,44181.0,23.1,20.0,71.0,29.8,14.98,190.0,486.0,2.6,0.8287457912457911
2026-03-03T10:12:58,03/03/202610:12,142.55,0.8099999999999999,115.4655,54.31999999999999,1.7399999999999998,94.51679999999998,95.0,0.4,7.0,198.7,23358.0,44181.0,23.1,20.0,71.0,29.8,14.98,190.0,486.0,2.6,0.8185717811813916
2026-03-03T10:13:01,03/03/202610:13,142.54000000000002,0.8200000000000001,116.88280000000003,54.31999999999999,1.7399999999999998,94.51679999999998,95.0,0.4,7.0,198.7,23358.0,44181.0,23.1,20.0,71.0,29.8,14.98,190.0,486.0,2.6,0.8086459256622869
2026-03-03T10:13:58,03/03/202610:13,142.55,0.8200000000000001,116.89100000000002,54.31999999999999,1.7399999999999998,94.51679999999998,95.0,0.4,7.0,198.7,23358.0,44181.0,23.1,20.0,71.0,29.8,14.98,190.0,486.0,2.6,0.8085891984840574
2026-03-03T10:14:00,03/03/202610:14,142.56,0.8200000000000001,116.89920000000001,54.31999999999999,1.7399999999999998,94.51679999999998,95.0,0.4,7.0,198.7,23358.0,44181.0,23.1,20.0,71.0,29.8,14.98,190.0,486.0,2.6,0.8085324792641864
2026-03-03T10:14:59,03/03/202610:14,142.64000000000001,0.79,112.68560000000002,54.31999999999999,1.7,92.34399999999998,92.9,0.4,7.0,198.7,23358.0,44181.0,23.1,20.0,71.0,29.8,14.98,190.0,486.0,2.6,0.8194835897399487
2026-03-03T10:15:01,03/03/202610:15,142.72,0.76,108.4672,54.31999999999999,1.6600000000000001,90.1712,90.8,0.4,7.0,198.7,23358.0,44181.0,23.1,20.0,71.0,29.8,14.98,190.0,486.0,2.6,0.8313222799150342
2026-03-03T10:15:58,03/03/202610:15,142.78,0.76,108.5128,54.31,1.64,89.0684,89.2,0.4,7.0,198.7,23358.0,44181.0,23.1,20.0,71.0,29.8,14.98,190.0,486.0,2.6,0.8208100795482192
2026-03-03T10:15:59,03/03/202610:15,142.81,0.77,109.9637,54.31,1.65,89.61149999999999,89.2,0.4,7.0,198.7,23358.0,44181.0,23.1,20.0,71.0,29.8,14.98,190.0,486.0,2.6,0.8149189232446706
2026-03-03T10:16:01,03/03/202610:16,142.8,0.78,111.38400000000001,54.31999999999999,1.6800000000000002,91.2576,90.8,0.4,7.0,198.7,23358.0,44181.0,23.1,20.0,71.0,29.8,14.98,190.0,486.0,2.6,0.8193061840120662
2026-03-03T10:17:00,03/03/202610:16,142.82999999999998,0.78,111.4074,54.31999999999999,1.67,90.71439999999998,90.2,0.4,7.0,198.7,23358.0,44181.0,23.1,20.080000000000002,70.6,29.8,15.042000000000002,190.2,492.9,2.63,0.8142582988203655
2026-03-03T10:17:01,03/03/202610:17,142.85999999999999,0.78,111.43079999999999,54.31999999999999,1.67,90.71439999999998,90.2,0.4,7.0,198.7,23358.0,44181.0,23.1,20.16,70.2,29.8,15.104,190.4,499.8,2.66,0.8140873079974297
2026-03-03T10:17:59,03/03/202610:17,142.88,0.79,112.8752,54.31999999999999,1.6800000000000002,91.2576,90.8,0.4,7.0,198.7,23358.0,44181.0,23.1,20.240000000000002,69.8,29.8,15.166,190.6,506.7,2.69,0.8084822884034756
2026-03-03T10:18:01,03/03/202610:18,142.93,0.8,114.34400000000001,54.31999999999999,1.6800000000000002,91.2576,90.8,0.4,7.0,198.7,23358.0,44181.0,23.1,20.32,69.4,29.8,15.228,190.8,513.6,2.7199999999999998,0.7980969705450219
2026-03-03T10:18:59,03/03/202610:18,143.0,0.8,114.4,54.31999999999999,1.67,90.71439999999998,90.2,0.4,7.0,198.7,23358.0,44181.0,23.1,20.4,69.0,29.8,15.290000000000001,191.0,520.5,2.75,0.7929580419580418
2026-03-03T10:19:01,03/03/202610:19,143.01,0.8200000000000001,117.26820000000001,54.31999999999999,1.69,91.80079999999998,91.2,0.4,7.0,198.7,23358.0,44181.0,23.1,20.48,68.6,29.8,15.352,191.2,527.4,2.7800000000000002,0.7828277401716747
2026-03-03T10:19:59,03/03/202610:19,143.04,0.8300000000000001,118.7232,54.31999999999999,1.7,92.34399999999998,91.7,0.4,7.0,198.7,23358.0,44181.0,23.1,20.56,68.2,29.8,15.413999999999998,191.4,534.3,2.81,0.7778092234710653
2026-03-03T10:20:00,03/03/202610:20,143.07999999999998,0.82,117.32559999999998,54.31999999999999,1.6800000000000002,91.2576,90.6,0.4,7.0,198.7,23358.0,44181.0,23.1,20.64,67.8,29.8,15.475999999999999,191.6,541.2,2.84,0.7778149014366857
2026-03-03T10:22:10,03/03/202610:22,143.12,0.8099999999999999,115.9272,54.31999999999999,1.64,89.08479999999999,88.4,0.4,7.0,198.7,23358.0,44181.0,23.1,20.720000000000002,67.4,29.8,15.538,191.8,548.1,2.87,0.7684546853542567
2026-03-03T10:23:00,03/03/202610:22,143.12,0.8,114.49600000000001,54.31,1.6,86.89600000000002,86.2,0.4,7.0,198.7,23358.0,44181.0,23.1,20.8,67.0,29.8,15.6,192.0,555.0,2.9,0.7589435438792622
2026-03-03T10:23:01,03/03/202610:23,143.07999999999998,0.8,114.464,54.31,1.6,86.89600000000002,86.2,0.4,7.0,198.7,23358.0,44181.0,23.1,20.8,67.0,29.8,15.6,192.0,555.0,2.9,0.7591557170813532
2026-03-03T10:23:59,03/03/202610:23,142.97,0.8,114.376,54.31,1.6199999999999999,87.98219999999999,87.3,0.4,7.0,198.7,23358.0,44181.0,23.1,20.8,67.0,29.8,15.6,192.0,555.0,2.9,0.7692365531230327
2026-03-03T10:24:01,03/03/202610:24,142.87,0.79,112.86730000000001,54.31,1.6300000000000001,88.52530000000002,87.8,0.4,7.0,198.7,23358.0,44181.0,23.1,20.8,67.0,29.8,15.6,192.0,555.0,2.9,0.7843308026328264
2026-03-03T10:24:59,03/03/202610:24,142.73,0.77,109.90209999999999,54.31,1.6300000000000001,88.52530000000002,87.8,0.4,7.0,198.7,23358.0,44181.0,23.1,20.8,67.0,29.8,15.6,192.0,555.0,2.9,0.8054923427304849
2026-03-03T10:25:00,03/03/202610:25,142.57,0.76,108.3532,54.31,1.64,89.0684,88.4,0.4,7.0,198.7,23358.0,44181.0,23.1,20.8,67.0,29.8,15.6,192.0,555.0,2.9,0.8220191004972626
2026-03-03T10:26:00,03/03/202610:25,142.35,0.75,106.76249999999999,54.31,1.65,89.61149999999999,89.0,0.4,7.0,198.7,23358.0,44181.0,23.1,20.8,67.0,29.8,15.6,192.0,555.0,2.9,0.8393537056550755
2026-03-03T10:26:01,03/03/202610:26,142.10999999999999,0.75,106.58249999999998,54.31,1.67,90.6977,90.1,0.4,7.0,198.7,23358.0,44181.0,23.1,20.8,67.0,29.8,15.6,192.0,555.0,2.9,0.8509624000187649
2026-03-03T10:26:59,03/03/202610:26,141.82,0.77,109.20139999999999,54.31,1.69,91.7839,91.2,0.4,7.0,198.7,23358.0,44181.0,23.1,20.8,67.0,29.8,15.6,192.0,555.0,2.9,0.8405011291064035
2026-03-03T10:27:01,03/03/202610:27,141.56,0.78,110.41680000000001,54.3,1.7,92.30999999999999,91.8,0.4,7.0,198.7,23358.0,44181.0,23.1,20.8,67.0,29.8,15.6,192.0,555.0,2.9,0.8360140848131804
2026-03-03T10:28:00,03/03/202610:27,141.35,0.78,110.253,54.3,1.7100000000000002,92.85300000000001,92.4,0.4,7.0,198.7,23358.0,44181.0,23.1,20.8,67.0,29.8,15.6,192.0,555.0,2.9,0.8421811651383636
2026-03-03T10:28:01,03/03/202610:28,141.14000000000001,0.78,110.08920000000002,54.3,1.72,93.39599999999999,93.0,0.4,7.0,198.7,23358.0,44181.0,23.1,20.8,67.0,29.8,15.6,192.0,555.0,2.9,0.8483665972683966
2026-03-03T10:28:59,03/03/202610:28,141.0,0.78,109.98,54.3,1.72,93.39599999999999,93.0,0.4,7.0,198.7,23358.0,44181.0,23.1,20.8,67.0,29.8,15.6,192.0,554.8,2.9,0.8492089470812874
2026-03-03T10:29:01,03/03/202610:29,140.85999999999999,0.78,109.87079999999999,54.3,1.72,93.39599999999999,93.0,0.4,7.0,198.7,23358.0,44181.0,23.1,20.8,67.0,29.8,15.6,192.0,554.6,2.9,0.8500529713081182
2026-03-03T10:29:59,03/03/202610:29,140.82,0.79,111.2478,54.3,1.72,93.39599999999999,93.0,0.4,7.0,198.7,23358.0,44181.0,23.1,20.79,67.0,29.8,15.6,192.0,554.4,2.9,0.8395312087070484
2026-03-03T10:30:00,03/03/202610:30,140.78,0.8,112.62400000000001,54.3,1.72,93.39599999999999,93.0,0.4,7.0,198.7,23358.0,44181.0,23.1,20.78,67.0,29.8,15.6,192.0,554.2,2.9,0.8292726239522658
2026-03-03T10:30:59,03/03/202610:30,140.83999999999997,0.8099999999999999,114.08039999999997,54.3,1.7399999999999998,94.48199999999999,94.1,0.4,7.0,198.7,23358.0,44181.0,23.1,20.86,66.6,29.8,15.556000000000001,192.1,557.7,2.94,0.8282053709489098
2026-03-03T10:31:01,03/03/202610:31,140.9,0.8200000000000001,115.53800000000001,54.3,1.7600000000000002,95.56800000000001,95.2,0.4,7.0,198.7,23358.0,44181.0,23.1,20.94,66.2,29.8,15.512,192.2,561.2,2.9799999999999995,0.8271564333812252
2026-03-03T10:31:59,03/03/202610:31,141.11999999999998,0.8099999999999999,114.30719999999997,54.3,1.7399999999999998,94.48199999999999,94.1,0.4,7.0,198.7,23358.0,44181.0,23.1,21.020000000000003,65.8,29.8,15.468,192.3,564.7,3.02,0.8265621063240112
2026-03-03T10:32:00,03/03/202610:32,141.33999999999997,0.8,113.07199999999999,54.3,1.72,93.39599999999999,93.0,0.4,7.0,198.7,23358.0,44181.0,23.1,21.1,65.4,29.8,15.424000000000001,192.4,568.2,3.0599999999999996,0.825986981746144
2026-03-03T10:33:22,03/03/202610:33,141.58999999999997,0.8,113.27199999999999,54.3,1.73,93.939,93.5,0.4,8.0,198.7,23358.0,44181.0,23.1,21.18,65.0,29.8,15.38,192.5,571.7,3.1,0.8293223391482449
2026-03-03T10:33:59,03/03/202610:33,141.85,0.8,113.48,54.3,1.75,95.02499999999999,94.6,0.4,8.0,198.7,23358.0,44181.0,23.1,21.26,64.6,29.8,15.336000000000002,192.6,575.2,3.1399999999999997,0.8373722241804722
2026-03-03T10:34:00,03/03/202610:34,142.10999999999999,0.8,113.68799999999999,54.3,1.7600000000000002,95.56800000000001,95.2,0.4,8.0,198.7,23358.0,44181.0,23.1,21.34,64.2,29.8,15.291999999999998,192.7,578.9,3.1799999999999997,0.8406164238969814
2026-03-03T10:35:00,03/03/202610:34,142.36999999999998,0.79,112.47229999999999,54.3,1.7399999999999998,94.48199999999999,94.1,0.4,8.0,198.7,23358.0,44181.0,23.1,21.42,63.8,29.8,15.248,192.8,582.6,3.2199999999999998,0.8400468381992722
2026-03-03T10:35:01,03/03/202610:35,142.57,0.78,111.2046,54.3,1.73,93.939,93.5,0.4,8.0,198.7,23358.0,44181.0,23.1,21.51,63.4,29.8,15.203999999999999,192.9,586.3,3.2600000000000002,0.8447402355657949
2026-03-03T10:35:59,03/03/202610:35,142.76999999999998,0.78,111.36059999999999,54.31,1.72,93.4132,92.9,0.4,8.0,198.7,23358.0,44181.0,23.1,21.6,63.0,29.8,15.16,193.0,590.0,3.3,0.8388352792639409
2026-03-03T10:36:00,03/03/202610:36,142.95999999999998,0.77,110.07919999999999,54.31999999999999,1.67,90.71439999999998,90.2,0.4,8.0,198.7,23358.0,44181.0,23.1,21.6,63.0,29.8,15.16,193.0,590.0,3.3,0.824083023859185
2026-03-03T10:37:01,03/03/202610:37,143.1,0.77,110.187,54.33,1.6300000000000001,88.5579,88.0,0.4,8.0,198.7,23358.0,44181.0,23.1,21.6,63.0,29.8,15.16,193.0,590.0,3.3,0.8037055187998585
2026-03-03T10:38:00,03/03/202610:38,143.15,0.77,110.22550000000001,54.33,1.64,89.10119999999999,88.5,0.4,8.0,198.7,23358.0,44181.0,23.1,21.6,63.0,29.8,15.16,193.0,590.0,3.3,0.8083537838340491
2026-03-03T10:39:00,03/03/202610:39,143.21999999999997,0.76,108.84719999999997,54.33,1.65,89.6445,89.0,0.4,8.0,198.7,23358.0,44181.0,23.1,21.6,63.0,29.8,15.16,193.0,590.0,3.3,0.8235811302449674
2026-03-03T10:40:00,03/03/202610:40,143.25,0.75,107.4375,54.33,1.6300000000000001,88.5579,87.9,0.4,8.0,198.7,23358.0,44181.0,23.1,21.6,63.0,29.8,15.16,193.0,590.0,3.3,0.824273647469459
2026-03-03T10:40:01,03/03/202610:40,143.35,0.74,106.079,54.33,1.6,86.928,86.2,0.4,8.0,198.7,23358.0,44181.0,23.2,21.6,63.0,29.8,15.16,193.0,590.0,3.3,0.8194647385439154
2026-03-03T10:41:00,03/03/202610:41,143.5,0.74,106.19,54.33,1.57,85.2981,84.5,0.4,8.0,198.7,23358.0,44181.0,23.1,21.6,63.0,29.8,15.16,193.0,590.0,3.3,0.8032592522836426
2026-03-03T10:41:42,03/03/202610:41,143.6,0.75,107.69999999999999,54.33,1.56,84.7548,84.0,0.4,8.0,198.7,23358.0,44181.0,23.1,21.6,63.0,29.8,15.16,193.0,590.0,3.3,0.7869526462395544
2026-03-03T10:42:01,03/03/202610:42,143.7,0.76,109.21199999999999,54.33,1.55,84.2115,83.5,0.4,8.0,198.7,23358.0,44181.0,23.1,21.6,63.0,29.8,15.16,193.0,590.0,3.3,0.7710828480386771
2026-03-03T10:42:42,03/03/202610:42,143.73999999999998,0.75,107.80499999999998,54.31,1.54,83.6374,83.0,0.4,8.0,198.7,23358.0,44181.0,23.1,21.6,63.0,29.8,15.16,193.0,590.0,3.3,0.7758211585733502
2026-03-03T10:43:00,03/03/202610:43,143.75,0.75,107.8125,54.29,1.55,84.1495,83.5,0.4,8.0,198.7,23358.0,44181.0,23.1,21.6,63.0,29.8,15.16,193.0,590.0,3.3,0.7805171014492754
2026-03-03T10:44:33,03/03/202610:44,143.82999999999998,0.74,106.43419999999999,54.279999999999994,1.56,84.6768,84.0,0.4,8.0,198.7,23358.0,44181.0,23.1,21.6,63.0,29.8,15.16,193.0,590.0,3.3,0.79557886468823
2026-03-03T10:44:43,03/03/202610:44,143.9,0.71,102.169,54.279999999999994,1.5100000000000002,81.9628,81.3,0.4,8.0,198.7,23358.0,44181.0,23.2,21.6,63.0,29.8,15.16,193.0,590.0,3.3,0.8022276815863912
2026-03-03T10:45:00,03/03/202610:45,143.95,0.6900000000000001,99.3255,54.279999999999994,1.4600000000000002,79.2488,78.6,0.4,8.0,198.7,23358.0,44181.0,23.2,21.6,63.0,29.8,15.16,193.0,590.0,3.3,0.7978696306587936
2026-03-03T10:45:42,03/03/202610:45,143.82,0.71,102.11219999999999,54.279999999999994,1.48,80.33439999999999,79.7,0.4,8.0,198.7,23358.0,44181.0,23.1,21.67,62.6,29.8,15.229,193.0,593.3,3.3299999999999996,0.7867267574295725
2026-03-03T10:46:00,03/03/202610:46,143.60999999999999,0.73,104.83529999999999,54.279999999999994,1.5,81.41999999999999,80.8,0.4,8.0,198.7,23358.0,44181.0,23.1,21.740000000000002,62.2,29.8,15.297999999999998,193.0,596.6,3.3600000000000003,0.7766467974050725
2026-03-03T10:46:42,03/03/202610:46,143.45,0.73,104.71849999999999,54.279999999999994,1.51,81.96279999999999,81.4,0.4,8.0,198.7,23358.0,44181.0,23.1,21.810000000000002,61.8,29.8,15.366999999999999,193.0,599.9,3.3899999999999997,0.7826964671953857
2026-03-03T10:47:00,03/03/202610:47,143.34,0.73,104.6382,54.279999999999994,1.53,83.04839999999999,82.5,0.4,8.0,198.7,23358.0,44181.0,23.1,21.880000000000003,61.4,29.8,15.436000000000002,193.0,603.2,3.4200000000000004,0.7936719094938559
2026-03-03T10:47:42,03/03/202610:47,143.22,0.73,104.5506,54.29,1.56,84.6924,84.1,0.4,8.0,198.7,23358.0,44181.0,23.1,21.95,61.0,29.8,15.505,193.0,606.5,3.45,0.8100613482849454
2026-03-03T10:48:00,03/03/202610:48,143.16,0.74,105.9384,54.31,1.59,86.3529,85.7,0.4,8.0,198.7,23358.0,44181.0,23.1,22.020000000000003,60.6,29.8,15.574000000000002,193.0,609.8,3.4799999999999995,0.8151236945243652
2026-03-03T10:48:42,03/03/202610:48,143.12,0.75,107.34,54.33,1.6199999999999999,88.01459999999999,87.9,0.4,8.0,198.7,23358.0,44181.0,23.1,22.09,60.2,29.8,15.643,193.0,613.1,3.5100000000000002,0.819960871995528
2026-03-03T10:49:00,03/03/202610:49,143.06,0.76,108.7256,54.339999999999996,1.64,89.11759999999998,89.6,0.4,8.0,198.7,23358.0,44181.0,23.1,22.160000000000004,59.8,29.8,15.712,193.0,616.4,3.54,0.8196560883545364
2026-03-03T10:49:43,03/03/202610:49,143.04,0.79,113.0016,54.35,1.6800000000000002,91.308,91.8,0.4,8.0,198.7,23358.0,44181.0,23.2,22.23,59.4,29.8,15.781,193.0,619.7,3.5700000000000003,0.8080239571829072
2026-03-03T10:50:00,03/03/202610:50,143.01999999999998,0.8200000000000001,117.2764,54.36,1.72,93.4992,94.0,0.4,8.0,198.7,23358.0,44181.0,23.2,22.3,59.0,29.8,15.85,193.0,623.0,3.6,0.7972550317028831
2026-03-03T10:50:42,03/03/202610:50,143.15,0.8,114.52000000000001,54.36,1.6800000000000002,91.32480000000001,91.9,0.4,8.0,198.7,23358.0,44181.0,23.2,22.3,59.0,29.8,15.85,193.0,623.0,3.6,0.7974572127139364
2026-03-03T10:51:00,03/03/202610:51,143.28,0.78,111.75840000000001,54.36,1.64,89.15039999999999,89.8,0.4,8.0,198.7,23358.0,44181.0,23.2,22.3,59.0,29.8,15.85,193.0,623.0,3.6,0.7977064811235665
2026-03-03T10:51:41,03/03/202610:51,143.22,0.78,111.7116,54.36999999999999,1.6600000000000001,90.2542,90.9,0.4,8.0,198.7,23358.0,44181.0,23.1,22.3,59.0,29.8,15.85,193.0,623.0,3.6,0.8079214692117918
2026-03-03T10:52:01,03/03/202610:52,143.16,0.78,111.6648,54.379999999999995,1.6800000000000002,91.3584,92.0,0.4,8.0,198.7,23358.0,44181.0,23.1,22.3,59.0,29.8,15.85,193.0,623.0,3.6,0.8181486018870764
2026-03-03T10:52:42,03/03/202610:52,143.16,0.77,110.2332,54.36999999999999,1.67,90.79789999999998,91.5,0.4,8.0,198.7,23358.0,44181.0,23.1,22.3,59.0,29.8,15.85,193.0,623.0,3.6,0.8236892333707085
2026-03-03T10:53:00,03/03/202610:53,143.16,0.76,108.8016,54.36,1.6600000000000001,90.2376,91.0,0.4,8.0,198.7,23358.0,44181.0,23.1,22.3,59.0,29.8,15.85,193.0,623.0,3.6,0.8293775091542772
2026-03-03T10:53:42,03/03/202610:53,143.18,0.76,108.8168,54.35,1.65,89.6775,89.9,0.4,8.0,198.7,23358.0,44181.0,23.1,22.3,59.0,29.8,15.85,193.0,623.0,3.6,0.8241144749707765
2026-03-03T10:54:01,03/03/202610:54,143.2,0.76,108.832,54.339999999999996,1.64,89.11759999999998,88.8,0.4,8.0,198.7,23358.0,44181.0,23.1,22.3,59.0,29.8,15.85,193.0,623.0,3.6,0.8188547486033518
2026-03-03T10:55:45,03/03/202610:55,142.93,0.76,108.6268,54.33,1.6599999999999997,90.18779999999998,89.9,0.4,8.0,198.7,23358.0,44181.0,23.1,22.3,59.0,29.8,15.85,193.0,623.0,3.6,0.8302536758884546
2026-03-03T10:56:01,03/03/202610:56,142.66,0.76,108.4216,54.31999999999999,1.6800000000000002,91.2576,91.0,0.4,8.0,198.7,23358.0,44181.0,23.1,22.3,59.0,29.8,15.85,193.0,623.0,3.6,0.8416920613604669
2026-03-03T10:56:43,03/03/202610:56,142.69,0.76,108.4444,54.31999999999999,1.69,91.80079999999998,91.5,0.4,8.0,198.7,23358.0,44181.0,23.1,22.3,59.0,29.8,15.85,193.0,623.0,3.6,0.8465241174279168
2026-03-03T10:57:01,03/03/202610:57,142.72,0.76,108.4672,54.31999999999999,1.7,92.34399999999998,92.0,0.4,8.0,198.7,23358.0,44181.0,23.1,22.3,59.0,29.8,15.85,193.0,623.0,3.6,0.8513541420816614
2026-03-03T10:57:22,03/03/202610:57,142.94,0.76,108.6344,54.31,1.69,91.7839,91.4,0.4,8.0,198.7,23358.0,44181.0,23.1,22.3,59.0,29.8,15.85,193.0,623.0,3.6,0.8448879912808466
2026-03-03T10:58:01,03/03/202610:58,143.16,0.76,108.8016,54.3,1.6800000000000002,91.224,90.8,0.4,8.0,198.7,23358.0,44181.0,23.1,22.3,59.0,29.8,15.85,193.0,623.0,3.6,0.8384435523007016
2026-03-03T10:58:22,03/03/202610:58,143.41,0.77,110.4257,54.3,1.69,91.767,91.3,0.4,8.0,198.7,23358.0,44181.0,23.1,22.3,59.0,29.8,15.85,193.0,623.0,3.6,0.8310293708801483
2026-03-03T10:59:01,03/03/202610:59,143.66,0.78,112.0548,54.3,1.7,92.30999999999999,91.8,0.4,8.0,198.7,23358.0,44181.0,23.1,22.3,59.0,29.8,15.85,193.0,623.0,3.6,0.8237933582497134
2026-03-03T10:59:33,03/03/202610:59,143.69,0.79,113.5151,54.31,1.7,92.327,91.8,0.4,8.0,198.7,23358.0,44181.0,23.1,22.3,59.0,29.8,15.85,193.0,623.0,3.6,0.8133455372897526
2026-03-03T11:00:01,03/03/202611:00,143.71999999999997,0.8,114.97599999999998,54.31999999999999,1.7,92.34399999999998,91.8,0.4,8.0,198.7,23358.0,44181.0,23.1,22.3,59.0,29.8,15.85,193.0,623.0,3.6,0.8031589201224603
2026-03-03T11:00:34,03/03/202611:00,144.04,0.79,113.7916,54.31999999999999,1.67,90.71439999999998,90.2,0.4,8.0,198.7,23358.0,44181.0,23.1,22.3,59.0,29.8,15.85,193.0,623.0,3.6,0.7971976841875849
2026-03-03T11:01:01,03/03/202611:01,144.35999999999999,0.78,112.60079999999999,54.31999999999999,1.64,89.08479999999999,88.6,0.4,8.0,198.7,23358.0,44181.0,23.1,22.3,59.0,29.8,15.85,193.0,623.0,3.6,0.7911560131011502
2026-03-03T11:01:34,03/03/202611:01,144.43,0.78,112.65540000000001,54.31999999999999,1.65,89.62799999999999,89.1,0.4,8.0,198.7,23358.0,44181.0,23.1,22.36,58.8,29.8,15.899000000000001,193.0,626.1,3.62,0.7955943523346415
2026-03-03T11:01:47,03/03/202611:01,144.48,0.79,114.1392,54.31,1.6800000000000002,91.24080000000001,90.7,0.4,8.0,198.7,23358.0,44181.0,23.1,22.419999999999998,58.6,29.8,15.947999999999999,193.0,629.2,3.6399999999999997,0.7993818074771858
2026-03-03T11:02:01,03/03/202611:02,144.43,0.79,114.09970000000001,54.3,1.6800000000000002,91.224,90.7,0.4,8.0,198.7,23358.0,44181.0,23.1,22.48,58.4,29.8,15.997,193.0,632.3,3.66,0.7995113045871286
2026-03-03T11:02:46,03/03/202611:02,144.35999999999999,0.78,112.60079999999999,54.3,1.6600000000000001,90.138,89.6,0.4,8.0,198.7,23358.0,44181.0,23.1,22.54,58.2,29.8,16.046,193.0,635.4,3.6799999999999997,0.8005094102350961
2026-03-03T11:03:01,03/03/202611:03,144.20999999999998,0.77,111.04169999999999,54.3,1.64,89.05199999999999,88.5,0.4,8.0,198.7,23358.0,44181.0,23.1,22.6,58.0,29.8,16.095,193.0,638.5,3.7,0.8019689900280705
2026-03-03T11:03:46,03/03/202611:03,144.17,0.77,111.01089999999999,54.3,1.6199999999999999,87.966,87.4,0.4,8.0,198.7,23358.0,44181.0,23.1,22.66,57.8,29.8,16.144,193.0,641.6,3.72,0.7924086733825237
2026-03-03T11:04:01,03/03/202611:04,144.31,0.76,109.6756,54.29,1.61,87.40690000000001,86.8,0.4,8.0,198.7,23358.0,44181.0,23.1,22.72,57.6,29.8,16.193,193.0,644.7,3.7399999999999998,0.7969584848407486
2026-03-03T11:04:47,03/03/202611:04,144.31,0.74,106.7894,54.279999999999994,1.58,85.7624,85.2,0.4,8.0,198.7,23358.0,44181.0,23.1,22.779999999999998,57.4,29.8,16.241999999999997,193.0,647.8,3.7600000000000002,0.8030984348633853
2026-03-03T11:05:01,03/03/202611:05,144.26,0.74,106.7524,54.279999999999994,1.58,85.7624,85.2,0.4,8.0,198.7,23358.0,44181.0,23.1,22.839999999999996,57.2,29.8,16.291,193.0,650.9,3.78,0.8033767859083262
2026-03-03T11:06:57,03/03/202611:06,144.32,0.74,106.79679999999999,54.279999999999994,1.61,87.3908,86.8,0.4,8.0,198.7,23358.0,44181.0,23.1,22.9,57.0,29.8,16.34,193.0,654.0,3.8,0.8182904356684845
2026-03-03T11:07:01,03/03/202611:07,144.35999999999999,0.74,106.82639999999999,54.279999999999994,1.6199999999999999,87.93359999999998,87.4,0.4,8.0,198.7,23358.0,44181.0,23.1,22.9,57.0,29.8,16.34,193.0,654.0,3.8,0.8231448406011996
2026-03-03T11:07:09,03/03/202611:07,144.3,0.74,106.78200000000001,54.29,1.61,87.40690000000001,86.9,0.4,8.0,198.7,23358.0,44181.0,23.1,22.9,57.0,29.8,16.34,193.0,654.0,3.8,0.818554625311382
2026-03-03T11:08:00,03/03/202611:08,144.24,0.74,106.7376,54.3,1.6,86.88,86.4,0.4,8.0,198.7,23358.0,44181.0,23.1,22.9,57.0,29.8,16.34,193.0,654.0,3.8,0.8139587174528938
2026-03-03T11:08:09,03/03/202611:08,144.25,0.75,108.1875,54.31,1.6,86.89600000000002,86.5,0.4,8.0,198.7,23358.0,44181.0,23.2,22.9,57.0,29.8,16.34,193.0,654.0,3.8,0.8031981513575969
2026-03-03T11:09:01,03/03/202611:09,144.26,0.76,109.63759999999999,54.31999999999999,1.6,86.91199999999999,86.6,0.4,8.0,198.7,23358.0,44181.0,23.2,22.9,57.0,29.8,16.34,193.0,654.0,3.8,0.7927207454376966
2026-03-03T11:09:09,03/03/202611:09,144.18,0.76,109.5768,54.31999999999999,1.6,86.91199999999999,86.6,0.4,8.0,198.7,23358.0,44181.0,23.1,22.9,57.0,29.8,16.34,193.0,654.0,3.8,0.7931605960385774
2026-03-03T11:10:00,03/03/202611:10,144.1,0.76,109.51599999999999,54.31999999999999,1.6,86.91199999999999,86.6,0.4,8.0,198.7,23358.0,44181.0,23.1,22.9,57.0,29.8,16.34,193.0,654.0,3.8,0.793600935023193
2026-03-03T11:10:09,03/03/202611:10,144.05,0.76,109.47800000000001,54.31999999999999,1.6199999999999999,87.99839999999999,87.6,0.4,9.0,198.7,23358.0,44181.0,23.1,22.9,57.0,29.8,16.34,193.0,654.0,3.8,0.8037998501982132
2026-03-03T11:11:01,03/03/202611:11,144.0,0.76,109.44,54.31999999999999,1.64,89.08479999999999,88.6,0.4,9.0,198.7,23358.0,44181.0,23.1,22.9,57.0,29.8,16.34,193.0,654.0,3.8,0.8140058479532163
2026-03-03T11:11:09,03/03/202611:11,144.14000000000001,0.74,106.66360000000002,54.31999999999999,1.59,86.3688,85.9,0.4,9.0,198.7,23358.0,44181.0,23.1,22.9,57.0,29.8,16.34,193.0,654.0,3.8,0.8097307797599179
2026-03-03T11:12:00,03/03/202611:12,144.28,0.72,103.88159999999999,54.31999999999999,1.54,83.65279999999998,83.2,0.4,9.0,198.7,23358.0,44181.0,23.1,22.9,57.0,29.8,16.34,193.0,654.0,3.8,0.8052706157779626
2026-03-03T11:12:09,03/03/202611:12,144.35,0.72,103.93199999999999,54.33,1.53,83.1249,82.6,0.4,9.0,198.7,23358.0,44181.0,23.1,22.9,57.0,29.8,16.34,193.0,654.0,3.8,0.7998008313127815
2026-03-03T11:13:00,03/03/202611:13,144.42000000000002,0.72,103.98240000000001,54.339999999999996,1.52,82.5968,82.0,0.4,9.0,198.7,23358.0,44181.0,23.1,22.9,57.0,29.8,16.34,193.0,654.0,3.8,0.794334425825909
2026-03-03T11:13:09,03/03/202611:13,144.34,0.71,102.4814,54.33,1.5,81.495,80.9,0.4,9.0,198.7,23358.0,44181.0,23.1,22.9,57.0,29.8,16.34,193.0,654.0,3.8,0.7952174736098454
2026-03-03T11:14:01,03/03/202611:14,144.26,0.7,100.98199999999999,54.31999999999999,1.48,80.39359999999999,79.8,0.4,9.0,198.7,23358.0,44181.0,23.1,22.9,57.0,29.8,16.34,193.0,654.0,3.8,0.796118120061001
2026-03-03T11:14:09,03/03/202611:14,144.43,0.6900000000000001,99.65670000000001,54.31999999999999,1.47,79.8504,79.3,0.4,9.0,198.7,23358.0,44181.0,23.1,22.9,57.0,29.8,16.34,193.0,654.0,3.8,0.8012547074105402
2026-03-03T11:15:00,03/03/202611:15,144.6,0.6799999999999999,98.32799999999999,54.31999999999999,1.46,79.3072,78.8,0.4,9.0,198.7,23358.0,44181.0,23.1,22.9,57.0,29.8,16.34,193.0,654.0,3.8,0.8065576438044098
2026-03-03T11:15:09,03/03/202611:15,144.9,0.6799999999999999,98.532,54.31999999999999,1.46,79.3072,78.8,0.4,9.0,198.7,23358.0,44181.0,23.1,22.9,57.0,29.8,16.34,193.0,654.0,3.8,0.8048877522023302
2026-03-03T11:16:01,03/03/202611:16,145.2,0.6799999999999999,98.73599999999999,54.31999999999999,1.46,79.3072,78.8,0.4,9.0,198.7,23358.0,44181.0,23.1,22.9,57.0,29.8,16.34,193.0,654.0,3.8,0.8032247609787717
2026-03-03T11:16:09,03/03/202611:16,144.98,0.7,101.48599999999999,54.31999999999999,1.49,80.93679999999999,80.4,0.4,9.0,198.7,23358.0,44181.0,23.1,22.95,56.9,29.8,16.396,193.2,656.9,3.84,0.7975168988826045
2026-03-03T11:18:09,03/03/202611:18,144.76,0.72,104.2272,54.31999999999999,1.5,81.47999999999999,80.9,0.4,9.0,198.7,23358.0,44181.0,23.1,23.0,56.8,29.8,16.451999999999998,193.4,659.8,3.88,0.7817537072856221
2026-03-03T11:18:22,03/03/202611:18,144.68,0.71,102.7228,54.31,1.49,80.92190000000001,80.4,0.4,9.0,198.7,23358.0,44181.0,23.1,23.05,56.7,29.8,16.508,193.6,662.7,3.9200000000000004,0.7877696090838645
2026-03-03T11:19:28,03/03/202611:19,144.82999999999998,0.7,101.38099999999999,54.3,1.49,80.907,80.4,0.5,9.0,198.7,23358.0,44181.0,23.2,23.1,56.6,29.8,16.564,193.8,665.6,3.96,0.7980489440822246
2026-03-03T11:20:01,03/03/202611:20,145.07999999999998,0.7,101.55599999999998,54.3,1.51,81.993,81.4,0.5,9.0,198.7,23358.0,44181.0,23.2,23.15,56.5,29.8,16.619999999999997,194.0,668.5,4.0,0.8073673638189768
2026-03-03T11:20:27,03/03/202611:20,144.98,0.7,101.48599999999999,54.29,1.54,83.6066,83.0,0.5,9.0,198.7,23358.0,44181.0,23.2,23.2,56.4,29.8,16.676,194.2,671.4,4.04,0.8238239757207891
2026-03-03T11:21:00,03/03/202611:21,144.60999999999999,0.7,101.22699999999999,54.279999999999994,1.56,84.6768,84.1,0.5,9.0,198.7,23358.0,44181.0,23.2,23.25,56.3,29.8,16.732,194.4,674.3,4.08,0.8365040947573277
2026-03-03T11:21:28,03/03/202611:21,144.32999999999998,0.7,101.03099999999998,54.279999999999994,1.55,84.13399999999999,83.6,0.5,9.0,198.7,23358.0,44181.0,23.1,23.3,56.2,29.8,16.788,194.6,677.2,4.12,0.8327543031346815
2026-03-03T11:22:01,03/03/202611:22,144.03,0.7,100.821,54.279999999999994,1.53,83.04839999999999,82.6,0.5,9.0,198.7,23358.0,44181.0,23.1,23.35,56.1,29.8,16.844,194.8,680.1,4.16,0.8237212485494092
2026-03-03T11:22:28,03/03/202611:22,143.95999999999998,0.69,99.33239999999998,54.279999999999994,1.49,80.87719999999999,80.5,0.5,9.0,198.7,23358.0,44181.0,23.1,23.4,56.0,29.8,16.9,195.0,683.0,4.2,0.8142076502732241
2026-03-03T11:23:01,03/03/202611:23,144.10999999999999,0.6799999999999999,97.99479999999998,54.279999999999994,1.46,79.24879999999999,78.9,0.5,9.0,198.7,23358.0,44181.0,23.1,23.4,56.0,29.8,16.9,195.0,683.0,4.2,0.808704135321466
2026-03-03T11:23:28,03/03/202611:23,144.26,0.69,99.53939999999999,54.29,1.5,81.435,81.1,0.5,9.0,198.7,23358.0,44181.0,23.1,23.4,56.0,29.8,16.9,195.0,683.0,4.2,0.8181182526718065
2026-03-03T11:24:01,03/03/202611:24,144.45999999999998,0.7,101.12199999999999,54.3,1.52,82.536,82.2,0.5,9.0,198.7,23358.0,44181.0,23.1,23.4,56.0,29.8,16.9,195.0,683.0,4.2,0.8162022111904433
2026-03-03T11:24:28,03/03/202611:24,144.16,0.7,100.91199999999999,54.31,1.52,82.55120000000001,82.2,0.5,9.0,198.7,23358.0,44181.0,23.1,23.4,56.0,29.8,16.9,195.0,683.0,4.2,0.8180513714919931
2026-03-03T11:25:01,03/03/202611:25,143.85999999999999,0.7,100.70199999999998,54.32000000000001,1.52,82.56640000000002,82.2,0.5,9.0,198.7,23358.0,44181.0,23.1,23.4,56.0,29.8,16.9,195.0,683.0,4.2,0.8199082441262341
2026-03-03T11:25:28,03/03/202611:25,144.1,0.7,100.86999999999999,54.33,1.49,80.9517,80.6,0.5,9.0,198.7,23358.0,44181.0,23.1,23.4,56.0,29.8,16.9,195.0,683.0,4.2,0.8025349459700606
2026-03-03T11:26:01,03/03/202611:26,144.34,0.7,101.038,54.339999999999996,1.46,79.3364,79.0,0.5,9.0,198.7,23358.0,44181.0,23.1,23.4,56.0,29.8,16.9,195.0,683.0,4.2,0.7852134840357093
2026-03-03T11:26:28,03/03/202611:26,144.17000000000002,0.71,102.36070000000001,54.339999999999996,1.47,79.87979999999999,79.5,0.5,9.0,198.7,23358.0,44181.0,23.2,23.4,56.0,29.8,16.9,195.0,683.0,4.2,0.7803756715223712
2026-03-03T11:27:01,03/03/202611:27,144.0,0.72,103.67999999999999,54.339999999999996,1.48,80.4232,80.0,0.5,9.0,198.7,23358.0,44181.0,23.2,23.4,56.0,29.8,16.9,195.0,683.0,4.2,0.7756867283950617
2026-03-03T11:27:06,03/03/202611:27,143.81,0.73,104.9813,54.339999999999996,1.51,82.0534,81.6,0.5,9.0,198.7,23358.0,44181.0,23.1,23.4,56.0,29.8,16.9,195.0,683.0,4.2,0.781600151646055
2026-03-03T11:28:00,03/03/202611:28,143.62,0.74,106.2788,54.339999999999996,1.54,83.6836,83.2,0.5,9.0,198.7,23358.0,44181.0,23.1,23.4,56.0,29.8,16.9,195.0,683.0,4.2,0.7873969220578327
2026-03-03T11:29:22,03/03/202611:29,143.3,0.73,104.60900000000001,54.339999999999996,1.52,82.5968,82.1,0.5,9.0,198.7,23358.0,44181.0,23.1,23.33,56.0,29.8,16.887999999999998,194.8,679.4,4.2,0.789576422678737
2026-03-03T11:30:00,03/03/202611:30,142.98,0.72,102.94559999999998,54.339999999999996,1.5,81.50999999999999,81.0,0.5,9.0,198.7,23358.0,44181.0,23.1,23.259999999999998,56.0,29.8,16.875999999999998,194.6,675.8,4.2,0.7917774047652353
2026-03-03T11:30:06,03/03/202611:30,143.10999999999999,0.72,103.03919999999998,54.33,1.47,79.8651,79.4,0.5,9.0,198.7,23358.0,44181.0,23.2,23.189999999999998,56.0,29.8,16.839,194.4,672.2,4.21,0.7750943330305361
2026-03-03T11:31:00,03/03/202611:31,143.24,0.72,103.1328,54.31999999999999,1.44,78.22079999999998,77.8,0.5,9.0,198.7,23358.0,44181.0,23.2,23.119999999999997,56.0,29.8,16.802,194.2,668.6,4.220000000000001,0.758447361072326
2026-03-03T11:31:06,03/03/202611:31,143.26,0.72,103.14719999999998,54.31999999999999,1.4300000000000002,77.6776,77.2,0.5,9.0,198.7,23358.0,44181.0,23.2,23.06,56.0,29.8,16.771,194.3,661.6,4.26,0.7530752167775763
2026-03-03T11:32:01,03/03/202611:32,143.28,0.72,103.16159999999999,54.31999999999999,1.42,77.13439999999999,76.6,0.5,9.0,198.7,23358.0,44181.0,23.2,23.0,56.0,29.8,16.740000000000002,194.4,654.6,4.3,0.7477045722439356
2026-03-03T11:32:07,03/03/202611:32,143.37,0.71,101.7927,54.31999999999999,1.4300000000000002,77.6776,77.1,0.5,9.0,198.7,23358.0,44181.0,23.2,22.94,56.6,29.8,16.709,194.5,647.6,4.34,0.7630959783953073
2026-03-03T11:33:00,03/03/202611:33,143.45999999999998,0.7,100.42199999999998,54.31999999999999,1.44,78.22079999999998,77.6,0.5,9.0,198.7,23358.0,44181.0,23.2,22.880000000000003,57.2,29.8,16.678,194.6,640.6,4.38,0.7789209535759096
2026-03-03T11:33:06,03/03/202611:33,143.43,0.7,100.401,54.31999999999999,1.46,79.3072,78.7,0.5,9.0,198.7,23358.0,44181.0,23.2,22.82,57.8,29.8,16.647,194.7,633.6,4.42,0.7899044830230775
2026-03-03T11:34:01,03/03/202611:34,143.4,0.7,100.38,54.31999999999999,1.48,80.39359999999999,79.8,0.5,9.0,198.7,23358.0,44181.0,23.2,22.759999999999998,58.4,29.8,16.616,194.8,626.6,4.459999999999999,0.8008926080892608
2026-03-03T11:34:07,03/03/202611:34,143.78,0.7,100.646,54.31,1.48,80.3788,79.8,0.5,9.0,198.7,23358.0,44181.0,23.1,22.77,59.0,29.8,16.597,195.1,623.2,4.5,0.798628857580033
2026-03-03T11:35:00,03/03/202611:35,144.16,0.7,100.91199999999999,54.3,1.48,80.36399999999999,79.8,0.5,9.0,198.7,23358.0,44181.0,23.1,22.78,59.6,29.8,16.578,195.4,619.8,4.54,0.7963770413825907
2026-03-03T11:35:06,03/03/202611:35,144.32999999999998,0.71,102.47429999999999,54.3,1.51,81.993,81.4,0.5,9.0,198.7,23358.0,44181.0,23.2,22.79,60.2,29.8,16.584,195.7,616.4,4.569999999999999,0.800132325861216
2026-03-03T11:36:01,03/03/202611:36,144.5,0.72,104.03999999999999,54.3,1.54,83.622,83.0,0.5,9.0,198.7,23358.0,44181.0,23.2,22.8,60.8,29.8,16.59,196.0,613.0,4.6,0.8037485582468282
2026-03-03T11:36:07,03/03/202611:36,144.51000000000002,0.72,104.0472,54.3,1.56,84.708,84.1,0.5,9.0,198.7,23358.0,44181.0,23.1,22.8,61.4,29.8,16.59,196.0,613.0,4.6,0.8141305099993079
2026-03-03T11:37:00,03/03/202611:37,144.52,0.72,104.0544,54.3,1.58,85.794,85.2,0.5,9.0,198.7,23358.0,44181.0,23.1,22.8,62.0,29.8,16.59,196.0,613.0,4.6,0.8245110250023064
2026-03-03T11:37:06,03/03/202611:37,144.67000000000002,0.72,104.1624,54.3,1.58,85.794,85.2,0.5,9.0,198.7,23358.0,44181.0,23.2,22.8,62.0,29.8,16.59,196.0,613.0,4.6,0.8236561369553697
2026-03-03T11:38:00,03/03/202611:38,144.82,0.72,104.2704,54.3,1.58,85.794,85.2,0.5,9.0,198.7,23358.0,44181.0,23.2,22.8,62.0,29.8,16.59,196.0,613.0,4.6,0.8228030198407218
2026-03-03T11:38:06,03/03/202611:38,145.1,0.71,103.02099999999999,54.3,1.55,84.16499999999999,83.6,0.5,9.0,198.7,23358.0,44181.0,23.1,22.8,62.0,29.8,16.59,196.0,613.0,4.6,0.8169693557624174
2026-03-03T11:39:00,03/03/202611:39,145.38,0.7,101.76599999999999,54.3,1.52,82.536,82.0,0.5,9.0,198.7,23358.0,44181.0,23.1,22.8,62.0,29.8,16.59,196.0,613.0,4.6,0.8110370850775309
2026-03-03T11:39:07,03/03/202611:39,145.41,0.71,103.24109999999999,54.31,1.53,83.0943,82.5,0.5,9.0,198.7,23358.0,44181.0,23.1,22.8,62.0,29.8,16.59,196.0,613.0,4.6,0.8048567866866976
2026-03-03T11:40:32,03/03/202611:40,145.44,0.71,103.2624,54.31,1.51,82.0081,81.4,0.5,9.0,198.7,23358.0,44181.0,23.1,22.8,62.0,29.8,16.59,196.0,613.0,4.6,0.7941719347991137
2026-03-03T11:41:01,03/03/202611:41,145.5,0.7,101.85,54.31,1.48,80.3788,79.8,0.5,9.0,198.7,23358.0,44181.0,23.1,22.8,62.0,29.8,16.59,196.0,613.0,4.6,0.7891880216003928
2026-03-03T11:41:07,03/03/202611:41,145.42000000000002,0.6799999999999999,98.8856,54.31,1.47,79.8357,79.3,0.5,9.0,198.7,23358.0,44181.0,23.1,22.8,62.0,29.8,16.59,196.0,613.0,4.6,0.8073541546999766
2026-03-03T11:42:01,03/03/202611:42,145.42000000000002,0.6699999999999999,97.4314,54.31,1.47,79.8357,79.3,0.5,9.0,198.7,23358.0,44181.0,23.1,22.8,62.0,29.8,16.59,196.0,613.0,4.6,0.819404216710424
2026-03-03T11:42:07,03/03/202611:42,145.3,0.6699999999999999,97.351,54.31,1.48,80.3788,79.8,0.5,9.0,198.7,23358.0,44181.0,23.1,22.8,62.0,29.8,16.59,196.0,613.0,4.6,0.8256597261455968
2026-03-03T11:43:01,03/03/202611:43,145.29000000000002,0.6699999999999999,97.3443,54.31,1.48,80.3788,79.8,0.5,9.0,198.7,23358.0,44181.0,23.1,22.8,62.0,29.8,16.59,196.0,613.0,4.6,0.8257165545388893
2026-03-03T11:43:06,03/03/202611:43,145.48,0.6599999999999999,96.01679999999998,54.31,1.45,78.7495,78.2,0.5,9.0,198.7,23358.0,44181.0,23.2,22.8,62.0,29.8,16.59,196.0,613.0,4.6,0.8201637630081404
2026-03-03T11:44:01,03/03/202611:44,145.45,0.6599999999999999,95.99699999999999,54.31,1.44,78.2064,77.6,0.5,9.0,198.7,23358.0,44181.0,23.2,22.8,62.0,29.8,16.59,196.0,613.0,4.6,0.8146754586080817
2026-03-03T11:44:07,03/03/202611:44,145.48000000000002,0.6799999999999999,98.9264,54.31,1.44,78.2064,77.6,0.5,9.0,198.7,23358.0,44181.0,23.2,22.8,62.0,29.8,16.59,196.0,613.0,4.6,0.790551359394459
2026-03-03T11:45:01,03/03/202611:45,145.48000000000002,0.6799999999999999,98.9264,54.3,1.42,77.106,76.6,0.5,9.0,198.7,23358.0,44181.0,23.2,22.8,62.0,29.8,16.59,196.0,613.0,4.6,0.7794279383460835
2026-03-03T11:45:07,03/03/202611:45,145.44,0.6799999999999999,98.8992,54.3,1.44,78.192,77.7,0.5,9.0,198.7,23358.0,44181.0,23.1,22.8,62.0,29.8,16.59,196.0,613.0,4.6,0.7906231799650553
2026-03-03T11:46:01,03/03/202611:46,145.4,0.6799999999999999,98.872,54.3,1.46,79.27799999999999,78.8,0.5,9.0,198.7,23358.0,44181.0,23.1,22.8,62.0,29.8,16.59,196.0,613.0,4.6,0.8018245812768022
2026-03-03T11:46:07,03/03/202611:46,145.45,0.69,100.36049999999999,54.3,1.46,79.27799999999999,78.8,0.5,9.0,198.7,23358.0,44181.0,23.1,22.8,62.1,29.8,16.54,196.0,611.8,4.63,0.7899322940798422
2026-03-03T11:47:01,03/03/202611:47,145.5,0.7,101.85,54.3,1.46,79.27799999999999,78.8,0.5,9.0,198.7,23358.0,44181.0,23.1,22.8,62.2,29.8,16.490000000000002,196.0,610.6,4.659999999999999,0.7783799705449189
2026-03-03T11:47:07,03/03/202611:47,145.5,0.69,100.395,54.3,1.4300000000000002,77.649,77.2,0.5,9.0,198.7,23358.0,44181.0,23.2,22.8,62.3,29.8,16.44,196.0,609.4,4.6899999999999995,0.7734349320185269
2026-03-03T11:48:01,03/03/202611:48,145.5,0.6799999999999999,98.94,54.3,1.4,76.02,75.6,0.5,9.0,198.7,23358.0,44181.0,23.2,22.8,62.4,29.8,16.39,196.0,608.2,4.720000000000001,0.7683444511825348
2026-03-03T11:48:07,03/03/202611:48,145.57999999999998,0.69,100.45019999999998,54.29,1.4,76.006,75.6,0.5,9.0,198.7,23358.0,44181.0,23.1,22.8,62.5,29.8,16.34,196.0,607.0,4.75,0.7566535457370918
2026-03-03T11:49:01,03/03/202611:49,145.66,0.7,101.96199999999999,54.279999999999994,1.4,75.99199999999999,75.6,0.5,9.0,198.7,23358.0,44181.0,23.1,22.8,62.6,29.8,16.29,196.0,605.8,4.779999999999999,0.7452972676095015
2026-03-03T11:49:07,03/03/202611:49,145.57999999999998,0.69,100.45019999999998,54.279999999999994,1.41,76.53479999999999,76.1,0.5,9.0,198.7,23358.0,44181.0,23.1,22.8,62.7,29.8,16.240000000000002,196.0,604.6,4.8100000000000005,0.7619178458579475
2026-03-03T11:50:01,03/03/202611:50,145.5,0.6799999999999999,98.94,54.279999999999994,1.42,77.07759999999999,76.6,0.5,9.0,198.7,23358.0,44181.0,23.1,22.8,62.8,29.8,16.19,196.0,603.4,4.840000000000001,0.7790337578330301
2026-03-03T11:50:06,03/03/202611:50,145.57,0.69,100.4433,54.279999999999994,1.44,78.16319999999999,77.7,0.5,9.0,198.7,23358.0,44181.0,23.2,22.8,62.9,29.8,16.14,196.0,602.2,4.87,0.7781823177852579
2026-03-03T11:51:44,03/03/202611:51,145.59,0.6799999999999999,99.0012,54.279999999999994,1.4300000000000002,77.6204,77.2,0.5,10.0,198.7,23358.0,44181.0,23.2,22.8,63.0,29.8,16.09,196.0,601.0,4.9,0.7840349409906143
2026-03-03T11:52:01,03/03/202611:52,145.66,0.6699999999999999,97.59219999999999,54.279999999999994,1.42,77.07759999999999,76.7,0.5,10.0,198.7,23358.0,44181.0,23.2,22.8,63.0,29.8,16.09,196.0,601.0,4.9,0.7897926268697703
2026-03-03T11:52:06,03/03/202611:52,145.34,0.6699999999999999,97.3778,54.279999999999994,1.42,77.07759999999999,76.7,0.5,10.0,198.7,23358.0,44181.0,23.1,22.8,63.0,29.8,16.09,196.0,601.0,4.9,0.7915315400430077
2026-03-03T11:53:01,03/03/202611:53,145.19,0.6799999999999999,98.72919999999999,54.279999999999994,1.44,78.16319999999999,77.8,0.5,10.0,198.7,23358.0,44181.0,23.1,22.8,63.0,29.8,16.09,196.0,601.0,4.9,0.7916928325156083
2026-03-03T11:53:07,03/03/202611:53,145.44,0.7,101.80799999999999,54.279999999999994,1.47,79.79159999999999,79.4,0.5,10.0,198.7,23358.0,44181.0,23.1,22.8,63.0,29.8,16.09,196.0,601.0,4.9,0.7837458745874587
2026-03-03T11:54:01,03/03/202611:54,145.41,0.71,103.24109999999999,54.29,1.5,81.435,81.0,0.5,10.0,198.7,23358.0,44181.0,23.1,22.8,63.0,29.8,16.09,196.0,601.0,4.9,0.7887846991169216
2026-03-03T11:54:07,03/03/202611:54,144.93,0.71,102.9003,54.3,1.52,82.536,82.1,0.5,10.0,198.7,23358.0,44181.0,23.2,22.8,63.0,29.8,16.09,196.0,601.0,4.9,0.8020967868898341
2026-03-03T11:55:00,03/03/202611:55,144.55,0.71,102.6305,54.3,1.52,82.536,82.1,0.5,10.0,198.7,23358.0,44181.0,23.2,22.8,63.0,29.8,16.09,196.0,601.0,4.9,0.8042053775437127
2026-03-03T11:55:06,03/03/202611:55,144.27,0.71,102.4317,54.3,1.52,82.536,82.1,0.5,10.0,198.7,23358.0,44181.0,23.2,22.8,63.0,29.8,16.09,196.0,601.0,4.9,0.8057661837107067
2026-03-03T11:56:01,03/03/202611:56,143.88000000000002,0.7,100.71600000000001,54.3,1.5,81.44999999999999,81.0,0.5,10.0,198.7,23358.0,44181.0,23.2,22.8,63.0,29.8,16.09,196.0,601.0,4.9,0.8087096389848681
2026-03-03T11:56:07,03/03/202611:56,143.73000000000002,0.71,102.04830000000001,54.3,1.53,83.079,82.6,0.5,10.0,198.7,23358.0,44181.0,23.1,22.8,63.0,29.8,16.09,196.0,601.0,4.9,0.8141144928430948
2026-03-03T11:57:01,03/03/202611:57,143.58,0.72,103.3776,54.3,1.56,84.708,84.2,0.5,10.0,198.7,23358.0,44181.0,23.1,22.8,63.0,29.8,16.09,196.0,601.0,4.9,0.8194038166875609
2026-03-03T11:57:07,03/03/202611:57,143.73000000000002,0.71,102.04830000000001,54.29,1.52,82.5208,82.0,0.5,10.0,198.7,23358.0,44181.0,23.2,22.8,63.0,29.8,16.09,196.0,601.0,4.9,0.8086445340098756
2026-03-03T11:58:01,03/03/202611:58,143.88000000000002,0.7,100.71600000000001,54.279999999999994,1.48,80.33439999999999,79.8,0.5,10.0,198.7,23358.0,44181.0,23.2,22.8,63.0,29.8,16.09,196.0,601.0,4.9,0.7976329480916635
2026-03-03T11:58:07,03/03/202611:58,143.98000000000002,0.69,99.34620000000001,54.279999999999994,1.46,79.24879999999999,78.8,0.5,10.0,198.7,23358.0,44181.0,23.2,22.8,63.0,29.8,16.09,196.0,601.0,4.9,0.7977033847293603
2026-03-03T11:59:01,03/03/202611:59,144.08,0.6799999999999999,97.9744,54.279999999999994,1.44,78.16319999999999,77.8,0.5,10.0,198.7,23358.0,44181.0,23.2,22.8,63.0,29.8,16.09,196.0,601.0,4.9,0.7977920762974816
2026-03-03T11:59:06,03/03/202611:59,144.41000000000003,0.6699999999999999,96.7547,54.27,1.44,78.14880000000001,77.8,0.5,10.0,198.7,23358.0,44181.0,23.1,22.8,63.0,29.8,16.09,196.0,601.0,4.9,0.8077002977633129
2026-03-03T12:00:01,03/03/202600:00,144.74,0.6599999999999999,95.52839999999999,54.260000000000005,1.44,78.1344,77.8,0.5,10.0,198.7,23358.0,44181.0,23.1,22.8,63.0,29.8,16.09,196.0,601.0,4.9,0.8179180222844725
2026-03-03T12:00:07,03/03/202600:00,144.7,0.65,94.05499999999999,54.260000000000005,1.42,77.0492,76.7,0.5,10.0,198.7,23358.0,44181.0,23.1,22.8,63.0,29.8,16.09,196.0,601.0,4.9,0.8191930253575036
2026-03-03T12:01:01,03/03/202600:01,144.66,0.6399999999999999,92.58239999999998,54.260000000000005,1.4,75.964,75.6,0.5,10.0,198.7,23358.0,44181.0,23.1,22.8,63.0,29.8,16.09,196.0,601.0,4.9,0.8205015208074107
2026-03-03T12:01:07,03/03/202600:01,144.59,0.6399999999999999,92.53759999999998,54.260000000000005,1.3699999999999999,74.3362,74.0,0.5,10.0,198.7,23358.0,44181.0,23.2,22.830000000000002,63.1,29.8,16.016,196.3,600.5,4.92,0.8033080607234251
2026-03-03T12:03:26,03/03/202600:03,144.3,0.6399999999999999,92.35199999999999,54.27,1.35,73.26450000000001,72.9,0.5,10.0,198.7,23358.0,44181.0,23.1,22.860000000000003,63.2,29.8,15.941999999999998,196.6,600.0,4.94,0.7933179573804576
2026-03-03T12:04:01,03/03/202600:04,144.1,0.65,93.665,54.29,1.3900000000000001,75.46310000000001,75.1,0.5,10.0,198.7,23358.0,44181.0,23.1,22.89,63.3,29.8,15.868,196.9,599.5,4.96,0.8056702076549406
2026-03-03T12:04:26,03/03/202600:04,144.01000000000002,0.6599999999999999,95.0466,54.3,1.4300000000000002,77.649,77.3,0.5,10.0,198.7,23358.0,44181.0,23.1,22.92,63.4,29.8,15.794,197.2,599.0,4.9799999999999995,0.8169571557530727
2026-03-03T12:05:01,03/03/202600:05,143.57,0.6599999999999999,94.75619999999998,54.3,1.44,78.192,77.8,0.5,10.0,198.7,23358.0,44181.0,23.1,22.95,63.5,29.8,15.719999999999999,197.5,598.5,5.0,0.8251913858934825
2026-03-03T12:05:26,03/03/202600:05,143.60999999999999,0.6599999999999999,94.78259999999997,54.29,1.45,78.7205,78.3,0.5,10.0,198.7,23358.0,44181.0,23.1,22.98,63.6,29.8,15.646,197.8,598.0,5.0200000000000005,0.8305374615171985
2026-03-03T12:06:01,03/03/202600:06,143.87,0.6699999999999999,96.3929,54.29,1.45,78.7205,78.3,0.5,10.0,198.7,23358.0,44181.0,23.1,23.01,63.7,29.8,15.572,198.1,597.5,5.04,0.8166628455000317
2026-03-03T12:06:27,03/03/202600:06,143.57999999999998,0.6699999999999999,96.19859999999998,54.3,1.42,77.106,76.7,0.5,10.0,198.7,23358.0,44181.0,23.1,23.04,63.8,29.8,15.498,198.4,597.0,5.06,0.8015293361857657
2026-03-03T12:07:01,03/03/202600:07,143.56,0.6699999999999999,96.1852,54.3,1.41,76.56299999999999,76.2,0.5,10.0,198.7,23358.0,44181.0,23.1,23.07,63.9,29.8,15.424000000000001,198.7,596.5,5.08,0.795995641741141
2026-03-03T12:07:26,03/03/202600:07,143.60999999999999,0.6799999999999999,97.65479999999998,54.3,1.42,77.106,76.8,0.5,10.0,198.7,23358.0,44181.0,23.1,23.1,64.0,29.8,15.35,199.0,596.0,5.1,0.7895771636417258
2026-03-03T12:08:01,03/03/202600:08,143.5,0.6799999999999999,97.57999999999998,54.3,1.42,77.106,76.8,0.5,10.0,198.7,23358.0,44181.0,23.1,23.1,64.0,29.8,15.35,199.0,596.0,5.1,0.7901824144291864
2026-03-03T12:08:26,03/03/202600:08,143.54000000000002,0.6699999999999999,96.1718,54.29,1.41,76.54889999999999,76.3,0.5,10.0,198.7,23358.0,44181.0,23.2,23.1,64.0,29.8,15.35,199.0,596.0,5.1,0.7959599383603092
2026-03-03T12:09:01,03/03/202600:09,143.57999999999998,0.6599999999999999,94.76279999999998,54.279999999999994,1.4,75.99199999999999,75.8,0.5,10.0,198.7,23358.0,44181.0,23.2,23.1,64.0,29.8,15.35,199.0,596.0,5.1,0.8019180522314664
2026-03-03T12:09:26,03/03/202600:09,143.76,0.6599999999999999,94.88159999999998,54.279999999999994,1.41,76.53479999999999,76.3,0.5,10.0,198.7,23358.0,44181.0,23.1,23.1,64.0,29.8,15.35,199.0,596.0,5.1,0.8066347953660141
2026-03-03T12:10:01,03/03/202600:10,143.94,0.6599999999999999,95.00039999999998,54.279999999999994,1.42,77.07759999999999,76.8,0.5,10.0,198.7,23358.0,44181.0,23.1,23.1,64.0,29.8,15.35,199.0,596.0,5.1,0.8113397417274033
2026-03-03T12:10:26,03/03/202600:10,143.31,0.65,93.1515,54.29,1.4,76.006,75.7,0.5,10.0,198.7,23358.0,44181.0,23.1,23.1,64.0,29.8,15.35,199.0,596.0,5.1,0.8159396252341615
2026-03-03T12:11:01,03/03/202600:11,142.68,0.6399999999999999,91.31519999999999,54.3,1.3800000000000001,74.934,74.6,0.5,10.0,198.7,23358.0,44181.0,23.1,23.1,64.0,29.8,15.35,199.0,596.0,5.1,0.8206081791421364
2026-03-03T12:11:27,03/03/202600:11,142.74,0.65,92.781,54.3,1.3800000000000001,74.934,74.6,0.5,10.0,198.7,23358.0,44181.0,23.1,23.1,64.0,29.8,15.35,199.0,596.0,5.1,0.8076438063827722
2026-03-03T12:12:01,03/03/202600:12,142.8,0.6599999999999999,94.24799999999999,54.3,1.3800000000000001,74.934,74.6,0.5,10.0,198.7,23358.0,44181.0,23.1,23.1,64.0,29.8,15.35,199.0,596.0,5.1,0.7950725744843392
2026-03-03T12:12:26,03/03/202600:12,143.16,0.65,93.054,54.3,1.3599999999999999,73.84799999999998,73.5,0.5,10.0,198.7,23358.0,44181.0,23.2,23.1,64.0,29.8,15.35,199.0,596.0,5.1,0.7936037139725319
2026-03-03T12:14:09,03/03/202600:14,143.66,0.6399999999999999,91.94239999999998,54.3,1.34,72.762,72.4,0.5,10.0,198.7,23358.0,44181.0,23.1,23.1,64.0,29.8,15.35,199.0,596.0,5.1,0.7913867812891552
2026-03-03T12:14:26,03/03/202600:14,143.57,0.65,93.3205,54.3,1.34,72.762,72.4,0.5,10.0,198.7,23358.0,44181.0,23.1,23.1,64.0,29.8,15.35,199.0,596.0,5.1,0.7797000659019186
2026-03-03T12:15:00,03/03/202600:15,143.48,0.6599999999999999,94.69679999999998,54.3,1.34,72.762,72.4,0.5,10.0,198.7,23358.0,44181.0,23.1,23.1,64.0,29.8,15.35,199.0,596.0,5.1,0.7683680969156298
2026-03-03T12:15:26,03/03/202600:15,143.21,0.6599999999999999,94.51859999999999,54.3,1.3199999999999998,71.67599999999999,71.4,0.5,10.0,198.7,23358.0,44181.0,23.2,23.1,64.0,29.8,15.35,199.0,596.0,5.1,0.7583269324767823
2026-03-03T12:16:01,03/03/202600:16,142.94,0.6599999999999999,94.34039999999999,54.3,1.3,70.59,70.4,0.5,10.0,198.7,23358.0,44181.0,23.2,23.1,64.0,29.8,15.35,199.0,596.0,5.1,0.7482478344378444
2026-03-03T12:16:27,03/03/202600:16,143.56,0.6699999999999999,96.1852,54.3,1.3199999999999998,71.67599999999999,71.5,0.5,10.0,198.7,23358.0,44181.0,23.1,23.14,63.9,29.8,15.306000000000001,199.0,600.0,5.109999999999999,0.7451874092895787
2026-03-03T12:17:01,03/03/202600:17,144.18,0.6799999999999999,98.0424,54.3,1.3399999999999999,72.76199999999999,72.6,0.5,10.0,198.7,23358.0,44181.0,23.1,23.18,63.8,29.8,15.262,199.0,604.0,5.119999999999999,0.7421482950233775
2026-03-03T12:17:26,03/03/202600:17,144.07,0.6599999999999999,95.08619999999999,54.3,1.3299999999999998,72.219,72.0,0.5,10.0,198.7,23358.0,44181.0,23.2,23.220000000000002,63.7,29.8,15.218,199.0,608.0,5.13,0.7595108438448481
2026-03-03T12:18:00,03/03/202600:18,143.95999999999998,0.6399999999999999,92.13439999999997,54.3,1.3199999999999998,71.67599999999999,71.4,0.5,10.0,198.7,23358.0,44181.0,23.2,23.26,63.6,29.8,15.174000000000001,199.0,612.0,5.14,0.7779504723534316
2026-03-03T12:18:26,03/03/202600:18,144.04000000000002,0.6399999999999999,92.1856,54.3,1.34,72.762,72.5,0.5,10.0,198.7,23358.0,44181.0,23.1,23.3,63.5,29.8,15.13,199.0,616.0,5.15,0.7892989794501528
2026-03-03T12:19:01,03/03/202600:19,143.98,0.6399999999999999,92.14719999999998,54.3,1.3599999999999999,73.84799999999998,73.6,0.5,10.0,198.7,23358.0,44181.0,23.1,23.34,63.4,29.8,15.086000000000002,199.0,620.0,5.16,0.8014133907487151
2026-03-03T12:19:26,03/03/202600:19,143.82999999999998,0.65,93.48949999999999,54.3,1.3800000000000001,74.934,74.7,0.5,10.0,198.7,23358.0,44181.0,23.2,23.380000000000003,63.3,29.8,15.041999999999998,199.0,624.0,5.17,0.8015231657031003
2026-03-03T12:20:00,03/03/202600:20,143.68,0.6599999999999999,94.82879999999999,54.3,1.4,76.02,75.8,0.5,10.0,198.7,23358.0,44181.0,23.2,23.419999999999998,63.2,29.8,14.998,199.0,628.0,5.18,0.8016551933589796
2026-03-03T12:20:27,03/03/202600:20,143.89000000000001,0.67,96.40630000000002,54.31,1.41,76.5771,76.3,0.5,10.0,198.7,23358.0,44181.0,23.1,23.46,63.1,29.8,14.953999999999999,199.0,632.0,5.1899999999999995,0.794316346545817
2026-03-03T12:21:00,03/03/202600:21,144.1,0.6799999999999999,97.98799999999999,54.31999999999999,1.42,77.13439999999999,76.8,0.5,10.0,198.7,23358.0,44181.0,23.1,23.5,63.0,29.8,14.91,199.0,636.0,5.2,0.7871821039310936
2026-03-03T12:21:26,03/03/202600:21,143.4,0.6799999999999999,97.512,54.31999999999999,1.4,76.04799999999999,75.7,0.5,10.0,198.7,23358.0,44181.0,23.1,23.5,63.0,29.8,14.91,199.0,636.0,5.2,0.7798835015177618
2026-03-03T12:22:00,03/03/202600:22,142.7,0.6799999999999999,97.03599999999999,54.31999999999999,1.3800000000000001,74.96159999999999,74.6,0.5,10.0,198.7,23358.0,44181.0,23.1,23.5,63.0,29.8,14.91,199.0,636.0,5.2,0.7725132940352034
2026-03-03T12:22:26,03/03/202600:22,142.55,0.7,99.785,54.31999999999999,1.42,77.13439999999999,76.8,0.5,10.0,198.7,23358.0,44181.0,23.2,23.5,63.0,29.8,14.91,199.0,636.0,5.2,0.7730059628200631
2026-03-03T12:23:00,03/03/202600:23,142.4,0.72,102.528,54.31999999999999,1.46,79.3072,79.0,0.5,10.0,198.7,23358.0,44181.0,23.2,23.5,63.0,29.8,14.91,199.0,636.0,5.2,0.7735174781523095
2026-03-03T12:23:26,03/03/202600:23,141.76,0.73,103.48479999999999,54.31999999999999,1.48,80.39359999999999,80.0,0.5,10.0,198.7,23358.0,44181.0,23.2,23.5,63.0,29.8,14.91,199.0,636.0,5.2,0.7768638486038529
2026-03-03T12:24:01,03/03/202600:24,141.12,0.74,104.4288,54.31999999999999,1.5,81.47999999999999,81.0,0.5,10.0,198.7,23358.0,44181.0,23.2,23.5,63.0,29.8,14.91,199.0,636.0,5.2,0.7802445302445302
2026-03-03T12:25:20,03/03/202600:25,141.91,0.73,103.59429999999999,54.31999999999999,1.4700000000000002,79.85040000000001,79.3,0.5,10.0,198.7,23358.0,44181.0,23.2,23.5,63.0,29.8,14.91,199.0,636.0,5.2,0.7707991655911572
2026-03-03T12:25:27,03/03/202600:25,142.63,0.72,102.69359999999999,54.31999999999999,1.45,78.76399999999998,78.2,0.5,10.0,198.7,23358.0,44181.0,23.2,23.5,63.0,29.8,14.91,199.0,636.0,5.2,0.7669806102814586
2026-03-03T12:26:01,03/03/202600:26,142.92000000000002,0.71,101.4732,54.31,1.44,78.2064,77.7,0.5,10.0,198.7,23358.0,44181.0,23.2,23.5,63.0,29.8,14.91,199.0,636.0,5.2,0.7707099017277468
2026-03-03T12:26:27,03/03/202600:26,142.93,0.69,98.6217,54.3,1.41,76.56299999999999,76.1,0.5,10.0,198.7,23358.0,44181.0,23.2,23.5,63.0,29.8,14.91,199.0,636.0,5.2,0.776330158575648
2026-03-03T12:27:00,03/03/202600:27,143.29,0.6799999999999999,97.43719999999999,54.3,1.4,76.02,75.6,0.5,10.0,198.7,23358.0,44181.0,23.2,23.5,63.0,29.8,14.91,199.0,636.0,5.2,0.7801948331848617
2026-03-03T12:27:27,03/03/202600:27,143.51,0.6599999999999999,94.71659999999999,54.29,1.3900000000000001,75.46310000000001,75.1,0.5,10.0,198.7,23358.0,44181.0,23.2,23.5,63.0,29.8,14.91,199.0,636.0,5.2,0.7967251780574897
2026-03-03T12:28:01,03/03/202600:28,143.77,0.6399999999999999,92.0128,54.279999999999994,1.3599999999999999,73.82079999999999,73.5,0.5,10.0,198.7,23358.0,44181.0,23.2,23.5,63.0,29.8,14.91,199.0,636.0,5.2,0.8022883772692494
2026-03-03T12:28:27,03/03/202600:28,144.51,0.6399999999999999,92.48639999999997,54.279999999999994,1.35,73.27799999999999,73.0,0.5,10.0,198.7,23358.0,44181.0,23.2,23.5,63.0,29.8,14.91,199.0,636.0,5.2,0.7923110857380113
2026-03-03T12:29:00,03/03/202600:29,145.18,0.6399999999999999,92.91519999999998,54.279999999999994,1.3299999999999998,72.19239999999998,72.0,0.5,10.0,198.7,23358.0,44181.0,23.2,23.5,63.0,29.8,14.91,199.0,636.0,5.2,0.7769708293153326
2026-03-03T12:29:26,03/03/202600:29,145.77,0.63,91.83510000000001,54.27,1.2799999999999998,69.4656,69.3,0.5,10.0,198.7,23358.0,44181.0,23.2,23.6,63.0,29.8,14.91,199.0,639.3,5.2,0.7564166642166229
2026-03-03T12:30:01,03/03/202600:30,145.68,0.6199999999999999,90.32159999999999,54.260000000000005,1.26,68.36760000000001,68.2,0.5,10.0,198.7,23358.0,44181.0,23.2,23.7,63.0,29.8,14.91,199.0,642.6,5.2,0.7569352181537973
2026-03-03T12:30:27,03/03/202600:30,144.91,0.61,88.3951,54.27,1.25,67.8375,67.6,0.5,10.0,198.7,23358.0,44181.0,23.1,23.8,63.0,29.8,14.997,199.6,645.9,5.2,0.7674350727585579
2026-03-03T12:31:00,03/03/202600:31,144.14000000000001,0.6,86.48400000000001,54.279999999999994,1.24,67.3072,67.0,0.5,10.0,198.7,23358.0,44181.0,23.1,23.9,63.0,29.8,15.084,200.2,649.2,5.2,0.778261875028907
2026-03-03T12:31:26,03/03/202600:31,143.67000000000002,0.62,89.07540000000002,54.279999999999994,1.3,70.564,70.2,0.5,10.0,198.7,23358.0,44181.0,23.2,24.02,62.9,29.8,15.134,201.1,644.9,5.21,0.792182802434791
2026-03-03T12:31:35,03/03/202600:31,143.22,0.63,90.2286,54.279999999999994,1.34,72.73519999999999,72.3,0.5,10.0,198.7,23358.0,44181.0,23.2,24.14,62.8,29.8,15.184000000000001,202.0,640.6,5.220000000000001,0.8061213406835526
2026-03-03T12:32:01,03/03/202600:32,142.91,0.65,92.89150000000001,54.29,1.3800000000000001,74.92020000000001,74.4,0.5,10.0,198.7,23358.0,44181.0,23.2,24.259999999999998,62.7,29.8,15.234,202.9,636.3,5.2299999999999995,0.8065345053099584
2026-03-03T12:32:03,03/03/202600:32,142.66,0.6699999999999999,95.58219999999999,54.3,1.41,76.56299999999999,76.0,0.5,10.0,198.7,23358.0,44181.0,23.2,24.380000000000003,62.6,29.8,15.284,203.8,632.0,5.24,0.8010173442335498
2026-03-03T12:33:00,03/03/202600:33,141.93,0.6699999999999999,95.09309999999999,54.3,1.4200000000000002,77.10600000000001,76.5,0.5,10.0,198.7,23358.0,44181.0,23.2,24.5,62.5,29.8,15.334,204.7,627.7,5.25,0.8108474747379149
2026-03-03T12:33:02,03/03/202600:33,141.61,0.6699999999999999,94.8787,54.3,1.4200000000000002,77.10600000000001,76.5,0.5,10.0,198.7,23358.0,44181.0,23.2,24.619999999999997,62.0,29.8,15.384,205.6,623.4,5.26,0.8126797690103259
2026-03-03T12:34:08,03/03/202600:34,141.67000000000002,0.6799999999999999,96.3356,54.31,1.44,78.2064,77.6,0.5,11.0,198.7,23358.0,44181.0,23.2,24.64,61.5,29.8,15.434000000000001,206.5,615.8,5.2700000000000005,0.8118120404087378
2026-03-03T12:35:00,03/03/202600:35,141.73,0.69,97.79369999999999,54.31999999999999,1.46,79.3072,78.7,0.5,11.0,198.7,23358.0,44181.0,23.2,24.66,61.0,29.8,15.484,207.4,608.2,5.279999999999999,0.8109643054716205
2026-03-03T12:35:08,03/03/202600:35,141.85,0.7,99.29499999999999,54.3,1.47,79.821,79.3,0.5,11.0,198.7,23358.0,44181.0,23.2,24.68,60.5,29.8,15.447,207.7,600.6,5.29,0.8038773352132536
2026-03-03T12:36:32,03/03/202600:36,142.06,0.71,100.8626,54.29,1.48,80.3492,79.9,0.5,11.0,198.7,23358.0,44181.0,23.2,24.7,60.0,29.8,15.41,208.0,593.0,5.3,0.7966203528364328
2026-03-03T12:37:00,03/03/202600:37,142.25,0.7,99.57499999999999,54.29,1.44,78.1776,77.8,0.5,11.0,198.7,23358.0,44181.0,23.2,24.7,59.6,29.8,15.41,208.0,593.0,5.3,0.7851127290986695
2026-03-03T12:37:08,03/03/202600:37,142.96,0.69,98.6424,54.29,1.42,77.09179999999999,76.8,0.6,11.0,198.7,23358.0,44181.0,23.2,24.7,59.2,29.8,15.41,208.0,593.0,5.3,0.7815280244600699
2026-03-03T12:38:00,03/03/202600:38,143.67000000000002,0.6799999999999999,97.6956,54.29,1.4,76.006,75.8,0.6,11.0,198.7,23358.0,44181.0,23.2,24.7,58.8,29.8,15.41,208.0,593.0,5.3,0.7779879544216936
2026-03-03T12:38:08,03/03/202600:38,144.37,0.6799999999999999,98.1716,54.29,1.3699999999999999,74.37729999999999,74.2,0.6,11.0,198.7,23358.0,44181.0,23.2,24.7,58.4,29.8,15.41,208.0,593.0,5.3,0.7576254232384925
2026-03-03T12:39:01,03/03/202600:39,145.07,0.6799999999999999,98.64759999999998,54.29,1.3399999999999999,72.7486,72.6,0.6,11.0,198.7,23358.0,44181.0,23.2,24.7,58.0,29.8,15.41,208.0,593.0,5.3,0.7374594009382895
2026-03-03T12:39:08,03/03/202600:39,145.37,0.6599999999999999,95.9442,54.29,1.29,70.0341,69.8,0.6,11.0,198.7,23358.0,44181.0,23.2,24.7,58.0,29.8,15.41,208.0,593.0,5.3,0.7299461562032932
2026-03-03T12:40:00,03/03/202600:40,145.37,0.6399999999999999,93.03679999999999,54.29,1.25,67.8625,67.6,0.6,11.0,198.7,23358.0,44181.0,23.2,24.7,58.0,29.8,15.41,208.0,593.0,5.3,0.7294156720781455
2026-03-03T12:40:08,03/03/202600:40,144.94,0.63,91.3122,54.29,1.26,68.4054,68.2,0.6,11.0,198.7,23358.0,44181.0,23.2,24.7,58.0,29.8,15.41,208.0,593.0,5.3,0.7491375741686215
2026-03-03T12:41:01,03/03/202600:41,145.2,0.6199999999999999,90.02399999999997,54.3,1.26,68.41799999999999,68.2,0.6,11.0,198.7,23358.0,44181.0,23.2,24.7,58.0,29.8,15.41,208.0,593.0,5.3,0.759997334044255
2026-03-03T12:41:09,03/03/202600:41,145.04000000000002,0.61,88.47440000000002,54.3,1.25,67.875,67.6,0.6,11.0,198.7,23358.0,44181.0,23.2,24.7,58.0,29.8,15.41,208.0,593.0,5.3,0.7671710686933167
2026-03-03T12:42:00,03/03/202600:42,144.88000000000002,0.6,86.92800000000001,54.3,1.24,67.332,67.0,0.6,11.0,198.7,23358.0,44181.0,23.2,24.7,58.0,29.8,15.41,208.0,593.0,5.3,0.7745720596355603
2026-03-03T12:42:08,03/03/202600:42,144.16000000000003,0.61,87.93760000000002,54.3,1.24,67.332,67.0,0.6,11.0,198.7,23358.0,44181.0,23.2,24.7,58.0,29.8,15.41,208.0,593.0,5.3,0.7656792998671783
2026-03-03T12:43:00,03/03/202600:43,143.44,0.6199999999999999,88.93279999999999,54.3,1.24,67.332,67.0,0.6,11.0,198.7,23358.0,44181.0,23.2,24.7,58.0,29.8,15.41,208.0,593.0,5.3,0.7571109871723369
2026-03-03T12:43:08,03/03/202600:43,143.38,0.61,87.4618,54.3,1.24,67.332,67.0,0.6,11.0,198.7,23358.0,44181.0,23.2,24.7,58.0,29.8,15.41,208.0,593.0,5.3,0.7698446636131431
2026-03-03T12:44:00,03/03/202600:44,143.32,0.6,85.99199999999999,54.3,1.24,67.332,67.0,0.6,11.0,198.7,23358.0,44181.0,23.2,24.7,58.0,29.8,15.41,208.0,593.0,5.3,0.7830030700530282
2026-03-03T12:44:08,03/03/202600:44,142.74,0.6199999999999999,88.49879999999999,54.3,1.29,70.047,69.8,0.6,11.0,198.7,23358.0,44181.0,23.2,24.7,58.0,29.8,15.41,208.0,593.0,5.3,0.791502257657731
2026-03-03T12:45:00,03/03/202600:45,142.16,0.6399999999999999,90.98239999999998,54.3,1.3399999999999999,72.76199999999999,72.6,0.6,11.0,198.7,23358.0,44181.0,23.2,24.7,58.0,29.8,15.41,208.0,593.0,5.3,0.7997370920090039
2026-03-03T12:45:08,03/03/202600:45,142.52,0.6399999999999999,91.21279999999999,54.3,1.3399999999999999,72.76199999999999,72.6,0.6,11.0,198.7,23358.0,44181.0,23.2,24.7,58.0,29.8,15.41,208.0,593.0,5.3,0.7977169870895312
2026-03-03T12:46:00,03/03/202600:46,142.88,0.6399999999999999,91.44319999999998,54.3,1.3399999999999999,72.76199999999999,72.6,0.6,11.0,198.7,23358.0,44181.0,23.2,24.7,58.0,29.8,15.41,208.0,593.0,5.3,0.7957070618701009
2026-03-03T12:46:09,03/03/202600:46,143.10999999999999,0.65,93.02149999999999,54.3,1.3599999999999999,73.84799999999998,73.7,0.6,11.0,198.7,23358.0,44181.0,23.2,24.71,57.8,29.797000000000004,15.347999999999999,208.1,580.5,5.3,0.7938809845035825
2026-03-03T12:46:24,03/03/202600:46,143.33999999999997,0.65,93.17099999999999,54.3,1.3599999999999999,73.84799999999998,73.7,0.6,11.0,198.7,23358.0,44181.0,23.2,24.72,57.6,29.794,15.286000000000001,208.2,568.0,5.3,0.7926071417071835
2026-03-03T12:47:44,03/03/202600:47,143.95999999999998,0.65,93.57399999999998,54.3,1.3399999999999999,72.76199999999999,72.6,0.6,11.0,198.7,23358.0,44181.0,23.2,24.73,57.4,29.791000000000004,15.224,208.3,555.5,5.3,0.7775877914805395
2026-03-03T12:48:01,03/03/202600:48,144.57999999999998,0.65,93.97699999999999,54.3,1.3199999999999998,71.67599999999999,71.5,0.6,11.0,198.7,23358.0,44181.0,23.2,24.740000000000002,57.2,29.788,15.162,208.4,543.0,5.3,0.7626972557115038
2026-03-03T12:48:24,03/03/202600:48,144.29000000000002,0.65,93.78850000000001,54.3,1.3299999999999998,72.219,72.0,0.6,11.0,198.7,23358.0,44181.0,23.2,24.75,57.0,29.785000000000004,15.1,208.5,530.5,5.3,0.7700197785442776
2026-03-03T12:49:00,03/03/202600:49,144.0,0.65,93.60000000000001,54.3,1.34,72.762,72.5,0.6,11.0,198.7,23358.0,44181.0,23.2,24.759999999999998,56.8,29.782,15.038,208.6,518.0,5.3,0.7773717948717948
2026-03-03T12:49:23,03/03/202600:49,144.14000000000001,0.6399999999999999,92.2496,54.3,1.3199999999999998,71.67599999999999,71.4,0.6,11.0,198.7,23358.0,44181.0,23.2,24.77,56.6,29.779000000000003,14.975999999999999,208.7,505.5,5.3,0.7769789787706395
2026-03-03T12:50:01,03/03/202600:50,144.28,0.63,90.8964,54.3,1.3,70.59,70.3,0.6,11.0,198.7,23358.0,44181.0,23.2,24.78,56.4,29.776,14.913999999999998,208.8,493.0,5.3,0.7765984131384742
2026-03-03T12:50:24,03/03/202600:50,143.85,0.6399999999999999,92.06399999999998,54.3,1.3199999999999998,71.67599999999999,71.3,0.6,11.0,198.7,23358.0,44181.0,23.2,24.79,56.2,29.773000000000003,14.851999999999999,208.9,480.5,5.3,0.7785453597497394
2026-03-03T12:51:00,03/03/202600:51,143.42000000000002,0.65,93.22300000000001,54.3,1.34,72.762,72.3,0.6,11.0,198.7,23358.0,44181.0,23.2,24.8,56.0,29.77,14.789999999999997,209.0,468.0,5.3,0.7805155380110058
2026-03-03T12:52:01,03/03/202600:52,143.79000000000002,0.65,93.46350000000001,54.3,1.3199999999999998,71.67599999999999,71.2,0.6,11.0,198.7,23358.0,44181.0,23.2,24.8,56.0,29.77,14.789999999999997,209.0,468.0,5.3,0.7668876085316726
2026-03-03T12:53:00,03/03/202600:53,144.16000000000003,0.6599999999999999,95.1456,54.3,1.3199999999999998,71.67599999999999,71.2,0.6,11.0,198.7,23358.0,44181.0,23.2,24.8,56.0,29.77,14.789999999999997,209.0,468.0,5.3,0.7533296337402884
2026-03-03T12:53:01,03/03/202600:53,143.71,0.65,93.4115,54.3,1.31,71.133,70.6,0.6,11.0,198.7,23358.0,44181.0,23.2,24.8,56.0,29.77,14.789999999999997,209.0,468.0,5.3,0.7615015281844312
2026-03-03T12:54:00,03/03/202600:54,143.26000000000002,0.6399999999999999,91.68639999999999,54.3,1.3,70.59,70.0,0.6,11.0,198.7,23358.0,44181.0,23.2,24.8,56.0,29.77,14.789999999999997,209.0,468.0,5.3,0.7699069872958259
2026-03-03T12:54:01,03/03/202600:54,143.44,0.6399999999999999,91.80159999999998,54.3,1.31,71.133,70.6,0.6,11.0,198.7,23358.0,44181.0,23.2,24.8,56.0,29.77,14.789999999999997,209.0,468.0,5.3,0.7748557759341886
2026-03-03T12:55:00,03/03/202600:55,143.62,0.6399999999999999,91.9168,54.3,1.3199999999999998,71.67599999999999,71.2,0.6,11.0,198.7,23358.0,44181.0,23.2,24.8,56.0,29.77,14.789999999999997,209.0,468.0,5.3,0.7797921598663138
2026-03-03T12:55:01,03/03/202600:55,143.36,0.65,93.18400000000001,54.3,1.35,73.305,72.8,0.6,11.0,198.7,23358.0,44181.0,23.2,24.8,56.0,29.77,14.789999999999997,209.0,468.0,5.3,0.7866693853021978
2026-03-03T12:56:00,03/03/202600:56,143.1,0.6599999999999999,94.44599999999998,54.3,1.3800000000000001,74.934,74.4,0.6,11.0,198.7,23358.0,44181.0,23.2,24.8,56.0,29.77,14.789999999999997,209.0,468.0,5.3,0.7934057556699067
2026-03-03T12:56:01,03/03/202600:56,143.04000000000002,0.65,92.97600000000001,54.3,1.31,71.133,70.6,0.6,11.0,198.7,23358.0,44181.0,23.2,24.8,56.0,29.77,14.789999999999997,209.0,468.0,5.3,0.7650684047496127
2026-03-03T12:57:00,03/03/202600:57,142.98000000000002,0.6399999999999999,91.5072,54.3,1.24,67.332,66.8,0.6,11.0,198.7,23358.0,44181.0,23.2,24.8,56.0,29.77,14.789999999999997,209.0,468.0,5.3,0.7358109525807804
2026-03-03T12:57:01,03/03/202600:57,142.78000000000003,0.63,89.95140000000002,54.31,1.25,67.8875,66.8,0.6,11.0,198.7,23358.0,44181.0,23.2,24.8,56.0,29.77,14.789999999999997,209.0,468.0,5.3,0.7547131006298956
2026-03-03T12:58:55,03/03/202600:58,142.82,0.61,87.1202,54.31,1.23,66.8013,65.7,0.6,11.0,198.7,23358.0,44181.0,23.2,24.8,56.0,29.77,14.789999999999997,209.0,468.0,5.3,0.7667716557124524
2026-03-03T12:59:01,03/03/202600:59,142.74,0.61,87.0714,54.31,1.26,68.4306,67.4,0.6,11.0,198.7,23358.0,44181.0,23.2,24.8,56.0,29.77,14.789999999999997,209.0,468.0,5.3,0.7859136295040622
2026-03-03T13:00:01,03/03/202601:00,142.66,0.61,87.0226,54.31,1.29,70.0599,69.1,0.6,11.0,198.7,23358.0,44181.0,23.2,24.8,56.0,29.77,14.789999999999997,209.0,468.0,5.3,0.8050770719330381
2026-03-03T13:00:02,03/03/202601:00,142.59,0.6199999999999999,88.40579999999999,54.31,1.3,70.60300000000001,69.6,0.6,11.0,198.7,23358.0,44181.0,23.2,24.8,56.0,29.77,14.789999999999997,209.0,468.0,5.3,0.7986240721762602
2026-03-03T13:01:01,03/03/202601:01,142.52,0.63,89.78760000000001,54.31,1.3,70.60300000000001,69.6,0.6,11.0,198.7,23358.0,44181.0,23.2,24.84,55.9,29.77,14.776999999999997,209.2,467.6,5.3100000000000005,0.7863335248965336
2026-03-03T13:02:00,03/03/202601:02,142.97,0.63,90.0711,54.31,1.29,70.0599,69.1,0.6,11.0,198.7,23358.0,44181.0,23.2,24.880000000000003,55.8,29.77,14.764,209.4,467.2,5.32,0.7778288485429844
2026-03-03T13:02:01,03/03/202601:02,143.07,0.6199999999999999,88.70339999999997,54.31,1.2799999999999998,69.51679999999999,68.6,0.6,11.0,198.7,23358.0,44181.0,23.2,24.919999999999998,55.7,29.77,14.751,209.6,466.8,5.33,0.7836993846910041
2026-03-03T13:03:01,03/03/202601:03,143.02,0.61,87.24220000000001,54.31,1.3,70.60300000000001,69.7,0.6,11.0,198.7,23358.0,44181.0,23.2,24.96,55.6,29.77,14.738,209.8,466.4,5.34,0.809275786259402
2026-03-03T13:04:00,03/03/202601:04,142.97,0.6,85.782,54.31,1.3199999999999998,71.6892,70.8,0.6,11.0,198.7,23358.0,44181.0,23.2,25.0,55.5,29.77,14.725,210.0,466.0,5.35,0.835713786108974
2026-03-03T13:04:01,03/03/202601:04,142.72,0.59,84.20479999999999,54.3,1.3,70.59,70.3,0.6,11.0,198.7,23358.0,44181.0,23.2,25.04,55.4,29.77,14.712,210.2,465.6,5.36,0.8383132553013606
2026-03-03T13:05:01,03/03/202601:05,142.26000000000002,0.6,85.35600000000001,54.3,1.3,70.59,70.3,0.6,11.0,198.7,23358.0,44181.0,23.2,25.080000000000002,55.3,29.77,14.699000000000002,210.4,465.2,5.37,0.8270068887951637
2026-03-03T13:06:00,03/03/202601:06,142.37,0.6,85.422,54.3,1.27,68.961,68.6,0.6,11.0,198.7,23358.0,44181.0,23.2,25.119999999999997,55.2,29.77,14.686000000000002,210.6,464.8,5.380000000000001,0.8072978857905457
2026-03-03T13:06:01,03/03/202601:06,143.15,0.6,85.89,54.3,1.24,67.332,66.9,0.6,11.0,198.7,23358.0,44181.0,23.2,25.16,55.1,29.77,14.672999999999998,210.8,464.4,5.390000000000001,0.7839329374781697
2026-03-03T13:07:00,03/03/202601:07,143.49,0.59,84.6591,54.3,1.2,65.16,64.7,0.6,11.0,198.7,23358.0,44181.0,23.2,25.2,55.0,29.77,14.66,211.0,464.0,5.4,0.7696750851355614
2026-03-03T13:07:01,03/03/202601:07,143.33,0.5700000000000001,81.69810000000001,54.3,1.1700000000000002,63.531000000000006,63.0,0.6,11.0,198.7,23358.0,44181.0,23.2,25.2,55.0,29.77,14.66,211.0,464.0,5.4,0.7776313035431668
2026-03-03T13:08:01,03/03/202601:08,142.97,0.5599999999999999,80.0632,54.3,1.1600000000000001,62.98800000000001,62.4,0.6,11.0,198.7,23358.0,44181.0,23.2,25.2,55.0,29.77,14.66,211.0,464.0,5.4,0.7867284844972473
2026-03-03T13:10:07,03/03/202601:10,143.07,0.5700000000000001,81.54990000000001,54.3,1.1600000000000001,62.98800000000001,62.4,0.6,11.0,198.7,23358.0,44181.0,23.2,25.2,55.0,29.77,14.66,211.0,464.0,5.4,0.772385986984656
2026-03-03T13:11:01,03/03/202601:11,142.78000000000003,0.59,84.24020000000002,54.3,1.2,65.16,64.6,0.6,11.0,198.7,23358.0,44181.0,23.2,25.2,55.0,29.77,14.66,211.0,464.0,5.4,0.7735024370787342
2026-03-03T13:11:08,03/03/202601:11,142.51000000000002,0.59,84.08090000000001,54.3,1.19,64.61699999999999,64.1,0.6,11.0,198.7,23358.0,44181.0,23.2,25.2,55.0,29.77,14.66,211.0,464.0,5.4,0.7685098518212814
2026-03-03T13:12:01,03/03/202601:12,142.24,0.59,83.9216,54.3,1.1700000000000002,63.531000000000006,63.0,0.6,11.0,198.7,23358.0,44181.0,23.2,25.2,55.0,29.77,14.66,211.0,464.0,5.4,0.7570279880269205
2026-03-03T13:12:07,03/03/202601:12,141.9,0.6,85.14,54.3,1.21,65.70299999999999,65.2,0.6,11.0,198.7,23358.0,44181.0,23.2,25.2,55.0,29.77,14.66,211.0,464.0,5.4,0.771705426356589
2026-03-03T13:13:00,03/03/202601:13,141.56,0.61,86.3516,54.3,1.25,67.875,67.4,0.6,11.0,198.7,23358.0,44181.0,23.2,25.2,55.0,29.77,14.66,211.0,464.0,5.4,0.7860306004752662
2026-03-03T13:13:07,03/03/202601:13,140.77,0.61,85.86970000000001,54.3,1.28,69.504,69.1,0.6,11.0,198.7,23358.0,44181.0,23.2,25.2,55.0,29.77,14.66,211.0,464.0,5.4,0.8094124004159791
2026-03-03T13:14:01,03/03/202601:14,139.98,0.61,85.3878,54.3,1.31,71.133,70.8,0.6,11.0,198.7,23358.0,44181.0,23.2,25.2,55.0,29.77,14.66,211.0,464.0,5.4,0.8330581183728822
2026-03-03T13:14:07,03/03/202601:14,139.64000000000001,0.63,87.9732,54.3,1.3199999999999998,71.67599999999999,71.4,0.6,11.0,198.7,23358.0,44181.0,23.2,25.2,55.0,29.77,14.66,211.0,464.0,5.4,0.8147481278389326
2026-03-03T13:15:01,03/03/202601:15,139.5,0.6399999999999999,89.27999999999999,54.3,1.31,71.133,70.9,0.6,11.0,198.7,23358.0,44181.0,23.2,25.2,55.0,29.77,14.66,211.0,464.0,5.4,0.7967405913978496
2026-03-03T13:15:07,03/03/202601:15,139.34,0.6399999999999999,89.17759999999998,54.31,1.31,71.1461,70.9,0.6,11.0,198.7,23358.0,44181.0,23.2,25.22,54.8,29.77,14.592000000000002,211.1,456.2,5.390000000000001,0.7978023629252191
2026-03-03T13:16:01,03/03/202601:16,139.57999999999998,0.6399999999999999,89.33119999999998,54.31999999999999,1.3,70.616,70.4,0.6,11.0,198.7,23358.0,44181.0,23.2,25.24,54.6,29.77,14.524000000000001,211.2,448.4,5.380000000000001,0.7904964894684053
2026-03-03T13:16:07,03/03/202601:16,139.95999999999998,0.6599999999999999,92.37359999999998,54.31999999999999,1.35,73.332,73.1,0.6,11.0,198.7,23358.0,44181.0,23.2,25.259999999999998,54.4,29.77,14.456,211.3,440.6,5.37,0.7938631816882746
2026-03-03T13:17:16,03/03/202601:17,140.29000000000002,0.6599999999999999,92.59140000000001,54.31999999999999,1.35,73.332,73.1,0.6,11.0,198.7,23358.0,44181.0,23.2,25.279999999999998,54.2,29.77,14.388,211.4,432.8,5.36,0.7919958009059156
2026-03-03T13:18:01,03/03/202601:18,140.66000000000003,0.6399999999999999,90.0224,54.31999999999999,1.3,70.616,70.4,0.6,11.0,198.7,23358.0,44181.0,23.2,25.3,54.0,29.77,14.319999999999999,211.5,425.0,5.35,0.7844269870609981
2026-03-03T13:18:15,03/03/202601:18,141.06,0.63,88.8678,54.31999999999999,1.26,68.44319999999999,68.2,0.6,11.0,198.7,23358.0,44181.0,23.2,25.32,53.8,29.77,14.252,211.6,417.2,5.34,0.7701687225294199
2026-03-03T13:19:00,03/03/202601:19,141.24,0.63,88.9812,54.31999999999999,1.23,66.8136,66.5,0.6,11.0,198.7,23358.0,44181.0,23.2,25.339999999999996,53.6,29.77,14.184000000000001,211.7,409.4,5.33,0.7508732181629377
2026-03-03T13:19:16,03/03/202601:19,141.31,0.6399999999999999,90.43839999999999,54.31999999999999,1.23,66.8136,66.5,0.6,12.0,198.7,23358.0,44181.0,23.2,25.36,53.4,29.77,14.116,211.8,401.6,5.32,0.7387746797820395
2026-03-03T13:19:55,03/03/202601:19,141.41,0.6199999999999999,87.67419999999998,54.31999999999999,1.22,66.2704,65.9,0.6,12.0,198.7,23358.0,44181.0,23.2,25.38,53.2,29.77,14.048000000000002,211.9,393.8,5.3100000000000005,0.7558711684851417
2026-03-03T13:21:18,03/03/202601:21,141.45999999999998,0.61,86.29059999999998,54.31999999999999,1.22,66.2704,65.9,0.6,12.0,198.7,23358.0,44181.0,23.2,25.4,53.0,29.77,13.98,212.0,386.0,5.3,0.767990951505726
2026-03-03T13:21:55,03/03/202601:21,141.52,0.59,83.49680000000001,54.3,1.19,64.61699999999999,64.2,0.6,12.0,198.7,23358.0,44181.0,23.2,25.4,53.0,29.77,13.98,212.0,386.0,5.3,0.7738859453296412
2026-03-03T13:22:01,03/03/202601:22,141.57999999999998,0.5700000000000001,80.7006,54.279999999999994,1.16,62.96479999999999,62.5,0.6,12.0,198.7,23358.0,44181.0,23.2,25.4,53.0,29.77,13.98,212.0,386.0,5.3,0.7802271606406891
2026-03-03T13:22:55,03/03/202601:22,141.99,0.5599999999999999,79.5144,54.27,1.12,60.78240000000001,60.3,0.6,12.0,198.7,23358.0,44181.0,23.2,25.33,53.0,29.77,13.98,212.0,389.9,5.3,0.764420029579548
2026-03-03T13:23:00,03/03/202601:23,142.45,0.5700000000000001,81.1965,54.260000000000005,1.1300000000000001,61.313800000000015,60.8,0.6,12.0,198.7,23358.0,44181.0,23.2,25.259999999999998,53.0,29.77,13.98,212.0,393.8,5.3,0.7551286077601869
2026-03-03T13:23:55,03/03/202601:23,142.66,0.58,82.74279999999999,54.260000000000005,1.1600000000000001,62.941600000000015,62.4,0.6,12.0,198.7,23358.0,44181.0,23.2,25.189999999999998,53.0,29.77,13.999,212.3,397.7,5.3,0.7606897518575637
2026-03-03T13:24:00,03/03/202601:24,142.84,0.58,82.8472,54.260000000000005,1.1800000000000002,64.02680000000001,63.5,0.6,12.0,198.7,23358.0,44181.0,23.2,25.119999999999997,53.0,29.77,14.018,212.6,401.6,5.3,0.7728299809770277
2026-03-03T13:24:55,03/03/202601:24,143.14000000000001,0.58,83.02120000000001,54.27,1.2,65.124,64.6,0.6,12.0,198.7,23358.0,44181.0,23.2,25.05,53.0,29.77,14.037,212.9,405.5,5.3,0.7844261465746097
2026-03-03T13:25:00,03/03/202601:25,143.55,0.5700000000000001,81.82350000000001,54.279999999999994,1.19,64.5932,64.0,0.6,12.0,198.7,23358.0,44181.0,23.2,24.979999999999997,53.0,29.77,14.056000000000001,213.2,409.4,5.3,0.7894211320708597
2026-03-03T13:25:55,03/03/202601:25,143.76,0.59,84.8184,54.279999999999994,1.2200000000000002,66.22160000000001,65.7,0.6,12.0,198.7,23358.0,44181.0,23.2,24.91,53.0,29.77,14.075,213.5,413.3,5.3,0.7807456872565388
2026-03-03T13:26:00,03/03/202601:26,144.02,0.6,86.412,54.279999999999994,1.24,67.3072,66.8,0.6,12.0,198.7,23358.0,44181.0,23.2,24.839999999999996,53.0,29.77,14.094,213.8,417.2,5.3,0.7789103365273341
2026-03-03T13:26:55,03/03/202601:26,144.05,0.61,87.8705,54.29,1.24,67.3196,66.8,0.6,12.0,198.7,23358.0,44181.0,23.2,24.77,53.0,29.77,14.113,214.1,421.1,5.3,0.7661228740020825
2026-03-03T13:27:00,03/03/202601:27,144.07999999999998,0.6199999999999999,89.32959999999997,54.3,1.24,67.332,66.8,0.6,12.0,198.7,23358.0,44181.0,23.2,24.7,53.0,29.77,14.132,214.4,425.0,5.3,0.7537479178234316
2026-03-03T13:27:55,03/03/202601:27,144.08999999999997,0.6199999999999999,89.33579999999996,54.31,1.2200000000000002,66.25820000000002,65.7,0.6,12.0,198.7,23358.0,44181.0,23.2,24.7,53.0,29.77,14.151,214.7,425.0,5.3,0.7416757895490951
2026-03-03T13:28:00,03/03/202601:28,144.1,0.6199999999999999,89.34199999999998,54.31999999999999,1.2,65.18399999999998,64.6,0.6,12.0,198.7,23358.0,44181.0,23.2,24.7,53.0,29.77,14.169999999999998,215.0,425.0,5.3,0.7296008596180967
2026-03-03T13:28:56,03/03/202601:28,143.9,0.63,90.65700000000001,54.31999999999999,1.22,66.2704,65.7,0.6,12.0,198.7,23358.0,44181.0,23.2,24.7,53.0,29.77,14.169999999999998,215.0,425.0,5.3,0.7310014670681799
2026-03-03T13:29:00,03/03/202601:29,143.7,0.6399999999999999,91.96799999999998,54.31999999999999,1.24,67.35679999999999,66.8,0.6,12.0,198.7,23358.0,44181.0,23.2,24.7,53.0,29.77,14.169999999999998,215.0,425.0,5.3,0.7323938761308282
2026-03-03T13:29:55,03/03/202601:29,143.25,0.6399999999999999,91.67999999999999,54.31,1.24,67.34440000000001,66.8,0.6,12.0,198.7,23358.0,44181.0,23.2,24.7,53.0,29.77,14.169999999999998,215.0,425.0,5.3,0.7345593368237349
2026-03-03T13:30:00,03/03/202601:30,142.8,0.6399999999999999,91.392,54.3,1.24,67.332,66.8,0.6,12.0,198.7,23358.0,44181.0,23.2,24.7,53.0,29.77,14.169999999999998,215.0,425.0,5.3,0.7367384453781513
2026-03-03T13:30:56,03/03/202601:30,142.6,0.6199999999999999,88.41199999999998,54.3,1.22,66.246,65.7,0.6,12.0,198.7,23358.0,44181.0,23.2,24.72,52.8,29.77,14.132,215.1,424.3,5.3,0.7492874270461025
2026-03-03T13:31:00,03/03/202601:31,142.4,0.6,85.44,54.3,1.2,65.16,64.6,0.6,12.0,198.7,23358.0,44181.0,23.2,24.74,52.6,29.77,14.094,215.2,423.6,5.3,0.7626404494382022
2026-03-03T13:32:30,03/03/202601:32,142.38,0.6,85.428,54.3,1.21,65.70299999999999,65.2,0.6,12.0,198.7,23358.0,44181.0,23.2,24.759999999999998,52.4,29.77,14.056000000000001,215.3,422.9,5.3,0.7691038067144261
2026-03-03T13:33:01,03/03/202601:33,142.35999999999999,0.6,85.41599999999998,54.3,1.22,66.246,65.8,0.6,12.0,198.7,23358.0,44181.0,23.2,24.779999999999998,52.2,29.77,14.018,215.4,422.2,5.3,0.7755689800505761
2026-03-03T13:33:09,03/03/202601:33,141.81,0.6,85.086,54.3,1.25,67.875,67.5,0.6,12.0,198.7,23358.0,44181.0,23.2,24.8,52.0,29.77,13.979999999999999,215.5,421.5,5.3,0.7977223044919258
2026-03-03T13:34:01,03/03/202601:34,141.26,0.6,84.75599999999999,54.3,1.28,69.504,69.2,0.6,12.0,198.7,23358.0,44181.0,23.2,24.82,51.8,29.77,13.941999999999998,215.6,420.8,5.3,0.8200481381849074
2026-03-03T13:34:09,03/03/202601:34,141.27,0.6,84.762,54.3,1.28,69.504,69.2,0.6,12.0,198.7,23358.0,44181.0,23.2,24.839999999999996,51.6,29.77,13.904,215.7,420.1,5.3,0.8199900898987754
2026-03-03T13:34:14,03/03/202601:34,141.29,0.59,83.3611,54.3,1.26,68.41799999999999,68.1,0.6,12.0,198.7,23358.0,44181.0,23.2,24.86,51.4,29.77,13.866,215.8,419.4,5.3,0.8207425285894739
2026-03-03T13:35:01,03/03/202601:35,141.44,0.59,83.44959999999999,54.3,1.26,68.41799999999999,68.1,0.6,12.0,198.7,23358.0,44181.0,23.2,24.88,51.2,29.77,13.828,215.9,418.7,5.3,0.8198721144259529
2026-03-03T13:35:14,03/03/202601:35,141.62,0.58,82.1396,54.3,1.24,67.332,67.0,0.6,12.0,198.7,23358.0,44181.0,23.2,24.9,51.0,29.77,13.789999999999997,216.0,418.0,5.3,0.8197264169779253
2026-03-03T13:35:32,03/03/202601:35,141.73999999999998,0.59,83.62659999999998,54.3,1.26,68.41799999999999,68.1,0.6,12.0,198.7,23358.0,44181.0,23.2,24.9,51.0,29.77,13.789999999999997,216.0,418.0,5.3,0.818136812927944
2026-03-03T13:36:01,03/03/202601:36,141.85999999999999,0.6,85.11599999999999,54.3,1.28,69.504,69.2,0.6,12.0,198.7,23358.0,44181.0,23.2,24.9,51.0,29.77,13.789999999999997,216.0,418.0,5.3,0.8165797264909067
2026-03-03T13:37:11,03/03/202601:37,141.88,0.61,86.54679999999999,54.3,1.28,69.504,69.2,0.6,12.0,198.7,23358.0,44181.0,23.2,24.9,51.0,29.77,13.789999999999997,216.0,418.0,5.3,0.8030799521183916
2026-03-03T13:38:00,03/03/202601:38,141.9,0.6199999999999999,87.97799999999998,54.3,1.28,69.504,69.2,0.6,12.0,198.7,23358.0,44181.0,23.2,24.9,51.0,29.77,13.789999999999997,216.0,418.0,5.3,0.790015685739617
2026-03-03T13:38:12,03/03/202601:38,141.85,0.63,89.3655,54.3,1.31,71.133,70.8,0.6,12.0,198.7,23358.0,44181.0,23.2,24.9,51.0,29.77,13.789999999999997,216.0,418.0,5.3,0.7959783137788072
2026-03-03T13:39:01,03/03/202601:39,141.8,0.6399999999999999,90.752,54.3,1.34,72.762,72.4,0.6,12.0,198.7,23358.0,44181.0,23.2,24.9,51.0,29.77,13.789999999999997,216.0,418.0,5.3,0.8017674541607899
2026-03-03T13:39:11,03/03/202601:39,141.56,0.63,89.1828,54.3,1.33,72.219,71.8,0.6,12.0,198.7,23358.0,44181.0,23.2,24.9,51.0,29.77,13.789999999999997,216.0,418.0,5.3,0.8097861919562964
2026-03-03T13:40:01,03/03/202601:40,141.31,0.63,89.0253,54.3,1.34,72.762,72.3,0.6,12.0,198.7,23358.0,44181.0,23.2,24.9,51.0,29.77,13.789999999999997,216.0,418.0,5.3,0.8173182230219949
2026-03-03T13:40:11,03/03/202601:40,140.92,0.63,88.77959999999999,54.3,1.35,73.305,72.9,0.6,12.0,198.7,23358.0,44181.0,23.2,24.9,51.0,29.77,13.789999999999997,216.0,418.0,5.3,0.8256964437776247
2026-03-03T13:41:01,03/03/202601:41,140.5,0.6399999999999999,89.91999999999999,54.3,1.38,74.93399999999998,74.6,0.6,12.0,198.7,23358.0,44181.0,23.2,24.9,51.0,29.77,13.789999999999997,216.0,418.0,5.3,0.8333407473309608
2026-03-03T13:41:11,03/03/202601:41,140.20999999999998,0.65,91.13649999999998,54.31,1.3599999999999999,73.8616,73.5,0.6,12.0,198.7,23358.0,44181.0,23.2,24.9,51.0,29.77,13.789999999999997,216.0,418.0,5.3,0.8104502586779173
2026-03-03T13:42:00,03/03/202601:42,139.92000000000002,0.6599999999999999,92.3472,54.31999999999999,1.3399999999999999,72.78879999999998,72.4,0.6,12.0,198.7,23358.0,44181.0,23.2,24.9,51.0,29.77,13.789999999999997,216.0,418.0,5.3,0.7882079803177571
2026-03-03T13:42:12,03/03/202601:42,139.82,0.65,90.883,54.31999999999999,1.3399999999999999,72.78879999999998,72.4,0.6,12.0,198.7,23358.0,44181.0,23.2,24.9,51.0,29.77,13.789999999999997,216.0,418.0,5.3,0.8009066602114805
2026-03-03T13:43:42,03/03/202601:43,139.78,0.6399999999999999,89.45919999999998,54.31999999999999,1.3399999999999999,72.78879999999998,72.4,0.6,12.0,198.7,23358.0,44181.0,23.2,24.9,51.0,29.77,13.789999999999997,216.0,418.0,5.3,0.8136535985119473
2026-03-03T13:44:01,03/03/202601:44,139.85,0.63,88.10549999999999,54.31999999999999,1.31,71.1592,70.8,0.6,12.0,198.7,23358.0,44181.0,23.2,24.9,51.0,29.77,13.789999999999997,216.0,418.0,5.3,0.8076589997219243
2026-03-03T13:44:11,03/03/202601:44,140.04000000000002,0.6199999999999999,86.8248,54.31999999999999,1.3,70.616,70.3,0.6,12.0,198.7,23358.0,44181.0,23.2,24.9,51.0,29.77,13.789999999999997,216.0,418.0,5.3,0.8133160110936046
2026-03-03T13:45:00,03/03/202601:45,140.32,0.6199999999999999,86.99839999999998,54.31999999999999,1.3,70.616,70.4,0.6,12.0,198.7,23358.0,44181.0,23.2,24.9,51.0,29.77,13.789999999999997,216.0,418.0,5.3,0.8116930886085264
2026-03-03T13:45:11,03/03/202601:45,140.69,0.6199999999999999,87.22779999999999,54.31999999999999,1.2899999999999998,70.07279999999999,69.9,0.6,12.0,198.7,23358.0,44181.0,23.2,24.9,51.0,29.77,13.789999999999997,216.0,418.0,5.3,0.8033310481291515
2026-03-03T13:46:01,03/03/202601:46,141.2,0.6199999999999999,87.54399999999998,54.31999999999999,1.2799999999999998,69.52959999999997,69.3,0.6,12.0,198.7,23358.0,44181.0,23.2,24.9,51.0,29.77,13.789999999999997,216.0,418.0,5.3,0.7942246184775654
2026-03-03T13:46:12,03/03/202601:46,141.78,0.63,89.3214,54.31999999999999,1.26,68.44319999999999,68.2,0.6,12.0,198.7,23358.0,44181.0,23.2,24.919999999999998,50.8,29.77,13.741,216.0,416.9,5.29,0.7662575821695584
2026-03-03T13:47:00,03/03/202601:47,142.26,0.63,89.62379999999999,54.31,1.26,68.4306,68.2,0.6,12.0,198.7,23358.0,44181.0,23.2,24.939999999999998,50.6,29.77,13.691999999999998,216.0,415.8,5.279999999999999,0.7635315619288627
2026-03-03T13:47:11,03/03/202601:47,142.88,0.6199999999999999,88.58559999999999,54.31,1.26,68.4306,68.2,0.6,12.0,198.7,23358.0,44181.0,23.2,24.96,50.4,29.77,13.643,216.0,414.7,5.2700000000000005,0.7724799515948417
2026-03-03T13:48:00,03/03/202601:48,143.35999999999999,0.6199999999999999,88.88319999999997,54.31999999999999,1.26,68.44319999999999,68.2,0.6,12.0,198.7,23358.0,44181.0,23.2,24.98,50.2,29.77,13.594,216.0,413.6,5.26,0.7700352822580646
2026-03-03T13:48:11,03/03/202601:48,143.85,0.61,87.74849999999999,54.31999999999999,1.25,67.89999999999999,67.6,0.6,12.0,198.7,23358.0,44181.0,23.2,25.0,50.0,29.77,13.544999999999998,216.0,412.5,5.25,0.7738024011806469
2026-03-03T13:49:01,03/03/202601:49,144.34,0.6,86.604,54.31999999999999,1.24,67.35679999999999,67.0,0.6,12.0,198.7,23358.0,44181.0,23.2,25.02,49.8,29.77,13.496,216.0,411.4,5.24,0.7777562237310054
2026-03-03T13:49:12,03/03/202601:49,144.4,0.6,86.64,54.31999999999999,1.25,67.89999999999999,67.5,0.6,12.0,198.7,23358.0,44181.0,23.2,25.04,49.6,29.77,13.447,216.0,410.3,5.2299999999999995,0.783702677746999
2026-03-03T13:50:00,03/03/202601:50,144.45999999999998,0.6,86.67599999999999,54.31999999999999,1.26,68.44319999999999,68.0,0.6,12.0,198.7,23358.0,44181.0,23.2,25.060000000000002,49.4,29.77,13.398000000000001,216.0,409.2,5.220000000000001,0.7896441921639208
2026-03-03T13:50:11,03/03/202601:50,144.39,0.6,86.63399999999999,54.31999999999999,1.23,66.8136,66.4,0.6,12.0,198.7,23358.0,44181.0,23.2,25.080000000000002,49.2,29.77,13.349,216.0,408.1,5.21,0.7712168432716948
2026-03-03T13:50:53,03/03/202601:50,144.5,0.61,88.145,54.31999999999999,1.22,66.2704,65.9,0.6,12.0,198.7,23358.0,44181.0,23.2,25.1,49.0,29.77,13.3,216.0,407.0,5.2,0.7518339100346021
2026-03-03T13:51:00,03/03/202601:51,144.54,0.61,88.1694,54.31999999999999,1.22,66.2704,65.9,0.6,12.0,198.7,23358.0,44181.0,23.2,25.1,49.0,29.77,13.3,216.0,407.0,5.2,0.7516258475162585
2026-03-03T13:51:53,03/03/202601:51,144.57999999999998,0.6,86.74799999999999,54.31999999999999,1.23,66.8136,66.4,0.6,12.0,198.7,23358.0,44181.0,23.2,25.1,49.0,29.77,13.3,216.0,407.0,5.2,0.770203347627611
2026-03-03T13:52:00,03/03/202601:52,144.48,0.6,86.68799999999999,54.31,1.24,67.34440000000001,66.9,0.6,12.0,198.7,23358.0,44181.0,23.2,25.1,49.0,29.77,13.3,216.0,407.0,5.2,0.7768595422665192
2026-03-03T13:52:53,03/03/202601:52,144.44,0.6,86.664,54.3,1.26,68.41799999999999,68.0,0.6,12.0,198.7,23358.0,44181.0,23.2,25.1,49.0,29.77,13.3,216.0,407.0,5.2,0.7894627527000829
2026-03-03T13:53:01,03/03/202601:53,144.32999999999998,0.61,88.04129999999999,54.3,1.29,70.047,69.7,0.6,12.0,198.7,23358.0,44181.0,23.2,25.1,49.0,29.77,13.3,216.0,407.0,5.2,0.7956152396659295
2026-03-03T13:54:53,03/03/202601:54,143.98,0.6199999999999999,89.26759999999997,54.3,1.29,70.047,69.7,0.6,12.0,198.7,23358.0,44181.0,23.2,25.1,49.0,29.77,13.3,216.0,407.0,5.2,0.7846855970139224
2026-03-03T13:55:01,03/03/202601:55,143.94,0.6199999999999999,89.24279999999999,54.3,1.25,67.875,67.5,0.6,12.0,198.7,23358.0,44181.0,23.2,25.1,49.0,29.77,13.3,216.0,407.0,5.2,0.7605655582299077
2026-03-03T13:55:53,03/03/202601:55,143.87,0.6199999999999999,89.19939999999998,54.3,1.23,66.789,66.4,0.6,12.0,198.7,23358.0,44181.0,23.2,25.1,49.0,29.77,13.3,216.0,407.0,5.2,0.7487606418877258
2026-03-03T13:56:01,03/03/202601:56,143.84,0.6199999999999999,89.18079999999999,54.3,1.26,68.41799999999999,68.0,0.6,12.0,198.7,23358.0,44181.0,23.2,25.1,49.0,29.77,13.3,216.0,407.0,5.2,0.7671830707955075
2026-03-03T13:56:53,03/03/202601:56,144.13,0.61,87.91929999999999,54.31,1.27,68.97370000000001,68.5,0.6,12.0,198.7,23358.0,44181.0,23.2,25.1,49.0,29.77,13.3,216.0,407.0,5.2,0.7845114781396123
2026-03-03T13:57:01,03/03/202601:57,144.42000000000002,0.6,86.652,54.31999999999999,1.28,69.52959999999999,69.0,0.6,12.0,198.7,23358.0,44181.0,23.2,25.1,49.0,29.77,13.3,216.0,407.0,5.2,0.8024004062225913
2026-03-03T13:57:07,03/03/202601:57,144.70999999999998,0.6,86.82599999999998,54.31999999999999,1.27,68.98639999999999,68.5,0.6,12.0,198.7,23358.0,44181.0,23.2,25.1,49.0,29.77,13.3,216.0,407.0,5.2,0.7945361988344506
2026-03-03T13:58:01,03/03/202601:58,145.0,0.6,87.0,54.31999999999999,1.26,68.44319999999999,68.0,0.6,12.0,198.7,23358.0,44181.0,23.2,25.1,49.0,29.77,13.3,216.0,407.0,5.2,0.7867034482758619
2026-03-03T13:58:07,03/03/202601:58,145.14000000000001,0.6,87.084,54.31999999999999,1.24,67.35679999999999,66.9,0.6,12.0,198.7,23358.0,44181.0,23.2,25.1,49.0,29.77,13.3,216.0,407.0,5.2,0.7734692940149739
2026-03-03T13:59:01,03/03/202601:59,145.28,0.6,87.16799999999999,54.31999999999999,1.22,66.2704,65.8,0.6,12.0,198.7,23358.0,44181.0,23.2,25.1,49.0,29.77,13.3,216.0,407.0,5.2,0.7602606461086637
2026-03-03T13:59:08,03/03/202601:59,145.5,0.61,88.755,54.31999999999999,1.25,67.89999999999999,67.5,0.6,12.0,198.7,23358.0,44181.0,23.2,25.1,49.5,29.773000000000003,13.3,216.0,407.0,5.2,0.7650273224043715
2026-03-03T14:00:01,03/03/202602:00,145.72,0.6199999999999999,90.34639999999999,54.31999999999999,1.28,69.52959999999999,69.2,0.6,12.0,198.7,23358.0,44181.0,23.2,25.1,50.0,29.776,13.3,216.0,407.0,5.2,0.7695890483738145
2026-03-03T14:00:07,03/03/202602:00,145.69,0.63,91.7847,54.31999999999999,1.27,68.98639999999999,68.7,0.6,12.0,198.7,23358.0,44181.0,23.2,25.1,50.5,29.779000000000003,13.3,216.0,407.0,5.2,0.7516111072978393
2026-03-03T14:00:21,03/03/202602:00,145.54000000000002,0.6399999999999999,93.1456,54.31999999999999,1.2799999999999998,69.52959999999997,69.3,0.6,12.0,198.7,23358.0,44181.0,23.2,25.1,51.0,29.782,13.3,216.0,407.0,5.2,0.7464614538958358
2026-03-03T14:01:01,03/03/202602:01,144.89000000000001,0.65,94.17850000000001,54.31,1.2899999999999998,70.0599,69.9,0.6,12.0,198.7,23358.0,44181.0,23.2,25.1,51.5,29.785000000000004,13.3,216.0,407.0,5.2,0.7439054561285218
2026-03-03T14:01:20,03/03/202602:01,143.98,0.65,93.587,54.3,1.2799999999999998,69.50399999999999,69.4,0.6,12.0,198.7,23358.0,44181.0,23.2,25.12,51.9,29.785000000000004,13.263,216.1,403.9,5.1899999999999995,0.7426672507933793
2026-03-03T14:02:01,03/03/202602:02,143.07,0.65,92.99549999999999,54.3,1.2799999999999998,69.50399999999999,69.4,0.6,12.0,198.7,23358.0,44181.0,23.2,25.14,52.3,29.785000000000004,13.225999999999999,216.2,400.8,5.18,0.7473910027904576
2026-03-03T14:02:20,03/03/202602:02,142.17000000000002,0.65,92.41050000000001,54.3,1.2899999999999998,70.04699999999998,69.9,0.7,12.0,198.7,23358.0,44181.0,23.2,25.160000000000004,52.7,29.785000000000004,13.189000000000002,216.3,397.7,5.17,0.7579982794162998
2026-03-03T14:03:01,03/03/202602:03,141.36,0.65,91.88400000000001,54.3,1.3,70.59,70.4,0.7,12.0,198.7,23358.0,44181.0,23.2,25.18,53.1,29.785000000000004,13.152000000000001,216.4,394.6,5.16,0.7682512733446518
2026-03-03T14:03:20,03/03/202602:03,140.79000000000002,0.65,91.51350000000002,54.3,1.3,70.59,70.4,0.7,12.0,198.7,23358.0,44181.0,23.2,25.2,53.5,29.785000000000004,13.115,216.5,391.5,5.15,0.771361602386533
2026-03-03T14:04:01,03/03/202602:04,140.38000000000002,0.6399999999999999,89.8432,54.3,1.2799999999999998,69.50399999999999,69.3,0.7,12.0,198.7,23358.0,44181.0,23.2,25.220000000000002,53.4,29.782,13.078,216.6,388.4,5.14,0.7736144749964382
2026-03-03T14:04:21,03/03/202602:04,140.11,0.63,88.26930000000002,54.3,1.25,67.875,67.6,0.7,12.0,198.7,23358.0,44181.0,23.2,25.240000000000002,53.3,29.779000000000003,13.041,216.7,385.3,5.13,0.7689536452651147
2026-03-03T14:06:06,03/03/202602:06,140.11,0.6199999999999999,86.86819999999999,54.3,1.25,67.875,67.6,0.7,12.0,198.7,23358.0,44181.0,23.2,25.26,53.2,29.776,13.004,216.8,382.2,5.119999999999999,0.7813561234145523
2026-03-03T14:06:20,03/03/202602:06,140.09,0.6199999999999999,86.85579999999999,54.3,1.26,68.41799999999999,68.1,0.7,13.0,198.7,23358.0,44181.0,23.2,25.28,53.1,29.773000000000003,12.966999999999999,216.9,379.1,5.109999999999999,0.7877194153988565
2026-03-03T14:07:01,03/03/202602:07,140.07,0.6199999999999999,86.84339999999997,54.3,1.27,68.961,68.6,0.7,13.0,198.7,23358.0,44181.0,23.2,25.3,53.0,29.77,12.930000000000001,217.0,376.0,5.1,0.7940845245579977
2026-03-03T14:07:20,03/03/202602:07,140.32,0.63,88.4016,54.3,1.3,70.59,70.2,0.7,13.0,198.7,23358.0,44181.0,23.2,25.3,53.0,29.77,12.930000000000001,217.0,376.0,5.1,0.7985149590052669
2026-03-03T14:08:01,03/03/202602:08,140.57,0.6399999999999999,89.96479999999998,54.3,1.33,72.219,71.8,0.7,13.0,198.7,23358.0,44181.0,23.2,25.3,53.0,29.77,12.930000000000001,217.0,376.0,5.1,0.8027472967204952
2026-03-03T14:08:21,03/03/202602:08,140.67000000000002,0.6599999999999999,92.8422,54.3,1.34,72.762,72.4,0.7,13.0,198.7,23358.0,44181.0,23.2,25.3,53.0,29.77,12.930000000000001,217.0,376.0,5.1,0.7837168873637204
2026-03-03T14:09:01,03/03/202602:09,140.77,0.6799999999999999,95.7236,54.3,1.35,73.305,73.0,0.7,13.0,198.7,23358.0,44181.0,23.2,25.3,53.0,29.77,12.930000000000001,217.0,376.0,5.1,0.7657986118365795
2026-03-03T14:09:20,03/03/202602:09,140.62,0.6799999999999999,95.6216,54.3,1.35,73.305,73.0,0.7,13.0,198.7,23358.0,44181.0,23.2,25.3,53.0,29.77,12.930000000000001,217.0,376.0,5.1,0.7666154927338593
2026-03-03T14:10:01,03/03/202602:10,140.47,0.6799999999999999,95.5196,54.3,1.35,73.305,73.0,0.7,13.0,198.7,23358.0,44181.0,23.2,25.3,53.0,29.77,12.930000000000001,217.0,376.0,5.1,0.7674341182333261
2026-03-03T14:10:20,03/03/202602:10,140.24,0.67,93.9608,54.3,1.35,73.305,73.0,0.7,13.0,198.7,23358.0,44181.0,23.2,25.3,53.0,29.77,12.930000000000001,217.0,376.0,5.1,0.7801657712578012
2026-03-03T14:11:01,03/03/202602:11,140.02,0.6599999999999999,92.41319999999999,54.3,1.34,72.762,72.4,0.7,13.0,198.7,23358.0,44181.0,23.2,25.3,53.0,29.77,12.930000000000001,217.0,376.0,5.1,0.7873550531742219
2026-03-03T14:11:03,03/03/202602:11,139.97,0.65,90.9805,54.3,1.31,71.133,70.8,0.7,13.0,198.7,23358.0,44181.0,23.2,25.3,53.0,29.77,12.930000000000001,217.0,376.0,5.1,0.7818488577222591
2026-03-03T14:12:01,03/03/202602:12,139.92000000000002,0.64,89.54880000000001,54.3,1.28,69.504,69.2,0.7,13.0,198.7,23358.0,44181.0,23.2,25.3,53.0,29.77,12.930000000000001,217.0,376.0,5.1,0.7761578044596912
2026-03-03T14:12:03,03/03/202602:12,139.9,0.64,89.536,54.31,1.28,69.5168,69.2,0.7,13.0,198.7,23358.0,44181.0,23.2,25.3,53.0,29.77,12.930000000000001,217.0,376.0,5.1,0.7764117226590422
2026-03-03T14:13:01,03/03/202602:13,139.88,0.64,89.5232,54.31999999999999,1.28,69.52959999999999,69.2,0.7,13.0,198.7,23358.0,44181.0,23.2,25.3,53.0,29.77,12.930000000000001,217.0,376.0,5.1,0.7766657134686873
2026-03-03T14:13:03,03/03/202602:13,140.0,0.63,88.2,54.31999999999999,1.28,69.52959999999999,69.2,0.7,13.0,198.7,23358.0,44181.0,23.2,25.3,53.0,29.77,12.930000000000001,217.0,376.0,5.1,0.7883174603174602
2026-03-03T14:14:01,03/03/202602:14,140.12,0.6199999999999999,86.87439999999998,54.31999999999999,1.28,69.52959999999999,69.2,0.7,13.0,198.7,23358.0,44181.0,23.2,25.3,53.0,29.77,12.930000000000001,217.0,376.0,5.1,0.8003462469956627
2026-03-03T14:14:03,03/03/202602:14,140.23,0.63,88.3449,54.31999999999999,1.3,70.616,70.3,0.7,13.0,198.7,23358.0,44181.0,23.2,25.3,53.0,29.77,12.930000000000001,217.0,376.0,5.1,0.7993217491898231
2026-03-03T14:15:01,03/03/202602:15,140.34,0.6399999999999999,89.81759999999998,54.31999999999999,1.3199999999999998,71.70239999999998,71.4,0.7,13.0,198.7,23358.0,44181.0,23.2,25.3,53.0,29.77,12.930000000000001,217.0,376.0,5.1,0.7983112441214194
2026-03-03T14:15:03,03/03/202602:15,140.4,0.65,91.26,54.31999999999999,1.3199999999999998,71.70239999999998,71.4,0.7,13.0,198.7,23358.0,44181.0,23.2,25.3,53.0,29.77,12.930000000000001,217.0,376.0,5.1,0.7856936226166993
2026-03-03T14:17:18,03/03/202602:17,140.55,0.6699999999999999,94.1685,54.33,1.35,73.3455,73.1,0.7,13.0,198.7,23358.0,44181.0,23.3,25.31,52.9,29.77,12.892,217.2,371.7,5.09,0.7788751015466956
2026-03-03T14:18:00,03/03/202602:18,140.67000000000002,0.6799999999999999,95.6556,54.339999999999996,1.3699999999999999,74.44579999999999,74.2,0.7,13.0,198.7,23358.0,44181.0,23.3,25.32,52.8,29.77,12.854,217.4,367.4,5.08,0.7782691238150196
2026-03-03T14:18:12,03/03/202602:18,140.88,0.69,97.20719999999999,54.339999999999996,1.3599999999999999,73.90239999999999,73.6,0.7,13.0,198.7,23358.0,44181.0,23.2,25.330000000000002,52.7,29.77,12.815999999999999,217.6,363.1,5.069999999999999,0.7602564419096527
2026-03-03T14:19:01,03/03/202602:19,141.05,0.69,97.3245,54.33,1.3199999999999998,71.7156,71.4,0.7,13.0,198.7,23358.0,44181.0,23.2,25.34,52.6,29.77,12.778,217.8,358.8,5.06,0.736870983154293
2026-03-03T14:19:13,03/03/202602:19,141.3,0.6799999999999999,96.084,54.31999999999999,1.29,70.07279999999999,69.8,0.7,13.0,198.7,23358.0,44181.0,23.2,25.35,52.5,29.77,12.74,218.0,354.5,5.05,0.7292868739852627
2026-03-03T14:20:00,03/03/202602:20,141.55,0.6699999999999999,94.8385,54.31999999999999,1.27,68.98639999999999,68.7,0.7,13.0,198.7,23358.0,44181.0,23.2,25.36,52.4,29.77,12.702000000000002,218.2,350.2,5.04,0.7274092272652983
2026-03-03T14:20:12,03/03/202602:20,142.1,0.6599999999999999,93.78599999999999,54.31999999999999,1.27,68.98639999999999,68.7,0.7,13.0,198.7,23358.0,44181.0,23.2,25.369999999999997,52.3,29.77,12.664,218.4,345.9,5.029999999999999,0.735572473503508
2026-03-03T14:21:00,03/03/202602:21,142.67000000000002,0.65,92.73550000000002,54.31999999999999,1.27,68.98639999999999,68.7,0.7,13.0,198.7,23358.0,44181.0,23.2,25.38,52.2,29.77,12.626000000000001,218.6,341.6,5.0200000000000005,0.7439049770584079
2026-03-03T14:21:12,03/03/202602:21,143.03,0.63,90.1089,54.31999999999999,1.25,67.89999999999999,67.6,0.7,13.0,198.7,23358.0,44181.0,23.2,25.389999999999997,52.1,29.77,12.588000000000001,218.8,337.3,5.01,0.7535326699138486
2026-03-03T14:22:01,03/03/202602:22,143.38,0.6199999999999999,88.89559999999999,54.31999999999999,1.26,68.44319999999999,68.2,0.7,13.0,198.7,23358.0,44181.0,23.2,25.4,52.0,29.77,12.55,219.0,333.0,5.0,0.7699278704457814
2026-03-03T14:22:13,03/03/202602:22,143.78,0.6199999999999999,89.14359999999998,54.31,1.25,67.8875,67.6,0.7,13.0,198.7,23358.0,44181.0,23.2,25.4,52.0,29.77,12.55,219.0,333.0,5.0,0.7615521473218495
2026-03-03T14:23:01,03/03/202602:23,144.18,0.6199999999999999,89.39159999999998,54.3,1.24,67.332,67.0,0.7,13.0,198.7,23358.0,44181.0,23.2,25.4,52.0,29.77,12.55,219.0,333.0,5.0,0.7532251352476073
2026-03-03T14:23:12,03/03/202602:23,144.29000000000002,0.6199999999999999,89.4598,54.3,1.27,68.961,68.7,0.7,13.0,198.7,23358.0,44181.0,23.2,25.4,52.0,29.77,12.55,219.0,333.0,5.0,0.7708602076016267
2026-03-03T14:24:00,03/03/202602:24,144.4,0.6199999999999999,89.52799999999999,54.3,1.3,70.59,70.4,0.7,13.0,198.7,23358.0,44181.0,23.2,25.4,52.0,29.77,12.55,219.0,333.0,5.0,0.7884684121168798
2026-03-03T14:24:12,03/03/202602:24,144.31,0.6199999999999999,89.47219999999999,54.3,1.31,71.133,70.9,0.7,13.0,198.7,23358.0,44181.0,23.2,25.4,52.0,29.77,12.55,219.0,333.0,5.0,0.795029070482228
2026-03-03T14:25:00,03/03/202602:25,144.22,0.6199999999999999,89.41639999999998,54.3,1.3199999999999998,71.67599999999999,71.4,0.7,13.0,198.7,23358.0,44181.0,23.2,25.4,52.0,29.77,12.55,219.0,333.0,5.0,0.8015979171606104
2026-03-03T14:25:12,03/03/202602:25,143.8,0.6199999999999999,89.15599999999999,54.3,1.3,70.59,70.3,0.7,13.0,198.7,23358.0,44181.0,23.2,25.4,52.0,29.77,12.55,219.0,333.0,5.0,0.7917582664094397
2026-03-03T14:26:00,03/03/202602:26,143.38,0.6199999999999999,88.89559999999999,54.3,1.28,69.504,69.2,0.7,13.0,198.7,23358.0,44181.0,23.2,25.4,52.0,29.77,12.55,219.0,333.0,5.0,0.7818609694968032
2026-03-03T14:26:13,03/03/202602:26,143.15,0.63,90.1845,54.3,1.29,70.047,69.7,0.7,13.0,198.7,23358.0,44181.0,23.2,25.4,52.0,29.77,12.55,219.0,333.0,5.0,0.7767077491143156
2026-03-03T14:27:00,03/03/202602:27,142.92000000000002,0.6399999999999999,91.4688,54.3,1.3,70.59,70.2,0.7,13.0,198.7,23358.0,44181.0,23.2,25.4,52.0,29.77,12.55,219.0,333.0,5.0,0.7717385600335852
2026-03-03T14:28:30,03/03/202602:28,143.01,0.63,90.0963,54.3,1.31,71.133,70.8,0.7,13.0,198.7,23358.0,44181.0,23.2,25.4,52.0,29.77,12.55,219.0,333.0,5.0,0.7895218782569317
2026-03-03T14:29:00,03/03/202602:29,143.1,0.6199999999999999,88.72199999999998,54.3,1.3199999999999998,71.67599999999999,71.4,0.7,13.0,198.7,23358.0,44181.0,23.2,25.4,52.0,29.77,12.55,219.0,333.0,5.0,0.8078717792655712
2026-03-03T14:29:12,03/03/202602:29,143.1,0.61,87.291,54.3,1.31,71.133,70.8,0.7,13.0,198.7,23358.0,44181.0,23.3,25.4,52.0,29.77,12.55,219.0,333.0,5.0,0.8148950063580438
2026-03-03T14:29:34,03/03/202602:29,142.95999999999998,0.6,85.77599999999998,54.3,1.29,70.047,69.7,0.7,13.0,198.7,23358.0,44181.0,23.2,25.4,52.0,29.77,12.55,219.0,333.0,5.0,0.8166270285394517
2026-03-03T14:30:01,03/03/202602:30,142.94,0.6,85.764,54.3,1.28,69.504,69.2,0.7,13.0,198.7,23358.0,44181.0,23.2,25.4,52.0,29.77,12.55,219.0,333.0,5.0,0.8104099622219114
2026-03-03T14:30:35,03/03/202602:30,143.29000000000002,0.6,85.974,54.3,1.28,69.504,69.2,0.7,13.0,198.7,23358.0,44181.0,23.2,25.4,52.0,29.77,12.55,219.0,333.0,5.0,0.8084304557191709
2026-03-03T14:31:00,03/03/202602:31,143.67000000000002,0.6,86.20200000000001,54.3,1.29,70.047,69.7,0.7,13.0,198.7,23358.0,44181.0,23.2,25.4,52.0,29.77,12.55,219.0,333.0,5.0,0.8125913551889746
2026-03-03T14:31:34,03/03/202602:31,143.63,0.6,86.178,54.3,1.28,69.504,69.1,0.7,13.0,198.7,23358.0,44181.0,23.2,25.52,51.9,29.77,12.532,218.6,355.8,4.970000000000001,0.8065167444127272
2026-03-03T14:32:00,03/03/202602:32,143.60999999999999,0.6,86.16599999999998,54.3,1.26,68.41799999999999,68.0,0.7,13.0,198.7,23358.0,44181.0,23.2,25.639999999999997,51.8,29.77,12.514,218.2,378.6,4.9399999999999995,0.7940254856904116
2026-03-03T14:32:34,03/03/202602:32,143.38,0.61,87.4618,54.3,1.27,68.961,68.6,0.7,13.0,198.7,23358.0,44181.0,23.2,25.76,51.7,29.77,12.496,217.8,401.4,4.91,0.7884699377328159
2026-03-03T14:33:01,03/03/202602:33,142.69,0.6199999999999999,88.46779999999998,54.3,1.27,68.961,68.6,0.7,13.0,198.7,23358.0,44181.0,23.2,25.880000000000003,51.6,29.77,12.478,217.4,424.2,4.88,0.7795039551113514
2026-03-03T14:33:34,03/03/202602:33,141.82,0.6199999999999999,87.92839999999998,54.3,1.26,68.41799999999999,68.0,0.7,13.0,198.7,23358.0,44181.0,23.2,26.0,51.5,29.773000000000003,12.459999999999999,217.0,447.0,4.85,0.7781103716205459
2026-03-03T14:34:00,03/03/202602:34,141.24,0.6199999999999999,87.5688,54.3,1.26,68.41799999999999,68.0,0.7,13.0,198.7,23358.0,44181.0,23.2,26.119999999999997,51.4,29.776,12.442,216.6,469.8,4.82,0.7813056705127853
2026-03-03T14:34:34,03/03/202602:34,140.75,0.63,88.6725,54.3,1.29,70.047,69.6,0.7,13.0,198.7,23358.0,44181.0,23.2,26.24,51.3,29.779000000000003,12.424,216.2,492.6,4.79,0.7899517888860695
2026-03-03T14:35:01,03/03/202602:35,140.26,0.6399999999999999,89.76639999999998,54.3,1.3199999999999998,71.67599999999999,71.2,0.7,13.0,198.7,23358.0,44181.0,23.2,26.360000000000003,51.2,29.782,12.406,215.8,515.4,4.76,0.7984724796805932
2026-03-03T14:35:34,03/03/202602:35,139.5,0.6399999999999999,89.27999999999999,54.3,1.31,71.133,70.7,0.7,13.0,198.7,23358.0,44181.0,23.2,26.48,51.1,29.785000000000004,12.388,215.4,538.2,4.73,0.7967405913978496
2026-03-03T14:36:00,03/03/202602:36,138.74,0.6399999999999999,88.7936,54.3,1.3,70.59,70.2,0.7,13.0,198.7,23358.0,44181.0,23.2,26.6,51.0,29.788,12.37,215.0,561.0,4.7,0.7949897289894767
2026-03-03T14:36:34,03/03/202602:36,138.55,0.63,87.2865,54.3,1.28,69.504,69.1,0.7,13.0,198.7,23358.0,44181.0,23.2,26.6,51.0,29.791000000000004,12.37,215.0,561.0,4.7,0.7962743379560413
2026-03-03T14:37:00,03/03/202602:37,138.35999999999999,0.6199999999999999,85.78319999999998,54.3,1.26,68.41799999999999,68.0,0.7,13.0,198.7,23358.0,44181.0,23.2,26.6,51.0,29.794,12.37,215.0,561.0,4.7,0.7975687547212043
2026-03-03T14:37:35,03/03/202602:37,138.55,0.6,83.13000000000001,54.31,1.22,66.2582,65.8,0.7,13.0,198.7,23358.0,44181.0,23.2,26.6,51.0,29.797000000000004,12.37,215.0,561.0,4.7,0.7970431853723083
2026-03-03T14:38:00,03/03/202602:38,138.74,0.58,80.4692,54.31999999999999,1.1800000000000002,64.0976,63.6,0.7,13.0,198.7,23358.0,44181.0,23.2,26.6,51.0,29.8,12.37,215.0,561.0,4.7,0.7965482445457392
2026-03-03T14:39:42,03/03/202602:39,139.82999999999998,0.58,81.10139999999998,54.31999999999999,1.19,64.64079999999998,64.2,0.7,13.0,198.7,23358.0,44181.0,23.2,26.6,51.0,29.8,12.37,215.0,561.0,4.7,0.7970367959122777
2026-03-03T14:40:01,03/03/202602:40,140.92000000000002,0.58,81.73360000000001,54.31999999999999,1.2,65.18399999999998,64.8,0.7,13.0,198.7,23358.0,44181.0,23.2,26.6,51.0,29.8,12.37,215.0,561.0,4.7,0.7975177895015021
2026-03-03T14:40:34,03/03/202602:40,141.6,0.58,82.12799999999999,54.31999999999999,1.1800000000000002,64.0976,63.7,0.7,13.0,198.7,23358.0,44181.0,23.2,26.6,51.0,29.8,12.37,215.0,561.0,4.7,0.7804597701149426
2026-03-03T14:41:01,03/03/202602:41,142.28,0.58,82.52239999999999,54.31999999999999,1.16,63.01119999999999,62.6,0.7,13.0,198.7,23358.0,44181.0,23.2,26.6,51.0,29.8,12.37,215.0,561.0,4.7,0.763564801799269
2026-03-03T14:41:34,03/03/202602:41,142.69,0.58,82.7602,54.31999999999999,1.15,62.46799999999999,62.0,0.7,13.0,198.7,23358.0,44181.0,23.2,26.6,51.0,29.8,12.37,215.0,561.0,4.7,0.7548072624280753
2026-03-03T14:42:01,03/03/202602:42,143.1,0.58,82.99799999999999,54.31999999999999,1.1400000000000001,61.9248,61.4,0.7,13.0,198.7,23358.0,44181.0,23.2,26.6,51.0,29.8,12.37,215.0,561.0,4.7,0.746099906021832
2026-03-03T14:42:34,03/03/202602:42,143.29000000000002,0.59,84.54110000000001,54.31999999999999,1.16,63.01119999999999,62.5,0.7,13.0,198.7,23358.0,44181.0,23.2,26.6,51.0,29.8,12.37,215.0,561.0,4.7,0.7453321520538528
2026-03-03T14:43:00,03/03/202602:43,143.48,0.6,86.088,54.31999999999999,1.1800000000000002,64.0976,63.6,0.7,13.0,198.7,23358.0,44181.0,23.2,26.6,51.0,29.8,12.37,215.0,561.0,4.7,0.7445590558498282
2026-03-03T14:43:35,03/03/202602:43,143.43,0.61,87.4923,54.31,1.21,65.7151,65.2,0.7,13.0,198.7,23358.0,44181.0,23.2,26.6,51.0,29.8,12.37,215.0,561.0,4.7,0.7510958107170574
2026-03-03T14:44:01,03/03/202602:44,143.38,0.6199999999999999,88.89559999999999,54.3,1.24,67.332,66.8,0.7,13.0,198.7,23358.0,44181.0,23.2,26.6,51.0,29.8,12.37,215.0,561.0,4.7,0.7574278142000279
2026-03-03T14:44:34,03/03/202602:44,142.57,0.6199999999999999,88.39339999999999,54.3,1.2200000000000002,66.24600000000001,65.7,0.7,13.0,198.7,23358.0,44181.0,23.2,26.6,51.0,29.8,12.37,215.0,561.0,4.7,0.7494450943169968
2026-03-03T14:45:00,03/03/202602:45,141.76,0.6199999999999999,87.89119999999998,54.3,1.2,65.16,64.6,0.7,13.0,198.7,23358.0,44181.0,23.2,26.6,51.0,29.8,12.37,215.0,561.0,4.7,0.741371149785189
2026-03-03T14:46:03,03/03/202602:46,141.37,0.61,86.2357,54.31,1.1700000000000002,63.54270000000001,63.0,0.7,13.0,198.7,23358.0,44181.0,23.2,26.57,51.0,29.8,12.319999999999999,215.1,535.3,4.680000000000001,0.7368491239706991
2026-03-03T14:47:00,03/03/202602:47,140.98,0.6,84.588,54.31999999999999,1.1400000000000001,61.9248,61.4,0.7,13.0,198.7,23358.0,44181.0,23.2,26.540000000000003,51.0,29.8,12.27,215.2,509.6,4.66,0.7320754716981133
2026-03-03T14:47:03,03/03/202602:47,140.77,0.6,84.462,54.31999999999999,1.15,62.46799999999999,62.0,0.7,13.0,198.7,23358.0,44181.0,23.2,26.51,51.0,29.8,12.219999999999999,215.3,483.9,4.64,0.7395988728659041
2026-03-03T14:48:01,03/03/202602:48,140.56,0.6,84.336,54.31999999999999,1.16,63.01119999999999,62.6,0.7,13.0,198.7,23358.0,44181.0,23.2,26.48,51.0,29.8,12.169999999999998,215.4,458.2,4.62,0.747144754316069
2026-03-03T14:48:03,03/03/202602:48,140.4,0.6,84.24,54.31999999999999,1.17,63.55439999999999,63.2,0.7,13.0,198.7,23358.0,44181.0,23.2,26.45,51.0,29.8,12.12,215.5,432.5,4.6,0.7544444444444444
2026-03-03T14:49:00,03/03/202602:49,140.24,0.6,84.144,54.31999999999999,1.1800000000000002,64.0976,63.8,0.7,13.0,198.7,23358.0,44181.0,23.2,26.419999999999998,51.0,29.8,12.069999999999999,215.6,406.8,4.58,0.7617607910249097
2026-03-03T14:49:03,03/03/202602:49,140.05,0.6,84.03,54.31999999999999,1.19,64.64079999999998,64.4,0.7,13.0,198.7,23358.0,44181.0,23.2,26.390000000000004,51.0,29.8,12.02,215.7,381.1,4.5600000000000005,0.769258598119719
2026-03-03T14:50:53,03/03/202602:50,139.9,0.61,85.339,54.31999999999999,1.19,64.64079999999998,64.4,0.7,13.0,198.7,23358.0,44181.0,23.2,26.360000000000003,51.0,29.8,11.969999999999999,215.8,355.4,4.54,0.7574590749833017
2026-03-03T14:51:01,03/03/202602:51,139.79000000000002,0.6199999999999999,86.6698,54.31999999999999,1.2,65.18399999999998,64.9,0.7,13.0,198.7,23358.0,44181.0,23.2,26.330000000000002,51.0,29.8,11.919999999999998,215.9,329.7,4.5200000000000005,0.7520958857641299
2026-03-03T14:51:04,03/03/202602:51,139.95,0.6199999999999999,86.76899999999998,54.31999999999999,1.1800000000000002,64.0976,63.8,0.7,13.0,198.7,23358.0,44181.0,23.2,26.3,51.0,29.8,11.87,216.0,304.0,4.5,0.7387154398460282
2026-03-03T14:52:00,03/03/202602:52,140.15,0.6199999999999999,86.89299999999999,54.31,1.1800000000000002,64.0858,63.8,0.7,13.0,198.7,23358.0,44181.0,23.2,26.3,51.0,29.8,11.87,216.0,304.0,4.5,0.7375254623502471
2026-03-03T14:52:03,03/03/202602:52,140.75,0.6199999999999999,87.26499999999999,54.3,1.22,66.246,66.0,0.7,13.0,198.7,23358.0,44181.0,23.2,26.3,51.0,29.8,11.87,216.0,304.0,4.5,0.7591359651635823
2026-03-03T14:53:01,03/03/202602:53,141.34,0.6199999999999999,87.63079999999998,54.3,1.24,67.332,67.1,0.7,13.0,198.7,23358.0,44181.0,23.2,26.3,51.0,29.8,11.87,216.0,304.0,4.5,0.768359983019669
2026-03-03T14:53:03,03/03/202602:53,141.77,0.6199999999999999,87.89739999999999,54.31,1.26,68.4306,68.2,0.7,13.0,198.7,23358.0,44181.0,23.2,26.3,51.0,29.8,11.87,216.0,304.0,4.5,0.7785281475902587
2026-03-03T14:54:01,03/03/202602:54,142.22,0.6199999999999999,88.17639999999999,54.31999999999999,1.2799999999999998,69.52959999999997,69.3,0.7,13.0,198.7,23358.0,44181.0,23.2,26.3,51.0,29.8,11.87,216.0,304.0,4.5,0.7885284497892858
2026-03-03T14:54:03,03/03/202602:54,142.35,0.6199999999999999,88.25699999999998,54.31999999999999,1.2799999999999998,69.52959999999997,69.3,0.7,13.0,198.7,23358.0,44181.0,23.2,26.3,51.0,29.8,11.87,216.0,304.0,4.5,0.7878083324835423
2026-03-03T14:55:00,03/03/202602:55,142.57999999999998,0.6199999999999999,88.39959999999998,54.31999999999999,1.26,68.44319999999999,68.2,0.7,13.0,198.7,23358.0,44181.0,23.2,26.3,51.0,29.8,11.87,216.0,304.0,4.5,0.7742478472753271
2026-03-03T14:55:03,03/03/202602:55,142.62,0.6199999999999999,88.42439999999999,54.31999999999999,1.26,68.44319999999999,68.2,0.7,14.0,198.7,23358.0,44181.0,23.2,26.3,51.0,29.8,11.87,216.0,304.0,4.5,0.7740306974093123
2026-03-03T14:56:01,03/03/202602:56,142.66,0.6199999999999999,88.44919999999998,54.31999999999999,1.26,68.44319999999999,68.2,0.7,14.0,198.7,23358.0,44181.0,23.2,26.3,51.0,29.8,11.87,216.0,304.0,4.5,0.7738136693152681
2026-03-03T14:56:04,03/03/202602:56,142.29000000000002,0.6199999999999999,88.21979999999999,54.31999999999999,1.29,70.07279999999999,69.8,0.7,14.0,198.7,23358.0,44181.0,23.2,26.3,51.0,29.8,11.87,216.0,304.0,4.5,0.7942978787075009
2026-03-03T14:57:00,03/03/202602:57,141.92000000000002,0.6199999999999999,87.9904,54.31999999999999,1.3199999999999998,71.70239999999998,71.4,0.7,14.0,198.7,23358.0,44181.0,23.2,26.3,51.0,29.8,11.87,216.0,304.0,4.5,0.8148888969705784
2026-03-03T14:57:03,03/03/202602:57,141.07999999999998,0.6199999999999999,87.46959999999997,54.31999999999999,1.3199999999999998,71.70239999999998,71.4,0.7,14.0,198.7,23358.0,44181.0,23.2,26.3,51.0,29.8,11.87,216.0,304.0,4.5,0.8197408013755637
2026-03-03T14:57:29,03/03/202602:57,140.24,0.6199999999999999,86.94879999999999,54.31999999999999,1.31,71.1592,70.8,0.7,14.0,198.7,23358.0,44181.0,23.2,26.3,51.0,29.8,11.87,216.0,304.0,4.5,0.8184034742285116
2026-03-03T14:58:01,03/03/202602:58,139.56,0.6199999999999999,86.52719999999998,54.31,1.3,70.60300000000001,70.2,0.7,14.0,198.7,23358.0,44181.0,23.2,26.3,51.0,29.8,11.87,216.0,304.0,4.5,0.8159630728834404
2026-03-03T14:58:29,03/03/202602:58,138.89,0.63,87.5007,54.3,1.29,70.047,69.6,0.7,14.0,198.7,23358.0,44181.0,23.2,26.3,51.0,29.8,11.87,216.0,304.0,4.5,0.800530738611234
2026-03-03T14:59:01,03/03/202602:59,138.54,0.6399999999999999,88.66559999999998,54.3,1.3,70.59,70.1,0.7,14.0,198.7,23358.0,44181.0,23.2,26.3,51.0,29.8,11.87,216.0,304.0,4.5,0.7961373971416199
2026-03-03T14:59:29,03/03/202602:59,138.25,0.65,89.8625,54.3,1.3,70.59,70.1,0.7,14.0,198.7,23358.0,44181.0,23.2,26.3,51.0,29.8,11.87,216.0,304.0,4.5,0.7855334538878843
2026-03-03T15:00:01,03/03/202603:00,138.10999999999999,0.65,89.77149999999999,54.3,1.29,70.047,69.6,0.7,14.0,198.7,23358.0,44181.0,23.2,26.3,51.0,29.8,11.87,216.0,304.0,4.5,0.7802810468801347
2026-03-03T15:00:29,03/03/202603:00,138.03,0.6399999999999999,88.33919999999999,54.3,1.29,70.047,69.6,0.7,14.0,198.7,23358.0,44181.0,23.2,26.3,51.0,29.8,11.87,216.0,304.0,4.5,0.7929322429906542
2026-03-03T15:02:05,03/03/202603:02,138.14000000000001,0.6399999999999999,88.4096,54.3,1.28,69.504,69.1,0.7,14.0,198.7,23358.0,44181.0,23.2,26.3,50.9,29.8,11.825999999999999,216.3,299.2,4.49,0.7861589691617201
2026-03-03T15:02:29,03/03/202603:02,138.24,0.6399999999999999,88.47359999999999,54.3,1.29,70.047,69.7,0.7,14.0,198.7,23358.0,44181.0,23.2,26.3,50.8,29.8,11.782,216.6,294.4,4.4799999999999995,0.7917277018229167
2026-03-03T15:03:00,03/03/202603:03,138.41,0.6399999999999999,88.58239999999998,54.3,1.29,70.047,69.7,0.7,14.0,198.7,23358.0,44181.0,23.2,26.3,50.7,29.8,11.738,216.9,289.6,4.470000000000001,0.7907552741853914
2026-03-03T15:04:23,03/03/202603:04,138.56,0.65,90.06400000000001,54.3,1.29,70.047,69.2,0.7,14.0,198.7,23358.0,44181.0,23.2,26.3,50.6,29.8,11.693999999999999,217.2,284.8,4.46,0.7777469355125244
2026-03-03T15:05:00,03/03/202603:05,138.70999999999998,0.6599999999999999,91.54859999999998,54.3,1.29,70.047,68.7,0.7,14.0,198.7,23358.0,44181.0,23.2,26.3,50.5,29.8,11.65,217.5,280.0,4.45,0.7651345842536097
2026-03-03T15:05:23,03/03/202603:05,138.92000000000002,0.65,90.29800000000002,54.3,1.27,68.961,67.6,0.7,14.0,198.7,23358.0,44181.0,23.2,26.3,50.4,29.8,11.606,217.8,275.2,4.44,0.7637046224722583
2026-03-03T15:06:01,03/03/202603:06,139.13000000000002,0.6399999999999999,89.0432,54.3,1.25,67.875,66.5,0.7,14.0,198.7,23358.0,44181.0,23.2,26.3,50.3,29.8,11.562,218.1,270.4,4.430000000000001,0.7622704485014016
2026-03-03T15:06:23,03/03/202603:06,139.42000000000002,0.63,87.83460000000001,54.3,1.25,67.875,66.5,0.7,14.0,198.7,23358.0,44181.0,23.2,26.3,50.2,29.8,11.517999999999999,218.4,265.6,4.42,0.772759254325744
2026-03-03T15:07:00,03/03/202603:07,139.70999999999998,0.6199999999999999,86.62019999999997,54.3,1.25,67.875,66.5,0.7,14.0,198.7,23358.0,44181.0,23.2,26.3,50.1,29.8,11.474,218.7,260.8,4.41,0.7835932034329178
2026-03-03T15:07:22,03/03/202603:07,139.9,0.6199999999999999,86.73799999999999,54.3,1.26,68.41799999999999,67.1,0.7,14.0,198.7,23358.0,44181.0,23.2,26.3,50.0,29.8,11.43,219.0,256.0,4.4,0.788789227328276
2026-03-03T15:08:01,03/03/202603:08,140.04000000000002,0.6199999999999999,86.8248,54.3,1.28,69.504,68.2,0.7,14.0,198.7,23358.0,44181.0,23.2,26.3,50.0,29.8,11.43,219.0,256.0,4.4,0.8005086104430993
2026-03-03T15:08:23,03/03/202603:08,140.34,0.6199999999999999,87.01079999999999,54.3,1.25,67.875,66.5,0.7,14.0,198.7,23358.0,44181.0,23.2,26.3,50.0,29.8,11.43,219.0,256.0,4.4,0.780075576824946
2026-03-03T15:09:00,03/03/202603:09,140.64000000000001,0.6199999999999999,87.1968,54.3,1.22,66.246,64.8,0.7,14.0,198.7,23358.0,44181.0,23.2,26.3,50.0,29.8,11.43,219.0,256.0,4.4,0.7597297148519212
2026-03-03T15:09:22,03/03/202603:09,140.9,0.61,85.949,54.3,1.21,65.70299999999999,64.8,0.7,14.0,198.7,23358.0,44181.0,23.2,26.3,50.0,29.8,11.43,219.0,256.0,4.4,0.7644417038010912
2026-03-03T15:10:01,03/03/202603:10,141.16,0.6,84.696,54.3,1.2,65.16,64.8,0.7,14.0,198.7,23358.0,44181.0,23.2,26.3,50.0,29.8,11.43,219.0,256.0,4.4,0.7693397563049023
2026-03-03T15:10:23,03/03/202603:10,141.35,0.61,86.2235,54.3,1.23,66.789,66.5,0.7,14.0,198.7,23358.0,44181.0,23.2,26.3,50.0,29.8,11.43,219.0,256.0,4.4,0.7746032114214803
2026-03-03T15:11:00,03/03/202603:11,141.54000000000002,0.6199999999999999,87.7548,54.3,1.26,68.41799999999999,68.2,0.7,14.0,198.7,23358.0,44181.0,23.2,26.3,50.0,29.8,11.43,219.0,256.0,4.4,0.779649660189528
2026-03-03T15:11:22,03/03/202603:11,141.66,0.6199999999999999,87.82919999999999,54.3,1.27,68.961,68.7,0.7,14.0,198.7,23358.0,44181.0,23.2,26.3,50.0,29.8,11.43,219.0,256.0,4.4,0.7851716741129375
2026-03-03T15:13:14,03/03/202603:13,141.73,0.61,86.4553,54.3,1.28,69.504,69.2,0.7,14.0,198.7,23358.0,44181.0,23.2,26.3,50.0,29.8,11.43,219.0,256.0,4.4,0.8039298920945276
2026-03-03T15:13:23,03/03/202603:13,141.8,0.61,86.498,54.3,1.26,68.41799999999999,68.1,0.7,14.0,198.7,23358.0,44181.0,23.2,26.3,50.0,29.8,11.43,219.0,256.0,4.4,0.7909778260769034
2026-03-03T15:14:00,03/03/202603:14,141.87,0.61,86.5407,54.3,1.24,67.332,67.0,0.7,14.0,198.7,23358.0,44181.0,23.2,26.3,50.0,29.8,11.43,219.0,256.0,4.4,0.7780385414030623
2026-03-03T15:14:23,03/03/202603:14,141.73,0.61,86.4553,54.3,1.24,67.332,67.0,0.7,14.0,198.7,23358.0,44181.0,23.2,26.3,50.0,29.8,11.43,219.0,256.0,4.4,0.7788070829665734
2026-03-03T15:14:40,03/03/202603:14,141.57999999999998,0.6,84.948,54.3,1.23,66.789,66.5,0.7,14.0,198.7,23358.0,44181.0,23.2,26.3,50.0,29.8,11.43,219.0,256.0,4.4,0.7862339313462354
2026-03-03T15:15:00,03/03/202603:15,141.49,0.59,83.4791,54.3,1.21,65.70299999999999,65.4,0.7,14.0,198.7,23358.0,44181.0,23.2,26.3,50.0,29.8,11.43,219.0,256.0,4.4,0.78705927591457
2026-03-03T15:15:41,03/03/202603:15,141.32,0.59,83.3788,54.3,1.21,65.70299999999999,65.4,0.7,14.0,198.7,23358.0,44181.0,23.2,26.32,49.9,29.8,11.424,219.4,260.3,4.36,0.7880060638915407
2026-03-03T15:16:00,03/03/202603:16,141.15,0.58,81.867,54.3,1.19,64.61699999999999,64.3,0.7,14.0,198.7,23358.0,44181.0,23.2,26.339999999999996,49.8,29.8,11.418,219.8,264.6,4.32,0.7892923888746379
2026-03-03T15:16:40,03/03/202603:16,140.91000000000003,0.5700000000000001,80.31870000000002,54.29,1.1800000000000002,64.0622,63.7,0.7,14.0,198.7,23358.0,44181.0,23.2,26.360000000000003,49.7,29.8,11.411999999999999,220.2,268.9,4.28,0.7976000607579553
2026-03-03T15:17:00,03/03/202603:17,140.6,0.5700000000000001,80.14200000000001,54.279999999999994,1.1800000000000002,64.0504,63.7,0.7,14.0,198.7,23358.0,44181.0,23.2,26.380000000000003,49.6,29.8,11.406,220.6,273.2,4.24,0.7992113997654162
2026-03-03T15:17:41,03/03/202603:17,140.29000000000002,0.58,81.3682,54.279999999999994,1.17,63.50759999999999,62.6,0.7,14.0,198.7,23358.0,44181.0,23.2,26.4,49.5,29.8,11.4,221.0,277.5,4.2,0.7804965576232482
2026-03-03T15:18:00,03/03/202603:18,140.02,0.58,81.2116,54.279999999999994,1.17,63.50759999999999,62.0,0.7,14.0,198.7,23358.0,44181.0,23.2,26.419999999999998,49.4,29.8,11.394,221.4,281.8,4.16,0.7820015859803278
2026-03-03T15:18:24,03/03/202603:18,139.69,0.6,83.814,54.279999999999994,1.19,64.5932,63.1,0.7,14.0,198.7,23358.0,44181.0,23.2,26.439999999999998,49.3,29.8,11.388,221.8,286.1,4.12,0.7706731572291026
2026-03-03T15:19:00,03/03/202603:19,139.42000000000002,0.62,86.44040000000001,54.279999999999994,1.22,66.2216,64.8,0.7,14.0,198.7,23358.0,44181.0,23.2,26.46,49.2,29.8,11.382,222.2,290.4,4.08,0.7660954831305731
2026-03-03T15:19:24,03/03/202603:19,139.18,0.63,87.6834,54.279999999999994,1.23,66.7644,65.3,0.7,14.0,198.7,23358.0,44181.0,23.2,26.48,49.1,29.8,11.376,222.6,294.7,4.04,0.7614257658804288
2026-03-03T15:20:00,03/03/202603:20,138.94,0.64,88.9216,54.279999999999994,1.24,67.3072,65.8,0.7,14.0,198.7,23358.0,44181.0,23.2,26.5,49.0,29.8,11.37,223.0,299.0,4.0,0.756927450698143
2026-03-03T15:21:01,03/03/202603:21,138.78,0.64,88.81920000000001,54.279999999999994,1.23,66.7644,65.2,0.7,14.0,198.7,23358.0,44181.0,23.2,26.5,49.0,29.8,11.37,223.0,299.0,4.0,0.7516888240380457
2026-03-03T15:21:25,03/03/202603:21,138.55,0.65,90.0575,54.279999999999994,1.27,68.9356,67.3,0.7,14.0,198.7,23358.0,44181.0,23.2,26.5,49.0,29.8,11.37,223.0,299.0,4.0,0.7654620659023401
2026-03-03T15:22:00,03/03/202603:22,138.39000000000001,0.6599999999999999,91.3374,54.29,1.3,70.577,68.9,0.7,14.0,198.7,23358.0,44181.0,23.2,26.5,49.0,29.8,11.37,223.0,299.0,4.0,0.7727064707337848
2026-03-03T15:22:24,03/03/202603:22,138.23,0.67,92.6141,54.3,1.31,71.133,69.5,0.7,14.0,198.7,23358.0,44181.0,23.2,26.5,49.0,29.8,11.37,223.0,299.0,4.0,0.7680579954888078
2026-03-03T15:22:28,03/03/202603:22,138.13,0.6799999999999999,93.92839999999998,54.3,1.3199999999999998,71.67599999999999,70.6,0.7,14.0,198.7,23358.0,44181.0,23.2,26.5,49.0,29.8,11.37,223.0,299.0,4.0,0.763091887011809
2026-03-03T15:23:00,03/03/202603:23,138.03,0.69,95.24069999999999,54.3,1.33,72.219,71.7,0.7,14.0,198.7,23358.0,44181.0,23.2,26.5,49.0,29.8,11.37,223.0,299.0,4.0,0.7582787610758845
2026-03-03T15:24:26,03/03/202603:24,137.9,0.69,95.151,54.3,1.35,73.305,72.7,0.7,14.0,198.7,23358.0,44181.0,23.2,26.5,49.0,29.8,11.37,223.0,299.0,4.0,0.770407037235552
2026-03-03T15:25:00,03/03/202603:25,137.77,0.69,95.0613,54.3,1.37,74.391,73.7,0.7,14.0,198.7,23358.0,44181.0,23.2,26.5,49.0,29.8,11.37,223.0,299.0,4.0,0.7825582019181307
2026-03-03T15:25:25,03/03/202603:25,137.7,0.69,95.01299999999999,54.3,1.3800000000000001,74.934,74.3,0.7,14.0,198.7,23358.0,44181.0,23.2,26.5,49.0,29.8,11.37,223.0,299.0,4.0,0.7886710239651417
2026-03-03T15:26:00,03/03/202603:26,137.63,0.69,94.9647,54.3,1.3900000000000001,75.477,74.9,0.7,14.0,198.7,23358.0,44181.0,23.2,26.5,49.0,29.8,11.37,223.0,299.0,4.0,0.7947900640975016
2026-03-03T15:26:24,03/03/202603:26,137.55,0.69,94.9095,54.31,1.41,76.5771,76.0,0.7,14.0,198.7,23358.0,44181.0,23.2,26.5,49.0,29.8,11.37,223.0,299.0,4.0,0.8068433613073508
2026-03-03T15:27:01,03/03/202603:27,137.54000000000002,0.6799999999999999,93.52720000000001,54.31999999999999,1.3800000000000001,74.96159999999999,74.4,0.7,14.0,198.7,23358.0,44181.0,23.2,26.5,49.0,29.8,11.37,223.0,299.0,4.0,0.8014951800118039
2026-03-03T15:27:25,03/03/202603:27,137.55,0.67,92.15850000000002,54.31999999999999,1.3199999999999998,71.70239999999998,71.2,0.7,14.0,198.7,23358.0,44181.0,23.2,26.5,49.0,29.8,11.37,223.0,299.0,4.0,0.7780334966389424
2026-03-03T15:28:00,03/03/202603:28,137.56,0.6599999999999999,90.7896,54.31999999999999,1.28,69.52959999999999,69.0,0.7,14.0,198.7,23358.0,44181.0,23.2,26.5,49.0,29.8,11.37,223.0,299.0,4.0,0.7658322098566355
2026-03-03T15:28:25,03/03/202603:28,137.53,0.6599999999999999,90.76979999999999,54.31999999999999,1.27,68.98639999999999,68.5,0.7,14.0,198.7,23358.0,44181.0,23.2,26.5,49.0,29.8,11.37,223.0,299.0,4.0,0.760014894821846
2026-03-03T15:29:00,03/03/202603:29,137.5,0.6599999999999999,90.74999999999999,54.31999999999999,1.26,68.44319999999999,68.0,0.7,14.0,198.7,23358.0,44181.0,23.2,26.5,49.0,29.8,11.37,223.0,299.0,4.0,0.7541950413223141
2026-03-03T15:29:25,03/03/202603:29,137.55,0.63,86.65650000000001,54.31999999999999,1.2,65.18399999999998,64.8,0.7,14.0,198.7,23358.0,44181.0,23.3,26.47,49.0,29.8,11.37,223.0,294.1,4.0,0.752211317096813
2026-03-03T15:29:33,03/03/202603:29,137.57,0.61,83.9177,54.31999999999999,1.16,63.01119999999999,62.7,0.7,14.0,198.7,23358.0,44181.0,23.2,26.439999999999998,49.0,29.8,11.488,223.6,289.2,4.0,0.7508690061810559
2026-03-03T15:30:00,03/03/202603:30,137.51,0.61,83.88109999999999,54.31999999999999,1.16,63.01119999999999,62.7,0.7,14.0,198.7,23358.0,44181.0,23.2,26.410000000000004,49.0,29.8,11.606,224.2,284.3,4.0,0.7511966342835275
2026-03-03T15:30:33,03/03/202603:30,137.37,0.61,83.7957,54.31999999999999,1.1800000000000002,64.0976,63.8,0.7,14.0,198.7,23358.0,44181.0,23.2,26.380000000000003,48.9,29.8,11.668,225.2,284.4,3.96,0.7649270785971118
2026-03-03T15:31:00,03/03/202603:31,137.24,0.61,83.71640000000001,54.31,1.19,64.6289,64.4,0.7,14.0,198.7,23358.0,44181.0,23.2,26.35,48.8,29.8,11.73,226.2,284.5,3.9200000000000004,0.7719980792293982
2026-03-03T15:31:32,03/03/202603:31,137.11,0.61,83.6371,54.3,1.18,64.074,63.9,0.7,14.0,198.7,23358.0,44181.0,23.2,26.32,48.7,29.8,11.792,227.2,284.6,3.88,0.766095428942419
2026-03-03T15:32:00,03/03/202603:32,136.96,0.61,83.54560000000001,54.3,1.2,65.16,65.0,0.7,14.0,198.7,23358.0,44181.0,23.2,26.29,48.6,29.8,11.854,228.2,284.7,3.84,0.7799333537612991
2026-03-03T15:32:32,03/03/202603:32,136.82999999999998,0.6199999999999999,84.83459999999998,54.3,1.21,65.70299999999999,65.5,0.8,14.0,198.7,23358.0,44181.0,23.2,26.26,48.7,29.8,11.916,229.2,284.8,3.8,0.7744835244110304
2026-03-03T15:33:00,03/03/202603:33,136.73,0.6199999999999999,84.77259999999998,54.3,1.2,65.16,64.9,0.8,14.0,198.7,23358.0,44181.0,23.2,26.23,48.8,29.8,11.978,230.2,284.9,3.7600000000000002,0.768644585632622
2026-03-03T15:33:33,03/03/202603:33,136.68,0.61,83.37480000000001,54.3,1.19,64.61699999999999,64.3,0.8,14.0,198.7,23358.0,44181.0,23.2,26.2,48.9,29.8,12.040000000000001,231.2,285.0,3.72,0.7750183508686076
2026-03-03T15:34:00,03/03/202603:34,136.64000000000001,0.6199999999999999,84.71679999999999,54.3,1.2,65.16,64.8,0.8,14.0,198.7,23358.0,44181.0,23.2,26.2,49.0,29.8,12.102,232.2,290.0,3.6799999999999997,0.7691508649996223
2026-03-03T15:35:38,03/03/202603:35,136.63,0.6199999999999999,84.71059999999999,54.29,1.2,65.148,64.8,0.8,14.0,198.7,23358.0,44181.0,23.2,26.2,49.1,29.8,12.046000000000001,232.6,295.0,3.6399999999999997,0.7690655006575329
2026-03-03T15:36:00,03/03/202603:36,136.62,0.6199999999999999,84.70439999999999,54.279999999999994,1.2,65.136,64.8,0.8,14.0,198.7,23358.0,44181.0,23.2,26.2,49.2,29.8,11.99,233.0,300.0,3.6,0.7689801238188335
2026-03-03T15:36:33,03/03/202603:36,136.73,0.6199999999999999,84.77259999999998,54.279999999999994,1.17,63.50759999999999,63.1,0.8,14.0,198.7,23358.0,44181.0,23.2,26.2,49.4,29.8,11.99,233.0,300.0,3.6,0.7491524384058057
2026-03-03T15:37:00,03/03/202603:37,136.84,0.6199999999999999,84.84079999999999,54.279999999999994,1.1400000000000001,61.8792,61.4,0.8,14.0,198.7,23358.0,44181.0,23.2,26.2,49.6,29.8,11.99,233.0,300.0,3.6,0.7293566303005159
2026-03-03T15:38:15,03/03/202603:38,136.99,0.6199999999999999,84.93379999999999,54.279999999999994,1.12,60.7936,60.3,0.8,14.0,198.7,23358.0,44181.0,23.2,26.2,49.8,29.8,11.99,233.0,300.0,3.6,0.7157762869434784
2026-03-03T15:38:21,03/03/202603:38,137.12,0.6199999999999999,85.01439999999998,54.279999999999994,1.11,60.2508,60.3,0.8,14.0,198.7,23358.0,44181.0,23.2,26.2,50.0,29.8,11.99,233.0,300.0,3.6,0.7087128768773292
2026-03-03T15:39:00,03/03/202603:39,137.23,0.61,83.71029999999999,54.279999999999994,1.11,60.2508,60.9,0.8,14.0,198.7,23358.0,44181.0,23.2,26.2,50.0,29.8,11.99,233.0,300.0,3.6,0.7197537220628765
2026-03-03T15:39:20,03/03/202603:39,137.39000000000001,0.59,81.0601,54.279999999999994,1.1,59.708,60.4,0.8,14.0,198.7,23358.0,44181.0,23.2,26.2,50.0,29.8,11.99,233.0,300.0,3.6,0.7365892714171336
2026-03-03T15:40:01,03/03/202603:40,137.5,0.58,79.75,54.279999999999994,1.09,59.1652,59.9,0.8,14.0,198.7,23358.0,44181.0,23.2,26.2,50.0,29.8,11.99,233.0,300.0,3.6,0.7418833855799373
2026-03-03T15:40:21,03/03/202603:40,137.53,0.58,79.7674,54.279999999999994,1.1199999999999999,60.793599999999984,61.6,0.8,14.0,198.7,23358.0,44181.0,23.2,26.2,50.0,29.8,11.99,233.0,300.0,3.6,0.7621359101587866
2026-03-03T15:41:00,03/03/202603:41,137.56,0.58,79.78479999999999,54.29,1.1400000000000001,61.890600000000006,62.7,0.8,14.0,198.7,23358.0,44181.0,23.2,26.2,50.0,29.8,11.99,233.0,300.0,3.6,0.775719184606592
2026-03-03T15:41:20,03/03/202603:41,137.65,0.5700000000000001,78.46050000000001,54.3,1.1199999999999999,60.81599999999999,61.6,0.8,14.0,198.7,23358.0,44181.0,23.2,26.2,50.0,29.8,11.99,233.0,300.0,3.6,0.7751161412430456
2026-03-03T15:42:01,03/03/202603:42,137.7,0.5599999999999999,77.11199999999998,54.3,1.1099999999999999,60.27299999999999,61.1,0.8,14.0,198.7,23358.0,44181.0,23.2,26.2,50.0,29.8,11.99,233.0,300.0,3.6,0.7816293183940244
2026-03-03T15:42:21,03/03/202603:42,137.60999999999999,0.55,75.6855,54.3,1.08,58.644,59.5,0.8,14.0,198.7,23358.0,44181.0,23.2,26.2,50.0,29.8,11.99,233.0,300.0,3.6,0.7748379808549853
2026-03-03T15:42:25,03/03/202603:42,137.45,0.55,75.5975,54.3,1.0699999999999998,58.100999999999985,58.9,0.8,14.0,198.7,23358.0,44181.0,23.2,26.2,50.0,29.8,11.99,233.0,300.0,3.6,0.7685571612817883
2026-03-03T15:43:00,03/03/202603:43,137.31,0.55,75.52050000000001,54.3,1.05,57.015,57.2,0.8,14.0,198.7,23358.0,44181.0,23.2,26.2,50.0,29.8,11.99,233.0,300.0,3.6,0.7549605736190834
2026-03-03T15:43:24,03/03/202603:43,137.10999999999999,0.55,75.4105,54.3,1.06,57.558,57.2,0.8,15.0,198.7,23358.0,44181.0,23.2,26.2,50.0,29.8,11.99,233.0,300.0,3.6,0.7632624104070388
2026-03-03T15:44:01,03/03/202603:44,136.85999999999999,0.5599999999999999,76.64159999999998,54.3,1.08,58.644,58.3,0.8,15.0,198.7,23358.0,44181.0,23.2,26.2,50.0,29.8,11.99,233.0,300.0,3.6,0.7651719170789756
2026-03-03T15:44:25,03/03/202603:44,136.75,0.5700000000000001,77.9475,54.31,1.1,59.74100000000001,59.4,0.8,15.0,198.7,23358.0,44181.0,23.2,26.2,50.0,29.8,11.99,233.0,300.0,3.6,0.7664261201449694
2026-03-03T15:46:49,03/03/202603:46,136.8,0.5599999999999999,76.608,54.31,1.04,56.482400000000005,56.1,0.8,15.0,198.7,23358.0,44181.0,23.2,26.18,50.1,29.8,11.934000000000001,232.5,289.3,3.56,0.7372911445279867
2026-03-03T15:47:01,03/03/202603:47,136.85,0.55,75.2675,54.31,0.9800000000000001,53.223800000000004,52.8,0.8,15.0,198.7,23358.0,44181.0,23.2,26.160000000000004,50.2,29.8,11.878,232.0,278.6,3.5200000000000005,0.7071285747500582
2026-03-03T15:47:45,03/03/202603:47,136.76,0.5700000000000001,77.95320000000001,54.31999999999999,1.0,54.31999999999999,54.4,0.8,15.0,198.7,23358.0,44181.0,23.2,26.139999999999997,50.3,29.8,11.822,231.5,267.9,3.4800000000000004,0.6968283534223096
2026-03-03T15:48:00,03/03/202603:48,136.67000000000002,0.59,80.6353,54.33,1.02,55.4166,56.0,0.8,15.0,198.7,23358.0,44181.0,23.2,26.119999999999997,50.4,29.8,11.766,231.0,257.2,3.44,0.6872498769149492
2026-03-03T15:48:45,03/03/202603:48,136.76,0.59,80.68839999999999,54.33,1.05,57.0465,57.6,0.8,15.0,198.7,23358.0,44181.0,23.2,26.1,50.5,29.8,11.709999999999999,230.5,246.5,3.4,0.7069975362009906
2026-03-03T15:49:01,03/03/202603:49,136.88,0.58,79.39039999999999,54.33,1.0699999999999998,58.13309999999999,58.7,0.8,15.0,198.7,23358.0,44181.0,23.2,26.080000000000002,50.6,29.8,11.654,230.0,235.8,3.3600000000000003,0.7322434450512909
2026-03-03T15:49:45,03/03/202603:49,137.02,0.58,79.4716,54.33,1.1,59.763000000000005,60.4,0.8,15.0,198.7,23358.0,44181.0,23.2,26.060000000000002,50.7,29.8,11.598,229.5,225.1,3.3200000000000003,0.7520044896541659
2026-03-03T15:50:00,03/03/202603:50,137.22,0.58,79.5876,54.33,1.1,59.763000000000005,60.4,0.8,15.0,198.7,23358.0,44181.0,23.2,26.04,50.8,29.8,11.542,229.0,214.4,3.2800000000000002,0.7509084329719706
2026-03-03T15:50:45,03/03/202603:50,137.32,0.59,81.01879999999998,54.33,1.1300000000000001,61.392900000000004,62.0,0.8,15.0,198.7,23358.0,44181.0,23.2,26.02,50.9,29.8,11.486,228.5,203.7,3.2399999999999998,0.7577611616069359
2026-03-03T15:51:01,03/03/202603:51,137.28,0.6,82.368,54.31999999999999,1.16,63.01119999999999,63.6,0.8,15.0,198.7,23358.0,44181.0,23.2,26.0,51.0,29.8,11.43,228.0,193.0,3.2,0.7649961149961149
2026-03-03T15:51:45,03/03/202603:51,137.27,0.61,83.7347,54.31999999999999,1.17,63.55439999999999,64.1,0.8,15.0,198.7,23358.0,44181.0,23.2,26.0,51.0,29.8,11.43,228.0,193.0,3.2,0.7589971660494393
2026-03-03T15:51:58,03/03/202603:51,137.18,0.63,86.4234,54.31999999999999,1.21,65.7272,66.3,0.8,15.0,198.7,23358.0,44181.0,23.3,26.0,51.0,29.8,11.43,228.0,193.0,3.2,0.7605255058236542
2026-03-03T15:52:00,03/03/202603:52,137.17000000000002,0.63,86.4171,54.31,1.21,65.7151,65.8,0.8,15.0,198.7,23358.0,44181.0,23.3,26.0,51.0,29.8,11.43,228.0,193.0,3.2,0.7604409312508752
2026-03-03T15:52:59,03/03/202603:52,137.14000000000001,0.6199999999999999,85.0268,54.3,1.21,65.70299999999999,65.3,0.8,15.0,198.7,23358.0,44181.0,23.2,26.0,51.0,29.8,11.43,228.0,193.0,3.2,0.7727328324716441
2026-03-03T15:53:00,03/03/202603:53,137.07,0.63,86.3541,54.3,1.22,66.246,65.9,0.8,15.0,198.7,23358.0,44181.0,23.2,26.0,51.0,29.8,11.43,228.0,193.0,3.2,0.7671436561784558
2026-03-03T15:53:58,03/03/202603:53,137.0,0.6399999999999999,87.67999999999999,54.3,1.24,67.332,67.0,0.8,15.0,198.7,23358.0,44181.0,23.2,26.0,51.0,29.8,11.43,228.0,193.0,3.2,0.7679288321167883
2026-03-03T15:54:00,03/03/202603:54,136.91,0.6399999999999999,87.62239999999998,54.3,1.25,67.875,67.5,0.8,15.0,198.7,23358.0,44181.0,23.2,26.0,51.0,29.8,11.43,228.0,193.0,3.2,0.7746306880432402
2026-03-03T15:54:59,03/03/202603:54,136.82,0.63,86.19659999999999,54.3,1.25,67.875,67.5,0.8,15.0,198.7,23358.0,44181.0,23.2,26.0,51.0,29.8,11.43,228.0,193.0,3.2,0.787444052317609
2026-03-03T15:55:00,03/03/202603:55,136.82999999999998,0.61,83.46629999999999,54.3,1.22,66.246,65.9,0.8,15.0,198.7,23358.0,44181.0,23.2,26.0,51.0,29.8,11.43,228.0,193.0,3.2,0.7936855952641965
2026-03-03T15:55:59,03/03/202603:55,136.73999999999998,0.61,83.41139999999999,54.3,1.2,65.16,64.8,0.8,15.0,198.7,23358.0,44181.0,23.2,26.0,51.0,29.8,11.43,228.0,193.0,3.2,0.7811881829102497
2026-03-03T15:56:01,03/03/202603:56,136.54,0.6199999999999999,84.65479999999998,54.3,1.24,67.332,67.0,0.8,15.0,198.7,23358.0,44181.0,23.2,26.0,51.0,29.8,11.43,228.0,193.0,3.2,0.7953713197597775
2026-03-03T15:58:02,03/03/202603:58,136.36999999999998,0.6199999999999999,84.54939999999996,54.3,1.25,67.875,67.5,0.8,15.0,198.7,23358.0,44181.0,23.2,26.0,51.0,29.8,11.43,228.0,193.0,3.2,0.8027851173396858
2026-03-03T15:58:31,03/03/202603:58,136.18,0.61,83.0698,54.3,1.26,68.41799999999999,68.0,0.8,15.0,198.7,23358.0,44181.0,23.2,26.0,51.0,29.8,11.43,228.0,193.0,3.2,0.823620617841863
2026-03-03T15:59:00,03/03/202603:59,136.01,0.61,82.9661,54.3,1.27,68.961,68.5,0.8,15.0,198.7,23358.0,44181.0,23.2,26.0,51.0,29.8,11.43,228.0,193.0,3.2,0.8311949097281902
2026-03-03T15:59:31,03/03/202603:59,135.81,0.61,82.8441,54.31,1.28,69.5168,69.0,0.8,15.0,198.7,23358.0,44181.0,23.2,26.0,51.0,29.8,11.43,228.0,193.0,3.2,0.8391279523828493
2026-03-03T16:00:00,03/03/202604:00,135.60999999999999,0.61,82.72209999999998,54.31999999999999,1.28,69.52959999999999,69.0,0.8,15.0,198.7,23358.0,44181.0,23.2,26.0,51.0,29.8,11.43,228.0,193.0,3.2,0.8405202479144026
2026-03-03T16:00:31,03/03/202604:00,135.33999999999997,0.6199999999999999,83.91079999999997,54.31999999999999,1.29,70.07279999999999,69.6,0.8,15.0,198.7,23358.0,44181.0,23.2,26.0,51.0,29.8,11.43,228.0,193.0,3.2,0.8350867826310798
2026-03-03T16:00:40,03/03/202604:00,135.08999999999997,0.6399999999999999,86.45759999999997,54.31999999999999,1.3,70.616,70.1,0.8,15.0,198.7,23358.0,44181.0,23.2,26.0,51.0,29.8,11.43,228.0,193.0,3.2,0.816770301280628
2026-03-03T16:01:01,03/03/202604:01,134.83999999999997,0.6599999999999999,88.99439999999997,54.31999999999999,1.31,71.1592,70.6,0.8,15.0,198.7,23358.0,44181.0,23.2,26.0,51.0,29.8,11.43,228.0,193.0,3.2,0.7995918844331781
2026-03-03T16:01:40,03/03/202604:01,134.67,0.6599999999999999,88.88219999999998,54.33,1.3,70.629,70.1,0.8,15.0,198.7,23358.0,44181.0,23.2,25.919999999999998,51.0,29.8,11.381,234.5,198.0,3.1700000000000004,0.794636046362489
2026-03-03T16:02:00,03/03/202604:02,134.5,0.6599999999999999,88.77,54.339999999999996,1.29,70.09859999999999,69.6,0.8,15.0,198.7,23358.0,44181.0,23.2,25.839999999999996,51.0,29.8,11.331999999999999,241.0,203.0,3.14,0.7896654275092936
2026-03-03T16:03:35,03/03/202604:03,134.32,0.65,87.30799999999999,54.339999999999996,1.29,70.09859999999999,69.6,0.8,15.0,198.7,23358.0,44181.0,23.2,25.76,51.0,29.8,11.283,247.5,208.0,3.1100000000000003,0.8028886241810601
2026-03-03T16:04:00,03/03/202604:04,134.16,0.65,87.20400000000001,54.339999999999996,1.29,70.09859999999999,69.6,0.8,15.0,198.7,23358.0,44181.0,23.2,25.68,51.0,29.8,11.234,254.0,213.0,3.08,0.8038461538461537
2026-03-03T16:04:35,03/03/202604:04,134.04000000000002,0.65,87.12600000000002,54.339999999999996,1.28,69.5552,69.1,0.8,15.0,198.7,23358.0,44181.0,23.3,25.6,51.0,29.8,11.184999999999999,260.5,218.0,3.05,0.7983288570575946
2026-03-03T16:05:00,03/03/202604:05,133.95,0.65,87.0675,54.33,1.27,68.9991,68.6,0.8,15.0,198.7,23358.0,44181.0,23.3,25.52,51.0,29.8,11.136,267.0,223.0,3.02,0.7924782496339048
2026-03-03T16:05:35,03/03/202604:05,133.81,0.65,86.9765,54.31999999999999,1.25,67.89999999999999,67.5,0.8,15.0,198.7,23358.0,44181.0,23.2,25.44,51.0,29.8,11.087,273.5,228.0,2.9899999999999998,0.7806706409202485
2026-03-03T16:06:00,03/03/202604:06,133.74,0.6399999999999999,85.5936,54.31999999999999,1.22,66.2704,65.8,0.8,15.0,198.7,23358.0,44181.0,23.2,25.36,51.0,29.8,11.038,280.0,233.0,2.96,0.7742448033497832
2026-03-03T16:06:36,03/03/202604:06,133.54000000000002,0.6399999999999999,85.4656,54.31999999999999,1.21,65.7272,65.3,0.8,15.0,198.7,23358.0,44181.0,23.2,25.279999999999998,51.0,29.8,10.989,286.5,238.0,2.93,0.7690485996705108
2026-03-03T16:07:00,03/03/202604:07,133.34,0.6399999999999999,85.3376,54.31999999999999,1.2,65.18399999999998,64.8,0.8,15.0,198.7,23358.0,44181.0,23.2,25.2,51.0,29.8,10.94,293.0,243.0,2.9,0.7638368081595919
2026-03-03T16:07:35,03/03/202604:07,133.12,0.6399999999999999,85.1968,54.31,1.21,65.7151,65.3,0.8,15.0,198.7,23358.0,44181.0,23.2,25.2,51.0,29.8,10.94,293.0,243.0,2.9,0.7713329608623799
2026-03-03T16:09:12,03/03/202604:09,132.86,0.6399999999999999,85.0304,54.3,1.23,66.789,66.4,0.8,15.0,198.7,23358.0,44181.0,23.2,25.2,51.0,29.8,10.94,293.0,243.0,2.9,0.7854720194189373
2026-03-03T16:09:35,03/03/202604:09,132.74,0.65,86.281,54.3,1.24,67.332,67.0,0.8,15.0,198.7,23358.0,44181.0,23.2,25.2,51.0,29.8,10.94,293.0,243.0,2.9,0.7803803850210358
2026-03-03T16:10:00,03/03/202604:10,132.62,0.6599999999999999,87.52919999999999,54.3,1.25,67.875,67.6,0.8,15.0,198.7,23358.0,44181.0,23.2,25.2,51.0,29.8,10.94,293.0,243.0,2.9,0.7754555051342867
2026-03-03T16:10:36,03/03/202604:10,132.49,0.6699999999999999,88.7683,54.31,1.26,68.4306,68.1,0.8,15.0,198.7,23358.0,44181.0,23.3,25.2,51.0,29.8,10.94,293.0,243.0,2.9,0.7708900587259191
2026-03-03T16:11:01,03/03/202604:11,132.35999999999999,0.6799999999999999,90.00479999999999,54.31999999999999,1.27,68.98639999999999,68.6,0.8,15.0,198.7,23358.0,44181.0,23.3,25.2,51.0,29.8,10.94,293.0,243.0,2.9,0.7664746769061206
2026-03-03T16:11:35,03/03/202604:11,132.3,0.69,91.287,54.31999999999999,1.28,69.52959999999999,69.2,0.8,15.0,198.7,23358.0,44181.0,23.2,25.2,51.0,29.8,10.94,293.0,243.0,2.9,0.7616593819492369
2026-03-03T16:12:01,03/03/202604:12,132.23999999999998,0.7,92.56799999999998,54.31999999999999,1.29,70.07279999999999,69.8,0.8,15.0,198.7,23358.0,44181.0,23.2,25.2,51.0,29.8,10.94,293.0,243.0,2.9,0.7569872958257713
2026-03-03T16:12:35,03/03/202604:12,132.26,0.7,92.582,54.31999999999999,1.3,70.616,70.3,0.8,15.0,198.7,23358.0,44181.0,23.2,25.2,51.0,29.8,10.94,293.0,243.0,2.9,0.7627400574625738
2026-03-03T16:13:00,03/03/202604:13,132.28,0.7,92.59599999999999,54.31999999999999,1.31,71.1592,70.8,0.8,15.0,198.7,23358.0,44181.0,23.2,25.2,51.0,29.8,10.94,293.0,243.0,2.9,0.7684910795282734
2026-03-03T16:13:36,03/03/202604:13,132.51,0.69,91.43189999999998,54.31999999999999,1.29,70.07279999999999,69.7,0.8,15.0,198.7,23358.0,44181.0,23.3,25.2,51.0,29.8,10.94,293.0,243.0,2.9,0.7663933484921565
2026-03-03T16:14:01,03/03/202604:14,132.78,0.6799999999999999,90.29039999999999,54.31999999999999,1.26,68.44319999999999,68.0,0.8,15.0,198.7,23358.0,44181.0,23.3,25.2,51.0,29.8,10.94,293.0,243.0,2.9,0.7580340767124744
2026-03-03T16:14:36,03/03/202604:14,132.92000000000002,0.6699999999999999,89.0564,54.31999999999999,1.25,67.89999999999999,67.4,0.8,15.0,198.7,23358.0,44181.0,23.3,25.2,51.0,29.8,10.94,293.0,243.0,2.9,0.7624381852399154
2026-03-03T16:15:01,03/03/202604:15,133.06,0.6599999999999999,87.8196,54.31999999999999,1.24,67.35679999999999,66.8,0.8,15.0,198.7,23358.0,44181.0,23.3,25.2,51.0,29.8,10.94,293.0,243.0,2.9,0.7669905123685373
2026-03-03T16:15:36,03/03/202604:15,133.19,0.65,86.5735,54.31,1.23,66.8013,66.3,0.8,15.0,198.7,23358.0,44181.0,23.3,25.2,51.0,29.8,10.94,293.0,243.0,2.9,0.7716137155134077
2026-03-03T16:16:01,03/03/202604:16,133.32,0.6399999999999999,85.32479999999998,54.3,1.22,66.246,65.8,0.8,15.0,198.7,23358.0,44181.0,23.3,25.2,51.0,29.8,10.94,293.0,243.0,2.9,0.7763979522952297
2026-03-03T16:16:36,03/03/202604:16,133.24,0.6399999999999999,85.27359999999999,54.3,1.23,66.789,66.3,0.8,15.0,198.7,23358.0,44181.0,23.2,25.0,51.1,29.8,11.058,296.3,232.8,2.86,0.7832318560492346
2026-03-03T16:17:01,03/03/202604:17,133.16,0.6399999999999999,85.22239999999998,54.3,1.24,67.332,66.8,0.8,15.0,198.7,23358.0,44181.0,23.2,24.8,51.2,29.8,11.175999999999998,299.6,222.6,2.82,0.7900739711625114
2026-03-03T16:17:36,03/03/202604:17,133.04000000000002,0.63,83.81520000000002,54.31,1.23,66.8013,66.3,0.8,15.0,198.7,23358.0,44181.0,23.2,24.6,51.3,29.8,11.294,302.9,212.4,2.7800000000000002,0.7970069867995302
2026-03-03T16:18:01,03/03/202604:18,132.92000000000002,0.6199999999999999,82.4104,54.31999999999999,1.22,66.2704,65.8,0.8,15.0,198.7,23358.0,44181.0,23.2,24.4,51.4,29.8,11.411999999999999,306.2,202.2,2.7399999999999998,0.8041509324065894
2026-03-03T16:18:35,03/03/202604:18,132.45,0.6199999999999999,82.11899999999997,54.31999999999999,1.23,66.8136,66.4,0.8,15.0,198.7,23358.0,44181.0,23.3,24.2,51.5,29.8,11.53,309.5,192.0,2.7,0.8136192598546015
2026-03-03T16:19:01,03/03/202604:19,131.98,0.6199999999999999,81.82759999999998,54.31999999999999,1.24,67.35679999999999,67.0,0.8,15.0,198.7,23358.0,44181.0,23.3,24.0,51.6,29.8,11.648,312.8,181.8,2.66,0.8231550234884075
2026-03-03T16:20:24,03/03/202604:20,131.56,0.61,80.2516,54.31,1.22,66.2582,65.9,0.8,15.0,198.7,23358.0,44181.0,23.2,23.8,51.7,29.8,11.766,316.1,171.6,2.62,0.8256308908482822
2026-03-03T16:20:35,03/03/202604:20,131.13,0.6,78.678,54.3,1.19,64.61699999999999,64.3,0.8,15.0,198.7,23358.0,44181.0,23.2,23.6,51.8,29.8,11.883999999999999,319.4,161.4,2.58,0.821284221764661
2026-03-03T16:21:01,03/03/202604:21,130.68,0.59,77.1012,54.279999999999994,1.17,63.50759999999999,63.2,0.8,15.0,198.7,23358.0,44181.0,23.2,23.4,51.9,29.8,12.001999999999999,322.7,151.2,2.54,0.8236914600550962
2026-03-03T16:21:43,03/03/202604:21,130.23,0.58,75.53339999999999,54.260000000000005,1.1199999999999999,60.7712,60.4,0.8,15.0,198.7,23358.0,44181.0,23.2,23.2,52.0,29.8,12.12,326.0,141.0,2.5,0.8045606314557535
2026-03-03T16:22:01,03/03/202604:22,129.97,0.5599999999999999,72.7832,54.239999999999995,1.06,57.4944,57.1,0.8,15.0,198.7,23358.0,44181.0,23.2,23.2,52.0,29.8,12.12,326.0,141.0,2.5,0.7899405357280253
2026-03-03T16:23:37,03/03/202604:23,129.69,0.53,68.73570000000001,54.220000000000006,1.0,54.220000000000006,53.8,0.8,15.0,198.7,23358.0,44181.0,23.2,23.2,52.0,29.8,12.12,326.0,141.0,2.5,0.7888186197274487
2026-03-03T16:24:01,03/03/202604:24,129.48,0.51,66.03479999999999,54.19,0.95,51.48049999999999,51.0,0.8,15.0,198.7,23358.0,44181.0,23.2,23.2,52.0,29.8,12.12,326.0,141.0,2.5,0.77959651577653
2026-03-03T16:25:01,03/03/202604:25,129.27,0.49000000000000005,63.34230000000001,54.160000000000004,0.9,48.74400000000001,48.2,0.8,15.0,198.7,23358.0,44181.0,23.2,23.2,52.0,29.8,12.12,326.0,141.0,2.5,0.7695331555690273
2026-03-03T16:25:37,03/03/202604:25,129.23,0.47000000000000003,60.738099999999996,54.14,0.8400000000000001,45.4776,44.9,0.8,15.0,198.7,23358.0,44181.0,23.2,23.2,52.0,29.8,12.12,326.0,141.0,2.5,0.7487491376911692
2026-03-03T16:26:01,03/03/202604:26,129.19,0.45,58.1355,54.120000000000005,0.78,42.21360000000001,41.6,0.8,15.0,198.7,23358.0,44181.0,23.2,23.2,52.0,29.8,12.12,326.0,141.0,2.5,0.7261243130273242
2026-03-03T16:26:36,03/03/202604:26,129.15,0.44000000000000006,56.82600000000001,54.11,0.71,38.418099999999995,37.8,0.8,15.0,198.7,23358.0,44181.0,23.2,23.2,52.0,29.8,12.12,326.0,141.0,2.5,0.6760655333826063
2026-03-03T16:27:01,03/03/202604:27,129.12,0.43,55.5216,54.1,0.65,35.165,34.5,0.8,15.0,198.7,23358.0,44181.0,23.2,23.2,52.0,29.8,12.12,326.0,141.0,2.5,0.6333571078643266
2026-03-03T16:27:37,03/03/202604:27,129.07999999999998,0.41000000000000003,52.922799999999995,54.1,0.59,31.919,31.2,0.8,15.0,198.7,23358.0,44181.0,23.2,23.2,52.0,29.8,12.12,326.0,141.0,2.5,0.6031237954152087
2026-03-03T16:28:01,03/03/202604:28,129.04000000000002,0.39,50.32560000000001,54.1,0.5599999999999999,30.296,29.6,0.8,15.0,198.7,23358.0,44181.0,23.2,23.2,52.0,29.8,12.12,326.0,141.0,2.5,0.6019997774492504
2026-03-03T16:28:37,03/03/202604:28,129.06,0.37,47.7522,54.089999999999996,0.52,28.1268,27.5,0.8,15.0,198.7,23358.0,44181.0,23.2,23.2,52.0,29.8,12.12,326.0,141.0,2.5,0.5890157940367144
2026-03-03T16:29:01,03/03/202604:29,129.1,0.36,46.476,54.08,0.48,25.958399999999997,25.4,0.8,15.0,198.7,23358.0,44181.0,23.2,23.2,52.0,29.8,12.12,326.0,141.0,2.5,0.5585334366124451
2026-03-03T16:29:37,03/03/202604:29,129.12,0.33999999999999997,43.9008,54.06,0.44000000000000006,23.786400000000004,23.3,0.8,15.0,198.7,23358.0,44181.0,23.3,23.2,52.0,29.8,12.12,326.0,141.0,2.5,0.5418215613382901
2026-03-03T16:30:01,03/03/202604:30,129.14000000000001,0.32,41.3248,54.04,0.4,21.616,21.2,0.8,15.0,198.7,23358.0,44181.0,23.3,23.2,52.0,29.8,12.12,326.0,141.0,2.5,0.523075731763977
2026-03-03T16:31:36,03/03/202604:31,122.8,0.32999999999999996,40.523999999999994,54.02,0.39,21.067800000000002,20.6,0.8,15.0,198.7,23358.0,44181.0,23.2,23.2,52.0,29.8,12.12,326.0,141.0,2.5,0.5198845128812557
2026-03-03T16:31:37,03/03/202604:31,116.45,0.33999999999999997,39.592999999999996,54.0,0.39,21.060000000000002,20.6,0.8,15.0,198.7,23358.0,44181.0,23.2,23.14,52.2,29.8,12.163,325.5,144.7,2.45,0.5319122067032053
2026-03-03T16:32:01,03/03/202604:32,110.1,0.35,38.535,53.98,0.41,22.1318,21.7,0.8,15.0,198.7,23358.0,44181.0,23.2,23.080000000000002,52.4,29.8,12.206,325.0,148.4,2.4,0.5743298300246529
2026-03-03T16:32:36,03/03/202604:32,103.75999999999999,0.36,37.35359999999999,53.95,0.43,23.1985,22.8,0.8,15.0,198.7,23358.0,44181.0,23.2,23.02,52.6,29.8,12.248999999999999,324.5,152.1,2.35,0.6210512507495932
2026-03-03T16:33:01,03/03/202604:33,97.42999999999999,0.38,37.023399999999995,53.92,0.45,24.264000000000003,23.9,0.8,15.0,198.7,23358.0,44181.0,23.2,22.96,52.8,29.8,12.292,324.0,155.8,2.3,0.6553693069788298
2026-03-03T16:33:37,03/03/202604:33,91.09,0.4,36.436,53.89,0.47000000000000003,25.328300000000002,25.0,0.8,15.0,198.7,23358.0,44181.0,23.2,22.9,53.0,29.802,12.334999999999999,323.5,159.5,2.25,0.6951449116258646
2026-03-03T16:34:01,03/03/202604:34,84.69,0.42000000000000004,35.5698,53.86999999999999,0.5,26.934999999999995,26.6,0.8,15.0,198.7,23358.0,44181.0,23.2,22.84,53.2,29.804000000000002,12.378,323.0,163.2,2.2,0.7572435043210812
2026-03-03T16:34:37,03/03/202604:34,81.15,0.44000000000000006,35.70600000000001,53.85,0.53,28.5405,28.2,0.8,15.0,198.7,23358.0,44181.0,23.2,22.78,53.7,29.806,12.421000000000001,322.5,166.9,2.15,0.7993194421105695
2026-03-03T16:35:01,03/03/202604:35,77.63,0.47000000000000003,36.4861,53.839999999999996,0.5599999999999999,30.150399999999994,29.8,0.8,15.0,198.7,23358.0,44181.0,23.2,22.720000000000002,54.2,29.808,12.464,322.0,170.6,2.1,0.8263530495174873
2026-03-03T16:35:25,03/03/202604:35,74.11999999999999,0.5,37.059999999999995,53.83,0.6,32.297999999999995,31.9,0.8,15.0,198.7,23358.0,44181.0,23.2,22.660000000000004,54.7,29.810000000000002,12.507000000000001,321.5,174.3,2.05,0.8715056664867782
2026-03-03T16:36:01,03/03/202604:36,76.97999999999999,0.5,38.489999999999995,53.81999999999999,0.6199999999999999,33.36839999999999,33.0,0.8,15.0,198.7,23358.0,44181.0,23.2,22.6,55.2,29.812,12.55,321.0,178.0,2.0,0.866936866718628
2026-03-03T16:37:00,03/03/202604:37,79.85,0.5,39.925,53.81999999999999,0.63,33.9066,33.5,0.8,15.0,198.7,23358.0,44181.0,23.3,22.6,55.5,29.814,12.55,321.0,178.0,2.0,0.8492573575453977
2026-03-03T16:37:25,03/03/202604:37,82.52000000000001,0.49000000000000005,40.43480000000001,53.81999999999999,0.63,33.9066,33.5,0.8,15.0,198.7,23358.0,44181.0,23.2,22.6,55.8,29.816000000000003,12.55,321.0,178.0,2.0,0.8385499619139946
2026-03-03T16:38:01,03/03/202604:38,85.17999999999999,0.48,40.886399999999995,53.83,0.63,33.9129,33.5,0.8,15.0,198.7,23358.0,44181.0,23.2,22.6,56.1,29.818,12.55,321.0,178.0,2.0,0.829442063864757
2026-03-03T16:38:25,03/03/202604:38,87.85,0.47000000000000003,41.2895,53.839999999999996,0.63,33.9192,33.5,0.8,15.0,198.7,23358.0,44181.0,23.2,22.6,56.4,29.82,12.55,321.0,178.0,2.0,0.8214969907603628
2026-03-03T16:39:01,03/03/202604:39,90.53,0.45999999999999996,41.6438,53.85,0.63,33.9255,33.5,0.8,15.0,198.7,23358.0,44181.0,23.2,22.6,56.7,29.82,12.55,321.0,178.0,2.0,0.8146590849057963
2026-03-03T16:39:25,03/03/202604:39,93.21000000000001,0.45,41.944500000000005,53.86,0.6399999999999999,34.47039999999999,34.0,0.8,15.0,198.7,23358.0,44181.0,23.2,22.6,57.0,29.82,12.55,321.0,178.0,2.0,0.8218097724373872
2026-03-03T16:40:00,03/03/202604:40,93.03,0.44000000000000006,40.93320000000001,53.86999999999999,0.65,35.015499999999996,34.5,0.8,15.0,198.7,23358.0,44181.0,23.2,22.6,57.0,29.82,12.55,321.0,178.0,2.0,0.8554303108479179
2026-03-03T16:40:25,03/03/202604:40,92.86,0.44000000000000006,40.8584,53.89,0.6599999999999999,35.5674,35.0,0.8,15.0,198.7,23358.0,44181.0,23.3,22.6,57.0,29.82,12.55,321.0,178.0,2.0,0.8705039844927848
2026-03-03T16:40:37,03/03/202604:40,92.69,0.44000000000000006,40.78360000000001,53.910000000000004,0.6599999999999999,35.5806,35.0,0.8,15.0,198.7,23358.0,44181.0,23.2,22.6,57.0,29.82,12.55,321.0,178.0,2.0,0.8724242097313624
2026-03-03T16:41:01,03/03/202604:41,92.52000000000001,0.44000000000000006,40.70880000000001,53.92999999999999,0.6599999999999999,35.59379999999999,35.0,0.8,15.0,198.7,23358.0,44181.0,23.2,22.6,57.0,29.82,12.55,321.0,178.0,2.0,0.8743514915693898
2026-03-03T16:42:59,03/03/202604:42,92.35,0.44000000000000006,40.634,53.95,0.6599999999999999,35.607,35.0,0.8,15.0,198.7,23358.0,44181.0,23.2,22.6,57.0,29.82,12.55,321.0,178.0,2.0,0.876285868976719
2026-03-03T16:43:01,03/03/202604:43,92.38,0.45,41.571,53.970000000000006,0.6699999999999999,36.1599,35.5,0.8,15.0,198.7,23358.0,44181.0,23.2,22.6,57.0,29.82,12.55,321.0,178.0,2.0,0.8698347405643357
2026-03-03T16:44:00,03/03/202604:44,92.41,0.45999999999999996,42.508599999999994,53.989999999999995,0.6799999999999999,36.71319999999999,36.0,0.8,15.0,198.7,23358.0,44181.0,23.2,22.6,57.0,29.82,12.55,321.0,178.0,2.0,0.8636652347995464
2026-03-03T16:44:59,03/03/202604:44,92.42999999999999,0.45999999999999996,42.517799999999994,54.010000000000005,0.6799999999999999,36.7268,36.0,0.8,15.0,198.7,23358.0,44181.0,23.2,22.6,57.0,29.82,12.55,321.0,178.0,2.0,0.8637982209803895
2026-03-03T16:45:00,03/03/202604:45,92.45,0.45999999999999996,42.527,54.029999999999994,0.6799999999999999,36.740399999999994,36.0,0.8,15.0,198.7,23358.0,44181.0,23.2,22.6,57.0,29.82,12.55,321.0,178.0,2.0,0.8639311496225925
2026-03-03T16:45:59,03/03/202604:45,92.47,0.45999999999999996,42.536199999999994,54.05,0.6599999999999999,35.672999999999995,35.0,0.8,16.0,198.7,23358.0,44181.0,23.2,22.520000000000003,57.2,29.82,12.668000000000001,320.5,181.4,1.9600000000000002,0.8386503730939764
2026-03-03T16:46:01,03/03/202604:46,92.49,0.45999999999999996,42.545399999999994,54.07000000000001,0.6399999999999999,34.6048,34.0,0.8,16.0,198.7,23358.0,44181.0,23.2,22.44,57.4,29.82,12.786000000000001,320.0,184.8,1.92,0.8133617265321281
2026-03-03T16:46:59,03/03/202604:46,92.47999999999999,0.45,41.616,54.07000000000001,0.6199999999999999,33.523399999999995,33.0,0.8,16.0,198.7,23358.0,44181.0,23.3,22.360000000000003,57.6,29.82,12.904000000000002,319.5,188.2,1.8800000000000001,0.8055411380238369
2026-03-03T16:47:01,03/03/202604:47,92.46000000000001,0.44000000000000006,40.68240000000001,54.07000000000001,0.6,32.442,32.0,0.8,16.0,198.7,23358.0,44181.0,23.3,22.28,57.8,29.82,13.022,319.0,191.6,1.8399999999999999,0.7974455784319507
2026-03-03T16:47:59,03/03/202604:47,92.41,0.42000000000000004,38.812200000000004,54.06,0.5700000000000001,30.814200000000003,30.4,0.8,16.0,198.7,23358.0,44181.0,23.2,22.2,58.0,29.82,13.14,318.5,195.0,1.8,0.7939307743441495
2026-03-03T16:48:00,03/03/202604:48,92.36,0.4,36.944,54.04,0.54,29.181600000000003,28.8,0.8,16.0,198.7,23358.0,44181.0,23.2,22.12,58.2,29.82,13.258000000000001,318.0,198.4,1.7600000000000002,0.7898873971416198
2026-03-03T16:48:59,03/03/202604:48,93.14,0.38,35.3932,54.02,0.5,27.01,26.7,0.8,16.0,198.7,23358.0,44181.0,23.3,22.04,58.4,29.82,13.376,317.5,201.8,1.72,0.7631409423279049
2026-03-03T16:49:01,03/03/202604:49,93.92,0.36,33.8112,54.0,0.45999999999999996,24.839999999999996,24.6,0.8,16.0,198.7,23358.0,44181.0,23.3,21.96,58.6,29.82,13.494,317.0,205.2,1.6800000000000002,0.7346678023850084
2026-03-03T16:50:00,03/03/202604:49,97.99,0.32,31.3568,53.970000000000006,0.4,21.588000000000005,21.4,0.8,16.0,198.7,23358.0,44181.0,23.2,21.880000000000003,58.8,29.82,13.612,316.5,208.6,1.6400000000000001,0.6884631084804573
2026-03-03T16:50:01,03/03/202604:50,102.05999999999999,0.27999999999999997,28.576799999999995,53.94,0.33999999999999997,18.339599999999997,18.2,0.8,16.0,198.7,23358.0,44181.0,23.2,21.8,59.0,29.82,13.73,316.0,212.0,1.6,0.6417653481145544
2026-03-03T16:50:17,03/03/202604:50,103.5,0.27999999999999997,28.979999999999997,53.910000000000004,0.32999999999999996,17.7903,17.6,0.8,16.0,198.7,23358.0,44181.0,23.2,21.8,59.0,29.82,13.73,316.0,212.0,1.6,0.6138819875776398
2026-03-03T16:51:01,03/03/202604:51,104.94000000000001,0.27999999999999997,29.3832,53.879999999999995,0.32,17.2416,17.0,0.8,16.0,198.7,23358.0,44181.0,23.2,21.8,59.0,29.82,13.73,316.0,212.0,1.6,0.5867842848974925
2026-03-03T16:51:17,03/03/202604:51,101.78,0.29,29.516199999999998,53.85,0.3,16.155,15.9,0.8,16.0,198.7,23358.0,44181.0,23.2,21.8,59.0,29.82,13.73,316.0,212.0,1.6,0.5473265528760478
2026-03-03T16:52:00,03/03/202604:52,98.62,0.3,29.586,53.82000000000001,0.27999999999999997,15.069600000000001,14.8,0.8,16.0,198.7,23358.0,44181.0,23.2,21.8,59.0,29.82,13.73,316.0,212.0,1.6,0.5093490164266884
2026-03-03T16:52:17,03/03/202604:52,95.42999999999999,0.3,28.628999999999998,53.79,0.27999999999999997,15.061199999999998,14.8,0.8,16.0,198.7,23358.0,44181.0,23.2,21.8,59.0,29.82,13.73,316.0,212.0,1.6,0.5260819448810646
2026-03-03T16:53:59,03/03/202604:53,92.22,0.3,27.666,53.760000000000005,0.27,14.515200000000002,14.3,0.8,16.0,198.7,23358.0,44181.0,23.2,21.8,59.0,29.82,13.73,316.0,212.0,1.6,0.524658425504229
2026-03-03T16:54:01,03/03/202604:54,88.17999999999999,0.3,26.453999999999997,53.73,0.27,14.5071,14.3,0.8,16.0,198.7,23358.0,44181.0,23.2,21.8,59.0,29.82,13.73,316.0,212.0,1.6,0.5483896575187117
2026-03-03T16:54:17,03/03/202604:54,84.13,0.29,24.397699999999997,53.69,0.27,14.4963,14.3,0.8,16.0,198.7,23358.0,44181.0,23.2,21.8,59.0,29.82,13.73,316.0,212.0,1.6,0.5941666632510442
2026-03-03T16:55:00,03/03/202604:55,76.78999999999999,0.31,23.804899999999996,53.660000000000004,0.3,16.098,15.9,0.8,16.0,198.7,23358.0,44181.0,23.2,21.8,59.0,29.82,13.73,316.0,212.0,1.6,0.6762473272309483
2026-03-03T16:55:17,03/03/202604:55,76.62,0.31,23.752200000000002,53.620000000000005,0.3,16.086000000000002,15.9,0.8,16.0,198.7,23358.0,44181.0,23.2,21.8,59.0,29.82,13.73,316.0,212.0,1.6,0.6772425291130927
2026-03-03T16:55:39,03/03/202604:55,79.1,0.27,21.357,53.58,0.26,13.9308,13.8,0.8,16.0,198.7,23358.0,44181.0,23.3,21.8,59.0,29.82,13.73,316.0,212.0,1.6,0.6522826239640399
2026-03-03T16:56:01,03/03/202604:56,81.58,0.22999999999999998,18.763399999999997,53.54,0.22000000000000003,11.778800000000002,11.7,0.8,16.0,198.7,23358.0,44181.0,23.3,21.8,59.0,29.82,13.73,316.0,212.0,1.6,0.6277540317852843
2026-03-03T16:56:39,03/03/202604:56,88.63,0.18,15.953399999999998,53.5,0.19,10.165000000000001,10.1,0.8,16.0,198.7,23358.0,44181.0,23.2,21.8,59.0,29.82,13.73,316.0,212.0,1.6,0.6371682525355098
2026-03-03T16:57:00,03/03/202604:57,95.67999999999999,0.13,12.4384,53.46,0.16,8.553600000000001,8.5,0.8,16.0,198.7,23358.0,44181.0,23.2,21.8,59.0,29.82,13.73,316.0,212.0,1.6,0.68767687162336
2026-03-03T16:57:40,03/03/202604:57,102.85999999999999,0.1,10.286,53.42999999999999,0.12,6.411599999999999,6.4,0.8,16.0,198.7,23358.0,44181.0,23.2,21.8,59.0,29.82,13.73,316.0,212.0,1.6,0.6233326852031887
2026-03-03T16:58:01,03/03/202604:58,110.05999999999999,0.06999999999999999,7.704199999999998,53.4,0.09,4.806,4.8,0.8,16.0,198.7,23358.0,44181.0,23.2,21.8,59.0,29.82,13.73,316.0,212.0,1.6,0.6238155811116016
2026-03-03T16:58:39,03/03/202604:58,117.07000000000001,0.04,4.6828,53.36999999999999,0.06,3.2021999999999995,3.2,0.8,16.0,198.7,23358.0,44181.0,23.2,21.8,59.0,29.82,13.73,316.0,212.0,1.6,0.6838216451695566
2026-03-03T16:59:00,03/03/202604:59,124.08999999999999,0.02,2.4818,53.35,0.03,1.6005,1.6,0.8,16.0,198.7,23358.0,44181.0,23.2,21.8,59.0,29.82,13.73,316.0,212.0,1.6,0.6448948343943912
2026-03-03T16:59:40,03/03/202604:59,131.27,0.0,0.0,53.31999999999999,0.0,0.0,0.0,0.8,16.0,198.7,23358.0,44181.0,23.2,21.8,59.0,29.82,13.73,316.0,212.0,1.6,
2026-03-03T17:00:01,03/03/202605:00,131.28,0.0,0.0,53.3,0.0,0.0,0.0,0.8,16.0,198.7,23358.0,44181.0,23.2,21.8,59.0,29.82,13.73,316.0,212.0,1.6,
2026-03-03T17:00:04,03/03/202605:00,131.25,0.0,0.0,53.279999999999994,0.0,0.0,0.0,0.8,16.0,198.7,23358.0,44181.0,23.3,21.8,59.0,29.82,13.73,316.0,212.0,1.6,
2026-03-03T17:01:01,03/03/202605:01,131.22,0.0,0.0,53.260000000000005,0.0,0.0,0.0,0.8,16.0,198.7,23358.0,44181.0,23.3,21.8,59.0,29.82,13.73,316.0,212.0,1.6,
2026-03-03T17:01:04,03/03/202605:01,131.20999999999998,0.0,0.0,53.25,0.0,0.0,0.0,0.8,16.0,198.7,23358.0,44181.0,23.2,21.69,59.2,29.82,13.525,316.8,198.8,1.57,
2026-03-03T17:01:34,03/03/202605:01,131.16,0.0,0.0,53.23,0.0,0.0,0.0,0.8,16.0,198.7,23358.0,44181.0,23.3,21.580000000000002,59.4,29.82,13.319999999999999,317.6,185.6,1.54,
2026-03-03T17:02:58,03/03/202605:02,131.01,0.0,0.0,53.2,0.0,0.0,0.0,0.8,16.0,198.7,23358.0,44181.0,23.2,21.47,59.6,29.82,13.115,318.4,172.4,1.5100000000000002,
2026-03-03T17:03:01,03/03/202605:03,130.85999999999999,0.0,0.0,53.17,0.0,0.0,0.0,0.8,16.0,198.7,23358.0,44181.0,23.2,21.36,59.8,29.82,12.91,319.2,159.2,1.48,
2026-03-03T17:05:10,03/03/202605:05,130.85,0.0,0.0,53.129999999999995,0.0,0.0,0.0,0.8,16.0,198.7,23358.0,44181.0,23.3,21.25,60.0,29.82,12.705,320.0,146.0,1.45,
2026-03-03T17:05:58,03/03/202605:05,130.79000000000002,0.0,0.0,53.089999999999996,0.0,0.0,0.0,0.8,16.0,198.7,23358.0,44181.0,23.2,21.14,60.2,29.82,12.5,320.8,132.8,1.4200000000000002,
2026-03-03T17:06:00,03/03/202605:06,130.57,0.0,0.0,53.06,0.0,0.0,0.0,0.8,16.0,198.7,23358.0,44181.0,23.2,21.03,60.4,29.82,12.295,321.6,119.6,1.3900000000000001,
2026-03-03T17:06:58,03/03/202605:06,130.31,0.0,0.0,53.02,0.0,0.0,0.0,0.8,16.0,198.7,23358.0,44181.0,23.3,20.919999999999998,60.6,29.82,12.09,322.4,106.4,1.36,
2026-03-03T17:07:00,03/03/202605:07,130.07,0.0,0.0,52.98,0.0,0.0,0.0,0.8,16.0,198.7,23358.0,44181.0,23.3,20.81,60.8,29.82,11.885,323.2,93.2,1.33,
2026-03-03T17:07:59,03/03/202605:07,129.8,0.0,0.0,52.94,0.0,0.0,0.0,0.8,16.0,198.7,23358.0,44181.0,23.3,20.7,61.0,29.82,11.68,324.0,80.0,1.3,
2026-03-03T17:08:00,03/03/202605:08,129.56,0.0,0.0,52.9,0.0,0.0,0.0,0.8,16.0,198.7,23358.0,44181.0,23.3,20.7,61.0,29.82,11.68,324.0,80.0,1.3,
2026-03-03T17:08:58,03/03/202605:08,129.34,0.0,0.0,52.86,0.0,0.0,0.0,0.8,16.0,198.7,23358.0,44181.0,23.3,20.7,61.0,29.82,11.68,324.0,80.0,1.3,
2026-03-03T17:09:00,03/03/202605:09,129.15,0.0,0.0,52.83,0.0,0.0,0.0,0.8,16.0,198.7,23358.0,44181.0,23.3,20.7,61.0,29.82,11.68,324.0,80.0,1.3,
2026-03-03T17:09:57,03/03/202605:09,128.94,0.0,0.0,52.8,0.0,0.0,0.0,0.8,16.0,198.7,23358.0,44181.0,23.3,20.7,61.0,29.82,11.68,324.0,80.0,1.3,
2026-03-03T17:10:00,03/03/202605:10,128.78,0.0,0.0,52.779999999999994,0.0,0.0,0.0,0.8,16.0,198.7,23358.0,44181.0,23.3,20.7,61.0,29.82,11.68,324.0,80.0,1.3,
2026-03-03T17:11:00,03/03/202605:11,128.67000000000002,0.0,0.0,52.760000000000005,0.0,0.0,0.0,0.8,16.0,198.7,23358.0,44181.0,23.3,20.7,61.0,29.82,11.68,324.0,80.0,1.3,
2026-03-03T17:12:00,03/03/202605:12,128.56,0.0,0.0,52.739999999999995,0.0,0.0,0.0,0.8,16.0,198.7,23358.0,44181.0,23.2,20.7,61.0,29.82,11.68,324.0,80.0,1.3,
2026-03-03T17:12:57,03/03/202605:12,127.88,0.0,0.0,52.73,0.0,0.0,0.0,0.8,16.0,198.7,23358.0,44181.0,23.3,20.7,61.0,29.82,11.68,324.0,80.0,1.3,
2026-03-03T17:13:00,03/03/202605:13,127.2,0.0,0.0,52.720000000000006,0.0,0.0,0.0,0.8,16.0,198.7,23358.0,44181.0,23.3,20.7,61.0,29.82,11.68,324.0,80.0,1.3,
2026-03-03T17:13:58,03/03/202605:13,127.22999999999999,0.0,0.0,52.7,0.0,0.0,0.0,0.8,16.0,198.7,23358.0,44181.0,23.3,20.7,61.0,29.82,11.68,324.0,80.0,1.3,
2026-03-03T17:14:00,03/03/202605:14,127.26000000000002,0.0,0.0,52.68000000000001,0.0,0.0,0.0,0.8,16.0,198.7,23358.0,44181.0,23.3,20.7,61.0,29.82,11.68,324.0,80.0,1.3,
2026-03-03T17:14:58,03/03/202605:14,127.2,0.0,0.0,52.67,0.0,0.0,0.0,0.8,16.0,198.7,23358.0,44181.0,23.3,20.7,61.0,29.82,11.68,324.0,80.0,1.3,
2026-03-03T17:16:22,03/03/202605:16,127.29,0.0,0.0,52.65,0.0,0.0,0.0,0.8,16.0,198.7,23358.0,44181.0,23.3,20.65,61.1,29.82,11.443999999999999,324.9,82.8,1.27,
2026-03-03T17:16:58,03/03/202605:16,127.37,0.0,0.0,52.63000000000001,0.0,0.0,0.0,0.8,16.0,198.7,23358.0,44181.0,23.3,20.6,61.2,29.82,11.208,325.8,85.6,1.24,
2026-03-03T17:17:01,03/03/202605:17,127.45,0.0,0.0,52.61,0.0,0.0,0.0,0.8,16.0,198.7,23358.0,44181.0,23.3,20.55,61.3,29.82,10.972,326.7,88.4,1.21,
2026-03-03T17:17:58,03/03/202605:17,127.55,0.0,0.0,52.58,0.0,0.0,0.0,0.8,16.0,198.7,23358.0,44181.0,23.3,20.5,61.4,29.82,10.736,327.6,91.2,1.1800000000000002,
2026-03-03T17:18:00,03/03/202605:18,127.65,0.0,0.0,52.55,0.0,0.0,0.0,0.8,16.0,198.7,23358.0,44181.0,23.3,20.45,61.5,29.82,10.5,328.5,94.0,1.15,
2026-03-03T17:18:59,03/03/202605:18,128.34,0.0,0.0,52.52,0.0,0.0,0.0,0.8,16.0,198.7,23358.0,44181.0,23.3,20.4,61.6,29.82,10.264,329.4,96.8,1.1199999999999999,
2026-03-03T17:19:01,03/03/202605:19,129.03,0.0,0.0,52.489999999999995,0.0,0.0,0.0,0.8,16.0,198.7,23358.0,44181.0,23.3,20.35,61.7,29.82,10.028,330.3,99.6,1.09,
2026-03-03T17:19:58,03/03/202605:19,129.06,0.0,0.0,52.470000000000006,0.0,0.0,0.0,0.8,16.0,198.7,23358.0,44181.0,23.3,20.3,61.8,29.82,9.792,331.2,102.4,1.06,
2026-03-03T17:20:00,03/03/202605:20,129.09,0.0,0.0,52.45,0.0,0.0,0.0,0.8,16.0,198.7,23358.0,44181.0,23.3,20.25,61.9,29.82,9.556000000000001,332.1,105.2,1.03,
2026-03-03T17:20:58,03/03/202605:20,129.22,0.0,0.0,52.42999999999999,0.0,0.0,0.0,0.8,16.0,198.7,23358.0,44181.0,23.3,20.2,62.0,29.82,9.32,333.0,108.0,1.0,
2026-03-03T17:21:01,03/03/202605:21,129.2,0.0,0.0,52.42,0.0,0.0,0.0,0.8,16.0,198.7,23358.0,44181.0,23.3,20.2,62.0,29.82,9.32,333.0,108.0,1.0,
2026-03-03T17:22:00,03/03/202605:22,129.20999999999998,0.0,0.0,52.4,0.0,0.0,0.0,0.8,16.0,198.7,23358.0,44181.0,23.3,20.2,62.0,29.82,9.32,333.0,108.0,1.0,
2026-03-03T17:22:39,03/03/202605:22,129.20999999999998,0.0,0.0,52.39,0.0,0.0,0.0,0.8,16.0,198.7,23358.0,44181.0,23.3,20.2,62.0,29.82,9.32,333.0,108.0,1.0,
2026-03-03T17:23:01,03/03/202605:23,129.19,0.0,0.0,52.39,0.0,0.0,0.0,0.8,16.0,198.7,23358.0,44181.0,23.3,20.2,62.0,29.82,9.32,333.0,108.0,1.0,
2026-03-03T17:23:39,03/03/202605:23,128.98,0.0,0.0,52.379999999999995,0.01,0.5237999999999999,0.0,0.8,16.0,198.7,23358.0,44181.0,23.3,20.2,62.0,29.82,9.32,333.0,108.0,1.0,
2026-03-03T17:24:01,03/03/202605:24,128.79000000000002,0.0,0.0,52.36999999999999,0.02,1.0473999999999999,0.0,0.8,16.0,198.7,23358.0,44181.0,23.3,20.2,62.0,29.82,9.32,333.0,108.0,1.0,
2026-03-03T17:24:39,03/03/202605:24,128.81,0.0,0.0,52.36,0.02,1.0472,0.0,0.8,16.0,198.7,23358.0,44181.0,23.3,20.2,62.0,29.82,9.32,333.0,108.0,1.0,
2026-03-03T17:25:01,03/03/202605:25,128.81,0.0,0.0,52.35,0.02,1.0470000000000002,0.0,0.8,16.0,198.7,23358.0,44181.0,23.3,20.2,62.0,29.82,9.32,333.0,108.0,1.0,
2026-03-03T17:25:40,03/03/202605:25,128.35,0.0,0.0,52.339999999999996,0.02,1.0468,0.0,0.8,16.0,198.7,23358.0,44181.0,23.3,20.2,62.0,29.82,9.32,333.0,108.0,1.0,
2026-03-03T17:26:01,03/03/202605:26,127.9,0.0,0.0,52.33,0.02,1.0466,0.0,0.8,16.0,198.7,23358.0,44181.0,23.3,20.2,62.0,29.82,9.32,333.0,108.0,1.0,
2026-03-03T17:27:35,03/03/202605:27,127.92,0.0,0.0,52.31999999999999,0.02,1.0463999999999998,0.0,0.8,16.0,198.7,23358.0,44181.0,23.3,20.2,62.0,29.82,9.32,333.0,108.0,1.0,
2026-03-03T17:27:40,03/03/202605:27,127.92,0.0,0.0,52.31,0.02,1.0462,0.0,0.8,16.0,198.7,23358.0,44181.0,23.3,20.2,62.0,29.82,9.32,333.0,108.0,1.0,
2026-03-03T17:28:00,03/03/202605:28,127.92999999999999,0.0,0.0,52.29,0.02,1.0458,0.0,0.8,16.0,198.7,23358.0,44181.0,23.3,20.2,62.0,29.82,9.32,333.0,108.0,1.0,
2026-03-03T17:28:39,03/03/202605:28,128.02,0.0,0.0,52.279999999999994,0.02,1.0455999999999999,0.0,0.8,16.0,198.7,23358.0,44181.0,23.3,20.2,62.0,29.82,9.32,333.0,108.0,1.0,
2026-03-03T17:29:00,03/03/202605:29,128.3,0.0,0.0,52.279999999999994,0.01,0.5227999999999999,0.0,0.8,16.0,198.7,23358.0,44181.0,23.3,20.2,62.0,29.82,9.32,333.0,108.0,1.0,
2026-03-03T17:29:40,03/03/202605:29,128.57999999999998,0.0,0.0,52.27,0.0,0.0,0.0,0.8,16.0,198.7,23358.0,44181.0,23.3,20.1,62.0,29.82,9.32,333.0,109.6,1.0,
2026-03-03T17:30:01,03/03/202605:30,128.65,0.0,0.0,52.260000000000005,0.0,0.0,0.0,0.8,16.0,198.7,23358.0,44181.0,23.3,20.0,62.0,29.82,9.32,333.0,111.2,1.0,
2026-03-03T17:30:39,03/03/202605:30,128.74,0.0,0.0,52.25,0.0,0.0,0.0,0.8,16.0,198.7,23358.0,44181.0,23.3,19.9,62.0,29.82,9.525,331.4,112.8,0.99,
2026-03-03T17:31:00,03/03/202605:31,129.29,0.0,0.0,52.239999999999995,0.0,0.0,0.0,0.8,16.0,198.7,23358.0,44181.0,23.3,19.8,62.0,29.82,9.73,329.8,114.4,0.9800000000000001,
2026-03-03T17:31:39,03/03/202605:31,129.83999999999997,0.0,0.0,52.23,0.0,0.0,0.0,0.8,16.0,198.7,23358.0,44181.0,23.3,19.66,62.1,29.82,9.668000000000001,330.2,111.0,0.9400000000000001,
2026-03-03T17:32:01,03/03/202605:32,129.92,0.0,0.0,52.220000000000006,0.0,0.0,0.0,0.8,16.0,198.7,23358.0,44181.0,23.3,19.52,62.2,29.82,9.606,330.6,107.6,0.9,
2026-03-03T17:32:39,03/03/202605:32,130.03,0.0,0.0,52.220000000000006,0.0,0.0,0.0,0.8,16.0,198.7,23358.0,44181.0,23.3,19.380000000000003,62.7,29.823,9.544,331.0,104.2,0.86,
2026-03-03T17:33:00,03/03/202605:33,130.14000000000001,0.0,0.0,52.220000000000006,0.0,0.0,0.0,0.8,16.0,198.7,23358.0,44181.0,23.3,19.240000000000002,63.2,29.826,9.482,331.4,100.8,0.82,
2026-03-03T17:33:39,03/03/202605:33,130.18,0.0,0.0,52.21,0.0,0.0,0.0,0.8,16.0,198.7,23358.0,44181.0,23.3,19.1,63.7,29.829,9.419999999999998,331.8,97.4,0.78,
2026-03-03T17:34:01,03/03/202605:34,130.22,0.0,0.0,52.2,0.0,0.0,0.0,0.8,16.0,198.7,23358.0,44181.0,23.3,18.96,64.2,29.832,9.358,332.2,94.0,0.74,
2026-03-03T17:34:40,03/03/202605:34,130.25,0.0,0.0,52.2,0.0,0.0,0.0,0.8,16.0,198.7,23358.0,44181.0,23.3,18.919999999999998,64.7,29.835,9.296,332.6,89.0,0.7,
2026-03-03T17:35:00,03/03/202605:35,130.28,0.0,0.0,52.2,0.0,0.0,0.0,0.8,16.0,198.7,23358.0,44181.0,23.3,18.880000000000003,65.2,29.838,9.233999999999998,333.0,84.0,0.6599999999999999,
2026-03-03T17:35:39,03/03/202605:35,130.27,0.0,0.0,52.2,0.0,0.0,0.0,0.8,16.0,198.7,23358.0,44181.0,23.3,18.84,65.7,29.841,8.966999999999999,335.0,79.0,0.63,
2026-03-03T17:36:00,03/03/202605:36,130.26,0.0,0.0,52.2,0.0,0.0,0.0,0.8,16.0,198.7,23358.0,44181.0,23.3,18.8,66.2,29.844,8.7,337.0,74.0,0.6,
2026-03-03T17:36:40,03/03/202605:36,130.23,0.0,0.0,52.2,0.0,0.0,0.0,0.8,16.0,198.7,23358.0,44181.0,23.3,18.8,66.6,29.847,8.7,337.0,74.0,0.6,
2026-03-03T17:37:01,03/03/202605:37,130.2,0.0,0.0,52.2,0.0,0.0,0.0,0.8,16.0,198.7,23358.0,44181.0,23.3,18.8,67.0,29.85,8.7,337.0,74.0,0.6,
2026-03-03T17:38:45,03/03/202605:38,130.07999999999998,0.0,0.0,52.19,0.0,0.0,0.0,0.8,16.0,198.7,23358.0,44181.0,23.3,18.8,67.0,29.85,8.7,337.0,74.0,0.6,
2026-03-03T17:39:00,03/03/202605:39,129.95999999999998,0.0,0.0,52.18000000000001,0.0,0.0,0.0,0.8,16.0,198.7,23358.0,44181.0,23.3,18.8,67.0,29.85,8.7,337.0,74.0,0.6,
2026-03-03T17:39:39,03/03/202605:39,129.8,0.0,0.0,52.17,0.0,0.0,0.0,0.8,16.0,198.7,23358.0,44181.0,23.3,18.8,67.0,29.85,8.7,337.0,74.0,0.6,
2026-03-03T17:40:01,03/03/202605:40,129.64000000000001,0.0,0.0,52.160000000000004,0.0,0.0,0.0,0.8,16.0,198.7,23358.0,44181.0,23.3,18.8,67.0,29.85,8.7,337.0,74.0,0.6,
2026-03-03T17:40:39,03/03/202605:40,129.45999999999998,0.0,0.0,52.15,0.01,0.5215,0.0,0.8,16.0,198.7,23358.0,44181.0,23.3,18.8,67.0,29.85,8.7,337.0,74.0,0.6,
2026-03-03T17:41:00,03/03/202605:41,129.28,0.0,0.0,52.14,0.02,1.0428,0.0,0.8,16.0,198.7,23358.0,44181.0,23.3,18.8,67.0,29.85,8.7,337.0,74.0,0.6,
2026-03-03T17:41:40,03/03/202605:41,129.1,0.0,0.0,52.13000000000001,0.02,1.0426000000000002,0.0,0.8,16.0,198.7,23358.0,44181.0,23.3,18.8,67.0,29.85,8.7,337.0,74.0,0.6,
2026-03-03T17:42:01,03/03/202605:42,128.92000000000002,0.0,0.0,52.120000000000005,0.02,1.0424000000000002,0.0,0.8,16.0,198.7,23358.0,44181.0,23.3,18.8,67.0,29.85,8.7,337.0,74.0,0.6,
2026-03-03T17:42:39,03/03/202605:42,128.73,0.0,0.0,52.11,0.02,1.0422,0.0,0.8,16.0,198.7,23358.0,44181.0,23.3,18.8,67.0,29.85,8.7,337.0,74.0,0.6,
2026-03-03T17:43:00,03/03/202605:43,128.54000000000002,0.0,0.0,52.1,0.02,1.042,0.0,0.8,16.0,198.7,23358.0,44181.0,23.3,18.8,67.0,29.85,8.7,337.0,74.0,0.6,
2026-03-03T17:43:40,03/03/202605:43,128.4,0.0,0.0,52.1,0.02,1.042,0.0,0.8,16.0,198.7,23358.0,44181.0,23.3,18.8,67.0,29.85,8.7,337.0,74.0,0.6,
2026-03-03T17:44:01,03/03/202605:44,128.26000000000002,0.0,0.0,52.1,0.02,1.042,0.0,0.8,16.0,198.7,23358.0,44181.0,23.3,18.8,67.0,29.85,8.7,337.0,74.0,0.6,
2026-03-03T17:44:26,03/03/202605:44,128.12,0.0,0.0,52.089999999999996,0.02,1.0417999999999998,0.0,0.8,16.0,198.7,23358.0,44181.0,23.3,18.8,67.0,29.85,8.7,337.0,74.0,0.6,
2026-03-03T17:45:01,03/03/202605:45,127.97999999999999,0.0,0.0,52.08,0.02,1.0416,0.0,0.8,16.0,198.7,23358.0,44181.0,23.3,18.8,67.0,29.85,8.7,337.0,74.0,0.6,
2026-03-03T17:45:26,03/03/202605:45,127.83,0.0,0.0,52.08,0.01,0.5208,0.0,0.8,16.0,198.7,23358.0,44181.0,23.3,18.8,67.0,29.85,8.7,337.0,74.0,0.6,
2026-03-03T17:46:00,03/03/202605:46,127.67999999999999,0.0,0.0,52.08,0.0,0.0,0.0,0.8,16.0,198.7,23358.0,44181.0,23.3,18.8,67.0,29.85,8.7,337.0,74.0,0.6,
2026-03-03T17:46:26,03/03/202605:46,127.5,0.0,0.0,52.08,0.0,0.0,0.0,0.8,16.0,198.7,23358.0,44181.0,23.3,18.78,67.0,29.85,8.873999999999999,335.1,73.3,0.5700000000000001,
2026-03-03T17:47:01,03/03/202605:47,127.32000000000001,0.0,0.0,52.08,0.0,0.0,0.0,0.8,16.0,198.7,23358.0,44181.0,23.3,18.76,67.0,29.85,9.047999999999998,333.2,72.6,0.5399999999999999,
2026-03-03T17:47:26,03/03/202605:47,127.15,0.0,0.0,52.08,0.0,0.0,0.0,0.8,16.0,198.7,23358.0,44181.0,23.3,18.740000000000002,67.0,29.85,9.222,331.3,71.9,0.51,
2026-03-03T17:48:01,03/03/202605:48,126.97999999999999,0.0,0.0,52.08,0.0,0.0,0.0,0.8,16.0,198.7,23358.0,44181.0,23.3,18.720000000000002,67.0,29.85,9.395999999999999,329.4,71.2,0.48,
2026-03-03T17:48:26,03/03/202605:48,126.82000000000001,0.0,0.0,52.07000000000001,0.0,0.0,0.0,0.8,16.0,198.7,23358.0,44181.0,23.3,18.7,67.0,29.85,9.569999999999999,327.5,70.5,0.45,
2026-03-03T17:49:57,03/03/202605:49,126.67,0.0,0.0,52.06,0.0,0.0,0.0,0.8,16.0,198.7,23358.0,44181.0,23.3,18.68,67.0,29.85,9.744,325.6,69.8,0.42000000000000004,
2026-03-03T17:50:01,03/03/202605:50,126.55,0.0,0.0,52.06,0.0,0.0,0.0,0.8,16.0,198.7,23358.0,44181.0,23.3,18.660000000000004,67.0,29.85,9.918,323.7,69.1,0.39,
2026-03-03T17:50:25,03/03/202605:50,126.45,0.0,0.0,52.06,0.0,0.0,0.0,0.8,16.0,198.7,23358.0,44181.0,23.3,18.64,67.0,29.85,10.091999999999999,321.8,68.4,0.36,
2026-03-03T17:51:00,03/03/202605:51,126.39000000000001,0.0,0.0,52.05,0.0,0.0,0.0,0.8,16.0,198.7,23358.0,44181.0,23.3,18.62,67.0,29.85,10.266,319.9,67.7,0.32999999999999996,
2026-03-03T17:51:26,03/03/202605:51,126.35999999999999,0.0,0.0,52.05,0.0,0.0,0.0,0.8,16.0,198.7,23358.0,44181.0,23.3,18.6,67.0,29.85,10.44,318.0,67.0,0.3,
2026-03-03T17:52:01,03/03/202605:52,126.38,0.0,0.0,52.05,0.0,0.0,0.0,0.8,16.0,198.7,23358.0,44181.0,23.3,18.6,67.0,29.85,10.44,318.0,67.0,0.3,
2026-03-03T17:52:26,03/03/202605:52,126.42999999999999,0.0,0.0,52.04,0.0,0.0,0.0,0.8,16.0,198.7,23358.0,44181.0,23.3,18.6,67.0,29.85,10.44,318.0,67.0,0.3,
2026-03-03T17:53:00,03/03/202605:53,126.5,0.0,0.0,52.029999999999994,0.0,0.0,0.0,0.8,16.0,198.7,23358.0,44181.0,23.3,18.6,67.0,29.85,10.44,318.0,67.0,0.3,
2026-03-03T17:53:26,03/03/202605:53,126.62,0.0,0.0,52.02,0.0,0.0,0.0,0.8,16.0,198.7,23358.0,44181.0,23.3,18.6,67.0,29.85,10.44,318.0,67.0,0.3,
2026-03-03T17:54:01,03/03/202605:54,126.75999999999999,0.0,0.0,52.02,0.0,0.0,0.0,0.8,16.0,198.7,23358.0,44181.0,23.3,18.6,67.0,29.85,10.44,318.0,67.0,0.3,
2026-03-03T17:54:26,03/03/202605:54,126.92999999999999,0.0,0.0,52.02,0.0,0.0,0.0,0.8,16.0,198.7,23358.0,44181.0,23.3,18.6,67.0,29.85,10.44,318.0,67.0,0.3,
2026-03-03T17:55:01,03/03/202605:55,127.1,0.0,0.0,52.02,0.0,0.0,0.0,0.8,16.0,198.7,23358.0,44181.0,23.3,18.6,67.0,29.85,10.44,318.0,67.0,0.3,
2026-03-03T17:55:11,03/03/202605:55,127.29,0.0,0.0,52.02,0.0,0.0,0.0,0.8,16.0,198.7,23358.0,44181.0,23.3,18.6,67.0,29.85,10.44,318.0,67.0,0.3,
2026-03-03T17:56:01,03/03/202605:56,127.47999999999999,0.0,0.0,52.02,0.0,0.0,0.0,0.8,16.0,198.7,23358.0,44181.0,23.3,18.6,67.0,29.85,10.44,318.0,67.0,0.3,
2026-03-03T17:56:12,03/03/202605:56,127.71000000000001,0.0,0.0,52.010000000000005,0.0,0.0,0.0,0.8,16.0,198.7,23358.0,44181.0,23.3,18.6,67.0,29.85,10.44,318.0,67.0,0.3,
2026-03-03T17:57:00,03/03/202605:57,127.94000000000001,0.0,0.0,52.0,0.0,0.0,0.0,0.8,16.0,198.7,23358.0,44181.0,23.3,18.6,67.0,29.85,10.44,318.0,67.0,0.3,
2026-03-03T17:57:11,03/03/202605:57,128.20999999999998,0.0,0.0,52.0,0.0,0.0,0.0,0.8,16.0,198.7,23358.0,44181.0,23.3,18.6,67.0,29.85,10.44,318.0,67.0,0.3,
2026-03-03T17:58:01,03/03/202605:58,128.48,0.0,0.0,52.0,0.0,0.0,0.0,0.8,16.0,198.7,23358.0,44181.0,23.3,18.6,67.0,29.85,10.44,318.0,67.0,0.3,
2026-03-03T17:58:12,03/03/202605:58,128.77,0.0,0.0,52.0,0.0,0.0,0.0,0.8,16.0,198.7,23358.0,44181.0,23.3,18.6,67.0,29.85,10.44,318.0,67.0,0.3,
2026-03-03T17:59:00,03/03/202605:59,129.06,0.0,0.0,52.0,0.0,0.0,0.0,0.8,16.0,198.7,23358.0,44181.0,23.3,18.6,67.0,29.85,10.44,318.0,67.0,0.3,
2026-03-03T17:59:11,03/03/202605:59,129.35,0.0,0.0,52.0,0.0,0.0,0.0,0.8,16.0,198.7,23358.0,44181.0,23.3,18.6,67.0,29.85,10.44,318.0,67.0,0.3,
2026-03-03T18:01:09,03/03/202606:01,129.65,0.0,0.0,52.0,0.0,0.0,0.0,0.8,16.0,198.7,23358.0,44181.0,23.3,18.6,67.0,29.85,10.44,318.0,67.0,0.3,
2026-03-03T18:01:11,03/03/202606:01,129.9,0.0,0.0,52.0,0.0,0.0,0.0,0.8,16.0,198.7,23358.0,44181.0,23.3,18.560000000000002,67.0,29.85,10.501999999999999,318.6,64.2,0.27999999999999997,
2026-03-03T18:02:01,03/03/202606:02,130.15,0.0,0.0,52.0,0.0,0.0,0.0,0.8,16.0,198.7,23358.0,44181.0,23.3,18.520000000000003,67.0,29.85,10.564,319.2,61.4,0.26,
2026-03-03T18:02:12,03/03/202606:02,130.3,0.0,0.0,52.0,0.0,0.0,0.0,0.8,16.0,198.7,23358.0,44181.0,23.3,18.48,67.0,29.85,10.626,319.8,58.6,0.24,
2026-03-03T18:03:01,03/03/202606:03,130.45,0.0,0.0,52.0,0.0,0.0,0.0,0.8,16.0,198.7,23358.0,44181.0,23.3,18.44,67.0,29.85,10.687999999999999,320.4,55.8,0.22000000000000003,
2026-03-03T18:03:11,03/03/202606:03,130.49,0.0,0.0,52.0,0.0,0.0,0.0,0.8,16.0,198.7,23358.0,44181.0,23.3,18.4,67.0,29.85,10.75,321.0,53.0,0.2,
2026-03-03T18:03:16,03/03/202606:03,130.52,0.0,0.0,52.0,0.0,0.0,0.0,0.8,16.0,198.7,23358.0,44181.0,23.3,18.36,67.0,29.85,10.812000000000001,321.6,50.2,0.18,
2026-03-03T18:04:00,03/03/202606:04,130.48,0.0,0.0,52.0,0.0,0.0,0.0,0.8,16.0,198.7,23358.0,44181.0,23.3,18.32,67.0,29.85,10.874,322.2,47.4,0.16,
2026-03-03T18:04:17,03/03/202606:04,130.41,0.0,0.0,52.0,0.0,0.0,0.0,0.8,16.0,198.7,23358.0,44181.0,23.3,18.28,67.0,29.85,10.936,322.8,44.6,0.13999999999999999,
2026-03-03T18:05:01,03/03/202606:05,130.3,0.0,0.0,52.0,0.0,0.0,0.0,0.8,16.0,198.7,23358.0,44181.0,23.3,18.240000000000002,67.0,29.85,10.998000000000001,323.4,41.8,0.12,
2026-03-03T18:05:17,03/03/202606:05,130.15,0.0,0.0,52.0,0.0,0.0,0.0,0.8,16.0,198.7,23358.0,44181.0,23.3,18.2,67.0,29.85,11.06,324.0,39.0,0.1,
2026-03-03T18:06:01,03/03/202606:06,130.01,0.0,0.0,52.0,0.0,0.0,0.0,0.8,16.0,198.7,23358.0,44181.0,23.3,18.2,67.0,29.85,11.06,324.0,39.0,0.1,
2026-03-03T18:07:01,03/03/202606:07,129.87,0.0,0.0,52.0,0.0,0.0,0.0,0.8,16.0,198.7,23358.0,44181.0,23.3,18.2,67.0,29.85,11.06,324.0,39.0,0.1,
2026-03-03T18:08:01,03/03/202606:08,129.76,0.0,0.0,52.0,0.0,0.0,0.0,0.8,16.0,198.7,23358.0,44181.0,23.3,18.2,67.0,29.85,11.06,324.0,39.0,0.1,
2026-03-03T18:08:17,03/03/202606:08,129.64000000000001,0.0,0.0,52.0,0.0,0.0,0.0,0.8,16.0,198.7,23358.0,44181.0,23.3,18.2,67.0,29.85,11.06,324.0,39.0,0.1,
2026-03-03T18:09:01,03/03/202606:09,129.56,0.0,0.0,52.0,0.0,0.0,0.0,0.8,16.0,198.7,23358.0,44181.0,23.3,18.2,67.0,29.85,11.06,324.0,39.0,0.1,
2026-03-03T18:09:16,03/03/202606:09,129.47,0.0,0.0,52.0,0.0,0.0,0.0,0.8,16.0,198.7,23358.0,44181.0,23.3,18.2,67.0,29.85,11.06,324.0,39.0,0.1,
2026-03-03T18:10:01,03/03/202606:10,129.38,0.0,0.0,52.0,0.0,0.0,0.0,0.8,16.0,198.7,23358.0,44181.0,23.3,18.2,67.0,29.85,11.06,324.0,39.0,0.1,
2026-03-03T18:10:17,03/03/202606:10,129.3,0.0,0.0,52.0,0.0,0.0,0.0,0.8,16.0,198.7,23358.0,44181.0,23.3,18.2,67.0,29.85,11.06,324.0,39.0,0.1,
2026-03-03T18:12:21,03/03/202606:12,129.15,0.0,0.0,52.0,0.0,0.0,0.0,0.8,16.0,198.7,23358.0,44181.0,23.3,18.2,67.0,29.85,11.06,324.0,39.0,0.1,
2026-03-03T18:13:00,03/03/202606:13,129.03,0.0,0.0,52.0,0.0,0.0,0.0,0.8,16.0,198.7,23358.0,44181.0,23.3,18.2,67.0,29.85,11.06,324.0,39.0,0.1,
2026-03-03T18:13:17,03/03/202606:13,128.73,0.0,0.0,51.989999999999995,0.0,0.0,0.0,0.8,16.0,198.7,23358.0,44181.0,23.3,18.2,67.0,29.85,11.06,324.0,39.0,0.1,
2026-03-03T18:14:01,03/03/202606:14,128.43,0.0,0.0,51.98,0.0,0.0,0.0,0.8,16.0,198.7,23358.0,44181.0,23.3,18.2,67.0,29.85,11.06,324.0,39.0,0.1,
2026-03-03T18:14:17,03/03/202606:14,128.26,0.0,0.0,51.970000000000006,0.0,0.0,0.0,0.8,16.0,198.7,23358.0,44181.0,23.3,18.2,67.0,29.85,11.06,324.0,39.0,0.1,
2026-03-03T18:15:01,03/03/202606:15,128.1,0.0,0.0,51.96,0.0,0.0,0.0,0.8,16.0,198.7,23358.0,44181.0,23.3,18.2,67.0,29.85,11.06,324.0,39.0,0.1,
2026-03-03T18:15:17,03/03/202606:15,127.82000000000001,0.0,0.0,51.96,0.0,0.0,0.0,0.8,16.0,198.7,23358.0,44181.0,23.3,18.14,67.1,29.85,11.116,325.7,35.5,0.09,
2026-03-03T18:16:01,03/03/202606:16,127.55999999999999,0.0,0.0,51.96,0.0,0.0,0.0,0.8,16.0,198.7,23358.0,44181.0,23.3,18.080000000000002,67.2,29.85,11.172,327.4,32.0,0.08,
2026-03-03T18:16:17,03/03/202606:16,127.38,0.0,0.0,51.96,0.0,0.0,0.0,0.8,16.0,198.7,23358.0,44181.0,23.3,18.02,67.3,29.85,11.228,329.1,28.5,0.07,
2026-03-03T18:17:01,03/03/202606:17,127.22,0.0,0.0,51.96,0.0,0.0,0.0,0.8,16.0,198.7,23358.0,44181.0,23.3,17.96,67.4,29.85,11.284,330.8,25.0,0.06000000000000001,
2026-03-03T18:17:17,03/03/202606:17,127.03,0.0,0.0,51.95,0.0,0.0,0.0,0.8,16.0,198.7,23358.0,44181.0,23.3,17.9,67.5,29.85,11.34,332.5,21.5,0.05,
2026-03-03T18:17:30,03/03/202606:17,126.85,0.0,0.0,51.95,0.0,0.0,0.0,0.8,16.0,198.7,23358.0,44181.0,23.3,17.84,67.6,29.85,11.395999999999999,334.2,18.0,0.04,
2026-03-03T18:18:01,03/03/202606:18,126.85,0.0,0.0,51.96,0.0,0.0,0.0,0.8,16.0,198.7,23358.0,44181.0,23.3,17.78,67.7,29.85,11.452,335.9,14.5,0.030000000000000006,
2026-03-03T18:18:30,03/03/202606:18,126.75999999999999,0.0,0.0,51.96,0.0,0.0,0.0,0.8,16.0,198.7,23358.0,44181.0,23.3,17.720000000000002,67.8,29.85,11.508,337.6,11.0,0.02,
2026-03-03T18:19:01,03/03/202606:19,126.54,0.0,0.0,51.96,0.0,0.0,0.0,0.8,16.0,198.7,23358.0,44181.0,23.3,17.660000000000004,67.9,29.85,11.563999999999998,339.3,7.5,0.01,
2026-03-03T18:19:29,03/03/202606:19,126.25,0.0,0.0,51.96,0.0,0.0,0.0,0.8,16.0,198.7,23358.0,44181.0,23.3,17.6,68.0,29.85,11.62,341.0,4.0,0.0,
2026-03-03T18:20:01,03/03/202606:20,126.08,0.0,0.0,51.95,0.0,0.0,0.0,0.8,16.0,198.7,23358.0,44181.0,23.3,17.6,68.0,29.85,11.62,341.0,4.0,0.0,
2026-03-03T18:20:26,03/03/202606:20,125.83,0.0,0.0,51.94,0.0,0.0,0.0,0.8,16.0,198.7,23358.0,44181.0,23.3,17.6,68.0,29.85,11.62,341.0,4.0,0.0,
2026-03-03T18:21:01,03/03/202606:21,125.5,0.0,0.0,51.92999999999999,0.0,0.0,0.0,0.8,16.0,198.7,23358.0,44181.0,23.3,17.6,68.0,29.85,11.62,341.0,4.0,0.0,
2026-03-03T18:21:26,03/03/202606:21,124.02000000000001,0.0,0.0,51.92,0.0,0.0,0.0,0.8,16.0,198.7,23358.0,44181.0,23.3,17.6,68.0,29.85,11.62,341.0,4.0,0.0,
2026-03-03T18:22:01,03/03/202606:22,122.64000000000001,0.0,0.0,51.92,0.0,0.0,0.0,0.8,16.0,198.7,23358.0,44181.0,23.3,17.6,68.0,29.85,11.62,341.0,4.0,0.0,
2026-03-03T18:23:33,03/03/202606:23,120.5,0.0,0.0,51.910000000000004,0.0,0.0,0.0,0.8,16.0,198.7,23358.0,44181.0,23.3,17.6,68.0,29.85,11.62,341.0,4.0,0.0,
2026-03-03T18:24:00,03/03/202606:24,118.35999999999999,0.0,0.0,51.9,0.0,0.0,0.0,0.8,16.0,198.7,23358.0,44181.0,23.3,17.6,68.0,29.85,11.62,341.0,4.0,0.0,
2026-03-03T18:24:26,03/03/202606:24,117.88,0.0,0.0,51.9,0.0,0.0,0.0,0.8,16.0,198.7,23358.0,44181.0,23.3,17.6,68.0,29.85,11.62,341.0,4.0,0.0,
2026-03-03T18:25:01,03/03/202606:25,117.4,0.0,0.0,51.9,0.0,0.0,0.0,0.8,16.0,198.7,23358.0,44181.0,23.3,17.6,68.0,29.85,11.62,341.0,4.0,0.0,
2026-03-03T18:25:27,03/03/202606:25,115.33,0.0,0.0,51.9,0.0,0.0,0.0,0.8,16.0,198.7,23358.0,44181.0,23.3,17.6,68.0,29.85,11.62,341.0,4.0,0.0,
2026-03-03T18:26:00,03/03/202606:26,113.25999999999999,0.0,0.0,51.9,0.0,0.0,0.0,0.8,16.0,198.7,23358.0,44181.0,23.3,17.6,68.0,29.85,11.62,341.0,4.0,0.0,
2026-03-03T18:26:26,03/03/202606:26,112.95,0.0,0.0,51.9,0.0,0.0,0.0,0.8,16.0,198.7,23358.0,44181.0,23.3,17.6,68.0,29.85,11.62,341.0,4.0,0.0,
2026-03-03T18:27:01,03/03/202606:27,112.64000000000001,0.0,0.0,51.9,0.0,0.0,0.0,0.8,16.0,198.7,23358.0,44181.0,23.3,17.6,68.0,29.85,11.62,341.0,4.0,0.0,
2026-03-03T18:27:27,03/03/202606:27,111.49000000000001,0.0,0.0,51.9,0.0,0.0,0.0,0.8,16.0,198.7,23358.0,44181.0,23.3,17.6,68.0,29.85,11.62,341.0,4.0,0.0,
2026-03-03T18:28:00,03/03/202606:28,110.34,0.0,0.0,51.9,0.0,0.0,0.0,0.8,16.0,198.7,23358.0,44181.0,23.3,17.6,68.0,29.85,11.62,341.0,4.0,0.0,
2026-03-03T18:28:27,03/03/202606:28,111.80999999999999,0.0,0.0,51.9,0.0,0.0,0.0,0.8,16.0,198.7,23358.0,44181.0,23.3,17.6,68.0,29.85,11.62,341.0,4.0,0.0,
2026-03-03T18:29:00,03/03/202606:29,113.28,0.0,0.0,51.9,0.0,0.0,0.0,0.8,16.0,198.7,23358.0,44181.0,23.3,17.6,68.0,29.85,11.62,341.0,4.0,0.0,
2026-03-03T18:29:27,03/03/202606:29,110.55999999999999,0.0,0.0,51.9,0.0,0.0,0.0,0.8,16.0,198.7,23358.0,44181.0,23.3,17.6,68.0,29.85,11.62,341.0,4.0,0.0,
2026-03-03T18:30:00,03/03/202606:30,107.84,0.0,0.0,51.9,0.0,0.0,0.0,0.8,16.0,198.7,23358.0,44181.0,23.3,17.6,68.0,29.85,11.62,341.0,4.0,0.0,
2026-03-03T18:30:27,03/03/202606:30,107.65,0.0,0.0,51.9,0.0,0.0,0.0,0.8,16.0,198.7,23358.0,44181.0,23.3,17.57,68.0,29.85,11.62,341.0,4.6,0.0,
2026-03-03T18:31:00,03/03/202606:31,107.46,0.0,0.0,51.9,0.0,0.0,0.0,0.8,16.0,198.7,23358.0,44181.0,23.3,17.54,68.0,29.85,11.62,341.0,5.2,0.0,
2026-03-03T18:31:26,03/03/202606:31,100.68,0.0,0.0,51.9,0.0,0.0,0.0,0.8,16.0,198.7,23358.0,44181.0,23.3,17.48,68.0,29.85,11.508,338.9,4.8,0.0,
2026-03-03T18:32:01,03/03/202606:32,93.9,0.0,0.0,51.9,0.0,0.0,0.0,0.8,16.0,198.7,23358.0,44181.0,23.3,17.42,68.0,29.85,11.395999999999999,336.8,4.4,0.0,
2026-03-03T18:33:00,03/03/202606:33,89.11,0.0,0.0,51.9,0.0,0.0,0.0,0.8,16.0,198.7,23358.0,44181.0,23.3,17.360000000000003,68.0,29.853,11.041999999999998,334.1,4.0,0.0,
2026-03-03T18:34:44,03/03/202606:34,84.3,0.0,0.0,51.9,0.0,0.0,0.0,0.8,16.0,198.7,23358.0,44181.0,23.3,17.3,68.3,29.856,10.687999999999999,331.4,3.6,0.0,
2026-03-03T18:35:00,03/03/202606:35,77.62,0.0,0.0,51.9,0.0,0.0,0.0,0.8,16.0,198.7,23358.0,44181.0,23.3,17.240000000000002,68.6,29.859,10.334,328.7,3.2,0.0,
2026-03-03T18:35:27,03/03/202606:35,70.95,0.0,0.0,51.9,0.0,0.0,0.0,0.8,16.0,198.7,23358.0,44181.0,23.3,17.18,68.9,29.862000000000002,9.98,326.0,2.8,0.0,
2026-03-03T18:36:01,03/03/202606:36,66.9,0.0,0.0,51.9,0.0,0.0,0.0,0.8,16.0,198.7,23358.0,44181.0,23.3,17.119999999999997,69.2,29.865,9.626,323.3,2.4,0.0,
2026-03-03T18:37:01,03/03/202606:37,62.85,0.0,0.0,51.9,0.0,0.0,0.0,0.8,16.0,198.7,23358.0,44181.0,23.3,17.06,69.5,29.868000000000002,9.272,320.6,2.0,0.0,
2026-03-03T18:38:01,03/03/202606:38,57.92999999999999,0.0,0.0,51.9,0.0,0.0,0.0,0.8,16.0,198.7,23358.0,44181.0,23.3,17.03,69.8,29.871,8.918000000000001,317.9,1.0,0.0,
2026-03-03T18:38:27,03/03/202606:38,53.0,0.0,0.0,51.9,0.0,0.0,0.0,0.8,16.0,198.7,23358.0,44181.0,23.3,17.0,70.1,29.874000000000002,8.564,315.2,0.0,0.0,
2026-03-03T18:39:01,03/03/202606:39,52.98,0.0,0.0,51.9,0.0,0.0,0.0,0.8,16.0,198.7,23358.0,44181.0,23.3,17.0,70.4,29.877,8.322,314.6,0.0,0.0,
2026-03-03T18:39:26,03/03/202606:39,52.970000000000006,0.0,0.0,51.9,0.0,0.0,0.0,0.8,16.0,198.7,23358.0,44181.0,23.3,17.0,70.7,29.880000000000003,8.08,314.0,0.0,0.0,
2026-03-03T18:40:01,03/03/202606:40,52.96,0.0,0.0,51.9,0.0,0.0,0.0,0.8,16.0,198.7,23358.0,44181.0,23.3,17.0,71.0,29.880000000000003,8.08,314.0,0.0,0.0,
2026-03-03T18:40:27,03/03/202606:40,52.96,0.0,0.0,51.9,0.0,0.0,0.0,0.8,16.0,198.7,23358.0,44181.0,23.3,17.0,71.0,29.880000000000003,8.08,314.0,0.0,0.0,
2026-03-03T18:40:32,03/03/202606:40,52.970000000000006,0.0,0.0,51.9,0.0,0.0,0.0,0.8,16.0,198.7,23358.0,44181.0,23.4,17.0,71.0,29.880000000000003,8.08,314.0,0.0,0.0,
2026-03-03T18:41:01,03/03/202606:41,52.970000000000006,0.0,0.0,51.9,0.0,0.0,0.0,0.8,16.0,198.7,23358.0,44181.0,23.4,17.0,71.0,29.880000000000003,8.08,314.0,0.0,0.0,
2026-03-03T18:42:00,03/03/202606:42,52.970000000000006,0.0,0.0,51.9,0.0,0.0,0.0,0.8,16.0,198.7,23358.0,44181.0,23.3,17.0,71.0,29.880000000000003,8.08,314.0,0.0,0.0,
2026-03-03T18:42:32,03/03/202606:42,52.79,0.0,0.0,51.9,0.0,0.0,0.0,0.8,16.0,198.7,23358.0,44181.0,23.3,17.0,71.0,29.880000000000003,8.08,314.0,0.0,0.0,
2026-03-03T18:43:01,03/03/202606:43,52.61,0.0,0.0,51.9,0.0,0.0,0.0,0.8,16.0,198.7,23358.0,44181.0,23.3,17.0,71.0,29.880000000000003,8.08,314.0,0.0,0.0,
2026-03-03T18:43:32,03/03/202606:43,51.720000000000006,0.0,0.0,51.89,0.0,0.0,0.0,0.8,16.0,198.7,23358.0,44181.0,23.3,17.0,71.0,29.880000000000003,8.08,314.0,0.0,0.0,
2026-03-03T18:44:01,03/03/202606:44,50.83,0.0,0.0,51.879999999999995,0.0,0.0,0.0,0.8,16.0,198.7,23358.0,44181.0,23.3,17.0,71.0,29.880000000000003,8.08,314.0,0.0,0.0,
2026-03-03T18:44:32,03/03/202606:44,49.42,0.0,0.0,51.879999999999995,0.0,0.0,0.0,0.8,16.0,198.7,23358.0,44181.0,23.3,17.0,71.0,29.880000000000003,8.08,314.0,0.0,0.0,
2026-03-03T18:45:56,03/03/202606:45,47.61,0.0,0.0,51.86999999999999,0.0,0.0,0.0,0.8,16.0,198.7,23358.0,44181.0,23.3,17.0,71.0,29.880000000000003,8.08,314.0,0.0,0.0,
2026-03-03T18:46:01,03/03/202606:46,45.81,0.0,0.0,51.86,0.0,0.0,0.0,0.8,16.0,198.7,23358.0,44181.0,23.3,17.0,71.0,29.880000000000003,8.08,314.0,0.0,0.0,
2026-03-03T18:46:31,03/03/202606:46,43.71,0.0,0.0,51.85,0.0,0.0,0.0,0.8,16.0,198.7,23358.0,44181.0,23.3,16.96,70.9,29.880000000000003,8.192,313.7,0.0,0.0,
2026-03-03T18:47:00,03/03/202606:47,41.61,0.0,0.0,51.839999999999996,0.0,0.0,0.0,0.8,16.0,198.7,23358.0,44181.0,23.3,16.919999999999998,70.8,29.880000000000003,8.303999999999998,313.4,0.0,0.0,
2026-03-03T18:47:32,03/03/202606:47,39.3,0.0,0.0,51.83,0.0,0.0,0.0,0.8,16.0,198.7,23358.0,44181.0,23.3,16.880000000000003,70.7,29.880000000000003,8.416,313.1,0.0,0.0,
2026-03-03T18:48:01,03/03/202606:48,37.17,0.0,0.0,51.81999999999999,0.0,0.0,0.0,0.8,16.0,198.7,23358.0,44181.0,23.3,16.84,70.6,29.880000000000003,8.528,312.8,0.0,0.0,
2026-03-03T18:48:32,03/03/202606:48,34.88,0.0,0.0,51.81,0.0,0.0,0.0,0.8,16.0,198.7,23358.0,44181.0,23.3,16.8,70.5,29.880000000000003,8.639999999999999,312.5,0.0,0.0,
2026-03-03T18:49:00,03/03/202606:49,33.31,0.0,0.0,51.81,0.0,0.0,0.0,0.8,16.0,198.7,23358.0,44181.0,23.3,16.76,70.4,29.880000000000003,8.751999999999999,312.2,0.0,0.0,
2026-03-03T18:49:32,03/03/202606:49,31.6,0.0,0.0,51.81,0.0,0.0,0.0,0.8,16.0,198.7,23358.0,44181.0,23.3,16.720000000000002,70.3,29.880000000000003,8.864,311.9,0.0,0.0,
2026-03-03T18:50:01,03/03/202606:50,30.4,0.0,0.0,51.8,0.0,0.0,0.0,0.8,16.0,198.7,23358.0,44181.0,23.3,16.68,70.2,29.880000000000003,8.975999999999999,311.6,0.0,0.0,
2026-03-03T18:50:32,03/03/202606:50,29.49,0.0,0.0,51.8,0.0,0.0,0.0,0.8,16.0,198.7,23358.0,44181.0,23.3,16.64,70.1,29.880000000000003,9.088,311.3,0.0,0.0,
2026-03-03T18:51:01,03/03/202606:51,28.580000000000002,0.0,0.0,51.8,0.0,0.0,0.0,0.8,16.0,198.7,23358.0,44181.0,23.3,16.6,70.0,29.880000000000003,9.2,311.0,0.0,0.0,
2026-03-03T18:51:32,03/03/202606:51,27.860000000000003,0.0,0.0,51.81,0.0,0.0,0.0,0.8,16.0,198.7,23358.0,44181.0,23.3,16.6,70.0,29.880000000000003,9.2,311.0,0.0,0.0,
2026-03-03T18:52:01,03/03/202606:52,27.139999999999997,0.0,0.0,51.81999999999999,0.0,0.0,0.0,0.8,16.0,198.7,23358.0,44181.0,23.3,16.6,70.0,29.880000000000003,9.2,311.0,0.0,0.0,
2026-03-03T18:52:32,03/03/202606:52,26.55,0.0,0.0,51.83,0.0,0.0,0.0,0.8,16.0,198.7,23358.0,44181.0,23.3,16.6,70.0,29.880000000000003,9.2,311.0,0.0,0.0,
2026-03-03T18:53:01,03/03/202606:53,25.96,0.0,0.0,51.839999999999996,0.0,0.0,0.0,0.8,16.0,198.7,23358.0,44181.0,23.3,16.6,70.0,29.880000000000003,9.2,311.0,0.0,0.0,
2026-03-03T18:53:32,03/03/202606:53,25.48,0.0,0.0,51.839999999999996,0.0,0.0,0.0,0.8,16.0,198.7,23358.0,44181.0,23.3,16.6,70.0,29.880000000000003,9.2,311.0,0.0,0.0,
2026-03-03T18:54:01,03/03/202606:54,25.0,0.0,0.0,51.839999999999996,0.0,0.0,0.0,0.8,16.0,198.7,23358.0,44181.0,23.3,16.6,70.0,29.880000000000003,9.2,311.0,0.0,0.0,
2026-03-03T18:54:32,03/03/202606:54,24.630000000000003,0.0,0.0,51.839999999999996,0.0,0.0,0.0,0.8,16.0,198.7,23358.0,44181.0,23.3,16.6,70.0,29.880000000000003,9.2,311.0,0.0,0.0,
2026-03-03T18:55:01,03/03/202606:55,24.259999999999998,0.0,0.0,51.839999999999996,0.0,0.0,0.0,0.8,16.0,198.7,23358.0,44181.0,23.3,16.6,70.0,29.880000000000003,9.2,311.0,0.0,0.0,
2026-03-03T18:55:32,03/03/202606:55,23.98,0.0,0.0,51.85,0.0,0.0,0.0,0.8,16.0,198.7,23358.0,44181.0,23.3,16.6,70.0,29.880000000000003,9.2,311.0,0.0,0.0,
2026-03-03T18:57:08,03/03/202606:57,23.69,0.0,0.0,51.85,0.0,0.0,0.0,0.8,16.0,198.7,23358.0,44181.0,23.3,16.6,70.0,29.880000000000003,9.2,311.0,0.0,0.0,
2026-03-03T18:58:10,03/03/202606:58,23.48,0.0,0.0,51.839999999999996,0.0,0.0,0.0,0.8,16.0,198.7,23358.0,44181.0,23.3,16.6,70.0,29.880000000000003,9.2,311.0,0.0,0.0,
2026-03-03T18:59:00,03/03/202606:59,23.27,0.0,0.0,51.83,0.0,0.0,0.0,0.8,16.0,198.7,23358.0,44181.0,23.3,16.6,70.0,29.880000000000003,9.2,311.0,0.0,0.0,
2026-03-03T18:59:10,03/03/202606:59,23.130000000000003,0.0,0.0,51.81999999999999,0.0,0.0,0.0,0.8,16.0,198.7,23358.0,44181.0,23.3,16.6,70.0,29.880000000000003,9.2,311.0,0.0,0.0,
2026-03-03T19:00:01,03/03/202607:00,22.990000000000002,0.0,0.0,51.81,0.0,0.0,0.0,0.8,16.0,198.7,23358.0,44181.0,23.3,16.6,70.0,29.880000000000003,9.2,311.0,0.0,0.0,
2026-03-03T19:00:32,03/03/202607:00,22.89,0.0,0.0,51.81,0.0,0.0,0.0,0.8,16.0,198.7,23358.0,44181.0,23.3,16.6,70.0,29.880000000000003,9.2,311.0,0.0,0.0,
2026-03-03T19:01:00,03/03/202607:01,22.79,0.0,0.0,51.81,0.0,0.0,0.0,0.8,16.0,198.7,23358.0,44181.0,23.3,16.6,70.0,29.880000000000003,9.2,311.0,0.0,0.0,
2026-03-03T19:02:01,03/03/202607:02,22.72,0.0,0.0,51.81,0.0,0.0,0.0,0.8,16.0,198.7,23358.0,44181.0,23.3,16.560000000000002,70.0,29.880000000000003,9.293,312.4,0.0,0.0,
2026-03-03T19:03:01,03/03/202607:03,22.65,0.0,0.0,51.81,0.0,0.0,0.0,0.8,16.0,198.7,23358.0,44181.0,23.3,16.520000000000003,70.0,29.880000000000003,9.386,313.8,0.0,0.0,
2026-03-03T19:04:00,03/03/202607:04,22.6,0.0,0.0,51.8,0.0,0.0,0.0,0.8,16.0,198.7,23358.0,44181.0,23.3,16.48,70.0,29.880000000000003,9.479,315.2,0.0,0.0,
2026-03-03T19:05:01,03/03/202607:05,22.56,0.0,0.0,51.8,0.0,0.0,0.0,0.8,16.0,198.7,23358.0,44181.0,23.3,16.44,70.0,29.880000000000003,9.572,316.6,0.0,0.0,
2026-03-03T19:05:33,03/03/202607:05,22.53,0.0,0.0,51.81,0.0,0.0,0.0,0.8,16.0,198.7,23358.0,44181.0,23.3,16.4,70.0,29.880000000000003,9.665000000000001,318.0,0.0,0.0,
2026-03-03T19:06:01,03/03/202607:06,22.5,0.0,0.0,51.81999999999999,0.0,0.0,0.0,0.8,16.0,198.7,23358.0,44181.0,23.3,16.36,70.0,29.880000000000003,9.758,319.4,0.0,0.0,
2026-03-03T19:06:32,03/03/202607:06,22.490000000000002,0.0,0.0,51.81999999999999,0.0,0.0,0.0,0.8,16.0,198.7,23358.0,44181.0,23.3,16.32,70.0,29.880000000000003,9.851,320.8,0.0,0.0,
2026-03-03T19:08:21,03/03/202607:08,22.48,0.0,0.0,51.81999999999999,0.0,0.0,0.0,0.8,16.0,198.7,23358.0,44181.0,23.3,16.28,70.0,29.880000000000003,9.943999999999999,322.2,0.0,0.0,
2026-03-03T19:08:32,03/03/202607:08,22.47,0.0,0.0,51.81999999999999,0.0,0.0,0.0,0.8,16.0,198.7,23358.0,44181.0,23.3,16.240000000000002,70.0,29.880000000000003,10.037,323.6,0.0,0.0,
2026-03-03T19:09:00,03/03/202607:09,22.46,0.0,0.0,51.81999999999999,0.0,0.0,0.0,0.8,16.0,198.7,23358.0,44181.0,23.3,16.2,70.0,29.880000000000003,10.13,325.0,0.0,0.0,
2026-03-03T19:10:00,03/03/202607:10,22.45,0.0,0.0,51.81999999999999,0.0,0.0,0.0,0.8,16.0,198.7,23358.0,44181.0,23.3,16.2,70.0,29.880000000000003,10.13,325.0,0.0,0.0,
2026-03-03T19:11:00,03/03/202607:11,22.439999999999998,0.0,0.0,51.81999999999999,0.0,0.0,0.0,0.8,16.0,198.7,23358.0,44181.0,23.3,16.2,70.0,29.880000000000003,10.13,325.0,0.0,0.0,
2026-03-03T19:12:00,03/03/202607:12,22.43,0.0,0.0,51.81999999999999,0.0,0.0,0.0,0.8,16.0,198.7,23358.0,44181.0,23.3,16.2,70.0,29.880000000000003,10.13,325.0,0.0,0.0,
2026-03-03T19:13:00,03/03/202607:13,22.419999999999998,0.0,0.0,51.83,0.0,0.0,0.0,0.8,16.0,198.7,23358.0,44181.0,23.3,16.2,70.0,29.880000000000003,10.13,325.0,0.0,0.0,
2026-03-03T19:14:00,03/03/202607:14,22.419999999999998,0.0,0.0,51.81999999999999,0.0,0.0,0.0,0.8,16.0,198.7,23358.0,44181.0,23.3,16.2,70.0,29.880000000000003,10.13,325.0,0.0,0.0,
2026-03-03T19:14:33,03/03/202607:14,22.41,0.0,0.0,51.81,0.0,0.0,0.0,0.8,16.0,198.7,23358.0,44181.0,23.3,16.2,70.0,29.880000000000003,10.13,325.0,0.0,0.0,
2026-03-03T19:15:00,03/03/202607:15,22.389999999999997,0.0,0.0,51.81,0.0,0.0,0.0,0.8,16.0,198.7,23358.0,44181.0,23.3,16.2,70.0,29.880000000000003,10.13,325.0,0.0,0.0,
2026-03-03T19:15:33,03/03/202607:15,22.38,0.0,0.0,51.81,0.0,0.0,0.0,0.8,16.0,198.7,23358.0,44181.0,23.3,16.15,70.0,29.880000000000003,10.118,325.1,0.0,0.0,
2026-03-03T19:16:00,03/03/202607:16,22.38,0.0,0.0,51.81,0.0,0.0,0.0,0.8,16.0,198.7,23358.0,44181.0,23.3,16.1,70.0,29.880000000000003,10.106,325.2,0.0,0.0,
2026-03-03T19:17:00,03/03/202607:17,22.38,0.0,0.0,51.81,0.0,0.0,0.0,0.8,16.0,198.7,23358.0,44181.0,23.3,16.05,70.0,29.880000000000003,10.094,325.3,0.0,0.0,
2026-03-03T19:19:32,03/03/202607:19,22.38,0.0,0.0,51.81,0.0,0.0,0.0,0.8,16.0,198.7,23358.0,44181.0,23.3,16.0,70.0,29.880000000000003,10.082,325.4,0.0,0.0,
2026-03-03T19:20:01,03/03/202607:20,22.38,0.0,0.0,51.81,0.0,0.0,0.0,0.8,16.0,198.7,23358.0,44181.0,23.3,15.95,70.0,29.880000000000003,10.07,325.5,0.0,0.0,
2026-03-03T19:21:01,03/03/202607:21,22.38,0.0,0.0,51.81999999999999,0.0,0.0,0.0,0.8,16.0,198.7,23358.0,44181.0,23.3,15.9,70.0,29.880000000000003,10.058,325.6,0.0,0.0,
2026-03-03T19:21:03,03/03/202607:21,22.369999999999997,0.0,0.0,51.81,0.0,0.0,0.0,0.8,16.0,198.7,23358.0,44181.0,23.3,15.85,70.0,29.880000000000003,9.778,325.1,0.0,0.0,
2026-03-03T19:22:01,03/03/202607:22,22.36,0.0,0.0,51.81,0.0,0.0,0.0,0.8,16.0,198.7,23358.0,44181.0,23.3,15.8,70.0,29.880000000000003,9.498000000000001,324.6,0.0,0.0,
2026-03-03T19:22:02,03/03/202607:22,22.369999999999997,0.0,0.0,51.81,0.0,0.0,0.0,0.8,16.0,198.7,23358.0,44181.0,23.3,15.75,70.0,29.880000000000003,9.218,324.1,0.0,0.0,
2026-03-03T19:23:01,03/03/202607:23,22.38,0.0,0.0,51.81,0.0,0.0,0.0,0.8,16.0,198.7,23358.0,44181.0,23.3,15.7,70.0,29.880000000000003,8.937999999999999,323.6,0.0,0.0,
2026-03-03T19:24:01,03/03/202607:24,22.38,0.0,0.0,51.81,0.0,0.0,0.0,0.8,16.0,198.7,23358.0,44181.0,23.3,15.7,70.0,29.880000000000003,8.67,323.0,0.0,0.0,
2026-03-03T19:24:03,03/03/202607:24,22.369999999999997,0.0,0.0,51.81,0.0,0.0,0.0,0.8,16.0,198.7,23358.0,44181.0,23.3,15.7,70.0,29.880000000000003,8.402,322.4,0.0,0.0,
2026-03-03T19:25:01,03/03/202607:25,22.36,0.0,0.0,51.81,0.0,0.0,0.0,0.8,16.0,198.7,23358.0,44181.0,23.3,15.7,70.0,29.880000000000003,8.134,321.8,0.0,0.0,
2026-03-03T19:26:01,03/03/202607:26,22.35,0.0,0.0,51.81,0.0,0.0,0.0,0.8,16.0,198.7,23358.0,44181.0,23.3,15.7,70.0,29.880000000000003,7.866,321.2,0.0,0.0,
2026-03-03T19:27:01,03/03/202607:27,22.34,0.0,0.0,51.81,0.0,0.0,0.0,0.8,16.0,198.7,23358.0,44181.0,23.3,15.7,70.0,29.880000000000003,7.598000000000001,320.6,0.0,0.0,
2026-03-03T19:28:01,03/03/202607:28,22.330000000000002,0.0,0.0,51.8,0.0,0.0,0.0,0.8,16.0,198.7,23358.0,44181.0,23.3,15.7,70.0,29.880000000000003,7.33,320.0,0.0,0.0,
2026-03-03T19:29:01,03/03/202607:29,22.330000000000002,0.0,0.0,51.8,0.0,0.0,0.0,0.8,16.0,198.7,23358.0,44181.0,23.4,15.7,70.0,29.880000000000003,7.33,320.0,0.0,0.0,
2026-03-03T19:30:43,03/03/202607:30,22.330000000000002,0.0,0.0,51.8,0.0,0.0,0.0,0.8,16.0,198.7,23358.0,44181.0,23.3,15.7,70.0,29.880000000000003,7.33,320.0,0.0,0.0,
2026-03-03T19:31:00,03/03/202607:31,22.32,0.0,0.0,51.8,0.0,0.0,0.0,0.8,16.0,198.7,23358.0,44181.0,23.3,15.7,70.0,29.880000000000003,7.33,320.0,0.0,0.0,
2026-03-03T19:32:00,03/03/202607:32,22.31,0.0,0.0,51.8,0.0,0.0,0.0,0.8,16.0,198.7,23358.0,44181.0,23.3,15.679999999999998,70.0,29.880000000000003,7.548,322.1,0.0,0.0,
2026-03-03T19:33:00,03/03/202607:33,22.3,0.0,0.0,51.8,0.0,0.0,0.0,0.8,16.0,198.7,23358.0,44181.0,23.3,15.66,70.0,29.880000000000003,7.766,324.2,0.0,0.0,
2026-03-03T19:34:00,03/03/202607:34,22.3,0.0,0.0,51.8,0.0,0.0,0.0,0.8,16.0,198.7,23358.0,44181.0,23.3,15.64,70.0,29.880000000000003,7.984,326.3,0.0,0.0,
2026-03-03T19:34:03,03/03/202607:34,22.31,0.0,0.0,51.8,0.0,0.0,0.0,0.8,16.0,198.7,23358.0,44181.0,23.3,15.62,70.0,29.880000000000003,8.202,328.4,0.0,0.0,
2026-03-03T19:35:00,03/03/202607:35,22.32,0.0,0.0,51.8,0.0,0.0,0.0,0.8,16.0,198.7,23358.0,44181.0,23.3,15.6,70.0,29.880000000000003,8.42,330.5,0.0,0.0,
2026-03-03T19:36:00,03/03/202607:36,22.330000000000002,0.0,0.0,51.8,0.0,0.0,0.0,0.8,16.0,198.7,23358.0,44181.0,23.3,15.580000000000002,70.0,29.880000000000003,8.638,332.6,0.0,0.0,
2026-03-03T19:37:00,03/03/202607:37,22.34,0.0,0.0,51.8,0.0,0.0,0.0,0.8,16.0,198.7,23358.0,44181.0,23.3,15.559999999999999,70.0,29.880000000000003,8.856,334.7,0.0,0.0,
2026-03-03T19:37:03,03/03/202607:37,22.34,0.0,0.0,51.8,0.0,0.0,0.0,0.8,16.0,198.7,23358.0,44181.0,23.3,15.540000000000001,70.0,29.880000000000003,9.074,336.8,0.0,0.0,
2026-03-03T19:38:00,03/03/202607:38,22.34,0.0,0.0,51.8,0.0,0.0,0.0,0.8,16.0,198.7,23358.0,44181.0,23.3,15.52,70.0,29.880000000000003,9.292,338.9,0.0,0.0,
2026-03-03T19:38:03,03/03/202607:38,22.35,0.0,0.0,51.8,0.0,0.0,0.0,0.8,16.0,198.7,23358.0,44181.0,23.3,15.5,70.0,29.880000000000003,9.51,341.0,0.0,0.0,
2026-03-03T19:39:00,03/03/202607:39,22.36,0.0,0.0,51.8,0.0,0.0,0.0,0.8,16.0,198.7,23358.0,44181.0,23.3,15.5,70.0,29.880000000000003,9.51,341.0,0.0,0.0,
2026-03-03T19:40:01,03/03/202607:40,22.369999999999997,0.0,0.0,51.8,0.0,0.0,0.0,0.8,16.0,198.7,23358.0,44181.0,23.3,15.5,70.0,29.880000000000003,9.51,341.0,0.0,0.0,
2026-03-03T19:41:54,03/03/202607:41,22.38,0.0,0.0,51.8,0.0,0.0,0.0,0.8,16.0,198.7,23358.0,44181.0,23.3,15.5,70.0,29.880000000000003,9.51,341.0,0.0,0.0,
2026-03-03T19:42:01,03/03/202607:42,22.38,0.0,0.0,51.8,0.0,0.0,0.0,0.8,16.0,198.7,23358.0,44181.0,23.3,15.5,70.0,29.880000000000003,9.51,341.0,0.0,0.0,
2026-03-03T19:43:00,03/03/202607:43,22.38,0.0,0.0,51.8,0.0,0.0,0.0,0.8,16.0,198.7,23358.0,44181.0,23.3,15.5,70.0,29.880000000000003,9.51,341.0,0.0,0.0,
2026-03-03T19:44:01,03/03/202607:44,22.38,0.0,0.0,51.8,0.0,0.0,0.0,0.8,16.0,198.7,23358.0,44181.0,23.3,15.5,70.0,29.880000000000003,9.51,341.0,0.0,0.0,
2026-03-03T19:44:03,03/03/202607:44,22.369999999999997,0.0,0.0,51.8,0.0,0.0,0.0,0.8,16.0,198.7,23358.0,44181.0,23.3,15.5,70.0,29.880000000000003,9.51,341.0,0.0,0.0,
2026-03-03T19:45:00,03/03/202607:45,22.369999999999997,0.0,0.0,51.8,0.0,0.0,0.0,0.8,16.0,198.7,23358.0,44181.0,23.3,15.5,70.0,29.880000000000003,9.51,341.0,0.0,0.0,
2026-03-03T19:45:03,03/03/202607:45,22.38,0.0,0.0,51.8,0.0,0.0,0.0,0.8,16.0,198.7,23358.0,44181.0,23.3,15.5,70.0,29.880000000000003,9.51,341.0,0.0,0.0,
2026-03-03T19:46:00,03/03/202607:46,22.38,0.0,0.0,51.8,0.0,0.0,0.0,0.8,16.0,198.7,23358.0,44181.0,23.3,15.5,70.0,29.880000000000003,9.51,341.0,0.0,0.0,
2026-03-03T19:46:04,03/03/202607:46,22.369999999999997,0.0,0.0,51.8,0.0,0.0,0.0,0.8,16.0,198.7,23358.0,44181.0,23.3,15.45,70.0,29.880000000000003,9.584,341.9,0.0,0.0,
2026-03-03T19:47:00,03/03/202607:47,22.36,0.0,0.0,51.8,0.0,0.0,0.0,0.8,16.0,198.7,23358.0,44181.0,23.3,15.4,70.0,29.880000000000003,9.658,342.8,0.0,0.0,
2026-03-03T19:47:03,03/03/202607:47,22.36,0.0,0.0,51.8,0.0,0.0,0.0,0.8,16.0,198.7,23358.0,44181.0,23.3,15.35,70.0,29.880000000000003,9.732,343.7,0.0,0.0,
2026-03-03T19:48:01,03/03/202607:48,22.36,0.0,0.0,51.8,0.0,0.0,0.0,0.8,16.0,198.7,23358.0,44181.0,23.3,15.3,70.0,29.880000000000003,9.806000000000001,344.6,0.0,0.0,
2026-03-03T19:49:00,03/03/202607:49,22.36,0.0,0.0,51.8,0.0,0.0,0.0,0.8,16.0,198.7,23358.0,44181.0,23.3,15.25,70.0,29.880000000000003,9.879999999999999,345.5,0.0,0.0,
2026-03-03T19:49:03,03/03/202607:49,22.35,0.0,0.0,51.8,0.0,0.0,0.0,0.8,16.0,198.7,23358.0,44181.0,23.3,15.2,70.0,29.880000000000003,9.953999999999999,346.4,0.0,0.0,
2026-03-03T19:50:34,03/03/202607:50,22.36,0.0,0.0,51.8,0.0,0.0,0.0,0.8,16.0,198.7,23358.0,44181.0,23.3,15.15,70.0,29.880000000000003,10.028,347.3,0.0,0.0,
2026-03-03T19:51:00,03/03/202607:51,22.369999999999997,0.0,0.0,51.8,0.0,0.0,0.0,0.8,16.0,198.7,23358.0,44181.0,23.3,15.1,70.0,29.880000000000003,10.102,348.2,0.0,0.0,
2026-03-03T19:53:06,03/03/202607:53,22.369999999999997,0.0,0.0,51.8,0.0,0.0,0.0,0.8,16.0,198.7,23358.0,44181.0,23.3,15.05,70.0,29.880000000000003,10.176,349.1,0.0,0.0,
2026-03-03T19:54:00,03/03/202607:54,22.369999999999997,0.0,0.0,51.8,0.0,0.0,0.0,0.8,16.0,198.7,23358.0,44181.0,23.3,15.0,70.0,29.880000000000003,10.25,350.0,0.0,0.0,
2026-03-03T19:54:34,03/03/202607:54,22.369999999999997,0.0,0.0,51.8,0.0,0.0,0.0,0.8,16.0,198.7,23358.0,44181.0,23.3,15.0,70.0,29.880000000000003,10.25,350.0,0.0,0.0,
2026-03-03T19:55:01,03/03/202607:55,22.369999999999997,0.0,0.0,51.8,0.0,0.0,0.0,0.8,16.0,198.7,23358.0,44181.0,23.3,15.0,70.0,29.880000000000003,10.25,350.0,0.0,0.0,
2026-03-03T19:56:00,03/03/202607:56,22.36,0.0,0.0,51.8,0.0,0.0,0.0,0.8,16.0,198.7,23358.0,44181.0,23.3,15.0,70.0,29.880000000000003,10.25,350.0,0.0,0.0,
2026-03-03T19:56:33,03/03/202607:56,22.36,0.0,0.0,51.79,0.0,0.0,0.0,0.8,16.0,198.7,23358.0,44181.0,23.3,15.0,70.0,29.883,10.25,350.0,0.0,0.0,
2026-03-03T19:57:01,03/03/202607:57,22.36,0.0,0.0,51.779999999999994,0.0,0.0,0.0,0.8,16.0,198.7,23358.0,44181.0,23.3,15.0,70.0,29.886000000000003,10.25,350.0,0.0,0.0,
2026-03-03T19:57:33,03/03/202607:57,22.36,0.0,0.0,51.779999999999994,0.0,0.0,0.0,0.8,16.0,198.7,23358.0,44181.0,23.3,15.0,70.2,29.889,10.25,350.0,0.0,0.0,
2026-03-03T19:58:00,03/03/202607:58,22.35,0.0,0.0,51.779999999999994,0.0,0.0,0.0,0.8,16.0,198.7,23358.0,44181.0,23.3,15.0,70.4,29.892000000000003,10.25,350.0,0.0,0.0,
2026-03-03T19:59:01,03/03/202607:59,22.34,0.0,0.0,51.779999999999994,0.0,0.0,0.0,0.8,16.0,198.7,23358.0,44181.0,23.3,15.0,70.6,29.895,10.25,350.0,0.0,0.0,
2026-03-03T20:00:00,03/03/202608:00,22.330000000000002,0.0,0.0,51.779999999999994,0.0,0.0,0.0,0.8,16.0,198.7,23358.0,44181.0,23.3,15.0,70.8,29.898000000000003,10.25,350.0,0.0,0.0,
2026-03-03T20:01:00,03/03/202608:01,22.32,0.0,0.0,51.779999999999994,0.0,0.0,0.0,0.8,16.0,198.7,23358.0,44181.0,23.3,15.0,71.0,29.901,10.25,350.0,0.0,0.0,
2026-03-03T20:01:34,03/03/202608:01,22.330000000000002,0.0,0.0,51.77,0.0,0.0,0.0,0.8,16.0,198.7,23358.0,44181.0,23.3,14.95,71.2,29.904000000000003,10.406,349.5,0.0,0.0,
2026-03-03T20:02:01,03/03/202608:02,22.34,0.0,0.0,51.760000000000005,0.0,0.0,0.0,0.8,16.0,198.7,23358.0,44181.0,23.3,14.9,71.4,29.907,10.562000000000001,349.0,0.0,0.0,
2026-03-03T20:02:33,03/03/202608:02,22.34,0.0,0.0,51.760000000000005,0.0,0.0,0.0,0.8,16.0,198.7,23358.0,44181.0,23.3,14.85,71.6,29.910000000000004,10.718,348.5,0.0,0.0,
2026-03-03T20:04:19,03/03/202608:04,22.330000000000002,0.0,0.0,51.77,0.0,0.0,0.0,0.8,16.0,198.7,23358.0,44181.0,23.3,14.8,71.8,29.910000000000004,10.874,348.0,0.0,0.0,
2026-03-03T20:05:01,03/03/202608:05,22.32,0.0,0.0,51.779999999999994,0.0,0.0,0.0,0.8,16.0,198.7,23358.0,44181.0,23.3,14.75,72.0,29.910000000000004,11.03,347.5,0.0,0.0,
2026-03-03T20:06:01,03/03/202608:06,22.32,0.0,0.0,51.77,0.0,0.0,0.0,0.8,16.0,198.7,23358.0,44181.0,23.3,14.7,72.0,29.910000000000004,11.186,347.0,0.0,0.0,
2026-03-03T20:06:33,03/03/202608:06,22.330000000000002,0.0,0.0,51.77,0.0,0.0,0.0,0.8,16.0,198.7,23358.0,44181.0,23.3,14.65,72.0,29.910000000000004,11.342,346.5,0.0,0.0,
2026-03-03T20:07:01,03/03/202608:07,22.34,0.0,0.0,51.77,0.0,0.0,0.0,0.8,16.0,198.7,23358.0,44181.0,23.3,14.6,72.0,29.910000000000004,11.498000000000001,346.0,0.0,0.0,
2026-03-03T20:07:34,03/03/202608:07,22.16,0.0,0.0,51.760000000000005,0.0,0.0,0.0,0.8,16.0,198.7,23358.0,44181.0,23.3,14.55,72.0,29.910000000000004,11.654,345.5,0.0,0.0,
2026-03-03T20:08:01,03/03/202608:08,21.98,0.0,0.0,51.75,0.0,0.0,0.0,0.8,16.0,198.7,23358.0,44181.0,23.3,14.5,72.0,29.910000000000004,11.81,345.0,0.0,0.0,
2026-03-03T20:08:33,03/03/202608:08,21.78,0.0,0.0,51.760000000000005,0.0,0.0,0.0,0.8,16.0,198.7,23358.0,44181.0,23.3,14.5,72.0,29.910000000000004,11.81,345.0,0.0,0.0,
2026-03-03T20:09:01,03/03/202608:09,21.580000000000002,0.0,0.0,51.77,0.0,0.0,0.0,0.8,16.0,198.7,23358.0,44181.0,23.3,14.5,72.0,29.910000000000004,11.81,345.0,0.0,0.0,
2026-03-03T20:09:34,03/03/202608:09,21.4,0.0,0.0,51.77,0.0,0.0,0.0,0.8,16.0,198.7,23358.0,44181.0,23.3,14.5,72.0,29.910000000000004,11.81,345.0,0.0,0.0,
2026-03-03T20:10:01,03/03/202608:10,21.22,0.0,0.0,51.77,0.0,0.0,0.0,0.8,16.0,198.7,23358.0,44181.0,23.3,14.5,72.0,29.910000000000004,11.81,345.0,0.0,0.0,
2026-03-03T20:10:33,03/03/202608:10,21.029999999999998,0.0,0.0,51.760000000000005,0.0,0.0,0.0,0.8,16.0,198.7,23358.0,44181.0,23.3,14.5,72.0,29.910000000000004,11.81,345.0,0.0,0.0,
2026-03-03T20:11:00,03/03/202608:11,20.839999999999996,0.0,0.0,51.760000000000005,0.0,0.0,0.0,0.8,16.0,198.7,23358.0,44181.0,23.3,14.5,72.0,29.910000000000004,11.81,345.0,0.0,0.0,
2026-03-03T20:12:01,03/03/202608:12,20.639999999999997,0.0,0.0,51.760000000000005,0.0,0.0,0.0,0.8,16.0,198.7,23358.0,44181.0,23.3,14.5,72.0,29.910000000000004,11.81,345.0,0.0,0.0,
2026-03-03T20:13:01,03/03/202608:13,20.439999999999998,0.0,0.0,51.75,0.0,0.0,0.0,0.8,16.0,198.7,23358.0,44181.0,23.3,14.5,72.0,29.910000000000004,11.81,345.0,0.0,0.0,
2026-03-03T20:14:01,03/03/202608:14,20.43,0.0,0.0,51.75,0.0,0.0,0.0,0.8,16.0,198.7,23358.0,44181.0,23.3,14.5,72.0,29.910000000000004,11.81,345.0,0.0,0.0,
2026-03-03T20:15:29,03/03/202608:15,20.43,0.0,0.0,51.760000000000005,0.0,0.0,0.0,0.8,16.0,198.7,23358.0,44181.0,23.3,14.5,72.0,29.910000000000004,11.81,345.0,0.0,0.0,
2026-03-03T20:15:34,03/03/202608:15,20.43,0.0,0.0,51.75,0.0,0.0,0.0,0.8,16.0,198.7,23358.0,44181.0,23.3,14.5,72.0,29.910000000000004,11.81,345.0,0.0,0.0,
2026-03-03T20:16:01,03/03/202608:16,20.43,0.0,0.0,51.739999999999995,0.0,0.0,0.0,0.8,16.0,198.7,23358.0,44181.0,23.3,14.5,72.0,29.910000000000004,11.81,345.0,0.0,0.0,
2026-03-03T20:16:33,03/03/202608:16,20.43,0.0,0.0,51.73,0.0,0.0,0.0,0.8,16.0,198.7,23358.0,44181.0,23.3,14.430000000000001,72.0,29.910000000000004,11.872,345.1,0.0,0.0,
2026-03-03T20:17:00,03/03/202608:17,20.43,0.0,0.0,51.720000000000006,0.0,0.0,0.0,0.8,16.0,198.7,23358.0,44181.0,23.3,14.36,72.0,29.910000000000004,11.934000000000001,345.2,0.0,0.0,
2026-03-03T20:17:31,03/03/202608:17,20.43,0.0,0.0,51.720000000000006,0.0,0.0,0.0,0.8,16.0,198.7,23358.0,44181.0,23.3,14.290000000000001,72.0,29.910000000000004,11.996,345.3,0.0,0.0,
2026-03-03T20:18:01,03/03/202608:18,20.43,0.0,0.0,51.720000000000006,0.0,0.0,0.0,0.8,16.0,198.7,23358.0,44181.0,23.3,14.219999999999999,72.0,29.910000000000004,12.058,345.4,0.0,0.0,
2026-03-03T20:18:30,03/03/202608:18,20.439999999999998,0.0,0.0,51.71,0.0,0.0,0.0,0.8,16.0,198.7,23358.0,44181.0,23.3,14.15,72.0,29.910000000000004,12.120000000000001,345.5,0.0,0.0,
2026-03-03T20:19:00,03/03/202608:19,20.45,0.0,0.0,51.71,0.0,0.0,0.0,0.8,16.0,198.7,23358.0,44181.0,23.3,14.080000000000002,72.0,29.910000000000004,12.181999999999999,345.6,0.0,0.0,
2026-03-03T20:19:31,03/03/202608:19,20.45,0.0,0.0,51.720000000000006,0.0,0.0,0.0,0.8,16.0,198.7,23358.0,44181.0,23.3,14.01,72.0,29.910000000000004,12.244,345.7,0.0,0.0,
2026-03-03T20:20:57,03/03/202608:20,20.45,0.0,0.0,51.71,0.0,0.0,0.0,0.8,16.0,198.7,23358.0,44181.0,23.3,13.940000000000001,72.0,29.910000000000004,12.306000000000001,345.8,0.0,0.0,
2026-03-03T20:21:00,03/03/202608:21,20.46,0.0,0.0,51.71,0.0,0.0,0.0,0.8,16.0,198.7,23358.0,44181.0,23.3,13.870000000000001,72.0,29.910000000000004,12.367999999999999,345.9,0.0,0.0,
2026-03-03T20:22:00,03/03/202608:22,20.47,0.0,0.0,51.720000000000006,0.0,0.0,0.0,0.8,16.0,198.7,23358.0,44181.0,23.3,13.8,72.0,29.910000000000004,12.43,346.0,0.0,0.0,
2026-03-03T20:23:00,03/03/202608:23,20.47,0.0,0.0,51.73,0.0,0.0,0.0,0.8,16.0,198.7,23358.0,44181.0,23.3,13.8,72.0,29.910000000000004,12.43,346.0,0.0,0.0,
2026-03-03T20:24:00,03/03/202608:24,20.47,0.0,0.0,51.73,0.0,0.0,0.0,0.8,16.0,198.7,23358.0,44181.0,23.3,13.8,72.0,29.910000000000004,12.43,346.0,0.0,0.0,
2026-03-03T20:25:01,03/03/202608:25,20.48,0.0,0.0,51.739999999999995,0.0,0.0,0.0,0.8,16.0,198.7,23358.0,44181.0,23.3,13.8,72.0,29.910000000000004,12.43,346.0,0.0,0.0,
2026-03-03T20:26:40,03/03/202608:26,20.48,0.0,0.0,51.75,0.0,0.0,0.0,0.8,16.0,198.7,23358.0,44181.0,23.3,13.8,72.0,29.910000000000004,12.43,346.0,0.0,0.0,
2026-03-03T20:26:57,03/03/202608:26,20.48,0.0,0.0,51.760000000000005,0.0,0.0,0.0,0.8,16.0,198.7,23358.0,44181.0,23.3,13.8,72.0,29.910000000000004,12.43,346.0,0.0,0.0,
2026-03-03T20:27:00,03/03/202608:27,20.48,0.0,0.0,51.77,0.0,0.0,0.0,0.8,16.0,198.7,23358.0,44181.0,23.3,13.8,72.0,29.910000000000004,12.43,346.0,0.0,0.0,
2026-03-03T20:28:00,03/03/202608:28,20.490000000000002,0.0,0.0,51.77,0.0,0.0,0.0,0.8,16.0,198.7,23358.0,44181.0,23.3,13.8,72.0,29.910000000000004,12.43,346.0,0.0,0.0,
2026-03-03T20:28:57,03/03/202608:28,20.48,0.0,0.0,51.77,0.0,0.0,0.0,0.8,16.0,198.7,23358.0,44181.0,23.3,13.8,72.0,29.910000000000004,12.43,346.0,0.0,0.0,
2026-03-03T20:29:00,03/03/202608:29,20.47,0.0,0.0,51.77,0.0,0.0,0.0,0.8,16.0,198.7,23358.0,44181.0,23.3,13.8,72.0,29.910000000000004,12.43,346.0,0.0,0.0,
2026-03-03T20:29:57,03/03/202608:29,20.47,0.0,0.0,51.760000000000005,0.0,0.0,0.0,0.8,16.0,198.7,23358.0,44181.0,23.3,13.76,72.0,29.910000000000004,12.43,346.0,0.0,0.0,
2026-03-03T20:30:00,03/03/202608:30,20.47,0.0,0.0,51.75,0.0,0.0,0.0,0.8,16.0,198.7,23358.0,44181.0,23.3,13.720000000000002,72.0,29.910000000000004,12.43,346.0,0.0,0.0,
2026-03-03T20:31:00,03/03/202608:31,20.47,0.0,0.0,51.75,0.0,0.0,0.0,0.8,16.0,198.7,23358.0,44181.0,23.3,13.680000000000001,72.0,29.910000000000004,11.808,344.8,0.0,0.0,
2026-03-03T20:32:00,03/03/202608:32,20.47,0.0,0.0,51.75,0.0,0.0,0.0,0.8,16.0,198.7,23358.0,44181.0,23.3,13.64,72.0,29.910000000000004,11.522,345.1,0.0,0.0,
2026-03-03T20:33:00,03/03/202608:33,20.48,0.0,0.0,51.739999999999995,0.0,0.0,0.0,0.8,16.0,198.7,23358.0,44181.0,23.3,13.6,72.0,29.910000000000004,11.236,345.4,0.0,0.0,
2026-03-03T20:34:00,03/03/202608:34,20.48,0.0,0.0,51.739999999999995,0.0,0.0,0.0,0.8,16.0,198.7,23358.0,44181.0,23.3,13.559999999999999,72.1,29.910000000000004,10.95,345.7,0.0,0.0,
2026-03-03T20:34:09,03/03/202608:34,20.47,0.0,0.0,51.73,0.0,0.0,0.0,0.8,16.0,198.7,23358.0,44181.0,23.3,13.520000000000001,72.2,29.910000000000004,10.664,346.0,0.0,0.0,
2026-03-03T20:35:00,03/03/202608:35,20.46,0.0,0.0,51.720000000000006,0.0,0.0,0.0,0.8,16.0,198.7,23358.0,44181.0,23.3,13.48,72.3,29.910000000000004,10.378,346.3,0.0,0.0,
2026-03-03T20:35:08,03/03/202608:35,20.47,0.0,0.0,51.720000000000006,0.0,0.0,0.0,0.8,16.0,198.7,23358.0,44181.0,23.3,13.440000000000001,72.4,29.910000000000004,10.092,346.6,0.0,0.0,
2026-03-03T20:36:00,03/03/202608:36,20.48,0.0,0.0,51.720000000000006,0.0,0.0,0.0,0.8,16.0,198.7,23358.0,44181.0,23.3,13.4,72.5,29.910000000000004,9.806000000000001,346.9,0.0,0.0,
2026-03-03T20:36:09,03/03/202608:36,20.47,0.0,0.0,51.720000000000006,0.0,0.0,0.0,0.8,16.0,198.7,23358.0,44181.0,23.3,13.4,72.6,29.910000000000004,9.52,347.2,0.0,0.0,
2026-03-03T20:37:52,03/03/202608:37,20.47,0.0,0.0,51.720000000000006,0.0,0.0,0.0,0.8,16.0,198.7,23358.0,44181.0,23.3,13.4,72.7,29.910000000000004,9.234,347.5,0.0,0.0,
2026-03-03T20:38:01,03/03/202608:38,20.47,0.0,0.0,51.720000000000006,0.0,0.0,0.0,0.8,16.0,198.7,23358.0,44181.0,23.3,13.4,72.8,29.910000000000004,9.57,349.0,0.0,0.0,
2026-03-03T20:38:08,03/03/202608:38,20.46,0.0,0.0,51.71,0.0,0.0,0.0,0.8,16.0,198.7,23358.0,44181.0,23.3,13.4,72.9,29.910000000000004,9.57,349.0,0.0,0.0,
2026-03-03T20:39:00,03/03/202608:39,20.45,0.0,0.0,51.71,0.0,0.0,0.0,0.8,16.0,198.7,23358.0,44181.0,23.3,13.4,73.0,29.910000000000004,9.57,349.0,0.0,0.0,
2026-03-03T20:40:55,03/03/202608:40,20.439999999999998,0.0,0.0,51.7,0.0,0.0,0.0,0.8,16.0,198.7,23358.0,44181.0,23.3,13.4,73.0,29.910000000000004,9.57,349.0,0.0,0.0,
2026-03-03T20:41:00,03/03/202608:41,20.439999999999998,0.0,0.0,51.7,0.0,0.0,0.0,0.8,16.0,198.7,23358.0,44181.0,23.3,13.4,73.0,29.910000000000004,9.57,349.0,0.0,0.0,
2026-03-03T20:41:55,03/03/202608:41,20.45,0.0,0.0,51.7,0.0,0.0,0.0,0.8,16.0,198.7,23358.0,44181.0,23.3,13.4,73.0,29.910000000000004,9.57,349.0,0.0,0.0,
2026-03-03T20:42:01,03/03/202608:42,20.45,0.0,0.0,51.7,0.0,0.0,0.0,0.8,16.0,198.7,23358.0,44181.0,23.3,13.4,73.0,29.910000000000004,9.57,349.0,0.0,0.0,
2026-03-03T20:42:55,03/03/202608:42,20.439999999999998,0.0,0.0,51.7,0.0,0.0,0.0,0.8,16.0,198.7,23358.0,44181.0,23.3,13.4,73.0,29.910000000000004,9.57,349.0,0.0,0.0,
2026-03-03T20:43:01,03/03/202608:43,20.439999999999998,0.0,0.0,51.7,0.0,0.0,0.0,0.8,16.0,198.7,23358.0,44181.0,23.3,13.4,73.0,29.910000000000004,9.57,349.0,0.0,0.0,
2026-03-03T20:43:55,03/03/202608:43,20.439999999999998,0.0,0.0,51.7,0.0,0.0,0.0,0.8,16.0,198.7,23358.0,44181.0,23.3,13.4,73.0,29.910000000000004,9.57,349.0,0.0,0.0,
2026-03-03T20:44:01,03/03/202608:44,20.439999999999998,0.0,0.0,51.7,0.0,0.0,0.0,0.8,16.0,198.7,23358.0,44181.0,23.3,13.4,73.0,29.910000000000004,9.57,349.0,0.0,0.0,
2026-03-03T20:44:55,03/03/202608:44,20.439999999999998,0.0,0.0,51.7,0.0,0.0,0.0,0.8,16.0,198.7,23358.0,44181.0,23.3,13.4,73.0,29.910000000000004,9.57,349.0,0.0,0.0,
2026-03-03T20:45:00,03/03/202608:45,20.439999999999998,0.0,0.0,51.7,0.0,0.0,0.0,0.8,16.0,198.7,23358.0,44181.0,23.3,13.4,73.0,29.910000000000004,9.57,349.0,0.0,0.0,
2026-03-03T20:45:55,03/03/202608:45,20.45,0.0,0.0,51.7,0.0,0.0,0.0,0.8,16.0,198.7,23358.0,44181.0,23.3,13.38,73.1,29.910000000000004,9.57,349.0,0.0,0.0,
2026-03-03T20:46:01,03/03/202608:46,20.46,0.0,0.0,51.7,0.0,0.0,0.0,0.8,16.0,198.7,23358.0,44181.0,23.3,13.36,73.2,29.910000000000004,9.57,349.0,0.0,0.0,
2026-03-03T20:46:55,03/03/202608:46,20.45,0.0,0.0,51.7,0.0,0.0,0.0,0.8,16.0,198.7,23358.0,44181.0,23.3,13.34,73.3,29.910000000000004,9.57,349.0,0.0,0.0,
2026-03-03T20:47:00,03/03/202608:47,20.439999999999998,0.0,0.0,51.7,0.0,0.0,0.0,0.8,16.0,198.7,23358.0,44181.0,23.3,13.319999999999999,73.4,29.910000000000004,9.57,349.0,0.0,0.0,
2026-03-03T20:49:05,03/03/202608:49,20.45,0.0,0.0,51.7,0.0,0.0,0.0,0.8,16.0,198.7,23358.0,44181.0,23.3,13.3,73.5,29.910000000000004,9.57,349.0,0.0,0.0,
2026-03-03T20:50:00,03/03/202608:50,20.46,0.0,0.0,51.7,0.0,0.0,0.0,0.8,16.0,198.7,23358.0,44181.0,23.3,13.280000000000001,73.6,29.910000000000004,9.57,349.0,0.0,0.0,
2026-03-03T20:51:01,03/03/202608:51,20.46,0.0,0.0,51.7,0.0,0.0,0.0,0.8,16.0,198.7,23358.0,44181.0,23.3,13.26,73.7,29.910000000000004,9.57,349.0,0.0,0.0,
2026-03-03T20:52:00,03/03/202608:52,20.46,0.0,0.0,51.7,0.0,0.0,0.0,0.8,16.0,198.7,23358.0,44181.0,23.3,13.24,73.8,29.910000000000004,9.57,349.0,0.0,0.0,
2026-03-03T20:52:06,03/03/202608:52,20.46,0.0,0.0,51.7,0.0,0.0,0.0,0.8,16.0,198.7,23358.0,44181.0,23.3,13.219999999999999,73.9,29.910000000000004,9.57,349.0,0.0,0.0,
2026-03-03T20:53:01,03/03/202608:53,20.46,0.0,0.0,51.7,0.0,0.0,0.0,0.8,16.0,198.7,23358.0,44181.0,23.3,13.2,74.0,29.910000000000004,9.57,349.0,0.0,0.0,
2026-03-03T20:54:00,03/03/202608:54,20.45,0.0,0.0,51.7,0.0,0.0,0.0,0.8,16.0,198.7,23358.0,44181.0,23.3,13.2,74.0,29.910000000000004,9.57,349.0,0.0,0.0,
2026-03-03T20:54:06,03/03/202608:54,20.45,0.0,0.0,51.7,0.0,0.0,0.0,0.8,16.0,198.7,23358.0,44181.0,23.3,13.2,74.0,29.910000000000004,9.57,349.0,0.0,0.0,
2026-03-03T20:55:01,03/03/202608:55,20.46,0.0,0.0,51.7,0.0,0.0,0.0,0.8,16.0,198.7,23358.0,44181.0,23.3,13.2,74.0,29.910000000000004,9.57,349.0,0.0,0.0,
2026-03-03T20:56:00,03/03/202608:56,20.47,0.0,0.0,51.7,0.0,0.0,0.0,0.8,16.0,198.7,23358.0,44181.0,23.3,13.2,74.0,29.910000000000004,9.57,349.0,0.0,0.0,
2026-03-03T20:57:01,03/03/202608:57,20.47,0.0,0.0,51.71,0.0,0.0,0.0,0.8,16.0,198.7,23358.0,44181.0,23.3,13.2,74.0,29.910000000000004,9.57,349.0,0.0,0.0,
2026-03-03T20:58:00,03/03/202608:58,20.47,0.0,0.0,51.71,0.0,0.0,0.0,0.8,16.0,198.7,23358.0,44181.0,23.3,13.2,74.0,29.910000000000004,9.57,349.0,0.0,0.0,
2026-03-03T20:58:07,03/03/202608:58,20.46,0.0,0.0,51.71,0.0,0.0,0.0,0.8,16.0,198.7,23358.0,44181.0,23.3,13.2,74.0,29.910000000000004,9.57,349.0,0.0,0.0,
2026-03-03T21:00:17,03/03/202609:00,20.46,0.0,0.0,51.71,0.0,0.0,0.0,0.8,16.0,198.7,23358.0,44181.0,23.3,13.2,74.0,29.910000000000004,9.57,349.0,0.0,0.0,
2026-03-03T21:01:01,03/03/202609:01,20.47,0.0,0.0,51.71,0.0,0.0,0.0,0.8,16.0,198.7,23358.0,44181.0,23.3,13.2,74.0,29.910000000000004,9.57,349.0,0.0,0.0,
2026-03-03T21:02:01,03/03/202609:02,20.48,0.0,0.0,51.71,0.0,0.0,0.0,0.8,16.0,198.7,23358.0,44181.0,23.3,13.16,74.1,29.910000000000004,9.526,348.4,0.0,0.0,
2026-03-03T21:02:06,03/03/202609:02,20.48,0.0,0.0,51.71,0.0,0.0,0.0,0.8,16.0,198.7,23358.0,44181.0,23.3,13.12,74.2,29.910000000000004,9.482000000000001,347.8,0.0,0.0,
2026-03-03T21:03:00,03/03/202609:03,20.47,0.0,0.0,51.71,0.0,0.0,0.0,0.8,16.0,198.7,23358.0,44181.0,23.3,13.080000000000002,74.3,29.910000000000004,9.438,347.2,0.0,0.0,
2026-03-03T21:04:01,03/03/202609:04,20.46,0.0,0.0,51.71,0.0,0.0,0.0,0.8,16.0,198.7,23358.0,44181.0,23.3,13.040000000000001,74.4,29.910000000000004,9.394,346.6,0.0,0.0,
2026-03-03T21:05:01,03/03/202609:05,20.45,0.0,0.0,51.71,0.0,0.0,0.0,0.8,16.0,198.7,23358.0,44181.0,23.3,13.0,74.5,29.910000000000004,9.35,346.0,0.0,0.0,
2026-03-03T21:05:06,03/03/202609:05,20.45,0.0,0.0,51.7,0.0,0.0,0.0,0.8,16.0,198.7,23358.0,44181.0,23.3,12.959999999999999,74.6,29.910000000000004,9.306000000000001,345.4,0.0,0.0,
2026-03-03T21:06:01,03/03/202609:06,20.45,0.0,0.0,51.7,0.0,0.0,0.0,0.8,16.0,198.7,23358.0,44181.0,23.3,12.919999999999998,74.7,29.910000000000004,9.262,344.8,0.0,0.0,
2026-03-03T21:06:06,03/03/202609:06,20.45,0.0,0.0,51.7,0.0,0.0,0.0,0.8,16.0,198.7,23358.0,44181.0,23.3,12.88,74.8,29.910000000000004,9.218,344.2,0.0,0.0,
2026-03-03T21:07:00,03/03/202609:07,20.439999999999998,0.0,0.0,51.7,0.0,0.0,0.0,0.8,16.0,198.7,23358.0,44181.0,23.3,12.84,74.9,29.910000000000004,9.174000000000001,343.6,0.0,0.0,
2026-03-03T21:07:05,03/03/202609:07,20.439999999999998,0.0,0.0,51.7,0.0,0.0,0.0,0.8,16.0,198.7,23358.0,44181.0,23.3,12.8,75.0,29.910000000000004,9.13,343.0,0.0,0.0,
2026-03-03T21:08:01,03/03/202609:08,20.439999999999998,0.0,0.0,51.7,0.0,0.0,0.0,0.8,16.0,198.7,23358.0,44181.0,23.3,12.8,75.0,29.910000000000004,9.13,343.0,0.0,0.0,
2026-03-03T21:08:05,03/03/202609:08,20.439999999999998,0.0,0.0,51.7,0.0,0.0,0.0,0.8,16.0,198.7,23358.0,44181.0,23.3,12.8,75.0,29.910000000000004,9.13,343.0,0.0,0.0,
2026-03-03T21:09:00,03/03/202609:09,20.439999999999998,0.0,0.0,51.7,0.0,0.0,0.0,0.8,16.0,198.7,23358.0,44181.0,23.3,12.8,75.0,29.910000000000004,9.13,343.0,0.0,0.0,
2026-03-03T21:09:05,03/03/202609:09,20.45,0.0,0.0,51.7,0.0,0.0,0.0,0.8,16.0,198.7,23358.0,44181.0,23.3,12.8,75.0,29.910000000000004,9.13,343.0,0.0,0.0,
2026-03-03T21:10:00,03/03/202609:10,20.46,0.0,0.0,51.7,0.0,0.0,0.0,0.8,16.0,198.7,23358.0,44181.0,23.3,12.8,75.0,29.910000000000004,9.13,343.0,0.0,0.0,
2026-03-03T21:11:27,03/03/202609:11,20.46,0.0,0.0,51.69,0.0,0.0,0.0,0.8,16.0,198.7,23358.0,44181.0,23.3,12.8,75.0,29.910000000000004,9.13,343.0,0.0,0.0,
2026-03-03T21:12:01,03/03/202609:12,20.46,0.0,0.0,51.68000000000001,0.0,0.0,0.0,0.8,16.0,198.7,23358.0,44181.0,23.3,12.8,75.0,29.910000000000004,9.13,343.0,0.0,0.0,
2026-03-03T21:12:06,03/03/202609:12,20.46,0.0,0.0,51.68000000000001,0.0,0.0,0.0,0.8,16.0,198.7,23358.0,44181.0,23.3,12.8,75.0,29.910000000000004,9.13,343.0,0.0,0.0,
2026-03-03T21:13:00,03/03/202609:13,20.46,0.0,0.0,51.68000000000001,0.0,0.0,0.0,0.8,16.0,198.7,23358.0,44181.0,23.3,12.8,75.0,29.910000000000004,9.13,343.0,0.0,0.0,
2026-03-03T21:14:00,03/03/202609:14,20.45,0.0,0.0,51.68000000000001,0.0,0.0,0.0,0.8,16.0,198.7,23358.0,44181.0,23.3,12.8,75.0,29.910000000000004,9.13,343.0,0.0,0.0,
2026-03-03T21:14:06,03/03/202609:14,20.45,0.0,0.0,51.68000000000001,0.0,0.0,0.0,0.8,16.0,198.7,23358.0,44181.0,23.3,12.8,75.0,29.910000000000004,9.13,343.0,0.0,0.0,
2026-03-03T21:15:01,03/03/202609:15,20.46,0.0,0.0,51.68000000000001,0.0,0.0,0.0,0.8,16.0,198.7,23358.0,44181.0,23.3,12.8,75.0,29.910000000000004,9.13,343.0,0.0,0.0,
2026-03-03T21:16:00,03/03/202609:16,20.47,0.0,0.0,51.68000000000001,0.0,0.0,0.0,0.8,16.0,198.7,23358.0,44181.0,23.3,12.8,75.0,29.910000000000004,9.13,343.0,0.0,0.0,
2026-03-03T21:17:00,03/03/202609:17,20.47,0.0,0.0,51.68000000000001,0.0,0.0,0.0,0.8,16.0,198.7,23358.0,44181.0,23.3,12.77,75.1,29.910000000000004,9.224,343.5,0.0,0.0,
2026-03-03T21:18:00,03/03/202609:18,20.47,0.0,0.0,51.68000000000001,0.0,0.0,0.0,0.8,16.0,198.7,23358.0,44181.0,23.3,12.74,75.2,29.910000000000004,9.318000000000001,344.0,0.0,0.0,
2026-03-03T21:19:01,03/03/202609:19,20.47,0.0,0.0,51.68000000000001,0.0,0.0,0.0,0.8,16.0,198.7,23358.0,44181.0,23.3,12.71,75.3,29.910000000000004,9.412,344.5,0.0,0.0,
2026-03-03T21:20:00,03/03/202609:20,20.47,0.0,0.0,51.69,0.0,0.0,0.0,0.8,16.0,198.7,23358.0,44181.0,23.2,12.680000000000001,75.4,29.910000000000004,9.506,345.0,0.0,0.0,
2026-03-03T21:21:00,03/03/202609:21,20.48,0.0,0.0,51.69,0.0,0.0,0.0,0.8,16.0,198.7,23358.0,44181.0,23.3,12.65,75.5,29.910000000000004,9.6,345.5,0.0,0.0,
2026-03-03T21:22:38,03/03/202609:22,20.490000000000002,0.0,0.0,51.69,0.0,0.0,0.0,0.8,16.0,198.7,23358.0,44181.0,23.3,12.620000000000001,75.6,29.910000000000004,9.693999999999999,346.0,0.0,0.0,
2026-03-03T21:23:01,03/03/202609:23,20.5,0.0,0.0,51.69,0.0,0.0,0.0,0.8,16.0,198.7,23358.0,44181.0,23.3,12.59,75.7,29.910000000000004,9.788,346.5,0.0,0.0,
2026-03-03T21:24:00,03/03/202609:24,20.5,0.0,0.0,51.69,0.0,0.0,0.0,0.8,16.0,198.7,23358.0,44181.0,23.3,12.559999999999999,75.8,29.910000000000004,9.882000000000001,347.0,0.0,0.0,
2026-03-03T21:25:01,03/03/202609:25,20.490000000000002,0.0,0.0,51.69,0.0,0.0,0.0,0.8,16.0,198.7,23358.0,44181.0,23.3,12.53,75.9,29.910000000000004,9.976,347.5,0.0,0.0,
2026-03-03T21:26:00,03/03/202609:26,20.48,0.0,0.0,51.69,0.0,0.0,0.0,0.8,16.0,198.7,23358.0,44181.0,23.3,12.5,76.0,29.910000000000004,10.07,348.0,0.0,0.0,
2026-03-03T21:26:01,03/03/202609:26,20.48,0.0,0.0,51.69,0.0,0.0,0.0,0.8,16.0,198.7,23358.0,44181.0,23.3,12.5,76.0,29.910000000000004,10.07,348.0,0.0,0.0,
2026-03-03T21:27:01,03/03/202609:27,20.48,0.0,0.0,51.69,0.0,0.0,0.0,0.8,16.0,198.7,23358.0,44181.0,23.3,12.5,76.0,29.910000000000004,10.07,348.0,0.0,0.0,
2026-03-03T21:28:01,03/03/202609:28,20.48,0.0,0.0,51.7,0.0,0.0,0.0,0.8,16.0,198.7,23358.0,44181.0,23.3,12.5,76.0,29.910000000000004,10.07,348.0,0.0,0.0,
2026-03-03T21:29:00,03/03/202609:29,20.48,0.0,0.0,51.7,0.0,0.0,0.0,0.8,16.0,198.7,23358.0,44181.0,23.3,12.5,76.0,29.910000000000004,10.07,348.0,0.0,0.0,
2026-03-03T21:30:01,03/03/202609:30,20.48,0.0,0.0,51.69,0.0,0.0,0.0,0.8,16.0,198.7,23358.0,44181.0,23.2,12.48,76.0,29.910000000000004,9.865,347.9,0.0,0.0,
2026-03-03T21:31:00,03/03/202609:31,20.48,0.0,0.0,51.68000000000001,0.0,0.0,0.0,0.8,16.0,198.7,23358.0,44181.0,23.3,12.459999999999999,76.0,29.910000000000004,9.66,347.8,0.0,0.0,
2026-03-03T21:32:00,03/03/202609:32,20.48,0.0,0.0,51.68000000000001,0.0,0.0,0.0,0.8,16.0,198.7,23358.0,44181.0,23.3,12.440000000000001,76.0,29.916000000000004,9.455,347.7,0.0,0.0,
2026-03-03T21:33:49,03/03/202609:33,20.48,0.0,0.0,51.67,0.0,0.0,0.0,0.8,16.0,198.7,23358.0,44181.0,23.3,12.39,75.9,29.919,9.256,348.3,0.0,0.0,
2026-03-03T21:34:00,03/03/202609:34,20.490000000000002,0.0,0.0,51.660000000000004,0.0,0.0,0.0,0.8,16.0,198.7,23358.0,44181.0,23.3,12.34,75.8,29.922000000000004,9.056999999999999,348.9,0.0,0.0,
2026-03-03T21:35:00,03/03/202609:35,20.5,0.0,0.0,51.65,0.0,0.0,0.0,0.8,16.0,198.7,23358.0,44181.0,23.2,12.290000000000001,75.7,29.925,8.858,349.5,0.0,0.0,
2026-03-03T21:36:00,03/03/202609:36,20.5,0.0,0.0,51.65,0.0,0.0,0.0,0.8,16.0,198.7,23358.0,44181.0,23.2,12.24,75.6,29.928000000000004,8.659,350.1,0.0,0.0,
2026-03-03T21:37:00,03/03/202609:37,20.5,0.0,0.0,51.65,0.0,0.0,0.0,0.8,16.0,198.7,23358.0,44181.0,23.2,12.190000000000001,75.5,29.931,8.459999999999999,350.7,0.0,0.0,
2026-03-03T21:38:00,03/03/202609:38,20.5,0.0,0.0,51.65,0.0,0.0,0.0,0.8,16.0,198.7,23358.0,44181.0,23.2,12.14,75.4,29.934000000000005,8.261,351.3,0.0,0.0,
2026-03-03T21:39:00,03/03/202609:39,20.5,0.0,0.0,51.65,0.0,0.0,0.0,0.8,16.0,198.7,23358.0,44181.0,23.3,12.09,75.3,29.937,8.062000000000001,351.9,0.0,0.0,
2026-03-03T21:40:00,03/03/202609:40,20.5,0.0,0.0,51.660000000000004,0.0,0.0,0.0,0.8,16.0,198.7,23358.0,44181.0,23.2,12.059999999999999,75.2,29.940000000000005,8.068000000000001,352.6,0.0,0.0,
2026-03-03T21:41:00,03/03/202609:41,20.5,0.0,0.0,51.67,0.0,0.0,0.0,0.8,16.0,198.7,23358.0,44181.0,23.2,12.03,75.1,29.943,8.074,353.3,0.0,0.0,
2026-03-03T21:42:00,03/03/202609:42,20.5,0.0,0.0,51.67,0.0,0.0,0.0,0.8,16.0,198.7,23358.0,44181.0,23.3,12.0,75.0,29.940000000000005,8.08,354.0,0.0,0.0,
2026-03-03T21:43:00,03/03/202609:43,20.5,0.0,0.0,51.67,0.0,0.0,0.0,0.8,16.0,198.7,23358.0,44181.0,23.3,12.0,75.0,29.940000000000005,8.08,354.0,0.0,0.0,
2026-03-03T21:45:01,03/03/202609:45,20.5,0.0,0.0,51.68000000000001,0.0,0.0,0.0,0.8,16.0,198.7,23358.0,44181.0,23.2,12.0,75.0,29.940000000000005,8.08,354.0,0.0,0.0,
2026-03-03T21:45:09,03/03/202609:45,20.490000000000002,0.0,0.0,51.69,0.0,0.0,0.0,0.8,16.0,198.7,23358.0,44181.0,23.3,11.959999999999999,75.3,29.940000000000005,8.291,353.7,0.0,0.0,
2026-03-03T21:46:00,03/03/202609:46,20.48,0.0,0.0,51.69,0.0,0.0,0.0,0.8,16.0,198.7,23358.0,44181.0,23.3,11.92,75.6,29.940000000000005,8.501999999999999,353.4,0.0,0.0,
2026-03-03T21:46:09,03/03/202609:46,20.48,0.0,0.0,51.68000000000001,0.0,0.0,0.0,0.8,16.0,198.7,23358.0,44181.0,23.2,11.879999999999999,75.9,29.940000000000005,8.713,353.1,0.0,0.0,
2026-03-03T21:47:01,03/03/202609:47,20.48,0.0,0.0,51.67,0.0,0.0,0.0,0.8,16.0,198.7,23358.0,44181.0,23.2,11.84,76.2,29.940000000000005,8.924,352.8,0.0,0.0,
2026-03-03T21:47:09,03/03/202609:47,20.47,0.0,0.0,51.67,0.0,0.0,0.0,0.8,16.0,198.7,23358.0,44181.0,23.3,11.8,76.5,29.940000000000005,9.135,352.5,0.0,0.0,
2026-03-03T21:48:01,03/03/202609:48,20.46,0.0,0.0,51.67,0.0,0.0,0.0,0.8,16.0,198.7,23358.0,44181.0,23.3,11.76,76.8,29.940000000000005,9.346,352.2,0.0,0.0,
2026-03-03T21:48:09,03/03/202609:48,20.46,0.0,0.0,51.660000000000004,0.0,0.0,0.0,0.8,16.0,198.7,23358.0,44181.0,23.3,11.72,77.1,29.940000000000005,9.556999999999999,351.9,0.0,0.0,
2026-03-03T21:49:01,03/03/202609:49,20.46,0.0,0.0,51.65,0.0,0.0,0.0,0.8,16.0,198.7,23358.0,44181.0,23.3,11.68,77.4,29.940000000000005,9.767999999999999,351.6,0.0,0.0,
2026-03-03T21:49:10,03/03/202609:49,20.45,0.0,0.0,51.660000000000004,0.0,0.0,0.0,0.8,16.0,198.7,23358.0,44181.0,23.2,11.639999999999999,77.7,29.940000000000005,9.979,351.3,0.0,0.0,
2026-03-03T21:50:01,03/03/202609:50,20.439999999999998,0.0,0.0,51.660000000000004,0.0,0.0,0.0,0.8,16.0,198.7,23358.0,44181.0,23.2,11.6,78.0,29.940000000000005,10.19,351.0,0.0,0.0,
2026-03-03T21:51:00,03/03/202609:51,20.439999999999998,0.0,0.0,51.65,0.0,0.0,0.0,0.8,16.0,198.7,23358.0,44181.0,23.2,11.6,78.0,29.940000000000005,10.19,351.0,0.0,0.0,
2026-03-03T21:52:01,03/03/202609:52,20.439999999999998,0.0,0.0,51.65,0.0,0.0,0.0,0.8,16.0,198.7,23358.0,44181.0,23.3,11.6,78.0,29.940000000000005,10.19,351.0,0.0,0.0,
2026-03-03T21:53:01,03/03/202609:53,20.43,0.0,0.0,51.65,0.0,0.0,0.0,0.8,16.0,198.7,23358.0,44181.0,23.2,11.6,78.0,29.940000000000005,10.19,351.0,0.0,0.0,
2026-03-03T21:54:01,03/03/202609:54,20.419999999999998,0.0,0.0,51.65,0.0,0.0,0.0,0.8,16.0,198.7,23358.0,44181.0,23.3,11.6,78.0,29.940000000000005,10.19,351.0,0.0,0.0,
2026-03-03T21:58:39,03/03/202609:58,20.43,0.0,0.0,51.64,0.0,0.0,0.0,0.8,16.0,198.7,23358.0,44181.0,23.3,11.6,78.0,29.940000000000005,10.19,351.0,0.0,0.0,
2026-03-03T21:59:01,03/03/202609:59,20.439999999999998,0.0,0.0,51.63000000000001,0.0,0.0,0.0,0.8,16.0,198.7,23358.0,44181.0,23.3,11.6,78.0,29.940000000000005,10.19,351.0,0.0,0.0,
2026-03-03T22:00:00,03/03/202610:00,20.439999999999998,0.0,0.0,51.63000000000001,0.0,0.0,0.0,0.8,16.0,198.7,23358.0,44181.0,23.3,11.6,78.0,29.940000000000005,10.19,351.0,0.0,0.0,
2026-03-03T22:01:01,03/03/202610:01,20.439999999999998,0.0,0.0,51.63000000000001,0.0,0.0,0.0,0.8,16.0,198.7,23358.0,44181.0,23.2,11.6,78.0,29.940000000000005,10.19,351.0,0.0,0.0,
2026-03-03T22:02:01,03/03/202610:02,20.45,0.0,0.0,51.620000000000005,0.0,0.0,0.0,0.8,16.0,198.7,23358.0,44181.0,23.2,11.57,78.2,29.940000000000005,10.227,351.4,0.0,0.0,
2026-03-03T22:02:09,03/03/202610:02,20.45,0.0,0.0,51.61,0.0,0.0,0.0,0.8,16.0,198.7,23358.0,44181.0,23.3,11.540000000000001,78.4,29.940000000000005,10.264,351.8,0.0,0.0,
2026-03-03T22:03:00,03/03/202610:03,20.45,0.0,0.0,51.61,0.0,0.0,0.0,0.8,16.0,198.7,23358.0,44181.0,23.3,11.51,78.6,29.940000000000005,10.300999999999998,352.2,0.0,0.0,
2026-03-03T22:04:01,03/03/202610:04,20.45,0.0,0.0,51.6,0.0,0.0,0.0,0.8,16.0,198.7,23358.0,44181.0,23.3,11.48,78.8,29.940000000000005,10.338,352.6,0.0,0.0,
2026-03-03T22:05:01,03/03/202610:05,20.45,0.0,0.0,51.6,0.0,0.0,0.0,0.8,16.0,198.7,23358.0,44181.0,23.3,11.45,79.0,29.940000000000005,10.375,353.0,0.0,0.0,
2026-03-03T22:06:00,03/03/202610:06,20.45,0.0,0.0,51.6,0.0,0.0,0.0,0.8,16.0,198.7,23358.0,44181.0,23.3,11.42,79.2,29.940000000000005,10.412,353.4,0.0,0.0,
2026-03-03T22:07:01,03/03/202610:07,20.439999999999998,0.0,0.0,51.6,0.0,0.0,0.0,0.8,16.0,198.7,23358.0,44181.0,23.3,11.39,79.4,29.940000000000005,10.449000000000002,353.8,0.0,0.0,
2026-03-03T22:08:00,03/03/202610:08,20.43,0.0,0.0,51.6,0.0,0.0,0.0,0.8,16.0,198.7,23358.0,44181.0,23.2,11.360000000000001,79.6,29.940000000000005,10.486,354.2,0.0,0.0,
2026-03-03T22:17:09,03/03/202610:17,20.419999999999998,0.0,0.0,51.6,0.0,0.0,0.0,0.8,16.0,198.7,23358.0,44181.0,23.3,11.31,79.9,29.940000000000005,10.362,355.0,0.0,0.0,
2026-03-03T22:18:00,03/03/202610:18,20.41,0.0,0.0,51.6,0.0,0.0,0.0,0.8,16.0,198.7,23358.0,44181.0,23.2,11.260000000000002,80.2,29.940000000000005,10.238,355.8,0.0,0.0,
2026-03-03T22:19:01,03/03/202610:19,20.4,0.0,0.0,51.6,0.0,0.0,0.0,0.8,16.0,198.7,23358.0,44181.0,23.3,11.24,80.3,29.940000000000005,10.077,356.2,0.0,0.0,
2026-03-03T22:19:10,03/03/202610:19,20.41,0.0,0.0,51.61,0.0,0.0,0.0,0.8,16.0,198.7,23358.0,44181.0,23.3,11.22,80.4,29.940000000000005,9.916,356.6,0.0,0.0,
2026-03-03T22:20:01,03/03/202610:20,20.419999999999998,0.0,0.0,51.620000000000005,0.0,0.0,0.0,0.8,16.0,198.7,23358.0,44181.0,23.3,11.2,80.5,29.940000000000005,9.754999999999999,357.0,0.0,0.0,
2026-03-03T22:20:10,03/03/202610:20,20.419999999999998,0.0,0.0,51.63000000000001,0.0,0.0,0.0,0.8,16.0,198.7,23358.0,44181.0,23.3,11.18,80.6,29.940000000000005,9.594,357.4,0.0,0.0,
2026-03-03T22:21:01,03/03/202610:21,20.419999999999998,0.0,0.0,51.64,0.0,0.0,0.0,0.8,16.0,198.7,23358.0,44181.0,23.3,11.16,80.7,29.940000000000005,9.433,357.8,0.0,0.0,
2026-03-03T22:22:00,03/03/202610:22,20.419999999999998,0.0,0.0,51.64,0.0,0.0,0.0,0.8,16.0,198.7,23358.0,44181.0,23.2,11.14,80.8,29.940000000000005,9.272,358.2,0.0,0.0,
2026-03-03T22:23:01,03/03/202610:23,20.419999999999998,0.0,0.0,51.64,0.0,0.0,0.0,0.8,16.0,198.7,23358.0,44181.0,23.2,11.120000000000001,80.9,29.940000000000005,9.111,358.6,0.0,0.0,
2026-03-03T22:23:09,03/03/202610:23,20.41,0.0,0.0,51.65,0.0,0.0,0.0,0.8,16.0,198.7,23358.0,44181.0,23.2,11.1,81.0,29.940000000000005,8.95,359.0,0.0,0.0,
2026-03-03T22:24:01,03/03/202610:24,20.4,0.0,0.0,51.660000000000004,0.0,0.0,0.0,0.8,16.0,198.7,23358.0,44181.0,23.2,11.1,81.0,29.940000000000005,8.95,359.0,0.0,0.0,
2026-03-03T22:24:08,03/03/202610:24,20.4,0.0,0.0,51.67,0.0,0.0,0.0,0.8,16.0,198.7,23358.0,44181.0,23.3,11.1,81.0,29.940000000000005,8.95,359.0,0.0,0.0,
2026-03-03T22:25:00,03/03/202610:25,20.4,0.0,0.0,51.68000000000001,0.0,0.0,0.0,0.8,16.0,198.7,23358.0,44181.0,23.3,11.1,81.0,29.940000000000005,8.95,359.0,0.0,0.0,
2026-03-03T22:26:01,03/03/202610:26,20.389999999999997,0.0,0.0,51.660000000000004,0.0,0.0,0.0,0.8,16.0,198.7,23358.0,44181.0,23.2,11.1,81.0,29.940000000000005,8.95,359.0,0.0,0.0,
2026-03-03T22:30:46,03/03/202610:30,20.38,0.0,0.0,51.65,0.0,0.0,0.0,0.8,16.0,198.7,23358.0,44181.0,23.2,11.1,81.0,29.940000000000005,8.95,359.0,0.0,0.0,
2026-03-03T22:31:01,03/03/202610:31,20.38,0.0,0.0,51.64,0.0,0.0,0.0,0.8,16.0,198.7,23358.0,44181.0,23.2,11.1,81.0,29.940000000000005,8.95,359.0,0.0,0.0,
2026-03-03T22:31:21,03/03/202610:31,20.369999999999997,0.0,0.0,51.64,0.0,0.0,0.0,0.8,16.0,198.7,23358.0,44181.0,23.2,11.08,81.0,29.940000000000005,8.844,358.4,0.0,0.0,
2026-03-03T22:32:00,03/03/202610:32,20.36,0.0,0.0,51.65,0.0,0.0,0.0,0.8,16.0,198.7,23358.0,44181.0,23.2,11.059999999999999,81.0,29.940000000000005,8.738,357.8,0.0,0.0,
2026-03-03T22:32:20,03/03/202610:32,20.36,0.0,0.0,51.65,0.0,0.0,0.0,0.8,16.0,198.7,23358.0,44181.0,23.2,11.040000000000001,81.0,29.940000000000005,8.788,356.5,0.0,0.0,
2026-03-03T22:33:01,03/03/202610:33,20.369999999999997,0.0,0.0,51.64,0.0,0.0,0.0,0.8,16.0,198.7,23358.0,44181.0,23.2,11.02,81.0,29.940000000000005,8.838,355.2,0.0,0.0,
2026-03-03T22:33:21,03/03/202610:33,20.369999999999997,0.0,0.0,51.63000000000001,0.0,0.0,0.0,0.8,16.0,198.7,23358.0,44181.0,23.2,11.0,81.0,29.940000000000005,8.888,353.9,0.0,0.0,
2026-03-03T22:34:00,03/03/202610:34,20.36,0.0,0.0,51.620000000000005,0.0,0.0,0.0,0.8,16.0,198.7,23358.0,44181.0,23.2,10.98,81.0,29.940000000000005,8.937999999999999,352.6,0.0,0.0,
2026-03-03T22:34:20,03/03/202610:34,20.36,0.0,0.0,51.61,0.0,0.0,0.0,0.8,16.0,198.7,23358.0,44181.0,23.2,10.959999999999999,81.0,29.940000000000005,8.988,351.3,0.0,0.0,
2026-03-03T22:35:01,03/03/202610:35,20.36,0.0,0.0,51.620000000000005,0.0,0.0,0.0,0.8,16.0,198.7,23358.0,44181.0,23.3,10.940000000000001,81.0,29.940000000000005,9.038,350.0,0.0,0.0,
2026-03-03T22:36:01,03/03/202610:36,20.36,0.0,0.0,51.620000000000005,0.0,0.0,0.0,0.8,16.0,198.7,23358.0,44181.0,23.2,10.92,81.0,29.940000000000005,9.088,348.7,0.0,0.0,
2026-03-03T22:37:31,03/03/202610:37,20.36,0.0,0.0,51.620000000000005,0.0,0.0,0.0,0.8,16.0,198.7,23358.0,44181.0,23.2,10.9,81.0,29.943,9.138,347.4,0.0,0.0,
2026-03-03T22:38:00,03/03/202610:38,20.369999999999997,0.0,0.0,51.61,0.0,0.0,0.0,0.8,16.0,198.7,23358.0,44181.0,23.2,10.9,81.0,29.946000000000005,9.294,346.7,0.0,0.0,
2026-03-03T22:39:01,03/03/202610:39,20.38,0.0,0.0,51.6,0.0,0.0,0.0,0.8,16.0,198.7,23358.0,44181.0,23.2,10.9,81.0,29.949,9.45,346.0,0.0,0.0,
2026-03-03T22:40:00,03/03/202610:40,20.38,0.0,0.0,51.6,0.0,0.0,0.0,0.8,16.0,198.7,23358.0,44181.0,23.3,10.9,81.0,29.951999999999998,9.45,346.0,0.0,0.0,
2026-03-03T22:41:57,03/03/202610:41,20.38,0.0,0.0,51.6,0.0,0.0,0.0,0.8,16.0,198.7,23358.0,44181.0,23.3,10.9,81.0,29.955000000000002,9.45,346.0,0.0,0.0,
2026-03-03T22:42:00,03/03/202610:42,20.389999999999997,0.0,0.0,51.6,0.0,0.0,0.0,0.8,16.0,198.7,23358.0,44181.0,23.3,10.9,81.0,29.958,9.45,346.0,0.0,0.0,
2026-03-03T22:43:00,03/03/202610:43,20.4,0.0,0.0,51.6,0.0,0.0,0.0,0.8,16.0,198.7,23358.0,44181.0,23.2,10.9,81.0,29.961000000000002,9.45,346.0,0.0,0.0,
2026-03-03T22:44:00,03/03/202610:44,20.4,0.0,0.0,51.6,0.0,0.0,0.0,0.8,16.0,198.7,23358.0,44181.0,23.2,10.9,81.0,29.964,9.45,346.0,0.0,0.0,
2026-03-03T22:45:00,03/03/202610:45,20.4,0.0,0.0,51.6,0.0,0.0,0.0,0.8,16.0,198.7,23358.0,44181.0,23.2,10.9,81.0,29.967000000000002,9.45,346.0,0.0,0.0,
2026-03-03T22:46:00,03/03/202610:46,20.4,0.0,0.0,51.6,0.0,0.0,0.0,0.8,16.0,198.7,23358.0,44181.0,23.2,10.9,81.0,29.97,9.45,346.0,0.0,0.0,
2026-03-03T22:47:00,03/03/202610:47,20.4,0.0,0.0,51.6,0.0,0.0,0.0,0.8,16.0,198.7,23358.0,44181.0,23.2,10.91,80.9,29.97,9.456,346.5,0.0,0.0,
2026-03-03T22:48:00,03/03/202610:48,20.4,0.0,0.0,51.6,0.0,0.0,0.0,0.8,16.0,198.7,23358.0,44181.0,23.2,10.92,80.8,29.97,9.462,347.0,0.0,0.0,
2026-03-03T22:49:00,03/03/202610:49,20.4,0.0,0.0,51.589999999999996,0.0,0.0,0.0,0.8,16.0,198.7,23358.0,44181.0,23.2,10.93,80.7,29.97,9.468,347.5,0.0,0.0,
2026-03-03T22:50:00,03/03/202610:50,20.4,0.0,0.0,51.589999999999996,0.0,0.0,0.0,0.8,16.0,198.7,23358.0,44181.0,23.3,10.940000000000001,80.6,29.97,9.474,348.0,0.0,0.0,
2026-03-03T22:51:00,03/03/202610:51,20.4,0.0,0.0,51.589999999999996,0.0,0.0,0.0,0.8,16.0,198.7,23358.0,44181.0,23.2,10.95,80.5,29.97,9.48,348.5,0.0,0.0,
2026-03-03T22:53:09,03/03/202610:53,20.4,0.0,0.0,51.589999999999996,0.0,0.0,0.0,0.8,16.0,198.7,23358.0,44181.0,23.2,10.959999999999999,80.4,29.97,9.486,349.0,0.0,0.0,
2026-03-03T22:54:01,03/03/202610:54,20.4,0.0,0.0,51.589999999999996,0.0,0.0,0.0,0.8,16.0,198.7,23358.0,44181.0,23.2,10.97,80.3,29.97,9.492,349.5,0.0,0.0,
2026-03-03T22:55:01,03/03/202610:55,20.4,0.0,0.0,51.589999999999996,0.0,0.0,0.0,0.8,16.0,198.7,23358.0,44181.0,23.3,10.98,80.2,29.97,9.498,350.0,0.0,0.0,
2026-03-03T22:56:00,03/03/202610:56,20.4,0.0,0.0,51.589999999999996,0.0,0.0,0.0,0.8,16.0,198.7,23358.0,44181.0,23.3,10.99,80.1,29.97,9.504,350.5,0.0,0.0,
2026-03-03T22:57:01,03/03/202610:57,20.4,0.0,0.0,51.589999999999996,0.0,0.0,0.0,0.8,16.0,198.7,23358.0,44181.0,23.2,11.0,80.0,29.97,9.51,351.0,0.0,0.0,
2026-03-03T22:58:01,03/03/202610:58,20.4,0.0,0.0,51.589999999999996,0.0,0.0,0.0,0.8,16.0,198.7,23358.0,44181.0,23.2,11.0,80.0,29.97,9.51,351.0,0.0,0.0,
2026-03-03T22:59:01,03/03/202610:59,20.4,0.0,0.0,51.589999999999996,0.0,0.0,0.0,0.8,16.0,198.7,23358.0,44181.0,23.2,11.0,80.0,29.97,9.51,351.0,0.0,0.0,
2026-03-03T23:00:00,03/03/202611:00,20.4,0.0,0.0,51.6,0.0,0.0,0.0,0.8,16.0,198.7,23358.0,44181.0,23.2,11.0,80.0,29.97,9.51,351.0,0.0,0.0,
2026-03-03T23:01:01,03/03/202611:01,20.4,0.0,0.0,51.589999999999996,0.0,0.0,0.0,0.0,0.0,198.7,23366.0,44197.0,23.2,11.0,80.0,29.97,9.51,351.0,0.0,0.0,
2026-03-03T23:02:01,03/03/202611:02,20.4,0.0,0.0,51.589999999999996,0.0,0.0,0.0,0.0,0.0,198.7,23366.0,44197.0,23.3,10.99,80.0,29.97,9.254999999999999,351.3,0.0,0.0,
