timestamp,HMI_Timestamp,PV_Voltage_V,PV_Current_A,PV_Power_W,Battery_Voltage_V,Battery_Current_A,Battery_Power_W,Avg_Power_to_Battery_W,Daily_Energy_kWh,Daily_Charge_Ah,History_Max_Input_Voltage_V,Lifetime_Energy_Gen_kWh,Lifetime_Charge_Ah,Battery_Temp_C,Air_Temp_C,Humidity_pct,Air_Pressure_inHg,Wind_Speed_ms,Wind_Direction_deg,Solar_Irradiance_Wm2,UV_Index,Est_Efficiency
2026-02-24T00:06:50,02/24/202600:06,20.490000000000002,0.0,0.0,51.67,0.0,0.0,0.0,0.0,0.0,198.7,23297.0,44064.0,22.4,4.14,42.8,30.144,7.6530000000000005,161.8,0.0,0.0,
2026-02-24T00:07:01,02/24/202600:07,20.48,0.0,0.0,51.660000000000004,0.0,0.0,0.0,0.0,0.0,198.7,23297.0,44064.0,22.4,4.09,42.5,30.137999999999998,7.566,161.0,0.0,0.0,
2026-02-24T00:07:30,02/24/202600:07,20.48,0.0,0.0,51.65,0.0,0.0,0.0,0.0,0.0,198.7,23297.0,44064.0,22.5,4.04,42.2,30.131999999999998,7.479000000000001,160.2,0.0,0.0,
2026-02-24T00:08:01,02/24/202600:08,20.48,0.0,0.0,51.64,0.0,0.0,0.0,0.0,0.0,198.7,23297.0,44064.0,22.5,3.9899999999999998,41.9,30.125999999999998,7.392,159.4,0.0,0.0,
2026-02-24T00:08:29,02/24/202600:08,20.47,0.0,0.0,51.63000000000001,0.0,0.0,0.0,0.0,0.0,198.7,23297.0,44064.0,22.5,3.94,41.6,30.119999999999997,7.305,158.6,0.0,0.0,
2026-02-24T00:09:00,02/24/202600:09,20.46,0.0,0.0,51.620000000000005,0.0,0.0,0.0,0.0,0.0,198.7,23297.0,44064.0,22.5,3.8899999999999997,41.3,30.113999999999997,7.218000000000001,157.8,0.0,0.0,
2026-02-24T00:10:01,02/24/202600:10,20.45,0.0,0.0,51.620000000000005,0.0,0.0,0.0,0.0,0.0,198.7,23297.0,44064.0,22.4,3.84,41.0,30.107999999999997,7.131,157.0,0.0,0.0,
2026-02-24T00:11:00,02/24/202600:11,20.439999999999998,0.0,0.0,51.620000000000005,0.0,0.0,0.0,0.0,0.0,198.7,23297.0,44064.0,22.4,3.79,40.7,30.101999999999997,7.044,156.2,0.0,0.0,
2026-02-24T00:12:00,02/24/202600:12,20.43,0.0,0.0,51.61,0.0,0.0,0.0,0.0,0.0,198.7,23297.0,44064.0,22.4,3.7399999999999998,40.4,30.095999999999997,7.031000000000001,156.0,0.0,0.0,
2026-02-24T00:13:00,02/24/202600:13,20.419999999999998,0.0,0.0,51.61,0.0,0.0,0.0,0.0,0.0,198.7,23297.0,44064.0,22.4,3.7,40.0,30.089999999999996,7.08,156.0,0.0,0.0,
2026-02-24T00:14:00,02/24/202600:14,20.419999999999998,0.0,0.0,51.61,0.0,0.0,0.0,0.0,0.0,198.7,23297.0,44064.0,22.4,3.7,40.0,30.089999999999996,7.08,156.0,0.0,0.0,
2026-02-24T00:15:28,02/24/202600:15,20.419999999999998,0.0,0.0,51.61,0.0,0.0,0.0,0.0,0.0,198.7,23297.0,44064.0,22.4,3.7,40.0,30.089999999999996,7.08,156.0,0.0,0.0,
2026-02-24T00:16:01,02/24/202600:16,20.41,0.0,0.0,51.61,0.0,0.0,0.0,0.0,0.0,198.7,23297.0,44064.0,22.4,3.7,40.0,30.089999999999996,7.08,156.0,0.0,0.0,
2026-02-24T00:18:01,02/24/202600:18,20.4,0.0,0.0,51.61,0.0,0.0,0.0,0.0,0.0,198.7,23297.0,44064.0,22.5,3.7,39.9,30.089999999999996,7.043000000000001,156.9,0.0,0.0,
2026-02-24T00:19:01,02/24/202600:19,20.4,0.0,0.0,51.61,0.0,0.0,0.0,0.0,0.0,198.7,23297.0,44064.0,22.4,3.7,39.8,30.089999999999996,7.006,157.8,0.0,0.0,
2026-02-24T00:20:00,02/24/202600:20,20.4,0.0,0.0,51.61,0.0,0.0,0.0,0.0,0.0,198.7,23297.0,44064.0,22.5,3.7,39.7,30.089999999999996,6.968999999999999,158.7,0.0,0.0,
2026-02-24T00:21:00,02/24/202600:21,20.4,0.0,0.0,51.61,0.0,0.0,0.0,0.0,0.0,198.7,23297.0,44064.0,22.5,3.7,39.6,30.089999999999996,6.9319999999999995,159.6,0.0,0.0,
2026-02-24T00:22:00,02/24/202600:22,20.4,0.0,0.0,51.61,0.0,0.0,0.0,0.0,0.0,198.7,23297.0,44064.0,22.4,3.7,39.5,30.089999999999996,6.8950000000000005,160.5,0.0,0.0,
2026-02-24T00:23:00,02/24/202600:23,20.4,0.0,0.0,51.61,0.0,0.0,0.0,0.0,0.0,198.7,23297.0,44064.0,22.4,3.7,39.4,30.089999999999996,6.858,161.4,0.0,0.0,
2026-02-24T00:24:01,02/24/202600:24,20.4,0.0,0.0,51.589999999999996,0.0,0.0,0.0,0.0,0.0,198.7,23297.0,44064.0,22.4,3.7,39.3,30.089999999999996,6.821,162.3,0.0,0.0,
2026-02-24T00:25:00,02/24/202600:25,20.4,0.0,0.0,51.589999999999996,0.0,0.0,0.0,0.0,0.0,198.7,23297.0,44064.0,22.4,3.7,39.2,30.089999999999996,6.784000000000001,163.2,0.0,0.0,
2026-02-24T00:26:01,02/24/202600:26,20.4,0.0,0.0,51.6,0.0,0.0,0.0,0.0,0.0,198.7,23297.0,44064.0,22.4,3.7,39.1,30.089999999999996,6.747,164.1,0.0,0.0,
2026-02-24T00:26:17,02/24/202600:26,20.41,0.0,0.0,51.6,0.0,0.0,0.0,0.0,0.0,198.7,23297.0,44064.0,22.4,3.7,39.0,30.089999999999996,6.709999999999999,165.0,0.0,0.0,
2026-02-24T00:27:00,02/24/202600:27,20.419999999999998,0.0,0.0,51.6,0.0,0.0,0.0,0.0,0.0,198.7,23297.0,44064.0,22.4,3.7,39.0,30.089999999999996,6.709999999999999,165.0,0.0,0.0,
2026-02-24T00:27:18,02/24/202600:27,20.419999999999998,0.0,0.0,51.6,0.0,0.0,0.0,0.0,0.0,198.7,23297.0,44064.0,22.4,3.7,39.0,30.089999999999996,6.709999999999999,165.0,0.0,0.0,
2026-02-24T00:29:13,02/24/202600:29,20.419999999999998,0.0,0.0,51.6,0.0,0.0,0.0,0.0,0.0,198.7,23297.0,44064.0,22.5,3.7,39.0,30.089999999999996,6.709999999999999,165.0,0.0,0.0,
2026-02-24T00:30:01,02/24/202600:30,20.419999999999998,0.0,0.0,51.6,0.0,0.0,0.0,0.0,0.0,198.7,23297.0,44064.0,22.5,3.71,39.0,30.089999999999996,6.692,164.9,0.0,0.0,
2026-02-24T00:31:01,02/24/202600:31,20.419999999999998,0.0,0.0,51.6,0.0,0.0,0.0,0.0,0.0,198.7,23297.0,44064.0,22.4,3.7300000000000004,38.9,30.089999999999996,6.742,165.7,0.0,0.0,
2026-02-24T00:32:01,02/24/202600:32,20.419999999999998,0.0,0.0,51.589999999999996,0.0,0.0,0.0,0.0,0.0,198.7,23297.0,44064.0,22.4,3.75,38.8,30.089999999999996,6.792,166.5,0.0,0.0,
2026-02-24T00:33:00,02/24/202600:33,20.419999999999998,0.0,0.0,51.6,0.0,0.0,0.0,0.0,0.0,198.7,23297.0,44064.0,22.4,3.7700000000000005,38.7,30.089999999999996,6.8420000000000005,167.3,0.0,0.0,
2026-02-24T00:34:01,02/24/202600:34,20.419999999999998,0.0,0.0,51.6,0.0,0.0,0.0,0.0,0.0,198.7,23297.0,44064.0,22.5,3.79,38.6,30.089999999999996,6.892,168.1,0.0,0.0,
2026-02-24T00:35:28,02/24/202600:35,20.419999999999998,0.0,0.0,51.589999999999996,0.0,0.0,0.0,0.0,0.0,198.7,23297.0,44064.0,22.5,3.81,38.5,30.089999999999996,6.942,168.9,0.0,0.0,
2026-02-24T00:36:00,02/24/202600:36,20.41,0.0,0.0,51.589999999999996,0.0,0.0,0.0,0.0,0.0,198.7,23297.0,44064.0,22.5,3.8299999999999996,38.4,30.089999999999996,6.992,169.7,0.0,0.0,
2026-02-24T00:37:01,02/24/202600:37,20.4,0.0,0.0,51.589999999999996,0.0,0.0,0.0,0.0,0.0,198.7,23297.0,44064.0,22.5,3.85,38.3,30.089999999999996,7.042,170.5,0.0,0.0,
2026-02-24T00:38:01,02/24/202600:38,20.4,0.0,0.0,51.58,0.0,0.0,0.0,0.0,0.0,198.7,23297.0,44064.0,22.4,3.87,38.2,30.089999999999996,7.0920000000000005,171.3,0.0,0.0,
2026-02-24T00:39:01,02/24/202600:39,20.4,0.0,0.0,51.58,0.0,0.0,0.0,0.0,0.0,198.7,23297.0,44064.0,22.4,3.8899999999999997,38.1,30.089999999999996,7.142,172.1,0.0,0.0,
2026-02-24T00:40:23,02/24/202600:40,20.389999999999997,0.0,0.0,51.58,0.0,0.0,0.0,0.0,0.0,198.7,23297.0,44064.0,22.4,3.9,38.0,30.089999999999996,7.209999999999999,173.0,0.0,0.0,
2026-02-24T00:40:28,02/24/202600:40,20.389999999999997,0.0,0.0,51.58,0.0,0.0,0.0,0.0,0.0,198.7,23297.0,44064.0,22.4,3.9,38.0,30.089999999999996,7.209999999999999,173.0,0.0,0.0,
2026-02-24T00:41:00,02/24/202600:41,20.389999999999997,0.0,0.0,51.589999999999996,0.0,0.0,0.0,0.0,0.0,198.7,23297.0,44064.0,22.4,3.9,38.0,30.089999999999996,7.209999999999999,173.0,0.0,0.0,
2026-02-24T00:42:00,02/24/202600:42,20.389999999999997,0.0,0.0,51.589999999999996,0.0,0.0,0.0,0.0,0.0,198.7,23297.0,44064.0,22.4,3.9,38.0,30.089999999999996,7.209999999999999,173.0,0.0,0.0,
2026-02-24T00:43:00,02/24/202600:43,20.389999999999997,0.0,0.0,51.589999999999996,0.0,0.0,0.0,0.0,0.0,198.7,23297.0,44064.0,22.4,3.9,38.0,30.089999999999996,7.209999999999999,173.0,0.0,0.0,
2026-02-24T00:44:00,02/24/202600:44,20.389999999999997,0.0,0.0,51.589999999999996,0.0,0.0,0.0,0.0,0.0,198.7,23297.0,44064.0,22.5,3.9,38.4,30.089999999999996,7.209999999999999,173.0,0.0,0.0,
2026-02-24T00:45:16,02/24/202600:45,20.389999999999997,0.0,0.0,51.589999999999996,0.0,0.0,0.0,0.0,0.0,198.7,23297.0,44064.0,22.4,3.9,38.8,30.089999999999996,7.209999999999999,173.0,0.0,0.0,
2026-02-24T00:46:00,02/24/202600:46,20.389999999999997,0.0,0.0,51.589999999999996,0.0,0.0,0.0,0.0,0.0,198.7,23297.0,44064.0,22.4,3.9,39.2,30.089999999999996,7.209999999999999,173.0,0.0,0.0,
2026-02-24T00:47:00,02/24/202600:47,20.389999999999997,0.0,0.0,51.6,0.0,0.0,0.0,0.0,0.0,198.7,23297.0,44064.0,22.4,3.91,39.5,30.089999999999996,7.297,173.7,0.0,0.0,
2026-02-24T00:48:00,02/24/202600:48,20.389999999999997,0.0,0.0,51.6,0.0,0.0,0.0,0.0,0.0,198.7,23297.0,44064.0,22.4,3.9200000000000004,39.8,30.089999999999996,7.384,174.4,0.0,0.0,
2026-02-24T00:49:00,02/24/202600:49,20.4,0.0,0.0,51.6,0.0,0.0,0.0,0.0,0.0,198.7,23297.0,44064.0,22.4,3.9299999999999997,40.1,30.089999999999996,7.470999999999999,175.1,0.0,0.0,
2026-02-24T00:50:00,02/24/202600:50,20.4,0.0,0.0,51.589999999999996,0.0,0.0,0.0,0.0,0.0,198.7,23297.0,44064.0,22.4,3.94,40.4,30.089999999999996,7.558,175.8,0.0,0.0,
2026-02-24T00:51:33,02/24/202600:51,20.4,0.0,0.0,51.58,0.0,0.0,0.0,0.0,0.0,198.7,23297.0,44064.0,22.4,3.95,40.7,30.089999999999996,7.6450000000000005,176.5,0.0,0.0,
2026-02-24T00:52:00,02/24/202600:52,20.4,0.0,0.0,51.58,0.0,0.0,0.0,0.0,0.0,198.7,23297.0,44064.0,22.4,3.96,41.0,30.089999999999996,7.731999999999999,177.2,0.0,0.0,
2026-02-24T00:53:01,02/24/202600:53,20.4,0.0,0.0,51.58,0.0,0.0,0.0,0.0,0.0,198.7,23297.0,44064.0,22.4,3.97,41.3,30.089999999999996,7.819,177.9,0.0,0.0,
2026-02-24T00:54:00,02/24/202600:54,20.4,0.0,0.0,51.58,0.0,0.0,0.0,0.0,0.0,198.7,23297.0,44064.0,22.4,3.9799999999999995,41.2,30.089999999999996,7.906000000000001,178.6,0.0,0.0,
2026-02-24T00:55:00,02/24/202600:55,20.4,0.0,0.0,51.58,0.0,0.0,0.0,0.0,0.0,198.7,23297.0,44064.0,22.4,3.9899999999999998,41.1,30.089999999999996,7.993,179.3,0.0,0.0,
2026-02-24T00:56:58,02/24/202600:56,20.4,0.0,0.0,51.57000000000001,0.0,0.0,0.0,0.0,0.0,198.7,23297.0,44064.0,22.4,4.0,41.0,30.089999999999996,8.08,180.0,0.0,0.0,
2026-02-24T00:57:01,02/24/202600:57,20.4,0.0,0.0,51.56,0.0,0.0,0.0,0.0,0.0,198.7,23297.0,44064.0,22.4,4.0,41.0,30.089999999999996,8.08,180.0,0.0,0.0,
2026-02-24T00:58:00,02/24/202600:58,20.4,0.0,0.0,51.56,0.0,0.0,0.0,0.0,0.0,198.7,23297.0,44064.0,22.4,4.0,41.0,30.089999999999996,8.08,180.0,0.0,0.0,
2026-02-24T00:59:01,02/24/202600:59,20.4,0.0,0.0,51.56,0.0,0.0,0.0,0.0,0.0,198.7,23297.0,44064.0,22.4,4.0,41.0,30.089999999999996,8.08,180.0,0.0,0.0,
2026-02-24T01:00:01,02/24/202601:00,20.4,0.0,0.0,51.57000000000001,0.0,0.0,0.0,0.0,0.0,198.7,23297.0,44064.0,22.4,4.0,41.0,30.089999999999996,8.08,180.0,0.0,0.0,
2026-02-24T01:01:01,02/24/202601:01,20.4,0.0,0.0,51.57000000000001,0.0,0.0,0.0,0.0,0.0,198.7,23297.0,44064.0,22.4,4.0,41.0,30.089999999999996,8.08,180.0,0.0,0.0,
2026-02-24T01:02:46,02/24/202601:02,20.4,0.0,0.0,51.56,0.0,0.0,0.0,0.0,0.0,198.7,23297.0,44064.0,22.4,4.01,41.0,30.087,8.099,180.2,0.0,0.0,
2026-02-24T01:03:01,02/24/202601:03,20.4,0.0,0.0,51.55,0.0,0.0,0.0,0.0,0.0,198.7,23297.0,44064.0,22.4,4.0200000000000005,41.0,30.083999999999996,8.118,180.4,0.0,0.0,
2026-02-24T01:04:01,02/24/202601:04,20.4,0.0,0.0,51.55,0.0,0.0,0.0,0.0,0.0,198.7,23297.0,44064.0,22.4,4.029999999999999,41.0,30.081,8.137,180.6,0.0,0.0,
2026-02-24T01:05:05,02/24/202601:05,20.4,0.0,0.0,51.55,0.0,0.0,0.0,0.0,0.0,198.7,23297.0,44064.0,22.4,4.04,41.0,30.077999999999996,8.156,180.8,0.0,0.0,
2026-02-24T01:06:00,02/24/202601:06,20.4,0.0,0.0,51.56,0.0,0.0,0.0,0.0,0.0,198.7,23297.0,44064.0,22.4,4.05,41.0,30.075,8.175,181.0,0.0,0.0,
2026-02-24T01:07:01,02/24/202601:07,20.4,0.0,0.0,51.57000000000001,0.0,0.0,0.0,0.0,0.0,198.7,23297.0,44064.0,22.4,4.06,41.0,30.071999999999996,8.193999999999999,181.2,0.0,0.0,
2026-02-24T01:08:22,02/24/202601:08,20.4,0.0,0.0,51.57000000000001,0.0,0.0,0.0,0.0,0.0,198.7,23297.0,44064.0,22.4,4.069999999999999,41.0,30.069,8.213,181.4,0.0,0.0,
2026-02-24T01:09:01,02/24/202601:09,20.4,0.0,0.0,51.57000000000001,0.0,0.0,0.0,0.0,0.0,198.7,23297.0,44064.0,22.4,4.08,41.0,30.065999999999995,8.232,181.6,0.0,0.0,
2026-02-24T01:10:01,02/24/202601:10,20.4,0.0,0.0,51.57000000000001,0.0,0.0,0.0,0.0,0.0,198.7,23297.0,44064.0,22.4,4.09,41.0,30.063,8.251,181.8,0.0,0.0,
2026-02-24T01:11:01,02/24/202601:11,20.4,0.0,0.0,51.58,0.0,0.0,0.0,0.0,0.0,198.7,23297.0,44064.0,22.4,4.1,41.0,30.059999999999995,8.27,182.0,0.0,0.0,
2026-02-24T01:12:00,02/24/202601:12,20.4,0.0,0.0,51.589999999999996,0.0,0.0,0.0,0.0,0.0,198.7,23297.0,44064.0,22.4,4.1,41.0,30.059999999999995,8.27,182.0,0.0,0.0,
2026-02-24T01:13:57,02/24/202601:13,20.4,0.0,0.0,51.589999999999996,0.0,0.0,0.0,0.0,0.0,198.7,23297.0,44064.0,22.4,4.1,41.0,30.059999999999995,8.27,182.0,0.0,0.0,
2026-02-24T01:14:01,02/24/202601:14,20.4,0.0,0.0,51.58,0.0,0.0,0.0,0.0,0.0,198.7,23297.0,44064.0,22.4,4.1,41.0,30.059999999999995,8.27,182.0,0.0,0.0,
2026-02-24T01:15:01,02/24/202601:15,20.4,0.0,0.0,51.58,0.0,0.0,0.0,0.0,0.0,198.7,23297.0,44064.0,22.4,4.1,41.0,30.059999999999995,8.27,182.0,0.0,0.0,
2026-02-24T01:16:01,02/24/202601:16,20.4,0.0,0.0,51.58,0.0,0.0,0.0,0.0,0.0,198.7,23297.0,44064.0,22.4,4.1,41.0,30.059999999999995,8.27,182.0,0.0,0.0,
2026-02-24T01:17:00,02/24/202601:17,20.4,0.0,0.0,51.57000000000001,0.0,0.0,0.0,0.0,0.0,198.7,23297.0,44064.0,22.4,4.119999999999999,41.0,30.059999999999995,8.363,182.2,0.0,0.0,
2026-02-24T01:18:01,02/24/202601:18,20.4,0.0,0.0,51.57000000000001,0.0,0.0,0.0,0.0,0.0,198.7,23297.0,44064.0,22.4,4.14,41.0,30.059999999999995,8.456,182.4,0.0,0.0,
2026-02-24T01:19:01,02/24/202601:19,20.4,0.0,0.0,51.56,0.0,0.0,0.0,0.0,0.0,198.7,23297.0,44064.0,22.4,4.159999999999999,41.0,30.059999999999995,8.549,182.6,0.0,0.0,
2026-02-24T01:20:01,02/24/202601:20,20.4,0.0,0.0,51.55,0.0,0.0,0.0,0.0,0.0,198.7,23297.0,44064.0,22.4,4.18,41.0,30.059999999999995,8.642,182.8,0.0,0.0,
2026-02-24T01:21:01,02/24/202601:21,20.4,0.0,0.0,51.55,0.0,0.0,0.0,0.0,0.0,198.7,23297.0,44064.0,22.4,4.2,41.0,30.059999999999995,8.735,183.0,0.0,0.0,
2026-02-24T01:21:38,02/24/202601:21,20.389999999999997,0.0,0.0,51.55,0.0,0.0,0.0,0.0,0.0,198.7,23297.0,44064.0,22.4,4.22,41.0,30.059999999999995,8.828,183.2,0.0,0.0,
2026-02-24T01:22:01,02/24/202601:22,20.38,0.0,0.0,51.56,0.0,0.0,0.0,0.0,0.0,198.7,23297.0,44064.0,22.4,4.24,41.0,30.059999999999995,8.921,183.4,0.0,0.0,
2026-02-24T01:22:39,02/24/202601:22,20.38,0.0,0.0,51.57000000000001,0.0,0.0,0.0,0.0,0.0,198.7,23297.0,44064.0,22.4,4.26,41.0,30.059999999999995,9.014,183.6,0.0,0.0,
2026-02-24T01:23:01,02/24/202601:23,20.38,0.0,0.0,51.57000000000001,0.0,0.0,0.0,0.0,0.0,198.7,23297.0,44064.0,22.4,4.279999999999999,41.0,30.059999999999995,9.107,183.8,0.0,0.0,
2026-02-24T01:25:08,02/24/202601:25,20.38,0.0,0.0,51.57000000000001,0.0,0.0,0.0,0.0,0.0,198.7,23297.0,44064.0,22.4,4.319999999999999,41.0,30.059999999999995,9.225,184.3,0.0,0.0,
2026-02-24T01:26:00,02/24/202601:26,20.38,0.0,0.0,51.58,0.0,0.0,0.0,0.0,0.0,198.7,23297.0,44064.0,22.4,4.34,41.0,30.059999999999995,9.25,184.6,0.0,0.0,
2026-02-24T01:27:00,02/24/202601:27,20.38,0.0,0.0,51.58,0.0,0.0,0.0,0.0,0.0,198.7,23297.0,44064.0,22.4,4.36,41.0,30.059999999999995,9.275,184.9,0.0,0.0,
2026-02-24T01:28:19,02/24/202601:28,20.38,0.0,0.0,51.58,0.0,0.0,0.0,0.0,0.0,198.7,23297.0,44064.0,22.4,4.38,41.0,30.059999999999995,9.3,185.2,0.0,0.0,
2026-02-24T01:29:00,02/24/202601:29,20.38,0.0,0.0,51.58,0.0,0.0,0.0,0.0,0.0,198.7,23297.0,44064.0,22.4,4.4,41.0,30.059999999999995,9.325,185.5,0.0,0.0,
2026-02-24T01:30:00,02/24/202601:30,20.38,0.0,0.0,51.58,0.0,0.0,0.0,0.0,0.0,198.7,23297.0,44064.0,22.4,4.42,41.0,30.059999999999995,9.35,185.8,0.0,0.0,
2026-02-24T01:31:24,02/24/202601:31,20.389999999999997,0.0,0.0,51.58,0.0,0.0,0.0,0.0,0.0,198.7,23297.0,44064.0,22.4,4.470000000000001,40.9,30.059999999999995,9.437,186.7,0.0,0.0,
2026-02-24T01:32:00,02/24/202601:32,20.4,0.0,0.0,51.58,0.0,0.0,0.0,0.0,0.0,198.7,23297.0,44064.0,22.4,4.5200000000000005,40.8,30.059999999999995,9.524,187.6,0.0,0.0,
2026-02-24T01:33:01,02/24/202601:33,20.4,0.0,0.0,51.57000000000001,0.0,0.0,0.0,0.0,0.0,198.7,23297.0,44064.0,22.4,4.57,40.7,30.059999999999995,9.611,188.5,0.0,0.0,
2026-02-24T01:34:00,02/24/202601:34,20.4,0.0,0.0,51.57000000000001,0.0,0.0,0.0,0.0,0.0,198.7,23297.0,44064.0,22.4,4.62,40.6,30.059999999999995,9.697999999999999,189.4,0.0,0.0,
2026-02-24T01:35:00,02/24/202601:35,20.4,0.0,0.0,51.57000000000001,0.0,0.0,0.0,0.0,0.0,198.7,23297.0,44064.0,22.4,4.65,40.5,30.059999999999995,9.76,190.0,0.0,0.0,
2026-02-24T01:36:17,02/24/202601:36,20.4,0.0,0.0,51.56,0.0,0.0,0.0,0.0,0.0,198.7,23297.0,44064.0,22.4,4.68,40.4,30.059999999999995,9.822,190.6,0.0,0.0,
2026-02-24T01:37:00,02/24/202601:37,20.4,0.0,0.0,51.55,0.0,0.0,0.0,0.0,0.0,198.7,23297.0,44064.0,22.4,4.71,40.3,30.059999999999995,9.884,191.2,0.0,0.0,
2026-02-24T01:38:00,02/24/202601:38,20.4,0.0,0.0,51.56,0.0,0.0,0.0,0.0,0.0,198.7,23297.0,44064.0,22.4,4.74,40.2,30.059999999999995,9.946000000000002,191.8,0.0,0.0,
2026-02-24T01:39:00,02/24/202601:39,20.4,0.0,0.0,51.56,0.0,0.0,0.0,0.0,0.0,198.7,23297.0,44064.0,22.4,4.77,40.1,30.059999999999995,10.008,192.4,0.0,0.0,
2026-02-24T01:40:00,02/24/202601:40,20.4,0.0,0.0,51.55,0.0,0.0,0.0,0.0,0.0,198.7,23297.0,44064.0,22.4,4.8,40.0,30.059999999999995,10.07,193.0,0.0,0.0,
2026-02-24T01:41:00,02/24/202601:41,20.4,0.0,0.0,51.55,0.0,0.0,0.0,0.0,0.0,198.7,23297.0,44064.0,22.4,4.8,40.0,30.059999999999995,10.07,193.0,0.0,0.0,
2026-02-24T01:42:00,02/24/202601:42,20.4,0.0,0.0,51.54,0.0,0.0,0.0,0.0,0.0,198.7,23297.0,44064.0,22.4,4.8,40.0,30.059999999999995,10.07,193.0,0.0,0.0,
2026-02-24T01:43:00,02/24/202601:43,20.4,0.0,0.0,51.54,0.0,0.0,0.0,0.0,0.0,198.7,23297.0,44064.0,22.4,4.8,40.0,30.059999999999995,10.07,193.0,0.0,0.0,
2026-02-24T01:44:00,02/24/202601:44,20.4,0.0,0.0,51.54,0.0,0.0,0.0,0.0,0.0,198.7,23297.0,44064.0,22.4,4.8,40.0,30.059999999999995,10.07,193.0,0.0,0.0,
2026-02-24T01:45:00,02/24/202601:45,20.4,0.0,0.0,51.529999999999994,0.0,0.0,0.0,0.0,0.0,198.7,23297.0,44064.0,22.4,4.8,40.0,30.059999999999995,10.07,193.0,0.0,0.0,
2026-02-24T01:46:00,02/24/202601:46,20.4,0.0,0.0,51.54,0.0,0.0,0.0,0.0,0.0,198.7,23297.0,44064.0,22.4,4.8,40.0,30.059999999999995,10.07,193.0,0.0,0.0,
2026-02-24T01:47:29,02/24/202601:47,20.4,0.0,0.0,51.54,0.0,0.0,0.0,0.0,0.0,198.7,23297.0,44064.0,22.4,4.819999999999999,40.0,30.059999999999995,10.082,192.6,0.0,0.0,
2026-02-24T01:48:00,02/24/202601:48,20.4,0.0,0.0,51.529999999999994,0.0,0.0,0.0,0.0,0.0,198.7,23297.0,44064.0,22.4,4.84,40.0,30.059999999999995,10.094,192.2,0.0,0.0,
2026-02-24T01:49:00,02/24/202601:49,20.4,0.0,0.0,51.529999999999994,0.0,0.0,0.0,0.0,0.0,198.7,23297.0,44064.0,22.4,4.86,40.0,30.059999999999995,10.106,191.8,0.0,0.0,
2026-02-24T01:50:01,02/24/202601:50,20.4,0.0,0.0,51.529999999999994,0.0,0.0,0.0,0.0,0.0,198.7,23297.0,44064.0,22.4,4.88,40.0,30.059999999999995,10.118,191.4,0.0,0.0,
2026-02-24T01:51:00,02/24/202601:51,20.4,0.0,0.0,51.52,0.0,0.0,0.0,0.0,0.0,198.7,23297.0,44064.0,22.4,4.9,40.0,30.059999999999995,10.129999999999999,191.0,0.0,0.0,
2026-02-24T01:52:00,02/24/202601:52,20.4,0.0,0.0,51.529999999999994,0.0,0.0,0.0,0.0,0.0,198.7,23297.0,44064.0,22.4,4.92,40.0,30.059999999999995,10.142,190.6,0.0,0.0,
2026-02-24T01:52:23,02/24/202601:52,20.389999999999997,0.0,0.0,51.529999999999994,0.0,0.0,0.0,0.0,0.0,198.7,23297.0,44064.0,22.4,4.9399999999999995,40.0,30.059999999999995,10.154,190.2,0.0,0.0,
2026-02-24T01:53:00,02/24/202601:53,20.38,0.0,0.0,51.529999999999994,0.0,0.0,0.0,0.0,0.0,198.7,23297.0,44064.0,22.4,4.96,40.0,30.059999999999995,10.166,189.8,0.0,0.0,
2026-02-24T01:53:25,02/24/202601:53,20.38,0.0,0.0,51.54,0.0,0.0,0.0,0.0,0.0,198.7,23297.0,44064.0,22.4,4.9799999999999995,40.0,30.059999999999995,10.178,189.4,0.0,0.0,
2026-02-24T01:54:00,02/24/202601:54,20.38,0.0,0.0,51.54,0.0,0.0,0.0,0.0,0.0,198.7,23297.0,44064.0,22.4,5.0,40.0,30.059999999999995,10.19,189.0,0.0,0.0,
2026-02-24T01:54:25,02/24/202601:54,20.369999999999997,0.0,0.0,51.54,0.0,0.0,0.0,0.0,0.0,198.7,23297.0,44064.0,22.4,5.0,40.0,30.057,10.19,189.0,0.0,0.0,
2026-02-24T01:55:00,02/24/202601:55,20.36,0.0,0.0,51.54,0.0,0.0,0.0,0.0,0.0,198.7,23297.0,44064.0,22.4,5.0,40.0,30.053999999999995,10.19,189.0,0.0,0.0,
2026-02-24T01:56:00,02/24/202601:56,20.35,0.0,0.0,51.55,0.0,0.0,0.0,0.0,0.0,198.7,23297.0,44064.0,22.4,5.0,40.0,30.051,10.19,189.0,0.0,0.0,
2026-02-24T01:57:00,02/24/202601:57,20.34,0.0,0.0,51.54,0.0,0.0,0.0,0.0,0.0,198.7,23297.0,44064.0,22.4,5.0,40.0,30.048000000000002,10.19,189.0,0.0,0.0,
2026-02-24T01:58:41,02/24/202601:58,20.34,0.0,0.0,51.55,0.0,0.0,0.0,0.0,0.0,198.7,23297.0,44064.0,22.4,5.0,40.0,30.044999999999998,10.19,189.0,0.0,0.0,
2026-02-24T01:59:00,02/24/202601:59,20.34,0.0,0.0,51.55,0.0,0.0,0.0,0.0,0.0,198.7,23297.0,44064.0,22.4,5.0,40.0,30.042,10.19,189.0,0.0,0.0,
2026-02-24T02:00:01,02/24/202602:00,20.35,0.0,0.0,51.55,0.0,0.0,0.0,0.0,0.0,198.7,23297.0,44064.0,22.4,5.0,40.0,30.038999999999998,10.19,189.0,0.0,0.0,
2026-02-24T02:01:01,02/24/202602:01,20.36,0.0,0.0,51.55,0.0,0.0,0.0,0.0,0.0,198.7,23297.0,44064.0,22.4,5.01,40.0,30.036,10.196,189.1,0.0,0.0,
2026-02-24T02:01:26,02/24/202602:01,20.35,0.0,0.0,51.54,0.0,0.0,0.0,0.0,0.0,198.7,23297.0,44064.0,22.4,5.0200000000000005,40.0,30.032999999999998,10.202,189.2,0.0,0.0,
2026-02-24T02:02:01,02/24/202602:02,20.34,0.0,0.0,51.529999999999994,0.0,0.0,0.0,0.0,0.0,198.7,23297.0,44064.0,22.4,5.029999999999999,40.0,30.03,10.208,189.3,0.0,0.0,
2026-02-24T02:02:26,02/24/202602:02,20.35,0.0,0.0,51.529999999999994,0.0,0.0,0.0,0.0,0.0,198.7,23297.0,44064.0,22.4,5.04,40.0,30.03,10.214,189.4,0.0,0.0,
2026-02-24T02:03:01,02/24/202602:03,20.36,0.0,0.0,51.529999999999994,0.0,0.0,0.0,0.0,0.0,198.7,23297.0,44064.0,22.4,5.05,40.0,30.03,10.22,189.5,0.0,0.0,
2026-02-24T02:04:01,02/24/202602:04,20.369999999999997,0.0,0.0,51.52,0.0,0.0,0.0,0.0,0.0,198.7,23297.0,44064.0,22.4,5.06,40.0,30.03,10.225999999999999,189.6,0.0,0.0,
2026-02-24T02:04:25,02/24/202602:04,20.369999999999997,0.0,0.0,51.529999999999994,0.0,0.0,0.0,0.0,0.0,198.7,23297.0,44064.0,22.4,5.069999999999999,40.0,30.03,10.232,189.7,0.0,0.0,
2026-02-24T02:05:01,02/24/202602:05,20.36,0.0,0.0,51.52,0.0,0.0,0.0,0.0,0.0,198.7,23297.0,44064.0,22.4,5.08,40.0,30.03,10.238,189.8,0.0,0.0,
2026-02-24T02:06:01,02/24/202602:06,20.35,0.0,0.0,51.510000000000005,0.0,0.0,0.0,0.0,0.0,198.7,23297.0,44064.0,22.4,5.09,40.0,30.03,10.244,189.9,0.0,0.0,
2026-02-24T02:07:01,02/24/202602:07,20.34,0.0,0.0,51.510000000000005,0.0,0.0,0.0,0.0,0.0,198.7,23297.0,44064.0,22.4,5.1,40.0,30.03,10.25,190.0,0.0,0.0,
2026-02-24T02:08:01,02/24/202602:08,20.330000000000002,0.0,0.0,51.5,0.0,0.0,0.0,0.0,0.0,198.7,23297.0,44064.0,22.4,5.1,40.0,30.03,10.25,190.0,0.0,0.0,
2026-02-24T02:08:26,02/24/202602:08,20.34,0.0,0.0,51.5,0.0,0.0,0.0,0.0,0.0,198.7,23297.0,44064.0,22.4,5.1,40.0,30.03,10.25,190.0,0.0,0.0,
2026-02-24T02:09:53,02/24/202602:09,20.35,0.0,0.0,51.5,0.0,0.0,0.0,0.0,0.0,198.7,23297.0,44064.0,22.4,5.1,40.0,30.03,10.25,190.0,0.0,0.0,
2026-02-24T02:10:01,02/24/202602:10,20.35,0.0,0.0,51.5,0.0,0.0,0.0,0.0,0.0,198.7,23297.0,44064.0,22.4,5.1,40.0,30.03,10.25,190.0,0.0,0.0,
2026-02-24T02:11:00,02/24/202602:11,20.35,0.0,0.0,51.5,0.0,0.0,0.0,0.0,0.0,198.7,23297.0,44064.0,22.4,5.1,40.0,30.03,10.25,190.0,0.0,0.0,
2026-02-24T02:12:00,02/24/202602:12,20.35,0.0,0.0,51.5,0.0,0.0,0.0,0.0,0.0,198.7,23297.0,44064.0,22.4,5.1,40.0,30.03,10.25,190.0,0.0,0.0,
2026-02-24T02:13:00,02/24/202602:13,20.36,0.0,0.0,51.5,0.0,0.0,0.0,0.0,0.0,198.7,23297.0,44064.0,22.4,5.1,40.0,30.03,10.25,190.0,0.0,0.0,
2026-02-24T02:14:00,02/24/202602:14,20.369999999999997,0.0,0.0,51.5,0.0,0.0,0.0,0.0,0.0,198.7,23297.0,44064.0,22.4,5.1,40.0,30.03,10.25,190.0,0.0,0.0,
2026-02-24T02:15:00,02/24/202602:15,20.38,0.0,0.0,51.5,0.0,0.0,0.0,0.0,0.0,198.7,23297.0,44064.0,22.4,5.1,40.0,30.03,10.25,190.0,0.0,0.0,
2026-02-24T02:15:20,02/24/202602:15,20.38,0.0,0.0,51.5,0.0,0.0,0.0,0.0,0.0,198.7,23297.0,44064.0,22.4,5.109999999999999,40.0,30.03,10.269,190.0,0.0,0.0,
2026-02-24T02:16:00,02/24/202602:16,20.38,0.0,0.0,51.5,0.0,0.0,0.0,0.0,0.0,198.7,23297.0,44064.0,22.4,5.119999999999999,40.0,30.03,10.288,190.0,0.0,0.0,
2026-02-24T02:17:01,02/24/202602:17,20.369999999999997,0.0,0.0,51.510000000000005,0.0,0.0,0.0,0.0,0.0,198.7,23297.0,44064.0,22.4,5.13,40.0,30.03,10.306999999999999,190.0,0.0,0.0,
2026-02-24T02:17:20,02/24/202602:17,20.369999999999997,0.0,0.0,51.510000000000005,0.0,0.0,0.0,0.0,0.0,198.7,23297.0,44064.0,22.4,5.14,40.0,30.03,10.325999999999999,190.0,0.0,0.0,
2026-02-24T02:18:00,02/24/202602:18,20.369999999999997,0.0,0.0,51.510000000000005,0.0,0.0,0.0,0.0,0.0,198.7,23297.0,44064.0,22.4,5.15,40.0,30.03,10.345,190.0,0.0,0.0,
2026-02-24T02:19:00,02/24/202602:19,20.369999999999997,0.0,0.0,51.510000000000005,0.0,0.0,0.0,0.0,0.0,198.7,23297.0,44064.0,22.4,5.16,40.0,30.03,10.364,190.0,0.0,0.0,
2026-02-24T02:21:04,02/24/202602:21,20.369999999999997,0.0,0.0,51.510000000000005,0.0,0.0,0.0,0.0,0.0,198.7,23297.0,44064.0,22.4,5.17,40.0,30.03,10.383,190.0,0.0,0.0,
2026-02-24T02:22:01,02/24/202602:22,20.369999999999997,0.0,0.0,51.5,0.0,0.0,0.0,0.0,0.0,198.7,23297.0,44064.0,22.4,5.18,40.0,30.03,10.402,190.0,0.0,0.0,
2026-02-24T02:22:21,02/24/202602:22,20.36,0.0,0.0,51.489999999999995,0.0,0.0,0.0,0.0,0.0,198.7,23297.0,44064.0,22.4,5.1899999999999995,40.0,30.03,10.421,190.0,0.0,0.0,
2026-02-24T02:23:00,02/24/202602:23,20.35,0.0,0.0,51.48,0.0,0.0,0.0,0.0,0.0,198.7,23297.0,44064.0,22.4,5.2,40.0,30.03,10.44,190.0,0.0,0.0,
2026-02-24T02:24:00,02/24/202602:24,20.35,0.0,0.0,51.48,0.0,0.0,0.0,0.0,0.0,198.7,23297.0,44064.0,22.4,5.2,40.0,30.03,10.44,190.0,0.0,0.0,
2026-02-24T02:24:21,02/24/202602:24,20.36,0.0,0.0,51.48,0.0,0.0,0.0,0.0,0.0,198.7,23297.0,44064.0,22.4,5.2,40.0,30.03,10.44,190.0,0.0,0.0,
2026-02-24T02:25:01,02/24/202602:25,20.369999999999997,0.0,0.0,51.470000000000006,0.0,0.0,0.0,0.0,0.0,198.7,23297.0,44064.0,22.4,5.2,40.0,30.03,10.44,190.0,0.0,0.0,
2026-02-24T02:25:20,02/24/202602:25,20.36,0.0,0.0,51.470000000000006,0.0,0.0,0.0,0.0,0.0,198.7,23297.0,44064.0,22.4,5.2,40.0,30.03,10.44,190.0,0.0,0.0,
2026-02-24T02:26:01,02/24/202602:26,20.35,0.0,0.0,51.46,0.0,0.0,0.0,0.0,0.0,198.7,23297.0,44064.0,22.4,5.2,40.0,30.03,10.44,190.0,0.0,0.0,
2026-02-24T02:26:24,02/24/202602:26,20.35,0.0,0.0,51.46,0.0,0.0,0.0,0.0,0.0,198.7,23297.0,44064.0,22.4,5.2,40.0,30.03,10.44,190.0,0.0,0.0,
2026-02-24T02:26:52,02/24/202602:26,20.34,0.0,0.0,51.46,0.0,0.0,0.0,0.0,0.0,198.7,23297.0,44064.0,22.4,5.2,40.0,30.03,10.44,190.0,0.0,0.0,
2026-02-24T02:27:01,02/24/202602:27,20.330000000000002,0.0,0.0,51.470000000000006,0.0,0.0,0.0,0.0,0.0,198.7,23297.0,44064.0,22.4,5.2,40.0,30.03,10.44,190.0,0.0,0.0,
2026-02-24T02:27:52,02/24/202602:27,20.34,0.0,0.0,51.48,0.0,0.0,0.0,0.0,0.0,198.7,23297.0,44064.0,22.4,5.2,40.0,30.03,10.44,190.0,0.0,0.0,
2026-02-24T02:28:01,02/24/202602:28,20.35,0.0,0.0,51.489999999999995,0.0,0.0,0.0,0.0,0.0,198.7,23297.0,44064.0,22.4,5.2,40.0,30.03,10.44,190.0,0.0,0.0,
2026-02-24T02:28:53,02/24/202602:28,20.35,0.0,0.0,51.489999999999995,0.0,0.0,0.0,0.0,0.0,198.7,23297.0,44064.0,22.4,5.2,40.0,30.03,10.44,190.0,0.0,0.0,
2026-02-24T02:29:00,02/24/202602:29,20.34,0.0,0.0,51.489999999999995,0.0,0.0,0.0,0.0,0.0,198.7,23297.0,44064.0,22.4,5.2,40.0,30.03,10.44,190.0,0.0,0.0,
2026-02-24T02:30:01,02/24/202602:30,20.330000000000002,0.0,0.0,51.489999999999995,0.0,0.0,0.0,0.0,0.0,198.7,23297.0,44064.0,22.4,5.21,40.0,30.03,10.44,190.0,0.0,0.0,
2026-02-24T02:32:14,02/24/202602:32,20.34,0.0,0.0,51.489999999999995,0.0,0.0,0.0,0.0,0.0,198.7,23297.0,44064.0,22.4,5.220000000000001,40.0,30.03,10.471,190.2,0.0,0.0,
2026-02-24T02:33:33,02/24/202602:33,20.35,0.0,0.0,51.5,0.0,0.0,0.0,0.0,0.0,198.7,23297.0,44064.0,22.4,5.2299999999999995,40.0,30.03,10.501999999999999,190.4,0.0,0.0,
2026-02-24T02:34:01,02/24/202602:34,20.35,0.0,0.0,51.5,0.0,0.0,0.0,0.0,0.0,198.7,23297.0,44064.0,22.4,5.24,40.0,30.03,10.533,190.6,0.0,0.0,
2026-02-24T02:35:01,02/24/202602:35,20.36,0.0,0.0,51.489999999999995,0.0,0.0,0.0,0.0,0.0,198.7,23297.0,44064.0,22.4,5.25,40.0,30.03,10.564,190.8,0.0,0.0,
2026-02-24T02:35:34,02/24/202602:35,20.36,0.0,0.0,51.489999999999995,0.0,0.0,0.0,0.0,0.0,198.7,23297.0,44064.0,22.4,5.26,40.0,30.03,10.595,191.0,0.0,0.0,
2026-02-24T02:36:01,02/24/202602:36,20.35,0.0,0.0,51.489999999999995,0.0,0.0,0.0,0.0,0.0,198.7,23297.0,44064.0,22.4,5.2700000000000005,40.0,30.03,10.626,191.2,0.0,0.0,
2026-02-24T02:36:33,02/24/202602:36,20.35,0.0,0.0,51.48,0.0,0.0,0.0,0.0,0.0,198.7,23297.0,44064.0,22.4,5.279999999999999,40.0,30.03,10.657,191.4,0.0,0.0,
2026-02-24T02:37:01,02/24/202602:37,20.36,0.0,0.0,51.470000000000006,0.0,0.0,0.0,0.0,0.0,198.7,23297.0,44064.0,22.4,5.29,40.0,30.03,10.687999999999999,191.6,0.0,0.0,
2026-02-24T02:38:01,02/24/202602:38,20.369999999999997,0.0,0.0,51.470000000000006,0.0,0.0,0.0,0.0,0.0,198.7,23297.0,44064.0,22.4,5.3,40.0,30.03,10.719,191.8,0.0,0.0,
2026-02-24T02:39:01,02/24/202602:39,20.38,0.0,0.0,51.470000000000006,0.0,0.0,0.0,0.0,0.0,198.7,23297.0,44064.0,22.4,5.3,40.0,30.03,10.75,192.0,0.0,0.0,
2026-02-24T02:40:49,02/24/202602:40,20.38,0.0,0.0,51.46,0.0,0.0,0.0,0.0,0.0,198.7,23297.0,44064.0,22.4,5.3,40.0,30.03,10.75,192.0,0.0,0.0,
2026-02-24T02:41:01,02/24/202602:41,20.38,0.0,0.0,51.45,0.0,0.0,0.0,0.0,0.0,198.7,23297.0,44064.0,22.4,5.3,40.0,30.03,10.75,192.0,0.0,0.0,
2026-02-24T02:42:00,02/24/202602:42,20.38,0.0,0.0,51.45,0.0,0.0,0.0,0.0,0.0,198.7,23297.0,44064.0,22.4,5.3,40.0,30.03,10.75,192.0,0.0,0.0,
2026-02-24T02:43:24,02/24/202602:43,20.38,0.0,0.0,51.46,0.0,0.0,0.0,0.0,0.0,198.7,23297.0,44064.0,22.4,5.3,40.0,30.03,10.75,192.0,0.0,0.0,
2026-02-24T02:44:00,02/24/202602:44,20.389999999999997,0.0,0.0,51.46,0.0,0.0,0.0,0.0,0.0,198.7,23297.0,44064.0,22.4,5.3,40.0,30.03,10.75,192.0,0.0,0.0,
2026-02-24T02:45:00,02/24/202602:45,20.4,0.0,0.0,51.45,0.0,0.0,0.0,0.0,0.0,198.7,23297.0,44064.0,22.4,5.3,40.0,30.03,10.75,192.0,0.0,0.0,
2026-02-24T02:46:00,02/24/202602:46,20.4,0.0,0.0,51.45,0.0,0.0,0.0,0.0,0.0,198.7,23297.0,44064.0,22.4,5.3,40.0,30.03,10.75,192.0,0.0,0.0,
2026-02-24T02:46:21,02/24/202602:46,20.389999999999997,0.0,0.0,51.46,0.0,0.0,0.0,0.0,0.0,198.7,23297.0,44064.0,22.4,5.3100000000000005,39.9,30.026999999999997,10.8,192.1,0.0,0.0,
2026-02-24T02:46:57,02/24/202602:46,20.389999999999997,0.0,0.0,51.45,0.0,0.0,0.0,0.0,0.0,198.7,23297.0,44064.0,22.4,5.32,39.8,30.024,10.85,192.2,0.0,0.0,
2026-02-24T02:47:01,02/24/202602:47,20.389999999999997,0.0,0.0,51.44,0.0,0.0,0.0,0.0,0.0,198.7,23297.0,44064.0,22.4,5.33,39.7,30.021000000000004,10.9,192.3,0.0,0.0,
2026-02-24T02:48:00,02/24/202602:48,20.389999999999997,0.0,0.0,51.45,0.0,0.0,0.0,0.0,0.0,198.7,23297.0,44064.0,22.4,5.34,39.6,30.018,10.95,192.4,0.0,0.0,
2026-02-24T02:49:00,02/24/202602:49,20.389999999999997,0.0,0.0,51.46,0.0,0.0,0.0,0.0,0.0,198.7,23297.0,44064.0,22.4,5.35,39.5,30.014999999999997,11.0,192.5,0.0,0.0,
2026-02-24T02:50:00,02/24/202602:50,20.389999999999997,0.0,0.0,51.46,0.0,0.0,0.0,0.0,0.0,198.7,23297.0,44064.0,22.4,5.36,39.4,30.012,11.05,192.6,0.0,0.0,
2026-02-24T02:50:57,02/24/202602:50,20.38,0.0,0.0,51.45,0.0,0.0,0.0,0.0,0.0,198.7,23297.0,44064.0,22.4,5.37,39.3,30.009000000000004,11.1,192.7,0.0,0.0,
2026-02-24T02:51:01,02/24/202602:51,20.369999999999997,0.0,0.0,51.44,0.0,0.0,0.0,0.0,0.0,198.7,23297.0,44064.0,22.4,5.380000000000001,39.2,30.006,11.15,192.8,0.0,0.0,
2026-02-24T02:52:01,02/24/202602:52,20.36,0.0,0.0,51.45,0.0,0.0,0.0,0.0,0.0,198.7,23297.0,44064.0,22.4,5.390000000000001,39.1,30.002999999999997,11.2,192.9,0.0,0.0,
2026-02-24T02:53:01,02/24/202602:53,20.35,0.0,0.0,51.46,0.0,0.0,0.0,0.0,0.0,198.7,23297.0,44064.0,22.4,5.4,39.0,30.0,11.25,193.0,0.0,0.0,
2026-02-24T02:54:35,02/24/202602:54,20.35,0.0,0.0,51.46,0.0,0.0,0.0,0.0,0.0,198.7,23297.0,44064.0,22.4,5.4,39.0,30.0,11.25,193.0,0.0,0.0,
2026-02-24T02:54:56,02/24/202602:54,20.35,0.0,0.0,51.46,0.0,0.0,0.0,0.0,0.0,198.7,23297.0,44064.0,22.4,5.4,39.0,30.0,11.25,193.0,0.0,0.0,
2026-02-24T02:55:00,02/24/202602:55,20.35,0.0,0.0,51.46,0.0,0.0,0.0,0.0,0.0,198.7,23297.0,44064.0,22.4,5.4,39.0,30.0,11.25,193.0,0.0,0.0,
2026-02-24T02:55:56,02/24/202602:55,20.34,0.0,0.0,51.46,0.0,0.0,0.0,0.0,0.0,198.7,23297.0,44064.0,22.4,5.4,39.0,30.0,11.25,193.0,0.0,0.0,
2026-02-24T02:56:01,02/24/202602:56,20.330000000000002,0.0,0.0,51.46,0.0,0.0,0.0,0.0,0.0,198.7,23297.0,44064.0,22.4,5.4,39.0,30.0,11.25,193.0,0.0,0.0,
2026-02-24T02:57:01,02/24/202602:57,20.32,0.0,0.0,51.46,0.0,0.0,0.0,0.0,0.0,198.7,23297.0,44064.0,22.4,5.4,39.0,30.0,11.25,193.0,0.0,0.0,
2026-02-24T02:57:57,02/24/202602:57,20.330000000000002,0.0,0.0,51.470000000000006,0.0,0.0,0.0,0.0,0.0,198.7,23297.0,44064.0,22.4,5.4,39.0,30.0,11.25,193.0,0.0,0.0,
2026-02-24T02:58:01,02/24/202602:58,20.34,0.0,0.0,51.48,0.0,0.0,0.0,0.0,0.0,198.7,23297.0,44064.0,22.4,5.4,39.0,30.0,11.25,193.0,0.0,0.0,
2026-02-24T02:58:57,02/24/202602:58,20.34,0.0,0.0,51.470000000000006,0.0,0.0,0.0,0.0,0.0,198.7,23297.0,44064.0,22.4,5.4,39.0,30.0,11.25,193.0,0.0,0.0,
2026-02-24T02:59:01,02/24/202602:59,20.34,0.0,0.0,51.470000000000006,0.0,0.0,0.0,0.0,0.0,198.7,23297.0,44064.0,22.4,5.4,39.0,30.0,11.25,193.0,0.0,0.0,
2026-02-24T03:00:53,02/24/202603:00,20.34,0.0,0.0,51.46,0.0,0.0,0.0,0.0,0.0,198.7,23297.0,44064.0,22.4,5.41,39.0,30.0,11.187999999999999,193.2,0.0,0.0,
2026-02-24T03:01:01,02/24/202603:01,20.330000000000002,0.0,0.0,51.46,0.0,0.0,0.0,0.0,0.0,198.7,23297.0,44064.0,22.4,5.42,39.0,30.0,11.126000000000001,193.4,0.0,0.0,
2026-02-24T03:02:01,02/24/202603:02,20.32,0.0,0.0,51.470000000000006,0.0,0.0,0.0,0.0,0.0,198.7,23297.0,44064.0,22.4,5.430000000000001,39.0,30.0,11.064,193.6,0.0,0.0,
2026-02-24T03:03:01,02/24/202603:03,20.32,0.0,0.0,51.470000000000006,0.0,0.0,0.0,0.0,0.0,198.7,23297.0,44064.0,22.4,5.44,39.0,30.0,11.002,193.8,0.0,0.0,
2026-02-24T03:04:00,02/24/202603:04,20.32,0.0,0.0,51.46,0.0,0.0,0.0,0.0,0.0,198.7,23297.0,44064.0,22.4,5.45,39.0,30.0,10.940000000000001,194.0,0.0,0.0,
2026-02-24T03:05:46,02/24/202603:05,20.32,0.0,0.0,51.45,0.0,0.0,0.0,0.0,0.0,198.7,23297.0,44064.0,22.4,5.46,39.0,30.0,10.878,194.2,0.0,0.0,
2026-02-24T03:06:01,02/24/202603:06,20.31,0.0,0.0,51.45,0.0,0.0,0.0,0.0,0.0,198.7,23297.0,44064.0,22.4,5.470000000000001,39.0,30.0,10.816,194.4,0.0,0.0,
2026-02-24T03:07:00,02/24/202603:07,20.3,0.0,0.0,51.45,0.0,0.0,0.0,0.0,0.0,198.7,23297.0,44064.0,22.4,5.4799999999999995,39.0,30.0,10.754000000000001,194.6,0.0,0.0,
2026-02-24T03:07:53,02/24/202603:07,20.31,0.0,0.0,51.45,0.0,0.0,0.0,0.0,0.0,198.7,23297.0,44064.0,22.4,5.49,39.0,30.0,10.692,194.8,0.0,0.0,
2026-02-24T03:08:00,02/24/202603:08,20.32,0.0,0.0,51.44,0.0,0.0,0.0,0.0,0.0,198.7,23297.0,44064.0,22.4,5.5,39.0,30.0,10.63,195.0,0.0,0.0,
2026-02-24T03:08:52,02/24/202603:08,20.32,0.0,0.0,51.45,0.0,0.0,0.0,0.0,0.0,198.7,23297.0,44064.0,22.4,5.5,39.0,30.0,10.63,195.0,0.0,0.0,
2026-02-24T03:09:00,02/24/202603:09,20.32,0.0,0.0,51.46,0.0,0.0,0.0,0.0,0.0,198.7,23297.0,44064.0,22.4,5.5,39.0,30.0,10.63,195.0,0.0,0.0,
2026-02-24T03:10:00,02/24/202603:10,20.32,0.0,0.0,51.46,0.0,0.0,0.0,0.0,0.0,198.7,23297.0,44064.0,22.4,5.5,39.0,30.0,10.63,195.0,0.0,0.0,
2026-02-24T03:10:52,02/24/202603:10,20.330000000000002,0.0,0.0,51.45,0.0,0.0,0.0,0.0,0.0,198.7,23297.0,44064.0,22.4,5.5,39.0,30.0,10.63,195.0,0.0,0.0,
2026-02-24T03:11:00,02/24/202603:11,20.34,0.0,0.0,51.45,0.0,0.0,0.0,0.0,0.0,198.7,23297.0,44064.0,22.4,5.5,39.0,30.0,10.63,195.0,0.0,0.0,
2026-02-24T03:11:53,02/24/202603:11,20.34,0.0,0.0,51.46,0.0,0.0,0.0,0.0,0.0,198.7,23297.0,44064.0,22.4,5.5,39.0,30.0,10.63,195.0,0.0,0.0,
2026-02-24T03:12:00,02/24/202603:12,20.34,0.0,0.0,51.46,0.0,0.0,0.0,0.0,0.0,198.7,23297.0,44064.0,22.4,5.5,39.0,30.0,10.63,195.0,0.0,0.0,
2026-02-24T03:12:52,02/24/202603:12,20.35,0.0,0.0,51.46,0.0,0.0,0.0,0.0,0.0,198.7,23297.0,44064.0,22.4,5.5,39.0,30.0,10.63,195.0,0.0,0.0,
2026-02-24T03:13:00,02/24/202603:13,20.35,0.0,0.0,51.470000000000006,0.0,0.0,0.0,0.0,0.0,198.7,23297.0,44064.0,22.4,5.5,39.0,30.0,10.63,195.0,0.0,0.0,
2026-02-24T03:14:00,02/24/202603:14,20.35,0.0,0.0,51.48,0.0,0.0,0.0,0.0,0.0,198.7,23297.0,44064.0,22.4,5.5,39.0,30.0,10.63,195.0,0.0,0.0,
2026-02-24T03:15:00,02/24/202603:15,20.36,0.0,0.0,51.48,0.0,0.0,0.0,0.0,0.0,198.7,23297.0,44064.0,22.3,5.5,39.0,30.0,10.63,195.0,0.0,0.0,
2026-02-24T03:16:58,02/24/202603:16,20.36,0.0,0.0,51.470000000000006,0.0,0.0,0.0,0.0,0.0,198.7,23297.0,44064.0,22.4,5.5,38.9,30.0,10.636000000000001,195.1,0.0,0.0,
2026-02-24T03:17:01,02/24/202603:17,20.36,0.0,0.0,51.46,0.0,0.0,0.0,0.0,0.0,198.7,23297.0,44064.0,22.4,5.5,38.8,30.0,10.642,195.2,0.0,0.0,
2026-02-24T03:17:53,02/24/202603:17,20.36,0.0,0.0,51.46,0.0,0.0,0.0,0.0,0.0,198.7,23297.0,44064.0,22.4,5.5,38.7,30.0,10.648,195.3,0.0,0.0,
2026-02-24T03:18:00,02/24/202603:18,20.36,0.0,0.0,51.46,0.0,0.0,0.0,0.0,0.0,198.7,23297.0,44064.0,22.4,5.5,38.6,30.0,10.654,195.4,0.0,0.0,
2026-02-24T03:18:53,02/24/202603:18,20.36,0.0,0.0,51.45,0.0,0.0,0.0,0.0,0.0,198.7,23297.0,44064.0,22.4,5.5,38.5,30.0,10.66,195.5,0.0,0.0,
2026-02-24T03:19:00,02/24/202603:19,20.36,0.0,0.0,51.44,0.0,0.0,0.0,0.0,0.0,198.7,23297.0,44064.0,22.4,5.5,38.4,30.0,10.666,195.6,0.0,0.0,
2026-02-24T03:20:00,02/24/202603:20,20.35,0.0,0.0,51.44,0.0,0.0,0.0,0.0,0.0,198.7,23297.0,44064.0,22.4,5.5,38.3,30.0,10.672,195.7,0.0,0.0,
2026-02-24T03:20:53,02/24/202603:20,20.35,0.0,0.0,51.44,0.0,0.0,0.0,0.0,0.0,198.7,23297.0,44064.0,22.4,5.5,38.2,30.0,10.678,195.8,0.0,0.0,
2026-02-24T03:21:00,02/24/202603:21,20.35,0.0,0.0,51.44,0.0,0.0,0.0,0.0,0.0,198.7,23297.0,44064.0,22.4,5.5,38.1,30.0,10.684000000000001,195.9,0.0,0.0,
2026-02-24T03:21:53,02/24/202603:21,20.34,0.0,0.0,51.42999999999999,0.0,0.0,0.0,0.0,0.0,198.7,23297.0,44064.0,22.4,5.5,38.0,30.0,10.69,196.0,0.0,0.0,
2026-02-24T03:22:00,02/24/202603:22,20.34,0.0,0.0,51.42999999999999,0.0,0.0,0.0,0.0,0.0,198.7,23297.0,44064.0,22.4,5.5,38.0,30.0,10.69,196.0,0.0,0.0,
2026-02-24T03:23:00,02/24/202603:23,20.34,0.0,0.0,51.42999999999999,0.0,0.0,0.0,0.0,0.0,198.7,23297.0,44064.0,22.4,5.5,38.0,30.0,10.69,196.0,0.0,0.0,
2026-02-24T03:23:53,02/24/202603:23,20.34,0.0,0.0,51.44,0.0,0.0,0.0,0.0,0.0,198.7,23297.0,44064.0,22.3,5.5,38.0,30.0,10.69,196.0,0.0,0.0,
2026-02-24T03:24:00,02/24/202603:24,20.34,0.0,0.0,51.45,0.0,0.0,0.0,0.0,0.0,198.7,23297.0,44064.0,22.3,5.5,38.0,30.0,10.69,196.0,0.0,0.0,
2026-02-24T03:24:53,02/24/202603:24,20.34,0.0,0.0,51.46,0.0,0.0,0.0,0.0,0.0,198.7,23297.0,44064.0,22.3,5.5,38.0,30.0,10.69,196.0,0.0,0.0,
2026-02-24T03:25:00,02/24/202603:25,20.34,0.0,0.0,51.470000000000006,0.0,0.0,0.0,0.0,0.0,198.7,23297.0,44064.0,22.3,5.5,38.0,30.0,10.69,196.0,0.0,0.0,
2026-02-24T03:26:01,02/24/202603:26,20.34,0.0,0.0,51.46,0.0,0.0,0.0,0.0,0.0,198.7,23297.0,44064.0,22.4,5.5,38.0,30.0,10.69,196.0,0.0,0.0,
2026-02-24T03:28:09,02/24/202603:28,20.330000000000002,0.0,0.0,51.45,0.0,0.0,0.0,0.0,0.0,198.7,23297.0,44064.0,22.4,5.5,38.0,30.0,10.69,196.0,0.0,0.0,
2026-02-24T03:29:00,02/24/202603:29,20.32,0.0,0.0,51.45,0.0,0.0,0.0,0.0,0.0,198.7,23297.0,44064.0,22.4,5.529999999999999,38.0,30.0,10.652,196.2,0.0,0.0,
2026-02-24T03:30:00,02/24/202603:30,20.32,0.0,0.0,51.46,0.0,0.0,0.0,0.0,0.0,198.7,23297.0,44064.0,22.4,5.5600000000000005,38.0,30.0,10.614,196.4,0.0,0.0,
2026-02-24T03:30:54,02/24/202603:30,20.330000000000002,0.0,0.0,51.46,0.0,0.0,0.0,0.0,0.0,198.7,23297.0,44064.0,22.4,5.58,38.0,30.0,10.57,196.8,0.0,0.0,
2026-02-24T03:31:01,02/24/202603:31,20.34,0.0,0.0,51.46,0.0,0.0,0.0,0.0,0.0,198.7,23297.0,44064.0,22.4,5.6,38.0,30.0,10.526,197.2,0.0,0.0,
2026-02-24T03:31:07,02/24/202603:31,20.330000000000002,0.0,0.0,51.46,0.0,0.0,0.0,0.0,0.0,198.7,23297.0,44064.0,22.4,5.62,38.0,30.0,10.482,197.6,0.0,0.0,
2026-02-24T03:32:00,02/24/202603:32,20.32,0.0,0.0,51.45,0.0,0.0,0.0,0.0,0.0,198.7,23297.0,44064.0,22.3,5.64,37.9,30.0,10.437999999999999,198.0,0.0,0.0,
2026-02-24T03:33:00,02/24/202603:33,20.32,0.0,0.0,51.45,0.0,0.0,0.0,0.0,0.0,198.7,23297.0,44064.0,22.4,5.66,37.8,30.0,10.394,198.4,0.0,0.0,
2026-02-24T03:34:01,02/24/202603:34,20.32,0.0,0.0,51.44,0.0,0.0,0.0,0.0,0.0,198.7,23297.0,44064.0,22.4,5.68,37.7,30.0,10.35,198.8,0.0,0.0,
2026-02-24T03:35:00,02/24/202603:34,20.330000000000002,0.0,0.0,51.45,0.0,0.0,0.0,0.0,0.0,198.7,23297.0,44064.0,22.4,5.7,37.6,30.0,10.306000000000001,199.2,0.0,0.0,
2026-02-24T03:35:01,02/24/202603:35,20.34,0.0,0.0,51.46,0.0,0.0,0.0,0.0,0.0,198.7,23297.0,44064.0,22.4,5.720000000000001,37.5,30.0,10.262,199.6,0.0,0.0,
2026-02-24T03:36:00,02/24/202603:36,20.35,0.0,0.0,51.45,0.0,0.0,0.0,0.0,0.0,198.7,23297.0,44064.0,22.4,5.71,37.4,30.0,10.256,199.8,0.0,0.0,
2026-02-24T03:37:00,02/24/202603:37,20.36,0.0,0.0,51.45,0.0,0.0,0.0,0.0,0.0,198.7,23297.0,44064.0,22.4,5.7,37.3,30.0,10.25,200.0,0.0,0.0,
2026-02-24T03:38:01,02/24/202603:38,20.36,0.0,0.0,51.45,0.0,0.0,0.0,0.0,0.0,198.7,23297.0,44064.0,22.4,5.7,37.2,30.0,10.25,200.0,0.0,0.0,
2026-02-24T03:39:20,02/24/202603:39,20.36,0.0,0.0,51.45,0.0,0.0,0.0,0.0,0.0,198.7,23297.0,44064.0,22.3,5.7,37.1,30.0,10.25,200.0,0.0,0.0,
2026-02-24T03:40:01,02/24/202603:40,20.369999999999997,0.0,0.0,51.44,0.0,0.0,0.0,0.0,0.0,198.7,23297.0,44064.0,22.3,5.7,37.0,30.0,10.25,200.0,0.0,0.0,
2026-02-24T03:40:59,02/24/202603:40,20.369999999999997,0.0,0.0,51.45,0.0,0.0,0.0,0.0,0.0,198.7,23297.0,44064.0,22.3,5.7,37.0,30.0,10.25,200.0,0.0,0.0,
2026-02-24T03:41:01,02/24/202603:41,20.369999999999997,0.0,0.0,51.45,0.0,0.0,0.0,0.0,0.0,198.7,23297.0,44064.0,22.3,5.7,37.0,30.0,10.25,200.0,0.0,0.0,
2026-02-24T03:41:34,02/24/202603:41,20.38,0.0,0.0,51.45,0.0,0.0,0.0,0.0,0.0,198.7,23297.0,44064.0,22.3,5.7,37.0,30.0,10.25,200.0,0.0,0.0,
2026-02-24T03:42:01,02/24/202603:42,20.38,0.0,0.0,51.44,0.0,0.0,0.0,0.0,0.0,198.7,23297.0,44064.0,22.3,5.7,37.0,30.0,10.25,200.0,0.0,0.0,
2026-02-24T03:42:33,02/24/202603:42,20.369999999999997,0.0,0.0,51.42999999999999,0.0,0.0,0.0,0.0,0.0,198.7,23297.0,44064.0,22.3,5.7,37.0,30.0,10.25,200.0,0.0,0.0,
2026-02-24T03:43:01,02/24/202603:43,20.36,0.0,0.0,51.42999999999999,0.0,0.0,0.0,0.0,0.0,198.7,23297.0,44064.0,22.3,5.7,37.0,30.0,10.25,200.0,0.0,0.0,
2026-02-24T03:43:34,02/24/202603:43,20.36,0.0,0.0,51.42,0.0,0.0,0.0,0.0,0.0,198.7,23297.0,44064.0,22.4,5.7,37.0,30.0,10.25,200.0,0.0,0.0,
2026-02-24T03:44:02,02/24/202603:44,20.36,0.0,0.0,51.42,0.0,0.0,0.0,0.0,0.0,198.7,23297.0,44064.0,22.3,5.7,37.0,30.0,10.25,200.0,0.0,0.0,
2026-02-24T03:44:58,02/24/202603:44,20.35,0.0,0.0,51.42,0.0,0.0,0.0,0.0,0.0,198.7,23297.0,44064.0,22.4,5.7,37.0,30.0,10.25,200.0,0.0,0.0,
2026-02-24T03:45:01,02/24/202603:45,20.34,0.0,0.0,51.42,0.0,0.0,0.0,0.0,0.0,198.7,23297.0,44064.0,22.4,5.7,37.0,30.0,10.25,200.0,0.0,0.0,
2026-02-24T03:46:01,02/24/202603:46,20.34,0.0,0.0,51.410000000000004,0.0,0.0,0.0,0.0,0.0,198.7,23297.0,44064.0,22.4,5.6899999999999995,37.1,30.0,10.145,199.8,0.0,0.0,
2026-02-24T03:46:58,02/24/202603:46,20.35,0.0,0.0,51.4,0.0,0.0,0.0,0.0,0.0,198.7,23297.0,44064.0,22.3,5.68,37.2,30.0,10.040000000000001,199.6,0.0,0.0,
2026-02-24T03:47:01,02/24/202603:47,20.35,0.0,0.0,51.4,0.0,0.0,0.0,0.0,0.0,198.7,23297.0,44064.0,22.3,5.67,37.3,30.0,9.934999999999999,199.4,0.0,0.0,
2026-02-24T03:47:49,02/24/202603:47,20.34,0.0,0.0,51.4,0.0,0.0,0.0,0.0,0.0,198.7,23297.0,44064.0,22.3,5.66,37.4,30.0,9.83,199.2,0.0,0.0,
2026-02-24T03:48:01,02/24/202603:48,20.34,0.0,0.0,51.4,0.0,0.0,0.0,0.0,0.0,198.7,23297.0,44064.0,22.3,5.65,37.5,30.0,9.725,199.0,0.0,0.0,
2026-02-24T03:49:00,02/24/202603:49,20.34,0.0,0.0,51.4,0.0,0.0,0.0,0.0,0.0,198.7,23297.0,44064.0,22.3,5.64,37.6,30.0,9.62,198.8,0.0,0.0,
2026-02-24T03:50:32,02/24/202603:50,20.330000000000002,0.0,0.0,51.4,0.0,0.0,0.0,0.0,0.0,198.7,23297.0,44064.0,22.3,5.63,37.7,30.0,9.514999999999999,198.6,0.0,0.0,
2026-02-24T03:51:00,02/24/202603:51,20.32,0.0,0.0,51.4,0.0,0.0,0.0,0.0,0.0,198.7,23297.0,44064.0,22.4,5.619999999999999,37.8,30.0,9.41,198.4,0.0,0.0,
2026-02-24T03:51:46,02/24/202603:51,20.330000000000002,0.0,0.0,51.4,0.0,0.0,0.0,0.0,0.0,198.7,23297.0,44064.0,22.4,5.609999999999999,37.9,30.0,9.305,198.2,0.0,0.0,
2026-02-24T03:52:01,02/24/202603:52,20.34,0.0,0.0,51.4,0.0,0.0,0.0,0.0,0.0,198.7,23297.0,44064.0,22.4,5.6,38.0,30.0,9.2,198.0,0.0,0.0,
2026-02-24T03:53:01,02/24/202603:53,20.35,0.0,0.0,51.4,0.0,0.0,0.0,0.0,0.0,198.7,23297.0,44064.0,22.3,5.6,38.0,30.0,9.2,198.0,0.0,0.0,
2026-02-24T03:54:01,02/24/202603:54,20.35,0.0,0.0,51.4,0.0,0.0,0.0,0.0,0.0,198.7,23297.0,44064.0,22.4,5.6,38.0,30.0,9.2,198.0,0.0,0.0,
2026-02-24T03:54:46,02/24/202603:54,20.34,0.0,0.0,51.4,0.0,0.0,0.0,0.0,0.0,198.7,23297.0,44064.0,22.3,5.6,38.0,30.0,9.2,198.0,0.0,0.0,
2026-02-24T03:55:00,02/24/202603:55,20.34,0.0,0.0,51.4,0.0,0.0,0.0,0.0,0.0,198.7,23297.0,44064.0,22.3,5.6,38.0,30.0,9.2,198.0,0.0,0.0,
2026-02-24T03:56:00,02/24/202603:56,20.34,0.0,0.0,51.4,0.0,0.0,0.0,0.0,0.0,198.7,23297.0,44064.0,22.3,5.6,38.0,30.0,9.2,198.0,0.0,0.0,
2026-02-24T03:56:45,02/24/202603:56,20.35,0.0,0.0,51.4,0.0,0.0,0.0,0.0,0.0,198.7,23297.0,44064.0,22.4,5.6,38.0,30.0,9.2,198.0,0.0,0.0,
2026-02-24T03:57:00,02/24/202603:57,20.36,0.0,0.0,51.4,0.0,0.0,0.0,0.0,0.0,198.7,23297.0,44064.0,22.4,5.6,38.0,30.0,9.2,198.0,0.0,0.0,
2026-02-24T03:57:46,02/24/202603:57,20.36,0.0,0.0,51.4,0.0,0.0,0.0,0.0,0.0,198.7,23297.0,44064.0,22.3,5.6,38.0,30.0,9.2,198.0,0.0,0.0,
2026-02-24T03:58:00,02/24/202603:58,20.35,0.0,0.0,51.4,0.0,0.0,0.0,0.0,0.0,198.7,23297.0,44064.0,22.3,5.6,38.0,30.0,9.2,198.0,0.0,0.0,
2026-02-24T03:58:56,02/24/202603:58,20.35,0.0,0.0,51.4,0.0,0.0,0.0,0.0,0.0,198.7,23297.0,44064.0,22.4,5.6,38.0,30.0,9.2,198.0,0.0,0.0,
2026-02-24T03:59:00,02/24/202603:59,20.35,0.0,0.0,51.4,0.0,0.0,0.0,0.0,0.0,198.7,23297.0,44064.0,22.4,5.6,38.0,30.0,9.2,198.0,0.0,0.0,
2026-02-24T04:00:00,02/24/202604:00,20.35,0.0,0.0,51.4,0.0,0.0,0.0,0.0,0.0,198.7,23297.0,44064.0,22.4,5.6,38.0,30.0,9.2,198.0,0.0,0.0,
2026-02-24T04:01:45,02/24/202604:01,20.36,0.0,0.0,51.410000000000004,0.0,0.0,0.0,0.0,0.0,198.7,23297.0,44064.0,22.3,5.569999999999999,38.0,30.0,9.032,197.4,0.0,0.0,
2026-02-24T04:01:55,02/24/202604:01,20.36,0.0,0.0,51.410000000000004,0.0,0.0,0.0,0.0,0.0,198.7,23297.0,44064.0,22.3,5.54,38.0,30.0,8.863999999999999,196.8,0.0,0.0,
2026-02-24T04:02:01,02/24/202604:02,20.36,0.0,0.0,51.410000000000004,0.0,0.0,0.0,0.0,0.0,198.7,23297.0,44064.0,22.3,5.51,38.0,30.0,8.696,196.2,0.0,0.0,
2026-02-24T04:02:56,02/24/202604:02,20.36,0.0,0.0,51.410000000000004,0.0,0.0,0.0,0.0,0.0,198.7,23297.0,44064.0,22.3,5.4799999999999995,38.0,30.0,8.528,195.6,0.0,0.0,
2026-02-24T04:03:01,02/24/202604:03,20.36,0.0,0.0,51.410000000000004,0.0,0.0,0.0,0.0,0.0,198.7,23297.0,44064.0,22.3,5.45,38.0,30.0,8.36,195.0,0.0,0.0,
2026-02-24T04:03:55,02/24/202604:03,20.36,0.0,0.0,51.410000000000004,0.0,0.0,0.0,0.0,0.0,198.7,23297.0,44064.0,22.3,5.42,38.0,30.0,8.191999999999998,194.4,0.0,0.0,
2026-02-24T04:04:01,02/24/202604:04,20.36,0.0,0.0,51.410000000000004,0.0,0.0,0.0,0.0,0.0,198.7,23297.0,44064.0,22.3,5.39,38.0,30.0,8.024,193.8,0.0,0.0,
2026-02-24T04:05:01,02/24/202604:05,20.35,0.0,0.0,51.410000000000004,0.0,0.0,0.0,0.0,0.0,198.7,23297.0,44064.0,22.3,5.359999999999999,38.0,30.0,7.856,193.2,0.0,0.0,
2026-02-24T04:05:55,02/24/202604:05,20.35,0.0,0.0,51.410000000000004,0.0,0.0,0.0,0.0,0.0,198.7,23297.0,44064.0,22.4,5.33,38.0,30.0,7.688,192.6,0.0,0.0,
2026-02-24T04:06:01,02/24/202604:06,20.35,0.0,0.0,51.410000000000004,0.0,0.0,0.0,0.0,0.0,198.7,23297.0,44064.0,22.4,5.3,38.0,30.0,7.519999999999999,192.0,0.0,0.0,
2026-02-24T04:07:00,02/24/202604:07,20.35,0.0,0.0,51.4,0.0,0.0,0.0,0.0,0.0,198.7,23297.0,44064.0,22.4,5.3,38.0,30.0,7.519999999999999,192.0,0.0,0.0,
2026-02-24T04:08:00,02/24/202604:08,20.36,0.0,0.0,51.4,0.0,0.0,0.0,0.0,0.0,198.7,23297.0,44064.0,22.3,5.3,38.0,30.0,7.519999999999999,192.0,0.0,0.0,
2026-02-24T04:08:58,02/24/202604:08,20.36,0.0,0.0,51.4,0.0,0.0,0.0,0.0,0.0,198.7,23297.0,44064.0,22.3,5.3,38.0,30.0,7.519999999999999,192.0,0.0,0.0,
2026-02-24T04:09:01,02/24/202604:09,20.35,0.0,0.0,51.4,0.0,0.0,0.0,0.0,0.0,198.7,23297.0,44064.0,22.3,5.3,38.0,30.0,7.519999999999999,192.0,0.0,0.0,
2026-02-24T04:10:01,02/24/202604:10,20.34,0.0,0.0,51.4,0.0,0.0,0.0,0.0,0.0,198.7,23297.0,44064.0,22.3,5.3,38.0,30.0,7.519999999999999,192.0,0.0,0.0,
2026-02-24T04:11:00,02/24/202604:11,20.34,0.0,0.0,51.4,0.0,0.0,0.0,0.0,0.0,198.7,23297.0,44064.0,22.4,5.3,38.0,30.0,7.519999999999999,192.0,0.0,0.0,
2026-02-24T04:12:53,02/24/202604:12,20.34,0.0,0.0,51.4,0.0,0.0,0.0,0.0,0.0,198.7,23297.0,44064.0,22.3,5.3,38.0,30.0,7.519999999999999,192.0,0.0,0.0,
2026-02-24T04:13:00,02/24/202604:13,20.34,0.0,0.0,51.4,0.0,0.0,0.0,0.0,0.0,198.7,23297.0,44064.0,22.3,5.3,38.0,30.0,7.519999999999999,192.0,0.0,0.0,
2026-02-24T04:14:00,02/24/202604:14,20.330000000000002,0.0,0.0,51.4,0.0,0.0,0.0,0.0,0.0,198.7,23297.0,44064.0,22.4,5.3,38.0,30.0,7.519999999999999,192.0,0.0,0.0,
2026-02-24T04:15:00,02/24/202604:15,20.32,0.0,0.0,51.4,0.0,0.0,0.0,0.0,0.0,198.7,23297.0,44064.0,22.3,5.3,38.0,30.0,7.519999999999999,192.0,0.0,0.0,
2026-02-24T04:15:44,02/24/202604:15,20.32,0.0,0.0,51.4,0.0,0.0,0.0,0.0,0.0,198.7,23297.0,44064.0,22.3,5.279999999999999,38.0,30.0,7.494999999999999,191.7,0.0,0.0,
2026-02-24T04:16:48,02/24/202604:16,20.31,0.0,0.0,51.4,0.0,0.0,0.0,0.0,0.0,198.7,23297.0,44064.0,22.4,5.26,38.0,30.0,7.469999999999999,191.4,0.0,0.0,
2026-02-24T04:17:00,02/24/202604:17,20.31,0.0,0.0,51.4,0.0,0.0,0.0,0.0,0.0,198.7,23297.0,44064.0,22.4,5.24,38.0,30.0,7.4449999999999985,191.1,0.0,0.0,
2026-02-24T04:18:00,02/24/202604:18,20.31,0.0,0.0,51.4,0.0,0.0,0.0,0.0,0.0,198.7,23297.0,44064.0,22.3,5.22,38.0,30.0,7.419999999999999,190.8,0.0,0.0,
2026-02-24T04:18:49,02/24/202604:18,20.32,0.0,0.0,51.4,0.0,0.0,0.0,0.0,0.0,198.7,23297.0,44064.0,22.3,5.2,38.0,30.0,7.394999999999999,190.5,0.0,0.0,
2026-02-24T04:19:00,02/24/202604:19,20.330000000000002,0.0,0.0,51.4,0.0,0.0,0.0,0.0,0.0,198.7,23297.0,44064.0,22.3,5.18,38.0,30.0,7.369999999999999,190.2,0.0,0.0,
2026-02-24T04:20:00,02/24/202604:20,20.34,0.0,0.0,51.4,0.0,0.0,0.0,0.0,0.0,198.7,23297.0,44064.0,22.3,5.159999999999999,38.0,30.0,7.344999999999999,189.9,0.0,0.0,
2026-02-24T04:20:49,02/24/202604:20,20.34,0.0,0.0,51.4,0.0,0.0,0.0,0.0,0.0,198.7,23297.0,44064.0,22.3,5.14,38.0,30.0,7.3199999999999985,189.6,0.0,0.0,
2026-02-24T04:21:00,02/24/202604:21,20.34,0.0,0.0,51.4,0.0,0.0,0.0,0.0,0.0,198.7,23297.0,44064.0,22.3,5.119999999999999,38.0,30.0,7.294999999999999,189.3,0.0,0.0,
2026-02-24T04:22:00,02/24/202604:22,20.34,0.0,0.0,51.4,0.0,0.0,0.0,0.0,0.0,198.7,23297.0,44064.0,22.3,5.1,38.0,30.0,7.269999999999999,189.0,0.0,0.0,
2026-02-24T04:24:05,02/24/202604:24,20.330000000000002,0.0,0.0,51.39,0.0,0.0,0.0,0.0,0.0,198.7,23297.0,44064.0,22.3,5.1,38.0,30.0,7.269999999999999,189.0,0.0,0.0,
2026-02-24T04:25:01,02/24/202604:25,20.330000000000002,0.0,0.0,51.379999999999995,0.0,0.0,0.0,0.0,0.0,198.7,23297.0,44064.0,22.3,5.1,38.0,30.0,7.269999999999999,189.0,0.0,0.0,
2026-02-24T04:26:00,02/24/202604:26,20.330000000000002,0.0,0.0,51.379999999999995,0.0,0.0,0.0,0.0,0.0,198.7,23297.0,44064.0,22.3,5.1,38.0,30.0,7.269999999999999,189.0,0.0,0.0,
2026-02-24T04:27:00,02/24/202604:27,20.330000000000002,0.0,0.0,51.379999999999995,0.0,0.0,0.0,0.0,0.0,198.7,23297.0,44064.0,22.3,5.1,38.0,30.0,7.269999999999999,189.0,0.0,0.0,
2026-02-24T04:28:00,02/24/202604:28,20.330000000000002,0.0,0.0,51.379999999999995,0.0,0.0,0.0,0.0,0.0,198.7,23297.0,44064.0,22.3,5.1,38.0,30.0,7.269999999999999,189.0,0.0,0.0,
2026-02-24T04:29:00,02/24/202604:29,20.32,0.0,0.0,51.379999999999995,0.0,0.0,0.0,0.0,0.0,198.7,23297.0,44064.0,22.3,5.159999999999999,38.0,30.0,7.269999999999999,189.0,0.0,0.0,
2026-02-24T04:30:01,02/24/202604:30,20.31,0.0,0.0,51.379999999999995,0.0,0.0,0.0,0.0,0.0,198.7,23297.0,44064.0,22.3,5.22,38.0,30.0,7.3759999999999994,188.9,0.0,0.0,
2026-02-24T04:31:00,02/24/202604:31,20.31,0.0,0.0,51.379999999999995,0.0,0.0,0.0,0.0,0.0,198.7,23297.0,44064.0,22.4,5.279999999999999,38.0,29.997000000000003,7.606,189.1,0.0,0.0,
2026-02-24T04:32:00,02/24/202604:32,20.31,0.0,0.0,51.36999999999999,0.0,0.0,0.0,0.0,0.0,198.7,23297.0,44064.0,22.3,5.34,38.0,29.994,7.836,189.3,0.0,0.0,
2026-02-24T04:33:00,02/24/202604:33,20.31,0.0,0.0,51.36999999999999,0.0,0.0,0.0,0.0,0.0,198.7,23297.0,44064.0,22.3,5.4,37.9,29.990999999999996,8.065999999999999,189.5,0.0,0.0,
2026-02-24T04:35:18,02/24/202604:35,20.31,0.0,0.0,51.379999999999995,0.0,0.0,0.0,0.0,0.0,198.7,23297.0,44064.0,22.3,5.46,37.8,29.988,8.296,189.7,0.0,0.0,
2026-02-24T04:36:01,02/24/202604:36,20.31,0.0,0.0,51.39,0.0,0.0,0.0,0.0,0.0,198.7,23297.0,44064.0,22.3,5.5200000000000005,37.7,29.985000000000003,8.526,189.9,0.0,0.0,
2026-02-24T04:37:01,02/24/202604:37,20.31,0.0,0.0,51.379999999999995,0.0,0.0,0.0,0.0,0.0,198.7,23297.0,44064.0,22.3,5.58,37.6,29.982,8.756,190.1,0.0,0.0,
2026-02-24T04:38:01,02/24/202604:38,20.31,0.0,0.0,51.379999999999995,0.0,0.0,0.0,0.0,0.0,198.7,23297.0,44064.0,22.3,5.64,37.5,29.978999999999996,8.986,190.3,0.0,0.0,
2026-02-24T04:39:01,02/24/202604:39,20.3,0.0,0.0,51.379999999999995,0.0,0.0,0.0,0.0,0.0,198.7,23297.0,44064.0,22.3,5.7,37.4,29.976,9.216,190.5,0.0,0.0,
2026-02-24T04:40:01,02/24/202604:40,20.3,0.0,0.0,51.36999999999999,0.0,0.0,0.0,0.0,0.0,198.7,23297.0,44064.0,22.3,5.7,37.3,29.973000000000003,9.446000000000002,190.7,0.0,0.0,
2026-02-24T04:41:00,02/24/202604:41,20.3,0.0,0.0,51.36,0.0,0.0,0.0,0.0,0.0,198.7,23297.0,44064.0,22.3,5.7,37.2,29.97,9.57,191.0,0.0,0.0,
2026-02-24T04:42:01,02/24/202604:42,20.3,0.0,0.0,51.35,0.0,0.0,0.0,0.0,0.0,198.7,23297.0,44064.0,22.3,5.7,37.1,29.97,9.57,191.0,0.0,0.0,
2026-02-24T04:43:01,02/24/202604:43,20.3,0.0,0.0,51.36,0.0,0.0,0.0,0.0,0.0,198.7,23297.0,44064.0,22.3,5.7,37.0,29.97,9.57,191.0,0.0,0.0,
2026-02-24T04:44:01,02/24/202604:44,20.3,0.0,0.0,51.35,0.0,0.0,0.0,0.0,0.0,198.7,23297.0,44064.0,22.3,5.7,37.0,29.97,9.57,191.0,0.0,0.0,
2026-02-24T04:45:01,02/24/202604:45,20.3,0.0,0.0,51.35,0.0,0.0,0.0,0.0,0.0,198.7,23297.0,44064.0,22.3,5.7,37.0,29.97,9.57,191.0,0.0,0.0,
2026-02-24T04:46:27,02/24/202604:46,20.3,0.0,0.0,51.35,0.0,0.0,0.0,0.0,0.0,198.7,23297.0,44064.0,22.3,5.720000000000001,36.9,29.97,9.669,191.2,0.0,0.0,
2026-02-24T04:47:00,02/24/202604:47,20.3,0.0,0.0,51.36,0.0,0.0,0.0,0.0,0.0,198.7,23297.0,44064.0,22.3,5.74,36.8,29.97,9.768,191.4,0.0,0.0,
2026-02-24T04:47:06,02/24/202604:47,20.29,0.0,0.0,51.36,0.0,0.0,0.0,0.0,0.0,198.7,23297.0,44064.0,22.3,5.76,36.7,29.97,9.867,191.6,0.0,0.0,
2026-02-24T04:48:00,02/24/202604:48,20.28,0.0,0.0,51.36,0.0,0.0,0.0,0.0,0.0,198.7,23297.0,44064.0,22.3,5.78,36.6,29.97,9.966,191.8,0.0,0.0,
2026-02-24T04:48:07,02/24/202604:48,20.28,0.0,0.0,51.36999999999999,0.0,0.0,0.0,0.0,0.0,198.7,23297.0,44064.0,22.3,5.8,36.5,29.97,10.065000000000001,192.0,0.0,0.0,
2026-02-24T04:49:01,02/24/202604:49,20.28,0.0,0.0,51.379999999999995,0.0,0.0,0.0,0.0,0.0,198.7,23297.0,44064.0,22.3,5.82,36.4,29.97,10.164,192.2,0.0,0.0,
2026-02-24T04:50:00,02/24/202604:50,20.28,0.0,0.0,51.39,0.0,0.0,0.0,0.0,0.0,198.7,23297.0,44064.0,22.3,5.840000000000001,36.3,29.97,10.263000000000002,192.4,0.0,0.0,
2026-02-24T04:51:01,02/24/202604:51,20.28,0.0,0.0,51.379999999999995,0.0,0.0,0.0,0.0,0.0,198.7,23297.0,44064.0,22.3,5.86,36.2,29.97,10.362,192.6,0.0,0.0,
2026-02-24T04:52:00,02/24/202604:52,20.28,0.0,0.0,51.379999999999995,0.0,0.0,0.0,0.0,0.0,198.7,23297.0,44064.0,22.3,5.880000000000001,36.1,29.97,10.461,192.8,0.0,0.0,
2026-02-24T04:53:00,02/24/202604:53,20.28,0.0,0.0,51.379999999999995,0.0,0.0,0.0,0.0,0.0,198.7,23297.0,44064.0,22.3,5.9,36.0,29.97,10.56,193.0,0.0,0.0,
2026-02-24T04:54:00,02/24/202604:54,20.28,0.0,0.0,51.379999999999995,0.0,0.0,0.0,0.0,0.0,198.7,23297.0,44064.0,22.3,5.9,36.0,29.97,10.56,193.0,0.0,0.0,
2026-02-24T04:55:01,02/24/202604:55,20.28,0.0,0.0,51.379999999999995,0.0,0.0,0.0,0.0,0.0,198.7,23297.0,44064.0,22.3,5.9,36.0,29.97,10.56,193.0,0.0,0.0,
2026-02-24T04:56:00,02/24/202604:56,20.29,0.0,0.0,51.379999999999995,0.0,0.0,0.0,0.0,0.0,198.7,23297.0,44064.0,22.3,5.9,36.0,29.97,10.56,193.0,0.0,0.0,
2026-02-24T04:57:38,02/24/202604:57,20.3,0.0,0.0,51.36999999999999,0.0,0.0,0.0,0.0,0.0,198.7,23297.0,44064.0,22.3,5.9,36.0,29.97,10.56,193.0,0.0,0.0,
2026-02-24T04:58:00,02/24/202604:58,20.3,0.0,0.0,51.36,0.0,0.0,0.0,0.0,0.0,198.7,23297.0,44064.0,22.3,5.9,36.0,29.97,10.56,193.0,0.0,0.0,
2026-02-24T04:59:01,02/24/202604:59,20.3,0.0,0.0,51.35,0.0,0.0,0.0,0.0,0.0,198.7,23297.0,44064.0,22.3,5.9,36.0,29.97,10.56,193.0,0.0,0.0,
2026-02-24T05:00:01,02/24/202605:00,20.3,0.0,0.0,51.339999999999996,0.0,0.0,0.0,0.0,0.0,198.7,23297.0,44064.0,22.4,5.9,36.0,29.97,10.56,193.0,0.0,0.0,
2026-02-24T05:01:00,02/24/202605:01,20.3,0.0,0.0,51.35,0.0,0.0,0.0,0.0,0.0,198.7,23297.0,44064.0,22.3,5.9,36.0,29.97,10.56,193.0,0.0,0.0,
2026-02-24T05:02:01,02/24/202605:02,20.3,0.0,0.0,51.36,0.0,0.0,0.0,0.0,0.0,198.7,23297.0,44064.0,22.3,5.91,36.0,29.967000000000002,10.548,193.2,0.0,0.0,
2026-02-24T05:03:01,02/24/202605:03,20.3,0.0,0.0,51.36,0.0,0.0,0.0,0.0,0.0,198.7,23297.0,44064.0,22.3,5.92,36.0,29.964,10.536,193.4,0.0,0.0,
2026-02-24T05:04:01,02/24/202605:04,20.3,0.0,0.0,51.36,0.0,0.0,0.0,0.0,0.0,198.7,23297.0,44064.0,22.3,5.930000000000001,36.0,29.961000000000002,10.524000000000001,193.6,0.0,0.0,
2026-02-24T05:05:01,02/24/202605:05,20.3,0.0,0.0,51.35,0.0,0.0,0.0,0.0,0.0,198.7,23297.0,44064.0,22.4,5.94,36.0,29.958,10.512,193.8,0.0,0.0,
2026-02-24T05:06:00,02/24/202605:06,20.3,0.0,0.0,51.339999999999996,0.0,0.0,0.0,0.0,0.0,198.7,23297.0,44064.0,22.3,5.95,36.0,29.955000000000002,10.5,194.0,0.0,0.0,
2026-02-24T05:07:01,02/24/202605:07,20.3,0.0,0.0,51.339999999999996,0.0,0.0,0.0,0.0,0.0,198.7,23297.0,44064.0,22.3,5.96,36.0,29.951999999999998,10.488,194.2,0.0,0.0,
2026-02-24T05:08:49,02/24/202605:08,20.3,0.0,0.0,51.35,0.0,0.0,0.0,0.0,0.0,198.7,23297.0,44064.0,22.3,5.970000000000001,36.0,29.949,10.475999999999999,194.4,0.0,0.0,
2026-02-24T05:09:01,02/24/202605:09,20.3,0.0,0.0,51.36,0.0,0.0,0.0,0.0,0.0,198.7,23297.0,44064.0,22.3,5.9799999999999995,36.0,29.946000000000005,10.464,194.6,0.0,0.0,
2026-02-24T05:10:00,02/24/202605:10,20.3,0.0,0.0,51.36999999999999,0.0,0.0,0.0,0.0,0.0,198.7,23297.0,44064.0,22.3,5.99,36.0,29.943,10.452,194.8,0.0,0.0,
2026-02-24T05:11:00,02/24/202605:11,20.3,0.0,0.0,51.36,0.0,0.0,0.0,0.0,0.0,198.7,23297.0,44064.0,22.3,6.0,36.0,29.940000000000005,10.44,195.0,0.0,0.0,
2026-02-24T05:12:00,02/24/202605:12,20.3,0.0,0.0,51.35,0.0,0.0,0.0,0.0,0.0,198.7,23297.0,44064.0,22.3,6.0,36.0,29.940000000000005,10.44,195.0,0.0,0.0,
2026-02-24T05:13:00,02/24/202605:13,20.3,0.0,0.0,51.339999999999996,0.0,0.0,0.0,0.0,0.0,198.7,23297.0,44064.0,22.3,6.0,36.0,29.940000000000005,10.44,195.0,0.0,0.0,
2026-02-24T05:14:00,02/24/202605:14,20.3,0.0,0.0,51.33,0.0,0.0,0.0,0.0,0.0,198.7,23297.0,44064.0,22.3,6.0,36.0,29.940000000000005,10.44,195.0,0.0,0.0,
2026-02-24T05:15:00,02/24/202605:15,20.3,0.0,0.0,51.339999999999996,0.0,0.0,0.0,0.0,0.0,198.7,23297.0,44064.0,22.3,6.0,36.0,29.940000000000005,10.44,195.0,0.0,0.0,
2026-02-24T05:16:00,02/24/202605:16,20.3,0.0,0.0,51.339999999999996,0.0,0.0,0.0,0.0,0.0,198.7,23297.0,44064.0,22.3,6.0,36.0,29.940000000000005,10.44,195.0,0.0,0.0,
2026-02-24T05:17:00,02/24/202605:17,20.3,0.0,0.0,51.339999999999996,0.0,0.0,0.0,0.0,0.0,198.7,23297.0,44064.0,22.4,6.01,36.0,29.940000000000005,10.552,195.3,0.0,0.0,
2026-02-24T05:18:00,02/24/202605:18,20.3,0.0,0.0,51.33,0.0,0.0,0.0,0.0,0.0,198.7,23297.0,44064.0,22.3,6.0200000000000005,36.0,29.940000000000005,10.664,195.6,0.0,0.0,
2026-02-24T05:20:03,02/24/202605:20,20.3,0.0,0.0,51.31999999999999,0.0,0.0,0.0,0.0,0.0,198.7,23297.0,44064.0,22.3,6.029999999999999,36.0,29.940000000000005,10.776,195.9,0.0,0.0,
2026-02-24T05:21:01,02/24/202605:21,20.3,0.0,0.0,51.31,0.0,0.0,0.0,0.0,0.0,198.7,23297.0,44064.0,22.3,6.04,36.0,29.940000000000005,10.888,196.2,0.0,0.0,
2026-02-24T05:22:01,02/24/202605:22,20.3,0.0,0.0,51.31,0.0,0.0,0.0,0.0,0.0,198.7,23297.0,44064.0,22.3,6.05,36.0,29.940000000000005,11.0,196.5,0.0,0.0,
2026-02-24T05:23:00,02/24/202605:23,20.3,0.0,0.0,51.31,0.0,0.0,0.0,0.0,0.0,198.7,23297.0,44064.0,22.4,6.06,36.0,29.940000000000005,11.112,196.8,0.0,0.0,
2026-02-24T05:24:01,02/24/202605:24,20.3,0.0,0.0,51.31,0.0,0.0,0.0,0.0,0.0,198.7,23297.0,44064.0,22.3,6.069999999999999,36.0,29.940000000000005,11.224,197.1,0.0,0.0,
2026-02-24T05:25:01,02/24/202605:25,20.3,0.0,0.0,51.31,0.0,0.0,0.0,0.0,0.0,198.7,23297.0,44064.0,22.3,6.08,36.0,29.940000000000005,11.336,197.4,0.0,0.0,
2026-02-24T05:26:01,02/24/202605:26,20.3,0.0,0.0,51.3,0.0,0.0,0.0,0.0,0.0,198.7,23297.0,44064.0,22.3,6.09,36.0,29.940000000000005,11.448,197.7,0.0,0.0,
2026-02-24T05:27:01,02/24/202605:27,20.3,0.0,0.0,51.3,0.0,0.0,0.0,0.0,0.0,198.7,23297.0,44064.0,22.3,6.1,36.0,29.940000000000005,11.56,198.0,0.0,0.0,
2026-02-24T05:28:01,02/24/202605:28,20.3,0.0,0.0,51.3,0.0,0.0,0.0,0.0,0.0,198.7,23297.0,44064.0,22.3,6.1,36.0,29.940000000000005,11.56,198.0,0.0,0.0,
2026-02-24T05:29:01,02/24/202605:29,20.3,0.0,0.0,51.3,0.0,0.0,0.0,0.0,0.0,198.7,23297.0,44064.0,22.3,6.1,36.0,29.940000000000005,11.56,198.0,0.0,0.0,
2026-02-24T05:31:11,02/24/202605:31,20.3,0.0,0.0,51.3,0.0,0.0,0.0,0.0,0.0,198.7,23297.0,44064.0,22.3,6.08,36.0,29.940000000000005,11.454,197.8,0.0,0.0,
2026-02-24T05:32:00,02/24/202605:32,20.3,0.0,0.0,51.29,0.0,0.0,0.0,0.0,0.0,198.7,23297.0,44064.0,22.3,6.069999999999999,36.1,29.940000000000005,11.354000000000001,197.7,0.0,0.0,
2026-02-24T05:33:00,02/24/202605:33,20.3,0.0,0.0,51.279999999999994,0.0,0.0,0.0,0.0,0.0,198.7,23297.0,44064.0,22.3,6.06,36.2,29.940000000000005,11.254000000000001,197.6,0.0,0.0,
2026-02-24T05:34:00,02/24/202605:34,20.3,0.0,0.0,51.279999999999994,0.0,0.0,0.0,0.0,0.0,198.7,23297.0,44064.0,22.3,6.05,36.5,29.937,11.154,197.5,0.0,0.0,
2026-02-24T05:34:24,02/24/202605:34,20.43,0.0,0.0,51.279999999999994,0.0,0.0,0.0,0.0,0.0,198.7,23297.0,44064.0,22.3,6.04,36.8,29.934000000000005,11.054,197.4,0.0,0.0,
2026-02-24T05:35:00,02/24/202605:35,20.560000000000002,0.0,0.0,51.279999999999994,0.0,0.0,0.0,0.0,0.0,198.7,23297.0,44064.0,22.3,6.029999999999999,37.1,29.931,10.954,197.3,0.0,0.0,
2026-02-24T05:35:24,02/24/202605:35,20.560000000000002,0.0,0.0,51.279999999999994,0.0,0.0,0.0,0.0,0.0,198.7,23297.0,44064.0,22.3,6.0200000000000005,37.4,29.928000000000004,10.854000000000001,197.2,0.0,0.0,
2026-02-24T05:36:00,02/24/202605:36,20.560000000000002,0.0,0.0,51.279999999999994,0.0,0.0,0.0,0.0,0.0,198.7,23297.0,44064.0,22.3,6.01,37.7,29.925,10.754000000000001,197.1,0.0,0.0,
2026-02-24T05:37:00,02/24/202605:37,20.560000000000002,0.0,0.0,51.279999999999994,0.0,0.0,0.0,0.0,0.0,198.7,23297.0,44064.0,22.3,6.0,38.0,29.922000000000004,10.654,197.0,0.0,0.0,
2026-02-24T05:38:00,02/24/202605:38,20.560000000000002,0.0,0.0,51.279999999999994,0.0,0.0,0.0,0.0,0.0,198.7,23297.0,44064.0,22.3,5.99,38.3,29.919,10.554,196.9,0.0,0.0,
2026-02-24T05:39:00,02/24/202605:39,20.560000000000002,0.0,0.0,51.27,0.0,0.0,0.0,0.0,0.0,198.7,23297.0,44064.0,22.3,6.0,38.6,29.916000000000004,10.56,197.0,0.0,0.0,
2026-02-24T05:40:00,02/24/202605:40,20.560000000000002,0.0,0.0,51.279999999999994,0.0,0.0,0.0,0.0,0.0,198.7,23297.0,44064.0,22.3,6.0,38.8,29.913,10.56,197.0,0.0,0.0,
2026-02-24T05:41:00,02/24/202605:41,20.560000000000002,0.0,0.0,51.29,0.0,0.0,0.0,0.0,0.0,198.7,23297.0,44064.0,22.3,6.0,39.0,29.910000000000004,10.56,197.0,0.0,0.0,
2026-02-24T05:42:25,02/24/202605:42,20.560000000000002,0.0,0.0,51.29,0.0,0.0,0.0,0.0,0.0,198.7,23297.0,44064.0,22.3,6.0,39.0,29.910000000000004,10.56,197.0,0.0,0.0,
2026-02-24T05:43:00,02/24/202605:43,20.43,0.0,0.0,51.29,0.0,0.0,0.0,0.0,0.0,198.7,23297.0,44064.0,22.3,6.0,39.0,29.910000000000004,10.56,197.0,0.0,0.0,
2026-02-24T05:44:00,02/24/202605:44,20.3,0.0,0.0,51.29,0.0,0.0,0.0,0.0,0.0,198.7,23297.0,44064.0,22.3,6.0,39.0,29.910000000000004,10.56,197.0,0.0,0.0,
2026-02-24T05:45:01,02/24/202605:45,20.3,0.0,0.0,51.29,0.0,0.0,0.0,0.0,0.0,198.7,23297.0,44064.0,22.3,6.0,39.0,29.910000000000004,10.56,197.0,0.0,0.0,
2026-02-24T05:46:01,02/24/202605:46,20.3,0.0,0.0,51.279999999999994,0.0,0.0,0.0,0.0,0.0,198.7,23297.0,44064.0,22.3,6.0,39.0,29.910000000000004,10.56,197.0,0.0,0.0,
2026-02-24T05:47:01,02/24/202605:47,20.3,0.0,0.0,51.279999999999994,0.0,0.0,0.0,0.0,0.0,198.7,23297.0,44064.0,22.3,6.0,39.0,29.910000000000004,10.473,197.6,0.0,0.0,
2026-02-24T05:48:01,02/24/202605:48,20.3,0.0,0.0,51.279999999999994,0.0,0.0,0.0,0.0,0.0,198.7,23297.0,44064.0,22.3,6.0,39.0,29.910000000000004,10.386,198.2,0.0,0.0,
2026-02-24T05:49:00,02/24/202605:49,20.3,0.0,0.0,51.279999999999994,0.0,0.0,0.0,0.0,0.0,198.7,23297.0,44064.0,22.3,6.0,39.0,29.910000000000004,10.299000000000001,198.8,0.0,0.0,
2026-02-24T05:50:00,02/24/202605:50,20.3,0.0,0.0,51.279999999999994,0.0,0.0,0.0,0.0,0.0,198.7,23297.0,44064.0,22.3,6.0,39.0,29.910000000000004,10.212,199.4,0.0,0.0,
2026-02-24T05:51:00,02/24/202605:51,20.3,0.0,0.0,51.27,0.0,0.0,0.0,0.0,0.0,198.7,23297.0,44064.0,22.3,6.0,39.0,29.910000000000004,10.125,200.0,0.0,0.0,
2026-02-24T05:52:01,02/24/202605:52,20.3,0.0,0.0,51.27,0.0,0.0,0.0,0.0,0.0,198.7,23297.0,44064.0,22.3,6.0,39.0,29.910000000000004,10.038,200.6,0.0,0.0,
2026-02-24T05:53:34,02/24/202605:53,20.3,0.0,0.0,51.260000000000005,0.0,0.0,0.0,0.0,0.0,198.7,23297.0,44064.0,22.3,6.0,39.0,29.910000000000004,9.950999999999999,201.2,0.0,0.0,
2026-02-24T05:54:00,02/24/202605:54,20.3,0.0,0.0,51.25,0.0,0.0,0.0,0.0,0.0,198.7,23297.0,44064.0,22.3,6.0,39.0,29.910000000000004,9.864,201.8,0.0,0.0,
2026-02-24T05:55:00,02/24/202605:55,20.3,0.0,0.0,51.25,0.0,0.0,0.0,0.0,0.0,198.7,23297.0,44064.0,22.3,6.0,39.0,29.910000000000004,9.777,202.4,0.0,0.0,
2026-02-24T05:56:00,02/24/202605:56,20.3,0.0,0.0,51.25,0.0,0.0,0.0,0.0,0.0,198.7,23297.0,44064.0,22.3,6.0,39.0,29.910000000000004,9.69,203.0,0.0,0.0,
2026-02-24T05:57:00,02/24/202605:57,20.3,0.0,0.0,51.239999999999995,0.0,0.0,0.0,0.0,0.0,198.7,23297.0,44064.0,22.3,6.0,39.0,29.910000000000004,9.69,203.0,0.0,0.0,
2026-02-24T05:58:00,02/24/202605:58,20.3,0.0,0.0,51.23,0.0,0.0,0.0,0.0,0.0,198.7,23297.0,44064.0,22.3,6.0,39.0,29.910000000000004,9.69,203.0,0.0,0.0,
2026-02-24T05:59:00,02/24/202605:59,20.3,0.0,0.0,51.23,0.0,0.0,0.0,0.0,0.0,198.7,23297.0,44064.0,22.3,6.0,39.0,29.910000000000004,9.69,203.0,0.0,0.0,
2026-02-24T06:00:00,02/24/202606:00,20.3,0.0,0.0,51.220000000000006,0.0,0.0,0.0,0.0,0.0,198.7,23297.0,44064.0,22.3,6.0,39.0,29.910000000000004,9.69,203.0,0.0,0.0,
2026-02-24T06:01:00,02/24/202606:01,20.3,0.0,0.0,51.220000000000006,0.0,0.0,0.0,0.0,0.0,198.7,23297.0,44064.0,22.3,6.0,39.0,29.910000000000004,9.69,203.0,0.0,0.0,
2026-02-24T06:02:00,02/24/202606:02,20.3,0.0,0.0,51.21,0.0,0.0,0.0,0.0,0.0,198.7,23297.0,44064.0,22.3,5.99,39.0,29.910000000000004,9.684000000000001,202.9,0.0,0.0,
2026-02-24T06:03:00,02/24/202606:03,20.3,0.0,0.0,51.21,0.0,0.0,0.0,0.0,0.0,198.7,23297.0,44064.0,22.3,5.9799999999999995,39.0,29.910000000000004,9.678,202.8,0.0,0.0,
2026-02-24T06:04:47,02/24/202606:04,20.3,0.0,0.0,51.21,0.0,0.0,0.0,0.0,0.0,198.7,23297.0,44064.0,22.3,5.970000000000001,39.0,29.910000000000004,9.672,202.7,0.0,0.0,
2026-02-24T06:05:01,02/24/202606:05,20.3,0.0,0.0,51.21,0.0,0.0,0.0,0.0,0.0,198.7,23297.0,44064.0,22.3,5.96,39.0,29.910000000000004,9.666,202.6,0.0,0.0,
2026-02-24T06:06:01,02/24/202606:06,20.3,0.0,0.0,51.21,0.0,0.0,0.0,0.0,0.0,198.7,23297.0,44064.0,22.3,5.95,39.0,29.910000000000004,9.66,202.5,0.0,0.0,
2026-02-24T06:07:00,02/24/202606:07,20.3,0.0,0.0,51.21,0.0,0.0,0.0,0.0,0.0,198.7,23297.0,44064.0,22.3,5.94,39.0,29.910000000000004,9.654,202.4,0.0,0.0,
2026-02-24T06:08:00,02/24/202606:08,20.3,0.0,0.0,51.220000000000006,0.0,0.0,0.0,0.0,0.0,198.7,23297.0,44064.0,22.3,5.930000000000001,39.0,29.910000000000004,9.648,202.3,0.0,0.0,
2026-02-24T06:08:52,02/24/202606:08,20.29,0.0,0.0,51.220000000000006,0.0,0.0,0.0,0.0,0.0,198.7,23297.0,44064.0,22.3,5.92,39.0,29.910000000000004,9.642,202.2,0.0,0.0,
2026-02-24T06:09:01,02/24/202606:09,20.28,0.0,0.0,51.220000000000006,0.0,0.0,0.0,0.0,0.0,198.7,23297.0,44064.0,22.3,5.91,39.0,29.910000000000004,9.636000000000001,202.1,0.0,0.0,
2026-02-24T06:10:00,02/24/202606:10,20.27,0.0,0.0,51.220000000000006,0.0,0.0,0.0,0.0,0.0,198.7,23297.0,44064.0,22.3,5.9,39.0,29.910000000000004,9.63,202.0,0.0,0.0,
2026-02-24T06:11:01,02/24/202606:11,20.259999999999998,0.0,0.0,51.220000000000006,0.0,0.0,0.0,0.0,0.0,198.7,23297.0,44064.0,22.3,5.9,39.0,29.910000000000004,9.63,202.0,0.0,0.0,
2026-02-24T06:11:53,02/24/202606:11,20.259999999999998,0.0,0.0,51.220000000000006,0.0,0.0,0.0,0.0,0.0,198.7,23297.0,44064.0,22.3,5.9,39.0,29.910000000000004,9.63,202.0,0.0,0.0,
2026-02-24T06:12:01,02/24/202606:12,20.259999999999998,0.0,0.0,51.220000000000006,0.0,0.0,0.0,0.0,0.0,198.7,23297.0,44064.0,22.3,5.9,39.0,29.910000000000004,9.63,202.0,0.0,0.0,
2026-02-24T06:12:26,02/24/202606:12,20.25,0.0,0.0,51.21,0.0,0.0,0.0,0.0,0.0,198.7,23297.0,44064.0,22.3,5.9,39.0,29.910000000000004,9.63,202.0,0.0,0.0,
2026-02-24T06:13:00,02/24/202606:13,20.240000000000002,0.0,0.0,51.21,0.0,0.0,0.0,0.0,0.0,198.7,23297.0,44064.0,22.3,5.9,39.0,29.910000000000004,9.63,202.0,0.0,0.0,
2026-02-24T06:13:27,02/24/202606:13,20.240000000000002,0.0,0.0,51.21,0.0,0.0,0.0,0.0,0.0,198.7,23297.0,44064.0,22.3,5.9,39.0,29.910000000000004,9.63,202.0,0.0,0.0,
2026-02-24T06:14:01,02/24/202606:14,20.240000000000002,0.0,0.0,51.2,0.0,0.0,0.0,0.0,0.0,198.7,23297.0,44064.0,22.3,5.9,39.0,29.910000000000004,9.63,202.0,0.0,0.0,
2026-02-24T06:15:57,02/24/202606:15,20.25,0.0,0.0,51.2,0.0,0.0,0.0,0.0,0.0,198.7,23297.0,44064.0,22.3,5.9,39.0,29.910000000000004,9.63,202.0,0.0,0.0,
2026-02-24T06:16:00,02/24/202606:16,20.259999999999998,0.0,0.0,51.2,0.0,0.0,0.0,0.0,0.0,198.7,23297.0,44064.0,22.3,5.9,39.0,29.910000000000004,9.63,202.0,0.0,0.0,
2026-02-24T06:17:01,02/24/202606:17,20.27,0.0,0.0,51.2,0.0,0.0,0.0,0.0,0.0,198.7,23297.0,44064.0,22.3,5.9,39.0,29.910000000000004,9.742,202.1,0.0,0.0,
2026-02-24T06:18:21,02/24/202606:18,20.28,0.0,0.0,51.2,0.0,0.0,0.0,0.0,0.0,198.7,23297.0,44064.0,22.3,5.9,39.0,29.910000000000004,9.854000000000001,202.2,0.0,0.0,
2026-02-24T06:19:01,02/24/202606:19,20.28,0.0,0.0,51.2,0.0,0.0,0.0,0.0,0.0,198.7,23297.0,44064.0,22.3,5.9,39.0,29.910000000000004,9.966000000000001,202.3,0.0,0.0,
2026-02-24T06:20:01,02/24/202606:20,20.28,0.0,0.0,51.2,0.0,0.0,0.0,0.0,0.0,198.7,23297.0,44064.0,22.3,5.9,39.0,29.910000000000004,10.078,202.4,0.0,0.0,
2026-02-24T06:21:01,02/24/202606:21,20.29,0.0,0.0,51.2,0.0,0.0,0.0,0.0,0.0,198.7,23297.0,44064.0,22.3,5.9,39.0,29.910000000000004,10.190000000000001,202.5,0.0,0.0,
2026-02-24T06:22:01,02/24/202606:22,20.3,0.0,0.0,51.2,0.0,0.0,0.0,0.0,0.0,198.7,23297.0,44064.0,22.3,5.9,39.0,29.910000000000004,10.302000000000001,202.6,0.0,0.0,
2026-02-24T06:23:01,02/24/202606:23,20.3,0.0,0.0,51.2,0.0,0.0,0.0,0.0,0.0,198.7,23297.0,44064.0,22.3,5.9,39.0,29.910000000000004,10.414,202.7,0.0,0.0,
2026-02-24T06:24:01,02/24/202606:24,20.3,0.0,0.0,51.2,0.0,0.0,0.0,0.0,0.0,198.7,23297.0,44064.0,22.3,5.9,39.0,29.910000000000004,10.526,202.8,0.0,0.0,
2026-02-24T06:25:12,02/24/202606:25,20.3,0.0,0.0,51.2,0.0,0.0,0.0,0.0,0.0,198.7,23297.0,44064.0,22.3,5.9,39.0,29.910000000000004,10.638,202.9,0.0,0.0,
2026-02-24T06:27:06,02/24/202606:27,20.3,0.0,0.0,51.2,0.0,0.0,0.0,0.0,0.0,198.7,23297.0,44064.0,22.3,5.9,39.0,29.910000000000004,10.75,203.0,0.0,0.0,
2026-02-24T06:28:01,02/24/202606:28,20.3,0.0,0.0,51.2,0.0,0.0,0.0,0.0,0.0,198.7,23297.0,44064.0,22.3,5.9,39.0,29.910000000000004,10.75,203.0,0.0,0.0,
2026-02-24T06:28:13,02/24/202606:28,20.31,0.0,0.0,51.190000000000005,0.0,0.0,0.0,0.0,0.0,198.7,23297.0,44064.0,22.3,6.0,39.0,29.910000000000004,10.873999999999999,202.8,0.0,0.0,
2026-02-24T06:29:01,02/24/202606:29,20.32,0.0,0.0,51.18,0.0,0.0,0.0,0.0,0.0,198.7,23297.0,44064.0,22.3,6.1,39.0,29.910000000000004,10.998000000000001,202.6,0.0,0.0,
2026-02-24T06:30:01,02/24/202606:30,20.330000000000002,0.0,0.0,51.18,0.0,0.0,0.0,0.0,0.0,198.7,23297.0,44064.0,22.3,6.2,39.0,29.910000000000004,11.122,202.4,0.0,0.0,
2026-02-24T06:31:00,02/24/202606:31,20.34,0.0,0.0,51.18,0.0,0.0,0.0,0.0,0.0,198.7,23297.0,44064.0,22.3,6.3,39.0,29.910000000000004,11.246,202.2,0.0,0.0,
2026-02-24T06:31:13,02/24/202606:31,20.36,0.0,0.0,51.18,0.0,0.0,0.0,0.0,0.0,198.7,23297.0,44064.0,22.3,6.42,38.8,29.907,11.445,202.3,0.0,0.0,
2026-02-24T06:32:01,02/24/202606:32,20.380000000000003,0.0,0.0,51.18,0.0,0.0,0.0,0.0,0.0,198.7,23297.0,44064.0,22.3,6.540000000000001,38.6,29.904000000000003,11.644,202.4,0.0,0.0,
2026-02-24T06:32:13,02/24/202606:32,20.41,0.0,0.0,51.18,0.0,0.0,0.0,0.0,0.0,198.7,23297.0,44064.0,22.3,6.659999999999999,38.4,29.901,11.843,202.5,0.0,0.0,
2026-02-24T06:33:01,02/24/202606:33,20.44,0.0,0.0,51.18,0.0,0.0,0.0,0.0,0.0,198.7,23297.0,44064.0,22.3,6.779999999999999,38.2,29.898000000000003,12.042,202.6,0.0,0.0,
2026-02-24T06:33:13,02/24/202606:33,20.48,0.0,0.0,51.18,0.0,0.0,0.0,0.0,0.0,198.7,23297.0,44064.0,22.3,6.9,38.0,29.895,12.241,202.7,0.0,0.0,
2026-02-24T06:34:00,02/24/202606:34,20.52,0.0,0.0,51.18,0.0,0.0,0.0,0.0,0.0,198.7,23297.0,44064.0,22.3,7.0200000000000005,37.8,29.892000000000003,12.440000000000001,202.8,0.0,0.0,
2026-02-24T06:34:13,02/24/202606:34,20.56,0.0,0.0,51.190000000000005,0.0,0.0,0.0,0.0,0.0,198.7,23297.0,44064.0,22.3,7.040000000000001,37.6,29.889,12.515,203.1,0.0,0.0,
2026-02-24T06:35:00,02/24/202606:35,20.6,0.0,0.0,51.2,0.0,0.0,0.0,0.0,0.0,198.7,23297.0,44064.0,22.3,7.06,37.4,29.886000000000003,12.59,203.4,0.0,0.0,
2026-02-24T06:35:13,02/24/202606:35,20.65,0.0,0.0,51.2,0.0,0.0,0.0,0.0,0.0,198.7,23297.0,44064.0,22.3,7.08,37.2,29.883,12.665000000000001,203.7,0.0,0.0,
2026-02-24T06:36:00,02/24/202606:36,20.7,0.0,0.0,51.2,0.0,0.0,0.0,0.0,0.0,198.7,23297.0,44064.0,22.3,7.1,37.0,29.880000000000003,12.74,204.0,0.0,0.0,
2026-02-24T06:36:13,02/24/202606:36,20.759999999999998,0.0,0.0,51.190000000000005,0.0,0.0,0.0,0.0,0.0,198.7,23297.0,44064.0,22.3,7.1,37.0,29.880000000000003,12.74,204.0,0.0,0.0,
2026-02-24T06:37:01,02/24/202606:37,20.82,0.0,0.0,51.18,0.0,0.0,0.0,0.0,0.0,198.7,23297.0,44064.0,22.3,7.1,37.0,29.880000000000003,12.74,204.0,0.0,0.0,
2026-02-24T06:38:17,02/24/202606:38,20.91,0.0,0.0,51.17,0.0,0.0,0.0,0.0,0.0,198.7,23297.0,44064.0,22.3,7.1,37.0,29.880000000000003,12.74,204.0,0.0,0.0,
2026-02-24T06:39:00,02/24/202606:39,21.0,0.0,0.0,51.160000000000004,0.0,0.0,0.0,0.0,0.0,198.7,23297.0,44064.0,22.3,7.1,37.0,29.880000000000003,12.74,204.0,0.0,0.0,
2026-02-24T06:39:13,02/24/202606:39,21.1,0.0,0.0,51.15,0.0,0.0,0.0,0.0,0.0,198.7,23297.0,44064.0,22.3,7.1,37.0,29.880000000000003,12.74,204.0,0.0,0.0,
2026-02-24T06:40:00,02/24/202606:40,21.2,0.0,0.0,51.14,0.0,0.0,0.0,0.0,0.0,198.7,23297.0,44064.0,22.3,7.1,37.0,29.880000000000003,12.74,204.0,0.0,0.0,
2026-02-24T06:40:13,02/24/202606:40,21.32,0.0,0.0,51.14,0.0,0.0,0.0,0.0,0.0,198.7,23297.0,44064.0,22.3,7.1,37.0,29.880000000000003,12.74,204.0,0.0,0.0,
2026-02-24T06:41:00,02/24/202606:41,21.44,0.0,0.0,51.14,0.0,0.0,0.0,0.0,0.0,198.7,23297.0,44064.0,22.3,7.1,37.0,29.880000000000003,12.74,204.0,0.0,0.0,
2026-02-24T06:41:13,02/24/202606:41,21.580000000000002,0.0,0.0,51.14,0.0,0.0,0.0,0.0,0.0,198.7,23297.0,44064.0,22.3,7.1,37.0,29.880000000000003,12.74,204.0,0.0,0.0,
2026-02-24T06:42:00,02/24/202606:42,21.72,0.0,0.0,51.14,0.0,0.0,0.0,0.0,0.0,198.7,23297.0,44064.0,22.3,7.1,37.0,29.880000000000003,12.74,204.0,0.0,0.0,
2026-02-24T06:42:13,02/24/202606:42,21.880000000000003,0.0,0.0,51.15,0.0,0.0,0.0,0.0,0.0,198.7,23297.0,44064.0,22.3,7.1,37.0,29.880000000000003,12.74,204.0,0.0,0.0,
2026-02-24T06:43:01,02/24/202606:43,22.04,0.0,0.0,51.160000000000004,0.0,0.0,0.0,0.0,0.0,198.7,23297.0,44064.0,22.3,7.1,37.0,29.880000000000003,12.74,204.0,0.0,0.0,
2026-02-24T06:43:13,02/24/202606:43,22.2,0.0,0.0,51.17,0.0,0.0,0.0,0.0,0.0,198.7,23297.0,44064.0,22.3,7.1,37.0,29.880000000000003,12.74,204.0,0.0,0.0,
2026-02-24T06:44:00,02/24/202606:44,22.36,0.0,0.0,51.18,0.0,0.0,0.0,0.0,0.0,198.7,23297.0,44064.0,22.3,7.1,37.0,29.880000000000003,12.74,204.0,0.0,0.0,
2026-02-24T06:44:13,02/24/202606:44,22.55,0.0,0.0,51.18,0.0,0.0,0.0,0.0,0.0,198.7,23297.0,44064.0,22.3,7.1,37.0,29.880000000000003,12.74,204.0,0.0,0.0,
2026-02-24T06:45:01,02/24/202606:45,22.740000000000002,0.0,0.0,51.18,0.0,0.0,0.0,0.0,0.0,198.7,23297.0,44064.0,22.3,7.1,37.0,29.880000000000003,12.74,204.0,0.0,0.0,
2026-02-24T06:45:13,02/24/202606:45,22.990000000000002,0.0,0.0,51.18,0.0,0.0,0.0,0.0,0.0,198.7,23297.0,44064.0,22.3,7.109999999999999,37.0,29.880000000000003,12.759,203.9,0.0,0.0,
2026-02-24T06:46:02,02/24/202606:46,23.240000000000002,0.0,0.0,51.18,0.0,0.0,0.0,0.0,0.0,198.7,23297.0,44064.0,22.3,7.12,37.0,29.880000000000003,12.778,203.8,0.0,0.0,
2026-02-24T06:46:19,02/24/202606:46,23.6,0.0,0.0,51.18,0.0,0.0,0.0,0.0,0.0,198.7,23297.0,44064.0,22.3,7.13,37.0,29.880000000000003,12.797,203.7,0.0,0.0,
2026-02-24T06:47:01,02/24/202606:47,23.96,0.0,0.0,51.18,0.0,0.0,0.0,0.0,0.0,198.7,23297.0,44064.0,22.3,7.140000000000001,37.0,29.880000000000003,12.815999999999999,203.6,0.0,0.0,
2026-02-24T06:47:19,02/24/202606:47,24.490000000000002,0.0,0.0,51.17,0.0,0.0,0.0,0.0,0.0,198.7,23297.0,44064.0,22.3,7.15,37.0,29.880000000000003,12.834999999999999,203.5,0.0,0.0,
2026-02-24T06:48:01,02/24/202606:48,25.02,0.0,0.0,51.160000000000004,0.0,0.0,0.0,0.0,0.0,198.7,23297.0,44064.0,22.3,7.159999999999999,37.0,29.880000000000003,12.854,203.4,0.0,0.0,
2026-02-24T06:49:29,02/24/202606:49,26.01,0.0,0.0,51.160000000000004,0.0,0.0,0.0,0.0,0.0,198.7,23297.0,44064.0,22.3,7.17,37.0,29.880000000000003,12.873,203.3,0.0,0.0,
2026-02-24T06:50:00,02/24/202606:50,27.0,0.0,0.0,51.160000000000004,0.0,0.0,0.0,0.0,0.0,198.7,23297.0,44064.0,22.3,7.18,37.0,29.880000000000003,12.892,203.2,0.0,0.0,
2026-02-24T06:50:18,02/24/202606:50,28.28,0.0,0.0,51.17,0.0,0.0,0.0,0.0,0.0,198.7,23297.0,44064.0,22.3,7.19,37.0,29.880000000000003,12.910999999999998,203.1,0.0,0.0,
2026-02-24T06:51:00,02/24/202606:51,29.560000000000002,0.0,0.0,51.18,0.0,0.0,0.0,0.0,0.0,198.7,23297.0,44064.0,22.3,7.2,37.0,29.880000000000003,12.930000000000001,203.0,0.0,0.0,
2026-02-24T06:51:17,02/24/202606:51,31.15,0.0,0.0,51.17,0.0,0.0,0.0,0.0,0.0,198.7,23297.0,44064.0,22.3,7.2,37.0,29.880000000000003,12.930000000000001,203.0,0.0,0.0,
2026-02-24T06:52:00,02/24/202606:52,32.739999999999995,0.0,0.0,51.160000000000004,0.0,0.0,0.0,0.0,0.0,198.7,23297.0,44064.0,22.3,7.2,37.0,29.880000000000003,12.930000000000001,203.0,0.0,0.0,
2026-02-24T06:52:17,02/24/202606:52,34.71,0.0,0.0,51.15,0.0,0.0,0.0,0.0,0.0,198.7,23297.0,44064.0,22.3,7.2,37.0,29.880000000000003,12.930000000000001,203.0,0.0,0.0,
2026-02-24T06:53:00,02/24/202606:53,36.68,0.0,0.0,51.14,0.0,0.0,0.0,0.0,0.0,198.7,23297.0,44064.0,22.3,7.2,37.0,29.880000000000003,12.930000000000001,203.0,0.0,0.0,
2026-02-24T06:53:17,02/24/202606:53,39.17,0.0,0.0,51.15,0.0,0.0,0.0,0.0,0.0,198.7,23297.0,44064.0,22.3,7.2,37.0,29.880000000000003,12.930000000000001,203.0,0.0,0.0,
2026-02-24T06:54:01,02/24/202606:54,41.660000000000004,0.0,0.0,51.160000000000004,0.0,0.0,0.0,0.0,0.0,198.7,23297.0,44064.0,22.3,7.2,37.0,29.880000000000003,12.930000000000001,203.0,0.0,0.0,
2026-02-24T06:54:17,02/24/202606:54,43.660000000000004,0.0,0.0,51.160000000000004,0.0,0.0,0.0,0.0,0.0,198.7,23297.0,44064.0,22.3,7.2,37.0,29.880000000000003,12.930000000000001,203.0,0.0,0.0,
2026-02-24T06:55:01,02/24/202606:55,45.660000000000004,0.0,0.0,51.160000000000004,0.0,0.0,0.0,0.0,0.0,198.7,23297.0,44064.0,22.3,7.2,37.0,29.880000000000003,12.930000000000001,203.0,0.0,0.0,
2026-02-24T06:56:01,02/24/202606:56,47.32,0.0,0.0,51.15,0.0,0.0,0.0,0.0,0.0,198.7,23297.0,44064.0,22.3,7.2,37.0,29.880000000000003,12.930000000000001,203.0,0.0,0.0,
2026-02-24T06:56:17,02/24/202606:56,48.97,0.0,0.0,51.15,0.0,0.0,0.0,0.0,0.0,198.7,23297.0,44064.0,22.3,7.2,37.0,29.880000000000003,12.930000000000001,203.0,0.0,0.0,
2026-02-24T06:57:01,02/24/202606:57,50.22,0.0,0.0,51.160000000000004,0.0,0.0,0.0,0.0,0.0,198.7,23297.0,44064.0,22.3,7.2,37.0,29.880000000000003,12.930000000000001,203.0,0.0,0.0,
2026-02-24T06:58:00,02/24/202606:58,51.470000000000006,0.0,0.0,51.160000000000004,0.0,0.0,0.0,0.0,0.0,198.7,23297.0,44064.0,22.3,7.2,37.0,29.880000000000003,12.930000000000001,203.0,0.0,0.0,
2026-02-24T06:59:00,02/24/202606:59,52.2,0.0,0.0,51.17,0.0,0.0,0.0,0.0,0.0,198.7,23297.0,44064.0,22.3,7.2,37.0,29.880000000000003,12.930000000000001,203.0,0.0,0.0,
2026-02-24T06:59:17,02/24/202606:59,52.94,0.0,0.0,51.17,0.0,0.0,0.0,0.0,0.0,198.7,23297.0,44064.0,22.3,7.2,37.0,29.880000000000003,12.930000000000001,203.0,0.0,0.0,
2026-02-24T07:00:42,02/24/202607:00,52.95,0.0,0.0,51.160000000000004,0.0,0.0,0.0,0.0,0.0,198.7,23297.0,44064.0,22.3,7.2,37.0,29.880000000000003,12.930000000000001,203.0,0.0,0.0,
2026-02-24T07:01:00,02/24/202607:01,52.96,0.0,0.0,51.15,0.0,0.0,0.0,0.0,0.0,198.7,23297.0,44064.0,22.3,7.2,37.0,29.880000000000003,12.930000000000001,203.0,0.0,0.0,
2026-02-24T07:02:00,02/24/202607:02,52.96,0.0,0.0,51.14,0.0,0.0,0.0,0.0,0.0,198.7,23297.0,44064.0,22.3,7.17,37.0,29.880000000000003,12.830000000000002,203.3,0.0,0.0,
2026-02-24T07:03:00,02/24/202607:03,52.96,0.0,0.0,51.14,0.0,0.0,0.0,0.0,0.0,198.7,23297.0,44064.0,22.3,7.140000000000001,37.0,29.880000000000003,12.73,203.6,0.0,0.0,
2026-02-24T07:04:00,02/24/202607:04,52.96,0.0,0.0,51.14,0.0,0.0,0.0,0.0,0.0,198.7,23297.0,44064.0,22.3,7.110000000000001,37.0,29.880000000000003,12.629999999999999,203.9,0.0,0.0,
2026-02-24T07:04:17,02/24/202607:04,52.98,0.0,0.0,51.13,0.0,0.0,0.0,0.0,0.0,198.7,23297.0,44064.0,22.3,7.08,37.0,29.880000000000003,12.53,204.2,0.0,0.0,
2026-02-24T07:05:00,02/24/202607:05,53.0,0.0,0.0,51.120000000000005,0.0,0.0,0.0,0.0,0.0,198.7,23297.0,44064.0,22.3,7.05,37.0,29.880000000000003,12.43,204.5,0.0,0.0,
2026-02-24T07:06:01,02/24/202607:06,53.02,0.0,0.0,51.13,0.0,0.0,0.0,0.0,0.0,198.7,23297.0,44064.0,22.3,7.0200000000000005,37.0,29.880000000000003,12.33,204.8,0.0,0.0,
2026-02-24T07:07:01,02/24/202607:07,53.04,0.0,0.0,51.120000000000005,0.0,0.0,0.0,0.0,0.0,198.7,23297.0,44064.0,22.3,6.99,37.0,29.880000000000003,12.23,205.1,0.0,0.0,
2026-02-24T07:08:01,02/24/202607:08,53.05,0.0,0.0,51.13,0.0,0.0,0.0,0.0,0.0,198.7,23297.0,44064.0,22.3,6.960000000000001,37.0,29.880000000000003,12.129999999999999,205.4,0.0,0.0,
2026-02-24T07:08:17,02/24/202607:08,53.07000000000001,0.0,0.0,51.13,0.0,0.0,0.0,0.0,0.0,198.7,23297.0,44064.0,22.3,6.93,37.0,29.880000000000003,12.03,205.7,0.0,0.0,
2026-02-24T07:09:01,02/24/202607:09,53.089999999999996,0.0,0.0,51.13,0.0,0.0,0.0,0.0,0.0,198.7,23297.0,44064.0,22.3,6.9,37.0,29.880000000000003,11.93,206.0,0.0,0.0,
2026-02-24T07:10:00,02/24/202607:10,53.11,0.0,0.0,51.13,0.0,0.0,0.0,0.0,0.0,198.7,23297.0,44064.0,22.3,6.9,37.0,29.880000000000003,11.93,206.0,0.0,0.0,
2026-02-24T07:11:52,02/24/202607:11,52.9,0.01,0.529,51.120000000000005,0.0,0.0,0.0,0.0,0.0,198.7,23297.0,44064.0,22.3,6.9,37.0,29.880000000000003,11.93,206.0,0.0,0.0,0.0
2026-02-24T07:12:01,02/24/202607:12,52.69,0.02,1.0538,51.120000000000005,0.0,0.0,0.0,0.0,0.0,198.7,23297.0,44064.0,22.3,6.9,37.0,29.880000000000003,11.93,206.0,0.0,0.0,0.0
2026-02-24T07:12:15,02/24/202607:12,57.29,0.02,1.1458,51.120000000000005,0.0,0.0,0.0,0.0,0.0,198.7,23297.0,44064.0,22.3,6.9,37.0,29.880000000000003,11.93,206.0,0.0,0.0,0.0
2026-02-24T07:13:01,02/24/202607:13,61.89,0.02,1.2378,51.120000000000005,0.0,0.0,0.0,0.0,0.0,198.7,23297.0,44064.0,22.3,6.9,37.0,29.880000000000003,11.93,206.0,0.0,0.0,0.0
2026-02-24T07:13:15,02/24/202607:13,69.6,0.02,1.392,51.120000000000005,0.0,0.0,0.0,0.0,0.0,198.7,23297.0,44064.0,22.3,6.9,37.0,29.880000000000003,11.93,206.0,0.0,0.0,0.0
2026-02-24T07:13:51,02/24/202607:13,77.3,0.02,1.546,51.120000000000005,0.0,0.0,0.0,0.0,0.0,198.7,23297.0,44064.0,22.3,6.9,37.0,29.880000000000003,11.93,206.0,0.0,0.0,0.0
2026-02-24T07:14:01,02/24/202607:14,85.0,0.02,1.7,51.11,0.0,0.0,0.0,0.0,0.0,198.7,23297.0,44064.0,22.3,6.9,37.0,29.880000000000003,11.93,206.0,0.0,0.0,0.0
2026-02-24T07:14:51,02/24/202607:14,92.88,0.02,1.8576,51.120000000000005,0.0,0.0,0.0,0.0,0.0,198.7,23297.0,44064.0,22.3,6.9,37.0,29.880000000000003,11.93,206.0,0.0,0.0,0.0
2026-02-24T07:15:01,02/24/202607:15,100.75999999999999,0.02,2.0151999999999997,51.13,0.0,0.0,0.0,0.0,0.0,198.7,23297.0,44064.0,22.3,6.9,37.0,29.880000000000003,11.93,206.0,0.0,0.0,0.0
2026-02-24T07:15:50,02/24/202607:15,108.72999999999999,0.02,2.1746,51.13,0.0,0.0,0.0,0.0,0.0,198.7,23297.0,44064.0,22.3,6.87,37.0,29.877,11.725,205.9,0.0,0.0,0.0
2026-02-24T07:16:01,02/24/202607:16,116.92999999999999,0.01,1.1693,51.13,0.0,0.0,0.0,0.0,0.0,198.7,23297.0,44064.0,22.3,6.840000000000001,37.0,29.874000000000002,11.52,205.8,0.0,0.0,0.0
2026-02-24T07:17:01,02/24/202607:17,125.13,0.0,0.0,51.13,0.0,0.0,0.0,0.0,0.0,198.7,23297.0,44064.0,22.3,6.81,37.0,29.871,11.315000000000001,205.7,0.0,0.0,
2026-02-24T07:17:33,02/24/202607:17,128.65,0.0,0.0,51.14,0.0,0.0,0.0,0.0,0.0,198.7,23297.0,44064.0,22.3,6.779999999999999,37.0,29.868000000000002,11.11,205.6,0.0,0.0,
2026-02-24T07:18:01,02/24/202607:18,132.17000000000002,0.0,0.0,51.15,0.0,0.0,0.0,0.0,0.0,198.7,23297.0,44064.0,22.3,6.75,37.0,29.865,10.905,205.5,0.0,0.0,
2026-02-24T07:18:33,02/24/202607:18,132.65,0.0,0.0,51.15,0.0,0.0,0.0,0.0,0.0,198.7,23297.0,44064.0,22.3,6.720000000000001,37.0,29.862000000000002,10.7,205.4,0.0,0.0,
2026-02-24T07:19:00,02/24/202607:19,133.14000000000001,0.0,0.0,51.160000000000004,0.0,0.0,0.0,0.0,0.0,198.7,23297.0,44064.0,22.3,6.69,37.0,29.859,10.495000000000001,205.3,0.0,0.0,
2026-02-24T07:19:34,02/24/202607:19,133.7,0.0,0.0,51.160000000000004,0.0,0.0,0.0,0.0,0.0,198.7,23297.0,44064.0,22.3,6.63,37.0,29.856,9.948,202.5,0.0,0.0,
2026-02-24T07:20:01,02/24/202607:20,134.07,0.0,0.0,51.15,0.0,0.0,0.0,0.0,0.0,198.7,23297.0,44064.0,22.3,6.57,37.0,29.853,9.401,199.7,0.0,0.0,
2026-02-24T07:20:34,02/24/202607:20,134.49,0.0,0.0,51.15,0.0,0.0,0.0,0.0,0.0,198.7,23297.0,44064.0,22.3,6.51,37.0,29.85,8.854000000000001,196.9,0.0,0.0,
2026-02-24T07:21:01,02/24/202607:21,134.82,0.0,0.0,51.160000000000004,0.0,0.0,0.0,0.0,0.0,198.7,23297.0,44064.0,22.3,6.4799999999999995,37.0,29.85,8.512,194.2,0.0,0.0,
2026-02-24T07:21:34,02/24/202607:21,135.20999999999998,0.0,0.0,51.17,0.0,0.0,0.0,0.0,0.0,198.7,23297.0,44064.0,22.3,6.45,37.0,29.85,8.17,191.5,0.0,0.0,
2026-02-24T07:23:02,02/24/202607:23,135.63,0.0,0.0,51.17,0.0,0.0,0.0,0.0,0.0,198.7,23297.0,44064.0,22.3,6.42,37.0,29.85,7.828,188.8,0.0,0.0,
2026-02-24T07:23:33,02/24/202607:23,135.95999999999998,0.0,0.0,51.17,0.0,0.0,0.0,0.0,0.0,198.7,23297.0,44064.0,22.3,6.39,37.0,29.85,7.486,186.1,0.0,0.0,
2026-02-24T07:24:00,02/24/202607:24,136.29,0.0,0.0,51.17,0.0,0.0,0.0,0.0,0.0,198.7,23297.0,44064.0,22.3,6.359999999999999,37.0,29.85,7.144,183.4,0.0,0.0,
2026-02-24T07:24:34,02/24/202607:24,136.6,0.0,0.0,51.17,0.0,0.0,0.0,0.0,0.0,198.7,23297.0,44064.0,22.3,6.33,37.0,29.85,6.802,180.7,0.0,0.0,
2026-02-24T07:25:00,02/24/202607:25,136.91,0.0,0.0,51.17,0.0,0.0,0.0,0.0,0.0,198.7,23297.0,44064.0,22.3,6.3,37.0,29.85,6.459999999999999,178.0,0.0,0.0,
2026-02-24T07:25:33,02/24/202607:25,137.19,0.0,0.0,51.17,0.0,0.0,0.0,0.0,0.0,198.7,23297.0,44064.0,22.3,6.3,37.0,29.85,6.459999999999999,178.0,0.0,0.0,
2026-02-24T07:26:00,02/24/202607:26,137.47,0.0,0.0,51.17,0.0,0.0,0.0,0.0,0.0,198.7,23297.0,44064.0,22.3,6.3,37.0,29.85,6.459999999999999,178.0,0.0,0.0,
2026-02-24T07:26:34,02/24/202607:26,137.74,0.0,0.0,51.17,0.0,0.0,0.0,0.0,0.0,198.7,23297.0,44064.0,22.3,6.3,37.0,29.85,6.459999999999999,178.0,0.0,0.0,
2026-02-24T07:27:00,02/24/202607:27,138.01,0.0,0.0,51.17,0.0,0.0,0.0,0.0,0.0,198.7,23297.0,44064.0,22.3,6.3,37.0,29.85,6.459999999999999,178.0,0.0,0.0,
2026-02-24T07:27:34,02/24/202607:27,138.25,0.0,0.0,51.17,0.0,0.0,0.0,0.0,0.0,198.7,23297.0,44064.0,22.3,6.3,37.0,29.85,6.459999999999999,178.0,0.0,0.0,
2026-02-24T07:28:00,02/24/202607:28,138.45999999999998,0.0,0.0,51.18,0.0,0.0,0.0,0.0,0.0,198.7,23297.0,44064.0,22.3,6.3,37.0,29.85,6.459999999999999,178.0,0.0,0.0,
2026-02-24T07:28:33,02/24/202607:28,138.66,0.0,0.0,51.18,0.0,0.0,0.0,0.0,0.0,198.7,23297.0,44064.0,22.3,6.3,37.0,29.85,6.459999999999999,178.0,0.0,0.0,
2026-02-24T07:29:01,02/24/202607:29,138.85999999999999,0.0,0.0,51.18,0.0,0.0,0.0,0.0,0.0,198.7,23297.0,44064.0,22.3,6.3,37.0,29.85,6.459999999999999,178.0,0.0,0.0,
2026-02-24T07:29:34,02/24/202607:29,131.23999999999998,0.04,5.249599999999999,51.18,0.04,2.0472,2.0,0.0,0.0,198.7,23297.0,44064.0,22.3,6.3,37.0,29.85,6.459999999999999,178.0,0.0,0.0,0.38997256933861635
2026-02-24T07:30:00,02/24/202607:30,123.62,0.08,9.8896,51.18,0.08,4.0944,4.0,0.0,0.0,198.7,23297.0,44064.0,22.3,6.3,37.0,29.85,6.459999999999999,178.0,0.0,0.0,0.4140106778838376
2026-02-24T07:30:34,02/24/202607:30,123.8,0.08,9.904,51.2,0.08,4.096,4.0,0.0,0.0,198.7,23297.0,44064.0,22.3,6.3,37.0,29.85,6.459999999999999,178.0,0.0,0.0,0.4135702746365105
2026-02-24T07:31:00,02/24/202607:31,123.97999999999999,0.08,9.9184,51.220000000000006,0.08,4.097600000000001,4.0,0.0,0.0,198.7,23297.0,44064.0,22.3,6.3,37.0,29.85,6.459999999999999,178.0,0.0,0.0,0.4131311501855139
2026-02-24T07:31:34,02/24/202607:31,116.4,0.1,11.64,51.220000000000006,0.12000000000000002,6.146400000000002,6.0,0.0,0.0,198.7,23297.0,44064.0,22.3,6.279999999999999,36.9,29.85,6.417,178.0,2.0,0.01,0.5280412371134022
2026-02-24T07:32:00,02/24/202607:32,108.82000000000001,0.12000000000000002,13.058400000000004,51.220000000000006,0.16,8.195200000000002,8.0,0.0,0.0,198.7,23297.0,44064.0,22.3,6.26,36.8,29.85,6.3740000000000006,178.0,4.0,0.02,0.6275807143294737
2026-02-24T07:32:34,02/24/202607:32,109.0,0.12000000000000002,13.080000000000002,51.23,0.16,8.1968,8.0,0.0,0.0,198.7,23297.0,44064.0,22.3,6.24,36.7,29.85,6.331,178.0,6.0,0.030000000000000006,0.6266666666666666
2026-02-24T07:34:15,02/24/202607:34,101.75,0.15,15.2625,51.239999999999995,0.2,10.248,10.0,0.0,0.0,198.7,23297.0,44064.0,22.3,6.22,36.6,29.85,6.288,178.0,8.0,0.04,0.6714496314496314
2026-02-24T07:34:33,02/24/202607:34,94.46000000000001,0.18,17.0028,51.25,0.25,12.8125,12.5,0.0,0.0,198.7,23297.0,44064.0,22.3,6.2,36.5,29.85,6.245,178.0,10.0,0.05,0.7535523560825276
2026-02-24T07:35:01,02/24/202607:35,87.17,0.21000000000000002,18.3057,51.260000000000005,0.3,15.378,15.0,0.0,0.0,198.7,23297.0,44064.0,22.3,6.18,36.4,29.85,6.202,178.0,12.0,0.06000000000000001,0.8400662088857568
2026-02-24T07:35:34,02/24/202607:35,87.67,0.21000000000000002,18.410700000000002,51.279999999999994,0.31,15.896799999999997,15.5,0.0,0.0,198.7,23297.0,44064.0,22.3,6.159999999999999,36.3,29.85,6.159000000000001,178.0,14.0,0.07,0.8634544042323211
2026-02-24T07:36:01,02/24/202607:36,88.17,0.21000000000000002,18.515700000000002,51.3,0.32,16.416,16.0,0.0,0.0,198.7,23297.0,44064.0,22.3,6.14,36.2,29.85,6.1160000000000005,178.0,16.0,0.08,0.8865989403587226
2026-02-24T07:36:34,02/24/202607:36,83.47,0.26,21.7022,51.32000000000001,0.37,18.988400000000002,18.5,0.0,0.0,198.7,23297.0,44064.0,22.3,6.119999999999999,36.1,29.85,6.073,178.0,18.0,0.09,0.8749527697652772
2026-02-24T07:37:01,02/24/202607:37,78.77000000000001,0.31,24.418700000000005,51.339999999999996,0.42000000000000004,21.5628,21.0,0.0,0.0,198.7,23297.0,44064.0,22.3,6.1,36.0,29.85,6.03,178.0,20.0,0.1,0.8830445519212733
2026-02-24T07:37:34,02/24/202607:37,81.75,0.33999999999999997,27.794999999999998,51.36,0.44000000000000006,22.5984,22.0,0.0,0.0,198.7,23297.0,44064.0,22.3,6.1,36.0,29.85,6.03,178.0,20.0,0.1,0.8130383162439289
2026-02-24T07:38:01,02/24/202607:38,84.73,0.37,31.3501,51.379999999999995,0.45999999999999996,23.634799999999995,23.0,0.0,0.0,198.7,23297.0,44064.0,22.3,6.1,36.0,29.85,6.03,178.0,20.0,0.1,0.7538987116468526
2026-02-24T07:38:34,02/24/202607:38,79.94,0.42000000000000004,33.5748,51.4,0.52,26.728,26.0,0.0,0.0,198.7,23297.0,44064.0,22.3,6.1,36.0,29.85,6.03,178.0,20.0,0.1,0.7960732454102482
2026-02-24T07:39:01,02/24/202607:39,82.58,0.44000000000000006,36.33520000000001,51.42,0.54,27.766800000000003,27.0,0.0,0.0,198.7,23297.0,44064.0,22.3,6.1,36.0,29.85,6.03,178.0,20.0,0.1,0.7641845923512186
2026-02-24T07:39:35,02/24/202607:39,86.36,0.47000000000000003,40.589200000000005,51.45,0.5599999999999999,28.811999999999998,28.1,0.0,0.0,198.7,23297.0,44064.0,22.3,6.1,36.0,29.85,6.03,178.0,20.0,0.1,0.7098439979107741
2026-02-24T07:40:01,02/24/202607:40,90.14,0.5,45.07,51.48,0.58,29.858399999999996,29.2,0.0,0.0,198.7,23297.0,44064.0,22.3,6.1,36.0,29.85,6.03,178.0,20.0,0.1,0.6624894608386953
2026-02-24T07:40:34,02/24/202607:40,93.92,0.52,48.8384,51.5,0.6,30.9,30.3,0.0,0.0,198.7,23297.0,44064.0,22.3,6.1,36.0,29.85,6.03,178.0,20.0,0.1,0.6326988599135106
2026-02-24T07:41:01,02/24/202607:41,97.7,0.54,52.758,51.52,0.6199999999999999,31.942399999999996,31.4,0.0,0.0,198.7,23297.0,44064.0,22.3,6.1,36.0,29.85,6.03,178.0,20.0,0.1,0.6054513059630766
2026-02-24T07:41:34,02/24/202607:41,98.85,0.55,54.3675,51.54,0.65,33.501,33.0,0.0,0.0,198.7,23297.0,44064.0,22.3,6.1,36.0,29.85,6.03,178.0,20.0,0.1,0.6161953372879018
2026-02-24T07:42:01,02/24/202607:42,100.0,0.5599999999999999,55.99999999999999,51.56,0.6799999999999999,35.0608,34.6,0.0,0.0,198.7,23297.0,44064.0,22.3,6.1,36.0,29.85,6.03,178.0,20.0,0.1,0.6260857142857144
2026-02-24T07:42:34,02/24/202607:42,101.14,0.5700000000000001,57.649800000000006,51.6,0.69,35.604,35.2,0.0,0.0,198.7,23297.0,44064.0,22.3,6.1,36.0,29.85,6.03,178.0,20.0,0.1,0.6175910410790669
2026-02-24T07:43:01,02/24/202607:43,102.28,0.58,59.322399999999995,51.64,0.7,36.147999999999996,35.8,0.0,0.0,198.7,23297.0,44064.0,22.3,6.1,36.0,29.85,6.03,178.0,20.0,0.1,0.6093482394508651
2026-02-24T07:43:34,02/24/202607:43,103.42,0.59,61.0178,51.67,0.72,37.2024,36.9,0.0,0.0,198.7,23297.0,44064.0,22.3,6.1,36.0,29.85,6.03,178.0,20.0,0.1,0.6096974981071097
2026-02-24T07:44:01,02/24/202607:44,104.55999999999999,0.6,62.73599999999999,51.7,0.74,38.258,38.0,0.0,0.0,198.7,23297.0,44064.0,22.3,6.1,36.0,29.85,6.03,178.0,20.0,0.1,0.6098252996684521
2026-02-24T07:45:25,02/24/202607:45,104.57000000000001,0.6,62.742000000000004,51.720000000000006,0.75,38.790000000000006,38.5,0.0,0.0,198.7,23297.0,44064.0,22.3,6.1,36.0,29.85,6.03,178.0,20.0,0.1,0.6182461509037009
2026-02-24T07:45:34,02/24/202607:45,103.57000000000001,0.6,62.142,51.760000000000005,0.76,39.3376,39.0,0.0,0.0,198.7,23297.0,44064.0,22.3,6.1,36.0,29.85,6.03,178.0,20.0,0.1,0.6330275819896366
2026-02-24T07:46:00,02/24/202607:46,102.55,0.6,61.529999999999994,51.8,0.77,39.885999999999996,39.5,0.0,0.0,198.7,23297.0,44064.0,22.3,6.1,36.0,29.85,6.03,178.0,20.0,0.1,0.6482366325369738
2026-02-24T07:46:34,02/24/202607:46,101.53999999999999,0.61,61.93939999999999,51.839999999999996,0.79,40.9536,40.5,0.0,0.0,198.7,23297.0,44064.0,22.3,6.17,35.9,29.847,6.2780000000000005,179.6,24.0,0.1,0.6611881936215076
2026-02-24T07:47:00,02/24/202607:47,100.52,0.6199999999999999,62.32239999999999,51.870000000000005,0.8,41.49600000000001,41.0,0.0,0.0,198.7,23297.0,44064.0,22.3,6.24,35.8,29.844,6.526000000000001,181.2,28.0,0.1,0.6658280168928029
2026-02-24T07:47:43,02/24/202607:47,99.47,0.63,62.6661,51.910000000000004,0.8099999999999999,42.0471,41.5,0.0,0.0,198.7,23297.0,44064.0,22.3,6.31,35.7,29.841,6.773999999999999,182.8,32.0,0.1,0.6709704289879217
2026-02-24T07:48:00,02/24/202607:48,98.47,0.6399999999999999,63.02079999999999,51.94,0.8300000000000001,43.1102,42.5,0.0,0.0,198.7,23297.0,44064.0,22.3,6.38,35.6,29.838,7.022,184.4,36.0,0.1,0.6840630395044177
2026-02-24T07:48:43,02/24/202607:48,99.94,0.6399999999999999,63.96159999999999,51.970000000000006,0.8700000000000001,45.21390000000001,44.6,0.0,0.0,198.7,23297.0,44064.0,22.3,6.45,35.5,29.835,7.2700000000000005,186.0,40.0,0.1,0.7068913222933763
2026-02-24T07:49:00,02/24/202607:49,101.39,0.6399999999999999,64.88959999999999,52.0,0.9,46.800000000000004,46.2,0.0,0.0,198.7,23297.0,44064.0,22.3,6.5200000000000005,35.4,29.832,7.518000000000001,187.6,44.0,0.1,0.7212249728770098
2026-02-24T07:49:43,02/24/202607:49,102.78,0.65,66.807,52.05,0.93,48.4065,47.8,0.0,0.0,198.7,23297.0,44064.0,22.3,6.589999999999999,35.3,29.829,7.766,189.2,48.0,0.1,0.7245722753603664
2026-02-24T07:50:01,02/24/202607:50,104.16,0.6599999999999999,68.7456,52.1,0.9600000000000002,50.01600000000001,49.4,0.0,0.0,198.7,23297.0,44064.0,22.3,6.659999999999999,35.2,29.826,8.014,190.8,52.0,0.1,0.7275520178745988
2026-02-24T07:50:43,02/24/202607:50,106.05,0.6799999999999999,72.11399999999999,52.14,1.0,52.14,51.5,0.0,0.0,198.7,23297.0,44064.0,22.3,6.7299999999999995,35.1,29.823,8.262,192.4,56.0,0.1,0.7230218820201348
2026-02-24T07:51:00,02/24/202607:51,107.94000000000001,0.7,75.558,52.17999999999999,1.04,54.267199999999995,53.6,0.0,0.0,198.7,23297.0,44064.0,22.3,6.8,35.0,29.82,8.51,194.0,60.0,0.1,0.7182191164403503
2026-02-24T07:51:43,02/24/202607:51,109.84,0.71,77.9864,52.23,1.07,55.8861,55.2,0.0,0.0,198.7,23297.0,44064.0,22.3,6.8,35.0,29.82,8.51,194.0,60.0,0.1,0.7166134095175568
2026-02-24T07:52:00,02/24/202607:52,111.74000000000001,0.72,80.45280000000001,52.279999999999994,1.1,57.507999999999996,56.8,0.0,0.0,198.7,23297.0,44064.0,22.3,6.8,35.0,29.82,8.51,194.0,60.0,0.1,0.7148042081816914
2026-02-24T07:52:43,02/24/202607:52,113.7,0.74,84.138,52.33,1.1300000000000001,59.13290000000001,58.5,0.0,0.0,198.7,23297.0,44064.0,22.3,6.8,35.0,29.82,8.51,194.0,60.0,0.1,0.7028084813045236
2026-02-24T07:53:00,02/24/202607:53,115.66,0.76,87.9016,52.379999999999995,1.16,60.76079999999999,60.2,0.0,0.0,198.7,23297.0,44064.0,22.3,6.8,35.0,29.82,8.51,194.0,60.0,0.1,0.6912365645221473
2026-02-24T07:53:43,02/24/202607:53,115.63,0.77,89.0351,52.42999999999999,1.17,61.343099999999986,60.8,0.0,0.0,198.7,23297.0,44064.0,22.3,6.8,35.2,29.82,8.51,194.0,60.0,0.1,0.6889765946239178
2026-02-24T07:54:00,02/24/202607:54,115.6,0.78,90.16799999999999,52.48,1.1800000000000002,61.92640000000001,61.4,0.0,0.0,198.7,23297.0,44064.0,22.3,6.8,35.4,29.82,8.51,194.0,60.0,0.1,0.6867891047821845
2026-02-24T07:54:43,02/24/202607:54,114.71,0.8,91.768,52.529999999999994,1.2,63.03599999999999,62.5,0.0,0.0,198.7,23297.0,44064.0,22.3,6.8,35.6,29.82,8.51,194.0,60.0,0.1,0.6869061110626796
2026-02-24T07:55:00,02/24/202607:55,113.82000000000001,0.82,93.3324,52.58,1.22,64.1476,63.6,0.0,0.0,198.7,23297.0,44064.0,22.3,6.8,35.8,29.82,8.51,194.0,60.0,0.1,0.6873025873115873
2026-02-24T07:56:37,02/24/202607:56,114.33,0.8300000000000001,94.8939,52.629999999999995,1.24,65.26119999999999,64.8,0.0,0.0,198.7,23297.0,44064.0,22.3,6.8,36.0,29.82,8.51,194.0,60.0,0.1,0.6877280836808265
2026-02-24T07:57:00,02/24/202607:57,114.84,0.8400000000000001,96.46560000000001,52.67999999999999,1.26,66.37679999999999,66.0,0.0,0.0,198.7,23297.0,44064.0,22.3,6.8,36.2,29.82,8.51,194.0,60.0,0.1,0.6880877742946707
2026-02-24T07:57:11,02/24/202607:57,115.8,0.8400000000000001,97.272,52.73,1.29,68.0217,67.7,0.0,0.0,198.7,23297.0,44064.0,22.3,6.8,36.4,29.82,8.51,194.0,60.0,0.1,0.6992937330372563
2026-02-24T07:58:01,02/24/202607:58,116.75999999999999,0.8400000000000001,98.0784,52.779999999999994,1.3199999999999998,69.66959999999999,69.4,0.0,0.0,198.7,23297.0,44064.0,22.3,6.8,36.6,29.82,8.51,194.0,60.0,0.1,0.7103460089071598
2026-02-24T07:58:12,02/24/202607:58,117.64000000000001,0.8300000000000001,97.64120000000003,52.83,1.35,71.3205,71.0,0.0,0.0,198.7,23297.0,44064.0,22.3,6.8,36.8,29.82,8.51,194.0,60.0,0.1,0.7304344887199253
2026-02-24T07:59:01,02/24/202607:59,118.52000000000001,0.82,97.1864,52.879999999999995,1.3800000000000001,72.9744,72.6,0.0,0.0,198.7,23297.0,44064.0,22.3,6.8,37.0,29.82,8.51,194.0,60.0,0.1,0.7508704921676284
2026-02-24T07:59:12,02/24/202607:59,118.33,0.8400000000000001,99.39720000000001,52.94,1.42,75.17479999999999,74.8,0.0,0.0,198.7,23297.0,44064.0,22.3,6.8,37.0,29.82,8.51,194.0,60.0,0.1,0.7563070187087764
2026-02-24T08:00:01,02/24/202608:00,118.14000000000001,0.86,101.60040000000001,53.0,1.46,77.38,77.0,0.0,0.0,198.7,23297.0,44064.0,22.3,6.8,37.0,29.82,8.51,194.0,60.0,0.1,0.7616111747591544
2026-02-24T08:00:12,02/24/202608:00,118.89000000000001,0.86,102.24540000000002,53.06,1.49,79.0594,78.7,0.0,0.0,198.7,23297.0,44064.0,22.3,6.8,37.0,29.82,8.51,194.0,60.0,0.1,0.7732318519952974
2026-02-24T08:01:01,02/24/202608:01,119.64000000000001,0.86,102.89040000000001,53.120000000000005,1.52,80.7424,80.4,0.0,0.0,198.7,23297.0,44064.0,22.3,6.8,37.0,29.82,8.51,194.0,60.0,0.1,0.7847418223663237
2026-02-24T08:01:12,02/24/202608:01,119.52000000000001,0.86,102.78720000000001,53.17999999999999,1.55,82.42899999999999,82.0,0.0,0.0,198.7,23297.0,44064.0,22.3,6.9,36.9,29.82,8.770999999999999,194.1,64.8,0.11000000000000001,0.801938373649637
2026-02-24T08:02:01,02/24/202608:02,119.4,0.86,102.684,53.239999999999995,1.58,84.11919999999999,83.6,0.0,0.0,198.7,23297.0,44064.0,22.3,7.0,36.8,29.82,9.032,194.2,69.6,0.12000000000000002,0.8192045498811888
2026-02-24T08:02:12,02/24/202608:02,119.67999999999999,0.8800000000000001,105.31840000000001,53.29,1.59,84.7311,84.2,0.0,0.0,198.7,23297.0,44064.0,22.3,7.1,36.7,29.82,9.293,194.3,74.4,0.13,0.8045232362056391
2026-02-24T08:03:01,02/24/202608:03,119.96,0.9,107.964,53.339999999999996,1.6,85.344,84.8,0.0,0.0,198.7,23297.0,44064.0,22.3,7.2,36.6,29.82,9.553999999999998,194.4,79.2,0.14,0.790485717461376
2026-02-24T08:03:12,02/24/202608:03,119.72999999999999,0.9099999999999999,108.95429999999998,53.39,1.6199999999999999,86.4918,86.0,0.0,0.0,198.7,23297.0,44064.0,22.3,7.3,36.5,29.82,9.815,194.5,84.0,0.15,0.7938355806058138
2026-02-24T08:04:01,02/24/202608:04,119.5,0.9199999999999999,109.94,53.44,1.64,87.6416,87.2,0.0,0.0,198.7,23297.0,44064.0,22.3,7.4,36.4,29.82,10.075999999999999,194.6,88.8,0.16,0.7971766418046207
2026-02-24T08:04:12,02/24/202608:04,119.82000000000001,0.93,111.43260000000001,53.489999999999995,1.65,88.25849999999998,87.8,0.0,0.0,198.7,23297.0,44064.0,22.3,7.5,36.3,29.82,10.337,194.7,93.6,0.17,0.792034826433198
2026-02-24T08:05:01,02/24/202608:05,120.14000000000001,0.9400000000000001,112.93160000000002,53.54,1.6600000000000001,88.8764,88.4,0.0,0.0,198.7,23297.0,44064.0,22.3,7.6,36.2,29.82,10.597999999999999,194.8,98.4,0.18,0.7869931887974667
2026-02-24T08:05:12,02/24/202608:05,120.69000000000001,0.95,114.6555,53.58,1.69,90.55019999999999,90.1,0.0,0.0,198.7,23297.0,44064.0,22.3,7.7,36.1,29.82,10.858999999999998,194.9,103.2,0.19,0.7897588864031816
2026-02-24T08:06:01,02/24/202608:06,121.24000000000001,0.96,116.3904,53.620000000000005,1.72,92.22640000000001,91.8,0.0,0.0,198.7,23297.0,44064.0,22.3,7.8,36.0,29.82,11.12,195.0,108.0,0.2,0.7923883756735952
2026-02-24T08:06:12,02/24/202608:06,122.04,0.9800000000000001,119.59920000000002,53.660000000000004,1.73,92.8318,92.5,0.0,0.0,198.7,23297.0,44064.0,22.3,7.8,36.0,29.82,11.12,195.0,108.0,0.2,0.7761908106408737
2026-02-24T08:07:48,02/24/202608:07,122.15,0.99,120.9285,53.71,1.75,93.9925,93.7,0.0,0.0,198.7,23297.0,44064.0,22.3,7.8,36.0,29.82,11.12,195.0,108.0,0.2,0.7772568087754335
2026-02-24T08:08:01,02/24/202608:08,121.39000000000001,0.99,120.17610000000002,53.760000000000005,1.78,95.6928,95.4,0.0,0.0,198.7,23297.0,44064.0,22.3,7.8,36.0,29.82,11.12,195.0,108.0,0.2,0.7962714716154043
2026-02-24T08:08:12,02/24/202608:08,120.66,0.99,119.4534,53.82000000000001,1.8099999999999998,97.41420000000001,97.1,0.0,0.0,198.7,23297.0,44064.0,22.3,7.8,36.0,29.82,11.12,195.0,108.0,0.2,0.8154996006811025
2026-02-24T08:09:01,02/24/202608:09,120.49000000000001,1.0,120.49000000000001,53.870000000000005,1.83,98.58210000000001,98.2,0.0,0.0,198.7,23297.0,44064.0,22.3,7.8,36.0,29.82,11.12,195.0,108.0,0.2,0.8181766121669849
2026-02-24T08:09:12,02/24/202608:09,120.42,1.03,124.0326,53.92,1.8599999999999999,100.2912,99.9,0.0,0.0,198.7,23297.0,44064.0,22.3,7.8,36.0,29.82,11.12,195.0,108.0,0.2,0.8085874197589988
2026-02-24T08:10:00,02/24/202608:10,120.39000000000001,1.05,126.40950000000002,53.96,1.89,101.9844,101.6,0.0,0.0,198.7,23297.0,44064.0,22.3,7.8,36.0,29.82,11.12,195.0,108.0,0.2,0.8067779715923248
2026-02-24T08:10:11,02/24/202608:10,120.38,1.0699999999999998,128.80659999999997,54.02,1.92,103.7184,103.3,0.0,0.0,198.7,23297.0,44064.0,22.3,7.8,36.0,29.82,11.12,195.0,108.0,0.2,0.8052258191738624
2026-02-24T08:11:01,02/24/202608:11,120.12,1.09,130.9308,54.07000000000001,1.9300000000000002,104.35510000000002,103.9,0.0,0.0,198.7,23297.0,44064.0,22.3,7.8,36.0,29.82,11.12,195.0,108.0,0.2,0.7970248406028224
2026-02-24T08:11:12,02/24/202608:11,119.88,1.1099999999999999,133.06679999999997,54.120000000000005,1.95,105.534,105.1,0.0,0.0,198.7,23297.0,44064.0,22.3,7.8,36.0,29.82,11.12,195.0,108.0,0.2,0.7930903876849825
2026-02-24T08:12:01,02/24/202608:12,119.35999999999999,1.1199999999999999,133.68319999999997,54.160000000000004,1.98,107.2368,106.8,0.0,0.0,198.7,23297.0,44064.0,22.3,7.8,36.0,29.82,11.12,195.0,108.0,0.2,0.8021711030256609
2026-02-24T08:12:12,02/24/202608:12,120.00999999999999,1.15,138.01149999999998,54.19,2.0,108.38,108.0,0.0,0.0,198.7,23297.0,44064.0,22.3,7.8,36.0,29.82,11.12,195.0,108.0,0.2,0.7852968774341269
2026-02-24T08:13:00,02/24/202608:13,120.66,1.1800000000000002,142.3788,54.220000000000006,2.02,109.52440000000001,109.2,0.0,0.0,198.7,23297.0,44064.0,22.3,7.8,36.0,29.82,11.12,195.0,108.0,0.2,0.7692465451317191
2026-02-24T08:13:12,02/24/202608:13,121.22,1.21,146.6762,54.239999999999995,2.04,110.64959999999999,110.4,0.0,0.0,198.7,23297.0,44064.0,22.3,7.8,36.0,29.82,11.12,195.0,108.0,0.2,0.7543800562054376
2026-02-24T08:14:01,02/24/202608:14,121.78,1.24,151.0072,54.260000000000005,2.06,111.77560000000001,111.6,0.0,0.0,198.7,23297.0,44064.0,22.3,7.8,36.0,29.82,11.12,195.0,108.0,0.2,0.7402004672624881
2026-02-24T08:14:12,02/24/202608:14,122.25,1.25,152.8125,54.29,2.07,112.38029999999999,112.2,0.0,0.0,198.7,23297.0,44064.0,22.3,7.8,36.0,29.82,11.12,195.0,108.0,0.2,0.7354130061349693
2026-02-24T08:15:01,02/24/202608:15,122.72,1.26,154.6272,54.31999999999999,2.08,112.98559999999999,112.8,0.0,0.0,198.7,23297.0,44064.0,22.3,7.8,36.0,29.82,11.12,195.0,108.0,0.2,0.7306967984934086
2026-02-24T08:15:12,02/24/202608:15,122.79,1.26,154.71540000000002,54.33,2.1,114.093,113.9,0.0,0.0,198.7,23297.0,44064.0,22.3,7.8,36.0,29.82,11.12,195.0,108.0,0.2,0.7374379021092923
2026-02-24T08:16:00,02/24/202608:16,122.85999999999999,1.26,154.8036,54.339999999999996,2.12,115.2008,115.0,0.0,0.0,198.7,23297.0,44064.0,22.3,7.8,36.0,29.82,11.12,195.0,108.0,0.2,0.7441739081003285
2026-02-24T08:16:12,02/24/202608:16,122.92999999999999,1.27,156.12109999999998,54.35,2.13,115.7655,115.5,0.0,0.0,198.7,23297.0,44064.0,22.3,7.9,35.8,29.82,11.405999999999999,195.5,113.1,0.22000000000000003,0.7415109168459614
2026-02-24T08:17:01,02/24/202608:17,123.0,1.28,157.44,54.36999999999999,2.14,116.35179999999998,116.0,0.0,0.0,198.7,23297.0,44064.0,22.3,8.0,35.6,29.82,11.691999999999998,196.0,118.2,0.24000000000000005,0.7390231199186991
2026-02-24T08:17:13,02/24/202608:17,123.47999999999999,1.27,156.81959999999998,54.39,2.1700000000000004,118.02630000000002,117.6,0.0,0.0,198.7,23297.0,44064.0,22.3,8.1,35.4,29.82,11.978,196.5,123.3,0.26,0.7526246719160107
2026-02-24T08:18:58,02/24/202608:18,123.97999999999999,1.27,157.4546,54.410000000000004,2.2,119.70200000000001,119.2,0.0,1.0,198.7,23297.0,44064.0,22.3,8.2,35.2,29.82,12.264,197.0,128.4,0.28,0.760231838256869
2026-02-24T08:19:01,02/24/202608:19,124.54,1.27,158.16580000000002,54.42999999999999,2.23,121.37889999999999,120.8,0.0,1.0,198.7,23297.0,44064.0,22.3,8.3,35.0,29.82,12.55,197.5,133.5,0.3,0.7674155854173277
2026-02-24T08:19:13,02/24/202608:19,125.13,1.27,158.9151,54.45,2.27,123.6015,123.0,0.0,1.0,198.7,23297.0,44064.0,22.3,8.4,34.8,29.82,12.836000000000002,198.0,138.6,0.32,0.7777832314235715
2026-02-24T08:20:01,02/24/202608:20,125.71,1.27,159.6517,54.46,2.31,125.8026,125.2,0.0,1.0,198.7,23297.0,44064.0,22.3,8.5,34.6,29.82,13.122,198.5,143.7,0.34,0.7879815874181108
2026-02-24T08:20:13,02/24/202608:20,126.22,1.27,160.2994,54.470000000000006,2.3600000000000003,128.54920000000004,127.9,0.0,1.0,198.7,23297.0,44064.0,22.3,8.6,34.4,29.82,13.408000000000001,199.0,148.8,0.36,0.8019318849602683
2026-02-24T08:21:00,02/24/202608:21,127.10999999999999,1.28,162.7008,54.48,2.4,130.75199999999998,130.1,0.0,1.0,198.7,23297.0,44064.0,22.3,8.7,34.2,29.82,13.693999999999999,199.5,153.9,0.38,0.8036346471560065
2026-02-24T08:21:12,02/24/202608:21,128.02,1.3,166.42600000000002,54.489999999999995,2.45,133.5005,132.9,0.0,1.0,198.7,23297.0,44064.0,22.3,8.8,34.0,29.82,13.98,200.0,159.0,0.4,0.802161320947448
2026-02-24T08:22:48,02/24/202608:22,128.94,1.31,168.91140000000001,54.5,2.5100000000000002,136.79500000000002,136.2,0.0,1.0,198.7,23297.0,44064.0,22.3,8.8,34.0,29.82,13.98,200.0,159.0,0.4,0.8098624485973119
2026-02-24T08:22:49,02/24/202608:22,129.8,1.3199999999999998,171.33599999999998,54.5,2.57,140.065,139.5,0.0,1.0,198.7,23297.0,44064.0,22.3,8.8,34.0,29.82,13.98,200.0,159.0,0.4,0.8174872764626232
2026-02-24T08:23:00,02/24/202608:23,129.77,1.34,173.89180000000002,54.5,2.6100000000000003,142.245,141.7,0.0,1.0,198.7,23297.0,44064.0,22.3,8.8,34.0,29.82,13.98,200.0,159.0,0.4,0.818008669759011
2026-02-24T08:23:49,02/24/202608:23,129.76,1.3599999999999999,176.47359999999998,54.5,2.66,144.97,144.5,0.0,1.0,198.7,23297.0,44064.0,22.3,8.8,34.0,29.82,13.98,200.0,159.0,0.4,0.8214826466961631
2026-02-24T08:24:00,02/24/202608:24,129.75,1.3800000000000001,179.055,54.5,2.71,147.695,147.3,0.0,1.0,198.7,23297.0,44064.0,22.3,8.8,34.0,29.82,13.98,200.0,159.0,0.4,0.8248582837675574
2026-02-24T08:24:49,02/24/202608:24,129.74,1.4,181.636,54.5,2.7600000000000002,150.42000000000002,150.0,0.0,1.0,198.7,23297.0,44064.0,22.3,8.8,34.0,29.82,13.98,200.0,159.0,0.4,0.8281397960756679
2026-02-24T08:25:00,02/24/202608:25,129.73,1.42,184.21659999999997,54.5,2.81,153.145,152.7,0.0,1.0,198.7,23297.0,44064.0,22.3,8.8,34.0,29.82,13.98,200.0,159.0,0.4,0.8313311612525691
2026-02-24T08:25:48,02/24/202608:25,129.75,1.44,186.84,54.5,2.85,155.32500000000002,154.9,0.0,1.0,198.7,23297.0,44064.0,22.3,8.8,34.0,29.82,13.98,200.0,159.0,0.4,0.8313262684649969
2026-02-24T08:26:00,02/24/202608:26,129.77,1.46,189.4642,54.5,2.8899999999999997,157.505,157.1,0.0,1.0,198.7,23297.0,44064.0,22.3,8.8,34.0,29.82,13.98,200.0,159.0,0.4,0.8313180009732709
2026-02-24T08:26:49,02/24/202608:26,129.8,1.47,190.806,54.5,2.93,159.685,159.3,0.0,1.0,198.7,23297.0,44064.0,22.3,8.8,34.0,29.82,13.98,200.0,159.0,0.4,0.836897162563022
2026-02-24T08:27:00,02/24/202608:27,129.8,1.48,192.104,54.5,2.96,161.32,161.0,0.0,1.0,198.7,23297.0,44064.0,22.3,8.8,34.0,29.82,13.98,200.0,159.0,0.4,0.8397534668721108
2026-02-24T08:27:48,02/24/202608:27,129.81,1.49,193.4169,54.489999999999995,3.0,163.46999999999997,162.7,0.0,1.0,198.7,23297.0,44064.0,22.3,8.8,34.0,29.82,13.98,200.0,159.0,0.4,0.8451691656726996
2026-02-24T08:28:00,02/24/202608:28,129.82,1.5,194.73,54.48,3.04,165.6192,164.4,0.0,1.0,198.7,23297.0,44064.0,22.3,8.8,34.0,29.82,13.98,200.0,159.0,0.4,0.8505068556462796
2026-02-24T08:28:49,02/24/202608:28,129.82,1.51,196.0282,54.48,3.07,167.25359999999998,166.0,0.0,1.0,198.7,23297.0,44064.0,22.3,8.8,34.0,29.82,13.98,200.0,159.0,0.4,0.8532119358337218
2026-02-24T08:30:09,02/24/202608:30,129.85,1.51,196.0735,54.489999999999995,3.1,168.91899999999998,167.6,0.0,1.0,198.7,23297.0,44064.0,22.3,8.8,34.0,29.82,13.98,200.0,159.0,0.4,0.8615085669404585
2026-02-24T08:30:48,02/24/202608:30,129.79000000000002,1.52,197.28080000000003,54.489999999999995,3.13,170.5537,169.3,0.0,1.0,198.7,23297.0,44064.0,22.3,8.88,33.8,29.82,14.017000000000001,200.3,164.0,0.43,0.8645225485703625
2026-02-24T08:31:01,02/24/202608:31,129.73,1.53,198.4869,54.489999999999995,3.16,172.1884,171.0,0.0,1.0,198.7,23297.0,44064.0,22.3,8.96,33.6,29.82,14.053999999999998,200.6,169.0,0.45999999999999996,0.8675051099090167
2026-02-24T08:31:49,02/24/202608:31,129.74,1.54,199.79960000000003,54.489999999999995,3.19,173.82309999999998,172.6,0.0,1.0,198.7,23297.0,44064.0,22.3,9.040000000000001,33.4,29.82,14.091,200.9,174.0,0.49000000000000005,0.8699872272016559
2026-02-24T08:32:00,02/24/202608:32,129.75,1.55,201.1125,54.489999999999995,3.22,175.4578,174.2,0.0,1.0,198.7,23297.0,44064.0,22.3,9.120000000000001,33.2,29.82,14.128,201.2,179.0,0.52,0.8724360743365032
2026-02-24T08:32:49,02/24/202608:32,129.73,1.56,202.37879999999998,54.48,3.25,177.06,175.7,0.0,1.0,198.7,23297.0,44064.0,22.3,9.2,33.0,29.82,14.165000000000001,201.5,184.0,0.55,0.874894010637478
2026-02-24T08:33:00,02/24/202608:33,129.71,1.57,203.64470000000003,54.470000000000006,3.28,178.66160000000002,177.2,0.0,1.0,198.7,23297.0,44064.0,22.3,9.28,32.8,29.82,14.202000000000002,201.8,189.0,0.58,0.8773201561346796
2026-02-24T08:33:49,02/24/202608:33,129.72,1.58,204.9576,54.45,3.29,179.1405,178.2,0.0,1.0,198.7,23297.0,44064.0,22.3,9.36,32.6,29.82,14.238999999999999,202.1,194.0,0.61,0.8740368739680792
2026-02-24T08:34:01,02/24/202608:34,129.73,1.59,206.2707,54.42999999999999,3.3,179.61899999999997,179.2,0.0,1.0,198.7,23297.0,44064.0,22.3,9.440000000000001,32.4,29.82,14.276,202.4,199.0,0.6399999999999999,0.8707926040877351
2026-02-24T08:34:49,02/24/202608:34,129.72,1.59,206.25480000000002,54.4,3.31,180.064,179.6,0.1,1.0,198.7,23297.0,44064.0,22.3,9.48,32.4,29.818,14.344,202.5,204.3,0.6699999999999999,0.8730172582650196
2026-02-24T08:35:01,02/24/202608:35,129.68,1.6,207.48800000000003,54.36,3.3199999999999994,180.47519999999997,180.0,0.1,1.0,198.7,23297.0,44064.0,22.3,9.52,32.4,29.816000000000003,14.412,202.6,209.6,0.7,0.8698103022825414
2026-02-24T08:35:48,02/24/202608:35,129.63,1.61,208.70430000000002,54.33,3.3299999999999996,180.91889999999998,180.4,0.1,1.0,198.7,23297.0,44064.0,22.3,9.48,32.6,29.814,14.443000000000001,202.4,209.9,0.7,0.866867141692816
2026-02-24T08:36:00,02/24/202608:36,129.57999999999998,1.6199999999999999,209.91959999999995,54.3,3.34,181.362,180.8,0.1,1.0,198.7,23297.0,44064.0,22.3,9.44,32.8,29.812,14.474,202.2,210.2,0.7,0.8639593444347267
2026-02-24T08:36:48,02/24/202608:36,129.73,1.6199999999999999,210.16259999999997,54.27,3.35,181.80450000000002,181.3,0.1,1.0,198.7,23297.0,44064.0,22.3,9.4,33.0,29.810000000000002,14.505,202.0,210.5,0.7,0.8650659061126958
2026-02-24T08:37:00,02/24/202608:37,129.88,1.6199999999999999,210.40559999999996,54.239999999999995,3.3600000000000003,182.2464,181.8,0.1,1.0,198.7,23297.0,44064.0,22.3,9.36,33.2,29.808,14.536000000000001,201.8,210.8,0.7,0.8661670601923144
2026-02-24T08:37:37,02/24/202608:37,130.04000000000002,1.6199999999999999,210.6648,54.220000000000006,3.3600000000000003,182.17920000000004,181.8,0.1,2.0,198.7,23297.0,44064.0,22.3,9.319999999999999,33.4,29.806,14.566999999999998,201.6,211.1,0.7,0.8647823461726877
2026-02-24T08:38:01,02/24/202608:38,130.2,1.6199999999999999,210.92399999999998,54.2,3.3600000000000003,182.11200000000002,181.8,0.1,2.0,198.7,23297.0,44064.0,22.3,9.28,33.6,29.804000000000002,14.597999999999999,201.4,211.4,0.7,0.8634010354440464
2026-02-24T08:38:36,02/24/202608:38,130.29000000000002,1.6300000000000001,212.37270000000004,54.2,3.3699999999999997,182.654,182.3,0.1,2.0,198.7,23297.0,44064.0,22.3,9.239999999999998,33.8,29.802,14.629,201.2,211.7,0.7,0.8600634639009627
2026-02-24T08:39:01,02/24/202608:39,130.38,1.64,213.82319999999999,54.2,3.38,183.196,182.8,0.1,2.0,198.7,23297.0,44064.0,22.3,9.2,34.0,29.8,14.66,201.0,212.0,0.7,0.8567639058811205
2026-02-24T08:39:36,02/24/202608:39,129.77,1.65,214.1205,54.2,3.3899999999999997,183.738,183.4,0.1,2.0,198.7,23297.0,44064.0,22.3,9.2,34.0,29.8,14.66,201.0,212.0,0.7,0.8581055994171507
2026-02-24T08:40:00,02/24/202608:40,129.16,1.6600000000000001,214.40560000000002,54.2,3.4,184.28,184.0,0.1,2.0,198.7,23297.0,44064.0,22.3,9.2,34.0,29.8,14.66,201.0,212.0,0.7,0.8594924759427924
2026-02-24T08:41:22,02/24/202608:41,129.38,1.65,213.47699999999998,54.2,3.4200000000000004,185.36400000000003,185.1,0.1,2.0,198.7,23297.0,44064.0,22.3,9.2,34.0,29.8,14.66,201.0,212.0,0.7,0.8683089981590525
2026-02-24T08:41:41,02/24/202608:41,129.60999999999999,1.64,212.56039999999996,54.2,3.44,186.448,186.2,0.1,2.0,198.7,23297.0,44064.0,22.3,9.2,34.0,29.8,14.66,201.0,212.0,0.7,0.8771530350902617
2026-02-24T08:42:54,02/24/202608:42,129.41,1.64,212.23239999999998,54.2,3.46,187.532,187.3,0.1,2.0,198.7,23297.0,44064.0,22.3,9.2,34.0,29.8,14.66,201.0,212.0,0.7,0.8836162621729765
2026-02-24T08:43:01,02/24/202608:43,129.20999999999998,1.64,211.90439999999995,54.2,3.4799999999999995,188.61599999999999,188.4,0.1,2.0,198.7,23297.0,44064.0,22.3,9.2,34.0,29.8,14.66,201.0,212.0,0.7,0.8900994976980187
2026-02-24T08:43:55,02/24/202608:43,129.02,1.64,211.5928,54.2,3.5,189.70000000000002,189.5,0.1,2.0,198.7,23297.0,44064.0,22.3,9.2,34.0,29.8,14.66,201.0,212.0,0.7,0.8965333413991403
2026-02-24T08:44:01,02/24/202608:44,128.82999999999998,1.64,211.28119999999996,54.2,3.5200000000000005,190.78400000000005,190.6,0.1,2.0,198.7,23297.0,44064.0,22.3,9.2,34.0,29.8,14.66,201.0,212.0,0.7,0.902986162517063
2026-02-24T08:44:54,02/24/202608:44,128.66,1.64,211.0024,54.2,3.53,191.326,191.1,0.1,2.0,198.7,23297.0,44064.0,22.3,9.2,34.0,29.8,14.66,201.0,212.0,0.7,0.9067479801177617
2026-02-24T08:45:01,02/24/202608:45,128.49,1.64,210.7236,54.2,3.54,191.86800000000002,191.6,0.1,2.0,198.7,23297.0,44064.0,22.3,9.2,34.0,29.8,14.66,201.0,212.0,0.7,0.9105197519404566
2026-02-24T08:45:54,02/24/202608:45,128.17000000000002,1.6600000000000001,212.76220000000004,54.2,3.56,192.95200000000003,192.6,0.1,2.0,198.7,23297.0,44064.0,22.3,9.28,33.8,29.802,14.847,201.6,217.3,0.72,0.9068904156847409
2026-02-24T08:46:01,02/24/202608:46,127.85,1.6800000000000002,214.788,54.2,3.5799999999999996,194.036,193.6,0.1,2.0,198.7,23297.0,44064.0,22.3,9.36,33.6,29.804000000000002,15.034,202.2,222.6,0.74,0.9033838017021435
2026-02-24T08:46:54,02/24/202608:46,126.7,1.7100000000000002,216.65700000000004,54.2,3.59,194.578,194.1,0.1,2.0,198.7,23297.0,44064.0,22.3,9.44,33.4,29.806,15.221,202.8,227.9,0.76,0.8980923764291021
2026-02-24T08:47:01,02/24/202608:47,125.54,1.7399999999999998,218.43959999999998,54.2,3.6,195.12,194.6,0.1,2.0,198.7,23297.0,44064.0,22.3,9.52,33.2,29.808,15.408000000000001,203.4,233.2,0.78,0.8932446314679208
2026-02-24T08:48:01,02/24/202608:48,124.58,1.77,220.5066,54.2,3.6100000000000003,195.66200000000003,195.1,0.1,2.0,198.7,23297.0,44064.0,22.3,9.6,33.0,29.810000000000002,15.595000000000002,204.0,238.5,0.8,0.8873294495493561
2026-02-24T08:48:54,02/24/202608:48,124.64000000000001,1.7899999999999998,223.1056,54.2,3.63,196.746,196.1,0.1,2.0,198.7,23297.0,44064.0,22.3,9.68,32.8,29.812,15.782,204.6,243.8,0.82,0.8818514640600684
2026-02-24T08:49:01,02/24/202608:49,124.67999999999999,1.81,225.67079999999999,54.2,3.65,197.83,197.1,0.1,2.0,198.7,23297.0,44064.0,22.3,9.76,32.6,29.814,15.969,205.2,249.1,0.8400000000000001,0.8766309154751081
2026-02-24T08:50:01,02/24/202608:50,124.72,1.83,228.23760000000001,54.2,3.6700000000000004,198.91400000000004,198.1,0.1,2.0,198.7,23297.0,44064.0,22.3,9.84,32.4,29.816000000000003,16.156,205.8,254.4,0.86,0.8715216073074727
2026-02-24T08:50:55,02/24/202608:50,124.82000000000001,1.8399999999999999,229.6688,54.2,3.6799999999999997,199.456,198.7,0.1,2.0,198.7,23297.0,44064.0,22.3,9.92,32.2,29.818,16.343,206.4,259.7,0.8800000000000001,0.8684505688190994
2026-02-24T08:51:01,02/24/202608:51,124.92,1.85,231.102,54.2,3.69,199.99800000000002,199.3,0.1,2.0,198.7,23297.0,44064.0,22.3,10.0,32.0,29.82,16.53,207.0,265.0,0.9,0.8654100786665628
2026-02-24T08:52:31,02/24/202608:52,125.8,1.8399999999999999,231.47199999999998,54.2,3.7,200.54000000000002,199.9,0.1,2.0,198.7,23297.0,44064.0,22.3,10.0,32.0,29.82,16.53,207.0,265.0,0.9,0.866368286445013
2026-02-24T08:53:00,02/24/202608:53,126.67999999999999,1.83,231.8244,54.2,3.71,201.08200000000002,200.5,0.1,2.0,198.7,23297.0,44064.0,22.3,10.0,32.0,29.82,16.53,207.0,265.0,0.9,0.8673892825776752
2026-02-24T08:53:08,02/24/202608:53,127.62,1.81,230.99220000000003,54.21,3.71,201.1191,200.5,0.1,2.0,198.7,23297.0,44064.0,22.3,10.0,32.0,29.82,16.53,207.0,265.0,0.9,0.8706748539561076
2026-02-24T08:54:00,02/24/202608:54,128.56,1.7899999999999998,230.12239999999997,54.220000000000006,3.71,201.1562,200.5,0.1,2.0,198.7,23297.0,44064.0,22.3,10.0,32.0,29.82,16.53,207.0,265.0,0.9,0.8741269863342293
2026-02-24T08:54:08,02/24/202608:54,129.48,1.77,229.1796,54.220000000000006,3.71,201.1562,200.5,0.1,3.0,198.7,23297.0,44064.0,22.3,10.0,32.0,29.82,16.53,207.0,265.0,0.9,0.8777229735979992
2026-02-24T08:55:00,02/24/202608:55,129.38,1.7600000000000002,227.70880000000002,54.220000000000006,3.7,200.61400000000003,200.0,0.1,3.0,198.7,23297.0,44064.0,22.3,10.0,32.0,29.82,16.53,207.0,265.0,0.9,0.8810111862167822
2026-02-24T08:55:09,02/24/202608:55,129.31,1.75,226.29250000000002,54.220000000000006,3.6800000000000006,199.52960000000004,199.0,0.1,3.0,198.7,23297.0,44064.0,22.3,10.0,32.0,29.82,16.53,207.0,265.0,0.9,0.8817331550979375
2026-02-24T08:56:00,02/24/202608:56,129.24,1.7399999999999998,224.87759999999997,54.220000000000006,3.66,198.44520000000003,198.0,0.1,3.0,198.7,23297.0,44064.0,22.3,10.0,32.0,29.82,16.53,207.0,265.0,0.9,0.8824587242126386
2026-02-24T08:56:08,02/24/202608:56,129.16,1.72,222.15519999999998,54.220000000000006,3.65,197.90300000000002,197.4,0.1,3.0,198.7,23297.0,44064.0,22.3,10.0,32.0,29.82,16.53,207.0,265.0,0.9,0.8908321749839754
2026-02-24T08:57:00,02/24/202608:57,129.07999999999998,1.7,219.43599999999998,54.220000000000006,3.6399999999999997,197.3608,196.8,0.1,3.0,198.7,23297.0,44064.0,22.3,10.0,32.0,29.82,16.53,207.0,265.0,0.9,0.8994002807196633
2026-02-24T08:57:08,02/24/202608:57,129.03,1.6800000000000002,216.77040000000002,54.220000000000006,3.62,196.27640000000002,195.7,0.1,3.0,198.7,23297.0,44064.0,22.3,10.0,32.0,29.82,16.53,207.0,265.0,0.9,0.9054575716979809
2026-02-24T08:58:00,02/24/202608:58,128.98,1.6600000000000001,214.1068,54.220000000000006,3.6,195.19200000000004,194.6,0.1,3.0,198.7,23297.0,44064.0,22.3,10.0,32.0,29.82,16.53,207.0,265.0,0.9,0.9116571729622789
2026-02-24T08:58:08,02/24/202608:58,128.72,1.65,212.38799999999998,54.2,3.56,192.95200000000003,192.4,0.1,3.0,198.7,23297.0,44064.0,22.3,10.0,32.0,29.82,16.53,207.0,265.0,0.9,0.9084882385068839
2026-02-24T08:59:01,02/24/202608:59,128.45999999999998,1.64,210.67439999999996,54.18000000000001,3.5200000000000005,190.71360000000004,190.2,0.1,3.0,198.7,23297.0,44064.0,22.3,10.0,32.0,29.82,16.53,207.0,265.0,0.9,0.9052528451487227
2026-02-24T08:59:09,02/24/202608:59,128.22,1.6300000000000001,208.9986,54.18000000000001,3.4899999999999998,189.0882,188.6,0.1,3.0,198.7,23297.0,44064.0,22.3,10.0,32.0,29.82,16.53,207.0,265.0,0.9,0.9047342900861537
2026-02-24T09:00:01,02/24/202609:00,127.97999999999999,1.6199999999999999,207.32759999999996,54.18000000000001,3.46,187.46280000000002,187.0,0.1,3.0,198.7,23297.0,44064.0,22.3,10.0,32.0,29.82,16.53,207.0,265.0,0.9,0.9041864180167043
2026-02-24T09:01:00,02/24/202609:01,127.71,1.61,205.6131,54.18000000000001,3.44,186.37920000000003,185.9,0.1,3.0,198.7,23297.0,44064.0,22.3,10.0,32.0,29.82,16.53,207.0,265.0,0.9,0.9064558629776022
2026-02-24T09:01:09,02/24/202609:01,126.88,1.61,204.2768,54.18000000000001,3.4200000000000004,185.29560000000004,184.8,0.1,3.0,198.7,23297.0,44064.0,22.3,10.07,31.8,29.82,16.567,207.1,270.3,0.9200000000000002,0.9070809803169034
2026-02-24T09:02:00,02/24/202609:02,126.07000000000001,1.6199999999999999,204.2334,54.18000000000001,3.41,184.75380000000004,184.3,0.1,3.0,198.7,23297.0,44064.0,22.3,10.14,31.6,29.82,16.604000000000003,207.2,275.6,0.9400000000000001,0.9046208896292186
2026-02-24T09:02:08,02/24/202609:02,125.27000000000001,1.6400000000000001,205.44280000000003,54.18000000000001,3.38,183.12840000000003,182.7,0.1,3.0,198.7,23297.0,44064.0,22.3,10.209999999999999,31.4,29.82,16.641,207.3,280.9,0.96,0.8913838791137971
2026-02-24T09:03:44,02/24/202609:03,125.00999999999999,1.65,206.26649999999998,54.18000000000001,3.37,182.58660000000003,182.2,0.1,3.0,198.7,23297.0,44064.0,22.3,10.28,31.2,29.82,16.678,207.4,286.2,0.9800000000000001,0.8851975478325372
2026-02-24T09:04:01,02/24/202609:04,124.75,1.6600000000000001,207.085,54.18000000000001,3.3600000000000003,182.04480000000004,181.7,0.1,3.0,198.7,23297.0,44064.0,22.3,10.35,31.0,29.82,16.715,207.5,291.5,1.0,0.8790825023541059
2026-02-24T09:04:09,02/24/202609:04,124.72999999999999,1.67,208.29909999999998,54.19,3.38,183.16219999999998,182.8,0.1,3.0,198.7,23297.0,44064.0,22.3,10.419999999999998,30.8,29.82,16.752,207.6,296.8,1.02,0.8793230503636358
2026-02-24T09:05:00,02/24/202609:05,124.71,1.6800000000000002,209.5128,54.2,3.4,184.28,183.9,0.1,3.0,198.7,23297.0,44064.0,22.3,10.489999999999998,30.6,29.82,16.788999999999998,207.7,302.1,1.04,0.8795643989293256
2026-02-24T09:05:08,02/24/202609:05,124.7,1.69,210.743,54.2,3.41,184.82200000000003,184.4,0.1,3.0,198.7,23297.0,44064.0,22.3,10.559999999999999,30.4,29.82,16.826,207.8,307.4,1.06,0.877001845850159
2026-02-24T09:06:00,02/24/202609:06,124.69000000000001,1.7,211.973,54.2,3.4200000000000004,185.36400000000003,184.9,0.1,3.0,198.7,23297.0,44064.0,22.3,10.629999999999999,30.2,29.82,16.863,207.9,312.7,1.08,0.8744698617276729
2026-02-24T09:07:14,02/24/202609:07,124.69000000000001,1.7100000000000002,213.21990000000005,54.2,3.4299999999999997,185.906,185.5,0.2,3.0,198.7,23297.0,44064.0,22.3,10.7,30.0,29.82,16.9,208.0,318.0,1.1,0.8718979795037891
2026-02-24T09:07:15,02/24/202609:07,125.28,1.7100000000000002,214.22880000000004,54.21,3.44,186.4824,186.0,0.2,3.0,198.7,23297.0,44064.0,22.3,10.7,30.0,29.82,16.9,208.0,318.0,1.1,0.8704824001254733
2026-02-24T09:08:00,02/24/202609:08,125.87,1.7100000000000002,215.23770000000002,54.220000000000006,3.45,187.05900000000003,186.5,0.2,3.0,198.7,23297.0,44064.0,22.3,10.7,30.0,29.82,16.9,208.0,318.0,1.1,0.8690810206576265
2026-02-24T09:08:14,02/24/202609:08,125.85999999999999,1.7100000000000002,215.2206,54.23,3.46,187.6358,187.0,0.2,3.0,198.7,23297.0,44064.0,22.3,10.7,30.0,29.82,16.9,208.0,318.0,1.1,0.8718301129167003
2026-02-24T09:09:00,02/24/202609:09,125.34,1.72,215.5848,54.239999999999995,3.45,187.128,186.4,0.2,3.0,198.7,23297.0,44064.0,22.3,10.7,30.0,29.82,16.9,208.0,318.0,1.1,0.8680018257316842
2026-02-24T09:09:14,02/24/202609:09,124.83,1.73,215.95589999999999,54.25,3.45,187.16250000000002,186.4,0.2,3.0,198.7,23297.0,44064.0,22.3,10.7,30.0,29.82,16.9,208.0,318.0,1.1,0.8666700006806947
2026-02-24T09:10:00,02/24/202609:10,124.3,1.7399999999999998,216.28199999999995,54.260000000000005,3.44,186.6544,185.9,0.2,3.0,198.7,23297.0,44064.0,22.3,10.7,30.0,29.82,16.9,208.0,318.0,1.1,0.8630140279819867
2026-02-24T09:10:13,02/24/202609:10,123.7,1.75,216.475,54.27,3.44,186.68880000000001,186.0,0.2,3.0,198.7,23297.0,44064.0,22.3,10.7,30.0,29.82,16.9,208.0,318.0,1.1,0.8624035107980137
2026-02-24T09:11:00,02/24/202609:11,123.09,1.7600000000000002,216.63840000000005,54.279999999999994,3.44,186.72319999999996,186.1,0.2,3.0,198.7,23297.0,44064.0,22.3,10.7,30.0,29.82,16.9,208.0,318.0,1.1,0.8619118309588694
2026-02-24T09:11:14,02/24/202609:11,123.59,1.75,216.2825,54.3,3.45,187.335,186.7,0.2,4.0,198.7,23297.0,44064.0,22.3,10.7,30.0,29.82,16.9,208.0,318.0,1.1,0.8661588431796378
2026-02-24T09:12:00,02/24/202609:12,124.08,1.7399999999999998,215.89919999999998,54.31999999999999,3.46,187.94719999999998,187.2,0.2,4.0,198.7,23297.0,44064.0,22.3,10.7,30.0,29.82,16.9,208.0,318.0,1.1,0.8705321742739204
2026-02-24T09:13:00,02/24/202609:13,124.54,1.73,215.45420000000001,54.33,3.47,188.5251,187.8,0.2,4.0,198.7,23297.0,44064.0,22.3,10.7,30.0,29.82,16.9,208.0,318.0,1.1,0.8750124156317213
2026-02-24T09:13:15,02/24/202609:13,125.0,1.73,216.25,54.339999999999996,3.47,188.5598,187.9,0.2,4.0,198.7,23297.0,44064.0,22.3,10.7,30.0,29.82,16.9,208.0,318.0,1.1,0.8719528323699421
2026-02-24T09:14:54,02/24/202609:14,125.96,1.73,217.9108,54.36,3.4899999999999998,189.7164,189.1,0.2,4.0,198.7,23297.0,44064.0,22.3,10.7,30.0,29.82,16.9,208.0,318.0,1.1,0.8706149488689867
2026-02-24T09:15:00,02/24/202609:15,126.92,1.73,219.5716,54.379999999999995,3.5100000000000002,190.8738,190.3,0.2,4.0,198.7,23297.0,44064.0,22.3,10.7,30.0,29.82,16.9,208.0,318.0,1.1,0.8693009478457141
2026-02-24T09:15:14,02/24/202609:15,127.85999999999999,1.72,219.91919999999996,54.39,3.53,191.9967,191.5,0.2,4.0,198.7,23297.0,44064.0,22.3,10.7,30.0,29.82,16.9,208.0,318.0,1.1,0.8730329139065622
2026-02-24T09:16:01,02/24/202609:16,128.8,1.7100000000000002,220.24800000000005,54.4,3.55,193.11999999999998,192.7,0.2,4.0,198.7,23297.0,44064.0,22.3,10.7,30.0,29.82,16.9,208.0,318.0,1.1,0.8768297555482907
2026-02-24T09:16:14,02/24/202609:16,129.79000000000002,1.7,220.64300000000003,54.42,3.56,193.73520000000002,193.3,0.2,4.0,198.7,23297.0,44064.0,22.3,10.79,29.8,29.818,16.95,208.1,323.1,1.1300000000000001,0.8780482498878278
2026-02-24T09:17:00,02/24/202609:17,130.78,1.69,221.0182,54.44,3.5700000000000003,194.35080000000002,193.9,0.2,4.0,198.7,23297.0,44064.0,22.3,10.879999999999999,29.6,29.816000000000003,17.0,208.2,328.2,1.1600000000000001,0.8793429681356558
2026-02-24T09:17:15,02/24/202609:17,130.68,1.7,222.156,54.45,3.56,193.842,193.4,0.2,4.0,198.7,23297.0,44064.0,22.3,10.969999999999999,29.4,29.814,17.05,208.3,333.3,1.19,0.8725490196078431
2026-02-24T09:18:00,02/24/202609:18,130.57999999999998,1.7100000000000002,223.2918,54.46,3.55,193.333,192.9,0.2,4.0,198.7,23297.0,44064.0,22.3,11.059999999999999,29.2,29.812,17.1,208.4,338.4,1.22,0.8658311680052738
2026-02-24T09:18:14,02/24/202609:18,130.47,1.72,224.4084,54.470000000000006,3.54,192.82380000000003,192.4,0.2,4.0,198.7,23297.0,44064.0,22.3,11.15,29.0,29.810000000000002,17.15,208.5,343.5,1.25,0.8592539316710072
2026-02-24T09:19:00,02/24/202609:19,130.35999999999999,1.72,224.21919999999997,54.48,3.54,192.8592,192.4,0.2,4.0,198.7,23297.0,44064.0,22.3,11.239999999999998,28.8,29.808,17.2,208.6,348.6,1.28,0.8601368660667775
2026-02-24T09:19:14,02/24/202609:19,130.4,1.7,221.68,54.48,3.53,192.31439999999998,191.9,0.2,4.0,198.7,23297.0,44064.0,22.3,11.33,28.6,29.806,17.25,208.7,353.7,1.31,0.867531577047997
2026-02-24T09:20:00,02/24/202609:20,130.44,1.6800000000000002,219.13920000000002,54.48,3.5200000000000005,191.76960000000003,191.4,0.2,4.0,198.7,23297.0,44064.0,22.3,11.419999999999998,28.4,29.804000000000002,17.3,208.8,358.8,1.3399999999999999,0.8751040434573094
2026-02-24T09:20:14,02/24/202609:20,130.47,1.67,217.8849,54.489999999999995,3.5,190.71499999999997,190.3,0.2,4.0,198.7,23297.0,44064.0,22.3,11.51,28.2,29.802,17.35,208.9,363.9,1.3699999999999999,0.8753015927216617
2026-02-24T09:21:00,02/24/202609:21,130.5,1.6600000000000001,216.63000000000002,54.5,3.4799999999999995,189.65999999999997,189.2,0.2,4.0,198.7,23297.0,44064.0,22.3,11.6,28.0,29.8,17.4,209.0,369.0,1.4,0.8755020080321283
2026-02-24T09:21:14,02/24/202609:21,130.52,1.64,214.0528,54.5,3.46,188.57,188.1,0.2,4.0,198.7,23297.0,44064.0,22.3,11.6,28.0,29.8,17.4,209.0,369.0,1.4,0.8809508681970056
2026-02-24T09:22:00,02/24/202609:22,130.54000000000002,1.6199999999999999,211.47480000000002,54.5,3.44,187.48,187.0,0.2,4.0,198.7,23297.0,44064.0,22.3,11.6,28.0,29.8,17.4,209.0,369.0,1.4,0.8865358898554342
2026-02-24T09:22:14,02/24/202609:22,130.52,1.61,210.13720000000004,54.5,3.4200000000000004,186.39000000000001,185.9,0.2,4.0,198.7,23297.0,44064.0,22.3,11.6,28.0,29.8,17.4,209.0,369.0,1.4,0.8869919271790049
2026-02-24T09:23:00,02/24/202609:23,130.5,1.6,208.8,54.5,3.4,185.29999999999998,184.8,0.2,4.0,198.7,23297.0,44064.0,22.3,11.6,28.0,29.8,17.4,209.0,369.0,1.4,0.8874521072796934
2026-02-24T09:23:14,02/24/202609:23,130.49,1.58,206.1742,54.5,3.38,184.21,183.7,0.2,4.0,198.7,23297.0,44064.0,22.3,11.6,28.0,29.8,17.4,209.0,369.0,1.4,0.8934677568774366
2026-02-24T09:24:00,02/24/202609:24,130.48,1.56,203.5488,54.5,3.3600000000000003,183.12,182.6,0.2,4.0,198.7,23297.0,44064.0,22.3,11.6,28.0,29.8,17.4,209.0,369.0,1.4,0.8996368438428525
2026-02-24T09:24:15,02/24/202609:24,130.45999999999998,1.56,203.5176,54.5,3.34,182.03,181.5,0.2,4.0,198.7,23297.0,44064.0,22.3,11.6,28.0,29.8,17.4,209.0,369.0,1.4,0.894418959343074
2026-02-24T09:26:05,02/24/202609:26,130.41,1.56,203.4396,54.5,3.31,180.395,179.8,0.2,4.0,198.7,23297.0,44064.0,22.3,11.6,28.0,29.8,17.4,209.0,369.0,1.4,0.8867251017009471
2026-02-24T09:26:30,02/24/202609:26,130.35,1.56,203.346,54.5,3.28,178.76,178.1,0.2,4.0,198.7,23297.0,44064.0,22.3,11.6,28.0,29.8,17.4,209.0,369.0,1.4,0.8790927778269549
2026-02-24T09:27:00,02/24/202609:27,130.29,1.56,203.2524,54.5,3.25,177.125,176.4,0.2,4.0,198.7,23297.0,44064.0,22.3,11.6,28.0,29.8,17.4,209.0,369.0,1.4,0.8714534244122086
2026-02-24T09:27:30,02/24/202609:27,130.33999999999997,1.56,203.33039999999997,54.5,3.22,175.49,174.7,0.2,4.0,198.7,23297.0,44064.0,22.3,11.6,28.0,29.8,17.4,209.0,369.0,1.4,0.8630780247321602
2026-02-24T09:28:00,02/24/202609:28,130.39,1.56,203.40839999999997,54.5,3.19,173.855,173.0,0.2,4.0,198.7,23297.0,44064.0,22.3,11.6,28.0,29.8,17.4,209.0,369.0,1.4,0.8547090483972147
2026-02-24T09:28:09,02/24/202609:28,130.45,1.55,202.1975,54.5,3.18,173.31,172.5,0.2,4.0,198.7,23297.0,44064.0,22.3,11.6,28.0,29.8,17.4,209.0,369.0,1.4,0.8571322593009311
2026-02-24T09:29:01,02/24/202609:29,130.51,1.54,200.9854,54.5,3.17,172.765,172.0,0.2,4.0,198.7,23297.0,44064.0,22.3,11.6,28.0,29.8,17.4,209.0,369.0,1.4,0.8595898010502255
2026-02-24T09:29:09,02/24/202609:29,130.56,1.54,201.0624,54.489999999999995,3.15,171.6435,170.9,0.2,5.0,198.7,23297.0,44064.0,22.3,11.6,28.0,29.8,17.4,209.0,369.0,1.4,0.8536827372994652
2026-02-24T09:30:01,02/24/202609:30,130.60999999999999,1.54,201.1394,54.48,3.13,170.52239999999998,169.8,0.2,5.0,198.7,23297.0,44064.0,22.3,11.6,28.0,29.8,17.4,209.0,369.0,1.4,0.8477821848926664
2026-02-24T09:30:09,02/24/202609:30,130.6,1.54,201.124,54.48,3.1100000000000003,169.43280000000001,168.7,0.2,5.0,198.7,23297.0,44064.0,22.3,11.6,28.0,29.8,17.4,209.0,369.0,1.4,0.8424295459517512
2026-02-24T09:31:01,02/24/202609:31,130.62,1.54,201.15480000000002,54.48,3.1,168.888,168.2,0.2,5.0,198.7,23297.0,44064.0,22.3,11.6,28.0,29.8,17.4,209.0,369.0,1.4,0.839592194667987
2026-02-24T09:31:09,02/24/202609:31,130.65,1.54,201.20100000000002,54.48,3.08,167.7984,167.2,0.2,5.0,198.7,23297.0,44064.0,22.3,11.69,27.8,29.8,17.431,209.0,373.9,1.44,0.8339839265212398
2026-02-24T09:31:53,02/24/202609:31,130.67000000000002,1.53,199.92510000000001,54.48,3.07,167.25359999999998,166.7,0.2,5.0,198.7,23297.0,44064.0,22.3,11.78,27.6,29.8,17.462,209.0,378.8,1.48,0.8365812996967362
2026-02-24T09:32:00,02/24/202609:32,130.60999999999999,1.53,199.83329999999998,54.48,3.06,166.7088,166.2,0.2,5.0,198.7,23297.0,44064.0,22.3,11.870000000000001,27.4,29.8,17.493000000000002,209.0,383.7,1.52,0.8342393384886303
2026-02-24T09:32:54,02/24/202609:32,130.56,1.53,199.7568,54.48,3.06,166.7088,166.2,0.2,5.0,198.7,23297.0,44064.0,22.3,11.959999999999999,27.2,29.8,17.586,208.9,388.6,1.56,0.8345588235294118
2026-02-24T09:33:00,02/24/202609:33,130.52,1.53,199.6956,54.48,3.05,166.164,165.6,0.2,5.0,198.7,23297.0,44064.0,22.3,12.05,27.0,29.8,17.679,208.8,393.5,1.6,0.8320864355549145
2026-02-24T09:34:14,02/24/202609:34,130.49,1.53,199.64970000000002,54.48,3.04,165.6192,165.0,0.2,5.0,198.7,23297.0,44064.0,22.3,12.14,26.8,29.8,17.772,208.7,398.4,1.64,0.8295489549946731
2026-02-24T09:34:15,02/24/202609:34,130.45999999999998,1.53,199.60379999999998,54.489999999999995,3.04,165.6496,165.0,0.2,5.0,198.7,23297.0,44064.0,22.3,12.23,26.6,29.8,17.865,208.6,403.3,1.6800000000000002,0.8298920160838622
2026-02-24T09:35:01,02/24/202609:35,130.43,1.53,199.55790000000002,54.5,3.04,165.68,165.0,0.2,5.0,198.7,23297.0,44064.0,22.3,12.32,26.4,29.8,17.958,208.5,408.2,1.72,0.8302352349869386
2026-02-24T09:37:16,02/24/202609:37,130.43,1.52,198.2536,54.5,3.04,165.68,165.0,0.2,5.0,198.7,23297.0,44064.0,22.3,12.41,26.3,29.8,18.051,208.4,413.1,1.7600000000000002,0.8356973089013264
2026-02-24T09:37:49,02/24/202609:37,130.44,1.52,198.2688,54.510000000000005,3.04,165.71040000000002,165.0,0.2,5.0,198.7,23297.0,44064.0,22.3,12.5,26.2,29.8,18.144,208.3,418.0,1.8,0.8357865685372586
2026-02-24T09:38:01,02/24/202609:38,130.47,1.52,198.3144,54.52,3.05,166.286,165.5,0.2,5.0,198.7,23297.0,44064.0,22.3,12.5,26.3,29.8,18.206,208.2,418.0,1.8,0.8384968514641398
2026-02-24T09:38:48,02/24/202609:38,130.51,1.52,198.37519999999998,54.529999999999994,3.06,166.8618,166.1,0.2,5.0,198.7,23297.0,44064.0,22.3,12.5,26.4,29.8,18.267999999999997,208.1,418.0,1.8,0.8411424411922458
2026-02-24T09:39:00,02/24/202609:39,130.55,1.52,198.436,54.54,3.07,167.43779999999998,166.7,0.2,5.0,198.7,23297.0,44064.0,22.3,12.5,26.5,29.8,18.33,208.0,418.0,1.8,0.8437874176056762
2026-02-24T09:39:48,02/24/202609:39,130.56,1.52,198.4512,54.54,3.07,167.43779999999998,166.7,0.2,5.0,198.7,23297.0,44064.0,22.3,12.5,26.6,29.8,18.33,208.0,418.0,1.8,0.8437227892801856
2026-02-24T09:40:01,02/24/202609:40,130.57,1.52,198.4664,54.54,3.07,167.43779999999998,166.7,0.2,5.0,198.7,23297.0,44064.0,22.3,12.5,26.7,29.8,18.33,208.0,418.0,1.8,0.8436581708541092
2026-02-24T09:40:48,02/24/202609:40,130.57999999999998,1.52,198.4816,54.55,3.07,167.46849999999998,166.8,0.3,5.0,198.7,23297.0,44064.0,22.3,12.5,26.8,29.8,18.33,208.0,418.0,1.8,0.843748236612361
2026-02-24T09:41:01,02/24/202609:41,130.6,1.52,198.512,54.56,3.07,167.4992,166.9,0.3,5.0,198.7,23297.0,44064.0,22.3,12.5,26.9,29.8,18.33,208.0,418.0,1.8,0.8437736761505602
2026-02-24T09:41:48,02/24/202609:41,130.64,1.53,199.87919999999997,54.57000000000001,3.06,166.98420000000002,166.4,0.3,5.0,198.7,23297.0,44064.0,22.3,12.5,27.0,29.8,18.33,208.0,418.0,1.8,0.8354255970606248
2026-02-24T09:42:01,02/24/202609:42,130.66,1.54,201.2164,54.58,3.06,167.0148,166.4,0.3,5.0,198.7,23297.0,44064.0,22.3,12.5,27.0,29.8,18.33,208.0,418.0,1.8,0.8300257831866588
2026-02-24T09:42:49,02/24/202609:42,130.64000000000001,1.54,201.18560000000002,54.58,3.06,167.0148,166.4,0.3,5.0,198.7,23297.0,44064.0,22.3,12.5,27.0,29.8,18.33,208.0,418.0,1.8,0.8301528538821864
2026-02-24T09:43:01,02/24/202609:43,130.62,1.54,201.15480000000002,54.58,3.06,167.0148,166.4,0.3,5.0,198.7,23297.0,44064.0,22.3,12.5,27.0,29.8,18.33,208.0,418.0,1.8,0.830279963490804
2026-02-24T09:43:49,02/24/202609:43,130.6,1.55,202.43,54.58,3.06,167.0148,166.4,0.3,5.0,198.7,23297.0,44064.0,22.3,12.5,27.0,29.8,18.33,208.0,418.0,1.8,0.8250496467914835
2026-02-24T09:44:01,02/24/202609:44,130.57999999999998,1.56,203.70479999999998,54.58,3.06,167.0148,166.4,0.3,5.0,198.7,23297.0,44064.0,22.3,12.5,27.0,29.8,18.33,208.0,418.0,1.8,0.8198864238839734
2026-02-24T09:44:48,02/24/202609:44,130.60999999999999,1.57,205.05769999999998,54.6,3.07,167.62199999999999,167.1,0.3,5.0,198.7,23297.0,44064.0,22.3,12.5,27.0,29.8,18.33,208.0,418.0,1.8,0.8174382137320374
2026-02-24T09:45:01,02/24/202609:45,130.64000000000001,1.58,206.41120000000004,54.620000000000005,3.08,168.2296,167.8,0.3,5.0,198.7,23297.0,44064.0,22.3,12.5,27.0,29.8,18.33,208.0,418.0,1.8,0.8150216654910197
2026-02-24T09:45:48,02/24/202609:45,130.65,1.59,207.73350000000002,54.63000000000001,3.0900000000000003,168.80670000000003,168.4,0.3,5.0,198.7,23297.0,44064.0,22.3,12.57,26.8,29.8,18.299,208.4,422.7,1.83,0.8126118319866561
2026-02-24T09:46:01,02/24/202609:46,130.66,1.6,209.056,54.64,3.1,169.38400000000001,169.0,0.3,5.0,198.7,23297.0,44064.0,22.3,12.64,26.6,29.8,18.267999999999997,208.8,427.4,1.86,0.8102326649318843
2026-02-24T09:46:48,02/24/202609:46,130.66,1.6,209.056,54.65,3.13,171.0545,170.7,0.3,5.0,198.7,23297.0,44064.0,22.3,12.709999999999999,26.4,29.8,18.237,209.2,432.1,1.8900000000000001,0.8182233468544312
2026-02-24T09:47:01,02/24/202609:47,130.66,1.6,209.056,54.660000000000004,3.16,172.72560000000001,172.4,0.3,5.0,198.7,23297.0,44064.0,22.3,12.78,26.2,29.8,18.206,209.6,436.8,1.92,0.8262168988213685
2026-02-24T09:48:26,02/24/202609:48,130.70999999999998,1.61,210.4431,54.68000000000001,3.18,173.88240000000002,173.6,0.3,5.0,198.7,23297.0,44064.0,22.3,12.85,26.0,29.8,18.175,210.0,441.5,1.95,0.8262680030849195
2026-02-24T09:48:49,02/24/202609:48,131.35,1.61,211.4735,54.7,3.2,175.04000000000002,174.8,0.3,6.0,198.7,23297.0,44064.0,22.3,12.919999999999998,25.8,29.8,18.144,210.4,446.2,1.98,0.8277160022414157
2026-02-24T09:49:00,02/24/202609:49,131.99,1.61,212.50390000000002,54.720000000000006,3.21,175.65120000000002,175.4,0.3,6.0,198.7,23297.0,44064.0,22.3,12.99,25.6,29.8,18.113,210.8,450.9,2.0100000000000002,0.8265787122024584
2026-02-24T09:49:48,02/24/202609:49,132.85999999999999,1.6,212.576,54.739999999999995,3.2,175.168,174.9,0.3,6.0,198.7,23297.0,44064.0,22.3,13.059999999999999,25.4,29.8,18.082,211.2,455.6,2.04,0.8240252897787145
2026-02-24T09:50:00,02/24/202609:50,133.7,1.59,212.583,54.75,3.18,174.10500000000002,173.8,0.3,6.0,198.7,23297.0,44064.0,22.3,13.129999999999999,25.2,29.8,18.051,211.6,460.3,2.07,0.8189977561705312
2026-02-24T09:50:49,02/24/202609:50,134.57,1.58,212.6206,54.760000000000005,3.17,173.5892,173.2,0.3,6.0,198.7,23297.0,44064.0,22.3,13.2,25.0,29.8,18.02,212.0,465.0,2.1,0.8164270066023707
2026-02-24T09:51:01,02/24/202609:51,135.45,1.57,212.6565,54.77,3.16,173.0732,172.6,0.3,6.0,198.7,23297.0,44064.0,22.3,13.2,25.0,29.8,18.02,212.0,465.0,2.1,0.813862731682314
2026-02-24T09:51:49,02/24/202609:51,136.42000000000002,1.55,211.45100000000002,54.77,3.1399999999999997,171.9778,171.5,0.3,6.0,198.7,23297.0,44064.0,22.3,13.2,25.0,29.8,18.02,212.0,465.0,2.1,0.8133222354115137
2026-02-24T09:51:51,02/24/202609:51,137.32999999999998,1.53,210.11489999999998,54.779999999999994,3.12,170.91359999999997,170.4,0.3,6.0,198.7,23297.0,44064.0,22.3,13.2,25.0,29.8,18.02,212.0,465.0,2.1,0.8134292237247335
2026-02-24T09:52:01,02/24/202609:52,138.24,1.51,208.7424,54.79,3.1,169.849,169.3,0.3,6.0,198.7,23297.0,44064.0,22.3,13.2,25.0,29.8,18.02,212.0,465.0,2.1,0.8136775279004169
2026-02-24T09:52:30,02/24/202609:52,139.14000000000001,1.49,207.31860000000003,54.79,3.0900000000000003,169.30110000000002,168.7,0.3,6.0,198.7,23297.0,44064.0,22.3,13.2,25.0,29.8,18.02,212.0,465.0,2.1,0.8166228211072234
2026-02-24T09:53:00,02/24/202609:53,139.45,1.48,206.38599999999997,54.79,3.08,168.7532,168.1,0.3,6.0,198.7,23297.0,44064.0,22.3,13.2,25.0,29.8,18.02,212.0,465.0,2.1,0.8176581744885797
2026-02-24T09:54:17,02/24/202609:54,139.89000000000001,1.46,204.23940000000002,54.79,3.05,167.1095,166.4,0.3,6.0,198.7,23297.0,44064.0,22.3,13.2,25.0,29.8,18.02,212.0,465.0,2.1,0.8182040291931918
2026-02-24T09:55:00,02/24/202609:55,140.1,1.45,203.14499999999998,54.79,3.04,166.5616,165.8,0.3,6.0,198.7,23297.0,44064.0,22.3,13.2,25.0,29.8,18.02,212.0,465.0,2.1,0.8199148391542987
2026-02-24T09:55:16,02/24/202609:55,140.3,1.44,202.032,54.79,3.05,167.1095,166.4,0.3,6.0,198.7,23297.0,44064.0,22.3,13.2,25.0,29.8,18.02,212.0,465.0,2.1,0.8271437198067633
2026-02-24T09:56:00,02/24/202609:56,140.47,1.43,200.8721,54.79,3.05,167.1095,166.5,0.3,6.0,198.7,23297.0,44064.0,22.3,13.2,25.0,29.8,18.02,212.0,465.0,2.1,0.8319199132184112
2026-02-24T09:56:03,02/24/202609:56,140.70999999999998,1.42,199.80819999999997,54.79,3.04,166.5616,166.0,0.3,6.0,198.7,23297.0,44064.0,22.3,13.2,25.0,29.8,18.02,212.0,465.0,2.1,0.8336074295249145
2026-02-24T09:57:01,02/24/202609:57,140.85999999999999,1.42,200.02119999999996,54.8,3.04,166.59199999999998,166.0,0.3,6.0,198.7,23297.0,44064.0,22.3,13.2,25.0,29.8,18.02,212.0,465.0,2.1,0.8328717155981467
2026-02-24T09:57:04,02/24/202609:57,141.07999999999998,1.42,200.33359999999996,54.8,3.0300000000000002,166.044,165.5,0.3,6.0,198.7,23297.0,44064.0,22.3,13.2,25.0,29.8,18.02,212.0,465.0,2.1,0.8288374990515822
2026-02-24T09:58:01,02/24/202609:58,141.3,1.42,200.64600000000002,54.8,3.02,165.49599999999998,165.0,0.3,6.0,198.7,23297.0,44064.0,22.3,13.2,25.0,29.8,18.02,212.0,465.0,2.1,0.8248158448212273
2026-02-24T09:58:04,02/24/202609:58,141.57999999999998,1.41,199.62779999999998,54.8,2.98,163.304,162.8,0.3,6.0,198.7,23297.0,44064.0,22.3,13.2,25.0,29.8,18.02,212.0,465.0,2.1,0.8180423768633428
2026-02-24T09:59:40,02/24/202609:59,141.85999999999999,1.4,198.60399999999996,54.8,2.94,161.112,160.6,0.3,6.0,198.7,23297.0,44064.0,22.3,13.2,25.0,29.8,18.02,212.0,465.0,2.1,0.8112223318764981
2026-02-24T10:00:00,02/24/202610:00,142.01,1.4,198.81399999999996,54.8,2.92,160.016,159.5,0.3,6.0,198.7,23297.0,44064.0,22.3,13.2,25.0,29.8,18.02,212.0,465.0,2.1,0.8048527769674169
2026-02-24T10:00:03,02/24/202610:00,142.17000000000002,1.39,197.6163,54.8,2.91,159.468,159.0,0.3,6.0,198.7,23297.0,44064.0,22.3,13.2,25.0,29.8,18.02,212.0,465.0,2.1,0.8069577256531976
2026-02-24T10:01:01,02/24/202610:01,142.34,1.38,196.42919999999998,54.8,2.88,157.82399999999998,157.3,0.3,6.0,198.7,23297.0,44064.0,22.3,13.2,25.0,29.8,18.02,212.0,465.0,2.1,0.8034650652754275
2026-02-24T10:01:04,02/24/202610:01,142.54000000000002,1.3699999999999999,195.27980000000002,54.8,2.84,155.63199999999998,155.0,0.3,6.0,198.7,23297.0,44064.0,22.3,13.279999999999998,24.8,29.797000000000004,17.988999999999997,212.0,469.5,2.13,0.7969692717833589
2026-02-24T10:02:01,02/24/202610:02,142.67000000000002,1.3599999999999999,194.0312,54.8,2.81,153.988,153.3,0.3,6.0,198.7,23297.0,44064.0,22.3,13.36,24.6,29.794,17.958,212.0,474.0,2.16,0.7936249427927055
2026-02-24T10:02:04,02/24/202610:02,142.78,1.35,192.75300000000001,54.8,2.7800000000000002,152.344,151.6,0.3,6.0,198.7,23297.0,44064.0,22.3,13.440000000000001,24.4,29.791000000000004,17.927,212.0,478.5,2.19,0.7903586455204328
2026-02-24T10:03:00,02/24/202610:03,142.87,1.34,191.44580000000002,54.8,2.75,150.7,149.9,0.3,6.0,198.7,23297.0,44064.0,22.3,13.52,24.2,29.788,17.896,212.0,483.0,2.2199999999999998,0.7871679608536722
2026-02-24T10:03:03,02/24/202610:03,142.92000000000002,1.33,190.08360000000002,54.8,2.71,148.50799999999998,147.7,0.3,6.0,198.7,23297.0,44064.0,22.3,13.6,24.0,29.785000000000004,17.865000000000002,212.0,487.5,2.25,0.7812772906237043
2026-02-24T10:04:01,02/24/202610:04,142.9,1.3199999999999998,188.628,54.8,2.7,147.96,147.2,0.3,6.0,198.7,23297.0,44064.0,22.3,13.680000000000001,23.8,29.782,17.834,212.0,492.0,2.2800000000000002,0.7844010433233667
2026-02-24T10:04:03,02/24/202610:04,142.85999999999999,1.3199999999999998,188.57519999999997,54.8,2.7,147.96,147.2,0.3,6.0,198.7,23297.0,44064.0,22.3,13.76,23.6,29.779000000000003,17.803,212.0,496.5,2.31,0.7846206712229393
2026-02-24T10:05:01,02/24/202610:05,142.82,1.3199999999999998,188.52239999999998,54.8,2.7,147.96,147.2,0.3,6.0,198.7,23297.0,44064.0,22.3,13.84,23.4,29.776,17.772,212.0,501.0,2.34,0.7848404221461218
2026-02-24T10:05:04,02/24/202610:05,142.73,1.3199999999999998,188.40359999999995,54.8,2.7,147.96,147.2,0.3,6.0,198.7,23297.0,44064.0,22.3,13.919999999999998,23.2,29.773000000000003,17.741,212.0,505.5,2.37,0.7853353120641009
2026-02-24T10:06:00,02/24/202610:06,142.64000000000001,1.3199999999999998,188.2848,54.8,2.7,147.96,147.2,0.3,6.0,198.7,23297.0,44064.0,22.3,14.0,23.0,29.77,17.71,212.0,510.0,2.4,0.7858308264926325
2026-02-24T10:06:03,02/24/202610:06,142.53,1.3199999999999998,188.13959999999997,54.8,2.7,147.96,147.2,0.3,6.0,198.7,23297.0,44064.0,22.3,14.0,23.0,29.77,17.71,212.0,510.0,2.4,0.7864373050649626
2026-02-24T10:07:01,02/24/202610:07,142.42000000000002,1.3199999999999998,187.99439999999998,54.8,2.7,147.96,147.2,0.3,6.0,198.7,23297.0,44064.0,22.3,14.0,23.0,29.77,17.71,212.0,510.0,2.4,0.7870447204810357
2026-02-24T10:07:04,02/24/202610:07,142.26,1.3199999999999998,187.78319999999997,54.8,2.71,148.50799999999998,147.8,0.3,6.0,198.7,23297.0,44064.0,22.3,14.0,23.0,29.77,17.71,212.0,510.0,2.4,0.790848169591316
2026-02-24T10:08:01,02/24/202610:08,142.1,1.3199999999999998,187.57199999999997,54.8,2.7199999999999998,149.05599999999998,148.4,0.3,6.0,198.7,23297.0,44064.0,22.3,14.0,23.0,29.77,17.71,212.0,510.0,2.4,0.7946601838227454
2026-02-24T10:08:04,02/24/202610:08,141.99,1.33,188.84670000000003,54.8,2.7199999999999998,149.05599999999998,148.4,0.3,6.0,198.7,23297.0,44064.0,22.3,14.0,23.0,29.77,17.71,212.0,510.0,2.4,0.7892962916481991
2026-02-24T10:09:00,02/24/202610:09,141.88,1.34,190.1192,54.8,2.7199999999999998,149.05599999999998,148.4,0.3,6.0,198.7,23297.0,44064.0,22.3,14.0,23.0,29.77,17.71,212.0,510.0,2.4,0.7840133979103635
2026-02-24T10:09:03,02/24/202610:09,141.78,1.33,188.56740000000002,54.8,2.71,148.50799999999998,147.9,0.3,6.0,198.7,23297.0,44064.0,22.3,14.0,23.0,29.77,17.71,212.0,510.0,2.4,0.7875592493718424
2026-02-24T10:10:50,02/24/202610:10,141.74,1.31,185.67940000000002,54.8,2.69,147.41199999999998,146.9,0.3,6.0,198.7,23297.0,44064.0,22.3,14.0,23.0,29.77,17.71,212.0,510.0,2.4,0.7939060552759216
2026-02-24T10:11:00,02/24/202610:11,141.74,1.3,184.26200000000003,54.8,2.66,145.768,145.3,0.3,6.0,198.7,23297.0,44064.0,22.3,14.0,23.0,29.77,17.71,212.0,510.0,2.4,0.791090946586925
2026-02-24T10:11:03,02/24/202610:11,141.72,1.29,182.8188,54.8,2.6399999999999997,144.67199999999997,144.2,0.3,7.0,198.7,23297.0,44064.0,22.3,14.0,23.0,29.77,17.71,212.0,510.0,2.4,0.7913409343021612
2026-02-24T10:12:58,02/24/202610:12,141.7,1.29,182.79299999999998,54.8,2.6100000000000003,143.02800000000002,142.6,0.3,7.0,198.7,23297.0,44064.0,22.3,14.0,23.0,29.77,17.71,212.0,510.0,2.4,0.7824588468923867
2026-02-24T10:13:01,02/24/202610:13,141.68,1.29,182.7672,54.8,2.58,141.384,141.0,0.3,7.0,198.7,23297.0,44064.0,22.3,14.0,23.0,29.77,17.71,212.0,510.0,2.4,0.7735742518351213
2026-02-24T10:13:59,02/24/202610:13,141.77,1.28,181.46560000000002,54.8,2.54,139.192,138.8,0.3,7.0,198.7,23297.0,44064.0,22.3,14.0,23.0,29.77,17.71,212.0,510.0,2.4,0.7670434506595188
2026-02-24T10:14:01,02/24/202610:14,141.86,1.27,180.1622,54.8,2.5,137.0,136.6,0.3,7.0,198.7,23297.0,44064.0,22.3,14.0,23.0,29.77,17.71,212.0,510.0,2.4,0.7604258828988544
2026-02-24T10:14:59,02/24/202610:14,141.91000000000003,1.25,177.38750000000005,54.8,2.4899999999999998,136.45199999999997,136.1,0.3,7.0,198.7,23297.0,44064.0,22.3,14.0,23.0,29.77,17.71,212.0,510.0,2.4,0.7692312028750613
2026-02-24T10:15:01,02/24/202610:15,141.96,1.23,174.6108,54.8,2.48,135.904,135.6,0.3,7.0,198.7,23297.0,44064.0,22.3,14.0,23.0,29.77,17.71,212.0,510.0,2.4,0.77832528113954
2026-02-24T10:15:59,02/24/202610:15,142.06,1.22,173.3132,54.8,2.46,134.808,134.5,0.3,7.0,198.7,23297.0,44064.0,22.3,14.080000000000002,22.9,29.77,17.741,212.0,514.2,2.44,0.7778288093463164
2026-02-24T10:16:01,02/24/202610:16,142.1,1.22,173.362,54.8,2.45,134.26,133.9,0.3,7.0,198.7,23297.0,44064.0,22.3,14.16,22.8,29.77,17.772,212.0,518.4,2.4799999999999995,0.7744488411531939
2026-02-24T10:16:06,02/24/202610:16,142.1,1.22,173.362,54.8,2.46,134.808,134.4,0.3,7.0,198.7,23297.0,44064.0,22.3,14.24,22.7,29.77,17.803,212.0,522.6,2.52,0.7776098568313702
2026-02-24T10:17:01,02/24/202610:17,142.12,1.22,173.3864,54.8,2.46,134.808,134.4,0.3,7.0,198.7,23297.0,44064.0,22.3,14.319999999999999,22.6,29.77,17.834,212.0,526.8,2.5599999999999996,0.7775004267924127
2026-02-24T10:17:06,02/24/202610:17,142.21,1.21,172.07410000000002,54.8,2.44,133.712,133.3,0.3,7.0,198.7,23297.0,44064.0,22.3,14.4,22.5,29.77,17.865000000000002,212.0,531.0,2.6,0.7770605802965117
2026-02-24T10:18:01,02/24/202610:18,142.3,1.2,170.76000000000002,54.8,2.42,132.61599999999999,132.2,0.3,7.0,198.7,23297.0,44064.0,22.3,14.48,22.4,29.77,17.896,212.0,535.2,2.6399999999999997,0.776622159756383
2026-02-24T10:18:06,02/24/202610:18,142.31,1.2,170.772,54.8,2.41,132.068,131.7,0.3,7.0,198.7,23297.0,44064.0,22.3,14.559999999999999,22.3,29.77,17.927,212.0,539.4,2.6799999999999997,0.773358630220411
2026-02-24T10:19:01,02/24/202610:19,142.32,1.2,170.784,54.8,2.4,131.51999999999998,131.2,0.3,7.0,198.7,23297.0,44064.0,22.3,14.64,22.2,29.77,17.958,212.0,543.6,2.7199999999999998,0.7700955593029791
2026-02-24T10:19:06,02/24/202610:19,142.39000000000001,1.19,169.44410000000002,54.8,2.38,130.42399999999998,130.1,0.3,7.0,198.7,23297.0,44064.0,22.3,14.720000000000002,22.1,29.77,17.988999999999997,212.0,547.8,2.76,0.7697169745066365
2026-02-24T10:20:01,02/24/202610:20,142.45999999999998,1.1800000000000002,168.1028,54.8,2.3600000000000003,129.328,129.0,0.3,7.0,198.7,23297.0,44064.0,22.3,14.8,22.0,29.77,18.02,212.0,552.0,2.8,0.7693387617576863
2026-02-24T10:20:06,02/24/202610:20,142.45999999999998,1.1800000000000002,168.1028,54.8,2.37,129.876,129.6,0.4,7.0,198.7,23297.0,44064.0,22.3,14.8,22.0,29.77,18.02,212.0,552.0,2.8,0.7725986717651342
2026-02-24T10:21:59,02/24/202610:21,142.44,1.1800000000000002,168.07920000000001,54.8,2.38,130.42399999999998,130.2,0.4,7.0,198.7,23297.0,44064.0,22.3,14.8,22.0,29.77,18.02,212.0,552.0,2.8,0.7759675200738697
2026-02-24T10:22:01,02/24/202610:22,142.45999999999998,1.1800000000000002,168.1028,54.8,2.37,129.876,129.7,0.4,7.0,198.7,23297.0,44064.0,22.3,14.8,22.0,29.77,18.02,212.0,552.0,2.8,0.7725986717651342
2026-02-24T10:22:06,02/24/202610:22,142.48,1.1800000000000002,168.12640000000002,54.8,2.34,128.232,128.1,0.4,7.0,198.7,23297.0,44064.0,22.3,14.8,22.0,29.77,18.02,212.0,552.0,2.8,0.7627118644067796
2026-02-24T10:23:01,02/24/202610:23,142.42000000000002,1.1800000000000002,168.05560000000006,54.8,2.35,128.78,128.7,0.4,7.0,198.7,23297.0,44064.0,22.3,14.8,22.0,29.77,18.02,212.0,552.0,2.8,0.7662940122197651
2026-02-24T10:23:06,02/24/202610:23,142.47,1.16,165.2652,54.8,2.3099999999999996,126.58799999999997,126.5,0.4,7.0,198.7,23297.0,44064.0,22.3,14.8,22.0,29.77,18.02,212.0,552.0,2.8,0.7659688791106656
2026-02-24T10:24:01,02/24/202610:24,142.56,1.1400000000000001,162.5184,54.8,2.26,123.84799999999998,123.7,0.4,7.0,198.7,23297.0,44064.0,22.3,14.8,22.0,29.77,18.02,212.0,552.0,2.8,0.7620552503593437
2026-02-24T10:24:06,02/24/202610:24,142.53,1.1400000000000001,162.48420000000002,54.8,2.26,123.84799999999998,123.7,0.4,7.0,198.7,23297.0,44064.0,22.3,14.8,22.0,29.77,18.02,212.0,552.0,2.8,0.7622156492754371
2026-02-24T10:25:01,02/24/202610:25,142.47,1.15,163.8405,54.8,2.26,123.84799999999998,123.7,0.4,7.0,198.7,23297.0,44064.0,22.3,14.8,22.0,29.77,18.02,212.0,552.0,2.8,0.7559058962832754
2026-02-24T10:25:06,02/24/202610:25,142.37,1.15,163.72549999999998,54.8,2.27,124.396,124.2,0.4,7.0,198.7,23297.0,44064.0,22.3,14.8,22.0,29.77,18.02,212.0,552.0,2.8,0.7597839065997661
2026-02-24T10:26:01,02/24/202610:26,142.3,1.1400000000000001,162.22200000000004,54.8,2.26,123.84799999999998,123.6,0.4,7.0,198.7,23297.0,44064.0,22.3,14.8,22.0,29.77,18.02,212.0,552.0,2.8,0.7634476211611246
2026-02-24T10:26:06,02/24/202610:26,142.2,1.1400000000000001,162.108,54.8,2.25,123.3,123.0,0.4,7.0,198.7,23297.0,44064.0,22.3,14.8,22.0,29.77,18.02,212.0,552.0,2.8,0.7606040417499444
2026-02-24T10:27:00,02/24/202610:27,142.1,1.1400000000000001,161.994,54.8,2.2399999999999998,122.75199999999998,122.4,0.4,7.0,198.7,23297.0,44064.0,22.3,14.8,22.0,29.77,18.02,212.0,552.0,2.8,0.7577564601158067
2026-02-24T10:27:06,02/24/202610:27,142.05,1.1400000000000001,161.93700000000004,54.8,2.2199999999999998,121.65599999999998,121.3,0.4,7.0,198.7,23297.0,44064.0,22.3,14.8,22.0,29.77,18.02,212.0,552.0,2.8,0.7512551177309691
2026-02-24T10:28:01,02/24/202610:28,142.0,1.1400000000000001,161.88000000000002,54.8,2.2,120.56,120.2,0.4,7.0,198.7,23297.0,44064.0,22.3,14.8,22.0,29.77,18.02,212.0,552.0,2.8,0.7447491969360018
2026-02-24T10:28:06,02/24/202610:28,141.85999999999999,1.15,163.13899999999998,54.81,2.2399999999999998,122.77439999999999,122.4,0.4,7.0,198.7,23297.0,44064.0,22.3,14.8,22.0,29.77,18.02,212.0,552.0,2.8,0.7525754111524529
2026-02-24T10:29:01,02/24/202610:29,141.71999999999997,1.16,164.39519999999996,54.81999999999999,2.2800000000000002,124.9896,124.6,0.4,7.0,198.7,23297.0,44064.0,22.3,14.8,22.0,29.77,18.02,212.0,552.0,2.8,0.7602995707903882
2026-02-24T10:29:06,02/24/202610:29,141.67,1.15,162.92049999999998,54.81999999999999,2.2800000000000002,124.9896,124.6,0.4,7.0,198.7,23297.0,44064.0,22.3,14.8,22.0,29.77,18.02,212.0,552.0,2.8,0.7671815394624987
2026-02-24T10:30:01,02/24/202610:30,141.61999999999998,1.1400000000000001,161.4468,54.81999999999999,2.2800000000000002,124.9896,124.6,0.4,7.0,198.7,23297.0,44064.0,22.3,14.8,22.0,29.77,18.02,212.0,552.0,2.8,0.7741844372263804
2026-02-24T10:30:06,02/24/202610:30,141.54,1.15,162.771,54.81999999999999,2.3,126.08599999999997,125.7,0.4,7.0,198.7,23297.0,44064.0,22.3,14.8,22.0,29.77,18.02,212.0,552.0,2.8,0.7746220149780979
2026-02-24T10:31:01,02/24/202610:31,141.45999999999998,1.16,164.09359999999995,54.81999999999999,2.32,127.18239999999997,126.8,0.4,7.0,198.7,23297.0,44064.0,22.3,14.8,22.0,29.77,18.02,212.0,552.0,2.8,0.7750600876572883
2026-02-24T10:31:06,02/24/202610:31,141.45999999999998,1.16,164.09359999999995,54.81999999999999,2.3,126.08599999999997,125.7,0.4,7.0,198.7,23297.0,44064.0,22.3,14.870000000000001,21.8,29.77,18.131999999999998,212.3,555.8,2.84,0.7683785351774841
2026-02-24T10:33:13,02/24/202610:33,141.53,1.15,162.7595,54.81999999999999,2.2800000000000002,124.9896,124.6,0.4,7.0,198.7,23297.0,44064.0,22.3,14.88,21.6,29.77,18.176,212.4,559.6,2.88,0.7679404274404873
2026-02-24T10:33:57,02/24/202610:33,141.63,1.1300000000000001,160.0419,54.81999999999999,2.2800000000000002,124.9896,124.6,0.4,7.0,198.7,23297.0,44064.0,22.3,14.89,21.4,29.77,18.22,212.5,563.4,2.92,0.7809804807366071
2026-02-24T10:34:00,02/24/202610:34,141.73,1.1099999999999999,157.32029999999997,54.81999999999999,2.2800000000000002,124.9896,124.6,0.4,7.0,198.7,23297.0,44064.0,22.3,14.9,21.2,29.77,18.264,212.6,567.2,2.96,0.79449123857506
2026-02-24T10:34:58,02/24/202610:34,141.8,1.1099999999999999,157.398,54.81,2.29,125.51490000000001,125.2,0.4,7.0,198.7,23297.0,44064.0,22.3,14.91,21.0,29.77,18.308,212.7,571.0,3.0,0.7974364350245875
2026-02-24T10:35:00,02/24/202610:35,141.87,1.1099999999999999,157.4757,54.8,2.3,126.03999999999998,125.8,0.4,7.0,198.7,23297.0,44064.0,22.3,14.920000000000002,20.8,29.77,18.352,212.8,574.8,3.04,0.8003774550613205
2026-02-24T10:35:58,02/24/202610:35,142.01,1.1099999999999999,157.63109999999998,54.8,2.27,124.396,124.1,0.4,7.0,198.7,23297.0,44064.0,22.3,14.930000000000001,20.6,29.77,18.396,212.9,578.6,3.08,0.7891589921024469
2026-02-24T10:36:01,02/24/202610:36,142.15,1.1099999999999999,157.7865,54.8,2.2399999999999998,122.75199999999998,122.4,0.4,7.0,198.7,23297.0,44064.0,22.3,14.940000000000001,20.4,29.77,18.44,213.0,582.4,3.12,0.7779626267139457
2026-02-24T10:36:02,02/24/202610:36,142.34,1.1099999999999999,157.9974,54.8,2.2,120.56,120.2,0.4,7.0,198.7,23297.0,44064.0,22.3,14.95,20.2,29.77,18.484,213.1,586.2,3.16,0.7630505312112731
2026-02-24T10:37:01,02/24/202610:37,142.53,1.1099999999999999,158.20829999999998,54.8,2.16,118.368,118.0,0.4,7.0,198.7,23297.0,44064.0,22.3,14.959999999999999,20.0,29.77,18.528,213.2,590.0,3.2,0.748178192926667
2026-02-24T10:37:02,02/24/202610:37,142.76,1.1,157.036,54.8,2.1399999999999997,117.27199999999998,116.9,0.4,8.0,198.7,23297.0,44064.0,22.3,14.9,20.3,29.77,18.46,213.0,590.0,3.2,0.7467841768766396
2026-02-24T10:38:01,02/24/202610:38,142.92000000000002,1.1,157.21200000000002,54.8,2.12,116.176,115.8,0.4,8.0,198.7,23297.0,44064.0,22.3,14.9,20.6,29.77,18.46,213.0,590.0,3.2,0.7389766684477012
2026-02-24T10:38:02,02/24/202610:38,143.05,1.1,157.35500000000002,54.8,2.1,115.08,114.7,0.4,8.0,198.7,23297.0,44064.0,22.3,14.9,20.9,29.77,18.46,213.0,590.0,3.2,0.7313399637761748
2026-02-24T10:39:28,02/24/202610:39,143.16,1.1,157.476,54.8,2.1100000000000003,115.62800000000001,115.2,0.4,8.0,198.7,23297.0,44064.0,22.3,14.9,21.2,29.77,18.46,213.0,590.0,3.2,0.7342579186669715
2026-02-24T10:40:00,02/24/202610:40,143.28,1.09,156.17520000000002,54.8,2.1,115.08,114.6,0.4,8.0,198.7,23297.0,44064.0,22.3,14.9,21.5,29.77,18.46,213.0,590.0,3.2,0.7368647518940266
2026-02-24T10:40:28,02/24/202610:40,143.37,1.1,157.70700000000002,54.8,2.08,113.984,113.5,0.4,8.0,198.7,23297.0,44064.0,22.3,14.9,21.8,29.77,18.46,213.0,590.0,3.2,0.7227580259595324
2026-02-24T10:41:01,02/24/202610:41,143.42000000000002,1.1099999999999999,159.1962,54.8,2.0900000000000003,114.53200000000001,114.1,0.4,8.0,198.7,23297.0,44064.0,22.3,14.9,22.1,29.77,18.46,213.0,590.0,3.2,0.7194392830984659
2026-02-24T10:41:27,02/24/202610:41,143.5,1.1099999999999999,159.28499999999997,54.8,2.08,113.984,113.6,0.4,8.0,198.7,23297.0,44064.0,22.3,14.9,22.4,29.77,18.46,213.0,590.0,3.2,0.7155978277929499
2026-02-24T10:42:01,02/24/202610:42,143.6,1.1,157.96,54.8,2.05,112.33999999999999,112.0,0.4,8.0,198.7,23297.0,44064.0,22.3,14.9,22.7,29.77,18.46,213.0,590.0,3.2,0.7111927070144339
2026-02-24T10:42:28,02/24/202610:42,143.72,1.08,155.2176,54.8,2.0100000000000002,110.14800000000001,109.8,0.4,8.0,198.7,23297.0,44064.0,22.3,14.9,23.0,29.77,18.46,213.0,590.0,3.2,0.7096360206574512
2026-02-24T10:43:00,02/24/202610:43,143.77,1.0699999999999998,153.8339,54.8,1.9899999999999998,109.05199999999998,108.7,0.4,8.0,198.7,23297.0,44064.0,22.3,14.9,23.0,29.77,18.46,213.0,590.0,3.2,0.7088944634440132
2026-02-24T10:44:26,02/24/202610:44,143.76000000000002,1.06,152.38560000000004,54.8,1.9899999999999998,109.05199999999998,108.7,0.4,8.0,198.7,23297.0,44064.0,22.3,14.9,23.0,29.77,18.46,213.0,590.0,3.2,0.7156319232263413
2026-02-24T10:44:28,02/24/202610:44,143.63,1.06,152.2478,54.8,2.0,109.6,109.2,0.4,8.0,198.7,23297.0,44064.0,22.3,14.9,23.0,29.77,18.46,213.0,590.0,3.2,0.7198790393030309
2026-02-24T10:45:00,02/24/202610:45,143.52,1.06,152.1312,54.8,1.98,108.50399999999999,108.1,0.4,8.0,198.7,23297.0,44064.0,22.3,14.9,23.0,29.77,18.46,213.0,590.0,3.2,0.7132264781977661
2026-02-24T10:45:28,02/24/202610:45,143.43,1.0699999999999998,153.47009999999997,54.8,1.95,106.85999999999999,106.5,0.4,8.0,198.7,23297.0,44064.0,22.3,14.9,23.0,29.77,18.46,213.0,590.0,3.2,0.6962919813045017
2026-02-24T10:46:00,02/24/202610:46,143.37,1.06,151.97220000000002,54.8,1.9300000000000002,105.76400000000001,105.4,0.4,8.0,198.7,23297.0,44064.0,22.3,14.9,23.0,29.77,18.46,213.0,590.0,3.2,0.6959430737990238
2026-02-24T10:46:28,02/24/202610:46,143.37,1.04,149.1048,54.8,1.9,104.11999999999999,103.7,0.4,8.0,198.7,23297.0,44064.0,22.3,14.969999999999999,22.9,29.767000000000003,18.522,213.1,593.5,3.2399999999999998,0.6983007924627509
2026-02-24T10:47:00,02/24/202610:47,143.34,1.03,147.64020000000002,54.8,1.89,103.57199999999999,103.1,0.4,8.0,198.7,23297.0,44064.0,22.3,15.040000000000001,22.8,29.764,18.584,213.2,597.0,3.2800000000000002,0.7015162537032595
2026-02-24T10:47:28,02/24/202610:47,143.28,1.03,147.57840000000002,54.8,1.9,104.11999999999999,103.6,0.4,8.0,198.7,23297.0,44064.0,22.3,15.11,22.7,29.761000000000003,18.646,213.3,600.5,3.3200000000000003,0.7055233015129584
2026-02-24T10:48:00,02/24/202610:48,143.2,1.04,148.928,54.8,1.92,105.216,104.7,0.4,8.0,198.7,23297.0,44064.0,22.3,15.180000000000001,22.6,29.758,18.708,213.4,604.0,3.3600000000000003,0.7064890416845724
2026-02-24T10:48:29,02/24/202610:48,143.12,1.04,148.84480000000002,54.8,1.95,106.85999999999999,106.4,0.4,8.0,198.7,23297.0,44064.0,22.3,15.25,22.5,29.755000000000003,18.77,213.5,607.5,3.4,0.7179290106204581
2026-02-24T10:49:00,02/24/202610:49,143.1,1.04,148.824,54.8,1.9600000000000002,107.408,107.0,0.4,8.0,198.7,23297.0,44064.0,22.3,15.319999999999999,22.4,29.752,18.832,213.6,611.0,3.44,0.7217115519002311
2026-02-24T10:49:28,02/24/202610:49,143.18,1.04,148.90720000000002,54.8,1.95,106.85999999999999,106.5,0.4,8.0,198.7,23297.0,44064.0,22.3,15.39,22.3,29.749000000000002,18.894,213.7,614.5,3.4800000000000004,0.7176281603575917
2026-02-24T10:50:00,02/24/202610:50,143.26,1.04,148.9904,54.8,1.94,106.312,106.0,0.4,8.0,198.7,23297.0,44064.0,22.3,15.459999999999999,22.2,29.746,18.956,213.8,618.0,3.5200000000000005,0.7135493293527637
2026-02-24T10:51:20,02/24/202610:51,143.33999999999997,1.04,149.07359999999997,54.8,1.9600000000000002,107.408,107.0,0.4,8.0,198.7,23297.0,44064.0,22.3,15.530000000000001,22.1,29.743000000000002,19.017999999999997,213.9,621.5,3.56,0.7205031608547725
2026-02-24T10:52:00,02/24/202610:52,143.42,1.04,149.1568,54.8,1.98,108.50399999999999,108.0,0.4,8.0,198.7,23297.0,44064.0,22.3,15.6,22.0,29.74,19.08,214.0,625.0,3.6,0.7274492346309386
2026-02-24T10:52:19,02/24/202610:52,143.48,1.05,150.654,54.8,2.0100000000000002,110.14800000000001,109.6,0.4,8.0,198.7,23297.0,44064.0,22.3,15.6,22.0,29.74,19.08,214.0,625.0,3.6,0.7311322633318731
2026-02-24T10:53:00,02/24/202610:53,143.54,1.06,152.1524,54.8,2.04,111.792,111.2,0.4,8.0,198.7,23297.0,44064.0,22.3,15.6,22.0,29.74,19.08,214.0,625.0,3.6,0.7347370136783908
2026-02-24T10:53:20,02/24/202610:53,143.65,1.05,150.8325,54.8,2.05,112.33999999999999,111.8,0.4,8.0,198.7,23297.0,44064.0,22.3,15.6,22.0,29.74,19.08,214.0,625.0,3.6,0.7447996950259392
2026-02-24T10:54:00,02/24/202610:54,143.76,1.04,149.5104,54.8,2.06,112.88799999999999,112.4,0.4,8.0,198.7,23297.0,44064.0,22.3,15.6,22.0,29.74,19.08,214.0,625.0,3.6,0.7550511536321218
2026-02-24T10:55:37,02/24/202610:55,143.9,1.04,149.656,54.760000000000005,2.0300000000000002,111.16280000000002,110.7,0.4,8.0,198.7,23297.0,44064.0,22.3,15.6,22.0,29.74,19.08,214.0,625.0,3.6,0.7427887956379966
2026-02-24T10:56:00,02/24/202610:56,144.04000000000002,1.04,149.80160000000004,54.71999999999999,2.0,109.43999999999998,109.0,0.4,8.0,198.7,23297.0,44064.0,22.3,15.6,22.0,29.74,19.08,214.0,625.0,3.6,0.7305662956870952
2026-02-24T10:56:19,02/24/202610:56,144.22,1.03,148.5466,54.67999999999999,1.97,107.71959999999999,107.3,0.4,8.0,198.7,23297.0,44064.0,22.3,15.6,22.0,29.74,19.08,214.0,625.0,3.6,0.7251569541140623
2026-02-24T10:57:01,02/24/202610:57,144.4,1.02,147.288,54.64,1.9400000000000002,106.00160000000001,105.6,0.4,8.0,198.7,23297.0,44064.0,22.3,15.6,22.0,29.74,19.08,214.0,625.0,3.6,0.7196893161696812
2026-02-24T10:57:20,02/24/202610:57,144.51,1.0,144.51,54.6,1.9100000000000001,104.28600000000002,103.9,0.4,8.0,198.7,23297.0,44064.0,22.3,15.6,22.0,29.74,19.08,214.0,625.0,3.6,0.7216524807971768
2026-02-24T10:58:00,02/24/202610:58,144.62,0.9800000000000001,141.72760000000002,54.56,1.8800000000000001,102.57280000000002,102.2,0.4,8.0,198.7,23297.0,44064.0,22.3,15.6,22.0,29.74,19.08,214.0,625.0,3.6,0.7237320042108947
2026-02-24T10:58:19,02/24/202610:58,144.68,0.96,138.8928,54.519999999999996,1.85,100.862,100.5,0.4,8.0,198.7,23297.0,44064.0,22.3,15.6,22.0,29.74,19.08,214.0,625.0,3.6,0.726185950603631
2026-02-24T10:59:01,02/24/202610:59,144.74,0.9400000000000001,136.05560000000003,54.48,1.8199999999999998,99.15359999999998,98.8,0.4,8.0,198.7,23297.0,44064.0,22.3,15.6,22.0,29.74,19.08,214.0,625.0,3.6,0.7287726488288608
2026-02-24T10:59:16,02/24/202610:59,144.84,0.93,134.7012,54.44,1.75,95.27,94.9,0.4,8.0,198.7,23297.0,44064.0,22.3,15.6,22.0,29.74,19.08,214.0,625.0,3.6,0.7072691260359967
2026-02-24T11:00:01,02/24/202611:00,144.94,0.9199999999999999,133.3448,54.4,1.6800000000000002,91.39200000000001,91.0,0.4,8.0,198.7,23297.0,44064.0,22.3,15.6,22.0,29.74,19.08,214.0,625.0,3.6,0.6853810572290784
2026-02-24T11:00:16,02/24/202611:00,145.01000000000002,0.9099999999999999,131.9591,54.4,1.65,89.75999999999999,89.3,0.4,8.0,198.7,23297.0,44064.0,22.3,15.6,22.0,29.74,19.08,214.0,625.0,3.6,0.6802107622740682
2026-02-24T11:01:00,02/24/202611:01,145.08,0.9,130.572,54.4,1.6199999999999999,88.12799999999999,87.6,0.4,8.0,198.7,23297.0,44064.0,22.3,15.6,22.0,29.74,19.08,214.0,625.0,3.6,0.6749379652605458
2026-02-24T11:01:16,02/24/202611:01,145.05,0.9,130.54500000000002,54.4,1.64,89.216,88.6,0.4,8.0,198.7,23297.0,44064.0,22.3,15.65,21.9,29.737000000000002,19.128999999999998,213.7,628.2,3.62,0.683411850319813
2026-02-24T11:02:00,02/24/202611:02,145.02,0.9,130.518,54.4,1.6600000000000001,90.304,89.6,0.4,8.0,198.7,23297.0,44064.0,22.3,15.7,21.8,29.733999999999998,19.177999999999997,213.4,631.4,3.6399999999999997,0.6918892413306977
2026-02-24T11:02:16,02/24/202611:02,145.09,0.89,129.1301,54.4,1.64,89.216,88.5,0.4,8.0,198.7,23297.0,44064.0,22.3,15.75,21.7,29.731,19.226999999999997,213.1,634.6,3.66,0.690900107720818
2026-02-24T11:03:33,02/24/202611:03,145.15,0.89,129.1835,54.4,1.6300000000000001,88.672,88.0,0.4,8.0,198.7,23297.0,44064.0,22.3,15.8,21.6,29.727999999999998,19.276,212.8,637.8,3.6799999999999997,0.6864034493569224
2026-02-24T11:04:01,02/24/202611:04,145.22,0.89,129.2458,54.4,1.6199999999999999,88.12799999999999,87.5,0.4,8.0,198.7,23297.0,44064.0,22.3,15.85,21.5,29.725,19.325,212.5,641.0,3.7,0.681863549918063
2026-02-24T11:04:33,02/24/202611:04,145.29000000000002,0.9,130.76100000000002,54.4,1.61,87.584,87.0,0.4,8.0,198.7,23297.0,44064.0,22.3,15.9,21.4,29.722,19.374000000000002,212.2,644.2,3.72,0.6698021581358355
2026-02-24T11:05:01,02/24/202611:05,145.3,0.9099999999999999,132.22299999999998,54.4,1.64,89.216,88.6,0.4,8.0,198.7,23297.0,44064.0,22.3,15.95,21.3,29.719,19.423,211.9,647.4,3.7399999999999998,0.6747388880905743
2026-02-24T11:06:49,02/24/202611:06,145.32,0.9099999999999999,132.2412,54.4,1.6800000000000002,91.39200000000001,90.7,0.4,8.0,198.7,23297.0,44064.0,22.3,16.0,21.2,29.716,19.472,211.6,650.6,3.7600000000000002,0.6911008067077432
2026-02-24T11:07:01,02/24/202611:07,145.34,0.9099999999999999,132.2594,54.4,1.7100000000000002,93.024,92.3,0.4,8.0,198.7,23297.0,44064.0,22.3,16.05,21.1,29.713,19.521,211.3,653.8,3.78,0.7033450930519872
2026-02-24T11:07:34,02/24/202611:07,145.39000000000001,0.9,130.85100000000003,54.4,1.7,92.47999999999999,91.8,0.4,8.0,198.7,23297.0,44064.0,22.3,16.1,21.0,29.71,19.57,211.0,657.0,3.8,0.7067580683372688
2026-02-24T11:08:00,02/24/202611:08,145.47,0.89,129.4683,54.4,1.6600000000000001,90.304,89.7,0.4,8.0,198.7,23297.0,44064.0,22.3,16.1,21.0,29.71,19.57,211.0,657.0,3.8,0.6974989244471427
2026-02-24T11:08:34,02/24/202611:08,145.51000000000002,0.89,129.50390000000002,54.4,1.6199999999999999,88.12799999999999,87.6,0.4,8.0,198.7,23297.0,44064.0,22.3,16.1,21.0,29.71,19.57,211.0,657.0,3.8,0.6805046025640925
2026-02-24T11:09:00,02/24/202611:09,145.5,0.9,130.95000000000002,54.4,1.6,87.04,86.6,0.4,8.0,198.7,23297.0,44064.0,22.3,16.1,21.0,29.71,19.57,211.0,657.0,3.8,0.6646811760213822
2026-02-24T11:09:34,02/24/202611:09,145.44,0.9,130.89600000000002,54.4,1.5799999999999998,85.95199999999998,85.5,0.4,9.0,198.7,23297.0,44064.0,22.3,16.1,21.0,29.71,19.57,211.0,657.0,3.8,0.6566434421219898
2026-02-24T11:10:00,02/24/202611:10,145.38000000000002,0.9,130.842,54.4,1.56,84.864,84.4,0.4,9.0,198.7,23297.0,44064.0,22.3,16.1,21.0,29.71,19.57,211.0,657.0,3.8,0.6485990736919337
2026-02-24T11:10:34,02/24/202611:10,145.31,0.8800000000000001,127.87280000000001,54.4,1.54,83.776,83.3,0.4,9.0,198.7,23297.0,44064.0,22.3,16.1,21.0,29.71,19.57,211.0,657.0,3.8,0.6551510563622599
2026-02-24T11:11:00,02/24/202611:11,145.24,0.86,124.9064,54.4,1.52,82.688,82.2,0.4,9.0,198.7,23297.0,44064.0,22.3,16.1,21.0,29.71,19.57,211.0,657.0,3.8,0.6619997053793881
2026-02-24T11:11:34,02/24/202611:11,145.15,0.85,123.3775,54.4,1.48,80.512,80.1,0.4,9.0,198.7,23297.0,44064.0,22.3,16.1,21.0,29.71,19.57,211.0,657.0,3.8,0.6525663107130555
2026-02-24T11:12:00,02/24/202611:12,145.06,0.8400000000000001,121.85040000000001,54.4,1.44,78.336,78.0,0.4,9.0,198.7,23297.0,44064.0,22.3,16.1,21.0,29.71,19.57,211.0,657.0,3.8,0.6428866872821098
2026-02-24T11:12:34,02/24/202611:12,144.82,0.86,124.5452,54.4,1.46,79.42399999999999,79.1,0.4,9.0,198.7,23297.0,44064.0,22.3,16.1,21.0,29.71,19.57,211.0,657.0,3.8,0.6377122522586177
2026-02-24T11:13:00,02/24/202611:13,144.57999999999998,0.8800000000000001,127.2304,54.4,1.48,80.512,80.2,0.4,9.0,198.7,23297.0,44064.0,22.3,16.1,21.0,29.71,19.57,211.0,657.0,3.8,0.6328047384901722
2026-02-24T11:13:34,02/24/202611:13,144.43,0.8800000000000001,127.09840000000003,54.4,1.48,80.512,80.2,0.4,9.0,198.7,23297.0,44064.0,22.3,16.1,21.0,29.71,19.57,211.0,657.0,3.8,0.6334619475933606
2026-02-24T11:14:00,02/24/202611:14,144.28,0.8800000000000001,126.96640000000002,54.4,1.48,80.512,80.2,0.4,9.0,198.7,23297.0,44064.0,22.3,16.1,21.0,29.71,19.57,211.0,657.0,3.8,0.6341205232250421
2026-02-24T11:14:33,02/24/202611:14,144.13,0.8800000000000001,126.83440000000002,54.4,1.51,82.14399999999999,81.8,0.4,9.0,198.7,23297.0,44064.0,22.3,16.1,21.0,29.71,19.57,211.0,657.0,3.8,0.6476476413338966
2026-02-24T11:15:01,02/24/202611:15,143.98,0.8800000000000001,126.70240000000001,54.4,1.54,83.776,83.4,0.4,9.0,198.7,23297.0,44064.0,22.3,16.1,21.0,29.71,19.57,211.0,657.0,3.8,0.6612029448534518
2026-02-24T11:15:34,02/24/202611:15,143.89000000000001,0.89,128.06210000000002,54.4,1.55,84.32,84.0,0.4,9.0,198.7,23297.0,44064.0,22.3,16.1,21.0,29.71,19.57,211.0,657.0,3.8,0.6584305582994499
2026-02-24T11:16:00,02/24/202611:16,143.8,0.9,129.42000000000002,54.4,1.56,84.864,84.6,0.4,9.0,198.7,23297.0,44064.0,22.3,16.1,21.0,29.71,19.57,211.0,657.0,3.8,0.6557255447380621
2026-02-24T11:16:34,02/24/202611:16,143.71,0.9099999999999999,130.77609999999999,54.4,1.58,85.952,85.7,0.4,9.0,198.7,23297.0,44064.0,22.3,16.160000000000004,20.9,29.71,19.608,211.2,659.8,3.8299999999999996,0.6572454752817984
2026-02-24T11:18:01,02/24/202611:18,143.6,0.9199999999999999,132.112,54.410000000000004,1.6,87.05600000000001,86.8,0.4,9.0,198.7,23297.0,44064.0,22.3,16.220000000000002,20.8,29.71,19.646,211.4,662.6,3.8599999999999994,0.6589560373016835
2026-02-24T11:18:34,02/24/202611:18,143.67000000000002,0.9,129.30300000000003,54.410000000000004,1.58,85.96780000000001,85.7,0.5,9.0,198.7,23297.0,44064.0,22.3,16.28,20.7,29.71,19.684,211.6,665.4,3.8899999999999997,0.6648554171210258
2026-02-24T11:19:00,02/24/202611:19,143.74,0.8800000000000001,126.49120000000002,54.410000000000004,1.56,84.87960000000001,84.6,0.5,9.0,198.7,23297.0,44064.0,22.3,16.34,20.6,29.71,19.722,211.8,668.2,3.9199999999999995,0.6710316607005072
2026-02-24T11:19:14,02/24/202611:19,143.69,0.8800000000000001,126.44720000000001,54.410000000000004,1.59,86.51190000000001,86.2,0.5,9.0,198.7,23297.0,44064.0,22.3,16.4,20.5,29.71,19.759999999999998,212.0,671.0,3.95,0.684174105871858
2026-02-24T11:20:00,02/24/202611:20,143.64000000000001,0.8800000000000001,126.40320000000003,54.410000000000004,1.6199999999999999,88.1442,87.8,0.5,9.0,198.7,23297.0,44064.0,22.3,16.46,20.4,29.71,19.798,212.2,673.8,3.9799999999999995,0.6973257006151742
2026-02-24T11:20:13,02/24/202611:20,143.72,0.8700000000000001,125.03640000000001,54.410000000000004,1.59,86.51190000000001,86.2,0.5,9.0,198.7,23297.0,44064.0,22.3,16.52,20.3,29.71,19.836,212.4,676.6,4.01,0.6918937205485762
2026-02-24T11:21:01,02/24/202611:21,143.8,0.86,123.668,54.410000000000004,1.56,84.87960000000001,84.6,0.5,9.0,198.7,23297.0,44064.0,22.3,16.580000000000002,20.2,29.71,19.874000000000002,212.6,679.4,4.04,0.686350551476534
2026-02-24T11:21:14,02/24/202611:21,143.82999999999998,0.86,123.69379999999998,54.410000000000004,1.55,84.33550000000001,84.0,0.5,9.0,198.7,23297.0,44064.0,22.3,16.64,20.1,29.71,19.912,212.8,682.2,4.069999999999999,0.6818086274332265
2026-02-24T11:22:01,02/24/202611:22,143.85999999999999,0.86,123.71959999999999,54.410000000000004,1.54,83.79140000000001,83.4,0.5,9.0,198.7,23297.0,44064.0,22.3,16.7,20.0,29.71,19.95,213.0,685.0,4.1,0.6772685976999604
2026-02-24T11:22:14,02/24/202611:22,143.88,0.86,123.73679999999999,54.410000000000004,1.53,83.24730000000001,82.8,0.5,9.0,198.7,23297.0,44064.0,22.3,16.7,20.0,29.71,19.95,213.0,685.0,4.1,0.6727772174486493
2026-02-24T11:23:30,02/24/202611:23,143.92000000000002,0.8700000000000001,125.21040000000004,54.4,1.55,84.32,83.8,0.5,9.0,198.7,23297.0,44064.0,22.3,16.7,20.0,29.71,19.95,213.0,685.0,4.1,0.6734264885344985
2026-02-24T11:24:00,02/24/202611:24,143.9,0.89,128.071,54.4,1.59,86.496,85.9,0.5,9.0,198.7,23297.0,44064.0,22.3,16.7,20.0,29.71,19.95,213.0,685.0,4.1,0.6753753777201709
2026-02-24T11:24:30,02/24/202611:24,143.93,0.9,129.537,54.4,1.6199999999999999,88.12799999999999,87.5,0.5,9.0,198.7,23297.0,44064.0,22.3,16.7,20.0,29.71,19.95,213.0,685.0,4.1,0.6803307163204334
2026-02-24T11:26:00,02/24/202611:25,144.06,0.9,129.654,54.4,1.61,87.584,87.0,0.5,9.0,198.7,23297.0,44064.0,22.3,16.7,20.0,29.71,19.95,213.0,685.0,4.1,0.6755210020516144
2026-02-24T11:26:01,02/24/202611:26,144.19,0.9,129.77100000000002,54.4,1.6,87.04,86.5,0.5,9.0,198.7,23297.0,44064.0,22.3,16.7,20.0,29.71,19.95,213.0,685.0,4.1,0.6707199605458847
2026-02-24T11:27:00,02/24/202611:26,144.26,0.9099999999999999,131.27659999999997,54.4,1.6,87.04,86.5,0.5,9.0,198.7,23297.0,44064.0,22.3,16.7,20.0,29.71,19.95,213.0,685.0,4.1,0.663027531182252
2026-02-24T11:27:01,02/24/202611:27,144.32999999999998,0.9199999999999999,132.78359999999998,54.4,1.6,87.04,86.5,0.5,9.0,198.7,23297.0,44064.0,22.3,16.7,20.0,29.71,19.95,213.0,685.0,4.1,0.6555026373738927
2026-02-24T11:29:11,02/24/202611:29,144.45,0.9099999999999999,131.44949999999997,54.39,1.6,87.024,86.5,0.5,9.0,198.7,23297.0,44064.0,22.3,16.7,20.0,29.71,19.95,213.0,685.0,4.1,0.6620337087626809
2026-02-24T11:30:00,02/24/202611:30,144.57,0.9,130.113,54.39,1.61,87.56790000000001,87.1,0.5,9.0,198.7,23297.0,44064.0,22.4,16.7,20.0,29.71,19.95,213.0,685.0,4.1,0.6730142260957783
2026-02-24T11:30:18,02/24/202611:30,144.7,0.9,130.23,54.39,1.61,87.56790000000001,87.1,0.5,9.0,198.7,23297.0,44064.0,22.3,16.7,20.0,29.71,19.95,213.0,685.0,4.1,0.6724095830453813
2026-02-24T11:31:00,02/24/202611:31,144.82999999999998,0.89,128.8987,54.39,1.58,85.9362,85.5,0.5,9.0,198.7,23297.0,44064.0,22.3,16.7,20.0,29.71,19.95,213.0,685.0,4.1,0.6666956299792007
2026-02-24T11:31:19,02/24/202611:31,144.98,0.8800000000000001,127.5824,54.39,1.54,83.7606,83.4,0.5,9.0,198.7,23297.0,44064.0,22.4,16.75,20.0,29.707,19.912,213.3,687.5,4.13,0.656521589184715
2026-02-24T11:32:00,02/24/202611:32,145.07999999999998,0.8800000000000001,127.6704,54.39,1.51,82.1289,81.8,0.5,9.0,198.7,23297.0,44064.0,22.4,16.8,20.0,29.704,19.874000000000002,213.6,690.0,4.159999999999999,0.6432884991352733
2026-02-24T11:32:18,02/24/202611:32,145.15,0.8800000000000001,127.73200000000003,54.379999999999995,1.5,81.57,81.2,0.5,9.0,198.7,23297.0,44064.0,22.3,16.85,20.0,29.701,19.836,213.9,692.5,4.1899999999999995,0.6386026994018725
2026-02-24T11:33:00,02/24/202611:33,145.22,0.8800000000000001,127.79360000000001,54.36999999999999,1.49,81.01129999999999,80.6,0.5,9.0,198.7,23297.0,44064.0,22.3,16.9,20.0,29.698,19.798,214.2,695.0,4.220000000000001,0.6339229820585693
2026-02-24T11:33:18,02/24/202611:33,145.29000000000002,0.8800000000000001,127.85520000000004,54.36999999999999,1.5,81.55499999999998,81.2,0.5,9.0,198.7,23297.0,44064.0,22.4,16.919999999999998,20.0,29.695,19.753999999999998,214.6,697.4,4.25,0.6378700279691397
2026-02-24T11:34:00,02/24/202611:34,145.35999999999999,0.8800000000000001,127.91680000000001,54.36999999999999,1.51,82.09869999999998,81.8,0.5,9.0,198.7,23297.0,44064.0,22.4,16.939999999999998,20.0,29.692,19.71,215.0,699.8,4.279999999999999,0.6418132723770449
2026-02-24T11:34:18,02/24/202611:34,145.42000000000002,0.89,129.42380000000003,54.379999999999995,1.53,83.20139999999999,82.9,0.5,9.0,198.7,23297.0,44064.0,22.3,16.96,20.0,29.689,19.666,215.4,702.2,4.3100000000000005,0.6428601230994606
2026-02-24T11:35:00,02/24/202611:35,145.48,0.9,130.932,54.379999999999995,1.54,83.7452,83.4,0.5,9.0,198.7,23297.0,44064.0,22.3,16.979999999999997,20.0,29.686,19.622,215.8,704.6,4.340000000000001,0.6396083463171723
2026-02-24T11:35:18,02/24/202611:35,145.60999999999999,0.9,131.04899999999998,54.379999999999995,1.54,83.7452,83.4,0.5,9.0,198.7,23297.0,44064.0,22.3,17.0,20.1,29.686,19.578,216.2,707.0,4.37,0.639037306656289
2026-02-24T11:36:00,02/24/202611:36,145.74,0.9,131.16600000000003,54.379999999999995,1.54,83.7452,83.4,0.5,9.0,198.7,23297.0,44064.0,22.3,17.02,20.2,29.686,19.534,216.6,709.4,4.4,0.6384672857295334
2026-02-24T11:36:18,02/24/202611:36,145.89000000000001,0.89,129.84210000000002,54.379999999999995,1.54,83.7452,82.8,0.5,9.0,198.7,23297.0,44064.0,22.4,16.99,20.3,29.689,19.528,216.7,709.3,4.4,0.644977245438883
2026-02-24T11:37:00,02/24/202611:37,146.04000000000002,0.8800000000000001,128.51520000000002,54.379999999999995,1.54,83.7452,82.2,0.5,9.0,198.7,23297.0,44064.0,22.4,16.96,20.4,29.692,19.522000000000002,216.8,709.2,4.4,0.6516365379348122
2026-02-24T11:37:18,02/24/202611:37,146.2,0.8800000000000001,128.656,54.39,1.55,84.3045,82.8,0.5,9.0,198.7,23297.0,44064.0,22.4,16.93,20.5,29.695,19.516000000000002,216.9,709.1,4.4,0.6552706441984828
2026-02-24T11:38:01,02/24/202611:38,146.35999999999999,0.8800000000000001,128.7968,54.4,1.56,84.864,83.4,0.5,9.0,198.7,23297.0,44064.0,22.4,16.9,20.6,29.698,19.51,217.0,709.0,4.4,0.6588983577231733
2026-02-24T11:38:18,02/24/202611:38,146.53,0.8800000000000001,128.9464,54.4,1.5699999999999998,85.40799999999999,83.9,0.5,9.0,198.7,23297.0,44064.0,22.4,16.9,20.7,29.701,19.51,217.0,709.0,4.4,0.6623527295062133
2026-02-24T11:39:00,02/24/202611:39,146.7,0.8800000000000001,129.096,54.4,1.58,85.952,84.4,0.5,9.0,198.7,23297.0,44064.0,22.4,16.9,20.8,29.704,19.51,217.0,709.0,4.4,0.665799095246948
2026-02-24T11:40:23,02/24/202611:40,146.82999999999998,0.8800000000000001,129.2104,54.4,1.56,84.864,83.3,0.5,9.0,198.7,23297.0,44064.0,22.3,16.9,20.9,29.707,19.51,217.0,709.0,4.4,0.656789236779702
2026-02-24T11:41:00,02/24/202611:41,146.97,0.8800000000000001,129.33360000000002,54.4,1.53,83.232,81.7,0.5,9.0,198.7,23297.0,44064.0,22.4,16.9,21.0,29.71,19.51,217.0,709.0,4.4,0.6435450648555363
2026-02-24T11:42:00,02/24/202611:42,147.04000000000002,0.8700000000000001,127.92480000000003,54.4,1.53,83.232,81.7,0.5,9.0,198.7,23297.0,44064.0,22.4,16.9,21.0,29.71,19.51,217.0,709.0,4.4,0.6506322464447861
2026-02-24T11:43:42,02/24/202611:43,147.07,0.86,126.4802,54.4,1.54,83.776,82.2,0.5,9.0,198.7,23297.0,44064.0,22.4,16.9,21.0,29.71,19.51,217.0,709.0,4.4,0.6623645440155851
2026-02-24T11:44:00,02/24/202611:44,147.06,0.86,126.4716,54.4,1.56,84.864,83.8,0.5,9.0,198.7,23297.0,44064.0,22.4,16.9,21.0,29.71,19.51,217.0,709.0,4.4,0.6710123063201542
2026-02-24T11:44:42,02/24/202611:44,147.05,0.8700000000000001,127.93350000000002,54.4,1.58,85.952,85.5,0.5,9.0,198.7,23297.0,44064.0,22.4,16.9,21.0,29.71,19.51,217.0,709.0,4.4,0.6718490465749782
2026-02-24T11:45:01,02/24/202611:45,147.03,0.8700000000000001,127.91610000000001,54.4,1.58,85.952,85.5,0.5,9.0,198.7,23297.0,44064.0,22.4,16.9,21.0,29.71,19.51,217.0,709.0,4.4,0.6719404359576315
2026-02-24T11:45:42,02/24/202611:45,147.05,0.86,126.46300000000001,54.4,1.55,84.32,83.8,0.5,9.0,198.7,23297.0,44064.0,22.4,16.96,20.9,29.71,19.548000000000002,217.2,711.0,4.42,0.6667562844468341
2026-02-24T11:46:01,02/24/202611:46,147.05,0.85,124.9925,54.4,1.51,82.14399999999999,81.6,0.5,9.0,198.7,23297.0,44064.0,22.4,17.02,20.8,29.71,19.586000000000002,217.4,713.0,4.44,0.6571914314858891
2026-02-24T11:46:51,02/24/202611:46,147.07999999999998,0.8400000000000001,123.5472,54.4,1.48,80.512,80.0,0.5,9.0,198.7,23297.0,44064.0,22.4,17.08,20.7,29.71,19.624000000000002,217.6,715.0,4.46,0.6516699690482666
2026-02-24T11:47:01,02/24/202611:47,147.10999999999999,0.8300000000000001,122.1013,54.4,1.47,79.968,79.5,0.5,9.0,198.7,23297.0,44064.0,22.4,17.139999999999997,20.6,29.71,19.662,217.8,717.0,4.4799999999999995,0.6549316018748368
2026-02-24T11:47:50,02/24/202611:47,147.14000000000001,0.8200000000000001,120.65480000000002,54.4,1.49,81.056,80.6,0.5,9.0,198.7,23297.0,44064.0,22.3,17.2,20.5,29.71,19.7,218.0,719.0,4.5,0.6718008732350472
2026-02-24T11:48:00,02/24/202611:48,147.18,0.8200000000000001,120.68760000000002,54.4,1.5,81.6,81.2,0.5,9.0,198.7,23297.0,44064.0,22.3,17.259999999999998,20.4,29.71,19.738,218.2,721.0,4.5200000000000005,0.6761257991707514
2026-02-24T11:48:51,02/24/202611:48,147.26,0.8300000000000001,122.2258,54.4,1.49,81.056,80.7,0.5,9.0,198.7,23297.0,44064.0,22.4,17.32,20.3,29.71,19.776000000000003,218.4,723.0,4.54,0.6631660418667744
2026-02-24T11:49:01,02/24/202611:49,147.34,0.8400000000000001,123.76560000000002,54.4,1.48,80.512,80.2,0.5,9.0,198.7,23297.0,44064.0,22.4,17.380000000000003,20.2,29.71,19.814,218.6,725.0,4.56,0.6505200152546425
2026-02-24T11:49:50,02/24/202611:49,147.4,0.85,125.29,54.410000000000004,1.48,80.52680000000001,80.7,0.5,10.0,198.7,23297.0,44064.0,22.4,17.44,20.1,29.71,19.852,218.8,727.0,4.58,0.642723281985793
2026-02-24T11:50:01,02/24/202611:50,147.45999999999998,0.86,126.81559999999998,54.42,1.48,80.5416,81.2,0.5,10.0,198.7,23297.0,44064.0,22.4,17.5,20.0,29.71,19.89,219.0,729.0,4.6,0.6351079835603823
2026-02-24T11:51:34,02/24/202611:51,147.5,0.8700000000000001,128.32500000000002,54.42,1.51,82.1742,82.9,0.5,10.0,198.7,23297.0,44064.0,22.4,17.5,20.0,29.71,19.89,219.0,729.0,4.6,0.6403600233781414
2026-02-24T11:51:36,02/24/202611:51,147.56,0.8700000000000001,128.37720000000002,54.42,1.53,83.2626,84.0,0.5,10.0,198.7,23297.0,44064.0,22.4,17.5,20.0,29.71,19.89,219.0,729.0,4.6,0.6485777848402987
2026-02-24T11:52:00,02/24/202611:52,147.59,0.8700000000000001,128.40330000000003,54.42,1.54,83.80680000000001,84.5,0.5,10.0,198.7,23297.0,44064.0,22.4,17.5,20.0,29.71,19.89,219.0,729.0,4.6,0.6526841599865423
2026-02-24T11:52:37,02/24/202611:52,147.60999999999999,0.8700000000000001,128.4207,54.42,1.56,84.8952,85.6,0.5,10.0,198.7,23297.0,44064.0,22.3,17.5,20.0,29.71,19.89,219.0,729.0,4.6,0.6610709955637992
2026-02-24T11:53:01,02/24/202611:53,147.62,0.8700000000000001,128.42940000000002,54.42,1.56,84.8952,85.6,0.5,10.0,198.7,23297.0,44064.0,22.3,17.5,20.0,29.71,19.89,219.0,729.0,4.6,0.6610262136239833
2026-02-24T11:53:36,02/24/202611:53,147.66,0.8700000000000001,128.4642,54.42,1.52,82.7184,83.4,0.5,10.0,198.7,23297.0,44064.0,22.4,17.5,20.0,29.71,19.89,219.0,729.0,4.6,0.6439023478914748
2026-02-24T11:54:01,02/24/202611:54,147.7,0.86,127.02199999999999,54.42,1.49,81.0858,81.8,0.5,10.0,198.7,23297.0,44064.0,22.4,17.5,20.0,29.71,19.89,219.0,729.0,4.6,0.6383602840452836
2026-02-24T11:54:37,02/24/202611:54,147.75,0.85,125.58749999999999,54.42,1.46,79.4532,80.2,0.5,10.0,198.7,23297.0,44064.0,22.4,17.5,20.0,29.71,19.89,219.0,729.0,4.6,0.6326521349656614
2026-02-24T11:55:00,02/24/202611:55,147.82,0.8300000000000001,122.6906,54.410000000000004,1.42,77.2622,77.5,0.5,10.0,198.7,23297.0,44064.0,22.4,17.5,20.0,29.71,19.89,219.0,729.0,4.6,0.6297320251103182
2026-02-24T11:55:37,02/24/202611:55,147.91,0.8200000000000001,121.28620000000001,54.4,1.42,77.24799999999999,77.0,0.5,10.0,198.7,23297.0,44064.0,22.4,17.5,20.0,29.71,19.89,219.0,729.0,4.6,0.6369067544370257
2026-02-24T11:56:00,02/24/202611:56,147.98,0.8200000000000001,121.3436,54.4,1.42,77.24799999999999,77.0,0.5,10.0,198.7,23297.0,44064.0,22.4,17.5,20.0,29.71,19.89,219.0,729.0,4.6,0.6366054740423063
2026-02-24T11:56:37,02/24/202611:56,148.03,0.8200000000000001,121.3846,54.4,1.44,78.336,78.1,0.5,10.0,198.7,23297.0,44064.0,22.4,17.5,20.0,29.71,19.89,219.0,729.0,4.6,0.6453536939611779
2026-02-24T11:57:01,02/24/202611:57,148.07999999999998,0.8200000000000001,121.4256,54.4,1.46,79.42399999999999,79.2,0.5,10.0,198.7,23297.0,44064.0,22.4,17.5,20.0,29.71,19.89,219.0,729.0,4.6,0.6540960061140318
2026-02-24T11:57:37,02/24/202611:57,148.17000000000002,0.8200000000000001,121.49940000000002,54.4,1.4300000000000002,77.792,77.5,0.5,10.0,198.7,23297.0,44064.0,22.4,17.5,20.0,29.71,19.89,219.0,729.0,4.6,0.6402665362956523
2026-02-24T11:58:01,02/24/202611:58,148.26,0.8200000000000001,121.5732,54.4,1.4,76.16,75.8,0.5,10.0,198.7,23297.0,44064.0,22.4,17.5,20.0,29.71,19.89,219.0,729.0,4.6,0.6264538566065547
2026-02-24T11:58:36,02/24/202611:58,148.34,0.8200000000000001,121.63880000000002,54.4,1.3900000000000001,75.616,75.2,0.5,10.0,198.7,23297.0,44064.0,22.4,17.5,20.0,29.71,19.89,219.0,729.0,4.6,0.621643751829186
2026-02-24T11:59:01,02/24/202611:59,148.42000000000002,0.8200000000000001,121.70440000000002,54.4,1.3800000000000001,75.072,74.6,0.5,10.0,198.7,23297.0,44064.0,22.4,17.5,20.0,29.71,19.89,219.0,729.0,4.6,0.6168388324497717
2026-02-24T11:59:36,02/24/202611:59,148.5,0.8200000000000001,121.77000000000001,54.4,1.3800000000000001,75.072,74.6,0.5,10.0,198.7,23297.0,44064.0,22.4,17.5,20.0,29.71,19.89,219.0,729.0,4.6,0.6165065287016506
2026-02-24T12:00:01,02/24/202600:00,148.58,0.8200000000000001,121.83560000000001,54.4,1.3800000000000001,75.072,74.6,0.5,10.0,198.7,23297.0,44064.0,22.4,17.5,20.0,29.71,19.89,219.0,729.0,4.6,0.6161745827984595
2026-02-24T12:00:36,02/24/202600:00,148.62,0.8099999999999999,120.3822,54.410000000000004,1.3699999999999999,74.5417,74.0,0.5,10.0,198.7,23297.0,44064.0,22.4,17.54,20.0,29.707,19.89,219.0,730.7,4.609999999999999,0.6192086537710725
2026-02-24T12:01:00,02/24/202600:01,148.69,0.79,117.4651,54.410000000000004,1.35,73.4535,72.9,0.5,10.0,198.7,23297.0,44064.0,22.4,17.580000000000002,20.0,29.704,19.89,219.0,732.4,4.619999999999999,0.6253219041230119
2026-02-24T12:03:41,02/24/202600:03,148.72,0.8,118.976,54.410000000000004,1.3199999999999998,71.82119999999999,71.3,0.5,10.0,198.7,23297.0,44064.0,22.4,17.619999999999997,20.0,29.701,19.89,219.0,734.1,4.63,0.6036612426035503
2026-02-24T12:04:00,02/24/202600:04,148.75,0.8099999999999999,120.4875,54.410000000000004,1.29,70.1889,69.7,0.5,10.0,198.7,23297.0,44064.0,22.4,17.66,20.0,29.698,19.89,219.0,735.8,4.64,0.582540927482104
2026-02-24T12:04:41,02/24/202600:04,148.77,0.8,119.01600000000002,54.410000000000004,1.27,69.1007,68.6,0.5,10.0,198.7,23297.0,44064.0,22.4,17.7,20.0,29.695,19.89,219.0,737.5,4.65,0.5806000873832089
2026-02-24T12:05:00,02/24/202600:05,148.79000000000002,0.79,117.54410000000001,54.410000000000004,1.25,68.0125,67.5,0.5,10.0,198.7,23297.0,44064.0,22.4,17.74,20.0,29.692,19.89,219.0,739.2,4.66,0.5786126228368756
2026-02-24T12:05:40,02/24/202600:05,148.79000000000002,0.78,116.05620000000002,54.410000000000004,1.27,69.1007,68.6,0.5,10.0,198.7,23297.0,44064.0,22.4,17.779999999999998,20.0,29.689,19.89,219.0,740.9,4.67,0.5954072251202434
2026-02-24T12:06:00,02/24/202600:06,148.79000000000002,0.77,114.56830000000002,54.410000000000004,1.29,70.1889,69.7,0.5,10.0,198.7,23297.0,44064.0,22.4,17.82,20.0,29.686,19.89,219.0,742.6,4.68,0.6126380508395428
2026-02-24T12:06:41,02/24/202600:06,148.78,0.78,116.0484,54.410000000000004,1.33,72.3653,71.9,0.5,10.0,198.7,23297.0,44064.0,22.4,17.86,20.0,29.683,19.89,219.0,744.3,4.6899999999999995,0.6235786103039767
2026-02-24T12:07:00,02/24/202600:07,148.77,0.79,117.52830000000002,54.410000000000004,1.3699999999999999,74.5417,74.1,0.5,10.0,198.7,23297.0,44064.0,22.4,17.9,20.0,29.68,19.89,219.0,746.0,4.7,0.634244688300605
2026-02-24T12:07:41,02/24/202600:07,148.78000000000003,0.79,117.53620000000002,54.4,1.35,73.44,73.0,0.5,10.0,198.7,23297.0,44064.0,22.4,17.9,20.0,29.68,19.89,219.0,746.0,4.7,0.6248287761557715
2026-02-24T12:08:00,02/24/202600:08,148.76000000000002,0.8,119.00800000000002,54.4,1.34,72.896,72.4,0.5,10.0,198.7,23297.0,44064.0,22.4,17.9,20.0,29.68,19.89,219.0,746.0,4.7,0.6125302500672223
2026-02-24T12:08:04,02/24/202600:08,148.77,0.79,117.52830000000002,54.4,1.33,72.352,71.8,0.5,10.0,198.7,23297.0,44064.0,22.5,17.9,20.0,29.68,19.89,219.0,746.0,4.7,0.6156134309779006
2026-02-24T12:09:00,02/24/202600:09,148.78000000000003,0.78,116.04840000000003,54.4,1.32,71.808,71.2,0.5,10.0,198.7,23297.0,44064.0,22.5,17.9,20.0,29.68,19.89,219.0,746.0,4.7,0.6187763036801885
2026-02-24T12:09:04,02/24/202600:09,148.77,0.78,116.04060000000001,54.39,1.33,72.3387,71.8,0.5,10.0,198.7,23297.0,44064.0,22.4,17.9,20.0,29.68,19.89,219.0,746.0,4.7,0.6233912958050889
2026-02-24T12:10:00,02/24/202600:10,148.76,0.78,116.0328,54.379999999999995,1.34,72.86919999999999,72.4,0.5,10.0,198.7,23297.0,44064.0,22.4,17.9,20.0,29.68,19.89,219.0,746.0,4.7,0.6280051847408663
2026-02-24T12:10:04,02/24/202600:10,148.77,0.77,114.55290000000001,54.379999999999995,1.31,71.2378,70.8,0.5,10.0,198.7,23297.0,44064.0,22.4,17.9,20.0,29.68,19.89,219.0,746.0,4.7,0.6218768795901282
2026-02-24T12:10:41,02/24/202600:10,148.75,0.78,116.025,54.379999999999995,1.33,72.3254,71.9,0.5,10.0,198.7,23297.0,44064.0,22.4,17.9,20.0,29.68,19.89,219.0,746.0,4.7,0.6233604826546003
2026-02-24T12:11:00,02/24/202600:11,148.73,0.77,114.5221,54.379999999999995,1.3199999999999998,71.78159999999998,71.3,0.5,10.0,198.7,23297.0,44064.0,22.4,17.9,20.0,29.68,19.89,219.0,746.0,4.7,0.6267925579429646
2026-02-24T12:11:41,02/24/202600:11,148.74,0.76,113.04240000000001,54.379999999999995,1.28,69.6064,69.1,0.5,10.0,198.7,23297.0,44064.0,22.4,17.9,20.0,29.68,19.89,219.0,746.0,4.7,0.6157547964303658
2026-02-24T12:12:00,02/24/202600:12,148.75,0.76,113.05,54.379999999999995,1.27,69.06259999999999,68.6,0.5,10.0,198.7,23297.0,44064.0,22.4,17.9,20.0,29.68,19.89,219.0,746.0,4.7,0.6109031402034497
2026-02-24T12:13:55,02/24/202600:13,148.72,0.75,111.53999999999999,54.379999999999995,1.26,68.5188,68.1,0.5,10.0,198.7,23297.0,44064.0,22.4,17.9,20.0,29.68,19.89,219.0,746.0,4.7,0.614298009682625
2026-02-24T12:14:00,02/24/202600:14,148.7,0.74,110.038,54.379999999999995,1.25,67.975,67.6,0.5,10.0,198.7,23297.0,44064.0,22.4,17.9,20.0,29.68,19.89,219.0,746.0,4.7,0.6177411439684473
2026-02-24T12:14:41,02/24/202600:14,148.67000000000002,0.72,107.0424,54.379999999999995,1.22,66.3436,66.0,0.5,10.0,198.7,23297.0,44064.0,22.4,17.9,20.0,29.68,19.89,219.0,746.0,4.7,0.6197880466058309
2026-02-24T12:15:00,02/24/202600:15,148.64000000000001,0.71,105.5344,54.39,1.2,65.268,64.9,0.5,10.0,198.7,23297.0,44064.0,22.4,17.9,20.0,29.68,19.89,219.0,746.0,4.7,0.6184523719280158
2026-02-24T12:15:41,02/24/202600:15,148.60999999999999,0.71,105.51309999999998,54.4,1.21,65.824,65.4,0.5,10.0,198.7,23297.0,44064.0,22.4,17.9,20.0,29.68,19.89,219.0,746.0,4.7,0.623846707186122
2026-02-24T12:16:00,02/24/202600:16,148.56,0.72,106.9632,54.4,1.24,67.456,67.0,0.5,10.0,198.7,23297.0,44064.0,22.4,17.9,20.0,29.68,19.89,219.0,746.0,4.7,0.6306468018907437
2026-02-24T12:16:41,02/24/202600:16,148.53,0.72,106.9416,54.410000000000004,1.2,65.292,64.8,0.5,10.0,198.7,23297.0,44064.0,22.4,17.939999999999998,20.0,29.68,19.89,218.9,747.1,4.720000000000001,0.6105388361498238
2026-02-24T12:17:01,02/24/202600:17,148.5,0.72,106.92,54.42,1.16,63.127199999999995,62.6,0.5,10.0,198.7,23297.0,44064.0,22.4,17.979999999999997,20.0,29.68,19.89,218.8,748.2,4.74,0.590415263748597
2026-02-24T12:17:41,02/24/202600:17,148.41000000000003,0.73,108.33930000000001,54.410000000000004,1.19,64.7479,64.2,0.5,10.0,198.7,23297.0,44064.0,22.4,18.02,20.0,29.68,19.89,218.7,749.3,4.76,0.5976400069042351
2026-02-24T12:18:00,02/24/202600:18,148.32,0.74,109.7568,54.4,1.22,66.368,65.8,0.5,10.0,198.7,23297.0,44064.0,22.4,18.06,20.0,29.68,19.89,218.6,750.4,4.78,0.6046823522551678
2026-02-24T12:18:41,02/24/202600:18,148.27,0.74,109.7198,54.4,1.21,65.824,65.2,0.5,10.0,198.7,23297.0,44064.0,22.4,18.1,20.0,29.68,19.89,218.5,751.5,4.8,0.5999281806930016
2026-02-24T12:19:00,02/24/202600:19,148.22,0.74,109.6828,54.4,1.2,65.28,64.6,0.5,10.0,198.7,23297.0,44064.0,22.4,18.14,20.0,29.68,19.89,218.4,752.6,4.82,0.5951708016206735
2026-02-24T12:19:42,02/24/202600:19,148.19,0.75,111.1425,54.4,1.23,66.91199999999999,66.2,0.5,10.0,198.7,23297.0,44064.0,22.4,18.18,20.0,29.68,19.89,218.3,753.7,4.840000000000001,0.602037924286389
2026-02-24T12:20:00,02/24/202600:20,148.16,0.76,112.6016,54.4,1.2600000000000002,68.54400000000001,67.8,0.5,10.0,198.7,23297.0,44064.0,22.4,18.22,20.0,29.68,19.89,218.2,754.8,4.86,0.6087302489485052
2026-02-24T12:20:41,02/24/202600:20,148.10999999999999,0.76,112.5636,54.4,1.24,67.456,66.7,0.5,10.0,198.7,23297.0,44064.0,22.4,18.259999999999998,20.0,29.68,19.89,218.1,755.9,4.880000000000001,0.599270101524827
2026-02-24T12:21:00,02/24/202600:21,148.06,0.76,112.5256,54.4,1.2200000000000002,66.36800000000001,65.6,0.5,10.0,198.7,23297.0,44064.0,22.4,18.3,20.0,29.68,19.89,218.0,757.0,4.9,0.5898035646999439
2026-02-24T12:21:41,02/24/202600:21,148.04000000000002,0.76,112.51040000000002,54.39,1.23,66.8997,66.2,0.5,10.0,198.7,23297.0,44064.0,22.4,18.3,20.0,29.68,19.89,218.0,757.0,4.9,0.5946090316984028
2026-02-24T12:22:00,02/24/202600:22,148.02,0.76,112.49520000000001,54.379999999999995,1.24,67.43119999999999,66.8,0.5,10.0,198.7,23297.0,44064.0,22.4,18.3,20.0,29.68,19.89,218.0,757.0,4.9,0.5994140194426072
2026-02-24T12:22:41,02/24/202600:22,148.01,0.74,109.52739999999999,54.39,1.19,64.72409999999999,64.1,0.5,10.0,198.7,23297.0,44064.0,22.4,18.3,20.0,29.68,19.89,218.0,757.0,4.9,0.5909398013647726
2026-02-24T12:23:00,02/24/202600:23,148.0,0.72,106.56,54.4,1.1400000000000001,62.016000000000005,61.4,0.5,10.0,198.7,23297.0,44064.0,22.4,18.3,20.0,29.68,19.89,218.0,757.0,4.9,0.581981981981982
2026-02-24T12:23:41,02/24/202600:23,147.97,0.73,108.01809999999999,54.4,1.19,64.73599999999999,64.2,0.5,10.0,198.7,23297.0,44064.0,22.4,18.3,20.0,29.68,19.89,218.0,757.0,4.9,0.5993069679988816
2026-02-24T12:25:05,02/24/202600:25,147.91,0.74,109.4534,54.4,1.24,67.456,67.0,0.5,10.0,198.7,23297.0,44064.0,22.4,18.3,20.0,29.68,19.89,218.0,757.0,4.9,0.6162988084426797
2026-02-24T12:25:41,02/24/202600:25,147.9,0.75,110.92500000000001,54.4,1.23,66.91199999999999,66.5,0.5,10.0,198.7,23297.0,44064.0,22.4,18.3,20.0,29.68,19.89,218.0,757.0,4.9,0.6032183908045976
2026-02-24T12:26:01,02/24/202600:26,147.89000000000001,0.76,112.39640000000001,54.4,1.22,66.368,66.0,0.5,10.0,198.7,23297.0,44064.0,22.4,18.3,20.0,29.68,19.89,218.0,757.0,4.9,0.5904815456722812
2026-02-24T12:26:41,02/24/202600:26,147.82999999999998,0.78,115.30739999999999,54.4,1.24,67.456,67.1,0.5,10.0,198.7,23297.0,44064.0,22.4,18.3,20.0,29.68,19.89,218.0,757.0,4.9,0.5850101554627024
2026-02-24T12:27:00,02/24/202600:27,147.77,0.8,118.21600000000001,54.4,1.26,68.544,68.2,0.5,10.0,198.7,23297.0,44064.0,22.4,18.3,20.0,29.68,19.89,218.0,757.0,4.9,0.5798199905258171
2026-02-24T12:27:41,02/24/202600:27,147.66,0.79,116.65140000000001,54.4,1.25,68.0,67.6,0.5,10.0,198.7,23297.0,44064.0,22.4,18.3,20.0,29.68,19.89,218.0,757.0,4.9,0.582933423859465
2026-02-24T12:28:00,02/24/202600:28,147.55,0.78,115.08900000000001,54.4,1.24,67.456,67.0,0.5,10.0,198.7,23297.0,44064.0,22.4,18.3,20.0,29.68,19.89,218.0,757.0,4.9,0.5861203068929263
2026-02-24T12:28:01,02/24/202600:28,147.45999999999998,0.79,116.4934,54.4,1.28,69.632,69.2,0.5,10.0,198.7,23297.0,44064.0,22.4,18.3,20.0,29.68,19.89,218.0,757.0,4.9,0.5977334338254356
2026-02-24T12:29:00,02/24/202600:29,147.37,0.8,117.89600000000002,54.4,1.3199999999999998,71.80799999999999,71.4,0.5,10.0,198.7,23297.0,44064.0,22.4,18.3,20.0,29.68,19.89,218.0,757.0,4.9,0.6090791884372666
2026-02-24T12:29:01,02/24/202600:29,147.3,0.8,117.84000000000002,54.4,1.31,71.264,70.8,0.5,10.0,198.7,23297.0,44064.0,22.4,18.3,20.0,29.68,19.89,218.0,757.0,4.9,0.6047522063815342
2026-02-24T12:30:01,02/24/202600:30,147.28,0.8099999999999999,119.29679999999999,54.4,1.3,70.72,70.2,0.5,10.0,198.7,23297.0,44064.0,22.4,18.3,20.0,29.68,19.89,218.0,757.0,4.9,0.5928071834282228
2026-02-24T12:30:41,02/24/202600:30,147.17000000000002,0.8099999999999999,119.2077,54.39,1.31,71.2509,70.7,0.5,10.0,198.7,23297.0,44064.0,22.4,18.3,20.0,29.68,19.89,218.0,757.0,4.9,0.5977038396009654
2026-02-24T12:31:00,02/24/202600:31,147.06,0.8099999999999999,119.11859999999999,54.379999999999995,1.3199999999999998,71.78159999999998,71.2,0.5,10.0,198.7,23297.0,44064.0,22.4,18.3,20.0,29.68,19.89,218.0,757.0,4.9,0.602606142113826
2026-02-24T12:31:41,02/24/202600:31,147.03,0.8,117.62400000000001,54.379999999999995,1.3199999999999998,71.78159999999998,71.2,0.5,10.0,198.7,23297.0,44064.0,22.4,18.28,20.0,29.677,19.914,217.9,757.8,4.91,0.6102632115894714
2026-02-24T12:32:00,02/24/202600:32,147.0,0.79,116.13000000000001,54.379999999999995,1.3199999999999998,71.78159999999998,71.2,0.5,10.0,198.7,23297.0,44064.0,22.4,18.26,20.0,29.674,19.938,217.8,758.6,4.92,0.6181141823818133
2026-02-24T12:32:42,02/24/202600:32,147.01,0.78,114.6678,54.379999999999995,1.31,71.2378,70.7,0.5,10.0,198.7,23297.0,44064.0,22.4,18.240000000000002,20.0,29.671,19.869,217.4,759.4,4.930000000000001,0.6212537434223033
2026-02-24T12:33:00,02/24/202600:33,147.02,0.77,113.20540000000001,54.379999999999995,1.3,70.694,70.2,0.5,10.0,198.7,23297.0,44064.0,22.4,18.220000000000002,20.0,29.668,19.8,217.0,760.2,4.94,0.6244755108855231
2026-02-24T12:33:42,02/24/202600:33,147.03,0.76,111.7428,54.379999999999995,1.29,70.1502,69.6,0.5,11.0,198.7,23297.0,44064.0,22.4,18.2,20.0,29.665,19.731,216.6,761.0,4.95,0.6277827296255329
2026-02-24T12:34:00,02/24/202600:34,147.04000000000002,0.75,110.28000000000002,54.379999999999995,1.28,69.6064,69.0,0.5,11.0,198.7,23297.0,44064.0,22.4,18.18,20.0,29.662,19.662,216.2,761.8,4.96,0.6311788175553136
2026-02-24T12:34:42,02/24/202600:34,147.06,0.75,110.295,54.379999999999995,1.25,67.975,67.4,0.5,11.0,198.7,23297.0,44064.0,22.4,18.160000000000004,20.0,29.659,19.593,215.8,762.6,4.970000000000001,0.6163017362527766
2026-02-24T12:36:16,02/24/202600:36,147.03,0.74,108.8022,54.379999999999995,1.23,66.8874,66.3,0.5,11.0,198.7,23297.0,44064.0,22.4,18.14,20.0,29.656,19.524,215.4,763.4,4.9799999999999995,0.6147614662203522
2026-02-24T12:36:42,02/24/202600:36,147.04000000000002,0.74,108.80960000000002,54.39,1.23,66.8997,66.3,0.6,11.0,198.7,23297.0,44064.0,22.4,18.12,20.0,29.653,19.455,215.0,764.2,4.99,0.6148326985854188
2026-02-24T12:37:00,02/24/202600:37,147.05,0.74,108.81700000000001,54.4,1.23,66.91199999999999,66.3,0.6,11.0,198.7,23297.0,44064.0,22.4,18.1,20.0,29.65,19.386,214.6,765.0,5.0,0.6149039212623026
2026-02-24T12:37:41,02/24/202600:37,147.06,0.73,107.35379999999999,54.4,1.22,66.368,65.8,0.6,11.0,198.7,23297.0,44064.0,22.4,18.1,20.0,29.65,19.293,214.3,765.0,5.0,0.6182175200132646
2026-02-24T12:38:00,02/24/202600:38,147.07,0.72,105.89039999999999,54.4,1.21,65.824,65.3,0.6,11.0,198.7,23297.0,44064.0,22.4,18.1,20.0,29.65,19.2,214.0,765.0,5.0,0.6216238676971662
2026-02-24T12:38:42,02/24/202600:38,147.06,0.73,107.35379999999999,54.4,1.24,67.456,66.9,0.6,11.0,198.7,23297.0,44064.0,22.4,18.1,20.0,29.65,19.2,214.0,765.0,5.0,0.628352233456105
2026-02-24T12:39:00,02/24/202600:39,147.05,0.74,108.81700000000001,54.4,1.27,69.088,68.5,0.6,11.0,198.7,23297.0,44064.0,22.4,18.1,20.0,29.65,19.2,214.0,765.0,5.0,0.6349007967505076
2026-02-24T12:39:42,02/24/202600:39,146.99,0.76,111.7124,54.4,1.28,69.632,69.1,0.6,11.0,198.7,23297.0,44064.0,22.4,18.1,20.0,29.65,19.2,214.0,765.0,5.0,0.6233148692535475
2026-02-24T12:40:00,02/24/202600:40,146.93,0.78,114.6054,54.4,1.29,70.176,69.7,0.6,11.0,198.7,23297.0,44064.0,22.4,18.1,20.0,29.65,19.2,214.0,765.0,5.0,0.6123271678297881
2026-02-24T12:41:00,02/24/202600:41,146.85999999999999,0.79,116.01939999999999,54.4,1.31,71.264,70.8,0.6,11.0,198.7,23297.0,44064.0,22.4,18.1,20.1,29.653,19.2,214.0,765.0,5.0,0.6142421008900236
2026-02-24T12:41:42,02/24/202600:41,146.85,0.79,116.0115,54.4,1.31,71.264,70.8,0.6,11.0,198.7,23297.0,44064.0,22.4,18.1,20.2,29.656,19.2,214.0,765.0,5.0,0.6142839287484431
2026-02-24T12:42:00,02/24/202600:42,146.82999999999998,0.79,115.9957,54.4,1.31,71.264,70.8,0.6,11.0,198.7,23297.0,44064.0,22.4,18.1,20.3,29.659,19.2,214.0,765.0,5.0,0.6143676015576439
2026-02-24T12:42:41,02/24/202600:42,146.82999999999998,0.79,115.9957,54.410000000000004,1.3199999999999998,71.82119999999999,71.4,0.6,11.0,198.7,23297.0,44064.0,22.4,18.1,20.4,29.662,19.2,214.0,765.0,5.0,0.6191712278989652
2026-02-24T12:43:00,02/24/202600:43,146.82,0.8,117.456,54.42,1.34,72.92280000000001,72.5,0.6,11.0,198.7,23297.0,44064.0,22.4,18.1,20.5,29.665,19.2,214.0,765.0,5.0,0.6208520637515326
2026-02-24T12:43:41,02/24/202600:43,146.8,0.8,117.44000000000001,54.42,1.34,72.92280000000001,72.5,0.6,11.0,198.7,23297.0,44064.0,22.4,18.1,20.6,29.668,19.2,214.0,765.0,5.0,0.6209366485013624
2026-02-24T12:44:00,02/24/202600:44,146.79000000000002,0.8,117.43200000000002,54.42,1.3299999999999998,72.37859999999999,72.0,0.6,11.0,198.7,23297.0,44064.0,22.4,18.1,20.7,29.671,19.2,214.0,765.0,5.0,0.6163447782546494
2026-02-24T12:44:42,02/24/202600:44,146.78,0.8099999999999999,118.89179999999999,54.42,1.3199999999999998,71.83439999999999,71.5,0.6,11.0,198.7,23297.0,44064.0,22.4,18.1,20.8,29.674,19.2,214.0,765.0,5.0,0.6041997850146099
2026-02-24T12:45:00,02/24/202600:45,146.82,0.8,117.456,54.42,1.3,70.74600000000001,70.4,0.6,11.0,198.7,23297.0,44064.0,22.4,18.1,20.9,29.677,19.2,214.0,765.0,5.0,0.6023191663261137
2026-02-24T12:45:42,02/24/202600:45,146.87,0.79,116.02730000000001,54.42,1.2799999999999998,69.65759999999999,69.3,0.6,11.0,198.7,23297.0,44064.0,22.4,18.14,21.0,29.677,19.107,214.2,765.3,5.01,0.6003552612186958
2026-02-24T12:46:00,02/24/202600:46,146.92000000000002,0.78,114.59760000000001,54.42,1.26,68.56920000000001,68.2,0.6,11.0,198.7,23297.0,44064.0,22.4,18.18,21.0,29.674,19.014,214.4,765.6,5.0200000000000005,0.5983476093740183
2026-02-24T12:47:28,02/24/202600:47,146.95999999999998,0.77,113.15919999999998,54.42,1.25,68.025,67.7,0.6,11.0,198.7,23297.0,44064.0,22.4,18.220000000000002,21.0,29.671,18.921,214.6,765.9,5.029999999999999,0.6011442286619206
2026-02-24T12:47:41,02/24/202600:47,147.01,0.76,111.7276,54.42,1.23,66.9366,66.6,0.6,11.0,198.7,23297.0,44064.0,22.4,18.26,21.0,29.668,18.828,214.8,766.2,5.04,0.5991053240202063
2026-02-24T12:48:01,02/24/202600:48,147.04000000000002,0.75,110.28000000000002,54.410000000000004,1.2,65.292,64.9,0.6,11.0,198.7,23297.0,44064.0,22.4,18.3,21.0,29.665,18.735,215.0,766.5,5.05,0.592056583242655
2026-02-24T12:48:42,02/24/202600:48,147.09,0.74,108.8466,54.39,1.17,63.6363,63.2,0.6,11.0,198.7,23297.0,44064.0,22.4,18.34,21.0,29.662,18.642,215.2,766.8,5.06,0.5846420558841525
2026-02-24T12:49:00,02/24/202600:49,147.15,0.74,108.891,54.379999999999995,1.16,63.08079999999999,62.6,0.6,11.0,198.7,23297.0,44064.0,22.4,18.380000000000003,21.0,29.659,18.549,215.4,767.1,5.069999999999999,0.5793022380178342
2026-02-24T12:49:42,02/24/202600:49,147.18,0.74,108.9132,54.379999999999995,1.1400000000000001,61.9932,61.5,0.6,11.0,198.7,23297.0,44064.0,22.4,18.419999999999998,21.0,29.656,18.456,215.6,767.4,5.08,0.5691982239067441
2026-02-24T12:50:01,02/24/202600:50,147.20999999999998,0.73,107.46329999999998,54.379999999999995,1.1199999999999999,60.905599999999986,60.4,0.6,11.0,198.7,23297.0,44064.0,22.4,18.46,21.0,29.653,18.363,215.8,767.7,5.09,0.5667572092053752
2026-02-24T12:50:42,02/24/202600:50,147.19,0.73,107.4487,54.379999999999995,1.1400000000000001,61.9932,61.5,0.6,11.0,198.7,23297.0,44064.0,22.4,18.5,21.0,29.65,18.27,216.0,768.0,5.1,0.5769562591264482
2026-02-24T12:51:01,02/24/202600:51,147.16,0.73,107.4268,54.379999999999995,1.16,63.08079999999999,62.6,0.6,11.0,198.7,23297.0,44064.0,22.4,18.5,21.0,29.65,18.27,216.0,768.0,5.1,0.5871979803922298
2026-02-24T12:51:42,02/24/202600:51,147.14000000000001,0.72,105.94080000000001,54.379999999999995,1.17,63.624599999999994,63.1,0.6,11.0,198.7,23297.0,44064.0,22.4,18.5,21.0,29.65,18.27,216.0,768.0,5.1,0.6005674867473154
2026-02-24T12:52:01,02/24/202600:52,147.1,0.72,105.91199999999999,54.379999999999995,1.1800000000000002,64.1684,63.6,0.6,11.0,198.7,23297.0,44064.0,22.4,18.5,21.0,29.65,18.27,216.0,768.0,5.1,0.6058652466198354
2026-02-24T12:52:42,02/24/202600:52,147.05,0.72,105.876,54.36999999999999,1.19,64.70029999999998,64.2,0.6,11.0,198.7,23297.0,44064.0,22.4,18.5,21.0,29.65,18.27,216.0,768.0,5.1,0.6110950545921643
2026-02-24T12:53:01,02/24/202600:53,147.0,0.72,105.83999999999999,54.36,1.2,65.232,64.8,0.6,11.0,198.7,23297.0,44064.0,22.4,18.5,21.0,29.65,18.27,216.0,768.0,5.1,0.616326530612245
2026-02-24T12:53:43,02/24/202600:53,146.93,0.73,107.2589,54.36999999999999,1.22,66.33139999999999,65.9,0.6,11.0,198.7,23297.0,44064.0,22.4,18.5,21.0,29.65,18.27,216.0,768.0,5.1,0.6184232730337528
2026-02-24T12:54:01,02/24/202600:54,146.85999999999999,0.74,108.67639999999999,54.379999999999995,1.24,67.43119999999999,67.0,0.6,11.0,198.7,23297.0,44064.0,22.4,18.5,21.0,29.65,18.27,216.0,768.0,5.1,0.6204769388754136
2026-02-24T12:54:42,02/24/202600:54,146.81,0.75,110.1075,54.39,1.24,67.4436,67.0,0.6,11.0,198.7,23297.0,44064.0,22.4,18.5,21.0,29.65,18.27,216.0,768.0,5.1,0.6125250323547442
2026-02-24T12:55:01,02/24/202600:55,146.76,0.76,111.5376,54.4,1.24,67.456,67.0,0.6,11.0,198.7,23297.0,44064.0,22.4,18.5,21.0,29.65,18.27,216.0,768.0,5.1,0.6047826024587225
2026-02-24T12:56:18,02/24/202600:56,146.76,0.75,110.07,54.4,1.22,66.368,65.9,0.6,11.0,198.7,23297.0,44064.0,22.4,18.5,21.0,29.65,18.27,216.0,768.0,5.1,0.6029617516126101
2026-02-24T12:57:01,02/24/202600:57,146.76,0.74,108.60239999999999,54.4,1.2,65.28,64.8,0.6,11.0,198.7,23297.0,44064.0,22.4,18.5,21.0,29.65,18.27,216.0,768.0,5.1,0.6010916885814679
2026-02-24T12:57:17,02/24/202600:57,146.73,0.74,108.58019999999999,54.4,1.2,65.28,64.8,0.6,11.0,198.7,23297.0,44064.0,22.4,18.5,21.0,29.65,18.27,216.0,768.0,5.1,0.6012145860847559
2026-02-24T12:58:39,02/24/202600:58,146.69,0.75,110.0175,54.410000000000004,1.2,65.292,64.8,0.6,11.0,198.7,23297.0,44064.0,22.4,18.5,21.0,29.65,18.27,216.0,768.0,5.1,0.5934692208057809
2026-02-24T12:59:00,02/24/202600:59,146.65,0.76,111.45400000000001,54.42999999999999,1.21,65.8603,65.3,0.6,11.0,198.7,23297.0,44064.0,22.4,18.5,21.0,29.65,18.27,216.0,768.0,5.1,0.5909191235846177
2026-02-24T12:59:19,02/24/202600:59,146.59,0.77,112.8743,54.44,1.21,65.8724,65.3,0.6,11.0,198.7,23297.0,44064.0,22.5,18.5,21.0,29.65,18.27,216.0,768.0,5.1,0.583590773098925
2026-02-24T13:00:01,02/24/202601:00,146.53,0.77,112.8281,54.44,1.2,65.32799999999999,64.8,0.6,11.0,198.7,23297.0,44064.0,22.5,18.5,21.0,29.65,18.27,216.0,768.0,5.1,0.5790046982976758
2026-02-24T13:00:17,02/24/202601:00,146.46999999999997,0.78,114.24659999999999,54.44,1.23,66.96119999999999,66.5,0.6,11.0,198.7,23297.0,44064.0,22.4,18.509999999999998,21.0,29.65,18.301,215.8,767.5,5.109999999999999,0.5861110965227849
2026-02-24T13:01:01,02/24/202601:01,146.42,0.79,115.67179999999999,54.42999999999999,1.29,70.2147,69.8,0.6,11.0,198.7,23297.0,44064.0,22.4,18.52,21.0,29.65,18.332,215.6,767.0,5.119999999999999,0.607016576209586
2026-02-24T13:01:18,02/24/202601:01,146.38,0.79,115.64020000000001,54.42,1.33,72.3786,72.0,0.6,11.0,198.7,23297.0,44064.0,22.4,18.53,21.0,29.65,18.363,215.4,766.5,5.13,0.6258948012888251
2026-02-24T13:02:00,02/24/202601:02,146.34,0.8,117.072,54.42,1.35,73.46700000000001,73.1,0.6,11.0,198.7,23297.0,44064.0,22.4,18.54,21.0,29.65,18.394,215.2,766.0,5.14,0.6275369003690038
2026-02-24T13:02:18,02/24/202601:02,146.3,0.8,117.04000000000002,54.42,1.35,73.46700000000001,73.1,0.6,11.0,198.7,23297.0,44064.0,22.4,18.55,21.0,29.65,18.425,215.0,765.5,5.15,0.6277084757347915
2026-02-24T13:03:00,02/24/202601:03,146.28,0.8,117.024,54.42,1.34,72.92280000000001,72.6,0.6,11.0,198.7,23297.0,44064.0,22.4,18.560000000000002,21.0,29.65,18.456,214.8,765.0,5.16,0.6231439704675965
2026-02-24T13:03:18,02/24/202601:03,146.29000000000002,0.8,117.03200000000002,54.410000000000004,1.34,72.9094,72.6,0.6,11.0,198.7,23297.0,44064.0,22.4,18.57,21.0,29.65,18.487,214.6,764.5,5.17,0.6229868753845101
2026-02-24T13:03:24,02/24/202601:03,146.29000000000002,0.8099999999999999,118.4949,54.410000000000004,1.35,73.4535,73.2,0.6,11.0,198.7,23297.0,44064.0,22.5,18.580000000000002,21.0,29.65,18.517999999999997,214.4,764.0,5.18,0.6198874381935425
2026-02-24T13:04:01,02/24/202601:04,146.31,0.82,119.9742,54.42,1.3699999999999999,74.55539999999999,74.3,0.6,11.0,198.7,23297.0,44064.0,22.5,18.59,21.0,29.65,18.549,214.2,763.5,5.1899999999999995,0.6214286071505373
2026-02-24T13:04:24,02/24/202601:04,146.32999999999998,0.82,119.99059999999999,54.42,1.3599999999999999,74.0112,73.7,0.6,11.0,198.7,23297.0,44064.0,22.4,18.6,21.0,29.65,18.58,214.0,763.0,5.2,0.6168083166514711
2026-02-24T13:04:34,02/24/202601:04,146.34,0.8099999999999999,118.5354,54.42,1.3199999999999998,71.83439999999999,71.5,0.6,11.0,198.7,23297.0,44064.0,22.4,18.6,21.0,29.65,18.58,214.0,763.0,5.2,0.6060164305346757
2026-02-24T13:05:01,02/24/202601:05,146.35,0.8,117.08,54.42,1.2799999999999998,69.65759999999999,69.3,0.6,11.0,198.7,23297.0,44064.0,22.4,18.6,21.0,29.65,18.58,214.0,763.0,5.2,0.5949572941578407
2026-02-24T13:05:34,02/24/202601:05,146.33,0.79,115.60070000000002,54.42,1.27,69.1134,68.7,0.6,11.0,198.7,23297.0,44064.0,22.4,18.6,21.0,29.65,18.58,214.0,763.0,5.2,0.5978631617282594
2026-02-24T13:06:01,02/24/202601:06,146.31,0.78,114.12180000000001,54.42,1.26,68.56920000000001,68.1,0.6,11.0,198.7,23297.0,44064.0,22.4,18.6,21.0,29.65,18.58,214.0,763.0,5.2,0.6008422580085488
2026-02-24T13:06:34,02/24/202601:06,146.26000000000002,0.79,115.54540000000001,54.42,1.3,70.74600000000001,70.3,0.6,11.0,198.7,23297.0,44064.0,22.4,18.6,21.0,29.65,18.58,214.0,763.0,5.2,0.6122788098877151
2026-02-24T13:07:01,02/24/202601:07,146.21,0.8,116.96800000000002,54.42,1.34,72.92280000000001,72.5,0.6,11.0,198.7,23297.0,44064.0,22.4,18.6,21.0,29.65,18.58,214.0,763.0,5.2,0.6234423090075918
2026-02-24T13:07:34,02/24/202601:07,146.15,0.79,115.45850000000002,54.42999999999999,1.3,70.75899999999999,70.3,0.6,11.0,198.7,23297.0,44064.0,22.4,18.6,21.0,29.65,18.58,214.0,763.0,5.2,0.6128522369509389
2026-02-24T13:08:01,02/24/202601:08,146.1,0.77,112.497,54.42999999999999,1.25,68.0375,67.5,0.6,11.0,198.7,23297.0,44064.0,22.4,18.6,21.0,29.65,18.58,214.0,763.0,5.2,0.6047939056152608
2026-02-24T13:09:50,02/24/202601:09,146.04000000000002,0.76,110.99040000000002,54.42,1.23,66.9366,66.4,0.6,11.0,198.7,23297.0,44064.0,22.5,18.6,21.0,29.65,18.58,214.0,763.0,5.2,0.6030845910997706
2026-02-24T13:10:00,02/24/202601:10,145.98000000000002,0.76,110.94480000000001,54.42,1.24,67.4808,67.0,0.6,11.0,198.7,23297.0,44064.0,22.5,18.6,21.0,29.65,18.58,214.0,763.0,5.2,0.6082376100547299
2026-02-24T13:10:34,02/24/202601:10,145.91000000000003,0.76,110.89160000000003,54.42,1.26,68.56920000000001,68.1,0.6,11.0,198.7,23297.0,44064.0,22.5,18.6,21.0,29.65,18.58,214.0,763.0,5.2,0.6183444011990087
2026-02-24T13:11:01,02/24/202601:11,145.84,0.76,110.83840000000001,54.42,1.28,69.6576,69.2,0.6,11.0,198.7,23297.0,44064.0,22.5,18.6,21.0,29.65,18.58,214.0,763.0,5.2,0.6284608944192627
2026-02-24T13:11:34,02/24/202601:11,145.81,0.76,110.8156,54.42,1.28,69.6576,69.2,0.6,11.0,198.7,23297.0,44064.0,22.4,18.6,21.0,29.65,18.58,214.0,763.0,5.2,0.6285901984919091
2026-02-24T13:12:40,02/24/202601:12,145.81,0.77,112.2737,54.42,1.27,69.1134,68.7,0.6,11.0,198.7,23297.0,44064.0,22.4,18.6,21.0,29.65,18.58,214.0,763.0,5.2,0.6155796059094872
2026-02-24T13:13:01,02/24/202601:13,145.84,0.77,112.2968,54.42,1.23,66.9366,66.5,0.6,11.0,198.7,23297.0,44064.0,22.4,18.6,21.0,29.65,18.58,214.0,763.0,5.2,0.5960686324098282
2026-02-24T13:13:40,02/24/202601:13,145.85,0.77,112.3045,54.42,1.19,64.7598,64.3,0.6,11.0,198.7,23297.0,44064.0,22.4,18.6,21.0,29.65,18.58,214.0,763.0,5.2,0.5766447470938386
2026-02-24T13:14:01,02/24/202601:14,145.85,0.78,113.763,54.410000000000004,1.22,66.3802,66.0,0.6,11.0,198.7,23297.0,44064.0,22.4,18.6,21.0,29.65,18.58,214.0,763.0,5.2,0.5834955126007577
2026-02-24T13:14:41,02/24/202601:14,145.88,0.79,115.2452,54.4,1.27,69.088,68.8,0.6,11.0,198.7,23297.0,44064.0,22.4,18.6,21.0,29.65,18.58,214.0,763.0,5.2,0.599487006834124
2026-02-24T13:15:00,02/24/202601:15,145.92000000000002,0.79,115.27680000000002,54.4,1.2899999999999998,70.17599999999999,69.9,0.6,11.0,198.7,23297.0,44064.0,22.4,18.6,21.0,29.65,18.58,214.0,763.0,5.2,0.6087608261159225
2026-02-24T13:15:41,02/24/202601:15,145.94,0.79,115.29260000000001,54.4,1.31,71.264,71.0,0.6,11.0,198.7,23297.0,44064.0,22.4,18.64,21.0,29.65,18.58,213.7,762.8,5.2,0.6181142588509583
2026-02-24T13:16:01,02/24/202601:16,145.98,0.79,115.32419999999999,54.4,1.31,71.264,71.0,0.6,11.0,198.7,23297.0,44064.0,22.4,18.68,21.0,29.65,18.58,213.4,762.6,5.2,0.617944889277359
2026-02-24T13:16:40,02/24/202601:16,146.01,0.78,113.8878,54.4,1.2899999999999998,70.17599999999999,69.9,0.6,11.0,198.7,23297.0,44064.0,22.5,18.720000000000002,21.0,29.65,18.58,213.1,762.4,5.2,0.6161854035287361
2026-02-24T13:17:01,02/24/202601:17,146.02,0.78,113.89560000000002,54.4,1.2799999999999998,69.63199999999999,69.4,0.6,11.0,198.7,23297.0,44064.0,22.5,18.76,21.0,29.65,18.58,212.8,762.2,5.2,0.6113669009162775
2026-02-24T13:17:41,02/24/202601:17,145.99,0.78,113.8722,54.4,1.2899999999999998,70.17599999999999,69.9,0.6,11.0,198.7,23297.0,44064.0,22.5,18.8,21.0,29.65,18.58,212.5,762.0,5.2,0.6162698182699551
2026-02-24T13:18:01,02/24/202601:18,145.95999999999998,0.78,113.84879999999998,54.4,1.3,70.72,70.4,0.6,11.0,198.7,23297.0,44064.0,22.5,18.84,21.0,29.65,18.58,212.2,761.8,5.2,0.6211747510733535
2026-02-24T13:18:41,02/24/202601:18,145.99,0.77,112.41230000000002,54.4,1.2799999999999998,69.63199999999999,69.3,0.6,11.0,198.7,23297.0,44064.0,22.5,18.880000000000003,21.0,29.65,18.58,211.9,761.6,5.2,0.6194339943226852
2026-02-24T13:19:01,02/24/202601:19,146.02,0.76,110.97520000000002,54.4,1.26,68.544,68.2,0.6,11.0,198.7,23297.0,44064.0,22.5,18.919999999999998,21.0,29.65,18.58,211.6,761.4,5.2,0.6176515113286571
2026-02-24T13:21:01,02/24/202601:21,146.06,0.75,109.545,54.4,1.23,66.91199999999999,66.5,0.6,11.0,198.7,23297.0,44064.0,22.5,18.96,21.0,29.65,18.58,211.3,761.2,5.2,0.610817472271669
2026-02-24T13:21:41,02/24/202601:21,146.07,0.74,108.09179999999999,54.4,1.2,65.28,64.8,0.6,11.0,198.7,23297.0,44064.0,22.5,19.0,21.0,29.65,18.58,211.0,761.0,5.2,0.6039311030068887
2026-02-24T13:22:01,02/24/202601:22,146.1,0.73,106.65299999999999,54.4,1.17,63.647999999999996,63.1,0.6,11.0,198.7,23297.0,44064.0,22.5,19.0,21.0,29.65,18.58,211.0,761.0,5.2,0.5967764619841918
2026-02-24T13:22:23,02/24/202601:22,146.13,0.73,106.6749,54.4,1.15,62.559999999999995,62.0,0.6,12.0,198.7,23297.0,44064.0,22.5,19.0,21.0,29.65,18.58,211.0,761.0,5.2,0.5864547330252946
2026-02-24T13:23:01,02/24/202601:23,146.17000000000002,0.74,108.1658,54.4,1.15,62.559999999999995,62.0,0.6,12.0,198.7,23297.0,44064.0,22.5,19.0,21.0,29.65,18.58,211.0,761.0,5.2,0.5783713521279369
2026-02-24T13:23:23,02/24/202601:23,146.19,0.75,109.6425,54.39,1.16,63.0924,62.5,0.6,12.0,198.7,23297.0,44064.0,22.5,19.03,21.0,29.65,18.418,211.3,761.0,5.2,0.575437444421643
2026-02-24T13:24:01,02/24/202601:24,146.22,0.75,109.66499999999999,54.379999999999995,1.16,63.08079999999999,62.5,0.6,12.0,198.7,23297.0,44064.0,22.5,19.06,21.0,29.65,18.256,211.6,761.0,5.2,0.5752136050699858
2026-02-24T13:24:23,02/24/202601:24,146.22,0.75,109.66499999999999,54.379999999999995,1.17,63.624599999999994,63.1,0.6,12.0,198.7,23297.0,44064.0,22.5,19.09,21.0,29.65,18.094,211.9,761.0,5.2,0.5801723430447271
2026-02-24T13:25:01,02/24/202601:25,146.18,0.76,111.0968,54.379999999999995,1.21,65.79979999999999,65.3,0.6,12.0,198.7,23297.0,44064.0,22.5,19.119999999999997,21.0,29.65,17.932,212.2,761.0,5.2,0.592274484953662
2026-02-24T13:25:24,02/24/202601:25,146.12,0.76,111.05120000000001,54.379999999999995,1.24,67.43119999999999,66.9,0.6,12.0,198.7,23297.0,44064.0,22.5,19.15,21.0,29.65,17.77,212.5,761.0,5.2,0.6072082066650336
2026-02-24T13:26:01,02/24/202601:26,146.02,0.76,110.97520000000002,54.379999999999995,1.26,68.5188,68.0,0.6,12.0,198.7,23297.0,44064.0,22.5,19.18,21.0,29.65,17.607999999999997,212.8,761.0,5.2,0.6174244335671393
2026-02-24T13:26:23,02/24/202601:26,146.03,0.75,109.52250000000001,54.379999999999995,1.25,67.975,67.5,0.6,12.0,198.7,23297.0,44064.0,22.5,19.21,21.0,29.65,17.446,213.1,761.0,5.2,0.6206487251478006
2026-02-24T13:27:01,02/24/202601:27,146.04000000000002,0.74,108.06960000000001,54.379999999999995,1.24,67.43119999999999,67.0,0.6,12.0,198.7,23297.0,44064.0,22.5,19.240000000000002,21.0,29.65,17.284,213.4,761.0,5.2,0.6239608548564998
2026-02-24T13:27:23,02/24/202601:27,146.06,0.73,106.6238,54.379999999999995,1.2,65.25599999999999,64.8,0.6,12.0,198.7,23297.0,44064.0,22.5,19.270000000000003,21.0,29.65,17.122,213.7,761.0,5.2,0.6120209559216608
2026-02-24T13:28:01,02/24/202601:28,146.07999999999998,0.72,105.17759999999998,54.379999999999995,1.16,63.08079999999999,62.6,0.6,12.0,198.7,23297.0,44064.0,22.5,19.3,21.0,29.65,16.96,214.0,761.0,5.2,0.5997550809297797
2026-02-24T13:28:23,02/24/202601:28,146.10999999999999,0.71,103.73809999999999,54.39,1.1400000000000001,62.00460000000001,61.5,0.6,12.0,198.7,23297.0,44064.0,22.5,19.3,21.0,29.65,16.96,214.0,761.0,5.2,0.5977032546383635
2026-02-24T13:29:01,02/24/202601:29,146.14000000000001,0.7,102.298,54.4,1.1199999999999999,60.92799999999999,60.4,0.6,12.0,198.7,23297.0,44064.0,22.5,19.3,21.0,29.65,16.96,214.0,761.0,5.2,0.5955932667305323
2026-02-24T13:29:23,02/24/202601:29,146.19,0.69,100.87109999999998,54.4,1.1,59.84,59.3,0.6,12.0,198.7,23297.0,44064.0,22.5,19.3,21.0,29.65,16.96,214.0,761.0,5.2,0.5932323529732502
2026-02-24T13:30:01,02/24/202601:30,146.24,0.6799999999999999,99.44319999999999,54.4,1.08,58.752,58.2,0.6,12.0,198.7,23297.0,44064.0,22.5,19.3,21.0,29.65,16.96,214.0,761.0,5.2,0.5908096280087528
2026-02-24T13:30:23,02/24/202601:30,146.31,0.6799999999999999,99.4908,54.4,1.09,59.296,58.8,0.6,12.0,198.7,23297.0,44064.0,22.5,19.3,21.0,29.65,16.96,214.0,761.0,5.2,0.59599480554986
2026-02-24T13:32:44,02/24/202601:32,146.39000000000001,0.69,101.0091,54.4,1.08,58.752,58.3,0.6,12.0,198.7,23297.0,44064.0,22.5,19.330000000000002,21.1,29.647,17.01,213.9,759.7,5.2,0.5816505641570908
2026-02-24T13:33:00,02/24/202601:33,146.39000000000001,0.71,103.93690000000001,54.4,1.1,59.84,59.4,0.6,12.0,198.7,23297.0,44064.0,22.5,19.360000000000003,21.2,29.644,17.060000000000002,213.8,758.4,5.2,0.5757339308753676
2026-02-24T13:34:36,02/24/202601:34,146.33,0.72,105.3576,54.4,1.1300000000000001,61.472,61.0,0.6,12.0,198.7,23297.0,44064.0,22.5,19.39,21.3,29.641,17.110000000000003,213.7,757.1,5.2,0.5834605192221539
2026-02-24T13:35:00,02/24/202601:35,146.26000000000002,0.72,105.30720000000001,54.4,1.1800000000000002,64.19200000000001,63.7,0.6,12.0,198.7,23297.0,44064.0,22.5,19.42,21.4,29.637999999999998,17.160000000000004,213.6,755.8,5.2,0.6095689563486637
2026-02-24T13:35:35,02/24/202601:35,146.19,0.72,105.2568,54.4,1.2,65.28,64.8,0.6,12.0,198.7,23297.0,44064.0,22.5,19.45,21.5,29.635,17.21,213.5,754.5,5.2,0.6201974599265796
2026-02-24T13:36:00,02/24/202601:36,146.13000000000002,0.72,105.21360000000001,54.4,1.19,64.73599999999999,64.3,0.6,12.0,198.7,23297.0,44064.0,22.5,19.48,21.6,29.631999999999998,17.26,213.4,753.2,5.2,0.6152816746124073
2026-02-24T13:36:36,02/24/202601:36,146.06,0.73,106.6238,54.4,1.21,65.824,65.4,0.6,12.0,198.7,23297.0,44064.0,22.5,19.51,21.7,29.629,17.310000000000002,213.3,751.9,5.2,0.6173480967663879
2026-02-24T13:37:00,02/24/202601:37,146.0,0.74,108.03999999999999,54.4,1.22,66.368,65.9,0.6,12.0,198.7,23297.0,44064.0,22.5,19.54,21.8,29.625999999999998,17.360000000000003,213.2,750.6,5.2,0.6142910033320992
2026-02-24T13:37:37,02/24/202601:37,145.97,0.75,109.47749999999999,54.4,1.22,66.368,65.9,0.6,12.0,198.7,23297.0,44064.0,22.5,19.57,21.9,29.623,17.410000000000004,213.1,749.3,5.2,0.6062250234066361
2026-02-24T13:38:00,02/24/202601:38,145.94,0.76,110.9144,54.4,1.2,65.28,64.8,0.6,12.0,198.7,23297.0,44064.0,22.5,19.6,22.0,29.619999999999997,17.46,213.0,748.0,5.2,0.5885619901473569
2026-02-24T13:38:36,02/24/202601:38,145.89000000000001,0.76,110.87640000000002,54.4,1.21,65.824,65.3,0.6,12.0,198.7,23297.0,44064.0,22.5,19.6,22.0,29.619999999999997,17.46,213.0,748.0,5.2,0.5936700686530225
2026-02-24T13:39:00,02/24/202601:39,145.84,0.76,110.83840000000001,54.4,1.22,66.368,65.8,0.6,12.0,198.7,23297.0,44064.0,22.5,19.6,22.0,29.619999999999997,17.46,213.0,748.0,5.2,0.5987816496809769
2026-02-24T13:39:36,02/24/202601:39,145.85,0.76,110.846,54.4,1.23,66.91199999999999,66.4,0.6,12.0,198.7,23297.0,44064.0,22.5,19.6,22.0,29.619999999999997,17.46,213.0,748.0,5.2,0.6036483048553849
2026-02-24T13:40:01,02/24/202601:40,145.85999999999999,0.76,110.85359999999999,54.4,1.24,67.456,67.0,0.6,12.0,198.7,23297.0,44064.0,22.5,19.6,22.0,29.619999999999997,17.46,213.0,748.0,5.2,0.6085142927248192
2026-02-24T13:40:36,02/24/202601:40,145.87,0.77,112.3199,54.4,1.27,69.088,68.6,0.6,12.0,198.7,23297.0,44064.0,22.5,19.6,22.0,29.619999999999997,17.46,213.0,748.0,5.2,0.6151002627317154
2026-02-24T13:41:00,02/24/202601:41,145.88,0.78,113.7864,54.4,1.3,70.72,70.2,0.6,12.0,198.7,23297.0,44064.0,22.5,19.6,22.0,29.619999999999997,17.46,213.0,748.0,5.2,0.6215154007860342
2026-02-24T13:41:32,02/24/202601:41,145.92000000000002,0.78,113.81760000000001,54.4,1.28,69.632,69.1,0.6,12.0,198.7,23297.0,44064.0,22.5,19.6,22.0,29.619999999999997,17.46,213.0,748.0,5.2,0.6117858749437697
2026-02-24T13:43:23,02/24/202601:43,145.95999999999998,0.76,110.92959999999998,54.4,1.24,67.456,66.9,0.6,12.0,198.7,23297.0,44064.0,22.5,19.6,22.0,29.619999999999997,17.46,213.0,748.0,5.2,0.6080973878928619
2026-02-24T13:44:00,02/24/202601:44,145.97,0.74,108.0178,54.4,1.21,65.824,65.2,0.6,12.0,198.7,23297.0,44064.0,22.5,19.6,22.0,29.619999999999997,17.46,213.0,748.0,5.2,0.609381046457158
2026-02-24T13:44:08,02/24/202601:44,145.99,0.73,106.5727,54.4,1.2,65.28,64.6,0.6,12.0,198.7,23297.0,44064.0,22.5,19.6,22.0,29.619999999999997,17.46,213.0,748.0,5.2,0.6125396091119021
2026-02-24T13:45:00,02/24/202601:45,146.02,0.72,105.1344,54.4,1.1800000000000002,64.19200000000001,63.5,0.6,12.0,198.7,23297.0,44064.0,22.5,19.6,22.0,29.619999999999997,17.46,213.0,748.0,5.2,0.610570850264043
2026-02-24T13:45:09,02/24/202601:45,146.04000000000002,0.72,105.14880000000001,54.4,1.17,63.647999999999996,63.0,0.6,12.0,198.7,23297.0,44064.0,22.5,19.6,22.0,29.619999999999997,17.46,213.0,748.0,5.2,0.6053136127088468
2026-02-24T13:46:01,02/24/202601:46,146.06,0.73,106.6238,54.4,1.15,62.559999999999995,61.9,0.6,12.0,198.7,23297.0,44064.0,22.5,19.6,22.0,29.619999999999997,17.46,213.0,748.0,5.2,0.5867357944473934
2026-02-24T13:46:09,02/24/202601:46,146.08999999999997,0.74,108.10659999999999,54.4,1.1400000000000001,62.016000000000005,61.3,0.6,12.0,198.7,23297.0,44064.0,22.5,19.630000000000003,22.0,29.619999999999997,17.51,213.0,747.0,5.1899999999999995,0.573656002501235
2026-02-24T13:47:00,02/24/202601:47,146.11999999999998,0.74,108.12879999999998,54.4,1.1400000000000001,62.016000000000005,61.3,0.6,12.0,198.7,23297.0,44064.0,22.5,19.660000000000004,22.0,29.619999999999997,17.560000000000002,213.0,746.0,5.18,0.5735382247837765
2026-02-24T13:47:08,02/24/202601:47,146.18,0.74,108.17320000000001,54.4,1.1400000000000001,62.016000000000005,61.3,0.6,12.0,198.7,23297.0,44064.0,22.5,19.69,22.0,29.619999999999997,17.610000000000003,213.0,745.0,5.17,0.5733028143754645
2026-02-24T13:48:00,02/24/202601:48,146.21999999999997,0.74,108.20279999999998,54.4,1.16,63.10399999999999,62.4,0.6,12.0,198.7,23297.0,44064.0,22.5,19.72,22.0,29.619999999999997,17.660000000000004,213.0,744.0,5.16,0.5832011740916132
2026-02-24T13:48:08,02/24/202601:48,146.31,0.74,108.2694,54.4,1.1700000000000002,63.648,63.0,0.6,12.0,198.7,23297.0,44064.0,22.5,19.75,22.0,29.619999999999997,17.71,213.0,743.0,5.15,0.5878669319309057
2026-02-24T13:49:00,02/24/202601:49,146.4,0.74,108.336,54.4,1.1800000000000002,64.19200000000001,63.6,0.6,12.0,198.7,23297.0,44064.0,22.5,19.78,22.0,29.619999999999997,17.76,213.0,742.0,5.14,0.592526953182691
2026-02-24T13:49:09,02/24/202601:49,146.44,0.74,108.3656,54.410000000000004,1.19,64.7479,64.2,0.6,12.0,198.7,23297.0,44064.0,22.5,19.81,22.0,29.619999999999997,17.810000000000002,213.0,741.0,5.13,0.5974949615006977
2026-02-24T13:50:01,02/24/202601:50,146.48,0.74,108.39519999999999,54.42,1.2,65.304,64.8,0.6,12.0,198.7,23297.0,44064.0,22.5,19.839999999999996,22.0,29.619999999999997,17.860000000000003,213.0,740.0,5.119999999999999,0.6024621016428773
2026-02-24T13:50:09,02/24/202601:50,146.52,0.73,106.95960000000001,54.42,1.1800000000000002,64.21560000000001,63.7,0.6,12.0,198.7,23297.0,44064.0,22.5,19.869999999999997,22.0,29.619999999999997,17.910000000000004,213.0,739.0,5.109999999999999,0.6003724770848059
2026-02-24T13:51:00,02/24/202601:51,146.56,0.72,105.5232,54.42,1.16,63.127199999999995,62.6,0.6,12.0,198.7,23297.0,44064.0,22.5,19.9,22.0,29.619999999999997,17.96,213.0,738.0,5.1,0.5982305312954875
2026-02-24T13:51:08,02/24/202601:51,146.51,0.72,105.48719999999999,54.42,1.15,62.583,62.1,0.6,12.0,198.7,23297.0,44064.0,22.5,19.9,22.0,29.619999999999997,17.96,213.0,738.0,5.1,0.5932757718472005
2026-02-24T13:52:00,02/24/202601:52,146.45999999999998,0.72,105.45119999999999,54.42,1.1400000000000001,62.03880000000001,61.6,0.6,12.0,198.7,23297.0,44064.0,22.5,19.9,22.0,29.619999999999997,17.96,213.0,738.0,5.1,0.5883176293868635
2026-02-24T13:52:08,02/24/202601:52,146.45,0.71,103.97949999999999,54.42,1.1300000000000001,61.494600000000005,61.1,0.6,12.0,198.7,23297.0,44064.0,22.5,19.9,22.0,29.619999999999997,17.96,213.0,738.0,5.1,0.5914108069379062
2026-02-24T13:52:17,02/24/202601:52,146.42000000000002,0.7,102.494,54.42,1.1300000000000001,61.494600000000005,61.1,0.6,12.0,198.7,23297.0,44064.0,22.5,19.9,22.0,29.619999999999997,17.96,213.0,738.0,5.1,0.5999824379963705
2026-02-24T13:53:00,02/24/202601:53,146.33999999999997,0.71,103.90139999999998,54.42,1.16,63.127199999999995,62.7,0.6,12.0,198.7,23297.0,44064.0,22.5,19.9,22.0,29.619999999999997,17.96,213.0,738.0,5.1,0.6075683292044188
2026-02-24T13:54:35,02/24/202601:54,146.23999999999998,0.73,106.75519999999999,54.42,1.19,64.7598,64.3,0.6,12.0,198.7,23297.0,44064.0,22.5,19.9,22.0,29.619999999999997,17.96,213.0,738.0,5.1,0.6066196307065137
2026-02-24T13:55:00,02/24/202601:55,146.18,0.74,108.17320000000001,54.410000000000004,1.2,65.292,64.8,0.6,12.0,198.7,23297.0,44064.0,22.5,19.9,22.0,29.619999999999997,17.96,213.0,738.0,5.1,0.6035875799181313
2026-02-24T13:55:18,02/24/202601:55,146.10999999999999,0.74,108.1214,54.4,1.19,64.73599999999999,64.2,0.6,12.0,198.7,23297.0,44064.0,22.5,19.9,22.0,29.619999999999997,17.96,213.0,738.0,5.1,0.5987343856072895
2026-02-24T13:56:01,02/24/202601:56,146.05,0.74,108.07700000000001,54.4,1.2,65.28,64.7,0.6,12.0,198.7,23297.0,44064.0,22.5,19.9,22.0,29.619999999999997,17.96,213.0,738.0,5.1,0.6040138049723808
2026-02-24T13:56:18,02/24/202601:56,146.01,0.74,108.0474,54.4,1.22,66.368,65.8,0.6,12.0,198.7,23297.0,44064.0,22.5,19.9,22.0,29.619999999999997,17.96,213.0,738.0,5.1,0.6142489314874767
2026-02-24T13:57:00,02/24/202601:57,146.05,0.73,106.6165,54.4,1.22,66.368,65.8,0.6,12.0,198.7,23297.0,44064.0,22.5,19.9,22.0,29.619999999999997,17.96,213.0,738.0,5.1,0.62249276612907
2026-02-24T13:57:18,02/24/202601:57,146.12,0.72,105.2064,54.4,1.23,66.91199999999999,66.3,0.6,12.0,198.7,23297.0,44064.0,22.5,19.9,21.9,29.619999999999997,17.96,213.0,738.0,5.1,0.6360069349393191
2026-02-24T13:58:00,02/24/202601:58,146.12,0.72,105.2064,54.4,1.24,67.456,66.8,0.6,12.0,198.7,23297.0,44064.0,22.5,19.9,21.8,29.619999999999997,17.96,213.0,738.0,5.1,0.6411777230282568
2026-02-24T13:58:18,02/24/202601:58,146.12,0.72,105.2064,54.410000000000004,1.21,65.8361,65.2,0.6,12.0,198.7,23297.0,44064.0,22.5,19.9,21.7,29.619999999999997,17.96,213.0,738.0,5.1,0.6257803707759224
2026-02-24T13:59:00,02/24/202601:59,146.12,0.72,105.2064,54.42,1.1800000000000002,64.21560000000001,63.6,0.6,12.0,198.7,23297.0,44064.0,22.5,19.9,21.6,29.619999999999997,17.96,213.0,738.0,5.1,0.6103773154484899
2026-02-24T13:59:18,02/24/202601:59,146.13,0.72,105.2136,54.42,1.17,63.6714,63.1,0.6,12.0,198.7,23297.0,44064.0,22.5,19.9,21.5,29.619999999999997,17.96,213.0,738.0,5.1,0.6051632108396633
2026-02-24T14:00:00,02/24/202602:00,146.14000000000001,0.72,105.22080000000001,54.42,1.16,63.127199999999995,62.6,0.6,12.0,198.7,23297.0,44064.0,22.5,19.9,21.4,29.619999999999997,17.96,213.0,738.0,5.1,0.5999498198074904
2026-02-24T14:00:18,02/24/202602:00,146.15,0.72,105.228,54.410000000000004,1.16,63.1156,62.6,0.6,12.0,198.7,23297.0,44064.0,22.5,19.9,21.3,29.619999999999997,17.96,213.0,738.0,5.1,0.5997985327099251
2026-02-24T14:01:00,02/24/202602:01,146.16,0.72,105.23519999999999,54.4,1.16,63.10399999999999,62.6,0.6,12.0,198.7,23297.0,44064.0,22.5,19.9,21.2,29.619999999999997,17.96,213.0,738.0,5.1,0.599647266313933
2026-02-24T14:01:18,02/24/202602:01,146.10999999999999,0.73,106.66029999999999,54.410000000000004,1.1800000000000002,64.20380000000002,63.7,0.6,12.0,198.7,23297.0,44064.0,22.5,19.91,21.1,29.617,17.966,212.7,735.7,5.09,0.6019465536849232
2026-02-24T14:02:22,02/24/202602:02,146.02,0.73,106.5946,54.410000000000004,1.19,64.7479,64.2,0.6,12.0,198.7,23297.0,44064.0,22.5,19.919999999999998,21.0,29.613999999999997,17.972,212.4,733.4,5.08,0.6074219519562905
2026-02-24T14:03:01,02/24/202602:03,145.9,0.73,106.507,54.410000000000004,1.19,64.7479,64.2,0.6,12.0,198.7,23297.0,44064.0,22.5,19.93,21.0,29.611,17.978,212.1,731.1,5.069999999999999,0.6079215450627659
2026-02-24T14:03:22,02/24/202602:03,145.79,0.73,106.4267,54.42,1.16,63.127199999999995,62.6,0.6,12.0,198.7,23297.0,44064.0,22.5,19.939999999999998,21.0,29.607999999999997,17.984,211.8,728.8,5.06,0.5931519064294956
2026-02-24T14:04:00,02/24/202602:04,145.7,0.73,106.36099999999999,54.42,1.16,63.127199999999995,62.6,0.6,12.0,198.7,23297.0,44064.0,22.5,19.95,21.0,29.605,17.990000000000002,211.5,726.5,5.05,0.593518300880962
2026-02-24T14:04:23,02/24/202602:04,145.69,0.74,107.8106,54.410000000000004,1.19,64.7479,64.2,0.6,12.0,198.7,23297.0,44064.0,22.5,19.96,21.0,29.601999999999997,17.996000000000002,211.2,724.2,5.04,0.6005708158566969
2026-02-24T14:05:48,02/24/202602:05,145.65,0.74,107.781,54.42,1.2,65.304,64.7,0.6,12.0,198.7,23297.0,44064.0,22.5,19.97,21.0,29.599,18.002000000000002,210.9,721.9,5.029999999999999,0.6058952876666573
2026-02-24T14:06:01,02/24/202602:06,145.60999999999999,0.74,107.75139999999999,54.42999999999999,1.21,65.8603,65.2,0.6,12.0,198.7,23297.0,44064.0,22.5,19.98,21.0,29.595999999999997,18.008,210.6,719.6,5.0200000000000005,0.6112245409340389
2026-02-24T14:06:22,02/24/202602:06,145.56,0.75,109.17,54.44,1.24,67.5056,66.9,0.6,12.0,198.7,23297.0,44064.0,22.5,19.990000000000002,21.0,29.593,18.014,210.3,717.3,5.01,0.6183530273884766
2026-02-24T14:07:00,02/24/202602:07,145.51,0.76,110.5876,54.45,1.27,69.1515,68.6,0.6,12.0,198.7,23297.0,44064.0,22.5,20.0,21.0,29.589999999999996,18.02,210.0,715.0,5.0,0.6253097092259892
2026-02-24T14:07:22,02/24/202602:07,145.48,0.75,109.10999999999999,54.44,1.23,66.96119999999999,66.4,0.6,12.0,198.7,23297.0,44064.0,22.5,20.0,21.0,29.589999999999996,18.02,210.0,715.0,5.0,0.6137036018696728
2026-02-24T14:08:01,02/24/202602:08,145.49,0.75,109.1175,54.44,1.2,65.32799999999999,64.8,0.6,12.0,198.7,23297.0,44064.0,22.5,20.0,21.0,29.589999999999996,18.02,210.0,715.0,5.0,0.5986940683208467
2026-02-24T14:08:23,02/24/202602:08,145.48,0.77,112.0196,54.44,1.21,65.8724,65.4,0.7,12.0,198.7,23297.0,44064.0,22.5,20.0,21.0,29.589999999999996,18.02,210.0,715.0,5.0,0.5880435209552614
2026-02-24T14:09:00,02/24/202602:09,145.45999999999998,0.79,114.9134,54.42999999999999,1.25,68.0375,67.6,0.7,12.0,198.7,23297.0,44064.0,22.5,20.0,21.0,29.589999999999996,18.02,210.0,715.0,5.0,0.592076293974419
2026-02-24T14:09:23,02/24/202602:09,145.49,0.78,113.4822,54.42,1.25,68.025,67.6,0.7,12.0,198.7,23297.0,44064.0,22.5,20.0,21.0,29.589999999999996,18.02,210.0,715.0,5.0,0.599433215076902
2026-02-24T14:10:00,02/24/202602:10,145.44,0.76,110.5344,54.42,1.22,66.3924,66.0,0.7,12.0,198.7,23297.0,44064.0,22.5,20.0,21.0,29.589999999999996,18.02,210.0,715.0,5.0,0.6006492096578078
2026-02-24T14:10:23,02/24/202602:10,145.42000000000002,0.75,109.06500000000001,54.410000000000004,1.22,66.3802,66.0,0.7,12.0,198.7,23297.0,44064.0,22.5,20.0,21.0,29.589999999999996,18.02,210.0,715.0,5.0,0.6086297162242699
2026-02-24T14:11:00,02/24/202602:11,145.4,0.74,107.596,54.4,1.22,66.368,66.0,0.7,12.0,198.7,23297.0,44064.0,22.5,20.0,21.0,29.589999999999996,18.02,210.0,715.0,5.0,0.6168259043087103
2026-02-24T14:11:22,02/24/202602:11,145.43,0.74,107.6182,54.4,1.22,66.368,66.0,0.7,12.0,198.7,23297.0,44064.0,22.5,20.0,21.0,29.589999999999996,18.02,210.0,715.0,5.0,0.6166986624938904
2026-02-24T14:12:00,02/24/202602:12,145.45999999999998,0.74,107.64039999999999,54.4,1.22,66.368,66.0,0.7,12.0,198.7,23297.0,44064.0,22.5,20.0,21.0,29.589999999999996,18.02,210.0,715.0,5.0,0.616571473164351
2026-02-24T14:12:22,02/24/202602:12,145.57,0.75,109.1775,54.410000000000004,1.24,67.4684,67.1,0.7,12.0,198.7,23297.0,44064.0,22.5,20.0,21.0,29.589999999999996,18.02,210.0,715.0,5.0,0.617969819788876
2026-02-24T14:13:00,02/24/202602:13,145.68,0.76,110.7168,54.42,1.26,68.56920000000001,68.2,0.7,12.0,198.7,23297.0,44064.0,22.5,20.0,21.0,29.589999999999996,18.02,210.0,715.0,5.0,0.6193206451053499
2026-02-24T14:13:22,02/24/202602:13,145.8,0.74,107.89200000000001,54.42,1.22,66.3924,66.0,0.7,13.0,198.7,23297.0,44064.0,22.5,20.0,21.0,29.589999999999996,18.02,210.0,715.0,5.0,0.6153598042486931
2026-02-24T14:14:00,02/24/202602:14,145.92000000000002,0.72,105.06240000000001,54.42,1.1800000000000002,64.21560000000001,63.8,0.7,13.0,198.7,23297.0,44064.0,22.5,20.0,21.0,29.589999999999996,18.02,210.0,715.0,5.0,0.6112139071637427
2026-02-24T14:14:22,02/24/202602:14,145.99,0.73,106.5727,54.42,1.19,64.7598,64.3,0.7,13.0,198.7,23297.0,44064.0,22.5,20.0,21.0,29.589999999999996,18.02,210.0,715.0,5.0,0.6076584341017915
2026-02-24T14:14:44,02/24/202602:14,146.04000000000002,0.74,108.06960000000001,54.42,1.2,65.304,64.8,0.7,13.0,198.7,23297.0,44064.0,22.5,20.0,21.0,29.589999999999996,18.02,210.0,715.0,5.0,0.6042772435541539
2026-02-24T14:15:00,02/24/202602:15,146.1,0.74,108.11399999999999,54.42,1.1800000000000002,64.21560000000001,63.7,0.7,13.0,198.7,23297.0,44064.0,22.5,20.0,21.0,29.589999999999996,18.02,210.0,715.0,5.0,0.5939619290748656
2026-02-24T14:16:56,02/24/202602:16,146.11,0.74,108.12140000000001,54.42,1.16,63.127199999999995,62.6,0.7,13.0,198.7,23297.0,44064.0,22.5,20.04,21.0,29.589999999999996,18.026,210.1,713.2,4.9799999999999995,0.5838548150504894
2026-02-24T14:17:01,02/24/202602:17,146.09,0.73,106.6457,54.42,1.1300000000000001,61.494600000000005,60.9,0.7,13.0,198.7,23297.0,44064.0,22.5,20.080000000000002,21.0,29.589999999999996,18.032,210.2,711.4,4.96,0.5766252178943924
2026-02-24T14:17:45,02/24/202602:17,146.05,0.73,106.6165,54.42,1.1099999999999999,60.4062,59.8,0.7,13.0,198.7,23297.0,44064.0,22.5,20.119999999999997,21.0,29.589999999999996,18.038,210.3,709.6,4.9399999999999995,0.5665745921128531
2026-02-24T14:18:01,02/24/202602:18,145.95,0.73,106.5435,54.410000000000004,1.1099999999999999,60.3951,59.8,0.7,13.0,198.7,23297.0,44064.0,22.5,20.16,21.0,29.589999999999996,18.044,210.4,707.8,4.92,0.5668586070478255
2026-02-24T14:18:44,02/24/202602:18,145.85999999999999,0.72,105.01919999999998,54.4,1.12,60.928000000000004,60.3,0.7,13.0,198.7,23297.0,44064.0,22.5,20.2,21.0,29.589999999999996,18.05,210.5,706.0,4.9,0.5801605801605803
2026-02-24T14:19:01,02/24/202602:19,145.78,0.72,104.96159999999999,54.4,1.15,62.559999999999995,61.9,0.7,13.0,198.7,23297.0,44064.0,22.5,20.24,21.0,29.589999999999996,18.056,210.6,704.2,4.88,0.596027499580799
2026-02-24T14:19:44,02/24/202602:19,145.72,0.71,103.46119999999999,54.39,1.15,62.5485,61.9,0.7,13.0,198.7,23297.0,44064.0,22.5,20.279999999999998,21.0,29.589999999999996,18.061999999999998,210.7,702.4,4.86,0.6045599703077096
2026-02-24T14:20:00,02/24/202602:20,145.66,0.7,101.96199999999999,54.379999999999995,1.1400000000000001,61.9932,61.4,0.7,13.0,198.7,23297.0,44064.0,22.5,20.32,21.0,29.589999999999996,18.067999999999998,210.8,700.6,4.84,0.6080029815029129
2026-02-24T14:20:44,02/24/202602:20,145.59,0.7,101.913,54.379999999999995,1.1300000000000001,61.449400000000004,60.9,0.7,13.0,198.7,23297.0,44064.0,22.5,20.36,21.0,29.589999999999996,18.073999999999998,210.9,698.8,4.819999999999999,0.6029593869280662
2026-02-24T14:21:50,02/24/202602:21,145.55,0.71,103.3405,54.379999999999995,1.1400000000000001,61.9932,60.9,0.7,13.0,198.7,23297.0,44064.0,22.5,20.4,21.0,29.589999999999996,18.08,211.0,697.0,4.8,0.5998925880946966
2026-02-24T14:22:01,02/24/202602:22,145.56,0.72,104.8032,54.379999999999995,1.15,62.53699999999999,60.9,0.7,13.0,198.7,23297.0,44064.0,22.5,20.4,21.0,29.589999999999996,18.08,211.0,697.0,4.8,0.5967088791181948
2026-02-24T14:22:51,02/24/202602:22,145.55,0.72,104.796,54.379999999999995,1.16,63.08079999999999,61.5,0.7,13.0,198.7,23297.0,44064.0,22.5,20.4,21.0,29.589999999999996,18.08,211.0,697.0,4.8,0.6019390053055459
2026-02-24T14:23:01,02/24/202602:23,145.56,0.71,103.3476,54.379999999999995,1.16,63.08079999999999,61.5,0.7,13.0,198.7,23297.0,44064.0,22.5,20.4,21.0,29.589999999999996,18.08,211.0,697.0,4.8,0.6103750836981215
2026-02-24T14:23:50,02/24/202602:23,145.57999999999998,0.7,101.90599999999998,54.379999999999995,1.17,63.624599999999994,62.0,0.7,13.0,198.7,23297.0,44064.0,22.5,20.4,21.0,29.589999999999996,18.08,211.0,697.0,4.8,0.6243459658901341
2026-02-24T14:24:00,02/24/202602:24,145.58999999999997,0.7,101.91299999999998,54.379999999999995,1.17,63.624599999999994,62.0,0.7,13.0,198.7,23297.0,44064.0,22.5,20.4,21.0,29.589999999999996,18.08,211.0,697.0,4.8,0.6243030820405641
2026-02-24T14:24:50,02/24/202602:24,145.6,0.71,103.37599999999999,54.379999999999995,1.19,64.7122,63.1,0.7,13.0,198.7,23297.0,44064.0,22.5,20.4,21.0,29.589999999999996,18.08,211.0,697.0,4.8,0.6259886240520044
2026-02-24T14:25:01,02/24/202602:25,145.58999999999997,0.73,106.28069999999998,54.39,1.24,67.4436,65.8,0.7,13.0,198.7,23297.0,44064.0,22.5,20.4,21.0,29.589999999999996,18.08,211.0,697.0,4.8,0.6345799378438419
2026-02-24T14:25:13,02/24/202602:25,145.58999999999997,0.74,107.73659999999998,54.4,1.24,67.456,65.8,0.7,13.0,198.7,23297.0,44064.0,22.5,20.4,21.0,29.589999999999996,18.08,211.0,697.0,4.8,0.6261196287983843
2026-02-24T14:26:01,02/24/202602:26,145.61999999999998,0.74,107.75879999999998,54.4,1.24,67.456,65.8,0.7,13.0,198.7,23297.0,44064.0,22.5,20.4,21.0,29.589999999999996,18.08,211.0,697.0,4.8,0.625990638351578
2026-02-24T14:26:13,02/24/202602:26,145.63,0.73,106.3099,54.4,1.22,66.368,65.3,0.7,13.0,198.7,23297.0,44064.0,22.5,20.4,21.0,29.589999999999996,18.08,211.0,697.0,4.8,0.6242880484319898
2026-02-24T14:28:09,02/24/202602:28,145.62,0.72,104.8464,54.4,1.21,65.824,65.3,0.7,13.0,198.7,23297.0,44064.0,22.5,20.4,21.0,29.589999999999996,18.08,211.0,697.0,4.8,0.6278136397625479
2026-02-24T14:28:13,02/24/202602:28,145.63,0.71,103.39729999999999,54.4,1.19,64.73599999999999,64.2,0.7,13.0,198.7,23297.0,44064.0,22.5,20.4,21.0,29.589999999999996,18.092999999999996,211.1,697.0,4.8,0.6260898495415257
2026-02-24T14:29:00,02/24/202602:29,145.64,0.7,101.94799999999998,54.4,1.17,63.647999999999996,63.1,0.7,13.0,198.7,23297.0,44064.0,22.5,20.4,21.0,29.589999999999996,18.106,211.2,697.0,4.8,0.6243182799074039
2026-02-24T14:29:12,02/24/202602:29,145.64,0.7,101.94799999999998,54.4,1.15,62.559999999999995,62.0,0.7,13.0,198.7,23297.0,44064.0,22.5,20.4,21.0,29.589999999999996,18.081,211.4,697.0,4.8,0.6136461725585594
2026-02-24T14:30:00,02/24/202602:30,145.64,0.7,101.94799999999998,54.4,1.1300000000000001,61.472,60.9,0.7,13.0,198.7,23297.0,44064.0,22.5,20.4,21.0,29.589999999999996,18.056,211.6,697.0,4.8,0.6029740652097149
2026-02-24T14:30:12,02/24/202602:30,145.62,0.7,101.934,54.4,1.1099999999999999,60.38399999999999,59.8,0.7,13.0,198.7,23297.0,44064.0,22.5,20.4,21.0,29.589999999999996,18.031,211.8,697.0,4.8,0.5923833068456059
2026-02-24T14:31:00,02/24/202602:31,145.6,0.7,101.91999999999999,54.4,1.09,59.296,58.7,0.7,13.0,198.7,23297.0,44064.0,22.5,20.4,21.0,29.589999999999996,18.006,212.0,697.0,4.8,0.5817896389324961
2026-02-24T14:31:13,02/24/202602:31,145.56,0.71,103.3476,54.4,1.1,59.84,59.2,0.7,13.0,198.7,23297.0,44064.0,22.5,20.419999999999998,21.0,29.589999999999996,18.012,211.9,694.5,4.779999999999999,0.5790168325147367
2026-02-24T14:32:00,02/24/202602:32,145.52,0.72,104.7744,54.4,1.11,60.384,59.7,0.7,13.0,198.7,23297.0,44064.0,22.5,20.439999999999998,21.0,29.589999999999996,18.018,211.8,692.0,4.76,0.5763239875389408
2026-02-24T14:32:13,02/24/202602:32,145.44,0.72,104.71679999999999,54.4,1.1300000000000001,61.472,60.8,0.7,13.0,198.7,23297.0,44064.0,22.5,20.46,21.0,29.593,18.024,211.7,689.5,4.74,0.5870309253147538
2026-02-24T14:33:01,02/24/202602:33,145.38,0.72,104.6736,54.4,1.1400000000000001,62.016000000000005,61.4,0.7,13.0,198.7,23297.0,44064.0,22.5,20.48,21.0,29.595999999999997,18.03,211.6,687.0,4.72,0.5924703076993627
2026-02-24T14:34:01,02/24/202602:34,145.32,0.73,106.08359999999999,54.4,1.16,63.10399999999999,62.5,0.7,13.0,198.7,23297.0,44064.0,22.5,20.5,20.8,29.599,18.023,211.4,684.5,4.7,0.5948516076000437
2026-02-24T14:34:13,02/24/202602:34,145.29000000000002,0.75,108.96750000000002,54.39,1.2,65.268,64.7,0.7,13.0,198.7,23297.0,44064.0,22.5,20.52,20.6,29.601999999999997,18.016,211.2,682.0,4.68,0.5989675820772248
2026-02-24T14:34:45,02/24/202602:34,145.28,0.76,110.4128,54.39,1.21,65.8119,65.3,0.7,13.0,198.7,23297.0,44064.0,22.6,20.54,20.4,29.605,18.047,210.9,679.5,4.659999999999999,0.5960531749942035
2026-02-24T14:35:00,02/24/202602:35,145.27,0.77,111.85790000000001,54.39,1.22,66.3558,65.9,0.7,13.0,198.7,23297.0,44064.0,22.6,20.560000000000002,20.2,29.607999999999997,18.078,210.6,677.0,4.64,0.5932151417110458
2026-02-24T14:36:00,02/24/202602:36,145.28,0.77,111.8656,54.39,1.21,65.8119,65.4,0.7,13.0,198.7,23297.0,44064.0,22.5,20.580000000000002,20.0,29.611,18.109,210.3,674.5,4.619999999999999,0.5883122246696034
2026-02-24T14:36:46,02/24/202602:36,145.3,0.76,110.42800000000001,54.39,1.2,65.268,64.9,0.7,13.0,198.7,23297.0,44064.0,22.5,20.6,19.8,29.613999999999997,18.14,210.0,672.0,4.6,0.5910457492664903
2026-02-24T14:37:01,02/24/202602:37,145.32999999999998,0.75,108.99749999999999,54.39,1.21,65.8119,65.5,0.7,13.0,198.7,23297.0,44064.0,22.5,20.6,19.6,29.617,18.14,210.0,672.0,4.6,0.6037927475400812
2026-02-24T14:37:45,02/24/202602:37,145.41,0.74,107.6034,54.39,1.23,66.8997,66.6,0.7,13.0,198.7,23297.0,44064.0,22.5,20.6,19.4,29.619999999999997,18.14,210.0,672.0,4.6,0.6217247782133278
2026-02-24T14:39:18,02/24/202602:39,145.53,0.74,107.6922,54.39,1.23,66.8997,66.6,0.7,13.0,198.7,23297.0,44064.0,22.5,20.6,19.2,29.619999999999997,18.14,210.0,672.0,4.6,0.6212121212121212
2026-02-24T14:39:45,02/24/202602:39,145.60999999999999,0.75,109.20749999999998,54.39,1.24,67.4436,67.1,0.7,13.0,198.7,23297.0,44064.0,22.5,20.6,19.0,29.619999999999997,18.14,210.0,672.0,4.6,0.6175729688894995
2026-02-24T14:40:00,02/24/202602:40,145.69,0.76,110.7244,54.39,1.25,67.9875,67.6,0.7,13.0,198.7,23297.0,44064.0,22.5,20.6,19.0,29.619999999999997,18.14,210.0,672.0,4.6,0.6140245510474656
2026-02-24T14:40:45,02/24/202602:40,145.70999999999998,0.75,109.28249999999998,54.4,1.22,66.368,65.9,0.7,13.0,198.7,23297.0,44064.0,22.5,20.6,19.0,29.619999999999997,18.14,210.0,672.0,4.6,0.6073067508521492
2026-02-24T14:41:00,02/24/202602:41,145.70999999999998,0.74,107.82539999999999,54.4,1.21,65.824,65.3,0.7,13.0,198.7,23297.0,44064.0,22.5,20.6,19.0,29.619999999999997,18.14,210.0,672.0,4.6,0.6104684054035506
2026-02-24T14:41:46,02/24/202602:41,145.66,0.72,104.87519999999999,54.4,1.19,64.73599999999999,64.2,0.7,13.0,198.7,23297.0,44064.0,22.5,20.6,19.0,29.619999999999997,18.14,210.0,672.0,4.6,0.6172669992524448
2026-02-24T14:42:01,02/24/202602:42,145.60999999999999,0.7,101.92699999999998,54.4,1.17,63.647999999999996,63.1,0.7,13.0,198.7,23297.0,44064.0,22.5,20.6,19.0,29.619999999999997,18.14,210.0,672.0,4.6,0.6244469080812739
2026-02-24T14:42:45,02/24/202602:42,145.57999999999998,0.69,100.45019999999998,54.4,1.16,63.10399999999999,62.5,0.7,13.0,198.7,23297.0,44064.0,22.5,20.6,19.0,29.619999999999997,18.14,210.0,672.0,4.6,0.6282117905190832
2026-02-24T14:43:00,02/24/202602:43,145.55,0.6799999999999999,98.974,54.4,1.15,62.559999999999995,61.9,0.7,13.0,198.7,23297.0,44064.0,22.5,20.6,19.0,29.619999999999997,18.14,210.0,672.0,4.6,0.6320851940913774
2026-02-24T14:43:45,02/24/202602:43,145.52,0.6799999999999999,98.9536,54.4,1.12,60.928000000000004,60.3,0.7,13.0,198.7,23297.0,44064.0,22.5,20.6,19.0,29.619999999999997,18.14,210.0,672.0,4.6,0.6157229246838923
2026-02-24T14:44:00,02/24/202602:44,145.48000000000002,0.6799999999999999,98.9264,54.4,1.1,59.84,59.2,0.7,13.0,198.7,23297.0,44064.0,22.5,20.6,19.0,29.619999999999997,18.14,210.0,672.0,4.6,0.6048941435248831
2026-02-24T14:44:45,02/24/202602:44,145.47,0.6699999999999999,97.46489999999999,54.4,1.07,58.208,57.6,0.7,13.0,198.7,23297.0,44064.0,22.5,20.6,19.0,29.619999999999997,18.14,210.0,672.0,4.6,0.5972201274510106
2026-02-24T14:45:00,02/24/202602:45,145.45999999999998,0.6599999999999999,96.00359999999998,54.4,1.04,56.576,56.0,0.7,13.0,198.7,23297.0,44064.0,22.5,20.6,19.0,29.619999999999997,18.14,210.0,672.0,4.6,0.5893112341620524
2026-02-24T14:45:46,02/24/202602:45,145.47,0.6599999999999999,96.01019999999998,54.4,1.05,57.12,56.6,0.7,13.0,198.7,23297.0,44064.0,22.5,20.62,19.0,29.619999999999997,18.209,210.0,669.0,4.58,0.5949367879662787
2026-02-24T14:46:00,02/24/202602:46,145.48,0.6599999999999999,96.01679999999998,54.4,1.06,57.664,57.2,0.7,13.0,198.7,23297.0,44064.0,22.5,20.64,19.0,29.619999999999997,18.278,210.0,666.0,4.56,0.6005615683921982
2026-02-24T14:46:18,02/24/202602:46,145.51,0.6799999999999999,98.94679999999998,54.4,1.1,59.84,59.4,0.7,13.0,198.7,23297.0,44064.0,22.5,20.660000000000004,19.0,29.619999999999997,18.347,210.0,663.0,4.54,0.604769431654182
2026-02-24T14:47:01,02/24/202602:47,145.54000000000002,0.7,101.87800000000001,54.4,1.1400000000000001,62.016000000000005,61.6,0.7,13.0,198.7,23297.0,44064.0,22.5,20.68,19.0,29.619999999999997,18.416,210.0,660.0,4.5200000000000005,0.608728086534875
2026-02-24T14:47:19,02/24/202602:47,145.49,0.71,103.2979,54.4,1.16,63.10399999999999,62.7,0.7,13.0,198.7,23297.0,44064.0,22.5,20.7,19.0,29.619999999999997,18.485,210.0,657.0,4.5,0.6108933482674865
2026-02-24T14:48:01,02/24/202602:48,145.44,0.72,104.71679999999999,54.4,1.1800000000000002,64.19200000000001,63.8,0.7,13.0,198.7,23297.0,44064.0,22.5,20.720000000000002,19.0,29.619999999999997,18.554,210.0,654.0,4.4799999999999995,0.6130057450189464
2026-02-24T14:48:18,02/24/202602:48,145.32,0.73,106.08359999999999,54.4,1.19,64.73599999999999,64.3,0.7,13.0,198.7,23297.0,44064.0,22.5,20.740000000000002,19.0,29.619999999999997,18.622999999999998,210.0,651.0,4.46,0.6102357009000449
2026-02-24T14:49:01,02/24/202602:49,145.2,0.74,107.448,54.4,1.2,65.28,64.8,0.7,13.0,198.7,23297.0,44064.0,22.5,20.76,19.0,29.619999999999997,18.692,210.0,648.0,4.44,0.6075496984587894
2026-02-24T14:50:32,02/24/202602:50,145.19,0.74,107.4406,54.4,1.2,65.28,64.8,0.7,13.0,198.7,23297.0,44064.0,22.5,20.78,19.0,29.619999999999997,18.761,210.0,645.0,4.42,0.6075915436064206
2026-02-24T14:51:00,02/24/202602:51,145.18,0.74,107.4332,54.4,1.2,65.28,64.8,0.7,13.0,198.7,23297.0,44064.0,22.5,20.8,19.0,29.619999999999997,18.83,210.0,642.0,4.4,0.6076333945186404
2026-02-24T14:51:17,02/24/202602:51,145.16,0.75,108.87,54.4,1.24,67.456,67.0,0.7,13.0,198.7,23297.0,44064.0,22.6,20.8,19.0,29.619999999999997,18.83,210.0,642.0,4.4,0.6196013594194911
2026-02-24T14:52:01,02/24/202602:52,145.14000000000001,0.76,110.30640000000001,54.4,1.28,69.632,69.2,0.7,13.0,198.7,23297.0,44064.0,22.6,20.8,19.0,29.619999999999997,18.83,210.0,642.0,4.4,0.6312598362379699
2026-02-24T14:52:18,02/24/202602:52,145.18,0.75,108.885,54.39,1.24,67.4436,67.0,0.7,13.0,198.7,23297.0,44064.0,22.5,20.8,19.0,29.619999999999997,18.83,210.0,642.0,4.4,0.6194021215043395
2026-02-24T14:53:01,02/24/202602:53,145.22,0.74,107.4628,54.379999999999995,1.2,65.25599999999999,64.8,0.7,13.0,198.7,23297.0,44064.0,22.5,20.8,19.0,29.619999999999997,18.83,210.0,642.0,4.4,0.6072426923549357
2026-02-24T14:53:18,02/24/202602:53,145.29000000000002,0.75,108.96750000000002,54.379999999999995,1.1800000000000002,64.1684,63.7,0.7,13.0,198.7,23297.0,44064.0,22.5,20.8,19.0,29.619999999999997,18.83,210.0,642.0,4.4,0.5888764998738155
2026-02-24T14:54:01,02/24/202602:54,145.35999999999999,0.76,110.47359999999999,54.379999999999995,1.1600000000000001,63.0808,62.6,0.7,13.0,198.7,23297.0,44064.0,22.5,20.8,19.0,29.619999999999997,18.83,210.0,642.0,4.4,0.5710033890449846
2026-02-24T14:54:18,02/24/202602:54,145.48,0.76,110.56479999999999,54.379999999999995,1.1800000000000002,64.1684,63.7,0.7,13.0,198.7,23297.0,44064.0,22.5,20.8,19.0,29.619999999999997,18.83,210.0,642.0,4.4,0.5803691590813714
2026-02-24T14:55:01,02/24/202602:55,145.6,0.76,110.65599999999999,54.379999999999995,1.2,65.25599999999999,64.8,0.7,13.0,198.7,23297.0,44064.0,22.5,20.8,19.0,29.619999999999997,18.83,210.0,642.0,4.4,0.5897194910352804
2026-02-24T14:55:18,02/24/202602:55,145.60999999999999,0.77,112.1197,54.379999999999995,1.24,67.43119999999999,67.0,0.7,13.0,198.7,23297.0,44064.0,22.5,20.8,19.0,29.619999999999997,18.83,210.0,642.0,4.4,0.6014215164685599
2026-02-24T14:56:00,02/24/202602:56,145.62,0.78,113.5836,54.379999999999995,1.28,69.6064,69.2,0.7,13.0,198.7,23297.0,44064.0,22.5,20.8,19.0,29.619999999999997,18.83,210.0,642.0,4.4,0.6128208649840293
2026-02-24T14:56:18,02/24/202602:56,145.68,0.77,112.17360000000001,54.379999999999995,1.25,67.975,67.5,0.7,13.0,198.7,23297.0,44064.0,22.5,20.8,19.0,29.619999999999997,18.83,210.0,642.0,4.4,0.605980373278561
2026-02-24T14:57:00,02/24/202602:57,145.74,0.76,110.76240000000001,54.379999999999995,1.22,66.3436,65.8,0.7,13.0,198.7,23297.0,44064.0,22.5,20.8,19.0,29.619999999999997,18.83,210.0,642.0,4.4,0.5989722143976656
2026-02-24T14:57:18,02/24/202602:57,145.76,0.76,110.77759999999999,54.39,1.23,66.8997,66.3,0.7,13.0,198.7,23297.0,44064.0,22.5,20.8,19.0,29.619999999999997,18.83,210.0,642.0,4.4,0.6039099962447282
2026-02-24T14:58:01,02/24/202602:58,145.78,0.76,110.7928,54.4,1.24,67.456,66.8,0.7,13.0,198.7,23297.0,44064.0,22.5,20.8,19.0,29.619999999999997,18.83,210.0,642.0,4.4,0.608848228404734
2026-02-24T14:58:18,02/24/202602:58,145.78,0.75,109.33500000000001,54.410000000000004,1.23,66.9243,66.3,0.7,13.0,198.7,23297.0,44064.0,22.5,20.8,19.0,29.619999999999997,18.83,210.0,642.0,4.4,0.6121031691590068
2026-02-24T14:59:01,02/24/202602:59,145.78,0.74,107.8772,54.42,1.22,66.3924,65.8,0.7,13.0,198.7,23297.0,44064.0,22.5,20.8,19.0,29.619999999999997,18.83,210.0,642.0,4.4,0.6154442273251437
2026-02-24T14:59:18,02/24/202602:59,145.72,0.74,107.83279999999999,54.42,1.23,66.9366,66.4,0.7,13.0,198.7,23297.0,44064.0,22.5,20.8,19.0,29.619999999999997,18.83,210.0,642.0,4.4,0.6207443375299538
2026-02-24T15:00:00,02/24/202603:00,145.66,0.74,107.7884,54.42,1.24,67.4808,67.0,0.7,13.0,198.7,23297.0,44064.0,22.5,20.8,19.0,29.619999999999997,18.83,210.0,642.0,4.4,0.6260488141581099
2026-02-24T15:00:18,02/24/202603:00,145.70999999999998,0.73,106.36829999999998,54.42,1.22,66.3924,65.9,0.7,13.0,198.7,23297.0,44064.0,22.6,20.8,19.0,29.619999999999997,18.83,210.0,642.0,4.4,0.6241746836228463
2026-02-24T15:01:44,02/24/202603:01,145.84,0.72,105.0048,54.42,1.19,64.7598,64.2,0.7,13.0,198.7,23297.0,44064.0,22.5,20.81,19.0,29.617,18.823999999999998,210.1,634.8,4.380000000000001,0.6167318065459865
2026-02-24T15:02:00,02/24/202603:02,145.94,0.72,105.07679999999999,54.42,1.17,63.6714,63.1,0.7,13.0,198.7,23297.0,44064.0,22.5,20.82,19.0,29.613999999999997,18.817999999999998,210.2,627.6,4.36,0.6059510757845691
2026-02-24T15:02:18,02/24/202603:02,146.05,0.73,106.6165,54.42,1.15,62.583,62.0,0.7,13.0,198.7,23297.0,44064.0,22.5,20.830000000000002,19.0,29.611,18.811999999999998,210.3,620.4,4.340000000000001,0.5869916945313343
2026-02-24T15:03:00,02/24/202603:03,146.17000000000002,0.74,108.1658,54.42,1.15,62.583,62.0,0.7,13.0,198.7,23297.0,44064.0,22.5,20.84,19.0,29.607999999999997,18.806,210.4,613.2,4.32,0.5785839886544545
2026-02-24T15:03:18,02/24/202603:03,146.20999999999998,0.75,109.65749999999998,54.42,1.1800000000000002,64.21560000000001,63.7,0.7,13.0,198.7,23297.0,44064.0,22.5,20.85,19.0,29.605,18.8,210.5,606.0,4.3,0.5856015320429521
2026-02-24T15:04:00,02/24/202603:04,146.29000000000002,0.76,111.18040000000002,54.410000000000004,1.22,66.3802,65.9,0.7,13.0,198.7,23297.0,44064.0,22.5,20.86,19.0,29.601999999999997,18.794,210.6,598.8,4.28,0.5970494799443067
2026-02-24T15:04:17,02/24/202603:04,146.32999999999998,0.76,111.21079999999999,54.4,1.25,68.0,67.5,0.7,14.0,198.7,23297.0,44064.0,22.5,20.869999999999997,19.0,29.599,18.788,210.7,591.6,4.26,0.6114514057987175
2026-02-24T15:05:00,02/24/202603:05,146.4,0.75,109.80000000000001,54.4,1.24,67.456,66.9,0.7,14.0,198.7,23297.0,44064.0,22.5,20.88,19.0,29.595999999999997,18.782,210.8,584.4,4.24,0.6143533697632058
2026-02-24T15:05:18,02/24/202603:05,146.47,0.73,106.92309999999999,54.4,1.21,65.824,65.2,0.7,14.0,198.7,23297.0,44064.0,22.5,20.889999999999997,19.0,29.593,18.776,210.9,577.2,4.220000000000001,0.6156200110172638
2026-02-24T15:06:00,02/24/202603:06,146.44,0.72,105.43679999999999,54.4,1.2,65.28,64.6,0.7,14.0,198.7,23297.0,44064.0,22.5,20.9,19.0,29.589999999999996,18.77,211.0,570.0,4.2,0.6191386688518621
2026-02-24T15:06:19,02/24/202603:06,146.35,0.73,106.8355,54.39,1.2200000000000002,66.35580000000002,65.7,0.7,14.0,198.7,23297.0,44064.0,22.5,20.9,19.0,29.589999999999996,18.77,211.0,570.0,4.2,0.6211025361420129
2026-02-24T15:07:01,02/24/202603:07,146.26,0.74,108.2324,54.379999999999995,1.24,67.43119999999999,66.8,0.7,14.0,198.7,23297.0,44064.0,22.5,20.9,19.0,29.589999999999996,18.77,211.0,570.0,4.2,0.6230223112487572
2026-02-24T15:07:18,02/24/202603:07,146.15,0.74,108.151,54.379999999999995,1.25,67.975,67.4,0.7,14.0,198.7,23297.0,44064.0,22.6,20.9,19.0,29.589999999999996,18.77,211.0,570.0,4.2,0.6285193849340274
2026-02-24T15:08:00,02/24/202603:08,146.04000000000002,0.74,108.06960000000001,54.379999999999995,1.26,68.5188,68.0,0.7,14.0,198.7,23297.0,44064.0,22.6,20.9,19.0,29.589999999999996,18.77,211.0,570.0,4.2,0.6340247396122498
2026-02-24T15:08:18,02/24/202603:08,145.97,0.73,106.5581,54.379999999999995,1.24,67.43119999999999,66.9,0.7,14.0,198.7,23297.0,44064.0,22.6,20.9,19.0,29.589999999999996,18.77,211.0,570.0,4.2,0.6328115835398717
2026-02-24T15:08:22,02/24/202603:08,145.92000000000002,0.71,103.6032,54.379999999999995,1.19,64.7122,64.1,0.7,14.0,198.7,23297.0,44064.0,22.5,20.9,19.0,29.589999999999996,18.77,211.0,570.0,4.2,0.6246158419817148
2026-02-24T15:09:00,02/24/202603:09,145.91,0.7,102.13699999999999,54.379999999999995,1.15,62.53699999999999,61.9,0.7,14.0,198.7,23297.0,44064.0,22.5,20.9,19.0,29.589999999999996,18.77,211.0,570.0,4.2,0.6122854597256626
2026-02-24T15:09:21,02/24/202603:09,145.85999999999999,0.71,103.56059999999998,54.379999999999995,1.16,63.08079999999999,62.5,0.7,14.0,198.7,23297.0,44064.0,22.5,20.9,19.0,29.589999999999996,18.77,211.0,570.0,4.2,0.6091196845132222
2026-02-24T15:10:00,02/24/202603:10,145.81,0.73,106.4413,54.379999999999995,1.19,64.7122,64.2,0.7,14.0,198.7,23297.0,44064.0,22.5,20.9,19.0,29.589999999999996,18.77,211.0,570.0,4.2,0.6079613834103867
2026-02-24T15:10:22,02/24/202603:10,145.75,0.73,106.3975,54.379999999999995,1.17,63.624599999999994,63.1,0.7,14.0,198.7,23297.0,44064.0,22.5,20.9,19.0,29.589999999999996,18.77,211.0,570.0,4.2,0.597989614417632
2026-02-24T15:11:00,02/24/202603:11,145.67000000000002,0.71,103.4257,54.39,1.1300000000000001,61.46070000000001,60.9,0.7,14.0,198.7,23297.0,44064.0,22.5,20.9,19.0,29.589999999999996,18.77,211.0,570.0,4.2,0.5942497851114376
2026-02-24T15:11:21,02/24/202603:11,145.57,0.71,103.3547,54.4,1.1099999999999999,60.38399999999999,59.8,0.7,14.0,198.7,23297.0,44064.0,22.6,20.9,19.0,29.589999999999996,18.77,211.0,570.0,4.2,0.5842404844675665
2026-02-24T15:12:54,02/24/202603:12,145.46,0.72,104.7312,54.4,1.1400000000000001,62.016000000000005,61.4,0.7,14.0,198.7,23297.0,44064.0,22.5,20.9,19.0,29.589999999999996,18.77,211.0,570.0,4.2,0.5921444612493698
2026-02-24T15:13:01,02/24/202603:13,145.35,0.73,106.10549999999999,54.4,1.17,63.647999999999996,63.0,0.7,14.0,198.7,23297.0,44064.0,22.5,20.9,19.0,29.589999999999996,18.77,211.0,570.0,4.2,0.5998558038932948
2026-02-24T15:13:21,02/24/202603:13,145.32,0.74,107.5368,54.4,1.19,64.73599999999999,64.1,0.7,14.0,198.7,23297.0,44064.0,22.5,20.9,19.0,29.589999999999996,18.77,211.0,570.0,4.2,0.6019892725095036
2026-02-24T15:14:01,02/24/202603:14,145.27,0.76,110.40520000000001,54.4,1.24,67.456,66.9,0.7,14.0,198.7,23297.0,44064.0,22.5,20.9,19.0,29.589999999999996,18.77,211.0,570.0,4.2,0.6109857144409865
2026-02-24T15:14:21,02/24/202603:14,145.31,0.77,111.8887,54.4,1.28,69.632,69.1,0.7,14.0,198.7,23297.0,44064.0,22.6,20.9,19.0,29.589999999999996,18.77,211.0,570.0,4.2,0.6223327288635939
2026-02-24T15:15:01,02/24/202603:15,145.39000000000001,0.76,110.49640000000001,54.4,1.27,69.088,68.5,0.7,14.0,198.7,23297.0,44064.0,22.6,20.9,19.0,29.589999999999996,18.77,211.0,570.0,4.2,0.6252511394036365
2026-02-24T15:15:21,02/24/202603:15,145.41,0.76,110.5116,54.39,1.26,68.5314,67.9,0.7,14.0,198.7,23297.0,44064.0,22.5,20.9,19.0,29.589999999999996,18.77,211.0,570.0,4.2,0.6201285656890317
2026-02-24T15:16:00,02/24/202603:16,145.44,0.78,113.4432,54.379999999999995,1.3,70.694,70.1,0.7,14.0,198.7,23297.0,44064.0,22.5,20.9,19.0,29.589999999999996,18.77,211.0,570.0,4.2,0.6231664833149981
2026-02-24T15:16:22,02/24/202603:16,145.45,0.79,114.90549999999999,54.36999999999999,1.31,71.22469999999998,70.7,0.7,14.0,198.7,23297.0,44064.0,22.5,20.919999999999998,19.0,29.589999999999996,18.756999999999998,210.8,569.7,4.17,0.6198545761517072
2026-02-24T15:17:01,02/24/202603:17,145.48,0.78,113.4744,54.36,1.3,70.668,70.2,0.7,14.0,198.7,23297.0,44064.0,22.5,20.939999999999998,19.0,29.589999999999996,18.744,210.6,569.4,4.14,0.6227660159472093
2026-02-24T15:17:21,02/24/202603:17,145.54000000000002,0.76,110.61040000000001,54.35,1.26,68.48100000000001,68.0,0.7,14.0,198.7,23297.0,44064.0,22.6,20.96,19.0,29.589999999999996,18.731,210.4,569.1,4.11,0.6191189978519199
2026-02-24T15:18:01,02/24/202603:18,145.6,0.74,107.744,54.339999999999996,1.22,66.2948,65.8,0.7,14.0,198.7,23297.0,44064.0,22.6,20.98,19.0,29.589999999999996,18.718,210.2,568.8,4.08,0.6152992277992277
2026-02-24T15:18:21,02/24/202603:18,145.57,0.75,109.1775,54.339999999999996,1.25,67.925,67.4,0.7,14.0,198.7,23297.0,44064.0,22.5,21.0,19.0,29.589999999999996,18.705000000000002,210.0,568.5,4.05,0.622152000183188
2026-02-24T15:19:01,02/24/202603:19,145.54000000000002,0.76,110.61040000000001,54.339999999999996,1.28,69.5552,69.0,0.7,14.0,198.7,23297.0,44064.0,22.5,21.02,19.0,29.589999999999996,18.692,209.8,568.2,4.0200000000000005,0.6288305620447986
2026-02-24T15:19:21,02/24/202603:19,145.44,0.75,109.08,54.33,1.24,67.36919999999999,66.8,0.7,14.0,198.7,23297.0,44064.0,22.5,21.04,19.0,29.589999999999996,18.679,209.6,567.9,3.9899999999999998,0.6176127612761275
2026-02-24T15:20:00,02/24/202603:20,145.34,0.74,107.55160000000001,54.31999999999999,1.2,65.18399999999998,64.6,0.7,14.0,198.7,23297.0,44064.0,22.5,21.060000000000002,19.0,29.589999999999996,18.666,209.4,567.6,3.96,0.6060718761970996
2026-02-24T15:20:22,02/24/202603:20,145.24,0.72,104.5728,54.31999999999999,1.15,62.46799999999999,61.9,0.7,14.0,198.7,23297.0,44064.0,22.6,21.080000000000002,19.0,29.589999999999996,18.653,209.2,567.3,3.9299999999999997,0.5973637504207594
2026-02-24T15:21:01,02/24/202603:21,145.14000000000001,0.7,101.598,54.31999999999999,1.1,59.751999999999995,59.2,0.7,14.0,198.7,23297.0,44064.0,22.6,21.1,19.0,29.589999999999996,18.64,209.0,567.0,3.9,0.588121813421524
2026-02-24T15:21:21,02/24/202603:21,145.10999999999999,0.7,101.57699999999998,54.33,1.1,59.763000000000005,59.2,0.7,14.0,198.7,23297.0,44064.0,22.6,21.1,19.0,29.589999999999996,18.64,209.0,567.0,3.9,0.5883516937889485
2026-02-24T15:22:01,02/24/202603:22,145.07999999999998,0.7,101.55599999999998,54.339999999999996,1.1,59.774,59.2,0.7,14.0,198.7,23297.0,44064.0,22.6,21.1,19.0,29.589999999999996,18.64,209.0,567.0,3.9,0.5885816692268306
2026-02-24T15:22:22,02/24/202603:22,145.05,0.6799999999999999,98.634,54.35,1.0699999999999998,58.15449999999999,57.6,0.7,14.0,198.7,23297.0,44064.0,22.6,21.1,19.0,29.589999999999996,18.64,209.0,567.0,3.9,0.5895989212644727
2026-02-24T15:24:09,02/24/202603:24,144.96999999999997,0.6799999999999999,98.57959999999997,54.36,1.09,59.2524,58.7,0.7,14.0,198.7,23297.0,44064.0,22.5,21.1,19.0,29.589999999999996,18.64,209.0,567.0,3.9,0.6010614772224682
2026-02-24T15:24:22,02/24/202603:24,144.95,0.6599999999999999,95.66699999999999,54.36,1.02,55.4472,54.9,0.7,14.0,198.7,23297.0,44064.0,22.5,21.1,19.0,29.589999999999996,18.64,209.0,567.0,3.9,0.5795854369845402
2026-02-24T15:25:00,02/24/202603:25,144.93,0.6399999999999999,92.75519999999999,54.36,0.95,51.641999999999996,51.1,0.7,14.0,198.7,23297.0,44064.0,22.5,21.1,19.0,29.589999999999996,18.64,209.0,567.0,3.9,0.5567558476505899
2026-02-24T15:25:21,02/24/202603:25,144.82,0.6699999999999999,97.02939999999998,54.36999999999999,1.02,55.45739999999999,54.9,0.7,14.0,198.7,23297.0,44064.0,22.5,21.1,19.0,29.589999999999996,18.64,209.0,567.0,3.9,0.5715525397456853
2026-02-24T15:26:00,02/24/202603:26,144.70999999999998,0.7,101.29699999999998,54.379999999999995,1.09,59.2742,58.7,0.7,14.0,198.7,23297.0,44064.0,22.5,21.1,19.0,29.589999999999996,18.64,209.0,567.0,3.9,0.5851525711521567
2026-02-24T15:26:21,02/24/202603:26,144.75,0.7,101.32499999999999,54.379999999999995,1.09,59.2742,58.7,0.7,14.0,198.7,23297.0,44064.0,22.5,21.1,19.0,29.589999999999996,18.64,209.0,567.0,3.9,0.584990870959783
2026-02-24T15:27:01,02/24/202603:27,144.79000000000002,0.7,101.35300000000001,54.379999999999995,1.09,59.2742,58.7,0.7,14.0,198.7,23297.0,44064.0,22.5,21.1,19.0,29.589999999999996,18.64,209.0,567.0,3.9,0.5848292601107021
2026-02-24T15:27:22,02/24/202603:27,144.79000000000002,0.71,102.80090000000001,54.379999999999995,1.1300000000000001,61.449400000000004,60.9,0.7,14.0,198.7,23297.0,44064.0,22.5,21.130000000000003,19.0,29.589999999999996,18.64,209.0,567.5,3.9,0.5977515761048784
2026-02-24T15:28:01,02/24/202603:28,144.79000000000002,0.72,104.24880000000002,54.379999999999995,1.17,63.624599999999994,63.1,0.7,14.0,198.7,23297.0,44064.0,22.5,21.160000000000004,19.0,29.589999999999996,18.64,209.0,568.0,3.9,0.6103149388769941
2026-02-24T15:28:21,02/24/202603:28,144.81,0.73,105.7113,54.36999999999999,1.1800000000000002,64.1566,63.6,0.7,14.0,198.7,23297.0,44064.0,22.6,21.19,19.0,29.589999999999996,18.678,208.9,568.5,3.9,0.6069038976911645
2026-02-24T15:29:00,02/24/202603:29,144.88,0.72,104.3136,54.36,1.1400000000000001,61.970400000000005,61.4,0.7,14.0,198.7,23297.0,44064.0,22.6,21.22,19.0,29.589999999999996,18.716,208.8,569.0,3.9,0.5940778575372723
2026-02-24T15:29:21,02/24/202603:29,144.92000000000002,0.72,104.34240000000001,54.36,1.1300000000000001,61.42680000000001,60.8,0.7,14.0,198.7,23297.0,44064.0,22.6,21.25,19.0,29.589999999999996,18.753999999999998,208.7,569.5,3.9,0.5887041126138559
2026-02-24T15:30:00,02/24/202603:30,144.95999999999998,0.72,104.37119999999999,54.36,1.1199999999999999,60.883199999999995,60.2,0.7,14.0,198.7,23297.0,44064.0,22.6,21.28,19.0,29.589999999999996,18.792,208.6,570.0,3.9,0.5833333333333334
2026-02-24T15:31:15,02/24/202603:31,145.13,0.7,101.591,54.36,1.09,59.2524,58.6,0.7,14.0,198.7,23297.0,44064.0,22.5,21.330000000000002,19.0,29.589999999999996,18.742,208.7,566.5,3.8600000000000003,0.5832445787520548
2026-02-24T15:32:01,02/24/202603:32,145.3,0.6799999999999999,98.804,54.36,1.06,57.6216,57.0,0.7,14.0,198.7,23297.0,44064.0,22.5,21.380000000000003,19.0,29.589999999999996,18.692,208.8,563.0,3.8200000000000003,0.5831909639285859
2026-02-24T15:32:15,02/24/202603:32,145.45,0.6799999999999999,98.90599999999998,54.36999999999999,1.09,59.263299999999994,58.6,0.7,14.0,198.7,23297.0,44064.0,22.5,21.43,19.0,29.587,18.642000000000003,208.9,559.5,3.78,0.5991881180110409
2026-02-24T15:33:00,02/24/202603:33,145.6,0.6799999999999999,99.00799999999998,54.379999999999995,1.1199999999999999,60.905599999999986,60.2,0.7,14.0,198.7,23297.0,44064.0,22.5,21.48,19.0,29.583999999999996,18.592000000000002,209.0,556.0,3.7399999999999998,0.6151583710407239
2026-02-24T15:33:15,02/24/202603:33,145.67000000000002,0.6799999999999999,99.0556,54.36999999999999,1.1099999999999999,60.35069999999998,59.6,0.7,14.0,198.7,23297.0,44064.0,22.6,21.5,19.0,29.581,18.542,209.1,552.0,3.7,0.6092608595576624
2026-02-24T15:35:16,02/24/202603:35,145.82999999999998,0.6599999999999999,96.24779999999998,54.36,1.07,58.165200000000006,57.4,0.7,14.0,198.7,23297.0,44064.0,22.6,21.52,19.0,29.577999999999996,18.492,209.2,548.0,3.66,0.604327579435582
2026-02-24T15:36:01,02/24/202603:36,145.95999999999998,0.6599999999999999,96.33359999999998,54.36,1.08,58.708800000000004,58.0,0.7,14.0,198.7,23297.0,44064.0,22.6,21.54,19.0,29.575,18.404,209.4,544.0,3.62,0.6094322230249883
2026-02-24T15:36:14,02/24/202603:36,146.02,0.6699999999999999,97.8334,54.36,1.12,60.8832,60.2,0.7,14.0,198.7,23297.0,44064.0,22.6,21.560000000000002,19.0,29.571999999999996,18.316,209.6,540.0,3.5799999999999996,0.6223150784905769
2026-02-24T15:37:01,02/24/202603:37,146.1,0.6699999999999999,97.88699999999999,54.35,1.16,63.046,62.4,0.7,14.0,198.7,23297.0,44064.0,22.6,21.580000000000002,19.0,29.569,18.228,209.8,536.0,3.54,0.6440691818116809
2026-02-24T15:37:15,02/24/202603:37,146.13,0.6799999999999999,99.3684,54.35,1.21,65.7635,65.2,0.7,14.0,198.7,23297.0,44064.0,22.6,21.6,19.0,29.565999999999995,18.14,210.0,532.0,3.5,0.6618150236896236
2026-02-24T15:38:01,02/24/202603:38,146.1,0.6900000000000001,100.809,54.35,1.22,66.307,65.8,0.7,14.0,198.7,23297.0,44064.0,22.6,21.6,19.0,29.563,18.14,210.0,532.0,3.5,0.6577488121100299
2026-02-24T15:38:15,02/24/202603:38,146.07,0.7,102.249,54.339999999999996,1.21,65.75139999999999,65.3,0.7,14.0,198.7,23297.0,44064.0,22.5,21.6,19.0,29.559999999999995,18.14,210.0,532.0,3.5,0.6430517657874404
2026-02-24T15:39:01,02/24/202603:39,145.97,0.72,105.0984,54.33,1.22,66.2826,65.9,0.7,14.0,198.7,23297.0,44064.0,22.5,21.6,19.0,29.559999999999995,18.14,210.0,532.0,3.5,0.6306718275444726
2026-02-24T15:39:14,02/24/202603:39,145.85,0.74,107.92899999999999,54.31999999999999,1.24,67.35679999999999,67.0,0.7,14.0,198.7,23297.0,44064.0,22.6,21.6,19.0,29.559999999999995,18.14,210.0,532.0,3.5,0.6240843517497614
2026-02-24T15:40:01,02/24/202603:40,145.8,0.74,107.89200000000001,54.31999999999999,1.24,67.35679999999999,67.0,0.7,14.0,198.7,23297.0,44064.0,22.6,21.6,19.0,29.559999999999995,18.14,210.0,532.0,3.5,0.6242983724465204
2026-02-24T15:40:14,02/24/202603:40,145.65,0.74,107.781,54.33,1.25,67.9125,67.5,0.7,14.0,198.7,23297.0,44064.0,22.6,21.6,19.0,29.559999999999995,18.14,210.0,532.0,3.5,0.6300971414256686
2026-02-24T15:41:01,02/24/202603:41,145.5,0.74,107.67,54.339999999999996,1.26,68.4684,68.0,0.7,14.0,198.7,23297.0,44064.0,22.6,21.6,19.0,29.559999999999995,18.14,210.0,532.0,3.5,0.6359097241571469
2026-02-24T15:41:15,02/24/202603:41,145.41,0.73,106.1493,54.339999999999996,1.24,67.38159999999999,66.9,0.7,14.0,198.7,23297.0,44064.0,22.6,21.6,19.0,29.559999999999995,18.14,210.0,532.0,3.5,0.6347813881014759
2026-02-24T15:42:00,02/24/202603:42,145.32,0.72,104.6304,54.339999999999996,1.22,66.2948,65.8,0.7,14.0,198.7,23297.0,44064.0,22.6,21.6,19.0,29.559999999999995,18.14,210.0,532.0,3.5,0.6336093525399884
2026-02-24T15:42:15,02/24/202603:42,145.27,0.71,103.1417,54.33,1.19,64.6527,63.6,0.7,14.0,198.7,23297.0,44064.0,22.6,21.6,19.0,29.559999999999995,18.14,210.0,532.0,3.5,0.6268337636474869
2026-02-24T15:43:00,02/24/202603:43,145.22,0.7,101.654,54.31999999999999,1.1600000000000001,63.0112,61.4,0.7,14.0,198.7,23297.0,44064.0,22.6,21.6,19.0,29.559999999999995,18.14,210.0,532.0,3.5,0.6198595234816141
2026-02-24T15:43:15,02/24/202603:43,145.13,0.73,105.94489999999999,54.33,1.24,67.36919999999999,66.3,0.7,14.0,198.7,23297.0,44064.0,22.6,21.6,19.0,29.559999999999995,18.14,210.0,532.0,3.5,0.6358890328840746
2026-02-24T15:44:01,02/24/202603:44,145.04000000000002,0.76,110.23040000000002,54.339999999999996,1.32,71.72879999999999,71.2,0.7,14.0,198.7,23297.0,44064.0,22.6,21.6,19.0,29.559999999999995,18.14,210.0,532.0,3.5,0.6507170435741862
2026-02-24T15:44:15,02/24/202603:44,144.95999999999998,0.75,108.71999999999998,54.339999999999996,1.32,71.72879999999999,71.2,0.7,14.0,198.7,23297.0,44064.0,22.6,21.6,19.0,29.559999999999995,18.14,210.0,532.0,3.5,0.659757174392936
2026-02-24T15:45:00,02/24/202603:45,144.88,0.74,107.21119999999999,54.339999999999996,1.32,71.72879999999999,71.2,0.7,14.0,198.7,23297.0,44064.0,22.6,21.6,19.0,29.559999999999995,18.14,210.0,532.0,3.5,0.6690420403838405
2026-02-24T15:46:28,02/24/202603:46,144.79000000000002,0.76,110.04040000000002,54.33,1.34,72.8022,72.3,0.8,14.0,198.7,23297.0,44064.0,22.6,21.6,19.1,29.563,18.134,210.1,527.7,3.47,0.661595195946216
2026-02-24T15:47:01,02/24/202603:47,144.7,0.78,112.866,54.31999999999999,1.36,73.87519999999999,73.4,0.8,14.0,198.7,23297.0,44064.0,22.6,21.6,19.2,29.565999999999995,18.128,210.2,523.4,3.44,0.6545390108624386
2026-02-24T15:47:15,02/24/202603:47,144.6,0.8,115.68,54.31999999999999,1.37,74.41839999999999,74.0,0.8,14.0,198.7,23297.0,44064.0,22.5,21.6,19.3,29.569,18.122,210.3,519.1,3.41,0.6433125864453664
2026-02-24T15:48:01,02/24/202603:48,144.5,0.82,118.49,54.31999999999999,1.3800000000000001,74.96159999999999,74.6,0.8,14.0,198.7,23297.0,44064.0,22.5,21.6,19.4,29.571999999999996,18.116,210.4,514.8,3.38,0.6326407291754578
2026-02-24T15:48:14,02/24/202603:48,144.45999999999998,0.8300000000000001,119.9018,54.33,1.41,76.6053,76.8,0.8,14.0,198.7,23297.0,44064.0,22.6,21.6,19.5,29.575,18.11,210.5,510.5,3.35,0.6389003334395313
2026-02-24T15:49:00,02/24/202603:49,144.42000000000002,0.8400000000000001,121.31280000000002,54.339999999999996,1.44,78.24959999999999,79.0,0.8,14.0,198.7,23297.0,44064.0,22.6,21.6,19.6,29.577999999999996,18.104,210.6,506.2,3.3200000000000003,0.6450234435278056
2026-02-24T15:49:15,02/24/202603:49,144.45999999999998,0.8,115.56799999999998,54.339999999999996,1.34,72.8156,73.0,0.8,14.0,198.7,23297.0,44064.0,22.6,21.6,19.7,29.581,18.098,210.7,501.9,3.29,0.6300671466149801
2026-02-24T15:50:00,02/24/202603:50,144.5,0.76,109.82000000000001,54.339999999999996,1.24,67.38159999999999,67.0,0.8,14.0,198.7,23297.0,44064.0,22.6,21.6,19.8,29.583999999999996,18.092,210.8,497.6,3.2600000000000002,0.6135640138408304
2026-02-24T15:50:15,02/24/202603:50,144.54000000000002,0.76,109.85040000000002,54.339999999999996,1.23,66.8382,66.5,0.8,14.0,198.7,23297.0,44064.0,22.6,21.6,19.9,29.587,18.086,210.9,493.3,3.2300000000000004,0.6084474885844747
2026-02-24T15:51:01,02/24/202603:51,144.57999999999998,0.76,109.8808,54.339999999999996,1.22,66.2948,66.0,0.8,14.0,198.7,23297.0,44064.0,22.6,21.6,20.0,29.589999999999996,18.08,211.0,489.0,3.2,0.6033337944390649
2026-02-24T15:51:14,02/24/202603:51,144.55,0.75,108.41250000000001,54.339999999999996,1.2,65.208,64.9,0.8,14.0,198.7,23297.0,44064.0,22.6,21.6,20.0,29.589999999999996,18.08,211.0,489.0,3.2,0.6014804565894154
2026-02-24T15:52:01,02/24/202603:52,144.52,0.74,106.9448,54.339999999999996,1.1800000000000002,64.1212,63.8,0.8,14.0,198.7,23297.0,44064.0,22.6,21.6,20.0,29.589999999999996,18.08,211.0,489.0,3.2,0.5995728637577517
2026-02-24T15:52:14,02/24/202603:52,144.53,0.73,105.5069,54.339999999999996,1.16,63.03439999999999,62.7,0.8,14.0,198.7,23297.0,44064.0,22.6,21.6,20.0,29.589999999999996,18.08,211.0,489.0,3.2,0.5974433899583818
2026-02-24T15:53:01,02/24/202603:53,144.54000000000002,0.72,104.06880000000001,54.339999999999996,1.1400000000000001,61.9476,61.6,0.8,14.0,198.7,23297.0,44064.0,22.6,21.6,20.0,29.589999999999996,18.08,211.0,489.0,3.2,0.5952562151192288
2026-02-24T15:53:15,02/24/202603:53,144.52,0.7,101.164,54.33,1.09,59.2197,58.8,0.8,14.0,198.7,23297.0,44064.0,22.6,21.6,20.0,29.589999999999996,18.08,211.0,489.0,3.2,0.5853831402475189
2026-02-24T15:54:01,02/24/202603:54,144.5,0.6799999999999999,98.25999999999999,54.31999999999999,1.04,56.492799999999995,56.0,0.8,14.0,198.7,23297.0,44064.0,22.6,21.6,20.0,29.589999999999996,18.08,211.0,489.0,3.2,0.5749318135558722
2026-02-24T15:54:15,02/24/202603:54,144.47,0.6699999999999999,96.79489999999998,54.31,1.04,56.482400000000005,56.0,0.8,14.0,198.7,23297.0,44064.0,22.6,21.6,20.0,29.589999999999996,18.08,211.0,489.0,3.2,0.5835266114227095
2026-02-24T15:55:00,02/24/202603:55,144.44,0.6599999999999999,95.33039999999998,54.3,1.04,56.472,56.0,0.8,14.0,198.7,23297.0,44064.0,22.6,21.6,20.0,29.589999999999996,18.08,211.0,489.0,3.2,0.592381863497898
2026-02-24T15:55:15,02/24/202603:55,144.4,0.65,93.86000000000001,54.3,0.99,53.757,53.3,0.8,14.0,198.7,23297.0,44064.0,22.6,21.6,20.0,29.589999999999996,18.08,211.0,489.0,3.2,0.5727359897720008
2026-02-24T15:56:01,02/24/202603:56,144.35999999999999,0.6399999999999999,92.39039999999997,54.3,0.9400000000000001,51.042,50.6,0.8,14.0,198.7,23297.0,44064.0,22.6,21.6,20.0,29.589999999999996,18.08,211.0,489.0,3.2,0.5524599958437242
2026-02-24T15:57:39,02/24/202603:57,144.49,0.65,93.91850000000001,54.3,0.96,52.12799999999999,51.7,0.8,14.0,198.7,23297.0,44064.0,22.6,21.6,20.0,29.589999999999996,18.08,211.0,489.0,3.2,0.5550344181391311
2026-02-24T15:58:00,02/24/202603:58,144.62,0.6599999999999999,95.44919999999999,54.3,0.9800000000000001,53.214000000000006,52.8,0.8,14.0,198.7,23297.0,44064.0,22.6,21.6,20.0,29.589999999999996,18.08,211.0,489.0,3.2,0.5575112206283553
2026-02-24T15:58:15,02/24/202603:58,144.91,0.67,97.08970000000001,54.3,1.01,54.842999999999996,54.4,0.8,15.0,198.7,23297.0,44064.0,22.6,21.6,20.0,29.589999999999996,18.08,211.0,489.0,3.2,0.56486939397279
2026-02-24T15:59:01,02/24/202603:59,145.2,0.6799999999999999,98.73599999999999,54.3,1.04,56.472,56.0,0.8,15.0,198.7,23297.0,44064.0,22.6,21.6,20.0,29.589999999999996,18.08,211.0,489.0,3.2,0.5719494409333983
2026-02-24T15:59:15,02/24/202603:59,145.34,0.6799999999999999,98.8312,54.3,1.06,57.558,57.1,0.8,15.0,198.7,23297.0,44064.0,22.6,21.6,20.0,29.589999999999996,18.08,211.0,489.0,3.2,0.5823869385376278
2026-02-24T16:00:00,02/24/202604:00,145.48,0.6799999999999999,98.92639999999999,54.3,1.08,58.644,58.2,0.8,15.0,198.7,23297.0,44064.0,22.6,21.6,20.0,29.589999999999996,18.08,211.0,489.0,3.2,0.5928043474744862
2026-02-24T16:00:09,02/24/202604:00,145.49,0.6900000000000001,100.38810000000001,54.3,1.08,58.644,58.2,0.8,15.0,198.7,23297.0,44064.0,22.6,21.6,20.0,29.589999999999996,18.08,211.0,489.0,3.2,0.5841728252651459
2026-02-24T16:01:00,02/24/202604:01,145.45,0.72,104.72399999999999,54.3,1.1199999999999999,60.81599999999999,60.4,0.8,15.0,198.7,23297.0,44064.0,22.6,21.6,20.0,29.589999999999996,17.993,211.1,484.5,3.1700000000000004,0.5807264810358657
2026-02-24T16:02:00,02/24/202604:02,145.49,0.73,106.2077,54.3,1.17,63.53099999999999,63.1,0.8,15.0,198.7,23297.0,44064.0,22.6,21.6,20.0,29.589999999999996,17.906,211.2,480.0,3.14,0.5981769683365706
2026-02-24T16:03:00,02/24/202604:03,145.41000000000003,0.74,107.60340000000002,54.3,1.22,66.246,65.8,0.8,15.0,198.7,23297.0,44064.0,22.6,21.6,20.0,29.589999999999996,17.819,211.3,475.5,3.1100000000000003,0.6156496913666295
2026-02-24T16:04:00,02/24/202604:04,145.28,0.72,104.60159999999999,54.3,1.2,65.16,64.7,0.8,15.0,198.7,23297.0,44064.0,22.6,21.6,20.0,29.589999999999996,17.732,211.4,471.0,3.08,0.6229350220264317
2026-02-24T16:05:00,02/24/202604:05,145.22,0.72,104.55839999999999,54.3,1.1800000000000002,64.07400000000001,63.6,0.8,15.0,198.7,23297.0,44064.0,22.6,21.6,20.0,29.589999999999996,17.645,211.5,466.5,3.05,0.6128058577790021
2026-02-24T16:06:00,02/24/202604:06,144.99,0.72,104.39280000000001,54.3,1.16,62.98799999999999,62.5,0.8,15.0,198.7,23297.0,44064.0,22.6,21.6,20.0,29.589999999999996,17.558,211.6,462.0,3.02,0.6033749453985331
2026-02-24T16:07:00,02/24/202604:07,144.97,0.71,102.92869999999999,54.3,1.15,62.44499999999999,62.0,0.8,15.0,198.7,23297.0,44064.0,22.6,21.6,20.0,29.589999999999996,17.471,211.7,457.5,2.9899999999999998,0.6066821012992489
2026-02-24T16:08:51,02/24/202604:08,145.14000000000001,0.71,103.0494,54.3,1.1400000000000001,61.902,61.5,0.8,15.0,198.7,23297.0,44064.0,22.6,21.6,20.0,29.589999999999996,17.384,211.8,453.0,2.96,0.6007021874945414
2026-02-24T16:09:00,02/24/202604:08,145.16,0.72,104.5152,54.3,1.1400000000000001,61.902,61.5,0.8,15.0,198.7,23297.0,44064.0,22.6,21.6,20.0,29.589999999999996,17.297,211.9,448.5,2.93,0.5922774869109948
2026-02-24T16:09:01,02/24/202604:09,145.28,0.72,104.60159999999999,54.3,1.15,62.44499999999999,62.0,0.8,15.0,198.7,23297.0,44064.0,22.6,21.6,20.0,29.589999999999996,17.21,212.0,444.0,2.9,0.5969793961086637
2026-02-24T16:10:01,02/24/202604:10,145.3,0.7,101.71000000000001,54.3,1.1,59.730000000000004,59.2,0.8,15.0,198.7,23297.0,44064.0,22.6,21.6,20.0,29.589999999999996,17.21,212.0,444.0,2.9,0.5872578900796381
2026-02-24T16:11:00,02/24/202604:11,145.26,0.71,103.13459999999999,54.3,1.12,60.816,60.3,0.8,15.0,198.7,23297.0,44064.0,22.6,21.6,20.0,29.589999999999996,17.21,212.0,444.0,2.9,0.5896760156145465
2026-02-24T16:12:00,02/24/202604:12,145.38,0.71,103.21979999999999,54.3,1.12,60.816,60.3,0.8,15.0,198.7,23297.0,44064.0,22.6,21.6,20.0,29.589999999999996,17.21,212.0,444.0,2.9,0.5891892834514308
2026-02-24T16:12:47,02/24/202604:12,145.56,0.71,103.3476,54.3,1.1099999999999999,60.27299999999999,59.8,0.8,15.0,198.7,23297.0,44064.0,22.6,21.6,20.0,29.589999999999996,17.21,212.0,444.0,2.9,0.5832065766403863
2026-02-24T16:13:01,02/24/202604:13,145.67000000000002,0.69,100.5123,54.3,1.1,59.730000000000004,59.3,0.8,15.0,198.7,23297.0,44064.0,22.6,21.6,20.0,29.589999999999996,17.21,212.0,444.0,2.9,0.5942556284156268
2026-02-24T16:13:47,02/24/202604:13,145.85999999999999,0.6799999999999999,99.18479999999998,54.3,1.09,59.187000000000005,58.8,0.8,15.0,198.7,23297.0,44064.0,22.6,21.6,20.0,29.589999999999996,17.21,212.0,444.0,2.9,0.5967345802985943
2026-02-24T16:14:01,02/24/202604:14,145.84,0.6799999999999999,99.1712,54.3,1.0699999999999998,58.100999999999985,57.7,0.8,15.0,198.7,23297.0,44064.0,22.6,21.6,20.0,29.589999999999996,17.21,212.0,444.0,2.9,0.5858656545448677
2026-02-24T16:14:47,02/24/202604:14,145.7,0.69,100.53299999999999,54.3,1.08,58.644,58.2,0.8,15.0,198.7,23297.0,44064.0,22.6,21.6,20.0,29.589999999999996,17.21,212.0,444.0,2.9,0.5833308465876876
2026-02-24T16:15:00,02/24/202604:15,145.70999999999998,0.69,100.53989999999997,54.3,1.08,58.644,58.2,0.8,15.0,198.7,23297.0,44064.0,22.6,21.6,20.0,29.589999999999996,17.21,212.0,444.0,2.9,0.5832908129011468
2026-02-24T16:15:47,02/24/202604:15,145.66,0.69,100.5054,54.3,1.0699999999999998,58.100999999999985,57.7,0.8,15.0,198.7,23297.0,44064.0,22.6,21.6,20.1,29.589999999999996,17.130000000000003,212.3,439.3,2.87,0.578088341521948
2026-02-24T16:16:00,02/24/202604:16,145.76,0.69,100.57439999999998,54.3,1.08,58.644,58.3,0.8,15.0,198.7,23297.0,44064.0,22.6,21.6,20.2,29.589999999999996,17.05,212.6,434.6,2.84,0.5830907268648882
2026-02-24T16:16:47,02/24/202604:16,145.79000000000002,0.6799999999999999,99.1372,54.3,1.0699999999999998,58.100999999999985,57.7,0.8,15.0,198.7,23297.0,44064.0,22.6,21.6,20.3,29.589999999999996,16.970000000000002,212.9,429.9,2.81,0.5860665824735819
2026-02-24T16:17:01,02/24/202604:17,145.78,0.6799999999999999,99.1304,54.3,1.08,58.644,58.2,0.8,15.0,198.7,23297.0,44064.0,22.6,21.6,20.4,29.589999999999996,16.89,213.2,425.2,2.7800000000000002,0.5915844180997959
2026-02-24T16:17:47,02/24/202604:17,145.62,0.6799999999999999,99.02159999999999,54.31,1.07,58.111700000000006,57.6,0.8,15.0,198.7,23297.0,44064.0,22.6,21.6,20.5,29.589999999999996,16.81,213.5,420.5,2.75,0.5868588267610301
2026-02-24T16:18:01,02/24/202604:18,145.45999999999998,0.6799999999999999,98.91279999999998,54.31999999999999,1.06,57.57919999999999,57.0,0.8,15.0,198.7,23297.0,44064.0,22.6,21.6,20.6,29.589999999999996,16.73,213.8,415.8,2.7199999999999998,0.5821208175281662
2026-02-24T16:20:01,02/24/202604:20,145.04000000000002,0.6799999999999999,98.6272,54.33,1.07,58.1331,57.5,0.8,15.0,198.7,23297.0,44064.0,22.6,21.6,20.7,29.589999999999996,16.65,214.1,411.1,2.69,0.589422593361669
2026-02-24T16:20:14,02/24/202604:20,144.60999999999999,0.6699999999999999,96.88869999999999,54.33,1.06,57.589800000000004,56.9,0.8,15.0,198.7,23297.0,44064.0,22.6,21.6,20.8,29.589999999999996,16.57,214.4,406.4,2.66,0.5943912964050505
2026-02-24T16:21:01,02/24/202604:21,144.24,0.6599999999999999,95.19839999999999,54.33,1.04,56.5032,55.8,0.8,15.0,198.7,23297.0,44064.0,22.6,21.6,20.9,29.589999999999996,16.490000000000002,214.7,401.7,2.63,0.593530983714012
2026-02-24T16:21:14,02/24/202604:21,143.70999999999998,0.6599999999999999,94.84859999999998,54.33,1.05,57.0465,56.4,0.8,15.0,198.7,23297.0,44064.0,22.6,21.6,21.0,29.589999999999996,16.41,215.0,397.0,2.6,0.6014479918522785
2026-02-24T16:22:00,02/24/202604:22,143.24,0.6599999999999999,94.5384,54.33,1.0699999999999998,58.13309999999999,57.5,0.8,15.0,198.7,23297.0,44064.0,22.6,21.6,21.0,29.589999999999996,16.41,215.0,397.0,2.6,0.6149152090579065
2026-02-24T16:22:14,02/24/202604:22,142.8,0.6599999999999999,94.24799999999999,54.33,1.09,59.2197,58.6,0.8,15.0,198.7,23297.0,44064.0,22.6,21.6,21.0,29.589999999999996,16.41,215.0,397.0,2.6,0.6283390628978865
2026-02-24T16:23:00,02/24/202604:23,142.43,0.6599999999999999,94.0038,54.33,1.08,58.6764,58.1,0.8,15.0,198.7,23297.0,44064.0,22.6,21.6,21.0,29.589999999999996,16.41,215.0,397.0,2.6,0.6241917879915493
2026-02-24T16:23:14,02/24/202604:23,142.17000000000002,0.6699999999999999,95.2539,54.33,1.06,57.589800000000004,57.0,0.8,15.0,198.7,23297.0,44064.0,22.6,21.6,21.0,29.589999999999996,16.41,215.0,397.0,2.6,0.6045925678633631
2026-02-24T16:24:00,02/24/202604:24,141.97,0.69,97.95929999999998,54.31999999999999,1.08,58.6656,58.1,0.8,15.0,198.7,23297.0,44064.0,22.6,21.6,21.0,29.589999999999996,16.41,215.0,397.0,2.6,0.5988772888332196
2026-02-24T16:24:13,02/24/202604:24,141.78,0.71,100.6638,54.31,1.1,59.74100000000001,59.2,0.8,15.0,198.7,23297.0,44064.0,22.6,21.6,21.0,29.589999999999996,16.41,215.0,397.0,2.6,0.5934705425386286
2026-02-24T16:25:01,02/24/202604:25,141.76,0.72,102.06719999999999,54.3,1.1,59.730000000000004,59.2,0.8,15.0,198.7,23297.0,44064.0,22.6,21.6,21.0,29.589999999999996,16.41,215.0,397.0,2.6,0.5852026899924757
2026-02-24T16:25:14,02/24/202604:25,142.18,0.71,100.9478,54.3,1.09,59.187000000000005,58.7,0.8,15.0,198.7,23297.0,44064.0,22.6,21.6,21.0,29.589999999999996,16.41,215.0,397.0,2.6,0.5863129260865517
2026-02-24T16:26:01,02/24/202604:26,142.6,0.7,99.82,54.3,1.08,58.644,58.2,0.8,15.0,198.7,23297.0,44064.0,22.6,21.6,21.0,29.589999999999996,16.41,215.0,397.0,2.6,0.5874974954918855
2026-02-24T16:26:14,02/24/202604:26,142.84,0.7,99.988,54.3,1.07,58.101,57.6,0.8,15.0,198.7,23297.0,44064.0,22.6,21.6,21.0,29.589999999999996,16.41,215.0,397.0,2.6,0.581079729567548
2026-02-24T16:27:01,02/24/202604:27,143.07999999999998,0.7,100.15599999999998,54.3,1.06,57.558,57.0,0.8,15.0,198.7,23297.0,44064.0,22.6,21.6,21.0,29.589999999999996,16.41,215.0,397.0,2.6,0.5746834937497505
2026-02-24T16:27:14,02/24/202604:27,143.23,0.71,101.6933,54.3,1.07,58.101,57.5,0.8,15.0,198.7,23297.0,44064.0,22.6,21.6,21.0,29.589999999999996,16.41,215.0,397.0,2.6,0.5713355747133784
2026-02-24T16:28:00,02/24/202604:28,143.38,0.72,103.2336,54.3,1.08,58.644,58.0,0.8,15.0,198.7,23297.0,44064.0,22.6,21.6,21.0,29.589999999999996,16.41,215.0,397.0,2.6,0.5680708606500209
2026-02-24T16:28:04,02/24/202604:28,143.45,0.71,101.84949999999999,54.3,1.07,58.101,57.5,0.8,15.0,198.7,23297.0,44064.0,22.6,21.6,21.0,29.589999999999996,16.41,215.0,397.0,2.6,0.5704593542432708
2026-02-24T16:29:00,02/24/202604:29,143.52,0.7,100.464,54.3,1.06,57.558,57.0,0.8,15.0,198.7,23297.0,44064.0,22.6,21.6,21.0,29.589999999999996,16.41,215.0,397.0,2.6,0.5729216435738175
2026-02-24T16:29:04,02/24/202604:29,143.59,0.6900000000000001,99.07710000000002,54.3,1.06,57.558,57.0,0.8,15.0,198.7,23297.0,44064.0,22.6,21.6,21.0,29.589999999999996,16.41,215.0,397.0,2.6,0.5809415091882987
2026-02-24T16:31:12,02/24/202604:31,143.76,0.67,96.3192,54.3,1.06,57.558,57.0,0.8,15.0,198.7,23297.0,44064.0,22.6,21.59,21.1,29.589999999999996,16.291,215.5,392.0,2.56,0.5975755612588145
2026-02-24T16:32:01,02/24/202604:32,143.5,0.6799999999999999,97.57999999999998,54.3,1.09,59.187000000000005,58.6,0.8,15.0,198.7,23297.0,44064.0,22.6,21.580000000000002,21.2,29.589999999999996,16.172,216.0,387.0,2.5200000000000005,0.6065484730477558
2026-02-24T16:32:04,02/24/202604:32,143.59,0.7,100.51299999999999,54.3,1.11,60.273,59.7,0.8,15.0,198.7,23297.0,44064.0,22.7,21.59,21.3,29.589999999999996,16.053,216.5,382.0,2.48,0.599653776128461
2026-02-24T16:32:49,02/24/202604:32,144.04000000000002,0.69,99.3876,54.3,1.08,58.644,58.1,0.8,15.0,198.7,23297.0,44064.0,22.6,21.6,21.4,29.589999999999996,15.934000000000001,217.0,377.0,2.4400000000000004,0.590053487557804
2026-02-24T16:33:01,02/24/202604:33,144.49,0.6799999999999999,98.25319999999999,54.3,1.05,57.015,56.5,0.8,15.0,198.7,23297.0,44064.0,22.6,21.61,21.5,29.589999999999996,15.815000000000001,217.5,372.0,2.4,0.5802864435967481
2026-02-24T16:33:35,02/24/202604:33,144.95999999999998,0.6699999999999999,97.12319999999998,54.3,1.01,54.842999999999996,54.3,0.8,15.0,198.7,23297.0,44064.0,22.6,21.619999999999997,21.6,29.589999999999996,15.696000000000002,218.0,367.0,2.3600000000000003,0.5646745576752003
2026-02-24T16:34:01,02/24/202604:34,145.43,0.6599999999999999,95.98379999999999,54.3,0.9700000000000001,52.671,52.1,0.8,15.0,198.7,23297.0,44064.0,22.6,21.630000000000003,21.7,29.589999999999996,15.577000000000002,218.5,362.0,2.3200000000000003,0.5487488513686686
2026-02-24T16:34:35,02/24/202604:34,145.74,0.65,94.73100000000001,54.3,0.9800000000000001,53.214000000000006,52.6,0.8,15.0,198.7,23297.0,44064.0,22.6,21.64,21.8,29.589999999999996,15.471,218.7,357.0,2.2800000000000002,0.5617379738417202
2026-02-24T16:35:01,02/24/202604:35,146.05,0.6399999999999999,93.472,54.3,0.99,53.757,53.1,0.8,15.0,198.7,23297.0,44064.0,22.6,21.65,21.9,29.589999999999996,15.365,218.9,352.0,2.24,0.5751134029441972
2026-02-24T16:35:35,02/24/202604:35,146.15,0.6399999999999999,93.53599999999999,54.31,1.0,54.31,53.7,0.8,15.0,198.7,23297.0,44064.0,22.6,21.66,22.0,29.587,15.259,219.1,347.0,2.2,0.5806320561067397
2026-02-24T16:36:01,02/24/202604:36,146.15,0.65,94.9975,54.31999999999999,1.01,54.86319999999999,54.3,0.8,15.0,198.7,23297.0,44064.0,22.6,21.68,22.0,29.583999999999996,15.272,218.8,347.0,2.2,0.5775225663833258
2026-02-24T16:36:36,02/24/202604:36,146.07,0.65,94.9455,54.31999999999999,0.9800000000000001,53.233599999999996,52.7,0.8,15.0,198.7,23297.0,44064.0,22.6,21.7,21.9,29.581,15.285,218.5,347.0,2.2,0.5606753347973311
2026-02-24T16:37:01,02/24/202604:37,145.64000000000001,0.6399999999999999,93.2096,54.31999999999999,0.96,52.14719999999999,51.6,0.8,15.0,198.7,23297.0,44064.0,22.6,21.7,21.8,29.577999999999996,15.297999999999998,218.2,347.0,2.2,0.5594616863499038
2026-02-24T16:37:35,02/24/202604:37,145.26,0.65,94.419,54.31999999999999,0.9700000000000001,52.6904,52.1,0.8,15.0,198.7,23297.0,44064.0,22.6,21.7,21.7,29.575,15.311000000000002,217.9,347.0,2.2,0.5580486978256495
2026-02-24T16:38:01,02/24/202604:38,144.88,0.6599999999999999,95.62079999999999,54.31999999999999,0.9800000000000001,53.233599999999996,52.6,0.8,15.0,198.7,23297.0,44064.0,22.6,21.7,21.6,29.571999999999996,15.324000000000002,217.6,347.0,2.2,0.5567156936566103
2026-02-24T16:38:35,02/24/202604:38,144.57,0.65,93.9705,54.31999999999999,0.99,53.776799999999994,53.2,0.8,15.0,198.7,23297.0,44064.0,22.6,21.7,21.5,29.569,15.337,217.3,347.0,2.2,0.5722732134020783
2026-02-24T16:39:01,02/24/202604:39,144.26,0.6399999999999999,92.32639999999998,54.31999999999999,1.0,54.31999999999999,53.8,0.8,15.0,198.7,23297.0,44064.0,22.6,21.7,21.4,29.565999999999995,15.35,217.0,347.0,2.2,0.5883474282545404
2026-02-24T16:39:36,02/24/202604:39,144.20999999999998,0.65,93.73649999999999,54.31999999999999,1.0,54.31999999999999,53.8,0.8,15.0,198.7,23297.0,44064.0,22.6,21.7,21.3,29.563,15.35,217.0,347.0,2.2,0.5794967808697785
2026-02-24T16:40:01,02/24/202604:40,144.16,0.6599999999999999,95.14559999999999,54.31999999999999,1.0,54.31999999999999,53.8,0.8,15.0,198.7,23297.0,44064.0,22.6,21.7,21.2,29.559999999999995,15.35,217.0,347.0,2.2,0.5709144721353379
2026-02-24T16:40:36,02/24/202604:40,144.32,0.65,93.80799999999999,54.31,0.96,52.1376,51.6,0.8,15.0,198.7,23297.0,44064.0,22.6,21.7,21.1,29.559999999999995,15.35,217.0,347.0,2.2,0.5557905509125022
2026-02-24T16:42:25,02/24/202604:42,144.35999999999999,0.65,93.83399999999999,54.3,0.95,51.584999999999994,51.0,0.8,15.0,198.7,23297.0,44064.0,22.6,21.7,21.0,29.559999999999995,15.35,217.0,347.0,2.2,0.5497474263060298
2026-02-24T16:42:35,02/24/202604:42,144.45999999999998,0.6599999999999999,95.34359999999998,54.3,0.9700000000000001,52.671,52.1,0.8,15.0,198.7,23297.0,44064.0,22.6,21.7,21.0,29.559999999999995,15.35,217.0,347.0,2.2,0.5524335141530213
2026-02-24T16:43:00,02/24/202604:43,144.56,0.6699999999999999,96.8552,54.3,0.99,53.757,53.2,0.8,15.0,198.7,23297.0,44064.0,22.6,21.7,21.0,29.559999999999995,15.35,217.0,347.0,2.2,0.5550244075692373
2026-02-24T16:43:36,02/24/202604:43,144.35999999999999,0.6599999999999999,95.27759999999998,54.3,0.99,53.757,53.2,0.8,15.0,198.7,23297.0,44064.0,22.6,21.7,21.0,29.559999999999995,15.35,217.0,347.0,2.2,0.5642144638403991
2026-02-24T16:44:00,02/24/202604:44,144.16,0.65,93.70400000000001,54.3,0.99,53.757,53.2,0.8,15.0,198.7,23297.0,44064.0,22.6,21.7,21.0,29.559999999999995,15.35,217.0,347.0,2.2,0.573689490309912
2026-02-24T16:44:36,02/24/202604:44,144.22,0.6599999999999999,95.1852,54.3,1.01,54.842999999999996,54.3,0.8,15.0,198.7,23297.0,44064.0,22.6,21.7,21.0,29.559999999999995,15.35,217.0,347.0,2.2,0.5761715056542404
2026-02-24T16:45:00,02/24/202604:45,144.28,0.6699999999999999,96.6676,54.3,1.03,55.929,55.4,0.8,15.0,198.7,23297.0,44064.0,22.6,21.7,21.0,29.559999999999995,15.35,217.0,347.0,2.2,0.5785702758731985
2026-02-24T16:45:35,02/24/202604:45,144.3,0.6699999999999999,96.681,54.3,1.03,55.929,55.4,0.8,15.0,198.7,23297.0,44064.0,22.6,21.7,21.0,29.559999999999995,15.35,217.0,347.0,2.2,0.5784900859527725
2026-02-24T16:46:59,02/24/202604:46,144.27,0.6699999999999999,96.6609,54.3,1.03,55.929,55.4,0.8,15.0,198.7,23297.0,44064.0,22.6,21.69,21.1,29.559999999999995,15.306000000000001,217.3,341.7,2.1700000000000004,0.5786103791708954
2026-02-24T16:47:00,02/24/202604:47,144.23,0.6799999999999999,98.07639999999998,54.3,1.06,57.558,57.0,0.8,15.0,198.7,23297.0,44064.0,22.6,21.68,21.2,29.559999999999995,15.262,217.6,336.4,2.14,0.586869012321007
2026-02-24T16:47:59,02/24/202604:47,144.15,0.6799999999999999,98.02199999999999,54.3,1.05,57.015,56.5,0.8,15.0,198.7,23297.0,44064.0,22.6,21.669999999999998,21.3,29.559999999999995,15.218,217.9,331.1,2.1100000000000003,0.5816551386423456
2026-02-24T16:48:00,02/24/202604:48,144.09,0.6799999999999999,97.98119999999999,54.3,1.05,57.015,56.5,0.8,15.0,198.7,23297.0,44064.0,22.6,21.66,21.4,29.559999999999995,15.174000000000001,218.2,325.8,2.08,0.5818973435720323
2026-02-24T16:48:10,02/24/202604:48,144.01,0.6799999999999999,97.92679999999999,54.3,1.06,57.558,57.0,0.8,15.0,198.7,23297.0,44064.0,22.6,21.65,21.5,29.559999999999995,15.13,218.5,320.5,2.05,0.5877655554965546
2026-02-24T16:49:00,02/24/202604:49,144.16,0.69,99.47039999999998,54.3,1.08,58.644,58.1,0.8,15.0,198.7,23297.0,44064.0,22.6,21.64,21.6,29.559999999999995,15.086000000000002,218.8,315.2,2.02,0.5895623220576173
2026-02-24T16:49:11,02/24/202604:49,144.24,0.69,99.5256,54.3,1.09,59.187000000000005,58.7,0.8,15.0,198.7,23297.0,44064.0,22.6,21.630000000000003,21.7,29.559999999999995,15.041999999999998,219.1,309.9,1.9899999999999998,0.5946912151245509
2026-02-24T16:50:00,02/24/202604:50,144.03,0.6799999999999999,97.9404,54.3,1.07,58.101,57.6,0.8,15.0,198.7,23297.0,44064.0,22.6,21.62,21.8,29.559999999999995,14.998,219.4,304.6,1.9600000000000002,0.5932281264932551
2026-02-24T16:50:09,02/24/202604:50,143.73999999999998,0.6799999999999999,97.74319999999997,54.3,1.05,57.015,56.5,0.8,15.0,198.7,23297.0,44064.0,22.6,21.610000000000003,21.9,29.559999999999995,14.953999999999999,219.7,299.3,1.9300000000000002,0.5833142356706146
2026-02-24T16:51:00,02/24/202604:51,143.35999999999999,0.6799999999999999,97.48479999999998,54.3,1.04,56.472,56.0,0.8,15.0,198.7,23297.0,44064.0,22.6,21.6,22.0,29.559999999999995,14.91,220.0,294.0,1.9,0.5792903098739497
2026-02-24T16:51:09,02/24/202604:51,142.95999999999998,0.69,98.64239999999998,54.3,1.04,56.472,56.0,0.8,15.0,198.7,23297.0,44064.0,22.6,21.6,22.0,29.559999999999995,14.91,220.0,294.0,1.9,0.5724921534755847
2026-02-24T16:52:00,02/24/202604:52,142.56,0.7,99.792,54.3,1.04,56.472,56.0,0.8,15.0,198.7,23297.0,44064.0,22.6,21.6,22.0,29.559999999999995,14.91,220.0,294.0,1.9,0.5658970658970659
2026-02-24T16:53:34,02/24/202604:53,142.20999999999998,0.7,99.54699999999998,54.3,1.06,57.558,57.1,0.8,16.0,198.7,23297.0,44064.0,22.6,21.6,22.0,29.559999999999995,14.91,220.0,294.0,1.9,0.5781992425688369
2026-02-24T16:54:00,02/24/202604:54,141.85999999999999,0.7,99.30199999999998,54.3,1.08,58.644,58.2,0.8,16.0,198.7,23297.0,44064.0,22.6,21.6,22.0,29.559999999999995,14.91,220.0,294.0,1.9,0.5905621236228878
2026-02-24T16:54:10,02/24/202604:54,141.76,0.7,99.23199999999999,54.3,1.09,59.187000000000005,58.8,0.8,16.0,198.7,23297.0,44064.0,22.6,21.6,22.0,29.559999999999995,14.91,220.0,294.0,1.9,0.5964507416962271
2026-02-24T16:55:00,02/24/202604:55,141.66,0.7,99.16199999999999,54.3,1.1,59.730000000000004,59.4,0.8,16.0,198.7,23297.0,44064.0,22.6,21.6,22.0,29.559999999999995,14.91,220.0,294.0,1.9,0.6023476735039633
2026-02-24T16:55:10,02/24/202604:55,141.62,0.7,99.134,54.3,1.08,58.644,58.3,0.8,16.0,198.7,23297.0,44064.0,22.6,21.6,22.0,29.559999999999995,14.91,220.0,294.0,1.9,0.5915629350172493
2026-02-24T16:56:00,02/24/202604:56,141.57999999999998,0.7,99.10599999999998,54.3,1.06,57.558,57.2,0.8,16.0,198.7,23297.0,44064.0,22.6,21.6,22.0,29.559999999999995,14.91,220.0,294.0,1.9,0.5807721025972192
2026-02-24T16:56:10,02/24/202604:56,141.69,0.7,99.18299999999999,54.3,1.08,58.644,58.3,0.8,16.0,198.7,23297.0,44064.0,22.6,21.6,22.0,29.559999999999995,14.91,220.0,294.0,1.9,0.5912706814675902
2026-02-24T16:57:01,02/24/202604:57,141.8,0.7,99.26,54.3,1.1,59.730000000000004,59.4,0.8,16.0,198.7,23297.0,44064.0,22.6,21.6,22.0,29.559999999999995,14.91,220.0,294.0,1.9,0.6017529719927464
2026-02-24T16:57:10,02/24/202604:57,142.13,0.6799999999999999,96.64839999999998,54.3,1.09,59.187000000000005,58.9,0.8,16.0,198.7,23297.0,44064.0,22.6,21.6,22.0,29.559999999999995,14.91,220.0,294.0,1.9,0.6123950318887846
2026-02-24T16:58:01,02/24/202604:58,142.45999999999998,0.6599999999999999,94.02359999999997,54.3,1.08,58.644,58.4,0.8,16.0,198.7,23297.0,44064.0,22.6,21.6,22.0,29.559999999999995,14.91,220.0,294.0,1.9,0.6237157479611504
2026-02-24T16:58:10,02/24/202604:58,142.92000000000002,0.6599999999999999,94.3272,54.3,1.09,59.187000000000005,58.9,0.8,16.0,198.7,23297.0,44064.0,22.6,21.6,22.0,29.559999999999995,14.91,220.0,294.0,1.9,0.6274648245680992
2026-02-24T16:59:00,02/24/202604:59,143.38,0.6599999999999999,94.63079999999998,54.3,1.1,59.730000000000004,59.4,0.8,16.0,198.7,23297.0,44064.0,22.6,21.6,22.0,29.559999999999995,14.91,220.0,294.0,1.9,0.6311898451666901
2026-02-24T16:59:09,02/24/202604:59,143.85,0.65,93.5025,54.3,1.08,58.644,58.3,0.8,16.0,198.7,23297.0,44064.0,22.6,21.6,22.0,29.559999999999995,14.91,220.0,294.0,1.9,0.6271917863158739
2026-02-24T17:00:00,02/24/202605:00,144.32,0.6399999999999999,92.36479999999999,54.3,1.06,57.558,57.2,0.8,16.0,198.7,23297.0,44064.0,22.6,21.6,22.0,29.559999999999995,14.91,220.0,294.0,1.9,0.623159472006652
2026-02-24T17:00:09,02/24/202605:00,144.74,0.65,94.081,54.3,1.0699999999999998,58.100999999999985,57.7,0.8,16.0,198.7,23297.0,44064.0,22.7,21.6,22.0,29.559999999999995,14.91,220.0,294.0,1.9,0.6175635888223976
2026-02-24T17:01:00,02/24/202605:01,145.16,0.6599999999999999,95.80559999999998,54.3,1.08,58.644,58.2,0.8,16.0,198.7,23297.0,44064.0,22.7,21.6,22.0,29.559999999999995,14.91,220.0,294.0,1.9,0.6121145319271526
2026-02-24T17:01:10,02/24/202605:01,145.42000000000002,0.65,94.52300000000001,54.3,1.04,56.472,56.0,0.8,16.0,198.7,23297.0,44064.0,22.6,21.580000000000002,22.0,29.559999999999995,14.774000000000001,219.8,288.8,1.8699999999999999,0.5974418924494567
2026-02-24T17:02:50,02/24/202605:02,145.52,0.65,94.58800000000001,54.3,1.04,56.472,56.0,0.8,16.0,198.7,23297.0,44064.0,22.6,21.560000000000002,22.0,29.559999999999995,14.638,219.6,283.6,1.8399999999999999,0.5970313358988455
2026-02-24T17:03:01,02/24/202605:03,145.47,0.6599999999999999,96.01019999999998,54.3,1.06,57.558,57.1,0.8,16.0,198.7,23297.0,44064.0,22.6,21.54,22.0,29.559999999999995,14.502,219.4,278.4,1.81,0.5994988032521545
2026-02-24T17:04:47,02/24/202605:04,145.5,0.6699999999999999,97.48499999999999,54.3,1.06,57.558,57.1,0.8,16.0,198.7,23297.0,44064.0,22.6,21.52,22.0,29.559999999999995,14.366,219.2,273.2,1.78,0.5904292968148946
2026-02-24T17:04:57,02/24/202605:04,145.49,0.6599999999999999,96.0234,54.3,1.02,55.385999999999996,54.9,0.8,16.0,198.7,23297.0,44064.0,22.6,21.5,22.0,29.559999999999995,14.23,219.0,268.0,1.75,0.5767969057542224
2026-02-24T17:05:01,02/24/202605:05,145.48,0.65,94.562,54.3,0.9800000000000001,53.214000000000006,52.7,0.8,16.0,198.7,23297.0,44064.0,22.6,21.48,22.0,29.559999999999995,14.094,218.8,262.8,1.72,0.5627419047820479
2026-02-24T17:05:58,02/24/202605:05,145.18,0.65,94.367,54.3,0.97,52.67099999999999,52.1,0.8,16.0,198.7,23297.0,44064.0,22.6,21.46,22.0,29.559999999999995,13.958000000000002,218.6,257.6,1.69,0.5581506246887152
2026-02-24T17:06:01,02/24/202605:06,144.88,0.65,94.172,54.3,0.96,52.12799999999999,51.5,0.8,16.0,198.7,23297.0,44064.0,22.6,21.439999999999998,22.0,29.559999999999995,13.822,218.4,252.4,1.6600000000000001,0.5535403304591597
2026-02-24T17:06:57,02/24/202605:06,144.56,0.65,93.964,54.3,1.0,54.3,53.7,0.8,16.0,198.7,23297.0,44064.0,22.6,21.419999999999998,22.0,29.559999999999995,13.686000000000002,218.2,247.2,1.6300000000000001,0.5778808905538291
2026-02-24T17:07:00,02/24/202605:07,144.24,0.65,93.75600000000001,54.3,1.04,56.472,55.9,0.8,16.0,198.7,23297.0,44064.0,22.6,21.4,22.0,29.559999999999995,13.55,218.0,242.0,1.6,0.6023294509151413
2026-02-24T17:07:58,02/24/202605:07,143.97,0.6699999999999999,96.45989999999999,54.3,1.09,59.187000000000005,58.6,0.8,16.0,198.7,23297.0,44064.0,22.7,21.4,22.0,29.559999999999995,13.55,218.0,242.0,1.6,0.6135917619653349
2026-02-24T17:08:00,02/24/202605:08,143.85999999999999,0.6799999999999999,97.82479999999998,54.3,1.1,59.730000000000004,59.1,0.8,16.0,198.7,23297.0,44064.0,22.7,21.4,22.0,29.559999999999995,13.55,218.0,242.0,1.6,0.6105813658704133
2026-02-24T17:08:57,02/24/202605:08,143.66,0.6799999999999999,97.68879999999999,54.3,1.07,58.101,57.4,0.8,16.0,198.7,23297.0,44064.0,22.6,21.4,22.0,29.559999999999995,13.55,218.0,242.0,1.6,0.5947560006878988
2026-02-24T17:09:00,02/24/202605:09,143.38,0.6799999999999999,97.49839999999999,54.3,1.06,57.558,56.8,0.8,16.0,198.7,23297.0,44064.0,22.6,21.4,22.0,29.559999999999995,13.55,218.0,242.0,1.6,0.590348149302963
2026-02-24T17:09:57,02/24/202605:09,143.02,0.6799999999999999,97.25359999999999,54.3,1.06,57.558,56.8,0.8,16.0,198.7,23297.0,44064.0,22.7,21.4,22.0,29.559999999999995,13.55,218.0,242.0,1.6,0.591834132618227
2026-02-24T17:10:00,02/24/202605:10,142.66,0.6799999999999999,97.0088,54.3,1.06,57.558,56.8,0.8,16.0,198.7,23297.0,44064.0,22.7,21.4,22.0,29.559999999999995,13.55,218.0,242.0,1.6,0.5933276156389936
2026-02-24T17:10:58,02/24/202605:10,142.28,0.7,99.59599999999999,54.3,1.1099999999999999,60.27299999999999,59.6,0.8,16.0,198.7,23297.0,44064.0,22.6,21.4,22.0,29.559999999999995,13.55,218.0,242.0,1.6,0.6051749066227559
2026-02-24T17:11:01,02/24/202605:11,141.9,0.72,102.168,54.3,1.16,62.98799999999999,62.4,0.8,16.0,198.7,23297.0,44064.0,22.6,21.4,22.0,29.559999999999995,13.55,218.0,242.0,1.6,0.6165139769790932
2026-02-24T17:11:57,02/24/202605:11,141.82,0.71,100.69219999999999,54.3,1.1300000000000001,61.359,60.8,0.8,16.0,198.7,23297.0,44064.0,22.6,21.4,22.0,29.559999999999995,13.55,218.0,242.0,1.6,0.6093719275177224
2026-02-24T17:12:00,02/24/202605:12,141.74,0.7,99.218,54.3,1.1,59.730000000000004,59.2,0.8,16.0,198.7,23297.0,44064.0,22.6,21.4,22.0,29.559999999999995,13.55,218.0,242.0,1.6,0.6020077002156867
2026-02-24T17:12:57,02/24/202605:12,141.69,0.6799999999999999,96.3492,54.3,1.06,57.558,57.0,0.8,16.0,198.7,23297.0,44064.0,22.6,21.4,22.0,29.559999999999995,13.55,218.0,242.0,1.6,0.5973894957093573
2026-02-24T17:13:00,02/24/202605:13,141.64000000000001,0.6599999999999999,93.4824,54.3,1.02,55.385999999999996,54.8,0.8,16.0,198.7,23297.0,44064.0,22.6,21.4,22.0,29.559999999999995,13.55,218.0,242.0,1.6,0.5924751610998433
2026-02-24T17:13:58,02/24/202605:13,141.48,0.65,91.962,54.3,1.01,54.842999999999996,54.3,0.8,16.0,198.7,23297.0,44064.0,22.6,21.4,22.0,29.559999999999995,13.55,218.0,242.0,1.6,0.59636589025902
2026-02-24T17:14:00,02/24/202605:14,141.32,0.64,90.4448,54.3,1.0,54.3,53.8,0.8,16.0,198.7,23297.0,44064.0,22.6,21.4,22.0,29.559999999999995,13.55,218.0,242.0,1.6,0.6003661902066232
2026-02-24T17:14:20,02/24/202605:14,141.17000000000002,0.65,91.76050000000001,54.3,1.02,55.385999999999996,54.9,0.8,16.0,198.7,23297.0,44064.0,22.6,21.4,22.0,29.559999999999995,13.55,218.0,242.0,1.6,0.6035930492968106
2026-02-24T17:15:57,02/24/202605:15,140.91000000000003,0.6599999999999999,93.0006,54.3,1.04,56.472,56.0,0.8,16.0,198.7,23297.0,44064.0,22.6,21.35,22.1,29.559999999999995,13.345000000000002,217.9,235.3,1.57,0.6072218888910393
2026-02-24T17:16:01,02/24/202605:16,140.72,0.65,91.468,54.3,1.01,54.842999999999996,54.3,0.8,16.0,198.7,23297.0,44064.0,22.6,21.3,22.2,29.559999999999995,13.14,217.8,228.6,1.54,0.5995867407180653
2026-02-24T17:16:20,02/24/202605:16,140.49,0.63,88.5087,54.3,0.96,52.12799999999999,51.5,0.8,16.0,198.7,23297.0,44064.0,22.6,21.25,22.3,29.559999999999995,12.934999999999999,217.7,221.9,1.5100000000000002,0.5889590514830745
2026-02-24T17:17:01,02/24/202605:17,140.04000000000002,0.63,88.22520000000002,54.3,0.95,51.584999999999994,50.9,0.8,16.0,198.7,23297.0,44064.0,22.6,21.2,22.4,29.559999999999995,12.73,217.6,215.2,1.48,0.5846968893241385
2026-02-24T17:17:20,02/24/202605:17,139.35999999999999,0.65,90.58399999999999,54.3,0.9700000000000001,52.671,52.0,0.8,16.0,198.7,23297.0,44064.0,22.7,21.15,22.5,29.559999999999995,12.525,217.5,208.5,1.45,0.5814603020400955
2026-02-24T17:18:01,02/24/202605:18,138.69,0.67,92.9223,54.3,1.0,54.3,53.7,0.8,16.0,198.7,23297.0,44064.0,22.7,21.1,22.6,29.559999999999995,12.32,217.4,201.8,1.4200000000000002,0.5843591904203834
2026-02-24T17:18:20,02/24/202605:18,137.89000000000001,0.6900000000000001,95.14410000000002,54.3,1.03,55.929,55.4,0.8,16.0,198.7,23297.0,44064.0,22.6,21.05,22.7,29.559999999999995,12.115,217.3,195.1,1.3900000000000001,0.5878346634210633
2026-02-24T17:19:01,02/24/202605:19,137.29000000000002,0.71,97.47590000000001,54.3,1.0699999999999998,58.100999999999985,57.6,0.8,16.0,198.7,23297.0,44064.0,22.6,21.0,22.8,29.559999999999995,11.91,217.2,188.4,1.36,0.5960550248830735
2026-02-24T17:19:20,02/24/202605:19,136.97,0.72,98.6184,54.3,1.1099999999999999,60.27299999999999,59.8,0.8,16.0,198.7,23297.0,44064.0,22.6,20.95,22.9,29.559999999999995,11.705,217.1,181.7,1.33,0.6111739797035847
2026-02-24T17:20:01,02/24/202605:20,136.74,0.72,98.4528,54.3,1.1199999999999999,60.81599999999999,60.4,0.8,16.0,198.7,23297.0,44064.0,22.6,20.9,23.0,29.559999999999995,11.5,217.0,175.0,1.3,0.617717322412364
2026-02-24T17:20:21,02/24/202605:20,136.68,0.72,98.4096,54.3,1.1199999999999999,60.81599999999999,60.4,0.8,16.0,198.7,23297.0,44064.0,22.6,20.9,23.0,29.559999999999995,11.5,217.0,175.0,1.3,0.6179884889279094
2026-02-24T17:21:00,02/24/202605:21,136.62,0.72,98.3664,54.3,1.1199999999999999,60.81599999999999,60.4,0.8,16.0,198.7,23297.0,44064.0,22.6,20.9,23.0,29.559999999999995,11.5,217.0,175.0,1.3,0.6182598936222123
2026-02-24T17:21:21,02/24/202605:21,136.56,0.73,99.6888,54.3,1.15,62.44499999999999,62.1,0.8,16.0,198.7,23297.0,44064.0,22.7,20.9,23.0,29.559999999999995,11.5,217.0,175.0,1.3,0.626399354792113
2026-02-24T17:22:01,02/24/202605:22,136.5,0.74,101.01,54.3,1.1800000000000002,64.07400000000001,63.8,0.8,16.0,198.7,23297.0,44064.0,22.7,20.9,23.0,29.559999999999995,11.5,217.0,175.0,1.3,0.6343332343332344
2026-02-24T17:22:20,02/24/202605:22,136.69,0.73,99.7837,54.3,1.16,62.98799999999999,62.7,0.8,16.0,198.7,23297.0,44064.0,22.6,20.9,23.0,29.559999999999995,11.5,217.0,175.0,1.3,0.6312453837650839
2026-02-24T17:23:01,02/24/202605:23,136.88,0.72,98.55359999999999,54.3,1.1400000000000001,61.902,61.6,0.8,16.0,198.7,23297.0,44064.0,22.6,20.9,23.0,29.559999999999995,11.5,217.0,175.0,1.3,0.628104909409702
2026-02-24T17:23:20,02/24/202605:23,137.24,0.71,97.4404,54.3,1.1099999999999999,60.27299999999999,59.9,0.8,16.0,198.7,23297.0,44064.0,22.6,20.9,23.0,29.559999999999995,11.5,217.0,175.0,1.3,0.6185627316800834
2026-02-24T17:24:00,02/24/202605:24,137.6,0.7,96.32,54.3,1.08,58.644,58.2,0.8,16.0,198.7,23297.0,44064.0,22.6,20.9,23.0,29.559999999999995,11.5,217.0,175.0,1.3,0.6088455149501661
2026-02-24T17:24:02,02/24/202605:24,137.68,0.7,96.376,54.29,1.06,57.5474,57.1,0.8,16.0,198.7,23297.0,44064.0,22.6,20.9,23.0,29.559999999999995,11.5,217.0,175.0,1.3,0.5971133892255334
2026-02-24T17:25:01,02/24/202605:25,137.60999999999999,0.71,97.70309999999998,54.29,1.06,57.5474,57.1,0.8,16.0,198.7,23297.0,44064.0,22.6,20.9,23.0,29.559999999999995,11.5,217.0,175.0,1.3,0.589002805438108
2026-02-24T17:25:27,02/24/202605:25,137.37,0.71,97.53269999999999,54.29,1.0699999999999998,58.09029999999999,57.7,0.8,16.0,198.7,23297.0,44064.0,22.6,20.9,23.0,29.559999999999995,11.5,217.0,175.0,1.3,0.5955981942466475
2026-02-24T17:27:05,02/24/202605:27,137.19,0.71,97.4049,54.29,1.05,57.0045,56.6,0.8,16.0,198.7,23297.0,44064.0,22.6,20.9,23.0,29.559999999999995,11.5,217.0,175.0,1.3,0.5852323651068889
2026-02-24T17:27:06,02/24/202605:27,137.04000000000002,0.71,97.29840000000002,54.29,1.03,55.9187,55.5,0.8,16.0,198.7,23297.0,44064.0,22.7,20.9,23.0,29.559999999999995,11.5,217.0,175.0,1.3,0.5747134588030224
2026-02-24T17:28:01,02/24/202605:28,136.89000000000001,0.71,97.1919,54.29,1.01,54.8329,54.4,0.8,16.0,198.7,23297.0,44064.0,22.7,20.9,23.0,29.559999999999995,11.5,217.0,175.0,1.3,0.5641714998883652
2026-02-24T17:28:06,02/24/202605:28,136.7,0.71,97.05699999999999,54.29,1.02,55.3758,54.9,0.9,16.0,198.7,23297.0,44064.0,22.7,20.9,23.0,29.559999999999995,11.5,217.0,175.0,1.3,0.5705492648649763
2026-02-24T17:29:01,02/24/202605:29,136.51,0.71,96.92209999999999,54.29,1.03,55.9187,55.4,0.9,16.0,198.7,23297.0,44064.0,22.7,20.9,23.0,29.559999999999995,11.5,217.0,175.0,1.3,0.5769447834910718
2026-02-24T17:29:06,02/24/202605:29,136.2,0.72,98.064,54.29,1.06,57.5474,57.1,0.9,16.0,198.7,23297.0,44064.0,22.6,20.9,23.0,29.559999999999995,11.5,217.0,175.0,1.3,0.5868351280796216
2026-02-24T17:30:00,02/24/202605:30,135.89000000000001,0.73,99.1997,54.29,1.09,59.176100000000005,58.8,0.9,16.0,198.7,23297.0,44064.0,22.6,20.9,23.0,29.559999999999995,11.5,217.0,175.0,1.3,0.5965350701665428
2026-02-24T17:30:07,02/24/202605:30,135.62,0.73,99.0026,54.3,1.09,59.187000000000005,58.8,0.9,16.0,198.7,23297.0,44064.0,22.6,20.9,23.0,29.559999999999995,11.5,217.0,175.0,1.3,0.5978327841895061
2026-02-24T17:31:01,02/24/202605:31,135.5,0.72,97.56,54.3,1.0699999999999998,58.100999999999985,57.7,0.9,16.0,198.7,23297.0,44064.0,22.6,20.9,23.0,29.559999999999995,11.5,217.0,175.0,1.3,0.5955412054120539
2026-02-24T17:31:06,02/24/202605:31,135.31,0.73,98.7763,54.3,1.0699999999999998,58.100999999999985,57.7,0.9,16.0,198.7,23297.0,44064.0,22.6,20.83,23.2,29.563,11.375,216.5,170.8,1.27,0.5882079000731955
2026-02-24T17:32:01,02/24/202605:32,135.06,0.74,99.9444,54.3,1.1,59.730000000000004,59.4,0.9,16.0,198.7,23297.0,44064.0,22.6,20.759999999999998,23.4,29.565999999999995,11.25,216.0,166.6,1.24,0.5976322835496536
2026-02-24T17:32:07,02/24/202605:32,134.69,0.76,102.3644,54.29,1.1199999999999999,60.80479999999999,60.5,0.9,16.0,198.7,23297.0,44064.0,22.6,20.689999999999998,23.6,29.569,11.125,215.5,162.4,1.21,0.5940033839889648
2026-02-24T17:33:01,02/24/202605:33,134.32,0.78,104.7696,54.279999999999994,1.1400000000000001,61.8792,61.6,0.9,16.0,198.7,23297.0,44064.0,22.6,20.619999999999997,23.8,29.571999999999996,11.0,215.0,158.2,1.1800000000000002,0.5906217070600632
2026-02-24T17:33:06,02/24/202605:33,134.20999999999998,0.78,104.68379999999999,54.279999999999994,1.1400000000000001,61.8792,61.6,0.9,16.0,198.7,23297.0,44064.0,22.7,20.55,24.0,29.575,10.875,214.5,154.0,1.15,0.59110578714185
2026-02-24T17:34:01,02/24/202605:34,134.1,0.78,104.598,54.279999999999994,1.1400000000000001,61.8792,61.6,0.9,16.0,198.7,23297.0,44064.0,22.7,20.479999999999997,24.2,29.577999999999996,10.75,214.0,149.8,1.1199999999999999,0.591590661389319
2026-02-24T17:34:06,02/24/202605:34,134.10999999999999,0.77,103.26469999999999,54.279999999999994,1.1300000000000001,61.3364,61.0,0.9,16.0,198.7,23297.0,44064.0,22.6,20.41,24.4,29.581,10.625,213.5,145.6,1.09,0.5939725772698705
2026-02-24T17:35:01,02/24/202605:35,134.12,0.76,101.9312,54.279999999999994,1.1199999999999999,60.793599999999984,60.4,0.9,16.0,198.7,23297.0,44064.0,22.6,20.339999999999996,24.6,29.583999999999996,10.5,213.0,141.4,1.06,0.5964179760465881
2026-02-24T17:35:06,02/24/202605:35,133.82999999999998,0.77,103.0491,54.29,1.16,62.9764,62.6,0.9,16.0,198.7,23297.0,44064.0,22.6,20.27,24.6,29.587,10.375,212.5,137.2,1.03,0.6111300341293616
2026-02-24T17:36:00,02/24/202605:36,133.54000000000002,0.78,104.16120000000002,54.3,1.2,65.16,64.8,0.9,16.0,198.7,23297.0,44064.0,22.6,20.2,24.6,29.589999999999996,10.25,212.0,133.0,1.0,0.6255688298521904
2026-02-24T17:36:06,02/24/202605:36,133.32,0.78,103.9896,54.3,1.2,65.16,64.8,0.9,16.0,198.7,23297.0,44064.0,22.6,20.2,24.4,29.589999999999996,10.25,212.0,133.0,1.0,0.6266011216506266
2026-02-24T17:36:09,02/24/202605:36,133.12,0.78,103.8336,54.3,1.21,65.70299999999999,65.3,0.9,16.0,198.7,23297.0,44064.0,22.6,20.2,24.2,29.589999999999996,10.25,212.0,133.0,1.0,0.6327720506656803
2026-02-24T17:38:18,02/24/202605:38,133.06,0.76,101.1256,54.31,1.19,64.6289,64.2,0.9,16.0,198.7,23297.0,44064.0,22.7,20.2,24.0,29.589999999999996,10.25,212.0,133.0,1.0,0.6390953428212045
2026-02-24T17:39:01,02/24/202605:39,133.0,0.74,98.42,54.31999999999999,1.17,63.55439999999999,63.1,0.9,16.0,198.7,23297.0,44064.0,22.7,20.2,23.8,29.589999999999996,10.25,212.0,133.0,1.0,0.6457467994310098
2026-02-24T17:39:09,02/24/202605:39,132.64000000000001,0.74,98.15360000000001,54.31999999999999,1.16,63.01119999999999,62.6,0.9,16.0,198.7,23297.0,44064.0,22.7,20.2,23.6,29.589999999999996,10.25,212.0,133.0,1.0,0.6419652463078276
2026-02-24T17:40:01,02/24/202605:40,132.28,0.74,97.88719999999999,54.31999999999999,1.15,62.46799999999999,62.1,0.9,16.0,198.7,23297.0,44064.0,22.7,20.2,23.4,29.589999999999996,10.25,212.0,133.0,1.0,0.6381631101921394
2026-02-24T17:40:09,02/24/202605:40,131.85,0.74,97.56899999999999,54.31,1.15,62.4565,62.1,0.9,16.0,198.7,23297.0,44064.0,22.6,20.2,23.2,29.589999999999996,10.25,212.0,133.0,1.0,0.6401264745974644
2026-02-24T17:41:01,02/24/202605:41,131.42000000000002,0.74,97.25080000000001,54.3,1.15,62.44499999999999,62.1,0.9,16.0,198.7,23297.0,44064.0,22.6,20.2,23.0,29.589999999999996,10.25,212.0,133.0,1.0,0.6421026870730111
2026-02-24T17:41:08,02/24/202605:41,131.24,0.73,95.8052,54.279999999999994,1.1099999999999999,60.250799999999984,59.9,0.9,16.0,198.7,23297.0,44064.0,22.7,20.2,23.0,29.589999999999996,10.25,212.0,133.0,1.0,0.6288886198243935
2026-02-24T17:42:01,02/24/202605:42,131.06,0.72,94.36319999999999,54.260000000000005,1.0699999999999998,58.0582,57.7,0.9,16.0,198.7,23297.0,44064.0,22.7,20.2,23.0,29.589999999999996,10.25,212.0,133.0,1.0,0.6152631534326941
2026-02-24T17:42:09,02/24/202605:42,130.95999999999998,0.71,92.98159999999999,54.239999999999995,1.04,56.4096,56.0,0.9,16.0,198.7,23297.0,44064.0,22.7,20.2,23.0,29.589999999999996,10.25,212.0,133.0,1.0,0.6066748690063412
2026-02-24T17:43:01,02/24/202605:43,130.84,0.7,91.588,54.220000000000006,1.0,54.220000000000006,53.8,0.9,16.0,198.7,23297.0,44064.0,22.7,20.2,23.0,29.589999999999996,10.25,212.0,133.0,1.0,0.5919989518277504
2026-02-24T17:44:01,02/24/202605:44,130.70999999999998,0.7,91.49699999999999,54.21,0.99,53.6679,53.2,0.9,16.0,198.7,23297.0,44064.0,22.7,20.2,23.0,29.589999999999996,10.25,212.0,133.0,1.0,0.5865536574969672
2026-02-24T17:44:08,02/24/202605:44,130.57,0.69,90.09329999999999,54.19,0.9800000000000001,53.1062,52.6,0.9,16.0,198.7,23297.0,44064.0,22.6,20.2,23.0,29.589999999999996,10.25,212.0,133.0,1.0,0.5894578176179583
2026-02-24T17:45:01,02/24/202605:45,130.49,0.6799999999999999,88.7332,54.17,0.9700000000000001,52.544900000000005,52.0,0.9,16.0,198.7,23297.0,44064.0,22.6,20.2,23.0,29.589999999999996,10.25,212.0,133.0,1.0,0.592167306036523
2026-02-24T17:46:01,02/24/202605:46,130.41,0.6699999999999999,87.37469999999999,54.15,0.96,51.983999999999995,51.4,0.9,16.0,198.7,23297.0,44064.0,22.7,20.2,23.0,29.589999999999996,10.25,212.0,133.0,1.0,0.5949548324629441
2026-02-24T17:46:08,02/24/202605:46,130.37,0.6599999999999999,86.04419999999999,54.14,0.9400000000000001,50.891600000000004,50.3,0.9,16.0,198.7,23297.0,44064.0,22.6,20.13,23.1,29.589999999999996,9.989,212.0,128.5,0.97,0.5914588083798793
2026-02-24T17:47:01,02/24/202605:47,130.32999999999998,0.65,84.71449999999999,54.13000000000001,0.9199999999999999,49.799600000000005,49.2,0.9,16.0,198.7,23297.0,44064.0,22.6,20.06,23.2,29.589999999999996,9.728,212.0,124.0,0.9400000000000001,0.5878521386539496
2026-02-24T17:47:09,02/24/202605:47,130.3,0.65,84.69500000000001,54.120000000000005,0.9,48.708000000000006,48.1,0.9,16.0,198.7,23297.0,44064.0,22.6,19.990000000000002,23.3,29.589999999999996,9.467,212.0,119.5,0.9099999999999999,0.5750988842316548
2026-02-24T17:48:01,02/24/202605:48,130.27,0.65,84.67550000000001,54.11,0.8800000000000001,47.616800000000005,47.0,0.9,16.0,198.7,23297.0,44064.0,22.6,19.919999999999998,23.4,29.589999999999996,9.206,212.0,115.0,0.8800000000000001,0.562344479808209
2026-02-24T17:49:27,02/24/202605:49,130.25,0.6399999999999999,83.35999999999999,54.11,0.8700000000000001,47.075700000000005,46.5,0.9,16.0,198.7,23297.0,44064.0,22.7,19.85,23.5,29.589999999999996,8.945,212.0,110.5,0.85,0.5647276871401153
2026-02-24T17:50:00,02/24/202605:50,130.23,0.63,82.0449,54.11,0.86,46.5346,46.0,0.9,16.0,198.7,23297.0,44064.0,22.7,19.78,23.6,29.589999999999996,8.684000000000001,212.0,106.0,0.82,0.567184553823577
2026-02-24T17:50:09,02/24/202605:50,130.22,0.6199999999999999,80.73639999999999,54.11,0.85,45.9935,45.5,0.9,17.0,198.7,23297.0,44064.0,22.7,19.71,23.7,29.589999999999996,8.423,212.0,101.5,0.7899999999999999,0.5696748926134928
2026-02-24T17:51:00,02/24/202605:51,130.22,0.6199999999999999,80.73639999999999,54.120000000000005,0.8400000000000001,45.460800000000006,45.0,0.9,17.0,198.7,23297.0,44064.0,22.7,19.64,23.8,29.589999999999996,8.162,212.0,97.0,0.76,0.5630768773440482
2026-02-24T17:51:09,02/24/202605:51,130.29000000000002,0.61,79.47690000000001,54.120000000000005,0.8200000000000001,44.378400000000006,43.9,0.9,17.0,198.7,23297.0,44064.0,22.7,19.57,23.9,29.589999999999996,7.900999999999999,212.0,92.5,0.73,0.5583811145125187
2026-02-24T17:52:00,02/24/202605:52,130.35999999999999,0.6,78.216,54.120000000000005,0.8,43.29600000000001,42.8,0.9,17.0,198.7,23297.0,44064.0,22.7,19.5,24.0,29.589999999999996,7.639999999999999,212.0,88.0,0.7,0.5535440319116295
2026-02-24T17:52:08,02/24/202605:52,130.42000000000002,0.59,76.9478,54.13000000000001,0.76,41.13880000000001,40.7,0.9,17.0,198.7,23297.0,44064.0,22.6,19.5,24.0,29.589999999999996,7.639999999999999,212.0,88.0,0.7,0.5346325690922938
2026-02-24T17:53:00,02/24/202605:53,130.48,0.58,75.67839999999998,54.14,0.72,38.9808,38.6,0.9,17.0,198.7,23297.0,44064.0,22.6,19.5,24.0,29.589999999999996,7.639999999999999,212.0,88.0,0.7,0.5150848855155502
2026-02-24T17:53:09,02/24/202605:53,130.53,0.5599999999999999,73.09679999999999,54.13000000000001,0.67,36.267100000000006,35.9,0.9,17.0,198.7,23297.0,44064.0,22.7,19.5,24.0,29.589999999999996,7.639999999999999,212.0,88.0,0.7,0.49615167832244383
2026-02-24T17:54:00,02/24/202605:54,130.57999999999998,0.54,70.5132,54.120000000000005,0.62,33.5544,33.2,0.9,17.0,198.7,23297.0,44064.0,22.7,19.5,24.0,29.589999999999996,7.639999999999999,212.0,88.0,0.7,0.47585983900886647
2026-02-24T17:54:09,02/24/202605:54,130.64000000000001,0.52,67.93280000000001,54.120000000000005,0.5700000000000001,30.848400000000005,30.5,0.9,17.0,198.7,23297.0,44064.0,22.7,19.5,24.0,29.589999999999996,7.639999999999999,212.0,88.0,0.7,0.4541017005040275
2026-02-24T17:55:01,02/24/202605:55,130.7,0.5,65.35,54.120000000000005,0.52,28.142400000000002,27.8,0.9,17.0,198.7,23297.0,44064.0,22.7,19.5,24.0,29.589999999999996,7.639999999999999,212.0,88.0,0.7,0.43064116296863053
2026-02-24T17:55:09,02/24/202605:55,124.96,0.5,62.48,54.1,0.5,27.05,26.7,0.9,17.0,198.7,23297.0,44064.0,22.6,19.5,24.0,29.589999999999996,7.639999999999999,212.0,88.0,0.7,0.4329385403329066
2026-02-24T17:56:00,02/24/202605:56,119.22,0.5,59.61,54.08,0.48,25.958399999999997,25.6,0.9,17.0,198.7,23297.0,44064.0,22.6,19.5,24.0,29.589999999999996,7.639999999999999,212.0,88.0,0.7,0.4354705586311021
2026-02-24T17:56:09,02/24/202605:56,113.4,0.5,56.7,54.07000000000001,0.47000000000000003,25.412900000000004,25.1,0.9,17.0,198.7,23297.0,44064.0,22.6,19.5,24.0,29.589999999999996,7.639999999999999,212.0,88.0,0.7,0.4481992945326279
2026-02-24T17:57:00,02/24/202605:57,107.58,0.5,53.79,54.06,0.45999999999999996,24.8676,24.6,0.9,17.0,198.7,23297.0,44064.0,22.6,19.5,24.0,29.589999999999996,7.639999999999999,212.0,88.0,0.7,0.4623089793641941
2026-02-24T17:57:09,02/24/202605:57,101.74,0.49000000000000005,49.8526,54.029999999999994,0.45999999999999996,24.853799999999996,24.6,0.9,17.0,198.7,23297.0,44064.0,22.7,19.5,24.0,29.589999999999996,7.639999999999999,212.0,88.0,0.7,0.49854571276121995
2026-02-24T17:58:00,02/24/202605:58,95.9,0.48,46.032000000000004,54.0,0.45999999999999996,24.839999999999996,24.6,0.9,17.0,198.7,23297.0,44064.0,22.7,19.5,24.0,29.589999999999996,7.639999999999999,212.0,88.0,0.7,0.5396246089676745
2026-02-24T17:58:08,02/24/202605:58,90.06,0.48,43.2288,53.989999999999995,0.48,25.915199999999995,25.6,0.9,17.0,198.7,23297.0,44064.0,22.6,19.5,24.0,29.589999999999996,7.639999999999999,212.0,88.0,0.7,0.5994892294026204
2026-02-24T17:59:00,02/24/202605:59,84.22,0.48,40.425599999999996,53.98,0.5,26.99,26.6,0.9,17.0,198.7,23297.0,44064.0,22.6,19.5,24.0,29.589999999999996,7.639999999999999,212.0,88.0,0.7,0.6676462439642207
2026-02-24T17:59:09,02/24/202605:59,80.44,0.47000000000000003,37.8068,53.96,0.51,27.5196,27.1,0.9,17.0,198.7,23297.0,44064.0,22.6,19.5,24.0,29.589999999999996,7.639999999999999,212.0,88.0,0.7,0.7279008009141212
2026-02-24T18:00:38,02/24/202606:00,76.65,0.45999999999999996,35.259,53.92999999999999,0.52,28.043599999999998,27.6,0.9,17.0,198.7,23297.0,44064.0,22.6,19.5,24.0,29.589999999999996,7.639999999999999,212.0,88.0,0.7,0.7953600499163334
2026-02-24T18:01:53,02/24/202606:01,78.77000000000001,0.44000000000000006,34.65880000000001,53.9,0.5,26.95,26.5,0.9,17.0,198.7,23297.0,44064.0,22.7,19.4,24.1,29.589999999999996,7.347999999999999,211.3,83.6,0.6799999999999999,0.7775802970674113
2026-02-24T18:02:00,02/24/202606:02,80.89,0.42000000000000004,33.973800000000004,53.870000000000005,0.48,25.8576,25.4,0.9,17.0,198.7,23297.0,44064.0,22.7,19.3,24.2,29.589999999999996,7.056,210.6,79.2,0.6599999999999999,0.7611041449587623
2026-02-24T18:03:01,02/24/202606:03,83.02000000000001,0.41,34.0382,53.839999999999996,0.45999999999999996,24.766399999999997,24.3,0.9,17.0,198.7,23297.0,44064.0,22.6,19.2,24.3,29.589999999999996,6.764,209.9,74.8,0.6399999999999999,0.7276060426227002
2026-02-24T18:03:53,02/24/202606:03,85.16,0.39,33.2124,53.81,0.43,23.1383,22.7,0.9,17.0,198.7,23297.0,44064.0,22.7,19.1,24.4,29.589999999999996,6.4719999999999995,209.2,70.4,0.6199999999999999,0.696676542496176
2026-02-24T18:04:00,02/24/202606:04,87.32000000000001,0.38,33.1816,53.79,0.41,22.0539,21.6,0.9,17.0,198.7,23297.0,44064.0,22.7,19.0,24.5,29.589999999999996,6.18,208.5,66.0,0.6,0.6646424524435228
2026-02-24T18:04:53,02/24/202606:04,93.28999999999999,0.33999999999999997,31.718599999999995,53.760000000000005,0.36,19.3536,18.9,0.9,17.0,198.7,23297.0,44064.0,22.6,18.9,24.6,29.589999999999996,5.888,207.8,61.6,0.58,0.6101656441330955
2026-02-24T18:05:00,02/24/202606:05,99.27,0.29,28.788299999999996,53.73,0.31,16.656299999999998,16.3,0.9,17.0,198.7,23297.0,44064.0,22.6,18.8,24.7,29.589999999999996,5.595999999999999,207.1,57.2,0.5599999999999999,0.5785787976365399
2026-02-24T18:05:53,02/24/202606:05,97.94,0.27,26.4438,53.69,0.28,15.0332,14.7,0.9,17.0,198.7,23297.0,44064.0,22.6,18.7,24.8,29.589999999999996,5.304,206.4,52.8,0.54,0.5684962070504239
2026-02-24T18:06:00,02/24/202606:06,94.55999999999999,0.27,25.5312,53.65,0.26,13.949,13.6,0.9,17.0,198.7,23297.0,44064.0,22.6,18.6,24.9,29.589999999999996,5.012,205.7,48.4,0.52,0.546351131165006
2026-02-24T18:06:53,02/24/202606:06,98.41,0.24,23.618399999999998,53.620000000000005,0.22000000000000003,11.796400000000002,11.5,0.9,17.0,198.7,23297.0,44064.0,22.7,18.5,25.0,29.589999999999996,4.72,205.0,44.0,0.5,0.4994580496562004
2026-02-24T18:07:00,02/24/202606:07,102.14,0.2,20.428,53.6,0.18,9.648,9.4,0.9,17.0,198.7,23297.0,44064.0,22.7,18.5,25.0,29.589999999999996,4.72,205.0,44.0,0.5,0.47229293127080474
2026-02-24T18:07:53,02/24/202606:07,105.84,0.16,16.9344,53.57000000000001,0.13999999999999999,7.4998000000000005,7.8,0.9,17.0,198.7,23297.0,44064.0,22.7,18.5,25.0,29.589999999999996,4.72,205.0,44.0,0.5,0.44287367724867727
2026-02-24T18:08:00,02/24/202606:08,109.54,0.12,13.1448,53.54,0.1,5.354,6.2,0.9,17.0,198.7,23297.0,44064.0,22.7,18.5,25.0,29.589999999999996,4.72,205.0,44.0,0.5,0.4073093542693689
2026-02-24T18:08:53,02/24/202606:08,113.17,0.09,10.1853,53.5,0.06999999999999999,3.7449999999999997,4.6,0.9,17.0,198.7,23297.0,44064.0,22.7,18.5,25.0,29.589999999999996,4.72,205.0,44.0,0.5,0.3676867642582938
2026-02-24T18:09:00,02/24/202606:09,116.8,0.06,7.008,53.46,0.04,2.1384000000000003,3.0,0.9,17.0,198.7,23297.0,44064.0,22.7,18.5,25.0,29.589999999999996,4.72,205.0,44.0,0.5,0.30513698630136993
2026-02-24T18:09:53,02/24/202606:09,116.53,0.06,6.9918,53.42,0.04,2.1368,3.0,0.9,17.0,198.7,23297.0,44064.0,22.7,18.5,25.0,29.589999999999996,4.72,205.0,44.0,0.5,0.3056151491747476
2026-02-24T18:10:00,02/24/202606:10,116.26000000000002,0.06,6.975600000000001,53.379999999999995,0.04,2.1351999999999998,3.0,0.9,17.0,198.7,23297.0,44064.0,22.7,18.5,25.0,29.589999999999996,4.72,205.0,44.0,0.5,0.3060955330007454
2026-02-24T18:11:51,02/24/202606:11,123.22,0.03,3.6965999999999997,53.35,0.02,1.067,2.0,0.9,17.0,198.7,23297.0,44064.0,22.7,18.5,25.0,29.589999999999996,4.72,205.0,44.0,0.5,0.2886436184602067
2026-02-24T18:11:53,02/24/202606:11,129.35999999999999,0.0,0.0,53.31,0.0,0.0,1.0,0.9,17.0,198.7,23297.0,44064.0,22.7,18.5,25.0,29.589999999999996,4.72,205.0,44.0,0.5,
2026-02-24T18:12:01,02/24/202606:12,128.28,0.0,0.0,53.27,0.0,0.0,1.0,0.9,17.0,198.7,23297.0,44064.0,22.7,18.5,25.0,29.589999999999996,4.72,205.0,44.0,0.5,
2026-02-24T18:12:52,02/24/202606:12,127.87,0.0,0.0,53.23,0.0,0.0,1.0,0.9,17.0,198.7,23297.0,44064.0,22.7,18.5,25.0,29.589999999999996,4.72,205.0,44.0,0.5,
2026-02-24T18:13:01,02/24/202606:13,127.49000000000001,0.0,0.0,53.2,0.0,0.0,0.5,0.9,17.0,198.7,23297.0,44064.0,22.7,18.5,25.0,29.589999999999996,4.72,205.0,44.0,0.5,
2026-02-24T18:14:26,02/24/202606:14,126.99000000000001,0.0,0.0,53.160000000000004,0.0,0.0,0.0,0.9,17.0,198.7,23297.0,44064.0,22.7,18.5,25.0,29.589999999999996,4.72,205.0,44.0,0.5,
2026-02-24T18:15:00,02/24/202606:15,126.55,0.0,0.0,53.129999999999995,0.0,0.0,0.0,0.9,17.0,198.7,23297.0,44064.0,22.7,18.5,25.0,29.589999999999996,4.72,205.0,44.0,0.5,
2026-02-24T18:15:26,02/24/202606:15,126.02000000000001,0.0,0.0,53.1,0.0,0.0,0.0,0.9,17.0,198.7,23297.0,44064.0,22.7,18.5,25.0,29.589999999999996,4.72,205.0,44.0,0.5,
2026-02-24T18:16:00,02/24/202606:16,125.58,0.0,0.0,53.08,0.0,0.0,0.0,0.9,17.0,198.7,23297.0,44064.0,22.7,18.5,25.0,29.589999999999996,4.72,205.0,44.0,0.5,
2026-02-24T18:16:27,02/24/202606:16,125.03,0.0,0.0,53.05,0.0,0.0,0.0,0.9,17.0,198.7,23297.0,44064.0,22.7,18.4,25.1,29.589999999999996,4.694999999999999,203.1,40.6,0.48,
2026-02-24T18:17:00,02/24/202606:17,124.55999999999999,0.0,0.0,53.02,0.0,0.0,0.0,0.9,17.0,198.7,23297.0,44064.0,22.7,18.3,25.2,29.589999999999996,4.67,201.2,37.2,0.45999999999999996,
2026-02-24T18:17:26,02/24/202606:17,124.82000000000001,0.0,0.0,53.0,0.0,0.0,0.0,0.9,17.0,198.7,23297.0,44064.0,22.7,18.2,25.3,29.589999999999996,4.645,199.3,33.8,0.44000000000000006,
2026-02-24T18:18:01,02/24/202606:18,125.08,0.0,0.0,52.98,0.0,0.0,0.0,0.9,17.0,198.7,23297.0,44064.0,22.7,18.1,25.4,29.589999999999996,4.619999999999999,197.4,30.4,0.42000000000000004,
2026-02-24T18:18:26,02/24/202606:18,124.58,0.0,0.0,52.96,0.0,0.0,0.0,0.9,17.0,198.7,23297.0,44064.0,22.7,18.0,25.5,29.589999999999996,4.595,195.5,27.0,0.4,
2026-02-24T18:19:01,02/24/202606:19,124.08,0.0,0.0,52.94,0.0,0.0,0.0,0.9,17.0,198.7,23297.0,44064.0,22.7,17.9,25.6,29.589999999999996,4.569999999999999,193.6,23.6,0.38,
2026-02-24T18:19:26,02/24/202606:19,123.60999999999999,0.0,0.0,52.92,0.0,0.0,0.0,0.9,17.0,198.7,23297.0,44064.0,22.7,17.8,25.7,29.589999999999996,4.545,191.7,20.2,0.36,
2026-02-24T18:20:00,02/24/202606:20,123.14000000000001,0.0,0.0,52.9,0.0,0.0,0.0,0.9,17.0,198.7,23297.0,44064.0,22.7,17.7,25.8,29.589999999999996,4.52,189.8,16.8,0.33999999999999997,
2026-02-24T18:20:27,02/24/202606:20,122.65,0.0,0.0,52.879999999999995,0.0,0.0,0.0,0.9,17.0,198.7,23297.0,44064.0,22.7,17.6,25.9,29.589999999999996,4.494999999999999,187.9,13.4,0.31999999999999995,
2026-02-24T18:23:01,02/24/202606:23,121.85,0.0,0.0,52.85,0.0,0.0,0.0,0.9,17.0,198.7,23297.0,44064.0,22.7,17.5,26.0,29.589999999999996,4.47,186.0,10.0,0.3,
2026-02-24T18:23:37,02/24/202606:23,121.09,0.0,0.0,52.83,0.0,0.0,0.0,0.9,17.0,198.7,23297.0,44064.0,22.7,17.5,26.0,29.589999999999996,4.47,186.0,10.0,0.3,
2026-02-24T18:24:01,02/24/202606:24,120.33,0.0,0.0,52.81,0.0,0.0,0.0,0.9,17.0,198.7,23297.0,44064.0,22.7,17.5,26.0,29.589999999999996,4.47,186.0,10.0,0.3,
2026-02-24T18:24:37,02/24/202606:24,119.3,0.0,0.0,52.79,0.0,0.0,0.0,0.9,17.0,198.7,23297.0,44064.0,22.7,17.5,26.0,29.589999999999996,4.47,186.0,10.0,0.3,
2026-02-24T18:25:01,02/24/202606:25,118.27000000000001,0.0,0.0,52.77,0.0,0.0,0.0,0.9,17.0,198.7,23297.0,44064.0,22.7,17.5,26.0,29.589999999999996,4.47,186.0,10.0,0.3,
2026-02-24T18:25:13,02/24/202606:25,117.55,0.0,0.0,52.739999999999995,0.0,0.0,0.0,0.9,17.0,198.7,23297.0,44064.0,22.7,17.5,26.0,29.589999999999996,4.47,186.0,10.0,0.3,
2026-02-24T18:26:00,02/24/202606:26,116.83,0.0,0.0,52.71,0.0,0.0,0.0,0.9,17.0,198.7,23297.0,44064.0,22.7,17.5,26.0,29.589999999999996,4.47,186.0,10.0,0.3,
2026-02-24T18:26:13,02/24/202606:26,115.15,0.0,0.0,52.69,0.0,0.0,0.0,0.9,17.0,198.7,23297.0,44064.0,22.7,17.5,26.0,29.589999999999996,4.47,186.0,10.0,0.3,
2026-02-24T18:27:00,02/24/202606:27,113.47,0.0,0.0,52.67,0.0,0.0,0.0,0.9,17.0,198.7,23297.0,44064.0,22.7,17.5,26.0,29.589999999999996,4.47,186.0,10.0,0.3,
2026-02-24T18:27:12,02/24/202606:27,112.71,0.0,0.0,52.65,0.0,0.0,0.0,0.9,17.0,198.7,23297.0,44064.0,22.7,17.5,26.0,29.589999999999996,4.47,186.0,10.0,0.3,
2026-02-24T18:28:01,02/24/202606:28,112.25999999999999,0.0,0.0,52.64,0.0,0.0,0.0,0.9,17.0,198.7,23297.0,44064.0,22.7,17.5,26.0,29.589999999999996,4.47,186.0,10.0,0.3,
2026-02-24T18:28:13,02/24/202606:28,108.50999999999999,0.0,0.0,52.63000000000001,0.0,0.0,0.0,0.9,17.0,198.7,23297.0,44064.0,22.7,17.5,26.0,29.589999999999996,4.47,186.0,10.0,0.3,
2026-02-24T18:29:00,02/24/202606:29,104.75999999999999,0.0,0.0,52.620000000000005,0.0,0.0,0.0,0.9,17.0,198.7,23297.0,44064.0,22.7,17.5,26.0,29.589999999999996,4.47,186.0,10.0,0.3,
2026-02-24T18:29:14,02/24/202606:29,98.78999999999999,0.0,0.0,52.6,0.0,0.0,0.0,0.9,17.0,198.7,23297.0,44064.0,22.7,17.52,26.0,29.589999999999996,4.365,184.3,10.0,0.3,
2026-02-24T18:30:00,02/24/202606:30,92.82000000000001,0.0,0.0,52.58,0.0,0.0,0.0,0.9,17.0,198.7,23297.0,44064.0,22.7,17.54,26.0,29.589999999999996,4.26,182.6,10.0,0.3,
2026-02-24T18:30:13,02/24/202606:30,86.62,0.0,0.0,52.57000000000001,0.0,0.0,0.0,0.9,17.0,198.7,23297.0,44064.0,22.7,17.56,26.0,29.589999999999996,4.154999999999999,180.9,10.0,0.3,
2026-02-24T18:31:01,02/24/202606:31,80.42,0.0,0.0,52.56,0.0,0.0,0.0,0.9,17.0,198.7,23297.0,44064.0,22.7,17.580000000000002,26.0,29.589999999999996,4.05,179.2,10.0,0.3,
2026-02-24T18:31:13,02/24/202606:31,75.27000000000001,0.0,0.0,52.55,0.0,0.0,0.0,0.9,17.0,198.7,23297.0,44064.0,22.7,17.54,26.2,29.589999999999996,4.144,176.2,9.0,0.29,
2026-02-24T18:32:01,02/24/202606:32,70.12,0.0,0.0,52.54,0.0,0.0,0.0,0.9,17.0,198.7,23297.0,44064.0,22.7,17.5,26.4,29.589999999999996,4.2379999999999995,173.2,8.0,0.27999999999999997,
2026-02-24T18:34:13,02/24/202606:34,64.16,0.0,0.0,52.52,0.0,0.0,0.0,0.9,17.0,198.7,23297.0,44064.0,22.7,17.46,26.5,29.589999999999996,4.332,170.2,7.0,0.27,
2026-02-24T18:35:01,02/24/202606:35,58.2,0.0,0.0,52.5,0.0,0.0,0.0,0.9,17.0,198.7,23297.0,44064.0,22.7,17.419999999999998,26.6,29.589999999999996,4.426,167.2,6.0,0.26,
2026-02-24T18:36:01,02/24/202606:36,55.61,0.0,0.0,52.48,0.0,0.0,0.0,0.9,17.0,198.7,23297.0,44064.0,22.7,17.380000000000003,26.7,29.589999999999996,4.5200000000000005,164.2,5.0,0.25,
2026-02-24T18:37:01,02/24/202606:37,53.02,0.0,0.0,52.45,0.0,0.0,0.0,0.9,17.0,198.7,23297.0,44064.0,22.7,17.34,26.8,29.589999999999996,4.614,161.2,4.0,0.24,
2026-02-24T18:37:14,02/24/202606:37,52.95,0.0,0.0,52.44,0.0,0.0,0.0,0.9,17.0,198.7,23297.0,44064.0,22.7,17.28,26.9,29.589999999999996,4.813000000000001,159.9,3.0,0.22999999999999998,
2026-02-24T18:38:01,02/24/202606:38,52.879999999999995,0.0,0.0,52.42999999999999,0.0,0.0,0.0,0.9,17.0,198.7,23297.0,44064.0,22.7,17.220000000000002,27.0,29.589999999999996,5.0120000000000005,158.6,2.0,0.22000000000000003,
2026-02-24T18:38:13,02/24/202606:38,52.2,0.0,0.0,52.410000000000004,0.0,0.0,0.0,0.9,17.0,198.7,23297.0,44064.0,22.7,17.160000000000004,27.1,29.589999999999996,5.211,157.3,1.0,0.21000000000000002,
2026-02-24T18:39:01,02/24/202606:39,51.52,0.0,0.0,52.39,0.0,0.0,0.0,0.9,17.0,198.7,23297.0,44064.0,22.7,17.1,27.2,29.589999999999996,5.41,156.0,0.0,0.2,
2026-02-24T18:39:13,02/24/202606:39,50.38,0.0,0.0,52.36999999999999,0.0,0.0,0.0,0.9,17.0,198.7,23297.0,44064.0,22.7,17.1,27.1,29.589999999999996,5.41,156.0,0.0,0.2,
2026-02-24T18:40:00,02/24/202606:40,49.239999999999995,0.0,0.0,52.35,0.0,0.0,0.0,0.9,17.0,198.7,23297.0,44064.0,22.7,17.1,27.0,29.589999999999996,5.41,156.0,0.0,0.2,
2026-02-24T18:40:13,02/24/202606:40,47.72,0.0,0.0,52.339999999999996,0.0,0.0,0.0,0.9,17.0,198.7,23297.0,44064.0,22.7,17.1,27.0,29.589999999999996,5.41,156.0,0.0,0.2,
2026-02-24T18:41:01,02/24/202606:41,46.2,0.0,0.0,52.33,0.0,0.0,0.0,0.9,17.0,198.7,23297.0,44064.0,22.7,17.1,27.0,29.589999999999996,5.41,156.0,0.0,0.2,
2026-02-24T18:41:13,02/24/202606:41,44.36,0.0,0.0,52.31,0.0,0.0,0.0,0.9,17.0,198.7,23297.0,44064.0,22.8,17.1,27.0,29.589999999999996,5.41,156.0,0.0,0.2,
2026-02-24T18:42:00,02/24/202606:42,42.29,0.0,0.0,52.3,0.0,0.0,0.0,0.9,17.0,198.7,23297.0,44064.0,22.7,17.1,27.0,29.589999999999996,5.41,156.0,0.0,0.2,
2026-02-24T18:43:00,02/24/202606:42,40.05,0.0,0.0,52.279999999999994,0.0,0.0,0.0,0.9,17.0,198.7,23297.0,44064.0,22.7,17.1,27.0,29.589999999999996,5.41,156.0,0.0,0.2,
2026-02-24T18:43:01,02/24/202606:43,37.81,0.0,0.0,52.260000000000005,0.0,0.0,0.0,0.9,17.0,198.7,23297.0,44064.0,22.7,17.1,27.0,29.589999999999996,5.41,156.0,0.0,0.2,
2026-02-24T18:45:24,02/24/202606:45,35.85,0.0,0.0,52.25,0.0,0.0,0.0,0.9,17.0,198.7,23297.0,44064.0,22.7,17.1,27.0,29.589999999999996,5.41,156.0,0.0,0.2,
2026-02-24T18:46:00,02/24/202606:46,33.89,0.0,0.0,52.239999999999995,0.0,0.0,0.0,0.9,17.0,198.7,23297.0,44064.0,22.7,17.1,27.0,29.589999999999996,5.41,156.0,0.0,0.2,
2026-02-24T18:46:13,02/24/202606:46,32.29,0.0,0.0,52.220000000000006,0.0,0.0,0.0,0.9,17.0,198.7,23297.0,44064.0,22.7,17.05,27.0,29.589999999999996,5.447,155.6,0.0,0.18,
2026-02-24T18:47:00,02/24/202606:47,30.689999999999998,0.0,0.0,52.2,0.0,0.0,0.0,0.9,17.0,198.7,23297.0,44064.0,22.7,17.0,27.0,29.589999999999996,5.484,155.2,0.0,0.16,
2026-02-24T18:47:14,02/24/202606:47,29.380000000000003,0.0,0.0,52.18000000000001,0.0,0.0,0.0,0.9,17.0,198.7,23297.0,44064.0,22.8,16.95,27.0,29.589999999999996,5.521,154.8,0.0,0.14,
2026-02-24T18:48:00,02/24/202606:48,28.07,0.0,0.0,52.160000000000004,0.0,0.0,0.0,0.9,17.0,198.7,23297.0,44064.0,22.8,16.9,27.0,29.589999999999996,5.558,154.4,0.0,0.12000000000000002,
2026-02-24T18:48:14,02/24/202606:48,27.02,0.0,0.0,52.160000000000004,0.0,0.0,0.0,0.9,17.0,198.7,23297.0,44064.0,22.8,16.85,27.0,29.589999999999996,5.595000000000001,154.0,0.0,0.1,
2026-02-24T18:48:27,02/24/202606:48,26.189999999999998,0.0,0.0,52.15,0.0,0.0,0.0,0.9,17.0,198.7,23297.0,44064.0,22.7,16.8,27.0,29.589999999999996,5.632,153.6,0.0,0.08,
2026-02-24T18:49:01,02/24/202606:49,25.59,0.0,0.0,52.14,0.0,0.0,0.0,0.9,17.0,198.7,23297.0,44064.0,22.7,16.75,27.0,29.589999999999996,5.6690000000000005,153.2,0.0,0.06000000000000001,
2026-02-24T18:49:27,02/24/202606:49,24.94,0.0,0.0,52.13000000000001,0.0,0.0,0.0,0.9,17.0,198.7,23297.0,44064.0,22.8,16.7,27.0,29.589999999999996,5.706,152.8,0.0,0.04,
2026-02-24T18:50:00,02/24/202606:50,24.630000000000003,0.0,0.0,52.120000000000005,0.0,0.0,0.0,0.9,17.0,198.7,23297.0,44064.0,22.8,16.65,27.0,29.589999999999996,5.743,152.4,0.0,0.02,
2026-02-24T18:50:27,02/24/202606:50,24.29,0.0,0.0,52.11,0.0,0.0,0.0,0.9,17.0,198.7,23297.0,44064.0,22.8,16.6,27.0,29.589999999999996,5.78,152.0,0.0,0.0,
2026-02-24T18:51:00,02/24/202606:51,24.05,0.0,0.0,52.11,0.0,0.0,0.0,0.9,17.0,198.7,23297.0,44064.0,22.8,16.6,27.0,29.589999999999996,5.78,152.0,0.0,0.0,
2026-02-24T18:51:26,02/24/202606:51,23.8,0.0,0.0,52.11,0.0,0.0,0.0,0.9,17.0,198.7,23297.0,44064.0,22.7,16.6,27.0,29.589999999999996,5.78,152.0,0.0,0.0,
2026-02-24T18:52:00,02/24/202606:52,23.64,0.0,0.0,52.11,0.0,0.0,0.0,0.9,17.0,198.7,23297.0,44064.0,22.7,16.6,27.0,29.589999999999996,5.78,152.0,0.0,0.0,
2026-02-24T18:52:27,02/24/202606:52,23.47,0.0,0.0,52.11,0.0,0.0,0.0,0.9,17.0,198.7,23297.0,44064.0,22.7,16.6,27.0,29.589999999999996,5.78,152.0,0.0,0.0,
2026-02-24T18:53:00,02/24/202606:53,23.36,0.0,0.0,52.1,0.0,0.0,0.0,0.9,17.0,198.7,23297.0,44064.0,22.7,16.6,27.0,29.589999999999996,5.78,152.0,0.0,0.0,
2026-02-24T18:53:26,02/24/202606:53,23.25,0.0,0.0,52.089999999999996,0.0,0.0,0.0,0.9,17.0,198.7,23297.0,44064.0,22.7,16.6,27.0,29.589999999999996,5.78,152.0,0.0,0.0,
2026-02-24T18:54:00,02/24/202606:54,23.14,0.0,0.0,52.08,0.0,0.0,0.0,0.9,17.0,198.7,23297.0,44064.0,22.7,16.6,27.0,29.589999999999996,5.78,152.0,0.0,0.0,
2026-02-24T18:54:27,02/24/202606:54,23.09,0.0,0.0,52.08,0.0,0.0,0.0,0.9,17.0,198.7,23297.0,44064.0,22.7,16.6,27.0,29.589999999999996,5.78,152.0,0.0,0.0,
2026-02-24T18:55:00,02/24/202606:55,23.04,0.0,0.0,52.08,0.0,0.0,0.0,0.9,17.0,198.7,23297.0,44064.0,22.7,16.6,27.0,29.589999999999996,5.78,152.0,0.0,0.0,
2026-02-24T18:56:35,02/24/202606:56,23.009999999999998,0.0,0.0,52.07000000000001,0.0,0.0,0.0,0.9,17.0,198.7,23297.0,44064.0,22.8,16.6,27.0,29.589999999999996,5.78,152.0,0.0,0.0,
2026-02-24T18:57:00,02/24/202606:57,22.98,0.0,0.0,52.06,0.0,0.0,0.0,0.9,17.0,198.7,23297.0,44064.0,22.8,16.6,27.0,29.589999999999996,5.78,152.0,0.0,0.0,
2026-02-24T18:57:27,02/24/202606:57,22.95,0.0,0.0,52.06,0.0,0.0,0.0,0.9,17.0,198.7,23297.0,44064.0,22.8,16.6,27.0,29.589999999999996,5.78,152.0,0.0,0.0,
2026-02-24T18:58:00,02/24/202606:58,22.919999999999998,0.0,0.0,52.06,0.0,0.0,0.0,0.9,17.0,198.7,23297.0,44064.0,22.8,16.6,27.0,29.589999999999996,5.78,152.0,0.0,0.0,
2026-02-24T18:58:27,02/24/202606:58,22.89,0.0,0.0,52.05,0.0,0.0,0.0,0.9,17.0,198.7,23297.0,44064.0,22.8,16.6,27.0,29.589999999999996,5.78,152.0,0.0,0.0,
2026-02-24T18:59:00,02/24/202606:59,22.86,0.0,0.0,52.04,0.0,0.0,0.0,0.9,17.0,198.7,23297.0,44064.0,22.8,16.6,27.0,29.589999999999996,5.78,152.0,0.0,0.0,
2026-02-24T19:00:00,02/24/202607:00,22.84,0.0,0.0,52.04,0.0,0.0,0.0,0.9,17.0,198.7,23297.0,44064.0,22.7,16.6,27.0,29.589999999999996,5.78,152.0,0.0,0.0,
2026-02-24T19:00:27,02/24/202607:00,22.81,0.0,0.0,52.04,0.0,0.0,0.0,0.9,17.0,198.7,23297.0,44064.0,22.7,16.54,27.1,29.589999999999996,5.96,152.4,0.0,0.0,
2026-02-24T19:01:01,02/24/202607:01,22.77,0.0,0.0,52.029999999999994,0.0,0.0,0.0,0.9,17.0,198.7,23297.0,44064.0,22.7,16.48,27.2,29.589999999999996,6.140000000000001,152.8,0.0,0.0,
2026-02-24T19:02:00,02/24/202607:02,22.73,0.0,0.0,52.02,0.0,0.0,0.0,0.9,17.0,198.7,23297.0,44064.0,22.7,16.42,27.3,29.589999999999996,6.32,153.2,0.0,0.0,
2026-02-24T19:02:27,02/24/202607:02,22.69,0.0,0.0,52.02,0.0,0.0,0.0,0.9,17.0,198.7,23297.0,44064.0,22.7,16.360000000000003,27.4,29.589999999999996,6.5,153.6,0.0,0.0,
2026-02-24T19:03:00,02/24/202607:03,22.65,0.0,0.0,52.02,0.0,0.0,0.0,0.9,17.0,198.7,23297.0,44064.0,22.7,16.3,27.5,29.589999999999996,6.68,154.0,0.0,0.0,
2026-02-24T19:04:01,02/24/202607:04,22.619999999999997,0.0,0.0,52.010000000000005,0.0,0.0,0.0,0.9,17.0,198.7,23297.0,44064.0,22.7,16.240000000000002,27.6,29.589999999999996,6.859999999999999,154.4,0.0,0.0,
2026-02-24T19:05:00,02/24/202607:05,22.59,0.0,0.0,52.0,0.0,0.0,0.0,0.9,17.0,198.7,23297.0,44064.0,22.8,16.18,27.7,29.589999999999996,7.040000000000001,154.8,0.0,0.0,
2026-02-24T19:06:00,02/24/202607:06,22.57,0.0,0.0,52.0,0.0,0.0,0.0,0.9,17.0,198.7,23297.0,44064.0,22.7,16.119999999999997,27.8,29.589999999999996,7.220000000000001,155.2,0.0,0.0,
2026-02-24T19:07:45,02/24/202607:07,22.55,0.0,0.0,52.0,0.0,0.0,0.0,0.9,17.0,198.7,23297.0,44064.0,22.7,16.06,27.9,29.589999999999996,7.4,155.6,0.0,0.0,
2026-02-24T19:08:01,02/24/202607:08,22.53,0.0,0.0,52.0,0.0,0.0,0.0,0.9,17.0,198.7,23297.0,44064.0,22.7,16.0,28.0,29.589999999999996,7.58,156.0,0.0,0.0,
2026-02-24T19:09:00,02/24/202607:09,22.52,0.0,0.0,52.0,0.0,0.0,0.0,0.9,17.0,198.7,23297.0,44064.0,22.8,16.0,28.0,29.589999999999996,7.58,156.0,0.0,0.0,
2026-02-24T19:10:00,02/24/202607:10,22.509999999999998,0.0,0.0,52.0,0.0,0.0,0.0,0.9,17.0,198.7,23297.0,44064.0,22.8,16.0,28.0,29.589999999999996,7.58,156.0,0.0,0.0,
2026-02-24T19:11:04,02/24/202607:11,22.5,0.0,0.0,52.0,0.0,0.0,0.0,0.9,17.0,198.7,23297.0,44064.0,22.8,16.0,28.0,29.589999999999996,7.58,156.0,0.0,0.0,
2026-02-24T19:12:01,02/24/202607:12,22.5,0.0,0.0,52.0,0.0,0.0,0.0,0.9,17.0,198.7,23297.0,44064.0,22.8,16.0,28.0,29.589999999999996,7.58,156.0,0.0,0.0,
2026-02-24T19:12:05,02/24/202607:12,22.490000000000002,0.0,0.0,52.0,0.0,0.0,0.0,0.9,17.0,198.7,23297.0,44064.0,22.8,16.0,28.0,29.589999999999996,7.58,156.0,0.0,0.0,
2026-02-24T19:13:00,02/24/202607:13,22.48,0.0,0.0,52.0,0.0,0.0,0.0,0.9,17.0,198.7,23297.0,44064.0,22.8,16.0,28.0,29.589999999999996,7.58,156.0,0.0,0.0,
2026-02-24T19:14:01,02/24/202607:14,22.47,0.0,0.0,51.989999999999995,0.0,0.0,0.0,0.9,17.0,198.7,23297.0,44064.0,22.8,16.0,28.0,29.589999999999996,7.58,156.0,0.0,0.0,
2026-02-24T19:15:01,02/24/202607:15,22.46,0.0,0.0,51.989999999999995,0.0,0.0,0.0,0.9,17.0,198.7,23297.0,44064.0,22.7,16.0,28.0,29.589999999999996,7.58,156.0,0.0,0.0,
2026-02-24T19:16:01,02/24/202607:16,22.45,0.0,0.0,51.989999999999995,0.0,0.0,0.0,0.9,17.0,198.7,23297.0,44064.0,22.7,16.0,28.0,29.589999999999996,7.58,156.0,0.0,0.0,
2026-02-24T19:17:01,02/24/202607:17,22.439999999999998,0.0,0.0,51.98,0.0,0.0,0.0,0.9,17.0,198.7,23297.0,44064.0,22.8,15.940000000000001,28.2,29.589999999999996,7.499,155.7,0.0,0.0,
2026-02-24T19:18:57,02/24/202607:18,22.43,0.0,0.0,51.98,0.0,0.0,0.0,0.9,17.0,198.7,23297.0,44064.0,22.7,15.88,28.4,29.589999999999996,7.418000000000001,155.4,0.0,0.0,
2026-02-24T19:19:01,02/24/202607:19,22.419999999999998,0.0,0.0,51.98,0.0,0.0,0.0,0.9,17.0,198.7,23297.0,44064.0,22.7,15.819999999999999,28.6,29.589999999999996,7.337000000000001,155.1,0.0,0.0,
2026-02-24T19:20:01,02/24/202607:20,22.41,0.0,0.0,51.98,0.0,0.0,0.0,0.9,17.0,198.7,23297.0,44064.0,22.8,15.76,28.8,29.589999999999996,7.256,154.8,0.0,0.0,
2026-02-24T19:21:00,02/24/202607:21,22.4,0.0,0.0,51.970000000000006,0.0,0.0,0.0,0.9,17.0,198.7,23297.0,44064.0,22.8,15.7,29.0,29.589999999999996,7.175,154.5,0.0,0.0,
2026-02-24T19:21:05,02/24/202607:21,22.389999999999997,0.0,0.0,51.970000000000006,0.0,0.0,0.0,0.9,17.0,198.7,23297.0,44064.0,22.8,15.64,29.2,29.589999999999996,7.093999999999999,154.2,0.0,0.0,
2026-02-24T19:22:00,02/24/202607:22,22.38,0.0,0.0,51.970000000000006,0.0,0.0,0.0,0.9,17.0,198.7,23297.0,44064.0,22.8,15.580000000000002,29.4,29.589999999999996,7.013,153.9,0.0,0.0,
2026-02-24T19:22:05,02/24/202607:22,22.38,0.0,0.0,51.970000000000006,0.0,0.0,0.0,0.9,17.0,198.7,23297.0,44064.0,22.8,15.52,29.6,29.589999999999996,6.9319999999999995,153.6,0.0,0.0,
2026-02-24T19:23:00,02/24/202607:23,22.38,0.0,0.0,51.96,0.0,0.0,0.0,0.9,17.0,198.7,23297.0,44064.0,22.8,15.459999999999999,29.8,29.589999999999996,6.850999999999999,153.3,0.0,0.0,
2026-02-24T19:24:00,02/24/202607:24,22.38,0.0,0.0,51.95,0.0,0.0,0.0,0.9,17.0,198.7,23297.0,44064.0,22.7,15.4,30.0,29.589999999999996,6.769999999999999,153.0,0.0,0.0,
2026-02-24T19:25:01,02/24/202607:25,22.38,0.0,0.0,51.95,0.0,0.0,0.0,0.9,17.0,198.7,23297.0,44064.0,22.8,15.48,30.0,29.589999999999996,6.769999999999999,153.0,0.0,0.0,
2026-02-24T19:25:05,02/24/202607:25,22.369999999999997,0.0,0.0,51.94,0.0,0.0,0.0,0.9,17.0,198.7,23297.0,44064.0,22.8,15.559999999999999,30.0,29.589999999999996,6.769999999999999,153.0,0.0,0.0,
2026-02-24T19:26:34,02/24/202607:26,22.369999999999997,0.0,0.0,51.94,0.0,0.0,0.0,0.9,17.0,198.7,23297.0,44064.0,22.8,15.64,30.0,29.589999999999996,6.794999999999999,153.0,0.0,0.0,
2026-02-24T19:27:00,02/24/202607:27,22.369999999999997,0.0,0.0,51.94,0.0,0.0,0.0,0.9,17.0,198.7,23297.0,44064.0,22.8,15.719999999999999,30.0,29.589999999999996,6.8199999999999985,153.0,0.0,0.0,
2026-02-24T19:28:00,02/24/202607:28,22.369999999999997,0.0,0.0,51.95,0.0,0.0,0.0,0.9,17.0,198.7,23297.0,44064.0,22.8,15.8,30.0,29.589999999999996,6.844999999999999,153.0,0.0,0.0,
2026-02-24T19:30:07,02/24/202607:30,22.38,0.0,0.0,51.94,0.0,0.0,0.0,0.9,17.0,198.7,23297.0,44064.0,22.8,15.88,30.0,29.589999999999996,6.925999999999999,152.3,0.0,0.0,
2026-02-24T19:31:00,02/24/202607:31,22.389999999999997,0.0,0.0,51.92999999999999,0.0,0.0,0.0,0.9,17.0,198.7,23297.0,44064.0,22.8,15.930000000000001,30.2,29.589999999999996,7.0569999999999995,152.2,0.0,0.0,
2026-02-24T19:32:00,02/24/202607:32,22.389999999999997,0.0,0.0,51.92999999999999,0.0,0.0,0.0,0.9,17.0,198.7,23297.0,44064.0,22.8,15.98,30.4,29.589999999999996,7.188,152.1,0.0,0.0,
2026-02-24T19:33:00,02/24/202607:33,22.389999999999997,0.0,0.0,51.92999999999999,0.0,0.0,0.0,0.9,17.0,198.7,23297.0,44064.0,22.8,16.03,30.6,29.589999999999996,7.319,152.0,0.0,0.0,
2026-02-24T19:34:01,02/24/202607:34,22.389999999999997,0.0,0.0,51.92999999999999,0.0,0.0,0.0,0.9,17.0,198.7,23297.0,44064.0,22.8,16.080000000000002,30.8,29.589999999999996,7.45,151.9,0.0,0.0,
2026-02-24T19:35:01,02/24/202607:35,22.389999999999997,0.0,0.0,51.92999999999999,0.0,0.0,0.0,0.9,17.0,198.7,23297.0,44064.0,22.8,16.05,31.0,29.589999999999996,7.581,151.8,0.0,0.0,
2026-02-24T19:36:00,02/24/202607:36,22.4,0.0,0.0,51.92999999999999,0.0,0.0,0.0,0.9,17.0,198.7,23297.0,44064.0,22.8,16.02,31.2,29.589999999999996,7.712000000000001,151.7,0.0,0.0,
2026-02-24T19:36:09,02/24/202607:36,22.41,0.0,0.0,51.92,0.0,0.0,0.0,0.9,17.0,198.7,23297.0,44064.0,22.8,15.99,31.4,29.589999999999996,7.8180000000000005,151.6,0.0,0.0,
2026-02-24T19:37:01,02/24/202607:37,22.419999999999998,0.0,0.0,51.910000000000004,0.0,0.0,0.0,0.9,17.0,198.7,23297.0,44064.0,22.8,15.959999999999999,31.6,29.589999999999996,7.9239999999999995,151.5,0.0,0.0,
2026-02-24T19:37:10,02/24/202607:37,22.419999999999998,0.0,0.0,51.9,0.0,0.0,0.0,0.9,17.0,198.7,23297.0,44064.0,22.8,15.930000000000001,31.8,29.589999999999996,8.03,151.4,0.0,0.0,
2026-02-24T19:38:00,02/24/202607:38,22.419999999999998,0.0,0.0,51.9,0.0,0.0,0.0,0.9,17.0,198.7,23297.0,44064.0,22.8,15.9,32.0,29.589999999999996,8.08,152.0,0.0,0.0,
2026-02-24T19:39:00,02/24/202607:39,22.419999999999998,0.0,0.0,51.9,0.0,0.0,0.0,0.9,17.0,198.7,23297.0,44064.0,22.8,15.9,32.0,29.589999999999996,8.08,152.0,0.0,0.0,
2026-02-24T19:41:19,02/24/202607:41,22.419999999999998,0.0,0.0,51.9,0.0,0.0,0.0,0.9,17.0,198.7,23297.0,44064.0,22.8,15.9,32.0,29.589999999999996,8.08,152.0,0.0,0.0,
2026-02-24T19:42:00,02/24/202607:42,22.419999999999998,0.0,0.0,51.9,0.0,0.0,0.0,0.9,17.0,198.7,23297.0,44064.0,22.8,15.9,32.0,29.589999999999996,8.08,152.0,0.0,0.0,
2026-02-24T19:43:00,02/24/202607:43,22.419999999999998,0.0,0.0,51.9,0.0,0.0,0.0,0.9,17.0,198.7,23297.0,44064.0,22.8,15.9,32.0,29.589999999999996,8.08,152.0,0.0,0.0,
2026-02-24T19:44:01,02/24/202607:44,22.419999999999998,0.0,0.0,51.9,0.0,0.0,0.0,0.9,17.0,198.7,23297.0,44064.0,22.8,15.9,32.0,29.589999999999996,8.08,152.0,0.0,0.0,
2026-02-24T19:45:00,02/24/202607:45,22.419999999999998,0.0,0.0,51.9,0.0,0.0,0.0,0.9,17.0,198.7,23297.0,44064.0,22.8,15.9,32.0,29.589999999999996,8.08,152.0,0.0,0.0,
2026-02-24T19:46:36,02/24/202607:46,22.41,0.0,0.0,51.9,0.0,0.0,0.0,0.9,17.0,198.7,23297.0,44064.0,22.8,15.86,32.2,29.589999999999996,8.03,152.4,0.0,0.0,
2026-02-24T19:47:00,02/24/202607:47,22.4,0.0,0.0,51.9,0.0,0.0,0.0,0.9,17.0,198.7,23297.0,44064.0,22.8,15.819999999999999,32.4,29.589999999999996,7.9799999999999995,152.8,0.0,0.0,
2026-02-24T19:48:01,02/24/202607:48,22.4,0.0,0.0,51.9,0.0,0.0,0.0,0.9,17.0,198.7,23297.0,44064.0,22.8,15.780000000000001,32.6,29.589999999999996,7.93,153.2,0.0,0.0,
2026-02-24T19:49:01,02/24/202607:49,22.4,0.0,0.0,51.9,0.0,0.0,0.0,0.9,17.0,198.7,23297.0,44064.0,22.8,15.74,32.8,29.589999999999996,7.88,153.6,0.0,0.0,
2026-02-24T19:50:00,02/24/202607:50,22.4,0.0,0.0,51.89,0.0,0.0,0.0,0.9,17.0,198.7,23297.0,44064.0,22.8,15.7,33.0,29.589999999999996,7.83,154.0,0.0,0.0,
2026-02-24T19:51:00,02/24/202607:51,22.4,0.0,0.0,51.89,0.0,0.0,0.0,0.9,17.0,198.7,23297.0,44064.0,22.9,15.66,33.2,29.589999999999996,7.779999999999999,154.4,0.0,0.0,
2026-02-24T19:52:29,02/24/202607:52,22.389999999999997,0.0,0.0,51.89,0.0,0.0,0.0,0.9,17.0,198.7,23297.0,44064.0,22.8,15.62,33.4,29.589999999999996,7.7299999999999995,154.8,0.0,0.0,
2026-02-24T19:53:00,02/24/202607:53,22.38,0.0,0.0,51.89,0.0,0.0,0.0,0.9,17.0,198.7,23297.0,44064.0,22.8,15.580000000000002,33.6,29.589999999999996,7.68,155.2,0.0,0.0,
2026-02-24T19:53:11,02/24/202607:53,22.38,0.0,0.0,51.89,0.0,0.0,0.0,0.9,17.0,198.7,23297.0,44064.0,22.8,15.540000000000001,33.8,29.589999999999996,7.63,155.6,0.0,0.0,
2026-02-24T19:54:01,02/24/202607:54,22.38,0.0,0.0,51.89,0.0,0.0,0.0,0.9,17.0,198.7,23297.0,44064.0,22.8,15.5,34.0,29.589999999999996,7.58,156.0,0.0,0.0,
2026-02-24T19:55:00,02/24/202607:55,22.38,0.0,0.0,51.89,0.0,0.0,0.0,0.9,17.0,198.7,23297.0,44064.0,22.8,15.5,34.0,29.589999999999996,7.58,156.0,0.0,0.0,
2026-02-24T19:55:11,02/24/202607:55,22.369999999999997,0.0,0.0,51.879999999999995,0.0,0.0,0.0,0.9,17.0,198.7,23297.0,44064.0,22.8,15.5,34.0,29.589999999999996,7.58,156.0,0.0,0.0,
2026-02-24T19:55:28,02/24/202607:55,22.369999999999997,0.0,0.0,51.879999999999995,0.0,0.0,0.0,0.9,17.0,198.7,23297.0,44064.0,22.8,15.5,34.0,29.589999999999996,7.58,156.0,0.0,0.0,
2026-02-24T19:56:00,02/24/202607:56,22.369999999999997,0.0,0.0,51.879999999999995,0.0,0.0,0.0,0.9,17.0,198.7,23297.0,44064.0,22.8,15.5,34.0,29.589999999999996,7.58,156.0,0.0,0.0,
2026-02-24T19:57:00,02/24/202607:57,22.369999999999997,0.0,0.0,51.89,0.0,0.0,0.0,0.9,17.0,198.7,23297.0,44064.0,22.8,15.5,34.0,29.583999999999996,7.58,156.0,0.0,0.0,
2026-02-24T19:58:00,02/24/202607:58,22.369999999999997,0.0,0.0,51.879999999999995,0.0,0.0,0.0,0.9,17.0,198.7,23297.0,44064.0,22.8,15.5,33.8,29.577999999999996,7.58,156.0,0.0,0.0,
2026-02-24T19:59:00,02/24/202607:59,22.38,0.0,0.0,51.86999999999999,0.0,0.0,0.0,0.9,17.0,198.7,23297.0,44064.0,22.8,15.5,33.6,29.572000000000003,7.58,156.0,0.0,0.0,
2026-02-24T20:00:01,02/24/202608:00,22.389999999999997,0.0,0.0,51.86999999999999,0.0,0.0,0.0,0.9,17.0,198.7,23297.0,44064.0,22.8,15.5,33.4,29.566000000000003,7.58,156.0,0.0,0.0,
2026-02-24T20:00:28,02/24/202608:00,22.38,0.0,0.0,51.86999999999999,0.0,0.0,0.0,0.9,17.0,198.7,23297.0,44064.0,22.8,15.5,33.2,29.560000000000002,7.58,156.0,0.0,0.0,
2026-02-24T20:01:01,02/24/202608:01,22.369999999999997,0.0,0.0,51.86999999999999,0.0,0.0,0.0,0.9,17.0,198.7,23297.0,44064.0,22.8,15.5,33.0,29.554000000000002,7.58,156.0,0.0,0.0,
2026-02-24T20:01:28,02/24/202608:01,22.369999999999997,0.0,0.0,51.86,0.0,0.0,0.0,0.9,17.0,198.7,23297.0,44064.0,22.8,15.48,32.8,29.548000000000002,7.648999999999999,155.1,0.0,0.0,
2026-02-24T20:02:01,02/24/202608:02,22.38,0.0,0.0,51.86,0.0,0.0,0.0,0.9,17.0,198.7,23297.0,44064.0,22.8,15.459999999999999,32.6,29.542,7.718000000000001,154.2,0.0,0.0,
2026-02-24T20:03:40,02/24/202608:03,22.38,0.0,0.0,51.85,0.0,0.0,0.0,0.9,17.0,198.7,23297.0,44064.0,22.8,15.440000000000001,32.4,29.536,7.787000000000001,153.3,0.0,0.0,
2026-02-24T20:04:01,02/24/202608:04,22.38,0.0,0.0,51.839999999999996,0.0,0.0,0.0,0.9,17.0,198.7,23297.0,44064.0,22.8,15.419999999999998,32.2,29.53,7.856,152.4,0.0,0.0,
2026-02-24T20:05:01,02/24/202608:05,22.38,0.0,0.0,51.839999999999996,0.0,0.0,0.0,0.9,17.0,198.7,23297.0,44064.0,22.8,15.4,32.0,29.53,7.925,151.5,0.0,0.0,
2026-02-24T20:06:37,02/24/202608:06,22.38,0.0,0.0,51.85,0.0,0.0,0.0,0.9,17.0,198.7,23297.0,44064.0,22.8,15.38,32.0,29.53,7.994,150.6,0.0,0.0,
2026-02-24T20:07:01,02/24/202608:07,22.38,0.0,0.0,51.86,0.0,0.0,0.0,0.9,17.0,198.7,23297.0,44064.0,22.8,15.36,32.0,29.53,8.062999999999999,149.7,0.0,0.0,
2026-02-24T20:08:01,02/24/202608:08,22.38,0.0,0.0,51.86,0.0,0.0,0.0,0.9,17.0,198.7,23297.0,44064.0,22.8,15.34,32.0,29.53,8.132,148.8,0.0,0.0,
2026-02-24T20:09:01,02/24/202608:09,22.389999999999997,0.0,0.0,51.86,0.0,0.0,0.0,0.9,17.0,198.7,23297.0,44064.0,22.8,15.320000000000002,32.0,29.53,8.200999999999999,147.9,0.0,0.0,
2026-02-24T20:10:00,02/24/202608:10,22.4,0.0,0.0,51.86,0.0,0.0,0.0,0.9,17.0,198.7,23297.0,44064.0,22.8,15.3,32.0,29.53,8.27,147.0,0.0,0.0,
2026-02-24T20:11:01,02/24/202608:11,22.4,0.0,0.0,51.86,0.0,0.0,0.0,0.9,17.0,198.7,23297.0,44064.0,22.8,15.3,32.0,29.53,8.27,147.0,0.0,0.0,
2026-02-24T20:12:01,02/24/202608:12,22.4,0.0,0.0,51.86999999999999,0.0,0.0,0.0,0.9,17.0,198.7,23297.0,44064.0,22.8,15.3,32.0,29.53,8.27,147.0,0.0,0.0,
2026-02-24T20:13:01,02/24/202608:13,22.4,0.0,0.0,51.879999999999995,0.0,0.0,0.0,0.9,17.0,198.7,23297.0,44064.0,22.8,15.3,32.0,29.53,8.27,147.0,0.0,0.0,
2026-02-24T20:14:52,02/24/202608:14,22.4,0.0,0.0,51.879999999999995,0.0,0.0,0.0,0.9,17.0,198.7,23297.0,44064.0,22.8,15.3,32.0,29.53,8.27,147.0,0.0,0.0,
2026-02-24T20:16:01,02/24/202608:16,22.4,0.0,0.0,51.879999999999995,0.0,0.0,0.0,0.9,17.0,198.7,23297.0,44064.0,22.8,15.270000000000001,32.1,29.53,8.108,147.0,0.0,0.0,
2026-02-24T20:17:00,02/24/202608:17,22.4,0.0,0.0,51.879999999999995,0.0,0.0,0.0,0.9,17.0,198.7,23297.0,44064.0,22.8,15.24,32.2,29.53,7.946,147.0,0.0,0.0,
2026-02-24T20:18:00,02/24/202608:18,22.4,0.0,0.0,51.86999999999999,0.0,0.0,0.0,0.9,17.0,198.7,23297.0,44064.0,22.8,15.209999999999999,32.3,29.53,7.784000000000001,147.0,0.0,0.0,
2026-02-24T20:18:01,02/24/202608:18,22.389999999999997,0.0,0.0,51.86999999999999,0.0,0.0,0.0,0.9,17.0,198.7,23297.0,44064.0,22.8,15.180000000000001,32.4,29.53,7.622,147.0,0.0,0.0,
2026-02-24T20:19:00,02/24/202608:19,22.38,0.0,0.0,51.86999999999999,0.0,0.0,0.0,0.9,17.0,198.7,23297.0,44064.0,22.8,15.15,32.5,29.53,7.459999999999999,147.0,0.0,0.0,
2026-02-24T20:19:01,02/24/202608:19,22.38,0.0,0.0,51.86999999999999,0.0,0.0,0.0,0.9,17.0,198.7,23297.0,44064.0,22.8,15.12,32.6,29.53,7.298,147.0,0.0,0.0,
2026-02-24T20:20:01,02/24/202608:20,22.38,0.0,0.0,51.86999999999999,0.0,0.0,0.0,0.9,17.0,198.7,23297.0,44064.0,22.8,15.09,32.7,29.53,7.136,147.0,0.0,0.0,
2026-02-24T20:21:00,02/24/202608:21,22.38,0.0,0.0,51.86,0.0,0.0,0.0,0.9,17.0,198.7,23297.0,44064.0,22.8,15.059999999999999,32.8,29.53,6.974000000000001,147.0,0.0,0.0,
2026-02-24T20:22:00,02/24/202608:22,22.38,0.0,0.0,51.85,0.0,0.0,0.0,0.9,17.0,198.7,23297.0,44064.0,22.8,15.030000000000001,32.9,29.53,6.812,147.0,0.0,0.0,
2026-02-24T20:23:01,02/24/202608:23,22.38,0.0,0.0,51.86,0.0,0.0,0.0,0.9,17.0,198.7,23297.0,44064.0,22.8,15.0,33.0,29.53,6.65,147.0,0.0,0.0,
2026-02-24T20:24:00,02/24/202608:24,22.38,0.0,0.0,51.86,0.0,0.0,0.0,0.9,17.0,198.7,23297.0,44064.0,22.8,15.0,33.0,29.53,6.65,147.0,0.0,0.0,
2026-02-24T20:26:02,02/24/202608:26,22.38,0.0,0.0,51.85,0.0,0.0,0.0,0.9,17.0,198.7,23297.0,44064.0,22.8,15.0,33.0,29.53,6.65,147.0,0.0,0.0,
2026-02-24T20:27:01,02/24/202608:27,22.38,0.0,0.0,51.85,0.0,0.0,0.0,0.9,17.0,198.7,23297.0,44064.0,22.8,15.0,33.0,29.53,6.65,147.0,0.0,0.0,
2026-02-24T20:28:00,02/24/202608:28,22.389999999999997,0.0,0.0,51.839999999999996,0.0,0.0,0.0,0.9,17.0,198.7,23297.0,44064.0,22.8,15.0,33.0,29.53,6.65,147.0,0.0,0.0,
2026-02-24T20:29:00,02/24/202608:29,22.4,0.0,0.0,51.83,0.0,0.0,0.0,0.9,17.0,198.7,23297.0,44064.0,22.8,15.0,33.0,29.53,6.65,147.0,0.0,0.0,
2026-02-24T20:30:00,02/24/202608:30,22.4,0.0,0.0,51.81999999999999,0.0,0.0,0.0,0.9,17.0,198.7,23297.0,44064.0,22.9,14.91,33.0,29.53,6.7,146.4,0.0,0.0,
2026-02-24T20:31:01,02/24/202608:31,22.4,0.0,0.0,51.81999999999999,0.0,0.0,0.0,0.9,17.0,198.7,23297.0,44064.0,22.8,14.780000000000001,33.2,29.53,6.588000000000001,142.8,0.0,0.0,
2026-02-24T20:32:01,02/24/202608:32,22.4,0.0,0.0,51.83,0.0,0.0,0.0,0.9,17.0,198.7,23297.0,44064.0,22.8,14.65,33.4,29.53,6.476000000000001,139.2,0.0,0.0,
2026-02-24T20:33:01,02/24/202608:33,22.4,0.0,0.0,51.839999999999996,0.0,0.0,0.0,0.9,17.0,198.7,23297.0,44064.0,22.8,14.52,33.6,29.53,6.364,135.6,0.0,0.0,
2026-02-24T20:34:00,02/24/202608:34,22.4,0.0,0.0,51.839999999999996,0.0,0.0,0.0,0.9,17.0,198.7,23297.0,44064.0,22.8,14.39,33.8,29.536,6.252000000000001,132.0,0.0,0.0,
2026-02-24T20:37:14,02/24/202608:37,22.4,0.0,0.0,51.83,0.0,0.0,0.0,0.9,17.0,198.7,23297.0,44064.0,22.8,14.26,34.0,29.542,6.140000000000001,128.4,0.0,0.0,
2026-02-24T20:38:01,02/24/202608:38,22.4,0.0,0.0,51.839999999999996,0.0,0.0,0.0,0.9,17.0,198.7,23297.0,44064.0,22.8,14.129999999999999,34.2,29.548000000000002,6.0280000000000005,124.8,0.0,0.0,
2026-02-24T20:39:01,02/24/202608:39,22.4,0.0,0.0,51.85,0.0,0.0,0.0,0.9,17.0,198.7,23297.0,44064.0,22.8,14.0,34.4,29.554000000000002,5.916,121.2,0.0,0.0,
2026-02-24T20:40:01,02/24/202608:40,22.4,0.0,0.0,51.85,0.0,0.0,0.0,0.9,17.0,198.7,23297.0,44064.0,22.8,13.87,34.6,29.560000000000002,5.804,117.6,0.0,0.0,
2026-02-24T20:41:01,02/24/202608:41,22.4,0.0,0.0,51.85,0.0,0.0,0.0,0.9,17.0,198.7,23297.0,44064.0,22.8,13.74,34.8,29.566000000000003,5.692,114.0,0.0,0.0,
2026-02-24T20:41:58,02/24/202608:41,22.389999999999997,0.0,0.0,51.86,0.0,0.0,0.0,0.9,17.0,198.7,23297.0,44064.0,22.8,13.7,35.0,29.572000000000003,5.53,111.0,0.0,0.0,
2026-02-24T20:42:01,02/24/202608:42,22.38,0.0,0.0,51.86999999999999,0.0,0.0,0.0,0.9,17.0,198.7,23297.0,44064.0,22.8,13.7,35.0,29.577999999999996,5.53,111.0,0.0,0.0,
2026-02-24T20:42:58,02/24/202608:42,22.38,0.0,0.0,51.86999999999999,0.0,0.0,0.0,0.9,17.0,198.7,23297.0,44064.0,22.8,13.7,35.0,29.583999999999996,5.53,111.0,0.0,0.0,
2026-02-24T20:43:01,02/24/202608:43,22.38,0.0,0.0,51.86999999999999,0.0,0.0,0.0,0.9,17.0,198.7,23297.0,44064.0,22.8,13.7,35.0,29.589999999999996,5.53,111.0,0.0,0.0,
2026-02-24T20:44:01,02/24/202608:44,22.38,0.0,0.0,51.86,0.0,0.0,0.0,0.9,17.0,198.7,23297.0,44064.0,22.8,13.7,35.0,29.589999999999996,5.53,111.0,0.0,0.0,
2026-02-24T20:45:01,02/24/202608:45,22.38,0.0,0.0,51.86999999999999,0.0,0.0,0.0,0.9,17.0,198.7,23297.0,44064.0,22.8,13.7,35.0,29.589999999999996,5.53,111.0,0.0,0.0,
2026-02-24T20:46:01,02/24/202608:46,22.38,0.0,0.0,51.86,0.0,0.0,0.0,0.9,17.0,198.7,23297.0,44064.0,22.8,13.679999999999998,35.0,29.589999999999996,5.53,110.3,0.0,0.0,
2026-02-24T20:48:28,02/24/202608:48,22.38,0.0,0.0,51.85,0.0,0.0,0.0,0.9,17.0,198.7,23297.0,44064.0,22.8,13.66,35.0,29.589999999999996,5.53,109.6,0.0,0.0,
2026-02-24T20:48:58,02/24/202608:48,22.369999999999997,0.0,0.0,51.85,0.0,0.0,0.0,0.9,17.0,198.7,23297.0,44064.0,22.8,13.64,35.0,29.589999999999996,5.53,108.9,0.0,0.0,
2026-02-24T20:49:00,02/24/202608:49,22.36,0.0,0.0,51.85,0.0,0.0,0.0,0.9,17.0,198.7,23297.0,44064.0,22.8,13.62,35.0,29.589999999999996,5.53,108.2,0.0,0.0,
2026-02-24T20:49:58,02/24/202608:49,22.369999999999997,0.0,0.0,51.839999999999996,0.0,0.0,0.0,0.9,17.0,198.7,23297.0,44064.0,22.8,13.6,35.0,29.589999999999996,5.53,107.5,0.0,0.0,
2026-02-24T20:50:00,02/24/202608:50,22.38,0.0,0.0,51.83,0.0,0.0,0.0,0.9,17.0,198.7,23297.0,44064.0,22.8,13.580000000000002,35.0,29.589999999999996,5.53,106.8,0.0,0.0,
2026-02-24T20:51:00,02/24/202608:51,22.38,0.0,0.0,51.81999999999999,0.0,0.0,0.0,0.9,17.0,198.7,23297.0,44064.0,22.8,13.559999999999999,35.0,29.589999999999996,5.53,106.1,0.0,0.0,
2026-02-24T20:52:00,02/24/202608:52,22.38,0.0,0.0,51.81999999999999,0.0,0.0,0.0,0.9,17.0,198.7,23297.0,44064.0,22.8,13.540000000000001,35.0,29.589999999999996,5.53,105.4,0.0,0.0,
2026-02-24T20:53:00,02/24/202608:53,22.38,0.0,0.0,51.81999999999999,0.0,0.0,0.0,0.9,17.0,198.7,23297.0,44064.0,22.8,13.52,35.0,29.589999999999996,5.53,104.7,0.0,0.0,
2026-02-24T20:54:01,02/24/202608:54,22.38,0.0,0.0,51.81,0.0,0.0,0.0,0.9,17.0,198.7,23297.0,44064.0,22.8,13.5,35.0,29.589999999999996,5.53,104.0,0.0,0.0,
2026-02-24T20:55:01,02/24/202608:55,22.38,0.0,0.0,51.81999999999999,0.0,0.0,0.0,0.9,17.0,198.7,23297.0,44064.0,22.8,13.5,35.0,29.589999999999996,5.53,104.0,0.0,0.0,
2026-02-24T20:56:01,02/24/202608:56,22.38,0.0,0.0,51.83,0.0,0.0,0.0,0.9,17.0,198.7,23297.0,44064.0,22.8,13.5,35.0,29.589999999999996,5.53,104.0,0.0,0.0,
2026-02-24T20:57:00,02/24/202608:57,22.389999999999997,0.0,0.0,51.839999999999996,0.0,0.0,0.0,0.9,17.0,198.7,23297.0,44064.0,22.8,13.5,35.0,29.589999999999996,5.53,104.0,0.0,0.0,
2026-02-24T20:58:00,02/24/202608:58,22.4,0.0,0.0,51.839999999999996,0.0,0.0,0.0,0.9,17.0,198.7,23297.0,44064.0,22.8,13.5,35.0,29.589999999999996,5.53,104.0,0.0,0.0,
2026-02-24T20:59:36,02/24/202608:59,22.4,0.0,0.0,51.839999999999996,0.0,0.0,0.0,0.9,17.0,198.7,23297.0,44064.0,22.8,13.5,35.0,29.589999999999996,5.53,104.0,0.0,0.0,
2026-02-24T21:00:00,02/24/202609:00,22.4,0.0,0.0,51.839999999999996,0.0,0.0,0.0,0.9,17.0,198.7,23297.0,44064.0,22.8,13.5,35.0,29.589999999999996,5.53,104.0,0.0,0.0,
2026-02-24T21:01:01,02/24/202609:01,22.4,0.0,0.0,51.839999999999996,0.0,0.0,0.0,0.9,17.0,198.7,23297.0,44064.0,22.8,13.48,35.0,29.589999999999996,5.586,104.3,0.0,0.0,
2026-02-24T21:02:01,02/24/202609:02,22.4,0.0,0.0,51.83,0.0,0.0,0.0,0.9,17.0,198.7,23297.0,44064.0,22.8,13.459999999999999,35.0,29.589999999999996,5.642,104.6,0.0,0.0,
2026-02-24T21:03:01,02/24/202609:03,22.4,0.0,0.0,51.83,0.0,0.0,0.0,0.9,17.0,198.7,23297.0,44064.0,22.8,13.440000000000001,35.0,29.589999999999996,5.698,104.9,0.0,0.0,
2026-02-24T21:04:00,02/24/202609:04,22.4,0.0,0.0,51.83,0.0,0.0,0.0,0.9,17.0,198.7,23297.0,44064.0,22.8,13.419999999999998,35.0,29.589999999999996,5.754,105.2,0.0,0.0,
2026-02-24T21:05:01,02/24/202609:05,22.4,0.0,0.0,51.81999999999999,0.0,0.0,0.0,0.9,17.0,198.7,23297.0,44064.0,22.8,13.4,35.0,29.589999999999996,5.8100000000000005,105.5,0.0,0.0,
2026-02-24T21:06:01,02/24/202609:06,22.4,0.0,0.0,51.81,0.0,0.0,0.0,0.9,17.0,198.7,23297.0,44064.0,22.8,13.38,35.0,29.589999999999996,5.866,105.8,0.0,0.0,
2026-02-24T21:07:01,02/24/202609:07,22.4,0.0,0.0,51.8,0.0,0.0,0.0,0.9,17.0,198.7,23297.0,44064.0,22.8,13.36,35.0,29.589999999999996,5.922,106.1,0.0,0.0,
2026-02-24T21:08:01,02/24/202609:08,22.4,0.0,0.0,51.8,0.0,0.0,0.0,0.9,17.0,198.7,23297.0,44064.0,22.8,13.34,35.0,29.589999999999996,5.978,106.4,0.0,0.0,
2026-02-24T21:09:00,02/24/202609:09,22.4,0.0,0.0,51.8,0.0,0.0,0.0,0.9,17.0,198.7,23297.0,44064.0,22.8,13.320000000000002,35.0,29.589999999999996,6.034,106.7,0.0,0.0,
2026-02-24T21:10:48,02/24/202609:10,22.4,0.0,0.0,51.8,0.0,0.0,0.0,0.9,17.0,198.7,23297.0,44064.0,22.8,13.3,35.0,29.589999999999996,6.09,107.0,0.0,0.0,
2026-02-24T21:11:01,02/24/202609:11,22.4,0.0,0.0,51.8,0.0,0.0,0.0,0.9,17.0,198.7,23297.0,44064.0,22.8,13.3,35.0,29.589999999999996,6.09,107.0,0.0,0.0,
2026-02-24T21:12:00,02/24/202609:12,22.4,0.0,0.0,51.8,0.0,0.0,0.0,0.9,17.0,198.7,23297.0,44064.0,22.8,13.3,35.0,29.589999999999996,6.09,107.0,0.0,0.0,
2026-02-24T21:13:01,02/24/202609:13,22.4,0.0,0.0,51.8,0.0,0.0,0.0,0.9,17.0,198.7,23297.0,44064.0,22.8,13.3,35.0,29.589999999999996,6.09,107.0,0.0,0.0,
2026-02-24T21:14:01,02/24/202609:14,22.4,0.0,0.0,51.8,0.0,0.0,0.0,0.9,17.0,198.7,23297.0,44064.0,22.8,13.3,35.0,29.589999999999996,6.09,107.0,0.0,0.0,
2026-02-24T21:15:01,02/24/202609:15,22.4,0.0,0.0,51.8,0.0,0.0,0.0,0.9,17.0,198.7,23297.0,44064.0,22.8,13.3,35.0,29.589999999999996,6.09,107.0,0.0,0.0,
2026-02-24T21:16:01,02/24/202609:16,22.4,0.0,0.0,51.8,0.0,0.0,0.0,0.9,17.0,198.7,23297.0,44064.0,22.8,13.3,35.0,29.589999999999996,6.09,107.0,0.0,0.0,
2026-02-24T21:17:01,02/24/202609:17,22.4,0.0,0.0,51.8,0.0,0.0,0.0,0.9,17.0,198.7,23297.0,44064.0,22.8,13.270000000000001,35.1,29.589999999999996,6.071,108.2,0.0,0.0,
2026-02-24T21:17:55,02/24/202609:17,22.389999999999997,0.0,0.0,51.8,0.0,0.0,0.0,0.9,17.0,198.7,23297.0,44064.0,22.8,13.24,35.2,29.589999999999996,6.052,109.4,0.0,0.0,
2026-02-24T21:18:00,02/24/202609:18,22.38,0.0,0.0,51.8,0.0,0.0,0.0,0.9,17.0,198.7,23297.0,44064.0,22.8,13.209999999999999,35.3,29.589999999999996,6.0329999999999995,110.6,0.0,0.0,
2026-02-24T21:18:55,02/24/202609:18,22.38,0.0,0.0,51.8,0.0,0.0,0.0,0.9,17.0,198.7,23297.0,44064.0,22.8,13.180000000000001,35.4,29.589999999999996,6.014,111.8,0.0,0.0,
2026-02-24T21:19:01,02/24/202609:19,22.38,0.0,0.0,51.8,0.0,0.0,0.0,0.9,17.0,198.7,23297.0,44064.0,22.8,13.15,35.5,29.589999999999996,5.995,113.0,0.0,0.0,
2026-02-24T21:20:01,02/24/202609:20,22.38,0.0,0.0,51.8,0.0,0.0,0.0,0.9,17.0,198.7,23297.0,44064.0,22.8,13.12,35.6,29.589999999999996,5.976000000000001,114.2,0.0,0.0,
2026-02-24T21:21:59,02/24/202609:21,22.38,0.0,0.0,51.8,0.0,0.0,0.0,0.9,17.0,198.7,23297.0,44064.0,22.8,13.09,35.7,29.589999999999996,5.957,115.4,0.0,0.0,
2026-02-24T21:22:00,02/24/202609:22,22.38,0.0,0.0,51.8,0.0,0.0,0.0,0.9,17.0,198.7,23297.0,44064.0,22.8,13.059999999999999,35.8,29.589999999999996,5.938000000000001,116.6,0.0,0.0,
2026-02-24T21:23:00,02/24/202609:23,22.38,0.0,0.0,51.8,0.0,0.0,0.0,0.9,17.0,198.7,23297.0,44064.0,22.8,13.030000000000001,35.9,29.589999999999996,5.9190000000000005,117.8,0.0,0.0,
2026-02-24T21:24:00,02/24/202609:24,22.38,0.0,0.0,51.8,0.0,0.0,0.0,0.9,17.0,198.7,23297.0,44064.0,22.8,13.0,36.0,29.589999999999996,5.9,119.0,0.0,0.0,
2026-02-24T21:25:00,02/24/202609:25,22.38,0.0,0.0,51.8,0.0,0.0,0.0,0.9,17.0,198.7,23297.0,44064.0,22.8,13.0,36.0,29.589999999999996,5.9,119.0,0.0,0.0,
2026-02-24T21:26:00,02/24/202609:26,22.389999999999997,0.0,0.0,51.8,0.0,0.0,0.0,0.9,17.0,198.7,23297.0,44064.0,22.8,13.0,36.0,29.589999999999996,5.9,119.0,0.0,0.0,
2026-02-24T21:27:00,02/24/202609:27,22.4,0.0,0.0,51.8,0.0,0.0,0.0,0.9,17.0,198.7,23297.0,44064.0,22.8,13.0,36.0,29.589999999999996,5.9,119.0,0.0,0.0,
2026-02-24T21:28:00,02/24/202609:28,22.4,0.0,0.0,51.8,0.0,0.0,0.0,0.9,17.0,198.7,23297.0,44064.0,22.8,12.98,36.0,29.589999999999996,5.863,117.5,0.0,0.0,
2026-02-24T21:28:16,02/24/202609:28,22.389999999999997,0.0,0.0,51.8,0.0,0.0,0.0,0.9,17.0,198.7,23297.0,44064.0,22.8,12.959999999999999,36.0,29.589999999999996,5.8260000000000005,116.0,0.0,0.0,
2026-02-24T21:29:39,02/24/202609:29,22.389999999999997,0.0,0.0,51.8,0.0,0.0,0.0,0.9,17.0,198.7,23297.0,44064.0,22.8,12.940000000000001,36.0,29.589999999999996,5.789,114.5,0.0,0.0,
2026-02-24T21:30:00,02/24/202609:30,22.389999999999997,0.0,0.0,51.8,0.0,0.0,0.0,0.9,17.0,198.7,23297.0,44064.0,22.8,12.919999999999998,36.0,29.589999999999996,5.752000000000001,113.0,0.0,0.0,
2026-02-24T21:31:00,02/24/202609:31,22.389999999999997,0.0,0.0,51.8,0.0,0.0,0.0,0.9,17.0,198.7,23297.0,44064.0,22.8,12.9,36.0,29.589999999999996,5.715000000000001,111.5,0.0,0.0,
2026-02-24T21:33:09,02/24/202609:33,22.38,0.0,0.0,51.8,0.0,0.0,0.0,0.9,17.0,198.7,23297.0,44064.0,22.8,12.85,36.3,29.589999999999996,5.691000000000001,112.0,0.0,0.0,
2026-02-24T21:33:39,02/24/202609:33,22.38,0.0,0.0,51.8,0.0,0.0,0.0,0.9,17.0,198.7,23297.0,44064.0,22.8,12.8,36.6,29.589999999999996,5.667,112.5,0.0,0.0,
2026-02-24T21:34:00,02/24/202609:34,22.38,0.0,0.0,51.8,0.0,0.0,0.0,0.9,17.0,198.7,23297.0,44064.0,22.8,12.75,36.9,29.589999999999996,5.643,113.0,0.0,0.0,
2026-02-24T21:35:00,02/24/202609:35,22.38,0.0,0.0,51.8,0.0,0.0,0.0,0.9,17.0,198.7,23297.0,44064.0,22.8,12.7,37.2,29.589999999999996,5.619000000000001,113.5,0.0,0.0,
2026-02-24T21:36:01,02/24/202609:36,22.38,0.0,0.0,51.8,0.0,0.0,0.0,0.9,17.0,198.7,23297.0,44064.0,22.8,12.65,37.5,29.589999999999996,5.595000000000001,114.0,0.0,0.0,
2026-02-24T21:37:00,02/24/202609:37,22.38,0.0,0.0,51.8,0.0,0.0,0.0,0.9,17.0,198.7,23297.0,44064.0,22.8,12.620000000000001,37.8,29.589999999999996,5.608,116.0,0.0,0.0,
2026-02-24T21:38:01,02/24/202609:38,22.389999999999997,0.0,0.0,51.8,0.0,0.0,0.0,0.9,17.0,198.7,23297.0,44064.0,22.8,12.59,38.1,29.589999999999996,5.621,118.0,0.0,0.0,
2026-02-24T21:39:00,02/24/202609:39,22.389999999999997,0.0,0.0,51.8,0.0,0.0,0.0,0.9,17.0,198.7,23297.0,44064.0,22.8,12.559999999999999,38.4,29.589999999999996,5.634,120.0,0.0,0.0,
2026-02-24T21:40:00,02/24/202609:40,22.389999999999997,0.0,0.0,51.79,0.0,0.0,0.0,0.9,17.0,198.7,23297.0,44064.0,22.8,12.53,38.7,29.589999999999996,5.647,122.0,0.0,0.0,
2026-02-24T21:41:00,02/24/202609:41,22.389999999999997,0.0,0.0,51.79,0.0,0.0,0.0,0.9,17.0,198.7,23297.0,44064.0,22.8,12.5,39.0,29.589999999999996,5.66,124.0,0.0,0.0,
2026-02-24T21:42:01,02/24/202609:42,22.4,0.0,0.0,51.79,0.0,0.0,0.0,0.9,17.0,198.7,23297.0,44064.0,22.8,12.5,39.0,29.589999999999996,5.66,124.0,0.0,0.0,
2026-02-24T21:44:23,02/24/202609:44,22.4,0.0,0.0,51.8,0.0,0.0,0.0,0.9,17.0,198.7,23297.0,44064.0,22.8,12.5,39.0,29.589999999999996,5.66,124.0,0.0,0.0,
2026-02-24T21:45:01,02/24/202609:45,22.4,0.0,0.0,51.81,0.0,0.0,0.0,0.9,17.0,198.7,23297.0,44064.0,22.8,12.5,39.0,29.589999999999996,5.66,124.0,0.0,0.0,
2026-02-24T21:46:01,02/24/202609:46,22.4,0.0,0.0,51.81,0.0,0.0,0.0,0.9,17.0,198.7,23297.0,44064.0,22.8,12.5,39.0,29.589999999999996,5.66,124.0,0.0,0.0,
2026-02-24T21:47:01,02/24/202609:47,22.4,0.0,0.0,51.81,0.0,0.0,0.0,0.9,17.0,198.7,23297.0,44064.0,22.8,12.459999999999999,39.1,29.589999999999996,5.61,122.4,0.0,0.0,
2026-02-24T21:48:01,02/24/202609:48,22.4,0.0,0.0,51.81,0.0,0.0,0.0,0.9,17.0,198.7,23297.0,44064.0,22.8,12.42,39.2,29.589999999999996,5.5600000000000005,120.8,0.0,0.0,
2026-02-24T21:49:01,02/24/202609:49,22.4,0.0,0.0,51.81,0.0,0.0,0.0,0.9,17.0,198.7,23297.0,44064.0,22.8,12.379999999999999,39.3,29.589999999999996,5.51,119.2,0.0,0.0,
2026-02-24T21:49:02,02/24/202609:49,22.389999999999997,0.0,0.0,51.81,0.0,0.0,0.0,0.9,17.0,198.7,23297.0,44064.0,22.8,12.34,39.4,29.589999999999996,5.46,117.6,0.0,0.0,
2026-02-24T21:50:01,02/24/202609:50,22.38,0.0,0.0,51.81999999999999,0.0,0.0,0.0,0.9,17.0,198.7,23297.0,44064.0,22.8,12.3,39.5,29.589999999999996,5.41,116.0,0.0,0.0,
2026-02-24T21:50:02,02/24/202609:50,22.38,0.0,0.0,51.81999999999999,0.0,0.0,0.0,0.9,17.0,198.7,23297.0,44064.0,22.8,12.26,39.6,29.589999999999996,5.36,114.4,0.0,0.0,
2026-02-24T21:51:01,02/24/202609:51,22.38,0.0,0.0,51.81999999999999,0.0,0.0,0.0,0.9,17.0,198.7,23297.0,44064.0,22.8,12.22,39.7,29.589999999999996,5.3100000000000005,112.8,0.0,0.0,
2026-02-24T21:52:01,02/24/202609:52,22.38,0.0,0.0,51.81,0.0,0.0,0.0,0.9,17.0,198.7,23297.0,44064.0,22.8,12.18,39.8,29.589999999999996,5.26,111.2,0.0,0.0,
2026-02-24T21:53:01,02/24/202609:53,22.38,0.0,0.0,51.8,0.0,0.0,0.0,0.9,17.0,198.7,23297.0,44064.0,22.8,12.139999999999999,39.9,29.589999999999996,5.21,109.6,0.0,0.0,
2026-02-24T21:54:01,02/24/202609:54,22.38,0.0,0.0,51.8,0.0,0.0,0.0,0.9,17.0,198.7,23297.0,44064.0,22.8,12.1,40.0,29.589999999999996,5.16,108.0,0.0,0.0,
2026-02-24T21:55:32,02/24/202609:55,22.38,0.0,0.0,51.8,0.0,0.0,0.0,0.9,17.0,198.7,23297.0,44064.0,22.8,12.1,40.0,29.589999999999996,5.16,108.0,0.0,0.0,
2026-02-24T21:56:00,02/24/202609:56,22.38,0.0,0.0,51.8,0.0,0.0,0.0,0.9,17.0,198.7,23297.0,44064.0,22.8,12.1,40.0,29.589999999999996,5.16,108.0,0.0,0.0,
2026-02-24T21:57:00,02/24/202609:57,22.38,0.0,0.0,51.79,0.0,0.0,0.0,0.9,17.0,198.7,23297.0,44064.0,22.8,12.1,40.0,29.589999999999996,5.16,108.0,0.0,0.0,
2026-02-24T21:57:03,02/24/202609:57,22.38,0.0,0.0,51.79,0.0,0.0,0.0,0.9,17.0,198.7,23297.0,44064.0,22.8,12.1,40.0,29.589999999999996,5.16,108.0,0.0,0.0,
2026-02-24T21:58:01,02/24/202609:58,22.38,0.0,0.0,51.79,0.0,0.0,0.0,0.9,17.0,198.7,23297.0,44064.0,22.8,12.1,40.0,29.589999999999996,5.16,108.0,0.0,0.0,
2026-02-24T21:58:04,02/24/202609:58,22.38,0.0,0.0,51.779999999999994,0.0,0.0,0.0,0.9,17.0,198.7,23297.0,44064.0,22.8,12.1,40.0,29.589999999999996,5.16,108.0,0.0,0.0,
2026-02-24T21:59:00,02/24/202609:59,22.38,0.0,0.0,51.77,0.0,0.0,0.0,0.9,17.0,198.7,23297.0,44064.0,22.8,12.1,40.0,29.589999999999996,5.16,108.0,0.0,0.0,
2026-02-24T21:59:03,02/24/202609:59,22.369999999999997,0.0,0.0,51.760000000000005,0.0,0.0,0.0,0.9,17.0,198.7,23297.0,44064.0,22.8,12.1,40.0,29.589999999999996,5.16,108.0,0.0,0.0,
2026-02-24T22:00:00,02/24/202610:00,22.36,0.0,0.0,51.75,0.0,0.0,0.0,0.9,17.0,198.7,23297.0,44064.0,22.8,12.1,40.0,29.589999999999996,5.16,108.0,0.0,0.0,
2026-02-24T22:00:03,02/24/202610:00,22.36,0.0,0.0,51.75,0.0,0.0,0.0,0.9,17.0,198.7,23297.0,44064.0,22.8,12.1,40.0,29.589999999999996,5.16,108.0,0.0,0.0,
2026-02-24T22:01:00,02/24/202610:01,22.36,0.0,0.0,51.75,0.0,0.0,0.0,0.9,17.0,198.7,23297.0,44064.0,22.8,12.1,40.0,29.589999999999996,5.16,108.0,0.0,0.0,
2026-02-24T22:02:01,02/24/202610:02,22.36,0.0,0.0,51.75,0.0,0.0,0.0,0.9,17.0,198.7,23297.0,44064.0,22.8,12.1,40.0,29.589999999999996,5.16,108.0,0.0,0.0,
2026-02-24T22:03:00,02/24/202610:03,22.36,0.0,0.0,51.760000000000005,0.0,0.0,0.0,0.9,17.0,198.7,23297.0,44064.0,22.8,12.09,40.1,29.589999999999996,5.216,107.3,0.0,0.0,
2026-02-24T22:04:00,02/24/202610:04,22.369999999999997,0.0,0.0,51.760000000000005,0.0,0.0,0.0,0.9,17.0,198.7,23297.0,44064.0,22.8,12.08,40.2,29.589999999999996,5.272,106.6,0.0,0.0,
2026-02-24T22:05:00,02/24/202610:05,22.38,0.0,0.0,51.760000000000005,0.0,0.0,0.0,0.9,17.0,198.7,23297.0,44064.0,22.8,12.07,40.3,29.589999999999996,5.328,105.9,0.0,0.0,
2026-02-24T22:07:33,02/24/202610:07,22.38,0.0,0.0,51.77,0.0,0.0,0.0,0.9,17.0,198.7,23297.0,44064.0,22.8,12.059999999999999,40.4,29.589999999999996,5.384,105.2,0.0,0.0,
2026-02-24T22:08:00,02/24/202610:08,22.38,0.0,0.0,51.779999999999994,0.0,0.0,0.0,0.9,17.0,198.7,23297.0,44064.0,22.8,12.05,40.5,29.589999999999996,5.4399999999999995,104.5,0.0,0.0,
2026-02-24T22:09:01,02/24/202610:09,22.389999999999997,0.0,0.0,51.79,0.0,0.0,0.0,0.9,17.0,198.7,23297.0,44064.0,22.8,12.040000000000001,40.6,29.589999999999996,5.496,103.8,0.0,0.0,
2026-02-24T22:10:01,02/24/202610:10,22.4,0.0,0.0,51.8,0.0,0.0,0.0,0.9,17.0,198.7,23297.0,44064.0,22.8,12.03,40.7,29.589999999999996,5.552,103.1,0.0,0.0,
2026-02-24T22:11:00,02/24/202610:11,22.4,0.0,0.0,51.8,0.0,0.0,0.0,0.9,17.0,198.7,23297.0,44064.0,22.9,12.02,40.8,29.589999999999996,5.608,102.4,0.0,0.0,
2026-02-24T22:11:33,02/24/202610:11,22.389999999999997,0.0,0.0,51.79,0.0,0.0,0.0,0.9,17.0,198.7,23297.0,44064.0,22.8,12.01,40.9,29.589999999999996,5.664,101.7,0.0,0.0,
2026-02-24T22:12:00,02/24/202610:12,22.38,0.0,0.0,51.779999999999994,0.0,0.0,0.0,0.9,17.0,198.7,23297.0,44064.0,22.8,12.0,41.0,29.589999999999996,5.72,101.0,0.0,0.0,
2026-02-24T22:12:33,02/24/202610:12,22.38,0.0,0.0,51.77,0.0,0.0,0.0,0.9,17.0,198.7,23297.0,44064.0,22.8,12.0,41.0,29.589999999999996,5.72,101.0,0.0,0.0,
2026-02-24T22:13:00,02/24/202610:13,22.38,0.0,0.0,51.760000000000005,0.0,0.0,0.0,0.9,17.0,198.7,23297.0,44064.0,22.8,12.0,41.0,29.589999999999996,5.72,101.0,0.0,0.0,
2026-02-24T22:14:01,02/24/202610:14,22.38,0.0,0.0,51.760000000000005,0.0,0.0,0.0,0.9,17.0,198.7,23297.0,44064.0,22.8,12.0,41.0,29.589999999999996,5.72,101.0,0.0,0.0,
2026-02-24T22:14:33,02/24/202610:14,22.369999999999997,0.0,0.0,51.75,0.0,0.0,0.0,0.9,17.0,198.7,23297.0,44064.0,22.8,12.0,41.0,29.589999999999996,5.72,101.0,0.0,0.0,
2026-02-24T22:14:41,02/24/202610:14,22.369999999999997,0.0,0.0,51.75,0.0,0.0,0.0,0.9,17.0,198.7,23297.0,44064.0,22.8,12.0,41.0,29.589999999999996,5.72,101.0,0.0,0.0,
2026-02-24T22:15:01,02/24/202610:15,22.369999999999997,0.0,0.0,51.75,0.0,0.0,0.0,0.9,17.0,198.7,23297.0,44064.0,22.8,12.0,41.0,29.589999999999996,5.72,101.0,0.0,0.0,
2026-02-24T22:15:41,02/24/202610:15,22.36,0.0,0.0,51.75,0.0,0.0,0.0,0.9,17.0,198.7,23297.0,44064.0,22.8,11.98,41.1,29.589999999999996,5.757,100.7,0.0,0.0,
2026-02-24T22:16:00,02/24/202610:16,22.35,0.0,0.0,51.75,0.0,0.0,0.0,0.9,17.0,198.7,23297.0,44064.0,22.8,11.959999999999999,41.2,29.589999999999996,5.794,100.4,0.0,0.0,
2026-02-24T22:17:56,02/24/202610:17,22.36,0.0,0.0,51.760000000000005,0.0,0.0,0.0,0.9,17.0,198.7,23297.0,44064.0,22.8,11.940000000000001,41.3,29.589999999999996,5.8309999999999995,100.1,0.0,0.0,
2026-02-24T22:18:01,02/24/202610:18,22.369999999999997,0.0,0.0,51.77,0.0,0.0,0.0,0.9,17.0,198.7,23297.0,44064.0,22.8,11.92,41.4,29.589999999999996,5.868,99.8,0.0,0.0,
2026-02-24T22:19:01,02/24/202610:19,22.369999999999997,0.0,0.0,51.779999999999994,0.0,0.0,0.0,0.9,17.0,198.7,23297.0,44064.0,22.8,11.9,41.5,29.589999999999996,5.904999999999999,99.5,0.0,0.0,
2026-02-24T22:19:57,02/24/202610:19,22.36,0.0,0.0,51.779999999999994,0.0,0.0,0.0,0.9,17.0,198.7,23297.0,44064.0,22.8,11.88,41.6,29.589999999999996,5.942,99.2,0.0,0.0,
2026-02-24T22:20:01,02/24/202610:20,22.35,0.0,0.0,51.77,0.0,0.0,0.0,0.9,17.0,198.7,23297.0,44064.0,22.8,11.860000000000001,41.7,29.589999999999996,5.979,98.9,0.0,0.0,
2026-02-24T22:20:57,02/24/202610:20,22.36,0.0,0.0,51.77,0.0,0.0,0.0,0.9,17.0,198.7,23297.0,44064.0,22.8,11.84,41.8,29.589999999999996,6.016,98.6,0.0,0.0,
2026-02-24T22:21:01,02/24/202610:21,22.36,0.0,0.0,51.760000000000005,0.0,0.0,0.0,0.9,17.0,198.7,23297.0,44064.0,22.8,11.82,41.9,29.589999999999996,6.053,98.3,0.0,0.0,
2026-02-24T22:22:01,02/24/202610:22,22.36,0.0,0.0,51.75,0.0,0.0,0.0,0.9,17.0,198.7,23297.0,44064.0,22.8,11.8,42.0,29.589999999999996,6.09,98.0,0.0,0.0,
2026-02-24T22:23:01,02/24/202610:23,22.369999999999997,0.0,0.0,51.75,0.0,0.0,0.0,0.9,17.0,198.7,23297.0,44064.0,22.8,11.8,42.0,29.589999999999996,6.09,98.0,0.0,0.0,
2026-02-24T22:24:00,02/24/202610:24,22.38,0.0,0.0,51.75,0.0,0.0,0.0,0.9,17.0,198.7,23297.0,44064.0,22.8,11.8,42.0,29.589999999999996,6.09,98.0,0.0,0.0,
2026-02-24T22:25:01,02/24/202610:25,22.38,0.0,0.0,51.739999999999995,0.0,0.0,0.0,0.9,17.0,198.7,23297.0,44064.0,22.8,11.8,42.0,29.589999999999996,6.09,98.0,0.0,0.0,
2026-02-24T22:26:01,02/24/202610:26,22.38,0.0,0.0,51.739999999999995,0.0,0.0,0.0,0.9,17.0,198.7,23297.0,44064.0,22.8,11.8,42.0,29.589999999999996,6.09,98.0,0.0,0.0,
2026-02-24T22:27:01,02/24/202610:27,22.38,0.0,0.0,51.73,0.0,0.0,0.0,0.9,17.0,198.7,23297.0,44064.0,22.8,11.8,42.0,29.589999999999996,6.09,98.0,0.0,0.0,
2026-02-24T22:29:08,02/24/202610:29,22.389999999999997,0.0,0.0,51.739999999999995,0.0,0.0,0.0,0.9,17.0,198.7,23297.0,44064.0,22.8,11.8,42.0,29.589999999999996,6.09,98.0,0.0,0.0,
2026-02-24T22:30:00,02/24/202610:30,22.4,0.0,0.0,51.739999999999995,0.0,0.0,0.0,0.9,17.0,198.7,23297.0,44064.0,22.8,11.8,42.0,29.589999999999996,6.09,98.0,0.0,0.0,
2026-02-24T22:30:31,02/24/202610:30,22.389999999999997,0.0,0.0,51.75,0.0,0.0,0.0,0.9,17.0,198.7,23297.0,44064.0,22.8,11.8,42.1,29.589999999999996,6.151999999999999,99.3,0.0,0.0,
2026-02-24T22:31:00,02/24/202610:31,22.38,0.0,0.0,51.760000000000005,0.0,0.0,0.0,0.9,17.0,198.7,23297.0,44064.0,22.8,11.8,42.2,29.589999999999996,6.214,100.6,0.0,0.0,
2026-02-24T22:31:31,02/24/202610:31,22.38,0.0,0.0,51.77,0.0,0.0,0.0,0.9,17.0,198.7,23297.0,44064.0,22.8,11.8,42.3,29.589999999999996,6.276,101.9,0.0,0.0,
2026-02-24T22:32:00,02/24/202610:32,22.38,0.0,0.0,51.77,0.0,0.0,0.0,0.9,17.0,198.7,23297.0,44064.0,22.8,11.8,42.4,29.589999999999996,6.337999999999999,103.2,0.0,0.0,
2026-02-24T22:33:00,02/24/202610:33,22.38,0.0,0.0,51.77,0.0,0.0,0.0,0.9,17.0,198.7,23297.0,44064.0,22.8,11.8,42.5,29.589999999999996,6.4,104.5,0.0,0.0,
2026-02-24T22:34:00,02/24/202610:34,22.38,0.0,0.0,51.77,0.0,0.0,0.0,0.9,17.0,198.7,23297.0,44064.0,22.8,11.8,42.7,29.589999999999996,6.462000000000001,105.8,0.0,0.0,
2026-02-24T22:35:00,02/24/202610:35,22.38,0.0,0.0,51.760000000000005,0.0,0.0,0.0,0.9,17.0,198.7,23297.0,44064.0,22.8,11.8,42.9,29.589999999999996,6.523999999999999,107.1,0.0,0.0,
2026-02-24T22:35:29,02/24/202610:35,22.369999999999997,0.0,0.0,51.760000000000005,0.0,0.0,0.0,0.9,17.0,198.7,23297.0,44064.0,22.8,11.8,43.1,29.589999999999996,6.586,108.4,0.0,0.0,
2026-02-24T22:36:00,02/24/202610:36,22.36,0.0,0.0,51.75,0.0,0.0,0.0,0.9,17.0,198.7,23297.0,44064.0,22.8,11.8,43.3,29.589999999999996,6.648000000000001,109.7,0.0,0.0,
2026-02-24T22:36:28,02/24/202610:36,22.36,0.0,0.0,51.75,0.0,0.0,0.0,0.9,17.0,198.7,23297.0,44064.0,22.8,11.8,43.5,29.589999999999996,6.709999999999999,111.0,0.0,0.0,
2026-02-24T22:37:00,02/24/202610:37,22.369999999999997,0.0,0.0,51.739999999999995,0.0,0.0,0.0,0.9,17.0,198.7,23297.0,44064.0,22.8,11.8,43.6,29.589999999999996,6.709999999999999,111.0,0.0,0.0,
2026-02-24T22:38:01,02/24/202610:38,22.38,0.0,0.0,51.73,0.0,0.0,0.0,0.9,17.0,198.7,23297.0,44064.0,22.8,11.8,43.7,29.589999999999996,6.709999999999999,111.0,0.0,0.0,
2026-02-24T22:58:55,02/24/202610:58,22.369999999999997,0.0,0.0,51.73,0.0,0.0,0.0,0.9,17.0,198.7,23297.0,44064.0,22.8,11.790000000000001,43.8,29.589999999999996,6.679,110.1,0.0,0.0,
2026-02-24T22:59:01,02/24/202610:59,22.36,0.0,0.0,51.73,0.0,0.0,0.0,0.9,17.0,198.7,23297.0,44064.0,22.8,11.780000000000001,43.9,29.589999999999996,6.648000000000001,109.2,0.0,0.0,
2026-02-24T23:00:01,02/24/202611:00,22.35,0.0,0.0,51.73,0.0,0.0,0.0,0.9,17.0,198.7,23297.0,44064.0,22.8,11.77,44.0,29.589999999999996,6.617,108.3,0.0,0.0,
2026-02-24T23:00:49,02/24/202611:00,22.35,0.0,0.0,51.720000000000006,0.0,0.0,0.0,0.0,0.0,198.7,23306.0,44081.0,22.8,11.73,44.0,29.589999999999996,6.5920000000000005,106.2,0.0,0.0,
2026-02-24T23:01:01,02/24/202611:01,22.35,0.0,0.0,51.71,0.0,0.0,0.0,0.0,0.0,198.7,23306.0,44081.0,22.8,11.690000000000001,44.0,29.589999999999996,6.567,104.1,0.0,0.0,
2026-02-24T23:02:01,02/24/202611:02,22.36,0.0,0.0,51.71,0.0,0.0,0.0,0.0,0.0,198.7,23306.0,44081.0,22.8,11.65,44.0,29.589999999999996,6.542,102.0,0.0,0.0,
2026-02-24T23:03:00,02/24/202611:03,22.369999999999997,0.0,0.0,51.71,0.0,0.0,0.0,0.0,0.0,198.7,23306.0,44081.0,22.8,11.61,44.0,29.589999999999996,6.517,99.9,0.0,0.0,
2026-02-24T23:03:53,02/24/202611:03,22.36,0.0,0.0,51.71,0.0,0.0,0.0,0.0,0.0,198.7,23306.0,44081.0,22.8,11.57,44.0,29.589999999999996,6.492,97.8,0.0,0.0,
2026-02-24T23:04:01,02/24/202611:04,22.35,0.0,0.0,51.71,0.0,0.0,0.0,0.0,0.0,198.7,23306.0,44081.0,22.8,11.53,44.0,29.589999999999996,6.4670000000000005,95.7,0.0,0.0,
2026-02-24T23:04:53,02/24/202611:04,22.35,0.0,0.0,51.71,0.0,0.0,0.0,0.0,0.0,198.7,23306.0,44081.0,22.8,11.49,44.0,29.589999999999996,6.442,93.6,0.0,0.0,
2026-02-24T23:05:01,02/24/202611:05,22.36,0.0,0.0,51.7,0.0,0.0,0.0,0.0,0.0,198.7,23306.0,44081.0,22.8,11.459999999999999,44.0,29.589999999999996,6.448,92.4,0.0,0.0,
2026-02-24T23:05:52,02/24/202611:05,22.36,0.0,0.0,51.69,0.0,0.0,0.0,0.0,0.0,198.7,23306.0,44081.0,22.8,11.43,44.0,29.589999999999996,6.454000000000001,91.2,0.0,0.0,
2026-02-24T23:06:01,02/24/202611:06,22.36,0.0,0.0,51.68000000000001,0.0,0.0,0.0,0.0,0.0,198.7,23306.0,44081.0,22.8,11.4,44.0,29.589999999999996,6.459999999999999,90.0,0.0,0.0,
2026-02-24T23:07:00,02/24/202611:07,22.35,0.0,0.0,51.69,0.0,0.0,0.0,0.0,0.0,198.7,23306.0,44081.0,22.8,11.4,44.0,29.589999999999996,6.459999999999999,90.0,0.0,0.0,
2026-02-24T23:08:01,02/24/202611:08,22.34,0.0,0.0,51.69,0.0,0.0,0.0,0.0,0.0,198.7,23306.0,44081.0,22.8,11.4,44.0,29.589999999999996,6.459999999999999,90.0,0.0,0.0,
2026-02-24T23:08:33,02/24/202611:08,22.34,0.0,0.0,51.69,0.0,0.0,0.0,0.0,0.0,198.7,23306.0,44081.0,22.8,11.4,44.0,29.589999999999996,6.459999999999999,90.0,0.0,0.0,
2026-02-24T23:23:23,02/24/202611:23,22.330000000000002,0.0,0.0,51.69,0.0,0.0,0.0,0.0,0.0,198.7,23306.0,44081.0,22.8,11.39,44.1,29.589999999999996,6.442,90.0,0.0,0.0,
2026-02-24T23:24:00,02/24/202611:24,22.330000000000002,0.0,0.0,51.69,0.0,0.0,0.0,0.0,0.0,198.7,23306.0,44081.0,22.8,11.38,44.2,29.589999999999996,6.4239999999999995,90.0,0.0,0.0,
2026-02-24T23:24:10,02/24/202611:24,22.15,0.0,0.0,51.69,0.0,0.0,0.0,0.0,0.0,198.7,23306.0,44081.0,22.9,11.370000000000001,44.3,29.589999999999996,6.406000000000001,90.0,0.0,0.0,
2026-02-24T23:25:00,02/24/202611:25,21.96,0.0,0.0,51.69,0.0,0.0,0.0,0.0,0.0,198.7,23306.0,44081.0,22.9,11.360000000000001,44.4,29.589999999999996,6.388,90.0,0.0,0.0,
2026-02-24T23:26:00,02/24/202611:26,21.77,0.0,0.0,51.68000000000001,0.0,0.0,0.0,0.0,0.0,198.7,23306.0,44081.0,22.8,11.35,44.5,29.589999999999996,6.37,90.0,0.0,0.0,
2026-02-24T23:26:10,02/24/202611:26,21.580000000000002,0.0,0.0,51.67,0.0,0.0,0.0,0.0,0.0,198.7,23306.0,44081.0,22.8,11.34,44.6,29.589999999999996,6.352,90.0,0.0,0.0,
2026-02-24T23:27:00,02/24/202611:27,21.4,0.0,0.0,51.67,0.0,0.0,0.0,0.0,0.0,198.7,23306.0,44081.0,22.8,11.330000000000002,44.7,29.589999999999996,6.3340000000000005,90.0,0.0,0.0,
2026-02-24T23:28:00,02/24/202611:28,21.22,0.0,0.0,51.67,0.0,0.0,0.0,0.0,0.0,198.7,23306.0,44081.0,22.8,11.32,44.8,29.589999999999996,6.316000000000001,90.0,0.0,0.0,
2026-02-24T23:28:01,02/24/202611:28,21.03,0.0,0.0,51.68000000000001,0.0,0.0,0.0,0.0,0.0,198.7,23306.0,44081.0,22.8,11.31,44.9,29.589999999999996,6.298,90.0,0.0,0.0,
2026-02-24T23:29:00,02/24/202611:29,20.84,0.0,0.0,51.68000000000001,0.0,0.0,0.0,0.0,0.0,198.7,23306.0,44081.0,22.8,11.3,45.0,29.589999999999996,6.255000000000001,90.2,0.0,0.0,
2026-02-24T23:30:00,02/24/202611:30,20.66,0.0,0.0,51.68000000000001,0.0,0.0,0.0,0.0,0.0,198.7,23306.0,44081.0,22.8,11.3,45.0,29.589999999999996,6.23,90.4,0.0,0.0,
2026-02-24T23:30:01,02/24/202611:30,20.47,0.0,0.0,51.68000000000001,0.0,0.0,0.0,0.0,0.0,198.7,23306.0,44081.0,22.8,11.3,45.0,29.589999999999996,6.205,90.6,0.0,0.0,
