timestamp,HMI_Timestamp,PV_Voltage_V,PV_Current_A,PV_Power_W,Battery_Voltage_V,Battery_Current_A,Battery_Power_W,Avg_Power_to_Battery_W,Daily_Energy_kWh,Daily_Charge_Ah,History_Max_Input_Voltage_V,Lifetime_Energy_Gen_kWh,Lifetime_Charge_Ah,Battery_Temp_C,Air_Temp_C,Humidity_pct,Air_Pressure_inHg,Wind_Speed_ms,Wind_Direction_deg,Solar_Irradiance_Wm2,UV_Index,Est_Efficiency
2026-03-27T00:00:00,03/27/202600:00,21.34,0.0,0.0,51.68000000000001,0.0,0.0,0.0,0.8,15.0,198.7,23553.0,44553.0,24.2,23.5,59.0,29.77,4.29,84.0,0.0,0.0,
2026-03-27T00:00:23,03/27/202600:00,21.23,0.0,0.0,51.68000000000001,0.0,0.0,0.0,0.0,0.0,198.7,23561.0,44568.0,24.1,23.5,59.0,29.77,4.29,84.0,0.0,0.0,
2026-03-27T00:01:01,03/27/202600:01,21.119999999999997,0.0,0.0,51.68000000000001,0.0,0.0,0.0,0.0,0.0,198.7,23561.0,44568.0,24.1,23.5,59.0,29.77,4.29,84.0,0.0,0.0,
2026-03-27T00:02:01,03/27/202600:02,21.0,0.0,0.0,51.68000000000001,0.0,0.0,0.0,0.0,0.0,198.7,23561.0,44568.0,24.1,23.48,59.0,29.77,4.265,84.9,0.0,0.0,
2026-03-27T00:03:00,03/27/202600:03,20.880000000000003,0.0,0.0,51.69,0.0,0.0,0.0,0.0,0.0,198.7,23561.0,44568.0,24.1,23.46,59.0,29.77,4.24,85.8,0.0,0.0,
2026-03-27T00:03:23,03/27/202600:03,20.759999999999998,0.0,0.0,51.69,0.0,0.0,0.0,0.0,0.0,198.7,23561.0,44568.0,24.1,23.44,59.0,29.77,4.215,86.7,0.0,0.0,
2026-03-27T00:04:00,03/27/202600:04,20.64,0.0,0.0,51.69,0.0,0.0,0.0,0.0,0.0,198.7,23561.0,44568.0,24.1,23.419999999999998,59.0,29.77,4.1899999999999995,87.6,0.0,0.0,
2026-03-27T00:04:22,03/27/202600:04,20.52,0.0,0.0,51.7,0.0,0.0,0.0,0.0,0.0,198.7,23561.0,44568.0,24.1,23.4,59.0,29.77,4.165,88.5,0.0,0.0,
2026-03-27T00:05:01,03/27/202600:05,20.4,0.0,0.0,51.71,0.0,0.0,0.0,0.0,0.0,198.7,23561.0,44568.0,24.1,23.380000000000003,59.0,29.77,4.14,89.4,0.0,0.0,
2026-03-27T00:06:01,03/27/202600:06,20.389999999999997,0.0,0.0,51.71,0.0,0.0,0.0,0.0,0.0,198.7,23561.0,44568.0,24.1,23.36,59.0,29.77,4.115,90.3,0.0,0.0,
2026-03-27T00:07:01,03/27/202600:07,20.38,0.0,0.0,51.71,0.0,0.0,0.0,0.0,0.0,198.7,23561.0,44568.0,24.1,23.34,59.0,29.77,4.09,91.2,0.0,0.0,
2026-03-27T00:08:01,03/27/202600:08,20.38,0.0,0.0,51.71,0.0,0.0,0.0,0.0,0.0,198.7,23561.0,44568.0,24.1,23.32,59.0,29.77,4.0649999999999995,92.1,0.0,0.0,
2026-03-27T00:09:01,03/27/202600:09,20.38,0.0,0.0,51.7,0.0,0.0,0.0,0.0,0.0,198.7,23561.0,44568.0,24.1,23.3,59.0,29.77,4.04,93.0,0.0,0.0,
2026-03-27T00:10:54,03/27/202600:10,20.38,0.0,0.0,51.7,0.0,0.0,0.0,0.0,0.0,198.7,23561.0,44568.0,24.1,23.3,59.0,29.77,4.04,93.0,0.0,0.0,
2026-03-27T00:11:01,03/27/202600:11,20.38,0.0,0.0,51.69,0.0,0.0,0.0,0.0,0.0,198.7,23561.0,44568.0,24.1,23.3,59.0,29.77,4.04,93.0,0.0,0.0,
2026-03-27T00:11:23,03/27/202600:11,20.38,0.0,0.0,51.69,0.0,0.0,0.0,0.0,0.0,198.7,23561.0,44568.0,24.1,23.3,59.0,29.77,4.04,93.0,0.0,0.0,
2026-03-27T00:12:01,03/27/202600:12,20.38,0.0,0.0,51.69,0.0,0.0,0.0,0.0,0.0,198.7,23561.0,44568.0,24.1,23.3,59.0,29.77,4.04,93.0,0.0,0.0,
2026-03-27T00:12:23,03/27/202600:12,20.38,0.0,0.0,51.68000000000001,0.0,0.0,0.0,0.0,0.0,198.7,23561.0,44568.0,24.1,23.3,59.0,29.77,4.04,93.0,0.0,0.0,
2026-03-27T00:13:01,03/27/202600:13,20.38,0.0,0.0,51.67,0.0,0.0,0.0,0.0,0.0,198.7,23561.0,44568.0,24.1,23.3,59.0,29.77,4.04,93.0,0.0,0.0,
2026-03-27T00:14:01,03/27/202600:14,20.38,0.0,0.0,51.67,0.0,0.0,0.0,0.0,0.0,198.7,23561.0,44568.0,24.2,23.3,59.0,29.77,4.04,93.0,0.0,0.0,
2026-03-27T00:14:23,03/27/202600:14,20.369999999999997,0.0,0.0,51.67,0.0,0.0,0.0,0.0,0.0,198.7,23561.0,44568.0,24.1,23.3,59.0,29.77,4.04,93.0,0.0,0.0,
2026-03-27T00:15:01,03/27/202600:15,20.36,0.0,0.0,51.67,0.0,0.0,0.0,0.0,0.0,198.7,23561.0,44568.0,24.1,23.3,59.0,29.77,4.04,93.0,0.0,0.0,
2026-03-27T00:16:01,03/27/202600:16,20.35,0.0,0.0,51.68000000000001,0.0,0.0,0.0,0.0,0.0,198.7,23561.0,44568.0,24.1,23.3,59.0,29.77,4.04,93.0,0.0,0.0,
2026-03-27T00:16:23,03/27/202600:16,20.35,0.0,0.0,51.68000000000001,0.0,0.0,0.0,0.0,0.0,198.7,23561.0,44568.0,24.1,23.28,59.1,29.773000000000003,4.009,95.2,0.0,0.0,
2026-03-27T00:17:01,03/27/202600:17,20.35,0.0,0.0,51.68000000000001,0.0,0.0,0.0,0.0,0.0,198.7,23561.0,44568.0,24.1,23.26,59.2,29.776,3.978,97.4,0.0,0.0,
2026-03-27T00:18:01,03/27/202600:18,20.36,0.0,0.0,51.68000000000001,0.0,0.0,0.0,0.0,0.0,198.7,23561.0,44568.0,24.1,23.240000000000002,59.3,29.779000000000003,3.947,99.6,0.0,0.0,
2026-03-27T00:19:01,03/27/202600:19,20.369999999999997,0.0,0.0,51.67,0.0,0.0,0.0,0.0,0.0,198.7,23561.0,44568.0,24.1,23.220000000000002,59.4,29.782,3.9159999999999995,101.8,0.0,0.0,
2026-03-27T00:19:23,03/27/202600:19,20.36,0.0,0.0,51.67,0.0,0.0,0.0,0.0,0.0,198.7,23561.0,44568.0,24.1,23.2,59.5,29.785000000000004,3.8850000000000002,104.0,0.0,0.0,
2026-03-27T00:20:01,03/27/202600:20,20.35,0.0,0.0,51.67,0.0,0.0,0.0,0.0,0.0,198.7,23561.0,44568.0,24.1,23.18,59.6,29.788,3.854,106.2,0.0,0.0,
2026-03-27T00:20:23,03/27/202600:20,20.35,0.0,0.0,51.67,0.0,0.0,0.0,0.0,0.0,198.7,23561.0,44568.0,24.1,23.160000000000004,59.7,29.791000000000004,3.8229999999999995,108.4,0.0,0.0,
2026-03-27T00:22:06,03/27/202600:22,20.36,0.0,0.0,51.67,0.0,0.0,0.0,0.0,0.0,198.7,23561.0,44568.0,24.1,23.14,59.8,29.794,3.7920000000000003,110.6,0.0,0.0,
2026-03-27T00:22:23,03/27/202600:22,20.36,0.0,0.0,51.67,0.0,0.0,0.0,0.0,0.0,198.7,23561.0,44568.0,24.2,23.12,59.9,29.797000000000004,3.761,112.8,0.0,0.0,
2026-03-27T00:23:01,03/27/202600:23,20.36,0.0,0.0,51.67,0.0,0.0,0.0,0.0,0.0,198.7,23561.0,44568.0,24.2,23.1,60.0,29.8,3.7299999999999995,115.0,0.0,0.0,
2026-03-27T00:23:23,03/27/202600:23,20.36,0.0,0.0,51.67,0.0,0.0,0.0,0.0,0.0,198.7,23561.0,44568.0,24.1,23.1,60.0,29.8,3.7299999999999995,115.0,0.0,0.0,
2026-03-27T00:24:00,03/27/202600:24,20.36,0.0,0.0,51.67,0.0,0.0,0.0,0.0,0.0,198.7,23561.0,44568.0,24.1,23.1,60.0,29.8,3.7299999999999995,115.0,0.0,0.0,
2026-03-27T00:24:23,03/27/202600:24,20.35,0.0,0.0,51.67,0.0,0.0,0.0,0.0,0.0,198.7,23561.0,44568.0,24.1,23.1,60.0,29.8,3.7299999999999995,115.0,0.0,0.0,
2026-03-27T00:25:01,03/27/202600:25,20.34,0.0,0.0,51.68000000000001,0.0,0.0,0.0,0.0,0.0,198.7,23561.0,44568.0,24.1,23.1,60.0,29.8,3.7299999999999995,115.0,0.0,0.0,
2026-03-27T00:25:23,03/27/202600:25,20.35,0.0,0.0,51.69,0.0,0.0,0.0,0.0,0.0,198.7,23561.0,44568.0,24.1,23.1,60.0,29.8,3.7299999999999995,115.0,0.0,0.0,
2026-03-27T00:26:01,03/27/202600:26,20.36,0.0,0.0,51.7,0.0,0.0,0.0,0.0,0.0,198.7,23561.0,44568.0,24.1,23.1,60.0,29.8,3.7299999999999995,115.0,0.0,0.0,
2026-03-27T00:27:01,03/27/202600:27,20.36,0.0,0.0,51.7,0.0,0.0,0.0,0.0,0.0,198.7,23561.0,44568.0,24.1,23.1,60.0,29.8,3.7299999999999995,115.0,0.0,0.0,
2026-03-27T00:27:23,03/27/202600:27,20.35,0.0,0.0,51.7,0.0,0.0,0.0,0.0,0.0,198.7,23561.0,44568.0,24.1,23.1,60.0,29.8,3.7299999999999995,115.0,0.0,0.0,
2026-03-27T00:28:01,03/27/202600:28,20.35,0.0,0.0,51.7,0.0,0.0,0.0,0.0,0.0,198.7,23561.0,44568.0,24.1,23.1,60.0,29.8,3.7299999999999995,115.0,0.0,0.0,
2026-03-27T00:28:23,03/27/202600:28,20.36,0.0,0.0,51.7,0.0,0.0,0.0,0.0,0.0,198.7,23561.0,44568.0,24.1,23.1,60.0,29.8,3.7299999999999995,115.0,0.0,0.0,
2026-03-27T00:29:00,03/27/202600:29,20.36,0.0,0.0,51.7,0.0,0.0,0.0,0.0,0.0,198.7,23561.0,44568.0,24.1,23.1,60.0,29.8,3.7299999999999995,115.0,0.0,0.0,
2026-03-27T00:30:00,03/27/202600:30,20.36,0.0,0.0,51.7,0.0,0.0,0.0,0.0,0.0,198.7,23561.0,44568.0,24.1,23.1,60.0,29.8,3.7299999999999995,115.0,0.0,0.0,
2026-03-27T00:30:22,03/27/202600:30,20.36,0.0,0.0,51.7,0.0,0.0,0.0,0.0,0.0,198.7,23561.0,44568.0,24.1,23.060000000000002,60.0,29.8,3.55,128.4,0.0,0.0,
2026-03-27T00:31:01,03/27/202600:31,20.36,0.0,0.0,51.7,0.0,0.0,0.0,0.0,0.0,198.7,23561.0,44568.0,24.1,23.020000000000003,60.0,29.8,3.37,141.8,0.0,0.0,
2026-03-27T00:31:23,03/27/202600:31,20.36,0.0,0.0,51.7,0.0,0.0,0.0,0.0,0.0,198.7,23561.0,44568.0,24.1,22.98,60.0,29.8,3.376,163.5,0.0,0.0,
2026-03-27T00:32:01,03/27/202600:32,20.36,0.0,0.0,51.7,0.0,0.0,0.0,0.0,0.0,198.7,23561.0,44568.0,24.1,22.94,60.0,29.8,3.382,185.2,0.0,0.0,
2026-03-27T00:33:17,03/27/202600:33,20.36,0.0,0.0,51.7,0.0,0.0,0.0,0.0,0.0,198.7,23561.0,44568.0,24.1,22.9,60.0,29.8,3.3880000000000003,206.9,0.0,0.0,
2026-03-27T00:34:01,03/27/202600:34,20.369999999999997,0.0,0.0,51.7,0.0,0.0,0.0,0.0,0.0,198.7,23561.0,44568.0,24.1,22.86,59.7,29.8,3.3939999999999997,228.6,0.0,0.0,
2026-03-27T00:35:00,03/27/202600:35,20.38,0.0,0.0,51.7,0.0,0.0,0.0,0.0,0.0,198.7,23561.0,44568.0,24.2,22.82,59.4,29.8,3.4,250.3,0.0,0.0,
2026-03-27T00:35:08,03/27/202600:35,20.369999999999997,0.0,0.0,51.7,0.0,0.0,0.0,0.0,0.0,198.7,23561.0,44568.0,24.1,22.78,59.1,29.8,3.406,272.0,0.0,0.0,
2026-03-27T00:36:01,03/27/202600:36,20.36,0.0,0.0,51.7,0.0,0.0,0.0,0.0,0.0,198.7,23561.0,44568.0,24.1,22.740000000000002,58.8,29.8,3.412,293.7,0.0,0.0,
2026-03-27T00:36:08,03/27/202600:36,20.36,0.0,0.0,51.7,0.0,0.0,0.0,0.0,0.0,198.7,23561.0,44568.0,24.1,22.7,58.5,29.8,3.418,315.4,0.0,0.0,
2026-03-27T00:37:01,03/27/202600:37,20.369999999999997,0.0,0.0,51.7,0.0,0.0,0.0,0.0,0.0,198.7,23561.0,44568.0,24.1,22.7,58.2,29.8,3.604,323.7,0.0,0.0,
2026-03-27T00:37:08,03/27/202600:37,20.369999999999997,0.0,0.0,51.69,0.0,0.0,0.0,0.0,0.0,198.7,23561.0,44568.0,24.1,22.7,57.9,29.8,3.79,332.0,0.0,0.0,
2026-03-27T00:38:01,03/27/202600:38,20.36,0.0,0.0,51.68000000000001,0.0,0.0,0.0,0.0,0.0,198.7,23561.0,44568.0,24.1,22.7,57.6,29.8,3.79,332.0,0.0,0.0,
2026-03-27T00:39:00,03/27/202600:39,20.35,0.0,0.0,51.67,0.0,0.0,0.0,0.0,0.0,198.7,23561.0,44568.0,24.1,22.7,57.3,29.8,3.79,332.0,0.0,0.0,
2026-03-27T00:39:08,03/27/202600:39,20.35,0.0,0.0,51.67,0.0,0.0,0.0,0.0,0.0,198.7,23561.0,44568.0,24.1,22.7,57.0,29.8,3.79,332.0,0.0,0.0,
2026-03-27T00:40:00,03/27/202600:40,20.35,0.0,0.0,51.67,0.0,0.0,0.0,0.0,0.0,198.7,23561.0,44568.0,24.1,22.7,57.0,29.8,3.79,332.0,0.0,0.0,
2026-03-27T00:41:01,03/27/202600:41,20.35,0.0,0.0,51.67,0.0,0.0,0.0,0.0,0.0,198.7,23561.0,44568.0,24.1,22.7,57.0,29.8,3.79,332.0,0.0,0.0,
2026-03-27T00:41:07,03/27/202600:41,20.35,0.0,0.0,51.67,0.0,0.0,0.0,0.0,0.0,198.7,23561.0,44568.0,24.1,22.7,57.0,29.8,3.79,332.0,0.0,0.0,
2026-03-27T00:42:01,03/27/202600:42,20.35,0.0,0.0,51.67,0.0,0.0,0.0,0.0,0.0,198.7,23561.0,44568.0,24.1,22.7,57.0,29.8,3.79,332.0,0.0,0.0,
2026-03-27T00:42:08,03/27/202600:42,20.35,0.0,0.0,51.660000000000004,0.0,0.0,0.0,0.0,0.0,198.7,23561.0,44568.0,24.1,22.7,57.0,29.8,3.79,332.0,0.0,0.0,
2026-03-27T00:43:00,03/27/202600:43,20.35,0.0,0.0,51.65,0.0,0.0,0.0,0.0,0.0,198.7,23561.0,44568.0,24.1,22.7,57.0,29.8,3.79,332.0,0.0,0.0,
2026-03-27T00:44:30,03/27/202600:44,20.35,0.0,0.0,51.660000000000004,0.0,0.0,0.0,0.0,0.0,198.7,23561.0,44568.0,24.1,22.7,57.0,29.8,3.79,332.0,0.0,0.0,
2026-03-27T00:45:00,03/27/202600:45,20.35,0.0,0.0,51.67,0.0,0.0,0.0,0.0,0.0,198.7,23561.0,44568.0,24.1,22.7,57.0,29.8,3.79,332.0,0.0,0.0,
2026-03-27T00:45:08,03/27/202600:45,20.36,0.0,0.0,51.68000000000001,0.0,0.0,0.0,0.0,0.0,198.7,23561.0,44568.0,24.1,22.7,57.0,29.8,3.79,332.0,0.0,0.0,
2026-03-27T00:46:01,03/27/202600:46,20.36,0.0,0.0,51.68000000000001,0.0,0.0,0.0,0.0,0.0,198.7,23561.0,44568.0,24.1,22.7,57.0,29.8,3.79,332.0,0.0,0.0,
2026-03-27T00:47:00,03/27/202600:47,20.36,0.0,0.0,51.68000000000001,0.0,0.0,0.0,0.0,0.0,198.7,23561.0,44568.0,24.1,22.7,56.9,29.8,4.213,333.0,0.0,0.0,
2026-03-27T00:48:00,03/27/202600:48,20.36,0.0,0.0,51.67,0.0,0.0,0.0,0.0,0.0,198.7,23561.0,44568.0,24.1,22.7,56.8,29.8,4.636,334.0,0.0,0.0,
2026-03-27T00:49:00,03/27/202600:49,20.369999999999997,0.0,0.0,51.660000000000004,0.0,0.0,0.0,0.0,0.0,198.7,23561.0,44568.0,24.1,22.7,56.7,29.8,5.058999999999999,335.0,0.0,0.0,
2026-03-27T00:50:00,03/27/202600:50,20.38,0.0,0.0,51.65,0.0,0.0,0.0,0.0,0.0,198.7,23561.0,44568.0,24.1,22.7,56.6,29.8,5.482,336.0,0.0,0.0,
2026-03-27T00:51:00,03/27/202600:51,20.38,0.0,0.0,51.660000000000004,0.0,0.0,0.0,0.0,0.0,198.7,23561.0,44568.0,24.1,22.7,56.5,29.8,5.904999999999999,337.0,0.0,0.0,
2026-03-27T00:52:00,03/27/202600:52,20.38,0.0,0.0,51.67,0.0,0.0,0.0,0.0,0.0,198.7,23561.0,44568.0,24.1,22.7,56.4,29.8,6.328,338.0,0.0,0.0,
2026-03-27T00:53:00,03/27/202600:53,20.389999999999997,0.0,0.0,51.660000000000004,0.0,0.0,0.0,0.0,0.0,198.7,23561.0,44568.0,24.1,22.7,56.3,29.8,6.7509999999999994,339.0,0.0,0.0,
2026-03-27T00:54:01,03/27/202600:54,20.4,0.0,0.0,51.65,0.0,0.0,0.0,0.0,0.0,198.7,23561.0,44568.0,24.1,22.7,56.2,29.8,7.1739999999999995,340.0,0.0,0.0,
2026-03-27T00:55:41,03/27/202600:55,20.4,0.0,0.0,51.64,0.0,0.0,0.0,0.0,0.0,198.7,23561.0,44568.0,24.1,22.7,56.1,29.8,7.5969999999999995,341.0,0.0,0.0,
2026-03-27T00:56:01,03/27/202600:56,20.4,0.0,0.0,51.63000000000001,0.0,0.0,0.0,0.0,0.0,198.7,23561.0,44568.0,24.1,22.7,56.0,29.8,8.02,342.0,0.0,0.0,
2026-03-27T00:57:01,03/27/202600:57,20.4,0.0,0.0,51.63000000000001,0.0,0.0,0.0,0.0,0.0,198.7,23561.0,44568.0,24.1,22.7,56.0,29.8,8.02,342.0,0.0,0.0,
2026-03-27T00:58:01,03/27/202600:58,20.4,0.0,0.0,51.64,0.0,0.0,0.0,0.0,0.0,198.7,23561.0,44568.0,24.1,22.7,56.0,29.8,8.02,342.0,0.0,0.0,
2026-03-27T00:59:00,03/27/202600:59,20.4,0.0,0.0,51.64,0.0,0.0,0.0,0.0,0.0,198.7,23561.0,44568.0,24.2,22.7,56.0,29.8,8.02,342.0,0.0,0.0,
2026-03-27T01:00:00,03/27/202601:00,20.4,0.0,0.0,51.65,0.0,0.0,0.0,0.0,0.0,198.7,23561.0,44568.0,24.1,22.7,56.0,29.8,8.02,342.0,0.0,0.0,
2026-03-27T01:01:00,03/27/202601:01,20.4,0.0,0.0,51.64,0.0,0.0,0.0,0.0,0.0,198.7,23561.0,44568.0,24.2,22.7,56.0,29.8,8.02,342.0,0.0,0.0,
2026-03-27T01:02:01,03/27/202601:02,20.4,0.0,0.0,51.63000000000001,0.0,0.0,0.0,0.0,0.0,198.7,23561.0,44568.0,24.1,22.66,55.9,29.802,8.113,307.9,0.0,0.0,
2026-03-27T01:03:00,03/27/202601:03,20.4,0.0,0.0,51.63000000000001,0.0,0.0,0.0,0.0,0.0,198.7,23561.0,44568.0,24.1,22.619999999999997,55.8,29.804000000000002,8.206,273.8,0.0,0.0,
2026-03-27T01:08:10,03/27/202601:08,20.4,0.0,0.0,51.64,0.0,0.0,0.0,0.0,0.0,198.7,23561.0,44568.0,24.1,22.580000000000002,55.7,29.806,8.299,239.7,0.0,0.0,
2026-03-27T01:09:00,03/27/202601:09,20.4,0.0,0.0,51.64,0.0,0.0,0.0,0.0,0.0,198.7,23561.0,44568.0,24.1,22.54,55.6,29.808,8.392,205.6,0.0,0.0,
2026-03-27T01:10:00,03/27/202601:10,20.4,0.0,0.0,51.64,0.0,0.0,0.0,0.0,0.0,198.7,23561.0,44568.0,24.1,22.5,55.5,29.810000000000002,8.485,171.5,0.0,0.0,
2026-03-27T01:10:40,03/27/202601:10,20.389999999999997,0.0,0.0,51.63000000000001,0.0,0.0,0.0,0.0,0.0,198.7,23561.0,44568.0,24.1,22.46,55.4,29.812,8.578,137.4,0.0,0.0,
2026-03-27T01:11:01,03/27/202601:11,20.38,0.0,0.0,51.620000000000005,0.0,0.0,0.0,0.0,0.0,198.7,23561.0,44568.0,24.1,22.419999999999998,55.3,29.814,8.671,103.3,0.0,0.0,
2026-03-27T01:11:40,03/27/202601:11,20.38,0.0,0.0,51.620000000000005,0.0,0.0,0.0,0.0,0.0,198.7,23561.0,44568.0,24.1,22.380000000000003,55.2,29.816000000000003,8.764,69.2,0.0,0.0,
2026-03-27T01:12:00,03/27/202601:12,20.38,0.0,0.0,51.61,0.0,0.0,0.0,0.0,0.0,198.7,23561.0,44568.0,24.1,22.34,55.1,29.818,8.857,35.1,0.0,0.0,
2026-03-27T01:13:01,03/27/202601:13,20.38,0.0,0.0,51.61,0.0,0.0,0.0,0.0,0.0,198.7,23561.0,44568.0,24.1,22.3,55.0,29.82,8.95,1.0,0.0,0.0,
2026-03-27T01:14:00,03/27/202601:14,20.38,0.0,0.0,51.61,0.0,0.0,0.0,0.0,0.0,198.7,23561.0,44568.0,24.1,22.3,55.0,29.82,8.95,1.0,0.0,0.0,
2026-03-27T01:15:01,03/27/202601:15,20.38,0.0,0.0,51.61,0.0,0.0,0.0,0.0,0.0,198.7,23561.0,44568.0,24.1,22.3,55.0,29.82,8.95,1.0,0.0,0.0,
2026-03-27T01:16:01,03/27/202601:16,20.38,0.0,0.0,51.6,0.0,0.0,0.0,0.0,0.0,198.7,23561.0,44568.0,24.1,22.3,55.0,29.82,8.95,1.0,0.0,0.0,
2026-03-27T01:17:32,03/27/202601:17,20.38,0.0,0.0,51.6,0.0,0.0,0.0,0.0,0.0,198.7,23561.0,44568.0,24.1,22.240000000000002,54.8,29.82,8.95,1.2,0.0,0.0,
2026-03-27T01:18:01,03/27/202601:18,20.38,0.0,0.0,51.6,0.0,0.0,0.0,0.0,0.0,198.7,23561.0,44568.0,24.1,22.18,54.6,29.82,8.95,1.4,0.0,0.0,
2026-03-27T01:19:21,03/27/202601:19,20.389999999999997,0.0,0.0,51.6,0.0,0.0,0.0,0.0,0.0,198.7,23561.0,44568.0,24.1,22.119999999999997,54.4,29.82,8.95,1.6,0.0,0.0,
2026-03-27T01:19:50,03/27/202601:19,20.389999999999997,0.0,0.0,51.61,0.0,0.0,0.0,0.0,0.0,198.7,23561.0,44568.0,24.1,22.06,54.2,29.82,8.95,1.8,0.0,0.0,
2026-03-27T01:20:00,03/27/202601:20,20.38,0.0,0.0,51.620000000000005,0.0,0.0,0.0,0.0,0.0,198.7,23561.0,44568.0,24.1,22.0,54.0,29.82,8.95,2.0,0.0,0.0,
2026-03-27T01:20:50,03/27/202601:20,20.38,0.0,0.0,51.620000000000005,0.0,0.0,0.0,0.0,0.0,198.7,23561.0,44568.0,24.1,21.94,53.8,29.82,8.95,2.2,0.0,0.0,
2026-03-27T01:21:00,03/27/202601:21,20.38,0.0,0.0,51.620000000000005,0.0,0.0,0.0,0.0,0.0,198.7,23561.0,44568.0,24.1,21.880000000000003,53.6,29.82,8.95,2.4,0.0,0.0,
2026-03-27T01:22:01,03/27/202601:22,20.38,0.0,0.0,51.620000000000005,0.0,0.0,0.0,0.0,0.0,198.7,23561.0,44568.0,24.1,21.82,53.4,29.82,8.95,2.6,0.0,0.0,
2026-03-27T01:23:00,03/27/202601:23,20.38,0.0,0.0,51.620000000000005,0.0,0.0,0.0,0.0,0.0,198.7,23561.0,44568.0,24.2,21.759999999999998,53.2,29.82,8.95,2.8,0.0,0.0,
2026-03-27T01:24:00,03/27/202601:24,20.38,0.0,0.0,51.620000000000005,0.0,0.0,0.0,0.0,0.0,198.7,23561.0,44568.0,24.1,21.7,53.0,29.82,8.95,3.0,0.0,0.0,
2026-03-27T01:25:00,03/27/202601:25,20.38,0.0,0.0,51.620000000000005,0.0,0.0,0.0,0.0,0.0,198.7,23561.0,44568.0,24.1,21.7,53.0,29.82,8.95,3.0,0.0,0.0,
2026-03-27T01:25:50,03/27/202601:25,20.369999999999997,0.0,0.0,51.620000000000005,0.0,0.0,0.0,0.0,0.0,198.7,23561.0,44568.0,24.2,21.7,53.0,29.82,8.95,3.0,0.0,0.0,
2026-03-27T01:26:01,03/27/202601:26,20.36,0.0,0.0,51.620000000000005,0.0,0.0,0.0,0.0,0.0,198.7,23561.0,44568.0,24.2,21.7,53.0,29.82,8.95,3.0,0.0,0.0,
2026-03-27T01:26:24,03/27/202601:26,20.369999999999997,0.0,0.0,51.61,0.0,0.0,0.0,0.0,0.0,198.7,23561.0,44568.0,24.1,21.7,53.0,29.82,8.95,3.0,0.0,0.0,
2026-03-27T01:27:00,03/27/202601:27,20.38,0.0,0.0,51.6,0.0,0.0,0.0,0.0,0.0,198.7,23561.0,44568.0,24.1,21.7,53.0,29.82,8.95,3.0,0.0,0.0,
2026-03-27T01:27:25,03/27/202601:27,20.369999999999997,0.0,0.0,51.61,0.0,0.0,0.0,0.0,0.0,198.7,23561.0,44568.0,24.1,21.7,53.0,29.82,8.95,3.0,0.0,0.0,
2026-03-27T01:27:31,03/27/202601:27,20.369999999999997,0.0,0.0,51.61,0.0,0.0,0.0,0.0,0.0,198.7,23561.0,44568.0,24.1,21.7,53.0,29.82,8.95,3.0,0.0,0.0,
2026-03-27T01:28:00,03/27/202601:28,20.369999999999997,0.0,0.0,51.61,0.0,0.0,0.0,0.0,0.0,198.7,23561.0,44568.0,24.1,21.7,53.0,29.82,8.95,3.0,0.0,0.0,
2026-03-27T01:29:00,03/27/202601:29,20.369999999999997,0.0,0.0,51.61,0.0,0.0,0.0,0.0,0.0,198.7,23561.0,44568.0,24.1,21.7,53.0,29.82,8.95,3.0,0.0,0.0,
2026-03-27T01:30:32,03/27/202601:30,20.369999999999997,0.0,0.0,51.620000000000005,0.0,0.0,0.0,0.0,0.0,198.7,23561.0,44568.0,24.1,21.72,53.0,29.82,8.95,3.0,0.0,0.0,
2026-03-27T01:31:00,03/27/202601:31,20.369999999999997,0.0,0.0,51.63000000000001,0.0,0.0,0.0,0.0,0.0,198.7,23561.0,44568.0,24.1,21.74,53.0,29.82,8.95,3.0,0.0,0.0,
2026-03-27T01:31:10,03/27/202601:31,20.369999999999997,0.0,0.0,51.63000000000001,0.0,0.0,0.0,0.0,0.0,198.7,23561.0,44568.0,24.1,21.72,52.8,29.82,9.111,3.3,0.0,0.0,
2026-03-27T01:32:01,03/27/202601:32,20.369999999999997,0.0,0.0,51.63000000000001,0.0,0.0,0.0,0.0,0.0,198.7,23561.0,44568.0,24.1,21.7,52.6,29.82,9.272,3.6,0.0,0.0,
2026-03-27T01:33:01,03/27/202601:33,20.36,0.0,0.0,51.64,0.0,0.0,0.0,0.0,0.0,198.7,23561.0,44568.0,24.1,21.68,52.4,29.82,9.433,3.9,0.0,0.0,
2026-03-27T01:33:11,03/27/202601:33,20.36,0.0,0.0,51.64,0.0,0.0,0.0,0.0,0.0,198.7,23561.0,44568.0,24.1,21.66,52.2,29.82,9.594,4.2,0.0,0.0,
2026-03-27T01:34:00,03/27/202601:34,20.369999999999997,0.0,0.0,51.63000000000001,0.0,0.0,0.0,0.0,0.0,198.7,23561.0,44568.0,24.1,21.64,52.0,29.82,9.754999999999999,4.5,0.0,0.0,
2026-03-27T01:35:00,03/27/202601:35,20.369999999999997,0.0,0.0,51.63000000000001,0.0,0.0,0.0,0.0,0.0,198.7,23561.0,44568.0,24.1,21.619999999999997,51.8,29.82,10.034,5.6,0.0,0.0,
2026-03-27T01:36:00,03/27/202601:36,20.369999999999997,0.0,0.0,51.63000000000001,0.0,0.0,0.0,0.0,0.0,198.7,23561.0,44568.0,24.1,21.6,51.6,29.82,10.312999999999999,6.7,0.0,0.0,
2026-03-27T01:37:38,03/27/202601:37,20.369999999999997,0.0,0.0,51.63000000000001,0.0,0.0,0.0,0.0,0.0,198.7,23561.0,44568.0,24.1,21.580000000000002,51.4,29.82,10.592,7.8,0.0,0.0,
2026-03-27T01:37:56,03/27/202601:37,20.36,0.0,0.0,51.620000000000005,0.0,0.0,0.0,0.0,0.0,198.7,23561.0,44568.0,24.1,21.54,51.2,29.82,10.871,8.9,0.0,0.0,
2026-03-27T01:38:01,03/27/202601:38,20.35,0.0,0.0,51.61,0.0,0.0,0.0,0.0,0.0,198.7,23561.0,44568.0,24.1,21.5,51.0,29.82,11.15,10.0,0.0,0.0,
2026-03-27T01:38:57,03/27/202601:38,20.36,0.0,0.0,51.61,0.0,0.0,0.0,0.0,0.0,198.7,23561.0,44568.0,24.1,21.5,50.8,29.82,11.268,10.8,0.0,0.0,
2026-03-27T01:39:01,03/27/202601:39,20.369999999999997,0.0,0.0,51.61,0.0,0.0,0.0,0.0,0.0,198.7,23561.0,44568.0,24.1,21.5,50.6,29.82,11.386,11.6,0.0,0.0,
2026-03-27T01:40:00,03/27/202601:40,20.38,0.0,0.0,51.6,0.0,0.0,0.0,0.0,0.0,198.7,23561.0,44568.0,24.1,21.5,50.4,29.82,11.504000000000001,12.4,0.0,0.0,
2026-03-27T01:41:44,03/27/202601:41,20.38,0.0,0.0,51.6,0.0,0.0,0.0,0.0,0.0,198.7,23561.0,44568.0,24.1,21.5,50.2,29.82,11.622,13.2,0.0,0.0,
2026-03-27T01:41:56,03/27/202601:41,20.369999999999997,0.0,0.0,51.6,0.0,0.0,0.0,0.0,0.0,198.7,23561.0,44568.0,24.1,21.5,50.0,29.82,11.74,14.0,0.0,0.0,
2026-03-27T01:42:01,03/27/202601:42,20.36,0.0,0.0,51.6,0.0,0.0,0.0,0.0,0.0,198.7,23561.0,44568.0,24.1,21.5,49.8,29.82,11.74,14.0,0.0,0.0,
2026-03-27T01:43:01,03/27/202601:43,20.35,0.0,0.0,51.6,0.0,0.0,0.0,0.0,0.0,198.7,23561.0,44568.0,24.1,21.5,49.6,29.82,11.74,14.0,0.0,0.0,
2026-03-27T01:43:56,03/27/202601:43,20.35,0.0,0.0,51.6,0.0,0.0,0.0,0.0,0.0,198.7,23561.0,44568.0,24.1,21.5,49.4,29.82,11.74,14.0,0.0,0.0,
2026-03-27T01:44:00,03/27/202601:44,20.36,0.0,0.0,51.6,0.0,0.0,0.0,0.0,0.0,198.7,23561.0,44568.0,24.1,21.5,49.2,29.82,11.74,14.0,0.0,0.0,
2026-03-27T01:44:56,03/27/202601:44,20.36,0.0,0.0,51.6,0.0,0.0,0.0,0.0,0.0,198.7,23561.0,44568.0,24.1,21.5,49.0,29.82,11.74,14.0,0.0,0.0,
2026-03-27T01:45:00,03/27/202601:45,20.35,0.0,0.0,51.6,0.0,0.0,0.0,0.0,0.0,198.7,23561.0,44568.0,24.1,21.5,49.0,29.82,11.74,14.0,0.0,0.0,
2026-03-27T01:46:01,03/27/202601:46,20.34,0.0,0.0,51.6,0.0,0.0,0.0,0.0,0.0,198.7,23561.0,44568.0,24.1,21.5,49.0,29.82,11.74,14.0,0.0,0.0,
2026-03-27T01:46:56,03/27/202601:46,20.34,0.0,0.0,51.6,0.0,0.0,0.0,0.0,0.0,198.7,23561.0,44568.0,24.1,21.48,48.9,29.823,11.852,14.3,0.0,0.0,
2026-03-27T01:47:00,03/27/202601:47,20.34,0.0,0.0,51.6,0.0,0.0,0.0,0.0,0.0,198.7,23561.0,44568.0,24.1,21.46,48.8,29.826,11.964,14.6,0.0,0.0,
2026-03-27T01:48:00,03/27/202601:48,20.35,0.0,0.0,51.6,0.0,0.0,0.0,0.0,0.0,198.7,23561.0,44568.0,24.1,21.44,48.7,29.829,12.076,14.9,0.0,0.0,
2026-03-27T01:49:00,03/27/202601:49,20.36,0.0,0.0,51.6,0.0,0.0,0.0,0.0,0.0,198.7,23561.0,44568.0,24.1,21.419999999999998,48.6,29.832,12.187999999999999,15.2,0.0,0.0,
2026-03-27T01:50:00,03/27/202601:50,20.369999999999997,0.0,0.0,51.6,0.0,0.0,0.0,0.0,0.0,198.7,23561.0,44568.0,24.1,21.4,48.5,29.835,12.3,15.5,0.0,0.0,
2026-03-27T01:50:14,03/27/202601:50,20.36,0.0,0.0,51.589999999999996,0.0,0.0,0.0,0.0,0.0,198.7,23561.0,44568.0,24.2,21.380000000000003,48.4,29.838,12.412,15.8,0.0,0.0,
2026-03-27T01:51:00,03/27/202601:51,20.35,0.0,0.0,51.58,0.0,0.0,0.0,0.0,0.0,198.7,23561.0,44568.0,24.2,21.36,48.3,29.841,12.524,16.1,0.0,0.0,
2026-03-27T01:51:14,03/27/202601:51,20.36,0.0,0.0,51.58,0.0,0.0,0.0,0.0,0.0,198.7,23561.0,44568.0,24.1,21.34,48.2,29.844,12.636,16.4,0.0,0.0,
2026-03-27T01:52:55,03/27/202601:52,20.36,0.0,0.0,51.58,0.0,0.0,0.0,0.0,0.0,198.7,23561.0,44568.0,24.1,21.32,48.1,29.847,12.748,16.7,0.0,0.0,
2026-03-27T01:53:01,03/27/202601:53,20.36,0.0,0.0,51.58,0.0,0.0,0.0,0.0,0.0,198.7,23561.0,44568.0,24.1,21.3,48.0,29.85,12.86,17.0,0.0,0.0,
2026-03-27T01:53:17,03/27/202601:53,20.36,0.0,0.0,51.58,0.0,0.0,0.0,0.0,0.0,198.7,23561.0,44568.0,24.1,21.3,48.0,29.85,12.86,17.0,0.0,0.0,
2026-03-27T01:54:01,03/27/202601:54,20.36,0.0,0.0,51.58,0.0,0.0,0.0,0.0,0.0,198.7,23561.0,44568.0,24.1,21.3,48.0,29.85,12.86,17.0,0.0,0.0,
2026-03-27T01:55:00,03/27/202601:55,20.36,0.0,0.0,51.58,0.0,0.0,0.0,0.0,0.0,198.7,23561.0,44568.0,24.1,21.3,48.0,29.85,12.86,17.0,0.0,0.0,
2026-03-27T01:56:00,03/27/202601:56,20.36,0.0,0.0,51.58,0.0,0.0,0.0,0.0,0.0,198.7,23561.0,44568.0,24.1,21.3,48.0,29.85,12.86,17.0,0.0,0.0,
2026-03-27T01:57:38,03/27/202601:57,20.36,0.0,0.0,51.58,0.0,0.0,0.0,0.0,0.0,198.7,23561.0,44568.0,24.1,21.3,48.0,29.85,12.86,17.0,0.0,0.0,
2026-03-27T01:58:01,03/27/202601:58,20.369999999999997,0.0,0.0,51.589999999999996,0.0,0.0,0.0,0.0,0.0,198.7,23561.0,44568.0,24.1,21.3,48.0,29.85,12.86,17.0,0.0,0.0,
2026-03-27T01:59:00,03/27/202601:59,20.38,0.0,0.0,51.6,0.0,0.0,0.0,0.0,0.0,198.7,23561.0,44568.0,24.1,21.3,48.0,29.85,12.86,17.0,0.0,0.0,
2026-03-27T02:00:00,03/27/202602:00,20.38,0.0,0.0,51.6,0.0,0.0,0.0,0.0,0.0,198.7,23561.0,44568.0,24.1,21.3,48.0,29.85,12.86,17.0,0.0,0.0,
2026-03-27T02:01:00,03/27/202602:01,20.389999999999997,0.0,0.0,51.6,0.0,0.0,0.0,0.0,0.0,198.7,23561.0,44568.0,24.1,21.270000000000003,48.0,29.85,12.841999999999999,17.4,0.0,0.0,
2026-03-27T02:02:01,03/27/202602:02,20.4,0.0,0.0,51.589999999999996,0.0,0.0,0.0,0.0,0.0,198.7,23561.0,44568.0,24.1,21.240000000000002,48.0,29.85,12.824000000000002,17.8,0.0,0.0,
2026-03-27T02:02:39,03/27/202602:02,20.389999999999997,0.0,0.0,51.58,0.0,0.0,0.0,0.0,0.0,198.7,23561.0,44568.0,24.1,21.21,48.0,29.85,12.806000000000001,18.2,0.0,0.0,
2026-03-27T02:04:06,03/27/202602:04,20.38,0.0,0.0,51.58,0.0,0.0,0.0,0.0,0.0,198.7,23561.0,44568.0,24.1,21.18,48.0,29.85,12.788,18.6,0.0,0.0,
2026-03-27T02:04:39,03/27/202602:04,20.38,0.0,0.0,51.58,0.0,0.0,0.0,0.0,0.0,198.7,23561.0,44568.0,24.1,21.15,48.0,29.85,12.77,19.0,0.0,0.0,
2026-03-27T02:05:01,03/27/202602:05,20.38,0.0,0.0,51.58,0.0,0.0,0.0,0.0,0.0,198.7,23561.0,44568.0,24.1,21.119999999999997,48.0,29.85,12.751999999999999,19.4,0.0,0.0,
2026-03-27T02:05:38,03/27/202602:05,20.369999999999997,0.0,0.0,51.58,0.0,0.0,0.0,0.0,0.0,198.7,23561.0,44568.0,24.1,21.09,48.0,29.85,12.734,19.8,0.0,0.0,
2026-03-27T02:06:01,03/27/202602:06,20.36,0.0,0.0,51.58,0.0,0.0,0.0,0.0,0.0,198.7,23561.0,44568.0,24.1,21.06,48.0,29.85,12.716,20.2,0.0,0.0,
2026-03-27T02:06:39,03/27/202602:06,20.36,0.0,0.0,51.58,0.0,0.0,0.0,0.0,0.0,198.7,23561.0,44568.0,24.1,21.03,48.0,29.85,12.697999999999999,20.6,0.0,0.0,
2026-03-27T02:07:00,03/27/202602:07,20.36,0.0,0.0,51.58,0.0,0.0,0.0,0.0,0.0,198.7,23561.0,44568.0,24.1,21.0,48.0,29.85,12.68,21.0,0.0,0.0,
2026-03-27T02:08:01,03/27/202602:08,20.36,0.0,0.0,51.58,0.0,0.0,0.0,0.0,0.0,198.7,23561.0,44568.0,24.1,21.0,48.0,29.85,12.68,21.0,0.0,0.0,
2026-03-27T02:08:40,03/27/202602:08,20.35,0.0,0.0,51.589999999999996,0.0,0.0,0.0,0.0,0.0,198.7,23561.0,44568.0,24.1,21.0,48.0,29.85,12.68,21.0,0.0,0.0,
2026-03-27T02:10:00,03/27/202602:10,20.36,0.0,0.0,51.6,0.0,0.0,0.0,0.0,0.0,198.7,23561.0,44568.0,24.1,21.0,48.0,29.85,12.68,21.0,0.0,0.0,
2026-03-27T02:10:01,03/27/202602:10,20.36,0.0,0.0,51.6,0.0,0.0,0.0,0.0,0.0,198.7,23561.0,44568.0,24.1,21.0,48.0,29.85,12.68,21.0,0.0,0.0,
2026-03-27T02:11:01,03/27/202602:11,20.35,0.0,0.0,51.6,0.0,0.0,0.0,0.0,0.0,198.7,23561.0,44568.0,24.1,21.0,48.0,29.85,12.68,21.0,0.0,0.0,
2026-03-27T02:12:01,03/27/202602:12,20.34,0.0,0.0,51.6,0.0,0.0,0.0,0.0,0.0,198.7,23561.0,44568.0,24.1,21.0,48.0,29.85,12.68,21.0,0.0,0.0,
2026-03-27T02:13:00,03/27/202602:13,20.34,0.0,0.0,51.6,0.0,0.0,0.0,0.0,0.0,198.7,23561.0,44568.0,24.1,21.0,48.0,29.85,12.68,21.0,0.0,0.0,
2026-03-27T02:13:22,03/27/202602:13,20.35,0.0,0.0,51.589999999999996,0.0,0.0,0.0,0.0,0.0,198.7,23561.0,44568.0,24.1,21.0,48.0,29.85,12.68,21.0,0.0,0.0,
2026-03-27T02:14:00,03/27/202602:14,20.35,0.0,0.0,51.58,0.0,0.0,0.0,0.0,0.0,198.7,23561.0,44568.0,24.1,21.0,48.0,29.85,12.68,21.0,0.0,0.0,
2026-03-27T02:15:18,03/27/202602:15,20.35,0.0,0.0,51.58,0.0,0.0,0.0,0.0,0.0,198.7,23561.0,44568.0,24.1,21.0,48.0,29.85,12.68,21.0,0.0,0.0,
2026-03-27T02:16:01,03/27/202602:16,20.35,0.0,0.0,51.57000000000001,0.0,0.0,0.0,0.0,0.0,198.7,23561.0,44568.0,24.1,21.0,48.0,29.85,12.68,21.0,0.0,0.0,
2026-03-27T02:17:00,03/27/202602:17,20.36,0.0,0.0,51.57000000000001,0.0,0.0,0.0,0.0,0.0,198.7,23561.0,44568.0,24.1,20.96,48.1,29.85,12.636,21.3,0.0,0.0,
2026-03-27T02:17:22,03/27/202602:17,20.35,0.0,0.0,51.56,0.0,0.0,0.0,0.0,0.0,198.7,23561.0,44568.0,24.1,20.919999999999998,48.2,29.85,12.592,21.6,0.0,0.0,
2026-03-27T02:18:00,03/27/202602:18,20.35,0.0,0.0,51.55,0.0,0.0,0.0,0.0,0.0,198.7,23561.0,44568.0,24.1,20.880000000000003,48.3,29.85,12.548,21.9,0.0,0.0,
2026-03-27T02:18:21,03/27/202602:18,20.36,0.0,0.0,51.55,0.0,0.0,0.0,0.0,0.0,198.7,23561.0,44568.0,24.1,20.84,48.4,29.85,12.504,22.2,0.0,0.0,
2026-03-27T02:19:01,03/27/202602:19,20.369999999999997,0.0,0.0,51.55,0.0,0.0,0.0,0.0,0.0,198.7,23561.0,44568.0,24.1,20.8,48.5,29.85,12.459999999999999,22.5,0.0,0.0,
2026-03-27T02:19:21,03/27/202602:19,20.369999999999997,0.0,0.0,51.55,0.0,0.0,0.0,0.0,0.0,198.7,23561.0,44568.0,24.1,20.69,48.6,29.85,12.416,22.8,0.0,0.0,
2026-03-27T02:20:00,03/27/202602:20,20.36,0.0,0.0,51.56,0.0,0.0,0.0,0.0,0.0,198.7,23561.0,44568.0,24.1,20.580000000000002,48.7,29.85,12.372,23.1,0.0,0.0,
2026-03-27T02:21:01,03/27/202602:21,20.35,0.0,0.0,51.57000000000001,0.0,0.0,0.0,0.0,0.0,198.7,23561.0,44568.0,24.1,20.47,48.8,29.85,12.446000000000002,24.3,0.0,0.0,
2026-03-27T02:21:22,03/27/202602:21,20.35,0.0,0.0,51.57000000000001,0.0,0.0,0.0,0.0,0.0,198.7,23561.0,44568.0,24.1,20.36,48.9,29.85,12.464,25.7,0.0,0.0,
2026-03-27T02:22:01,03/27/202602:22,20.35,0.0,0.0,51.58,0.0,0.0,0.0,0.0,0.0,198.7,23561.0,44568.0,24.1,20.25,49.0,29.85,12.482,27.1,0.0,0.0,
2026-03-27T02:23:00,03/27/202602:23,20.35,0.0,0.0,51.58,0.0,0.0,0.0,0.0,0.0,198.7,23561.0,44568.0,24.1,20.18,49.0,29.85,12.544,28.2,0.0,0.0,
2026-03-27T02:24:01,03/27/202602:24,20.36,0.0,0.0,51.589999999999996,0.0,0.0,0.0,0.0,0.0,198.7,23561.0,44568.0,24.1,20.11,49.0,29.85,12.606,29.3,0.0,0.0,
2026-03-27T02:24:21,03/27/202602:24,20.36,0.0,0.0,51.6,0.0,0.0,0.0,0.0,0.0,198.7,23561.0,44568.0,24.1,20.04,49.0,29.85,12.668,30.4,0.0,0.0,
2026-03-27T02:25:01,03/27/202602:25,20.35,0.0,0.0,51.6,0.0,0.0,0.0,0.0,0.0,198.7,23561.0,44568.0,24.1,19.97,49.0,29.85,12.73,31.5,0.0,0.0,
2026-03-27T02:26:30,03/27/202602:26,20.34,0.0,0.0,51.6,0.0,0.0,0.0,0.0,0.0,198.7,23561.0,44568.0,24.1,19.9,49.0,29.85,12.792,32.6,0.0,0.0,
2026-03-27T02:27:00,03/27/202602:27,20.34,0.0,0.0,51.6,0.0,0.0,0.0,0.0,0.0,198.7,23561.0,44568.0,24.1,19.9,49.0,29.85,12.854,33.7,0.0,0.0,
2026-03-27T02:27:22,03/27/202602:27,20.35,0.0,0.0,51.589999999999996,0.0,0.0,0.0,0.0,0.0,198.7,23561.0,44568.0,24.1,19.9,49.0,29.85,12.916,34.8,0.0,0.0,
2026-03-27T02:28:01,03/27/202602:28,20.36,0.0,0.0,51.58,0.0,0.0,0.0,0.0,0.0,198.7,23561.0,44568.0,24.1,19.9,49.0,29.85,12.86,35.0,0.0,0.0,
2026-03-27T02:28:21,03/27/202602:28,20.35,0.0,0.0,51.58,0.0,0.0,0.0,0.0,0.0,198.7,23561.0,44568.0,24.1,19.9,49.0,29.85,12.86,35.0,0.0,0.0,
2026-03-27T02:29:01,03/27/202602:29,20.34,0.0,0.0,51.58,0.0,0.0,0.0,0.0,0.0,198.7,23561.0,44568.0,24.1,19.9,49.0,29.85,12.86,35.0,0.0,0.0,
2026-03-27T02:29:22,03/27/202602:29,20.34,0.0,0.0,51.58,0.0,0.0,0.0,0.0,0.0,198.7,23561.0,44568.0,24.1,19.9,49.0,29.85,12.86,35.0,0.0,0.0,
2026-03-27T02:30:01,03/27/202602:30,20.34,0.0,0.0,51.58,0.0,0.0,0.0,0.0,0.0,198.7,23561.0,44568.0,24.1,19.9,49.0,29.85,12.86,35.0,0.0,0.0,
2026-03-27T02:31:00,03/27/202602:31,20.35,0.0,0.0,51.57000000000001,0.0,0.0,0.0,0.0,0.0,198.7,23561.0,44568.0,24.1,19.9,49.0,29.85,12.86,35.0,0.0,0.0,
2026-03-27T02:32:01,03/27/202602:32,20.36,0.0,0.0,51.57000000000001,0.0,0.0,0.0,0.0,0.0,198.7,23561.0,44568.0,24.1,19.85,49.1,29.853,12.699,35.8,0.0,0.0,
2026-03-27T02:33:00,03/27/202602:33,20.369999999999997,0.0,0.0,51.57000000000001,0.0,0.0,0.0,0.0,0.0,198.7,23561.0,44568.0,24.1,19.8,49.2,29.856,12.538,36.6,0.0,0.0,
2026-03-27T02:33:22,03/27/202602:33,20.369999999999997,0.0,0.0,51.57000000000001,0.0,0.0,0.0,0.0,0.0,198.7,23561.0,44568.0,24.1,19.75,49.3,29.859,12.376999999999999,37.4,0.0,0.0,
2026-03-27T02:34:01,03/27/202602:34,20.36,0.0,0.0,51.58,0.0,0.0,0.0,0.0,0.0,198.7,23561.0,44568.0,24.1,19.7,49.4,29.862000000000002,12.216,38.2,0.0,0.0,
2026-03-27T02:34:21,03/27/202602:34,20.36,0.0,0.0,51.58,0.0,0.0,0.0,0.0,0.0,198.7,23561.0,44568.0,24.1,19.65,49.5,29.865,12.055,39.0,0.0,0.0,
2026-03-27T02:35:01,03/27/202602:35,20.369999999999997,0.0,0.0,51.57000000000001,0.0,0.0,0.0,0.0,0.0,198.7,23561.0,44568.0,24.1,19.6,49.6,29.868000000000002,11.894,39.8,0.0,0.0,
2026-03-27T02:36:01,03/27/202602:36,20.38,0.0,0.0,51.56,0.0,0.0,0.0,0.0,0.0,198.7,23561.0,44568.0,24.1,19.55,49.7,29.871,11.733,40.6,0.0,0.0,
2026-03-27T02:36:22,03/27/202602:36,20.369999999999997,0.0,0.0,51.56,0.0,0.0,0.0,0.0,0.0,198.7,23561.0,44568.0,24.1,19.5,49.8,29.874000000000002,11.572,41.4,0.0,0.0,
2026-03-27T02:37:42,03/27/202602:37,20.369999999999997,0.0,0.0,51.56,0.0,0.0,0.0,0.0,0.0,198.7,23561.0,44568.0,24.1,19.45,49.9,29.877,11.411,42.2,0.0,0.0,
2026-03-27T02:38:00,03/27/202602:38,20.369999999999997,0.0,0.0,51.57000000000001,0.0,0.0,0.0,0.0,0.0,198.7,23561.0,44568.0,24.1,19.4,50.0,29.880000000000003,11.25,43.0,0.0,0.0,
2026-03-27T02:39:00,03/27/202602:39,20.369999999999997,0.0,0.0,51.57000000000001,0.0,0.0,0.0,0.0,0.0,198.7,23561.0,44568.0,24.1,19.4,50.0,29.880000000000003,11.25,43.0,0.0,0.0,
2026-03-27T02:40:57,03/27/202602:40,20.36,0.0,0.0,51.57000000000001,0.0,0.0,0.0,0.0,0.0,198.7,23561.0,44568.0,24.1,19.4,50.0,29.880000000000003,11.25,43.0,0.0,0.0,
2026-03-27T02:41:00,03/27/202602:41,20.36,0.0,0.0,51.57000000000001,0.0,0.0,0.0,0.0,0.0,198.7,23561.0,44568.0,24.1,19.4,50.0,29.880000000000003,11.25,43.0,0.0,0.0,
2026-03-27T02:41:57,03/27/202602:41,20.369999999999997,0.0,0.0,51.56,0.0,0.0,0.0,0.0,0.0,198.7,23561.0,44568.0,24.1,19.4,50.0,29.880000000000003,11.25,43.0,0.0,0.0,
2026-03-27T02:42:00,03/27/202602:42,20.369999999999997,0.0,0.0,51.56,0.0,0.0,0.0,0.0,0.0,198.7,23561.0,44568.0,24.1,19.4,50.0,29.880000000000003,11.25,43.0,0.0,0.0,
2026-03-27T02:43:01,03/27/202602:43,20.369999999999997,0.0,0.0,51.57000000000001,0.0,0.0,0.0,0.0,0.0,198.7,23561.0,44568.0,24.1,19.4,50.0,29.880000000000003,11.25,43.0,0.0,0.0,
2026-03-27T02:43:57,03/27/202602:43,20.36,0.0,0.0,51.58,0.0,0.0,0.0,0.0,0.0,198.7,23561.0,44568.0,24.1,19.4,50.0,29.880000000000003,11.25,43.0,0.0,0.0,
2026-03-27T02:44:00,03/27/202602:44,20.36,0.0,0.0,51.58,0.0,0.0,0.0,0.0,0.0,198.7,23561.0,44568.0,24.1,19.4,50.0,29.880000000000003,11.25,43.0,0.0,0.0,
2026-03-27T02:44:57,03/27/202602:44,20.36,0.0,0.0,51.57000000000001,0.0,0.0,0.0,0.0,0.0,198.7,23561.0,44568.0,24.1,19.4,50.0,29.880000000000003,11.25,43.0,0.0,0.0,
2026-03-27T02:45:00,03/27/202602:45,20.36,0.0,0.0,51.56,0.0,0.0,0.0,0.0,0.0,198.7,23561.0,44568.0,24.1,19.4,50.0,29.880000000000003,11.25,43.0,0.0,0.0,
2026-03-27T02:46:01,03/27/202602:46,20.36,0.0,0.0,51.56,0.0,0.0,0.0,0.0,0.0,198.7,23561.0,44568.0,24.1,19.38,50.2,29.880000000000003,11.126000000000001,43.5,0.0,0.0,
2026-03-27T02:47:01,03/27/202602:47,20.369999999999997,0.0,0.0,51.56,0.0,0.0,0.0,0.0,0.0,198.7,23561.0,44568.0,24.1,19.36,50.4,29.880000000000003,11.001999999999999,44.0,0.0,0.0,
2026-03-27T02:48:53,03/27/202602:48,20.38,0.0,0.0,51.56,0.0,0.0,0.0,0.0,0.0,198.7,23561.0,44568.0,24.1,19.339999999999996,50.6,29.880000000000003,10.878,44.5,0.0,0.0,
2026-03-27T02:49:01,03/27/202602:49,20.38,0.0,0.0,51.56,0.0,0.0,0.0,0.0,0.0,198.7,23561.0,44568.0,24.1,19.32,50.8,29.880000000000003,10.754,45.0,0.0,0.0,
2026-03-27T02:49:58,03/27/202602:49,20.369999999999997,0.0,0.0,51.57000000000001,0.0,0.0,0.0,0.0,0.0,198.7,23561.0,44568.0,24.1,19.3,51.0,29.880000000000003,10.629999999999999,45.5,0.0,0.0,
2026-03-27T02:50:01,03/27/202602:50,20.36,0.0,0.0,51.57000000000001,0.0,0.0,0.0,0.0,0.0,198.7,23561.0,44568.0,24.1,19.279999999999998,51.2,29.880000000000003,10.506,46.0,0.0,0.0,
2026-03-27T02:51:00,03/27/202602:51,20.36,0.0,0.0,51.56,0.0,0.0,0.0,0.0,0.0,198.7,23561.0,44568.0,24.1,19.259999999999998,51.4,29.880000000000003,10.382,46.5,0.0,0.0,
2026-03-27T02:52:00,03/27/202602:52,20.36,0.0,0.0,51.55,0.0,0.0,0.0,0.0,0.0,198.7,23561.0,44568.0,24.1,19.24,51.6,29.880000000000003,10.258,47.0,0.0,0.0,
2026-03-27T02:52:50,03/27/202602:52,20.36,0.0,0.0,51.55,0.0,0.0,0.0,0.0,0.0,198.7,23561.0,44568.0,24.1,19.22,51.8,29.880000000000003,10.134,47.5,0.0,0.0,
2026-03-27T02:53:01,03/27/202602:53,20.36,0.0,0.0,51.55,0.0,0.0,0.0,0.0,0.0,198.7,23561.0,44568.0,24.1,19.2,52.0,29.880000000000003,10.01,48.0,0.0,0.0,
2026-03-27T02:54:00,03/27/202602:54,20.36,0.0,0.0,51.54,0.0,0.0,0.0,0.0,0.0,198.7,23561.0,44568.0,24.1,19.2,52.0,29.880000000000003,10.01,48.0,0.0,0.0,
2026-03-27T02:55:00,03/27/202602:55,20.36,0.0,0.0,51.529999999999994,0.0,0.0,0.0,0.0,0.0,198.7,23561.0,44568.0,24.1,19.2,52.0,29.880000000000003,10.01,48.0,0.0,0.0,
2026-03-27T02:56:01,03/27/202602:56,20.36,0.0,0.0,51.52,0.0,0.0,0.0,0.0,0.0,198.7,23561.0,44568.0,24.1,19.2,52.2,29.883,10.01,48.0,0.0,0.0,
2026-03-27T02:57:01,03/27/202602:57,20.36,0.0,0.0,51.52,0.0,0.0,0.0,0.0,0.0,198.7,23561.0,44568.0,24.1,19.2,52.4,29.886000000000003,10.01,48.0,0.0,0.0,
2026-03-27T02:58:01,03/27/202602:58,20.369999999999997,0.0,0.0,51.510000000000005,0.0,0.0,0.0,0.0,0.0,198.7,23561.0,44568.0,24.1,19.2,52.6,29.889,10.01,48.0,0.0,0.0,
2026-03-27T03:00:58,03/27/202603:00,20.38,0.0,0.0,51.510000000000005,0.0,0.0,0.0,0.0,0.0,198.7,23561.0,44568.0,24.1,19.16,53.0,29.892000000000003,10.339,44.0,0.0,0.0,
2026-03-27T03:01:01,03/27/202603:01,20.389999999999997,0.0,0.0,51.52,0.0,0.0,0.0,0.0,0.0,198.7,23561.0,44568.0,24.1,19.119999999999997,53.4,29.895,10.668000000000001,40.0,0.0,0.0,
2026-03-27T03:02:01,03/27/202603:02,20.4,0.0,0.0,51.529999999999994,0.0,0.0,0.0,0.0,0.0,198.7,23561.0,44568.0,24.1,19.080000000000002,53.8,29.898000000000003,10.997,36.0,0.0,0.0,
2026-03-27T03:03:00,03/27/202603:03,20.4,0.0,0.0,51.54,0.0,0.0,0.0,0.0,0.0,198.7,23561.0,44568.0,24.1,19.04,54.2,29.901,11.326,32.0,0.0,0.0,
2026-03-27T03:04:01,03/27/202603:04,20.4,0.0,0.0,51.54,0.0,0.0,0.0,0.0,0.0,198.7,23561.0,44568.0,24.1,19.0,54.6,29.904000000000003,11.655,28.0,0.0,0.0,
2026-03-27T03:05:01,03/27/202603:05,20.4,0.0,0.0,51.54,0.0,0.0,0.0,0.0,0.0,198.7,23561.0,44568.0,24.1,18.96,55.0,29.907,11.984,24.0,0.0,0.0,
2026-03-27T03:05:59,03/27/202603:05,20.389999999999997,0.0,0.0,51.55,0.0,0.0,0.0,0.0,0.0,198.7,23561.0,44568.0,24.1,18.919999999999998,55.4,29.910000000000004,12.313,20.0,0.0,0.0,
2026-03-27T03:06:01,03/27/202603:06,20.38,0.0,0.0,51.56,0.0,0.0,0.0,0.0,0.0,198.7,23561.0,44568.0,24.1,18.880000000000003,55.6,29.910000000000004,12.642,16.0,0.0,0.0,
2026-03-27T03:07:00,03/27/202603:07,20.369999999999997,0.0,0.0,51.57000000000001,0.0,0.0,0.0,0.0,0.0,198.7,23561.0,44568.0,24.1,18.84,55.8,29.910000000000004,12.971,12.0,0.0,0.0,
2026-03-27T03:07:59,03/27/202603:07,20.369999999999997,0.0,0.0,51.57000000000001,0.0,0.0,0.0,0.0,0.0,198.7,23561.0,44568.0,24.1,18.8,56.0,29.910000000000004,13.3,8.0,0.0,0.0,
2026-03-27T03:08:01,03/27/202603:08,20.369999999999997,0.0,0.0,51.56,0.0,0.0,0.0,0.0,0.0,198.7,23561.0,44568.0,24.1,18.8,56.0,29.910000000000004,13.3,8.0,0.0,0.0,
2026-03-27T03:08:59,03/27/202603:08,20.36,0.0,0.0,51.56,0.0,0.0,0.0,0.0,0.0,198.7,23561.0,44568.0,24.1,18.8,56.0,29.910000000000004,13.3,8.0,0.0,0.0,
2026-03-27T03:09:01,03/27/202603:09,20.35,0.0,0.0,51.56,0.0,0.0,0.0,0.0,0.0,198.7,23561.0,44568.0,24.1,18.8,56.0,29.910000000000004,13.3,8.0,0.0,0.0,
2026-03-27T03:10:00,03/27/202603:10,20.34,0.0,0.0,51.55,0.0,0.0,0.0,0.0,0.0,198.7,23561.0,44568.0,24.1,18.8,56.0,29.910000000000004,13.3,8.0,0.0,0.0,
2026-03-27T03:11:16,03/27/202603:11,20.330000000000002,0.0,0.0,51.55,0.0,0.0,0.0,0.0,0.0,198.7,23561.0,44568.0,24.1,18.8,56.0,29.910000000000004,13.3,8.0,0.0,0.0,
2026-03-27T03:11:59,03/27/202603:11,20.330000000000002,0.0,0.0,51.55,0.0,0.0,0.0,0.0,0.0,198.7,23561.0,44568.0,24.1,18.8,56.0,29.910000000000004,13.3,8.0,0.0,0.0,
2026-03-27T03:12:01,03/27/202603:12,20.34,0.0,0.0,51.54,0.0,0.0,0.0,0.0,0.0,198.7,23561.0,44568.0,24.1,18.8,56.0,29.910000000000004,13.3,8.0,0.0,0.0,
2026-03-27T03:13:00,03/27/202603:13,20.35,0.0,0.0,51.54,0.0,0.0,0.0,0.0,0.0,198.7,23561.0,44568.0,24.1,18.8,56.0,29.910000000000004,13.3,8.0,0.0,0.0,
2026-03-27T03:13:59,03/27/202603:13,20.35,0.0,0.0,51.529999999999994,0.0,0.0,0.0,0.0,0.0,198.7,23561.0,44568.0,24.1,18.8,56.0,29.910000000000004,13.3,8.0,0.0,0.0,
2026-03-27T03:14:01,03/27/202603:14,20.34,0.0,0.0,51.529999999999994,0.0,0.0,0.0,0.0,0.0,198.7,23561.0,44568.0,24.1,18.8,56.0,29.910000000000004,13.3,8.0,0.0,0.0,
2026-03-27T03:15:01,03/27/202603:15,20.330000000000002,0.0,0.0,51.529999999999994,0.0,0.0,0.0,0.0,0.0,198.7,23561.0,44568.0,24.0,18.8,56.0,29.910000000000004,13.3,8.0,0.0,0.0,
2026-03-27T03:16:00,03/27/202603:16,20.330000000000002,0.0,0.0,51.52,0.0,0.0,0.0,0.0,0.0,198.7,23561.0,44568.0,24.1,18.8,56.0,29.910000000000004,13.3,8.0,0.0,0.0,
2026-03-27T03:17:58,03/27/202603:17,20.330000000000002,0.0,0.0,51.510000000000005,0.0,0.0,0.0,0.0,0.0,198.7,23561.0,44568.0,24.0,18.740000000000002,56.1,29.910000000000004,13.654000000000002,8.6,0.0,0.0,
2026-03-27T03:18:01,03/27/202603:18,20.330000000000002,0.0,0.0,51.510000000000005,0.0,0.0,0.0,0.0,0.0,198.7,23561.0,44568.0,24.0,18.68,56.2,29.910000000000004,14.008000000000001,9.2,0.0,0.0,
2026-03-27T03:18:57,03/27/202603:18,20.34,0.0,0.0,51.510000000000005,0.0,0.0,0.0,0.0,0.0,198.7,23561.0,44568.0,24.1,18.619999999999997,56.3,29.910000000000004,14.362,9.8,0.0,0.0,
2026-03-27T03:19:00,03/27/202603:19,20.34,0.0,0.0,51.510000000000005,0.0,0.0,0.0,0.0,0.0,198.7,23561.0,44568.0,24.1,18.56,56.4,29.910000000000004,14.716,10.4,0.0,0.0,
2026-03-27T03:20:01,03/27/202603:20,20.34,0.0,0.0,51.510000000000005,0.0,0.0,0.0,0.0,0.0,198.7,23561.0,44568.0,24.1,18.5,56.5,29.910000000000004,15.069999999999999,11.0,0.0,0.0,
2026-03-27T03:21:00,03/27/202603:21,20.34,0.0,0.0,51.510000000000005,0.0,0.0,0.0,0.0,0.0,198.7,23561.0,44568.0,24.1,18.44,56.6,29.910000000000004,15.424000000000001,11.6,0.0,0.0,
2026-03-27T03:21:08,03/27/202603:21,20.34,0.0,0.0,51.510000000000005,0.0,0.0,0.0,0.0,0.0,198.7,23561.0,44568.0,24.1,18.380000000000003,56.7,29.910000000000004,15.778,12.2,0.0,0.0,
2026-03-27T03:22:27,03/27/202603:22,20.34,0.0,0.0,51.510000000000005,0.0,0.0,0.0,0.0,0.0,198.7,23561.0,44568.0,24.1,18.32,56.8,29.910000000000004,16.131999999999998,12.8,0.0,0.0,
2026-03-27T03:23:00,03/27/202603:23,20.34,0.0,0.0,51.510000000000005,0.0,0.0,0.0,0.0,0.0,198.7,23561.0,44568.0,24.1,18.259999999999998,56.9,29.910000000000004,16.486,13.4,0.0,0.0,
2026-03-27T03:23:08,03/27/202603:23,20.35,0.0,0.0,51.510000000000005,0.0,0.0,0.0,0.0,0.0,198.7,23561.0,44568.0,24.0,18.2,57.0,29.910000000000004,16.84,14.0,0.0,0.0,
2026-03-27T03:24:00,03/27/202603:24,20.36,0.0,0.0,51.510000000000005,0.0,0.0,0.0,0.0,0.0,198.7,23561.0,44568.0,24.0,18.2,57.0,29.910000000000004,16.84,14.0,0.0,0.0,
2026-03-27T03:24:09,03/27/202603:24,20.36,0.0,0.0,51.510000000000005,0.0,0.0,0.0,0.0,0.0,198.7,23561.0,44568.0,24.0,18.2,57.0,29.910000000000004,16.84,14.0,0.0,0.0,
2026-03-27T03:25:00,03/27/202603:25,20.35,0.0,0.0,51.510000000000005,0.0,0.0,0.0,0.0,0.0,198.7,23561.0,44568.0,24.0,18.2,57.0,29.910000000000004,16.84,14.0,0.0,0.0,
2026-03-27T03:25:08,03/27/202603:25,20.35,0.0,0.0,51.510000000000005,0.0,0.0,0.0,0.0,0.0,198.7,23561.0,44568.0,24.0,18.2,57.0,29.910000000000004,16.84,14.0,0.0,0.0,
2026-03-27T03:26:00,03/27/202603:26,20.35,0.0,0.0,51.510000000000005,0.0,0.0,0.0,0.0,0.0,198.7,23561.0,44568.0,24.0,18.2,57.0,29.910000000000004,16.84,14.0,0.0,0.0,
2026-03-27T03:27:00,03/27/202603:27,20.35,0.0,0.0,51.5,0.0,0.0,0.0,0.0,0.0,198.7,23561.0,44568.0,24.0,18.2,57.0,29.910000000000004,16.84,14.0,0.0,0.0,
2026-03-27T03:27:08,03/27/202603:27,20.35,0.0,0.0,51.5,0.0,0.0,0.0,0.0,0.0,198.7,23561.0,44568.0,24.1,18.2,57.0,29.910000000000004,16.84,14.0,0.0,0.0,
2026-03-27T03:28:00,03/27/202603:28,20.35,0.0,0.0,51.5,0.0,0.0,0.0,0.0,0.0,198.7,23561.0,44568.0,24.1,18.2,57.0,29.910000000000004,16.84,14.0,0.0,0.0,
2026-03-27T03:28:07,03/27/202603:28,20.36,0.0,0.0,51.5,0.0,0.0,0.0,0.0,0.0,198.7,23561.0,44568.0,24.0,18.2,57.0,29.910000000000004,16.84,14.0,0.0,0.0,
2026-03-27T03:29:00,03/27/202603:29,20.36,0.0,0.0,51.5,0.0,0.0,0.0,0.0,0.0,198.7,23561.0,44568.0,24.0,18.2,57.0,29.910000000000004,16.84,14.0,0.0,0.0,
2026-03-27T03:29:08,03/27/202603:29,20.35,0.0,0.0,51.5,0.0,0.0,0.0,0.0,0.0,198.7,23561.0,44568.0,24.1,18.2,57.0,29.910000000000004,16.84,14.0,0.0,0.0,
2026-03-27T03:30:00,03/27/202603:30,20.35,0.0,0.0,51.5,0.0,0.0,0.0,0.0,0.0,198.7,23561.0,44568.0,24.1,18.2,57.0,29.910000000000004,16.84,14.0,0.0,0.0,
2026-03-27T03:30:17,03/27/202603:30,20.36,0.0,0.0,51.489999999999995,0.0,0.0,0.0,0.0,0.0,198.7,23561.0,44568.0,24.0,18.229999999999997,57.0,29.910000000000004,16.84,14.0,0.0,0.0,
2026-03-27T03:31:00,03/27/202603:31,20.36,0.0,0.0,51.48,0.0,0.0,0.0,0.0,0.0,198.7,23561.0,44568.0,24.0,18.259999999999998,57.0,29.910000000000004,16.84,14.0,0.0,0.0,
2026-03-27T03:31:17,03/27/202603:31,20.35,0.0,0.0,51.48,0.0,0.0,0.0,0.0,0.0,198.7,23561.0,44568.0,24.1,18.229999999999997,57.1,29.913,16.703,14.4,0.0,0.0,
2026-03-27T03:32:00,03/27/202603:32,20.34,0.0,0.0,51.48,0.0,0.0,0.0,0.0,0.0,198.7,23561.0,44568.0,24.1,18.2,57.2,29.916000000000004,16.566,14.8,0.0,0.0,
2026-03-27T03:32:16,03/27/202603:32,20.35,0.0,0.0,51.48,0.0,0.0,0.0,0.0,0.0,198.7,23561.0,44568.0,24.1,18.169999999999998,57.3,29.919,16.429,15.2,0.0,0.0,
2026-03-27T03:33:38,03/27/202603:33,20.36,0.0,0.0,51.48,0.0,0.0,0.0,0.0,0.0,198.7,23561.0,44568.0,24.1,18.139999999999997,57.4,29.922000000000004,16.292,15.6,0.0,0.0,
2026-03-27T03:34:01,03/27/202603:34,20.36,0.0,0.0,51.48,0.0,0.0,0.0,0.0,0.0,198.7,23561.0,44568.0,24.1,18.11,57.5,29.925,16.155,16.0,0.0,0.0,
2026-03-27T03:35:01,03/27/202603:35,20.36,0.0,0.0,51.48,0.0,0.0,0.0,0.0,0.0,198.7,23561.0,44568.0,24.1,18.08,57.4,29.928000000000004,16.018,16.4,0.0,0.0,
2026-03-27T03:36:01,03/27/202603:36,20.369999999999997,0.0,0.0,51.48,0.0,0.0,0.0,0.0,0.0,198.7,23561.0,44568.0,24.0,18.05,57.3,29.931,15.881,16.8,0.0,0.0,
2026-03-27T03:36:16,03/27/202603:36,20.369999999999997,0.0,0.0,51.48,0.0,0.0,0.0,0.0,0.0,198.7,23561.0,44568.0,24.0,18.02,57.2,29.934000000000005,15.744,17.2,0.0,0.0,
2026-03-27T03:37:01,03/27/202603:37,20.36,0.0,0.0,51.489999999999995,0.0,0.0,0.0,0.0,0.0,198.7,23561.0,44568.0,24.1,17.96,57.1,29.937,15.607,17.6,0.0,0.0,
2026-03-27T03:38:01,03/27/202603:38,20.35,0.0,0.0,51.5,0.0,0.0,0.0,0.0,0.0,198.7,23561.0,44568.0,24.0,17.9,57.0,29.940000000000005,15.470000000000002,18.0,0.0,0.0,
2026-03-27T03:39:01,03/27/202603:39,20.35,0.0,0.0,51.5,0.0,0.0,0.0,0.0,0.0,198.7,23561.0,44568.0,24.1,17.9,56.8,29.940000000000005,15.470000000000002,18.0,0.0,0.0,
2026-03-27T03:39:54,03/27/202603:39,20.36,0.0,0.0,51.5,0.0,0.0,0.0,0.0,0.0,198.7,23561.0,44568.0,24.0,17.9,56.6,29.940000000000005,15.470000000000002,18.0,0.0,0.0,
2026-03-27T03:40:00,03/27/202603:40,20.36,0.0,0.0,51.5,0.0,0.0,0.0,0.0,0.0,198.7,23561.0,44568.0,24.0,17.9,56.4,29.940000000000005,15.470000000000002,18.0,0.0,0.0,
2026-03-27T03:41:01,03/27/202603:41,20.36,0.0,0.0,51.5,0.0,0.0,0.0,0.0,0.0,198.7,23561.0,44568.0,24.0,17.9,56.2,29.940000000000005,15.470000000000002,18.0,0.0,0.0,
2026-03-27T03:41:55,03/27/202603:41,20.35,0.0,0.0,51.5,0.0,0.0,0.0,0.0,0.0,198.7,23561.0,44568.0,24.0,17.9,56.0,29.940000000000005,15.470000000000002,18.0,0.0,0.0,
2026-03-27T03:42:01,03/27/202603:42,20.34,0.0,0.0,51.5,0.0,0.0,0.0,0.0,0.0,198.7,23561.0,44568.0,24.0,17.9,56.0,29.940000000000005,15.470000000000002,18.0,0.0,0.0,
2026-03-27T03:43:01,03/27/202603:43,20.330000000000002,0.0,0.0,51.5,0.0,0.0,0.0,0.0,0.0,198.7,23561.0,44568.0,24.0,17.9,56.0,29.940000000000005,15.470000000000002,18.0,0.0,0.0,
2026-03-27T03:44:50,03/27/202603:44,20.34,0.0,0.0,51.5,0.0,0.0,0.0,0.0,0.0,198.7,23561.0,44568.0,24.1,17.9,56.0,29.940000000000005,15.470000000000002,18.0,0.0,0.0,
2026-03-27T03:44:55,03/27/202603:44,20.34,0.0,0.0,51.5,0.0,0.0,0.0,0.0,0.0,198.7,23561.0,44568.0,24.1,17.9,56.0,29.940000000000005,15.470000000000002,18.0,0.0,0.0,
2026-03-27T03:45:01,03/27/202603:45,20.34,0.0,0.0,51.5,0.0,0.0,0.0,0.0,0.0,198.7,23561.0,44568.0,24.1,17.9,56.0,29.940000000000005,15.470000000000002,18.0,0.0,0.0,
2026-03-27T03:46:01,03/27/202603:46,20.34,0.0,0.0,51.489999999999995,0.0,0.0,0.0,0.0,0.0,198.7,23561.0,44568.0,24.1,17.85,56.1,29.943,15.626000000000001,18.1,0.0,0.0,
2026-03-27T03:47:00,03/27/202603:47,20.330000000000002,0.0,0.0,51.489999999999995,0.0,0.0,0.0,0.0,0.0,198.7,23561.0,44568.0,24.1,17.8,56.2,29.946000000000005,15.782,18.2,0.0,0.0,
2026-03-27T03:48:01,03/27/202603:48,20.32,0.0,0.0,51.489999999999995,0.0,0.0,0.0,0.0,0.0,198.7,23561.0,44568.0,24.0,17.75,56.3,29.949,15.937999999999999,18.3,0.0,0.0,
2026-03-27T03:48:55,03/27/202603:48,20.32,0.0,0.0,51.489999999999995,0.0,0.0,0.0,0.0,0.0,198.7,23561.0,44568.0,24.1,17.7,56.4,29.951999999999998,16.094,18.4,0.0,0.0,
2026-03-27T03:49:01,03/27/202603:49,20.330000000000002,0.0,0.0,51.489999999999995,0.0,0.0,0.0,0.0,0.0,198.7,23561.0,44568.0,24.1,17.65,56.5,29.955000000000002,16.25,18.5,0.0,0.0,
2026-03-27T03:50:01,03/27/202603:50,20.34,0.0,0.0,51.489999999999995,0.0,0.0,0.0,0.0,0.0,198.7,23561.0,44568.0,24.0,17.6,56.6,29.958,16.406,18.6,0.0,0.0,
2026-03-27T03:50:55,03/27/202603:50,20.34,0.0,0.0,51.489999999999995,0.0,0.0,0.0,0.0,0.0,198.7,23561.0,44568.0,24.0,17.55,56.7,29.961000000000002,16.562,18.7,0.0,0.0,
2026-03-27T03:51:00,03/27/202603:51,20.330000000000002,0.0,0.0,51.489999999999995,0.0,0.0,0.0,0.0,0.0,198.7,23561.0,44568.0,24.0,17.5,56.8,29.964,16.718,18.8,0.0,0.0,
2026-03-27T03:51:55,03/27/202603:51,20.34,0.0,0.0,51.48,0.0,0.0,0.0,0.0,0.0,198.7,23561.0,44568.0,24.0,17.45,56.9,29.967000000000002,16.874000000000002,18.9,0.0,0.0,
2026-03-27T03:52:01,03/27/202603:52,20.35,0.0,0.0,51.470000000000006,0.0,0.0,0.0,0.0,0.0,198.7,23561.0,44568.0,24.0,17.4,57.0,29.97,17.03,19.0,0.0,0.0,
2026-03-27T03:53:01,03/27/202603:53,20.36,0.0,0.0,51.48,0.0,0.0,0.0,0.0,0.0,198.7,23561.0,44568.0,24.0,17.4,57.0,29.97,17.03,19.0,0.0,0.0,
2026-03-27T03:53:54,03/27/202603:53,20.36,0.0,0.0,51.48,0.0,0.0,0.0,0.0,0.0,198.7,23561.0,44568.0,24.0,17.4,57.0,29.97,17.03,19.0,0.0,0.0,
2026-03-27T03:54:00,03/27/202603:54,20.36,0.0,0.0,51.48,0.0,0.0,0.0,0.0,0.0,198.7,23561.0,44568.0,24.0,17.4,57.0,29.97,17.03,19.0,0.0,0.0,
2026-03-27T03:56:02,03/27/202603:56,20.35,0.0,0.0,51.48,0.0,0.0,0.0,0.0,0.0,198.7,23561.0,44568.0,24.0,17.4,57.0,29.97,17.03,19.0,0.0,0.0,
2026-03-27T03:57:00,03/27/202603:57,20.34,0.0,0.0,51.48,0.0,0.0,0.0,0.0,0.0,198.7,23561.0,44568.0,24.0,17.4,57.0,29.97,17.03,19.0,0.0,0.0,
2026-03-27T03:58:01,03/27/202603:58,20.330000000000002,0.0,0.0,51.470000000000006,0.0,0.0,0.0,0.0,0.0,198.7,23561.0,44568.0,24.0,17.4,57.0,29.97,17.03,19.0,0.0,0.0,
2026-03-27T03:58:51,03/27/202603:58,20.34,0.0,0.0,51.470000000000006,0.0,0.0,0.0,0.0,0.0,198.7,23561.0,44568.0,24.0,17.4,57.0,29.97,17.03,19.0,0.0,0.0,
2026-03-27T03:59:01,03/27/202603:59,20.35,0.0,0.0,51.470000000000006,0.0,0.0,0.0,0.0,0.0,198.7,23561.0,44568.0,24.0,17.4,57.0,29.97,17.03,19.0,0.0,0.0,
2026-03-27T03:59:50,03/27/202603:59,20.34,0.0,0.0,51.48,0.0,0.0,0.0,0.0,0.0,198.7,23561.0,44568.0,24.0,17.4,57.0,29.97,17.03,19.0,0.0,0.0,
2026-03-27T04:00:00,03/27/202604:00,20.330000000000002,0.0,0.0,51.489999999999995,0.0,0.0,0.0,0.0,0.0,198.7,23561.0,44568.0,24.0,17.4,57.0,29.97,17.03,19.0,0.0,0.0,
2026-03-27T04:00:51,03/27/202604:00,20.330000000000002,0.0,0.0,51.48,0.0,0.0,0.0,0.0,0.0,198.7,23561.0,44568.0,24.0,17.36,57.0,29.97,17.191000000000003,18.7,0.0,0.0,
2026-03-27T04:01:00,03/27/202604:01,20.34,0.0,0.0,51.470000000000006,0.0,0.0,0.0,0.0,0.0,198.7,23561.0,44568.0,24.0,17.32,57.0,29.97,17.352,18.4,0.0,0.0,
2026-03-27T04:01:51,03/27/202604:01,20.34,0.0,0.0,51.470000000000006,0.0,0.0,0.0,0.0,0.0,198.7,23561.0,44568.0,24.1,17.279999999999998,57.0,29.97,17.512999999999998,18.1,0.0,0.0,
2026-03-27T04:02:01,03/27/202604:02,20.34,0.0,0.0,51.470000000000006,0.0,0.0,0.0,0.0,0.0,198.7,23561.0,44568.0,24.1,17.24,57.0,29.97,17.674,17.8,0.0,0.0,
2026-03-27T04:02:50,03/27/202604:02,20.35,0.0,0.0,51.470000000000006,0.0,0.0,0.0,0.0,0.0,198.7,23561.0,44568.0,24.1,17.2,57.0,29.97,17.835,17.5,0.0,0.0,
2026-03-27T04:03:00,03/27/202604:03,20.36,0.0,0.0,51.48,0.0,0.0,0.0,0.0,0.0,198.7,23561.0,44568.0,24.1,17.16,57.0,29.97,17.996000000000002,17.2,0.0,0.0,
2026-03-27T04:03:51,03/27/202604:03,20.35,0.0,0.0,51.48,0.0,0.0,0.0,0.0,0.0,198.7,23561.0,44568.0,24.0,17.119999999999997,57.0,29.97,18.157,16.9,0.0,0.0,
2026-03-27T04:04:00,03/27/202604:04,20.34,0.0,0.0,51.48,0.0,0.0,0.0,0.0,0.0,198.7,23561.0,44568.0,24.0,17.080000000000002,57.0,29.97,18.318,16.6,0.0,0.0,
2026-03-27T04:05:01,03/27/202604:05,20.34,0.0,0.0,51.48,0.0,0.0,0.0,0.0,0.0,198.7,23561.0,44568.0,24.0,17.04,57.0,29.97,18.479000000000003,16.3,0.0,0.0,
2026-03-27T04:05:51,03/27/202604:05,20.35,0.0,0.0,51.48,0.0,0.0,0.0,0.0,0.0,198.7,23561.0,44568.0,24.0,17.0,57.0,29.97,18.64,16.0,0.0,0.0,
2026-03-27T04:07:13,03/27/202604:07,20.34,0.0,0.0,51.489999999999995,0.0,0.0,0.0,0.0,0.0,198.7,23561.0,44568.0,24.0,17.0,57.0,29.97,18.64,16.0,0.0,0.0,
2026-03-27T04:08:00,03/27/202604:08,20.330000000000002,0.0,0.0,51.5,0.0,0.0,0.0,0.0,0.0,198.7,23561.0,44568.0,24.1,17.0,57.0,29.97,18.64,16.0,0.0,0.0,
2026-03-27T04:08:51,03/27/202604:08,20.34,0.0,0.0,51.5,0.0,0.0,0.0,0.0,0.0,198.7,23561.0,44568.0,24.0,17.0,57.0,29.97,18.64,16.0,0.0,0.0,
2026-03-27T04:09:00,03/27/202604:09,20.35,0.0,0.0,51.5,0.0,0.0,0.0,0.0,0.0,198.7,23561.0,44568.0,24.0,17.0,57.0,29.97,18.64,16.0,0.0,0.0,
2026-03-27T04:09:51,03/27/202604:09,20.34,0.0,0.0,51.489999999999995,0.0,0.0,0.0,0.0,0.0,198.7,23561.0,44568.0,24.0,17.0,57.0,29.97,18.64,16.0,0.0,0.0,
2026-03-27T04:10:00,03/27/202604:10,20.330000000000002,0.0,0.0,51.48,0.0,0.0,0.0,0.0,0.0,198.7,23561.0,44568.0,24.0,17.0,57.0,29.97,18.64,16.0,0.0,0.0,
2026-03-27T04:10:51,03/27/202604:10,20.34,0.0,0.0,51.48,0.0,0.0,0.0,0.0,0.0,198.7,23561.0,44568.0,24.0,17.0,57.0,29.97,18.64,16.0,0.0,0.0,
2026-03-27T04:11:00,03/27/202604:11,20.35,0.0,0.0,51.48,0.0,0.0,0.0,0.0,0.0,198.7,23561.0,44568.0,24.0,17.0,57.0,29.97,18.64,16.0,0.0,0.0,
2026-03-27T04:12:00,03/27/202604:12,20.36,0.0,0.0,51.470000000000006,0.0,0.0,0.0,0.0,0.0,198.7,23561.0,44568.0,24.0,17.0,57.0,29.97,18.64,16.0,0.0,0.0,
2026-03-27T04:12:50,03/27/202604:12,20.35,0.0,0.0,51.470000000000006,0.0,0.0,0.0,0.0,0.0,198.7,23561.0,44568.0,24.0,17.0,57.0,29.97,18.64,16.0,0.0,0.0,
2026-03-27T04:13:00,03/27/202604:13,20.35,0.0,0.0,51.470000000000006,0.0,0.0,0.0,0.0,0.0,198.7,23561.0,44568.0,24.0,17.0,57.0,29.97,18.64,16.0,0.0,0.0,
2026-03-27T04:13:51,03/27/202604:13,20.36,0.0,0.0,51.470000000000006,0.0,0.0,0.0,0.0,0.0,198.7,23561.0,44568.0,24.0,17.0,57.0,29.97,18.64,16.0,0.0,0.0,
2026-03-27T04:13:55,03/27/202604:13,20.35,0.0,0.0,51.470000000000006,0.0,0.0,0.0,0.0,0.0,198.7,23561.0,44568.0,24.0,17.0,57.0,29.97,18.64,16.0,0.0,0.0,
2026-03-27T04:14:00,03/27/202604:14,20.34,0.0,0.0,51.470000000000006,0.0,0.0,0.0,0.0,0.0,198.7,23561.0,44568.0,24.0,17.0,57.0,29.97,18.64,16.0,0.0,0.0,
2026-03-27T04:14:55,03/27/202604:14,20.35,0.0,0.0,51.48,0.0,0.0,0.0,0.0,0.0,198.7,23561.0,44568.0,24.0,17.0,57.0,29.97,18.64,16.0,0.0,0.0,
2026-03-27T04:15:00,03/27/202604:15,20.36,0.0,0.0,51.489999999999995,0.0,0.0,0.0,0.0,0.0,198.7,23561.0,44568.0,24.0,17.0,57.0,29.97,18.64,16.0,0.0,0.0,
2026-03-27T04:15:55,03/27/202604:15,20.35,0.0,0.0,51.489999999999995,0.0,0.0,0.0,0.0,0.0,198.7,23561.0,44568.0,24.0,16.85,57.1,29.973000000000003,18.889000000000003,16.4,0.0,0.0,
2026-03-27T04:16:00,03/27/202604:16,20.34,0.0,0.0,51.489999999999995,0.0,0.0,0.0,0.0,0.0,198.7,23561.0,44568.0,24.0,16.7,57.2,29.976,19.137999999999998,16.8,0.0,0.0,
2026-03-27T04:16:55,03/27/202604:16,20.34,0.0,0.0,51.5,0.0,0.0,0.0,0.0,0.0,198.7,23561.0,44568.0,24.0,16.55,57.3,29.978999999999996,19.387,17.2,0.0,0.0,
2026-03-27T04:17:00,03/27/202604:17,20.35,0.0,0.0,51.5,0.0,0.0,0.0,0.0,0.0,198.7,23561.0,44568.0,24.0,16.4,57.4,29.982,19.636000000000003,17.6,0.0,0.0,
2026-03-27T04:18:25,03/27/202604:18,20.36,0.0,0.0,51.5,0.0,0.0,0.0,0.0,0.0,198.7,23561.0,44568.0,24.0,16.25,57.5,29.985000000000003,19.884999999999998,18.0,0.0,0.0,
2026-03-27T04:18:37,03/27/202604:18,20.35,0.0,0.0,51.489999999999995,0.0,0.0,0.0,0.0,0.0,198.7,23561.0,44568.0,24.0,16.1,57.6,29.988,20.134,18.4,0.0,0.0,
2026-03-27T04:19:01,03/27/202604:19,20.35,0.0,0.0,51.48,0.0,0.0,0.0,0.0,0.0,198.7,23561.0,44568.0,24.0,15.95,57.7,29.990999999999996,20.383,18.8,0.0,0.0,
2026-03-27T04:19:37,03/27/202604:19,20.36,0.0,0.0,51.48,0.0,0.0,0.0,0.0,0.0,198.7,23561.0,44568.0,24.0,15.8,57.8,29.994,20.631999999999998,19.2,0.0,0.0,
2026-03-27T04:20:01,03/27/202604:20,20.36,0.0,0.0,51.48,0.0,0.0,0.0,0.0,0.0,198.7,23561.0,44568.0,24.0,15.65,57.9,29.997000000000003,20.881,19.6,0.0,0.0,
2026-03-27T04:21:01,03/27/202604:21,20.36,0.0,0.0,51.470000000000006,0.0,0.0,0.0,0.0,0.0,198.7,23561.0,44568.0,24.0,15.5,58.0,30.0,21.13,20.0,0.0,0.0,
2026-03-27T04:22:26,03/27/202604:22,20.369999999999997,0.0,0.0,51.470000000000006,0.0,0.0,0.0,0.0,0.0,198.7,23561.0,44568.0,24.0,15.5,58.0,30.0,21.13,20.0,0.0,0.0,
2026-03-27T04:23:01,03/27/202604:23,20.38,0.0,0.0,51.470000000000006,0.0,0.0,0.0,0.0,0.0,198.7,23561.0,44568.0,24.0,15.5,58.0,30.0,21.13,20.0,0.0,0.0,
2026-03-27T04:24:01,03/27/202604:24,20.38,0.0,0.0,51.46,0.0,0.0,0.0,0.0,0.0,198.7,23561.0,44568.0,24.0,15.5,58.0,30.0,21.13,20.0,0.0,0.0,
2026-03-27T04:24:26,03/27/202604:24,20.369999999999997,0.0,0.0,51.45,0.0,0.0,0.0,0.0,0.0,198.7,23561.0,44568.0,24.0,15.5,58.0,30.0,21.13,20.0,0.0,0.0,
2026-03-27T04:25:01,03/27/202604:25,20.36,0.0,0.0,51.44,0.0,0.0,0.0,0.0,0.0,198.7,23561.0,44568.0,24.0,15.5,58.0,30.0,21.13,20.0,0.0,0.0,
2026-03-27T04:25:26,03/27/202604:25,20.369999999999997,0.0,0.0,51.45,0.0,0.0,0.0,0.0,0.0,198.7,23561.0,44568.0,24.0,15.5,58.0,30.0,21.13,20.0,0.0,0.0,
2026-03-27T04:26:01,03/27/202604:26,20.38,0.0,0.0,51.46,0.0,0.0,0.0,0.0,0.0,198.7,23561.0,44568.0,24.0,15.5,58.0,30.0,21.13,20.0,0.0,0.0,
2026-03-27T04:27:01,03/27/202604:27,20.38,0.0,0.0,51.46,0.0,0.0,0.0,0.0,0.0,198.7,23561.0,44568.0,24.0,15.5,58.0,30.0,21.13,20.0,0.0,0.0,
2026-03-27T04:27:25,03/27/202604:27,20.369999999999997,0.0,0.0,51.45,0.0,0.0,0.0,0.0,0.0,198.7,23561.0,44568.0,24.1,15.5,58.0,30.0,21.13,20.0,0.0,0.0,
2026-03-27T04:28:01,03/27/202604:28,20.36,0.0,0.0,51.45,0.0,0.0,0.0,0.0,0.0,198.7,23561.0,44568.0,24.1,15.5,58.0,30.0,21.13,20.0,0.0,0.0,
2026-03-27T04:29:37,03/27/202604:29,20.35,0.0,0.0,51.44,0.0,0.0,0.0,0.0,0.0,198.7,23561.0,44568.0,24.0,15.5,58.0,30.0,21.13,20.0,0.0,0.0,
2026-03-27T04:30:01,03/27/202604:30,20.34,0.0,0.0,51.42999999999999,0.0,0.0,0.0,0.0,0.0,198.7,23561.0,44568.0,24.0,15.5,58.0,30.0,21.13,20.0,0.0,0.0,
2026-03-27T04:30:26,03/27/202604:30,20.34,0.0,0.0,51.42999999999999,0.0,0.0,0.0,0.0,0.0,198.7,23561.0,44568.0,24.0,15.5,58.0,30.0,21.13,20.0,0.0,0.0,
2026-03-27T04:31:01,03/27/202604:31,20.35,0.0,0.0,51.42999999999999,0.0,0.0,0.0,0.0,0.0,198.7,23561.0,44568.0,24.0,15.5,58.0,30.0,21.13,20.0,0.0,0.0,
2026-03-27T04:32:01,03/27/202604:32,20.36,0.0,0.0,51.42999999999999,0.0,0.0,0.0,0.0,0.0,198.7,23561.0,44568.0,24.0,15.440000000000001,58.1,30.0,21.13,20.0,0.0,0.0,
2026-03-27T04:33:01,03/27/202604:33,20.36,0.0,0.0,51.42,0.0,0.0,0.0,0.0,0.0,198.7,23561.0,44568.0,24.0,15.38,58.2,30.0,21.13,20.0,0.0,0.0,
2026-03-27T04:34:01,03/27/202604:34,20.36,0.0,0.0,51.42,0.0,0.0,0.0,0.0,0.0,198.7,23561.0,44568.0,24.0,15.319999999999999,58.3,30.0,21.13,20.0,0.0,0.0,
2026-03-27T04:34:07,03/27/202604:34,20.35,0.0,0.0,51.42,0.0,0.0,0.0,0.0,0.0,198.7,23561.0,44568.0,24.0,15.26,58.4,30.0,21.13,20.0,0.0,0.0,
2026-03-27T04:35:01,03/27/202604:35,20.35,0.0,0.0,51.42999999999999,0.0,0.0,0.0,0.0,0.0,198.7,23561.0,44568.0,24.0,15.2,58.5,30.0,21.13,20.0,0.0,0.0,
2026-03-27T04:36:01,03/27/202604:36,20.35,0.0,0.0,51.44,0.0,0.0,0.0,0.0,0.0,198.7,23561.0,44568.0,24.0,15.14,59.0,30.0,21.13,20.0,0.0,0.0,
2026-03-27T04:36:23,03/27/202604:36,20.36,0.0,0.0,51.44,0.0,0.0,0.0,0.0,0.0,198.7,23561.0,44568.0,24.1,15.080000000000002,59.5,30.0,21.13,20.0,0.0,0.0,
2026-03-27T04:37:01,03/27/202604:37,20.369999999999997,0.0,0.0,51.44,0.0,0.0,0.0,0.0,0.0,198.7,23561.0,44568.0,24.1,15.02,60.0,30.0,21.13,20.0,0.0,0.0,
2026-03-27T04:37:23,03/27/202604:37,20.36,0.0,0.0,51.44,0.0,0.0,0.0,0.0,0.0,198.7,23561.0,44568.0,24.0,14.959999999999999,60.5,30.0,21.13,20.0,0.0,0.0,
2026-03-27T04:38:01,03/27/202604:38,20.35,0.0,0.0,51.44,0.0,0.0,0.0,0.0,0.0,198.7,23561.0,44568.0,24.0,14.9,61.0,30.0,21.13,20.0,0.0,0.0,
2026-03-27T04:38:23,03/27/202604:38,20.35,0.0,0.0,51.44,0.0,0.0,0.0,0.0,0.0,198.7,23561.0,44568.0,24.0,14.9,61.4,30.0,21.13,20.0,0.0,0.0,
2026-03-27T04:39:01,03/27/202604:39,20.35,0.0,0.0,51.44,0.0,0.0,0.0,0.0,0.0,198.7,23561.0,44568.0,24.0,14.9,61.8,30.0,21.13,20.0,0.0,0.0,
2026-03-27T04:39:23,03/27/202604:39,20.34,0.0,0.0,51.42999999999999,0.0,0.0,0.0,0.0,0.0,198.7,23561.0,44568.0,24.1,14.9,62.2,30.0,21.13,20.0,0.0,0.0,
2026-03-27T04:40:50,03/27/202604:40,20.34,0.0,0.0,51.42,0.0,0.0,0.0,0.0,0.0,198.7,23561.0,44568.0,24.0,14.9,62.6,30.0,21.13,20.0,0.0,0.0,
2026-03-27T04:41:01,03/27/202604:41,20.34,0.0,0.0,51.410000000000004,0.0,0.0,0.0,0.0,0.0,198.7,23561.0,44568.0,24.0,14.9,63.0,30.0,21.13,20.0,0.0,0.0,
2026-03-27T04:42:00,03/27/202604:42,20.34,0.0,0.0,51.4,0.0,0.0,0.0,0.0,0.0,198.7,23561.0,44568.0,24.0,14.9,63.0,30.0,21.13,20.0,0.0,0.0,
2026-03-27T04:43:00,03/27/202604:43,20.330000000000002,0.0,0.0,51.4,0.0,0.0,0.0,0.0,0.0,198.7,23561.0,44568.0,24.0,14.9,63.0,30.0,21.13,20.0,0.0,0.0,
2026-03-27T04:44:00,03/27/202604:44,20.32,0.0,0.0,51.4,0.0,0.0,0.0,0.0,0.0,198.7,23561.0,44568.0,24.0,14.9,63.0,30.0,21.13,20.0,0.0,0.0,
2026-03-27T04:45:01,03/27/202604:45,20.32,0.0,0.0,51.4,0.0,0.0,0.0,0.0,0.0,198.7,23561.0,44568.0,24.0,14.9,63.0,30.0,21.13,20.0,0.0,0.0,
2026-03-27T04:46:00,03/27/202604:46,20.32,0.0,0.0,51.410000000000004,0.0,0.0,0.0,0.0,0.0,198.7,23561.0,44568.0,24.0,14.9,63.0,30.0,21.13,20.0,0.0,0.0,
2026-03-27T04:47:00,03/27/202604:47,20.31,0.0,0.0,51.410000000000004,0.0,0.0,0.0,0.0,0.0,198.7,23561.0,44568.0,24.0,14.8,63.1,30.0,21.49,20.1,0.0,0.0,
2026-03-27T04:47:23,03/27/202604:47,20.31,0.0,0.0,51.410000000000004,0.0,0.0,0.0,0.0,0.0,198.7,23561.0,44568.0,24.0,14.7,63.2,30.0,21.85,20.2,0.0,0.0,
2026-03-27T04:48:00,03/27/202604:48,20.32,0.0,0.0,51.410000000000004,0.0,0.0,0.0,0.0,0.0,198.7,23561.0,44568.0,24.0,14.6,63.3,30.0,22.21,20.3,0.0,0.0,
2026-03-27T04:49:00,03/27/202604:49,20.330000000000002,0.0,0.0,51.410000000000004,0.0,0.0,0.0,0.0,0.0,198.7,23561.0,44568.0,24.0,14.5,63.4,30.0,22.57,20.4,0.0,0.0,
2026-03-27T04:49:20,03/27/202604:49,20.330000000000002,0.0,0.0,51.410000000000004,0.0,0.0,0.0,0.0,0.0,198.7,23561.0,44568.0,24.0,14.4,63.5,30.0,22.93,20.5,0.0,0.0,
2026-03-27T04:50:00,03/27/202604:50,20.330000000000002,0.0,0.0,51.410000000000004,0.0,0.0,0.0,0.0,0.0,198.7,23561.0,44568.0,24.0,14.3,63.6,30.0,23.29,20.6,0.0,0.0,
2026-03-27T04:50:19,03/27/202604:50,20.34,0.0,0.0,51.410000000000004,0.0,0.0,0.0,0.0,0.0,198.7,23561.0,44568.0,24.0,14.2,63.7,30.0,23.65,20.7,0.0,0.0,
2026-03-27T04:52:02,03/27/202604:52,20.35,0.0,0.0,51.410000000000004,0.0,0.0,0.0,0.0,0.0,198.7,23561.0,44568.0,24.0,14.1,63.8,30.0,24.009999999999998,20.8,0.0,0.0,
2026-03-27T04:53:01,03/27/202604:53,20.36,0.0,0.0,51.4,0.0,0.0,0.0,0.0,0.0,198.7,23561.0,44568.0,24.0,14.0,63.9,30.0,24.369999999999997,20.9,0.0,0.0,
2026-03-27T04:53:19,03/27/202604:53,20.36,0.0,0.0,51.4,0.0,0.0,0.0,0.0,0.0,198.7,23561.0,44568.0,24.0,13.9,64.0,30.0,24.73,21.0,0.0,0.0,
2026-03-27T04:54:01,03/27/202604:54,20.36,0.0,0.0,51.410000000000004,0.0,0.0,0.0,0.0,0.0,198.7,23561.0,44568.0,24.0,13.9,64.0,30.0,24.73,21.0,0.0,0.0,
2026-03-27T04:54:07,03/27/202604:54,20.36,0.0,0.0,51.410000000000004,0.0,0.0,0.0,0.0,0.0,198.7,23561.0,44568.0,24.0,13.9,64.0,30.0,24.73,21.0,0.0,0.0,
2026-03-27T04:55:01,03/27/202604:55,20.36,0.0,0.0,51.410000000000004,0.0,0.0,0.0,0.0,0.0,198.7,23561.0,44568.0,24.0,13.9,64.0,30.0,24.73,21.0,0.0,0.0,
2026-03-27T04:55:07,03/27/202604:55,20.35,0.0,0.0,51.410000000000004,0.0,0.0,0.0,0.0,0.0,198.7,23561.0,44568.0,24.0,13.9,64.0,30.0,24.73,21.0,0.0,0.0,
2026-03-27T04:56:01,03/27/202604:56,20.35,0.0,0.0,51.410000000000004,0.0,0.0,0.0,0.0,0.0,198.7,23561.0,44568.0,24.0,13.9,64.0,30.0,24.73,21.0,0.0,0.0,
2026-03-27T04:57:01,03/27/202604:57,20.35,0.0,0.0,51.410000000000004,0.0,0.0,0.0,0.0,0.0,198.7,23561.0,44568.0,24.0,13.9,64.0,30.0,24.73,21.0,0.0,0.0,
2026-03-27T04:57:07,03/27/202604:57,20.35,0.0,0.0,51.410000000000004,0.0,0.0,0.0,0.0,0.0,198.7,23561.0,44568.0,24.0,13.9,64.0,30.0,24.73,21.0,0.0,0.0,
2026-03-27T04:58:01,03/27/202604:58,20.35,0.0,0.0,51.410000000000004,0.0,0.0,0.0,0.0,0.0,198.7,23561.0,44568.0,24.0,13.9,64.0,30.0,24.73,21.0,0.0,0.0,
2026-03-27T04:59:01,03/27/202604:59,20.35,0.0,0.0,51.42,0.0,0.0,0.0,0.0,0.0,198.7,23561.0,44568.0,24.0,13.9,64.0,30.0,24.73,21.0,0.0,0.0,
2026-03-27T05:00:40,03/27/202605:00,20.35,0.0,0.0,51.410000000000004,0.0,0.0,0.0,0.0,0.0,198.7,23561.0,44568.0,24.0,13.9,64.0,30.0,24.73,21.0,0.0,0.0,
2026-03-27T05:01:01,03/27/202605:01,20.35,0.0,0.0,51.4,0.0,0.0,0.0,0.0,0.0,198.7,23561.0,44568.0,24.0,13.9,64.0,30.0,24.73,21.0,0.0,0.0,
2026-03-27T05:01:40,03/27/202605:01,20.35,0.0,0.0,51.4,0.0,0.0,0.0,0.0,0.0,198.7,23561.0,44568.0,24.0,13.809999999999999,64.1,30.002999999999997,24.749000000000002,21.3,0.0,0.0,
2026-03-27T05:03:14,03/27/202605:03,20.35,0.0,0.0,51.39,0.0,0.0,0.0,0.0,0.0,198.7,23561.0,44568.0,24.0,13.719999999999999,64.2,30.006,24.768,21.6,0.0,0.0,
2026-03-27T05:03:40,03/27/202605:03,20.35,0.0,0.0,51.39,0.0,0.0,0.0,0.0,0.0,198.7,23561.0,44568.0,24.0,13.63,64.3,30.009000000000004,24.787,21.9,0.0,0.0,
2026-03-27T05:04:00,03/27/202605:04,20.35,0.0,0.0,51.39,0.0,0.0,0.0,0.0,0.0,198.7,23561.0,44568.0,24.0,13.540000000000001,64.4,30.012,24.806,22.2,0.0,0.0,
2026-03-27T05:05:00,03/27/202605:05,20.35,0.0,0.0,51.39,0.0,0.0,0.0,0.0,0.0,198.7,23561.0,44568.0,24.0,13.45,64.5,30.014999999999997,24.825,22.5,0.0,0.0,
2026-03-27T05:05:40,03/27/202605:05,20.35,0.0,0.0,51.39,0.0,0.0,0.0,0.0,0.0,198.7,23561.0,44568.0,24.0,13.36,64.6,30.018,24.844,22.8,0.0,0.0,
2026-03-27T05:06:01,03/27/202605:06,20.35,0.0,0.0,51.39,0.0,0.0,0.0,0.0,0.0,198.7,23561.0,44568.0,24.0,13.27,64.7,30.021000000000004,24.863000000000003,23.1,0.0,0.0,
2026-03-27T05:06:40,03/27/202605:06,20.34,0.0,0.0,51.39,0.0,0.0,0.0,0.0,0.0,198.7,23561.0,44568.0,24.0,13.180000000000001,64.8,30.024,24.882,23.4,0.0,0.0,
2026-03-27T05:07:00,03/27/202605:07,20.34,0.0,0.0,51.39,0.0,0.0,0.0,0.0,0.0,198.7,23561.0,44568.0,24.0,13.09,64.9,30.026999999999997,24.901000000000003,23.7,0.0,0.0,
2026-03-27T05:07:56,03/27/202605:07,20.35,0.0,0.0,51.39,0.0,0.0,0.0,0.0,0.0,198.7,23561.0,44568.0,24.0,13.0,65.0,30.03,24.92,24.0,0.0,0.0,
2026-03-27T05:08:00,03/27/202605:08,20.35,0.0,0.0,51.39,0.0,0.0,0.0,0.0,0.0,198.7,23561.0,44568.0,24.0,13.0,65.0,30.03,24.92,24.0,0.0,0.0,
2026-03-27T05:08:56,03/27/202605:08,20.34,0.0,0.0,51.4,0.0,0.0,0.0,0.0,0.0,198.7,23561.0,44568.0,24.1,13.0,65.0,30.03,24.92,24.0,0.0,0.0,
2026-03-27T05:09:00,03/27/202605:09,20.34,0.0,0.0,51.4,0.0,0.0,0.0,0.0,0.0,198.7,23561.0,44568.0,24.1,13.0,65.0,30.03,24.92,24.0,0.0,0.0,
2026-03-27T05:10:00,03/27/202605:10,20.34,0.0,0.0,51.39,0.0,0.0,0.0,0.0,0.0,198.7,23561.0,44568.0,24.0,13.0,65.0,30.03,24.92,24.0,0.0,0.0,
2026-03-27T05:10:56,03/27/202605:10,20.35,0.0,0.0,51.39,0.0,0.0,0.0,0.0,0.0,198.7,23561.0,44568.0,24.0,13.0,65.0,30.03,24.92,24.0,0.0,0.0,
2026-03-27T05:11:00,03/27/202605:11,20.35,0.0,0.0,51.39,0.0,0.0,0.0,0.0,0.0,198.7,23561.0,44568.0,24.0,13.0,65.0,30.03,24.92,24.0,0.0,0.0,
2026-03-27T05:12:00,03/27/202605:12,20.35,0.0,0.0,51.39,0.0,0.0,0.0,0.0,0.0,198.7,23561.0,44568.0,24.0,13.0,65.0,30.03,24.92,24.0,0.0,0.0,
2026-03-27T05:13:00,03/27/202605:13,20.36,0.0,0.0,51.39,0.0,0.0,0.0,0.0,0.0,198.7,23561.0,44568.0,24.0,13.0,65.0,30.03,24.92,24.0,0.0,0.0,
2026-03-27T05:14:26,03/27/202605:14,20.369999999999997,0.0,0.0,51.39,0.0,0.0,0.0,0.0,0.0,198.7,23561.0,44568.0,24.1,13.0,65.0,30.03,24.92,24.0,0.0,0.0,
2026-03-27T05:15:00,03/27/202605:15,20.369999999999997,0.0,0.0,51.39,0.0,0.0,0.0,0.0,0.0,198.7,23561.0,44568.0,24.1,13.0,65.0,30.03,24.92,24.0,0.0,0.0,
2026-03-27T05:16:00,03/27/202605:16,20.369999999999997,0.0,0.0,51.39,0.0,0.0,0.0,0.0,0.0,198.7,23561.0,44568.0,24.0,13.0,65.0,30.03,24.92,24.0,0.0,0.0,
2026-03-27T05:17:00,03/27/202605:17,20.38,0.0,0.0,51.39,0.0,0.0,0.0,0.0,0.0,198.7,23561.0,44568.0,24.0,12.99,65.2,30.03,24.808,24.3,0.0,0.0,
2026-03-27T05:18:01,03/27/202605:18,20.389999999999997,0.0,0.0,51.379999999999995,0.0,0.0,0.0,0.0,0.0,198.7,23561.0,44568.0,24.0,12.98,65.4,30.03,24.696,24.6,0.0,0.0,
2026-03-27T05:19:01,03/27/202605:19,20.4,0.0,0.0,51.39,0.0,0.0,0.0,0.0,0.0,198.7,23561.0,44568.0,24.0,12.969999999999999,65.6,30.03,24.584,24.9,0.0,0.0,
2026-03-27T05:19:08,03/27/202605:19,20.389999999999997,0.0,0.0,51.379999999999995,0.0,0.0,0.0,0.0,0.0,198.7,23561.0,44568.0,24.0,12.959999999999999,65.8,30.03,24.472,25.2,0.0,0.0,
2026-03-27T05:20:00,03/27/202605:20,20.38,0.0,0.0,51.36999999999999,0.0,0.0,0.0,0.0,0.0,198.7,23561.0,44568.0,24.0,12.95,66.0,30.03,24.360000000000003,25.5,0.0,0.0,
2026-03-27T05:20:07,03/27/202605:20,20.38,0.0,0.0,51.36999999999999,0.0,0.0,0.0,0.0,0.0,198.7,23561.0,44568.0,24.0,12.940000000000001,66.2,30.03,24.248,25.8,0.0,0.0,
2026-03-27T05:21:00,03/27/202605:21,20.38,0.0,0.0,51.36999999999999,0.0,0.0,0.0,0.0,0.0,198.7,23561.0,44568.0,24.0,12.930000000000001,66.4,30.03,24.136000000000003,26.1,0.0,0.0,
2026-03-27T05:21:53,03/27/202605:21,20.369999999999997,0.0,0.0,51.36999999999999,0.0,0.0,0.0,0.0,0.0,198.7,23561.0,44568.0,24.0,12.919999999999998,66.6,30.03,24.024,26.4,0.0,0.0,
2026-03-27T05:22:00,03/27/202605:22,20.36,0.0,0.0,51.36999999999999,0.0,0.0,0.0,0.0,0.0,198.7,23561.0,44568.0,24.0,12.91,66.8,30.03,23.912,26.7,0.0,0.0,
2026-03-27T05:22:53,03/27/202605:22,20.36,0.0,0.0,51.36999999999999,0.0,0.0,0.0,0.0,0.0,198.7,23561.0,44568.0,24.0,12.9,67.0,30.03,23.8,27.0,0.0,0.0,
2026-03-27T05:23:01,03/27/202605:23,20.36,0.0,0.0,51.36999999999999,0.0,0.0,0.0,0.0,0.0,198.7,23561.0,44568.0,24.0,12.9,67.0,30.03,23.8,27.0,0.0,0.0,
2026-03-27T05:23:54,03/27/202605:23,20.35,0.0,0.0,51.379999999999995,0.0,0.0,0.0,0.0,0.0,198.7,23561.0,44568.0,24.0,12.9,67.0,30.03,23.8,27.0,0.0,0.0,
2026-03-27T05:24:01,03/27/202605:24,20.34,0.0,0.0,51.379999999999995,0.0,0.0,0.0,0.0,0.0,198.7,23561.0,44568.0,24.0,12.9,67.0,30.03,23.8,27.0,0.0,0.0,
2026-03-27T05:25:38,03/27/202605:25,20.35,0.0,0.0,51.39,0.0,0.0,0.0,0.0,0.0,198.7,23561.0,44568.0,24.0,12.9,67.0,30.03,23.8,27.0,0.0,0.0,
2026-03-27T05:26:00,03/27/202605:26,20.36,0.0,0.0,51.4,0.0,0.0,0.0,0.0,0.0,198.7,23561.0,44568.0,24.0,12.9,67.0,30.03,23.8,27.0,0.0,0.0,
2026-03-27T05:27:01,03/27/202605:27,20.36,0.0,0.0,51.4,0.0,0.0,0.0,0.0,0.0,198.7,23561.0,44568.0,24.0,12.9,67.0,30.03,23.8,27.0,0.0,0.0,
2026-03-27T05:28:01,03/27/202605:28,20.36,0.0,0.0,51.4,0.0,0.0,0.0,0.0,0.0,198.7,23561.0,44568.0,24.0,12.9,67.0,30.03,23.8,27.0,0.0,0.0,
2026-03-27T05:29:00,03/27/202605:29,20.369999999999997,0.0,0.0,51.39,0.0,0.0,0.0,0.0,0.0,198.7,23561.0,44568.0,24.0,12.9,67.0,30.03,23.8,27.0,0.0,0.0,
2026-03-27T05:30:00,03/27/202605:30,20.38,0.0,0.0,51.39,0.0,0.0,0.0,0.0,0.0,198.7,23561.0,44568.0,24.0,12.9,67.0,30.03,23.8,27.0,0.0,0.0,
2026-03-27T05:31:01,03/27/202605:31,20.38,0.0,0.0,51.39,0.0,0.0,0.0,0.0,0.0,198.7,23561.0,44568.0,24.0,12.89,67.2,30.032999999999998,23.744,27.2,0.0,0.0,
2026-03-27T05:32:00,03/27/202605:32,20.38,0.0,0.0,51.39,0.0,0.0,0.0,0.0,0.0,198.7,23561.0,44568.0,24.0,12.88,67.4,30.036,23.688,27.4,0.0,0.0,
2026-03-27T05:32:59,03/27/202605:32,20.38,0.0,0.0,51.39,0.0,0.0,0.0,0.0,0.0,198.7,23561.0,44568.0,24.0,12.870000000000001,67.6,30.038999999999998,23.631999999999998,27.6,0.0,0.0,
2026-03-27T05:33:00,03/27/202605:33,20.38,0.0,0.0,51.39,0.0,0.0,0.0,0.0,0.0,198.7,23561.0,44568.0,24.0,12.86,67.8,30.042,23.576,27.8,0.0,0.0,
2026-03-27T05:34:00,03/27/202605:34,20.369999999999997,0.0,0.0,51.39,0.0,0.0,0.0,0.0,0.0,198.7,23561.0,44568.0,24.0,12.8,68.0,30.044999999999998,23.52,28.0,0.0,0.0,
2026-03-27T05:34:58,03/27/202605:34,20.369999999999997,0.0,0.0,51.379999999999995,0.0,0.0,0.0,0.0,0.0,198.7,23561.0,44568.0,24.0,12.74,68.2,30.048000000000002,23.371,27.7,0.0,0.0,
2026-03-27T05:35:00,03/27/202605:35,20.369999999999997,0.0,0.0,51.36999999999999,0.0,0.0,0.0,0.0,0.0,198.7,23561.0,44568.0,24.0,12.680000000000001,68.4,30.051,23.222,27.4,0.0,0.0,
2026-03-27T05:36:49,03/27/202605:36,20.369999999999997,0.0,0.0,51.36999999999999,0.0,0.0,0.0,0.0,0.0,198.7,23561.0,44568.0,24.0,12.620000000000001,68.6,30.053999999999995,23.011,27.2,0.0,0.0,
2026-03-27T05:37:01,03/27/202605:37,20.369999999999997,0.0,0.0,51.36999999999999,0.0,0.0,0.0,0.0,0.0,198.7,23561.0,44568.0,24.0,12.56,68.8,30.057,22.8,27.0,0.0,0.0,
2026-03-27T05:38:00,03/27/202605:38,20.369999999999997,0.0,0.0,51.36999999999999,0.0,0.0,0.0,0.0,0.0,198.7,23561.0,44568.0,24.0,12.5,69.0,30.059999999999995,22.589,26.8,0.0,0.0,
2026-03-27T05:39:00,03/27/202605:39,20.369999999999997,0.0,0.0,51.36999999999999,0.0,0.0,0.0,0.0,0.0,198.7,23561.0,44568.0,24.0,12.45,69.0,30.059999999999995,22.434,26.4,0.0,0.0,
2026-03-27T05:40:00,03/27/202605:40,20.369999999999997,0.0,0.0,51.36,0.0,0.0,0.0,0.0,0.0,198.7,23561.0,44568.0,24.0,12.4,69.0,30.059999999999995,22.279,26.0,0.0,0.0,
2026-03-27T05:41:00,03/27/202605:41,20.38,0.0,0.0,51.36,0.0,0.0,0.0,0.0,0.0,198.7,23561.0,44568.0,24.0,12.35,69.0,30.059999999999995,22.124000000000002,25.6,0.0,0.0,
2026-03-27T05:42:01,03/27/202605:42,20.389999999999997,0.0,0.0,51.35,0.0,0.0,0.0,0.0,0.0,198.7,23561.0,44568.0,24.0,12.3,69.0,30.059999999999995,21.969,25.2,0.0,0.0,
2026-03-27T05:43:00,03/27/202605:43,20.4,0.0,0.0,51.35,0.0,0.0,0.0,0.0,0.0,198.7,23561.0,44568.0,24.0,12.3,69.0,30.059999999999995,21.814,24.8,0.0,0.0,
2026-03-27T05:44:00,03/27/202605:44,20.4,0.0,0.0,51.35,0.0,0.0,0.0,0.0,0.0,198.7,23561.0,44568.0,24.0,12.3,69.0,30.059999999999995,21.752000000000002,24.9,0.0,0.0,
2026-03-27T05:45:01,03/27/202605:45,20.4,0.0,0.0,51.36,0.0,0.0,0.0,0.0,0.0,198.7,23561.0,44568.0,24.0,12.3,69.0,30.059999999999995,21.69,25.0,0.0,0.0,
2026-03-27T05:46:00,03/27/202605:46,20.4,0.0,0.0,51.35,0.0,0.0,0.0,0.0,0.0,198.7,23561.0,44568.0,24.0,12.3,69.2,30.063,21.69,25.1,0.0,0.0,
2026-03-27T05:47:59,03/27/202605:47,20.4,0.0,0.0,51.36,0.0,0.0,0.0,0.0,0.0,198.7,23561.0,44568.0,24.0,12.3,69.4,30.065999999999995,21.69,25.2,0.0,0.0,
2026-03-27T05:48:00,03/27/202605:48,20.4,0.0,0.0,51.36,0.0,0.0,0.0,0.0,0.0,198.7,23561.0,44568.0,24.0,12.3,69.6,30.069,21.69,25.3,0.0,0.0,
2026-03-27T05:49:00,03/27/202605:49,20.4,0.0,0.0,51.36,0.0,0.0,0.0,0.0,0.0,198.7,23561.0,44568.0,24.0,12.3,69.8,30.071999999999996,21.69,25.4,0.0,0.0,
2026-03-27T05:50:42,03/27/202605:50,20.4,0.0,0.0,51.36,0.0,0.0,0.0,0.0,0.0,198.7,23561.0,44568.0,24.0,12.3,70.0,30.075,21.69,25.5,0.0,0.0,
2026-03-27T05:51:01,03/27/202605:51,20.4,0.0,0.0,51.35,0.0,0.0,0.0,0.0,0.0,198.7,23561.0,44568.0,24.0,12.3,70.2,30.077999999999996,21.69,25.6,0.0,0.0,
2026-03-27T05:52:00,03/27/202605:52,20.4,0.0,0.0,51.35,0.0,0.0,0.0,0.0,0.0,198.7,23561.0,44568.0,24.0,12.3,70.4,30.081,21.69,25.7,0.0,0.0,
2026-03-27T05:53:00,03/27/202605:53,20.4,0.0,0.0,51.339999999999996,0.0,0.0,0.0,0.0,0.0,198.7,23561.0,44568.0,24.0,12.3,70.6,30.083999999999996,21.69,25.8,0.0,0.0,
2026-03-27T05:53:42,03/27/202605:53,20.41,0.0,0.0,51.339999999999996,0.0,0.0,0.0,0.0,0.0,198.7,23561.0,44568.0,24.0,12.3,70.8,30.087,21.69,25.9,0.0,0.0,
2026-03-27T05:54:00,03/27/202605:54,20.419999999999998,0.0,0.0,51.33,0.0,0.0,0.0,0.0,0.0,198.7,23561.0,44568.0,24.0,12.3,71.0,30.089999999999996,21.69,26.0,0.0,0.0,
2026-03-27T05:55:01,03/27/202605:55,20.43,0.0,0.0,51.33,0.0,0.0,0.0,0.0,0.0,198.7,23561.0,44568.0,24.0,12.3,71.0,30.089999999999996,21.69,26.0,0.0,0.0,
2026-03-27T05:56:00,03/27/202605:56,20.439999999999998,0.0,0.0,51.31999999999999,0.0,0.0,0.0,0.0,0.0,198.7,23561.0,44568.0,24.0,12.3,71.0,30.089999999999996,21.69,26.0,0.0,0.0,
2026-03-27T05:57:00,03/27/202605:57,20.45,0.0,0.0,51.31999999999999,0.0,0.0,0.0,0.0,0.0,198.7,23561.0,44568.0,24.0,12.3,71.0,30.089999999999996,21.69,26.0,0.0,0.0,
2026-03-27T05:59:11,03/27/202605:59,20.46,0.0,0.0,51.31,0.0,0.0,0.0,0.0,0.0,198.7,23561.0,44568.0,24.0,12.3,71.0,30.089999999999996,21.69,26.0,0.0,0.0,
2026-03-27T06:00:00,03/27/202606:00,20.47,0.0,0.0,51.31,0.0,0.0,0.0,0.0,0.0,198.7,23561.0,44568.0,24.0,12.3,71.0,30.089999999999996,21.69,26.0,0.0,0.0,
2026-03-27T06:01:00,03/27/202606:01,20.48,0.0,0.0,51.31,0.0,0.0,0.0,0.0,0.0,198.7,23561.0,44568.0,24.0,12.3,71.0,30.089999999999996,21.69,26.0,0.0,0.0,
2026-03-27T06:02:00,03/27/202606:02,20.490000000000002,0.0,0.0,51.31,0.0,0.0,0.0,0.0,0.0,198.7,23561.0,44568.0,24.0,12.3,71.1,30.089999999999996,21.69,26.0,0.0,0.0,
2026-03-27T06:03:01,03/27/202606:03,20.5,0.0,0.0,51.31,0.0,0.0,0.0,0.0,0.0,198.7,23561.0,44568.0,24.0,12.3,71.2,30.089999999999996,21.69,26.0,0.0,0.0,
2026-03-27T06:04:00,03/27/202606:04,20.5,0.0,0.0,51.31,0.0,0.0,0.0,0.0,0.0,198.7,23561.0,44568.0,24.0,12.3,71.3,30.089999999999996,21.69,26.0,0.0,0.0,
2026-03-27T06:05:00,03/27/202606:05,20.5,0.0,0.0,51.3,0.0,0.0,0.0,0.0,0.0,198.7,23561.0,44568.0,24.0,12.3,71.4,30.089999999999996,21.69,26.0,0.0,0.0,
2026-03-27T06:06:00,03/27/202606:06,20.5,0.0,0.0,51.3,0.0,0.0,0.0,0.0,0.0,198.7,23561.0,44568.0,24.0,12.3,71.5,30.089999999999996,21.69,26.0,0.0,0.0,
2026-03-27T06:07:00,03/27/202606:07,20.5,0.0,0.0,51.3,0.0,0.0,0.0,0.0,0.0,198.7,23561.0,44568.0,24.0,12.3,71.6,30.089999999999996,21.69,26.0,0.0,0.0,
2026-03-27T06:08:00,03/27/202606:08,20.5,0.0,0.0,51.279999999999994,0.0,0.0,0.0,0.0,0.0,198.7,23561.0,44568.0,24.0,12.3,71.7,30.089999999999996,21.69,26.0,0.0,0.0,
2026-03-27T06:09:00,03/27/202606:09,20.5,0.0,0.0,51.279999999999994,0.0,0.0,0.0,0.0,0.0,198.7,23561.0,44568.0,24.0,12.3,71.8,30.089999999999996,21.69,26.0,0.0,0.0,
2026-03-27T06:10:22,03/27/202606:10,20.509999999999998,0.0,0.0,51.279999999999994,0.0,0.0,0.0,0.0,0.0,198.7,23561.0,44568.0,24.0,12.3,71.9,30.089999999999996,21.69,26.0,0.0,0.0,
2026-03-27T06:11:00,03/27/202606:11,20.52,0.0,0.0,51.279999999999994,0.0,0.0,0.0,0.0,0.0,198.7,23561.0,44568.0,24.0,12.3,72.0,30.089999999999996,21.69,26.0,0.0,0.0,
2026-03-27T06:12:01,03/27/202606:12,20.53,0.0,0.0,51.279999999999994,0.0,0.0,0.0,0.0,0.0,198.7,23561.0,44568.0,24.0,12.3,72.0,30.089999999999996,21.69,26.0,0.0,0.0,
2026-03-27T06:12:11,03/27/202606:12,20.53,0.0,0.0,51.279999999999994,0.0,0.0,0.0,0.0,0.0,198.7,23561.0,44568.0,24.0,12.3,72.0,30.089999999999996,21.69,26.0,0.0,0.0,
2026-03-27T06:13:00,03/27/202606:13,20.53,0.0,0.0,51.279999999999994,0.0,0.0,0.0,0.0,0.0,198.7,23561.0,44568.0,24.0,12.3,72.0,30.089999999999996,21.69,26.0,0.0,0.0,
2026-03-27T06:14:00,03/27/202606:14,20.53,0.0,0.0,51.29,0.0,0.0,0.0,0.0,0.0,198.7,23561.0,44568.0,24.0,12.3,72.0,30.089999999999996,21.69,26.0,0.0,0.0,
2026-03-27T06:15:01,03/27/202606:15,20.53,0.0,0.0,51.29,0.0,0.0,0.0,0.0,0.0,198.7,23561.0,44568.0,24.0,12.3,72.0,30.089999999999996,21.69,26.0,0.0,0.0,
2026-03-27T06:16:01,03/27/202606:16,20.53,0.0,0.0,51.29,0.0,0.0,0.0,0.0,0.0,198.7,23561.0,44568.0,24.0,12.3,72.0,30.089999999999996,21.69,26.0,0.0,0.0,
2026-03-27T06:16:11,03/27/202606:16,20.56,0.0,0.0,51.3,0.0,0.0,0.0,0.0,0.0,198.7,23561.0,44568.0,24.0,12.260000000000002,72.1,30.093,21.789,26.0,0.0,0.0,
2026-03-27T06:17:00,03/27/202606:17,20.59,0.0,0.0,51.3,0.0,0.0,0.0,0.0,0.0,198.7,23561.0,44568.0,24.0,12.22,72.2,30.095999999999997,21.887999999999998,26.0,0.0,0.0,
2026-03-27T06:17:11,03/27/202606:17,20.71,0.0,0.0,51.3,0.0,0.0,0.0,0.0,0.0,198.7,23561.0,44568.0,24.0,12.180000000000001,72.3,30.099,21.987000000000002,26.0,0.0,0.0,
2026-03-27T06:18:00,03/27/202606:18,20.830000000000002,0.0,0.0,51.3,0.0,0.0,0.0,0.0,0.0,198.7,23561.0,44568.0,24.0,12.14,72.4,30.101999999999997,22.086000000000002,26.0,0.0,0.0,
2026-03-27T06:18:10,03/27/202606:18,20.94,0.0,0.0,51.3,0.0,0.0,0.0,0.0,0.0,198.7,23561.0,44568.0,24.0,12.1,72.5,30.105,22.185,26.0,0.0,0.0,
2026-03-27T06:19:00,03/27/202606:19,21.06,0.0,0.0,51.3,0.0,0.0,0.0,0.0,0.0,198.7,23561.0,44568.0,24.0,12.06,72.6,30.107999999999997,22.284,26.0,0.0,0.0,
2026-03-27T06:20:00,03/27/202606:20,21.18,0.0,0.0,51.3,0.0,0.0,0.0,0.0,0.0,198.7,23561.0,44568.0,24.0,12.02,72.7,30.111,22.383000000000003,26.0,0.0,0.0,
2026-03-27T06:20:11,03/27/202606:20,21.31,0.0,0.0,51.3,0.0,0.0,0.0,0.0,0.0,198.7,23561.0,44568.0,24.0,11.98,72.8,30.113999999999997,22.482,26.0,0.0,0.0,
2026-03-27T06:21:33,03/27/202606:21,21.43,0.0,0.0,51.3,0.0,0.0,0.0,0.0,0.0,198.7,23561.0,44568.0,24.0,11.940000000000001,72.9,30.117,22.581,26.0,0.0,0.0,
2026-03-27T06:22:00,03/27/202606:22,21.55,0.0,0.0,51.3,0.0,0.0,0.0,0.0,0.0,198.7,23561.0,44568.0,24.0,11.9,73.0,30.119999999999997,22.68,26.0,0.0,0.0,
2026-03-27T06:23:00,03/27/202606:23,21.64,0.0,0.0,51.3,0.0,0.0,0.0,0.0,0.0,198.7,23561.0,44568.0,24.0,11.9,73.0,30.119999999999997,22.68,26.0,0.0,0.0,
2026-03-27T06:24:00,03/27/202606:24,21.73,0.0,0.0,51.3,0.0,0.0,0.0,0.0,0.0,198.7,23561.0,44568.0,24.0,11.9,73.0,30.119999999999997,22.68,26.0,0.0,0.0,
2026-03-27T06:25:01,03/27/202606:25,21.72,0.0,0.0,51.3,0.0,0.0,0.0,0.0,0.0,198.7,23561.0,44568.0,24.0,11.9,73.0,30.119999999999997,22.68,26.0,0.0,0.0,
2026-03-27T06:26:00,03/27/202606:26,21.71,0.0,0.0,51.3,0.0,0.0,0.0,0.0,0.0,198.7,23561.0,44568.0,24.0,11.9,73.0,30.119999999999997,22.68,26.0,0.0,0.0,
2026-03-27T06:27:00,03/27/202606:27,21.71,0.0,0.0,51.3,0.0,0.0,0.0,0.0,0.0,198.7,23561.0,44568.0,24.0,11.9,73.0,30.119999999999997,22.68,26.0,0.0,0.0,
2026-03-27T06:28:00,03/27/202606:28,21.71,0.0,0.0,51.3,0.0,0.0,0.0,0.0,0.0,198.7,23561.0,44568.0,24.0,11.9,73.0,30.119999999999997,22.68,26.0,0.0,0.0,
2026-03-27T06:29:01,03/27/202606:29,21.71,0.0,0.0,51.3,0.0,0.0,0.0,0.0,0.0,198.7,23561.0,44568.0,24.0,11.9,73.0,30.119999999999997,22.68,26.0,0.0,0.0,
2026-03-27T06:30:00,03/27/202606:30,21.7,0.0,0.0,51.3,0.0,0.0,0.0,0.0,0.0,198.7,23561.0,44568.0,24.0,11.9,73.0,30.119999999999997,22.68,26.0,0.0,0.0,
2026-03-27T06:31:00,03/27/202606:31,21.7,0.0,0.0,51.3,0.0,0.0,0.0,0.0,0.0,198.7,23561.0,44568.0,24.0,11.870000000000001,73.1,30.123,22.581,25.9,0.0,0.0,
2026-03-27T06:32:44,03/27/202606:32,21.7,0.0,0.0,51.3,0.0,0.0,0.0,0.0,0.0,198.7,23561.0,44568.0,24.0,11.879999999999999,73.2,30.125999999999998,22.476,25.7,0.0,0.0,
2026-03-27T06:33:01,03/27/202606:33,21.7,0.0,0.0,51.3,0.0,0.0,0.0,0.0,0.0,198.7,23561.0,44568.0,24.0,11.89,73.3,30.129,22.371000000000002,25.5,0.0,0.0,
2026-03-27T06:34:00,03/27/202606:34,21.7,0.0,0.0,51.3,0.0,0.0,0.0,0.0,0.0,198.7,23561.0,44568.0,24.0,11.9,73.4,30.131999999999998,22.266,25.3,0.0,0.0,
2026-03-27T06:35:00,03/27/202606:35,21.7,0.0,0.0,51.3,0.0,0.0,0.0,0.0,0.0,198.7,23561.0,44568.0,24.0,11.91,73.5,30.135,22.160999999999998,25.1,0.0,0.0,
2026-03-27T06:36:00,03/27/202606:36,21.7,0.0,0.0,51.29,0.0,0.0,0.0,0.0,0.0,198.7,23561.0,44568.0,24.0,11.92,73.6,30.135,22.056,24.9,0.0,0.0,
2026-03-27T06:37:00,03/27/202606:37,21.7,0.0,0.0,51.29,0.0,0.0,0.0,0.0,0.0,198.7,23561.0,44568.0,24.0,11.93,73.7,30.135,21.951,24.7,0.0,0.0,
2026-03-27T06:38:00,03/27/202606:38,21.7,0.0,0.0,51.279999999999994,0.0,0.0,0.0,0.0,0.0,198.7,23561.0,44568.0,24.0,11.940000000000001,73.6,30.135,21.845999999999997,24.5,0.0,0.0,
2026-03-27T06:39:00,03/27/202606:39,21.7,0.0,0.0,51.27,0.0,0.0,0.0,0.0,0.0,198.7,23561.0,44568.0,24.0,11.95,73.5,30.135,21.741,24.3,0.0,0.0,
2026-03-27T06:40:00,03/27/202606:40,21.7,0.0,0.0,51.260000000000005,0.0,0.0,0.0,0.0,0.0,198.7,23561.0,44568.0,24.0,11.959999999999999,73.4,30.135,21.636,24.1,0.0,0.0,
2026-03-27T06:41:00,03/27/202606:41,21.7,0.0,0.0,51.260000000000005,0.0,0.0,0.0,0.0,0.0,198.7,23561.0,44568.0,24.0,12.0,73.2,30.131999999999998,21.63,24.0,0.0,0.0,
2026-03-27T06:42:00,03/27/202606:42,21.7,0.0,0.0,51.25,0.0,0.0,0.0,0.0,0.0,198.7,23561.0,44568.0,24.0,12.0,73.0,30.129,21.63,24.0,0.0,0.0,
2026-03-27T06:43:56,03/27/202606:43,21.7,0.0,0.0,51.25,0.0,0.0,0.0,0.0,0.0,198.7,23561.0,44568.0,24.0,12.0,72.8,30.125999999999998,21.63,24.0,0.0,0.0,
2026-03-27T06:44:01,03/27/202606:44,21.7,0.0,0.0,51.25,0.0,0.0,0.0,0.0,0.0,198.7,23561.0,44568.0,24.0,12.0,72.6,30.123,21.63,24.0,0.0,0.0,
2026-03-27T06:45:01,03/27/202606:45,21.7,0.0,0.0,51.239999999999995,0.0,0.0,0.0,0.0,0.0,198.7,23561.0,44568.0,24.0,12.0,72.4,30.119999999999997,21.63,24.0,0.0,0.0,
2026-03-27T06:46:01,03/27/202606:46,21.7,0.0,0.0,51.239999999999995,0.0,0.0,0.0,0.0,0.0,198.7,23561.0,44568.0,24.0,11.959999999999999,72.2,30.123,21.636,23.8,0.0,0.0,
2026-03-27T06:47:00,03/27/202606:47,21.7,0.0,0.0,51.239999999999995,0.0,0.0,0.0,0.0,0.0,198.7,23561.0,44568.0,24.0,11.92,72.0,30.125999999999998,21.642,23.6,0.0,0.0,
2026-03-27T06:48:00,03/27/202606:48,21.7,0.0,0.0,51.239999999999995,0.0,0.0,0.0,0.0,0.0,198.7,23561.0,44568.0,24.0,11.879999999999999,72.0,30.129,21.648,23.4,0.0,0.0,
2026-03-27T06:49:01,03/27/202606:49,21.7,0.0,0.0,51.239999999999995,0.0,0.0,0.0,0.0,0.0,198.7,23561.0,44568.0,24.0,11.84,72.0,30.131999999999998,21.654,23.2,0.0,0.0,
2026-03-27T06:50:01,03/27/202606:50,21.7,0.0,0.0,51.239999999999995,0.0,0.0,0.0,0.0,0.0,198.7,23561.0,44568.0,24.0,11.8,72.0,30.135,21.66,23.0,0.0,0.0,
2026-03-27T06:51:00,03/27/202606:51,21.7,0.0,0.0,51.23,0.0,0.0,0.0,0.0,0.0,198.7,23561.0,44568.0,24.0,11.76,72.0,30.137999999999998,21.666,22.8,0.0,0.0,
2026-03-27T06:52:09,03/27/202606:52,21.7,0.0,0.0,51.23,0.0,0.0,0.0,0.0,0.0,198.7,23561.0,44568.0,24.0,11.72,72.0,30.141,21.672,22.6,0.0,0.0,
2026-03-27T06:53:00,03/27/202606:53,21.7,0.0,0.0,51.220000000000006,0.0,0.0,0.0,0.0,0.0,198.7,23561.0,44568.0,24.0,11.68,72.0,30.144,21.678,22.4,0.0,0.0,
2026-03-27T06:53:10,03/27/202606:53,21.71,0.0,0.0,51.21,0.0,0.0,0.0,0.0,0.0,198.7,23561.0,44568.0,23.9,11.639999999999999,72.0,30.147,21.684,22.2,0.0,0.0,
2026-03-27T06:55:08,03/27/202606:55,21.71,0.0,0.0,51.21,0.0,0.0,0.0,0.0,0.0,198.7,23561.0,44568.0,24.0,11.6,72.0,30.15,21.69,22.0,0.0,0.0,
2026-03-27T06:56:00,03/27/202606:56,21.71,0.0,0.0,51.21,0.0,0.0,0.0,0.0,0.0,198.7,23561.0,44568.0,23.9,11.6,72.0,30.15,21.69,22.0,0.0,0.0,
2026-03-27T06:56:10,03/27/202606:56,21.72,0.0,0.0,51.2,0.0,0.0,0.0,0.0,0.0,198.7,23561.0,44568.0,23.9,11.6,72.0,30.15,21.69,22.0,0.0,0.0,
2026-03-27T06:57:00,03/27/202606:57,21.73,0.0,0.0,51.2,0.0,0.0,0.0,0.0,0.0,198.7,23561.0,44568.0,23.9,11.6,72.0,30.15,21.69,22.0,0.0,0.0,
2026-03-27T06:58:00,03/27/202606:58,21.740000000000002,0.0,0.0,51.2,0.0,0.0,0.0,0.0,0.0,198.7,23561.0,44568.0,24.0,11.6,72.0,30.15,21.69,22.0,0.0,0.0,
2026-03-27T06:58:10,03/27/202606:58,21.759999999999998,0.0,0.0,51.2,0.0,0.0,0.0,0.0,0.0,198.7,23561.0,44568.0,23.9,11.6,72.0,30.15,21.69,22.0,0.0,0.0,
2026-03-27T06:59:01,03/27/202606:59,21.78,0.0,0.0,51.2,0.0,0.0,0.0,0.0,0.0,198.7,23561.0,44568.0,23.9,11.6,72.0,30.15,21.69,22.0,0.0,0.0,
2026-03-27T07:00:00,03/27/202607:00,21.8,0.0,0.0,51.2,0.0,0.0,0.0,0.0,0.0,198.7,23561.0,44568.0,23.9,11.6,72.0,30.15,21.69,22.0,0.0,0.0,
2026-03-27T07:01:00,03/27/202607:01,21.82,0.0,0.0,51.2,0.0,0.0,0.0,0.0,0.0,198.7,23561.0,44568.0,24.0,11.6,72.0,30.15,21.69,22.0,0.0,0.0,
2026-03-27T07:01:10,03/27/202607:01,21.84,0.0,0.0,51.2,0.0,0.0,0.0,0.0,0.0,198.7,23561.0,44568.0,23.9,11.55,72.1,30.153,21.634,21.9,0.0,0.0,
2026-03-27T07:02:00,03/27/202607:02,21.869999999999997,0.0,0.0,51.2,0.0,0.0,0.0,0.0,0.0,198.7,23561.0,44568.0,23.9,11.5,72.2,30.156,21.578,21.8,0.0,0.0,
2026-03-27T07:02:10,03/27/202607:02,21.91,0.0,0.0,51.2,0.0,0.0,0.0,0.0,0.0,198.7,23561.0,44568.0,24.0,11.45,72.3,30.159,21.522,21.7,0.0,0.0,
2026-03-27T07:03:01,03/27/202607:03,21.94,0.0,0.0,51.2,0.0,0.0,0.0,0.0,0.0,198.7,23561.0,44568.0,24.0,11.4,72.4,30.162,21.466,21.6,0.0,0.0,
2026-03-27T07:03:10,03/27/202607:03,21.98,0.0,0.0,51.190000000000005,0.0,0.0,0.0,0.0,0.0,198.7,23561.0,44568.0,23.9,11.35,72.5,30.165,21.41,21.5,0.0,0.0,
2026-03-27T07:04:00,03/27/202607:04,22.02,0.0,0.0,51.18,0.0,0.0,0.0,0.0,0.0,198.7,23561.0,44568.0,23.9,11.3,72.6,30.168,21.354,21.4,0.0,0.0,
2026-03-27T07:04:11,03/27/202607:04,22.06,0.0,0.0,51.18,0.0,0.0,0.0,0.0,0.0,198.7,23561.0,44568.0,23.9,11.25,72.7,30.171,21.298,21.3,0.0,0.0,
2026-03-27T07:05:01,03/27/202607:05,22.1,0.0,0.0,51.18,0.0,0.0,0.0,0.0,0.0,198.7,23561.0,44568.0,23.9,11.2,72.8,30.174,21.241999999999997,21.2,0.0,0.0,
2026-03-27T07:06:18,03/27/202607:06,22.18,0.0,0.0,51.190000000000005,0.0,0.0,0.0,0.0,0.0,198.7,23561.0,44568.0,24.0,11.15,72.9,30.177,21.186,21.1,0.0,0.0,
2026-03-27T07:07:00,03/27/202607:07,22.259999999999998,0.0,0.0,51.2,0.0,0.0,0.0,0.0,0.0,198.7,23561.0,44568.0,24.0,11.1,73.0,30.18,21.13,21.0,0.0,0.0,
2026-03-27T07:07:10,03/27/202607:07,22.35,0.0,0.0,51.190000000000005,0.0,0.0,0.0,0.0,0.0,198.7,23561.0,44568.0,24.0,11.1,73.0,30.18,21.13,21.0,0.0,0.0,
2026-03-27T07:08:00,03/27/202607:08,22.44,0.0,0.0,51.18,0.0,0.0,0.0,0.0,0.0,198.7,23561.0,44568.0,24.0,11.1,73.0,30.18,21.13,21.0,0.0,0.0,
2026-03-27T07:08:10,03/27/202607:08,22.55,0.0,0.0,51.18,0.0,0.0,0.0,0.0,0.0,198.7,23561.0,44568.0,23.9,11.1,73.0,30.18,21.13,21.0,0.0,0.0,
2026-03-27T07:09:00,03/27/202607:09,22.66,0.0,0.0,51.18,0.0,0.0,0.0,0.0,0.0,198.7,23561.0,44568.0,23.9,11.1,73.0,30.18,21.13,21.0,0.0,0.0,
2026-03-27T07:09:09,03/27/202607:09,22.8,0.0,0.0,51.190000000000005,0.0,0.0,0.0,0.0,0.0,198.7,23561.0,44568.0,24.0,11.1,73.0,30.18,21.13,21.0,0.0,0.0,
2026-03-27T07:10:00,03/27/202607:10,22.94,0.0,0.0,51.2,0.0,0.0,0.0,0.0,0.0,198.7,23561.0,44568.0,24.0,11.1,73.0,30.18,21.13,21.0,0.0,0.0,
2026-03-27T07:10:10,03/27/202607:10,23.11,0.0,0.0,51.2,0.0,0.0,0.0,0.0,0.0,198.7,23561.0,44568.0,24.0,11.1,73.0,30.18,21.13,21.0,0.0,0.0,
2026-03-27T07:11:00,03/27/202607:11,23.28,0.0,0.0,51.2,0.0,0.0,0.0,0.0,0.0,198.7,23561.0,44568.0,24.0,11.1,73.0,30.18,21.13,21.0,0.0,0.0,
2026-03-27T07:11:06,03/27/202607:11,23.43,0.0,0.0,51.18,0.0,0.0,0.0,0.0,0.0,198.7,23561.0,44568.0,24.0,11.1,73.0,30.18,21.13,21.0,0.0,0.0,
2026-03-27T07:12:09,03/27/202607:12,23.580000000000002,0.0,0.0,51.17,0.0,0.0,0.0,0.0,0.0,198.7,23561.0,44568.0,23.9,11.1,73.0,30.18,21.13,21.0,0.0,0.0,
2026-03-27T07:12:10,03/27/202607:12,23.77,0.0,0.0,51.18,0.0,0.0,0.0,0.0,0.0,198.7,23561.0,44568.0,23.9,11.1,73.0,30.18,21.13,21.0,0.0,0.0,
2026-03-27T07:12:54,03/27/202607:12,24.009999999999998,0.0,0.0,51.18,0.0,0.0,0.0,0.0,0.0,198.7,23561.0,44568.0,23.9,11.1,73.0,30.18,21.13,21.0,0.0,0.0,
2026-03-27T07:13:00,03/27/202607:13,24.22,0.0,0.0,51.17,0.0,0.0,0.0,0.0,0.0,198.7,23561.0,44568.0,23.9,11.1,73.0,30.18,21.13,21.0,0.0,0.0,
2026-03-27T07:13:54,03/27/202607:13,24.48,0.0,0.0,51.17,0.0,0.0,0.0,0.0,0.0,198.7,23561.0,44568.0,23.9,11.1,73.0,30.18,21.13,21.0,0.0,0.0,
2026-03-27T07:14:00,03/27/202607:14,24.7,0.0,0.0,51.17,0.0,0.0,0.0,0.0,0.0,198.7,23561.0,44568.0,23.9,11.1,73.0,30.18,21.13,21.0,0.0,0.0,
2026-03-27T07:14:56,03/27/202607:14,25.03,0.0,0.0,51.17,0.0,0.0,0.0,0.0,0.0,198.7,23561.0,44568.0,23.9,11.1,73.0,30.18,21.13,21.0,0.0,0.0,
2026-03-27T07:15:00,03/27/202607:15,25.32,0.0,0.0,51.17,0.0,0.0,0.0,0.0,0.0,198.7,23561.0,44568.0,23.9,11.1,73.0,30.18,21.13,21.0,0.0,0.0,
2026-03-27T07:15:56,03/27/202607:15,25.73,0.0,0.0,51.17,0.0,0.0,0.0,0.0,0.0,198.7,23561.0,44568.0,23.9,11.07,73.0,30.183,21.142,20.9,0.0,0.0,
2026-03-27T07:16:00,03/27/202607:16,26.119999999999997,0.0,0.0,51.18,0.0,0.0,0.0,0.0,0.0,198.7,23561.0,44568.0,23.9,11.040000000000001,73.0,30.186,21.154,20.8,0.0,0.0,
2026-03-27T07:17:30,03/27/202607:17,26.619999999999997,0.0,0.0,51.17,0.0,0.0,0.0,0.0,0.0,198.7,23561.0,44568.0,23.9,11.01,73.0,30.189,21.166,20.7,0.0,0.0,
2026-03-27T07:17:57,03/27/202607:17,27.22,0.0,0.0,51.17,0.0,0.0,0.0,0.0,0.0,198.7,23561.0,44568.0,24.0,10.98,73.0,30.192,21.178,20.6,0.0,0.0,
2026-03-27T07:18:00,03/27/202607:18,27.77,0.0,0.0,51.18,0.0,0.0,0.0,0.0,0.0,198.7,23561.0,44568.0,24.0,10.95,73.0,30.195,21.19,20.5,0.0,0.0,
2026-03-27T07:18:56,03/27/202607:18,28.580000000000002,0.0,0.0,51.18,0.0,0.0,0.0,0.0,0.0,198.7,23561.0,44568.0,23.9,10.92,73.0,30.198,21.201999999999998,20.4,0.0,0.0,
2026-03-27T07:19:00,03/27/202607:19,29.339999999999996,0.0,0.0,51.17,0.0,0.0,0.0,0.0,0.0,198.7,23561.0,44568.0,23.9,10.89,73.0,30.201,21.214,20.3,0.0,0.0,
2026-03-27T07:19:26,03/27/202607:19,30.15,0.0,0.0,51.17,0.0,0.0,0.0,0.0,0.0,198.7,23561.0,44568.0,24.0,10.860000000000001,73.0,30.204,21.226,20.2,0.0,0.0,
2026-03-27T07:20:00,03/27/202607:20,30.85,0.0,0.0,51.17,0.0,0.0,0.0,0.0,0.0,198.7,23561.0,44568.0,24.0,10.830000000000002,73.0,30.207,21.238,20.1,0.0,0.0,
2026-03-27T07:20:27,03/27/202607:20,31.65,0.0,0.0,51.17,0.0,0.0,0.0,0.0,0.0,198.7,23561.0,44568.0,24.0,10.8,73.0,30.21,21.25,20.0,0.0,0.0,
2026-03-27T07:21:00,03/27/202607:21,32.33,0.0,0.0,51.17,0.0,0.0,0.0,0.0,0.0,198.7,23561.0,44568.0,24.0,10.8,73.0,30.21,21.25,20.0,0.0,0.0,
2026-03-27T07:21:27,03/27/202607:21,33.07,0.0,0.0,51.160000000000004,0.0,0.0,0.0,0.0,0.0,198.7,23561.0,44568.0,23.9,10.8,73.0,30.21,21.25,20.0,0.0,0.0,
2026-03-27T07:22:00,03/27/202607:22,33.7,0.0,0.0,51.160000000000004,0.0,0.0,0.0,0.0,0.0,198.7,23561.0,44568.0,23.9,10.8,73.0,30.21,21.25,20.0,0.0,0.0,
2026-03-27T07:22:27,03/27/202607:22,34.45,0.0,0.0,51.15,0.0,0.0,0.0,0.0,0.0,198.7,23561.0,44568.0,23.9,10.8,73.0,30.21,21.25,20.0,0.0,0.0,
2026-03-27T07:23:00,03/27/202607:23,35.2,0.0,0.0,51.14,0.0,0.0,0.0,0.0,0.0,198.7,23561.0,44568.0,23.9,10.8,73.0,30.21,21.25,20.0,0.0,0.0,
2026-03-27T07:23:26,03/27/202607:23,35.9,0.0,0.0,51.15,0.0,0.0,0.0,0.0,0.0,198.7,23561.0,44568.0,24.0,10.8,73.0,30.21,21.25,20.0,0.0,0.0,
2026-03-27T07:24:00,03/27/202607:24,36.6,0.0,0.0,51.160000000000004,0.0,0.0,0.0,0.0,0.0,198.7,23561.0,44568.0,24.0,10.8,73.0,30.21,21.25,20.0,0.0,0.0,
2026-03-27T07:24:27,03/27/202607:24,37.51,0.0,0.0,51.15,0.0,0.0,0.0,0.0,0.0,198.7,23561.0,44568.0,23.9,10.8,73.0,30.21,21.25,20.0,0.0,0.0,
2026-03-27T07:25:01,03/27/202607:25,38.42,0.0,0.0,51.14,0.0,0.0,0.0,0.0,0.0,198.7,23561.0,44568.0,23.9,10.8,73.0,30.21,21.25,20.0,0.0,0.0,
2026-03-27T07:25:26,03/27/202607:25,39.33,0.0,0.0,51.14,0.0,0.0,0.0,0.0,0.0,198.7,23561.0,44568.0,23.9,10.8,73.0,30.21,21.25,20.0,0.0,0.0,
2026-03-27T07:26:01,03/27/202607:26,40.239999999999995,0.0,0.0,51.14,0.0,0.0,0.0,0.0,0.0,198.7,23561.0,44568.0,23.9,10.8,73.0,30.21,21.25,20.0,0.0,0.0,
2026-03-27T07:26:26,03/27/202607:26,41.0,0.0,0.0,51.15,0.0,0.0,0.0,0.0,0.0,198.7,23561.0,44568.0,23.9,10.8,73.0,30.21,21.25,20.0,0.0,0.0,
2026-03-27T07:27:00,03/27/202607:27,41.760000000000005,0.0,0.0,51.160000000000004,0.0,0.0,0.0,0.0,0.0,198.7,23561.0,44568.0,23.9,10.8,73.0,30.21,21.25,20.0,0.0,0.0,
2026-03-27T07:27:27,03/27/202607:27,42.17,0.0,0.0,51.17,0.0,0.0,0.0,0.0,0.0,198.7,23561.0,44568.0,24.0,10.8,73.0,30.21,21.25,20.0,0.0,0.0,
2026-03-27T07:28:42,03/27/202607:28,42.53,0.0,0.0,51.18,0.0,0.0,0.0,0.0,0.0,198.7,23561.0,44568.0,23.9,10.8,73.0,30.21,21.25,20.0,0.0,0.0,
2026-03-27T07:29:00,03/27/202607:29,42.68,0.0,0.0,51.18,0.0,0.0,0.0,0.0,0.0,198.7,23561.0,44568.0,23.9,10.8,73.0,30.21,21.25,20.0,0.0,0.0,
2026-03-27T07:29:27,03/27/202607:29,42.93,0.0,0.0,51.17,0.0,0.0,0.0,0.0,0.0,198.7,23561.0,44568.0,23.9,10.8,73.0,30.21,21.25,20.0,0.0,0.0,
2026-03-27T07:30:00,03/27/202607:30,42.92,0.0,0.0,51.17,0.0,0.0,0.0,0.0,0.0,198.7,23561.0,44568.0,23.9,10.8,73.0,30.21,21.25,20.0,0.0,0.0,
2026-03-27T07:30:27,03/27/202607:30,43.03,0.0,0.0,51.18,0.0,0.0,0.0,0.0,0.0,198.7,23561.0,44568.0,24.0,10.8,73.0,30.21,21.25,20.0,0.0,0.0,
2026-03-27T07:31:00,03/27/202607:31,43.04,0.0,0.0,51.18,0.0,0.0,0.0,0.0,0.0,198.7,23561.0,44568.0,24.0,10.8,73.0,30.21,21.25,20.0,0.0,0.0,
2026-03-27T07:31:27,03/27/202607:31,43.239999999999995,0.0,0.0,51.17,0.0,0.0,0.0,0.0,0.0,198.7,23561.0,44568.0,23.9,10.77,72.9,30.21,21.262999999999998,20.0,0.0,0.0,
2026-03-27T07:32:00,03/27/202607:32,43.53,0.0,0.0,51.160000000000004,0.0,0.0,0.0,0.0,0.0,198.7,23561.0,44568.0,23.9,10.74,72.8,30.21,21.276,20.0,0.0,0.0,
2026-03-27T07:32:26,03/27/202607:32,44.510000000000005,0.0,0.0,51.15,0.0,0.0,0.0,0.0,0.0,198.7,23561.0,44568.0,24.0,10.71,72.7,30.21,21.288999999999998,20.0,0.0,0.0,
2026-03-27T07:33:01,03/27/202607:33,45.56,0.0,0.0,51.14,0.0,0.0,0.0,0.0,0.0,198.7,23561.0,44568.0,23.9,10.680000000000001,72.6,30.21,21.302,20.0,0.0,0.0,
2026-03-27T07:33:53,03/27/202607:33,46.67,0.0,0.0,51.13,0.0,0.0,0.0,0.0,0.0,198.7,23561.0,44568.0,24.0,10.65,72.5,30.21,21.315,20.0,0.0,0.0,
2026-03-27T07:34:00,03/27/202607:34,47.78,0.0,0.0,51.120000000000005,0.0,0.0,0.0,0.0,0.0,198.7,23561.0,44568.0,24.0,10.620000000000001,72.4,30.21,21.328,20.0,0.0,0.0,
2026-03-27T07:35:01,03/27/202607:35,48.79,0.0,0.0,51.120000000000005,0.0,0.0,0.0,0.0,0.0,198.7,23561.0,44568.0,23.9,10.59,72.3,30.21,21.341,20.0,0.0,0.0,
2026-03-27T07:36:00,03/27/202607:36,49.8,0.0,0.0,51.120000000000005,0.0,0.0,0.0,0.0,0.0,198.7,23561.0,44568.0,23.9,10.559999999999999,72.2,30.21,21.354,20.0,0.0,0.0,
2026-03-27T07:36:53,03/27/202607:36,50.68,0.0,0.0,51.120000000000005,0.0,0.0,0.0,0.0,0.0,198.7,23561.0,44568.0,24.0,10.53,72.1,30.21,21.366999999999997,20.0,0.0,0.0,
2026-03-27T07:37:00,03/27/202607:37,51.56,0.0,0.0,51.120000000000005,0.0,0.0,0.0,0.0,0.0,198.7,23561.0,44568.0,24.0,10.5,72.0,30.21,21.38,20.0,0.0,0.0,
2026-03-27T07:38:12,03/27/202607:38,52.260000000000005,0.0,0.0,51.13,0.0,0.0,0.0,0.0,0.0,198.7,23561.0,44568.0,24.0,10.5,72.0,30.207,21.38,20.0,0.0,0.0,
2026-03-27T07:39:54,03/27/202607:39,52.96,0.0,0.0,51.13,0.0,0.0,0.0,0.0,0.0,198.7,23561.0,44568.0,23.9,10.5,72.2,30.204,21.38,20.0,0.0,0.0,
2026-03-27T07:40:01,03/27/202607:40,52.970000000000006,0.0,0.0,51.13,0.0,0.0,0.0,0.0,0.0,198.7,23561.0,44568.0,23.9,10.5,72.4,30.201,21.38,20.0,0.0,0.0,
2026-03-27T07:41:01,03/27/202607:41,52.98,0.0,0.0,51.13,0.0,0.0,0.0,0.0,0.0,198.7,23561.0,44568.0,24.0,10.5,72.6,30.198,21.38,20.0,0.0,0.0,
2026-03-27T07:41:12,03/27/202607:41,52.970000000000006,0.0,0.0,51.14,0.0,0.0,0.0,0.0,0.0,198.7,23561.0,44568.0,23.9,10.5,72.8,30.195,21.38,20.0,0.0,0.0,
2026-03-27T07:42:01,03/27/202607:42,52.96,0.0,0.0,51.15,0.0,0.0,0.0,0.0,0.0,198.7,23561.0,44568.0,23.9,10.5,73.0,30.192,21.38,20.0,0.0,0.0,
2026-03-27T07:42:12,03/27/202607:42,52.96,0.0,0.0,51.160000000000004,0.0,0.0,0.0,0.0,0.0,198.7,23561.0,44568.0,23.9,10.5,73.2,30.189,21.38,20.0,0.0,0.0,
2026-03-27T07:43:01,03/27/202607:43,52.96,0.0,0.0,51.17,0.0,0.0,0.0,0.0,0.0,198.7,23561.0,44568.0,23.9,10.5,73.4,30.186,21.38,20.0,0.0,0.0,
2026-03-27T07:44:00,03/27/202607:44,52.970000000000006,0.0,0.0,51.17,0.0,0.0,0.0,0.0,0.0,198.7,23561.0,44568.0,24.0,10.5,73.6,30.183,21.38,20.0,0.0,0.0,
2026-03-27T07:45:01,03/27/202607:45,52.98,0.0,0.0,51.160000000000004,0.0,0.0,0.0,0.0,0.0,198.7,23561.0,44568.0,24.0,10.5,73.8,30.18,21.38,20.0,0.0,0.0,
2026-03-27T07:45:13,03/27/202607:45,52.970000000000006,0.0,0.0,51.15,0.0,0.0,0.0,0.0,0.0,198.7,23561.0,44568.0,24.0,10.5,74.0,30.18,21.416999999999998,20.2,0.0,0.0,
2026-03-27T07:46:00,03/27/202607:46,52.96,0.0,0.0,51.160000000000004,0.0,0.0,0.0,0.0,0.0,198.7,23561.0,44568.0,23.9,10.5,74.0,30.18,21.454,20.4,0.0,0.0,
2026-03-27T07:46:35,03/27/202607:46,52.96,0.0,0.0,51.160000000000004,0.0,0.0,0.0,0.0,0.0,198.7,23561.0,44568.0,23.9,10.459999999999999,73.8,30.183,21.522,20.7,0.3,0.0,
2026-03-27T07:47:01,03/27/202607:47,52.96,0.0,0.0,51.160000000000004,0.0,0.0,0.0,0.0,0.0,198.7,23561.0,44568.0,23.9,10.42,73.6,30.186,21.589999999999996,21.0,0.6,0.0,
2026-03-27T07:48:01,03/27/202607:48,52.970000000000006,0.0,0.0,51.160000000000004,0.0,0.0,0.0,0.0,0.0,198.7,23561.0,44568.0,23.9,10.379999999999999,73.4,30.189,21.657999999999998,21.3,0.9,0.0,
2026-03-27T07:49:01,03/27/202607:49,52.98,0.0,0.0,51.15,0.0,0.0,0.0,0.0,0.0,198.7,23561.0,44568.0,23.9,10.34,73.2,30.192,21.726,21.6,1.2,0.0,
2026-03-27T07:51:05,03/27/202607:51,52.989999999999995,0.0,0.0,51.13,0.0,0.0,0.0,0.0,0.0,198.7,23561.0,44568.0,23.9,10.3,73.0,30.195,21.794,21.9,1.5,0.0,
2026-03-27T07:52:00,03/27/202607:52,53.0,0.0,0.0,51.13,0.0,0.0,0.0,0.0,0.0,198.7,23561.0,44568.0,23.9,10.26,72.8,30.198,21.862000000000002,22.2,1.8,0.0,
2026-03-27T07:52:48,03/27/202607:52,53.02,0.0,0.0,51.120000000000005,0.0,0.0,0.0,0.0,0.0,198.7,23561.0,44568.0,24.0,10.22,72.6,30.201,21.93,22.5,2.1,0.0,
2026-03-27T07:53:00,03/27/202607:53,53.04,0.0,0.0,51.120000000000005,0.0,0.0,0.0,0.0,0.0,198.7,23561.0,44568.0,24.0,10.18,72.4,30.204,21.997999999999998,22.8,2.4,0.0,
2026-03-27T07:54:00,03/27/202607:54,53.07000000000001,0.0,0.0,51.120000000000005,0.0,0.0,0.0,0.0,0.0,198.7,23561.0,44568.0,23.9,10.139999999999999,72.2,30.207,22.029,22.9,2.7,0.0,
2026-03-27T07:55:00,03/27/202607:55,53.1,0.0,0.0,51.11,0.0,0.0,0.0,0.0,0.0,198.7,23561.0,44568.0,23.9,10.1,72.0,30.21,22.06,23.0,3.0,0.0,
2026-03-27T07:55:49,03/27/202607:55,52.89,0.01,0.5289,51.11,0.0,0.0,0.0,0.0,0.0,198.7,23561.0,44568.0,23.9,10.1,72.0,30.21,22.06,23.0,3.0,0.0,0.0
2026-03-27T07:56:00,03/27/202607:56,52.67999999999999,0.02,1.0535999999999999,51.11,0.0,0.0,0.0,0.0,0.0,198.7,23561.0,44568.0,23.9,10.1,72.0,30.21,22.06,23.0,3.0,0.0,0.0
2026-03-27T07:56:48,03/27/202607:56,60.279999999999994,0.02,1.2056,51.11,0.0,0.0,0.0,0.0,0.0,198.7,23561.0,44568.0,23.9,10.1,72.0,30.21,22.06,23.0,3.0,0.0,0.0
2026-03-27T07:57:00,03/27/202607:57,67.88,0.02,1.3576,51.120000000000005,0.0,0.0,0.0,0.0,0.0,198.7,23561.0,44568.0,23.9,10.1,72.0,30.21,22.06,23.0,3.0,0.0,0.0
2026-03-27T07:58:11,03/27/202607:58,75.58,0.02,1.5116,51.14,0.0,0.0,0.0,0.0,0.0,198.7,23561.0,44568.0,23.9,10.1,72.0,30.21,22.06,23.0,3.0,0.0,0.0
2026-03-27T07:59:00,03/27/202607:59,83.28,0.02,1.6656,51.14,0.0,0.0,0.0,0.0,0.0,198.7,23561.0,44568.0,23.9,10.1,72.0,30.21,22.06,23.0,3.0,0.0,0.0
2026-03-27T07:59:11,03/27/202607:59,91.02000000000001,0.02,1.8204000000000002,51.14,0.0,0.0,0.0,0.0,0.0,198.7,23561.0,44568.0,23.9,10.1,72.0,30.21,22.06,23.0,3.0,0.0,0.0
2026-03-27T08:00:00,03/27/202608:00,98.76,0.02,1.9752,51.14,0.0,0.0,0.0,0.0,0.0,198.7,23561.0,44568.0,23.9,10.1,72.0,30.21,22.06,23.0,3.0,0.0,0.0
2026-03-27T08:00:10,03/27/202608:00,106.50999999999999,0.02,2.1302,51.15,0.0,0.0,0.0,0.0,0.0,198.7,23561.0,44568.0,23.9,10.1,72.0,30.21,22.06,23.0,3.0,0.0,0.0
2026-03-27T08:01:00,03/27/202608:01,114.25999999999999,0.02,2.2851999999999997,51.160000000000004,0.0,0.0,0.0,0.0,0.0,198.7,23561.0,44568.0,23.9,10.1,72.0,30.21,22.06,23.0,3.0,0.0,0.0
2026-03-27T08:02:14,03/27/202608:02,122.41,0.01,1.2241,51.17,0.0,0.0,0.0,0.0,0.0,198.7,23561.0,44568.0,23.9,10.08,71.9,30.213,21.991999999999997,23.0,3.5,0.0,0.0
2026-03-27T08:03:00,03/27/202608:03,130.56,0.0,0.0,51.18,0.0,0.0,0.0,0.0,0.0,198.7,23561.0,44568.0,23.9,10.059999999999999,71.8,30.216,21.924,23.0,4.0,0.0,
2026-03-27T08:03:11,03/27/202608:03,131.07,0.0,0.0,51.17,0.0,0.0,0.0,0.0,0.0,198.7,23561.0,44568.0,23.9,10.040000000000001,71.7,30.219,21.856,23.0,4.5,0.0,
2026-03-27T08:04:00,03/27/202608:04,131.57999999999998,0.0,0.0,51.160000000000004,0.0,0.0,0.0,0.0,0.0,198.7,23561.0,44568.0,23.9,10.02,71.6,30.222,21.788,23.0,5.0,0.0,
2026-03-27T08:04:11,03/27/202608:04,131.98999999999998,0.0,0.0,51.160000000000004,0.0,0.0,0.0,0.0,0.0,198.7,23561.0,44568.0,23.9,10.0,71.5,30.225,21.72,23.0,5.5,0.0,
2026-03-27T08:05:01,03/27/202608:05,132.4,0.0,0.0,51.160000000000004,0.0,0.0,0.0,0.0,0.0,198.7,23561.0,44568.0,23.9,9.98,71.4,30.227999999999998,21.651999999999997,23.0,6.0,0.0,
2026-03-27T08:05:11,03/27/202608:05,131.56,0.0,0.0,51.160000000000004,0.0,0.0,0.0,0.0,0.0,198.7,23561.0,44568.0,23.9,9.959999999999999,71.3,30.231,21.583999999999996,23.0,6.5,0.0,
2026-03-27T08:06:00,03/27/202608:06,130.72,0.0,0.0,51.160000000000004,0.0,0.0,0.0,0.0,0.0,198.7,23561.0,44568.0,23.9,9.940000000000001,71.2,30.233999999999998,21.516,23.0,7.0,0.0,
2026-03-27T08:06:10,03/27/202608:06,131.13,0.0,0.0,51.15,0.0,0.0,0.0,0.0,0.0,198.7,23561.0,44568.0,23.9,9.92,71.1,30.237000000000002,21.448,23.0,7.5,0.0,
2026-03-27T08:07:00,03/27/202608:07,131.54000000000002,0.0,0.0,51.14,0.0,0.0,0.0,0.0,0.0,198.7,23561.0,44568.0,23.9,9.9,71.0,30.24,21.38,23.0,8.0,0.0,
2026-03-27T08:07:10,03/27/202608:07,131.25,0.0,0.0,51.14,0.0,0.0,0.0,0.0,0.0,198.7,23561.0,44568.0,23.9,9.9,71.0,30.24,21.38,23.0,8.0,0.0,
2026-03-27T08:08:01,03/27/202608:08,130.95999999999998,0.0,0.0,51.14,0.0,0.0,0.0,0.0,0.0,198.7,23561.0,44568.0,23.9,9.9,71.0,30.24,21.38,23.0,8.0,0.0,
2026-03-27T08:08:11,03/27/202608:08,131.14000000000001,0.0,0.0,51.15,0.0,0.0,0.0,0.0,0.0,198.7,23561.0,44568.0,23.9,9.9,71.0,30.24,21.38,23.0,8.0,0.0,
2026-03-27T08:09:00,03/27/202608:09,131.32,0.0,0.0,51.160000000000004,0.0,0.0,0.0,0.0,0.0,198.7,23561.0,44568.0,23.9,9.9,71.0,30.24,21.38,23.0,8.0,0.0,
2026-03-27T08:09:11,03/27/202608:09,131.32999999999998,0.0,0.0,51.15,0.0,0.0,0.0,0.0,0.0,198.7,23561.0,44568.0,23.9,9.9,71.0,30.24,21.38,23.0,8.0,0.0,
2026-03-27T08:10:00,03/27/202608:10,131.34,0.0,0.0,51.14,0.0,0.0,0.0,0.0,0.0,198.7,23561.0,44568.0,23.9,9.9,71.0,30.24,21.38,23.0,8.0,0.0,
2026-03-27T08:10:11,03/27/202608:10,132.74,0.0,0.0,51.15,0.0,0.0,0.0,0.0,0.0,198.7,23561.0,44568.0,23.9,9.9,71.0,30.24,21.38,23.0,8.0,0.0,
2026-03-27T08:11:01,03/27/202608:11,134.14000000000001,0.0,0.0,51.160000000000004,0.0,0.0,0.0,0.0,0.0,198.7,23561.0,44568.0,23.9,9.9,71.0,30.24,21.38,23.0,8.0,0.0,
2026-03-27T08:11:05,03/27/202608:11,134.29000000000002,0.0,0.0,51.160000000000004,0.0,0.0,0.0,0.0,0.0,198.7,23561.0,44568.0,23.9,9.9,71.0,30.24,21.38,23.0,8.0,0.0,
2026-03-27T08:12:00,03/27/202608:12,134.44,0.0,0.0,51.160000000000004,0.0,0.0,0.0,0.0,0.0,198.7,23561.0,44568.0,23.9,9.9,71.0,30.24,21.38,23.0,8.0,0.0,
2026-03-27T08:12:05,03/27/202608:12,135.15,0.0,0.0,51.160000000000004,0.0,0.0,0.0,0.0,0.0,198.7,23561.0,44568.0,23.9,9.9,71.0,30.24,21.38,23.0,8.0,0.0,
2026-03-27T08:13:26,03/27/202608:13,135.91,0.0,0.0,51.15,0.0,0.0,0.0,0.0,0.0,198.7,23561.0,44568.0,23.9,9.9,71.0,30.24,21.38,23.0,8.0,0.0,
2026-03-27T08:14:00,03/27/202608:14,136.03,0.0,0.0,51.14,0.0,0.0,0.0,0.0,0.0,198.7,23561.0,44568.0,23.9,9.9,71.0,30.24,21.38,23.0,8.0,0.0,
2026-03-27T08:14:04,03/27/202608:14,135.12,0.0,0.0,51.14,0.0,0.0,0.0,0.0,0.0,198.7,23561.0,44568.0,23.9,9.9,71.0,30.24,21.38,23.0,8.0,0.0,
2026-03-27T08:15:00,03/27/202608:15,134.37,0.0,0.0,51.15,0.0,0.0,0.0,0.0,0.0,198.7,23561.0,44568.0,23.9,9.9,71.0,30.24,21.38,23.0,8.0,0.0,
2026-03-27T08:15:05,03/27/202608:15,134.54000000000002,0.0,0.0,51.160000000000004,0.0,0.0,0.0,0.0,0.0,198.7,23561.0,44568.0,23.9,9.9,71.0,30.24,21.38,23.0,8.0,0.0,
2026-03-27T08:16:00,03/27/202608:16,134.52,0.0,0.0,51.160000000000004,0.0,0.0,0.0,0.0,0.0,198.7,23561.0,44568.0,23.9,9.9,71.0,30.24,21.38,23.0,8.0,0.0,
2026-03-27T08:16:04,03/27/202608:16,134.14000000000001,0.0,0.0,51.160000000000004,0.0,0.0,0.0,0.0,0.0,198.7,23561.0,44568.0,23.9,9.9,70.8,30.24,21.323999999999998,23.1,9.6,0.0,
2026-03-27T08:17:00,03/27/202608:17,133.75,0.0,0.0,51.17,0.0,0.0,0.0,0.0,0.0,198.7,23561.0,44568.0,23.9,9.9,70.6,30.24,21.268,23.2,11.2,0.0,
2026-03-27T08:17:04,03/27/202608:17,133.60999999999999,0.0,0.0,51.18,0.0,0.0,0.0,0.0,0.0,198.7,23561.0,44568.0,23.9,9.9,70.4,30.24,21.212,23.3,12.8,0.0,
2026-03-27T08:20:02,03/27/202608:20,134.6,0.0,0.0,51.2,0.0,0.0,0.0,0.0,0.0,198.7,23561.0,44568.0,23.9,9.9,69.0,30.24,20.82,24.0,24.0,0.0,
2026-03-27T08:21:00,03/27/202608:21,134.5,0.0,0.0,51.2,0.0,0.0,0.0,0.0,0.0,198.7,23561.0,44568.0,23.9,9.9,69.0,30.24,20.82,24.0,15.5,0.0,
2026-03-27T08:22:00,03/27/202608:22,134.53333333333333,0.0,0.0,51.166666666666664,0.0,0.0,0.0,0.0,0.0,198.7,23561.0,44568.0,23.9,10.0,69.0,30.24,20.82,24.0,12.666666666666666,0.0,
2026-03-27T08:23:00,03/27/202608:23,134.625,0.0,0.0,51.175000000000004,0.0,0.0,0.0,0.0,0.0,198.7,23561.0,44568.0,23.9,10.05,69.0,30.24,20.82,24.0,11.25,0.0,
2026-03-27T08:24:00,03/27/202608:23,134.6,0.0,0.0,51.18,0.0,0.0,0.0,0.0,0.0,198.7,23561.0,44568.0,23.9,10.08,69.0,30.24,20.806,24.0,10.4,0.0,
2026-03-27T08:24:01,03/27/202608:24,134.58333333333334,0.0,0.0,51.18333333333334,0.0,0.0,0.0,0.0,0.0,198.7,23561.0,44568.0,23.9,10.1,69.0,30.24,20.796666666666667,24.0,9.833333333333334,0.0,
2026-03-27T08:25:00,03/27/202608:25,134.68571428571428,0.0,0.0,51.17142857142858,0.0,0.0,0.0,0.0,0.0,198.7,23561.0,44568.0,23.9,10.114285714285714,69.0,30.24,20.79,24.0,9.428571428571429,0.0,
2026-03-27T08:26:00,03/27/202608:25,134.7,0.0,0.0,51.175000000000004,0.0,0.0,0.0,0.0,0.0,198.7,23561.0,44568.0,23.9,10.125,69.0,30.24,20.785,24.0,9.125,0.0,
2026-03-27T08:26:01,03/27/202608:26,134.7111111111111,0.0,0.0,51.17777777777778,0.0,0.0,0.0,0.0,0.0,198.7,23561.0,44568.0,23.9,10.133333333333333,69.0,30.239999999999995,20.781111111111112,24.0,8.88888888888889,0.0,
2026-03-27T08:27:00,03/27/202608:27,134.69,0.0,0.0,51.17,0.0,0.0,0.0,0.0,0.0,198.7,23561.0,44568.0,23.9,10.139999999999999,69.0,30.24,20.778,24.0,8.7,0.0,
2026-03-27T08:28:00,03/27/202608:28,134.63,0.0,0.0,51.17,0.0,0.0,0.0,0.0,0.0,198.7,23561.0,44568.0,23.9,10.169999999999998,69.0,30.24,20.666,24.1,7.0,0.0,
2026-03-27T08:28:59,03/27/202608:28,134.6,0.0,0.0,51.17,0.0,0.0,0.0,0.0,0.0,198.7,23561.0,44568.0,23.9,10.2,69.0,30.24,20.554,24.2,7.0,0.0,
2026-03-27T08:29:01,03/27/202608:29,134.55,0.0,0.0,51.18,0.0,0.0,0.0,0.0,0.0,198.7,23561.0,44568.0,23.9,10.2,69.0,30.24,20.442,24.3,7.0,0.0,
2026-03-27T08:31:13,03/27/202608:31,134.49,0.0,0.0,51.18,0.0,0.0,0.0,0.0,0.0,198.7,23561.0,44568.0,23.9,10.16,68.9,30.243000000000002,20.255000000000003,24.2,7.2,0.0,
2026-03-27T08:32:00,03/27/202608:32,133.51000000000002,0.0,0.0,51.17,0.0,0.0,0.0,0.0,0.0,198.7,23561.0,44568.0,23.9,10.12,68.8,30.246,20.075,24.1,7.4,0.0,
2026-03-27T08:33:00,03/27/202608:33,133.62,0.0,0.0,51.17,0.0,0.0,0.0,0.0,0.0,198.7,23561.0,44568.0,23.9,10.08,68.7,30.249000000000002,19.895,24.0,7.6,0.0,
2026-03-27T08:34:01,03/27/202608:34,133.5,0.0,0.0,51.17,0.0,0.0,0.0,0.0,0.0,198.7,23561.0,44568.0,23.9,10.040000000000001,68.6,30.252,19.715,23.9,7.8,0.0,
2026-03-27T08:35:00,03/27/202608:34,133.63,0.0,0.0,51.17,0.0,0.0,0.0,0.0,0.0,198.7,23561.0,44568.0,23.9,10.0,68.5,30.255000000000003,19.535,23.8,8.0,0.0,
2026-03-27T08:35:01,03/27/202608:35,133.76,0.0,0.0,51.17,0.0,0.0,0.0,0.0,0.0,198.7,23561.0,44568.0,23.9,9.959999999999999,68.4,30.258,19.354999999999997,23.7,8.2,0.0,
2026-03-27T08:36:00,03/27/202608:36,133.89000000000001,0.0,0.0,51.17,0.0,0.0,0.0,0.0,0.0,198.7,23561.0,44568.0,23.9,9.92,68.3,30.261000000000003,19.175,23.6,8.4,0.0,
2026-03-27T08:37:01,03/27/202608:37,134.04000000000002,0.0,0.0,51.160000000000004,0.0,0.0,0.0,0.0,0.0,198.7,23561.0,44568.0,23.9,9.88,68.2,30.264,19.1,23.4,8.6,0.0,
2026-03-27T08:38:00,03/27/202608:37,134.32999999999998,0.0,0.0,51.15,0.0,0.0,0.0,0.0,0.0,198.7,23561.0,44568.0,23.9,9.84,68.1,30.267000000000003,19.025,23.2,8.8,0.0,
2026-03-27T08:38:01,03/27/202608:38,134.62,0.0,0.0,51.14,0.0,0.0,0.0,0.0,0.0,198.7,23561.0,44568.0,23.9,9.8,68.0,30.27,18.95,23.0,9.0,0.0,
2026-03-27T08:39:00,03/27/202608:39,134.91,0.0,0.0,51.13,0.0,0.0,0.0,0.0,0.0,198.7,23561.0,44568.0,23.9,9.8,68.0,30.27,18.95,23.0,9.0,0.0,
2026-03-27T08:39:04,03/27/202608:39,136.1,0.0,0.0,51.14,0.0,0.0,0.0,0.0,0.0,198.7,23561.0,44568.0,23.9,9.8,68.0,30.27,18.95,23.0,9.0,0.0,
2026-03-27T08:40:01,03/27/202608:40,136.2,0.0,0.0,51.14,0.0,0.0,0.0,0.0,0.0,198.7,23561.0,44568.0,23.9,9.8,68.0,30.27,18.95,23.0,9.0,0.0,
2026-03-27T08:40:05,03/27/202608:40,136.57999999999998,0.0,0.0,51.14,0.0,0.0,0.0,0.0,0.0,198.7,23561.0,44568.0,23.9,9.8,68.0,30.27,18.95,23.0,9.0,0.0,
2026-03-27T08:41:01,03/27/202608:41,136.76,0.0,0.0,51.13,0.0,0.0,0.0,0.0,0.0,198.7,23561.0,44568.0,23.9,9.8,68.0,30.27,18.95,23.0,9.0,0.0,
2026-03-27T08:41:04,03/27/202608:41,136.95999999999998,0.0,0.0,51.13,0.0,0.0,0.0,0.0,0.0,198.7,23561.0,44568.0,23.9,9.8,68.0,30.27,18.95,23.0,9.0,0.0,
2026-03-27T08:42:25,03/27/202608:42,137.25,0.0,0.0,51.14,0.0,0.0,0.0,0.0,0.0,198.7,23561.0,44568.0,23.9,9.8,68.0,30.27,18.95,23.0,9.0,0.0,
2026-03-27T08:43:00,03/27/202608:43,137.57,0.0,0.0,51.15,0.0,0.0,0.0,0.0,0.0,198.7,23561.0,44568.0,23.9,9.8,68.0,30.27,18.95,23.0,9.0,0.0,
2026-03-27T08:43:04,03/27/202608:43,137.68,0.0,0.0,51.160000000000004,0.0,0.0,0.0,0.0,0.0,198.7,23561.0,44568.0,23.9,9.8,68.0,30.27,18.95,23.0,9.0,0.0,
2026-03-27T08:44:00,03/27/202608:44,137.79,0.0,0.0,51.17,0.0,0.0,0.0,0.0,0.0,198.7,23561.0,44568.0,23.9,9.8,68.0,30.27,18.95,23.0,9.0,0.0,
2026-03-27T08:44:05,03/27/202608:44,137.91,0.0,0.0,51.18,0.0,0.0,0.0,0.0,0.0,198.7,23561.0,44568.0,23.9,9.8,68.0,30.27,18.95,23.0,9.0,0.0,
2026-03-27T08:45:01,03/27/202608:45,138.09,0.0,0.0,51.18,0.0,0.0,0.0,0.0,0.0,198.7,23561.0,44568.0,23.9,9.8,68.0,30.27,18.95,23.0,9.0,0.0,
2026-03-27T08:45:05,03/27/202608:45,138.38,0.0,0.0,51.18,0.0,0.0,0.0,0.0,0.0,198.7,23561.0,44568.0,23.9,9.8,68.0,30.27,18.95,23.0,9.0,0.0,
2026-03-27T08:55:52,03/27/202608:55,140.5,0.0,0.0,51.4,0.0,0.0,0.0,0.0,0.0,198.7,23561.0,44568.0,23.9,9.6,66.0,30.27,19.57,22.0,15.0,0.0,
2026-03-27T08:56:01,03/27/202608:56,140.5,0.0,0.0,51.4,0.0,0.0,0.0,0.0,0.0,198.7,23561.0,44568.0,23.9,9.6,66.0,30.27,19.57,22.0,15.0,0.0,
2026-03-27T08:56:05,03/27/202608:56,114.46666666666665,0.13333333333333333,15.26222222222222,51.4,0.09999999999999999,5.14,5.0,0.0,0.0,198.7,23561.0,44568.0,23.9,9.6,68.0,30.27,19.57,22.0,15.0,0.0,0.33677926616191034
2026-03-27T08:57:00,03/27/202608:57,101.45,0.2,20.290000000000003,51.4,0.15,7.709999999999999,7.5,0.0,0.0,198.7,23561.0,44568.0,23.9,9.6,69.0,30.27,19.57,22.0,15.0,0.0,0.3799901429275504
2026-03-27T08:57:05,03/27/202608:57,109.22,0.16,17.4752,51.4,0.12,6.167999999999999,6.0,0.0,0.0,198.7,23561.0,44568.0,23.9,9.6,69.6,30.27,19.57,22.0,15.0,0.0,0.35295733382164435
2026-03-27T08:58:00,03/27/202608:58,114.39999999999999,0.13333333333333333,15.253333333333332,51.4,0.09999999999999999,5.14,5.0,0.0,0.0,198.7,23561.0,44568.0,23.9,9.6,70.0,30.27,19.57,22.0,15.0,0.0,0.3369755244755245
2026-03-27T08:58:04,03/27/202608:58,106.98571428571428,0.15714285714285717,16.812040816326533,51.4,0.12857142857142856,6.608571428571428,6.428571428571429,0.0,0.0,198.7,23561.0,44568.0,23.9,9.6,70.28571428571429,30.27,19.57,22.0,15.0,0.0,0.393085616479928
2026-03-27T08:59:01,03/27/202608:59,101.425,0.175,17.749374999999997,51.4,0.15,7.709999999999999,7.5,0.0,0.0,198.7,23561.0,44568.0,23.9,9.6,70.5,30.27,19.57,22.0,15.0,0.0,0.43438149230606715
2026-03-27T08:59:05,03/27/202608:59,105.72222222222223,0.15555555555555556,16.445679012345682,51.4,0.13333333333333333,6.853333333333333,6.666666666666667,0.0,0.0,198.7,23561.0,44568.0,23.9,9.6,70.66666666666667,30.27,19.57,22.0,15.0,0.0,0.41672547106073105
2026-03-27T09:00:00,03/27/202609:00,109.16,0.13999999999999999,15.282399999999997,51.4,0.12,6.167999999999999,6.0,0.0,0.0,198.7,23561.0,44568.0,23.9,9.6,70.8,30.27,19.57,22.0,15.0,0.0,0.40360152855572423
2026-03-27T09:00:05,03/27/202609:00,109.09,0.13999999999999999,15.272599999999999,51.410000000000004,0.12,6.1692,6.0,0.0,0.0,198.7,23561.0,44568.0,23.9,9.6,71.4,30.27,19.57,22.0,15.0,0.0,0.40393908044471805
2026-03-27T09:01:00,03/27/202609:01,109.02000000000001,0.13999999999999999,15.2628,51.42,0.12,6.1704,6.0,0.0,0.0,198.7,23561.0,44568.0,23.9,9.6,72.0,30.27,19.57,22.0,15.0,0.0,0.4042770658070603
2026-03-27T09:01:04,03/27/202609:01,116.81000000000002,0.1,11.681000000000003,51.42999999999999,0.09,4.628699999999999,4.5,0.0,0.0,198.7,23561.0,44568.0,23.9,9.57,72.0,30.273000000000003,19.583000000000002,21.9,15.0,0.0,0.39625888194503883
2026-03-27T09:02:01,03/27/202609:02,124.6,0.06,7.475999999999999,51.44,0.06,3.0864,3.0,0.0,0.0,198.7,23561.0,44568.0,23.9,9.540000000000001,72.0,30.276,19.596,21.8,15.0,0.0,0.4128410914927769
2026-03-27T09:02:05,03/27/202609:02,124.57000000000001,0.06,7.4742,51.44,0.06,3.0864,3.0,0.0,0.0,198.7,23561.0,44568.0,23.9,9.51,72.0,30.279000000000003,19.609,21.7,15.0,0.0,0.41294051537288273
2026-03-27T09:03:00,03/27/202609:03,124.54,0.06,7.4724,51.44,0.06,3.0864,3.0,0.0,0.0,198.7,23561.0,44568.0,23.9,9.48,72.0,30.282,19.622,21.6,15.0,0.0,0.41303998715272194
2026-03-27T09:03:04,03/27/202609:03,132.3,0.03,3.9690000000000003,51.44,0.03,1.5432,1.5,0.0,0.0,198.7,23561.0,44568.0,23.9,9.45,72.0,30.285000000000004,19.634999999999998,21.5,15.0,0.0,0.38881330309901735
2026-03-27T09:04:00,03/27/202609:04,140.06,0.0,0.0,51.44,0.0,0.0,0.0,0.0,0.0,198.7,23561.0,44568.0,23.9,9.42,72.0,30.288,19.648,21.4,15.0,0.0,
2026-03-27T09:04:04,03/27/202609:04,132.3,0.02,2.6460000000000004,51.45,0.03,1.5435,1.5,0.0,0.0,198.7,23561.0,44568.0,23.9,9.39,72.0,30.291000000000004,19.660999999999998,21.3,15.0,0.0,0.5833333333333333
2026-03-27T09:05:01,03/27/202609:05,124.54,0.04,4.9816,51.46,0.06,3.0876,3.0,0.0,0.0,198.7,23561.0,44568.0,23.9,9.360000000000001,72.0,30.294,19.674,21.2,15.0,0.0,0.6198008671912638
2026-03-27T09:05:05,03/27/202609:05,124.65,0.04,4.986000000000001,51.46,0.06,3.0876,3.0,0.0,0.0,198.7,23561.0,44568.0,23.9,9.330000000000002,72.0,30.297000000000004,19.687,21.1,15.0,0.0,0.6192539109506618
2026-03-27T09:07:03,03/27/202609:07,116.5,0.06000000000000001,6.990000000000001,51.46,0.09,4.6314,4.5,0.0,0.0,198.7,23561.0,44568.0,23.9,9.3,72.0,30.3,19.7,21.0,15.0,0.0,0.6625751072961372
2026-03-27T09:07:04,03/27/202609:07,116.55,0.06000000000000001,6.993000000000001,51.470000000000006,0.09,4.632300000000001,4.5,0.0,0.0,198.7,23561.0,44568.0,23.9,9.3,72.0,30.3,19.7,21.0,15.0,0.0,0.6624195624195625
2026-03-27T09:08:01,03/27/202609:08,116.6,0.06000000000000001,6.996000000000001,51.48,0.09,4.6331999999999995,4.5,0.0,0.0,198.7,23561.0,44568.0,23.9,9.3,72.0,30.3,19.7,21.0,15.0,0.0,0.6622641509433961
2026-03-27T09:08:05,03/27/202609:08,109.1,0.09,9.818999999999999,51.489999999999995,0.13,6.6937,6.5,0.0,0.0,198.7,23561.0,44568.0,23.9,9.3,72.0,30.3,19.7,21.0,15.0,0.0,0.6817089316631022
2026-03-27T09:09:00,03/27/202609:09,101.6,0.12,12.191999999999998,51.5,0.16999999999999998,8.754999999999999,8.5,0.0,0.0,198.7,23561.0,44568.0,23.9,9.3,72.0,30.3,19.7,21.0,15.0,0.0,0.7180938320209974
2026-03-27T09:09:05,03/27/202609:09,101.73,0.12,12.2076,51.52,0.16999999999999998,8.7584,8.5,0.0,0.0,198.7,23561.0,44568.0,23.9,9.3,72.0,30.3,19.7,21.0,15.0,0.0,0.7174547003506013
2026-03-27T09:10:01,03/27/202609:10,101.86,0.12,12.2232,51.54,0.16999999999999998,8.7618,8.5,0.0,0.0,198.7,23561.0,44568.0,23.9,9.3,72.0,30.3,19.7,21.0,15.0,0.0,0.7168172000785391
2026-03-27T09:10:04,03/27/202609:10,101.38000000000001,0.13999999999999999,14.1932,51.55,0.18,9.279,9.0,0.0,0.0,198.7,23561.0,44568.0,23.9,9.3,72.0,30.3,19.7,21.0,15.0,0.0,0.6537637742017305
2026-03-27T09:11:01,03/27/202609:11,100.9,0.16,16.144000000000002,51.56,0.19,9.7964,9.5,0.0,0.0,198.7,23561.0,44568.0,23.9,9.3,72.0,30.3,19.7,21.0,15.0,0.0,0.6068136769078295
2026-03-27T09:11:24,03/27/202609:11,93.73,0.2,18.746000000000002,51.57000000000001,0.24,12.376800000000001,12.0,0.0,0.0,198.7,23561.0,44568.0,23.9,9.3,72.0,30.3,19.7,21.0,15.0,0.0,0.6602368505281127
2026-03-27T09:12:00,03/27/202609:12,94.82000000000001,0.22000000000000003,20.860400000000006,51.589999999999996,0.26,13.4134,13.0,0.0,0.0,198.7,23561.0,44568.0,23.9,9.3,72.0,30.3,19.7,21.0,15.0,0.0,0.6430078042607043
2026-03-27T09:12:50,03/27/202609:12,87.67,0.27,23.670900000000003,51.6,0.32,16.512,16.1,0.0,0.0,198.7,23561.0,44568.0,23.9,9.3,72.0,30.3,19.7,21.0,15.0,0.0,0.6975653650685018
2026-03-27T09:13:01,03/27/202609:13,80.52000000000001,0.32,25.766400000000004,51.61,0.38,19.6118,19.2,0.0,0.0,198.7,23561.0,44568.0,23.9,9.3,72.0,30.3,19.7,21.0,15.0,0.0,0.7611385370094385
2026-03-27T09:13:50,03/27/202609:13,80.95,0.33,26.713500000000003,51.64,0.39,20.1396,19.7,0.0,0.0,198.7,23561.0,44568.0,23.9,9.3,72.0,30.3,19.7,21.0,15.0,0.0,0.7539109439047672
2026-03-27T09:14:01,03/27/202609:14,81.38,0.34,27.6692,51.67,0.4,20.668000000000003,20.2,0.0,0.0,198.7,23561.0,44568.0,23.9,9.3,72.0,30.3,19.7,21.0,15.0,0.0,0.7469677475315514
2026-03-27T09:14:50,03/27/202609:14,77.08,0.39,30.0612,51.69,0.45,23.2605,22.7,0.0,0.0,198.7,23561.0,44568.0,23.9,9.3,72.0,30.3,19.7,21.0,15.0,0.0,0.7737715061274999
2026-03-27T09:15:01,03/27/202609:15,72.78,0.44000000000000006,32.0232,51.71,0.5,25.855,25.2,0.0,0.0,198.7,23561.0,44568.0,23.9,9.3,72.0,30.3,19.7,21.0,15.0,0.0,0.807383397037148
2026-03-27T09:15:49,03/27/202609:15,76.86,0.44000000000000006,33.818400000000004,51.73,0.51,26.382299999999997,25.7,0.0,0.0,198.7,23561.0,44568.0,23.9,9.3,72.0,30.3,19.7,21.0,15.0,0.0,0.7801167411823148
2026-03-27T09:16:01,03/27/202609:16,80.94,0.44000000000000006,35.613600000000005,51.75,0.52,26.91,26.2,0.0,0.0,198.7,23561.0,44568.0,23.9,9.3,72.0,30.3,19.7,21.0,15.0,0.0,0.7556102163218544
2026-03-27T09:16:50,03/27/202609:16,83.88,0.44000000000000006,36.9072,51.779999999999994,0.52,26.9256,26.2,0.0,0.0,198.7,23561.0,44568.0,23.9,9.290000000000001,71.9,30.3,19.644,21.2,15.3,0.01,0.7295487059435557
2026-03-27T09:18:15,03/27/202609:18,87.38,0.44000000000000006,38.4472,51.8,0.53,27.454,26.8,0.0,0.0,198.7,23561.0,44568.0,23.9,9.280000000000001,71.8,30.3,19.588,21.4,15.6,0.02,0.7140702053725628
2026-03-27T09:18:50,03/27/202609:18,90.9,0.44000000000000006,39.99600000000001,51.83,0.54,27.988200000000003,27.3,0.0,0.0,198.7,23561.0,44568.0,23.9,9.27,71.7,30.3,19.532,21.6,15.9,0.030000000000000006,0.6997749774977496
2026-03-27T09:19:00,03/27/202609:19,94.42,0.44000000000000006,41.54480000000001,51.86,0.55,28.523000000000003,27.8,0.0,0.0,198.7,23561.0,44568.0,23.9,9.26,71.6,30.3,19.476,21.8,16.2,0.04,0.686560050836687
2026-03-27T09:19:50,03/27/202609:19,97.95,0.45,44.0775,51.89,0.5700000000000001,29.577300000000005,28.9,0.0,0.0,198.7,23561.0,44568.0,23.9,9.25,71.5,30.3,19.419999999999998,22.0,16.5,0.05,0.6710294367874767
2026-03-27T09:20:00,03/27/202609:20,101.47999999999999,0.45999999999999996,46.68079999999999,51.92,0.59,30.6328,30.0,0.0,0.0,198.7,23561.0,44568.0,23.9,9.24,71.4,30.3,19.363999999999997,22.2,16.8,0.06000000000000001,0.6562184024266937
2026-03-27T09:20:51,03/27/202609:20,100.67999999999999,0.45,45.306,51.96,0.6,31.176,30.6,0.0,0.0,198.7,23561.0,44568.0,23.9,9.23,71.3,30.3,19.308,22.4,17.1,0.07,0.6881207787048074
2026-03-27T09:21:01,03/27/202609:21,99.88,0.44000000000000006,43.9472,52.0,0.61,31.72,31.2,0.0,0.0,198.7,23561.0,44568.0,23.9,9.219999999999999,71.2,30.3,19.252000000000002,22.6,17.4,0.08,0.7217752211745002
2026-03-27T09:21:50,03/27/202609:21,99.08,0.45,44.586,52.04,0.6199999999999999,32.264799999999994,31.8,0.0,0.0,198.7,23561.0,44568.0,23.9,9.209999999999999,71.1,30.3,19.196,22.8,17.7,0.09,0.7236531646705243
2026-03-27T09:22:00,03/27/202609:22,98.28,0.45999999999999996,45.2088,52.08,0.63,32.8104,32.4,0.0,0.0,198.7,23561.0,44568.0,23.9,9.2,71.0,30.3,19.14,23.0,18.0,0.1,0.7257525083612041
2026-03-27T09:22:50,03/27/202609:22,97.44,0.47000000000000003,45.796800000000005,52.11,0.65,33.8715,33.5,0.0,0.0,198.7,23561.0,44568.0,23.9,9.2,71.0,30.3,19.14,23.0,18.0,0.1,0.7396040771407608
2026-03-27T09:23:01,03/27/202609:23,96.03999999999999,0.48,46.099199999999996,52.14,0.6599999999999999,34.4124,34.0,0.0,0.0,198.7,23561.0,44568.0,23.9,9.2,71.0,30.3,19.14,23.0,18.0,0.1,0.7464858392336526
2026-03-27T09:23:50,03/27/202609:23,95.61,0.5,47.805,52.18000000000001,0.6599999999999999,34.4388,34.0,0.0,0.0,198.7,23561.0,44568.0,23.9,9.2,71.0,30.3,19.14,23.0,18.0,0.1,0.7204016316284908
2026-03-27T09:24:00,03/27/202609:24,95.17999999999999,0.52,49.4936,52.220000000000006,0.6599999999999999,34.4652,34.0,0.0,0.0,198.7,23561.0,44568.0,23.9,9.2,71.0,30.3,19.14,23.0,18.0,0.1,0.6963567006643284
2026-03-27T09:24:50,03/27/202609:24,94.71000000000001,0.54,51.14340000000001,52.25,0.6699999999999999,35.00749999999999,34.5,0.0,0.0,198.7,23561.0,44568.0,23.9,9.2,71.0,30.3,19.14,23.0,18.0,0.1,0.6844969243343225
2026-03-27T09:25:00,03/27/202609:25,94.24000000000001,0.5599999999999999,52.7744,52.279999999999994,0.6799999999999999,35.550399999999996,35.0,0.0,0.0,198.7,23561.0,44568.0,23.9,9.2,71.0,30.3,19.14,23.0,18.0,0.1,0.6736296386126606
2026-03-27T09:25:51,03/27/202609:25,95.2,0.59,56.168,52.32000000000001,0.7,36.624,36.1,0.0,0.0,198.7,23561.0,44568.0,23.9,9.2,71.0,30.3,19.14,23.0,18.0,0.1,0.6520438683948157
2026-03-27T09:26:01,03/27/202609:26,96.16,0.6199999999999999,59.619199999999985,52.36,0.72,37.6992,37.2,0.0,0.0,198.7,23561.0,44568.0,23.9,9.2,71.0,30.3,19.14,23.0,18.0,0.1,0.6323332080940369
2026-03-27T09:26:50,03/27/202609:26,98.17,0.6199999999999999,60.86539999999999,52.4,0.74,38.775999999999996,38.3,0.0,0.0,198.7,23561.0,44568.0,23.9,9.2,71.0,30.3,19.14,23.0,18.0,0.1,0.637077880043506
2026-03-27T09:27:01,03/27/202609:27,100.17999999999999,0.6199999999999999,62.11159999999998,52.44,0.76,39.8544,39.4,0.0,0.0,198.7,23561.0,44568.0,23.9,9.2,71.0,30.3,19.14,23.0,18.0,0.1,0.6416579189716576
2026-03-27T09:27:50,03/27/202609:27,102.25,0.63,64.4175,52.5,0.78,40.95,40.5,0.0,0.0,198.7,23561.0,44568.0,23.9,9.2,71.0,30.3,19.14,23.0,18.0,0.1,0.6356968215158925
2026-03-27T09:28:00,03/27/202609:28,104.32000000000001,0.6399999999999999,66.7648,52.56,0.8,42.048,41.6,0.0,0.0,198.7,23561.0,44568.0,23.9,9.2,71.0,30.3,19.14,23.0,18.0,0.1,0.6297929447852761
2026-03-27T09:29:26,03/27/202609:29,105.42,0.63,66.41460000000001,52.61,0.8200000000000001,43.1402,42.7,0.0,0.0,198.7,23561.0,44568.0,23.9,9.2,71.0,30.3,19.14,23.0,18.0,0.1,0.6495589825128811
2026-03-27T09:29:50,03/27/202609:29,106.42999999999999,0.6199999999999999,65.98659999999998,52.660000000000004,0.8400000000000001,44.23440000000001,43.8,0.0,0.0,198.7,23561.0,44568.0,23.8,9.19,71.0,30.3,19.14,23.0,18.8,0.1,0.6703542840516108
2026-03-27T09:30:00,03/27/202609:30,107.47,0.61,65.55669999999999,52.71,0.85,44.8035,44.4,0.0,0.0,198.7,23561.0,44568.0,23.8,9.18,71.0,30.3,19.14,23.0,19.6,0.1,0.6834312892503742
2026-03-27T09:30:50,03/27/202609:30,108.52000000000001,0.59,64.02680000000001,52.77,0.85,44.8545,44.5,0.0,0.0,198.7,23561.0,44568.0,23.9,9.18,70.8,30.3,19.32,23.2,23.4,0.1,0.7005582037521787
2026-03-27T09:31:01,03/27/202609:31,109.55999999999999,0.5700000000000001,62.4492,52.81,0.85,44.8885,44.5,0.0,0.0,198.7,23561.0,44568.0,23.9,9.18,70.6,30.3,19.5,23.4,27.2,0.1,0.7188002408357513
2026-03-27T09:31:50,03/27/202609:31,110.63,0.5599999999999999,61.95279999999999,52.86,0.8700000000000001,45.988200000000006,45.6,0.0,0.0,198.7,23561.0,44568.0,23.9,9.18,70.4,30.3,19.68,23.6,31.0,0.1,0.7423102749189708
2026-03-27T09:32:01,03/27/202609:32,110.64000000000001,0.5700000000000001,63.06480000000001,52.910000000000004,0.89,47.08990000000001,46.7,0.0,0.0,198.7,23561.0,44568.0,23.9,9.18,70.2,30.3,19.860000000000003,23.8,34.8,0.1,0.7466907054331418
2026-03-27T09:33:23,03/27/202609:33,110.59,0.59,65.2481,52.98,0.9099999999999999,48.21179999999999,47.8,0.0,0.0,198.7,23561.0,44568.0,23.9,9.18,69.7,30.3,20.04,24.0,38.6,0.1,0.7388996767721971
2026-03-27T09:34:01,03/27/202609:34,110.50999999999999,0.6,66.306,53.029999999999994,0.9199999999999999,48.78759999999999,48.4,0.0,0.0,198.7,23561.0,44568.0,23.9,9.18,69.2,30.3,20.220000000000002,24.2,42.4,0.1,0.7357946490513678
2026-03-27T09:34:22,03/27/202609:34,110.45,0.6,66.27,53.08,0.9199999999999999,48.8336,48.4,0.0,0.0,198.7,23561.0,44568.0,23.8,9.18,68.7,30.3,20.4,24.4,46.2,0.1,0.7368884864946431
2026-03-27T09:35:01,03/27/202609:35,110.35999999999999,0.6,66.216,53.120000000000005,0.9199999999999999,48.870400000000004,48.4,0.0,0.0,198.7,23561.0,44568.0,23.8,9.18,68.2,30.3,20.580000000000002,24.6,50.0,0.1,0.7380451854536669
2026-03-27T09:35:23,03/27/202609:35,111.08,0.6,66.648,53.17999999999999,0.9199999999999999,48.92559999999999,48.5,0.0,0.0,198.7,23561.0,44568.0,23.8,9.19,67.7,30.3,20.76,24.8,53.0,0.1,0.7340895450726203
2026-03-27T09:36:01,03/27/202609:36,111.8,0.6,67.08,53.239999999999995,0.9199999999999999,48.980799999999995,48.6,0.0,0.0,198.7,23561.0,44568.0,23.8,9.2,67.2,30.3,20.94,25.0,56.0,0.1,0.7301848539057841
2026-03-27T09:36:22,03/27/202609:36,112.55999999999999,0.61,68.66159999999999,53.29,0.9199999999999999,49.026799999999994,48.6,0.0,0.0,198.7,23561.0,44568.0,23.9,9.2,66.9,30.3,20.94,25.0,56.0,0.1,0.7140352103650366
2026-03-27T09:37:01,03/27/202609:37,113.32000000000001,0.6199999999999999,70.2584,53.339999999999996,0.9199999999999999,49.072799999999994,48.6,0.0,0.0,198.7,23561.0,44568.0,23.9,9.2,66.6,30.3,20.94,25.0,56.0,0.1,0.6984616786035548
2026-03-27T09:37:22,03/27/202609:37,113.97999999999999,0.6199999999999999,70.66759999999998,53.379999999999995,0.9099999999999999,48.575799999999994,48.1,0.0,0.0,198.7,23561.0,44568.0,23.9,9.2,66.3,30.3,20.94,25.0,56.0,0.1,0.6873843175656171
2026-03-27T09:38:01,03/27/202609:38,114.64000000000001,0.6199999999999999,71.07679999999999,53.42,0.9,48.078,47.6,0.0,0.0,198.7,23561.0,44568.0,23.9,9.2,66.0,30.3,20.94,25.0,56.0,0.1,0.6764232492177477
2026-03-27T09:38:23,03/27/202609:38,115.25,0.6,69.14999999999999,53.45,0.89,47.5705,47.1,0.0,0.0,198.7,23561.0,44568.0,23.8,9.2,66.0,30.3,20.94,25.0,56.0,0.1,0.6879320318148953
2026-03-27T09:39:01,03/27/202609:39,115.85999999999999,0.58,67.19879999999999,53.48,0.8800000000000001,47.062400000000004,46.6,0.0,0.0,198.7,23561.0,44568.0,23.8,9.2,66.0,30.3,20.94,25.0,56.0,0.1,0.700345839509039
2026-03-27T09:39:23,03/27/202609:39,116.46,0.58,67.54679999999999,53.52,0.89,47.6328,47.2,0.0,0.0,198.7,23561.0,44568.0,23.8,9.2,66.0,30.3,20.94,25.0,56.0,0.1,0.7051821847963191
2026-03-27T09:40:38,03/27/202609:40,117.09,0.58,67.9122,53.56,0.9,48.204,47.8,0.0,0.0,198.7,23561.0,44568.0,23.9,9.2,66.0,30.3,20.94,25.0,56.0,0.1,0.7097988284873705
2026-03-27T09:41:00,03/27/202609:41,117.0,0.58,67.86,53.58,0.9099999999999999,48.757799999999996,48.3,0.0,0.0,198.7,23561.0,44568.0,23.9,9.2,66.0,30.3,20.94,25.0,56.0,0.1,0.7185057471264368
2026-03-27T09:41:26,03/27/202609:41,116.6,0.58,67.62799999999999,53.6,0.9199999999999999,49.312,48.8,0.0,0.0,198.7,23561.0,44568.0,23.9,9.2,66.0,30.3,20.94,25.0,56.0,0.1,0.729165434435441
2026-03-27T09:42:00,03/27/202609:42,116.15,0.58,67.367,53.620000000000005,0.9400000000000001,50.402800000000006,49.9,0.0,0.0,198.7,23561.0,44568.0,23.9,9.2,66.0,30.3,20.94,25.0,56.0,0.1,0.7481823444713287
2026-03-27T09:42:27,03/27/202609:42,115.65,0.58,67.077,53.65,0.96,51.504,51.0,0.0,0.0,198.7,23561.0,44568.0,23.9,9.2,66.0,30.3,20.94,25.0,56.0,0.1,0.7678339818417639
2026-03-27T09:43:00,03/27/202609:43,115.22,0.58,66.82759999999999,53.67999999999999,0.97,52.069599999999994,51.5,0.0,0.0,198.7,23561.0,44568.0,23.9,9.2,66.0,30.3,20.94,25.0,56.0,0.1,0.7791631002759339
2026-03-27T09:43:26,03/27/202609:43,115.39000000000001,0.59,68.0801,53.720000000000006,0.99,53.18280000000001,52.6,0.0,0.0,198.7,23561.0,44568.0,23.8,9.2,66.0,30.3,20.94,25.0,56.0,0.1,0.7811798161283547
2026-03-27T09:44:00,03/27/202609:44,115.67,0.61,70.5587,53.75,1.01,54.2875,53.7,0.0,0.0,198.7,23561.0,44568.0,23.8,9.2,66.0,30.3,20.94,25.0,56.0,0.1,0.7693948442927662
2026-03-27T09:44:27,03/27/202609:44,116.34,0.6199999999999999,72.1308,53.779999999999994,1.02,54.855599999999995,54.2,0.0,0.0,198.7,23561.0,44568.0,23.8,9.2,66.0,30.3,20.94,25.0,56.0,0.1,0.7605017551448202
2026-03-27T09:45:01,03/27/202609:45,117.0,0.6199999999999999,72.53999999999999,53.8,1.02,54.876,54.2,0.0,0.0,198.7,23561.0,44568.0,23.8,9.2,66.0,30.3,20.94,25.0,56.0,0.1,0.7564929693961953
2026-03-27T09:45:26,03/27/202609:45,117.63,0.6199999999999999,72.93059999999998,53.82000000000001,1.01,54.35820000000001,53.7,0.0,0.0,198.7,23561.0,44568.0,23.8,9.2,65.9,30.3,21.002000000000002,24.9,62.7,0.1,0.7453414616087077
2026-03-27T09:46:00,03/27/202609:46,118.25999999999999,0.6199999999999999,73.32119999999998,53.839999999999996,1.0,53.839999999999996,53.2,0.0,0.0,198.7,23561.0,44568.0,23.8,9.2,65.8,30.3,21.064,24.8,69.4,0.1,0.7343033120025315
2026-03-27T09:46:27,03/27/202609:46,119.21,0.6199999999999999,73.91019999999999,53.870000000000005,1.0,53.870000000000005,53.3,0.0,0.0,198.7,23561.0,44568.0,23.8,9.2,65.7,30.3,21.125999999999998,24.7,76.1,0.1,0.7288574513395988
2026-03-27T09:47:00,03/27/202609:47,120.16,0.6199999999999999,74.49919999999999,53.9,1.0,53.9,53.4,0.0,0.0,198.7,23561.0,44568.0,23.8,9.2,65.6,30.3,21.188,24.6,82.8,0.1,0.7234977019887463
2026-03-27T09:47:27,03/27/202609:47,119.33,0.63,75.1779,53.92,1.0,53.92,53.5,0.0,0.0,198.7,23561.0,44568.0,23.8,9.2,65.5,30.3,21.25,24.5,89.5,0.1,0.7172320588896471
2026-03-27T09:48:00,03/27/202609:48,118.5,0.6399999999999999,75.83999999999999,53.94,1.0,53.94,53.6,0.0,0.0,198.7,23561.0,44568.0,23.8,9.2,65.4,30.3,21.312,24.4,96.2,0.1,0.71123417721519
2026-03-27T09:49:00,03/27/202609:49,117.07000000000001,0.6399999999999999,74.92479999999999,53.95,0.99,53.4105,53.1,0.0,0.0,198.7,23561.0,44568.0,23.9,9.2,65.3,30.3,21.374000000000002,24.3,102.9,0.1,0.712854755701717
2026-03-27T09:49:27,03/27/202609:49,115.67,0.65,75.1855,53.970000000000006,1.0,53.970000000000006,53.6,0.0,0.0,198.7,23561.0,44568.0,23.9,9.2,65.2,30.3,21.436,24.2,109.6,0.1,0.7178245805374707
2026-03-27T09:50:00,03/27/202609:50,113.88,0.67,76.2996,53.989999999999995,1.02,55.069799999999994,54.7,0.0,0.0,198.7,23561.0,44568.0,23.9,9.2,65.1,30.3,21.497999999999998,24.1,116.3,0.1,0.721757387981064
2026-03-27T09:50:27,03/27/202609:50,113.47999999999999,0.67,76.0316,54.010000000000005,1.03,55.630300000000005,55.3,0.0,0.0,198.7,23561.0,44568.0,23.8,9.2,65.0,30.3,21.56,24.0,123.0,0.1,0.7316734094771122
2026-03-27T09:51:49,03/27/202609:51,113.17,0.6799999999999999,76.95559999999999,54.029999999999994,1.05,56.7315,56.4,0.0,0.0,198.7,23561.0,44568.0,23.9,9.2,65.0,30.3,21.56,24.0,123.0,0.1,0.7371978127647631
2026-03-27T09:52:01,03/27/202609:52,112.85999999999999,0.69,77.87339999999999,54.05,1.0699999999999998,57.83349999999999,57.5,0.0,0.0,198.7,23561.0,44568.0,23.9,9.2,65.0,30.3,21.56,24.0,123.0,0.1,0.7426605233622777
2026-03-27T09:53:25,03/27/202609:53,112.78,0.69,77.81819999999999,54.07000000000001,1.08,58.39560000000001,58.0,0.0,0.0,198.7,23561.0,44568.0,23.8,9.2,65.0,30.3,21.56,24.0,123.0,0.1,0.7504105723339787
2026-03-27T09:54:01,03/27/202609:54,112.7,0.69,77.76299999999999,54.089999999999996,1.09,58.9581,58.5,0.0,0.0,198.7,23561.0,44568.0,23.8,9.2,65.0,30.3,21.56,24.0,123.0,0.1,0.75817676787161
2026-03-27T09:55:00,03/27/202609:55,114.45,0.6799999999999999,77.826,54.1,1.1,59.510000000000005,59.0,0.0,0.0,198.7,23561.0,44568.0,23.8,9.2,65.0,30.3,21.56,24.0,123.0,0.1,0.7646544856474701
2026-03-27T09:55:25,03/27/202609:55,116.21,0.67,77.8607,54.11,1.11,60.06210000000001,59.5,0.0,0.0,198.7,23561.0,44568.0,23.8,9.2,65.0,30.3,21.56,24.0,123.0,0.1,0.7714045725250352
2026-03-27T09:56:00,03/27/202609:56,117.97,0.6599999999999999,77.86019999999999,54.120000000000005,1.12,60.61440000000001,60.0,0.0,0.0,198.7,23561.0,44568.0,23.8,9.2,65.0,30.3,21.56,24.0,123.0,0.1,0.7785030092396374
2026-03-27T09:56:25,03/27/202609:56,119.37,0.6399999999999999,76.39679999999998,54.120000000000005,1.1,59.53200000000001,59.0,0.0,0.0,198.7,23561.0,44568.0,23.8,9.2,65.0,30.3,21.56,24.0,123.0,0.1,0.7792472983161601
2026-03-27T09:57:00,03/27/202609:57,120.77000000000001,0.6199999999999999,74.8774,54.120000000000005,1.08,58.44960000000001,58.0,0.0,0.0,198.7,23561.0,44568.0,23.8,9.2,65.0,30.3,21.56,24.0,123.0,0.1,0.7806040273834296
2026-03-27T09:57:24,03/27/202609:57,119.63,0.63,75.3669,54.120000000000005,1.08,58.44960000000001,58.0,0.0,0.0,198.7,23561.0,44568.0,23.8,9.2,65.0,30.3,21.56,24.0,123.0,0.1,0.7755340872451967
2026-03-27T09:58:01,03/27/202609:58,118.4,0.63,74.592,54.120000000000005,1.08,58.44960000000001,58.0,0.0,0.0,198.7,23561.0,44568.0,23.8,9.2,65.0,30.3,21.56,24.0,123.0,0.1,0.7835907335907337
2026-03-27T09:58:24,03/27/202609:58,117.16,0.6199999999999999,72.63919999999999,54.120000000000005,1.08,58.44960000000001,58.0,0.0,0.0,198.7,23561.0,44568.0,23.8,9.2,65.0,30.3,21.56,24.0,123.0,0.1,0.8046564389475658
2026-03-27T09:59:00,03/27/202609:59,115.67999999999999,0.6199999999999999,71.72159999999998,54.11,1.08,58.4388,58.0,0.0,0.0,198.7,23561.0,44568.0,23.8,9.2,65.0,30.3,21.56,24.0,123.0,0.1,0.8148005621737386
2026-03-27T09:59:25,03/27/202609:59,115.15,0.6399999999999999,73.696,54.1,1.08,58.428000000000004,58.0,0.0,0.0,198.7,23561.0,44568.0,23.8,9.2,65.0,30.3,21.56,24.0,123.0,0.1,0.7928245766391664
2026-03-27T10:00:00,03/27/202610:00,114.62,0.6599999999999999,75.6492,54.1,1.08,58.428000000000004,58.0,0.0,0.0,198.7,23561.0,44568.0,23.8,9.2,65.0,30.3,21.56,24.0,123.0,0.1,0.7723544994527373
2026-03-27T10:00:24,03/27/202610:00,113.52000000000001,0.6799999999999999,77.1936,54.11,1.08,58.4388,58.0,0.0,0.0,198.7,23561.0,44568.0,23.8,9.2,65.0,30.3,21.56,24.0,123.0,0.1,0.7570420345728143
2026-03-27T10:01:01,03/27/202610:01,112.42,0.7,78.694,54.120000000000005,1.08,58.44960000000001,58.0,0.0,0.0,198.7,23561.0,44568.0,23.8,9.2,65.0,30.3,21.56,24.0,123.0,0.1,0.7427453173050043
2026-03-27T10:01:25,03/27/202610:01,111.65,0.72,80.388,54.120000000000005,1.09,58.99080000000001,58.5,0.0,0.0,198.7,23561.0,44568.0,23.8,9.219999999999999,64.9,30.303000000000004,21.548,24.1,133.2,0.11000000000000001,0.7338259441707718
2026-03-27T10:03:53,03/27/202610:03,111.29,0.72,80.1288,54.120000000000005,1.1,59.53200000000001,59.0,0.0,0.0,198.7,23561.0,44568.0,23.8,9.239999999999998,64.8,30.306,21.535999999999998,24.2,143.4,0.12000000000000002,0.74295384431066
2026-03-27T10:04:01,03/27/202610:04,112.08,0.71,79.57679999999999,54.120000000000005,1.1,59.53200000000001,59.0,0.0,0.0,198.7,23561.0,44568.0,23.8,9.26,64.7,30.308999999999997,21.524,24.3,153.6,0.13,0.7481074886147724
2026-03-27T10:04:21,03/27/202610:04,111.66,0.72,80.39519999999999,54.13000000000001,1.09,59.001700000000014,58.5,0.0,0.0,198.7,23561.0,44568.0,23.8,9.28,64.6,30.312,21.512,24.4,163.8,0.14,0.7338958047246604
2026-03-27T10:05:00,03/27/202610:05,111.25,0.74,82.325,54.14,1.08,58.4712,58.0,0.0,0.0,198.7,23561.0,44568.0,23.8,9.3,64.5,30.314999999999998,21.5,24.5,174.0,0.15,0.7102484057090799
2026-03-27T10:05:22,03/27/202610:05,110.84,0.75,83.13,54.15,1.08,58.482,58.0,0.0,0.0,198.7,23561.0,44568.0,23.8,9.32,64.4,30.318,21.488,24.6,184.2,0.16,0.7035005413208228
2026-03-27T10:06:00,03/27/202610:06,109.47999999999999,0.74,81.0152,54.160000000000004,1.08,58.49280000000001,58.0,0.0,0.0,198.7,23561.0,44568.0,23.8,9.34,64.3,30.320999999999998,21.476,24.7,194.4,0.17,0.7219978473175406
2026-03-27T10:06:21,03/27/202610:06,108.82000000000001,0.73,79.43860000000001,54.17,1.08,58.503600000000006,58.0,0.0,0.0,198.7,23561.0,44568.0,23.8,9.36,64.2,30.324,21.464000000000002,24.8,204.6,0.18,0.7364631300148794
2026-03-27T10:07:00,03/27/202610:07,108.72,0.72,78.27839999999999,54.17,1.08,58.503600000000006,58.0,0.0,0.0,198.7,23561.0,44568.0,23.8,9.379999999999999,64.1,30.326999999999998,21.452,24.9,214.8,0.19,0.7473785871964681
2026-03-27T10:07:21,03/27/202610:07,108.79,0.73,79.4167,54.17,1.08,58.503600000000006,58.0,0.0,0.0,198.7,23561.0,44568.0,23.8,9.4,64.0,30.329999999999995,21.44,25.0,225.0,0.2,0.7366662175587755
2026-03-27T10:08:00,03/27/202610:08,108.85999999999999,0.74,80.55639999999998,54.18000000000001,1.08,58.51440000000001,58.0,0.0,0.0,198.7,23561.0,44568.0,23.8,9.4,64.0,30.329999999999995,21.44,25.0,225.0,0.2,0.7263780407267457
2026-03-27T10:08:22,03/27/202610:08,109.02000000000001,0.75,81.76500000000001,54.19,1.09,59.0671,58.6,0.0,0.0,198.7,23561.0,44568.0,23.8,9.4,64.0,30.329999999999995,21.44,25.0,225.0,0.2,0.7224007827309973
2026-03-27T10:09:00,03/27/202610:09,109.17999999999999,0.76,82.9768,54.2,1.1,59.620000000000005,59.2,0.0,0.0,198.7,23561.0,44568.0,23.8,9.4,64.0,30.329999999999995,21.44,25.0,225.0,0.2,0.7185140906855894
2026-03-27T10:09:21,03/27/202610:09,110.55999999999999,0.76,84.0256,54.2,1.12,60.70400000000001,60.3,0.0,0.0,198.7,23561.0,44568.0,23.8,9.4,64.0,30.329999999999995,21.44,25.0,225.0,0.2,0.7224464924975247
2026-03-27T10:10:00,03/27/202610:10,111.94000000000001,0.76,85.07440000000001,54.2,1.1400000000000001,61.78800000000001,61.4,0.0,0.0,198.7,23561.0,44568.0,23.8,9.4,64.0,30.329999999999995,21.44,25.0,225.0,0.2,0.7262819367518314
2026-03-27T10:10:21,03/27/202610:10,113.33,0.77,87.2641,54.2,1.16,62.872,62.5,0.0,0.0,198.7,23561.0,44568.0,23.8,9.4,64.0,30.329999999999995,21.44,25.0,225.0,0.2,0.7204795557394164
2026-03-27T10:11:00,03/27/202610:11,114.72,0.78,89.4816,54.2,1.1800000000000002,63.95600000000001,63.6,0.0,0.0,198.7,23561.0,44568.0,23.8,9.4,64.0,30.329999999999995,21.44,25.0,225.0,0.2,0.7147391195508351
2026-03-27T10:11:21,03/27/202610:11,115.75999999999999,0.78,90.2928,54.21,1.2,65.05199999999999,64.7,0.0,0.0,198.7,23561.0,44568.0,23.8,9.4,64.0,30.329999999999995,21.44,25.0,225.0,0.2,0.7204561161022806
2026-03-27T10:12:00,03/27/202610:12,116.8,0.78,91.104,54.220000000000006,1.22,66.14840000000001,65.8,0.0,0.0,198.7,23561.0,44568.0,23.8,9.4,64.0,30.329999999999995,21.44,25.0,225.0,0.2,0.7260756937126801
2026-03-27T10:12:22,03/27/202610:12,117.49000000000001,0.77,90.46730000000001,54.23,1.24,67.2452,66.9,0.0,0.0,198.7,23561.0,44568.0,23.8,9.4,64.0,30.329999999999995,21.44,25.0,225.0,0.2,0.7433094609875611
2026-03-27T10:14:12,03/27/202610:14,117.62,0.77,90.5674,54.239999999999995,1.28,69.4272,69.1,0.0,1.0,198.7,23561.0,44568.0,23.9,9.4,64.0,30.329999999999995,21.44,25.0,225.0,0.2,0.7665804693521068
2026-03-27T10:15:15,03/27/202610:15,117.3,0.8,93.84,54.27,1.3199999999999998,71.6364,71.3,0.0,1.0,198.7,23561.0,44568.0,23.8,9.4,64.0,30.329999999999995,21.44,25.0,225.0,0.2,0.763388746803069
2026-03-27T10:16:00,03/27/202610:16,116.97999999999999,0.8300000000000001,97.0934,54.3,1.3599999999999999,73.84799999999998,73.5,0.0,1.0,198.7,23561.0,44568.0,23.8,9.4,64.0,30.329999999999995,21.44,25.0,225.0,0.2,0.7605872283800957
2026-03-27T10:16:15,03/27/202610:16,116.66,0.85,99.161,54.32000000000001,1.41,76.5912,76.2,0.0,1.0,198.7,23561.0,44568.0,23.8,9.4,63.8,30.329999999999995,21.384,25.1,227.5,0.2,0.7723923720010891
2026-03-27T10:17:01,03/27/202610:17,116.34,0.8699999999999999,101.21579999999999,54.35,1.46,79.351,78.9,0.0,1.0,198.7,23561.0,44568.0,23.8,9.4,63.6,30.329999999999995,21.328,25.2,230.0,0.2,0.7839783907255587
2026-03-27T10:18:00,03/27/202610:18,116.00999999999999,0.89,103.24889999999999,54.379999999999995,1.5,81.57,81.1,0.0,1.0,198.7,23561.0,44568.0,23.8,9.4,63.4,30.329999999999995,21.272,25.3,232.5,0.2,0.7900326298875824
2026-03-27T10:18:26,03/27/202610:18,115.69000000000001,0.9099999999999999,105.2779,54.410000000000004,1.55,84.33550000000001,83.8,0.0,1.0,198.7,23561.0,44568.0,23.8,9.4,63.2,30.329999999999995,21.216,25.4,235.0,0.2,0.8010750594379258
2026-03-27T10:19:00,03/27/202610:19,115.02000000000001,0.9400000000000001,108.11880000000002,54.42999999999999,1.6,87.088,86.5,0.0,1.0,198.7,23561.0,44568.0,23.8,9.4,63.0,30.329999999999995,21.16,25.5,237.5,0.2,0.8054843375990113
2026-03-27T10:20:00,03/27/202610:20,114.35,0.97,110.91949999999999,54.45,1.65,89.8425,89.2,0.0,1.0,198.7,23561.0,44568.0,23.8,9.4,62.8,30.329999999999995,21.104,25.6,240.0,0.2,0.8099793093189206
2026-03-27T10:20:26,03/27/202610:20,113.79,1.0,113.79,54.470000000000006,1.7,92.599,92.0,0.0,1.0,198.7,23561.0,44568.0,23.8,9.4,62.6,30.329999999999995,21.048,25.7,242.5,0.2,0.8137709816328323
2026-03-27T10:21:00,03/27/202610:21,113.79,1.02,116.06580000000001,54.489999999999995,1.73,94.26769999999999,93.7,0.0,1.0,198.7,23561.0,44568.0,23.8,9.4,62.4,30.329999999999995,20.991999999999997,25.8,245.0,0.2,0.8121918773661145
2026-03-27T10:21:26,03/27/202610:21,113.75999999999999,1.03,117.1728,54.489999999999995,1.7600000000000002,95.9024,95.3,0.0,1.0,198.7,23561.0,44568.0,23.8,9.4,62.2,30.329999999999995,20.936,25.9,247.5,0.2,0.8184698155203256
2026-03-27T10:22:00,03/27/202610:22,113.72999999999999,1.04,118.27919999999999,54.489999999999995,1.7899999999999998,97.53709999999998,96.9,0.0,1.0,198.7,23561.0,44568.0,23.8,9.4,62.0,30.329999999999995,20.88,26.0,250.0,0.2,0.8246344243112905
2026-03-27T10:22:26,03/27/202610:22,113.7,1.05,119.385,54.489999999999995,1.8199999999999998,99.17179999999998,98.6,0.0,1.0,198.7,23561.0,44568.0,23.8,9.4,62.0,30.329999999999995,20.88,26.0,250.0,0.2,0.8306889475227204
2026-03-27T10:23:00,03/27/202610:23,113.67,1.06,120.4902,54.48,1.85,100.788,100.3,0.0,1.0,198.7,23561.0,44568.0,23.8,9.4,62.0,30.329999999999995,20.88,26.0,250.0,0.2,0.8364829670794803
2026-03-27T10:23:26,03/27/202610:23,113.65,1.08,122.74200000000002,54.48,1.8800000000000001,102.4224,102.0,0.0,1.0,198.7,23561.0,44568.0,23.9,9.4,62.0,30.329999999999995,20.88,26.0,250.0,0.2,0.8344527545583418
2026-03-27T10:24:00,03/27/202610:24,113.62,1.1,124.98200000000001,54.48,1.9,103.51199999999999,103.2,0.0,1.0,198.7,23561.0,44568.0,23.9,9.4,62.0,30.329999999999995,20.88,26.0,250.0,0.2,0.8282152629978715
2026-03-27T10:25:24,03/27/202610:25,113.59,1.12,127.22080000000001,54.48,1.92,104.60159999999999,104.4,0.0,1.0,198.7,23561.0,44568.0,23.8,9.4,62.0,30.329999999999995,20.88,26.0,250.0,0.2,0.8222051739967048
2026-03-27T10:25:40,03/27/202610:25,113.55999999999999,1.1400000000000001,129.4584,54.48,1.9300000000000002,105.1464,105.0,0.0,1.0,198.7,23561.0,44568.0,23.8,9.4,62.0,30.329999999999995,20.88,26.0,250.0,0.2,0.8122022209451066
2026-03-27T10:26:00,03/27/202610:26,113.6,1.15,130.64,54.48,1.94,105.6912,105.5,0.0,1.0,198.7,23561.0,44568.0,23.8,9.4,62.0,30.329999999999995,20.88,26.0,250.0,0.2,0.8090263319044704
2026-03-27T10:26:41,03/27/202610:26,113.65,1.16,131.834,54.48,1.9600000000000002,106.7808,106.6,0.0,1.0,198.7,23561.0,44568.0,23.8,9.4,62.0,30.329999999999995,20.88,26.0,250.0,0.2,0.8099640456938271
2026-03-27T10:27:01,03/27/202610:27,113.67999999999999,1.17,133.0056,54.48,1.97,107.3256,107.2,0.0,1.0,198.7,23561.0,44568.0,23.8,9.4,62.0,30.329999999999995,20.88,26.0,250.0,0.2,0.8069254226889695
2026-03-27T10:27:40,03/27/202610:27,113.72,1.19,135.3268,54.48,1.9899999999999998,108.41519999999998,108.3,0.0,1.0,198.7,23561.0,44568.0,23.8,9.4,62.0,30.329999999999995,20.88,26.0,250.0,0.2,0.8011362124871052
2026-03-27T10:28:01,03/27/202610:28,113.75,1.21,137.6375,54.489999999999995,2.0,108.97999999999999,108.8,0.0,1.0,198.7,23561.0,44568.0,23.8,9.4,62.0,30.329999999999995,20.88,26.0,250.0,0.2,0.7917900281536645
2026-03-27T10:28:40,03/27/202610:28,113.72,1.23,139.8756,54.5,2.02,110.09,109.8,0.0,1.0,198.7,23561.0,44568.0,23.8,9.4,62.0,30.329999999999995,20.88,26.0,250.0,0.2,0.7870564987746256
2026-03-27T10:29:00,03/27/202610:29,113.67999999999999,1.24,140.9632,54.5,2.04,111.18,110.8,0.0,1.0,198.7,23561.0,44568.0,23.8,9.4,62.0,30.329999999999995,20.88,26.0,250.0,0.2,0.7887164877074301
2026-03-27T10:29:40,03/27/202610:29,113.67999999999999,1.26,143.2368,54.5,2.08,113.36,112.9,0.0,1.0,198.7,23561.0,44568.0,23.8,9.4,62.0,30.329999999999995,20.88,26.0,250.0,0.2,0.791416730895971
2026-03-27T10:30:00,03/27/202610:30,113.67999999999999,1.28,145.5104,54.5,2.12,115.54,115.0,0.0,1.0,198.7,23561.0,44568.0,23.8,9.4,62.0,30.329999999999995,20.88,26.0,250.0,0.2,0.7940325914848698
2026-03-27T10:31:08,03/27/202610:31,113.67,1.31,148.9077,54.489999999999995,2.19,119.33309999999999,118.8,0.0,1.0,198.7,23561.0,44568.0,23.8,9.42,61.7,30.329999999999995,20.812,26.0,244.5,0.21000000000000002,0.8013897199406074
2026-03-27T10:32:01,03/27/202610:32,113.66,1.34,152.30440000000002,54.48,2.2600000000000002,123.12480000000001,122.6,0.0,1.0,198.7,23561.0,44568.0,23.8,9.440000000000001,61.4,30.329999999999995,20.744,26.0,239.0,0.22000000000000003,0.8084126262931339
2026-03-27T10:32:09,03/27/202610:32,114.17,1.3699999999999999,156.41289999999998,54.45,2.34,127.413,126.8,0.0,1.0,198.7,23561.0,44568.0,23.8,9.459999999999999,61.1,30.329999999999995,20.676,26.0,233.5,0.22999999999999998,0.8145939369450986
2026-03-27T10:33:01,03/27/202610:33,114.67999999999999,1.4,160.552,54.42,2.42,131.6964,131.0,0.0,1.0,198.7,23561.0,44568.0,23.8,9.48,60.8,30.329999999999995,20.607999999999997,26.0,228.0,0.24,0.8202725596691416
2026-03-27T10:33:08,03/27/202610:33,115.2,1.4300000000000002,164.73600000000002,54.39,2.4899999999999998,135.4311,134.7,0.0,1.0,198.7,23561.0,44568.0,23.8,9.540000000000001,60.5,30.329999999999995,20.54,26.0,235.0,0.25,0.8221099213286711
2026-03-27T10:34:00,03/27/202610:34,115.72,1.46,168.9512,54.36,2.56,139.1616,138.4,0.0,1.0,198.7,23561.0,44568.0,23.8,9.6,60.2,30.329999999999995,20.472,26.0,242.0,0.26,0.8236792635980094
2026-03-27T10:34:08,03/27/202610:34,116.28,1.49,173.2572,54.33,2.6100000000000003,141.80130000000003,141.1,0.0,1.0,198.7,23561.0,44568.0,23.8,9.66,59.9,30.329999999999995,20.404,26.0,249.0,0.27,0.8184439088245684
2026-03-27T10:35:01,03/27/202610:35,116.84,1.52,177.5968,54.3,2.66,144.438,143.8,0.0,1.0,198.7,23561.0,44568.0,23.8,9.72,59.6,30.329999999999995,20.336,26.0,256.0,0.27999999999999997,0.8132916809311879
2026-03-27T10:35:08,03/27/202610:35,117.77000000000001,1.53,180.18810000000002,54.260000000000005,2.71,147.0446,146.4,0.0,1.0,198.7,23561.0,44568.0,23.8,9.78,59.3,30.329999999999995,20.378999999999998,25.9,263.0,0.29,0.8160616600097342
2026-03-27T10:35:16,03/27/202610:35,118.69000000000001,1.54,182.78260000000003,54.220000000000006,2.7600000000000002,149.64720000000003,149.1,0.0,1.0,198.7,23561.0,44568.0,23.9,9.84,59.0,30.329999999999995,20.422,25.8,270.0,0.3,0.8187168800531341
2026-03-27T10:36:36,03/27/202610:36,119.25999999999999,1.53,182.46779999999998,54.19,2.79,151.1901,150.6,0.0,1.0,198.7,23561.0,44568.0,23.8,9.879999999999999,59.0,30.329999999999995,20.532999999999998,25.7,282.5,0.3,0.8285850983022759
2026-03-27T10:37:00,03/27/202610:37,119.83,1.52,182.1416,54.160000000000004,2.82,152.7312,152.1,0.0,1.0,198.7,23561.0,44568.0,23.8,9.92,59.0,30.329999999999995,20.644,25.6,295.0,0.3,0.8385300227954514
2026-03-27T10:37:17,03/27/202610:37,119.9,1.52,182.24800000000002,54.160000000000004,2.84,153.8144,153.2,0.1,1.0,198.7,23561.0,44568.0,23.8,9.959999999999999,59.0,30.329999999999995,20.755,25.5,307.5,0.3,0.8439840217725297
2026-03-27T10:37:39,03/27/202610:37,119.97,1.51,181.1547,54.15,2.8600000000000003,154.869,154.3,0.1,1.0,198.7,23561.0,44568.0,23.8,10.0,59.0,30.329999999999995,20.866,25.4,320.0,0.3,0.8548991552523892
2026-03-27T10:38:00,03/27/202610:38,120.02000000000001,1.49,178.8298,54.14,2.88,155.9232,155.4,0.1,1.0,198.7,23561.0,44568.0,23.8,10.0,59.0,30.329999999999995,20.976999999999997,25.3,320.0,0.3,0.8719083732129657
2026-03-27T10:38:40,03/27/202610:38,120.92999999999999,1.46,176.5578,54.13000000000001,2.8600000000000003,154.81180000000003,154.3,0.1,1.0,198.7,23561.0,44568.0,23.8,10.0,59.2,30.329999999999995,21.088,25.2,320.0,0.3,0.8768335355334064
2026-03-27T10:39:00,03/27/202610:39,121.85999999999999,1.4300000000000002,174.25979999999998,54.120000000000005,2.85,154.24200000000002,153.7,0.1,1.0,198.7,23561.0,44568.0,23.8,10.0,59.4,30.329999999999995,21.198999999999998,25.1,320.0,0.3,0.8851266901488469
2026-03-27T10:39:38,03/27/202610:39,122.13999999999999,1.42,173.43879999999996,54.120000000000005,2.88,155.8656,155.3,0.1,1.0,198.7,23561.0,44568.0,23.8,10.0,59.6,30.329999999999995,21.31,25.0,320.0,0.3,0.8986778045051051
2026-03-27T10:40:01,03/27/202610:40,122.00999999999999,1.42,173.25419999999997,54.13000000000001,2.8899999999999997,156.4357,155.9,0.1,1.0,198.7,23561.0,44568.0,23.8,10.0,59.8,30.329999999999995,21.31,25.0,320.0,0.3,0.9029258742356608
2026-03-27T10:40:39,03/27/202610:40,121.85,1.42,173.027,54.13000000000001,2.9,156.97700000000003,156.4,0.1,2.0,198.7,23561.0,44568.0,23.8,10.0,60.0,30.329999999999995,21.31,25.0,320.0,0.3,0.9072399105341944
2026-03-27T10:41:01,03/27/202610:41,122.05,1.4300000000000002,174.53150000000002,54.13000000000001,2.91,157.51830000000004,157.0,0.1,2.0,198.7,23561.0,44568.0,23.8,10.0,60.2,30.329999999999995,21.31,25.0,320.0,0.3,0.9025207484035834
2026-03-27T10:41:39,03/27/202610:41,122.52000000000001,1.44,176.4288,54.14,2.8899999999999997,156.4646,156.0,0.1,2.0,198.7,23561.0,44568.0,23.9,10.0,60.4,30.329999999999995,21.31,25.0,320.0,0.3,0.8868427376936191
2026-03-27T10:42:00,03/27/202610:42,122.96,1.44,177.0624,54.14,2.8600000000000003,154.84040000000002,154.4,0.1,2.0,198.7,23561.0,44568.0,23.9,10.0,60.6,30.329999999999995,21.31,25.0,320.0,0.3,0.8744962228005495
2026-03-27T10:42:39,03/27/202610:42,123.35999999999999,1.45,178.87199999999999,54.14,2.82,152.6748,152.2,0.1,2.0,198.7,23561.0,44568.0,23.8,10.0,60.8,30.329999999999995,21.31,25.0,320.0,0.3,0.8535421977727091
2026-03-27T10:43:00,03/27/202610:43,123.75999999999999,1.46,180.68959999999998,54.14,2.7800000000000002,150.50920000000002,150.0,0.1,2.0,198.7,23561.0,44568.0,23.8,10.0,61.0,30.329999999999995,21.31,25.0,320.0,0.3,0.8329710177010743
2026-03-27T10:43:39,03/27/202610:43,123.33,1.48,182.5284,54.14,2.8,151.59199999999998,151.1,0.1,2.0,198.7,23561.0,44568.0,23.8,10.0,61.0,30.329999999999995,21.31,25.0,320.0,0.3,0.8305118545935865
2026-03-27T10:44:01,03/27/202610:44,122.9,1.5,184.35000000000002,54.14,2.82,152.6748,152.2,0.1,2.0,198.7,23561.0,44568.0,23.8,10.0,61.0,30.329999999999995,21.31,25.0,320.0,0.3,0.8281790073230267
2026-03-27T10:44:39,03/27/202610:44,124.05,1.45,179.8725,54.14,2.7199999999999998,147.2608,146.8,0.1,2.0,198.7,23561.0,44568.0,23.8,10.0,61.0,30.329999999999995,21.31,25.0,320.0,0.3,0.8186954648431527
2026-03-27T10:45:01,03/27/202610:45,125.2,1.4,175.28,54.14,2.62,141.8468,141.4,0.1,2.0,198.7,23561.0,44568.0,23.8,10.0,61.0,30.329999999999995,21.31,25.0,320.0,0.3,0.8092583295298951
2026-03-27T10:45:39,03/27/202610:45,126.07000000000001,1.3900000000000001,175.23730000000003,54.15,2.6,140.79,140.3,0.1,2.0,198.7,23561.0,44568.0,23.8,10.0,61.0,30.329999999999995,21.31,25.0,320.0,0.3,0.8034248416290365
2026-03-27T10:46:00,03/27/202610:46,126.94000000000001,1.3800000000000001,175.17720000000003,54.160000000000004,2.58,139.73280000000003,139.2,0.1,2.0,198.7,23561.0,44568.0,23.8,10.0,61.0,30.329999999999995,21.31,25.0,320.0,0.3,0.7976654496133059
2026-03-27T10:47:47,03/27/202610:47,127.87,1.31,167.5097,54.15,2.4699999999999998,133.7505,133.2,0.1,2.0,198.7,23561.0,44568.0,23.8,10.03,60.7,30.333,21.298,25.1,330.7,0.31,0.7984642083413676
2026-03-27T10:48:01,03/27/202610:48,128.8,1.24,159.71200000000002,54.14,2.3600000000000003,127.77040000000002,127.2,0.1,2.0,198.7,23561.0,44568.0,23.8,10.059999999999999,60.4,30.336000000000002,21.285999999999998,25.2,341.4,0.32,0.8000050090162293
2026-03-27T10:48:39,03/27/202610:48,128.38,1.24,159.19119999999998,54.15,2.35,127.2525,126.7,0.1,2.0,198.7,23561.0,44568.0,23.8,10.09,60.1,30.339,21.274,25.3,352.1,0.32999999999999996,0.7993689349662545
2026-03-27T10:49:01,03/27/202610:49,127.96,1.24,158.6704,54.160000000000004,2.34,126.73440000000001,126.2,0.1,2.0,198.7,23561.0,44568.0,23.8,10.120000000000001,59.8,30.341999999999995,21.262,25.4,362.8,0.33999999999999997,0.7987274249009267
2026-03-27T10:49:39,03/27/202610:49,127.55,1.23,156.88649999999998,54.160000000000004,2.31,125.10960000000001,124.6,0.1,2.0,198.7,23561.0,44568.0,23.8,10.15,59.5,30.345,21.25,25.5,373.5,0.35,0.7974529357210469
2026-03-27T10:50:01,03/27/202610:50,127.14000000000001,1.22,155.1108,54.160000000000004,2.2800000000000002,123.48480000000002,123.0,0.1,2.0,198.7,23561.0,44568.0,23.8,10.180000000000001,59.2,30.348000000000003,21.238,25.6,384.2,0.36,0.7961070409023744
2026-03-27T10:51:07,03/27/202610:51,125.75999999999999,1.25,157.2,54.15,2.32,125.62799999999999,125.2,0.1,2.0,198.7,23561.0,44568.0,23.8,10.21,58.9,30.351,21.226,25.7,394.9,0.37,0.7991603053435115
2026-03-27T10:52:00,03/27/202610:52,124.38,1.28,159.2064,54.14,2.3600000000000003,127.77040000000002,127.4,0.1,2.0,198.7,23561.0,44568.0,23.8,10.24,58.6,30.353999999999996,21.214000000000002,25.8,405.6,0.38,0.8025456263064803
2026-03-27T10:52:07,03/27/202610:52,122.75,1.27,155.8925,54.13000000000001,2.31,125.04030000000003,124.7,0.1,2.0,198.7,23561.0,44568.0,23.8,10.27,58.3,30.357,21.202,25.9,416.3,0.39,0.8020931090334688
2026-03-27T10:53:00,03/27/202610:53,121.12,1.26,152.6112,54.120000000000005,2.2600000000000002,122.31120000000003,122.0,0.1,2.0,198.7,23561.0,44568.0,23.8,10.3,58.0,30.360000000000003,21.19,26.0,427.0,0.4,0.8014562496068443
2026-03-27T10:53:07,03/27/202610:53,119.15,1.31,156.0865,54.120000000000005,2.33,126.09960000000001,125.8,0.1,2.0,198.7,23561.0,44568.0,23.8,10.3,58.0,30.360000000000003,21.19,26.0,427.0,0.4,0.8078828085708887
2026-03-27T10:54:01,03/27/202610:54,117.17999999999999,1.3599999999999999,159.36479999999997,54.120000000000005,2.4,129.888,129.6,0.1,2.0,198.7,23561.0,44568.0,23.8,10.3,58.0,30.360000000000003,21.19,26.0,427.0,0.4,0.8150356916960334
2026-03-27T10:54:07,03/27/202610:54,117.74000000000001,1.3199999999999998,155.4168,54.120000000000005,2.36,127.7232,127.4,0.1,2.0,198.7,23561.0,44568.0,23.8,10.3,58.0,30.360000000000003,21.19,26.0,427.0,0.4,0.8218107694921013
2026-03-27T10:55:01,03/27/202610:55,118.3,1.28,151.424,54.120000000000005,2.32,125.5584,125.2,0.1,2.0,198.7,23561.0,44568.0,23.8,10.3,58.0,30.360000000000003,21.19,26.0,427.0,0.4,0.8291842772612004
2026-03-27T10:55:06,03/27/202610:55,119.25,1.25,149.0625,54.120000000000005,2.27,122.85240000000002,122.5,0.1,2.0,198.7,23561.0,44568.0,23.9,10.3,58.0,30.360000000000003,21.19,26.0,427.0,0.4,0.8241670440251574
2026-03-27T10:56:01,03/27/202610:56,120.2,1.2200000000000002,146.64400000000003,54.120000000000005,2.2199999999999998,120.1464,119.8,0.1,2.0,198.7,23561.0,44568.0,23.9,10.3,58.0,30.360000000000003,21.19,26.0,427.0,0.4,0.8193066201140174
2026-03-27T10:56:07,03/27/202610:56,120.66,1.2,144.792,54.120000000000005,2.18,117.98160000000001,117.6,0.1,2.0,198.7,23561.0,44568.0,23.8,10.3,58.0,30.360000000000003,21.19,26.0,427.0,0.4,0.8148350737609814
2026-03-27T10:57:01,03/27/202610:57,121.12,1.1800000000000002,142.9216,54.120000000000005,2.1399999999999997,115.81679999999999,115.4,0.1,2.0,198.7,23561.0,44568.0,23.8,10.3,58.0,30.360000000000003,21.19,26.0,427.0,0.4,0.8103519691915007
2026-03-27T10:57:07,03/27/202610:57,122.15,1.15,140.4725,54.120000000000005,2.12,114.73440000000002,114.3,0.1,2.0,198.7,23561.0,44568.0,23.8,10.3,58.0,30.360000000000003,21.19,26.0,427.0,0.4,0.8167748135756111
2026-03-27T10:58:59,03/27/202610:58,123.17,1.12,137.9504,54.120000000000005,2.1,113.65200000000002,113.2,0.1,2.0,198.7,23561.0,44568.0,23.9,10.3,58.0,30.360000000000003,21.19,26.0,427.0,0.4,0.8238613298692864
2026-03-27T10:59:01,03/27/202610:59,124.2,1.09,135.37800000000001,54.120000000000005,2.08,112.56960000000001,112.1,0.1,2.0,198.7,23561.0,44568.0,23.9,10.3,58.0,30.360000000000003,21.19,26.0,427.0,0.4,0.831520631121748
2026-03-27T10:59:06,03/27/202610:59,125.12,1.07,133.8784,54.13000000000001,2.05,110.96650000000001,110.5,0.1,2.0,198.7,23561.0,44568.0,23.8,10.3,58.0,30.360000000000003,21.19,26.0,427.0,0.4,0.8288603688122954
2026-03-27T11:00:01,03/27/202611:00,124.9,1.07,133.643,54.13000000000001,2.04,110.42520000000002,110.0,0.1,2.0,198.7,23561.0,44568.0,23.8,10.3,58.0,30.360000000000003,21.19,26.0,427.0,0.4,0.8262699879529793
2026-03-27T11:00:07,03/27/202611:00,124.69000000000001,1.07,133.41830000000002,54.120000000000005,2.0300000000000002,109.86360000000002,109.5,0.1,2.0,198.7,23561.0,44568.0,23.9,10.3,58.0,30.360000000000003,21.19,26.0,427.0,0.4,0.8234522550504692
2026-03-27T11:01:00,03/27/202611:01,124.05,1.07,132.7335,54.120000000000005,2.0300000000000002,109.86360000000002,109.5,0.1,2.0,198.7,23561.0,44568.0,23.9,10.3,58.0,30.360000000000003,21.19,26.0,427.0,0.4,0.8277006181559292
2026-03-27T11:01:06,03/27/202611:01,123.97,1.06,131.4082,54.13000000000001,2.05,110.96650000000001,110.6,0.1,2.0,198.7,23561.0,44568.0,23.8,10.3,58.0,30.360000000000003,21.19,26.0,427.0,0.4,0.8444412144752003
2026-03-27T11:02:01,03/27/202611:02,124.42,1.05,130.64100000000002,54.14,2.07,112.06979999999999,111.7,0.1,2.0,198.7,23561.0,44568.0,23.8,10.3,58.0,30.360000000000003,21.19,26.0,427.0,0.4,0.857845546191471
2026-03-27T11:02:06,03/27/202611:02,124.88,1.05,131.124,54.15,2.07,112.09049999999999,111.7,0.1,2.0,198.7,23561.0,44568.0,23.8,10.32,57.7,30.360000000000003,21.14,26.2,432.5,0.4,0.8548435069094902
2026-03-27T11:03:01,03/27/202611:03,125.34,1.06,132.8604,54.160000000000004,2.06,111.56960000000001,111.2,0.1,2.0,198.7,23561.0,44568.0,23.8,10.34,57.4,30.360000000000003,21.09,26.4,438.0,0.4,0.8397505953617482
2026-03-27T11:03:07,03/27/202611:03,125.05,1.08,135.054,54.160000000000004,2.08,112.65280000000001,112.3,0.1,2.0,198.7,23561.0,44568.0,23.9,10.360000000000001,57.1,30.360000000000003,21.04,26.6,443.5,0.4,0.8341315325721564
2026-03-27T11:04:00,03/27/202611:04,124.75999999999999,1.1,137.236,54.160000000000004,2.1,113.73600000000002,113.4,0.1,2.0,198.7,23561.0,44568.0,23.9,10.38,56.8,30.360000000000003,20.990000000000002,26.8,449.0,0.4,0.8287621323850887
2026-03-27T11:04:07,03/27/202611:04,125.35,1.12,140.392,54.15,2.15,116.42249999999999,116.1,0.1,2.0,198.7,23561.0,44568.0,23.8,10.4,56.5,30.360000000000003,20.94,27.0,454.5,0.4,0.8292673371702091
2026-03-27T11:05:00,03/27/202611:05,125.94000000000001,1.1400000000000001,143.57160000000002,54.14,2.2,119.108,118.8,0.1,2.0,198.7,23561.0,44568.0,23.8,10.42,56.2,30.360000000000003,20.89,27.2,460.0,0.4,0.8296069696235188
2026-03-27T11:05:06,03/27/202611:05,125.94000000000001,1.17,147.34980000000002,54.15,2.25,121.83749999999999,121.5,0.1,3.0,198.7,23561.0,44568.0,23.9,10.440000000000001,55.9,30.360000000000003,20.84,27.4,465.5,0.4,0.8268589438194011
2026-03-27T11:06:01,03/27/202611:06,125.94000000000001,1.2,151.12800000000001,54.160000000000004,2.3,124.568,124.2,0.1,3.0,198.7,23561.0,44568.0,23.9,10.459999999999999,55.6,30.360000000000003,20.79,27.6,471.0,0.4,0.8242549362130114
2026-03-27T11:06:07,03/27/202611:06,125.41,1.24,155.5084,54.160000000000004,2.35,127.27600000000001,126.9,0.1,3.0,198.7,23561.0,44568.0,23.8,10.48,55.3,30.360000000000003,20.740000000000002,27.8,476.5,0.4,0.8184509647067297
2026-03-27T11:06:48,03/27/202611:06,124.84,1.28,159.7952,54.15,2.41,130.5015,130.1,0.1,3.0,198.7,23561.0,44568.0,23.8,10.5,55.0,30.360000000000003,20.69,28.0,482.0,0.4,0.8166797250480615
2026-03-27T11:07:01,03/27/202611:07,124.25999999999999,1.31,162.7806,54.14,2.4899999999999998,134.80859999999998,134.4,0.1,3.0,198.7,23561.0,44568.0,23.8,10.5,55.0,30.360000000000003,20.69,28.0,482.0,0.4,0.8281613410934717
2026-03-27T11:08:08,03/27/202611:08,124.25,1.35,167.7375,54.14,2.58,139.68120000000002,139.3,0.1,3.0,198.7,23561.0,44568.0,23.8,10.5,55.0,30.360000000000003,20.69,28.0,482.0,0.4,0.8327368656382741
2026-03-27T11:10:11,03/27/202611:10,125.25,1.3900000000000001,174.09750000000003,54.15,2.68,145.122,144.7,0.1,3.0,198.7,23561.0,44568.0,23.9,10.5,55.0,30.360000000000003,20.69,28.0,482.0,0.4,0.8335673975789428
2026-03-27T11:10:21,03/27/202611:10,126.27000000000001,1.4300000000000002,180.56610000000003,54.17,2.79,151.1343,150.7,0.1,3.0,198.7,23561.0,44568.0,23.8,10.5,55.0,30.360000000000003,20.69,28.0,482.0,0.4,0.8370026267389059
2026-03-27T11:11:01,03/27/202611:11,126.52000000000001,1.46,184.7192,54.19,2.88,156.06719999999999,155.6,0.1,3.0,198.7,23561.0,44568.0,23.8,10.5,55.0,30.360000000000003,20.69,28.0,482.0,0.4,0.8448888908137323
2026-03-27T11:11:21,03/27/202611:11,126.88,1.5,190.32,54.21,2.9899999999999998,162.0879,161.6,0.1,3.0,198.7,23561.0,44568.0,23.8,10.5,55.0,30.360000000000003,20.69,28.0,482.0,0.4,0.8516598360655737
2026-03-27T11:12:01,03/27/202611:12,127.82000000000001,1.53,195.5646,54.220000000000006,3.1,168.08200000000002,167.6,0.1,3.0,198.7,23561.0,44568.0,23.8,10.5,55.0,30.360000000000003,20.69,28.0,482.0,0.4,0.859470476763177
2026-03-27T11:12:21,03/27/202611:12,128.8,1.56,200.92800000000003,54.239999999999995,3.22,174.65279999999998,174.2,0.1,3.0,198.7,23561.0,44568.0,23.8,10.5,55.0,30.360000000000003,20.69,28.0,482.0,0.4,0.869230769230769
2026-03-27T11:13:01,03/27/202611:13,129.75,1.59,206.3025,54.260000000000005,3.3200000000000003,180.14320000000004,179.7,0.1,3.0,198.7,23561.0,44568.0,23.8,10.5,55.0,30.360000000000003,20.69,28.0,482.0,0.4,0.8731993068431068
2026-03-27T11:13:21,03/27/202611:13,130.73,1.6300000000000001,213.0899,54.31,3.4299999999999997,186.2833,185.8,0.1,3.0,198.7,23561.0,44568.0,23.8,10.5,55.0,30.360000000000003,20.69,28.0,482.0,0.4,0.8742005134921927
2026-03-27T11:14:01,03/27/202611:14,131.70999999999998,1.67,219.95569999999995,54.36,3.54,192.4344,191.9,0.1,3.0,198.7,23561.0,44568.0,23.8,10.5,55.0,30.360000000000003,20.69,28.0,482.0,0.4,0.8748779867946139
2026-03-27T11:14:21,03/27/202611:14,133.06,1.69,224.8714,54.4,3.6100000000000003,196.38400000000001,195.8,0.1,3.0,198.7,23561.0,44568.0,23.8,10.5,55.0,30.360000000000003,20.69,28.0,482.0,0.4,0.8733169269191192
2026-03-27T11:15:01,03/27/202611:15,134.16,1.7,228.07199999999997,54.44,3.6399999999999997,198.16159999999996,197.6,0.1,3.0,198.7,23561.0,44568.0,23.8,10.5,55.0,30.360000000000003,20.69,28.0,482.0,0.4,0.8688554491564067
2026-03-27T11:15:21,03/27/202611:15,135.38,1.7,230.146,54.46,3.65,198.779,198.3,0.1,3.0,198.7,23561.0,44568.0,23.8,10.53,54.8,30.360000000000003,20.672000000000004,28.1,491.2,0.41000000000000003,0.8637082547600219
2026-03-27T11:16:01,03/27/202611:16,136.6,1.7,232.21999999999997,54.48,3.66,199.39679999999998,199.0,0.1,3.0,198.7,23561.0,44568.0,23.8,10.559999999999999,54.6,30.360000000000003,20.654000000000003,28.2,500.4,0.42000000000000004,0.8586547239686505
2026-03-27T11:16:22,03/27/202611:16,137.82,1.6800000000000002,231.5376,54.510000000000005,3.6399999999999997,198.4164,198.0,0.1,3.0,198.7,23561.0,44568.0,23.8,10.59,54.4,30.360000000000003,20.636000000000003,28.3,509.6,0.43,0.8569510956319838
2026-03-27T11:17:01,03/27/202611:17,139.04000000000002,1.6600000000000001,230.80640000000005,54.54,3.62,197.4348,197.0,0.1,3.0,198.7,23561.0,44568.0,23.8,10.620000000000001,54.2,30.360000000000003,20.618000000000002,28.4,518.8,0.44000000000000006,0.8554130214760074
2026-03-27T11:17:21,03/27/202611:17,140.28,1.64,230.05919999999998,54.56,3.5799999999999996,195.32479999999998,194.9,0.1,3.0,198.7,23561.0,44568.0,23.8,10.65,54.0,30.360000000000003,20.6,28.5,528.0,0.45,0.8490197305736958
2026-03-27T11:18:01,03/27/202611:18,141.52,1.6199999999999999,229.2624,54.58,3.54,193.2132,192.8,0.1,3.0,198.7,23561.0,44568.0,23.8,10.680000000000001,53.8,30.360000000000003,20.582,28.6,537.2,0.45999999999999996,0.8427600862592383
2026-03-27T11:18:21,03/27/202611:18,142.81,1.58,225.6398,54.58,3.4799999999999995,189.93839999999997,189.6,0.2,3.0,198.7,23561.0,44568.0,23.9,10.71,53.6,30.360000000000003,20.564,28.7,546.4,0.47000000000000003,0.8417770269252143
2026-03-27T11:19:01,03/27/202611:19,144.1,1.54,221.914,54.58,3.4200000000000004,186.6636,186.4,0.2,3.0,198.7,23561.0,44568.0,23.9,10.74,53.4,30.360000000000003,20.546,28.8,555.6,0.48,0.841152879043233
2026-03-27T11:19:21,03/27/202611:19,144.45999999999998,1.52,219.57919999999996,54.58,3.3899999999999997,185.0262,184.8,0.2,3.0,198.7,23561.0,44568.0,23.8,10.77,53.2,30.360000000000003,20.528000000000002,28.9,564.8,0.49000000000000005,0.8426399221784214
2026-03-27T11:20:01,03/27/202611:20,144.82,1.5,217.23,54.58,3.3600000000000003,183.3888,183.2,0.2,3.0,198.7,23561.0,44568.0,23.8,10.8,53.0,30.360000000000003,20.51,29.0,574.0,0.5,0.8442148874464853
2026-03-27T11:21:23,03/27/202611:21,145.13,1.48,214.7924,54.6,3.3,180.18,179.9,0.2,3.0,198.7,23561.0,44568.0,23.8,10.8,53.0,30.360000000000003,20.51,29.0,574.0,0.5,0.8388564958536708
2026-03-27T11:22:00,03/27/202611:22,145.44,1.46,212.3424,54.620000000000005,3.2399999999999998,176.96880000000002,176.6,0.2,3.0,198.7,23561.0,44568.0,23.8,10.8,53.0,30.360000000000003,20.51,29.0,574.0,0.5,0.8334124508341246
2026-03-27T11:22:21,03/27/202611:22,145.62,1.45,211.149,54.620000000000005,3.21,175.33020000000002,175.0,0.2,3.0,198.7,23561.0,44568.0,23.8,10.8,53.0,30.360000000000003,20.51,29.0,574.0,0.5,0.8303624454768909
2026-03-27T11:23:00,03/27/202611:23,145.8,1.44,209.952,54.620000000000005,3.1799999999999997,173.6916,173.4,0.2,3.0,198.7,23561.0,44568.0,23.8,10.8,53.0,30.360000000000003,20.51,29.0,574.0,0.5,0.8272919524462734
2026-03-27T11:23:21,03/27/202611:23,145.89000000000001,1.43,208.6227,54.620000000000005,3.17,173.14540000000002,172.8,0.2,3.0,198.7,23561.0,44568.0,23.9,10.8,53.0,30.360000000000003,20.51,29.0,574.0,0.5,0.8299451593714395
2026-03-27T11:24:01,03/27/202611:24,145.98,1.42,207.2916,54.620000000000005,3.16,172.59920000000002,172.2,0.2,3.0,198.7,23561.0,44568.0,23.9,10.8,53.0,30.360000000000003,20.51,29.0,574.0,0.5,0.8326396245675176
2026-03-27T11:24:22,03/27/202611:24,146.07999999999998,1.42,207.43359999999996,54.620000000000005,3.12,170.41440000000003,169.4,0.2,4.0,198.7,23561.0,44568.0,23.9,10.8,53.0,30.360000000000003,20.51,29.0,574.0,0.5,0.8215371087422677
2026-03-27T11:25:00,03/27/202611:25,146.18,1.42,207.5756,54.620000000000005,3.08,168.2296,166.6,0.2,4.0,198.7,23561.0,44568.0,23.9,10.8,53.0,30.360000000000003,20.51,29.0,574.0,0.5,0.8104497831151638
2026-03-27T11:25:22,03/27/202611:25,146.29000000000002,1.41,206.26890000000003,54.620000000000005,3.0300000000000002,165.49860000000004,163.8,0.2,4.0,198.7,23561.0,44568.0,23.8,10.8,53.0,30.360000000000003,20.51,29.0,574.0,0.5,0.8023439306652628
2026-03-27T11:26:00,03/27/202611:26,146.4,1.4,204.96,54.620000000000005,2.98,162.76760000000002,161.0,0.2,4.0,198.7,23561.0,44568.0,23.8,10.8,53.0,30.360000000000003,20.51,29.0,574.0,0.5,0.7941432474629196
2026-03-27T11:26:22,03/27/202611:26,146.42000000000002,1.4,204.988,54.61,3.0,163.82999999999998,162.1,0.2,4.0,198.7,23561.0,44568.0,23.8,10.8,53.0,30.360000000000003,20.51,29.0,574.0,0.5,0.7992175151716198
2026-03-27T11:27:00,03/27/202611:27,146.44,1.4,205.016,54.6,3.02,164.892,163.2,0.2,4.0,198.7,23561.0,44568.0,23.8,10.8,53.0,30.360000000000003,20.51,29.0,574.0,0.5,0.8042884457798416
2026-03-27T11:28:08,03/27/202611:28,146.54000000000002,1.4,205.156,54.589999999999996,3.02,164.8618,163.2,0.2,4.0,198.7,23561.0,44568.0,23.8,10.8,53.0,30.360000000000003,20.51,29.0,574.0,0.5,0.8035923882313946
2026-03-27T11:29:01,03/27/202611:29,146.64000000000001,1.4,205.29600000000002,54.58,3.02,164.8316,163.2,0.2,4.0,198.7,23561.0,44568.0,23.8,10.8,53.0,30.360000000000003,20.51,29.0,574.0,0.5,0.8028972800249395
2026-03-27T11:29:08,03/27/202611:29,146.77,1.4,205.478,54.58,3.0,163.74,162.1,0.2,4.0,198.7,23561.0,44568.0,23.8,10.8,53.0,30.360000000000003,20.51,29.0,574.0,0.5,0.7968736312403274
2026-03-27T11:29:35,03/27/202611:29,146.93,1.4,205.702,54.58,2.96,161.55679999999998,159.9,0.2,4.0,198.7,23561.0,44568.0,23.8,10.8,53.0,30.360000000000003,20.51,29.0,574.0,0.5,0.7853924609386393
2026-03-27T11:30:01,03/27/202611:30,147.04000000000002,1.4,205.85600000000002,54.58,2.95,161.011,159.9,0.2,4.0,198.7,23561.0,44568.0,23.8,10.8,53.0,30.360000000000003,20.51,29.0,574.0,0.5,0.7821535442250893
2026-03-27T11:30:20,03/27/202611:30,147.14000000000001,1.4,205.996,54.58,2.95,161.011,160.5,0.2,4.0,198.7,23561.0,44568.0,23.8,10.8,53.0,30.360000000000003,20.51,29.0,574.0,0.5,0.7816219732421988
2026-03-27T11:31:00,03/27/202611:31,147.22,1.4,206.10799999999998,54.58,2.96,161.55679999999998,161.1,0.2,4.0,198.7,23561.0,44568.0,23.8,10.8,53.0,30.360000000000003,20.51,29.0,574.0,0.5,0.7838453626254197
2026-03-27T11:32:34,03/27/202611:32,147.34,1.39,204.80259999999998,54.58,2.9699999999999998,162.1026,161.7,0.2,4.0,198.7,23561.0,44568.0,23.9,10.89,52.9,30.363,20.497000000000003,28.8,586.2,0.51,0.7915065531394622
2026-03-27T11:33:00,03/27/202611:33,147.45999999999998,1.38,203.49479999999997,54.58,2.95,161.011,160.6,0.2,4.0,198.7,23561.0,44568.0,23.9,10.98,52.8,30.365999999999996,20.484,28.6,598.4,0.52,0.7912290633470733
2026-03-27T11:33:20,03/27/202611:33,147.57,1.3699999999999999,202.17089999999996,54.58,2.94,160.46519999999998,160.0,0.2,4.0,198.7,23561.0,44568.0,23.8,11.07,52.7,30.369,20.471,28.4,610.6,0.53,0.7937106675589811
2026-03-27T11:34:00,03/27/202611:34,147.62,1.3599999999999999,200.76319999999998,54.589999999999996,2.93,159.9487,159.4,0.2,4.0,198.7,23561.0,44568.0,23.8,11.16,52.6,30.372000000000003,20.458000000000002,28.2,622.8,0.54,0.7967032802824423
2026-03-27T11:34:20,03/27/202611:34,147.7,1.35,199.395,54.6,2.8899999999999997,157.79399999999998,157.2,0.2,4.0,198.7,23561.0,44568.0,23.8,11.25,52.5,30.375,20.445,28.0,635.0,0.55,0.7913638757240652
2026-03-27T11:35:00,03/27/202611:35,147.78,1.34,198.0252,54.6,2.8600000000000003,156.15600000000003,155.6,0.2,4.0,198.7,23561.0,44568.0,23.8,11.34,52.4,30.377999999999997,20.432,27.8,647.2,0.5599999999999999,0.7885663036825618
2026-03-27T11:35:20,03/27/202611:35,147.82999999999998,1.33,196.6139,54.6,2.87,156.702,156.2,0.2,4.0,198.7,23561.0,44568.0,23.8,11.43,52.3,30.381,20.419,27.6,659.4,0.5700000000000001,0.7970036706458699
2026-03-27T11:36:01,03/27/202611:36,147.88,1.3199999999999998,195.20159999999996,54.6,2.88,157.248,156.8,0.2,4.0,198.7,23561.0,44568.0,23.8,11.52,52.2,30.384000000000004,20.406,27.4,671.6,0.58,0.8055671674822339
2026-03-27T11:36:20,03/27/202611:36,147.98,1.3,192.374,54.6,2.87,156.702,156.2,0.2,4.0,198.7,23561.0,44568.0,23.8,11.61,51.9,30.387,20.393,27.2,683.8,0.59,0.8145695364238411
2026-03-27T11:37:01,03/27/202611:37,148.07999999999998,1.28,189.5424,54.6,2.8600000000000003,156.15600000000003,155.6,0.2,4.0,198.7,23561.0,44568.0,23.8,11.7,51.6,30.389999999999997,20.38,27.0,696.0,0.6,0.8238578808752028
2026-03-27T11:37:20,03/27/202611:37,148.16,1.28,189.6448,54.6,2.8600000000000003,156.15600000000003,155.6,0.2,4.0,198.7,23561.0,44568.0,23.8,11.7,51.4,30.389999999999997,20.38,27.0,696.0,0.6,0.8234130332073436
2026-03-27T11:38:00,03/27/202611:38,148.24,1.28,189.74720000000002,54.6,2.8600000000000003,156.15600000000003,155.6,0.2,4.0,198.7,23561.0,44568.0,23.8,11.7,51.2,30.389999999999997,20.38,27.0,696.0,0.6,0.8229686656772802
2026-03-27T11:38:20,03/27/202611:38,148.32999999999998,1.28,189.86239999999998,54.6,2.84,155.064,154.5,0.2,4.0,198.7,23561.0,44568.0,23.8,11.7,51.0,30.389999999999997,20.38,27.0,696.0,0.6,0.816717791411043
2026-03-27T11:39:00,03/27/202611:39,148.42,1.28,189.9776,54.6,2.82,153.972,153.4,0.2,4.0,198.7,23561.0,44568.0,23.8,11.7,50.8,30.389999999999997,20.38,27.0,696.0,0.6,0.8104744980460855
2026-03-27T11:39:20,03/27/202611:39,148.51,1.28,190.09279999999998,54.6,2.8,152.88,152.3,0.2,4.0,198.7,23561.0,44568.0,23.8,11.7,50.6,30.389999999999997,20.38,27.0,696.0,0.6,0.8042387717998788
2026-03-27T11:40:00,03/27/202611:40,148.6,1.28,190.208,54.6,2.78,151.78799999999998,151.2,0.2,4.0,198.7,23561.0,44568.0,23.8,11.7,50.4,30.389999999999997,20.38,27.0,696.0,0.6,0.7980105989232839
2026-03-27T11:40:20,03/27/202611:40,148.69,1.28,190.3232,54.6,2.77,151.24200000000002,150.6,0.2,4.0,198.7,23561.0,44568.0,23.9,11.7,50.2,30.389999999999997,20.38,27.0,696.0,0.6,0.794658769924003
2026-03-27T11:41:00,03/27/202611:41,148.78,1.28,190.4384,54.6,2.76,150.696,150.0,0.2,4.0,198.7,23561.0,44568.0,23.9,11.7,50.0,30.389999999999997,20.38,27.0,696.0,0.6,0.7913109961016266
2026-03-27T11:41:20,03/27/202611:41,148.87,1.28,190.55360000000002,54.6,2.76,150.696,150.0,0.2,4.0,198.7,23561.0,44568.0,23.8,11.7,50.0,30.389999999999997,20.38,27.0,696.0,0.6,0.7908326056290723
2026-03-27T11:42:00,03/27/202611:42,148.95999999999998,1.28,190.66879999999998,54.6,2.76,150.696,150.0,0.2,4.0,198.7,23561.0,44568.0,23.8,11.7,50.0,30.389999999999997,20.38,27.0,696.0,0.6,0.7903547932330828
2026-03-27T11:42:20,03/27/202611:42,149.05,1.28,190.78400000000002,54.6,2.76,150.696,150.0,0.2,4.0,198.7,23561.0,44568.0,23.8,11.7,50.0,30.389999999999997,20.38,27.0,696.0,0.6,0.7898775578664876
2026-03-27T11:43:46,03/27/202611:43,149.10999999999999,1.27,189.3697,54.6,2.7299999999999995,149.058,148.4,0.2,4.0,198.7,23561.0,44568.0,23.9,11.7,50.0,30.389999999999997,20.38,27.0,696.0,0.6,0.7871269796593647
2026-03-27T11:44:00,03/27/202611:44,149.17000000000002,1.26,187.95420000000001,54.6,2.71,147.966,147.4,0.2,4.0,198.7,23561.0,44568.0,23.9,11.7,50.0,30.389999999999997,20.38,27.0,696.0,0.6,0.78724497776586
2026-03-27T11:44:20,03/27/202611:44,149.26,1.25,186.575,54.6,2.68,146.328,145.8,0.2,4.0,198.7,23561.0,44568.0,23.8,11.7,50.0,30.389999999999997,20.38,27.0,696.0,0.6,0.7842851400241191
2026-03-27T11:45:01,03/27/202611:45,149.32,1.24,185.1568,54.6,2.68,146.328,145.8,0.2,4.0,198.7,23561.0,44568.0,23.8,11.7,50.0,30.389999999999997,20.38,27.0,696.0,0.6,0.7902923360092635
2026-03-27T11:45:20,03/27/202611:45,149.66,1.23,184.0818,54.6,2.7,147.42000000000002,146.9,0.2,5.0,198.7,23561.0,44568.0,23.8,11.7,50.0,30.389999999999997,20.38,27.0,696.0,0.6,0.8008396267311598
2026-03-27T11:46:01,03/27/202611:46,150.0,1.22,183.0,54.6,2.69,146.874,146.4,0.2,5.0,198.7,23561.0,44568.0,23.8,11.7,50.0,30.389999999999997,20.38,27.0,696.0,0.6,0.8025901639344262
2026-03-27T11:46:20,03/27/202611:46,150.2,1.2,180.23999999999998,54.61,2.67,145.8087,145.3,0.2,5.0,198.7,23561.0,44568.0,23.8,11.75,49.8,30.389999999999997,20.393,27.1,699.9,0.61,0.808969707057257
2026-03-27T11:47:39,03/27/202611:47,150.29000000000002,1.2,180.348,54.61,2.67,145.8087,145.3,0.2,5.0,198.7,23561.0,44568.0,23.8,11.8,49.6,30.389999999999997,20.406,27.2,703.8,0.6199999999999999,0.8084852618271341
2026-03-27T11:47:40,03/27/202611:47,150.35999999999999,1.2,180.432,54.61,2.63,143.6243,143.2,0.2,5.0,198.7,23561.0,44568.0,23.8,11.85,49.4,30.389999999999997,20.419,27.3,707.7,0.63,0.7960023720847744
2026-03-27T11:48:00,03/27/202611:48,150.41,1.19,178.9879,54.61,2.58,140.8938,140.5,0.2,5.0,198.7,23561.0,44568.0,23.8,11.9,49.2,30.389999999999997,20.432,27.4,711.6,0.6399999999999999,0.7871694120105326
2026-03-27T11:48:40,03/27/202611:48,150.42000000000002,1.19,178.99980000000002,54.61,2.57,140.3477,139.9,0.2,5.0,198.7,23561.0,44568.0,23.8,11.95,49.0,30.389999999999997,20.445,27.5,715.5,0.65,0.7840662391801554
2026-03-27T11:49:01,03/27/202611:49,150.43,1.19,179.0117,54.61,2.56,139.8016,139.3,0.2,5.0,198.7,23561.0,44568.0,23.8,12.0,48.8,30.389999999999997,20.458000000000002,27.6,719.4,0.6599999999999999,0.7809634789234448
2026-03-27T11:49:36,03/27/202611:49,150.29000000000002,1.19,178.8451,54.61,2.58,140.8938,140.4,0.2,5.0,198.7,23561.0,44568.0,23.8,12.05,48.6,30.389999999999997,20.471,27.7,723.3,0.6699999999999999,0.7877979324007199
2026-03-27T11:50:01,03/27/202611:50,150.15,1.19,178.67849999999999,54.61,2.6,141.986,141.5,0.2,5.0,198.7,23561.0,44568.0,23.8,12.1,48.4,30.389999999999997,20.484,27.8,727.2,0.6799999999999999,0.7946451307795845
2026-03-27T11:51:21,03/27/202611:51,149.62,1.19,178.0478,54.61,2.58,140.8938,140.4,0.2,5.0,198.7,23561.0,44568.0,23.9,12.15,48.2,30.389999999999997,20.497000000000003,27.9,731.1,0.69,0.7913257001771434
2026-03-27T11:52:01,03/27/202611:52,149.09,1.19,177.4171,54.61,2.56,139.8016,139.3,0.2,5.0,198.7,23561.0,44568.0,23.9,12.2,48.0,30.389999999999997,20.51,28.0,735.0,0.7,0.7879826690888309
2026-03-27T11:52:22,03/27/202611:52,148.7,1.2,178.43999999999997,54.6,2.54,138.684,138.3,0.2,5.0,198.7,23561.0,44568.0,23.8,12.2,48.0,30.389999999999997,20.51,28.0,735.0,0.7,0.7772024209818428
2026-03-27T11:53:00,03/27/202611:53,148.38,1.2,178.05599999999998,54.6,2.5,136.5,136.2,0.2,5.0,198.7,23561.0,44568.0,23.8,12.2,48.0,30.389999999999997,20.51,28.0,735.0,0.7,0.7666127510446152
2026-03-27T11:53:22,03/27/202611:53,148.10999999999999,1.2,177.73199999999997,54.6,2.5,136.5,136.2,0.2,5.0,198.7,23561.0,44568.0,23.8,12.2,48.0,30.389999999999997,20.51,28.0,735.0,0.7,0.7680102626426306
2026-03-27T11:54:57,03/27/202611:54,147.88,1.19,175.97719999999998,54.6,2.5100000000000002,137.04600000000002,136.7,0.2,5.0,198.7,23561.0,44568.0,23.9,12.2,48.0,30.389999999999997,20.51,28.0,735.0,0.7,0.7787713408327899
2026-03-27T11:55:01,03/27/202611:55,147.72,1.1800000000000002,174.30960000000002,54.6,2.5100000000000002,137.04600000000002,136.7,0.2,5.0,198.7,23561.0,44568.0,23.9,12.2,48.0,30.389999999999997,20.51,28.0,735.0,0.7,0.786221757149348
2026-03-27T11:55:22,03/27/202611:55,147.57999999999998,1.1800000000000002,174.14440000000002,54.6,2.5300000000000002,138.138,137.8,0.2,5.0,198.7,23561.0,44568.0,23.8,12.2,48.0,30.389999999999997,20.51,28.0,735.0,0.7,0.793238255149175
2026-03-27T11:56:01,03/27/202611:56,147.56,1.1800000000000002,174.12080000000003,54.6,2.5300000000000002,138.138,137.8,0.2,5.0,198.7,23561.0,44568.0,23.8,12.2,48.0,30.389999999999997,20.51,28.0,735.0,0.7,0.7933457691441802
2026-03-27T11:56:21,03/27/202611:56,147.60999999999999,1.17,172.70369999999997,54.6,2.48,135.40800000000002,135.1,0.2,5.0,198.7,23561.0,44568.0,23.9,12.2,48.0,30.389999999999997,20.51,28.0,735.0,0.7,0.7840480545581828
2026-03-27T11:57:01,03/27/202611:57,147.77,1.16,171.4132,54.6,2.45,133.77,133.5,0.2,5.0,198.7,23561.0,44568.0,23.9,12.2,48.0,30.389999999999997,20.51,28.0,735.0,0.7,0.7803949754161291
2026-03-27T11:57:22,03/27/202611:57,147.95,1.16,171.62199999999999,54.6,2.43,132.67800000000003,132.4,0.2,5.0,198.7,23561.0,44568.0,23.9,12.2,48.0,30.389999999999997,20.51,28.0,735.0,0.7,0.7730827050145088
2026-03-27T11:58:00,03/27/202611:58,148.13,1.16,171.83079999999998,54.6,2.42,132.132,131.8,0.2,5.0,198.7,23561.0,44568.0,23.9,12.2,48.0,30.389999999999997,20.51,28.0,735.0,0.7,0.7689657500285165
2026-03-27T11:58:22,03/27/202611:58,148.38,1.15,170.63699999999997,54.6,2.42,132.132,131.8,0.3,5.0,198.7,23561.0,44568.0,23.8,12.2,48.0,30.389999999999997,20.51,28.0,735.0,0.7,0.7743455405334132
2026-03-27T11:59:01,03/27/202611:59,148.6,1.1400000000000001,169.40400000000002,54.6,2.42,132.132,131.8,0.3,5.0,198.7,23561.0,44568.0,23.8,12.2,48.0,30.389999999999997,20.51,28.0,735.0,0.7,0.7799815824891974
2026-03-27T11:59:21,03/27/202611:59,148.8,1.15,171.12,54.61,2.43,132.7023,132.3,0.3,5.0,198.7,23561.0,44568.0,23.9,12.2,48.0,30.389999999999997,20.51,28.0,735.0,0.7,0.7754926367461431
2026-03-27T12:00:01,03/27/202600:00,149.0,1.16,172.83999999999997,54.620000000000005,2.44,133.27280000000002,132.8,0.3,5.0,198.7,23561.0,44568.0,23.9,12.2,48.0,30.389999999999997,20.51,28.0,735.0,0.7,0.7710761397824579
2026-03-27T12:00:22,03/27/202600:00,149.12,1.15,171.488,54.620000000000005,2.41,131.63420000000002,131.2,0.3,5.0,198.7,23561.0,44568.0,23.9,12.2,48.0,30.389999999999997,20.51,28.0,735.0,0.7,0.7676000653106925
2026-03-27T12:01:01,03/27/202600:01,149.24,1.1400000000000001,170.13360000000003,54.620000000000005,2.38,129.9956,129.6,0.3,5.0,198.7,23561.0,44568.0,23.9,12.2,48.0,30.389999999999997,20.51,28.0,735.0,0.7,0.7640795233863268
2026-03-27T12:01:21,03/27/202600:01,149.27,1.1400000000000001,170.16780000000003,54.620000000000005,2.38,129.9956,129.6,0.3,5.0,198.7,23561.0,44568.0,23.8,12.219999999999999,47.9,30.389999999999997,20.503000000000004,28.1,730.8,0.71,0.7639259601405199
2026-03-27T12:02:01,03/27/202600:02,149.3,1.1400000000000001,170.20200000000003,54.620000000000005,2.38,129.9956,129.6,0.3,5.0,198.7,23561.0,44568.0,23.8,12.239999999999998,47.8,30.389999999999997,20.496000000000002,28.2,726.6,0.72,0.7637724586080068
2026-03-27T12:02:22,03/27/202600:02,149.31,1.1300000000000001,168.7203,54.620000000000005,2.38,129.9956,129.6,0.3,5.0,198.7,23561.0,44568.0,23.9,12.26,47.7,30.389999999999997,20.489,28.3,722.4,0.73,0.7704799007588298
2026-03-27T12:03:31,03/27/202600:03,149.54000000000002,1.11,165.98940000000005,54.620000000000005,2.37,129.44940000000003,129.1,0.3,5.0,198.7,23561.0,44568.0,23.8,12.28,47.6,30.389999999999997,20.482000000000003,28.4,718.2,0.74,0.7798654612884919
2026-03-27T12:04:01,03/27/202600:04,149.7,1.1,164.67,54.620000000000005,2.35,128.35700000000003,128.0,0.3,5.0,198.7,23561.0,44568.0,23.8,12.3,47.5,30.389999999999997,20.475,28.5,714.0,0.75,0.7794801724661446
2026-03-27T12:04:31,03/27/202600:04,149.76,1.1,164.736,54.620000000000005,2.35,128.35700000000003,128.0,0.3,5.0,198.7,23561.0,44568.0,23.9,12.32,47.4,30.389999999999997,20.468,28.6,709.8,0.76,0.7791678807303809
2026-03-27T12:06:19,03/27/202600:06,149.63,1.09,163.0967,54.61,2.31,126.1491,125.9,0.3,5.0,198.7,23561.0,44568.0,23.9,12.34,47.3,30.389999999999997,20.461000000000002,28.7,705.6,0.77,0.7734620013770972
2026-03-27T12:06:31,03/27/202600:06,149.57,1.09,163.03130000000002,54.6,2.2800000000000002,124.48800000000001,124.3,0.3,5.0,198.7,23561.0,44568.0,23.8,12.36,47.2,30.389999999999997,20.454,28.8,701.4,0.78,0.7635834345920078
2026-03-27T12:07:00,03/27/202600:07,149.57,1.1,164.52700000000002,54.6,2.27,123.94200000000001,123.7,0.3,5.0,198.7,23561.0,44568.0,23.8,12.379999999999999,47.1,30.389999999999997,20.447000000000003,28.9,697.2,0.79,0.7533231627635585
2026-03-27T12:07:32,03/27/202600:07,149.68,1.1099999999999999,166.14479999999998,54.6,2.29,125.034,124.7,0.3,5.0,198.7,23561.0,44568.0,23.9,12.4,47.0,30.389999999999997,20.44,29.0,693.0,0.8,0.7525604171782687
2026-03-27T12:08:00,03/27/202600:08,149.81,1.1199999999999999,167.78719999999998,54.6,2.33,127.218,126.8,0.3,5.0,198.7,23561.0,44568.0,23.9,12.4,47.0,30.389999999999997,20.44,29.0,693.0,0.8,0.7582103998397972
2026-03-27T12:08:32,03/27/202600:08,149.79000000000002,1.1199999999999999,167.7648,54.6,2.35,128.31,127.9,0.3,5.0,198.7,23561.0,44568.0,23.8,12.4,47.0,30.389999999999997,20.44,29.0,693.0,0.8,0.7648207490486681
2026-03-27T12:09:01,03/27/202600:09,149.77,1.1199999999999999,167.7424,54.6,2.3600000000000003,128.85600000000002,128.5,0.3,5.0,198.7,23561.0,44568.0,23.8,12.4,47.0,30.389999999999997,20.44,29.0,693.0,0.8,0.7681778727381987
2026-03-27T12:09:31,03/27/202600:09,149.45999999999998,1.1400000000000001,170.3844,54.6,2.38,129.948,129.6,0.3,6.0,198.7,23561.0,44568.0,23.9,12.4,47.0,30.389999999999997,20.44,29.0,693.0,0.8,0.762675456203737
2026-03-27T12:10:01,03/27/202600:10,149.15,1.16,173.01399999999998,54.6,2.4,131.04,130.7,0.3,6.0,198.7,23561.0,44568.0,23.9,12.4,47.0,30.389999999999997,20.44,29.0,693.0,0.8,0.7573953552891673
2026-03-27T12:10:32,03/27/202600:10,148.81,1.17,174.1077,54.6,2.4,131.04,130.7,0.3,6.0,198.7,23561.0,44568.0,23.9,12.4,47.0,30.389999999999997,20.44,29.0,693.0,0.8,0.752637591559707
2026-03-27T12:11:00,03/27/202600:11,148.64000000000001,1.1800000000000002,175.39520000000005,54.6,2.42,132.132,131.8,0.3,6.0,198.7,23561.0,44568.0,23.9,12.4,47.0,30.389999999999997,20.44,29.0,693.0,0.8,0.7533387458721787
2026-03-27T12:11:32,03/27/202600:11,148.4,1.17,173.628,54.6,2.4,131.04,130.7,0.3,6.0,198.7,23561.0,44568.0,23.8,12.4,47.0,30.389999999999997,20.44,29.0,693.0,0.8,0.7547169811320755
2026-03-27T12:12:00,03/27/202600:12,148.16000000000003,1.16,171.86560000000003,54.6,2.38,129.948,129.6,0.3,6.0,198.7,23561.0,44568.0,23.8,12.4,47.0,30.389999999999997,20.44,29.0,693.0,0.8,0.7561024428390556
2026-03-27T12:13:16,03/27/202600:13,147.86,1.15,170.03900000000002,54.6,2.3600000000000003,128.85600000000002,128.6,0.3,6.0,198.7,23561.0,44568.0,23.9,12.4,47.0,30.389999999999997,20.44,29.0,693.0,0.8,0.7578026217514806
2026-03-27T12:13:17,03/27/202600:13,147.51000000000002,1.1400000000000001,168.16140000000004,54.61,2.33,127.24130000000001,127.0,0.3,6.0,198.7,23561.0,44568.0,23.9,12.4,47.0,30.389999999999997,20.44,29.0,693.0,0.8,0.7566617547189782
2026-03-27T12:14:01,03/27/202600:14,147.31,1.1400000000000001,167.93340000000003,54.620000000000005,2.32,126.7184,126.4,0.3,6.0,198.7,23561.0,44568.0,23.9,12.4,47.0,30.389999999999997,20.44,29.0,693.0,0.8,0.7545753256945907
2026-03-27T12:14:17,03/27/202600:14,147.09,1.15,169.15349999999998,54.620000000000005,2.32,126.7184,126.4,0.3,6.0,198.7,23561.0,44568.0,23.8,12.4,47.0,30.389999999999997,20.44,29.0,693.0,0.8,0.749132592586024
2026-03-27T12:15:01,03/27/202600:15,146.94,1.15,168.981,54.620000000000005,2.32,126.7184,126.4,0.3,6.0,198.7,23561.0,44568.0,23.8,12.4,47.0,30.389999999999997,20.44,29.0,693.0,0.8,0.749897325734846
2026-03-27T12:15:17,03/27/202600:15,146.83,1.1400000000000001,167.38620000000003,54.620000000000005,2.2800000000000002,124.53360000000002,124.2,0.3,6.0,198.7,23561.0,44568.0,23.9,12.4,47.0,30.389999999999997,20.44,29.0,693.0,0.8,0.7439896478921201
2026-03-27T12:16:01,03/27/202600:16,146.85,1.1300000000000001,165.94050000000001,54.620000000000005,2.2399999999999998,122.3488,122.0,0.3,6.0,198.7,23561.0,44568.0,23.9,12.4,47.0,30.389999999999997,20.44,29.0,693.0,0.8,0.7373052389260005
2026-03-27T12:17:31,03/27/202600:17,146.87,1.11,163.02570000000003,54.620000000000005,2.2199999999999998,121.2564,120.9,0.3,6.0,198.7,23561.0,44568.0,23.9,12.45,46.7,30.389999999999997,20.428,29.1,690.8,0.8099999999999999,0.7437870225369373
2026-03-27T12:18:01,03/27/202600:18,146.89000000000001,1.1,161.57900000000004,54.620000000000005,2.23,121.80260000000001,121.5,0.3,6.0,198.7,23561.0,44568.0,23.9,12.5,46.4,30.389999999999997,20.416000000000004,29.2,688.6,0.8200000000000001,0.7538269205775502
2026-03-27T12:18:17,03/27/202600:18,146.93,1.09,160.15370000000001,54.620000000000005,2.2399999999999998,122.3488,122.1,0.3,6.0,198.7,23561.0,44568.0,23.9,12.55,46.1,30.389999999999997,20.404000000000003,29.3,686.4,0.8300000000000001,0.763946134244791
2026-03-27T12:19:01,03/27/202600:19,146.92000000000002,1.08,158.67360000000002,54.620000000000005,2.2199999999999998,121.2564,121.0,0.3,6.0,198.7,23561.0,44568.0,23.9,12.6,45.8,30.389999999999997,20.392000000000003,29.4,684.2,0.8400000000000001,0.7641876153310947
2026-03-27T12:19:17,03/27/202600:19,147.01,1.0699999999999998,157.30069999999998,54.61,2.19,119.5959,119.4,0.3,6.0,198.7,23561.0,44568.0,23.9,12.65,45.5,30.389999999999997,20.380000000000003,29.5,682.0,0.85,0.7603011302556189
2026-03-27T12:20:01,03/27/202600:20,147.1,1.06,155.926,54.6,2.16,117.936,117.8,0.3,6.0,198.7,23561.0,44568.0,23.9,12.7,45.2,30.389999999999997,20.368000000000002,29.6,679.8,0.86,0.7563587855777741
2026-03-27T12:20:17,03/27/202600:20,147.12,1.05,154.476,54.6,2.15,117.39,117.2,0.3,6.0,198.7,23561.0,44568.0,23.9,12.75,44.9,30.389999999999997,20.356,29.7,677.6,0.8700000000000001,0.7599238716693856
2026-03-27T12:21:01,03/27/202600:21,147.14000000000001,1.04,153.02560000000003,54.6,2.1399999999999997,116.84399999999998,116.6,0.3,6.0,198.7,23561.0,44568.0,23.9,12.8,44.6,30.389999999999997,20.344,29.8,675.4,0.8800000000000001,0.7635585156993338
2026-03-27T12:21:17,03/27/202600:21,147.16,1.03,151.5748,54.6,2.16,117.936,117.7,0.3,6.0,198.7,23561.0,44568.0,23.9,12.85,44.3,30.389999999999997,20.332,29.9,673.2,0.89,0.7780712888949878
2026-03-27T12:22:01,03/27/202600:22,147.18,1.02,150.1236,54.6,2.18,119.028,118.8,0.3,6.0,198.7,23561.0,44568.0,23.9,12.9,44.0,30.389999999999997,20.32,30.0,671.0,0.9,0.7928666778574455
2026-03-27T12:22:17,03/27/202600:22,147.23,1.02,150.1746,54.6,2.17,118.482,118.2,0.3,6.0,198.7,23561.0,44568.0,23.9,12.9,44.0,30.389999999999997,20.32,30.0,671.0,0.9,0.788961648640982
2026-03-27T12:23:01,03/27/202600:23,147.28,1.02,150.22560000000001,54.6,2.16,117.936,117.6,0.3,6.0,198.7,23561.0,44568.0,23.9,12.9,44.0,30.389999999999997,20.32,30.0,671.0,0.9,0.7850592708566316
2026-03-27T12:23:17,03/27/202600:23,147.35,1.04,153.244,54.6,2.17,118.482,118.1,0.3,6.0,198.7,23561.0,44568.0,23.9,12.9,44.0,30.389999999999997,20.32,30.0,671.0,0.9,0.7731591448931117
2026-03-27T12:24:01,03/27/202600:24,147.42000000000002,1.06,156.26520000000002,54.6,2.18,119.028,118.6,0.3,6.0,198.7,23561.0,44568.0,23.9,12.9,44.0,30.389999999999997,20.32,30.0,671.0,0.9,0.7617051013277427
2026-03-27T12:24:17,03/27/202600:24,147.62,1.0699999999999998,157.9534,54.6,2.2,120.12000000000002,119.7,0.3,6.0,198.7,23561.0,44568.0,23.9,12.9,44.0,30.389999999999997,20.32,30.0,671.0,0.9,0.7604774572753737
2026-03-27T12:25:01,03/27/202600:25,147.82,1.08,159.6456,54.6,2.2199999999999998,121.21199999999999,120.8,0.3,6.0,198.7,23561.0,44568.0,23.9,12.9,44.0,30.389999999999997,20.32,30.0,671.0,0.9,0.7592567537094664
2026-03-27T12:25:17,03/27/202600:25,148.23,1.0699999999999998,158.60609999999997,54.6,2.19,119.574,119.2,0.3,6.0,198.7,23561.0,44568.0,23.9,12.9,44.0,30.389999999999997,20.32,30.0,671.0,0.9,0.7539054298668212
2026-03-27T12:26:00,03/27/202600:26,148.64000000000001,1.06,157.55840000000003,54.6,2.16,117.936,117.6,0.3,6.0,198.7,23561.0,44568.0,23.9,12.9,44.0,30.389999999999997,20.32,30.0,671.0,0.9,0.7485224526270893
2026-03-27T12:26:17,03/27/202600:26,148.92000000000002,1.06,157.85520000000002,54.6,2.16,117.936,117.6,0.3,6.0,198.7,23561.0,44568.0,23.9,12.9,44.0,30.389999999999997,20.32,30.0,671.0,0.9,0.7471150776154348
2026-03-27T12:27:01,03/27/202600:27,149.2,1.06,158.152,54.6,2.16,117.936,117.6,0.3,6.0,198.7,23561.0,44568.0,23.9,12.9,44.0,30.389999999999997,20.32,30.0,671.0,0.9,0.7457129849764784
2026-03-27T12:27:16,03/27/202600:27,149.14000000000001,1.06,158.08840000000004,54.6,2.15,117.39,117.1,0.3,6.0,198.7,23561.0,44568.0,23.9,12.9,44.0,30.389999999999997,20.32,30.0,671.0,0.9,0.7425592263568989
2026-03-27T12:28:43,03/27/202600:28,149.03,1.06,157.9718,54.6,2.12,115.75200000000001,115.5,0.3,6.0,198.7,23561.0,44568.0,23.9,12.9,44.0,30.389999999999997,20.32,30.0,684.5,0.9,0.7327383748238611
2026-03-27T12:29:00,03/27/202600:29,148.88,1.04,154.83520000000001,54.6,2.07,113.02199999999999,112.8,0.3,6.0,198.7,23561.0,44568.0,23.9,12.9,44.0,30.389999999999997,20.32,30.0,698.0,0.9,0.7299502955400321
2026-03-27T12:29:17,03/27/202600:29,148.75,1.03,153.2125,54.6,2.05,111.92999999999999,111.7,0.3,6.0,198.7,23561.0,44568.0,23.9,12.9,44.0,30.389999999999997,20.32,30.0,711.5,0.9,0.7305539691604797
2026-03-27T12:30:00,03/27/202600:30,148.44,1.03,152.8932,54.6,2.04,111.384,111.1,0.3,6.0,198.7,23561.0,44568.0,23.9,12.9,44.0,30.389999999999997,20.32,30.0,725.0,0.9,0.7285085275211716
2026-03-27T12:30:17,03/27/202600:30,148.1,1.03,152.543,54.6,2.05,111.92999999999999,111.6,0.3,6.0,198.7,23561.0,44568.0,23.9,12.9,44.0,30.389999999999997,20.32,30.0,738.5,0.9,0.7337603167631421
2026-03-27T12:31:00,03/27/202600:31,147.64000000000001,1.04,153.5456,54.6,2.08,113.56800000000001,113.2,0.3,6.0,198.7,23561.0,44568.0,23.9,12.9,44.0,30.389999999999997,20.32,30.0,752.0,0.9,0.7396369547548091
2026-03-27T12:31:17,03/27/202600:31,147.19,1.04,153.0776,54.6,2.09,114.11399999999999,113.7,0.3,6.0,198.7,23561.0,44568.0,23.9,12.91,43.8,30.389999999999997,20.401,29.8,763.9,0.9099999999999999,0.7454650451796997
2026-03-27T12:32:01,03/27/202600:32,146.82999999999998,1.04,152.70319999999998,54.6,2.08,113.56800000000001,113.1,0.3,6.0,198.7,23561.0,44568.0,23.9,12.919999999999998,43.6,30.389999999999997,20.482,29.6,775.8,0.9199999999999999,0.743717224000545
2026-03-27T12:32:17,03/27/202600:32,146.47,1.05,153.7935,54.6,2.07,113.02199999999999,112.5,0.3,6.0,198.7,23561.0,44568.0,23.9,12.930000000000001,43.4,30.389999999999997,20.563,29.4,787.7,0.93,0.7348945176486652
2026-03-27T12:33:00,03/27/202600:33,146.42000000000002,1.06,155.20520000000002,54.6,2.08,113.56800000000001,113.0,0.3,6.0,198.7,23561.0,44568.0,23.9,12.940000000000001,43.2,30.389999999999997,20.644,29.2,799.6,0.9400000000000001,0.7317280606577614
2026-03-27T12:33:28,03/27/202600:33,146.45,1.07,156.7015,54.6,2.1100000000000003,115.20600000000002,114.6,0.3,6.0,198.7,23561.0,44568.0,23.9,12.95,43.0,30.389999999999997,20.725,29.0,798.0,0.95,0.7351939834653785
2026-03-27T12:34:01,03/27/202600:34,146.48,1.08,158.1984,54.6,2.1399999999999997,116.84399999999998,116.2,0.3,6.0,198.7,23561.0,44568.0,23.9,12.959999999999999,42.8,30.389999999999997,20.806,28.8,796.4,0.96,0.7385915407488317
2026-03-27T12:34:28,03/27/202600:34,146.51,1.07,156.7657,54.6,2.1399999999999997,116.84399999999998,116.2,0.3,6.0,198.7,23561.0,44568.0,23.9,12.969999999999999,42.6,30.389999999999997,20.904999999999998,28.6,794.8,0.97,0.7453416149068322
2026-03-27T12:35:01,03/27/202600:35,146.54000000000002,1.06,155.33240000000004,54.6,2.1399999999999997,116.84399999999998,116.2,0.3,6.0,198.7,23561.0,44568.0,23.9,12.98,42.4,30.389999999999997,21.003999999999998,28.4,793.2,0.9800000000000001,0.7522191120461665
2026-03-27T12:35:28,03/27/202600:35,146.63,1.05,153.9615,54.6,2.13,116.298,115.7,0.3,6.0,198.7,23561.0,44568.0,23.9,12.99,42.2,30.389999999999997,21.103,28.2,791.6,0.99,0.75537066084703
2026-03-27T12:36:45,03/27/202600:36,146.73,1.05,154.0665,54.6,2.12,115.75200000000001,115.2,0.3,6.0,198.7,23561.0,44568.0,23.9,13.0,42.0,30.389999999999997,21.201999999999998,28.0,790.0,1.0,0.7513119334832687
2026-03-27T12:37:00,03/27/202600:37,146.82,1.06,155.6292,54.6,2.13,116.298,115.8,0.3,6.0,198.7,23561.0,44568.0,23.9,13.0,42.0,30.389999999999997,21.22,28.0,790.0,1.0,0.7472762180876082
2026-03-27T12:37:45,03/27/202600:37,146.98,1.05,154.329,54.6,2.0900000000000003,114.11400000000002,113.6,0.3,7.0,198.7,23561.0,44568.0,23.9,13.0,42.0,30.389999999999997,21.238,28.0,790.0,1.0,0.739420329296503
2026-03-27T12:38:01,03/27/202600:38,147.14000000000001,1.03,151.5542,54.6,2.05,111.92999999999999,111.4,0.3,7.0,198.7,23561.0,44568.0,23.9,13.0,42.0,30.389999999999997,21.256,28.0,790.0,1.0,0.7385476614966789
2026-03-27T12:39:54,03/27/202600:39,147.45,1.01,148.9245,54.6,2.0300000000000002,110.83800000000002,110.3,0.3,7.0,198.7,23561.0,44568.0,23.9,13.0,41.9,30.389999999999997,21.273999999999997,28.0,790.0,1.0,0.7442563177986162
2026-03-27T12:40:01,03/27/202600:40,147.73,0.99,146.25269999999998,54.6,2.0100000000000002,109.74600000000001,109.2,0.3,7.0,198.7,23561.0,44568.0,23.9,13.0,41.8,30.389999999999997,21.291999999999998,28.0,790.0,1.0,0.7503861467172915
2026-03-27T12:40:45,03/27/202600:40,148.06,0.9700000000000001,143.6182,54.6,1.9899999999999998,108.654,108.1,0.3,7.0,198.7,23561.0,44568.0,23.9,13.0,41.7,30.389999999999997,21.31,28.0,790.0,1.0,0.7565475684836601
2026-03-27T12:41:00,03/27/202600:41,148.37,0.96,142.4352,54.6,1.97,107.562,107.0,0.3,7.0,198.7,23561.0,44568.0,23.9,13.0,41.6,30.389999999999997,21.31,28.0,790.0,1.0,0.7551644537305384
2026-03-27T12:41:46,03/27/202600:41,148.63,0.96,142.6848,54.6,1.95,106.47,105.9,0.3,7.0,198.7,23561.0,44568.0,23.9,13.0,41.5,30.389999999999997,21.31,28.0,790.0,1.0,0.746190203861939
2026-03-27T12:42:01,03/27/202600:42,148.85999999999999,0.96,142.9056,54.6,1.92,104.832,104.2,0.3,7.0,198.7,23561.0,44568.0,23.9,13.0,41.4,30.389999999999997,21.31,28.0,790.0,1.0,0.7335751713018944
2026-03-27T12:42:45,03/27/202600:42,149.0,0.95,141.54999999999998,54.6,1.9,103.74,103.1,0.3,7.0,198.7,23561.0,44568.0,23.9,13.0,41.3,30.389999999999997,21.31,28.0,790.0,1.0,0.7328859060402685
2026-03-27T12:43:01,03/27/202600:43,149.14000000000001,0.9400000000000001,140.19160000000002,54.6,1.8800000000000001,102.64800000000001,102.0,0.3,7.0,198.7,23561.0,44568.0,23.9,13.0,41.2,30.389999999999997,21.31,28.0,790.0,1.0,0.7321979348263377
2026-03-27T12:43:45,03/27/202600:43,149.18,0.9400000000000001,140.22920000000002,54.6,1.9,103.74,103.1,0.3,7.0,198.7,23561.0,44568.0,23.9,13.0,41.1,30.389999999999997,21.31,28.0,790.0,1.0,0.7397888599521354
2026-03-27T12:44:00,03/27/202600:44,149.22,0.9400000000000001,140.26680000000002,54.6,1.92,104.832,104.2,0.3,7.0,198.7,23561.0,44568.0,23.9,13.0,41.0,30.389999999999997,21.31,28.0,790.0,1.0,0.7473757154223236
2026-03-27T12:44:45,03/27/202600:44,149.16,0.9400000000000001,140.2104,54.6,1.94,105.924,105.3,0.3,7.0,198.7,23561.0,44568.0,23.9,13.0,41.0,30.389999999999997,21.31,28.0,790.0,1.0,0.755464644562743
2026-03-27T12:45:00,03/27/202600:45,149.1,0.9400000000000001,140.154,54.6,1.9600000000000002,107.01600000000002,106.4,0.3,7.0,198.7,23561.0,44568.0,23.9,13.0,41.0,30.389999999999997,21.31,28.0,790.0,1.0,0.7635600839077017
2026-03-27T12:45:46,03/27/202600:45,148.94,0.95,141.493,54.6,1.9600000000000002,107.01600000000002,106.4,0.3,7.0,198.7,23561.0,44568.0,23.9,13.040000000000001,40.8,30.389999999999997,21.304,28.1,795.0,1.01,0.7563342356158964
2026-03-27T12:46:01,03/27/202600:46,148.78,0.96,142.8288,54.6,1.9600000000000002,107.01600000000002,106.4,0.3,7.0,198.7,23561.0,44568.0,23.9,13.080000000000002,40.6,30.389999999999997,21.298,28.2,800.0,1.02,0.7492606533136176
2026-03-27T12:46:45,03/27/202600:46,148.68,0.96,142.7328,54.6,1.97,107.562,107.0,0.3,7.0,198.7,23561.0,44568.0,23.9,13.12,40.4,30.389999999999997,21.291999999999998,28.3,805.0,1.03,0.7535899246704332
2026-03-27T12:47:01,03/27/202600:47,148.57999999999998,0.96,142.63679999999997,54.6,1.98,108.108,107.6,0.3,7.0,198.7,23561.0,44568.0,23.9,13.16,40.2,30.389999999999997,21.285999999999998,28.4,810.0,1.04,0.7579250235563335
2026-03-27T12:47:45,03/27/202600:47,148.65,0.96,142.704,54.56,1.9899999999999998,108.5744,108.0,0.3,7.0,198.7,23561.0,44568.0,23.9,13.2,40.0,30.389999999999997,21.279999999999998,28.5,815.0,1.05,0.7608364166386365
2026-03-27T12:48:00,03/27/202600:48,148.72,0.96,142.7712,54.52,2.0,109.04,108.4,0.3,7.0,198.7,23561.0,44568.0,23.9,13.24,39.8,30.389999999999997,21.274,28.6,820.0,1.06,0.7637394656625427
2026-03-27T12:48:46,03/27/202600:48,148.92000000000002,0.97,144.4524,54.480000000000004,2.0300000000000002,110.59440000000002,110.0,0.3,7.0,198.7,23561.0,44568.0,23.9,13.280000000000001,39.6,30.389999999999997,21.268,28.7,825.0,1.07,0.7656113709429543
2026-03-27T12:49:01,03/27/202600:49,149.12,0.9800000000000001,146.13760000000002,54.44,2.06,112.1464,111.6,0.3,7.0,198.7,23561.0,44568.0,23.9,13.319999999999999,39.4,30.389999999999997,21.262,28.8,830.0,1.08,0.7674027765612682
2026-03-27T12:49:46,03/27/202600:49,149.06,1.0,149.06,54.4,2.07,112.60799999999999,112.6,0.4,7.0,198.7,23561.0,44568.0,23.9,13.36,39.2,30.389999999999997,21.256,28.9,835.0,1.09,0.7554541795250234
2026-03-27T12:51:07,03/27/202600:51,148.93,1.02,151.9086,54.370000000000005,2.08,113.08960000000002,113.1,0.4,7.0,198.7,23561.0,44568.0,23.9,13.4,39.0,30.389999999999997,21.25,29.0,840.0,1.1,0.7444581807744921
2026-03-27T12:51:46,03/27/202600:51,148.87,1.01,150.3587,54.330000000000005,2.08,113.00640000000001,113.0,0.4,7.0,198.7,23561.0,44568.0,23.9,13.4,39.0,30.389999999999997,21.25,29.0,840.0,1.1,0.7515787247428982
2026-03-27T12:52:00,03/27/202600:52,148.81,1.0,148.81,54.29,2.08,112.92320000000001,112.9,0.4,7.0,198.7,23561.0,44568.0,23.9,13.4,39.0,30.389999999999997,21.25,29.0,840.0,1.1,0.7588414757072778
2026-03-27T12:52:46,03/27/202600:52,148.7,1.02,151.67399999999998,54.25,2.14,116.09500000000001,116.0,0.4,7.0,198.7,23561.0,44568.0,23.9,13.4,39.0,30.389999999999997,21.25,29.0,840.0,1.1,0.7654245289238764
2026-03-27T12:53:00,03/27/202600:53,148.59,1.04,154.5336,54.21,2.2,119.26200000000001,119.1,0.4,7.0,198.7,23561.0,44568.0,23.9,13.4,39.0,30.389999999999997,21.25,29.0,840.0,1.1,0.7717544922269333
2026-03-27T12:54:44,03/27/202600:54,148.41000000000003,1.05,155.83050000000003,54.21,2.23,120.8883,120.8,0.4,7.0,198.7,23561.0,44568.0,23.9,13.4,39.0,30.389999999999997,21.25,29.0,840.0,1.1,0.7757679016623831
2026-03-27T12:54:45,03/27/202600:54,148.3,1.05,155.71500000000003,54.21,2.2,119.26200000000001,119.2,0.4,7.0,198.7,23561.0,44568.0,23.9,13.4,39.0,30.389999999999997,21.25,29.0,840.0,1.1,0.7658992389943164
2026-03-27T12:55:01,03/27/202600:55,148.09,1.05,155.49450000000002,54.21,2.16,117.09360000000001,117.0,0.4,7.0,198.7,23561.0,44568.0,23.9,13.4,39.0,30.389999999999997,21.25,29.0,840.0,1.1,0.7530401396833971
2026-03-27T12:55:45,03/27/202600:55,147.85,1.06,156.721,54.21,2.16,117.09360000000001,117.0,0.4,7.0,198.7,23561.0,44568.0,23.9,13.4,39.0,30.389999999999997,21.25,29.0,840.0,1.1,0.7471468405638045
2026-03-27T12:56:00,03/27/202600:56,147.82,1.06,156.6892,54.21,2.16,117.09360000000001,116.5,0.4,7.0,198.7,23561.0,44568.0,23.9,13.4,39.0,30.389999999999997,21.25,29.0,840.0,1.1,0.7472984736663408
2026-03-27T12:56:45,03/27/202600:56,147.96,1.04,153.87840000000003,54.2,2.12,114.90400000000001,114.3,0.4,7.0,198.7,23561.0,44568.0,23.9,13.4,39.0,30.389999999999997,21.25,29.0,840.0,1.1,0.7467194875954
2026-03-27T12:57:00,03/27/202600:57,148.07999999999998,1.04,154.0032,54.2,2.1100000000000003,114.36200000000002,113.8,0.4,7.0,198.7,23561.0,44568.0,23.9,13.4,39.0,30.389999999999997,21.25,29.0,840.0,1.1,0.7425949590657859
2026-03-27T12:57:45,03/27/202600:57,148.34,1.03,152.7902,54.21,2.0900000000000003,113.29890000000002,112.8,0.4,7.0,198.7,23561.0,44568.0,23.9,13.4,39.0,30.389999999999997,21.25,29.0,840.0,1.1,0.7415325066660036
2026-03-27T12:58:00,03/27/202600:58,148.64000000000001,0.99,147.1536,54.220000000000006,2.0,108.44000000000001,108.0,0.4,7.0,198.7,23561.0,44568.0,23.9,13.4,39.0,30.389999999999997,21.25,29.0,840.0,1.1,0.73691707168564
2026-03-27T12:58:45,03/27/202600:58,148.75,0.99,147.2625,54.23,1.9899999999999998,107.91769999999998,107.5,0.4,7.0,198.7,23561.0,44568.0,23.9,13.4,39.0,30.389999999999997,21.25,29.0,840.0,1.1,0.7328253968253967
2026-03-27T12:59:00,03/27/202600:59,148.84,1.0,148.84,54.239999999999995,2.0,108.47999999999999,108.0,0.4,7.0,198.7,23561.0,44568.0,23.9,13.4,39.0,30.389999999999997,21.25,29.0,840.0,1.1,0.7288363343187314
2026-03-27T12:59:45,03/27/202600:59,148.63,0.9800000000000001,145.6574,54.239999999999995,1.9600000000000002,106.3104,105.8,0.4,7.0,198.7,23561.0,44568.0,23.9,13.4,39.0,30.389999999999997,21.25,29.0,840.0,1.1,0.7298661104756778
2026-03-27T13:00:00,03/27/202601:00,148.42000000000002,0.96,142.4832,54.239999999999995,1.92,104.14079999999998,103.6,0.4,7.0,198.7,23561.0,44568.0,23.9,13.4,39.0,30.389999999999997,21.25,29.0,840.0,1.1,0.730898800700714
2026-03-27T13:00:46,03/27/202601:00,148.1,0.97,143.65699999999998,54.25,1.95,105.7875,105.2,0.4,7.0,198.7,23561.0,44568.0,23.9,13.45,38.8,30.389999999999997,21.207,29.1,839.0,1.1,0.7363894554389971
2026-03-27T13:01:00,03/27/202601:01,147.78,0.9800000000000001,144.82440000000003,54.260000000000005,1.98,107.43480000000001,106.8,0.4,7.0,198.7,23561.0,44568.0,23.9,13.5,38.6,30.389999999999997,21.163999999999998,29.2,838.0,1.1,0.7418280345024733
2026-03-27T13:02:16,03/27/202601:02,147.35,1.01,148.8235,54.260000000000005,2.06,111.77560000000001,111.1,0.4,7.0,198.7,23561.0,44568.0,23.9,13.55,38.4,30.389999999999997,21.121000000000002,29.3,837.0,1.1,0.7510614923046428
2026-03-27T13:02:45,03/27/202601:02,146.98,1.02,149.9196,54.260000000000005,2.1,113.94600000000001,113.3,0.4,7.0,198.7,23561.0,44568.0,23.9,13.6,38.2,30.389999999999997,21.078,29.4,836.0,1.1,0.7600473853985737
2026-03-27T13:03:00,03/27/202601:03,146.47,1.04,152.3288,54.25,2.15,116.63749999999999,116.0,0.4,7.0,198.7,23561.0,44568.0,23.9,13.65,38.0,30.389999999999997,21.035,29.5,835.0,1.1,0.7656956530872691
2026-03-27T13:03:45,03/27/202601:03,146.0,1.0699999999999998,156.21999999999997,54.239999999999995,2.2,119.328,118.7,0.4,7.0,198.7,23561.0,44568.0,23.9,13.7,37.8,30.389999999999997,20.992,29.6,834.0,1.1,0.7638458584048139
2026-03-27T13:04:00,03/27/202601:04,145.72,1.06,154.4632,54.23,2.17,117.67909999999999,117.1,0.4,7.0,198.7,23561.0,44568.0,23.9,13.75,37.6,30.389999999999997,20.949,29.7,833.0,1.1,0.7618584879764241
2026-03-27T13:04:45,03/27/202601:04,145.49,1.04,151.30960000000002,54.220000000000006,2.12,114.94640000000003,114.4,0.4,7.0,198.7,23561.0,44568.0,23.9,13.8,37.4,30.389999999999997,20.906,29.8,832.0,1.1,0.7596768479990695
2026-03-27T13:05:01,03/27/202601:05,145.49,1.06,154.2194,54.220000000000006,2.18,118.19960000000002,117.7,0.4,7.0,198.7,23561.0,44568.0,23.9,13.85,37.2,30.389999999999997,20.863,29.9,831.0,1.1,0.7664379449018737
2026-03-27T13:05:45,03/27/202601:05,145.5,1.08,157.14000000000001,54.220000000000006,2.23,120.91060000000002,120.4,0.4,7.0,198.7,23561.0,44568.0,23.9,13.9,37.0,30.389999999999997,20.82,30.0,830.0,1.1,0.7694450808196514
2026-03-27T13:06:01,03/27/202601:06,145.65,1.06,154.389,54.21,2.17,117.6357,117.1,0.4,7.0,198.7,23561.0,44568.0,23.9,13.9,37.0,30.389999999999997,20.82,30.0,830.0,1.1,0.7619435322464683
2026-03-27T13:06:45,03/27/202601:06,145.79000000000002,1.04,151.62160000000003,54.2,2.13,115.446,114.9,0.4,7.0,198.7,23561.0,44568.0,23.9,13.9,37.0,30.389999999999997,20.82,30.0,830.0,1.1,0.7614086647285082
2026-03-27T13:07:00,03/27/202601:07,145.94,1.02,148.8588,54.2,2.08,112.736,112.2,0.4,7.0,198.7,23561.0,44568.0,23.9,13.9,37.0,30.389999999999997,20.82,30.0,830.0,1.1,0.7573351390713885
2026-03-27T13:07:46,03/27/202601:07,146.07,1.01,147.5307,54.2,2.0300000000000002,110.02600000000002,109.5,0.4,8.0,198.7,23561.0,44568.0,23.9,13.9,37.0,30.389999999999997,20.82,30.0,830.0,1.1,0.7457837589057738
2026-03-27T13:08:01,03/27/202601:08,146.2,1.0,146.2,54.2,1.98,107.316,106.8,0.4,8.0,198.7,23561.0,44568.0,23.9,13.9,37.0,30.389999999999997,20.82,30.0,830.0,1.1,0.7340355677154583
2026-03-27T13:08:45,03/27/202601:08,146.32999999999998,0.9800000000000001,143.4034,54.2,1.9100000000000001,103.52200000000002,103.0,0.4,8.0,198.7,23561.0,44568.0,23.9,13.9,37.0,30.389999999999997,20.82,30.0,830.0,1.1,0.7218936231637466
2026-03-27T13:09:01,03/27/202601:09,146.45999999999998,0.96,140.60159999999996,54.2,1.8399999999999999,99.728,99.2,0.4,8.0,198.7,23561.0,44568.0,23.9,13.9,37.0,30.389999999999997,20.82,30.0,830.0,1.1,0.7092949155628387
2026-03-27T13:09:45,03/27/202601:09,146.53,0.96,140.6688,54.2,1.8399999999999999,99.728,99.2,0.4,8.0,198.7,23561.0,44568.0,23.9,13.9,37.0,30.389999999999997,20.82,30.0,830.0,1.1,0.7089560727041105
2026-03-27T13:10:00,03/27/202601:10,146.6,0.96,140.736,54.2,1.8399999999999999,99.728,99.2,0.4,8.0,198.7,23561.0,44568.0,23.9,13.9,37.0,30.389999999999997,20.82,30.0,830.0,1.1,0.7086175534333788
2026-03-27T13:10:45,03/27/202601:10,146.68,0.9400000000000001,137.87920000000003,54.2,1.81,98.102,97.6,0.4,8.0,198.7,23561.0,44568.0,23.9,13.9,37.0,30.389999999999997,20.82,30.0,830.0,1.1,0.711506884287115
2026-03-27T13:11:01,03/27/202601:11,146.76,0.9199999999999999,135.01919999999998,54.2,1.78,96.47600000000001,96.0,0.4,8.0,198.7,23561.0,44568.0,23.9,13.9,37.0,30.389999999999997,20.82,30.0,830.0,1.1,0.71453541422257
2026-03-27T13:11:45,03/27/202601:11,146.82999999999998,0.9199999999999999,135.08359999999996,54.2,1.8,97.56,97.1,0.4,8.0,198.7,23561.0,44568.0,23.9,13.9,37.0,30.389999999999997,20.82,30.0,830.0,1.1,0.7222194256001471
2026-03-27T13:12:01,03/27/202601:12,146.9,0.9199999999999999,135.148,54.2,1.8199999999999998,98.64399999999999,98.2,0.4,8.0,198.7,23561.0,44568.0,23.9,13.9,37.0,30.389999999999997,20.82,30.0,830.0,1.1,0.7298961138899577
2026-03-27T13:13:28,03/27/202601:13,146.95,0.97,142.54149999999998,54.21,1.94,105.1674,104.7,0.4,8.0,198.7,23561.0,44568.0,23.9,13.9,37.0,30.389999999999997,20.82,30.0,830.0,1.1,0.7378019734603607
2026-03-27T13:14:01,03/27/202601:14,147.0,1.02,149.94,54.220000000000006,2.06,111.69320000000002,111.2,0.4,8.0,198.7,23561.0,44568.0,23.9,13.9,37.0,30.389999999999997,20.82,30.0,830.0,1.1,0.7449193010537549
2026-03-27T13:14:08,03/27/202601:14,147.10999999999999,1.03,151.52329999999998,54.220000000000006,2.1100000000000003,114.40420000000003,113.9,0.4,8.0,198.7,23561.0,44568.0,23.9,13.9,37.0,30.389999999999997,20.82,30.0,830.0,1.1,0.7550271146417749
2026-03-27T13:15:00,03/27/202601:15,147.22,1.04,153.1088,54.220000000000006,2.16,117.11520000000002,116.6,0.4,8.0,198.7,23561.0,44568.0,23.9,13.9,37.0,30.389999999999997,20.82,30.0,830.0,1.1,0.7649148840563051
2026-03-27T13:15:08,03/27/202601:15,147.28,1.04,153.1712,54.220000000000006,2.17,117.65740000000001,117.1,0.4,8.0,198.7,23561.0,44568.0,23.9,13.9,37.0,30.389999999999997,20.82,30.0,830.0,1.1,0.7681430973968998
2026-03-27T13:16:01,03/27/202601:16,147.34,1.04,153.2336,54.220000000000006,2.18,118.19960000000002,117.6,0.4,8.0,198.7,23561.0,44568.0,23.9,13.9,37.0,30.389999999999997,20.82,30.0,830.0,1.1,0.7713686815424294
2026-03-27T13:16:09,03/27/202601:16,147.35,1.03,151.7705,54.220000000000006,2.16,117.11520000000002,116.5,0.4,8.0,198.7,23561.0,44568.0,23.9,13.95,36.8,30.389999999999997,20.801,30.0,833.0,1.1,0.7716598416688356
2026-03-27T13:17:01,03/27/202601:17,147.35999999999999,1.02,150.3072,54.220000000000006,2.1399999999999997,116.0308,115.4,0.4,8.0,198.7,23561.0,44568.0,23.9,14.0,36.6,30.389999999999997,20.782,30.0,836.0,1.1,0.771957697302591
2026-03-27T13:17:08,03/27/202601:17,147.26,1.02,150.2052,54.220000000000006,2.1,113.86200000000002,113.2,0.4,8.0,198.7,23561.0,44568.0,23.9,14.05,36.4,30.389999999999997,20.762999999999998,30.0,839.0,1.1,0.7580429971798581
2026-03-27T13:18:00,03/27/202601:18,147.16,1.02,150.1032,54.220000000000006,2.06,111.69320000000002,111.0,0.4,8.0,198.7,23561.0,44568.0,23.9,14.1,36.2,30.389999999999997,20.744,30.0,842.0,1.1,0.7441093860757134
2026-03-27T13:18:08,03/27/202601:18,146.93,1.02,149.86860000000001,54.21,2.06,111.6726,111.0,0.4,8.0,198.7,23561.0,44568.0,23.9,14.15,36.0,30.389999999999997,20.725,30.0,845.0,1.1,0.7451367397840508
2026-03-27T13:19:40,03/27/202601:19,146.89000000000001,0.95,139.5455,54.2,1.9,102.98,102.3,0.4,8.0,198.7,23561.0,44568.0,23.9,14.2,35.8,30.389999999999997,20.706,30.0,848.0,1.1,0.7379671863299068
2026-03-27T13:20:01,03/27/202601:20,146.75,0.9199999999999999,135.01,54.2,1.83,99.186,98.5,0.4,8.0,198.7,23561.0,44568.0,23.9,14.25,35.6,30.389999999999997,20.687,30.0,851.0,1.1,0.7346566920968818
2026-03-27T13:20:40,03/27/202601:20,146.6,0.9199999999999999,134.87199999999999,54.2,1.83,99.186,98.5,0.4,8.0,198.7,23561.0,44568.0,23.9,14.3,35.4,30.389999999999997,20.668,30.0,854.0,1.1,0.7354083872115785
2026-03-27T13:21:01,03/27/202601:21,146.51,0.9199999999999999,134.7892,54.2,1.8199999999999998,98.64399999999999,98.0,0.4,8.0,198.7,23561.0,44568.0,23.9,14.35,35.2,30.389999999999997,20.648999999999997,30.0,857.0,1.1,0.7318390494193896
2026-03-27T13:21:40,03/27/202601:21,146.52,0.9,131.86800000000002,54.2,1.75,94.85000000000001,94.2,0.4,8.0,198.7,23561.0,44568.0,23.9,14.4,35.0,30.389999999999997,20.63,30.0,860.0,1.1,0.7192798859465526
2026-03-27T13:22:01,03/27/202601:22,146.56,0.9099999999999999,133.3696,54.2,1.75,94.85000000000001,94.2,0.4,8.0,198.7,23561.0,44568.0,23.9,14.4,35.0,30.389999999999997,20.63,30.0,860.0,1.1,0.7111815586160566
2026-03-27T13:22:40,03/27/202601:22,146.57,0.9400000000000001,137.7758,54.2,1.81,98.102,97.5,0.4,8.0,198.7,23561.0,44568.0,23.9,14.4,35.0,30.389999999999997,20.63,30.0,860.0,1.1,0.7120408663930821
2026-03-27T13:23:00,03/27/202601:23,146.70999999999998,0.9400000000000001,137.9074,54.2,1.8199999999999998,98.64399999999999,98.1,0.4,8.0,198.7,23561.0,44568.0,23.9,14.4,35.0,30.389999999999997,20.63,30.0,860.0,1.1,0.7152915652096986
2026-03-27T13:24:40,03/27/202601:24,146.72,0.9400000000000001,137.9168,54.2,1.8399999999999999,99.728,99.2,0.4,8.0,198.7,23561.0,44568.0,23.9,14.4,35.0,30.389999999999997,20.63,30.0,860.0,1.1,0.7231026241908165
2026-03-27T13:25:01,03/27/202601:25,146.84,0.9,132.156,54.2,1.7600000000000002,95.39200000000002,94.8,0.4,8.0,198.7,23561.0,44568.0,23.9,14.4,35.0,30.389999999999997,20.63,30.0,860.0,1.1,0.7218136142135054
2026-03-27T13:25:40,03/27/202601:25,146.65,0.9800000000000001,143.717,54.21,1.9600000000000002,106.25160000000001,105.6,0.4,8.0,198.7,23561.0,44568.0,23.9,14.4,35.0,30.389999999999997,20.63,30.0,860.0,1.1,0.7393112853733379
2026-03-27T13:26:01,03/27/202601:26,146.45999999999998,1.06,155.24759999999998,54.220000000000006,2.16,117.11520000000002,116.4,0.4,8.0,198.7,23561.0,44568.0,23.9,14.4,35.0,30.389999999999997,20.63,30.0,860.0,1.1,0.7543768792561046
2026-03-27T13:26:40,03/27/202601:26,146.43,1.06,155.2158,54.220000000000006,2.15,116.57300000000001,115.8,0.4,8.0,198.7,23561.0,44568.0,23.9,14.4,35.0,30.389999999999997,20.63,30.0,860.0,1.1,0.7510382319325739
2026-03-27T13:27:00,03/27/202601:27,146.4,1.06,155.18400000000003,54.220000000000006,2.1399999999999997,116.0308,115.2,0.4,8.0,198.7,23561.0,44568.0,23.9,14.4,35.0,30.389999999999997,20.63,30.0,860.0,1.1,0.7476982163109598
2026-03-27T13:27:40,03/27/202601:27,146.31,1.08,158.0148,54.220000000000006,2.2,119.28400000000002,118.5,0.4,8.0,198.7,23561.0,44568.0,23.9,14.4,35.0,30.389999999999997,20.63,30.0,860.0,1.1,0.7548913139781844
2026-03-27T13:28:01,03/27/202601:28,146.22,1.1,160.842,54.220000000000006,2.2600000000000002,122.53720000000003,121.8,0.4,8.0,198.7,23561.0,44568.0,23.9,14.4,35.0,30.389999999999997,20.63,30.0,860.0,1.1,0.7618482734609121
2026-03-27T13:28:40,03/27/202601:28,146.2,1.1,160.82,54.23,2.2600000000000002,122.55980000000001,121.8,0.4,8.0,198.7,23561.0,44568.0,23.9,14.4,35.0,30.389999999999997,20.63,30.0,860.0,1.1,0.7620930232558141
2026-03-27T13:29:01,03/27/202601:29,146.18,1.1,160.79800000000003,54.239999999999995,2.2600000000000002,122.5824,121.8,0.4,8.0,198.7,23561.0,44568.0,23.9,14.4,35.0,30.389999999999997,20.63,30.0,860.0,1.1,0.7623378400228857
2026-03-27T13:29:40,03/27/202601:29,146.28,1.09,159.4452,54.239999999999995,2.25,122.03999999999999,121.3,0.4,8.0,198.7,23561.0,44568.0,23.9,14.4,35.0,30.389999999999997,20.63,30.0,860.0,1.1,0.7654040385035109
2026-03-27T13:30:00,03/27/202601:30,146.38,1.08,158.09040000000002,54.239999999999995,2.2399999999999998,121.49759999999998,120.8,0.4,8.0,198.7,23561.0,44568.0,23.9,14.4,35.0,30.389999999999997,20.63,30.0,860.0,1.1,0.7685324346070347
2026-03-27T13:30:39,03/27/202601:30,146.60999999999999,1.02,149.54219999999998,54.23,2.08,112.7984,112.2,0.4,8.0,198.7,23561.0,44568.0,23.9,14.4,35.0,30.389999999999997,20.63,30.0,860.0,1.1,0.7542914307800742
2026-03-27T13:31:01,03/27/202601:31,146.84,0.96,140.9664,54.220000000000006,1.92,104.1024,103.6,0.4,8.0,198.7,23561.0,44568.0,23.9,14.4,35.0,30.389999999999997,20.63,30.0,860.0,1.1,0.7384908744211387
2026-03-27T13:31:40,03/27/202601:31,146.9,0.96,141.024,54.220000000000006,1.92,104.1024,103.6,0.4,8.0,198.7,23561.0,44568.0,23.9,14.440000000000001,34.7,30.389999999999997,20.604999999999997,30.1,851.0,1.1,0.7381892443839346
2026-03-27T13:32:00,03/27/202601:32,146.95999999999998,0.96,141.08159999999998,54.220000000000006,1.92,104.1024,103.6,0.4,8.0,198.7,23561.0,44568.0,23.9,14.48,34.4,30.389999999999997,20.58,30.2,842.0,1.1,0.7378878606423518
2026-03-27T13:32:40,03/27/202601:32,146.82999999999998,1.03,151.23489999999998,54.220000000000006,2.1,113.86200000000002,113.4,0.4,8.0,198.7,23561.0,44568.0,23.9,14.520000000000001,34.1,30.389999999999997,20.555,30.3,833.0,1.1,0.75288177530451
2026-03-27T13:33:00,03/27/202601:33,146.7,1.1,161.37,54.220000000000006,2.2800000000000002,123.62160000000003,123.2,0.4,8.0,198.7,23561.0,44568.0,23.9,14.559999999999999,33.8,30.389999999999997,20.529999999999998,30.4,824.0,1.1,0.7660754787135157
2026-03-27T13:33:14,03/27/202601:33,146.65,1.1199999999999999,164.248,54.21,2.33,126.30930000000001,125.9,0.4,8.0,198.7,23561.0,44568.0,23.9,14.6,33.5,30.389999999999997,20.505,30.5,815.0,1.1,0.7690157566606596
2026-03-27T13:34:01,03/27/202601:34,146.6,1.1400000000000001,167.12400000000002,54.2,2.38,128.996,128.6,0.4,8.0,198.7,23561.0,44568.0,23.9,14.64,33.2,30.389999999999997,20.479999999999997,30.6,806.0,1.1,0.7718580215887604
2026-03-27T13:34:14,03/27/202601:34,146.66,1.1300000000000001,165.72580000000002,54.2,2.33,126.28600000000002,125.9,0.4,8.0,198.7,23561.0,44568.0,23.9,14.680000000000001,32.9,30.389999999999997,20.455,30.7,797.0,1.1,0.7620177425603014
2026-03-27T13:35:51,03/27/202601:35,146.68,1.1400000000000001,167.21520000000004,54.2,2.32,125.744,125.3,0.4,9.0,198.7,23561.0,44568.0,23.9,14.720000000000002,32.6,30.389999999999997,20.43,30.8,788.0,1.1,0.7519890536267037
2026-03-27T13:36:01,03/27/202601:36,146.69,1.15,168.69349999999997,54.2,2.34,126.828,126.3,0.4,9.0,198.7,23561.0,44568.0,23.9,14.76,32.3,30.389999999999997,20.404999999999998,30.9,779.0,1.1,0.7518250555000638
2026-03-27T13:36:14,03/27/202601:36,146.74,1.15,168.751,54.2,2.34,126.828,126.3,0.4,9.0,198.7,23561.0,44568.0,23.9,14.8,32.0,30.389999999999997,20.38,31.0,770.0,1.1,0.7515688795918246
2026-03-27T13:37:01,03/27/202601:37,146.81,1.1400000000000001,167.3634,54.2,2.32,125.744,125.3,0.4,9.0,198.7,23561.0,44568.0,23.9,14.8,32.0,30.389999999999997,20.38,31.0,770.0,1.1,0.7513231686258763
2026-03-27T13:37:15,03/27/202601:37,146.89,1.1400000000000001,167.4546,54.2,2.33,126.28600000000002,125.9,0.4,9.0,198.7,23561.0,44568.0,23.9,14.8,32.0,30.389999999999997,20.38,31.0,770.0,1.1,0.7541506772581943
2026-03-27T13:38:00,03/27/202601:38,147.11999999999998,1.0699999999999998,157.41839999999996,54.2,2.15,116.53,116.1,0.4,9.0,198.7,23561.0,44568.0,23.9,14.8,32.0,30.389999999999997,20.38,31.0,770.0,1.1,0.740256539260976
2026-03-27T13:38:14,03/27/202601:38,147.26999999999998,1.04,153.1608,54.2,2.09,113.27799999999999,112.8,0.4,9.0,198.7,23561.0,44568.0,23.9,14.8,32.0,30.392000000000003,20.38,31.0,770.0,1.1,0.7396017780006372
2026-03-27T13:39:42,03/27/202601:39,147.4,1.01,148.874,54.21,2.0100000000000002,108.96210000000002,108.5,0.4,9.0,198.7,23561.0,44568.0,23.9,14.8,31.8,30.394,20.38,31.0,770.0,1.1,0.7319081908190821
2026-03-27T13:40:01,03/27/202601:40,147.53,0.9800000000000001,144.57940000000002,54.220000000000006,1.9300000000000002,104.64460000000003,104.2,0.4,9.0,198.7,23561.0,44568.0,23.9,14.8,31.6,30.395999999999997,20.38,31.0,770.0,1.1,0.7237863762057389
2026-03-27T13:40:06,03/27/202601:40,147.5,1.03,151.925,54.21,2.0300000000000002,110.04630000000002,109.6,0.4,9.0,198.7,23561.0,44568.0,23.9,14.8,31.4,30.398000000000003,20.38,31.0,770.0,1.1,0.7243462234655258
2026-03-27T13:41:00,03/27/202601:41,147.51,1.06,156.3606,54.2,2.09,113.27799999999999,112.9,0.4,9.0,198.7,23561.0,44568.0,23.9,14.8,31.2,30.4,20.38,31.0,770.0,1.1,0.7244663937078777
2026-03-27T13:41:05,03/27/202601:41,147.53,1.0699999999999998,157.85709999999997,54.2,2.1100000000000003,114.36200000000002,114.0,0.4,9.0,198.7,23561.0,44568.0,23.9,14.8,31.0,30.401999999999997,20.38,31.0,770.0,1.1,0.7244653550584677
2026-03-27T13:42:01,03/27/202601:42,147.51,1.09,160.7859,54.2,2.15,116.53,116.1,0.4,9.0,198.7,23561.0,44568.0,23.9,14.8,30.8,30.404000000000003,20.38,31.0,770.0,1.1,0.7247526057944136
2026-03-27T13:42:05,03/27/202601:42,147.45999999999998,1.1099999999999999,163.68059999999997,54.2,2.19,118.69800000000001,118.2,0.5,9.0,198.7,23561.0,44568.0,23.9,14.8,30.6,30.406,20.354999999999997,30.9,770.0,1.1,0.7251806261707253
2026-03-27T13:43:00,03/27/202601:43,147.4,1.12,165.08800000000002,54.2,2.2,119.24000000000001,118.7,0.5,9.0,198.7,23561.0,44568.0,23.9,14.8,30.4,30.407999999999998,20.33,30.8,770.0,1.1,0.7222814498933902
2026-03-27T13:43:05,03/27/202601:43,147.32999999999998,1.1300000000000001,166.4829,54.2,2.2399999999999998,121.40799999999999,120.9,0.5,9.0,198.7,23561.0,44568.0,23.9,14.8,30.2,30.410000000000004,20.287,30.7,770.0,1.1,0.7292520733360602
2026-03-27T13:44:01,03/27/202601:44,147.34,1.1,162.074,54.2,2.16,117.07200000000002,116.6,0.5,9.0,198.7,23561.0,44568.0,23.9,14.8,30.0,30.410000000000004,20.244,30.6,770.0,1.1,0.7223367103915496
2026-03-27T13:44:05,03/27/202601:44,147.29000000000002,1.12,164.96480000000003,54.19,2.21,119.75989999999999,119.3,0.5,9.0,198.7,23561.0,44568.0,23.9,14.8,30.0,30.410000000000004,20.201,30.5,770.0,1.1,0.7259724498802167
2026-03-27T13:45:01,03/27/202601:45,147.24,1.1400000000000001,167.85360000000003,54.18000000000001,2.2600000000000002,122.44680000000002,122.0,0.5,9.0,198.7,23561.0,44568.0,23.9,14.8,30.0,30.410000000000004,20.157999999999998,30.4,770.0,1.1,0.7294856946767898
2026-03-27T13:45:06,03/27/202601:45,147.32,1.1,162.052,54.19,2.16,117.0504,116.6,0.5,9.0,198.7,23561.0,44568.0,23.9,14.8,30.0,30.410000000000004,20.115,30.3,770.0,1.1,0.7223014834744403
2026-03-27T13:47:03,03/27/202601:47,147.45,1.06,156.297,54.2,2.08,112.736,112.3,0.5,9.0,198.7,23561.0,44568.0,23.9,14.85,29.8,30.410000000000004,20.103,30.3,773.0,1.1,0.7212934349347717
2026-03-27T13:47:06,03/27/202601:47,147.59,1.03,152.01770000000002,54.2,2.02,109.48400000000001,109.1,0.5,9.0,198.7,23561.0,44568.0,23.9,14.9,29.6,30.410000000000004,20.091,30.3,776.0,1.1,0.7202056076364791
2026-03-27T13:48:00,03/27/202601:48,147.73,1.0,147.73,54.2,1.9600000000000002,106.23200000000001,105.9,0.5,9.0,198.7,23561.0,44568.0,23.9,14.95,29.4,30.410000000000004,20.079,30.3,779.0,1.1,0.71909564746497
2026-03-27T13:48:05,03/27/202601:48,147.79000000000002,0.99,146.31210000000002,54.2,1.9600000000000002,106.23200000000001,105.9,0.5,9.0,198.7,23561.0,44568.0,23.9,15.0,29.2,30.410000000000004,20.092000000000002,30.4,782.0,1.1,0.7260643514787909
2026-03-27T13:49:00,03/27/202601:49,147.85,0.9800000000000001,144.893,54.2,1.9600000000000002,106.23200000000001,105.9,0.5,9.0,198.7,23561.0,44568.0,23.9,15.05,29.0,30.410000000000004,20.105,30.5,785.0,1.1,0.7331755157253974
2026-03-27T13:49:06,03/27/202601:49,147.77,1.02,150.7254,54.19,2.05,111.08949999999999,110.7,0.5,9.0,198.7,23561.0,44568.0,23.9,15.1,28.8,30.410000000000004,20.136000000000003,30.6,788.0,1.1,0.7370323780862414
2026-03-27T13:50:01,03/27/202601:50,147.69,1.06,156.5514,54.18000000000001,2.1399999999999997,115.9452,115.5,0.5,9.0,198.7,23561.0,44568.0,23.9,15.15,28.6,30.410000000000004,20.167,30.7,791.0,1.1,0.7406206523863728
2026-03-27T13:50:06,03/27/202601:50,147.66,1.04,153.56640000000002,54.18000000000001,2.08,112.69440000000002,111.7,0.5,9.0,198.7,23561.0,44568.0,23.9,15.2,28.4,30.410000000000004,20.198,30.8,794.0,1.1,0.7338480292563999
2026-03-27T13:51:00,03/27/202601:51,147.63,1.02,150.58259999999999,54.18000000000001,2.02,109.44360000000002,107.9,0.5,9.0,198.7,23561.0,44568.0,23.9,15.25,28.2,30.410000000000004,20.229000000000003,30.9,797.0,1.1,0.7268011045100831
2026-03-27T13:51:05,03/27/202601:51,147.39,1.06,156.2334,54.18000000000001,2.16,117.02880000000002,115.5,0.5,9.0,198.7,23561.0,44568.0,23.9,15.3,28.0,30.410000000000004,20.26,31.0,800.0,1.1,0.7490639005487945
2026-03-27T13:52:00,03/27/202601:52,147.1,1.1,161.81,54.18000000000001,2.2800000000000002,123.53040000000003,122.0,0.5,9.0,198.7,23561.0,44568.0,23.9,15.3,28.0,30.410000000000004,20.26,31.0,800.0,1.1,0.7634287126877203
2026-03-27T13:52:06,03/27/202601:52,146.85,1.1199999999999999,164.47199999999998,54.18000000000001,2.33,126.23940000000002,124.7,0.5,9.0,198.7,23561.0,44568.0,23.9,15.3,28.0,30.410000000000004,20.26,31.0,800.0,1.1,0.7675434116445354
2026-03-27T13:53:01,03/27/202601:53,146.6,1.1400000000000001,167.12400000000002,54.18000000000001,2.38,128.94840000000002,127.4,0.5,9.0,198.7,23561.0,44568.0,23.9,15.3,28.0,30.410000000000004,20.26,31.0,800.0,1.1,0.7715732031306096
2026-03-27T13:53:06,03/27/202601:53,146.45,1.1300000000000001,165.48850000000002,54.18000000000001,2.35,127.32300000000002,125.8,0.5,9.0,198.7,23561.0,44568.0,23.9,15.3,28.0,30.410000000000004,20.26,31.0,800.0,1.1,0.7693767240623971
2026-03-27T13:54:00,03/27/202601:54,146.3,1.1199999999999999,163.856,54.18000000000001,2.32,125.69760000000001,124.2,0.5,9.0,198.7,23561.0,44568.0,23.9,15.3,28.0,30.410000000000004,20.26,31.0,800.0,1.1,0.7671223513328778
2026-03-27T13:54:05,03/27/202601:54,146.3,1.0699999999999998,156.541,54.19,2.18,118.1342,116.6,0.5,9.0,198.7,23561.0,44568.0,23.9,15.3,28.0,30.410000000000004,20.26,31.0,800.0,1.1,0.7546534134827299
2026-03-27T13:55:00,03/27/202601:55,146.3,1.02,149.22600000000003,54.2,2.04,110.56800000000001,109.0,0.5,9.0,198.7,23561.0,44568.0,23.9,15.3,28.0,30.410000000000004,20.26,31.0,800.0,1.1,0.7409432672590567
2026-03-27T13:55:06,03/27/202601:55,146.23999999999998,1.02,149.16479999999999,54.2,2.05,111.11,110.1,0.5,9.0,198.7,23561.0,44568.0,23.9,15.3,28.0,30.410000000000004,20.26,31.0,800.0,1.1,0.7448808297936244
2026-03-27T13:56:01,03/27/202601:56,146.18,1.02,149.1036,54.2,2.06,111.65200000000002,111.2,0.5,9.0,198.7,23561.0,44568.0,23.9,15.3,28.0,30.410000000000004,20.26,31.0,800.0,1.1,0.7488216246958491
2026-03-27T13:56:06,03/27/202601:56,146.32999999999998,0.96,140.47679999999997,54.2,1.89,102.438,102.0,0.5,9.0,198.7,23561.0,44568.0,23.9,15.3,28.0,30.410000000000004,20.26,31.0,800.0,1.1,0.7292164969589287
2026-03-27T13:58:14,03/27/202601:58,146.4,0.95,139.08,54.2,1.86,100.81200000000001,100.3,0.5,9.0,198.7,23561.0,44568.0,24.0,15.3,28.0,30.410000000000004,20.26,31.0,800.0,1.1,0.7248490077653149
2026-03-27T13:59:01,03/27/202601:59,146.41,0.97,142.0177,54.2,1.92,104.06400000000001,103.5,0.5,9.0,198.7,23561.0,44568.0,24.0,15.3,28.0,30.410000000000004,20.26,31.0,800.0,1.1,0.7327537342176363
2026-03-27T13:59:06,03/27/202601:59,146.48,0.97,142.0856,54.19,1.9100000000000001,103.5029,102.9,0.5,9.0,198.7,23561.0,44568.0,23.9,15.3,28.0,30.410000000000004,20.26,31.0,800.0,1.1,0.7284545372648601
2026-03-27T14:00:00,03/27/202602:00,146.56,0.9800000000000001,143.6288,54.18000000000001,1.92,104.02560000000001,103.4,0.5,9.0,198.7,23561.0,44568.0,23.9,15.3,28.0,30.410000000000004,20.26,31.0,800.0,1.1,0.7242669993761697
2026-03-27T14:00:05,03/27/202602:00,146.57,1.02,149.5014,54.18000000000001,2.02,109.44360000000002,108.8,0.5,9.0,198.7,23561.0,44568.0,23.9,15.3,28.0,30.410000000000004,20.26,31.0,800.0,1.1,0.7320573586601866
2026-03-27T14:01:00,03/27/202602:01,146.57999999999998,1.05,153.909,54.18000000000001,2.11,114.3198,113.7,0.5,9.0,198.7,23561.0,44568.0,23.9,15.3,28.0,30.410000000000004,20.26,31.0,800.0,1.1,0.7427752762996317
2026-03-27T14:01:06,03/27/202602:01,146.63,1.05,153.9615,54.18000000000001,2.12,114.86160000000002,114.3,0.5,9.0,198.7,23561.0,44568.0,23.9,15.35,27.9,30.410000000000004,20.303000000000004,31.0,804.0,1.1,0.7460410557184752
2026-03-27T14:02:00,03/27/202602:02,146.65,1.06,155.449,54.18000000000001,2.15,116.48700000000001,115.9,0.5,9.0,198.7,23561.0,44568.0,23.9,15.4,27.8,30.410000000000004,20.346,31.0,808.0,1.1,0.7493583104426532
2026-03-27T14:02:05,03/27/202602:02,146.66,1.06,155.4596,54.18000000000001,2.16,117.02880000000002,116.4,0.5,9.0,198.7,23561.0,44568.0,23.9,15.45,27.7,30.410000000000004,20.389000000000003,31.0,812.0,1.1,0.7527923653476531
2026-03-27T14:03:01,03/27/202602:03,146.6,1.08,158.328,54.18000000000001,2.2199999999999998,120.2796,119.6,0.5,9.0,198.7,23561.0,44568.0,23.9,15.5,27.6,30.410000000000004,20.432000000000002,31.0,816.0,1.1,0.7596862210095497
2026-03-27T14:03:06,03/27/202602:03,146.6,1.0699999999999998,156.86199999999997,54.18000000000001,2.16,117.02880000000002,116.4,0.5,9.0,198.7,23561.0,44568.0,23.9,15.55,27.5,30.410000000000004,20.475,31.0,820.0,1.1,0.7460621437951833
2026-03-27T14:04:01,03/27/202602:04,146.6,1.06,155.39600000000002,54.18000000000001,2.1,113.77800000000002,113.2,0.5,9.0,198.7,23561.0,44568.0,23.9,15.6,27.4,30.410000000000004,20.518,31.0,824.0,1.1,0.7321810085201679
2026-03-27T14:04:06,03/27/202602:04,146.52,1.07,156.77640000000002,54.19,2.13,115.42469999999999,114.9,0.5,10.0,198.7,23561.0,44568.0,23.9,15.65,27.3,30.410000000000004,20.561,31.0,828.0,1.1,0.7362377245554814
2026-03-27T14:04:23,03/27/202602:04,146.42000000000002,1.08,158.13360000000003,54.2,2.16,117.07200000000002,116.6,0.5,10.0,198.7,23561.0,44568.0,23.9,15.7,27.2,30.410000000000004,20.604000000000003,31.0,832.0,1.1,0.7403360196694441
2026-03-27T14:05:54,03/27/202602:05,146.37,1.06,155.15220000000002,54.2,2.12,114.90400000000001,114.5,0.5,10.0,198.7,23561.0,44568.0,23.9,15.75,27.1,30.410000000000004,20.647000000000002,31.0,836.0,1.1,0.7405889184942269
2026-03-27T14:06:01,03/27/202602:06,146.32,1.04,152.1728,54.2,2.08,112.736,112.4,0.5,10.0,198.7,23561.0,44568.0,23.9,15.8,27.0,30.410000000000004,20.69,31.0,840.0,1.1,0.7408419901585567
2026-03-27T14:06:53,03/27/202602:06,146.32,1.02,149.2464,54.2,2.0300000000000002,110.02600000000002,109.7,0.5,10.0,198.7,23561.0,44568.0,23.9,15.8,27.0,30.410000000000004,20.69,31.0,840.0,1.1,0.7372104117754266
2026-03-27T14:07:01,03/27/202602:07,146.32,1.0,146.32,54.2,1.98,107.316,107.0,0.5,10.0,198.7,23561.0,44568.0,23.9,15.8,27.0,30.410000000000004,20.69,31.0,840.0,1.1,0.7334335702569711
2026-03-27T14:07:54,03/27/202602:07,146.29000000000002,1.02,149.21580000000003,54.2,2.0,108.4,108.1,0.5,10.0,198.7,23561.0,44568.0,23.9,15.8,27.0,30.410000000000004,20.69,31.0,840.0,1.1,0.726464623719472
2026-03-27T14:08:01,03/27/202602:08,146.26,1.04,152.1104,54.2,2.02,109.48400000000001,109.2,0.5,10.0,198.7,23561.0,44568.0,23.9,15.8,27.0,30.410000000000004,20.69,31.0,840.0,1.1,0.7197666957683367
2026-03-27T14:09:26,03/27/202602:09,146.32999999999998,1.0,146.32999999999998,54.2,1.94,105.148,104.9,0.5,10.0,198.7,23561.0,44568.0,23.9,15.8,27.0,30.410000000000004,20.69,31.0,840.0,1.1,0.7185676211303219
2026-03-27T14:09:53,03/27/202602:09,146.4,0.9700000000000001,142.008,54.19,1.89,102.41909999999999,102.2,0.5,10.0,198.7,23561.0,44568.0,23.9,15.8,27.0,30.410000000000004,20.69,31.0,840.0,1.1,0.7212206354571572
2026-03-27T14:10:00,03/27/202602:10,146.49,0.9400000000000001,137.7006,54.18000000000001,1.8199999999999998,98.6076,98.4,0.5,10.0,198.7,23561.0,44568.0,23.9,15.8,27.0,30.410000000000004,20.69,31.0,840.0,1.1,0.7161014548956214
2026-03-27T14:10:53,03/27/202602:10,146.47,0.9700000000000001,142.07590000000002,54.18000000000001,1.92,104.02560000000001,103.8,0.5,10.0,198.7,23561.0,44568.0,23.9,15.8,27.0,30.410000000000004,20.69,31.0,840.0,1.1,0.7321832907621911
2026-03-27T14:11:00,03/27/202602:11,146.47,1.0,146.47,54.18000000000001,2.0,108.36000000000001,108.1,0.5,10.0,198.7,23561.0,44568.0,23.9,15.8,27.0,30.410000000000004,20.69,31.0,840.0,1.1,0.7398102000409641
2026-03-27T14:11:53,03/27/202602:11,146.48,1.01,147.9448,54.18000000000001,1.9899999999999998,107.8182,107.5,0.5,10.0,198.7,23561.0,44568.0,23.9,15.8,27.0,30.410000000000004,20.69,31.0,840.0,1.1,0.7287731640449682
2026-03-27T14:12:01,03/27/202602:12,146.4,1.05,153.72,54.18000000000001,2.07,112.1526,111.8,0.5,10.0,198.7,23561.0,44568.0,23.9,15.8,27.0,30.410000000000004,20.69,31.0,840.0,1.1,0.7295901639344263
2026-03-27T14:12:54,03/27/202602:12,146.29000000000002,1.09,159.45610000000002,54.18000000000001,2.15,116.48700000000001,116.1,0.5,10.0,198.7,23561.0,44568.0,23.9,15.8,27.0,30.410000000000004,20.69,31.0,840.0,1.1,0.73052708551131
2026-03-27T14:13:01,03/27/202602:13,146.22,1.1,160.842,54.18000000000001,2.18,118.11240000000002,117.7,0.5,10.0,198.7,23561.0,44568.0,23.9,15.8,27.0,30.410000000000004,20.69,31.0,840.0,1.1,0.7343380460327528
2026-03-27T14:13:54,03/27/202602:13,146.13,1.1,160.743,54.18000000000001,2.2199999999999998,120.2796,119.9,0.5,10.0,198.7,23561.0,44568.0,24.0,15.8,27.0,30.410000000000004,20.69,31.0,840.0,1.1,0.7482727086093952
2026-03-27T14:14:01,03/27/202602:14,145.95999999999998,1.1400000000000001,166.3944,54.18000000000001,2.34,126.78120000000001,126.4,0.5,10.0,198.7,23561.0,44568.0,24.0,15.8,27.0,30.410000000000004,20.69,31.0,840.0,1.1,0.7619318919386712
2026-03-27T14:14:53,03/27/202602:14,145.77,1.17,170.5509,54.19,2.44,132.2236,131.3,0.5,10.0,198.7,23561.0,44568.0,23.9,15.8,27.0,30.410000000000004,20.69,31.0,840.0,1.1,0.7752735400399529
2026-03-27T14:15:00,03/27/202602:15,145.57999999999998,1.2,174.69599999999997,54.2,2.54,137.668,136.2,0.5,10.0,198.7,23561.0,44568.0,23.9,15.8,27.0,30.410000000000004,20.69,31.0,840.0,1.1,0.7880432293813254
2026-03-27T14:15:33,03/27/202602:15,145.52,1.17,170.2584,54.2,2.46,133.332,131.9,0.5,10.0,198.7,23561.0,44568.0,23.9,15.820000000000002,26.9,30.410000000000004,20.678,31.0,838.0,1.1,0.7831155467219238
2026-03-27T14:16:00,03/27/202602:16,145.45999999999998,1.1400000000000001,165.8244,54.2,2.38,128.996,127.6,0.5,10.0,198.7,23561.0,44568.0,23.9,15.84,26.8,30.410000000000004,20.666000000000004,31.0,836.0,1.1,0.7779072319875725
2026-03-27T14:16:33,03/27/202602:16,145.32,1.1700000000000002,170.0244,54.2,2.4699999999999998,133.874,132.5,0.5,10.0,198.7,23561.0,44568.0,23.9,15.86,26.7,30.410000000000004,20.654000000000003,31.0,834.0,1.1,0.7873811053001804
2026-03-27T14:17:01,03/27/202602:17,145.18,1.2,174.216,54.2,2.56,138.752,137.4,0.5,10.0,198.7,23561.0,44568.0,23.9,15.88,26.6,30.410000000000004,20.642000000000003,31.0,832.0,1.1,0.7964366074298572
2026-03-27T14:17:33,03/27/202602:17,145.23999999999998,1.1800000000000002,171.3832,54.2,2.5300000000000002,137.12600000000003,135.8,0.5,10.0,198.7,23561.0,44568.0,24.0,15.9,26.5,30.410000000000004,20.630000000000003,31.0,830.0,1.1,0.8001134300211459
2026-03-27T14:18:01,03/27/202602:18,145.3,1.1600000000000001,168.54800000000003,54.2,2.5,135.5,134.2,0.5,10.0,198.7,23561.0,44568.0,24.0,15.919999999999998,26.4,30.410000000000004,20.618000000000002,31.0,828.0,1.1,0.8039252913116737
2026-03-27T14:18:32,03/27/202602:18,145.48,1.15,167.30199999999996,54.2,2.4699999999999998,133.874,132.5,0.5,10.0,198.7,23561.0,44568.0,23.9,15.940000000000001,26.3,30.410000000000004,20.606,31.0,826.0,1.1,0.8001936617613659
2026-03-27T14:19:01,03/27/202602:19,145.66,1.1400000000000001,166.0524,54.2,2.44,132.248,130.8,0.5,10.0,198.7,23561.0,44568.0,23.9,15.959999999999999,26.2,30.410000000000004,20.594,31.0,824.0,1.1,0.7964232977060253
2026-03-27T14:20:37,03/27/202602:20,146.04,1.12,163.56480000000002,54.2,2.37,128.454,127.5,0.5,10.0,198.7,23561.0,44568.0,24.0,15.98,26.1,30.410000000000004,20.582,31.0,822.0,1.1,0.7853401220800563
2026-03-27T14:21:00,03/27/202602:21,146.42,1.1,161.062,54.2,2.3,124.66,124.2,0.5,10.0,198.7,23561.0,44568.0,24.0,16.0,26.0,30.410000000000004,20.57,31.0,820.0,1.1,0.773987656927146
2026-03-27T14:21:32,03/27/202602:21,147.01999999999998,1.0699999999999998,157.31139999999996,54.2,2.1900000000000004,118.69800000000002,118.2,0.5,10.0,198.7,23561.0,44568.0,23.9,16.0,26.0,30.410000000000004,20.57,31.0,820.0,1.1,0.7545416288965711
2026-03-27T14:22:01,03/27/202602:22,147.61999999999998,1.04,153.52479999999997,54.2,2.08,112.736,112.2,0.5,10.0,198.7,23561.0,44568.0,23.9,16.0,26.0,30.410000000000004,20.57,31.0,820.0,1.1,0.7343178431106898
2026-03-27T14:22:32,03/27/202602:22,147.94,0.9800000000000001,144.9812,54.2,1.9400000000000002,105.14800000000001,104.6,0.5,10.0,198.7,23561.0,44568.0,23.9,16.0,26.0,30.410000000000004,20.57,31.0,820.0,1.1,0.7252526534474816
2026-03-27T14:23:01,03/27/202602:23,148.26,0.9199999999999999,136.39919999999998,54.2,1.8,97.56,97.0,0.5,10.0,198.7,23561.0,44568.0,23.9,16.0,26.0,30.410000000000004,20.57,31.0,820.0,1.1,0.7152534618971373
2026-03-27T14:23:32,03/27/202602:23,148.23999999999998,0.95,140.82799999999997,54.2,1.8800000000000001,101.89600000000002,101.3,0.5,10.0,198.7,23561.0,44568.0,23.9,16.0,26.0,30.410000000000004,20.57,31.0,826.0,1.1,0.7235492941744541
2026-03-27T14:24:00,03/27/202602:24,148.21999999999997,0.9800000000000001,145.2556,54.2,1.9600000000000002,106.23200000000001,105.6,0.5,10.0,198.7,23561.0,44568.0,23.9,16.0,26.0,30.410000000000004,20.57,31.0,832.0,1.1,0.7313452975306978
2026-03-27T14:24:33,03/27/202602:24,148.18,1.02,151.14360000000002,54.2,2.06,111.65200000000002,111.1,0.5,10.0,198.7,23561.0,44568.0,23.9,16.04,26.0,30.410000000000004,20.57,31.0,838.0,1.1,0.7387147057500284
2026-03-27T14:25:54,03/27/202602:25,148.07,1.05,155.4735,54.21,2.1100000000000003,114.38310000000001,113.8,0.5,10.0,198.7,23561.0,44568.0,23.9,16.080000000000002,26.0,30.410000000000004,20.595,31.1,844.0,1.1,0.7357080145491033
2026-03-27T14:26:01,03/27/202602:26,147.78,1.09,161.08020000000002,54.220000000000006,2.19,118.74180000000001,118.1,0.5,10.0,198.7,23561.0,44568.0,23.9,16.119999999999997,26.0,30.410000000000004,20.619999999999997,31.2,850.0,1.1,0.7371595019127118
2026-03-27T14:26:54,03/27/202602:26,147.4,1.08,159.192,54.220000000000006,2.15,116.57300000000001,115.9,0.5,10.0,198.7,23561.0,44568.0,23.9,16.16,26.0,30.410000000000004,20.663,31.2,856.0,1.1,0.7322792602643349
2026-03-27T14:27:01,03/27/202602:27,146.8,1.08,158.544,54.220000000000006,2.16,117.11520000000002,116.4,0.5,10.0,198.7,23561.0,44568.0,23.9,16.2,26.0,30.410000000000004,20.706,31.2,862.0,1.1,0.7386920980926431
2026-03-27T14:27:54,03/27/202602:27,146.08999999999997,1.1099999999999999,162.15989999999996,54.220000000000006,2.25,121.99500000000002,121.3,0.5,10.0,198.7,23561.0,44568.0,23.9,16.24,26.0,30.410000000000004,20.749000000000002,31.2,868.0,1.1,0.7523129947662772
2026-03-27T14:28:00,03/27/202602:28,145.73,1.1300000000000001,164.6749,54.220000000000006,2.29,124.16380000000001,123.5,0.5,10.0,198.7,23561.0,44568.0,23.9,16.279999999999998,26.0,30.410000000000004,20.792,31.2,874.0,1.1,0.753993474415348
2026-03-27T14:28:54,03/27/202602:28,145.43,1.12,162.88160000000002,54.220000000000006,2.27,123.07940000000002,122.4,0.5,10.0,198.7,23561.0,44568.0,23.9,16.32,26.0,30.410000000000004,20.835,31.2,880.0,1.1,0.7556372236029116
2026-03-27T14:29:00,03/27/202602:29,145.3,1.07,155.47100000000003,54.220000000000006,2.15,116.57300000000001,115.9,0.5,10.0,198.7,23561.0,44568.0,23.9,16.36,26.0,30.410000000000004,20.878,31.2,880.0,1.1,0.7498054299515664
2026-03-27T14:29:54,03/27/202602:29,145.08999999999997,1.06,153.79539999999997,54.220000000000006,2.1100000000000003,114.40420000000003,113.8,0.5,10.0,198.7,23561.0,44568.0,24.0,16.4,26.0,30.410000000000004,20.921,31.2,880.0,1.1,0.7438727036049196
2026-03-27T14:30:01,03/27/202602:30,144.8,1.04,150.592,54.220000000000006,2.04,110.60880000000002,110.0,0.5,10.0,198.7,23561.0,44568.0,24.0,16.4,26.0,30.410000000000004,20.964,31.2,880.0,1.1,0.7344932001699958
2026-03-27T14:31:51,03/27/202602:31,144.45,1.07,154.5615,54.21,2.1100000000000003,114.38310000000001,113.8,0.5,11.0,198.7,23561.0,44568.0,23.9,16.41,25.9,30.410000000000004,21.006999999999998,31.3,876.0,1.09,0.7400491066662785
2026-03-27T14:31:54,03/27/202602:31,144.29,1.02,147.17579999999998,54.2,2.0100000000000002,108.94200000000002,108.4,0.5,11.0,198.7,23561.0,44568.0,23.9,16.419999999999998,25.8,30.410000000000004,21.05,31.4,872.0,1.08,0.7402168019470595
2026-03-27T14:32:00,03/27/202602:32,144.22,1.02,147.1044,54.2,2.0300000000000002,110.02600000000002,109.5,0.5,11.0,198.7,23561.0,44568.0,23.9,16.43,25.7,30.410000000000004,21.075,31.6,868.0,1.07,0.7479449968865651
2026-03-27T14:32:54,03/27/202602:32,144.0,1.08,155.52,54.2,2.21,119.78200000000001,119.3,0.6,11.0,198.7,23561.0,44568.0,23.9,16.439999999999998,25.6,30.410000000000004,21.1,31.8,864.0,1.06,0.7702031893004115
2026-03-27T14:33:01,03/27/202602:33,143.89000000000001,1.1099999999999999,159.7179,54.2,2.31,125.20200000000001,124.7,0.6,11.0,198.7,23561.0,44568.0,23.9,16.45,25.5,30.410000000000004,21.125,32.0,860.0,1.05,0.7838946041739844
2026-03-27T14:33:54,03/27/202602:33,143.87,1.1099999999999999,159.6957,54.2,2.32,125.744,125.2,0.6,11.0,198.7,23561.0,44568.0,23.9,16.46,25.4,30.410000000000004,21.15,32.2,856.0,1.04,0.787397531680565
2026-03-27T14:34:00,03/27/202602:34,143.79000000000002,1.1400000000000001,163.92060000000004,54.2,2.3899999999999997,129.53799999999998,129.0,0.6,11.0,198.7,23561.0,44568.0,23.9,16.47,25.3,30.410000000000004,21.175,32.4,852.0,1.03,0.7902484495542351
2026-03-27T14:34:54,03/27/202602:34,143.70999999999998,1.17,168.14069999999995,54.2,2.45,132.79000000000002,132.3,0.6,11.0,198.7,23561.0,44568.0,23.9,16.48,25.2,30.410000000000004,21.2,32.6,848.0,1.02,0.7897552466475997
2026-03-27T14:35:01,03/27/202602:35,143.70999999999998,1.16,166.70359999999997,54.2,2.43,131.70600000000002,131.2,0.6,11.0,198.7,23561.0,44568.0,23.9,16.490000000000002,25.1,30.410000000000004,21.225,32.8,844.0,1.01,0.7900609224995744
2026-03-27T14:35:32,03/27/202602:35,143.73,1.15,165.28949999999998,54.2,2.38,128.996,128.4,0.6,11.0,198.7,23561.0,44568.0,23.9,16.5,25.0,30.410000000000004,21.25,33.0,840.0,1.0,0.780424648873643
2026-03-27T14:36:01,03/27/202602:36,143.88,1.1,158.268,54.2,2.2399999999999998,121.40799999999999,120.8,0.6,11.0,198.7,23561.0,44568.0,23.9,16.5,25.0,30.410000000000004,21.25,33.0,840.0,1.0,0.7671038997144084
2026-03-27T14:36:32,03/27/202602:36,143.70999999999998,1.1700000000000002,168.1407,54.21,2.3899999999999997,129.56189999999998,129.0,0.6,11.0,198.7,23561.0,44568.0,23.9,16.5,25.0,30.410000000000004,21.25,33.0,840.0,1.0,0.7705564446918561
2026-03-27T14:37:00,03/27/202602:37,143.54000000000002,1.24,177.98960000000002,54.220000000000006,2.54,137.71880000000002,137.2,0.6,11.0,198.7,23561.0,44568.0,23.9,16.5,25.0,30.410000000000004,21.25,33.0,840.0,1.0,0.77374633124632
2026-03-27T14:37:32,03/27/202602:37,143.73,1.1800000000000002,169.6014,54.220000000000006,2.3600000000000003,127.95920000000004,127.4,0.6,11.0,198.7,23561.0,44568.0,23.9,16.5,25.0,30.410000000000004,21.25,33.0,840.0,1.0,0.7544701871564741
2026-03-27T14:38:01,03/27/202602:38,143.92000000000002,1.12,161.19040000000004,54.220000000000006,2.18,118.19960000000002,117.6,0.6,11.0,198.7,23561.0,44568.0,23.9,16.5,25.0,30.410000000000004,21.25,33.0,840.0,1.0,0.7332918089414754
2026-03-27T14:38:32,03/27/202602:38,143.98,1.1,158.37800000000001,54.220000000000006,2.1399999999999997,116.0308,115.4,0.6,11.0,198.7,23561.0,44568.0,23.9,16.5,25.0,30.410000000000004,21.25,33.0,840.0,1.0,0.7326194294662137
2026-03-27T14:39:01,03/27/202602:39,144.04000000000002,1.08,155.56320000000002,54.220000000000006,2.1,113.86200000000002,113.2,0.6,11.0,198.7,23561.0,44568.0,23.9,16.5,25.0,30.410000000000004,21.25,33.0,840.0,1.0,0.7319340306704928
2026-03-27T14:40:26,03/27/202602:40,144.07,1.09,157.0363,54.23,2.1100000000000003,114.42530000000001,113.7,0.6,11.0,198.7,23561.0,44568.0,23.9,16.5,25.0,30.410000000000004,21.25,33.0,840.0,1.0,0.7286550943953722
2026-03-27T14:41:01,03/27/202602:41,144.1,1.1,158.51000000000002,54.239999999999995,2.12,114.9888,114.2,0.6,11.0,198.7,23561.0,44568.0,23.9,16.5,25.0,30.410000000000004,21.25,33.0,840.0,1.0,0.7254356192038356
2026-03-27T14:41:26,03/27/202602:41,144.23,1.0699999999999998,154.32609999999997,54.239999999999995,2.08,112.8192,112.1,0.6,11.0,198.7,23561.0,44568.0,23.9,16.5,25.0,30.410000000000004,21.25,33.0,840.0,1.0,0.7310441979678098
2026-03-27T14:43:01,03/27/202602:43,144.35999999999999,1.04,150.1344,54.25,2.04,110.67,110.0,0.6,11.0,198.7,23561.0,44568.0,24.0,16.5,25.0,30.410000000000004,21.25,33.0,840.0,1.0,0.7371395229874033
2026-03-27T14:43:27,03/27/202602:43,144.63,0.96,138.8448,54.239999999999995,1.8699999999999999,101.42879999999998,100.7,0.6,11.0,198.7,23561.0,44568.0,23.9,16.5,25.0,30.410000000000004,21.25,33.0,840.0,1.0,0.7305192560326349
2026-03-27T14:44:00,03/27/202602:44,144.9,0.8800000000000001,127.51200000000001,54.23,1.7,92.19099999999999,91.4,0.6,11.0,198.7,23561.0,44568.0,23.9,16.5,25.0,30.410000000000004,21.25,33.0,840.0,1.0,0.72299861973775
2026-03-27T14:44:27,03/27/202602:44,144.84,0.93,134.7012,54.23,1.8199999999999998,98.69859999999998,97.9,0.6,11.0,198.7,23561.0,44568.0,23.9,16.5,25.0,30.410000000000004,21.25,33.0,840.0,1.0,0.7327224998737947
2026-03-27T14:45:00,03/27/202602:45,144.78,0.9800000000000001,141.88440000000003,54.23,1.94,105.2062,104.4,0.6,11.0,198.7,23561.0,44568.0,23.9,16.5,25.0,30.410000000000004,21.25,33.0,840.0,1.0,0.7414923698447466
2026-03-27T14:45:26,03/27/202602:45,144.72,1.04,150.5088,54.23,2.05,111.17149999999998,110.4,0.6,11.0,198.7,23561.0,44568.0,23.9,16.5,25.0,30.410000000000004,21.25,33.0,840.0,1.0,0.7386378736658585
2026-03-27T14:46:01,03/27/202602:46,144.66,1.1,159.126,54.23,2.16,117.13680000000001,116.4,0.6,11.0,198.7,23561.0,44568.0,23.9,16.5,25.0,30.410000000000004,21.25,33.0,840.0,1.0,0.7361260887598507
2026-03-27T14:46:27,03/27/202602:46,144.78,1.0699999999999998,154.91459999999998,54.220000000000006,2.1,113.86200000000002,113.2,0.6,11.0,198.7,23561.0,44568.0,23.9,16.47,24.9,30.410000000000004,21.256,33.0,820.0,1.0,0.7349985088558473
2026-03-27T14:47:00,03/27/202602:47,144.9,1.04,150.696,54.21,2.04,110.58840000000001,110.0,0.6,11.0,198.7,23561.0,44568.0,23.9,16.44,24.8,30.410000000000004,21.262,33.0,800.0,1.0,0.7338509316770186
2026-03-27T14:47:26,03/27/202602:47,144.71,1.1099999999999999,160.6281,54.21,2.2199999999999998,120.34619999999998,119.7,0.6,11.0,198.7,23561.0,44568.0,23.9,16.41,24.7,30.410000000000004,21.268,33.0,780.0,1.0,0.7492225830972289
2026-03-27T14:48:00,03/27/202602:48,144.52,1.1800000000000002,170.53360000000004,54.2,2.4,130.08,129.4,0.6,11.0,198.7,23561.0,44568.0,23.9,16.380000000000003,24.6,30.410000000000004,21.274,33.0,760.0,1.0,0.7627822317713341
2026-03-27T14:48:26,03/27/202602:48,144.45,1.22,176.22899999999998,54.2,2.4899999999999998,134.958,134.3,0.6,11.0,198.7,23561.0,44568.0,24.0,16.35,24.5,30.410000000000004,21.279999999999998,33.0,740.0,1.0,0.7658103944299747
2026-03-27T14:49:01,03/27/202602:49,144.38000000000002,1.26,181.91880000000003,54.2,2.58,139.836,139.2,0.6,11.0,198.7,23561.0,44568.0,24.0,16.32,24.4,30.410000000000004,21.285999999999998,33.0,720.0,1.0,0.7686726165739879
2026-03-27T14:49:26,03/27/202602:49,144.41000000000003,1.25,180.51250000000005,54.21,2.55,138.2355,137.6,0.6,11.0,198.7,23561.0,44568.0,23.9,16.29,24.3,30.410000000000004,21.291999999999998,33.0,700.0,1.0,0.7657946125614568
2026-03-27T14:50:01,03/27/202602:50,144.44,1.24,179.1056,54.220000000000006,2.52,136.63440000000003,136.0,0.6,11.0,198.7,23561.0,44568.0,23.9,16.259999999999998,24.2,30.410000000000004,21.298,33.0,680.0,1.0,0.7628706193441189
2026-03-27T14:50:26,03/27/202602:50,144.53,1.2,173.436,54.220000000000006,2.44,132.29680000000002,131.7,0.6,11.0,198.7,23561.0,44568.0,23.9,16.229999999999997,24.1,30.410000000000004,21.304,33.0,660.0,1.0,0.7627989575405337
2026-03-27T14:51:00,03/27/202602:51,144.62,1.16,167.7592,54.220000000000006,2.36,127.95920000000001,127.4,0.6,11.0,198.7,23561.0,44568.0,23.9,16.2,24.0,30.410000000000004,21.31,33.0,640.0,1.0,0.7627551871968871
2026-03-27T14:51:27,03/27/202602:51,144.6,1.1700000000000002,169.18200000000002,54.220000000000006,2.3899999999999997,129.5858,129.0,0.6,11.0,198.7,23561.0,44568.0,23.9,16.2,24.0,30.410000000000004,21.31,33.0,640.0,1.0,0.7659550070338452
2026-03-27T14:52:00,03/27/202602:52,144.57999999999998,1.1800000000000002,170.6044,54.220000000000006,2.42,131.2124,130.6,0.6,11.0,198.7,23561.0,44568.0,23.9,16.2,24.0,30.410000000000004,21.31,33.0,640.0,1.0,0.7691032587670659
2026-03-27T14:52:19,03/27/202602:52,144.84,1.09,157.87560000000002,54.220000000000006,2.21,119.82620000000001,119.3,0.6,11.0,198.7,23561.0,44568.0,24.0,16.2,24.0,30.410000000000004,21.31,33.0,640.0,1.0,0.7589912564069432
2026-03-27T14:54:12,03/27/202602:54,145.07,1.03,149.4221,54.220000000000006,2.04,110.60880000000002,110.1,0.6,11.0,198.7,23561.0,44568.0,24.0,16.2,24.0,30.410000000000004,21.31,33.0,640.0,1.0,0.7402439130490069
2026-03-27T14:54:19,03/27/202602:54,145.23,0.99,143.77769999999998,54.220000000000006,1.9100000000000001,103.56020000000002,103.1,0.6,11.0,198.7,23561.0,44568.0,23.9,16.2,24.0,30.410000000000004,21.31,33.0,640.0,1.0,0.7202799877867015
2026-03-27T14:55:01,03/27/202602:55,145.39000000000001,0.95,138.12050000000002,54.220000000000006,1.78,96.51160000000002,96.1,0.6,11.0,198.7,23561.0,44568.0,23.9,16.2,24.0,30.410000000000004,21.31,33.0,640.0,1.0,0.6987492805195463
2026-03-27T14:55:19,03/27/202602:55,145.35999999999999,0.97,140.99919999999997,54.21,1.85,100.28850000000001,99.9,0.6,11.0,198.7,23561.0,44568.0,23.9,16.2,24.0,30.410000000000004,21.31,33.0,640.0,1.0,0.7112699930212373
2026-03-27T14:56:00,03/27/202602:56,145.32999999999998,0.99,143.87669999999997,54.2,1.92,104.06400000000001,103.7,0.6,11.0,198.7,23561.0,44568.0,23.9,16.2,24.0,30.410000000000004,21.31,33.0,640.0,1.0,0.7232859802872879
2026-03-27T14:56:20,03/27/202602:56,145.37,0.99,143.9163,54.2,1.94,105.148,104.8,0.6,11.0,198.7,23561.0,44568.0,23.9,16.2,24.0,30.410000000000004,21.31,33.0,640.0,1.0,0.7306191168060879
2026-03-27T14:57:01,03/27/202602:57,145.41,0.99,143.95589999999999,54.2,1.9600000000000002,106.23200000000001,105.9,0.6,11.0,198.7,23561.0,44568.0,23.9,16.2,24.0,30.410000000000004,21.31,33.0,640.0,1.0,0.7379482188642495
2026-03-27T14:57:19,03/27/202602:57,145.45,0.99,143.9955,54.2,1.98,107.316,107.0,0.6,11.0,198.7,23561.0,44568.0,23.9,16.2,24.0,30.410000000000004,21.31,33.0,640.0,1.0,0.745273289790306
2026-03-27T14:58:01,03/27/202602:58,145.49,0.99,144.0351,54.2,2.0,108.4,108.1,0.6,11.0,198.7,23561.0,44568.0,23.9,16.2,24.0,30.410000000000004,21.31,33.0,640.0,1.0,0.7525943329091312
2026-03-27T14:58:20,03/27/202602:58,145.42000000000002,1.05,152.69100000000003,54.2,2.12,114.90400000000001,114.6,0.6,11.0,198.7,23561.0,44568.0,23.9,16.2,24.0,30.410000000000004,21.31,33.0,640.0,1.0,0.7525263440543318
2026-03-27T14:59:00,03/27/202602:59,145.38,1.08,157.0104,54.2,2.2,119.24000000000001,119.0,0.6,11.0,198.7,23561.0,44568.0,23.9,16.2,24.0,30.410000000000004,21.31,33.0,640.0,1.0,0.759440138997162
2026-03-27T14:59:20,03/27/202602:59,145.34,1.1099999999999999,161.32739999999998,54.2,2.29,124.11800000000001,123.8,0.6,12.0,198.7,23561.0,44568.0,24.0,16.2,24.0,30.410000000000004,21.31,33.0,640.0,1.0,0.7693547407322007
2026-03-27T15:00:24,03/27/202603:00,145.34,1.1400000000000001,165.68760000000003,54.2,2.3899999999999997,129.53799999999998,129.2,0.6,12.0,198.7,23561.0,44568.0,23.9,16.2,24.0,30.410000000000004,21.31,33.0,640.0,1.0,0.781820727682699
2026-03-27T15:01:01,03/27/202603:01,145.55,1.1,160.10500000000002,54.2,2.29,124.11800000000001,123.8,0.6,12.0,198.7,23561.0,44568.0,23.9,16.2,24.0,30.410000000000004,21.31,33.0,640.0,1.0,0.7752287561287905
2026-03-27T15:01:24,03/27/202603:01,145.81,1.03,150.1843,54.2,2.12,114.90400000000001,114.6,0.6,12.0,198.7,23561.0,44568.0,23.9,16.169999999999998,23.9,30.410000000000004,21.241999999999997,33.1,619.0,1.0,0.7650866302269944
2026-03-27T15:02:01,03/27/202603:02,145.98,0.99,144.5202,54.2,2.0100000000000002,108.94200000000002,108.6,0.6,12.0,198.7,23561.0,44568.0,23.9,16.14,23.8,30.410000000000004,21.174,33.2,598.0,1.0,0.753818497345008
2026-03-27T15:02:25,03/27/202603:02,145.99,1.01,147.4499,54.2,2.05,111.11,110.7,0.6,12.0,198.7,23561.0,44568.0,23.9,16.11,23.7,30.410000000000004,21.106,33.3,577.0,1.0,0.7535440851434961
2026-03-27T15:03:00,03/27/202603:03,145.96,1.04,151.79840000000002,54.2,2.1100000000000003,114.36200000000002,113.9,0.6,12.0,198.7,23561.0,44568.0,23.9,16.080000000000002,23.6,30.410000000000004,21.038,33.4,556.0,1.0,0.7533807997976264
2026-03-27T15:03:25,03/27/202603:03,146.05,1.02,148.971,54.2,2.0300000000000002,110.02600000000002,109.5,0.6,12.0,198.7,23561.0,44568.0,24.0,16.05,23.6,30.410000000000004,20.97,33.5,535.0,1.0,0.7385732793630977
2026-03-27T15:04:01,03/27/202603:04,146.16000000000003,0.9800000000000001,143.23680000000004,54.2,1.9300000000000002,104.60600000000001,104.0,0.6,12.0,198.7,23561.0,44568.0,24.0,16.02,23.6,30.410000000000004,20.901999999999997,33.6,514.0,1.0,0.73030115165935
2026-03-27T15:05:24,03/27/202603:05,146.24,0.95,138.928,54.2,1.8399999999999999,99.728,99.1,0.6,12.0,198.7,23561.0,44568.0,24.0,15.99,23.6,30.410000000000004,20.833999999999996,33.7,493.0,1.0,0.7178394564090752
2026-03-27T15:05:25,03/27/202603:05,146.14000000000001,0.9800000000000001,143.21720000000002,54.2,1.94,105.148,104.6,0.6,12.0,198.7,23561.0,44568.0,23.9,15.959999999999999,23.6,30.410000000000004,20.766,33.8,472.0,1.0,0.7341855587178076
2026-03-27T15:06:00,03/27/202603:06,146.0,1.01,147.46,54.2,2.0300000000000002,110.02600000000002,109.5,0.6,12.0,198.7,23561.0,44568.0,23.9,15.930000000000001,23.6,30.410000000000004,20.698,33.9,451.0,1.0,0.7461413264614134
2026-03-27T15:06:25,03/27/202603:06,145.98,1.0,145.98,54.2,2.01,108.942,108.4,0.6,12.0,198.7,23561.0,44568.0,23.9,15.9,23.6,30.410000000000004,20.63,34.0,430.0,1.0,0.7462803123715578
2026-03-27T15:07:01,03/27/202603:07,145.91,1.02,148.8282,54.2,2.0599999999999996,111.65199999999999,111.1,0.6,12.0,198.7,23561.0,44568.0,23.9,15.9,23.7,30.410000000000004,20.63,34.0,430.0,1.0,0.7502072859847796
2026-03-27T15:07:24,03/27/202603:07,145.84,1.04,151.67360000000002,54.2,2.1,113.82000000000001,113.3,0.6,12.0,198.7,23561.0,44568.0,23.9,15.9,23.8,30.410000000000004,20.63,34.0,430.0,1.0,0.7504272332165913
2026-03-27T15:08:01,03/27/202603:08,145.93,1.0,145.93,54.2,1.9899999999999998,107.85799999999999,107.4,0.6,12.0,198.7,23561.0,44568.0,23.9,15.9,23.9,30.410000000000004,20.63,34.0,430.0,1.0,0.7391077914068388
2026-03-27T15:08:25,03/27/202603:08,146.03,0.96,140.1888,54.21,1.8699999999999999,101.3727,100.9,0.6,12.0,198.7,23561.0,44568.0,23.9,15.9,24.0,30.410000000000004,20.63,34.0,430.0,1.0,0.7231155413271246
2026-03-27T15:09:00,03/27/202603:09,146.01,0.9700000000000001,141.6297,54.220000000000006,1.89,102.4758,102.0,0.6,12.0,198.7,23561.0,44568.0,23.9,15.9,24.0,30.410000000000004,20.63,34.0,430.0,1.0,0.7235473915428755
2026-03-27T15:09:25,03/27/202603:09,145.95999999999998,0.99,144.50039999999998,54.220000000000006,1.94,105.1868,104.7,0.6,12.0,198.7,23561.0,44568.0,23.9,15.9,24.0,30.410000000000004,20.63,34.0,430.0,1.0,0.7279343171368385
2026-03-27T15:10:00,03/27/202603:10,145.94,1.0,145.94,54.220000000000006,1.98,107.35560000000001,106.8,0.6,12.0,198.7,23561.0,44568.0,23.9,15.9,24.0,30.410000000000004,20.63,34.0,430.0,1.0,0.7356146361518433
2026-03-27T15:10:10,03/27/202603:10,146.05,0.96,140.208,54.220000000000006,1.8800000000000001,101.93360000000001,101.3,0.6,12.0,198.7,23561.0,44568.0,23.9,15.9,24.0,30.410000000000004,20.63,34.0,430.0,1.0,0.727017003309369
2026-03-27T15:11:00,03/27/202603:11,146.16,0.9199999999999999,134.4672,54.220000000000006,1.78,96.51160000000002,95.8,0.6,12.0,198.7,23561.0,44568.0,23.9,15.9,24.0,30.410000000000004,20.63,34.0,430.0,1.0,0.7177333952071585
2026-03-27T15:11:10,03/27/202603:11,146.13,0.93,135.9009,54.220000000000006,1.8199999999999998,98.6804,98.0,0.6,12.0,198.7,23561.0,44568.0,23.9,15.9,24.0,30.410000000000004,20.63,34.0,430.0,1.0,0.726120283235799
2026-03-27T15:12:01,03/27/202603:12,146.1,0.9400000000000001,137.334,54.220000000000006,1.86,100.84920000000001,100.2,0.6,12.0,198.7,23561.0,44568.0,23.9,15.9,24.0,30.410000000000004,20.63,34.0,430.0,1.0,0.734335270217135
2026-03-27T15:12:10,03/27/202603:12,146.15,0.93,135.9195,54.220000000000006,1.8199999999999998,98.6804,98.0,0.6,12.0,198.7,23561.0,44568.0,24.0,15.9,24.0,30.410000000000004,20.63,34.0,430.0,1.0,0.7260209167926605
2026-03-27T15:13:01,03/27/202603:13,146.2,0.9199999999999999,134.504,54.220000000000006,1.78,96.51160000000002,95.8,0.6,12.0,198.7,23561.0,44568.0,24.0,15.9,24.0,30.410000000000004,20.63,34.0,430.0,1.0,0.7175370249211921
2026-03-27T15:13:11,03/27/202603:13,146.14000000000001,0.95,138.833,54.21,1.86,100.8306,100.2,0.6,12.0,198.7,23561.0,44568.0,23.9,15.9,24.0,30.410000000000004,20.63,34.0,430.0,1.0,0.7262725720830062
2026-03-27T15:14:00,03/27/202603:14,146.07999999999998,0.9800000000000001,143.1584,54.2,1.94,105.148,104.6,0.6,12.0,198.7,23561.0,44568.0,23.9,15.9,24.0,30.410000000000004,20.63,34.0,430.0,1.0,0.7344871135748933
2026-03-27T15:14:11,03/27/202603:14,146.19,0.95,138.88049999999998,54.2,1.8699999999999999,101.354,100.9,0.6,12.0,198.7,23561.0,44568.0,24.0,15.9,24.0,30.410000000000004,20.63,34.0,430.0,1.0,0.7297928794899212
2026-03-27T15:15:00,03/27/202603:15,146.3,0.9199999999999999,134.596,54.2,1.8,97.56,97.2,0.6,12.0,198.7,23561.0,44568.0,24.0,15.9,24.0,30.410000000000004,20.63,34.0,430.0,1.0,0.7248358049273381
2026-03-27T15:15:10,03/27/202603:15,146.35999999999999,0.9199999999999999,134.6512,54.2,1.8,97.56,97.2,0.6,12.0,198.7,23561.0,44568.0,23.9,15.9,24.0,30.410000000000004,20.63,34.0,430.0,1.0,0.7245386598856899
2026-03-27T15:16:36,03/27/202603:16,146.5,0.9,131.85,54.19,1.73,93.7487,93.5,0.6,12.0,198.7,23561.0,44568.0,23.9,15.87,24.0,30.410000000000004,20.537,34.0,418.0,1.0,0.7110254076602199
2026-03-27T15:17:00,03/27/202603:17,146.66,0.8699999999999999,127.59419999999999,54.18000000000001,1.6300000000000001,88.31340000000002,88.1,0.6,12.0,198.7,23561.0,44568.0,23.9,15.84,24.0,30.410000000000004,20.444,34.0,406.0,1.0,0.6921427463003806
2026-03-27T15:17:11,03/27/202603:17,146.8,0.86,126.248,54.18000000000001,1.56,84.52080000000001,84.3,0.6,12.0,198.7,23561.0,44568.0,24.0,15.809999999999999,24.0,30.410000000000004,20.351,34.0,394.0,1.0,0.6694822888283379
2026-03-27T15:18:00,03/27/202603:18,146.85999999999999,0.8699999999999999,127.76819999999996,54.18000000000001,1.5799999999999998,85.6044,85.4,0.6,12.0,198.7,23561.0,44568.0,24.0,15.780000000000001,24.0,30.410000000000004,20.258,34.0,382.0,1.0,0.6699976989579568
2026-03-27T15:18:11,03/27/202603:18,146.8,0.9400000000000001,137.99200000000002,54.19,1.7600000000000002,95.37440000000001,95.2,0.6,12.0,198.7,23561.0,44568.0,24.0,15.75,24.0,30.410000000000004,20.165,34.0,370.0,1.0,0.6911589077627688
2026-03-27T15:19:00,03/27/202603:19,146.84,0.97,142.4348,54.2,1.83,99.186,99.0,0.6,12.0,198.7,23561.0,44568.0,24.0,15.719999999999999,24.0,30.410000000000004,20.072,34.0,358.0,1.0,0.6963607208350769
2026-03-27T15:19:11,03/27/202603:19,146.95999999999998,0.95,139.61199999999997,54.2,1.8,97.56,97.3,0.6,12.0,198.7,23561.0,44568.0,23.9,15.690000000000001,24.0,30.410000000000004,19.979,34.0,346.0,1.0,0.698793799959889
2026-03-27T15:19:23,03/27/202603:19,146.92000000000002,0.99,145.45080000000002,54.2,1.9100000000000001,103.52200000000002,103.2,0.6,12.0,198.7,23561.0,44568.0,23.9,15.66,24.0,30.410000000000004,19.886,34.0,334.0,1.0,0.7117320771009854
2026-03-27T15:20:00,03/27/202603:20,146.88,1.03,151.2864,54.2,2.02,109.48400000000001,109.1,0.6,12.0,198.7,23561.0,44568.0,23.9,15.63,24.0,30.410000000000004,19.793,34.0,322.0,1.0,0.7236869936755718
2026-03-27T15:20:22,03/27/202603:20,146.87,1.05,154.2135,54.2,2.06,111.65200000000002,111.3,0.6,12.0,198.7,23561.0,44568.0,23.9,15.6,24.0,30.410000000000004,19.7,34.0,310.0,1.0,0.7240092469206653
2026-03-27T15:21:00,03/27/202603:21,146.78,1.09,159.99020000000002,54.21,2.17,117.6357,117.2,0.6,12.0,198.7,23561.0,44568.0,23.9,15.6,24.0,30.410000000000004,19.7,34.0,310.0,1.0,0.7352681601748107
2026-03-27T15:21:21,03/27/202603:21,146.69,1.12,164.2928,54.220000000000006,2.25,121.99500000000002,121.5,0.6,12.0,198.7,23561.0,44568.0,23.9,15.6,24.0,30.410000000000004,19.7,34.0,310.0,1.0,0.7425462345276239
2026-03-27T15:22:00,03/27/202603:22,146.62,1.1300000000000001,165.68060000000003,54.220000000000006,2.3,124.706,124.2,0.6,12.0,198.7,23561.0,44568.0,23.9,15.6,24.0,30.410000000000004,19.7,34.0,310.0,1.0,0.7526892104446747
2026-03-27T15:22:21,03/27/202603:22,146.52,1.16,169.9632,54.220000000000006,2.3899999999999997,129.5858,129.1,0.6,12.0,198.7,23561.0,44568.0,23.9,15.6,24.0,30.410000000000004,19.7,34.0,310.0,1.0,0.7624344563999736
2026-03-27T15:23:00,03/27/202603:23,146.54000000000002,1.1300000000000001,165.59020000000004,54.21,2.32,125.76719999999999,125.3,0.6,12.0,198.7,23561.0,44568.0,23.9,15.6,24.0,30.410000000000004,19.7,34.0,310.0,1.0,0.7595087148877165
2026-03-27T15:23:21,03/27/202603:23,146.69,1.04,152.5576,54.2,2.11,114.362,113.9,0.6,12.0,198.7,23561.0,44568.0,23.9,15.6,24.0,30.410000000000004,19.7,34.0,310.0,1.0,0.7496316145508318
2026-03-27T15:24:00,03/27/202603:24,146.76,1.0,146.76,54.2,2.0,108.4,108.0,0.6,12.0,198.7,23561.0,44568.0,23.9,15.6,24.0,30.410000000000004,19.7,34.0,310.0,1.0,0.7386208776233307
2026-03-27T15:24:21,03/27/202603:24,146.84,0.96,140.9664,54.2,1.92,104.06400000000001,103.7,0.6,12.0,198.7,23561.0,44568.0,23.9,15.6,24.0,30.410000000000004,19.7,34.0,310.0,1.0,0.7382184690819941
2026-03-27T15:25:00,03/27/202603:25,146.92000000000002,0.9199999999999999,135.1664,54.2,1.8399999999999999,99.728,99.4,0.6,12.0,198.7,23561.0,44568.0,23.9,15.6,24.0,30.410000000000004,19.7,34.0,310.0,1.0,0.7378164987748433
2026-03-27T15:25:22,03/27/202603:25,146.98,0.95,139.63099999999997,54.2,1.94,105.148,104.8,0.6,12.0,198.7,23561.0,44568.0,23.9,15.6,24.0,30.410000000000004,19.7,34.0,310.0,1.0,0.753041946272676
2026-03-27T15:26:00,03/27/202603:26,147.04000000000002,0.9799999999999999,144.0992,54.2,2.04,110.56800000000001,110.2,0.6,12.0,198.7,23561.0,44568.0,23.9,15.6,24.0,30.410000000000004,19.7,34.0,310.0,1.0,0.7673047456196843
2026-03-27T15:26:21,03/27/202603:26,147.13,0.97,142.71609999999998,54.21,2.0,108.42,108.0,0.7,12.0,198.7,23561.0,44568.0,23.9,15.6,24.0,30.410000000000004,19.7,34.0,310.0,1.0,0.7596900419784455
2026-03-27T15:27:48,03/27/202603:27,147.24,0.97,142.8228,54.21,1.98,107.3358,106.9,0.7,12.0,198.7,23561.0,44568.0,23.9,15.6,24.0,30.410000000000004,19.7,34.0,310.0,1.0,0.7515312681168553
2026-03-27T15:28:00,03/27/202603:28,147.38,0.95,140.011,54.21,1.92,104.08319999999999,103.6,0.7,12.0,198.7,23561.0,44568.0,23.9,15.6,24.0,30.410000000000004,19.7,34.0,310.0,1.0,0.7433930191199263
2026-03-27T15:28:21,03/27/202603:28,147.48999999999998,0.9400000000000001,138.64059999999998,54.21,1.92,104.08319999999999,103.6,0.7,12.0,198.7,23561.0,44568.0,24.0,15.6,24.0,30.410000000000004,19.7,34.0,310.0,1.0,0.7507411248941508
2026-03-27T15:29:01,03/27/202603:29,147.47,0.99,145.9953,54.21,2.06,111.6726,111.2,0.7,12.0,198.7,23561.0,44568.0,24.0,15.6,24.0,30.410000000000004,19.7,34.0,310.0,1.0,0.7649054455862622
2026-03-27T15:29:21,03/27/202603:29,147.51,1.02,150.4602,54.21,2.1399999999999997,116.00939999999999,115.5,0.7,13.0,198.7,23561.0,44568.0,23.9,15.6,24.0,30.410000000000004,19.7,34.0,310.0,1.0,0.7710304784919866
2026-03-27T15:30:01,03/27/202603:30,147.56,1.04,153.4624,54.21,2.17,117.6357,117.1,0.7,13.0,198.7,23561.0,44568.0,23.9,15.6,24.0,30.410000000000004,19.7,34.0,310.0,1.0,0.7665441176470588
2026-03-27T15:30:22,03/27/202603:30,147.55,1.0699999999999998,157.8785,54.21,2.2199999999999998,120.34619999999998,119.8,0.7,13.0,198.7,23561.0,44568.0,23.9,15.580000000000002,23.9,30.410000000000004,19.625,33.9,300.0,0.99,0.7622709868664826
2026-03-27T15:31:01,03/27/202603:31,147.57,1.03,151.9971,54.21,2.09,113.29889999999999,112.8,0.7,13.0,198.7,23561.0,44568.0,23.9,15.559999999999999,23.8,30.410000000000004,19.55,33.8,290.0,0.9800000000000001,0.7454017214802124
2026-03-27T15:31:21,03/27/202603:31,147.65,0.9700000000000001,143.22050000000002,54.21,1.9100000000000001,103.54110000000001,103.1,0.7,13.0,198.7,23561.0,44568.0,23.9,15.540000000000001,23.7,30.410000000000004,19.475,33.7,287.0,0.97,0.7229488795249284
2026-03-27T15:32:00,03/27/202603:32,147.7,0.96,141.79199999999997,54.2,1.9,102.98,102.6,0.7,13.0,198.7,23561.0,44568.0,23.9,15.52,23.6,30.410000000000004,19.4,33.6,284.0,0.96,0.726275107199278
2026-03-27T15:32:22,03/27/202603:32,147.67000000000002,0.93,137.33310000000003,54.2,1.85,100.27000000000001,99.9,0.7,13.0,198.7,23561.0,44568.0,24.0,15.5,23.5,30.410000000000004,19.325,33.5,281.0,0.95,0.7301225997228635
2026-03-27T15:33:00,03/27/202603:32,147.57999999999998,0.9400000000000001,138.7252,54.2,1.89,102.438,102.1,0.7,13.0,198.7,23561.0,44568.0,23.9,15.48,23.4,30.410000000000004,19.25,33.4,278.0,0.9400000000000001,0.7384238768442937
2026-03-27T15:33:01,03/27/202603:33,147.52,0.9400000000000001,138.6688,54.2,1.8699999999999999,101.354,101.0,0.7,13.0,198.7,23561.0,44568.0,23.9,15.459999999999999,23.3,30.410000000000004,19.175,33.3,275.0,0.93,0.7309070245073153
2026-03-27T15:34:00,03/27/202603:33,147.51000000000002,0.9099999999999999,134.2341,54.2,1.78,96.47600000000001,96.1,0.7,13.0,198.7,23561.0,44568.0,23.9,15.5,23.2,30.410000000000004,19.1,33.2,272.0,0.9199999999999999,0.7187145442178999
2026-03-27T15:34:01,03/27/202603:34,147.44,0.9,132.696,54.2,1.75,94.85000000000001,94.5,0.7,13.0,198.7,23561.0,44568.0,23.9,15.540000000000001,23.1,30.410000000000004,19.025,33.1,269.0,0.9099999999999999,0.7147917043467776
2026-03-27T15:35:01,03/27/202603:35,147.29000000000002,0.9200000000000002,135.50680000000006,54.2,1.8,97.56,97.2,0.7,13.0,198.7,23561.0,44568.0,24.0,15.580000000000002,23.0,30.410000000000004,18.988,33.2,266.0,0.9,0.7199638689718889
2026-03-27T15:36:00,03/27/202603:36,147.25,0.9,132.525,54.2,1.72,93.224,92.9,0.7,13.0,198.7,23561.0,44568.0,24.0,15.64,23.0,30.410000000000004,19.026,33.4,273.0,0.9,0.7034446330880966
2026-03-27T15:37:00,03/27/202603:37,147.17000000000002,0.9,132.45300000000003,54.2,1.73,93.766,93.4,0.7,13.0,198.7,23561.0,44568.0,24.0,15.7,23.0,30.410000000000004,19.064,33.6,280.0,0.9,0.707919035431436
2026-03-27T15:39:00,03/27/202603:38,147.09,0.9,132.381,54.2,1.72,93.224,93.4,0.7,13.0,198.7,23561.0,44568.0,23.9,15.76,23.0,30.410000000000004,19.101999999999997,33.8,280.0,0.9,0.7042098186295617
2026-03-27T15:39:01,03/27/202603:39,146.82999999999998,0.95,139.4885,54.2,1.85,100.27000000000001,100.4,0.7,13.0,198.7,23561.0,44568.0,24.0,15.819999999999999,23.0,30.410000000000004,19.139999999999997,34.0,280.0,0.9,0.7188406212698539
2026-03-27T15:40:01,03/27/202603:40,146.64000000000001,1.0100000000000002,148.10640000000004,54.2,1.9899999999999998,107.85799999999999,108.0,0.7,13.0,198.7,23561.0,44568.0,23.9,15.88,22.9,30.410000000000004,19.177999999999997,34.2,280.0,0.9,0.7282467199256748
2026-03-27T15:40:20,03/27/202603:40,146.53,1.03,150.9259,54.2,2.0300000000000002,110.02600000000002,110.1,0.7,13.0,198.7,23561.0,44568.0,23.9,15.940000000000001,22.8,30.410000000000004,19.216,34.4,280.0,0.9,0.7290067509950248
2026-03-27T15:41:00,03/27/202603:41,146.42000000000002,1.05,153.741,54.2,2.07,112.194,112.2,0.7,13.0,198.7,23561.0,44568.0,23.9,16.0,22.7,30.410000000000004,19.253999999999998,34.6,280.0,0.9,0.7297597908170234
2026-03-27T15:41:20,03/27/202603:41,146.38,1.07,156.6266,54.2,2.1100000000000003,114.36200000000002,114.3,0.7,13.0,198.7,23561.0,44568.0,24.0,16.0,22.6,30.410000000000004,19.291999999999998,34.8,280.0,0.9,0.7301569465212169
2026-03-27T15:42:00,03/27/202603:42,146.34,1.09,159.5106,54.2,2.15,116.53,116.4,0.7,13.0,198.7,23561.0,44568.0,24.0,16.0,22.5,30.410000000000004,19.33,35.0,280.0,0.9,0.7305470608222902
2026-03-27T15:42:19,03/27/202603:42,146.48,1.06,155.2688,54.21,2.07,112.2147,112.1,0.7,13.0,198.7,23561.0,44568.0,24.0,16.0,22.4,30.410000000000004,19.33,35.0,280.0,0.9,0.7227124831260369
2026-03-27T15:43:00,03/27/202603:43,146.57,1.06,155.3642,54.220000000000006,2.1,113.86200000000002,113.7,0.7,13.0,198.7,23561.0,44568.0,24.0,16.0,22.3,30.410000000000004,19.33,35.0,280.0,0.9,0.7328715366860578
2026-03-27T15:43:20,03/27/202603:43,147.02,1.03,151.43060000000003,54.220000000000006,2.02,109.52440000000001,109.4,0.7,13.0,198.7,23561.0,44568.0,23.9,16.0,22.2,30.410000000000004,19.33,35.0,280.0,0.9,0.723264650605624
2026-03-27T15:44:00,03/27/202603:44,147.41,1.02,150.3582,54.220000000000006,2.0100000000000002,108.98220000000002,108.3,0.7,13.0,198.7,23561.0,44568.0,23.9,16.0,22.1,30.410000000000004,19.33,35.0,280.0,0.9,0.7248171366776139
2026-03-27T15:44:20,03/27/202603:44,147.87,1.01,149.3487,54.220000000000006,1.98,107.35560000000001,106.7,0.7,13.0,198.7,23561.0,44568.0,23.9,16.0,22.0,30.410000000000004,19.33,35.0,280.0,0.9,0.7188251387524632
2026-03-27T15:45:01,03/27/202603:45,148.32,1.0,148.32,54.220000000000006,1.9600000000000002,106.27120000000002,105.6,0.7,13.0,198.7,23561.0,44568.0,23.9,16.0,22.0,30.410000000000004,19.33,35.0,280.0,0.9,0.7164994606256744
2026-03-27T15:45:20,03/27/202603:45,148.24,0.97,143.7928,54.220000000000006,1.8800000000000001,101.93360000000001,101.3,0.7,13.0,198.7,23561.0,44568.0,23.9,16.0,22.0,30.410000000000004,19.33,35.0,280.0,0.9,0.7088922393888986
2026-03-27T15:46:01,03/27/202603:46,148.16,0.9400000000000001,139.2704,54.220000000000006,1.8,97.59600000000002,97.0,0.7,13.0,198.7,23561.0,44568.0,23.9,16.0,22.0,30.410000000000004,19.33,35.0,280.0,0.9,0.7007662791232022
2026-03-27T15:46:20,03/27/202603:46,147.82999999999998,0.97,143.39509999999999,54.220000000000006,1.89,102.4758,101.9,0.7,13.0,198.7,23561.0,44568.0,23.9,15.969999999999999,22.1,30.410000000000004,19.243,34.8,267.0,0.9,0.7146394821022477
2026-03-27T15:47:00,03/27/202603:47,147.5,1.0,147.5,54.220000000000006,1.98,107.35560000000001,106.8,0.7,13.0,198.7,23561.0,44568.0,23.9,15.940000000000001,22.2,30.410000000000004,19.156,34.6,254.0,0.9,0.7278345762711865
2026-03-27T15:47:19,03/27/202603:47,147.16,1.01,148.6316,54.21,2.0,108.42,107.9,0.7,13.0,198.7,23561.0,44568.0,23.9,15.91,22.3,30.410000000000004,19.162,34.2,241.0,0.9,0.7294545708987861
2026-03-27T15:48:00,03/27/202603:48,146.82,1.02,149.75639999999999,54.2,2.02,109.48400000000001,109.0,0.7,13.0,198.7,23561.0,44568.0,23.9,15.88,22.4,30.410000000000004,19.168,33.8,228.0,0.9,0.7310806082411171
2026-03-27T15:48:20,03/27/202603:48,146.19,1.03,150.5757,54.2,2.06,111.65200000000002,111.2,0.7,13.0,198.7,23561.0,44568.0,23.9,15.85,22.5,30.410000000000004,19.174,33.4,215.0,0.9,0.7415007866475135
2026-03-27T15:50:11,03/27/202603:50,145.68,1.0699999999999998,155.87759999999997,54.2,2.1399999999999997,115.98799999999999,115.5,0.7,13.0,198.7,23561.0,44568.0,24.0,15.819999999999999,22.6,30.410000000000004,19.18,33.0,202.0,0.9,0.7440966501922022
2026-03-27T15:50:19,03/27/202603:50,145.2,1.06,153.912,54.2,2.1100000000000003,114.36200000000002,113.9,0.7,13.0,198.7,23561.0,44568.0,24.0,15.790000000000001,22.7,30.410000000000004,19.186,32.6,189.0,0.9,0.74303498102812
2026-03-27T15:51:01,03/27/202603:51,144.72,1.05,151.95600000000002,54.2,2.08,112.736,112.3,0.7,13.0,198.7,23561.0,44568.0,24.0,15.76,22.8,30.410000000000004,19.192,32.2,176.0,0.9,0.7418989707546921
2026-03-27T15:51:20,03/27/202603:51,144.75,1.04,150.54,54.2,2.08,112.736,112.3,0.7,13.0,198.7,23561.0,44568.0,24.0,15.729999999999999,22.9,30.410000000000004,19.198,31.8,163.0,0.9,0.7488773747841106
2026-03-27T15:52:01,03/27/202603:52,144.78,1.03,149.1234,54.2,2.08,112.736,112.3,0.7,13.0,198.7,23561.0,44568.0,24.0,15.7,23.0,30.410000000000004,19.204,31.4,150.0,0.9,0.7559913467638211
2026-03-27T15:52:20,03/27/202603:52,144.95999999999998,0.9800000000000001,142.0608,54.21,1.9600000000000002,106.25160000000001,105.8,0.7,13.0,198.7,23561.0,44568.0,24.0,15.7,23.0,30.410000000000004,19.297,31.2,150.0,0.9,0.747930463576159
2026-03-27T15:53:00,03/27/202603:53,145.14000000000001,0.93,134.98020000000002,54.220000000000006,1.8400000000000003,99.76480000000002,99.3,0.7,13.0,198.7,23561.0,44568.0,24.0,15.7,23.0,30.410000000000004,19.39,31.0,150.0,0.9,0.7391069208669123
2026-03-27T15:53:04,03/27/202603:53,145.17000000000002,0.95,137.91150000000002,54.220000000000006,1.9,103.018,102.5,0.7,13.0,198.7,23561.0,44568.0,24.0,15.7,23.0,30.410000000000004,19.39,31.0,150.0,0.9,0.746986291933595
2026-03-27T15:54:01,03/27/202603:54,145.2,0.9700000000000001,140.844,54.220000000000006,1.9600000000000002,106.27120000000002,105.7,0.7,13.0,198.7,23561.0,44568.0,24.0,15.7,23.0,30.410000000000004,19.39,31.0,150.0,0.9,0.7545312544375339
2026-03-27T15:54:04,03/27/202603:54,145.23,1.0,145.23,54.220000000000006,2.0,108.44000000000001,107.9,0.7,13.0,198.7,23561.0,44568.0,24.0,15.7,23.0,30.410000000000004,19.39,31.0,150.0,0.9,0.7466776836741721
2026-03-27T15:55:01,03/27/202603:55,145.14000000000001,1.0,145.14000000000001,54.220000000000006,2.0,108.44000000000001,108.0,0.7,13.0,198.7,23561.0,44568.0,24.0,15.7,23.0,30.410000000000004,19.39,31.0,150.0,0.9,0.7471406917459005
2026-03-27T15:55:04,03/27/202603:55,145.14000000000001,0.99,143.6886,54.220000000000006,1.97,106.81340000000002,106.3,0.7,13.0,198.7,23561.0,44568.0,23.9,15.7,23.0,30.410000000000004,19.39,31.0,150.0,0.9,0.7433672539088001
2026-03-27T15:56:01,03/27/202603:56,145.14000000000001,0.9800000000000001,142.23720000000003,54.220000000000006,1.94,105.1868,104.6,0.7,13.0,198.7,23561.0,44568.0,23.9,15.7,23.0,30.410000000000004,19.39,31.0,150.0,0.9,0.7395168071362483
2026-03-27T15:56:05,03/27/202603:56,145.2,0.96,139.392,54.220000000000006,1.8699999999999999,101.3914,100.8,0.7,13.0,198.7,23561.0,44568.0,24.0,15.7,23.0,30.410000000000004,19.39,31.0,150.0,0.9,0.7273832070707071
2026-03-27T15:57:01,03/27/202603:57,145.26,0.9400000000000001,136.5444,54.220000000000006,1.8,97.59600000000002,97.0,0.7,13.0,198.7,23561.0,44568.0,24.0,15.7,23.0,30.410000000000004,19.39,31.0,150.0,0.9,0.7147565187587336
2026-03-27T15:57:05,03/27/202603:57,145.19,0.9700000000000001,140.8343,54.21,1.8699999999999999,101.3727,100.8,0.7,14.0,198.7,23561.0,44568.0,24.0,15.7,23.0,30.410000000000004,19.39,31.0,150.0,0.9,0.7198012131987732
2026-03-27T15:58:08,03/27/202603:58,145.07,1.02,147.9714,54.2,1.98,107.316,106.8,0.7,14.0,198.7,23561.0,44568.0,23.9,15.7,23.0,30.410000000000004,19.39,31.0,150.0,0.9,0.7252482574335312
2026-03-27T15:59:01,03/27/202603:59,145.01,1.04,150.8104,54.2,2.02,109.48400000000001,109.0,0.7,14.0,198.7,23561.0,44568.0,23.9,15.7,23.0,30.410000000000004,19.39,31.0,150.0,0.9,0.7259711531830697
2026-03-27T15:59:07,03/27/202603:59,144.93,1.06,153.62580000000003,54.19,2.06,111.6314,111.2,0.7,14.0,198.7,23561.0,44568.0,24.0,15.7,23.0,30.410000000000004,19.39,31.0,150.0,0.9,0.7266448734522455
2026-03-27T16:00:01,03/27/202604:00,144.82,1.08,156.4056,54.18000000000001,2.12,114.86160000000002,114.4,0.7,14.0,198.7,23561.0,44568.0,24.0,15.7,23.0,30.410000000000004,19.39,31.0,150.0,0.9,0.7343829121207938
2026-03-27T16:01:23,03/27/202604:01,144.79000000000002,1.06,153.47740000000002,54.18000000000001,2.0900000000000003,113.23620000000003,112.7,0.7,14.0,198.7,23561.0,44568.0,23.9,15.669999999999998,23.0,30.410000000000004,19.315,30.9,145.6,0.9,0.7378037417886933
2026-03-27T16:02:00,03/27/202604:02,144.75,1.05,151.9875,54.18000000000001,2.08,112.69440000000002,112.2,0.7,14.0,198.7,23561.0,44568.0,23.9,15.64,23.0,30.410000000000004,19.240000000000002,30.8,141.2,0.9,0.7414715025906736
2026-03-27T16:02:07,03/27/202604:02,144.63,1.05,151.8615,54.18000000000001,2.1,113.77800000000002,113.3,0.7,14.0,198.7,23561.0,44568.0,23.9,15.61,23.0,30.410000000000004,19.165,30.7,136.8,0.9,0.749222153080274
2026-03-27T16:03:00,03/27/202604:03,144.45,1.08,156.006,54.18000000000001,2.2,119.19600000000003,118.7,0.7,14.0,198.7,23561.0,44568.0,23.9,15.580000000000002,23.0,30.410000000000004,19.09,30.6,132.4,0.9,0.7640475366332066
2026-03-27T16:03:08,03/27/202604:03,144.2,1.12,161.504,54.18000000000001,2.3,124.614,124.1,0.7,14.0,198.7,23561.0,44568.0,23.9,15.55,23.0,30.410000000000004,19.015,30.5,128.0,0.9,0.7715846047156727
2026-03-27T16:04:00,03/27/202604:04,144.06,1.12,161.34720000000002,54.18000000000001,2.2800000000000002,123.53040000000003,123.0,0.7,14.0,198.7,23561.0,44568.0,23.9,15.52,23.0,30.410000000000004,18.94,30.4,123.6,0.9,0.7656184922948772
2026-03-27T16:04:07,03/27/202604:04,143.9,1.1099999999999999,159.72899999999998,54.18000000000001,2.24,121.36320000000002,120.8,0.7,14.0,198.7,23561.0,44568.0,23.9,15.49,23.0,30.410000000000004,18.865000000000002,30.3,119.2,0.9,0.7598069229757904
2026-03-27T16:05:00,03/27/202604:05,143.74,1.1,158.11400000000003,54.18000000000001,2.2,119.19600000000003,118.6,0.7,14.0,198.7,23561.0,44568.0,23.9,15.459999999999999,23.0,30.410000000000004,18.79,30.2,114.8,0.9,0.7538611381661333
2026-03-27T16:05:07,03/27/202604:05,143.68,1.05,150.864,54.19,2.07,112.17329999999998,111.6,0.7,14.0,198.7,23561.0,44568.0,24.0,15.430000000000001,23.0,30.410000000000004,18.715,30.1,110.4,0.9,0.7435392141266305
2026-03-27T16:06:01,03/27/202604:06,143.62,1.0,143.62,54.2,1.94,105.148,104.6,0.7,14.0,198.7,23561.0,44568.0,24.0,15.4,23.0,30.410000000000004,18.64,30.0,106.0,0.9,0.7321264447848489
2026-03-27T16:06:08,03/27/202604:06,143.43,1.0,143.43,54.2,1.9300000000000002,104.60600000000001,104.1,0.7,14.0,198.7,23561.0,44568.0,23.9,15.4,23.0,30.410000000000004,18.64,30.0,106.0,0.9,0.72931743707732
2026-03-27T16:07:00,03/27/202604:07,143.24,1.0,143.24,54.2,1.92,104.06400000000001,103.6,0.7,14.0,198.7,23561.0,44568.0,23.9,15.4,23.0,30.410000000000004,18.64,30.0,106.0,0.9,0.7265009773806199
2026-03-27T16:07:07,03/27/202604:07,142.70999999999998,1.0699999999999998,152.69969999999995,54.2,2.08,112.736,112.3,0.7,14.0,198.7,23561.0,44568.0,23.9,15.4,23.0,30.410000000000004,18.64,30.0,106.0,0.9,0.7382856678827794
2026-03-27T16:08:00,03/27/202604:08,142.18,1.1400000000000001,162.08520000000001,54.2,2.2399999999999998,121.40799999999999,121.0,0.7,14.0,198.7,23561.0,44568.0,23.9,15.4,23.0,30.410000000000004,18.64,30.0,106.0,0.9,0.7490381601774867
2026-03-27T16:08:08,03/27/202604:08,142.10999999999999,1.1199999999999999,159.16319999999996,54.2,2.19,118.69800000000001,118.3,0.7,14.0,198.7,23561.0,44568.0,23.9,15.4,23.0,30.410000000000004,18.64,30.0,106.0,0.9,0.7457628396513769
2026-03-27T16:09:01,03/27/202604:09,142.04000000000002,1.1,156.24400000000003,54.2,2.1399999999999997,115.98799999999999,115.6,0.7,14.0,198.7,23561.0,44568.0,23.9,15.4,23.0,30.410000000000004,18.64,30.0,106.0,0.9,0.7423517063055219
2026-03-27T16:09:08,03/27/202604:09,141.9,1.1,156.09000000000003,54.2,2.15,116.53,116.2,0.7,14.0,198.7,23561.0,44568.0,24.0,15.4,23.0,30.410000000000004,18.64,30.0,106.0,0.9,0.746556473829201
2026-03-27T16:10:00,03/27/202604:10,141.76,1.1,155.936,54.2,2.16,117.07200000000002,116.8,0.7,14.0,198.7,23561.0,44568.0,24.0,15.4,23.0,30.410000000000004,18.64,30.0,106.0,0.9,0.7507695464806075
2026-03-27T16:10:07,03/27/202604:10,141.48999999999998,1.15,162.71349999999995,54.2,2.2800000000000002,123.57600000000002,123.2,0.7,14.0,198.7,23561.0,44568.0,24.0,15.4,23.0,30.410000000000004,18.64,30.0,106.0,0.9,0.7594698657456207
2026-03-27T16:11:00,03/27/202604:11,141.21999999999997,1.2,169.46399999999997,54.2,2.4,130.08,129.6,0.7,14.0,198.7,23561.0,44568.0,24.0,15.4,23.0,30.410000000000004,18.64,30.0,106.0,0.9,0.7675966576972102
2026-03-27T16:11:07,03/27/202604:11,141.03,1.22,172.0566,54.2,2.4699999999999998,133.874,133.4,0.7,14.0,198.7,23561.0,44568.0,23.9,15.4,23.0,30.410000000000004,18.64,30.0,106.0,0.9,0.7780811663138757
2026-03-27T16:12:34,03/27/202604:12,140.94,1.23,173.3562,54.2,2.48,134.416,133.9,0.7,14.0,198.7,23561.0,44568.0,23.9,15.4,23.0,30.410000000000004,18.64,30.0,106.0,0.9,0.775374633269534
2026-03-27T16:13:00,03/27/202604:13,141.26999999999998,1.16,163.87319999999997,54.2,2.29,124.11800000000001,123.6,0.7,14.0,198.7,23561.0,44568.0,23.9,15.4,23.0,30.410000000000004,18.64,30.0,106.0,0.9,0.7574026747509662
2026-03-27T16:13:07,03/27/202604:13,141.42,1.1199999999999999,158.39039999999997,54.2,2.18,118.15600000000002,117.6,0.7,14.0,198.7,23561.0,44568.0,24.0,15.4,23.0,30.410000000000004,18.64,30.0,106.0,0.9,0.7459795543164235
2026-03-27T16:14:01,03/27/202604:14,141.18,1.16,163.7688,54.2,2.2800000000000002,123.57600000000002,123.0,0.7,14.0,198.7,23561.0,44568.0,24.0,15.4,23.0,30.410000000000004,18.64,30.0,106.0,0.9,0.7545759631871274
2026-03-27T16:14:08,03/27/202604:14,141.23,1.1400000000000001,161.00220000000002,54.2,2.25,121.95,121.4,0.7,14.0,198.7,23561.0,44568.0,23.9,15.4,23.0,30.410000000000004,18.64,30.0,106.0,0.9,0.7574430659953715
2026-03-27T16:15:01,03/27/202604:15,141.42,1.09,154.1478,54.2,2.1399999999999997,115.98799999999999,115.4,0.7,14.0,198.7,23561.0,44568.0,23.9,15.4,23.0,30.410000000000004,18.64,30.0,106.0,0.9,0.7524466777988398
2026-03-27T16:15:08,03/27/202604:15,141.43,1.08,152.7444,54.2,2.1399999999999997,115.98799999999999,115.4,0.7,14.0,198.7,23561.0,44568.0,23.9,15.4,23.0,30.410000000000004,18.64,30.0,106.0,0.9,0.7593600812861223
2026-03-27T16:16:00,03/27/202604:16,141.49,1.06,149.97940000000003,54.2,2.12,114.90400000000001,114.4,0.7,14.0,198.7,23561.0,44568.0,23.9,15.4,23.0,30.410000000000004,18.64,30.0,106.0,0.9,0.7661318821118099
2026-03-27T16:16:08,03/27/202604:16,141.75,1.0,141.75,54.21,2.0100000000000002,108.96210000000002,108.5,0.7,14.0,198.7,23561.0,44568.0,23.9,15.38,23.0,30.410000000000004,18.578,30.0,104.7,0.89,0.7686920634920636
2026-03-27T16:17:00,03/27/202604:17,141.98,0.96,136.30079999999998,54.220000000000006,1.92,104.1024,103.6,0.7,14.0,198.7,23561.0,44568.0,23.9,15.36,23.0,30.410000000000004,18.516,30.0,103.4,0.8800000000000001,0.7637695450063391
2026-03-27T16:18:07,03/27/202604:18,141.8,1.01,143.21800000000002,54.23,2.05,111.17149999999998,110.7,0.7,14.0,198.7,23561.0,44568.0,23.9,15.34,23.0,30.410000000000004,18.454,30.0,102.1,0.8700000000000001,0.7762397184711417
2026-03-27T16:19:01,03/27/202604:19,141.62,1.06,150.11720000000003,54.239999999999995,2.18,118.2432,117.8,0.7,14.0,198.7,23561.0,44568.0,23.9,15.319999999999999,23.0,30.410000000000004,18.392000000000003,30.0,100.8,0.86,0.7876725651690811
2026-03-27T16:19:07,03/27/202604:19,141.87,1.04,147.5448,54.239999999999995,2.15,116.61599999999999,116.2,0.7,14.0,198.7,23561.0,44568.0,23.9,15.3,23.0,30.410000000000004,18.330000000000002,30.0,99.5,0.85,0.7903768889178066
2026-03-27T16:20:01,03/27/202604:20,142.12,1.02,144.9624,54.239999999999995,2.12,114.9888,114.6,0.7,14.0,198.7,23561.0,44568.0,23.9,15.280000000000001,23.0,30.410000000000004,18.268,30.0,98.2,0.8400000000000001,0.7932319001341037
2026-03-27T16:20:08,03/27/202604:20,142.06,1.0699999999999998,152.00419999999997,54.239999999999995,2.2600000000000002,122.5824,122.2,0.8,14.0,198.7,23561.0,44568.0,24.0,15.26,23.0,30.410000000000004,18.206,30.0,96.9,0.8300000000000001,0.8064408746600426
2026-03-27T16:21:00,03/27/202604:21,142.0,1.1199999999999999,159.04,54.239999999999995,2.4,130.176,129.8,0.8,14.0,198.7,23561.0,44568.0,24.0,15.24,23.0,30.410000000000004,18.144,30.0,95.6,0.8200000000000001,0.8185110663983903
2026-03-27T16:21:08,03/27/202604:21,142.22,1.1199999999999999,159.2864,54.239999999999995,2.4,130.176,129.8,0.8,14.0,198.7,23561.0,44568.0,23.9,15.219999999999999,23.0,30.410000000000004,18.082,30.0,94.3,0.8099999999999999,0.8172449123088977
2026-03-27T16:22:01,03/27/202604:22,142.44,1.1199999999999999,159.53279999999998,54.239999999999995,2.4,130.176,129.8,0.8,14.0,198.7,23561.0,44568.0,23.9,15.2,23.0,30.410000000000004,18.02,30.0,93.0,0.8,0.8159826693946324
2026-03-27T16:22:08,03/27/202604:22,142.63,1.1300000000000001,161.17190000000002,54.23,2.38,129.0674,128.7,0.8,14.0,198.7,23561.0,44568.0,24.0,15.2,23.0,30.410000000000004,18.02,30.0,93.0,0.8,0.8008058476694757
2026-03-27T16:23:47,03/27/202604:23,142.79,1.15,164.2085,54.220000000000006,2.4,130.12800000000001,129.8,0.8,14.0,198.7,23561.0,44568.0,24.0,15.2,23.0,30.410000000000004,18.02,30.0,93.0,0.8,0.7924559325491678
2026-03-27T16:24:01,03/27/202604:24,143.26,1.09,156.1534,54.21,2.2600000000000002,122.51460000000002,122.2,0.8,14.0,198.7,23561.0,44568.0,24.0,15.2,23.0,30.410000000000004,18.02,30.0,93.0,0.8,0.7845784978104864
2026-03-27T16:24:08,03/27/202604:24,143.73,1.03,148.0419,54.2,2.1399999999999997,115.98799999999999,115.6,0.8,14.0,198.7,23561.0,44568.0,24.0,15.2,23.0,30.410000000000004,18.02,30.0,93.0,0.8,0.7834808929093722
2026-03-27T16:25:01,03/27/202604:25,143.95,1.01,145.3895,54.2,2.1,113.82000000000001,113.4,0.8,14.0,198.7,23561.0,44568.0,24.0,15.2,23.0,30.410000000000004,18.02,30.0,93.0,0.8,0.7828625863628392
2026-03-27T16:25:07,03/27/202604:25,144.25,0.9800000000000001,141.365,54.2,2.02,109.48400000000001,109.1,0.8,14.0,198.7,23561.0,44568.0,24.0,15.2,23.0,30.410000000000004,18.02,30.0,93.0,0.8,0.77447741661656
2026-03-27T16:26:01,03/27/202604:26,144.57,0.9400000000000001,135.8958,54.2,1.9,102.98,102.6,0.8,14.0,198.7,23561.0,44568.0,24.0,15.2,23.0,30.410000000000004,18.02,30.0,93.0,0.8,0.7577864805240485
2026-03-27T16:26:08,03/27/202604:26,144.78,0.93,134.6454,54.2,1.8599999999999999,100.812,100.4,0.8,14.0,198.7,23561.0,44568.0,23.9,15.2,23.0,30.410000000000004,18.02,30.0,93.0,0.8,0.7487221991987844
2026-03-27T16:27:01,03/27/202604:27,144.89000000000001,0.93,134.7477,54.2,1.85,100.27000000000001,99.8,0.8,14.0,198.7,23561.0,44568.0,23.9,15.2,23.0,30.410000000000004,18.02,30.0,93.0,0.8,0.7441314397203069
2026-03-27T16:27:07,03/27/202604:27,144.92000000000002,0.96,139.1232,54.2,1.9,102.98,102.5,0.8,15.0,198.7,23561.0,44568.0,24.0,15.2,23.0,30.410000000000004,18.02,30.0,95.1,0.8,0.7402072407765204
2026-03-27T16:28:01,03/27/202604:28,144.78,1.02,147.6756,54.2,2.0599999999999996,111.65199999999999,111.2,0.8,15.0,198.7,23561.0,44568.0,24.0,15.2,23.0,30.410000000000004,18.02,30.0,97.2,0.8,0.7560626129164194
2026-03-27T16:28:08,03/27/202604:28,144.82,1.03,149.1646,54.2,2.1,113.82000000000001,113.3,0.8,15.0,198.7,23561.0,44568.0,24.0,15.24,23.0,30.410000000000004,18.02,30.0,99.3,0.8,0.7630496780067121
2026-03-27T16:29:00,03/27/202604:29,144.85999999999999,1.04,150.65439999999998,54.2,2.1399999999999997,115.98799999999999,115.4,0.8,15.0,198.7,23561.0,44568.0,24.0,15.279999999999998,23.0,30.410000000000004,18.02,30.0,101.4,0.8,0.7698945400864495
2026-03-27T16:30:02,03/27/202604:30,144.98,1.02,147.87959999999998,54.2,2.08,112.736,112.2,0.8,15.0,198.7,23561.0,44568.0,24.0,15.319999999999999,23.0,30.410000000000004,18.02,30.0,103.5,0.8,0.7623499116849114
2026-03-27T16:31:01,03/27/202604:31,145.1,1.0,145.1,54.2,2.02,109.48400000000001,109.0,0.8,15.0,198.7,23561.0,44568.0,24.0,15.36,23.0,30.410000000000004,18.02,30.0,105.6,0.8,0.7545416953824949
2026-03-27T16:31:02,03/27/202604:31,145.02,1.03,149.37060000000002,54.2,2.09,113.27799999999999,112.8,0.8,15.0,198.7,23561.0,44568.0,24.0,15.379999999999999,23.1,30.410000000000004,17.933,30.1,107.3,0.8,0.7583687820762585
2026-03-27T16:32:01,03/27/202604:32,144.94,1.06,153.6364,54.2,2.16,117.07200000000002,116.6,0.8,15.0,198.7,23561.0,44568.0,24.0,15.4,23.2,30.410000000000004,17.845999999999997,30.2,109.0,0.8,0.7620069202350486
2026-03-27T16:32:03,03/27/202604:32,144.95,1.0699999999999998,155.09649999999996,54.2,2.16,117.07200000000002,116.6,0.8,15.0,198.7,23561.0,44568.0,23.9,15.419999999999998,23.3,30.410000000000004,17.759,30.3,110.7,0.8,0.7548332812152437
2026-03-27T16:33:01,03/27/202604:33,144.95999999999998,1.08,156.55679999999998,54.2,2.16,117.07200000000002,116.6,0.8,15.0,198.7,23561.0,44568.0,23.9,15.440000000000001,23.4,30.410000000000004,17.672,30.4,112.4,0.8,0.7477924944812364
2026-03-27T16:33:02,03/27/202604:33,145.07,1.05,152.3235,54.2,2.09,113.27799999999999,112.8,0.8,15.0,198.7,23561.0,44568.0,23.9,15.459999999999999,23.5,30.410000000000004,17.585,30.5,112.0,0.8,0.7436672607969224
2026-03-27T16:34:58,03/27/202604:34,145.2,1.01,146.652,54.21,2.0100000000000002,108.96210000000002,108.4,0.8,15.0,198.7,23561.0,44568.0,23.9,15.48,23.6,30.410000000000004,17.497999999999998,30.6,111.6,0.8,0.7429977088617955
2026-03-27T16:35:01,03/27/202604:35,145.18,1.01,146.6318,54.220000000000006,2.0100000000000002,108.98220000000002,108.4,0.8,15.0,198.7,23561.0,44568.0,23.9,15.459999999999999,23.7,30.410000000000004,17.410999999999998,30.7,111.2,0.8,0.7432371422842795
2026-03-27T16:35:02,03/27/202604:35,145.18,1.01,146.6318,54.220000000000006,2.0100000000000002,108.98220000000002,108.4,0.8,15.0,198.7,23561.0,44568.0,23.9,15.440000000000001,23.8,30.410000000000004,17.305,30.8,110.8,0.8,0.7432371422842795
2026-03-27T16:36:00,03/27/202604:36,145.1,1.04,150.904,54.220000000000006,2.0900000000000003,113.31980000000003,112.7,0.8,15.0,198.7,23561.0,44568.0,23.9,15.419999999999998,23.9,30.410000000000004,17.198999999999998,30.9,110.4,0.8,0.7509396702539365
2026-03-27T16:36:02,03/27/202604:36,145.81,1.04,151.6424,54.23,2.08,112.7984,112.1,0.8,15.0,198.7,23561.0,44568.0,23.9,15.4,24.0,30.410000000000004,17.093,31.0,110.0,0.8,0.7438447294424251
2026-03-27T16:37:00,03/27/202604:37,146.64000000000001,1.0,146.64000000000001,54.239999999999995,1.98,107.39519999999999,106.6,0.8,15.0,198.7,23561.0,44568.0,23.9,15.4,24.0,30.410000000000004,17.074,31.0,110.0,0.8,0.7323731587561373
2026-03-27T16:37:02,03/27/202604:37,146.57,1.01,148.0357,54.239999999999995,2.0,108.47999999999999,107.7,0.8,15.0,198.7,23561.0,44568.0,24.0,15.4,24.0,30.410000000000004,17.055,31.0,110.0,0.8,0.7327962106437839
2026-03-27T16:38:00,03/27/202604:38,146.52,1.01,147.98520000000002,54.239999999999995,2.0100000000000002,109.0224,108.3,0.8,15.0,198.7,23561.0,44568.0,24.0,15.4,24.0,30.410000000000004,17.036,31.0,110.0,0.8,0.7367115089887366
2026-03-27T16:38:02,03/27/202604:38,146.3,1.05,153.615,54.239999999999995,2.15,116.61599999999999,115.9,0.8,15.0,198.7,23561.0,44568.0,23.9,15.4,24.0,30.410000000000004,17.017000000000003,31.0,110.0,0.8,0.7591446147837124
2026-03-27T16:39:01,03/27/202604:39,146.06,1.1,160.66600000000003,54.239999999999995,2.3,124.75199999999998,124.0,0.8,15.0,198.7,23561.0,44568.0,23.9,15.4,24.0,30.410000000000004,16.998,31.0,110.0,0.8,0.7764679521491789
2026-03-27T16:39:02,03/27/202604:39,146.05,1.1,160.65500000000003,54.23,2.29,124.1867,123.5,0.8,15.0,198.7,23561.0,44568.0,23.9,15.4,23.8,30.410000000000004,16.979000000000003,31.0,110.0,0.8,0.7730023964395754
2026-03-27T16:40:00,03/27/202604:40,146.04000000000002,1.1,160.64400000000003,54.220000000000006,2.2800000000000002,123.62160000000003,123.0,0.8,15.0,198.7,23561.0,44568.0,23.9,15.4,23.6,30.410000000000004,16.96,31.0,110.0,0.8,0.7695376111152611
2026-03-27T16:40:02,03/27/202604:40,145.88,1.1099999999999999,161.9268,54.220000000000006,2.3,124.706,124.1,0.8,15.0,198.7,23561.0,44568.0,23.9,15.4,23.4,30.410000000000004,16.96,31.0,110.0,0.8,0.7701381117887837
2026-03-27T16:41:00,03/27/202604:41,145.71999999999997,1.1199999999999999,163.20639999999995,54.220000000000006,2.32,125.7904,125.2,0.8,15.0,198.7,23561.0,44568.0,23.9,15.4,23.2,30.410000000000004,16.96,31.0,110.0,0.8,0.7707442845378616
2026-03-27T16:41:02,03/27/202604:41,144.81,1.1400000000000001,165.0834,54.21,2.3600000000000003,127.93560000000002,127.4,0.8,15.0,198.7,23561.0,44568.0,24.0,15.4,23.0,30.410000000000004,16.96,31.0,110.0,0.8,0.7749755578089621
2026-03-27T16:42:01,03/27/202604:42,143.9,1.16,166.924,54.2,2.4,130.08,129.6,0.8,15.0,198.7,23561.0,44568.0,24.0,15.4,22.8,30.410000000000004,16.96,31.0,110.0,0.8,0.7792767966260095
2026-03-27T16:42:02,03/27/202604:42,143.8,1.16,166.808,54.2,2.4,130.08,129.6,0.8,15.0,198.7,23561.0,44568.0,24.0,15.4,22.6,30.410000000000004,16.96,31.0,110.0,0.8,0.7798187137307564
2026-03-27T16:43:01,03/27/202604:43,143.7,1.16,166.69199999999998,54.2,2.4,130.08,129.6,0.8,15.0,198.7,23561.0,44568.0,24.0,15.4,22.4,30.410000000000004,16.96,31.0,110.0,0.8,0.7803613850694696
2026-03-27T16:43:03,03/27/202604:43,143.85,1.1,158.235,54.2,2.2199999999999998,120.324,119.8,0.8,15.0,198.7,23561.0,44568.0,23.9,15.4,22.2,30.410000000000004,16.96,31.0,110.0,0.8,0.7604133093184188
2026-03-27T16:44:00,03/27/202604:44,144.0,1.04,149.76,54.2,2.04,110.56800000000001,110.0,0.8,15.0,198.7,23561.0,44568.0,23.9,15.4,22.0,30.410000000000004,16.96,31.0,110.0,0.8,0.7383012820512822
2026-03-27T16:44:02,03/27/202604:44,143.98999999999998,1.02,146.86979999999997,54.2,1.9899999999999998,107.85799999999999,107.3,0.8,15.0,198.7,23561.0,44568.0,23.9,15.4,22.0,30.410000000000004,16.96,31.0,110.0,0.8,0.7343783405438015
2026-03-27T16:46:10,03/27/202604:46,143.95,1.0,143.95,54.2,1.9300000000000002,104.60600000000001,104.0,0.8,15.0,198.7,23561.0,44568.0,24.0,15.39,22.1,30.410000000000004,16.942,31.0,108.4,0.8,0.7266828759986107
2026-03-27T16:47:00,03/27/202604:47,144.04,0.97,139.7188,54.2,1.8399999999999999,99.728,99.1,0.8,15.0,198.7,23561.0,44568.0,24.0,15.38,22.2,30.410000000000004,16.924,31.0,106.8,0.8,0.7137765282839532
2026-03-27T16:47:02,03/27/202604:47,144.15,0.9400000000000001,135.501,54.2,1.7399999999999998,94.30799999999999,93.7,0.8,15.0,198.7,23561.0,44568.0,24.0,15.370000000000001,22.3,30.410000000000004,16.906,31.0,105.2,0.8,0.6959948635065423
2026-03-27T16:48:00,03/27/202604:48,144.22,0.93,134.12460000000002,54.2,1.7100000000000002,92.68200000000002,92.1,0.8,15.0,198.7,23561.0,44568.0,24.0,15.36,22.4,30.410000000000004,16.887999999999998,31.0,103.6,0.8,0.6910141763703304
2026-03-27T16:48:02,03/27/202604:48,144.19,0.9400000000000001,135.5386,54.2,1.7600000000000002,95.39200000000002,94.8,0.8,15.0,198.7,23561.0,44568.0,24.0,15.35,22.5,30.410000000000004,16.87,31.0,102.0,0.8,0.7037995080368251
2026-03-27T16:49:01,03/27/202604:49,144.25,0.9199999999999999,132.70999999999998,54.2,1.73,93.766,93.1,0.8,15.0,198.7,23561.0,44568.0,24.0,15.34,22.6,30.410000000000004,16.852,31.0,100.4,0.8,0.7065481124255898
2026-03-27T16:49:03,03/27/202604:49,144.27,0.9099999999999999,131.2857,54.2,1.72,93.224,92.5,0.8,15.0,198.7,23561.0,44568.0,23.9,15.330000000000002,22.7,30.410000000000004,16.834,31.0,98.8,0.8,0.7100849521311157
2026-03-27T16:50:00,03/27/202604:50,144.21,0.9200000000000002,132.67320000000004,54.2,1.7600000000000002,95.39200000000002,94.7,0.8,15.0,198.7,23561.0,44568.0,23.9,15.320000000000002,22.8,30.410000000000004,16.816000000000003,31.0,97.2,0.8,0.7189997678506285
2026-03-27T16:50:03,03/27/202604:50,144.2,0.9200000000000002,132.66400000000002,54.2,1.75,94.85000000000001,94.2,0.8,15.0,198.7,23561.0,44568.0,24.0,15.309999999999999,22.9,30.410000000000004,16.798000000000002,31.0,95.6,0.8,0.7149641198818066
2026-03-27T16:51:00,03/27/202604:51,144.1,0.9400000000000001,135.454,54.2,1.78,96.47600000000001,95.8,0.8,15.0,198.7,23561.0,44568.0,24.0,15.3,23.0,30.410000000000004,16.78,31.0,94.0,0.8,0.7122417942622589
2026-03-27T16:51:02,03/27/202604:51,144.08,0.9400000000000001,135.4352,54.21,1.78,96.49380000000001,95.8,0.8,15.0,198.7,23561.0,44568.0,24.0,15.3,23.0,30.410000000000004,16.78,31.0,94.0,0.8,0.7124720899736553
2026-03-27T16:52:01,03/27/202604:52,144.06,0.9400000000000001,135.4164,54.220000000000006,1.78,96.51160000000002,95.8,0.8,15.0,198.7,23561.0,44568.0,24.0,15.3,23.0,30.410000000000004,16.78,31.0,94.0,0.8,0.7127024496294393
2026-03-27T16:52:03,03/27/202604:52,144.13000000000002,0.9400000000000001,135.48220000000003,54.220000000000006,1.81,98.13820000000001,97.4,0.8,15.0,198.7,23561.0,44568.0,23.9,15.3,23.0,30.410000000000004,16.78,31.0,94.0,0.8,0.7243623147542628
2026-03-27T16:53:01,03/27/202604:53,144.2,0.9400000000000001,135.548,54.220000000000006,1.8399999999999999,99.76480000000001,99.0,0.8,15.0,198.7,23561.0,44568.0,23.9,15.3,23.0,30.410000000000004,16.78,31.0,94.0,0.8,0.7360108596216839
2026-03-27T16:53:03,03/27/202604:53,144.09,0.96,138.3264,54.220000000000006,1.9100000000000001,103.56020000000002,102.8,0.8,15.0,198.7,23561.0,44568.0,24.0,15.3,23.0,30.410000000000004,16.78,31.0,94.0,0.8,0.7486654752816528
2026-03-27T16:54:00,03/27/202604:54,143.98,0.9800000000000001,141.1004,54.220000000000006,1.98,107.35560000000001,106.6,0.8,15.0,198.7,23561.0,44568.0,24.0,15.3,23.0,30.410000000000004,16.78,31.0,94.0,0.8,0.760845468900159
2026-03-27T16:54:02,03/27/202604:54,143.99,0.96,138.2304,54.220000000000006,1.95,105.72900000000001,105.0,0.8,15.0,198.7,23561.0,44568.0,24.0,15.3,23.0,30.410000000000004,16.78,31.0,94.0,0.8,0.7648751649420099
2026-03-27T16:55:00,03/27/202604:55,144.0,0.9400000000000001,135.36,54.220000000000006,1.92,104.1024,103.4,0.8,15.0,198.7,23561.0,44568.0,24.0,15.3,23.0,30.410000000000004,16.78,31.0,94.0,0.8,0.7690780141843971
2026-03-27T16:55:02,03/27/202604:55,143.89000000000001,0.96,138.1344,54.220000000000006,1.98,107.35560000000001,106.7,0.8,15.0,198.7,23561.0,44568.0,24.0,15.3,23.0,30.410000000000004,16.78,31.0,94.0,0.8,0.7771822225311003
2026-03-27T16:56:00,03/27/202604:56,143.78,0.9800000000000001,140.9044,54.220000000000006,2.04,110.60880000000002,110.0,0.8,15.0,198.7,23561.0,44568.0,24.0,15.3,23.0,30.410000000000004,16.78,31.0,94.0,0.8,0.7849918100499347
2026-03-27T16:59:47,03/27/202604:59,143.85,0.97,139.53449999999998,54.2,2.02,109.48400000000001,109.0,0.8,16.0,198.7,23561.0,44568.0,24.0,15.3,23.0,30.410000000000004,16.78,31.0,94.0,0.8,0.784637491086434
2026-03-27T17:00:00,03/27/202605:00,143.92000000000002,0.96,138.16320000000002,54.18000000000001,2.0,108.36000000000001,108.0,0.8,16.0,198.7,23561.0,44568.0,24.0,15.3,23.0,30.410000000000004,16.78,31.0,94.0,0.8,0.7842898832684825
2026-03-27T17:00:39,03/27/202605:00,143.76,1.0,143.76,54.18000000000001,2.07,112.1526,111.8,0.8,16.0,198.7,23561.0,44568.0,24.0,15.3,23.0,30.410000000000004,16.78,31.0,94.0,0.8,0.7801377295492489
2026-03-27T17:01:01,03/27/202605:01,143.6,1.04,149.344,54.18000000000001,2.1399999999999997,115.9452,115.6,0.8,16.0,198.7,23561.0,44568.0,24.0,15.3,23.0,30.410000000000004,16.78,31.0,94.0,0.8,0.7763632954788944
2026-03-27T17:01:38,03/27/202605:01,143.60999999999999,1.06,152.2266,54.18000000000001,2.1599999999999997,117.0288,116.7,0.8,16.0,198.7,23561.0,44568.0,23.9,15.290000000000001,23.1,30.410000000000004,16.829,31.3,93.1,0.8,0.7687802263204986
2026-03-27T17:02:01,03/27/202605:02,143.62,1.0799999999999998,155.10959999999997,54.18000000000001,2.18,118.11240000000002,117.8,0.8,16.0,198.7,23561.0,44568.0,23.9,15.280000000000001,23.2,30.410000000000004,16.878,31.6,92.2,0.8,0.7614770459081839
2026-03-27T17:02:38,03/27/202605:02,143.78,1.0699999999999998,153.84459999999999,54.18000000000001,2.15,116.48700000000001,116.2,0.8,16.0,198.7,23561.0,44568.0,24.0,15.27,23.3,30.410000000000004,16.927,31.9,91.3,0.8,0.7571731474487894
2026-03-27T17:03:00,03/27/202605:03,143.94,1.06,152.5764,54.18000000000001,2.12,114.86160000000002,114.6,0.8,16.0,198.7,23561.0,44568.0,24.0,15.26,23.4,30.410000000000004,16.976,32.2,90.4,0.8,0.752813672363485
2026-03-27T17:03:39,03/27/202605:03,144.26,1.05,151.47299999999998,54.18000000000001,2.11,114.3198,114.0,0.8,16.0,198.7,23561.0,44568.0,23.9,15.25,23.5,30.410000000000004,17.025,32.5,89.5,0.8,0.7547206432829614
2026-03-27T17:04:00,03/27/202605:04,144.57999999999998,1.04,150.36319999999998,54.18000000000001,2.1,113.77800000000002,113.4,0.8,16.0,198.7,23561.0,44568.0,23.9,15.24,23.6,30.410000000000004,17.074,32.8,88.6,0.8,0.7566878065909747
2026-03-27T17:04:39,03/27/202605:04,144.48,1.09,157.4832,54.19,2.21,119.75989999999999,119.3,0.8,16.0,198.7,23561.0,44568.0,23.9,15.23,23.7,30.410000000000004,17.122999999999998,33.1,87.7,0.8,0.7604614333465409
2026-03-27T17:05:01,03/27/202605:05,144.38,1.1400000000000001,164.59320000000002,54.2,2.32,125.744,125.2,0.8,16.0,198.7,23561.0,44568.0,23.9,15.219999999999999,23.8,30.410000000000004,17.172,33.4,86.8,0.8,0.7639683777944652
2026-03-27T17:05:39,03/27/202605:05,144.37,1.15,166.0255,54.2,2.36,127.912,127.4,0.8,16.0,198.7,23561.0,44568.0,24.0,15.209999999999999,23.9,30.410000000000004,17.221,33.7,85.9,0.8,0.7704358667795008
2026-03-27T17:06:01,03/27/202605:06,144.35999999999999,1.16,167.45759999999999,54.2,2.4,130.08,129.6,0.8,16.0,198.7,23561.0,44568.0,24.0,15.2,24.0,30.410000000000004,17.27,34.0,85.0,0.8,0.7767936480637488
2026-03-27T17:06:39,03/27/202605:06,144.51,1.1400000000000001,164.7414,54.2,2.35,127.37,126.9,0.8,16.0,198.7,23561.0,44568.0,23.9,15.2,24.0,30.410000000000004,17.27,34.0,85.0,0.8,0.773151132623615
2026-03-27T17:07:01,03/27/202605:07,144.66,1.1199999999999999,162.01919999999998,54.2,2.3,124.66,124.2,0.8,16.0,198.7,23561.0,44568.0,23.9,15.2,24.0,30.410000000000004,17.27,34.0,85.0,0.8,0.7694149829156052
2026-03-27T17:07:39,03/27/202605:07,144.9,1.1199999999999999,162.28799999999998,54.2,2.2800000000000002,123.57600000000002,123.1,0.8,16.0,198.7,23561.0,44568.0,23.9,15.2,24.0,30.410000000000004,17.27,34.0,85.0,0.8,0.7614611061816033
2026-03-27T17:08:01,03/27/202605:08,145.14000000000001,1.1199999999999999,162.5568,54.2,2.2600000000000002,122.49200000000002,122.0,0.8,16.0,198.7,23561.0,44568.0,23.9,15.2,24.0,30.410000000000004,17.27,34.0,85.0,0.8,0.7535335341246876
2026-03-27T17:08:38,03/27/202605:08,145.07999999999998,1.1,159.588,54.2,2.19,118.69800000000001,118.2,0.8,16.0,198.7,23561.0,44568.0,23.9,15.2,24.0,30.410000000000004,17.27,34.0,85.0,0.8,0.7437777276486954
2026-03-27T17:09:00,03/27/202605:09,145.02,1.08,156.62160000000003,54.2,2.12,114.90400000000001,114.4,0.8,16.0,198.7,23561.0,44568.0,23.9,15.2,24.0,30.410000000000004,17.27,34.0,85.0,0.8,0.7336408260418741
2026-03-27T17:11:02,03/27/202605:11,145.17000000000002,1.03,149.5251,54.2,2.02,109.48400000000001,109.0,0.8,16.0,198.7,23561.0,44568.0,23.9,15.2,24.0,30.410000000000004,17.27,34.0,85.0,0.8,0.732211514989791
2026-03-27T17:11:39,03/27/202605:11,145.24,1.01,146.69240000000002,54.2,1.9900000000000002,107.85800000000002,107.4,0.8,16.0,198.7,23561.0,44568.0,23.9,15.2,24.0,30.410000000000004,17.27,34.0,85.0,0.8,0.7352664487049091
2026-03-27T17:12:00,03/27/202605:12,145.34,0.9800000000000001,142.43320000000003,54.2,1.92,104.06400000000001,103.6,0.8,16.0,198.7,23561.0,44568.0,23.9,15.2,24.0,30.410000000000004,17.27,34.0,85.0,0.8,0.7306161765655759
2026-03-27T17:12:39,03/27/202605:12,145.32999999999998,0.97,140.97009999999997,54.2,1.92,104.06400000000001,103.6,0.8,16.0,198.7,23561.0,44568.0,23.9,15.2,24.0,30.410000000000004,17.27,34.0,85.0,0.8,0.738199093282902
2026-03-27T17:13:00,03/27/202605:13,145.27,0.97,140.9119,54.2,1.9400000000000002,105.14800000000001,104.7,0.8,16.0,198.7,23561.0,44568.0,23.9,15.2,24.0,30.410000000000004,17.27,34.0,85.0,0.8,0.7461967371102086
2026-03-27T17:13:38,03/27/202605:13,145.32,0.9400000000000001,136.6008,54.2,1.86,100.81200000000001,100.4,0.8,16.0,198.7,23561.0,44568.0,24.0,15.2,24.0,30.410000000000004,17.27,34.0,85.0,0.8,0.7380044626385791
2026-03-27T17:14:01,03/27/202605:14,145.05,0.95,137.7975,54.2,1.8800000000000001,101.89600000000002,101.5,0.8,16.0,198.7,23561.0,44568.0,24.0,15.2,24.0,30.410000000000004,17.27,34.0,85.0,0.8,0.7394618915437509
2026-03-27T17:14:38,03/27/202605:14,144.79000000000002,0.96,138.9984,54.2,1.8900000000000001,102.43800000000002,102.0,0.8,16.0,198.7,23561.0,44568.0,24.0,15.2,24.0,30.410000000000004,17.27,34.0,85.0,0.8,0.7369725119138063
2026-03-27T17:15:00,03/27/202605:15,144.74,0.96,138.9504,54.2,1.8900000000000001,102.43800000000002,102.0,0.8,16.0,198.7,23561.0,44568.0,24.0,15.2,24.0,30.410000000000004,17.27,34.0,85.0,0.8,0.7372270968633413
2026-03-27T17:15:39,03/27/202605:15,144.72,0.95,137.48399999999998,54.2,1.8900000000000001,102.43800000000002,102.0,0.8,16.0,198.7,23561.0,44568.0,23.9,15.2,24.0,30.410000000000004,17.19,34.3,84.4,0.79,0.7450903377847606
2026-03-27T17:16:00,03/27/202605:16,144.68,0.96,138.8928,54.2,1.92,104.06400000000001,103.6,0.8,16.0,198.7,23561.0,44568.0,23.9,15.2,24.0,30.410000000000004,17.11,34.6,83.8,0.78,0.7492397014100084
2026-03-27T17:16:38,03/27/202605:16,144.66,0.97,140.3202,54.2,1.95,105.69,105.2,0.9,16.0,198.7,23561.0,44568.0,24.0,15.2,24.0,30.410000000000004,17.029999999999998,34.9,83.2,0.77,0.7532058819756529
2026-03-27T17:17:00,03/27/202605:17,144.64000000000001,0.9800000000000001,141.74720000000002,54.2,1.98,107.316,106.8,0.9,16.0,198.7,23561.0,44568.0,24.0,15.2,24.0,30.410000000000004,16.95,35.2,82.6,0.76,0.7570943200288964
2026-03-27T17:17:37,03/27/202605:17,144.95999999999998,0.9400000000000001,136.26239999999999,54.2,1.86,100.81200000000001,100.3,0.9,16.0,198.7,23561.0,44568.0,24.0,15.2,24.0,30.410000000000004,16.869999999999997,35.5,82.0,0.75,0.7398372551782445
2026-03-27T17:18:00,03/27/202605:18,145.28,0.9,130.752,54.2,1.7399999999999998,94.30799999999999,93.8,0.9,16.0,198.7,23561.0,44568.0,24.0,15.2,24.0,30.410000000000004,16.79,35.8,81.4,0.74,0.7212738619676945
2026-03-27T17:18:37,03/27/202605:18,145.15,0.93,134.98950000000002,54.2,1.8,97.56,97.0,0.9,16.0,198.7,23561.0,44568.0,24.0,15.2,24.0,30.410000000000004,16.71,36.1,80.8,0.73,0.7227228784461013
2026-03-27T17:19:00,03/27/202605:19,145.02,0.96,139.2192,54.2,1.86,100.81200000000001,100.2,0.9,16.0,198.7,23561.0,44568.0,24.0,15.2,24.0,30.410000000000004,16.63,36.4,80.2,0.72,0.7241242587229348
2026-03-27T17:19:37,03/27/202605:19,145.03,0.9400000000000001,136.3282,54.2,1.8199999999999998,98.64399999999999,98.1,0.9,16.0,198.7,23561.0,44568.0,24.0,15.2,24.0,30.410000000000004,16.55,36.7,79.6,0.71,0.7235773669717637
2026-03-27T17:20:00,03/27/202605:20,145.04000000000002,0.9199999999999999,133.4368,54.2,1.78,96.47600000000001,96.0,0.9,16.0,198.7,23561.0,44568.0,24.0,15.2,24.0,30.410000000000004,16.47,37.0,79.0,0.7,0.7230089450586346
2026-03-27T17:20:38,03/27/202605:20,144.93,0.93,134.78490000000002,54.2,1.8,97.56,97.1,0.9,16.0,198.7,23561.0,44568.0,23.9,15.2,24.0,30.410000000000004,16.47,37.0,79.0,0.7,0.7238199531253129
2026-03-27T17:22:11,03/27/202605:22,144.7,0.96,138.91199999999998,54.2,1.8800000000000001,101.89600000000002,101.5,0.9,16.0,198.7,23561.0,44568.0,24.0,15.2,24.0,30.410000000000004,16.47,37.0,79.0,0.7,0.7335291407509793
2026-03-27T17:22:37,03/27/202605:22,144.57999999999998,0.95,137.35099999999997,54.2,1.83,99.186,98.8,0.9,16.0,198.7,23561.0,44568.0,23.9,15.2,24.0,30.410000000000004,16.47,37.0,79.0,0.7,0.722135259299168
2026-03-27T17:23:00,03/27/202605:23,144.45999999999998,0.9400000000000001,135.7924,54.2,1.78,96.47600000000001,96.1,0.9,16.0,198.7,23561.0,44568.0,23.9,15.2,24.0,30.410000000000004,16.47,37.0,79.0,0.7,0.7104668597064344
2026-03-27T17:23:38,03/27/202605:23,143.95999999999998,0.99,142.52039999999997,54.2,1.89,102.438,102.0,0.9,16.0,198.7,23561.0,44568.0,23.9,15.2,24.0,30.410000000000004,16.47,37.0,79.0,0.7,0.7187602616888531
2026-03-27T17:24:00,03/27/202605:24,143.45999999999998,1.04,149.1984,54.2,2.0,108.4,107.9,0.9,16.0,198.7,23561.0,44568.0,23.9,15.2,24.0,30.410000000000004,16.47,37.0,79.0,0.7,0.7265493463736877
2026-03-27T17:24:38,03/27/202605:24,143.44,1.02,146.3088,54.2,1.9600000000000002,106.23200000000001,105.7,0.9,16.0,198.7,23561.0,44568.0,24.0,15.2,24.0,30.410000000000004,16.47,37.0,79.0,0.7,0.7260807278851308
2026-03-27T17:25:00,03/27/202605:25,143.42000000000002,1.0,143.42000000000002,54.2,1.92,104.06400000000001,103.5,0.9,16.0,198.7,23561.0,44568.0,24.0,15.2,24.0,30.410000000000004,16.47,37.0,79.0,0.7,0.7255891786361734
2026-03-27T17:25:38,03/27/202605:25,143.2,1.04,148.928,54.21,2.02,109.5042,108.9,0.9,16.0,198.7,23561.0,44568.0,23.9,15.2,24.0,30.410000000000004,16.47,37.0,79.0,0.7,0.7352828212290503
2026-03-27T17:26:01,03/27/202605:26,142.98000000000002,1.08,154.41840000000002,54.220000000000006,2.12,114.94640000000003,114.3,0.9,16.0,198.7,23561.0,44568.0,23.9,15.2,24.0,30.410000000000004,16.47,37.0,79.0,0.7,0.7443827937603291
2026-03-27T17:26:37,03/27/202605:26,142.83,1.1,157.11300000000003,54.220000000000006,2.16,117.11520000000002,116.5,0.9,16.0,198.7,23561.0,44568.0,24.0,15.2,24.0,30.410000000000004,16.47,37.0,79.0,0.7,0.7454201752878501
2026-03-27T17:27:01,03/27/202605:27,142.8,1.1,157.08,54.220000000000006,2.14,116.03080000000001,115.4,0.9,16.0,198.7,23561.0,44568.0,24.0,15.2,24.0,30.410000000000004,16.47,37.0,79.0,0.7,0.7386732874968169
2026-03-27T17:27:38,03/27/202605:27,142.56,1.1400000000000001,162.5184,54.220000000000006,2.24,121.45280000000002,120.8,0.9,17.0,198.7,23561.0,44568.0,23.9,15.2,24.0,30.410000000000004,16.47,37.0,79.0,0.7,0.7473172268493907
2026-03-27T17:28:00,03/27/202605:28,142.32,1.1800000000000002,167.9376,54.220000000000006,2.34,126.87480000000001,126.2,0.9,17.0,198.7,23561.0,44568.0,23.9,15.2,24.0,30.410000000000004,16.47,37.0,79.0,0.7,0.7554877525938206
2026-03-27T17:28:37,03/27/202605:28,142.5,1.1300000000000001,161.025,54.220000000000006,2.2199999999999998,120.3684,119.7,0.9,17.0,198.7,23561.0,44568.0,24.0,15.2,24.0,30.410000000000004,16.47,37.0,78.9,0.7,0.7475137401024685
2026-03-27T17:29:00,03/27/202605:29,142.68,1.08,154.0944,54.220000000000006,2.1,113.86200000000002,113.2,0.9,17.0,198.7,23561.0,44568.0,24.0,15.2,24.0,30.410000000000004,16.47,37.0,78.8,0.7,0.7389106937046384
2026-03-27T17:29:37,03/27/202605:29,142.43,1.1099999999999999,158.0973,54.23,2.19,118.76369999999999,118.1,0.9,17.0,198.7,23561.0,44568.0,24.0,15.169999999999998,24.0,30.410000000000004,16.47,37.0,78.7,0.7,0.7512063773385124
2026-03-27T17:30:01,03/27/202605:30,142.18,1.1400000000000001,162.08520000000001,54.239999999999995,2.2800000000000002,123.66720000000001,123.0,0.9,17.0,198.7,23561.0,44568.0,24.0,15.14,24.0,30.410000000000004,16.47,37.0,78.6,0.7,0.7629765086510057
2026-03-27T17:30:37,03/27/202605:30,142.29000000000002,1.09,155.09610000000004,54.23,2.18,118.2214,117.6,0.9,17.0,198.7,23561.0,44568.0,23.9,15.1,24.1,30.410000000000004,16.419999999999998,37.0,78.9,0.69,0.7622461170848266
2026-03-27T17:31:01,03/27/202605:31,142.4,1.04,148.096,54.220000000000006,2.08,112.77760000000002,112.2,0.9,17.0,198.7,23561.0,44568.0,23.9,15.059999999999999,24.2,30.410000000000004,16.369999999999997,37.0,79.2,0.6799999999999999,0.7615168539325844
2026-03-27T17:31:38,03/27/202605:31,142.45,1.01,143.87449999999998,54.220000000000006,2.0,108.44000000000001,107.8,0.9,17.0,198.7,23561.0,44568.0,24.0,15.02,24.3,30.410000000000004,16.525,36.5,79.5,0.6699999999999999,0.7537124368807538
2026-03-27T17:32:00,03/27/202605:32,142.5,0.9800000000000001,139.65,54.220000000000006,1.92,104.1024,103.4,0.9,17.0,198.7,23561.0,44568.0,24.0,14.98,24.4,30.410000000000004,16.68,36.0,79.8,0.6599999999999999,0.7454522019334049
2026-03-27T17:33:25,03/27/202605:33,141.65,1.01,143.06650000000002,54.220000000000006,1.97,106.81340000000002,106.1,0.9,17.0,198.7,23561.0,44568.0,24.0,14.940000000000001,24.5,30.410000000000004,16.835,35.5,80.1,0.65,0.7465996582009066
2026-03-27T17:33:38,03/27/202605:33,141.54000000000002,1.0,141.54000000000002,54.220000000000006,1.94,105.1868,104.5,0.9,17.0,198.7,23561.0,44568.0,24.0,14.9,24.6,30.410000000000004,16.990000000000002,35.0,80.4,0.6399999999999999,0.7431595308746644
2026-03-27T17:34:00,03/27/202605:34,141.16,1.05,148.218,54.220000000000006,2.05,111.151,110.5,0.9,17.0,198.7,23561.0,44568.0,24.0,14.86,24.7,30.410000000000004,17.145,34.5,80.8,0.63,0.7499156647640638
2026-03-27T17:34:13,03/27/202605:34,141.04000000000002,1.05,148.09200000000004,54.220000000000006,2.05,111.151,110.5,0.9,17.0,198.7,23561.0,44568.0,23.9,14.820000000000002,24.8,30.410000000000004,17.3,34.0,81.2,0.6199999999999999,0.7505537098560352
2026-03-27T17:35:00,03/27/202605:35,141.20999999999998,1.0,141.20999999999998,54.21,1.9099999999999997,103.54109999999999,102.9,0.9,17.0,198.7,23561.0,44568.0,23.9,14.809999999999999,24.9,30.410000000000004,17.455000000000002,33.5,81.6,0.61,0.733241980029743
2026-03-27T17:35:13,03/27/202605:35,141.14000000000001,0.99,139.7286,54.2,1.8699999999999999,101.354,100.8,0.9,17.0,198.7,23561.0,44568.0,24.0,14.8,25.0,30.410000000000004,17.61,33.0,82.0,0.6,0.72536331144805
2026-03-27T17:36:00,03/27/202605:36,140.76,1.05,147.798,54.2,1.9899999999999998,107.85799999999999,107.3,0.9,17.0,198.7,23561.0,44568.0,24.0,14.8,25.0,30.410000000000004,17.815,32.5,82.0,0.6,0.7297663026563281
2026-03-27T17:36:13,03/27/202605:36,140.49,1.08,151.72920000000002,54.2,2.07,112.194,111.6,0.9,17.0,198.7,23561.0,44568.0,24.0,14.8,25.3,30.410000000000004,18.02,32.0,82.0,0.6,0.7394357842788335
2026-03-27T17:37:00,03/27/202605:37,140.3,1.09,152.92700000000002,54.2,2.13,115.446,114.9,0.9,17.0,198.7,23561.0,44568.0,24.0,14.8,25.6,30.410000000000004,18.02,32.0,82.0,0.6,0.7549092050455445
2026-03-27T17:37:13,03/27/202605:37,139.79000000000002,1.1400000000000001,159.36060000000003,54.2,2.25,121.95,121.4,0.9,17.0,198.7,23561.0,44568.0,24.0,14.8,25.9,30.410000000000004,18.02,32.0,82.0,0.6,0.7652456127800722
2026-03-27T17:38:27,03/27/202605:38,140.29000000000002,1.1099999999999999,155.7219,54.19,2.19,118.67609999999999,118.2,0.9,17.0,198.7,23561.0,44568.0,24.0,14.8,26.2,30.410000000000004,18.02,32.0,82.0,0.6,0.7621028256141236
2026-03-27T17:38:28,03/27/202605:38,140.07,1.1099999999999999,155.47769999999997,54.19,2.2,119.218,118.7,0.9,17.0,198.7,23561.0,44568.0,23.9,14.8,26.5,30.410000000000004,18.02,32.0,82.0,0.6,0.7667852045663142
2026-03-27T17:39:01,03/27/202605:39,139.85,1.1099999999999999,155.23349999999996,54.19,2.21,119.75989999999999,119.2,0.9,17.0,198.7,23561.0,44568.0,23.9,14.8,26.8,30.410000000000004,18.02,32.0,82.0,0.6,0.771482315350746
2026-03-27T17:39:28,03/27/202605:39,139.39,1.16,161.69239999999996,54.19,2.33,126.2627,125.7,0.9,17.0,198.7,23561.0,44568.0,24.0,14.8,27.1,30.410000000000004,18.02,32.0,82.0,0.6,0.7808820946439042
2026-03-27T17:40:00,03/27/202605:40,138.93,1.21,168.1053,54.19,2.45,132.7655,132.2,0.9,17.0,198.7,23561.0,44568.0,24.0,14.8,27.4,30.410000000000004,18.02,32.0,82.0,0.6,0.7897758131361712
2026-03-27T17:40:12,03/27/202605:40,138.83999999999997,1.2,166.60799999999998,54.19,2.44,132.2236,131.6,0.9,17.0,198.7,23561.0,44568.0,23.9,14.8,27.7,30.410000000000004,18.02,32.0,82.0,0.6,0.7936209545760109
2026-03-27T17:41:00,03/27/202605:41,138.75,1.19,165.11249999999998,54.19,2.43,131.6817,131.0,0.9,17.0,198.7,23561.0,44568.0,23.9,14.8,28.0,30.410000000000004,18.02,32.0,82.0,0.6,0.7975271405859642
2026-03-27T17:41:12,03/27/202605:41,138.5,1.2200000000000002,168.97000000000003,54.19,2.46,133.3074,132.6,0.9,17.0,198.7,23561.0,44568.0,24.0,14.8,28.0,30.410000000000004,18.02,32.0,82.0,0.6,0.7889412321713912
2026-03-27T17:42:00,03/27/202605:42,138.25,1.25,172.8125,54.19,2.4899999999999998,134.93309999999997,134.2,0.9,17.0,198.7,23561.0,44568.0,24.0,14.8,28.0,30.410000000000004,18.02,32.0,82.0,0.6,0.7808063652802891
2026-03-27T17:42:13,03/27/202605:42,138.35999999999999,1.23,170.1828,54.19,2.45,132.7655,132.1,0.9,17.0,198.7,23561.0,44568.0,24.0,14.8,28.0,30.410000000000004,18.02,32.0,82.0,0.6,0.7801346552060491
2026-03-27T17:43:00,03/27/202605:43,138.51999999999998,1.2,166.22399999999996,54.2,2.4,130.08,129.4,0.9,17.0,198.7,23561.0,44568.0,24.0,14.8,28.0,30.410000000000004,18.02,32.0,82.0,0.6,0.7825584753104248
2026-03-27T17:44:34,03/27/202605:44,138.51999999999998,1.19,164.83879999999996,54.2,2.4,130.08,129.4,0.9,17.0,198.7,23561.0,44568.0,24.0,14.8,28.0,30.410000000000004,18.02,32.0,82.0,0.6,0.7891345969516889
2026-03-27T17:45:00,03/27/202605:45,138.51999999999998,1.1800000000000002,163.4536,54.2,2.4,130.08,129.4,0.9,17.0,198.7,23561.0,44568.0,24.0,14.8,28.0,30.410000000000004,18.02,32.0,82.0,0.6,0.7958221782817877
2026-03-27T17:45:13,03/27/202605:45,138.96999999999997,1.1199999999999999,155.64639999999994,54.2,2.27,123.034,122.4,0.9,17.0,198.7,23561.0,44568.0,23.9,14.8,28.0,30.410000000000004,18.02,32.0,82.0,0.6,0.7904712219492391
2026-03-27T17:46:01,03/27/202605:46,139.42,1.06,147.7852,54.2,2.1399999999999997,115.98799999999999,115.4,0.9,17.0,198.7,23561.0,44568.0,23.9,14.8,28.0,30.410000000000004,18.02,32.0,82.0,0.6,0.7848417838863431
2026-03-27T17:46:13,03/27/202605:46,139.54,1.05,146.517,54.2,2.1100000000000003,114.36200000000002,113.8,0.9,17.0,198.7,23561.0,44568.0,24.0,14.8,27.9,30.410000000000004,17.988999999999997,32.0,81.2,0.59,0.7805374120409238
2026-03-27T17:47:01,03/27/202605:47,139.66,1.04,145.2464,54.2,2.08,112.736,112.2,0.9,17.0,198.7,23561.0,44568.0,24.0,14.8,27.8,30.410000000000004,17.958,32.0,80.4,0.58,0.7761707002720895
2026-03-27T17:47:13,03/27/202605:47,139.59,1.05,146.5695,54.2,2.09,113.27799999999999,112.8,0.9,17.0,198.7,23561.0,44568.0,23.9,14.8,27.7,30.410000000000004,17.927,32.0,79.6,0.5700000000000001,0.7728620210889714
2026-03-27T17:47:17,03/27/202605:47,139.7,1.05,146.685,54.2,2.07,112.194,111.7,0.9,17.0,198.7,23561.0,44568.0,24.0,14.8,27.6,30.410000000000004,17.896,32.0,78.8,0.5599999999999999,0.7648634829737192
2026-03-27T17:48:01,03/27/202605:48,139.77,1.06,148.1562,54.2,2.06,111.65200000000002,111.1,0.9,17.0,198.7,23561.0,44568.0,24.0,14.8,27.5,30.410000000000004,17.865000000000002,32.0,78.0,0.55,0.7536100412942557
2026-03-27T17:48:17,03/27/202605:48,139.82,1.06,148.2092,54.2,2.07,112.194,111.6,0.9,17.0,198.7,23561.0,44568.0,24.0,14.8,27.4,30.410000000000004,17.834,32.0,77.2,0.54,0.7569975413132248
2026-03-27T17:49:01,03/27/202605:49,140.01,1.05,147.0105,54.2,2.04,110.56800000000001,110.0,0.9,17.0,198.7,23561.0,44568.0,24.0,14.8,27.3,30.410000000000004,17.803,32.0,76.4,0.53,0.7521095431958942
2026-03-27T17:49:17,03/27/202605:49,140.02,1.06,148.42120000000003,54.2,2.05,111.11,110.6,0.9,17.0,198.7,23561.0,44568.0,23.9,14.8,27.2,30.410000000000004,17.772,32.0,75.6,0.52,0.7486127318738831
2026-03-27T17:50:01,03/27/202605:50,139.56,1.1199999999999999,156.3072,54.2,2.19,118.69800000000001,118.2,0.9,17.0,198.7,23561.0,44568.0,23.9,14.8,27.1,30.410000000000004,17.741,32.0,74.8,0.51,0.7593892028006388
2026-03-27T17:50:16,03/27/202605:50,139.25,1.17,162.92249999999999,54.2,2.31,125.20200000000001,124.7,0.9,17.0,198.7,23561.0,44568.0,23.9,14.8,27.0,30.410000000000004,17.71,32.0,74.0,0.5,0.7684758090503154
2026-03-27T17:51:01,03/27/202605:51,139.14000000000001,1.19,165.5766,54.2,2.3600000000000003,127.91200000000002,127.4,0.9,17.0,198.7,23561.0,44568.0,23.9,14.8,27.0,30.410000000000004,17.71,32.0,74.0,0.5,0.7725246200248104
2026-03-27T17:51:16,03/27/202605:51,139.11,1.2,166.93200000000002,54.2,2.38,128.996,128.5,0.9,17.0,198.7,23561.0,44568.0,23.9,14.8,27.0,30.410000000000004,17.71,32.0,74.0,0.5,0.7727457887043826
2026-03-27T17:52:01,03/27/202605:52,139.32,1.1800000000000002,164.3976,54.2,2.3600000000000003,127.91200000000002,127.4,0.9,17.0,198.7,23561.0,44568.0,23.9,14.8,27.0,30.410000000000004,17.71,32.0,74.0,0.5,0.7780648865920184
2026-03-27T17:52:17,03/27/202605:52,139.57999999999998,1.1400000000000001,159.1212,54.21,2.2800000000000002,123.59880000000001,123.1,0.9,17.0,198.7,23561.0,44568.0,24.0,14.8,27.0,30.410000000000004,17.71,32.0,74.0,0.5,0.7767588479724891
2026-03-27T17:53:01,03/27/202605:53,139.84,1.1,153.824,54.220000000000006,2.2,119.28400000000002,118.8,0.9,17.0,198.7,23561.0,44568.0,24.0,14.8,27.0,30.410000000000004,17.71,32.0,74.0,0.5,0.7754576659038902
2026-03-27T17:53:16,03/27/202605:53,140.03,1.09,152.6327,54.220000000000006,2.16,117.11520000000002,116.6,0.9,17.0,198.7,23561.0,44568.0,23.9,14.8,27.0,30.410000000000004,17.71,32.0,74.0,0.5,0.7673008470661924
2026-03-27T17:54:01,03/27/202605:54,140.22,1.08,151.4376,54.220000000000006,2.12,114.94640000000003,114.4,0.9,17.0,198.7,23561.0,44568.0,23.9,14.8,27.0,30.410000000000004,17.71,32.0,74.0,0.5,0.7590347443435449
2026-03-27T17:54:17,03/27/202605:54,140.72,1.02,143.5344,54.23,1.9899999999999998,107.91769999999998,107.3,0.9,17.0,198.7,23561.0,44568.0,24.0,14.8,27.0,30.410000000000004,17.71,32.0,74.0,0.5,0.7518594845556186
2026-03-27T17:55:46,03/27/202605:55,141.06,1.0,141.06,54.23,1.95,105.74849999999999,105.1,0.9,18.0,198.7,23561.0,44568.0,24.0,14.8,27.0,30.410000000000004,17.71,32.0,74.0,0.5,0.749670353041259
2026-03-27T17:56:01,03/27/202605:56,141.25,0.99,139.8375,54.23,1.9300000000000002,104.6639,104.0,0.9,18.0,198.7,23561.0,44568.0,24.0,14.8,27.0,30.410000000000004,17.71,32.0,74.0,0.5,0.7484680432645034
2026-03-27T17:56:17,03/27/202605:56,141.07,1.02,143.8914,54.23,1.98,107.3754,106.7,0.9,18.0,198.7,23561.0,44568.0,24.0,14.8,27.0,30.410000000000004,17.71,32.0,74.0,0.5,0.7462252782306656
2026-03-27T17:57:00,03/27/202605:57,140.81,1.06,149.2586,54.23,2.06,111.71379999999999,111.0,0.9,18.0,198.7,23561.0,44568.0,24.0,14.8,27.0,30.410000000000004,17.71,32.0,74.0,0.5,0.7484580452985623
2026-03-27T17:57:17,03/27/202605:57,140.94,1.0699999999999998,150.80579999999998,54.23,2.05,111.17149999999998,110.4,0.9,18.0,198.7,23561.0,44568.0,23.9,14.8,27.0,30.410000000000004,17.71,32.0,74.0,0.5,0.7371831852621052
2026-03-27T17:58:31,03/27/202605:58,140.89000000000001,1.09,153.57010000000002,54.23,2.13,115.50989999999999,114.7,0.9,18.0,198.7,23561.0,44568.0,24.0,14.8,27.0,30.410000000000004,17.71,32.0,74.0,0.5,0.7521639954652629
2026-03-27T17:59:00,03/27/202605:59,140.84,1.1099999999999999,156.33239999999998,54.23,2.21,119.8483,119.0,0.9,18.0,198.7,23561.0,44568.0,24.0,14.8,27.0,30.410000000000004,17.71,32.0,74.0,0.5,0.7666248327282125
2026-03-27T17:59:31,03/27/202605:59,140.95,1.1,155.045,54.23,2.2,119.306,118.5,0.9,18.0,198.7,23561.0,44568.0,24.0,14.8,27.0,30.410000000000004,17.71,32.0,74.0,0.5,0.7694927279177014
2026-03-27T18:00:00,03/27/202606:00,141.06,1.09,153.7554,54.23,2.19,118.76369999999999,118.0,0.9,18.0,198.7,23561.0,44568.0,24.0,14.8,27.0,30.410000000000004,17.71,32.0,74.0,0.5,0.7724197003812547
2026-03-27T18:00:31,03/27/202606:00,140.94,1.1300000000000001,159.2622,54.220000000000006,2.2800000000000002,123.62160000000003,122.9,0.9,18.0,198.7,23561.0,44568.0,24.0,14.8,27.0,30.410000000000004,17.71,32.0,74.0,0.5,0.7762143182751464
2026-03-27T18:01:00,03/27/202606:01,140.98,1.1300000000000001,159.3074,54.220000000000006,2.2800000000000002,123.62160000000003,122.9,0.9,18.0,198.7,23561.0,44568.0,24.0,14.8,27.0,30.410000000000004,17.71,32.0,74.0,0.5,0.7759940843928156
2026-03-27T18:01:31,03/27/202606:01,141.22,1.09,153.9298,54.220000000000006,2.17,117.65740000000001,117.0,0.9,18.0,198.7,23561.0,44568.0,24.0,14.8,26.9,30.410000000000004,17.666,31.9,72.3,0.49000000000000005,0.7643575188170193
2026-03-27T18:02:01,03/27/202606:02,141.82999999999998,1.01,143.24829999999997,54.220000000000006,1.9899999999999998,107.8978,107.3,0.9,18.0,198.7,23561.0,44568.0,24.0,14.8,26.8,30.410000000000004,17.622,31.8,70.6,0.48,0.7532222022879156
2026-03-27T18:02:31,03/27/202606:02,142.29000000000002,0.96,136.59840000000003,54.220000000000006,1.89,102.4758,101.9,0.9,18.0,198.7,23561.0,44568.0,23.9,14.8,26.7,30.410000000000004,17.578,31.7,68.9,0.47000000000000003,0.7501976597090448
2026-03-27T18:03:00,03/27/202606:03,142.35999999999999,0.9400000000000001,133.8184,54.220000000000006,1.8800000000000001,101.93360000000001,101.4,0.9,18.0,198.7,23561.0,44568.0,23.9,14.8,26.6,30.410000000000004,17.534,31.6,67.2,0.45999999999999996,0.7617308232649622
2026-03-27T18:03:31,03/27/202606:03,141.69,0.99,140.2731,54.21,1.9899999999999998,107.87789999999998,107.4,0.9,18.0,198.7,23561.0,44568.0,23.9,14.8,26.5,30.410000000000004,17.490000000000002,31.5,65.5,0.45,0.7690562196173035
2026-03-27T18:04:00,03/27/202606:04,141.01999999999998,1.04,146.6608,54.2,2.1,113.82000000000001,113.4,0.9,18.0,198.7,23561.0,44568.0,23.9,14.8,26.4,30.410000000000004,17.446,31.4,63.8,0.44000000000000006,0.7760764976053588
2026-03-27T18:04:32,03/27/202606:04,140.96999999999997,1.05,148.0185,54.2,2.12,114.90400000000001,114.5,0.9,18.0,198.7,23561.0,44568.0,24.0,14.8,26.3,30.410000000000004,17.402,31.3,62.1,0.43,0.7762813432104771
2026-03-27T18:05:00,03/27/202606:05,140.92,1.06,149.3752,54.2,2.1399999999999997,115.98799999999999,115.6,0.9,18.0,198.7,23561.0,44568.0,24.0,14.8,26.2,30.410000000000004,17.357999999999997,31.2,60.4,0.42000000000000004,0.776487663280116
2026-03-27T18:05:31,03/27/202606:05,140.79,1.0699999999999998,150.64529999999996,54.2,2.15,116.53,116.2,0.9,18.0,198.7,23561.0,44568.0,24.0,14.8,26.1,30.410000000000004,17.314,31.1,58.7,0.41000000000000003,0.7735389023089339
2026-03-27T18:06:57,03/27/202606:06,140.92000000000002,1.05,147.96600000000004,54.2,2.07,112.194,111.9,0.9,18.0,198.7,23561.0,44568.0,24.0,14.8,26.0,30.410000000000004,17.27,31.0,57.0,0.4,0.7582417582417581
2026-03-27T18:07:01,03/27/202606:07,140.85,1.0699999999999998,150.70949999999996,54.2,2.1,113.82000000000001,113.5,0.9,18.0,198.7,23561.0,44568.0,24.0,14.8,26.0,30.410000000000004,17.27,31.0,57.0,0.4,0.7552277726354346
2026-03-27T18:07:19,03/27/202606:07,140.45,1.1199999999999999,157.30399999999997,54.2,2.2199999999999998,120.324,120.0,0.9,18.0,198.7,23561.0,44568.0,23.9,14.8,26.0,30.410000000000004,17.27,31.0,57.0,0.4,0.7649137974876673
2026-03-27T18:08:01,03/27/202606:08,140.2,1.1400000000000001,159.828,54.2,2.2600000000000002,122.49200000000002,122.2,0.9,18.0,198.7,23561.0,44568.0,23.9,14.8,26.0,30.410000000000004,17.27,31.0,57.0,0.4,0.7663988787947044
2026-03-27T18:08:19,03/27/202606:08,140.13,1.1400000000000001,159.74820000000003,54.2,2.2600000000000002,122.49200000000002,122.2,0.9,18.0,198.7,23561.0,44568.0,23.9,14.8,26.0,30.410000000000004,17.27,31.0,57.0,0.4,0.766781722736156
2026-03-27T18:09:01,03/27/202606:09,140.75,1.09,153.41750000000002,54.2,2.1399999999999997,115.98799999999999,115.7,0.9,18.0,198.7,23561.0,44568.0,23.9,14.8,26.0,30.410000000000004,17.27,31.0,57.0,0.4,0.7560284843645606
2026-03-27T18:09:19,03/27/202606:09,141.49,1.02,144.31980000000001,54.2,1.97,106.774,106.5,0.9,18.0,198.7,23561.0,44568.0,23.9,14.8,26.0,30.410000000000004,17.27,31.0,57.0,0.4,0.739843043019738
2026-03-27T18:10:01,03/27/202606:10,141.54000000000002,1.0,141.54000000000002,54.2,1.92,104.06400000000001,103.8,0.9,18.0,198.7,23561.0,44568.0,23.9,14.8,26.0,30.410000000000004,17.27,31.0,57.0,0.4,0.7352267910131411
2026-03-27T18:10:19,03/27/202606:10,141.53,0.99,140.1147,54.2,1.8800000000000001,101.89600000000002,101.6,1.0,18.0,198.7,23561.0,44568.0,23.9,14.8,26.0,30.410000000000004,17.27,31.0,57.0,0.4,0.7272327600173287
2026-03-27T18:11:01,03/27/202606:11,141.7,0.96,136.03199999999998,54.2,1.8,97.56,97.2,1.0,18.0,198.7,23561.0,44568.0,23.9,14.8,26.0,30.410000000000004,17.27,31.0,57.0,0.4,0.7171841919548343
2026-03-27T18:11:19,03/27/202606:11,141.65,0.96,135.984,54.2,1.8,97.56,97.2,1.0,18.0,198.7,23561.0,44568.0,23.9,14.8,26.0,30.410000000000004,17.27,31.0,57.0,0.4,0.717437345570067
2026-03-27T18:11:43,03/27/202606:11,141.67000000000002,0.95,134.5865,54.2,1.77,95.93400000000001,95.6,1.0,18.0,198.7,23561.0,44568.0,24.0,14.8,26.0,30.410000000000004,17.27,31.0,57.0,0.4,0.7128055191271042
2026-03-27T18:12:01,03/27/202606:12,142.02,0.9099999999999999,129.2382,54.2,1.65,89.43,89.1,1.0,18.0,198.7,23561.0,44568.0,24.0,14.8,26.0,30.410000000000004,17.27,31.0,57.0,0.4,0.691978068403924
2026-03-27T18:12:43,03/27/202606:12,141.49,0.9400000000000001,133.00060000000002,54.2,1.7,92.14,91.8,1.0,18.0,198.7,23561.0,44568.0,23.9,14.8,26.0,30.410000000000004,17.27,31.0,57.0,0.4,0.6927788295691898
2026-03-27T18:13:01,03/27/202606:13,140.78,0.99,139.3722,54.2,1.7899999999999998,97.018,96.7,1.0,18.0,198.7,23561.0,44568.0,23.9,14.8,26.0,30.410000000000004,17.27,31.0,57.0,0.4,0.6961072581189075
2026-03-27T18:13:43,03/27/202606:13,140.81,0.99,139.4019,54.2,1.8,97.56,97.2,1.0,18.0,198.7,23561.0,44568.0,23.9,14.8,26.0,30.410000000000004,17.27,31.0,57.0,0.4,0.6998469891730313
2026-03-27T18:14:01,03/27/202606:14,140.72,1.01,142.1272,54.2,1.86,100.81200000000001,100.4,1.0,18.0,198.7,23561.0,44568.0,23.9,14.8,26.0,30.410000000000004,17.27,31.0,57.0,0.4,0.7093082815956412
2026-03-27T18:14:43,03/27/202606:14,140.68,1.05,147.71400000000003,54.2,1.9600000000000002,106.23200000000001,105.8,1.0,18.0,198.7,23561.0,44568.0,23.9,14.8,26.0,30.410000000000004,17.27,31.0,57.0,0.4,0.719173538053265
2026-03-27T18:15:00,03/27/202606:15,140.7,1.08,151.956,54.2,2.05,111.11,110.7,1.0,18.0,198.7,23561.0,44568.0,23.9,14.8,26.0,30.410000000000004,17.27,31.0,57.0,0.4,0.7311985048303457
2026-03-27T18:15:43,03/27/202606:15,140.79000000000002,1.09,153.46110000000004,54.2,2.07,112.194,111.8,1.0,18.0,198.7,23561.0,44568.0,23.9,14.8,26.0,30.410000000000004,17.27,31.0,57.0,0.4,0.7310908106353986
2026-03-27T18:16:01,03/27/202606:16,140.84,1.1,154.924,54.2,2.1,113.82000000000001,113.4,1.0,18.0,198.7,23561.0,44568.0,23.9,14.8,26.0,30.410000000000004,17.27,31.0,57.0,0.4,0.7346828122176035
2026-03-27T18:16:43,03/27/202606:16,141.49,1.1,155.639,54.2,2.13,115.446,115.0,1.0,18.0,198.7,23561.0,44568.0,24.0,14.8,26.0,30.413,17.19,31.0,56.8,0.39,0.7417549585900706
2026-03-27T18:18:08,03/27/202606:18,142.10999999999999,1.1,156.321,54.2,2.16,117.07200000000002,116.6,1.0,18.0,198.7,23561.0,44568.0,23.9,14.8,26.0,30.416000000000004,17.11,31.0,56.6,0.38,0.7489204905291037
2026-03-27T18:18:43,03/27/202606:18,142.95,1.0699999999999998,152.95649999999998,54.2,2.13,115.446,114.9,1.0,18.0,198.7,23561.0,44568.0,24.0,14.8,26.0,30.419,17.029999999999998,31.0,56.4,0.37,0.7547636092614568
2026-03-27T18:19:00,03/27/202606:19,143.79,1.04,149.5416,54.2,2.1,113.82000000000001,113.2,1.0,18.0,198.7,23561.0,44568.0,24.0,14.8,26.0,30.422000000000004,16.95,31.0,56.2,0.36,0.7611260010592371
2026-03-27T18:19:44,03/27/202606:19,143.92000000000002,1.01,145.35920000000002,54.2,2.02,109.48400000000001,108.9,1.0,18.0,198.7,23561.0,44568.0,23.9,14.8,26.0,30.425,16.869999999999997,31.0,56.0,0.35,0.7531962201222901
2026-03-27T18:20:00,03/27/202606:20,144.05,0.9800000000000001,141.169,54.2,1.94,105.148,104.6,1.0,18.0,198.7,23561.0,44568.0,23.9,14.8,26.0,30.428000000000004,16.79,31.0,55.8,0.33999999999999997,0.7448377476641471
2026-03-27T18:20:43,03/27/202606:20,144.24,0.95,137.028,54.2,1.8399999999999999,99.728,99.2,1.0,18.0,198.7,23561.0,44568.0,24.0,14.8,26.0,30.431,16.71,31.0,55.6,0.32999999999999996,0.7277928598534606
2026-03-27T18:21:00,03/27/202606:21,144.43,0.9199999999999999,132.8756,54.2,1.7399999999999998,94.30799999999999,93.8,1.0,18.0,198.7,23561.0,44568.0,24.0,14.8,26.0,30.434000000000005,16.63,31.0,55.4,0.32,0.7097465599402749
2026-03-27T18:21:43,03/27/202606:21,144.59,0.97,140.2523,54.2,1.8800000000000001,101.89600000000002,101.4,1.0,18.0,198.7,23561.0,44568.0,23.9,14.8,26.0,30.437,16.55,31.0,55.2,0.31,0.7265192798977274
2026-03-27T18:22:00,03/27/202606:22,144.75,1.02,147.645,54.2,2.02,109.48400000000001,109.0,1.0,18.0,198.7,23561.0,44568.0,23.9,14.8,26.0,30.440000000000005,16.47,31.0,55.0,0.3,0.7415354397372075
2026-03-27T18:22:44,03/27/202606:22,143.79000000000002,1.05,150.97950000000003,54.2,2.0900000000000003,113.27800000000002,112.8,1.0,18.0,198.7,23561.0,44568.0,24.0,14.8,26.0,30.440000000000005,16.47,31.0,55.0,0.3,0.7502872906586656
2026-03-27T18:23:00,03/27/202606:23,142.85999999999999,1.08,154.28879999999998,54.2,2.16,117.07200000000002,116.6,1.0,18.0,198.7,23561.0,44568.0,24.0,14.8,26.0,30.440000000000005,16.47,31.0,55.0,0.3,0.7587848243035141
2026-03-27T18:23:43,03/27/202606:23,142.59,1.06,151.14540000000002,54.2,2.1100000000000003,114.36200000000002,113.9,1.0,18.0,198.7,23561.0,44568.0,23.9,14.8,26.0,30.440000000000005,16.47,31.0,55.0,0.3,0.7566356634075533
2026-03-27T18:24:00,03/27/202606:24,142.32,1.04,148.0128,54.2,2.06,111.65200000000002,111.2,1.0,18.0,198.7,23561.0,44568.0,23.9,14.8,26.0,30.440000000000005,16.47,31.0,55.0,0.3,0.7543401651749039
2026-03-27T18:24:43,03/27/202606:24,142.09,1.0699999999999998,152.03629999999998,54.2,2.13,115.446,115.0,1.0,18.0,198.7,23561.0,44568.0,24.0,14.8,26.0,30.440000000000005,16.47,31.0,55.0,0.3,0.759331817467276
2026-03-27T18:25:00,03/27/202606:25,141.85999999999999,1.1,156.046,54.2,2.2,119.24000000000001,118.8,1.0,18.0,198.7,23561.0,44568.0,24.0,14.8,26.0,30.440000000000005,16.47,31.0,55.0,0.3,0.7641336528972227
2026-03-27T18:25:43,03/27/202606:25,141.32999999999998,1.12,158.2896,54.21,2.25,121.9725,121.5,1.0,19.0,198.7,23561.0,44568.0,24.0,14.8,26.0,30.440000000000005,16.47,31.0,55.0,0.3,0.7705654698729417
2026-03-27T18:26:00,03/27/202606:26,140.8,1.1400000000000001,160.51200000000003,54.220000000000006,2.3,124.706,124.2,1.0,19.0,198.7,23561.0,44568.0,24.0,14.8,26.0,30.440000000000005,16.47,31.0,55.0,0.3,0.7769263357256777
2026-03-27T18:26:44,03/27/202606:26,140.02,1.1,154.02200000000002,54.220000000000006,2.2,119.28400000000002,118.8,1.0,19.0,198.7,23561.0,44568.0,23.9,14.8,26.0,30.440000000000005,16.47,31.0,55.0,0.3,0.7744607913155264
2026-03-27T18:27:00,03/27/202606:27,139.24,1.06,147.5944,54.220000000000006,2.1,113.86200000000002,113.4,1.0,19.0,198.7,23561.0,44568.0,23.9,14.8,26.0,30.440000000000005,16.47,31.0,55.0,0.3,0.7714520334104819
2026-03-27T18:27:43,03/27/202606:27,139.34,1.03,143.52020000000002,54.220000000000006,2.0300000000000002,110.06660000000002,109.6,1.0,19.0,198.7,23561.0,44568.0,23.9,14.8,26.0,30.440000000000005,16.47,31.0,55.0,0.3,0.7669066793385183
2026-03-27T18:29:22,03/27/202606:29,139.55,0.9800000000000001,136.75900000000001,54.220000000000006,1.92,104.1024,103.6,1.0,19.0,198.7,23561.0,44568.0,23.9,14.8,26.0,30.440000000000005,16.47,31.0,56.9,0.3,0.7612105967431759
2026-03-27T18:29:43,03/27/202606:29,139.5,0.9800000000000001,136.71,54.220000000000006,1.8699999999999999,101.3914,100.9,1.0,19.0,198.7,23561.0,44568.0,23.9,14.820000000000002,26.0,30.440000000000005,16.47,31.0,58.8,0.3,0.7416531343720284
2026-03-27T18:30:00,03/27/202606:30,139.45,0.9800000000000001,136.661,54.220000000000006,1.8199999999999998,98.6804,98.2,1.0,19.0,198.7,23561.0,44568.0,23.9,14.84,26.0,30.440000000000005,16.47,31.0,60.7,0.3,0.7220816472878144
2026-03-27T18:30:44,03/27/202606:30,138.64000000000001,1.0,138.64000000000001,54.220000000000006,1.8400000000000003,99.76480000000002,99.3,1.0,19.0,198.7,23561.0,44568.0,24.0,14.85,26.0,30.440000000000005,16.413999999999998,31.1,63.7,0.3,0.7195960761684941
2026-03-27T18:31:01,03/27/202606:31,137.82999999999998,1.02,140.58659999999998,54.220000000000006,1.86,100.84920000000001,100.4,1.0,19.0,198.7,23561.0,44568.0,24.0,14.86,26.0,30.440000000000005,16.357999999999997,31.2,66.7,0.3,0.7173457498794339
2026-03-27T18:31:44,03/27/202606:31,137.66,1.01,139.0366,54.21,1.85,100.28850000000001,99.8,1.0,19.0,198.7,23561.0,44568.0,24.0,14.870000000000001,26.0,30.440000000000005,16.302,31.3,69.7,0.3,0.721310072311895
2026-03-27T18:32:01,03/27/202606:32,137.48999999999998,1.0,137.48999999999998,54.2,1.8400000000000003,99.72800000000002,99.2,1.0,19.0,198.7,23561.0,44568.0,24.0,14.88,26.0,30.440000000000005,16.246,31.4,72.7,0.3,0.7253472979853083
2026-03-27T18:32:44,03/27/202606:32,137.53,0.9800000000000001,134.7794,54.19,1.81,98.0839,97.5,1.0,19.0,198.7,23561.0,44568.0,23.9,14.89,26.0,30.440000000000005,16.19,31.5,75.7,0.3,0.7277365828902636
2026-03-27T18:33:00,03/27/202606:33,137.57,0.96,132.06719999999999,54.18000000000001,1.78,96.44040000000001,95.8,1.0,19.0,198.7,23561.0,44568.0,23.9,14.9,26.0,30.440000000000005,16.134,31.6,78.7,0.3,0.730237333721015
2026-03-27T18:33:44,03/27/202606:33,136.79,0.99,135.4221,54.18000000000001,1.8399999999999999,99.69120000000001,99.1,1.0,19.0,198.7,23561.0,44568.0,24.0,14.91,26.0,30.440000000000005,16.078,31.7,81.7,0.3,0.736151632562189
2026-03-27T18:34:00,03/27/202606:34,135.9,1.04,141.336,54.18000000000001,1.94,105.10920000000002,104.6,1.0,19.0,198.7,23561.0,44568.0,24.0,14.919999999999998,26.0,30.440000000000005,16.022,31.8,82.8,0.3,0.743683138053999
2026-03-27T18:34:16,03/27/202606:34,135.92,1.02,138.6384,54.18000000000001,1.9,102.94200000000001,102.5,1.0,19.0,198.7,23561.0,44568.0,23.9,14.91,26.0,30.440000000000005,15.966,31.9,83.9,0.3,0.7425215524703114
2026-03-27T18:35:01,03/27/202606:35,135.94,1.0,135.94,54.18000000000001,1.86,100.77480000000001,100.4,1.0,19.0,198.7,23561.0,44568.0,23.9,14.9,26.0,30.440000000000005,15.91,32.0,85.0,0.3,0.7413182286302782
2026-03-27T18:35:15,03/27/202606:35,136.48999999999998,0.9700000000000001,132.3953,54.18000000000001,1.77,95.89860000000002,95.5,1.0,19.0,198.7,23561.0,44568.0,24.0,14.9,25.8,30.440000000000005,15.91,32.0,85.0,0.3,0.7243353804855612
2026-03-27T18:36:01,03/27/202606:36,137.04,0.9400000000000001,128.8176,54.18000000000001,1.6800000000000002,91.02240000000002,90.6,1.0,19.0,198.7,23561.0,44568.0,24.0,14.9,25.6,30.440000000000005,15.91,32.0,85.0,0.3,0.7065990982598652
2026-03-27T18:36:16,03/27/202606:36,136.61999999999998,0.9400000000000001,128.4228,54.17,1.6600000000000001,89.9222,89.6,1.0,19.0,198.7,23561.0,44568.0,24.0,14.9,25.4,30.440000000000005,15.91,32.0,85.0,0.3,0.7002043250886915
2026-03-27T18:37:00,03/27/202606:37,136.2,0.9400000000000001,128.028,54.160000000000004,1.64,88.8224,88.6,1.0,19.0,198.7,23561.0,44568.0,24.0,14.9,25.2,30.440000000000005,15.91,32.0,85.0,0.3,0.6937732371043834
2026-03-27T18:37:16,03/27/202606:37,135.82999999999998,0.9400000000000001,127.6802,54.160000000000004,1.61,87.19760000000001,87.0,1.0,19.0,198.7,23561.0,44568.0,24.0,14.9,25.0,30.440000000000005,15.91,32.0,85.0,0.3,0.6829375267269319
2026-03-27T18:38:00,03/27/202606:38,135.45999999999998,0.9400000000000001,127.33239999999999,54.160000000000004,1.58,85.57280000000002,85.4,1.0,19.0,198.7,23561.0,44568.0,24.0,14.9,24.8,30.440000000000005,15.91,32.0,85.0,0.3,0.6720426223019438
2026-03-27T18:38:15,03/27/202606:38,135.41,0.9099999999999999,123.22309999999999,54.160000000000004,1.53,82.8648,82.6,1.0,19.0,198.7,23561.0,44568.0,24.0,14.9,24.6,30.440000000000005,15.922,32.1,85.0,0.3,0.6724778065151746
2026-03-27T18:39:00,03/27/202606:39,135.35999999999999,0.8800000000000001,119.1168,54.160000000000004,1.48,80.1568,79.8,1.0,19.0,198.7,23561.0,44568.0,24.0,14.9,24.4,30.440000000000005,15.934000000000001,32.2,85.0,0.3,0.672926069202665
2026-03-27T18:40:33,03/27/202606:40,134.68,0.89,119.8652,54.15,1.49,80.6835,80.3,1.0,19.0,198.7,23561.0,44568.0,24.0,14.9,24.2,30.440000000000005,15.965,32.3,85.0,0.3,0.6731186366017826
2026-03-27T18:41:00,03/27/202606:41,134.0,0.9,120.60000000000001,54.14,1.5,81.21000000000001,80.8,1.0,19.0,198.7,23561.0,44568.0,24.0,14.9,24.0,30.440000000000005,15.996,32.4,85.0,0.3,0.6733830845771145
2026-03-27T18:41:16,03/27/202606:41,133.47,0.89,118.7883,54.13000000000001,1.5,81.19500000000002,80.8,1.0,19.0,198.7,23561.0,44568.0,24.0,14.9,24.0,30.440000000000005,16.027,32.5,85.0,0.3,0.6835269130040587
2026-03-27T18:42:00,03/27/202606:42,132.94,0.8800000000000001,116.98720000000002,54.120000000000005,1.5,81.18,80.8,1.0,19.0,198.7,23561.0,44568.0,24.0,14.9,24.0,30.440000000000005,16.058,32.6,85.0,0.3,0.6939220701068151
2026-03-27T18:42:16,03/27/202606:42,132.93,0.85,112.9905,54.120000000000005,1.4600000000000002,79.01520000000002,78.6,1.0,19.0,198.7,23561.0,44568.0,23.9,14.9,24.0,30.440000000000005,16.089,32.7,85.0,0.3,0.69930834893199
2026-03-27T18:42:26,03/27/202606:42,132.91,0.82,108.9862,54.120000000000005,1.4200000000000002,76.85040000000001,76.4,1.0,19.0,198.7,23561.0,44568.0,24.0,14.9,24.0,30.440000000000005,16.119999999999997,32.8,85.0,0.3,0.7051388157399745
2026-03-27T18:43:00,03/27/202606:43,132.84,0.8,106.272,54.120000000000005,1.3900000000000001,75.22680000000001,74.8,1.0,19.0,198.7,23561.0,44568.0,24.0,14.9,24.0,30.440000000000005,16.151,32.9,85.0,0.3,0.7078703703703705
2026-03-27T18:43:26,03/27/202606:43,132.77,0.78,103.56060000000001,54.11,1.35,73.0485,72.6,1.0,19.0,198.7,23561.0,44568.0,24.0,14.9,24.0,30.440000000000005,16.182,33.0,85.0,0.3,0.7053696096778118
2026-03-27T18:44:01,03/27/202606:44,132.77,0.77,102.23290000000001,54.089999999999996,1.31,70.8579,70.4,1.0,19.0,198.7,23561.0,44568.0,24.0,14.9,24.0,30.440000000000005,16.201,33.0,85.0,0.3,0.6931027095973996
2026-03-27T18:44:27,03/27/202606:44,132.77,0.76,100.90520000000001,54.08,1.25,67.6,67.2,1.0,19.0,198.7,23561.0,44568.0,24.0,14.9,24.0,30.440000000000005,16.22,33.0,85.0,0.3,0.6699357416664353
2026-03-27T18:45:00,03/27/202606:45,132.75,0.74,98.235,54.08,1.22,65.9776,65.6,1.0,19.0,198.7,23561.0,44568.0,24.0,14.9,24.0,30.440000000000005,16.22,33.0,85.0,0.3,0.6716302743421387
2026-03-27T18:45:27,03/27/202606:45,132.72,0.72,95.55839999999999,54.08,1.19,64.3552,64.0,1.0,19.0,198.7,23561.0,44568.0,24.0,14.89,24.1,30.440000000000005,16.139,33.0,82.9,0.29,0.6734646038443507
2026-03-27T18:46:00,03/27/202606:46,132.7,0.71,94.21699999999998,54.08,1.16,62.73279999999999,62.4,1.0,19.0,198.7,23561.0,44568.0,24.0,14.88,24.2,30.440000000000005,16.058,33.0,80.8,0.27999999999999997,0.665833129902247
2026-03-27T18:47:00,03/27/202606:47,132.68,0.7,92.876,54.08,1.1300000000000001,61.110400000000006,60.8,1.0,19.0,198.7,23561.0,44568.0,24.0,14.870000000000001,24.3,30.440000000000005,15.976999999999999,33.0,78.7,0.27,0.6579783797751841
2026-03-27T18:47:26,03/27/202606:47,132.65,0.69,91.5285,54.08,1.1,59.488,59.2,1.0,19.0,198.7,23561.0,44568.0,24.0,14.86,24.4,30.440000000000005,15.895999999999997,33.0,76.6,0.26,0.6499396362881508
2026-03-27T18:48:01,03/27/202606:48,132.63,0.6799999999999999,90.18839999999999,54.08,1.0699999999999998,57.865599999999986,57.6,1.0,19.0,198.7,23561.0,44568.0,24.0,14.85,24.5,30.440000000000005,15.815000000000001,33.0,74.5,0.25,0.6416080116733415
2026-03-27T18:48:26,03/27/202606:48,132.60999999999999,0.6699999999999999,88.84869999999998,54.08,1.03,55.7024,55.4,1.0,19.0,198.7,23561.0,44568.0,23.9,14.84,24.6,30.440000000000005,15.734,33.0,72.4,0.24,0.6269354531917745
2026-03-27T18:49:00,03/27/202606:49,132.58999999999997,0.6599999999999999,87.50939999999997,54.089999999999996,1.0,54.089999999999996,53.8,1.0,19.0,198.7,23561.0,44568.0,23.9,14.830000000000002,24.7,30.440000000000005,15.653,33.0,70.3,0.22999999999999998,0.6181050264314464
2026-03-27T18:49:27,03/27/202606:49,132.57,0.65,86.1705,54.1,0.96,51.936,51.7,1.0,19.0,198.7,23561.0,44568.0,23.9,14.820000000000002,24.8,30.440000000000005,15.572,33.0,68.2,0.22000000000000003,0.6027120650338572
2026-03-27T18:50:01,03/27/202606:50,132.55,0.6399999999999999,84.832,54.1,0.9400000000000001,50.854000000000006,50.6,1.0,19.0,198.7,23561.0,44568.0,23.9,14.809999999999999,24.9,30.440000000000005,15.491,33.0,66.1,0.21000000000000002,0.5994671821953981
2026-03-27T18:51:45,03/27/202606:51,132.52,0.6199999999999999,82.16239999999999,54.1,0.9199999999999999,49.772,49.5,1.0,19.0,198.7,23561.0,44568.0,24.0,14.8,25.0,30.440000000000005,15.41,33.0,64.0,0.2,0.6057758780171952
2026-03-27T18:52:00,03/27/202606:52,132.5,0.6,79.5,54.1,0.9,48.690000000000005,48.4,1.0,19.0,198.7,23561.0,44568.0,24.0,14.8,25.0,30.440000000000005,15.41,33.0,64.0,0.2,0.6124528301886794
2026-03-27T18:52:27,03/27/202606:52,132.47,0.59,78.15729999999999,54.1,0.8800000000000001,47.608000000000004,47.3,1.0,19.0,198.7,23561.0,44568.0,23.9,14.8,25.0,30.440000000000005,15.41,33.0,64.0,0.2,0.6091305610608351
2026-03-27T18:53:01,03/27/202606:53,132.44,0.58,76.81519999999999,54.1,0.86,46.526,46.2,1.0,19.0,198.7,23561.0,44568.0,23.9,14.8,25.0,30.440000000000005,15.41,33.0,64.0,0.2,0.6056874160322437
2026-03-27T18:53:27,03/27/202606:53,132.42000000000002,0.5700000000000001,75.47940000000001,54.1,0.8300000000000001,44.903000000000006,44.5,1.0,19.0,198.7,23561.0,44568.0,23.9,14.8,25.0,30.440000000000005,15.41,33.0,64.0,0.2,0.5949040400427136
2026-03-27T18:54:00,03/27/202606:54,132.4,0.5599999999999999,74.14399999999999,54.1,0.8,43.28,42.8,1.0,19.0,198.7,23561.0,44568.0,23.9,14.8,25.0,30.440000000000005,15.41,33.0,64.0,0.2,0.5837289598618904
2026-03-27T18:55:00,03/27/202606:55,132.38000000000002,0.55,72.80900000000003,54.1,0.78,42.198,41.7,1.0,19.0,198.7,23561.0,44568.0,23.9,14.8,25.0,30.440000000000005,15.41,33.0,64.0,0.2,0.579571206856295
2026-03-27T18:55:16,03/27/202606:55,132.36,0.54,71.47440000000002,54.1,0.74,40.034,39.6,1.0,19.0,198.7,23561.0,44568.0,24.0,14.8,25.0,30.440000000000005,15.41,33.0,64.0,0.2,0.5601166291707239
2026-03-27T18:56:00,03/27/202606:56,132.34,0.53,70.14020000000001,54.1,0.71,38.411,38.0,1.0,19.0,198.7,23561.0,44568.0,24.0,14.8,25.0,30.440000000000005,15.41,33.0,64.0,0.2,0.547631743279888
2026-03-27T18:56:15,03/27/202606:56,132.31,0.52,68.80120000000001,54.1,0.6799999999999999,36.788,36.4,1.0,19.0,198.7,23561.0,44568.0,23.9,14.8,25.0,30.440000000000005,15.41,33.0,64.0,0.2,0.5346999761632063
2026-03-27T18:57:00,03/27/202606:57,132.29000000000002,0.52,68.79080000000002,54.1,0.65,35.165,34.8,1.0,19.0,198.7,23561.0,44568.0,23.9,14.8,25.0,30.440000000000005,15.41,33.0,64.0,0.2,0.5111875425202206
2026-03-27T18:58:01,03/27/202606:58,132.27,0.52,68.78040000000001,54.089999999999996,0.62,33.535799999999995,33.2,1.0,19.0,198.7,23561.0,44568.0,24.0,14.8,25.0,30.440000000000005,15.41,33.0,64.0,0.2,0.4875778564823698
2026-03-27T18:58:16,03/27/202606:58,132.25,0.5,66.125,54.089999999999996,0.5900000000000001,31.913100000000004,31.6,1.0,19.0,198.7,23561.0,44568.0,23.9,14.8,25.0,30.440000000000005,15.41,33.0,64.0,0.2,0.4826177693761815
2026-03-27T18:59:01,03/27/202606:59,132.23,0.48,63.47039999999999,54.089999999999996,0.5599999999999999,30.290399999999995,30.0,1.0,19.0,198.7,23561.0,44568.0,23.9,14.8,25.0,30.440000000000005,15.41,33.0,64.0,0.2,0.4772366331392271
2026-03-27T19:00:00,03/27/202607:00,132.20999999999998,0.47000000000000003,62.13869999999999,54.089999999999996,0.54,29.2086,29.0,1.0,19.0,198.7,23561.0,44568.0,23.9,14.8,25.0,30.440000000000005,15.41,33.0,64.0,0.2,0.4700548933273468
2026-03-27T19:00:17,03/27/202607:00,132.19,0.47000000000000003,62.1293,54.1,0.5,27.05,26.9,1.0,19.0,198.7,23561.0,44568.0,23.9,14.8,25.0,30.440000000000005,15.41,33.0,64.0,0.2,0.4353823397334269
2026-03-27T19:01:00,03/27/202607:01,132.17000000000002,0.47000000000000003,62.11990000000001,54.11,0.45999999999999996,24.8906,24.8,1.0,19.0,198.7,23561.0,44568.0,23.9,14.8,25.0,30.440000000000005,15.41,33.0,64.0,0.2,0.40068641449841347
2026-03-27T19:01:17,03/27/202607:01,132.23999999999998,0.45999999999999996,60.83039999999998,54.11,0.44000000000000006,23.808400000000002,23.7,1.0,19.0,198.7,23561.0,44568.0,24.0,14.780000000000001,25.0,30.440000000000005,15.379,32.9,61.0,0.2,0.3913898314000896
2026-03-27T19:02:57,03/27/202607:02,132.31,0.44000000000000006,58.21640000000001,54.11,0.42000000000000004,22.726200000000002,22.6,1.0,19.0,198.7,23561.0,44568.0,23.9,14.76,25.0,30.440000000000005,15.347999999999999,32.8,58.0,0.2,0.39037453363656976
2026-03-27T19:03:01,03/27/202607:03,132.39,0.42000000000000004,55.6038,54.11,0.4,21.644000000000002,21.5,1.0,19.0,198.7,23561.0,44568.0,23.9,14.74,25.0,30.440000000000005,15.316999999999998,32.7,55.0,0.2,0.38925397185084476
2026-03-27T19:03:17,03/27/202607:03,127.67,0.42000000000000004,53.62140000000001,54.11,0.39,21.1029,20.9,1.0,19.0,198.7,23561.0,44568.0,23.9,14.719999999999999,25.0,30.440000000000005,15.286000000000001,32.6,52.0,0.2,0.3935536931150622
2026-03-27T19:04:00,03/27/202607:04,122.95,0.42000000000000004,51.639,54.120000000000005,0.38,20.565600000000003,20.3,1.0,19.0,198.7,23561.0,44568.0,23.9,14.7,25.0,30.440000000000005,15.255,32.5,49.0,0.2,0.3982571312380178
2026-03-27T19:04:16,03/27/202607:04,118.22999999999999,0.42000000000000004,49.6566,54.120000000000005,0.38,20.565600000000003,20.3,1.0,19.0,198.7,23561.0,44568.0,24.0,14.680000000000001,25.0,30.440000000000005,15.224,32.4,46.0,0.2,0.41415642633607624
2026-03-27T19:05:00,03/27/202607:05,113.50999999999999,0.42000000000000004,47.6742,54.120000000000005,0.38,20.565600000000003,20.3,1.0,19.0,198.7,23561.0,44568.0,24.0,14.66,25.0,30.440000000000005,15.193000000000001,32.3,43.0,0.2,0.43137797802585054
2026-03-27T19:06:00,03/27/202607:06,108.79,0.42000000000000004,45.69180000000001,54.11,0.38,20.5618,20.3,1.0,19.0,198.7,23561.0,44568.0,23.9,14.64,25.0,30.440000000000005,15.162,32.2,40.0,0.2,0.4500107240248797
2026-03-27T19:06:16,03/27/202607:06,104.07000000000001,0.4,41.62800000000001,54.1,0.39,21.099,20.8,1.0,19.0,198.7,23561.0,44568.0,24.0,14.62,25.0,30.440000000000005,15.131,32.1,37.0,0.2,0.50684635341597
2026-03-27T19:07:00,03/27/202607:07,99.35,0.38,37.753,54.089999999999996,0.4,21.636,21.3,1.0,19.0,198.7,23561.0,44568.0,24.0,14.6,25.0,30.440000000000005,15.1,32.0,34.0,0.2,0.5730935289910736
2026-03-27T19:08:00,03/27/202607:08,94.54,0.37,34.979800000000004,54.08,0.41,22.1728,21.8,1.0,19.0,198.7,23561.0,44568.0,24.0,14.6,25.0,30.440000000000005,15.1,32.0,34.0,0.2,0.6338744075151944
2026-03-27T19:08:16,03/27/202607:08,89.72,0.37,33.1964,54.07000000000001,0.42000000000000004,22.709400000000006,22.3,1.0,19.0,198.7,23561.0,44568.0,24.0,14.6,25.0,30.440000000000005,15.1,32.0,34.0,0.2,0.6840922509669726
2026-03-27T19:09:01,03/27/202607:09,84.9,0.37,31.413,54.06,0.43,23.2458,22.8,1.0,19.0,198.7,23561.0,44568.0,24.0,14.6,25.0,30.440000000000005,15.1,32.0,34.0,0.2,0.7400057301117371
2026-03-27T19:09:17,03/27/202607:09,84.87,0.35,29.7045,54.05,0.42000000000000004,22.701,22.3,1.0,19.0,198.7,23561.0,44568.0,24.0,14.6,25.0,30.440000000000005,15.1,32.0,34.0,0.2,0.7642276422764228
2026-03-27T19:10:00,03/27/202607:10,84.84,0.32999999999999996,27.9972,54.04,0.41,22.156399999999998,21.8,1.0,19.0,198.7,23561.0,44568.0,24.0,14.6,25.0,30.440000000000005,15.1,32.0,34.0,0.2,0.7913791379137913
2026-03-27T19:10:17,03/27/202607:10,84.8,0.32,27.136,54.02,0.39,21.067800000000002,20.7,1.0,19.0,198.7,23561.0,44568.0,24.0,14.6,25.0,30.440000000000005,15.1,32.0,34.0,0.2,0.7763782429245284
2026-03-27T19:11:00,03/27/202607:11,84.76,0.31,26.2756,54.0,0.37,19.98,19.6,1.0,19.0,198.7,23561.0,44568.0,24.0,14.6,25.0,30.440000000000005,15.1,32.0,34.0,0.2,0.760401284842211
2026-03-27T19:11:16,03/27/202607:11,84.76,0.3,25.428,53.98,0.35,18.892999999999997,18.5,1.0,19.0,198.7,23561.0,44568.0,23.9,14.6,25.0,30.440000000000005,15.1,32.0,34.0,0.2,0.742999842693094
2026-03-27T19:12:00,03/27/202607:12,84.76,0.3,25.428,53.95,0.33999999999999997,18.343,18.0,1.0,19.0,198.7,23561.0,44568.0,23.9,14.6,25.0,30.440000000000005,15.1,32.0,34.0,0.2,0.7213701431492843
2026-03-27T19:12:16,03/27/202607:12,89.97,0.26999999999999996,24.291899999999995,53.910000000000004,0.3,16.173000000000002,15.9,1.0,19.0,198.7,23561.0,44568.0,23.9,14.6,25.0,30.440000000000005,15.1,32.0,34.0,0.2,0.6657774813826833
2026-03-27T19:14:10,03/27/202607:14,95.17,0.24,22.840799999999998,53.879999999999995,0.27,14.5476,14.3,1.0,19.0,198.7,23561.0,44568.0,23.9,14.6,25.0,30.440000000000005,15.1,32.0,34.0,0.2,0.6369128927182937
2026-03-27T19:14:16,03/27/202607:14,100.38000000000001,0.21000000000000002,21.079800000000002,53.85,0.22999999999999998,12.385499999999999,12.2,1.0,19.0,198.7,23561.0,44568.0,24.0,14.6,25.0,30.440000000000005,15.1,32.0,34.0,0.2,0.5875530128369338
2026-03-27T19:15:00,03/27/202607:15,105.59,0.18,19.0062,53.82000000000001,0.19,10.225800000000001,10.1,1.0,19.0,198.7,23561.0,44568.0,24.0,14.6,25.0,30.440000000000005,15.1,32.0,34.0,0.2,0.5380244341320202
2026-03-27T19:15:17,03/27/202607:15,110.72999999999999,0.15,16.609499999999997,53.779999999999994,0.15999999999999998,8.604799999999997,8.5,1.0,19.0,198.7,23561.0,44568.0,23.9,14.6,25.0,30.440000000000005,15.1,32.0,34.0,0.2,0.518064962822481
2026-03-27T19:16:00,03/27/202607:16,115.87,0.12,13.9044,53.739999999999995,0.13,6.986199999999999,6.9,1.0,19.0,198.7,23561.0,44568.0,23.9,14.6,25.0,30.440000000000005,15.1,32.0,34.0,0.2,0.5024452691234429
2026-03-27T19:16:17,03/27/202607:16,121.10999999999999,0.09,10.899899999999999,53.7,0.1,5.370000000000001,5.3,1.0,19.0,198.7,23561.0,44568.0,23.9,14.6,25.0,30.440000000000005,15.075,32.2,32.5,0.19,0.4926650703217462
2026-03-27T19:17:00,03/27/202607:17,126.35,0.06,7.5809999999999995,53.660000000000004,0.06999999999999999,3.7561999999999998,3.7,1.0,19.0,198.7,23561.0,44568.0,23.9,14.6,25.0,30.440000000000005,15.05,32.4,31.0,0.18,0.49547553093259467
2026-03-27T19:17:16,03/27/202607:17,131.53,0.03,3.9459,53.629999999999995,0.04,2.1452,2.1,1.0,19.0,198.7,23561.0,44568.0,23.9,14.6,25.0,30.440000000000005,15.025,32.6,29.5,0.17,0.5436529055475303
2026-03-27T19:18:01,03/27/202607:18,136.70999999999998,0.0,0.0,53.6,0.01,0.536,0.5,1.0,19.0,198.7,23561.0,44568.0,23.9,14.6,25.0,30.440000000000005,15.0,32.8,28.0,0.16,
2026-03-27T19:19:01,03/27/202607:19,136.68,0.0,0.0,53.58,0.01,0.5357999999999999,0.5,1.0,19.0,198.7,23561.0,44568.0,23.9,14.6,25.0,30.440000000000005,14.975,33.0,26.5,0.15,
2026-03-27T19:19:17,03/27/202607:19,136.56,0.0,0.0,53.55,0.0,0.0,0.0,1.0,19.0,198.7,23561.0,44568.0,23.9,14.6,25.0,30.440000000000005,14.95,33.2,25.0,0.14,
2026-03-27T19:20:01,03/27/202607:20,136.44,0.0,0.0,53.52,0.0,0.0,0.0,1.0,19.0,198.7,23561.0,44568.0,23.9,14.6,25.0,30.440000000000005,14.925,33.4,23.5,0.13,
2026-03-27T19:20:17,03/27/202607:20,136.35999999999999,0.0,0.0,53.489999999999995,0.0,0.0,0.0,1.0,19.0,198.7,23561.0,44568.0,24.0,14.6,25.0,30.440000000000005,14.9,33.6,22.0,0.12000000000000002,
2026-03-27T19:21:00,03/27/202607:21,136.35999999999999,0.0,0.0,53.470000000000006,0.0,0.0,0.0,1.0,19.0,198.7,23561.0,44568.0,24.0,14.6,25.0,30.440000000000005,14.875,33.8,20.5,0.11000000000000001,
2026-03-27T19:21:17,03/27/202607:21,136.32,0.0,0.0,53.45,0.0,0.0,0.0,1.0,19.0,198.7,23561.0,44568.0,24.0,14.6,25.0,30.440000000000005,14.85,34.0,19.0,0.1,
2026-03-27T19:22:00,03/27/202607:22,136.2,0.0,0.0,53.44,0.0,0.0,0.0,1.0,19.0,198.7,23561.0,44568.0,24.0,14.6,25.0,30.440000000000005,14.85,34.0,19.0,0.1,
2026-03-27T19:22:17,03/27/202607:22,136.05,0.0,0.0,53.42,0.0,0.0,0.0,1.0,19.0,198.7,23561.0,44568.0,24.0,14.6,25.0,30.440000000000005,14.85,34.0,19.0,0.1,
2026-03-27T19:23:01,03/27/202607:23,135.92,0.0,0.0,53.4,0.0,0.0,0.0,1.0,19.0,198.7,23561.0,44568.0,24.0,14.6,25.0,30.440000000000005,14.85,34.0,19.0,0.1,
2026-03-27T19:23:17,03/27/202607:23,135.75,0.0,0.0,53.379999999999995,0.0,0.0,0.0,1.0,19.0,198.7,23561.0,44568.0,23.9,14.6,25.0,30.440000000000005,14.85,34.0,19.0,0.1,
2026-03-27T19:25:19,03/27/202607:25,135.48999999999998,0.0,0.0,53.35,0.0,0.0,0.0,1.0,19.0,198.7,23561.0,44568.0,24.0,14.6,25.0,30.440000000000005,14.85,34.0,19.0,0.1,
2026-03-27T19:26:00,03/27/202607:26,135.32999999999998,0.0,0.0,53.33,0.0,0.0,0.0,1.0,19.0,198.7,23561.0,44568.0,24.0,14.6,25.0,30.440000000000005,14.85,34.0,19.0,0.1,
2026-03-27T19:26:17,03/27/202607:26,135.12,0.0,0.0,53.3,0.0,0.0,0.0,1.0,19.0,198.7,23561.0,44568.0,24.0,14.6,25.0,30.440000000000005,14.85,34.0,19.0,0.1,
2026-03-27T19:27:00,03/27/202607:27,134.87,0.0,0.0,53.27,0.0,0.0,0.0,1.0,19.0,198.7,23561.0,44568.0,24.0,14.6,25.0,30.440000000000005,14.85,34.0,19.0,0.1,
2026-03-27T19:27:17,03/27/202607:27,134.56,0.0,0.0,53.239999999999995,0.0,0.0,0.0,1.0,19.0,198.7,23561.0,44568.0,24.0,14.6,25.0,30.440000000000005,14.85,34.0,19.0,0.1,
2026-03-27T19:28:00,03/27/202607:28,134.29000000000002,0.0,0.0,53.21,0.0,0.0,0.0,1.0,19.0,198.7,23561.0,44568.0,24.0,14.6,25.0,30.440000000000005,14.85,34.0,19.0,0.1,
2026-03-27T19:28:17,03/27/202607:28,133.95,0.0,0.0,53.17999999999999,0.0,0.0,0.0,1.0,19.0,198.7,23561.0,44568.0,23.9,14.6,25.0,30.440000000000005,14.85,34.0,19.0,0.1,
2026-03-27T19:29:00,03/27/202607:29,133.64000000000001,0.0,0.0,53.160000000000004,0.0,0.0,0.0,1.0,19.0,198.7,23561.0,44568.0,23.9,14.6,25.0,30.440000000000005,14.85,34.0,19.0,0.1,
2026-03-27T19:29:17,03/27/202607:29,133.25,0.0,0.0,53.129999999999995,0.0,0.0,0.0,1.0,19.0,198.7,23561.0,44568.0,24.0,14.569999999999999,25.0,30.440000000000005,14.85,34.0,18.6,0.1,
2026-03-27T19:30:00,03/27/202607:30,132.9,0.0,0.0,53.1,0.0,0.0,0.0,1.0,19.0,198.7,23561.0,44568.0,24.0,14.540000000000001,25.0,30.440000000000005,14.85,34.0,18.2,0.1,
2026-03-27T19:30:17,03/27/202607:30,132.59,0.0,0.0,53.07000000000001,0.0,0.0,0.0,1.0,19.0,198.7,23561.0,44568.0,24.0,14.51,25.0,30.440000000000005,14.863,34.1,17.8,0.1,
2026-03-27T19:31:01,03/27/202607:31,132.28,0.0,0.0,53.04,0.0,0.0,0.0,1.0,19.0,198.7,23561.0,44568.0,24.0,14.48,25.0,30.440000000000005,14.876,34.2,17.4,0.1,
2026-03-27T19:31:17,03/27/202607:31,131.95999999999998,0.0,0.0,53.02,0.0,0.0,0.0,1.0,19.0,198.7,23561.0,44568.0,24.0,14.430000000000001,25.0,30.440000000000005,14.844999999999999,34.2,17.8,0.1,
2026-03-27T19:32:00,03/27/202607:32,131.64000000000001,0.0,0.0,53.0,0.0,0.0,0.0,1.0,19.0,198.7,23561.0,44568.0,24.0,14.38,25.0,30.440000000000005,14.813999999999998,34.2,18.2,0.1,
2026-03-27T19:32:16,03/27/202607:32,131.32999999999998,0.0,0.0,52.98,0.0,0.0,0.0,1.0,19.0,198.7,23561.0,44568.0,24.0,14.330000000000002,25.0,30.440000000000005,14.782999999999998,34.2,18.6,0.1,
2026-03-27T19:33:00,03/27/202607:33,131.02,0.0,0.0,52.96,0.0,0.0,0.0,1.0,19.0,198.7,23561.0,44568.0,24.0,14.280000000000001,25.0,30.440000000000005,14.751999999999999,34.2,19.0,0.1,
2026-03-27T19:33:17,03/27/202607:33,130.72,0.0,0.0,52.94,0.0,0.0,0.0,1.0,19.0,198.7,23561.0,44568.0,24.0,14.23,25.0,30.440000000000005,14.721,34.2,19.4,0.1,
2026-03-27T19:34:00,03/27/202607:34,130.42000000000002,0.0,0.0,52.92,0.0,0.0,0.0,1.0,19.0,198.7,23561.0,44568.0,24.0,14.180000000000001,25.0,30.440000000000005,14.690000000000001,34.2,19.8,0.1,
2026-03-27T19:34:17,03/27/202607:34,130.14000000000001,0.0,0.0,52.9,0.0,0.0,0.0,1.0,19.0,198.7,23561.0,44568.0,24.0,14.16,25.0,30.437,14.659,34.2,20.6,0.1,
2026-03-27T19:35:00,03/27/202607:35,129.85999999999999,0.0,0.0,52.879999999999995,0.0,0.0,0.0,1.0,19.0,198.7,23561.0,44568.0,24.0,14.14,25.0,30.434000000000005,14.628,34.2,21.4,0.1,
2026-03-27T19:36:30,03/27/202607:36,129.47,0.0,0.0,52.86,0.01,0.5286,0.5,1.0,19.0,198.7,23561.0,44568.0,23.9,14.12,25.0,30.431,14.584,34.1,22.2,0.1,
2026-03-27T19:36:45,03/27/202607:36,129.1,0.0,0.0,52.839999999999996,0.01,0.5284,0.5,1.0,19.0,198.7,23561.0,44568.0,24.0,14.1,25.0,30.428000000000004,14.539999999999997,34.0,23.0,0.1,
2026-03-27T19:37:00,03/27/202607:37,128.79000000000002,0.0,0.0,52.82000000000001,0.01,0.5282000000000001,0.5,1.0,19.0,198.7,23561.0,44568.0,24.0,14.1,25.0,30.425,14.539999999999997,34.0,23.0,0.1,
2026-03-27T19:37:45,03/27/202607:37,128.18,0.0,0.0,52.8,0.02,1.056,1.0,1.0,19.0,198.7,23561.0,44568.0,24.0,14.1,25.0,30.422000000000004,14.539999999999997,34.0,23.0,0.1,
2026-03-27T19:38:00,03/27/202607:38,127.62,0.0,0.0,52.779999999999994,0.030000000000000006,1.5834000000000001,1.5,1.0,19.0,198.7,23561.0,44568.0,24.0,14.1,25.0,30.419,14.539999999999997,34.0,23.0,0.1,
2026-03-27T19:38:36,03/27/202607:38,127.22,0.0,0.0,52.75,0.030000000000000006,1.5825000000000002,1.5,1.0,19.0,198.7,23561.0,44568.0,24.0,14.1,25.0,30.416000000000004,14.539999999999997,34.0,23.0,0.1,
2026-03-27T19:39:00,03/27/202607:39,126.88,0.0,0.0,52.720000000000006,0.030000000000000006,1.5816000000000006,1.5,1.0,19.0,198.7,23561.0,44568.0,24.0,14.1,25.0,30.413,14.539999999999997,34.0,23.0,0.1,
2026-03-27T19:39:35,03/27/202607:39,126.38,0.0,0.0,52.69,0.030000000000000006,1.5807000000000002,1.5,1.0,19.0,198.7,23561.0,44568.0,24.0,14.1,25.0,30.410000000000004,14.539999999999997,34.0,23.0,0.1,
2026-03-27T19:40:01,03/27/202607:40,125.94000000000001,0.0,0.0,52.67,0.030000000000000006,1.5801000000000003,1.5,1.0,19.0,198.7,23561.0,44568.0,24.0,14.1,25.0,30.410000000000004,14.539999999999997,34.0,23.0,0.1,
2026-03-27T19:40:36,03/27/202607:40,125.47999999999999,0.0,0.0,52.65,0.030000000000000006,1.5795000000000003,1.5,1.0,19.0,198.7,23561.0,44568.0,24.0,14.1,25.0,30.410000000000004,14.539999999999997,34.0,23.0,0.1,
2026-03-27T19:41:00,03/27/202607:41,125.17999999999999,0.0,0.0,52.64,0.02,1.0528,1.0,1.0,19.0,198.7,23561.0,44568.0,24.0,14.1,25.0,30.410000000000004,14.539999999999997,34.0,23.0,0.1,
2026-03-27T19:41:36,03/27/202607:41,124.67999999999999,0.0,0.0,52.63000000000001,0.02,1.0526000000000002,1.0,1.0,19.0,198.7,23561.0,44568.0,24.0,14.1,25.0,30.410000000000004,14.539999999999997,34.0,23.0,0.1,
2026-03-27T19:42:00,03/27/202607:42,124.17999999999999,0.0,0.0,52.620000000000005,0.02,1.0524,1.0,1.0,19.0,198.7,23561.0,44568.0,24.0,14.1,25.0,30.410000000000004,14.539999999999997,34.0,23.0,0.1,
2026-03-27T19:42:35,03/27/202607:42,123.99000000000001,0.0,0.0,52.61,0.01,0.5261,0.5,1.0,19.0,198.7,23561.0,44568.0,24.0,14.1,25.0,30.410000000000004,14.539999999999997,34.0,23.0,0.1,
2026-03-27T19:43:01,03/27/202607:43,123.8,0.0,0.0,52.6,0.0,0.0,0.0,1.0,19.0,198.7,23561.0,44568.0,24.0,14.1,25.0,30.410000000000004,14.539999999999997,34.0,23.0,0.1,
2026-03-27T19:43:35,03/27/202607:43,122.96,0.0,0.0,52.589999999999996,0.0,0.0,0.0,1.0,19.0,198.7,23561.0,44568.0,24.0,14.1,25.0,30.410000000000004,14.539999999999997,34.0,23.0,0.1,
2026-03-27T19:44:00,03/27/202607:44,122.12,0.0,0.0,52.58,0.0,0.0,0.0,1.0,19.0,198.7,23561.0,44568.0,24.0,14.1,25.0,30.410000000000004,14.539999999999997,34.0,23.0,0.1,
2026-03-27T19:44:36,03/27/202607:44,121.75,0.0,0.0,52.57000000000001,0.0,0.0,0.0,1.0,19.0,198.7,23561.0,44568.0,24.0,14.1,25.0,30.410000000000004,14.539999999999997,34.0,23.0,0.1,
2026-03-27T19:45:00,03/27/202607:45,121.38,0.0,0.0,52.56,0.0,0.0,0.0,1.0,19.0,198.7,23561.0,44568.0,24.0,14.1,25.0,30.410000000000004,14.539999999999997,34.0,23.0,0.1,
2026-03-27T19:45:36,03/27/202607:45,120.02000000000001,0.0,0.0,52.55,0.0,0.0,0.0,1.0,19.0,198.7,23561.0,44568.0,24.0,14.1,25.0,30.410000000000004,14.539999999999997,34.0,23.0,0.1,
2026-03-27T19:46:00,03/27/202607:46,118.66,0.0,0.0,52.54,0.0,0.0,0.0,1.0,19.0,198.7,23561.0,44568.0,24.0,14.1,25.0,30.410000000000004,14.539999999999997,34.0,23.0,0.1,
2026-03-27T19:47:42,03/27/202607:47,116.53,0.0,0.0,52.52,0.0,0.0,0.0,1.0,19.0,198.7,23561.0,44568.0,24.0,14.080000000000002,25.1,30.413,14.570999999999998,34.0,21.0,0.09,
2026-03-27T19:48:00,03/27/202607:48,114.4,0.0,0.0,52.5,0.0,0.0,0.0,1.0,19.0,198.7,23561.0,44568.0,24.0,14.059999999999999,25.2,30.416000000000004,14.601999999999999,34.0,19.0,0.08,
2026-03-27T19:48:36,03/27/202607:48,112.75,0.0,0.0,52.48,0.0,0.0,0.0,1.0,19.0,198.7,23561.0,44568.0,24.0,14.040000000000001,25.3,30.419,14.633,34.0,17.0,0.07,
2026-03-27T19:49:01,03/27/202607:49,111.1,0.0,0.0,52.46,0.0,0.0,0.0,1.0,19.0,198.7,23561.0,44568.0,24.0,14.02,25.4,30.422000000000004,14.663999999999998,34.0,15.0,0.06000000000000001,
2026-03-27T19:49:36,03/27/202607:49,104.66,0.0,0.0,52.44,0.0,0.0,0.0,1.0,19.0,198.7,23561.0,44568.0,24.0,14.0,25.5,30.425,14.694999999999999,34.0,13.0,0.05,
2026-03-27T19:50:01,03/27/202607:50,98.22,0.0,0.0,52.42,0.0,0.0,0.0,1.0,19.0,198.7,23561.0,44568.0,24.0,13.98,25.6,30.428000000000004,14.725999999999999,34.0,11.0,0.04,
2026-03-27T19:51:01,03/27/202607:51,91.47,0.0,0.0,52.4,0.0,0.0,0.0,1.0,19.0,198.7,23561.0,44568.0,24.0,13.959999999999999,25.7,30.431,14.757,34.0,9.0,0.030000000000000006,
2026-03-27T19:52:01,03/27/202607:52,84.72,0.0,0.0,52.379999999999995,0.0,0.0,0.0,1.0,19.0,198.7,23561.0,44568.0,24.0,13.940000000000001,25.8,30.434000000000005,14.788,34.0,7.0,0.02,
2026-03-27T19:52:36,03/27/202607:52,78.97,0.0,0.0,52.36,0.0,0.0,0.0,1.0,19.0,198.7,23561.0,44568.0,24.0,13.919999999999998,25.9,30.437,14.818999999999999,34.0,5.0,0.01,
2026-03-27T19:53:01,03/27/202607:53,73.22,0.0,0.0,52.339999999999996,0.0,0.0,0.0,1.0,19.0,198.7,23561.0,44568.0,24.0,13.9,26.0,30.440000000000005,14.85,34.0,3.0,0.0,
2026-03-27T19:54:01,03/27/202607:54,68.42,0.0,0.0,52.33,0.0,0.0,0.0,1.0,19.0,198.7,23561.0,44568.0,24.0,13.9,26.0,30.440000000000005,14.85,34.0,3.0,0.0,
2026-03-27T19:54:36,03/27/202607:54,63.61,0.0,0.0,52.31999999999999,0.0,0.0,0.0,1.0,19.0,198.7,23561.0,44568.0,24.0,13.9,26.0,30.440000000000005,14.85,34.0,3.0,0.0,
2026-03-27T19:55:01,03/27/202607:55,58.31,0.0,0.0,52.31,0.0,0.0,0.0,1.0,19.0,198.7,23561.0,44568.0,24.0,13.9,26.0,30.440000000000005,14.85,34.0,3.0,0.0,
2026-03-27T19:55:36,03/27/202607:55,53.02,0.0,0.0,52.29,0.0,0.0,0.0,1.0,19.0,198.7,23561.0,44568.0,24.0,13.9,26.0,30.440000000000005,14.85,34.0,3.0,0.0,
2026-03-27T19:55:48,03/27/202607:55,53.0,0.0,0.0,52.279999999999994,0.0,0.0,0.0,1.0,19.0,198.7,23561.0,44568.0,24.0,13.9,26.0,30.440000000000005,14.85,34.0,3.0,0.0,
2026-03-27T19:56:53,03/27/202607:56,52.98,0.0,0.0,52.27,0.0,0.0,0.0,1.0,19.0,198.7,23561.0,44568.0,24.0,13.9,26.0,30.440000000000005,14.85,34.0,3.0,0.0,
2026-03-27T19:57:00,03/27/202607:57,52.96,0.0,0.0,52.260000000000005,0.0,0.0,0.0,1.0,19.0,198.7,23561.0,44568.0,24.0,13.9,26.0,30.440000000000005,14.85,34.0,3.0,0.0,
2026-03-27T19:58:54,03/27/202607:58,52.95,0.0,0.0,52.25,0.0,0.0,0.0,1.0,19.0,198.7,23561.0,44568.0,24.0,13.9,26.0,30.440000000000005,14.85,34.0,3.0,0.0,
2026-03-27T19:59:01,03/27/202607:59,52.95,0.0,0.0,52.239999999999995,0.0,0.0,0.0,1.0,19.0,198.7,23561.0,44568.0,24.0,13.9,26.0,30.440000000000005,14.85,34.0,3.0,0.0,
2026-03-27T20:00:01,03/27/202608:00,52.95,0.0,0.0,52.220000000000006,0.0,0.0,0.0,1.0,19.0,198.7,23561.0,44568.0,24.0,13.9,26.0,30.440000000000005,14.85,34.0,3.0,0.0,
2026-03-27T20:01:00,03/27/202608:01,52.95,0.0,0.0,52.2,0.0,0.0,0.0,1.0,19.0,198.7,23561.0,44568.0,24.0,13.9,26.0,30.440000000000005,14.85,34.0,3.0,0.0,
2026-03-27T20:01:33,03/27/202608:01,52.9,0.0,0.0,52.19,0.0,0.0,0.0,1.0,19.0,198.7,23561.0,44568.0,24.0,13.89,26.0,30.440000000000005,14.769,34.0,2.7,0.0,
2026-03-27T20:02:01,03/27/202608:02,52.85,0.0,0.0,52.18000000000001,0.0,0.0,0.0,1.0,19.0,198.7,23561.0,44568.0,24.0,13.88,26.0,30.440000000000005,14.687999999999999,34.0,2.4,0.0,
2026-03-27T20:02:32,03/27/202608:02,52.2,0.0,0.0,52.17,0.0,0.0,0.0,1.0,19.0,198.7,23561.0,44568.0,24.0,13.870000000000001,26.0,30.440000000000005,14.607,34.0,2.1,0.0,
2026-03-27T20:03:00,03/27/202608:03,51.56,0.0,0.0,52.160000000000004,0.0,0.0,0.0,1.0,19.0,198.7,23561.0,44568.0,24.0,13.86,26.0,30.440000000000005,14.526,34.0,1.8,0.0,
2026-03-27T20:03:33,03/27/202608:03,50.44,0.0,0.0,52.15,0.0,0.0,0.0,1.0,19.0,198.7,23561.0,44568.0,24.0,13.85,26.0,30.440000000000005,14.444999999999999,34.0,1.5,0.0,
2026-03-27T20:04:01,03/27/202608:04,49.32,0.0,0.0,52.14,0.0,0.0,0.0,1.0,19.0,198.7,23561.0,44568.0,24.0,13.84,26.0,30.440000000000005,14.363999999999999,34.0,1.2,0.0,
2026-03-27T20:04:32,03/27/202608:04,47.739999999999995,0.0,0.0,52.13000000000001,0.0,0.0,0.0,1.0,19.0,198.7,23561.0,44568.0,24.0,13.830000000000002,26.0,30.440000000000005,14.282999999999998,34.0,0.9,0.0,
2026-03-27T20:05:01,03/27/202608:05,46.160000000000004,0.0,0.0,52.120000000000005,0.0,0.0,0.0,1.0,19.0,198.7,23561.0,44568.0,24.0,13.820000000000002,26.0,30.440000000000005,14.201999999999998,34.0,0.6,0.0,
2026-03-27T20:05:33,03/27/202608:05,44.17,0.0,0.0,52.120000000000005,0.0,0.0,0.0,1.0,19.0,198.7,23561.0,44568.0,24.0,13.809999999999999,26.0,30.440000000000005,14.120999999999999,34.0,0.3,0.0,
2026-03-27T20:06:00,03/27/202608:06,42.18,0.0,0.0,52.120000000000005,0.0,0.0,0.0,1.0,19.0,198.7,23561.0,44568.0,24.0,13.8,26.0,30.440000000000005,14.039999999999997,34.0,0.0,0.0,
2026-03-27T20:06:33,03/27/202608:06,39.9,0.0,0.0,52.11,0.0,0.0,0.0,1.0,19.0,198.7,23561.0,44568.0,24.0,13.8,26.0,30.440000000000005,14.039999999999997,34.0,0.0,0.0,
2026-03-27T20:07:00,03/27/202608:07,37.620000000000005,0.0,0.0,52.1,0.0,0.0,0.0,1.0,19.0,198.7,23561.0,44568.0,24.0,13.8,26.0,30.440000000000005,14.039999999999997,34.0,0.0,0.0,
2026-03-27T20:07:33,03/27/202608:07,35.64,0.0,0.0,52.1,0.0,0.0,0.0,1.0,19.0,198.7,23561.0,44568.0,24.0,13.8,26.0,30.440000000000005,14.039999999999997,34.0,0.0,0.0,
2026-03-27T20:08:01,03/27/202608:08,33.660000000000004,0.0,0.0,52.1,0.0,0.0,0.0,1.0,19.0,198.7,23561.0,44568.0,24.0,13.8,26.0,30.440000000000005,14.039999999999997,34.0,0.0,0.0,
2026-03-27T20:08:33,03/27/202608:08,31.940000000000005,0.0,0.0,52.1,0.0,0.0,0.0,1.0,19.0,198.7,23561.0,44568.0,24.0,13.8,26.0,30.440000000000005,14.039999999999997,34.0,0.0,0.0,
2026-03-27T20:10:06,03/27/202608:10,30.1,0.0,0.0,52.089999999999996,0.0,0.0,0.0,1.0,19.0,198.7,23561.0,44568.0,24.0,13.8,26.0,30.440000000000005,14.039999999999997,34.0,0.0,0.0,
2026-03-27T20:10:32,03/27/202608:10,28.65,0.0,0.0,52.089999999999996,0.0,0.0,0.0,1.0,19.0,198.7,23561.0,44568.0,24.0,13.8,26.0,30.440000000000005,14.039999999999997,34.0,0.0,0.0,
2026-03-27T20:10:56,03/27/202608:10,27.18,0.0,0.0,52.089999999999996,0.0,0.0,0.0,1.0,19.0,198.7,23561.0,44568.0,24.0,13.8,26.0,30.440000000000005,14.039999999999997,34.0,0.0,0.0,
2026-03-27T20:11:01,03/27/202608:11,26.119999999999997,0.0,0.0,52.089999999999996,0.0,0.0,0.0,1.0,19.0,198.7,23561.0,44568.0,24.0,13.8,26.0,30.440000000000005,14.039999999999997,34.0,0.0,0.0,
2026-03-27T20:11:54,03/27/202608:11,25.02,0.0,0.0,52.08,0.0,0.0,0.0,1.0,19.0,198.7,23561.0,44568.0,24.0,13.8,26.0,30.440000000000005,14.039999999999997,34.0,0.0,0.0,
2026-03-27T20:12:00,03/27/202608:12,24.27,0.0,0.0,52.07000000000001,0.0,0.0,0.0,1.0,19.0,198.7,23561.0,44568.0,24.0,13.8,26.0,30.440000000000005,14.039999999999997,34.0,0.0,0.0,
2026-03-27T20:12:55,03/27/202608:12,23.490000000000002,0.0,0.0,52.06,0.0,0.0,0.0,1.0,19.0,198.7,23561.0,44568.0,24.0,13.8,26.0,30.440000000000005,14.039999999999997,34.0,0.0,0.0,
2026-03-27T20:13:00,03/27/202608:13,23.0,0.0,0.0,52.05,0.0,0.0,0.0,1.0,19.0,198.7,23561.0,44568.0,24.0,13.8,26.0,30.440000000000005,14.039999999999997,34.0,0.0,0.0,
2026-03-27T20:13:55,03/27/202608:13,22.490000000000002,0.0,0.0,52.04,0.0,0.0,0.0,1.0,19.0,198.7,23561.0,44568.0,24.0,13.8,26.0,30.440000000000005,14.039999999999997,34.0,0.0,0.0,
2026-03-27T20:14:00,03/27/202608:14,22.2,0.0,0.0,52.029999999999994,0.0,0.0,0.0,1.0,19.0,198.7,23561.0,44568.0,24.0,13.8,26.0,30.440000000000005,14.039999999999997,34.0,0.0,0.0,
2026-03-27T20:14:55,03/27/202608:14,22.009999999999998,0.0,0.0,52.029999999999994,0.0,0.0,0.0,1.0,19.0,198.7,23561.0,44568.0,24.0,13.8,26.0,30.440000000000005,14.039999999999997,34.0,0.0,0.0,
2026-03-27T20:15:01,03/27/202608:15,21.880000000000003,0.0,0.0,52.02,0.0,0.0,0.0,1.0,19.0,198.7,23561.0,44568.0,24.0,13.8,26.0,30.440000000000005,14.039999999999997,34.0,0.0,0.0,
2026-03-27T20:15:54,03/27/202608:15,21.75,0.0,0.0,52.010000000000005,0.0,0.0,0.0,1.0,19.0,198.7,23561.0,44568.0,24.0,13.790000000000001,26.0,30.440000000000005,13.922,34.1,0.0,0.0,
2026-03-27T20:16:00,03/27/202608:16,21.619999999999997,0.0,0.0,52.0,0.0,0.0,0.0,1.0,19.0,198.7,23561.0,44568.0,24.0,13.780000000000001,26.0,30.440000000000005,13.803999999999998,34.2,0.0,0.0,
2026-03-27T20:16:54,03/27/202608:16,21.52,0.0,0.0,52.0,0.0,0.0,0.0,1.0,19.0,198.7,23561.0,44568.0,24.1,13.77,26.0,30.440000000000005,13.685999999999998,34.3,0.0,0.0,
2026-03-27T20:17:00,03/27/202608:17,21.419999999999998,0.0,0.0,52.0,0.0,0.0,0.0,1.0,19.0,198.7,23561.0,44568.0,24.1,13.76,26.0,30.440000000000005,13.568000000000001,34.4,0.0,0.0,
2026-03-27T20:18:00,03/27/202608:18,21.35,0.0,0.0,52.0,0.0,0.0,0.0,1.0,19.0,198.7,23561.0,44568.0,24.0,13.75,26.0,30.440000000000005,13.45,34.5,0.0,0.0,
2026-03-27T20:18:56,03/27/202608:18,21.27,0.0,0.0,52.0,0.0,0.0,0.0,1.0,19.0,198.7,23561.0,44568.0,24.0,13.74,26.0,30.440000000000005,13.331999999999999,34.6,0.0,0.0,
2026-03-27T20:19:01,03/27/202608:19,21.21,0.0,0.0,52.0,0.0,0.0,0.0,1.0,19.0,198.7,23561.0,44568.0,24.0,13.73,26.0,30.440000000000005,13.213999999999999,34.7,0.0,0.0,
2026-03-27T20:21:17,03/27/202608:21,21.14,0.0,0.0,52.0,0.0,0.0,0.0,1.0,19.0,198.7,23561.0,44568.0,24.0,13.63,26.0,30.440000000000005,13.022,34.7,0.0,0.0,
2026-03-27T20:21:34,03/27/202608:21,21.080000000000002,0.0,0.0,52.0,0.0,0.0,0.0,1.0,19.0,198.7,23561.0,44568.0,24.0,13.530000000000001,26.0,30.440000000000005,12.829999999999998,34.7,0.0,0.0,
2026-03-27T20:22:00,03/27/202608:22,21.02,0.0,0.0,52.0,0.0,0.0,0.0,1.0,19.0,198.7,23561.0,44568.0,24.0,13.430000000000001,26.0,30.440000000000005,12.638,34.7,0.0,0.0,
2026-03-27T20:23:00,03/27/202608:23,20.98,0.0,0.0,51.989999999999995,0.0,0.0,0.0,1.0,19.0,198.7,23561.0,44568.0,24.0,13.34,26.0,30.440000000000005,12.563999999999998,34.6,0.0,0.0,
2026-03-27T20:24:00,03/27/202608:24,20.94,0.0,0.0,51.989999999999995,0.0,0.0,0.0,1.0,19.0,198.7,23561.0,44568.0,24.0,13.25,26.0,30.440000000000005,12.489999999999998,34.5,0.0,0.0,
2026-03-27T20:24:33,03/27/202608:24,20.9,0.0,0.0,51.989999999999995,0.0,0.0,0.0,1.0,19.0,198.7,23561.0,44568.0,24.0,13.16,26.0,30.440000000000005,12.416,34.4,0.0,0.0,
2026-03-27T20:25:00,03/27/202608:25,20.86,0.0,0.0,51.989999999999995,0.0,0.0,0.0,1.0,19.0,198.7,23561.0,44568.0,24.0,13.069999999999999,26.0,30.440000000000005,12.341999999999999,34.3,0.0,0.0,
2026-03-27T20:26:00,03/27/202608:26,20.82,0.0,0.0,51.98,0.0,0.0,0.0,1.0,19.0,198.7,23561.0,44568.0,24.0,12.98,26.0,30.440000000000005,12.267999999999999,34.2,0.0,0.0,
2026-03-27T20:27:00,03/27/202608:27,20.79,0.0,0.0,51.970000000000006,0.0,0.0,0.0,1.0,19.0,198.7,23561.0,44568.0,24.0,12.89,26.0,30.440000000000005,12.193999999999999,34.1,0.0,0.0,
2026-03-27T20:28:00,03/27/202608:28,20.759999999999998,0.0,0.0,51.96,0.0,0.0,0.0,1.0,19.0,198.7,23561.0,44568.0,24.0,12.8,26.0,30.440000000000005,12.12,34.0,0.0,0.0,
2026-03-27T20:29:00,03/27/202608:29,20.740000000000002,0.0,0.0,51.95,0.0,0.0,0.0,1.0,19.0,198.7,23561.0,44568.0,24.0,12.8,26.0,30.440000000000005,12.12,34.0,0.0,0.0,
2026-03-27T20:30:00,03/27/202608:30,20.73,0.0,0.0,51.94,0.0,0.0,0.0,1.0,19.0,198.7,23561.0,44568.0,24.0,12.8,26.0,30.440000000000005,12.12,34.0,0.0,0.0,
2026-03-27T20:31:00,03/27/202608:31,20.72,0.0,0.0,51.92999999999999,0.0,0.0,0.0,1.0,19.0,198.7,23561.0,44568.0,24.0,12.77,26.1,30.440000000000005,12.069999999999999,33.6,0.0,0.0,
2026-03-27T20:32:27,03/27/202608:32,20.71,0.0,0.0,51.92999999999999,0.0,0.0,0.0,1.0,19.0,198.7,23561.0,44568.0,24.0,12.74,26.2,30.440000000000005,12.02,33.2,0.0,0.0,
2026-03-27T20:33:00,03/27/202608:33,20.69,0.0,0.0,51.92999999999999,0.0,0.0,0.0,1.0,19.0,198.7,23561.0,44568.0,24.0,12.71,26.3,30.440000000000005,11.969999999999999,32.8,0.0,0.0,
2026-03-27T20:34:01,03/27/202608:34,20.68,0.0,0.0,51.92,0.0,0.0,0.0,1.0,19.0,198.7,23561.0,44568.0,24.0,12.680000000000001,26.4,30.440000000000005,11.919999999999998,32.4,0.0,0.0,
2026-03-27T20:35:00,03/27/202608:35,20.669999999999998,0.0,0.0,51.910000000000004,0.0,0.0,0.0,1.0,19.0,198.7,23561.0,44568.0,24.0,12.65,26.5,30.440000000000005,11.87,32.0,0.0,0.0,
2026-03-27T20:36:00,03/27/202608:36,20.66,0.0,0.0,51.910000000000004,0.0,0.0,0.0,1.0,19.0,198.7,23561.0,44568.0,24.0,12.620000000000001,26.6,30.440000000000005,11.819999999999999,31.6,0.0,0.0,
2026-03-27T20:37:01,03/27/202608:37,20.65,0.0,0.0,51.92,0.0,0.0,0.0,1.0,19.0,198.7,23561.0,44568.0,24.0,12.59,26.7,30.440000000000005,11.77,31.2,0.0,0.0,
2026-03-27T20:37:51,03/27/202608:37,20.65,0.0,0.0,51.92,0.0,0.0,0.0,1.0,19.0,198.7,23561.0,44568.0,24.0,12.559999999999999,26.8,30.440000000000005,11.719999999999999,30.8,0.0,0.0,
2026-03-27T20:38:01,03/27/202608:38,20.65,0.0,0.0,51.92,0.0,0.0,0.0,1.0,19.0,198.7,23561.0,44568.0,24.0,12.53,26.9,30.440000000000005,11.669999999999998,30.4,0.0,0.0,
2026-03-27T20:38:50,03/27/202608:38,20.64,0.0,0.0,51.92,0.0,0.0,0.0,1.0,19.0,198.7,23561.0,44568.0,24.0,12.5,27.0,30.440000000000005,11.62,30.0,0.0,0.0,
2026-03-27T20:39:01,03/27/202608:39,20.630000000000003,0.0,0.0,51.92,0.0,0.0,0.0,1.0,19.0,198.7,23561.0,44568.0,24.0,12.5,27.0,30.440000000000005,11.62,30.0,0.0,0.0,
2026-03-27T20:40:01,03/27/202608:40,20.62,0.0,0.0,51.92,0.0,0.0,0.0,1.0,19.0,198.7,23561.0,44568.0,24.0,12.5,27.0,30.440000000000005,11.62,30.0,0.0,0.0,
2026-03-27T20:41:01,03/27/202608:41,20.62,0.0,0.0,51.910000000000004,0.0,0.0,0.0,1.0,19.0,198.7,23561.0,44568.0,24.0,12.5,27.0,30.440000000000005,11.62,30.0,0.0,0.0,
2026-03-27T20:42:01,03/27/202608:42,20.62,0.0,0.0,51.910000000000004,0.0,0.0,0.0,1.0,19.0,198.7,23561.0,44568.0,24.0,12.5,27.0,30.440000000000005,11.62,30.0,0.0,0.0,
2026-03-27T20:43:39,03/27/202608:43,20.62,0.0,0.0,51.910000000000004,0.0,0.0,0.0,1.0,19.0,198.7,23561.0,44568.0,24.0,12.5,27.0,30.440000000000005,11.62,30.0,0.0,0.0,
2026-03-27T20:44:00,03/27/202608:44,20.62,0.0,0.0,51.9,0.0,0.0,0.0,1.0,19.0,198.7,23561.0,44568.0,24.0,12.5,27.0,30.440000000000005,11.62,30.0,0.0,0.0,
2026-03-27T20:45:01,03/27/202608:45,20.62,0.0,0.0,51.89,0.0,0.0,0.0,1.0,19.0,198.7,23561.0,44568.0,24.0,12.5,27.0,30.440000000000005,11.62,30.0,0.0,0.0,
2026-03-27T20:46:01,03/27/202608:46,20.610000000000003,0.0,0.0,51.879999999999995,0.0,0.0,0.0,1.0,19.0,198.7,23561.0,44568.0,24.0,12.48,27.0,30.440000000000005,11.538999999999998,30.0,0.0,0.0,
2026-03-27T20:47:00,03/27/202608:47,20.6,0.0,0.0,51.879999999999995,0.0,0.0,0.0,1.0,19.0,198.7,23561.0,44568.0,24.0,12.459999999999999,27.0,30.440000000000005,11.458,30.0,0.0,0.0,
2026-03-27T20:48:01,03/27/202608:48,20.6,0.0,0.0,51.879999999999995,0.0,0.0,0.0,1.0,19.0,198.7,23561.0,44568.0,24.0,12.440000000000001,27.0,30.440000000000005,11.376999999999999,30.0,0.0,0.0,
2026-03-27T20:49:01,03/27/202608:49,20.6,0.0,0.0,51.879999999999995,0.0,0.0,0.0,1.0,19.0,198.7,23561.0,44568.0,24.0,12.42,27.0,30.440000000000005,11.296,30.0,0.0,0.0,
2026-03-27T20:50:00,03/27/202608:50,20.6,0.0,0.0,51.879999999999995,0.0,0.0,0.0,1.0,19.0,198.7,23561.0,44568.0,24.0,12.4,27.0,30.440000000000005,11.215,30.0,0.0,0.0,
2026-03-27T20:50:27,03/27/202608:50,20.59,0.0,0.0,51.879999999999995,0.0,0.0,0.0,1.0,19.0,198.7,23561.0,44568.0,24.0,12.38,27.0,30.440000000000005,11.134,30.0,0.0,0.0,
2026-03-27T20:51:01,03/27/202608:51,20.580000000000002,0.0,0.0,51.879999999999995,0.0,0.0,0.0,1.0,19.0,198.7,23561.0,44568.0,24.0,12.360000000000001,27.0,30.440000000000005,11.053,30.0,0.0,0.0,
2026-03-27T20:51:26,03/27/202608:51,20.580000000000002,0.0,0.0,51.879999999999995,0.0,0.0,0.0,1.0,19.0,198.7,23561.0,44568.0,24.0,12.34,27.0,30.440000000000005,10.972,30.0,0.0,0.0,
2026-03-27T20:52:01,03/27/202608:52,20.580000000000002,0.0,0.0,51.89,0.0,0.0,0.0,1.0,19.0,198.7,23561.0,44568.0,24.0,12.32,27.0,30.440000000000005,10.891,30.0,0.0,0.0,
2026-03-27T20:53:00,03/27/202608:53,20.580000000000002,0.0,0.0,51.89,0.0,0.0,0.0,1.0,19.0,198.7,23561.0,44568.0,24.0,12.3,27.0,30.440000000000005,10.81,30.0,0.0,0.0,
2026-03-27T20:54:51,03/27/202608:54,20.580000000000002,0.0,0.0,51.9,0.0,0.0,0.0,1.0,19.0,198.7,23561.0,44568.0,24.0,12.3,27.0,30.440000000000005,10.81,30.0,0.0,0.0,
2026-03-27T20:55:01,03/27/202608:55,20.580000000000002,0.0,0.0,51.9,0.0,0.0,0.0,1.0,19.0,198.7,23561.0,44568.0,24.0,12.3,27.0,30.440000000000005,10.81,30.0,0.0,0.0,
2026-03-27T20:55:27,03/27/202608:55,20.57,0.0,0.0,51.9,0.0,0.0,0.0,1.0,19.0,198.7,23561.0,44568.0,24.0,12.3,27.0,30.440000000000005,10.81,30.0,0.0,0.0,
2026-03-27T20:56:01,03/27/202608:56,20.560000000000002,0.0,0.0,51.9,0.0,0.0,0.0,1.0,19.0,198.7,23561.0,44568.0,24.0,12.3,27.0,30.440000000000005,10.81,30.0,0.0,0.0,
2026-03-27T20:57:00,03/27/202608:57,20.55,0.0,0.0,51.9,0.0,0.0,0.0,1.0,19.0,198.7,23561.0,44568.0,24.0,12.3,27.0,30.440000000000005,10.81,30.0,0.0,0.0,
2026-03-27T20:57:27,03/27/202608:57,20.560000000000002,0.0,0.0,51.910000000000004,0.0,0.0,0.0,1.0,19.0,198.7,23561.0,44568.0,24.0,12.3,27.0,30.440000000000005,10.81,30.0,0.0,0.0,
2026-03-27T20:58:01,03/27/202608:58,20.57,0.0,0.0,51.92,0.0,0.0,0.0,1.0,19.0,198.7,23561.0,44568.0,24.0,12.3,27.0,30.440000000000005,10.81,30.0,0.0,0.0,
2026-03-27T20:59:00,03/27/202608:59,20.57,0.0,0.0,51.92,0.0,0.0,0.0,1.0,19.0,198.7,23561.0,44568.0,24.0,12.3,27.0,30.440000000000005,10.81,30.0,0.0,0.0,
2026-03-27T21:00:00,03/27/202609:00,20.57,0.0,0.0,51.92,0.0,0.0,0.0,1.0,19.0,198.7,23561.0,44568.0,24.0,12.3,27.0,30.443,10.81,30.0,0.0,0.0,
2026-03-27T21:01:00,03/27/202609:01,20.57,0.0,0.0,51.92,0.0,0.0,0.0,1.0,19.0,198.7,23561.0,44568.0,24.0,12.3,26.9,30.446000000000005,10.773,30.1,0.0,0.0,
2026-03-27T21:02:00,03/27/202609:02,20.57,0.0,0.0,51.910000000000004,0.0,0.0,0.0,1.0,19.0,198.7,23561.0,44568.0,24.0,12.3,26.8,30.449,10.736,30.2,0.0,0.0,
2026-03-27T21:03:00,03/27/202609:03,20.57,0.0,0.0,51.910000000000004,0.0,0.0,0.0,1.0,19.0,198.7,23561.0,44568.0,24.0,12.3,26.7,30.451999999999998,10.699000000000002,30.3,0.0,0.0,
2026-03-27T21:04:01,03/27/202609:04,20.580000000000002,0.0,0.0,51.9,0.0,0.0,0.0,1.0,19.0,198.7,23561.0,44568.0,24.0,12.3,26.6,30.455000000000002,10.662,30.4,0.0,0.0,
2026-03-27T21:06:03,03/27/202609:06,20.59,0.0,0.0,51.9,0.0,0.0,0.0,1.0,19.0,198.7,23561.0,44568.0,24.0,12.3,26.5,30.458,10.625,30.5,0.0,0.0,
2026-03-27T21:07:00,03/27/202609:07,20.6,0.0,0.0,51.89,0.0,0.0,0.0,1.0,19.0,198.7,23561.0,44568.0,24.0,12.3,26.4,30.461000000000002,10.588,30.6,0.0,0.0,
2026-03-27T21:08:00,03/27/202609:08,20.6,0.0,0.0,51.86999999999999,0.0,0.0,0.0,1.0,19.0,198.7,23561.0,44568.0,24.0,12.3,26.3,30.464,10.550999999999998,30.7,0.0,0.0,
2026-03-27T21:08:45,03/27/202609:08,20.59,0.0,0.0,51.85,0.0,0.0,0.0,1.0,19.0,198.7,23561.0,44568.0,24.0,12.3,26.2,30.467000000000002,10.514,30.8,0.0,0.0,
2026-03-27T21:09:01,03/27/202609:09,20.580000000000002,0.0,0.0,51.839999999999996,0.0,0.0,0.0,1.0,19.0,198.7,23561.0,44568.0,24.0,12.3,26.1,30.47,10.477,30.9,0.0,0.0,
2026-03-27T21:09:45,03/27/202609:09,20.580000000000002,0.0,0.0,51.839999999999996,0.0,0.0,0.0,1.0,19.0,198.7,23561.0,44568.0,24.0,12.3,26.0,30.47,10.44,31.0,0.0,0.0,
2026-03-27T21:10:01,03/27/202609:10,20.580000000000002,0.0,0.0,51.839999999999996,0.0,0.0,0.0,1.0,19.0,198.7,23561.0,44568.0,24.0,12.3,26.0,30.47,10.44,31.0,0.0,0.0,
2026-03-27T21:11:00,03/27/202609:11,20.580000000000002,0.0,0.0,51.839999999999996,0.0,0.0,0.0,1.0,19.0,198.7,23561.0,44568.0,24.0,12.3,26.0,30.47,10.44,31.0,0.0,0.0,
2026-03-27T21:12:00,03/27/202609:12,20.580000000000002,0.0,0.0,51.839999999999996,0.0,0.0,0.0,1.0,19.0,198.7,23561.0,44568.0,24.0,12.3,26.0,30.47,10.44,31.0,0.0,0.0,
2026-03-27T21:12:23,03/27/202609:12,20.57,0.0,0.0,51.85,0.0,0.0,0.0,1.0,19.0,198.7,23561.0,44568.0,24.0,12.3,26.0,30.47,10.44,31.0,0.0,0.0,
2026-03-27T21:13:01,03/27/202609:13,20.560000000000002,0.0,0.0,51.85,0.0,0.0,0.0,1.0,19.0,198.7,23561.0,44568.0,24.0,12.3,26.0,30.47,10.44,31.0,0.0,0.0,
2026-03-27T21:13:23,03/27/202609:13,20.560000000000002,0.0,0.0,51.86,0.0,0.0,0.0,1.0,19.0,198.7,23561.0,44568.0,24.0,12.3,26.0,30.47,10.44,31.0,0.0,0.0,
2026-03-27T21:14:00,03/27/202609:14,20.560000000000002,0.0,0.0,51.86999999999999,0.0,0.0,0.0,1.0,19.0,198.7,23561.0,44568.0,24.0,12.3,26.0,30.47,10.44,31.0,0.0,0.0,
2026-03-27T21:15:00,03/27/202609:15,20.57,0.0,0.0,51.86999999999999,0.0,0.0,0.0,1.0,19.0,198.7,23561.0,44568.0,24.0,12.3,26.0,30.47,10.44,31.0,0.0,0.0,
2026-03-27T21:17:27,03/27/202609:17,20.57,0.0,0.0,51.86999999999999,0.0,0.0,0.0,1.0,19.0,198.7,23561.0,44568.0,24.0,12.31,26.0,30.47,10.415,31.2,0.0,0.0,
2026-03-27T21:18:00,03/27/202609:18,20.560000000000002,0.0,0.0,51.86,0.0,0.0,0.0,1.0,19.0,198.7,23561.0,44568.0,24.0,12.32,26.0,30.47,10.389999999999999,31.4,0.0,0.0,
2026-03-27T21:19:00,03/27/202609:19,20.55,0.0,0.0,51.86,0.0,0.0,0.0,1.0,19.0,198.7,23561.0,44568.0,24.0,12.330000000000002,26.0,30.47,10.364999999999998,31.6,0.0,0.0,
2026-03-27T21:19:27,03/27/202609:19,20.55,0.0,0.0,51.86999999999999,0.0,0.0,0.0,1.0,19.0,198.7,23561.0,44568.0,24.0,12.34,26.0,30.47,10.34,31.8,0.0,0.0,
2026-03-27T21:20:00,03/27/202609:20,20.55,0.0,0.0,51.86999999999999,0.0,0.0,0.0,1.0,19.0,198.7,23561.0,44568.0,24.0,12.35,26.0,30.47,10.315,32.0,0.0,0.0,
2026-03-27T21:20:27,03/27/202609:20,20.55,0.0,0.0,51.86999999999999,0.0,0.0,0.0,1.0,19.0,198.7,23561.0,44568.0,24.0,12.360000000000001,26.0,30.47,10.29,32.2,0.0,0.0,
2026-03-27T21:21:01,03/27/202609:21,20.55,0.0,0.0,51.86999999999999,0.0,0.0,0.0,1.0,19.0,198.7,23561.0,44568.0,24.0,12.370000000000001,26.0,30.47,10.264999999999999,32.4,0.0,0.0,
2026-03-27T21:21:27,03/27/202609:21,20.55,0.0,0.0,51.86,0.0,0.0,0.0,1.0,19.0,198.7,23561.0,44568.0,24.0,12.38,26.0,30.47,10.239999999999998,32.6,0.0,0.0,
2026-03-27T21:22:00,03/27/202609:22,20.55,0.0,0.0,51.85,0.0,0.0,0.0,1.0,19.0,198.7,23561.0,44568.0,24.0,12.39,26.0,30.47,10.215,32.8,0.0,0.0,
2026-03-27T21:23:00,03/27/202609:23,20.55,0.0,0.0,51.86,0.0,0.0,0.0,1.0,19.0,198.7,23561.0,44568.0,24.0,12.4,26.0,30.47,10.19,33.0,0.0,0.0,
2026-03-27T21:24:00,03/27/202609:24,20.560000000000002,0.0,0.0,51.86999999999999,0.0,0.0,0.0,1.0,19.0,198.7,23561.0,44568.0,24.0,12.4,26.0,30.47,10.19,33.0,0.0,0.0,
2026-03-27T21:25:00,03/27/202609:25,20.57,0.0,0.0,51.879999999999995,0.0,0.0,0.0,1.0,19.0,198.7,23561.0,44568.0,24.0,12.4,26.0,30.47,10.19,33.0,0.0,0.0,
2026-03-27T21:26:00,03/27/202609:26,20.580000000000002,0.0,0.0,51.879999999999995,0.0,0.0,0.0,1.0,19.0,198.7,23561.0,44568.0,24.0,12.4,26.0,30.47,10.19,33.0,0.0,0.0,
2026-03-27T21:27:01,03/27/202609:27,20.580000000000002,0.0,0.0,51.86999999999999,0.0,0.0,0.0,1.0,19.0,198.7,23561.0,44568.0,24.0,12.4,26.0,30.47,10.19,33.0,0.0,0.0,
2026-03-27T21:28:26,03/27/202609:28,20.580000000000002,0.0,0.0,51.86,0.0,0.0,0.0,1.0,19.0,198.7,23561.0,44568.0,24.0,12.42,26.0,30.47,10.078,33.5,0.0,0.0,
2026-03-27T21:29:00,03/27/202609:29,20.59,0.0,0.0,51.85,0.0,0.0,0.0,1.0,19.0,198.7,23561.0,44568.0,24.0,12.440000000000001,26.0,30.47,9.966,34.0,0.0,0.0,
2026-03-27T21:30:00,03/27/202609:30,20.6,0.0,0.0,51.85,0.0,0.0,0.0,1.0,19.0,198.7,23561.0,44568.0,24.0,12.459999999999999,26.0,30.47,9.854,34.5,0.0,0.0,
2026-03-27T21:30:26,03/27/202609:30,20.59,0.0,0.0,51.85,0.0,0.0,0.0,1.0,19.0,198.7,23561.0,44568.0,24.0,12.5,26.1,30.473000000000003,9.817,34.7,0.0,0.0,
2026-03-27T21:31:00,03/27/202609:31,20.580000000000002,0.0,0.0,51.85,0.0,0.0,0.0,1.0,19.0,198.7,23561.0,44568.0,24.0,12.540000000000001,26.2,30.476,9.78,34.9,0.0,0.0,
2026-03-27T21:31:27,03/27/202609:31,20.580000000000002,0.0,0.0,51.85,0.0,0.0,0.0,1.0,19.0,198.7,23561.0,44568.0,24.0,12.58,26.3,30.478999999999996,9.743,35.1,0.0,0.0,
2026-03-27T21:32:00,03/27/202609:32,20.580000000000002,0.0,0.0,51.85,0.0,0.0,0.0,1.0,19.0,198.7,23561.0,44568.0,24.0,12.620000000000001,26.4,30.482,9.706,35.3,0.0,0.0,
2026-03-27T21:33:01,03/27/202609:33,20.580000000000002,0.0,0.0,51.839999999999996,0.0,0.0,0.0,1.0,19.0,198.7,23561.0,44568.0,24.0,12.66,26.5,30.482,9.669,35.5,0.0,0.0,
2026-03-27T21:33:26,03/27/202609:33,20.57,0.0,0.0,51.83,0.0,0.0,0.0,1.0,19.0,198.7,23561.0,44568.0,24.0,12.7,26.5,30.482,9.632000000000001,35.7,0.0,0.0,
2026-03-27T21:34:00,03/27/202609:34,20.560000000000002,0.0,0.0,51.83,0.0,0.0,0.0,1.0,19.0,198.7,23561.0,44568.0,24.0,12.74,26.5,30.482,9.595,35.9,0.0,0.0,
2026-03-27T21:34:26,03/27/202609:34,20.560000000000002,0.0,0.0,51.839999999999996,0.0,0.0,0.0,1.0,19.0,198.7,23561.0,44568.0,24.0,12.760000000000002,26.5,30.482,9.67,35.6,0.0,0.0,
2026-03-27T21:35:00,03/27/202609:35,20.560000000000002,0.0,0.0,51.85,0.0,0.0,0.0,1.0,19.0,198.7,23561.0,44568.0,24.0,12.780000000000001,26.5,30.482,9.745000000000001,35.3,0.0,0.0,
2026-03-27T21:35:26,03/27/202609:35,20.55,0.0,0.0,51.839999999999996,0.0,0.0,0.0,1.0,19.0,198.7,23561.0,44568.0,24.0,12.8,26.5,30.482,9.82,35.0,0.0,0.0,
2026-03-27T21:36:00,03/27/202609:36,20.55,0.0,0.0,51.839999999999996,0.0,0.0,0.0,1.0,19.0,198.7,23561.0,44568.0,24.0,12.8,26.4,30.478999999999996,9.82,35.0,0.0,0.0,
2026-03-27T21:36:26,03/27/202609:36,20.560000000000002,0.0,0.0,51.839999999999996,0.0,0.0,0.0,1.0,19.0,198.7,23561.0,44568.0,24.0,12.8,26.3,30.476,9.82,35.0,0.0,0.0,
2026-03-27T21:37:00,03/27/202609:37,20.560000000000002,0.0,0.0,51.83,0.0,0.0,0.0,1.0,19.0,198.7,23561.0,44568.0,24.0,12.8,26.2,30.473000000000003,9.82,35.0,0.0,0.0,
2026-03-27T21:38:00,03/27/202609:38,20.560000000000002,0.0,0.0,51.81999999999999,0.0,0.0,0.0,1.0,19.0,198.7,23561.0,44568.0,24.0,12.8,26.1,30.47,9.82,35.0,0.0,0.0,
2026-03-27T21:39:38,03/27/202609:39,20.55,0.0,0.0,51.81999999999999,0.0,0.0,0.0,1.0,19.0,198.7,23561.0,44568.0,24.0,12.8,26.0,30.47,9.82,35.0,0.0,0.0,
2026-03-27T21:40:00,03/27/202609:40,20.55,0.0,0.0,51.81999999999999,0.0,0.0,0.0,1.0,19.0,198.7,23561.0,44568.0,24.0,12.8,26.0,30.47,9.82,35.0,0.0,0.0,
2026-03-27T21:41:00,03/27/202609:41,20.55,0.0,0.0,51.81999999999999,0.0,0.0,0.0,1.0,19.0,198.7,23561.0,44568.0,24.0,12.8,26.0,30.47,9.82,35.0,0.0,0.0,
2026-03-27T21:41:27,03/27/202609:41,20.55,0.0,0.0,51.81,0.0,0.0,0.0,1.0,19.0,198.7,23561.0,44568.0,24.0,12.8,26.0,30.47,9.82,35.0,0.0,0.0,
2026-03-27T21:42:01,03/27/202609:42,20.55,0.0,0.0,51.8,0.0,0.0,0.0,1.0,19.0,198.7,23561.0,44568.0,24.0,12.8,26.0,30.47,9.82,35.0,0.0,0.0,
2026-03-27T21:42:26,03/27/202609:42,20.55,0.0,0.0,51.8,0.0,0.0,0.0,1.0,19.0,198.7,23561.0,44568.0,24.0,12.8,26.0,30.47,9.82,35.0,0.0,0.0,
2026-03-27T21:43:01,03/27/202609:43,20.55,0.0,0.0,51.8,0.0,0.0,0.0,1.0,19.0,198.7,23561.0,44568.0,24.0,12.8,26.0,30.47,9.82,35.0,0.0,0.0,
2026-03-27T21:43:26,03/27/202609:43,20.55,0.0,0.0,51.8,0.0,0.0,0.0,1.0,19.0,198.7,23561.0,44568.0,24.0,12.8,26.0,30.47,9.82,35.0,0.0,0.0,
2026-03-27T21:44:01,03/27/202609:44,20.55,0.0,0.0,51.8,0.0,0.0,0.0,1.0,19.0,198.7,23561.0,44568.0,24.0,12.8,26.0,30.47,9.82,35.0,0.0,0.0,
2026-03-27T21:44:27,03/27/202609:44,20.54,0.0,0.0,51.8,0.0,0.0,0.0,1.0,19.0,198.7,23561.0,44568.0,24.0,12.8,26.0,30.47,9.82,35.0,0.0,0.0,
2026-03-27T21:44:39,03/27/202609:44,20.55,0.0,0.0,51.81,0.0,0.0,0.0,1.0,19.0,198.7,23561.0,44568.0,24.0,12.8,26.0,30.47,9.82,35.0,0.0,0.0,
2026-03-27T21:45:01,03/27/202609:45,20.560000000000002,0.0,0.0,51.81999999999999,0.0,0.0,0.0,1.0,19.0,198.7,23561.0,44568.0,24.0,12.8,26.0,30.47,9.82,35.0,0.0,0.0,
2026-03-27T21:45:39,03/27/202609:45,20.560000000000002,0.0,0.0,51.81999999999999,0.0,0.0,0.0,1.0,19.0,198.7,23561.0,44568.0,24.0,12.760000000000002,26.0,30.47,9.851,35.0,0.0,0.0,
2026-03-27T21:46:01,03/27/202609:46,20.55,0.0,0.0,51.81999999999999,0.0,0.0,0.0,1.0,19.0,198.7,23561.0,44568.0,24.0,12.72,26.0,30.47,9.882000000000001,35.0,0.0,0.0,
2026-03-27T21:46:39,03/27/202609:46,20.55,0.0,0.0,51.83,0.0,0.0,0.0,1.0,19.0,198.7,23561.0,44568.0,24.0,12.680000000000001,26.0,30.47,9.913,35.0,0.0,0.0,
2026-03-27T21:47:01,03/27/202609:47,20.560000000000002,0.0,0.0,51.839999999999996,0.0,0.0,0.0,1.0,19.0,198.7,23561.0,44568.0,24.0,12.64,26.0,30.47,9.943999999999999,35.0,0.0,0.0,
2026-03-27T21:48:01,03/27/202609:48,20.57,0.0,0.0,51.839999999999996,0.0,0.0,0.0,1.0,19.0,198.7,23561.0,44568.0,24.0,12.6,26.0,30.47,9.975,35.0,0.0,0.0,
2026-03-27T21:49:01,03/27/202609:49,20.57,0.0,0.0,51.839999999999996,0.0,0.0,0.0,1.0,19.0,198.7,23561.0,44568.0,24.0,12.56,26.0,30.47,10.006,35.0,0.0,0.0,
2026-03-27T21:50:50,03/27/202609:50,20.560000000000002,0.0,0.0,51.839999999999996,0.0,0.0,0.0,1.0,19.0,198.7,23561.0,44568.0,24.0,12.52,26.0,30.47,10.037,35.0,0.0,0.0,
2026-03-27T21:51:00,03/27/202609:51,20.560000000000002,0.0,0.0,51.839999999999996,0.0,0.0,0.0,1.0,19.0,198.7,23561.0,44568.0,24.0,12.48,26.0,30.47,10.068000000000001,35.0,0.0,0.0,
2026-03-27T21:52:01,03/27/202609:52,20.55,0.0,0.0,51.83,0.0,0.0,0.0,1.0,19.0,198.7,23561.0,44568.0,24.0,12.440000000000001,26.0,30.47,10.099,35.0,0.0,0.0,
2026-03-27T21:53:00,03/27/202609:53,20.54,0.0,0.0,51.81999999999999,0.0,0.0,0.0,1.0,19.0,198.7,23561.0,44568.0,24.0,12.4,26.0,30.47,10.13,35.0,0.0,0.0,
2026-03-27T21:53:39,03/27/202609:53,20.55,0.0,0.0,51.81999999999999,0.0,0.0,0.0,1.0,19.0,198.7,23561.0,44568.0,24.0,12.4,26.0,30.47,10.13,35.0,0.0,0.0,
2026-03-27T21:54:01,03/27/202609:54,20.560000000000002,0.0,0.0,51.81999999999999,0.0,0.0,0.0,1.0,19.0,198.7,23561.0,44568.0,24.0,12.4,26.0,30.47,10.13,35.0,0.0,0.0,
2026-03-27T21:55:01,03/27/202609:55,20.560000000000002,0.0,0.0,51.81,0.0,0.0,0.0,1.0,19.0,198.7,23561.0,44568.0,24.0,12.4,26.0,30.47,10.13,35.0,0.0,0.0,
2026-03-27T21:56:01,03/27/202609:56,20.560000000000002,0.0,0.0,51.8,0.0,0.0,0.0,1.0,19.0,198.7,23561.0,44568.0,24.0,12.4,26.0,30.47,10.13,35.0,0.0,0.0,
2026-03-27T21:56:39,03/27/202609:56,20.55,0.0,0.0,51.8,0.0,0.0,0.0,1.0,19.0,198.7,23561.0,44568.0,24.0,12.4,26.0,30.47,10.13,35.0,0.0,0.0,
2026-03-27T21:57:00,03/27/202609:57,20.54,0.0,0.0,51.8,0.0,0.0,0.0,1.0,19.0,198.7,23561.0,44568.0,24.0,12.4,26.0,30.47,10.13,35.0,0.0,0.0,
2026-03-27T21:57:39,03/27/202609:57,20.55,0.0,0.0,51.8,0.0,0.0,0.0,1.0,19.0,198.7,23561.0,44568.0,24.0,12.4,26.0,30.47,10.13,35.0,0.0,0.0,
2026-03-27T21:58:01,03/27/202609:58,20.560000000000002,0.0,0.0,51.8,0.0,0.0,0.0,1.0,19.0,198.7,23561.0,44568.0,24.0,12.4,26.0,30.47,10.13,35.0,0.0,0.0,
2026-03-27T21:59:01,03/27/202609:59,20.57,0.0,0.0,51.8,0.0,0.0,0.0,1.0,19.0,198.7,23561.0,44568.0,24.0,12.4,26.0,30.47,10.13,35.0,0.0,0.0,
2026-03-27T22:00:00,03/27/202610:00,20.580000000000002,0.0,0.0,51.8,0.0,0.0,0.0,1.0,19.0,198.7,23561.0,44568.0,24.0,12.4,26.0,30.47,10.13,35.0,0.0,0.0,
2026-03-27T22:02:02,03/27/202610:02,20.580000000000002,0.0,0.0,51.81,0.0,0.0,0.0,1.0,19.0,198.7,23561.0,44568.0,24.0,12.370000000000001,26.0,30.47,10.167,35.3,0.0,0.0,
2026-03-27T22:03:00,03/27/202610:03,20.580000000000002,0.0,0.0,51.81,0.0,0.0,0.0,1.0,19.0,198.7,23561.0,44568.0,24.0,12.34,26.0,30.47,10.204,35.6,0.0,0.0,
2026-03-27T22:03:40,03/27/202610:03,20.57,0.0,0.0,51.81,0.0,0.0,0.0,1.0,19.0,198.7,23561.0,44568.0,24.0,12.309999999999999,26.0,30.47,10.241000000000001,35.9,0.0,0.0,
2026-03-27T22:04:00,03/27/202610:04,20.560000000000002,0.0,0.0,51.81,0.0,0.0,0.0,1.0,19.0,198.7,23561.0,44568.0,24.0,12.28,26.0,30.47,10.278,36.2,0.0,0.0,
2026-03-27T22:04:39,03/27/202610:04,20.57,0.0,0.0,51.81,0.0,0.0,0.0,1.0,19.0,198.7,23561.0,44568.0,24.0,12.25,26.0,30.47,10.315000000000001,36.5,0.0,0.0,
2026-03-27T22:05:00,03/27/202610:05,20.580000000000002,0.0,0.0,51.81,0.0,0.0,0.0,1.0,19.0,198.7,23561.0,44568.0,24.0,12.22,26.0,30.47,10.352,36.8,0.0,0.0,
2026-03-27T22:06:00,03/27/202610:06,20.580000000000002,0.0,0.0,51.81,0.0,0.0,0.0,1.0,19.0,198.7,23561.0,44568.0,24.0,12.190000000000001,26.0,30.47,10.389,37.1,0.0,0.0,
2026-03-27T22:06:40,03/27/202610:06,20.57,0.0,0.0,51.81,0.0,0.0,0.0,1.0,19.0,198.7,23561.0,44568.0,24.0,12.16,26.0,30.47,10.426,37.4,0.0,0.0,
2026-03-27T22:07:00,03/27/202610:07,20.560000000000002,0.0,0.0,51.81,0.0,0.0,0.0,1.0,19.0,198.7,23561.0,44568.0,24.0,12.129999999999999,26.0,30.47,10.463,37.7,0.0,0.0,
2026-03-27T22:08:01,03/27/202610:08,20.55,0.0,0.0,51.81,0.0,0.0,0.0,1.0,19.0,198.7,23561.0,44568.0,24.0,12.1,26.0,30.47,10.5,38.0,0.0,0.0,
2026-03-27T22:08:39,03/27/202610:08,20.55,0.0,0.0,51.8,0.0,0.0,0.0,1.0,19.0,198.7,23561.0,44568.0,24.0,12.1,26.0,30.47,10.5,38.0,0.0,0.0,
2026-03-27T22:09:00,03/27/202610:09,20.55,0.0,0.0,51.8,0.0,0.0,0.0,1.0,19.0,198.7,23561.0,44568.0,24.0,12.1,26.0,30.47,10.5,38.0,0.0,0.0,
2026-03-27T22:10:00,03/27/202610:10,20.560000000000002,0.0,0.0,51.8,0.0,0.0,0.0,1.0,19.0,198.7,23561.0,44568.0,24.0,12.1,26.0,30.47,10.5,38.0,0.0,0.0,
2026-03-27T22:11:00,03/27/202610:11,20.57,0.0,0.0,51.8,0.0,0.0,0.0,1.0,19.0,198.7,23561.0,44568.0,24.0,12.1,26.0,30.47,10.5,38.0,0.0,0.0,
2026-03-27T22:13:15,03/27/202610:13,20.57,0.0,0.0,51.8,0.0,0.0,0.0,1.0,19.0,198.7,23561.0,44568.0,24.0,12.1,26.0,30.47,10.5,38.0,0.0,0.0,
2026-03-27T22:13:18,03/27/202610:13,20.560000000000002,0.0,0.0,51.8,0.0,0.0,0.0,1.0,19.0,198.7,23561.0,44568.0,24.0,12.1,26.0,30.47,10.5,38.0,0.0,0.0,
2026-03-27T22:14:00,03/27/202610:14,20.55,0.0,0.0,51.8,0.0,0.0,0.0,1.0,19.0,198.7,23561.0,44568.0,24.0,12.1,26.0,30.47,10.5,38.0,0.0,0.0,
2026-03-27T22:14:18,03/27/202610:14,20.560000000000002,0.0,0.0,51.8,0.0,0.0,0.0,1.0,19.0,198.7,23561.0,44568.0,24.0,12.1,26.0,30.47,10.5,38.0,0.0,0.0,
2026-03-27T22:15:00,03/27/202610:15,20.57,0.0,0.0,51.8,0.0,0.0,0.0,1.0,19.0,198.7,23561.0,44568.0,24.0,12.1,26.0,30.47,10.5,38.0,0.0,0.0,
2026-03-27T22:16:01,03/27/202610:16,20.580000000000002,0.0,0.0,51.8,0.0,0.0,0.0,1.0,19.0,198.7,23561.0,44568.0,24.0,12.1,26.0,30.47,10.5,38.0,0.0,0.0,
2026-03-27T22:17:01,03/27/202610:17,20.580000000000002,0.0,0.0,51.8,0.0,0.0,0.0,1.0,19.0,198.7,23561.0,44568.0,24.0,12.1,25.9,30.473000000000003,10.581,38.1,0.0,0.0,
2026-03-27T22:18:01,03/27/202610:18,20.580000000000002,0.0,0.0,51.8,0.0,0.0,0.0,1.0,19.0,198.7,23561.0,44568.0,24.0,12.1,25.8,30.476,10.662,38.2,0.0,0.0,
2026-03-27T22:18:18,03/27/202610:18,20.57,0.0,0.0,51.8,0.0,0.0,0.0,1.0,19.0,198.7,23561.0,44568.0,24.0,12.1,25.7,30.478999999999996,10.743,38.3,0.0,0.0,
2026-03-27T22:19:00,03/27/202610:19,20.560000000000002,0.0,0.0,51.8,0.0,0.0,0.0,1.0,19.0,198.7,23561.0,44568.0,24.0,12.1,25.6,30.482,10.824000000000002,38.4,0.0,0.0,
2026-03-27T22:19:18,03/27/202610:19,20.560000000000002,0.0,0.0,51.8,0.0,0.0,0.0,1.0,19.0,198.7,23561.0,44568.0,24.0,12.1,25.5,30.485000000000003,10.905,38.5,0.0,0.0,
2026-03-27T22:20:00,03/27/202610:20,20.57,0.0,0.0,51.8,0.0,0.0,0.0,1.0,19.0,198.7,23561.0,44568.0,24.0,12.1,25.4,30.488,10.986,38.6,0.0,0.0,
2026-03-27T22:20:50,03/27/202610:20,20.57,0.0,0.0,51.8,0.0,0.0,0.0,1.0,19.0,198.7,23561.0,44568.0,24.0,12.1,25.3,30.490999999999996,11.067,38.7,0.0,0.0,
2026-03-27T22:21:00,03/27/202610:21,20.560000000000002,0.0,0.0,51.8,0.0,0.0,0.0,1.0,19.0,198.7,23561.0,44568.0,24.0,12.1,25.2,30.494,11.148,38.8,0.0,0.0,
2026-03-27T22:22:01,03/27/202610:22,20.55,0.0,0.0,51.8,0.0,0.0,0.0,1.0,19.0,198.7,23561.0,44568.0,24.0,12.1,25.1,30.497000000000003,11.229000000000001,38.9,0.0,0.0,
2026-03-27T22:22:50,03/27/202610:22,20.55,0.0,0.0,51.81,0.0,0.0,0.0,1.0,19.0,198.7,23561.0,44568.0,24.0,12.1,25.0,30.5,11.31,39.0,0.0,0.0,
2026-03-27T22:24:26,03/27/202610:24,20.55,0.0,0.0,51.81,0.0,0.0,0.0,1.0,19.0,198.7,23561.0,44568.0,24.0,12.1,25.0,30.5,11.31,39.0,0.0,0.0,
2026-03-27T22:25:01,03/27/202610:25,20.55,0.0,0.0,51.81,0.0,0.0,0.0,1.0,19.0,198.7,23561.0,44568.0,24.0,12.1,25.0,30.5,11.31,39.0,0.0,0.0,
2026-03-27T22:26:01,03/27/202610:26,20.560000000000002,0.0,0.0,51.81,0.0,0.0,0.0,1.0,19.0,198.7,23561.0,44568.0,24.0,12.1,25.0,30.5,11.31,39.0,0.0,0.0,
2026-03-27T22:27:01,03/27/202610:27,20.57,0.0,0.0,51.81,0.0,0.0,0.0,1.0,19.0,198.7,23561.0,44568.0,24.0,12.1,25.0,30.5,11.31,39.0,0.0,0.0,
2026-03-27T22:28:01,03/27/202610:28,20.57,0.0,0.0,51.81,0.0,0.0,0.0,1.0,19.0,198.7,23561.0,44568.0,24.0,12.209999999999999,25.0,30.5,11.558,39.3,0.0,0.0,
2026-03-27T22:29:01,03/27/202610:29,20.57,0.0,0.0,51.81,0.0,0.0,0.0,1.0,19.0,198.7,23561.0,44568.0,24.0,12.319999999999999,25.0,30.5,11.806000000000001,39.6,0.0,0.0,
2026-03-27T22:29:50,03/27/202610:29,20.57,0.0,0.0,51.81,0.0,0.0,0.0,1.0,19.0,198.7,23561.0,44568.0,24.0,12.43,25.0,30.5,12.054,39.9,0.0,0.0,
2026-03-27T22:30:01,03/27/202610:30,20.57,0.0,0.0,51.81,0.0,0.0,0.0,1.0,19.0,198.7,23561.0,44568.0,24.0,12.54,25.0,30.5,12.302,40.2,0.0,0.0,
2026-03-27T22:31:00,03/27/202610:31,20.57,0.0,0.0,51.81,0.0,0.0,0.0,1.0,19.0,198.7,23561.0,44568.0,24.0,12.629999999999999,25.0,30.5,12.613,40.6,0.0,0.0,
2026-03-27T22:32:00,03/27/202610:32,20.560000000000002,0.0,0.0,51.8,0.0,0.0,0.0,1.0,19.0,198.7,23561.0,44568.0,24.0,12.719999999999999,25.0,30.5,12.924000000000001,41.0,0.0,0.0,
2026-03-27T22:33:01,03/27/202610:33,20.55,0.0,0.0,51.8,0.0,0.0,0.0,1.0,19.0,198.7,23561.0,44568.0,24.0,12.809999999999999,24.6,30.497000000000003,13.235,41.4,0.0,0.0,
2026-03-27T22:34:01,03/27/202610:34,20.54,0.0,0.0,51.8,0.0,0.0,0.0,1.0,19.0,198.7,23561.0,44568.0,24.0,12.9,24.2,30.494,13.546000000000001,41.8,0.0,0.0,
2026-03-27T22:35:39,03/27/202610:35,20.54,0.0,0.0,51.8,0.0,0.0,0.0,1.0,19.0,198.7,23561.0,44568.0,24.0,12.99,23.8,30.490999999999996,13.857,42.2,0.0,0.0,
2026-03-27T22:35:51,03/27/202610:35,20.53,0.0,0.0,51.8,0.0,0.0,0.0,1.0,19.0,198.7,23561.0,44568.0,24.0,13.080000000000002,23.4,30.488,14.168000000000001,42.6,0.0,0.0,
2026-03-27T22:36:01,03/27/202610:36,20.52,0.0,0.0,51.8,0.0,0.0,0.0,1.0,19.0,198.7,23561.0,44568.0,24.0,13.059999999999999,23.0,30.485000000000003,14.231,42.7,0.0,0.0,
2026-03-27T22:37:01,03/27/202610:37,20.509999999999998,0.0,0.0,51.8,0.0,0.0,0.0,1.0,19.0,198.7,23561.0,44568.0,24.0,13.040000000000001,22.6,30.482,14.294,42.8,0.0,0.0,
2026-03-27T22:37:50,03/27/202610:37,20.52,0.0,0.0,51.8,0.0,0.0,0.0,1.0,19.0,198.7,23561.0,44568.0,24.0,13.02,22.2,30.478999999999996,14.357,42.9,0.0,0.0,
2026-03-27T22:38:01,03/27/202610:38,20.53,0.0,0.0,51.8,0.0,0.0,0.0,1.0,19.0,198.7,23561.0,44568.0,24.0,13.0,21.8,30.476,14.419999999999998,43.0,0.0,0.0,
2026-03-27T22:39:01,03/27/202610:39,20.54,0.0,0.0,51.8,0.0,0.0,0.0,1.0,19.0,198.7,23561.0,44568.0,24.0,13.0,21.4,30.473000000000003,14.419999999999998,43.0,0.0,0.0,
2026-03-27T22:40:01,03/27/202610:40,20.55,0.0,0.0,51.8,0.0,0.0,0.0,1.0,19.0,198.7,23561.0,44568.0,24.0,13.0,21.0,30.47,14.419999999999998,43.0,0.0,0.0,
2026-03-27T22:40:53,03/27/202610:40,20.55,0.0,0.0,51.8,0.0,0.0,0.0,1.0,19.0,198.7,23561.0,44568.0,24.0,13.0,21.0,30.47,14.419999999999998,43.0,0.0,0.0,
2026-03-27T22:41:01,03/27/202610:41,20.55,0.0,0.0,51.8,0.0,0.0,0.0,1.0,19.0,198.7,23561.0,44568.0,24.0,13.0,21.0,30.47,14.419999999999998,43.0,0.0,0.0,
2026-03-27T22:41:54,03/27/202610:41,20.55,0.0,0.0,51.8,0.0,0.0,0.0,1.0,19.0,198.7,23561.0,44568.0,24.0,13.0,21.0,30.47,14.419999999999998,43.0,0.0,0.0,
2026-03-27T22:42:01,03/27/202610:42,20.560000000000002,0.0,0.0,51.8,0.0,0.0,0.0,1.0,19.0,198.7,23561.0,44568.0,24.0,13.0,21.0,30.47,14.419999999999998,43.0,0.0,0.0,
2026-03-27T22:43:01,03/27/202610:43,20.57,0.0,0.0,51.8,0.0,0.0,0.0,1.0,19.0,198.7,23561.0,44568.0,24.0,13.0,21.0,30.47,14.419999999999998,43.0,0.0,0.0,
2026-03-27T22:43:54,03/27/202610:43,20.57,0.0,0.0,51.8,0.0,0.0,0.0,1.0,19.0,198.7,23561.0,44568.0,24.0,13.0,21.0,30.47,14.419999999999998,43.0,0.0,0.0,
2026-03-27T22:44:01,03/27/202610:44,20.560000000000002,0.0,0.0,51.8,0.0,0.0,0.0,1.0,19.0,198.7,23561.0,44568.0,24.0,13.0,21.0,30.47,14.419999999999998,43.0,0.0,0.0,
2026-03-27T22:44:54,03/27/202610:44,20.560000000000002,0.0,0.0,51.8,0.0,0.0,0.0,1.0,19.0,198.7,23561.0,44568.0,24.0,13.0,21.0,30.47,14.419999999999998,43.0,0.0,0.0,
2026-03-27T22:45:01,03/27/202610:45,20.560000000000002,0.0,0.0,51.8,0.0,0.0,0.0,1.0,19.0,198.7,23561.0,44568.0,24.0,13.0,21.0,30.47,14.419999999999998,43.0,0.0,0.0,
2026-03-27T22:46:49,03/27/202610:46,20.560000000000002,0.0,0.0,51.8,0.0,0.0,0.0,1.0,19.0,198.7,23561.0,44568.0,24.0,13.0,21.0,30.47,14.419999999999998,43.0,0.0,0.0,
2026-03-27T22:46:53,03/27/202610:46,20.560000000000002,0.0,0.0,51.8,0.0,0.0,0.0,1.0,19.0,198.7,23561.0,44568.0,24.0,12.99,20.9,30.47,14.389,43.1,0.0,0.0,
2026-03-27T22:47:01,03/27/202610:47,20.560000000000002,0.0,0.0,51.8,0.0,0.0,0.0,1.0,19.0,198.7,23561.0,44568.0,24.0,12.98,20.8,30.47,14.357999999999999,43.2,0.0,0.0,
2026-03-27T22:47:53,03/27/202610:47,20.560000000000002,0.0,0.0,51.8,0.0,0.0,0.0,1.0,19.0,198.7,23561.0,44568.0,24.0,12.969999999999999,20.7,30.47,14.327000000000002,43.3,0.0,0.0,
2026-03-27T22:48:01,03/27/202610:48,20.560000000000002,0.0,0.0,51.8,0.0,0.0,0.0,1.0,19.0,198.7,23561.0,44568.0,24.0,12.959999999999999,20.6,30.47,14.296000000000001,43.4,0.0,0.0,
2026-03-27T22:49:01,03/27/202610:49,20.560000000000002,0.0,0.0,51.8,0.0,0.0,0.0,1.0,19.0,198.7,23561.0,44568.0,24.0,12.95,20.5,30.47,14.265,43.5,0.0,0.0,
2026-03-27T22:50:00,03/27/202610:50,20.57,0.0,0.0,51.8,0.0,0.0,0.0,1.0,19.0,198.7,23561.0,44568.0,24.0,12.940000000000001,20.4,30.47,14.234,43.6,0.0,0.0,
2026-03-27T22:50:53,03/27/202610:50,20.57,0.0,0.0,51.8,0.0,0.0,0.0,1.0,19.0,198.7,23561.0,44568.0,24.0,12.930000000000001,20.3,30.47,14.203,43.7,0.0,0.0,
2026-03-27T22:51:01,03/27/202610:51,20.560000000000002,0.0,0.0,51.8,0.0,0.0,0.0,1.0,19.0,198.7,23561.0,44568.0,24.0,12.919999999999998,20.2,30.47,14.172,43.8,0.0,0.0,
2026-03-27T22:51:54,03/27/202610:51,20.560000000000002,0.0,0.0,51.79,0.0,0.0,0.0,1.0,19.0,198.7,23561.0,44568.0,24.0,12.91,20.1,30.47,14.141,43.9,0.0,0.0,
2026-03-27T22:52:01,03/27/202610:52,20.560000000000002,0.0,0.0,51.779999999999994,0.0,0.0,0.0,1.0,19.0,198.7,23561.0,44568.0,24.0,12.9,20.0,30.47,14.11,44.0,0.0,0.0,
2026-03-27T22:52:54,03/27/202610:52,20.560000000000002,0.0,0.0,51.779999999999994,0.0,0.0,0.0,1.0,19.0,198.7,23561.0,44568.0,24.0,12.9,20.0,30.47,14.11,44.0,0.0,0.0,
2026-03-27T22:53:01,03/27/202610:53,20.560000000000002,0.0,0.0,51.779999999999994,0.0,0.0,0.0,1.0,19.0,198.7,23561.0,44568.0,24.0,12.9,20.0,30.47,14.11,44.0,0.0,0.0,
2026-03-27T22:53:54,03/27/202610:53,20.560000000000002,0.0,0.0,51.779999999999994,0.0,0.0,0.0,1.0,19.0,198.7,23561.0,44568.0,24.0,12.9,20.0,30.47,14.11,44.0,0.0,0.0,
2026-03-27T22:54:00,03/27/202610:54,20.560000000000002,0.0,0.0,51.779999999999994,0.0,0.0,0.0,1.0,19.0,198.7,23561.0,44568.0,24.0,12.9,20.0,30.47,14.11,44.0,0.0,0.0,
2026-03-27T22:55:00,03/27/202610:55,20.560000000000002,0.0,0.0,51.779999999999994,0.0,0.0,0.0,1.0,19.0,198.7,23561.0,44568.0,24.0,12.9,20.0,30.47,14.11,44.0,0.0,0.0,
2026-03-27T22:56:01,03/27/202610:56,20.560000000000002,0.0,0.0,51.779999999999994,0.0,0.0,0.0,1.0,19.0,198.7,23561.0,44568.0,24.0,12.9,20.0,30.47,14.11,44.0,0.0,0.0,
2026-03-27T22:58:02,03/27/202610:58,20.57,0.0,0.0,51.77,0.0,0.0,0.0,1.0,19.0,198.7,23561.0,44568.0,24.0,12.9,20.0,30.47,14.11,44.0,0.0,0.0,
2026-03-27T22:58:54,03/27/202610:58,20.57,0.0,0.0,51.77,0.0,0.0,0.0,1.0,19.0,198.7,23561.0,44568.0,24.0,12.9,20.0,30.47,14.11,44.0,0.0,0.0,
2026-03-27T22:59:01,03/27/202610:59,20.560000000000002,0.0,0.0,51.779999999999994,0.0,0.0,0.0,1.0,19.0,198.7,23561.0,44568.0,24.0,12.9,20.0,30.47,14.11,44.0,0.0,0.0,
2026-03-27T23:00:01,03/27/202611:00,20.55,0.0,0.0,51.779999999999994,0.0,0.0,0.0,1.0,19.0,198.7,23561.0,44568.0,24.0,12.9,20.0,30.47,14.11,44.0,0.0,0.0,
2026-03-27T23:01:01,03/27/202611:01,20.55,0.0,0.0,51.779999999999994,0.0,0.0,0.0,1.0,19.0,198.7,23561.0,44568.0,23.9,12.88,19.9,30.47,14.029,44.1,0.0,0.0,
2026-03-27T23:01:54,03/27/202611:01,20.560000000000002,0.0,0.0,51.779999999999994,0.0,0.0,0.0,1.0,19.0,198.7,23561.0,44568.0,24.0,12.86,19.8,30.47,13.947999999999999,44.2,0.0,0.0,
2026-03-27T23:02:01,03/27/202611:02,20.560000000000002,0.0,0.0,51.779999999999994,0.0,0.0,0.0,1.0,19.0,198.7,23561.0,44568.0,24.0,12.84,19.7,30.47,13.866999999999999,44.3,0.0,0.0,
2026-03-27T23:03:01,03/27/202611:03,20.560000000000002,0.0,0.0,51.779999999999994,0.0,0.0,0.0,1.0,19.0,198.7,23561.0,44568.0,24.0,12.819999999999999,19.6,30.47,13.786000000000001,44.4,0.0,0.0,
2026-03-27T23:03:54,03/27/202611:03,20.55,0.0,0.0,51.779999999999994,0.0,0.0,0.0,1.0,19.0,198.7,23561.0,44568.0,24.0,12.8,19.5,30.47,13.705000000000002,44.5,0.0,0.0,
2026-03-27T23:04:01,03/27/202611:04,20.54,0.0,0.0,51.779999999999994,0.0,0.0,0.0,1.0,19.0,198.7,23561.0,44568.0,24.0,12.78,19.4,30.47,13.624,44.6,0.0,0.0,
2026-03-27T23:04:53,03/27/202611:04,20.54,0.0,0.0,51.79,0.0,0.0,0.0,1.0,19.0,198.7,23561.0,44568.0,24.0,12.76,19.3,30.47,13.543000000000001,44.7,0.0,0.0,
2026-03-27T23:05:00,03/27/202611:05,20.55,0.0,0.0,51.79,0.0,0.0,0.0,1.0,19.0,198.7,23561.0,44568.0,24.0,12.739999999999998,19.2,30.47,13.462,44.8,0.0,0.0,
2026-03-27T23:05:54,03/27/202611:05,20.55,0.0,0.0,51.779999999999994,0.0,0.0,0.0,1.0,19.0,198.7,23561.0,44568.0,24.0,12.719999999999999,19.1,30.47,13.381,44.9,0.0,0.0,
2026-03-27T23:06:00,03/27/202611:06,20.55,0.0,0.0,51.779999999999994,0.0,0.0,0.0,1.0,19.0,198.7,23561.0,44568.0,24.0,12.7,19.0,30.47,13.3,45.0,0.0,0.0,
2026-03-27T23:06:54,03/27/202611:06,20.560000000000002,0.0,0.0,51.779999999999994,0.0,0.0,0.0,1.0,19.0,198.7,23561.0,44568.0,24.0,12.7,19.0,30.47,13.3,45.0,0.0,0.0,
2026-03-27T23:07:01,03/27/202611:07,20.560000000000002,0.0,0.0,51.779999999999994,0.0,0.0,0.0,1.0,19.0,198.7,23561.0,44568.0,24.0,12.7,19.0,30.47,13.3,45.0,0.0,0.0,
2026-03-27T23:09:13,03/27/202611:09,20.560000000000002,0.0,0.0,51.77,0.0,0.0,0.0,1.0,19.0,198.7,23561.0,44568.0,23.9,12.7,19.0,30.47,13.3,45.0,0.0,0.0,
2026-03-27T23:09:55,03/27/202611:09,20.55,0.0,0.0,51.760000000000005,0.0,0.0,0.0,1.0,19.0,198.7,23561.0,44568.0,24.0,12.7,19.0,30.47,13.3,45.0,0.0,0.0,
2026-03-27T23:10:01,03/27/202611:10,20.55,0.0,0.0,51.75,0.0,0.0,0.0,1.0,19.0,198.7,23561.0,44568.0,24.0,12.7,19.0,30.47,13.3,45.0,0.0,0.0,
2026-03-27T23:10:54,03/27/202611:10,20.560000000000002,0.0,0.0,51.75,0.0,0.0,0.0,1.0,19.0,198.7,23561.0,44568.0,23.9,12.7,19.0,30.47,13.3,45.0,0.0,0.0,
2026-03-27T23:11:00,03/27/202611:11,20.560000000000002,0.0,0.0,51.75,0.0,0.0,0.0,1.0,19.0,198.7,23561.0,44568.0,23.9,12.7,19.0,30.47,13.3,45.0,0.0,0.0,
2026-03-27T23:11:54,03/27/202611:11,20.55,0.0,0.0,51.75,0.0,0.0,0.0,1.0,19.0,198.7,23561.0,44568.0,24.0,12.7,19.0,30.47,13.3,45.0,0.0,0.0,
2026-03-27T23:12:00,03/27/202611:12,20.55,0.0,0.0,51.760000000000005,0.0,0.0,0.0,1.0,19.0,198.7,23561.0,44568.0,24.0,12.7,19.0,30.47,13.3,45.0,0.0,0.0,
2026-03-27T23:12:55,03/27/202611:12,20.560000000000002,0.0,0.0,51.760000000000005,0.0,0.0,0.0,1.0,19.0,198.7,23561.0,44568.0,24.0,12.7,19.0,30.47,13.3,45.0,0.0,0.0,
2026-03-27T23:13:01,03/27/202611:13,20.560000000000002,0.0,0.0,51.75,0.0,0.0,0.0,1.0,19.0,198.7,23561.0,44568.0,24.0,12.7,19.0,30.47,13.3,45.0,0.0,0.0,
2026-03-27T23:14:23,03/27/202611:14,20.560000000000002,0.0,0.0,51.739999999999995,0.0,0.0,0.0,1.0,19.0,198.7,23561.0,44568.0,24.0,12.7,19.0,30.47,13.3,45.0,0.0,0.0,
2026-03-27T23:15:00,03/27/202611:15,20.560000000000002,0.0,0.0,51.739999999999995,0.0,0.0,0.0,1.0,19.0,198.7,23561.0,44568.0,24.0,12.7,19.0,30.47,13.3,45.0,0.0,0.0,
2026-03-27T23:15:22,03/27/202611:15,20.560000000000002,0.0,0.0,51.75,0.0,0.0,0.0,1.0,19.0,198.7,23561.0,44568.0,23.9,12.7,19.0,30.47,13.3,45.0,0.0,0.0,
2026-03-27T23:16:01,03/27/202611:16,20.560000000000002,0.0,0.0,51.760000000000005,0.0,0.0,0.0,1.0,19.0,198.7,23561.0,44568.0,23.9,12.7,19.0,30.47,13.3,45.0,0.0,0.0,
2026-03-27T23:16:22,03/27/202611:16,20.560000000000002,0.0,0.0,51.760000000000005,0.0,0.0,0.0,1.0,19.0,198.7,23561.0,44568.0,23.9,12.7,19.0,30.47,13.3,45.0,0.0,0.0,
2026-03-27T23:17:01,03/27/202611:17,20.560000000000002,0.0,0.0,51.760000000000005,0.0,0.0,0.0,1.0,19.0,198.7,23561.0,44568.0,23.9,12.7,19.0,30.47,13.3,45.0,0.0,0.0,
2026-03-27T23:18:01,03/27/202611:18,20.57,0.0,0.0,51.760000000000005,0.0,0.0,0.0,1.0,19.0,198.7,23561.0,44568.0,24.0,12.7,19.0,30.47,13.3,45.0,0.0,0.0,
2026-03-27T23:20:22,03/27/202611:20,20.580000000000002,0.0,0.0,51.760000000000005,0.0,0.0,0.0,1.0,19.0,198.7,23561.0,44568.0,23.9,12.7,19.0,30.47,13.3,45.0,0.0,0.0,
2026-03-27T23:21:00,03/27/202611:21,20.580000000000002,0.0,0.0,51.77,0.0,0.0,0.0,1.0,19.0,198.7,23561.0,44568.0,23.9,12.7,19.0,30.47,13.3,45.0,0.0,0.0,
2026-03-27T23:22:00,03/27/202611:22,20.580000000000002,0.0,0.0,51.77,0.0,0.0,0.0,1.0,19.0,198.7,23561.0,44568.0,24.0,12.7,19.0,30.47,13.3,45.0,0.0,0.0,
2026-03-27T23:23:00,03/27/202611:23,20.580000000000002,0.0,0.0,51.779999999999994,0.0,0.0,0.0,1.0,19.0,198.7,23561.0,44568.0,23.9,12.7,19.0,30.47,13.3,45.0,0.0,0.0,
2026-03-27T23:24:00,03/27/202611:24,20.580000000000002,0.0,0.0,51.779999999999994,0.0,0.0,0.0,1.0,19.0,198.7,23561.0,44568.0,23.9,12.7,19.0,30.47,13.3,45.0,0.0,0.0,
2026-03-27T23:25:27,03/27/202611:25,20.59,0.0,0.0,51.77,0.0,0.0,0.0,1.0,19.0,198.7,23561.0,44568.0,23.9,12.7,19.0,30.47,13.3,45.0,0.0,0.0,
2026-03-27T23:26:00,03/27/202611:26,20.6,0.0,0.0,51.760000000000005,0.0,0.0,0.0,1.0,19.0,198.7,23561.0,44568.0,23.9,12.7,19.0,30.47,13.3,45.0,0.0,0.0,
2026-03-27T23:27:00,03/27/202611:27,20.6,0.0,0.0,51.75,0.0,0.0,0.0,1.0,19.0,198.7,23561.0,44568.0,23.9,12.7,19.0,30.47,13.3,45.0,0.0,0.0,
2026-03-27T23:28:00,03/27/202611:28,20.6,0.0,0.0,51.75,0.0,0.0,0.0,1.0,19.0,198.7,23561.0,44568.0,23.9,12.7,19.0,30.47,13.3,45.0,0.0,0.0,
2026-03-27T23:28:27,03/27/202611:28,20.59,0.0,0.0,51.739999999999995,0.0,0.0,0.0,1.0,19.0,198.7,23561.0,44568.0,24.0,12.69,19.0,30.47,13.269,44.6,0.0,0.0,
2026-03-27T23:29:00,03/27/202611:29,20.580000000000002,0.0,0.0,51.73,0.0,0.0,0.0,1.0,19.0,198.7,23561.0,44568.0,24.0,12.68,19.0,30.47,13.238,44.2,0.0,0.0,
2026-03-27T23:29:27,03/27/202611:29,20.580000000000002,0.0,0.0,51.720000000000006,0.0,0.0,0.0,1.0,19.0,198.7,23561.0,44568.0,23.9,12.669999999999998,19.0,30.47,13.206999999999999,43.8,0.0,0.0,
2026-03-27T23:30:00,03/27/202611:30,20.580000000000002,0.0,0.0,51.720000000000006,0.0,0.0,0.0,1.0,19.0,198.7,23561.0,44568.0,23.9,12.66,19.0,30.47,13.175999999999998,43.4,0.0,0.0,
2026-03-27T23:33:59,03/27/202611:33,20.580000000000002,0.0,0.0,51.71,0.0,0.0,0.0,1.0,19.0,198.7,23561.0,44568.0,23.9,12.62,19.0,30.47,13.151,42.7,0.0,0.0,
2026-03-27T23:34:00,03/27/202611:34,20.580000000000002,0.0,0.0,51.71,0.0,0.0,0.0,1.0,19.0,198.7,23561.0,44568.0,23.9,12.58,19.0,30.47,13.126,42.0,0.0,0.0,
2026-03-27T23:34:27,03/27/202611:34,20.57,0.0,0.0,51.71,0.0,0.0,0.0,1.0,19.0,198.7,23561.0,44568.0,23.9,12.540000000000001,19.1,30.47,13.100999999999999,41.3,0.0,0.0,
2026-03-27T23:35:00,03/27/202611:35,20.560000000000002,0.0,0.0,51.71,0.0,0.0,0.0,1.0,19.0,198.7,23561.0,44568.0,23.9,12.5,19.2,30.47,13.075999999999999,40.6,0.0,0.0,
2026-03-27T23:35:26,03/27/202611:35,20.560000000000002,0.0,0.0,51.71,0.0,0.0,0.0,1.0,19.0,198.7,23561.0,44568.0,24.0,12.459999999999999,19.3,30.47,13.050999999999998,39.9,0.0,0.0,
2026-03-27T23:36:00,03/27/202611:36,20.560000000000002,0.0,0.0,51.7,0.0,0.0,0.0,1.0,19.0,198.7,23561.0,44568.0,24.0,12.42,19.4,30.47,13.026,39.2,0.0,0.0,
2026-03-27T23:36:27,03/27/202611:36,20.560000000000002,0.0,0.0,51.7,0.0,0.0,0.0,1.0,19.0,198.7,23561.0,44568.0,23.9,12.39,19.5,30.47,13.032,38.9,0.0,0.0,
2026-03-27T23:37:00,03/27/202611:37,20.560000000000002,0.0,0.0,51.7,0.0,0.0,0.0,1.0,19.0,198.7,23561.0,44568.0,23.9,12.360000000000001,19.6,30.47,13.038,38.6,0.0,0.0,
2026-03-27T23:37:27,03/27/202611:37,20.560000000000002,0.0,0.0,51.7,0.0,0.0,0.0,1.0,19.0,198.7,23561.0,44568.0,23.9,12.330000000000002,19.7,30.47,13.044,38.3,0.0,0.0,
2026-03-27T23:38:00,03/27/202611:38,20.560000000000002,0.0,0.0,51.7,0.0,0.0,0.0,1.0,19.0,198.7,23561.0,44568.0,23.9,12.3,19.8,30.47,13.05,38.0,0.0,0.0,
2026-03-27T23:39:00,03/27/202611:39,20.560000000000002,0.0,0.0,51.71,0.0,0.0,0.0,1.0,19.0,198.7,23561.0,44568.0,23.9,12.3,19.9,30.47,13.05,38.0,0.0,0.0,
2026-03-27T23:39:26,03/27/202611:39,20.55,0.0,0.0,51.71,0.0,0.0,0.0,1.0,19.0,198.7,23561.0,44568.0,23.9,12.3,20.0,30.47,13.05,38.0,0.0,0.0,
2026-03-27T23:40:00,03/27/202611:40,20.55,0.0,0.0,51.71,0.0,0.0,0.0,1.0,19.0,198.7,23561.0,44568.0,23.9,12.3,20.0,30.47,13.05,38.0,0.0,0.0,
2026-03-27T23:40:27,03/27/202611:40,20.560000000000002,0.0,0.0,51.71,0.0,0.0,0.0,1.0,19.0,198.7,23561.0,44568.0,23.9,12.3,20.0,30.47,13.05,38.0,0.0,0.0,
2026-03-27T23:41:00,03/27/202611:41,20.560000000000002,0.0,0.0,51.71,0.0,0.0,0.0,1.0,19.0,198.7,23561.0,44568.0,23.9,12.3,20.0,30.47,13.05,38.0,0.0,0.0,
2026-03-27T23:42:00,03/27/202611:42,20.560000000000002,0.0,0.0,51.71,0.0,0.0,0.0,1.0,19.0,198.7,23561.0,44568.0,23.9,12.3,20.0,30.47,13.05,38.0,0.0,0.0,
2026-03-27T23:43:00,03/27/202611:43,20.57,0.0,0.0,51.720000000000006,0.0,0.0,0.0,1.0,19.0,198.7,23561.0,44568.0,23.9,12.3,20.0,30.47,13.05,38.0,0.0,0.0,
2026-03-27T23:43:27,03/27/202611:43,20.57,0.0,0.0,51.720000000000006,0.0,0.0,0.0,1.0,19.0,198.7,23561.0,44568.0,23.9,12.3,20.0,30.47,13.05,38.0,0.0,0.0,
2026-03-27T23:45:12,03/27/202611:45,20.57,0.0,0.0,51.720000000000006,0.0,0.0,0.0,1.0,19.0,198.7,23561.0,44568.0,23.9,12.3,20.0,30.47,13.05,38.0,0.0,0.0,
2026-03-27T23:46:00,03/27/202611:46,20.57,0.0,0.0,51.720000000000006,0.0,0.0,0.0,1.0,19.0,198.7,23561.0,44568.0,23.9,12.3,20.0,30.47,13.05,38.0,0.0,0.0,
2026-03-27T23:47:01,03/27/202611:47,20.57,0.0,0.0,51.71,0.0,0.0,0.0,1.0,19.0,198.7,23561.0,44568.0,23.9,12.25,20.0,30.47,13.137,38.6,0.0,0.0,
2026-03-27T23:48:01,03/27/202611:48,20.580000000000002,0.0,0.0,51.71,0.0,0.0,0.0,1.0,19.0,198.7,23561.0,44568.0,23.9,12.2,20.0,30.47,13.224,39.2,0.0,0.0,
2026-03-27T23:49:00,03/27/202611:49,20.59,0.0,0.0,51.71,0.0,0.0,0.0,1.0,19.0,198.7,23561.0,44568.0,23.9,12.15,20.0,30.47,13.311000000000002,39.8,0.0,0.0,
2026-03-27T23:49:26,03/27/202611:49,20.580000000000002,0.0,0.0,51.71,0.0,0.0,0.0,1.0,19.0,198.7,23561.0,44568.0,23.9,12.1,20.0,30.47,13.398000000000001,40.4,0.0,0.0,
2026-03-27T23:50:00,03/27/202611:50,20.57,0.0,0.0,51.71,0.0,0.0,0.0,1.0,19.0,198.7,23561.0,44568.0,23.9,12.05,20.0,30.47,13.485,41.0,0.0,0.0,
2026-03-27T23:51:01,03/27/202611:51,20.560000000000002,0.0,0.0,51.71,0.0,0.0,0.0,1.0,19.0,198.7,23561.0,44568.0,23.9,12.0,20.0,30.47,13.572,41.6,0.0,0.0,
2026-03-27T23:51:27,03/27/202611:51,20.560000000000002,0.0,0.0,51.7,0.0,0.0,0.0,1.0,19.0,198.7,23561.0,44568.0,23.9,11.95,20.0,30.47,13.659,42.2,0.0,0.0,
2026-03-27T23:52:01,03/27/202611:52,20.57,0.0,0.0,51.7,0.0,0.0,0.0,1.0,19.0,198.7,23561.0,44568.0,23.9,11.9,20.0,30.47,13.746,42.8,0.0,0.0,
2026-03-27T23:52:27,03/27/202611:52,20.560000000000002,0.0,0.0,51.7,0.0,0.0,0.0,1.0,19.0,198.7,23561.0,44568.0,23.9,11.85,20.0,30.47,13.833000000000002,43.4,0.0,0.0,
2026-03-27T23:53:00,03/27/202611:53,20.55,0.0,0.0,51.7,0.0,0.0,0.0,1.0,19.0,198.7,23561.0,44568.0,23.9,11.8,20.0,30.47,13.919999999999998,44.0,0.0,0.0,
2026-03-27T23:53:27,03/27/202611:53,20.55,0.0,0.0,51.7,0.0,0.0,0.0,1.0,19.0,198.7,23561.0,44568.0,23.9,11.8,20.0,30.47,13.919999999999998,44.0,0.0,0.0,
2026-03-27T23:54:00,03/27/202611:54,20.55,0.0,0.0,51.7,0.0,0.0,0.0,1.0,19.0,198.7,23561.0,44568.0,23.9,11.8,20.0,30.47,13.919999999999998,44.0,0.0,0.0,
2026-03-27T23:56:21,03/27/202611:56,20.55,0.0,0.0,51.7,0.0,0.0,0.0,1.0,19.0,198.7,23561.0,44568.0,23.9,11.8,20.0,30.47,13.919999999999998,44.0,0.0,0.0,
2026-03-27T23:57:00,03/27/202611:57,20.560000000000002,0.0,0.0,51.7,0.0,0.0,0.0,1.0,19.0,198.7,23561.0,44568.0,23.9,11.8,20.0,30.47,13.919999999999998,44.0,0.0,0.0,
2026-03-27T23:58:01,03/27/202611:58,20.57,0.0,0.0,51.7,0.0,0.0,0.0,1.0,19.0,198.7,23561.0,44568.0,23.9,11.8,20.0,30.47,13.919999999999998,44.0,0.0,0.0,
2026-03-27T23:58:49,03/27/202611:58,20.57,0.0,0.0,51.7,0.0,0.0,0.0,1.0,19.0,198.7,23561.0,44568.0,23.9,11.8,20.0,30.47,13.919999999999998,44.0,0.0,0.0,
2026-03-27T23:59:00,03/27/202611:59,20.560000000000002,0.0,0.0,51.7,0.0,0.0,0.0,1.0,19.0,198.7,23561.0,44568.0,23.9,11.8,20.0,30.47,13.919999999999998,44.0,0.0,0.0,
