timestamp,HMI_Timestamp,PV_Voltage_V,PV_Current_A,PV_Power_W,Battery_Voltage_V,Battery_Current_A,Battery_Power_W,Avg_Power_to_Battery_W,Daily_Energy_kWh,Daily_Charge_Ah,History_Max_Input_Voltage_V,Lifetime_Energy_Gen_kWh,Lifetime_Charge_Ah,Battery_Temp_C,Air_Temp_C,Humidity_pct,Air_Pressure_inHg,Wind_Speed_ms,Wind_Direction_deg,Solar_Irradiance_Wm2,UV_Index,Est_Efficiency
2026-04-05T00:00:00,04/05/202600:00,20.5,0.0,0.0,51.69,0.0,0.0,0.0,1.0,20.0,198.7,23637.0,44714.0,23.8,9.6,58.0,30.24,5.28,348.0,0.0,0.0,
2026-04-05T00:01:00,04/05/202600:01,20.5,0.0,0.0,51.69,0.0,0.0,0.0,0.0,0.0,198.7,23647.0,44734.0,23.8,9.6,58.0,30.24,5.28,348.0,0.0,0.0,
2026-04-05T00:02:00,04/05/202600:02,20.5,0.0,0.0,51.69,0.0,0.0,0.0,0.0,0.0,198.7,23647.0,44734.0,23.8,9.58,58.1,30.24,5.212000000000001,347.8,0.0,0.0,
2026-04-05T00:03:00,04/05/202600:03,20.5,0.0,0.0,51.69,0.0,0.0,0.0,0.0,0.0,198.7,23647.0,44734.0,23.8,9.559999999999999,58.2,30.24,5.144,347.6,0.0,0.0,
2026-04-05T00:04:00,04/05/202600:04,20.5,0.0,0.0,51.69,0.0,0.0,0.0,0.0,0.0,198.7,23647.0,44734.0,23.8,9.540000000000001,58.3,30.24,5.076,347.4,0.0,0.0,
2026-04-05T00:05:00,04/05/202600:05,20.5,0.0,0.0,51.69,0.0,0.0,0.0,0.0,0.0,198.7,23647.0,44734.0,23.8,9.52,58.4,30.24,5.008,347.2,0.0,0.0,
2026-04-05T00:06:00,04/05/202600:06,20.5,0.0,0.0,51.69,0.0,0.0,0.0,0.0,0.0,198.7,23647.0,44734.0,23.8,9.5,58.5,30.24,4.9399999999999995,347.0,0.0,0.0,
2026-04-05T00:07:55,04/05/202600:07,20.5,0.0,0.0,51.69,0.0,0.0,0.0,0.0,0.0,198.7,23647.0,44734.0,23.8,9.48,58.6,30.24,4.872,346.8,0.0,0.0,
2026-04-05T00:08:01,04/05/202600:08,20.5,0.0,0.0,51.69,0.0,0.0,0.0,0.0,0.0,198.7,23647.0,44734.0,23.8,9.459999999999999,58.7,30.24,4.804,346.6,0.0,0.0,
2026-04-05T00:09:01,04/05/202600:09,20.5,0.0,0.0,51.69,0.0,0.0,0.0,0.0,0.0,198.7,23647.0,44734.0,23.8,9.440000000000001,58.8,30.24,4.736,346.4,0.0,0.0,
2026-04-05T00:10:01,04/05/202600:10,20.5,0.0,0.0,51.7,0.0,0.0,0.0,0.0,0.0,198.7,23647.0,44734.0,23.8,9.42,58.9,30.24,4.668,346.2,0.0,0.0,
2026-04-05T00:11:01,04/05/202600:11,20.5,0.0,0.0,51.7,0.0,0.0,0.0,0.0,0.0,198.7,23647.0,44734.0,23.8,9.4,59.0,30.24,4.6,346.0,0.0,0.0,
2026-04-05T00:12:00,04/05/202600:12,20.5,0.0,0.0,51.7,0.0,0.0,0.0,0.0,0.0,198.7,23647.0,44734.0,23.8,9.4,59.0,30.24,4.6,346.0,0.0,0.0,
2026-04-05T00:13:00,04/05/202600:13,20.5,0.0,0.0,51.7,0.0,0.0,0.0,0.0,0.0,198.7,23647.0,44734.0,23.8,9.4,59.0,30.24,4.6,346.0,0.0,0.0,
2026-04-05T00:14:01,04/05/202600:14,20.5,0.0,0.0,51.7,0.0,0.0,0.0,0.0,0.0,198.7,23647.0,44734.0,23.8,9.4,59.0,30.24,4.6,346.0,0.0,0.0,
2026-04-05T00:15:00,04/05/202600:15,20.5,0.0,0.0,51.7,0.0,0.0,0.0,0.0,0.0,198.7,23647.0,44734.0,23.8,9.4,59.0,30.24,4.6,346.0,0.0,0.0,
2026-04-05T00:16:01,04/05/202600:16,20.5,0.0,0.0,51.7,0.0,0.0,0.0,0.0,0.0,198.7,23647.0,44734.0,23.8,9.4,59.0,30.24,4.6,346.0,0.0,0.0,
2026-04-05T00:17:01,04/05/202600:17,20.5,0.0,0.0,51.7,0.0,0.0,0.0,0.0,0.0,198.7,23647.0,44734.0,23.8,9.379999999999999,59.2,30.24,4.544,345.5,0.0,0.0,
2026-04-05T00:19:08,04/05/202600:19,20.5,0.0,0.0,51.7,0.0,0.0,0.0,0.0,0.0,198.7,23647.0,44734.0,23.8,9.36,59.4,30.24,4.4879999999999995,345.0,0.0,0.0,
2026-04-05T00:20:00,04/05/202600:20,20.5,0.0,0.0,51.7,0.0,0.0,0.0,0.0,0.0,198.7,23647.0,44734.0,23.8,9.34,59.6,30.24,4.432,344.5,0.0,0.0,
2026-04-05T00:21:00,04/05/202600:21,20.5,0.0,0.0,51.7,0.0,0.0,0.0,0.0,0.0,198.7,23647.0,44734.0,23.8,9.32,59.8,30.24,4.3759999999999994,344.0,0.0,0.0,
2026-04-05T00:22:01,04/05/202600:22,20.5,0.0,0.0,51.7,0.0,0.0,0.0,0.0,0.0,198.7,23647.0,44734.0,23.8,9.3,60.0,30.24,4.319999999999999,343.5,0.0,0.0,
2026-04-05T00:23:00,04/05/202600:23,20.5,0.0,0.0,51.7,0.0,0.0,0.0,0.0,0.0,198.7,23647.0,44734.0,23.8,9.28,60.2,30.24,4.264,343.0,0.0,0.0,
2026-04-05T00:24:00,04/05/202600:24,20.5,0.0,0.0,51.7,0.0,0.0,0.0,0.0,0.0,198.7,23647.0,44734.0,23.8,9.26,60.4,30.24,4.208,342.5,0.0,0.0,
2026-04-05T00:25:00,04/05/202600:25,20.5,0.0,0.0,51.69,0.0,0.0,0.0,0.0,0.0,198.7,23647.0,44734.0,23.8,9.239999999999998,60.6,30.24,4.151999999999999,342.0,0.0,0.0,
2026-04-05T00:26:00,04/05/202600:26,20.5,0.0,0.0,51.69,0.0,0.0,0.0,0.0,0.0,198.7,23647.0,44734.0,23.8,9.219999999999999,60.8,30.24,4.096,341.5,0.0,0.0,
2026-04-05T00:27:00,04/05/202600:27,20.5,0.0,0.0,51.69,0.0,0.0,0.0,0.0,0.0,198.7,23647.0,44734.0,23.8,9.2,61.0,30.24,4.04,341.0,0.0,0.0,
2026-04-05T00:28:00,04/05/202600:28,20.5,0.0,0.0,51.69,0.0,0.0,0.0,0.0,0.0,198.7,23647.0,44734.0,23.8,9.2,61.0,30.24,4.04,341.0,0.0,0.0,
2026-04-05T01:11:18,04/05/202601:11,20.5,0.0,0.0,51.68000000000001,0.0,0.0,0.0,0.0,0.0,198.7,23647.0,44734.0,23.8,9.12,61.6,30.24,4.0280000000000005,340.5,0.0,0.0,
2026-04-05T01:12:00,04/05/202601:12,20.5,0.0,0.0,51.67,0.0,0.0,0.0,0.0,0.0,198.7,23647.0,44734.0,23.8,9.04,62.2,30.24,4.016,340.0,0.0,0.0,
2026-04-05T01:13:01,04/05/202601:13,20.5,0.0,0.0,51.660000000000004,0.0,0.0,0.0,0.0,0.0,198.7,23647.0,44734.0,23.8,8.959999999999999,62.8,30.24,4.004,339.5,0.0,0.0,
2026-04-05T01:14:00,04/05/202601:14,20.5,0.0,0.0,51.660000000000004,0.0,0.0,0.0,0.0,0.0,198.7,23647.0,44734.0,23.8,8.879999999999999,63.4,30.24,3.992,339.0,0.0,0.0,
2026-04-05T01:15:00,04/05/202601:15,20.5,0.0,0.0,51.65,0.0,0.0,0.0,0.0,0.0,198.7,23647.0,44734.0,23.8,8.8,64.0,30.24,3.9799999999999995,338.5,0.0,0.0,
2026-04-05T01:16:00,04/05/202601:16,20.5,0.0,0.0,51.65,0.0,0.0,0.0,0.0,0.0,198.7,23647.0,44734.0,23.8,8.709999999999999,64.8,30.24,3.992,338.8,0.0,0.0,
2026-04-05T01:17:00,04/05/202601:17,20.5,0.0,0.0,51.660000000000004,0.0,0.0,0.0,0.0,0.0,198.7,23647.0,44734.0,23.8,8.620000000000001,65.6,30.24,4.004,339.1,0.0,0.0,
2026-04-05T01:18:00,04/05/202601:18,20.5,0.0,0.0,51.65,0.0,0.0,0.0,0.0,0.0,198.7,23647.0,44734.0,23.8,8.53,66.4,30.24,4.016,339.4,0.0,0.0,
2026-04-05T01:19:00,04/05/202601:19,20.5,0.0,0.0,51.64,0.0,0.0,0.0,0.0,0.0,198.7,23647.0,44734.0,23.8,8.440000000000001,67.2,30.24,4.0280000000000005,339.7,0.0,0.0,
2026-04-05T01:20:00,04/05/202601:20,20.5,0.0,0.0,51.64,0.0,0.0,0.0,0.0,0.0,198.7,23647.0,44734.0,23.8,8.35,68.0,30.24,4.04,340.0,0.0,0.0,
2026-04-05T01:21:00,04/05/202601:21,20.5,0.0,0.0,51.64,0.0,0.0,0.0,0.0,0.0,198.7,23647.0,44734.0,23.8,8.34,68.2,30.24,4.064,340.8,0.0,0.0,
2026-04-05T01:22:30,04/05/202601:22,20.5,0.0,0.0,51.65,0.0,0.0,0.0,0.0,0.0,198.7,23647.0,44734.0,23.8,8.330000000000002,68.4,30.24,4.088,341.6,0.0,0.0,
2026-04-05T01:23:00,04/05/202601:23,20.5,0.0,0.0,51.660000000000004,0.0,0.0,0.0,0.0,0.0,198.7,23647.0,44734.0,23.8,8.32,68.6,30.24,4.112,342.4,0.0,0.0,
2026-04-05T01:23:54,04/05/202601:23,20.490000000000002,0.0,0.0,51.65,0.0,0.0,0.0,0.0,0.0,198.7,23647.0,44734.0,23.8,8.31,68.8,30.24,4.136,343.2,0.0,0.0,
2026-04-05T01:24:00,04/05/202601:24,20.48,0.0,0.0,51.65,0.0,0.0,0.0,0.0,0.0,198.7,23647.0,44734.0,23.8,8.3,69.0,30.24,4.16,344.0,0.0,0.0,
2026-04-05T01:24:55,04/05/202601:24,20.48,0.0,0.0,51.65,0.0,0.0,0.0,0.0,0.0,198.7,23647.0,44734.0,23.8,8.3,69.0,30.24,4.16,344.0,0.0,0.0,
2026-04-05T01:25:00,04/05/202601:25,20.48,0.0,0.0,51.65,0.0,0.0,0.0,0.0,0.0,198.7,23647.0,44734.0,23.8,8.3,69.0,30.24,4.16,344.0,0.0,0.0,
2026-04-05T01:26:46,04/05/202601:26,20.48,0.0,0.0,51.660000000000004,0.0,0.0,0.0,0.0,0.0,198.7,23647.0,44734.0,23.8,8.3,69.0,30.24,4.16,344.0,0.0,0.0,
2026-04-05T01:27:00,04/05/202601:27,20.48,0.0,0.0,51.67,0.0,0.0,0.0,0.0,0.0,198.7,23647.0,44734.0,23.8,8.3,69.0,30.24,4.16,344.0,0.0,0.0,
2026-04-05T01:28:01,04/05/202601:28,20.48,0.0,0.0,51.660000000000004,0.0,0.0,0.0,0.0,0.0,198.7,23647.0,44734.0,23.8,8.3,69.0,30.24,4.16,344.0,0.0,0.0,
2026-04-05T01:29:01,04/05/202601:29,20.48,0.0,0.0,51.660000000000004,0.0,0.0,0.0,0.0,0.0,198.7,23647.0,44734.0,23.8,8.3,69.0,30.24,4.16,344.0,0.0,0.0,
2026-04-05T01:30:00,04/05/202601:30,20.48,0.0,0.0,51.660000000000004,0.0,0.0,0.0,0.0,0.0,198.7,23647.0,44734.0,23.8,8.27,69.0,30.24,4.104,343.4,0.0,0.0,
2026-04-05T01:31:00,04/05/202601:31,20.48,0.0,0.0,51.65,0.0,0.0,0.0,0.0,0.0,198.7,23647.0,44734.0,23.8,8.24,69.0,30.24,4.048,342.8,0.0,0.0,
2026-04-05T01:32:00,04/05/202601:32,20.490000000000002,0.0,0.0,51.65,0.0,0.0,0.0,0.0,0.0,198.7,23647.0,44734.0,23.8,8.2,69.1,30.24,3.999,343.0,0.0,0.0,
2026-04-05T01:33:41,04/05/202601:33,20.5,0.0,0.0,51.65,0.0,0.0,0.0,0.0,0.0,198.7,23647.0,44734.0,23.8,8.16,69.5,30.24,3.95,343.2,0.0,0.0,
2026-04-05T01:34:00,04/05/202601:34,20.5,0.0,0.0,51.65,0.0,0.0,0.0,0.0,0.0,198.7,23647.0,44734.0,23.8,8.120000000000001,69.9,30.24,3.901,343.4,0.0,0.0,
2026-04-05T01:34:57,04/05/202601:34,20.490000000000002,0.0,0.0,51.64,0.0,0.0,0.0,0.0,0.0,198.7,23647.0,44734.0,23.8,8.080000000000002,70.3,30.24,3.8520000000000003,343.6,0.0,0.0,
2026-04-05T01:35:01,04/05/202601:35,20.48,0.0,0.0,51.63000000000001,0.0,0.0,0.0,0.0,0.0,198.7,23647.0,44734.0,23.8,8.040000000000001,70.7,30.24,3.803,343.8,0.0,0.0,
2026-04-05T01:35:56,04/05/202601:35,20.48,0.0,0.0,51.620000000000005,0.0,0.0,0.0,0.0,0.0,198.7,23647.0,44734.0,23.8,8.0,71.1,30.24,3.754,344.0,0.0,0.0,
2026-04-05T01:36:00,04/05/202601:36,20.48,0.0,0.0,51.620000000000005,0.0,0.0,0.0,0.0,0.0,198.7,23647.0,44734.0,23.8,7.960000000000001,71.5,30.24,3.7049999999999996,344.2,0.0,0.0,
2026-04-05T01:37:01,04/05/202601:37,20.48,0.0,0.0,51.620000000000005,0.0,0.0,0.0,0.0,0.0,198.7,23647.0,44734.0,23.8,7.92,71.9,30.24,3.656,344.4,0.0,0.0,
2026-04-05T01:38:01,04/05/202601:38,20.48,0.0,0.0,51.61,0.0,0.0,0.0,0.0,0.0,198.7,23647.0,44734.0,23.8,7.910000000000001,72.3,30.24,3.6630000000000003,345.2,0.0,0.0,
2026-04-05T01:39:01,04/05/202601:39,20.48,0.0,0.0,51.61,0.0,0.0,0.0,0.0,0.0,198.7,23647.0,44734.0,23.8,7.9,72.7,30.24,3.6700000000000004,346.0,0.0,0.0,
2026-04-05T01:40:00,04/05/202601:40,20.48,0.0,0.0,51.61,0.0,0.0,0.0,0.0,0.0,198.7,23647.0,44734.0,23.8,7.9,73.0,30.24,3.6700000000000004,346.0,0.0,0.0,
2026-04-05T01:41:01,04/05/202601:41,20.48,0.0,0.0,51.61,0.0,0.0,0.0,0.0,0.0,198.7,23647.0,44734.0,23.8,7.9,73.0,30.24,3.6700000000000004,346.0,0.0,0.0,
2026-04-05T01:42:01,04/05/202601:42,20.48,0.0,0.0,51.6,0.0,0.0,0.0,0.0,0.0,198.7,23647.0,44734.0,23.8,7.9,73.0,30.24,3.6700000000000004,346.0,0.0,0.0,
2026-04-05T01:43:00,04/05/202601:43,20.490000000000002,0.0,0.0,51.6,0.0,0.0,0.0,0.0,0.0,198.7,23647.0,44734.0,23.8,7.9,73.0,30.24,3.6700000000000004,346.0,0.0,0.0,
2026-04-05T01:44:52,04/05/202601:44,20.490000000000002,0.0,0.0,51.6,0.0,0.0,0.0,0.0,0.0,198.7,23647.0,44734.0,23.8,7.9,73.0,30.24,3.6700000000000004,346.0,0.0,0.0,
2026-04-05T01:45:01,04/05/202601:45,20.48,0.0,0.0,51.6,0.0,0.0,0.0,0.0,0.0,198.7,23647.0,44734.0,23.8,7.9,73.0,30.24,3.6700000000000004,346.0,0.0,0.0,
2026-04-05T01:45:27,04/05/202601:45,20.48,0.0,0.0,51.6,0.0,0.0,0.0,0.0,0.0,198.7,23647.0,44734.0,23.8,7.890000000000001,73.1,30.24,3.595,345.1,0.0,0.0,
2026-04-05T01:46:42,04/05/202601:46,20.47,0.0,0.0,51.6,0.0,0.0,0.0,0.0,0.0,198.7,23647.0,44734.0,23.8,7.88,73.2,30.24,3.5200000000000005,344.2,0.0,0.0,
2026-04-05T01:47:00,04/05/202601:47,20.46,0.0,0.0,51.6,0.0,0.0,0.0,0.0,0.0,198.7,23647.0,44734.0,23.8,7.87,73.3,30.24,3.4450000000000003,343.3,0.0,0.0,
2026-04-05T01:47:42,04/05/202601:47,20.46,0.0,0.0,51.6,0.0,0.0,0.0,0.0,0.0,198.7,23647.0,44734.0,23.8,7.859999999999999,73.4,30.24,3.37,342.4,0.0,0.0,
2026-04-05T01:48:00,04/05/202601:48,20.46,0.0,0.0,51.6,0.0,0.0,0.0,0.0,0.0,198.7,23647.0,44734.0,23.8,7.85,73.5,30.24,3.2950000000000004,341.5,0.0,0.0,
2026-04-05T01:49:00,04/05/202601:49,20.46,0.0,0.0,51.6,0.0,0.0,0.0,0.0,0.0,198.7,23647.0,44734.0,23.8,7.840000000000001,73.6,30.24,3.22,340.6,0.0,0.0,
2026-04-05T01:50:00,04/05/202601:50,20.46,0.0,0.0,51.6,0.0,0.0,0.0,0.0,0.0,198.7,23647.0,44734.0,23.8,7.83,73.7,30.24,3.145,339.7,0.0,0.0,
2026-04-05T01:51:00,04/05/202601:51,20.46,0.0,0.0,51.6,0.0,0.0,0.0,0.0,0.0,198.7,23647.0,44734.0,23.8,7.82,73.8,30.24,3.07,338.8,0.0,0.0,
2026-04-05T01:52:00,04/05/202601:52,20.47,0.0,0.0,51.6,0.0,0.0,0.0,0.0,0.0,198.7,23647.0,44734.0,23.8,7.81,73.9,30.24,2.995,337.9,0.0,0.0,
2026-04-05T01:53:00,04/05/202601:53,20.48,0.0,0.0,51.6,0.0,0.0,0.0,0.0,0.0,198.7,23647.0,44734.0,23.8,7.8,74.0,30.24,2.92,337.0,0.0,0.0,
2026-04-05T01:54:00,04/05/202601:54,20.48,0.0,0.0,51.6,0.0,0.0,0.0,0.0,0.0,198.7,23647.0,44734.0,23.8,7.8,74.0,30.24,2.92,337.0,0.0,0.0,
2026-04-05T01:56:04,04/05/202601:56,20.490000000000002,0.0,0.0,51.6,0.0,0.0,0.0,0.0,0.0,198.7,23647.0,44734.0,23.8,7.8,74.0,30.24,2.92,337.0,0.0,0.0,
2026-04-05T01:57:01,04/05/202601:57,20.5,0.0,0.0,51.6,0.0,0.0,0.0,0.0,0.0,198.7,23647.0,44734.0,23.8,7.8,74.0,30.24,2.92,337.0,0.0,0.0,
2026-04-05T01:58:01,04/05/202601:58,20.5,0.0,0.0,51.6,0.0,0.0,0.0,0.0,0.0,198.7,23647.0,44734.0,23.8,7.8,74.0,30.24,2.92,337.0,0.0,0.0,
2026-04-05T01:59:00,04/05/202601:59,20.5,0.0,0.0,51.6,0.0,0.0,0.0,0.0,0.0,198.7,23647.0,44734.0,23.8,7.8,74.0,30.24,2.92,337.0,0.0,0.0,
2026-04-05T02:00:01,04/05/202602:00,20.5,0.0,0.0,51.6,0.0,0.0,0.0,0.0,0.0,198.7,23647.0,44734.0,23.8,7.8,74.0,30.24,2.92,337.0,0.0,0.0,
2026-04-05T02:01:01,04/05/202602:01,20.5,0.0,0.0,51.6,0.0,0.0,0.0,0.0,0.0,198.7,23647.0,44734.0,23.8,7.779999999999999,74.1,30.24,2.9509999999999996,336.8,0.0,0.0,
2026-04-05T02:02:01,04/05/202602:02,20.5,0.0,0.0,51.6,0.0,0.0,0.0,0.0,0.0,198.7,23647.0,44734.0,23.8,7.76,74.2,30.24,2.982,336.6,0.0,0.0,
2026-04-05T02:03:01,04/05/202602:03,20.5,0.0,0.0,51.6,0.0,0.0,0.0,0.0,0.0,198.7,23647.0,44734.0,23.8,7.739999999999999,74.3,30.24,3.013,336.4,0.0,0.0,
2026-04-05T02:04:01,04/05/202602:04,20.5,0.0,0.0,51.6,0.0,0.0,0.0,0.0,0.0,198.7,23647.0,44734.0,23.8,7.720000000000001,74.4,30.24,3.0439999999999996,336.2,0.0,0.0,
2026-04-05T02:05:00,04/05/202602:05,20.5,0.0,0.0,51.6,0.0,0.0,0.0,0.0,0.0,198.7,23647.0,44734.0,23.8,7.7,74.5,30.24,3.075,336.0,0.0,0.0,
2026-04-05T02:06:01,04/05/202602:06,20.5,0.0,0.0,51.6,0.0,0.0,0.0,0.0,0.0,198.7,23647.0,44734.0,23.8,7.68,74.6,30.24,3.106,335.8,0.0,0.0,
2026-04-05T02:07:16,04/05/202602:07,20.5,0.0,0.0,51.6,0.0,0.0,0.0,0.0,0.0,198.7,23647.0,44734.0,23.8,7.659999999999999,74.7,30.24,3.137,335.6,0.0,0.0,
2026-04-05T02:08:00,04/05/202602:08,20.5,0.0,0.0,51.6,0.0,0.0,0.0,0.0,0.0,198.7,23647.0,44734.0,23.8,7.639999999999999,74.8,30.24,3.168,335.4,0.0,0.0,
2026-04-05T02:09:00,04/05/202602:09,20.5,0.0,0.0,51.6,0.0,0.0,0.0,0.0,0.0,198.7,23647.0,44734.0,23.8,7.62,74.9,30.24,3.199,335.2,0.0,0.0,
2026-04-05T02:09:43,04/05/202602:09,20.490000000000002,0.0,0.0,51.6,0.0,0.0,0.0,0.0,0.0,198.7,23647.0,44734.0,23.8,7.6,75.0,30.24,3.2299999999999995,335.0,0.0,0.0,
2026-04-05T02:10:01,04/05/202602:10,20.48,0.0,0.0,51.6,0.0,0.0,0.0,0.0,0.0,198.7,23647.0,44734.0,23.8,7.6,75.0,30.24,3.2299999999999995,335.0,0.0,0.0,
2026-04-05T02:10:16,04/05/202602:10,20.48,0.0,0.0,51.61,0.0,0.0,0.0,0.0,0.0,198.7,23647.0,44734.0,23.8,7.6,75.0,30.24,3.2299999999999995,335.0,0.0,0.0,
2026-04-05T02:11:01,04/05/202602:11,20.48,0.0,0.0,51.620000000000005,0.0,0.0,0.0,0.0,0.0,198.7,23647.0,44734.0,23.8,7.6,75.0,30.24,3.2299999999999995,335.0,0.0,0.0,
2026-04-05T02:12:00,04/05/202602:12,20.48,0.0,0.0,51.620000000000005,0.0,0.0,0.0,0.0,0.0,198.7,23647.0,44734.0,23.8,7.6,75.0,30.24,3.2299999999999995,335.0,0.0,0.0,
2026-04-05T02:13:00,04/05/202602:13,20.48,0.0,0.0,51.620000000000005,0.0,0.0,0.0,0.0,0.0,198.7,23647.0,44734.0,23.8,7.6,75.0,30.24,3.2299999999999995,335.0,0.0,0.0,
2026-04-05T02:14:00,04/05/202602:14,20.48,0.0,0.0,51.620000000000005,0.0,0.0,0.0,0.0,0.0,198.7,23647.0,44734.0,23.8,7.6,75.0,30.24,3.2299999999999995,335.0,0.0,0.0,
2026-04-05T02:15:01,04/05/202602:15,20.48,0.0,0.0,51.620000000000005,0.0,0.0,0.0,0.0,0.0,198.7,23647.0,44734.0,23.8,7.6,75.0,30.24,3.2299999999999995,335.0,0.0,0.0,
2026-04-05T02:15:44,04/05/202602:15,20.47,0.0,0.0,51.620000000000005,0.0,0.0,0.0,0.0,0.0,198.7,23647.0,44734.0,23.8,7.6,75.1,30.243000000000002,3.193,333.6,0.0,0.0,
2026-04-05T02:16:01,04/05/202602:16,20.46,0.0,0.0,51.620000000000005,0.0,0.0,0.0,0.0,0.0,198.7,23647.0,44734.0,23.8,7.6,75.2,30.246,3.1559999999999997,332.2,0.0,0.0,
2026-04-05T02:16:44,04/05/202602:16,20.47,0.0,0.0,51.620000000000005,0.0,0.0,0.0,0.0,0.0,198.7,23647.0,44734.0,23.8,7.6,75.3,30.249000000000002,3.1189999999999998,330.8,0.0,0.0,
2026-04-05T02:17:00,04/05/202602:17,20.48,0.0,0.0,51.620000000000005,0.0,0.0,0.0,0.0,0.0,198.7,23647.0,44734.0,23.8,7.6,75.4,30.252,3.082,329.4,0.0,0.0,
2026-04-05T02:19:14,04/05/202602:19,20.48,0.0,0.0,51.61,0.0,0.0,0.0,0.0,0.0,198.7,23647.0,44734.0,23.8,7.56,75.5,30.255000000000003,3.026,327.1,0.0,0.0,
2026-04-05T02:20:00,04/05/202602:20,20.48,0.0,0.0,51.6,0.0,0.0,0.0,0.0,0.0,198.7,23647.0,44734.0,23.8,7.5200000000000005,75.6,30.258,2.9699999999999998,324.8,0.0,0.0,
2026-04-05T02:21:00,04/05/202602:21,20.48,0.0,0.0,51.6,0.0,0.0,0.0,0.0,0.0,198.7,23647.0,44734.0,23.8,7.4799999999999995,75.7,30.261000000000003,2.914,322.5,0.0,0.0,
2026-04-05T02:22:01,04/05/202602:22,20.48,0.0,0.0,51.6,0.0,0.0,0.0,0.0,0.0,198.7,23647.0,44734.0,23.8,7.44,75.8,30.264,2.8579999999999997,320.2,0.0,0.0,
2026-04-05T02:23:00,04/05/202602:23,20.48,0.0,0.0,51.6,0.0,0.0,0.0,0.0,0.0,198.7,23647.0,44734.0,23.8,7.4,75.9,30.267000000000003,2.802,317.9,0.0,0.0,
2026-04-05T02:24:00,04/05/202602:24,20.48,0.0,0.0,51.6,0.0,0.0,0.0,0.0,0.0,198.7,23647.0,44734.0,23.8,7.359999999999999,76.0,30.27,2.746,315.6,0.0,0.0,
2026-04-05T02:25:00,04/05/202602:25,20.490000000000002,0.0,0.0,51.589999999999996,0.0,0.0,0.0,0.0,0.0,198.7,23647.0,44734.0,23.8,7.32,76.0,30.27,2.727,314.7,0.0,0.0,
2026-04-05T02:26:01,04/05/202602:26,20.5,0.0,0.0,51.589999999999996,0.0,0.0,0.0,0.0,0.0,198.7,23647.0,44734.0,23.8,7.279999999999999,76.0,30.27,2.7079999999999997,313.8,0.0,0.0,
2026-04-05T02:27:01,04/05/202602:27,20.5,0.0,0.0,51.589999999999996,0.0,0.0,0.0,0.0,0.0,198.7,23647.0,44734.0,23.8,7.24,76.0,30.27,2.689,312.9,0.0,0.0,
2026-04-05T02:28:00,04/05/202602:28,20.5,0.0,0.0,51.589999999999996,0.0,0.0,0.0,0.0,0.0,198.7,23647.0,44734.0,23.8,7.2,76.0,30.27,2.67,312.0,0.0,0.0,
2026-04-05T02:29:40,04/05/202602:29,20.5,0.0,0.0,51.589999999999996,0.0,0.0,0.0,0.0,0.0,198.7,23647.0,44734.0,23.8,7.2,76.0,30.27,2.67,312.0,0.0,0.0,
2026-04-05T02:30:00,04/05/202602:30,20.5,0.0,0.0,51.589999999999996,0.0,0.0,0.0,0.0,0.0,198.7,23647.0,44734.0,23.8,7.2,76.0,30.27,2.67,312.0,0.0,0.0,
2026-04-05T02:31:00,04/05/202602:31,20.5,0.0,0.0,51.589999999999996,0.0,0.0,0.0,0.0,0.0,198.7,23647.0,44734.0,23.8,7.2,76.0,30.27,2.67,312.0,0.0,0.0,
2026-04-05T02:32:00,04/05/202602:32,20.5,0.0,0.0,51.589999999999996,0.0,0.0,0.0,0.0,0.0,198.7,23647.0,44734.0,23.8,7.19,76.0,30.27,2.7009999999999996,309.1,0.0,0.0,
2026-04-05T02:33:00,04/05/202602:33,20.5,0.0,0.0,51.589999999999996,0.0,0.0,0.0,0.0,0.0,198.7,23647.0,44734.0,23.8,7.18,76.0,30.27,2.732,306.2,0.0,0.0,
2026-04-05T02:33:15,04/05/202602:33,20.490000000000002,0.0,0.0,51.589999999999996,0.0,0.0,0.0,0.0,0.0,198.7,23647.0,44734.0,23.8,7.17,76.0,30.27,2.763,303.3,0.0,0.0,
2026-04-05T02:34:00,04/05/202602:34,20.48,0.0,0.0,51.6,0.0,0.0,0.0,0.0,0.0,198.7,23647.0,44734.0,23.8,7.159999999999999,76.0,30.27,2.7939999999999996,300.4,0.0,0.0,
2026-04-05T02:35:32,04/05/202602:35,20.48,0.0,0.0,51.6,0.0,0.0,0.0,0.0,0.0,198.7,23647.0,44734.0,23.8,7.15,76.0,30.27,2.825,297.5,0.0,0.0,
2026-04-05T02:36:00,04/05/202602:36,20.48,0.0,0.0,51.6,0.0,0.0,0.0,0.0,0.0,198.7,23647.0,44734.0,23.8,7.140000000000001,76.0,30.27,2.856,294.6,0.0,0.0,
2026-04-05T02:37:20,04/05/202602:37,20.47,0.0,0.0,51.6,0.0,0.0,0.0,0.0,0.0,198.7,23647.0,44734.0,23.8,7.13,76.0,30.27,2.887,291.7,0.0,0.0,
2026-04-05T02:37:21,04/05/202602:37,20.47,0.0,0.0,51.6,0.0,0.0,0.0,0.0,0.0,198.7,23647.0,44734.0,23.8,7.12,76.0,30.27,2.918,288.8,0.0,0.0,
2026-04-05T02:38:00,04/05/202602:38,20.47,0.0,0.0,51.6,0.0,0.0,0.0,0.0,0.0,198.7,23647.0,44734.0,23.8,7.109999999999999,76.0,30.27,2.949,285.9,0.0,0.0,
2026-04-05T02:39:00,04/05/202602:39,20.47,0.0,0.0,51.589999999999996,0.0,0.0,0.0,0.0,0.0,198.7,23647.0,44734.0,23.8,7.1,76.0,30.27,2.98,283.0,0.0,0.0,
2026-04-05T02:40:51,04/05/202602:40,20.47,0.0,0.0,51.589999999999996,0.0,0.0,0.0,0.0,0.0,198.7,23647.0,44734.0,23.8,7.1,76.0,30.27,2.98,283.0,0.0,0.0,
2026-04-05T02:41:01,04/05/202602:41,20.47,0.0,0.0,51.589999999999996,0.0,0.0,0.0,0.0,0.0,198.7,23647.0,44734.0,23.8,7.1,76.0,30.27,2.98,283.0,0.0,0.0,
2026-04-05T02:42:00,04/05/202602:42,20.48,0.0,0.0,51.589999999999996,0.0,0.0,0.0,0.0,0.0,198.7,23647.0,44734.0,23.8,7.1,76.0,30.27,2.98,283.0,0.0,0.0,
2026-04-05T02:43:00,04/05/202602:43,20.490000000000002,0.0,0.0,51.589999999999996,0.0,0.0,0.0,0.0,0.0,198.7,23647.0,44734.0,23.8,7.1,76.0,30.27,2.98,283.0,0.0,0.0,
2026-04-05T02:44:00,04/05/202602:44,20.490000000000002,0.0,0.0,51.58,0.0,0.0,0.0,0.0,0.0,198.7,23647.0,44734.0,23.8,7.1,76.0,30.27,2.98,283.0,0.0,0.0,
2026-04-05T02:44:21,04/05/202602:44,20.48,0.0,0.0,51.58,0.0,0.0,0.0,0.0,0.0,198.7,23647.0,44734.0,23.8,7.1,76.0,30.27,2.98,283.0,0.0,0.0,
2026-04-05T02:45:00,04/05/202602:45,20.48,0.0,0.0,51.58,0.0,0.0,0.0,0.0,0.0,198.7,23647.0,44734.0,23.8,7.1,76.0,30.27,2.98,283.0,0.0,0.0,
2026-04-05T02:45:21,04/05/202602:45,20.48,0.0,0.0,51.589999999999996,0.0,0.0,0.0,0.0,0.0,198.7,23647.0,44734.0,23.8,7.1,76.0,30.27,2.98,283.0,0.0,0.0,
2026-04-05T02:46:01,04/05/202602:46,20.48,0.0,0.0,51.6,0.0,0.0,0.0,0.0,0.0,198.7,23647.0,44734.0,23.8,7.1,76.0,30.27,2.98,283.0,0.0,0.0,
2026-04-05T02:46:21,04/05/202602:46,20.47,0.0,0.0,51.6,0.0,0.0,0.0,0.0,0.0,198.7,23647.0,44734.0,23.8,7.089999999999999,76.1,30.273000000000003,2.9989999999999997,282.1,0.0,0.0,
2026-04-05T02:47:00,04/05/202602:47,20.46,0.0,0.0,51.589999999999996,0.0,0.0,0.0,0.0,0.0,198.7,23647.0,44734.0,23.8,7.08,76.2,30.276,3.018,281.2,0.0,0.0,
2026-04-05T02:47:21,04/05/202602:47,20.46,0.0,0.0,51.589999999999996,0.0,0.0,0.0,0.0,0.0,198.7,23647.0,44734.0,23.8,7.07,76.3,30.279000000000003,3.037,280.3,0.0,0.0,
2026-04-05T02:48:00,04/05/202602:48,20.46,0.0,0.0,51.589999999999996,0.0,0.0,0.0,0.0,0.0,198.7,23647.0,44734.0,23.8,7.06,76.4,30.282,3.056,279.4,0.0,0.0,
2026-04-05T02:49:01,04/05/202602:49,20.46,0.0,0.0,51.58,0.0,0.0,0.0,0.0,0.0,198.7,23647.0,44734.0,23.8,7.05,76.5,30.285000000000004,3.075,278.5,0.0,0.0,
2026-04-05T02:50:00,04/05/202602:50,20.46,0.0,0.0,51.589999999999996,0.0,0.0,0.0,0.0,0.0,198.7,23647.0,44734.0,23.8,7.040000000000001,76.6,30.288,3.094,277.6,0.0,0.0,
2026-04-05T02:51:59,04/05/202602:51,20.47,0.0,0.0,51.589999999999996,0.0,0.0,0.0,0.0,0.0,198.7,23647.0,44734.0,23.8,7.029999999999999,76.7,30.291000000000004,3.113,276.7,0.0,0.0,
2026-04-05T02:52:01,04/05/202602:52,20.48,0.0,0.0,51.589999999999996,0.0,0.0,0.0,0.0,0.0,198.7,23647.0,44734.0,23.8,7.0200000000000005,76.8,30.294,3.132,275.8,0.0,0.0,
2026-04-05T02:53:01,04/05/202602:53,20.48,0.0,0.0,51.58,0.0,0.0,0.0,0.0,0.0,198.7,23647.0,44734.0,23.8,7.01,76.9,30.297000000000004,3.151,274.9,0.0,0.0,
2026-04-05T02:54:00,04/05/202602:54,20.48,0.0,0.0,51.57000000000001,0.0,0.0,0.0,0.0,0.0,198.7,23647.0,44734.0,23.8,7.0,77.0,30.3,3.17,274.0,0.0,0.0,
2026-04-05T02:55:00,04/05/202602:55,20.490000000000002,0.0,0.0,51.58,0.0,0.0,0.0,0.0,0.0,198.7,23647.0,44734.0,23.8,7.0,77.0,30.3,3.17,274.0,0.0,0.0,
2026-04-05T02:56:00,04/05/202602:56,20.5,0.0,0.0,51.589999999999996,0.0,0.0,0.0,0.0,0.0,198.7,23647.0,44734.0,23.8,7.0,77.0,30.3,3.17,274.0,0.0,0.0,
2026-04-05T02:56:21,04/05/202602:56,20.490000000000002,0.0,0.0,51.589999999999996,0.0,0.0,0.0,0.0,0.0,198.7,23647.0,44734.0,23.8,7.0,77.2,30.297000000000004,3.17,274.0,0.0,0.0,
2026-04-05T02:57:00,04/05/202602:57,20.48,0.0,0.0,51.589999999999996,0.0,0.0,0.0,0.0,0.0,198.7,23647.0,44734.0,23.8,7.0,77.4,30.294,3.17,274.0,0.0,0.0,
2026-04-05T02:57:21,04/05/202602:57,20.48,0.0,0.0,51.6,0.0,0.0,0.0,0.0,0.0,198.7,23647.0,44734.0,23.8,7.0,77.6,30.291000000000004,3.17,274.0,0.0,0.0,
2026-04-05T02:58:00,04/05/202602:58,20.48,0.0,0.0,51.6,0.0,0.0,0.0,0.0,0.0,198.7,23647.0,44734.0,23.8,7.0,77.8,30.288,3.17,274.0,0.0,0.0,
2026-04-05T02:59:00,04/05/202602:59,20.48,0.0,0.0,51.6,0.0,0.0,0.0,0.0,0.0,198.7,23647.0,44734.0,23.8,7.0,78.0,30.285000000000004,3.17,274.0,0.0,0.0,
2026-04-05T02:59:12,04/05/202602:59,20.47,0.0,0.0,51.6,0.0,0.0,0.0,0.0,0.0,198.7,23647.0,44734.0,23.8,7.0,78.2,30.282,3.17,274.0,0.0,0.0,
2026-04-05T03:00:00,04/05/202603:00,20.46,0.0,0.0,51.6,0.0,0.0,0.0,0.0,0.0,198.7,23647.0,44734.0,23.8,7.0,78.4,30.279000000000003,3.17,274.0,0.0,0.0,
2026-04-05T03:00:13,04/05/202603:00,20.46,0.0,0.0,51.6,0.0,0.0,0.0,0.0,0.0,198.7,23647.0,44734.0,23.8,7.0,78.6,30.276,3.17,274.0,0.0,0.0,
2026-04-05T03:01:00,04/05/202603:01,20.46,0.0,0.0,51.6,0.0,0.0,0.0,0.0,0.0,198.7,23647.0,44734.0,23.8,7.0,78.8,30.273000000000003,3.17,274.0,0.0,0.0,
2026-04-05T03:03:11,04/05/202603:03,20.46,0.0,0.0,51.589999999999996,0.0,0.0,0.0,0.0,0.0,198.7,23647.0,44734.0,23.8,6.99,79.0,30.27,3.195,276.8,0.0,0.0,
2026-04-05T03:04:00,04/05/202603:04,20.47,0.0,0.0,51.58,0.0,0.0,0.0,0.0,0.0,198.7,23647.0,44734.0,23.8,6.9799999999999995,79.0,30.27,3.22,279.6,0.0,0.0,
2026-04-05T03:05:00,04/05/202603:05,20.48,0.0,0.0,51.57000000000001,0.0,0.0,0.0,0.0,0.0,198.7,23647.0,44734.0,23.8,6.970000000000001,79.0,30.27,3.245,282.4,0.0,0.0,
2026-04-05T03:06:01,04/05/202603:06,20.48,0.0,0.0,51.56,0.0,0.0,0.0,0.0,0.0,198.7,23647.0,44734.0,23.8,6.959999999999999,79.0,30.27,3.2700000000000005,285.2,0.0,0.0,
2026-04-05T03:07:00,04/05/202603:07,20.48,0.0,0.0,51.55,0.0,0.0,0.0,0.0,0.0,198.7,23647.0,44734.0,23.8,6.95,79.0,30.27,3.2950000000000004,288.0,0.0,0.0,
2026-04-05T03:08:00,04/05/202603:08,20.48,0.0,0.0,51.54,0.0,0.0,0.0,0.0,0.0,198.7,23647.0,44734.0,23.8,6.94,79.0,30.27,3.3200000000000003,290.8,0.0,0.0,
2026-04-05T03:09:01,04/05/202603:09,20.490000000000002,0.0,0.0,51.529999999999994,0.0,0.0,0.0,0.0,0.0,198.7,23647.0,44734.0,23.8,6.93,79.0,30.27,3.345,293.6,0.0,0.0,
2026-04-05T03:10:00,04/05/202603:10,20.5,0.0,0.0,51.529999999999994,0.0,0.0,0.0,0.0,0.0,198.7,23647.0,44734.0,23.8,6.92,79.0,30.27,3.37,296.4,0.0,0.0,
2026-04-05T03:11:00,04/05/202603:11,20.5,0.0,0.0,51.529999999999994,0.0,0.0,0.0,0.0,0.0,198.7,23647.0,44734.0,23.8,6.910000000000001,79.0,30.27,3.3950000000000005,299.2,0.0,0.0,
2026-04-05T03:12:00,04/05/202603:12,20.5,0.0,0.0,51.529999999999994,0.0,0.0,0.0,0.0,0.0,198.7,23647.0,44734.0,23.8,6.9,79.0,30.27,3.4200000000000004,302.0,0.0,0.0,
2026-04-05T03:13:00,04/05/202603:13,20.5,0.0,0.0,51.529999999999994,0.0,0.0,0.0,0.0,0.0,198.7,23647.0,44734.0,23.8,6.9,79.0,30.27,3.4200000000000004,302.0,0.0,0.0,
2026-04-05T03:14:23,04/05/202603:14,20.5,0.0,0.0,51.54,0.0,0.0,0.0,0.0,0.0,198.7,23647.0,44734.0,23.8,6.9,79.0,30.27,3.4200000000000004,302.0,0.0,0.0,
2026-04-05T03:15:01,04/05/202603:15,20.5,0.0,0.0,51.55,0.0,0.0,0.0,0.0,0.0,198.7,23647.0,44734.0,23.8,6.9,79.0,30.27,3.4200000000000004,302.0,0.0,0.0,
2026-04-05T03:16:01,04/05/202603:16,20.5,0.0,0.0,51.56,0.0,0.0,0.0,0.0,0.0,198.7,23647.0,44734.0,23.8,6.9,79.0,30.27,3.4200000000000004,302.0,0.0,0.0,
2026-04-05T03:17:01,04/05/202603:17,20.5,0.0,0.0,51.56,0.0,0.0,0.0,0.0,0.0,198.7,23647.0,44734.0,23.8,6.890000000000001,79.0,30.27,3.314,303.7,0.0,0.0,
2026-04-05T03:18:01,04/05/202603:18,20.5,0.0,0.0,51.57000000000001,0.0,0.0,0.0,0.0,0.0,198.7,23647.0,44734.0,23.8,6.88,79.0,30.27,3.2079999999999997,305.4,0.0,0.0,
2026-04-05T03:19:01,04/05/202603:19,20.5,0.0,0.0,51.58,0.0,0.0,0.0,0.0,0.0,198.7,23647.0,44734.0,23.8,6.87,79.0,30.27,3.102,307.1,0.0,0.0,
2026-04-05T03:19:15,04/05/202603:19,20.490000000000002,0.0,0.0,51.58,0.0,0.0,0.0,0.0,0.0,198.7,23647.0,44734.0,23.8,6.859999999999999,79.0,30.27,2.996,308.8,0.0,0.0,
2026-04-05T03:20:01,04/05/202603:20,20.48,0.0,0.0,51.58,0.0,0.0,0.0,0.0,0.0,198.7,23647.0,44734.0,23.8,6.85,79.0,30.27,2.8899999999999997,310.5,0.0,0.0,
2026-04-05T03:20:15,04/05/202603:20,20.48,0.0,0.0,51.58,0.0,0.0,0.0,0.0,0.0,198.7,23647.0,44734.0,23.8,6.840000000000001,79.0,30.27,2.784,312.2,0.0,0.0,
2026-04-05T03:21:01,04/05/202603:21,20.48,0.0,0.0,51.589999999999996,0.0,0.0,0.0,0.0,0.0,198.7,23647.0,44734.0,23.8,6.83,79.0,30.27,2.678,313.9,0.0,0.0,
2026-04-05T03:22:01,04/05/202603:22,20.48,0.0,0.0,51.589999999999996,0.0,0.0,0.0,0.0,0.0,198.7,23647.0,44734.0,23.8,6.82,79.0,30.27,2.572,315.6,0.0,0.0,
2026-04-05T03:22:15,04/05/202603:22,20.47,0.0,0.0,51.589999999999996,0.0,0.0,0.0,0.0,0.0,198.7,23647.0,44734.0,23.8,6.81,79.0,30.27,2.466,317.3,0.0,0.0,
2026-04-05T03:23:01,04/05/202603:23,20.46,0.0,0.0,51.589999999999996,0.0,0.0,0.0,0.0,0.0,198.7,23647.0,44734.0,23.8,6.8,79.0,30.27,2.36,319.0,0.0,0.0,
2026-04-05T03:23:15,04/05/202603:23,20.46,0.0,0.0,51.6,0.0,0.0,0.0,0.0,0.0,198.7,23647.0,44734.0,23.8,6.8,79.0,30.27,2.36,319.0,0.0,0.0,
2026-04-05T03:24:01,04/05/202603:24,20.46,0.0,0.0,51.6,0.0,0.0,0.0,0.0,0.0,198.7,23647.0,44734.0,23.8,6.8,79.0,30.27,2.36,319.0,0.0,0.0,
2026-04-05T03:24:15,04/05/202603:24,20.45,0.0,0.0,51.589999999999996,0.0,0.0,0.0,0.0,0.0,198.7,23647.0,44734.0,23.8,6.8,79.0,30.27,2.36,319.0,0.0,0.0,
2026-04-05T03:25:35,04/05/202603:25,20.46,0.0,0.0,51.58,0.0,0.0,0.0,0.0,0.0,198.7,23647.0,44734.0,23.8,6.8,79.0,30.27,2.36,319.0,0.0,0.0,
2026-04-05T03:26:00,04/05/202603:26,20.47,0.0,0.0,51.57000000000001,0.0,0.0,0.0,0.0,0.0,198.7,23647.0,44734.0,23.8,6.8,79.0,30.27,2.36,319.0,0.0,0.0,
2026-04-05T03:27:01,04/05/202603:27,20.47,0.0,0.0,51.56,0.0,0.0,0.0,0.0,0.0,198.7,23647.0,44734.0,23.8,6.8,79.0,30.27,2.36,319.0,0.0,0.0,
2026-04-05T03:28:00,04/05/202603:28,20.47,0.0,0.0,51.55,0.0,0.0,0.0,0.0,0.0,198.7,23647.0,44734.0,23.8,6.8,79.0,30.27,2.36,319.0,0.0,0.0,
2026-04-05T03:29:00,04/05/202603:29,20.47,0.0,0.0,51.54,0.0,0.0,0.0,0.0,0.0,198.7,23647.0,44734.0,23.8,6.8,79.0,30.27,2.36,319.0,0.0,0.0,
2026-04-05T03:30:01,04/05/202603:30,20.48,0.0,0.0,51.529999999999994,0.0,0.0,0.0,0.0,0.0,198.7,23647.0,44734.0,23.8,6.8,79.0,30.27,2.36,319.0,0.0,0.0,
2026-04-05T03:30:15,04/05/202603:30,20.48,0.0,0.0,51.52,0.0,0.0,0.0,0.0,0.0,198.7,23647.0,44734.0,23.8,6.7700000000000005,79.0,30.27,2.4099999999999997,318.0,0.0,0.0,
2026-04-05T03:31:00,04/05/202603:31,20.47,0.0,0.0,51.510000000000005,0.0,0.0,0.0,0.0,0.0,198.7,23647.0,44734.0,23.8,6.74,79.0,30.27,2.46,317.0,0.0,0.0,
2026-04-05T03:31:14,04/05/202603:31,20.47,0.0,0.0,51.510000000000005,0.0,0.0,0.0,0.0,0.0,198.7,23647.0,44734.0,23.8,6.709999999999999,79.0,30.273000000000003,2.466,315.5,0.0,0.0,
2026-04-05T03:32:00,04/05/202603:32,20.48,0.0,0.0,51.52,0.0,0.0,0.0,0.0,0.0,198.7,23647.0,44734.0,23.8,6.68,79.0,30.276,2.472,314.0,0.0,0.0,
2026-04-05T03:32:14,04/05/202603:32,20.47,0.0,0.0,51.52,0.0,0.0,0.0,0.0,0.0,198.7,23647.0,44734.0,23.8,6.65,79.0,30.279000000000003,2.4779999999999998,312.5,0.0,0.0,
2026-04-05T03:33:00,04/05/202603:33,20.46,0.0,0.0,51.52,0.0,0.0,0.0,0.0,0.0,198.7,23647.0,44734.0,23.8,6.62,79.0,30.282,2.484,311.0,0.0,0.0,
2026-04-05T03:33:14,04/05/202603:33,20.46,0.0,0.0,51.529999999999994,0.0,0.0,0.0,0.0,0.0,198.7,23647.0,44734.0,23.8,6.590000000000001,79.1,30.285000000000004,2.4899999999999998,309.5,0.0,0.0,
2026-04-05T03:34:00,04/05/202603:34,20.46,0.0,0.0,51.54,0.0,0.0,0.0,0.0,0.0,198.7,23647.0,44734.0,23.8,6.56,79.2,30.288,2.496,308.0,0.0,0.0,
2026-04-05T03:35:01,04/05/202603:35,20.46,0.0,0.0,51.54,0.0,0.0,0.0,0.0,0.0,198.7,23647.0,44734.0,23.8,6.529999999999999,79.3,30.291000000000004,2.502,306.5,0.0,0.0,
2026-04-05T03:36:46,04/05/202603:36,20.45,0.0,0.0,51.54,0.0,0.0,0.0,0.0,0.0,198.7,23647.0,44734.0,23.8,6.5,79.4,30.294,2.508,305.0,0.0,0.0,
2026-04-05T03:37:01,04/05/202603:37,20.45,0.0,0.0,51.54,0.0,0.0,0.0,0.0,0.0,198.7,23647.0,44734.0,23.8,6.5,79.5,30.297000000000004,2.464,304.5,0.0,0.0,
2026-04-05T03:37:15,04/05/202603:37,20.46,0.0,0.0,51.55,0.0,0.0,0.0,0.0,0.0,198.7,23647.0,44734.0,23.8,6.5,79.6,30.3,2.42,304.0,0.0,0.0,
2026-04-05T03:38:01,04/05/202603:38,20.46,0.0,0.0,51.55,0.0,0.0,0.0,0.0,0.0,198.7,23647.0,44734.0,23.8,6.5,79.7,30.3,2.42,304.0,0.0,0.0,
2026-04-05T03:39:00,04/05/202603:39,20.46,0.0,0.0,51.54,0.0,0.0,0.0,0.0,0.0,198.7,23647.0,44734.0,23.8,6.5,79.8,30.3,2.42,304.0,0.0,0.0,
2026-04-05T03:40:01,04/05/202603:40,20.47,0.0,0.0,51.54,0.0,0.0,0.0,0.0,0.0,198.7,23647.0,44734.0,23.8,6.5,79.9,30.3,2.42,304.0,0.0,0.0,
2026-04-05T03:41:01,04/05/202603:41,20.48,0.0,0.0,51.54,0.0,0.0,0.0,0.0,0.0,198.7,23647.0,44734.0,23.8,6.5,80.0,30.3,2.42,304.0,0.0,0.0,
2026-04-05T03:42:00,04/05/202603:42,20.48,0.0,0.0,51.529999999999994,0.0,0.0,0.0,0.0,0.0,198.7,23647.0,44734.0,23.8,6.5,80.0,30.3,2.42,304.0,0.0,0.0,
2026-04-05T03:43:00,04/05/202603:43,20.48,0.0,0.0,51.52,0.0,0.0,0.0,0.0,0.0,198.7,23647.0,44734.0,23.8,6.5,80.0,30.3,2.42,304.0,0.0,0.0,
2026-04-05T03:44:01,04/05/202603:44,20.48,0.0,0.0,51.529999999999994,0.0,0.0,0.0,0.0,0.0,198.7,23647.0,44734.0,23.8,6.5,80.0,30.3,2.42,304.0,0.0,0.0,
2026-04-05T03:45:00,04/05/202603:45,20.490000000000002,0.0,0.0,51.529999999999994,0.0,0.0,0.0,0.0,0.0,198.7,23647.0,44734.0,23.8,6.5,80.0,30.3,2.42,304.0,0.0,0.0,
2026-04-05T03:45:15,04/05/202603:45,20.490000000000002,0.0,0.0,51.529999999999994,0.0,0.0,0.0,0.0,0.0,198.7,23647.0,44734.0,23.8,6.5,80.0,30.3,2.42,304.0,0.0,0.0,
2026-04-05T03:46:01,04/05/202603:46,20.48,0.0,0.0,51.52,0.0,0.0,0.0,0.0,0.0,198.7,23647.0,44734.0,23.8,6.5,80.0,30.3,2.42,304.0,0.0,0.0,
2026-04-05T03:46:15,04/05/202603:46,20.48,0.0,0.0,51.510000000000005,0.0,0.0,0.0,0.0,0.0,198.7,23647.0,44734.0,23.8,6.49,79.9,30.3,2.445,305.4,0.0,0.0,
2026-04-05T03:47:57,04/05/202603:47,20.48,0.0,0.0,51.510000000000005,0.0,0.0,0.0,0.0,0.0,198.7,23647.0,44734.0,23.8,6.4799999999999995,79.8,30.3,2.4699999999999998,306.8,0.0,0.0,
2026-04-05T03:48:01,04/05/202603:48,20.48,0.0,0.0,51.510000000000005,0.0,0.0,0.0,0.0,0.0,198.7,23647.0,44734.0,23.8,6.470000000000001,79.7,30.3,2.495,308.2,0.0,0.0,
2026-04-05T03:49:01,04/05/202603:49,20.48,0.0,0.0,51.510000000000005,0.0,0.0,0.0,0.0,0.0,198.7,23647.0,44734.0,23.8,6.459999999999999,79.6,30.3,2.52,309.6,0.0,0.0,
2026-04-05T03:50:01,04/05/202603:50,20.48,0.0,0.0,51.5,0.0,0.0,0.0,0.0,0.0,198.7,23647.0,44734.0,23.8,6.45,79.5,30.3,2.545,311.0,0.0,0.0,
2026-04-05T03:51:01,04/05/202603:51,20.48,0.0,0.0,51.5,0.0,0.0,0.0,0.0,0.0,198.7,23647.0,44734.0,23.8,6.44,79.4,30.3,2.57,312.4,0.0,0.0,
2026-04-05T03:52:01,04/05/202603:52,20.48,0.0,0.0,51.489999999999995,0.0,0.0,0.0,0.0,0.0,198.7,23647.0,44734.0,23.8,6.43,79.3,30.3,2.5949999999999998,313.8,0.0,0.0,
2026-04-05T03:53:01,04/05/202603:53,20.48,0.0,0.0,51.489999999999995,0.0,0.0,0.0,0.0,0.0,198.7,23647.0,44734.0,23.8,6.42,79.2,30.3,2.62,315.2,0.0,0.0,
2026-04-05T03:54:01,04/05/202603:54,20.490000000000002,0.0,0.0,51.489999999999995,0.0,0.0,0.0,0.0,0.0,198.7,23647.0,44734.0,23.8,6.410000000000001,79.1,30.3,2.645,316.6,0.0,0.0,
2026-04-05T03:55:01,04/05/202603:55,20.5,0.0,0.0,51.5,0.0,0.0,0.0,0.0,0.0,198.7,23647.0,44734.0,23.8,6.4,79.0,30.3,2.67,318.0,0.0,0.0,
2026-04-05T03:56:01,04/05/202603:56,20.5,0.0,0.0,51.5,0.0,0.0,0.0,0.0,0.0,198.7,23647.0,44734.0,23.8,6.4,79.0,30.3,2.67,318.0,0.0,0.0,
2026-04-05T03:57:01,04/05/202603:57,20.5,0.0,0.0,51.510000000000005,0.0,0.0,0.0,0.0,0.0,198.7,23647.0,44734.0,23.8,6.4,79.0,30.3,2.67,318.0,0.0,0.0,
2026-04-05T03:59:09,04/05/202603:59,20.490000000000002,0.0,0.0,51.510000000000005,0.0,0.0,0.0,0.0,0.0,198.7,23647.0,44734.0,23.8,6.4,79.0,30.3,2.67,318.0,0.0,0.0,
2026-04-05T04:00:01,04/05/202604:00,20.48,0.0,0.0,51.510000000000005,0.0,0.0,0.0,0.0,0.0,198.7,23647.0,44734.0,23.8,6.4,79.0,30.3,2.67,318.0,0.0,0.0,
2026-04-05T04:00:03,04/05/202604:00,20.48,0.0,0.0,51.52,0.0,0.0,0.0,0.0,0.0,198.7,23647.0,44734.0,23.8,6.4,79.0,30.3,2.67,318.0,0.0,0.0,
2026-04-05T04:01:00,04/05/202604:01,20.48,0.0,0.0,51.52,0.0,0.0,0.0,0.0,0.0,198.7,23647.0,44734.0,23.8,6.4,79.0,30.3,2.67,318.0,0.0,0.0,
2026-04-05T04:02:01,04/05/202604:02,20.48,0.0,0.0,51.52,0.0,0.0,0.0,0.0,0.0,198.7,23647.0,44734.0,23.8,6.390000000000001,79.0,30.3,2.739,318.0,0.0,0.0,
2026-04-05T04:03:01,04/05/202604:03,20.48,0.0,0.0,51.52,0.0,0.0,0.0,0.0,0.0,198.7,23647.0,44734.0,23.8,6.380000000000001,79.0,30.3,2.808,318.0,0.0,0.0,
2026-04-05T04:04:01,04/05/202604:04,20.48,0.0,0.0,51.52,0.0,0.0,0.0,0.0,0.0,198.7,23647.0,44734.0,23.8,6.37,79.0,30.3,2.877,318.0,0.0,0.0,
2026-04-05T04:04:35,04/05/202604:04,20.47,0.0,0.0,51.510000000000005,0.0,0.0,0.0,0.0,0.0,198.7,23647.0,44734.0,23.8,6.36,79.0,30.3,2.946,318.0,0.0,0.0,
2026-04-05T04:05:01,04/05/202604:05,20.46,0.0,0.0,51.510000000000005,0.0,0.0,0.0,0.0,0.0,198.7,23647.0,44734.0,23.8,6.35,79.0,30.3,3.0149999999999997,318.0,0.0,0.0,
2026-04-05T04:05:35,04/05/202604:05,20.46,0.0,0.0,51.489999999999995,0.0,0.0,0.0,0.0,0.0,198.7,23647.0,44734.0,23.8,6.34,79.0,30.3,3.084,318.0,0.0,0.0,
2026-04-05T04:06:01,04/05/202604:06,20.47,0.0,0.0,51.48,0.0,0.0,0.0,0.0,0.0,198.7,23647.0,44734.0,23.8,6.33,79.0,30.3,3.1529999999999996,318.0,0.0,0.0,
2026-04-05T04:07:01,04/05/202604:07,20.48,0.0,0.0,51.48,0.0,0.0,0.0,0.0,0.0,198.7,23647.0,44734.0,23.8,6.32,79.0,30.3,3.222,318.0,0.0,0.0,
2026-04-05T04:08:01,04/05/202604:08,20.48,0.0,0.0,51.48,0.0,0.0,0.0,0.0,0.0,198.7,23647.0,44734.0,23.8,6.3100000000000005,79.0,30.3,3.2909999999999995,318.0,0.0,0.0,
2026-04-05T04:09:01,04/05/202604:09,20.48,0.0,0.0,51.48,0.0,0.0,0.0,0.0,0.0,198.7,23647.0,44734.0,23.7,6.3,79.0,30.3,3.3600000000000003,318.0,0.0,0.0,
2026-04-05T04:10:21,04/05/202604:10,20.48,0.0,0.0,51.48,0.0,0.0,0.0,0.0,0.0,198.7,23647.0,44734.0,23.8,6.3,79.0,30.3,3.3600000000000003,318.0,0.0,0.0,
2026-04-05T04:11:00,04/05/202604:11,20.48,0.0,0.0,51.48,0.0,0.0,0.0,0.0,0.0,198.7,23647.0,44734.0,23.8,6.3,79.0,30.3,3.3600000000000003,318.0,0.0,0.0,
2026-04-05T04:12:00,04/05/202604:12,20.48,0.0,0.0,51.48,0.0,0.0,0.0,0.0,0.0,198.7,23647.0,44734.0,23.8,6.3,79.0,30.3,3.3600000000000003,318.0,0.0,0.0,
2026-04-05T04:12:13,04/05/202604:12,20.48,0.0,0.0,51.48,0.0,0.0,0.0,0.0,0.0,198.7,23647.0,44734.0,23.7,6.3,79.0,30.3,3.3600000000000003,318.0,0.0,0.0,
2026-04-05T04:13:00,04/05/202604:13,20.48,0.0,0.0,51.48,0.0,0.0,0.0,0.0,0.0,198.7,23647.0,44734.0,23.7,6.3,79.0,30.3,3.3600000000000003,318.0,0.0,0.0,
2026-04-05T04:13:12,04/05/202604:13,20.48,0.0,0.0,51.489999999999995,0.0,0.0,0.0,0.0,0.0,198.7,23647.0,44734.0,23.8,6.3,79.0,30.3,3.3600000000000003,318.0,0.0,0.0,
2026-04-05T04:14:00,04/05/202604:14,20.48,0.0,0.0,51.5,0.0,0.0,0.0,0.0,0.0,198.7,23647.0,44734.0,23.8,6.3,79.0,30.3,3.3600000000000003,318.0,0.0,0.0,
2026-04-05T04:14:13,04/05/202604:14,20.47,0.0,0.0,51.5,0.0,0.0,0.0,0.0,0.0,198.7,23647.0,44734.0,23.8,6.3,79.0,30.3,3.3600000000000003,318.0,0.0,0.0,
2026-04-05T04:15:00,04/05/202604:15,20.46,0.0,0.0,51.5,0.0,0.0,0.0,0.0,0.0,198.7,23647.0,44734.0,23.8,6.3,79.0,30.3,3.3600000000000003,318.0,0.0,0.0,
2026-04-05T04:16:00,04/05/202604:16,20.45,0.0,0.0,51.5,0.0,0.0,0.0,0.0,0.0,198.7,23647.0,44734.0,23.8,6.29,79.0,30.3,3.4219999999999997,318.4,0.0,0.0,
2026-04-05T04:16:13,04/05/202604:16,20.45,0.0,0.0,51.5,0.0,0.0,0.0,0.0,0.0,198.7,23647.0,44734.0,23.8,6.279999999999999,79.0,30.3,3.4839999999999995,318.8,0.0,0.0,
2026-04-05T04:17:00,04/05/202604:17,20.45,0.0,0.0,51.5,0.0,0.0,0.0,0.0,0.0,198.7,23647.0,44734.0,23.8,6.2700000000000005,79.0,30.3,3.5460000000000003,319.2,0.0,0.0,
2026-04-05T04:18:00,04/05/202604:18,20.45,0.0,0.0,51.5,0.0,0.0,0.0,0.0,0.0,198.7,23647.0,44734.0,23.8,6.26,79.0,30.3,3.6079999999999997,319.6,0.0,0.0,
2026-04-05T04:19:00,04/05/202604:19,20.46,0.0,0.0,51.5,0.0,0.0,0.0,0.0,0.0,198.7,23647.0,44734.0,23.7,6.25,79.0,30.3,3.6700000000000004,320.0,0.0,0.0,
2026-04-05T04:20:00,04/05/202604:20,20.47,0.0,0.0,51.5,0.0,0.0,0.0,0.0,0.0,198.7,23647.0,44734.0,23.7,6.24,79.0,30.3,3.732,320.4,0.0,0.0,
2026-04-05T04:20:13,04/05/202604:20,20.46,0.0,0.0,51.5,0.0,0.0,0.0,0.0,0.0,198.7,23647.0,44734.0,23.8,6.2299999999999995,79.0,30.3,3.7939999999999996,320.8,0.0,0.0,
2026-04-05T04:21:33,04/05/202604:21,20.46,0.0,0.0,51.5,0.0,0.0,0.0,0.0,0.0,198.7,23647.0,44734.0,23.8,6.220000000000001,79.0,30.3,3.8560000000000003,321.2,0.0,0.0,
2026-04-05T04:22:00,04/05/202604:22,20.47,0.0,0.0,51.5,0.0,0.0,0.0,0.0,0.0,198.7,23647.0,44734.0,23.8,6.21,79.0,30.3,3.918,321.6,0.0,0.0,
2026-04-05T04:23:01,04/05/202604:23,20.48,0.0,0.0,51.5,0.0,0.0,0.0,0.0,0.0,198.7,23647.0,44734.0,23.8,6.2,79.0,30.3,3.9799999999999995,322.0,0.0,0.0,
2026-04-05T04:24:01,04/05/202604:24,20.490000000000002,0.0,0.0,51.5,0.0,0.0,0.0,0.0,0.0,198.7,23647.0,44734.0,23.7,6.2,79.0,30.3,3.9799999999999995,322.0,0.0,0.0,
2026-04-05T04:25:00,04/05/202604:25,20.490000000000002,0.0,0.0,51.5,0.0,0.0,0.0,0.0,0.0,198.7,23647.0,44734.0,23.7,6.2,79.0,30.3,3.9799999999999995,322.0,0.0,0.0,
2026-04-05T04:26:19,04/05/202604:26,20.490000000000002,0.0,0.0,51.5,0.0,0.0,0.0,0.0,0.0,198.7,23647.0,44734.0,23.7,6.2,79.0,30.3,3.9799999999999995,322.0,0.0,0.0,
2026-04-05T04:27:00,04/05/202604:27,20.490000000000002,0.0,0.0,51.5,0.0,0.0,0.0,0.0,0.0,198.7,23647.0,44734.0,23.7,6.2,79.0,30.3,3.9799999999999995,322.0,0.0,0.0,
2026-04-05T04:28:00,04/05/202604:28,20.490000000000002,0.0,0.0,51.5,0.0,0.0,0.0,0.0,0.0,198.7,23647.0,44734.0,23.7,6.2,79.0,30.3,3.9799999999999995,322.0,0.0,0.0,
2026-04-05T04:29:01,04/05/202604:29,20.490000000000002,0.0,0.0,51.5,0.0,0.0,0.0,0.0,0.0,198.7,23647.0,44734.0,23.7,6.2,79.0,30.3,3.9799999999999995,322.0,0.0,0.0,
2026-04-05T04:30:00,04/05/202604:30,20.5,0.0,0.0,51.5,0.0,0.0,0.0,0.0,0.0,198.7,23647.0,44734.0,23.7,6.2,79.0,30.3,3.9799999999999995,322.0,0.0,0.0,
2026-04-05T04:31:00,04/05/202604:31,20.5,0.0,0.0,51.5,0.0,0.0,0.0,0.0,0.0,198.7,23647.0,44734.0,23.7,6.15,79.0,30.3,4.023,321.3,0.0,0.0,
2026-04-05T04:32:44,04/05/202604:32,20.5,0.0,0.0,51.5,0.0,0.0,0.0,0.0,0.0,198.7,23647.0,44734.0,23.8,6.1,79.1,30.3,4.085,320.0,0.0,0.0,
2026-04-05T04:33:01,04/05/202604:33,20.5,0.0,0.0,51.5,0.0,0.0,0.0,0.0,0.0,198.7,23647.0,44734.0,23.8,6.05,79.2,30.3,4.147,318.7,0.0,0.0,
2026-04-05T04:34:01,04/05/202604:34,20.5,0.0,0.0,51.5,0.0,0.0,0.0,0.0,0.0,198.7,23647.0,44734.0,23.8,6.0,79.3,30.3,4.183999999999999,317.0,0.0,0.0,
2026-04-05T04:35:01,04/05/202604:35,20.5,0.0,0.0,51.5,0.0,0.0,0.0,0.0,0.0,198.7,23647.0,44734.0,23.8,5.95,79.4,30.303000000000004,4.221,315.3,0.0,0.0,
2026-04-05T04:35:35,04/05/202604:35,20.490000000000002,0.0,0.0,51.5,0.0,0.0,0.0,0.0,0.0,198.7,23647.0,44734.0,23.8,5.9,80.0,30.306,4.258,313.6,0.0,0.0,
2026-04-05T04:36:00,04/05/202604:36,20.48,0.0,0.0,51.5,0.0,0.0,0.0,0.0,0.0,198.7,23647.0,44734.0,23.8,5.85,80.6,30.308999999999997,4.295,311.9,0.0,0.0,
2026-04-05T04:37:01,04/05/202604:37,20.47,0.0,0.0,51.5,0.0,0.0,0.0,0.0,0.0,198.7,23647.0,44734.0,23.8,5.8,81.2,30.312,4.332,310.2,0.0,0.0,
2026-04-05T04:38:01,04/05/202604:38,20.46,0.0,0.0,51.5,0.0,0.0,0.0,0.0,0.0,198.7,23647.0,44734.0,23.7,5.75,81.8,30.314999999999998,4.369,308.5,0.0,0.0,
2026-04-05T04:38:34,04/05/202604:38,20.46,0.0,0.0,51.5,0.0,0.0,0.0,0.0,0.0,198.7,23647.0,44734.0,23.8,5.7,82.4,30.318,4.406,306.8,0.0,0.0,
2026-04-05T04:39:00,04/05/202604:39,20.46,0.0,0.0,51.5,0.0,0.0,0.0,0.0,0.0,198.7,23647.0,44734.0,23.8,5.7,83.0,30.320999999999998,4.4,305.8,0.0,0.0,
2026-04-05T04:40:01,04/05/202604:40,20.46,0.0,0.0,51.5,0.0,0.0,0.0,0.0,0.0,198.7,23647.0,44734.0,23.8,5.7,83.5,30.324,4.375,305.4,0.0,0.0,
2026-04-05T04:41:01,04/05/202604:41,20.46,0.0,0.0,51.5,0.0,0.0,0.0,0.0,0.0,198.7,23647.0,44734.0,23.7,5.7,84.0,30.326999999999998,4.35,305.0,0.0,0.0,
2026-04-05T04:42:01,04/05/202604:42,20.46,0.0,0.0,51.5,0.0,0.0,0.0,0.0,0.0,198.7,23647.0,44734.0,23.8,5.7,84.5,30.329999999999995,4.35,305.0,0.0,0.0,
2026-04-05T04:43:55,04/05/202604:43,20.45,0.0,0.0,51.5,0.0,0.0,0.0,0.0,0.0,198.7,23647.0,44734.0,23.8,5.7,85.0,30.329999999999995,4.35,305.0,0.0,0.0,
2026-04-05T04:44:01,04/05/202604:44,20.45,0.0,0.0,51.5,0.0,0.0,0.0,0.0,0.0,198.7,23647.0,44734.0,23.8,5.7,85.0,30.329999999999995,4.35,305.0,0.0,0.0,
2026-04-05T04:44:31,04/05/202604:44,20.46,0.0,0.0,51.5,0.0,0.0,0.0,0.0,0.0,198.7,23647.0,44734.0,23.7,5.7,85.0,30.329999999999995,4.35,305.0,0.0,0.0,
2026-04-05T04:45:01,04/05/202604:45,20.47,0.0,0.0,51.5,0.0,0.0,0.0,0.0,0.0,198.7,23647.0,44734.0,23.7,5.7,85.0,30.329999999999995,4.35,305.0,0.0,0.0,
2026-04-05T04:46:18,04/05/202604:46,20.47,0.0,0.0,51.5,0.0,0.0,0.0,0.0,0.0,198.7,23647.0,44734.0,23.8,5.6899999999999995,85.0,30.329999999999995,4.343999999999999,305.8,0.0,0.0,
2026-04-05T04:47:00,04/05/202604:47,20.46,0.0,0.0,51.5,0.0,0.0,0.0,0.0,0.0,198.7,23647.0,44734.0,23.8,5.68,85.0,30.329999999999995,4.337999999999999,306.6,0.0,0.0,
2026-04-05T04:47:18,04/05/202604:47,20.46,0.0,0.0,51.5,0.0,0.0,0.0,0.0,0.0,198.7,23647.0,44734.0,23.7,5.67,85.0,30.329999999999995,4.332,307.4,0.0,0.0,
2026-04-05T04:48:01,04/05/202604:48,20.46,0.0,0.0,51.5,0.0,0.0,0.0,0.0,0.0,198.7,23647.0,44734.0,23.7,5.66,85.0,30.329999999999995,4.326,308.2,0.0,0.0,
2026-04-05T04:48:18,04/05/202604:48,20.45,0.0,0.0,51.5,0.0,0.0,0.0,0.0,0.0,198.7,23647.0,44734.0,23.7,5.65,85.0,30.329999999999995,4.319999999999999,309.0,0.0,0.0,
2026-04-05T04:49:51,04/05/202604:49,20.45,0.0,0.0,51.5,0.0,0.0,0.0,0.0,0.0,198.7,23647.0,44734.0,23.8,5.64,85.0,30.329999999999995,4.314,309.8,0.0,0.0,
2026-04-05T04:50:01,04/05/202604:50,20.46,0.0,0.0,51.5,0.0,0.0,0.0,0.0,0.0,198.7,23647.0,44734.0,23.8,5.63,85.0,30.329999999999995,4.308,310.6,0.0,0.0,
2026-04-05T04:50:51,04/05/202604:50,20.46,0.0,0.0,51.5,0.0,0.0,0.0,0.0,0.0,198.7,23647.0,44734.0,23.7,5.619999999999999,85.0,30.329999999999995,4.302,311.4,0.0,0.0,
2026-04-05T04:51:01,04/05/202604:51,20.45,0.0,0.0,51.5,0.0,0.0,0.0,0.0,0.0,198.7,23647.0,44734.0,23.7,5.609999999999999,85.0,30.329999999999995,4.296,312.2,0.0,0.0,
2026-04-05T04:51:51,04/05/202604:51,20.45,0.0,0.0,51.489999999999995,0.0,0.0,0.0,0.0,0.0,198.7,23647.0,44734.0,23.7,5.6,85.0,30.329999999999995,4.29,313.0,0.0,0.0,
2026-04-05T04:52:01,04/05/202604:52,20.46,0.0,0.0,51.48,0.0,0.0,0.0,0.0,0.0,198.7,23647.0,44734.0,23.7,5.6,85.0,30.329999999999995,4.29,313.0,0.0,0.0,
2026-04-05T04:55:07,04/05/202604:55,20.46,0.0,0.0,51.470000000000006,0.0,0.0,0.0,0.0,0.0,198.7,23647.0,44734.0,23.7,5.6,85.0,30.329999999999995,4.29,313.0,0.0,0.0,
2026-04-05T04:56:01,04/05/202604:56,20.45,0.0,0.0,51.470000000000006,0.0,0.0,0.0,0.0,0.0,198.7,23647.0,44734.0,23.8,5.6,85.0,30.329999999999995,4.29,313.0,0.0,0.0,
2026-04-05T04:56:26,04/05/202604:56,20.45,0.0,0.0,51.470000000000006,0.0,0.0,0.0,0.0,0.0,198.7,23647.0,44734.0,23.8,5.6,85.0,30.329999999999995,4.29,313.0,0.0,0.0,
2026-04-05T04:57:01,04/05/202604:57,20.46,0.0,0.0,51.470000000000006,0.0,0.0,0.0,0.0,0.0,198.7,23647.0,44734.0,23.8,5.6,85.0,30.329999999999995,4.29,313.0,0.0,0.0,
2026-04-05T04:58:01,04/05/202604:58,20.46,0.0,0.0,51.46,0.0,0.0,0.0,0.0,0.0,198.7,23647.0,44734.0,23.7,5.6,85.0,30.329999999999995,4.29,313.0,0.0,0.0,
2026-04-05T04:59:01,04/05/202604:59,20.46,0.0,0.0,51.46,0.0,0.0,0.0,0.0,0.0,198.7,23647.0,44734.0,23.8,5.6,85.0,30.329999999999995,4.29,313.0,0.0,0.0,
2026-04-05T05:00:00,04/05/202605:00,20.47,0.0,0.0,51.45,0.0,0.0,0.0,0.0,0.0,198.7,23647.0,44734.0,23.7,5.6,85.0,30.329999999999995,4.29,313.0,0.0,0.0,
2026-04-05T05:01:01,04/05/202605:01,20.48,0.0,0.0,51.45,0.0,0.0,0.0,0.0,0.0,198.7,23647.0,44734.0,23.8,5.59,85.0,30.329999999999995,4.221,311.7,0.0,0.0,
2026-04-05T05:02:01,04/05/202605:02,20.48,0.0,0.0,51.46,0.0,0.0,0.0,0.0,0.0,198.7,23647.0,44734.0,23.7,5.58,85.0,30.329999999999995,4.152,310.4,0.0,0.0,
2026-04-05T05:03:01,04/05/202605:03,20.48,0.0,0.0,51.470000000000006,0.0,0.0,0.0,0.0,0.0,198.7,23647.0,44734.0,23.7,5.569999999999999,85.0,30.329999999999995,4.083,309.1,0.0,0.0,
2026-04-05T05:03:59,04/05/202605:03,20.48,0.0,0.0,51.470000000000006,0.0,0.0,0.0,0.0,0.0,198.7,23647.0,44734.0,23.8,5.56,85.0,30.329999999999995,4.014,307.8,0.0,0.0,
2026-04-05T05:04:01,04/05/202605:04,20.48,0.0,0.0,51.46,0.0,0.0,0.0,0.0,0.0,198.7,23647.0,44734.0,23.8,5.55,85.0,30.329999999999995,3.9450000000000003,306.5,0.0,0.0,
2026-04-05T05:05:00,04/05/202605:05,20.47,0.0,0.0,51.46,0.0,0.0,0.0,0.0,0.0,198.7,23647.0,44734.0,23.8,5.54,85.0,30.329999999999995,3.876,305.2,0.0,0.0,
2026-04-05T05:06:18,04/05/202605:06,20.47,0.0,0.0,51.45,0.0,0.0,0.0,0.0,0.0,198.7,23647.0,44734.0,23.7,5.529999999999999,85.0,30.329999999999995,3.807,303.9,0.0,0.0,
2026-04-05T05:06:59,04/05/202605:06,20.46,0.0,0.0,51.45,0.0,0.0,0.0,0.0,0.0,198.7,23647.0,44734.0,23.7,5.5200000000000005,85.0,30.329999999999995,3.7380000000000004,302.6,0.0,0.0,
2026-04-05T05:07:01,04/05/202605:07,20.45,0.0,0.0,51.44,0.0,0.0,0.0,0.0,0.0,198.7,23647.0,44734.0,23.7,5.51,85.0,30.329999999999995,3.6689999999999996,301.3,0.0,0.0,
2026-04-05T05:07:59,04/05/202605:07,20.45,0.0,0.0,51.45,0.0,0.0,0.0,0.0,0.0,198.7,23647.0,44734.0,23.7,5.5,85.0,30.329999999999995,3.6,300.0,0.0,0.0,
2026-04-05T05:08:01,04/05/202605:08,20.45,0.0,0.0,51.45,0.0,0.0,0.0,0.0,0.0,198.7,23647.0,44734.0,23.7,5.5,85.0,30.329999999999995,3.6,300.0,0.0,0.0,
2026-04-05T05:09:01,04/05/202605:09,20.45,0.0,0.0,51.45,0.0,0.0,0.0,0.0,0.0,198.7,23647.0,44734.0,23.7,5.5,85.0,30.329999999999995,3.6,300.0,0.0,0.0,
2026-04-05T05:10:01,04/05/202605:10,20.45,0.0,0.0,51.45,0.0,0.0,0.0,0.0,0.0,198.7,23647.0,44734.0,23.7,5.5,85.0,30.329999999999995,3.6,300.0,0.0,0.0,
2026-04-05T05:10:59,04/05/202605:10,20.45,0.0,0.0,51.46,0.0,0.0,0.0,0.0,0.0,198.7,23647.0,44734.0,23.8,5.5,85.0,30.329999999999995,3.6,300.0,0.0,0.0,
2026-04-05T05:11:01,04/05/202605:11,20.45,0.0,0.0,51.470000000000006,0.0,0.0,0.0,0.0,0.0,198.7,23647.0,44734.0,23.8,5.5,85.0,30.329999999999995,3.6,300.0,0.0,0.0,
2026-04-05T05:12:01,04/05/202605:12,20.45,0.0,0.0,51.470000000000006,0.0,0.0,0.0,0.0,0.0,198.7,23647.0,44734.0,23.8,5.5,85.0,30.329999999999995,3.6,300.0,0.0,0.0,
2026-04-05T05:13:58,04/05/202605:13,20.45,0.0,0.0,51.48,0.0,0.0,0.0,0.0,0.0,198.7,23647.0,44734.0,23.7,5.5,85.0,30.329999999999995,3.6,300.0,0.0,0.0,
2026-04-05T05:14:01,04/05/202605:14,20.46,0.0,0.0,51.489999999999995,0.0,0.0,0.0,0.0,0.0,198.7,23647.0,44734.0,23.7,5.5,85.0,30.329999999999995,3.6,300.0,0.0,0.0,
2026-04-05T05:14:59,04/05/202605:14,20.46,0.0,0.0,51.5,0.0,0.0,0.0,0.0,0.0,198.7,23647.0,44734.0,23.7,5.5,85.0,30.329999999999995,3.6,300.0,0.0,0.0,
2026-04-05T05:15:01,04/05/202605:15,20.45,0.0,0.0,51.5,0.0,0.0,0.0,0.0,0.0,198.7,23647.0,44734.0,23.7,5.5,85.0,30.329999999999995,3.6,300.0,0.0,0.0,
2026-04-05T05:15:24,04/05/202605:15,20.45,0.0,0.0,51.489999999999995,0.0,0.0,0.0,0.0,0.0,198.7,23647.0,44734.0,23.8,5.5,85.0,30.329999999999995,3.6,300.0,0.0,0.0,
2026-04-05T05:16:01,04/05/202605:16,20.45,0.0,0.0,51.48,0.0,0.0,0.0,0.0,0.0,198.7,23647.0,44734.0,23.8,5.5,85.0,30.329999999999995,3.6,300.0,0.0,0.0,
2026-04-05T05:17:30,04/05/202605:17,20.439999999999998,0.0,0.0,51.470000000000006,0.0,0.0,0.0,0.0,0.0,198.7,23647.0,44734.0,23.7,5.5,85.0,30.329999999999995,3.632,300.1,0.0,0.0,
2026-04-05T05:18:00,04/05/202605:18,20.439999999999998,0.0,0.0,51.46,0.0,0.0,0.0,0.0,0.0,198.7,23647.0,44734.0,23.7,5.5,85.0,30.329999999999995,3.664,300.2,0.0,0.0,
2026-04-05T05:19:00,04/05/202605:19,20.439999999999998,0.0,0.0,51.45,0.0,0.0,0.0,0.0,0.0,198.7,23647.0,44734.0,23.7,5.5,85.0,30.329999999999995,3.696,300.3,0.0,0.0,
2026-04-05T05:20:01,04/05/202605:20,20.439999999999998,0.0,0.0,51.45,0.0,0.0,0.0,0.0,0.0,198.7,23647.0,44734.0,23.8,5.5,85.0,30.329999999999995,3.728,300.4,0.0,0.0,
2026-04-05T05:21:01,04/05/202605:21,20.43,0.0,0.0,51.44,0.0,0.0,0.0,0.0,0.0,198.7,23647.0,44734.0,23.7,5.5,85.0,30.329999999999995,3.7600000000000002,300.5,0.0,0.0,
2026-04-05T05:22:01,04/05/202605:22,20.419999999999998,0.0,0.0,51.42999999999999,0.0,0.0,0.0,0.0,0.0,198.7,23647.0,44734.0,23.7,5.5,85.0,30.329999999999995,3.7920000000000003,300.6,0.0,0.0,
2026-04-05T05:23:00,04/05/202605:23,20.419999999999998,0.0,0.0,51.42,0.0,0.0,0.0,0.0,0.0,198.7,23647.0,44734.0,23.7,5.5,85.0,30.329999999999995,3.8240000000000003,300.7,0.0,0.0,
2026-04-05T05:23:24,04/05/202605:23,20.43,0.0,0.0,51.42,0.0,0.0,0.0,0.0,0.0,198.7,23647.0,44734.0,23.7,5.5,85.0,30.329999999999995,3.8560000000000003,300.8,0.0,0.0,
2026-04-05T05:24:00,04/05/202605:24,20.43,0.0,0.0,51.42999999999999,0.0,0.0,0.0,0.0,0.0,198.7,23647.0,44734.0,23.7,5.5,85.0,30.329999999999995,3.8880000000000003,300.9,0.0,0.0,
2026-04-05T05:24:25,04/05/202605:24,20.419999999999998,0.0,0.0,51.42999999999999,0.0,0.0,0.0,0.0,0.0,198.7,23647.0,44734.0,23.7,5.5,85.0,30.329999999999995,3.9200000000000004,301.0,0.0,0.0,
2026-04-05T05:25:01,04/05/202605:25,20.419999999999998,0.0,0.0,51.42999999999999,0.0,0.0,0.0,0.0,0.0,198.7,23647.0,44734.0,23.7,5.5,85.0,30.329999999999995,3.9200000000000004,301.0,0.0,0.0,
2026-04-05T05:26:01,04/05/202605:26,20.419999999999998,0.0,0.0,51.44,0.0,0.0,0.0,0.0,0.0,198.7,23647.0,44734.0,23.7,5.5,85.0,30.329999999999995,3.9200000000000004,301.0,0.0,0.0,
2026-04-05T05:27:01,04/05/202605:27,20.419999999999998,0.0,0.0,51.45,0.0,0.0,0.0,0.0,0.0,198.7,23647.0,44734.0,23.7,5.5,85.0,30.329999999999995,3.9200000000000004,301.0,0.0,0.0,
2026-04-05T05:28:41,04/05/202605:28,20.419999999999998,0.0,0.0,51.45,0.0,0.0,0.0,0.0,0.0,198.7,23647.0,44734.0,23.7,5.5,85.0,30.329999999999995,3.9200000000000004,301.0,0.0,0.0,
2026-04-05T05:29:00,04/05/202605:29,20.419999999999998,0.0,0.0,51.46,0.0,0.0,0.0,0.0,0.0,198.7,23647.0,44734.0,23.7,5.5,85.0,30.329999999999995,3.9200000000000004,301.0,0.0,0.0,
2026-04-05T05:30:01,04/05/202605:30,20.419999999999998,0.0,0.0,51.46,0.0,0.0,0.0,0.0,0.0,198.7,23647.0,44734.0,23.8,5.5,85.0,30.329999999999995,3.9200000000000004,301.0,0.0,0.0,
2026-04-05T05:31:01,04/05/202605:31,20.419999999999998,0.0,0.0,51.470000000000006,0.0,0.0,0.0,0.0,0.0,198.7,23647.0,44734.0,23.7,5.49,85.0,30.329999999999995,3.9130000000000003,301.5,0.0,0.0,
2026-04-05T05:32:01,04/05/202605:32,20.41,0.0,0.0,51.46,0.0,0.0,0.0,0.0,0.0,198.7,23647.0,44734.0,23.7,5.4799999999999995,85.0,30.329999999999995,3.906,302.0,0.0,0.0,
2026-04-05T05:33:01,04/05/202605:33,20.4,0.0,0.0,51.45,0.0,0.0,0.0,0.0,0.0,198.7,23647.0,44734.0,23.8,5.45,85.0,30.329999999999995,3.8560000000000003,302.1,0.0,0.0,
2026-04-05T05:34:01,04/05/202605:34,20.4,0.0,0.0,51.46,0.0,0.0,0.0,0.0,0.0,198.7,23647.0,44734.0,23.7,5.42,85.0,30.329999999999995,3.806,302.2,0.0,0.0,
2026-04-05T05:35:01,04/05/202605:35,20.4,0.0,0.0,51.46,0.0,0.0,0.0,0.0,0.0,198.7,23647.0,44734.0,23.8,5.39,85.0,30.329999999999995,3.7560000000000002,302.3,0.0,0.0,
2026-04-05T05:36:01,04/05/202605:36,20.4,0.0,0.0,51.46,0.0,0.0,0.0,0.0,0.0,198.7,23647.0,44734.0,23.7,5.36,85.1,30.329999999999995,3.7060000000000004,302.4,0.0,0.0,
2026-04-05T05:37:00,04/05/202605:37,20.4,0.0,0.0,51.45,0.0,0.0,0.0,0.0,0.0,198.7,23647.0,44734.0,23.7,5.33,85.2,30.329999999999995,3.656,302.5,0.0,0.0,
2026-04-05T05:38:01,04/05/202605:38,20.4,0.0,0.0,51.44,0.0,0.0,0.0,0.0,0.0,198.7,23647.0,44734.0,23.7,5.3,85.3,30.329999999999995,3.6060000000000003,302.6,0.0,0.0,
2026-04-05T05:39:53,04/05/202605:39,20.4,0.0,0.0,51.44,0.0,0.0,0.0,0.0,0.0,198.7,23647.0,44734.0,23.7,5.2700000000000005,85.4,30.329999999999995,3.556,302.7,0.0,0.0,
2026-04-05T05:40:01,04/05/202605:40,20.4,0.0,0.0,51.45,0.0,0.0,0.0,0.0,0.0,198.7,23647.0,44734.0,23.7,5.24,85.5,30.329999999999995,3.5060000000000002,302.8,0.0,0.0,
2026-04-05T05:41:00,04/05/202605:41,20.4,0.0,0.0,51.45,0.0,0.0,0.0,0.0,0.0,198.7,23647.0,44734.0,23.7,5.220000000000001,85.6,30.329999999999995,3.463,302.4,0.0,0.0,
2026-04-05T05:42:00,04/05/202605:42,20.4,0.0,0.0,51.45,0.0,0.0,0.0,0.0,0.0,198.7,23647.0,44734.0,23.7,5.2,85.7,30.329999999999995,3.4200000000000004,302.0,0.0,0.0,
2026-04-05T05:43:00,04/05/202605:43,20.4,0.0,0.0,51.45,0.0,0.0,0.0,0.0,0.0,198.7,23647.0,44734.0,23.7,5.2,85.8,30.329999999999995,3.4200000000000004,302.0,0.0,0.0,
2026-04-05T05:44:01,04/05/202605:44,20.4,0.0,0.0,51.44,0.0,0.0,0.0,0.0,0.0,198.7,23647.0,44734.0,23.8,5.2,85.9,30.329999999999995,3.4200000000000004,302.0,0.0,0.0,
2026-04-05T05:45:00,04/05/202605:45,20.4,0.0,0.0,51.44,0.0,0.0,0.0,0.0,0.0,198.7,23647.0,44734.0,23.7,5.2,86.0,30.329999999999995,3.4200000000000004,302.0,0.0,0.0,
2026-04-05T05:46:01,04/05/202605:46,20.4,0.0,0.0,51.42999999999999,0.0,0.0,0.0,0.0,0.0,198.7,23647.0,44734.0,23.7,5.2,86.0,30.329999999999995,3.4200000000000004,302.0,0.0,0.0,
2026-04-05T05:47:00,04/05/202605:47,20.4,0.0,0.0,51.42999999999999,0.0,0.0,0.0,0.0,0.0,198.7,23647.0,44734.0,23.7,5.1899999999999995,85.9,30.329999999999995,3.4450000000000003,302.6,0.0,0.0,
2026-04-05T05:48:00,04/05/202605:48,20.4,0.0,0.0,51.44,0.0,0.0,0.0,0.0,0.0,198.7,23647.0,44734.0,23.7,5.18,85.8,30.329999999999995,3.47,303.2,0.0,0.0,
2026-04-05T05:49:00,04/05/202605:49,20.4,0.0,0.0,51.42999999999999,0.0,0.0,0.0,0.0,0.0,198.7,23647.0,44734.0,23.7,5.17,85.7,30.329999999999995,3.495,303.8,0.0,0.0,
2026-04-05T05:51:04,04/05/202605:51,20.4,0.0,0.0,51.42,0.0,0.0,0.0,0.0,0.0,198.7,23647.0,44734.0,23.7,5.16,85.6,30.329999999999995,3.5200000000000005,304.4,0.0,0.0,
2026-04-05T05:52:01,04/05/202605:52,20.4,0.0,0.0,51.42,0.0,0.0,0.0,0.0,0.0,198.7,23647.0,44734.0,23.7,5.15,85.5,30.329999999999995,3.5450000000000004,305.0,0.0,0.0,
2026-04-05T05:53:00,04/05/202605:53,20.4,0.0,0.0,51.42,0.0,0.0,0.0,0.0,0.0,198.7,23647.0,44734.0,23.7,5.14,85.4,30.329999999999995,3.5700000000000003,305.6,0.0,0.0,
2026-04-05T05:54:01,04/05/202605:54,20.4,0.0,0.0,51.42,0.0,0.0,0.0,0.0,0.0,198.7,23647.0,44734.0,23.7,5.13,85.3,30.329999999999995,3.595,306.2,0.0,0.0,
2026-04-05T05:55:01,04/05/202605:55,20.4,0.0,0.0,51.42,0.0,0.0,0.0,0.0,0.0,198.7,23647.0,44734.0,23.7,5.119999999999999,85.2,30.329999999999995,3.62,306.8,0.0,0.0,
2026-04-05T05:56:00,04/05/202605:56,20.4,0.0,0.0,51.42,0.0,0.0,0.0,0.0,0.0,198.7,23647.0,44734.0,23.7,5.109999999999999,85.1,30.329999999999995,3.6450000000000005,307.4,0.0,0.0,
2026-04-05T05:57:01,04/05/202605:57,20.4,0.0,0.0,51.42999999999999,0.0,0.0,0.0,0.0,0.0,198.7,23647.0,44734.0,23.8,5.1,85.0,30.329999999999995,3.6700000000000004,308.0,0.0,0.0,
2026-04-05T05:58:01,04/05/202605:58,20.4,0.0,0.0,51.42999999999999,0.0,0.0,0.0,0.0,0.0,198.7,23647.0,44734.0,23.7,5.1,85.0,30.329999999999995,3.6700000000000004,308.0,0.0,0.0,
2026-04-05T05:59:00,04/05/202605:59,20.4,0.0,0.0,51.410000000000004,0.0,0.0,0.0,0.0,0.0,198.7,23647.0,44734.0,23.7,5.1,85.0,30.329999999999995,3.6700000000000004,308.0,0.0,0.0,
2026-04-05T06:00:01,04/05/202606:00,20.4,0.0,0.0,51.410000000000004,0.0,0.0,0.0,0.0,0.0,198.7,23647.0,44734.0,23.7,5.1,85.0,30.329999999999995,3.6700000000000004,308.0,0.0,0.0,
2026-04-05T06:01:01,04/05/202606:01,20.4,0.0,0.0,51.410000000000004,0.0,0.0,0.0,0.0,0.0,198.7,23647.0,44734.0,23.7,5.1,85.0,30.329999999999995,3.6700000000000004,308.0,0.0,0.0,
2026-04-05T06:02:16,04/05/202606:02,20.4,0.0,0.0,51.4,0.0,0.0,0.0,0.0,0.0,198.7,23647.0,44734.0,23.7,5.1,85.0,30.329999999999995,3.651,308.7,0.0,0.0,
2026-04-05T06:03:00,04/05/202606:03,20.4,0.0,0.0,51.4,0.0,0.0,0.0,0.0,0.0,198.7,23647.0,44734.0,23.7,5.1,85.0,30.329999999999995,3.632,309.4,0.0,0.0,
2026-04-05T06:04:01,04/05/202606:04,20.4,0.0,0.0,51.4,0.0,0.0,0.0,0.0,0.0,198.7,23647.0,44734.0,23.7,5.1,85.0,30.329999999999995,3.6130000000000004,310.1,0.0,0.0,
2026-04-05T06:05:00,04/05/202606:05,20.4,0.0,0.0,51.4,0.0,0.0,0.0,0.0,0.0,198.7,23647.0,44734.0,23.7,5.1,85.0,30.329999999999995,3.594,310.8,0.0,0.0,
2026-04-05T06:06:00,04/05/202606:06,20.4,0.0,0.0,51.4,0.0,0.0,0.0,0.0,0.0,198.7,23647.0,44734.0,23.7,5.1,85.0,30.329999999999995,3.575,311.5,0.0,0.0,
2026-04-05T06:07:01,04/05/202606:07,20.4,0.0,0.0,51.39,0.0,0.0,0.0,0.0,0.0,198.7,23647.0,44734.0,23.7,5.1,85.0,30.329999999999995,3.556,312.2,0.0,0.0,
2026-04-05T06:08:01,04/05/202606:08,20.4,0.0,0.0,51.39,0.0,0.0,0.0,0.0,0.0,198.7,23647.0,44734.0,23.7,5.1,85.0,30.329999999999995,3.537,312.9,0.0,0.0,
2026-04-05T06:09:00,04/05/202606:09,20.4,0.0,0.0,51.4,0.0,0.0,0.0,0.0,0.0,198.7,23647.0,44734.0,23.7,5.1,85.0,30.329999999999995,3.518,313.6,0.0,0.0,
2026-04-05T06:10:00,04/05/202606:10,20.4,0.0,0.0,51.4,0.0,0.0,0.0,0.0,0.0,198.7,23647.0,44734.0,23.7,5.1,85.0,30.329999999999995,3.499,314.3,0.0,0.0,
2026-04-05T06:11:00,04/05/202606:11,20.4,0.0,0.0,51.4,0.0,0.0,0.0,0.0,0.0,198.7,23647.0,44734.0,23.7,5.1,85.0,30.329999999999995,3.4799999999999995,315.0,0.0,0.0,
2026-04-05T06:12:00,04/05/202606:12,20.4,0.0,0.0,51.4,0.0,0.0,0.0,0.0,0.0,198.7,23647.0,44734.0,23.7,5.1,85.0,30.329999999999995,3.4799999999999995,315.0,0.0,0.0,
2026-04-05T06:13:27,04/05/202606:13,20.4,0.0,0.0,51.4,0.0,0.0,0.0,0.0,0.0,198.7,23647.0,44734.0,23.7,5.1,85.0,30.329999999999995,3.4799999999999995,315.0,0.0,0.0,
2026-04-05T06:14:01,04/05/202606:14,20.4,0.0,0.0,51.4,0.0,0.0,0.0,0.0,0.0,198.7,23647.0,44734.0,23.7,5.1,85.0,30.329999999999995,3.4799999999999995,315.0,0.0,0.0,
2026-04-05T06:15:01,04/05/202606:15,20.4,0.0,0.0,51.4,0.0,0.0,0.0,0.0,0.0,198.7,23647.0,44734.0,23.7,5.1,85.0,30.329999999999995,3.4799999999999995,315.0,0.0,0.0,
2026-04-05T06:16:01,04/05/202606:16,20.4,0.0,0.0,51.4,0.0,0.0,0.0,0.0,0.0,198.7,23647.0,44734.0,23.7,5.1,85.0,30.329999999999995,3.4799999999999995,315.0,0.0,0.0,
2026-04-05T06:16:31,04/05/202606:16,20.389999999999997,0.0,0.0,51.39,0.0,0.0,0.0,0.0,0.0,198.7,23647.0,44734.0,23.7,5.09,85.0,30.333,3.4299999999999997,314.7,0.0,0.0,
2026-04-05T06:17:01,04/05/202606:17,20.38,0.0,0.0,51.379999999999995,0.0,0.0,0.0,0.0,0.0,198.7,23647.0,44734.0,23.7,5.08,85.0,30.336000000000002,3.38,314.4,0.0,0.0,
2026-04-05T06:17:21,04/05/202606:17,20.38,0.0,0.0,51.36999999999999,0.0,0.0,0.0,0.0,0.0,198.7,23647.0,44734.0,23.7,5.069999999999999,85.0,30.339,3.3299999999999996,314.1,0.0,0.0,
2026-04-05T06:18:01,04/05/202606:18,20.38,0.0,0.0,51.36,0.0,0.0,0.0,0.0,0.0,198.7,23647.0,44734.0,23.7,5.06,85.0,30.341999999999995,3.28,313.8,0.0,0.0,
2026-04-05T06:19:01,04/05/202606:19,20.38,0.0,0.0,51.36,0.0,0.0,0.0,0.0,0.0,198.7,23647.0,44734.0,23.7,5.05,85.0,30.345,3.2299999999999995,313.5,0.0,0.0,
2026-04-05T06:20:01,04/05/202606:20,20.38,0.0,0.0,51.36,0.0,0.0,0.0,0.0,0.0,198.7,23647.0,44734.0,23.7,5.04,85.0,30.348000000000003,3.18,313.2,0.0,0.0,
2026-04-05T06:21:01,04/05/202606:21,20.38,0.0,0.0,51.36,0.0,0.0,0.0,0.0,0.0,198.7,23647.0,44734.0,23.7,5.029999999999999,85.0,30.351,3.13,312.9,0.0,0.0,
2026-04-05T06:22:01,04/05/202606:22,20.38,0.0,0.0,51.36,0.0,0.0,0.0,0.0,0.0,198.7,23647.0,44734.0,23.7,5.0200000000000005,85.0,30.353999999999996,3.08,312.6,0.0,0.0,
2026-04-05T06:23:00,04/05/202606:23,20.38,0.0,0.0,51.36,0.0,0.0,0.0,0.0,0.0,198.7,23647.0,44734.0,23.7,5.01,85.0,30.357,3.0300000000000002,312.3,0.0,0.0,
2026-04-05T06:24:38,04/05/202606:24,20.38,0.0,0.0,51.36,0.0,0.0,0.0,0.0,0.0,198.7,23647.0,44734.0,23.7,5.0,85.0,30.360000000000003,2.98,312.0,0.0,0.0,
2026-04-05T06:25:00,04/05/202606:25,20.389999999999997,0.0,0.0,51.36999999999999,0.0,0.0,0.0,0.0,0.0,198.7,23647.0,44734.0,23.7,5.0,85.0,30.360000000000003,2.98,312.0,0.0,0.0,
2026-04-05T06:26:00,04/05/202606:26,20.4,0.0,0.0,51.379999999999995,0.0,0.0,0.0,0.0,0.0,198.7,23647.0,44734.0,23.7,5.0,85.0,30.360000000000003,2.98,312.0,0.0,0.0,
2026-04-05T06:27:00,04/05/202606:27,20.4,0.0,0.0,51.39,0.0,0.0,0.0,0.0,0.0,198.7,23647.0,44734.0,23.7,5.0,85.0,30.360000000000003,2.98,312.0,0.0,0.0,
2026-04-05T06:28:00,04/05/202606:28,20.4,0.0,0.0,51.4,0.0,0.0,0.0,0.0,0.0,198.7,23647.0,44734.0,23.7,5.0,85.0,30.360000000000003,2.98,312.0,0.0,0.0,
2026-04-05T06:29:00,04/05/202606:29,20.4,0.0,0.0,51.4,0.0,0.0,0.0,0.0,0.0,198.7,23647.0,44734.0,23.7,5.0,85.0,30.360000000000003,2.98,312.0,0.0,0.0,
2026-04-05T06:29:21,04/05/202606:29,20.41,0.0,0.0,51.4,0.0,0.0,0.0,0.0,0.0,198.7,23647.0,44734.0,23.7,5.0,85.0,30.360000000000003,2.98,312.0,0.0,0.0,
2026-04-05T06:30:00,04/05/202606:30,20.419999999999998,0.0,0.0,51.4,0.0,0.0,0.0,0.0,0.0,198.7,23647.0,44734.0,23.7,5.0,85.0,30.360000000000003,2.98,312.0,0.0,0.0,
2026-04-05T06:31:00,04/05/202606:31,20.43,0.0,0.0,51.4,0.0,0.0,0.0,0.0,0.0,198.7,23647.0,44734.0,23.7,5.0,85.0,30.360000000000003,2.98,312.0,0.0,0.0,
2026-04-05T06:32:00,04/05/202606:32,20.439999999999998,0.0,0.0,51.4,0.0,0.0,0.0,0.0,0.0,198.7,23647.0,44734.0,23.7,4.99,85.0,30.360000000000003,2.893,309.6,0.0,0.0,
2026-04-05T06:33:00,04/05/202606:33,20.45,0.0,0.0,51.4,0.0,0.0,0.0,0.0,0.0,198.7,23647.0,44734.0,23.7,4.9799999999999995,85.0,30.360000000000003,2.806,307.2,0.0,0.0,
2026-04-05T06:34:08,04/05/202606:34,20.46,0.0,0.0,51.4,0.0,0.0,0.0,0.0,0.0,198.7,23647.0,44734.0,23.7,4.9399999999999995,85.0,30.360000000000003,2.607,305.7,0.0,0.0,
2026-04-05T06:36:50,04/05/202606:36,20.5,0.0,0.0,51.4,0.0,0.0,0.0,0.0,0.0,198.7,23647.0,44734.0,23.7,4.9,84.9,30.357,2.408,304.2,0.0,0.0,
2026-04-05T06:37:01,04/05/202606:37,20.54,0.0,0.0,51.4,0.0,0.0,0.0,0.0,0.0,198.7,23647.0,44734.0,23.7,4.86,84.8,30.353999999999996,2.209,302.7,0.0,0.0,
2026-04-05T06:37:50,04/05/202606:37,20.59,0.0,0.0,51.4,0.0,0.0,0.0,0.0,0.0,198.7,23647.0,44734.0,23.7,4.82,84.7,30.351,2.0100000000000002,301.2,0.0,0.0,
2026-04-05T06:38:01,04/05/202606:38,20.64,0.0,0.0,51.4,0.0,0.0,0.0,0.0,0.0,198.7,23647.0,44734.0,23.7,4.779999999999999,84.6,30.348000000000003,1.811,299.7,0.0,0.0,
2026-04-05T06:38:49,04/05/202606:38,20.69,0.0,0.0,51.4,0.0,0.0,0.0,0.0,0.0,198.7,23647.0,44734.0,23.7,4.74,84.5,30.345,1.612,298.2,0.0,0.0,
2026-04-05T06:39:01,04/05/202606:39,20.740000000000002,0.0,0.0,51.4,0.0,0.0,0.0,0.0,0.0,198.7,23647.0,44734.0,23.7,4.7,84.4,30.341999999999995,1.4129999999999998,296.7,0.0,0.0,
2026-04-05T06:39:50,04/05/202606:39,20.81,0.0,0.0,51.39,0.0,0.0,0.0,0.0,0.0,198.7,23647.0,44734.0,23.7,4.659999999999999,84.3,30.339,1.214,295.2,0.0,0.0,
2026-04-05T06:40:00,04/05/202606:40,20.880000000000003,0.0,0.0,51.379999999999995,0.0,0.0,0.0,0.0,0.0,198.7,23647.0,44734.0,23.7,4.63,84.2,30.336000000000002,1.1019999999999999,296.1,0.0,0.0,
2026-04-05T06:40:50,04/05/202606:40,20.97,0.0,0.0,51.36999999999999,0.0,0.0,0.0,0.0,0.0,198.7,23647.0,44734.0,23.7,4.6,84.1,30.333,0.99,297.0,0.0,0.0,
2026-04-05T06:41:00,04/05/202606:41,21.06,0.0,0.0,51.36,0.0,0.0,0.0,0.0,0.0,198.7,23647.0,44734.0,23.7,4.6,84.0,30.329999999999995,0.99,297.0,0.0,0.0,
2026-04-05T06:41:50,04/05/202606:41,21.14,0.0,0.0,51.35,0.0,0.0,0.0,0.0,0.0,198.7,23647.0,44734.0,23.7,4.6,84.0,30.329999999999995,0.99,297.0,0.0,0.0,
2026-04-05T06:42:01,04/05/202606:42,21.22,0.0,0.0,51.339999999999996,0.0,0.0,0.0,0.0,0.0,198.7,23647.0,44734.0,23.7,4.6,84.0,30.329999999999995,0.99,297.0,0.0,0.0,
2026-04-05T06:42:49,04/05/202606:42,21.32,0.0,0.0,51.33,0.0,0.0,0.0,0.0,0.0,198.7,23647.0,44734.0,23.7,4.6,84.0,30.329999999999995,0.99,297.0,0.0,0.0,
2026-04-05T06:43:01,04/05/202606:43,21.419999999999998,0.0,0.0,51.31999999999999,0.0,0.0,0.0,0.0,0.0,198.7,23647.0,44734.0,23.7,4.6,84.0,30.329999999999995,0.99,297.0,0.0,0.0,
2026-04-05T06:43:50,04/05/202606:43,21.55,0.0,0.0,51.31999999999999,0.0,0.0,0.0,0.0,0.0,198.7,23647.0,44734.0,23.7,4.6,84.0,30.329999999999995,0.99,297.0,0.0,0.0,
2026-04-05T06:44:01,04/05/202606:44,21.68,0.0,0.0,51.31,0.0,0.0,0.0,0.0,0.0,198.7,23647.0,44734.0,23.7,4.6,84.0,30.329999999999995,0.99,297.0,0.0,0.0,
2026-04-05T06:44:51,04/05/202606:44,21.84,0.0,0.0,51.31999999999999,0.0,0.0,0.0,0.0,0.0,198.7,23647.0,44734.0,23.7,4.6,84.0,30.329999999999995,0.99,297.0,0.0,0.0,
2026-04-05T06:45:01,04/05/202606:45,22.0,0.0,0.0,51.33,0.0,0.0,0.0,0.0,0.0,198.7,23647.0,44734.0,23.7,4.6,84.0,30.329999999999995,0.99,297.0,0.0,0.0,
2026-04-05T06:47:02,04/05/202606:47,22.28,0.0,0.0,51.339999999999996,0.0,0.0,0.0,0.0,0.0,198.7,23647.0,44734.0,23.7,4.6,84.0,30.329999999999995,1.077,295.7,0.0,0.0,
2026-04-05T06:47:50,04/05/202606:47,22.669999999999998,0.0,0.0,51.35,0.0,0.0,0.0,0.0,0.0,198.7,23647.0,44734.0,23.7,4.6,84.0,30.329999999999995,1.1640000000000001,294.4,0.0,0.0,
2026-04-05T06:48:00,04/05/202606:48,23.04,0.0,0.0,51.36,0.0,0.0,0.0,0.0,0.0,198.7,23647.0,44734.0,23.7,4.6,84.0,30.329999999999995,1.251,293.1,0.0,0.0,
2026-04-05T06:48:01,04/05/202606:48,23.43,0.0,0.0,51.36999999999999,0.0,0.0,0.0,0.0,0.0,198.7,23647.0,44734.0,23.7,4.6,84.0,30.329999999999995,1.338,291.8,0.0,0.0,
2026-04-05T06:49:00,04/05/202606:49,23.79,0.0,0.0,51.379999999999995,0.0,0.0,0.0,0.0,0.0,198.7,23647.0,44734.0,23.7,4.6,84.0,30.329999999999995,1.425,290.5,0.0,0.0,
2026-04-05T06:49:01,04/05/202606:49,24.35,0.0,0.0,51.379999999999995,0.0,0.0,0.0,0.0,0.0,198.7,23647.0,44734.0,23.7,4.6,84.0,30.329999999999995,1.512,289.2,0.0,0.0,
2026-04-05T06:50:01,04/05/202606:50,25.119999999999997,0.0,0.0,51.36999999999999,0.0,0.0,0.0,0.0,0.0,198.7,23647.0,44734.0,23.7,4.6,84.0,30.329999999999995,1.599,287.9,0.0,0.0,
2026-04-05T06:51:00,04/05/202606:51,26.21,0.0,0.0,51.36999999999999,0.0,0.0,0.0,0.0,0.0,198.7,23647.0,44734.0,23.7,4.6,84.0,30.329999999999995,1.686,286.6,0.0,0.0,
2026-04-05T06:52:00,04/05/202606:52,27.25,0.0,0.0,51.36,0.0,0.0,0.0,0.0,0.0,198.7,23647.0,44734.0,23.7,4.6,84.0,30.329999999999995,1.7730000000000001,285.3,0.0,0.0,
2026-04-05T06:52:01,04/05/202606:52,28.740000000000002,0.0,0.0,51.35,0.0,0.0,0.0,0.0,0.0,198.7,23647.0,44734.0,23.7,4.6,84.0,30.329999999999995,1.86,284.0,0.0,0.0,
2026-04-05T06:53:00,04/05/202606:53,30.090000000000003,0.0,0.0,51.339999999999996,0.0,0.0,0.0,0.0,0.0,198.7,23647.0,44734.0,23.7,4.6,84.0,30.329999999999995,1.86,284.0,0.0,0.0,
2026-04-05T06:53:01,04/05/202606:53,32.09,0.0,0.0,51.33,0.0,0.0,0.0,0.0,0.0,198.7,23647.0,44734.0,23.7,4.6,84.0,30.329999999999995,1.86,284.0,0.0,0.0,
2026-04-05T06:54:01,04/05/202606:54,34.86,0.0,0.0,51.33,0.0,0.0,0.0,0.0,0.0,198.7,23647.0,44734.0,23.7,4.6,84.0,30.329999999999995,1.86,284.0,0.0,0.0,
2026-04-05T06:55:00,04/05/202606:55,37.61,0.0,0.0,51.33,0.0,0.0,0.0,0.0,0.0,198.7,23647.0,44734.0,23.7,4.6,84.0,30.329999999999995,1.86,284.0,0.0,0.0,
2026-04-05T06:55:01,04/05/202606:55,40.35,0.0,0.0,51.33,0.0,0.0,0.0,0.0,0.0,198.7,23647.0,44734.0,23.7,4.6,84.0,30.329999999999995,1.86,284.0,0.0,0.0,
2026-04-05T06:56:52,04/05/202606:56,42.89,0.0,0.0,51.339999999999996,0.0,0.0,0.0,0.0,0.0,198.7,23647.0,44734.0,23.7,4.6,84.0,30.329999999999995,1.86,284.0,0.0,0.0,
2026-04-05T06:58:13,04/05/202606:58,45.19,0.0,0.0,51.339999999999996,0.0,0.0,0.0,0.0,0.0,198.7,23647.0,44734.0,23.7,4.6,84.0,30.329999999999995,1.86,284.0,0.0,0.0,
2026-04-05T06:59:00,04/05/202606:59,47.17,0.0,0.0,51.35,0.0,0.0,0.0,0.0,0.0,198.7,23647.0,44734.0,23.7,4.6,84.0,30.329999999999995,1.86,284.0,0.0,0.0,
2026-04-05T07:00:01,04/05/202607:00,49.15,0.0,0.0,51.35,0.0,0.0,0.0,0.0,0.0,198.7,23647.0,44734.0,23.7,4.6,84.0,30.329999999999995,1.86,284.0,0.0,0.0,
2026-04-05T07:01:01,04/05/202607:01,50.68,0.0,0.0,51.35,0.0,0.0,0.0,0.0,0.0,198.7,23647.0,44734.0,23.7,4.59,84.0,30.333,1.811,282.6,0.0,0.0,
2026-04-05T07:01:52,04/05/202607:01,52.220000000000006,0.0,0.0,51.36,0.0,0.0,0.0,0.0,0.0,198.7,23647.0,44734.0,23.7,4.58,84.0,30.336000000000002,1.762,281.2,0.0,0.0,
2026-04-05T07:02:00,04/05/202607:02,53.0,0.0,0.0,51.36999999999999,0.0,0.0,0.0,0.0,0.0,198.7,23647.0,44734.0,23.7,4.569999999999999,84.0,30.339,1.7130000000000003,279.8,0.0,0.0,
2026-04-05T07:02:53,04/05/202607:02,53.0,0.0,0.0,51.36999999999999,0.0,0.0,0.0,0.0,0.0,198.7,23647.0,44734.0,23.7,4.56,84.0,30.341999999999995,1.6640000000000001,278.4,0.0,0.0,
2026-04-05T07:03:00,04/05/202607:03,53.0,0.0,0.0,51.36999999999999,0.0,0.0,0.0,0.0,0.0,198.7,23647.0,44734.0,23.7,4.55,84.0,30.345,1.6150000000000002,277.0,0.0,0.0,
2026-04-05T07:03:51,04/05/202607:03,53.02,0.0,0.0,51.36,0.0,0.0,0.0,0.0,0.0,198.7,23647.0,44734.0,23.7,4.54,84.0,30.348000000000003,1.566,275.6,0.0,0.0,
2026-04-05T07:04:01,04/05/202607:04,53.04,0.0,0.0,51.35,0.0,0.0,0.0,0.0,0.0,198.7,23647.0,44734.0,23.7,4.529999999999999,84.0,30.351,1.5170000000000001,274.2,0.0,0.0,
2026-04-05T07:05:00,04/05/202607:05,53.05,0.0,0.0,51.35,0.0,0.0,0.0,0.0,0.0,198.7,23647.0,44734.0,23.7,4.5200000000000005,84.0,30.353999999999996,1.4680000000000002,272.8,0.0,0.0,
2026-04-05T07:05:52,04/05/202607:05,53.05,0.0,0.0,51.339999999999996,0.0,0.0,0.0,0.0,0.0,198.7,23647.0,44734.0,23.7,4.51,84.0,30.357,1.419,271.4,0.0,0.0,
2026-04-05T07:06:01,04/05/202607:06,53.05,0.0,0.0,51.339999999999996,0.0,0.0,0.0,0.0,0.0,198.7,23647.0,44734.0,23.7,4.5,84.0,30.360000000000003,1.37,270.0,0.0,0.0,
2026-04-05T07:06:52,04/05/202607:06,53.06,0.0,0.0,51.339999999999996,0.0,0.0,0.0,0.0,0.0,198.7,23647.0,44734.0,23.7,4.5,84.0,30.360000000000003,1.37,270.0,0.0,0.0,
2026-04-05T07:07:00,04/05/202607:07,53.06,0.0,0.0,51.33,0.0,0.0,0.0,0.0,0.0,198.7,23647.0,44734.0,23.7,4.5,84.0,30.360000000000003,1.37,270.0,0.0,0.0,
2026-04-05T07:08:01,04/05/202607:08,53.06,0.0,0.0,51.33,0.0,0.0,0.0,0.0,0.0,198.7,23647.0,44734.0,23.7,4.5,84.0,30.360000000000003,1.37,270.0,0.0,0.0,
2026-04-05T07:09:25,04/05/202607:09,53.07000000000001,0.0,0.0,51.33,0.0,0.0,0.0,0.0,0.0,198.7,23647.0,44734.0,23.7,4.5,84.0,30.360000000000003,1.37,270.0,0.0,0.0,
2026-04-05T07:09:52,04/05/202607:09,53.089999999999996,0.0,0.0,51.31999999999999,0.0,0.0,0.0,0.0,0.0,198.7,23647.0,44734.0,23.7,4.5,84.0,30.360000000000003,1.37,270.0,0.0,0.0,
2026-04-05T07:10:00,04/05/202607:10,53.1,0.0,0.0,51.31999999999999,0.0,0.0,0.0,0.0,0.0,198.7,23647.0,44734.0,23.7,4.5,84.0,30.360000000000003,1.37,270.0,0.0,0.0,
2026-04-05T07:11:01,04/05/202607:11,53.11,0.0,0.0,51.31999999999999,0.0,0.0,0.0,0.0,0.0,198.7,23647.0,44734.0,23.7,4.5,84.0,30.360000000000003,1.37,270.0,0.0,0.0,
2026-04-05T07:11:52,04/05/202607:11,53.11,0.0,0.0,51.31999999999999,0.0,0.0,0.0,0.0,0.0,198.7,23647.0,44734.0,23.6,4.5,84.0,30.360000000000003,1.37,270.0,0.0,0.0,
2026-04-05T07:12:01,04/05/202607:12,53.120000000000005,0.0,0.0,51.31999999999999,0.0,0.0,0.0,0.0,0.0,198.7,23647.0,44734.0,23.6,4.5,84.0,30.360000000000003,1.37,270.0,0.0,0.0,
2026-04-05T07:12:52,04/05/202607:12,53.14,0.0,0.0,51.31999999999999,0.0,0.0,0.0,0.0,0.0,198.7,23647.0,44734.0,23.7,4.5,84.0,30.360000000000003,1.37,270.0,0.0,0.0,
2026-04-05T07:13:00,04/05/202607:13,53.15,0.0,0.0,51.31999999999999,0.0,0.0,0.0,0.0,0.0,198.7,23647.0,44734.0,23.7,4.5,84.0,30.360000000000003,1.37,270.0,0.0,0.0,
2026-04-05T07:14:01,04/05/202607:14,53.160000000000004,0.0,0.0,51.31999999999999,0.0,0.0,0.0,0.0,0.0,198.7,23647.0,44734.0,23.7,4.5,84.0,30.360000000000003,1.37,270.0,0.0,0.0,
2026-04-05T07:14:51,04/05/202607:14,53.18000000000001,0.0,0.0,51.31,0.0,0.0,0.0,0.0,0.0,198.7,23647.0,44734.0,23.6,4.5,84.0,30.360000000000003,1.37,270.0,0.0,0.0,
2026-04-05T07:15:00,04/05/202607:15,53.2,0.0,0.0,51.3,0.0,0.0,0.0,0.0,0.0,198.7,23647.0,44734.0,23.6,4.5,84.0,30.360000000000003,1.37,270.0,0.0,0.0,
2026-04-05T07:15:52,04/05/202607:15,52.989999999999995,0.01,0.5298999999999999,51.3,0.01,0.513,0.5,0.0,0.0,198.7,23647.0,44734.0,23.6,4.49,84.0,30.360000000000003,1.413,270.0,0.0,0.0,0.968107190035856
2026-04-05T07:16:00,04/05/202607:16,52.779999999999994,0.02,1.0555999999999999,51.3,0.02,1.026,1.0,0.0,0.0,198.7,23647.0,44734.0,23.6,4.4799999999999995,84.0,30.360000000000003,1.456,270.0,0.0,0.0,0.9719590754073514
2026-04-05T07:16:52,04/05/202607:16,60.67,0.02,1.2134,51.3,0.02,1.026,1.0,0.0,0.0,198.7,23647.0,44734.0,23.7,4.470000000000001,84.0,30.360000000000003,1.499,270.0,0.0,0.0,0.8455579363771222
2026-04-05T07:17:00,04/05/202607:17,68.57000000000001,0.02,1.3714000000000002,51.3,0.02,1.026,1.0,0.0,0.0,198.7,23647.0,44734.0,23.7,4.46,84.0,30.360000000000003,1.5420000000000003,270.0,0.0,0.0,0.7481405862622137
2026-04-05T07:17:53,04/05/202607:17,76.69,0.02,1.5338,51.31,0.02,1.0262,1.0,0.0,0.0,198.7,23647.0,44734.0,23.6,4.45,84.0,30.360000000000003,1.5850000000000002,270.0,0.0,0.0,0.6690572434476464
2026-04-05T07:18:01,04/05/202607:18,84.8,0.02,1.696,51.31999999999999,0.02,1.0264,1.0,0.0,0.0,198.7,23647.0,44734.0,23.6,4.44,84.0,30.360000000000003,1.6280000000000001,270.0,0.0,0.0,0.6051886792452831
2026-04-05T07:18:53,04/05/202607:18,92.97999999999999,0.02,1.8596,51.33,0.02,1.0266,1.0,0.0,0.0,198.7,23647.0,44734.0,23.6,4.430000000000001,84.0,30.360000000000003,1.671,270.0,0.0,0.0,0.5520542052054205
2026-04-05T07:19:01,04/05/202607:19,101.16,0.02,2.0232,51.339999999999996,0.02,1.0268,1.0,0.0,0.0,198.7,23647.0,44734.0,23.6,4.42,84.0,30.360000000000003,1.714,270.0,0.0,0.0,0.5075128509292209
2026-04-05T07:20:36,04/05/202607:20,109.39000000000001,0.02,2.1878,51.35,0.02,1.0270000000000001,1.0,0.0,0.0,198.7,23647.0,44734.0,23.6,4.41,84.0,30.360000000000003,1.7570000000000001,270.0,0.0,0.0,0.46942133650242257
2026-04-05T07:20:52,04/05/202607:20,117.65,0.02,2.353,51.36,0.02,1.0272000000000001,1.0,0.0,0.0,198.7,23647.0,44734.0,23.6,4.4,84.0,30.360000000000003,1.8,270.0,0.0,0.0,0.43654908627284317
2026-04-05T07:21:00,04/05/202607:21,126.13,0.01,1.2613,51.36999999999999,0.01,0.5136999999999999,0.5,0.0,0.0,198.7,23647.0,44734.0,23.6,4.4,84.0,30.360000000000003,1.8,270.0,0.0,0.0,0.4072782050265598
2026-04-05T07:21:52,04/05/202607:21,134.65,0.0,0.0,51.36999999999999,0.0,0.0,0.0,0.0,0.0,198.7,23647.0,44734.0,23.7,4.4,84.0,30.360000000000003,1.8,270.0,0.0,0.0,
2026-04-05T07:22:01,04/05/202607:22,135.07,0.0,0.0,51.36999999999999,0.0,0.0,0.0,0.0,0.0,198.7,23647.0,44734.0,23.7,4.4,84.0,30.360000000000003,1.8,270.0,0.0,0.0,
2026-04-05T07:22:52,04/05/202607:22,135.53,0.0,0.0,51.379999999999995,0.0,0.0,0.0,0.0,0.0,198.7,23647.0,44734.0,23.6,4.4,84.0,30.360000000000003,1.8,270.0,0.0,0.0,
2026-04-05T07:23:00,04/05/202607:23,135.77,0.0,0.0,51.379999999999995,0.0,0.0,0.0,0.0,0.0,198.7,23647.0,44734.0,23.6,4.4,84.0,30.360000000000003,1.8,270.0,0.0,0.0,
2026-04-05T07:23:52,04/05/202607:23,136.05,0.0,0.0,51.379999999999995,0.0,0.0,0.0,0.0,0.0,198.7,23647.0,44734.0,23.6,4.4,84.0,30.360000000000003,1.8,270.0,0.0,0.0,
2026-04-05T07:24:00,04/05/202607:24,136.26,0.0,0.0,51.379999999999995,0.0,0.0,0.0,0.0,0.0,198.7,23647.0,44734.0,23.6,4.4,84.0,30.360000000000003,1.8,270.0,0.0,0.0,
2026-04-05T07:24:52,04/05/202607:24,136.49,0.0,0.0,51.379999999999995,0.0,0.0,0.0,0.0,0.0,198.7,23647.0,44734.0,23.6,4.4,84.0,30.360000000000003,1.8,270.0,0.0,0.0,
2026-04-05T07:25:00,04/05/202607:25,136.66,0.0,0.0,51.379999999999995,0.0,0.0,0.0,0.0,0.0,198.7,23647.0,44734.0,23.6,4.4,84.0,30.360000000000003,1.8,270.0,0.0,0.0,
2026-04-05T07:25:53,04/05/202607:25,136.82999999999998,0.0,0.0,51.36999999999999,0.0,0.0,0.0,0.0,0.0,198.7,23647.0,44734.0,23.7,4.4,84.0,30.360000000000003,1.8,270.0,0.0,0.0,
2026-04-05T07:26:00,04/05/202607:26,137.0,0.0,0.0,51.36,0.0,0.0,0.0,0.0,0.0,198.7,23647.0,44734.0,23.7,4.4,84.0,30.360000000000003,1.8,270.0,0.0,0.0,
2026-04-05T07:26:52,04/05/202607:26,137.16,0.0,0.0,51.36,0.0,0.0,0.0,0.0,0.0,198.7,23647.0,44734.0,23.6,4.4,84.0,30.360000000000003,1.8,270.0,0.0,0.0,
2026-04-05T07:27:00,04/05/202607:27,137.32,0.0,0.0,51.36999999999999,0.0,0.0,0.0,0.0,0.0,198.7,23647.0,44734.0,23.7,4.4,84.0,30.360000000000003,1.8,270.0,0.0,0.0,
2026-04-05T07:27:55,04/05/202607:27,137.45999999999998,0.0,0.0,51.36999999999999,0.0,0.0,0.0,0.0,0.0,198.7,23647.0,44734.0,23.6,4.4,84.0,30.360000000000003,1.8,270.0,0.0,0.0,
2026-04-05T07:28:00,04/05/202607:28,137.6,0.0,0.0,51.36999999999999,0.0,0.0,0.0,0.0,0.0,198.7,23647.0,44734.0,23.6,4.4,84.0,30.360000000000003,1.8,270.0,0.0,0.0,
2026-04-05T07:28:56,04/05/202607:28,137.70999999999998,0.0,0.0,51.36999999999999,0.0,0.0,0.0,0.0,0.0,198.7,23647.0,44734.0,23.7,4.4,84.0,30.360000000000003,1.8,270.0,0.0,0.0,
2026-04-05T07:29:01,04/05/202607:29,137.82,0.0,0.0,51.36999999999999,0.0,0.0,0.0,0.0,0.0,198.7,23647.0,44734.0,23.7,4.4,84.0,30.360000000000003,1.8,270.0,0.0,0.0,
2026-04-05T07:29:55,04/05/202607:29,137.92000000000002,0.0,0.0,51.36,0.0,0.0,0.0,0.0,0.0,198.7,23647.0,44734.0,23.6,4.4,84.0,30.360000000000003,1.8,270.0,0.0,0.0,
2026-04-05T07:30:00,04/05/202607:30,138.02,0.0,0.0,51.35,0.0,0.0,0.0,0.0,0.0,198.7,23647.0,44734.0,23.6,4.4,84.0,30.360000000000003,1.8,270.0,0.0,0.0,
2026-04-05T07:31:47,04/05/202607:31,138.1,0.0,0.0,51.36,0.0,0.0,0.0,0.0,0.0,198.7,23647.0,44734.0,23.7,4.37,83.9,30.360000000000003,1.893,270.9,1.0,0.01,
2026-04-05T07:31:55,04/05/202607:31,138.2,0.0,0.0,51.36,0.0,0.0,0.0,0.0,0.0,198.7,23647.0,44734.0,23.7,4.340000000000001,83.8,30.360000000000003,2.092,275.4,2.0,0.02,
2026-04-05T07:32:01,04/05/202607:32,138.27,0.0,0.0,51.36,0.0,0.0,0.0,0.0,0.0,198.7,23647.0,44734.0,23.7,4.3100000000000005,83.7,30.360000000000003,2.291,279.9,3.0,0.030000000000000006,
2026-04-05T07:32:56,04/05/202607:32,138.35999999999999,0.0,0.0,51.35,0.0,0.0,0.0,0.0,0.0,198.7,23647.0,44734.0,23.6,4.279999999999999,83.6,30.360000000000003,2.4899999999999998,284.4,4.0,0.04,
2026-04-05T07:33:01,04/05/202607:33,138.43,0.0,0.0,51.339999999999996,0.0,0.0,0.0,0.0,0.0,198.7,23647.0,44734.0,23.6,4.25,83.5,30.360000000000003,2.689,288.9,5.0,0.05,
2026-04-05T07:33:56,04/05/202607:33,138.53,0.0,0.0,51.339999999999996,0.0,0.0,0.0,0.0,0.0,198.7,23647.0,44734.0,23.6,4.220000000000001,83.4,30.360000000000003,2.888,293.4,6.0,0.06000000000000001,
2026-04-05T07:34:01,04/05/202607:34,138.62,0.0,0.0,51.339999999999996,0.0,0.0,0.0,0.0,0.0,198.7,23647.0,44734.0,23.6,4.1899999999999995,83.3,30.360000000000003,3.087,297.9,7.0,0.07,
2026-04-05T07:34:56,04/05/202607:34,138.72,0.0,0.0,51.339999999999996,0.0,0.0,0.0,0.0,0.0,198.7,23647.0,44734.0,23.6,4.159999999999999,83.4,30.357,3.286,302.4,8.0,0.08,
2026-04-05T07:35:01,04/05/202607:35,138.81,0.0,0.0,51.35,0.0,0.0,0.0,0.0,0.0,198.7,23647.0,44734.0,23.6,4.13,83.5,30.353999999999996,3.4850000000000003,306.9,9.0,0.09,
2026-04-05T07:35:56,04/05/202607:35,138.91,0.0,0.0,51.36,0.0,0.0,0.0,0.0,0.0,198.7,23647.0,44734.0,23.6,4.1,83.6,30.351,3.684,311.4,10.0,0.1,
2026-04-05T07:36:00,04/05/202607:36,139.0,0.0,0.0,51.36,0.0,0.0,0.0,0.0,0.0,198.7,23647.0,44734.0,23.6,4.1,83.8,30.348000000000003,3.79,315.0,10.0,0.1,
2026-04-05T07:36:56,04/05/202607:36,138.56,0.0,0.0,51.36999999999999,0.0,0.0,0.0,0.0,0.0,198.7,23647.0,44734.0,23.6,4.1,84.0,30.345,3.79,315.0,10.0,0.1,
2026-04-05T07:37:01,04/05/202607:37,138.12,0.0,0.0,51.379999999999995,0.0,0.0,0.0,0.0,0.0,198.7,23647.0,44734.0,23.6,4.1,84.2,30.341999999999995,3.79,315.0,10.0,0.1,
2026-04-05T07:37:56,04/05/202607:37,138.18,0.0,0.0,51.39,0.0,0.0,0.0,0.0,0.0,198.7,23647.0,44734.0,23.6,4.1,84.4,30.339,3.79,315.0,10.0,0.1,
2026-04-05T07:38:01,04/05/202607:38,138.24,0.0,0.0,51.4,0.0,0.0,0.0,0.0,0.0,198.7,23647.0,44734.0,23.6,4.1,84.6,30.336000000000002,3.79,315.0,10.0,0.1,
2026-04-05T07:38:56,04/05/202607:38,138.22,0.0,0.0,51.4,0.0,0.0,0.0,0.0,0.0,198.7,23647.0,44734.0,23.7,4.1,84.8,30.333,3.79,315.0,10.0,0.1,
2026-04-05T07:39:00,04/05/202607:39,138.2,0.0,0.0,51.4,0.0,0.0,0.0,0.0,0.0,198.7,23647.0,44734.0,23.7,4.1,85.0,30.329999999999995,3.79,315.0,10.0,0.1,
2026-04-05T07:39:56,04/05/202607:39,138.26,0.0,0.0,51.4,0.0,0.0,0.0,0.0,0.0,198.7,23647.0,44734.0,23.6,4.1,85.0,30.329999999999995,3.79,315.0,10.0,0.1,
2026-04-05T07:40:00,04/05/202607:40,138.32,0.0,0.0,51.4,0.0,0.0,0.0,0.0,0.0,198.7,23647.0,44734.0,23.6,4.1,85.0,30.329999999999995,3.79,315.0,10.0,0.1,
2026-04-05T07:41:01,04/05/202607:41,138.37,0.0,0.0,51.4,0.0,0.0,0.0,0.0,0.0,198.7,23647.0,44734.0,23.6,4.1,85.0,30.329999999999995,3.79,315.0,10.0,0.1,
2026-04-05T07:41:06,04/05/202607:41,138.34,0.0,0.0,51.4,0.0,0.0,0.0,0.0,0.0,198.7,23647.0,44734.0,23.6,4.1,85.0,30.329999999999995,3.79,315.0,10.0,0.1,
2026-04-05T07:42:58,04/05/202607:42,138.92000000000002,0.0,0.0,51.4,0.0,0.0,0.0,0.0,0.0,198.7,23647.0,44734.0,23.7,4.1,85.0,30.329999999999995,3.79,315.0,10.0,0.1,
2026-04-05T07:43:01,04/05/202607:43,139.5,0.0,0.0,51.4,0.0,0.0,0.0,0.0,0.0,198.7,23647.0,44734.0,23.7,4.1,85.0,30.329999999999995,3.79,315.0,10.0,0.1,
2026-04-05T07:43:06,04/05/202607:43,139.57,0.0,0.0,51.4,0.0,0.0,0.0,0.0,0.0,198.7,23647.0,44734.0,23.6,4.1,85.0,30.329999999999995,3.79,315.0,10.0,0.1,
2026-04-05T07:44:01,04/05/202607:44,139.64000000000001,0.0,0.0,51.4,0.0,0.0,0.0,0.0,0.0,198.7,23647.0,44734.0,23.6,4.1,85.0,30.329999999999995,3.79,315.0,10.0,0.1,
2026-04-05T07:44:06,04/05/202607:44,139.8,0.0,0.0,51.4,0.0,0.0,0.0,0.0,0.0,198.7,23647.0,44734.0,23.7,4.1,85.0,30.329999999999995,3.79,315.0,10.0,0.1,
2026-04-05T07:45:00,04/05/202607:45,139.95999999999998,0.0,0.0,51.4,0.0,0.0,0.0,0.0,0.0,198.7,23647.0,44734.0,23.7,4.1,85.0,30.329999999999995,3.79,315.0,10.0,0.1,
2026-04-05T07:45:06,04/05/202607:45,140.04000000000002,0.0,0.0,51.4,0.0,0.0,0.0,0.0,0.0,198.7,23647.0,44734.0,23.6,4.1,85.0,30.329999999999995,3.79,315.0,10.0,0.1,
2026-04-05T07:46:01,04/05/202607:46,140.12,0.0,0.0,51.4,0.0,0.0,0.0,0.0,0.0,198.7,23647.0,44734.0,23.6,4.1,85.0,30.329999999999995,3.79,315.0,10.0,0.1,
2026-04-05T07:46:06,04/05/202607:46,140.20999999999998,0.0,0.0,51.410000000000004,0.0,0.0,0.0,0.0,0.0,198.7,23647.0,44734.0,23.6,4.13,85.0,30.329999999999995,3.809,315.2,13.4,0.1,
2026-04-05T07:47:01,04/05/202607:47,140.38,0.0,0.0,51.42,0.0,0.0,0.0,0.0,0.0,198.7,23647.0,44734.0,23.6,4.159999999999999,85.0,30.329999999999995,3.8280000000000003,315.4,16.8,0.1,
2026-04-05T07:47:06,04/05/202607:47,140.45999999999998,0.0,0.0,51.42999999999999,0.0,0.0,0.0,0.0,0.0,198.7,23647.0,44734.0,23.7,4.1899999999999995,85.0,30.329999999999995,3.847,315.6,20.2,0.1,
2026-04-05T07:48:00,04/05/202607:48,140.54000000000002,0.0,0.0,51.44,0.0,0.0,0.0,0.0,0.0,198.7,23647.0,44734.0,23.7,4.220000000000001,85.0,30.329999999999995,3.8659999999999997,315.8,23.6,0.1,
2026-04-05T07:48:07,04/05/202607:48,140.63,0.0,0.0,51.44,0.0,0.0,0.0,0.0,0.0,198.7,23647.0,44734.0,23.6,4.25,85.0,30.329999999999995,3.8850000000000002,316.0,27.0,0.1,
2026-04-05T07:49:00,04/05/202607:49,140.72,0.0,0.0,51.44,0.0,0.0,0.0,0.0,0.0,198.7,23647.0,44734.0,23.6,4.279999999999999,85.0,30.329999999999995,3.904,316.2,30.4,0.1,
2026-04-05T07:49:06,04/05/202607:49,140.78,0.0,0.0,51.45,0.0,0.0,0.0,0.0,0.0,198.7,23647.0,44734.0,23.7,4.3100000000000005,85.0,30.329999999999995,3.9229999999999996,316.4,33.8,0.1,
2026-04-05T07:50:01,04/05/202607:50,140.84,0.0,0.0,51.46,0.0,0.0,0.0,0.0,0.0,198.7,23647.0,44734.0,23.7,4.340000000000001,85.0,30.329999999999995,3.942,316.6,37.2,0.1,
2026-04-05T07:51:00,04/05/202607:51,140.89000000000001,0.0,0.0,51.470000000000006,0.0,0.0,0.0,0.0,0.0,198.7,23647.0,44734.0,23.6,4.37,85.0,30.329999999999995,3.961,316.8,40.6,0.1,
2026-04-05T07:51:07,04/05/202607:51,140.95,0.0,0.0,51.48,0.0,0.0,0.0,0.0,0.0,198.7,23647.0,44734.0,23.7,4.4,85.0,30.329999999999995,3.9799999999999995,317.0,44.0,0.1,
2026-04-05T07:52:01,04/05/202607:52,141.0,0.0,0.0,51.48,0.0,0.0,0.0,0.0,0.0,198.7,23647.0,44734.0,23.7,4.4,85.0,30.329999999999995,3.9799999999999995,317.0,44.0,0.1,
2026-04-05T07:52:06,04/05/202607:52,141.07,0.0,0.0,51.48,0.0,0.0,0.0,0.0,0.0,198.7,23647.0,44734.0,23.6,4.4,85.0,30.329999999999995,3.9799999999999995,317.0,44.0,0.1,
2026-04-05T07:54:10,04/05/202607:54,141.14000000000001,0.0,0.0,51.48,0.0,0.0,0.0,0.0,0.0,198.7,23647.0,44734.0,23.6,4.4,85.0,30.329999999999995,3.9799999999999995,317.0,44.0,0.1,
2026-04-05T07:55:00,04/05/202607:55,141.20999999999998,0.0,0.0,51.48,0.0,0.0,0.0,0.0,0.0,198.7,23647.0,44734.0,23.6,4.4,85.0,30.329999999999995,3.9799999999999995,317.0,44.0,0.1,
2026-04-05T07:55:06,04/05/202607:55,141.27,0.0,0.0,51.489999999999995,0.0,0.0,0.0,0.0,0.0,198.7,23647.0,44734.0,23.6,4.4,85.0,30.329999999999995,3.9799999999999995,317.0,44.0,0.1,
2026-04-05T07:56:01,04/05/202607:56,141.32999999999998,0.0,0.0,51.5,0.0,0.0,0.0,0.0,0.0,198.7,23647.0,44734.0,23.6,4.4,85.0,30.329999999999995,3.9799999999999995,317.0,44.0,0.1,
2026-04-05T07:56:07,04/05/202607:56,141.39,0.0,0.0,51.5,0.0,0.0,0.0,0.0,0.0,198.7,23647.0,44734.0,23.6,4.4,85.0,30.329999999999995,3.9799999999999995,317.0,44.0,0.1,
2026-04-05T07:57:00,04/05/202607:57,141.45,0.0,0.0,51.5,0.0,0.0,0.0,0.0,0.0,198.7,23647.0,44734.0,23.6,4.4,85.0,30.329999999999995,3.9799999999999995,317.0,44.0,0.1,
2026-04-05T07:57:06,04/05/202607:57,133.57999999999998,0.03,4.0074,51.510000000000005,0.03,1.5453000000000001,1.5,0.0,0.0,198.7,23647.0,44734.0,23.7,4.4,85.0,30.329999999999995,3.9799999999999995,317.0,44.0,0.1,0.3856116185057644
2026-04-05T07:58:01,04/05/202607:58,125.7,0.06,7.542,51.52,0.06,3.0912,3.0,0.0,0.0,198.7,23647.0,44734.0,23.7,4.4,85.0,30.329999999999995,3.9799999999999995,317.0,44.0,0.1,0.4098647573587908
2026-04-05T07:59:00,04/05/202607:59,117.82000000000001,0.09,10.6038,51.52,0.09,4.6368,4.5,0.0,0.0,198.7,23647.0,44734.0,23.6,4.4,85.0,30.329999999999995,3.9799999999999995,317.0,44.0,0.1,0.43727720251230695
2026-04-05T07:59:06,04/05/202607:59,110.0,0.11000000000000001,12.100000000000001,51.529999999999994,0.12,6.183599999999999,6.0,0.0,0.0,198.7,23647.0,44734.0,23.6,4.4,85.0,30.329999999999995,3.9799999999999995,317.0,44.0,0.1,0.5110413223140494
2026-04-05T08:00:00,04/05/202608:00,102.16999999999999,0.13,13.282099999999998,51.54,0.15,7.731,7.5,0.0,0.0,198.7,23647.0,44734.0,23.6,4.4,85.0,30.329999999999995,3.9799999999999995,317.0,44.0,0.1,0.5820615715888302
2026-04-05T08:00:06,04/05/202608:00,94.35,0.15,14.152499999999998,51.55,0.18,9.279,9.0,0.0,0.0,198.7,23647.0,44734.0,23.6,4.4,85.0,30.329999999999995,3.9799999999999995,317.0,44.0,0.1,0.655643879173291
2026-04-05T08:01:01,04/05/202608:01,86.52,0.16999999999999998,14.708399999999997,51.56,0.21000000000000002,10.827600000000002,10.5,0.0,0.0,198.7,23647.0,44734.0,23.6,4.4,85.0,30.329999999999995,3.9799999999999995,317.0,44.0,0.1,0.7361507709880071
2026-04-05T08:01:06,04/05/202608:01,78.81,0.2,15.762,51.57000000000001,0.24,12.376800000000001,12.0,0.0,0.0,198.7,23647.0,44734.0,23.6,4.45,85.0,30.333,3.9299999999999997,316.8,48.4,0.1,0.7852303007232585
2026-04-05T08:02:00,04/05/202608:02,71.09,0.22999999999999998,16.3507,51.58,0.26999999999999996,13.926599999999997,13.5,0.0,0.0,198.7,23647.0,44734.0,23.6,4.5,85.0,30.336000000000002,3.88,316.6,52.8,0.1,0.8517433504375957
2026-04-05T08:02:06,04/05/202608:02,71.17,0.22999999999999998,16.3691,51.6,0.26999999999999996,13.931999999999999,13.5,0.0,0.0,198.7,23647.0,44734.0,23.6,4.55,85.0,30.339,3.8299999999999996,316.4,57.2,0.1,0.8511158218839153
2026-04-05T08:02:25,04/05/202608:02,75.95,0.2,15.190000000000001,51.61,0.25,12.9025,12.5,0.0,0.0,198.7,23647.0,44734.0,23.6,4.6,85.0,30.341999999999995,3.78,316.2,61.6,0.1,0.8494075049374588
2026-04-05T08:03:00,04/05/202608:03,80.72999999999999,0.16999999999999998,13.724099999999996,51.620000000000005,0.22999999999999998,11.8726,11.5,0.0,0.0,198.7,23647.0,44734.0,23.6,4.65,85.0,30.345,3.7299999999999995,316.0,66.0,0.1,0.8650913356795712
2026-04-05T08:03:24,04/05/202608:03,80.69,0.16999999999999998,13.717299999999998,51.63000000000001,0.24,12.391200000000001,12.0,0.0,0.0,198.7,23647.0,44734.0,23.7,4.7,85.0,30.348000000000003,3.6799999999999997,315.8,70.4,0.1,0.90332645637261
2026-04-05T08:04:00,04/05/202608:04,80.57000000000001,0.18,14.502600000000001,51.63000000000001,0.25,12.907500000000002,12.5,0.0,0.0,198.7,23647.0,44734.0,23.7,4.75,85.0,30.351,3.63,315.6,74.8,0.1,0.8900128252865005
2026-04-05T08:05:21,04/05/202608:05,80.78999999999999,0.19,15.3501,51.64,0.26,13.426400000000001,13.0,0.0,0.0,198.7,23647.0,44734.0,23.6,4.8,85.0,30.353999999999996,3.5799999999999996,315.4,79.2,0.1,0.8746783408577143
2026-04-05T08:05:25,04/05/202608:05,80.4,0.21000000000000002,16.884000000000004,51.65,0.27,13.945500000000001,13.5,0.0,0.0,198.7,23647.0,44734.0,23.6,4.85,85.0,30.357,3.53,315.2,83.6,0.1,0.825959488272921
2026-04-05T08:06:00,04/05/202608:06,80.01,0.22999999999999998,18.4023,51.660000000000004,0.28,14.464800000000002,14.0,0.0,0.0,198.7,23647.0,44734.0,23.6,4.9,85.0,30.360000000000003,3.4799999999999995,315.0,88.0,0.1,0.7860321807600138
2026-04-05T08:06:25,04/05/202608:06,80.02000000000001,0.24,19.204800000000002,51.68000000000001,0.28,14.470400000000003,14.0,0.0,0.0,198.7,23647.0,44734.0,23.6,4.9,85.0,30.360000000000003,3.4799999999999995,315.0,88.0,0.1,0.7534782970923937
2026-04-05T08:07:00,04/05/202608:07,80.03,0.25,20.0075,51.7,0.28,14.476000000000003,14.0,0.0,0.0,198.7,23647.0,44734.0,23.6,4.9,85.0,30.360000000000003,3.4799999999999995,315.0,88.0,0.1,0.7235286767462202
2026-04-05T08:07:24,04/05/202608:07,72.25,0.29,20.952499999999997,51.71,0.32,16.5472,16.0,0.0,0.0,198.7,23647.0,44734.0,23.6,4.9,85.0,30.360000000000003,3.4799999999999995,315.0,88.0,0.1,0.7897482400668179
2026-04-05T08:08:01,04/05/202608:08,67.7,0.33,22.341,51.720000000000006,0.35,18.102,17.5,0.0,0.0,198.7,23647.0,44734.0,23.6,4.9,85.0,30.360000000000003,3.4799999999999995,315.0,88.0,0.1,0.8102591647643346
2026-04-05T08:08:25,04/05/202608:08,63.4,0.38,24.092,51.73,0.38,19.6574,19.0,0.0,0.0,198.7,23647.0,44734.0,23.6,4.9,85.0,30.360000000000003,3.4799999999999995,315.0,88.0,0.1,0.8159305993690852
2026-04-05T08:09:00,04/05/202608:09,63.92,0.4,25.568,51.75,0.38,19.665,19.0,0.0,0.0,198.7,23647.0,44734.0,23.6,4.9,85.0,30.360000000000003,3.4799999999999995,315.0,88.0,0.1,0.7691254693366708
2026-04-05T08:10:01,04/05/202608:10,64.44,0.42000000000000004,27.0648,51.779999999999994,0.38,19.676399999999997,19.0,0.0,0.0,198.7,23647.0,44734.0,23.6,4.9,85.0,30.360000000000003,3.4799999999999995,315.0,88.0,0.1,0.7270107298040257
2026-04-05T08:10:25,04/05/202608:10,64.78999999999999,0.43,27.859699999999997,51.8,0.38,19.683999999999997,19.0,0.0,0.0,198.7,23647.0,44734.0,23.6,4.9,85.0,30.360000000000003,3.4799999999999995,315.0,88.0,0.1,0.7065402714314942
2026-04-05T08:11:01,04/05/202608:11,65.74,0.43,28.268199999999997,51.81999999999999,0.38,19.691599999999998,19.0,0.0,0.0,198.7,23647.0,44734.0,23.6,4.9,85.0,30.360000000000003,3.4799999999999995,315.0,88.0,0.1,0.6965990052426402
2026-04-05T08:11:25,04/05/202608:11,66.7,0.43,28.681,51.839999999999996,0.38,19.699199999999998,19.0,0.0,0.0,198.7,23647.0,44734.0,23.6,4.9,85.0,30.360000000000003,3.4799999999999995,315.0,88.0,0.1,0.6868379763606568
2026-04-05T08:12:00,04/05/202608:12,67.14,0.43,28.8702,51.85,0.39,20.221500000000002,19.5,0.0,0.0,198.7,23647.0,44734.0,23.6,4.9,85.0,30.360000000000003,3.4799999999999995,315.0,88.0,0.1,0.7004281231165701
2026-04-05T08:12:12,04/05/202608:12,67.39,0.43,28.9777,51.86999999999999,0.4,20.747999999999998,20.0,0.0,0.0,198.7,23647.0,44734.0,23.6,4.9,85.0,30.360000000000003,3.4799999999999995,315.0,88.0,0.1,0.7159988542914033
2026-04-05T08:13:00,04/05/202608:13,67.63,0.43,29.080899999999996,51.89,0.4,20.756,20.0,0.0,0.0,198.7,23647.0,44734.0,23.6,4.9,85.0,30.360000000000003,3.4799999999999995,315.0,88.0,0.1,0.7137330687839786
2026-04-05T08:13:12,04/05/202608:13,67.88,0.43,29.188399999999998,51.9,0.4,20.76,20.0,0.0,0.0,198.7,23647.0,44734.0,23.6,4.9,85.0,30.360000000000003,3.4799999999999995,315.0,88.0,0.1,0.7112414520837046
2026-04-05T08:14:01,04/05/202608:14,67.88,0.42000000000000004,28.509600000000002,51.910000000000004,0.4,20.764000000000003,20.0,0.0,0.0,198.7,23647.0,44734.0,23.6,4.9,85.0,30.360000000000003,3.4799999999999995,315.0,88.0,0.1,0.7283160759884391
2026-04-05T08:14:12,04/05/202608:14,67.77000000000001,0.41000000000000003,27.785700000000006,51.92999999999999,0.41000000000000003,21.2913,20.6,0.0,0.0,198.7,23647.0,44734.0,23.6,4.9,85.0,30.360000000000003,3.4799999999999995,315.0,88.0,0.1,0.7662682602921645
2026-04-05T08:15:01,04/05/202608:15,67.66,0.4,27.064,51.94,0.42000000000000004,21.8148,21.2,0.0,0.0,198.7,23647.0,44734.0,23.6,4.9,85.0,30.360000000000003,3.4799999999999995,315.0,88.0,0.1,0.8060449305350281
2026-04-05T08:15:12,04/05/202608:15,67.38,0.4,26.951999999999998,51.95,0.43,22.3385,21.8,0.0,0.0,198.7,23647.0,44734.0,23.6,4.94,84.8,30.360000000000003,3.561,315.6,93.0,0.12,0.8288253190857822
2026-04-05T08:16:32,04/05/202608:16,67.11,0.4,26.844,51.96,0.44000000000000006,22.862400000000004,22.4,0.0,0.0,198.7,23647.0,44734.0,23.6,4.98,84.6,30.360000000000003,3.6420000000000003,316.2,98.0,0.13999999999999999,0.8516763522574878
2026-04-05T08:17:00,04/05/202608:17,66.83,0.4,26.732,51.970000000000006,0.45,23.3865,23.0,0.0,0.0,198.7,23647.0,44734.0,23.6,5.0200000000000005,84.4,30.360000000000003,3.723,316.8,103.0,0.16,0.8748503666018256
2026-04-05T08:17:32,04/05/202608:17,68.7,0.41000000000000003,28.167,51.989999999999995,0.44000000000000006,22.875600000000002,22.5,0.0,0.0,198.7,23647.0,44734.0,23.7,5.0600000000000005,84.2,30.360000000000003,3.804,317.4,108.0,0.18,0.8121418681435723
2026-04-05T08:18:01,04/05/202608:18,70.76,0.42000000000000004,29.719200000000004,52.0,0.43,22.36,22.0,0.0,0.0,198.7,23647.0,44734.0,23.7,5.1,84.0,30.360000000000003,3.8850000000000002,318.0,113.0,0.2,0.7523755686559529
2026-04-05T08:18:32,04/05/202608:18,72.83,0.43,31.3169,52.010000000000005,0.42000000000000004,21.844200000000004,21.5,0.0,0.0,198.7,23647.0,44734.0,23.6,5.13,83.8,30.360000000000003,3.9659999999999997,318.6,118.2,0.22000000000000003,0.6975211467290825
2026-04-05T08:19:00,04/05/202608:19,74.89,0.44000000000000006,32.951600000000006,52.029999999999994,0.41,21.332299999999996,21.0,0.0,0.0,198.7,23647.0,44734.0,23.6,5.16,83.6,30.360000000000003,4.047,319.2,123.4,0.24,0.6473828281479501
2026-04-05T08:19:32,04/05/202608:19,75.15,0.44000000000000006,33.06600000000001,52.05,0.4,20.82,20.5,0.0,0.0,198.7,23647.0,44734.0,23.6,5.1899999999999995,83.4,30.360000000000003,4.14,319.6,128.6,0.26,0.6296497913264378
2026-04-05T08:20:00,04/05/202608:20,75.52000000000001,0.44000000000000006,33.22880000000001,52.06,0.38,19.7828,19.4,0.0,0.0,198.7,23647.0,44734.0,23.6,5.220000000000001,83.2,30.360000000000003,4.233,320.0,133.8,0.27999999999999997,0.5953510208012326
2026-04-05T08:20:32,04/05/202608:20,83.27000000000001,0.4,33.30800000000001,52.07000000000001,0.32999999999999996,17.1831,16.8,0.0,0.0,198.7,23647.0,44734.0,23.6,5.25,83.0,30.360000000000003,4.382,320.9,139.0,0.3,0.5158850726552179
2026-04-05T08:21:01,04/05/202608:21,91.02000000000001,0.36,32.7672,52.08,0.27999999999999997,14.582399999999998,14.2,0.0,0.0,198.7,23647.0,44734.0,23.6,5.24,83.0,30.360000000000003,4.45,321.2,139.2,0.3,0.44503039624990837
2026-04-05T08:21:32,04/05/202608:21,91.19,0.36,32.828399999999995,52.1,0.27,14.067000000000002,13.6,0.0,0.0,198.7,23647.0,44734.0,23.6,5.2299999999999995,83.0,30.360000000000003,4.518,321.5,139.4,0.3,0.4285009321197501
2026-04-05T08:22:00,04/05/202608:22,91.36,0.36,32.8896,52.120000000000005,0.26,13.551200000000001,13.0,0.0,0.0,198.7,23647.0,44734.0,23.6,5.220000000000001,83.0,30.360000000000003,4.586,321.8,139.6,0.3,0.4120208211714342
2026-04-05T08:22:32,04/05/202608:22,96.97999999999999,0.31,30.063799999999997,52.13000000000001,0.22999999999999998,11.9899,11.5,0.0,0.0,198.7,23647.0,44734.0,23.6,5.21,83.0,30.360000000000003,4.654,322.1,139.8,0.3,0.39881518637031915
2026-04-05T08:23:00,04/05/202608:23,102.6,0.26,26.676,52.14,0.2,10.428,10.0,0.0,0.0,198.7,23647.0,44734.0,23.6,5.2,83.0,30.360000000000003,4.7219999999999995,322.4,140.0,0.3,0.3909131803868647
2026-04-05T08:23:32,04/05/202608:23,100.64,0.25,25.16,52.15,0.21000000000000002,10.951500000000001,10.5,0.0,0.0,198.7,23647.0,44734.0,23.6,5.2,83.0,30.360000000000003,4.79,322.7,140.0,0.3,0.4352742448330684
2026-04-05T08:24:01,04/05/202608:24,98.67999999999999,0.24000000000000005,23.683200000000003,52.160000000000004,0.22000000000000003,11.475200000000003,11.0,0.0,0.0,198.7,23647.0,44734.0,23.6,5.2,83.0,30.360000000000003,4.858,323.0,140.0,0.3,0.4845291176867991
2026-04-05T08:24:32,04/05/202608:24,98.53,0.24000000000000005,23.647200000000005,52.17,0.24,12.5208,12.1,0.0,0.0,198.7,23647.0,44734.0,23.6,5.2,83.0,30.360000000000003,4.914,323.5,140.0,0.3,0.5294834060692174
2026-04-05T08:25:00,04/05/202608:25,98.38,0.24000000000000005,23.611200000000004,52.18000000000001,0.26,13.566800000000002,13.2,0.0,0.0,198.7,23647.0,44734.0,23.6,5.2,83.0,30.360000000000003,4.97,324.0,140.0,0.3,0.574591719184116
2026-04-05T08:26:01,04/05/202608:26,90.85,0.28,25.438000000000002,52.2,0.31,16.182000000000002,15.8,0.0,0.0,198.7,23647.0,44734.0,23.6,5.2,83.0,30.360000000000003,4.97,324.0,140.0,0.3,0.6361349162670021
2026-04-05T08:27:43,04/05/202608:27,90.84,0.28,25.435200000000002,52.220000000000006,0.31,16.188200000000002,15.8,0.0,0.0,198.7,23647.0,44734.0,23.6,5.2,83.0,30.360000000000003,4.97,324.0,140.0,0.3,0.6364487010127697
2026-04-05T08:28:00,04/05/202608:28,98.4,0.24000000000000005,23.616000000000007,52.23,0.27,14.1021,13.8,0.0,0.0,198.7,23647.0,44734.0,23.6,5.2,83.0,30.360000000000003,4.97,324.0,140.0,0.3,0.5971417682926827
2026-04-05T08:28:33,04/05/202608:28,98.22,0.24000000000000005,23.572800000000004,52.25,0.26,13.585,13.3,0.0,0.0,198.7,23647.0,44734.0,23.6,5.2,83.0,30.360000000000003,4.97,324.0,140.0,0.3,0.5762998031629674
2026-04-05T08:29:01,04/05/202608:29,90.44,0.28,25.323200000000003,52.27,0.29,15.1583,14.8,0.0,0.0,198.7,23647.0,44734.0,23.6,5.2,83.0,30.360000000000003,4.97,324.0,140.0,0.3,0.5985933847223099
2026-04-05T08:29:32,04/05/202608:29,90.4,0.28,25.312000000000005,52.29,0.29,15.1641,14.8,0.0,0.0,198.7,23647.0,44734.0,23.6,5.2,83.0,30.360000000000003,4.97,324.0,140.0,0.3,0.5990873893805309
2026-04-05T08:30:01,04/05/202608:30,97.92999999999999,0.24000000000000005,23.503200000000003,52.31,0.25,13.0775,12.8,0.0,0.0,198.7,23647.0,44734.0,23.6,5.2,83.0,30.360000000000003,4.97,324.0,140.0,0.3,0.5564135947445453
2026-04-05T08:30:32,04/05/202608:30,97.67999999999999,0.24000000000000005,23.443200000000004,52.33,0.24,12.559199999999999,12.3,0.0,0.0,198.7,23647.0,44734.0,23.6,5.25,82.8,30.360000000000003,4.958,324.2,145.1,0.32999999999999996,0.5357289107289106
2026-04-05T08:31:00,04/05/202608:31,97.42,0.24000000000000005,23.380800000000004,52.35,0.22000000000000003,11.517000000000001,11.2,0.0,0.0,198.7,23647.0,44734.0,23.6,5.3,82.6,30.360000000000003,4.946,324.4,150.2,0.36,0.49258365838636825
2026-04-05T08:31:33,04/05/202608:31,104.91,0.2,20.982,52.36999999999999,0.16999999999999998,8.902899999999997,8.6,0.0,0.0,198.7,23647.0,44734.0,23.6,5.35,82.4,30.360000000000003,4.933999999999999,324.6,155.3,0.39,0.42431131446001324
2026-04-05T08:32:01,04/05/202608:32,112.4,0.16,17.984,52.379999999999995,0.12,6.2856,6.0,0.0,0.0,198.7,23647.0,44734.0,23.6,5.4,82.2,30.360000000000003,4.922,324.8,160.4,0.42000000000000004,0.3495106761565836
2026-04-05T08:32:09,04/05/202608:32,104.87,0.2,20.974000000000004,52.39,0.15,7.858499999999999,7.5,0.0,0.0,198.7,23647.0,44734.0,23.6,5.45,82.0,30.360000000000003,4.909999999999999,325.0,165.5,0.45,0.3746781729760655
2026-04-05T08:33:01,04/05/202608:33,97.34,0.24000000000000005,23.361600000000006,52.4,0.18,9.431999999999999,9.0,0.0,0.0,198.7,23647.0,44734.0,23.6,5.5,81.8,30.360000000000003,4.898,325.2,170.6,0.48,0.4037394698993218
2026-04-05T08:33:09,04/05/202608:33,104.44000000000001,0.2,20.888000000000005,52.4,0.15,7.859999999999999,7.5,0.0,0.0,198.7,23647.0,44734.0,23.6,5.55,81.6,30.360000000000003,4.886,325.4,175.7,0.51,0.37629260819609334
2026-04-05T08:34:00,04/05/202608:34,111.54,0.16,17.846400000000003,52.4,0.12,6.287999999999999,6.0,0.0,0.0,198.7,23647.0,44734.0,23.6,5.6,81.4,30.360000000000003,4.874,325.6,180.8,0.5399999999999999,0.35233996772458304
2026-04-05T08:34:10,04/05/202608:34,103.92,0.2,20.784000000000002,52.4,0.16999999999999998,8.908,8.6,0.0,0.0,198.7,23647.0,44734.0,23.6,5.65,81.2,30.360000000000003,4.862,325.8,185.9,0.5700000000000001,0.42859892224788293
2026-04-05T08:35:01,04/05/202608:35,96.3,0.24000000000000005,23.112000000000005,52.4,0.22000000000000003,11.528,11.2,0.0,0.0,198.7,23647.0,44734.0,23.6,5.7,81.0,30.360000000000003,4.85,326.0,191.0,0.6,0.4987885081343024
2026-04-05T08:35:09,04/05/202608:35,96.47,0.24000000000000005,23.152800000000003,52.410000000000004,0.24,12.5784,12.3,0.0,0.0,198.7,23647.0,44734.0,23.6,5.7,81.0,30.360000000000003,4.85,326.0,191.0,0.6,0.5432777029128226
2026-04-05T08:36:01,04/05/202608:36,96.64,0.24000000000000005,23.193600000000004,52.42,0.26,13.6292,13.4,0.0,0.0,198.7,23647.0,44734.0,23.6,5.7,81.0,30.360000000000003,4.85,326.0,191.0,0.6,0.5876276214128034
2026-04-05T08:37:00,04/05/202608:37,89.06,0.28,24.9368,52.42999999999999,0.31,16.253299999999996,16.0,0.0,0.0,198.7,23647.0,44734.0,23.6,5.7,81.0,30.360000000000003,4.85,326.0,191.0,0.6,0.6517796990792722
2026-04-05T08:37:09,04/05/202608:37,83.95,0.33,27.703500000000002,52.44,0.35,18.354,18.1,0.0,0.0,198.7,23647.0,44734.0,23.6,5.7,81.0,30.360000000000003,4.85,326.0,191.0,0.6,0.6625155666251556
2026-04-05T08:38:54,04/05/202608:38,86.34,0.34,29.355600000000003,52.45,0.36,18.882,18.7,0.0,0.0,198.7,23647.0,44734.0,23.6,5.7,81.0,30.360000000000003,4.85,326.0,191.0,0.6,0.6432162858194007
2026-04-05T08:39:01,04/05/202608:39,88.72999999999999,0.35,31.055499999999995,52.46,0.37,19.4102,19.3,0.0,0.0,198.7,23647.0,44734.0,23.6,5.7,81.0,30.360000000000003,4.85,326.0,191.0,0.6,0.6250165027128851
2026-04-05T08:39:47,04/05/202608:39,84.24,0.4,33.696,52.48,0.41,21.516799999999996,21.4,0.0,0.0,198.7,23647.0,44734.0,23.6,5.7,81.0,30.360000000000003,4.85,326.0,191.0,0.6,0.6385565052231719
2026-04-05T08:40:00,04/05/202608:40,79.75,0.45,35.8875,52.5,0.45,23.625,23.5,0.0,0.0,198.7,23647.0,44734.0,23.6,5.7,81.0,30.360000000000003,4.85,326.0,191.0,0.6,0.658307210031348
2026-04-05T08:40:47,04/05/202608:40,82.67999999999999,0.44000000000000006,36.379200000000004,52.52,0.43,22.5836,22.4,0.0,0.0,198.7,23647.0,44734.0,23.6,5.7,81.0,30.360000000000003,4.85,326.0,191.0,0.6,0.6207833047455689
2026-04-05T08:41:00,04/05/202608:41,85.61,0.43,36.8123,52.54,0.41,21.5414,21.3,0.0,0.0,198.7,23647.0,44734.0,23.6,5.7,81.0,30.360000000000003,4.85,326.0,191.0,0.6,0.5851685442094082
2026-04-05T08:41:46,04/05/202608:41,85.65,0.44000000000000006,37.68600000000001,52.54,0.39,20.4906,20.2,0.0,0.0,198.7,23647.0,44734.0,23.6,5.7,81.0,30.360000000000003,4.85,326.0,191.0,0.6,0.5437191530011144
2026-04-05T08:42:00,04/05/202608:42,85.69,0.45,38.5605,52.54,0.37,19.439799999999998,19.1,0.0,0.0,198.7,23647.0,44734.0,23.6,5.7,81.0,30.360000000000003,4.85,326.0,191.0,0.6,0.5041376538167296
2026-04-05T08:42:47,04/05/202608:42,85.72999999999999,0.45,38.5785,52.54,0.36,18.9144,18.6,0.0,0.0,198.7,23647.0,44734.0,23.6,5.7,81.0,30.360000000000003,4.85,326.0,191.0,0.6,0.49028344803452706
2026-04-05T08:43:00,04/05/202608:43,83.3,0.44000000000000006,36.652,52.54,0.36,18.9144,18.6,0.0,0.0,198.7,23647.0,44734.0,23.6,5.7,81.0,30.360000000000003,4.85,326.0,191.0,0.6,0.5160536942049547
2026-04-05T08:43:47,04/05/202608:43,80.97,0.43,34.817099999999996,52.55,0.35,18.3925,18.0,0.0,0.0,198.7,23647.0,44734.0,23.6,5.7,81.0,30.360000000000003,4.85,326.0,191.0,0.6,0.5282605386433677
2026-04-05T08:44:00,04/05/202608:44,78.64,0.42000000000000004,33.028800000000004,52.56,0.33999999999999997,17.8704,17.4,0.0,0.0,198.7,23647.0,44734.0,23.6,5.7,81.0,30.360000000000003,4.85,326.0,191.0,0.6,0.5410550792036041
2026-04-05T08:44:46,04/05/202608:44,76.31,0.41,31.2871,52.56,0.32999999999999996,17.3448,16.8,0.0,0.0,198.7,23647.0,44734.0,23.6,5.7,81.0,30.360000000000003,4.85,326.0,191.0,0.6,0.5543754454711367
2026-04-05T08:45:00,04/05/202608:45,73.97999999999999,0.4,29.592,52.56,0.32,16.819200000000002,16.2,0.0,0.0,198.7,23647.0,44734.0,23.6,5.7,81.0,30.360000000000003,4.85,326.0,191.0,0.6,0.5683698296836984
2026-04-05T08:45:46,04/05/202608:45,71.21000000000001,0.41000000000000003,29.196100000000005,52.56,0.32999999999999996,17.3448,16.8,0.0,0.0,198.7,23647.0,44734.0,23.6,5.75,80.8,30.360000000000003,4.874,326.5,196.8,0.63,0.594079346214049
2026-04-05T08:46:00,04/05/202608:46,68.44,0.42000000000000004,28.7448,52.56,0.33999999999999997,17.8704,17.4,0.0,0.0,198.7,23647.0,44734.0,23.6,5.8,80.6,30.360000000000003,4.898,327.0,202.6,0.6599999999999999,0.6216915755197462
2026-04-05T08:47:00,04/05/202608:47,68.55,0.41000000000000003,28.1055,52.58,0.35,18.403,18.0,0.0,0.0,198.7,23647.0,44734.0,23.6,5.85,80.4,30.360000000000003,4.922,327.5,208.4,0.6900000000000001,0.6547828716799202
2026-04-05T08:47:46,04/05/202608:47,71.97999999999999,0.41000000000000003,29.511799999999997,52.589999999999996,0.35,18.406499999999998,18.6,0.0,0.0,198.7,23647.0,44734.0,23.6,5.9,80.2,30.360000000000003,4.946,328.0,214.2,0.72,0.6236996726733035
2026-04-05T08:48:00,04/05/202608:48,75.41,0.42000000000000004,31.6722,52.6,0.33999999999999997,17.884,18.6,0.0,0.0,198.7,23647.0,44734.0,23.6,5.95,80.0,30.360000000000003,4.97,328.5,220.0,0.75,0.5646592279664816
2026-04-05T08:50:06,04/05/202608:50,78.84,0.42000000000000004,33.11280000000001,52.629999999999995,0.32999999999999996,17.367899999999995,18.0,0.0,0.0,198.7,23647.0,44734.0,23.6,6.0,79.8,30.360000000000003,4.994,329.0,225.8,0.78,0.5245071392331664
2026-04-05T08:50:47,04/05/202608:50,81.6,0.42000000000000004,34.272,52.65,0.33999999999999997,17.900999999999996,18.6,0.0,0.0,198.7,23647.0,44734.0,23.6,6.05,79.6,30.360000000000003,5.018,329.5,231.6,0.8099999999999999,0.5223214285714285
2026-04-05T08:51:01,04/05/202608:51,84.36,0.42000000000000004,35.431200000000004,52.67,0.35,18.4345,19.2,0.0,0.0,198.7,23647.0,44734.0,23.6,6.1,79.4,30.360000000000003,5.042,330.0,237.4,0.8400000000000001,0.5202900268689742
2026-04-05T08:51:03,04/05/202608:51,87.12,0.41000000000000003,35.71920000000001,52.67999999999999,0.36,18.964799999999997,19.8,0.0,0.0,198.7,23647.0,44734.0,23.5,6.15,79.2,30.360000000000003,5.066,330.5,243.2,0.8699999999999999,0.5309413424712758
2026-04-05T08:52:01,04/05/202608:52,89.88,0.4,35.952,52.69,0.37,19.4953,20.4,0.0,0.0,198.7,23647.0,44734.0,23.5,6.2,79.0,30.360000000000003,5.09,331.0,249.0,0.9,0.5422591232754784
2026-04-05T08:52:02,04/05/202608:52,92.64,0.4,37.056000000000004,52.71,0.37,19.5027,20.4,0.0,0.0,198.7,23647.0,44734.0,23.6,6.2,79.0,30.360000000000003,5.09,331.0,249.0,0.9,0.526303432642487
2026-04-05T08:53:01,04/05/202608:53,95.4,0.4,38.160000000000004,52.73,0.37,19.510099999999998,20.4,0.0,0.0,198.7,23647.0,44734.0,23.6,6.2,79.0,30.360000000000003,5.09,331.0,249.0,0.9,0.5112709643605869
2026-04-05T08:53:02,04/05/202608:53,98.4,0.4,39.36000000000001,52.739999999999995,0.38,20.0412,20.9,0.0,0.0,198.7,23647.0,44734.0,23.6,6.2,79.0,30.360000000000003,5.09,331.0,249.0,0.9,0.5091768292682926
2026-04-05T08:54:01,04/05/202608:54,98.08,0.39,38.2512,52.760000000000005,0.4,21.104000000000003,21.4,0.0,0.0,198.7,23647.0,44734.0,23.6,6.2,79.0,30.360000000000003,5.09,331.0,249.0,0.9,0.5517212531894425
2026-04-05T08:54:03,04/05/202608:54,97.77000000000001,0.38,37.15260000000001,52.779999999999994,0.42000000000000004,22.1676,21.9,0.0,0.0,198.7,23647.0,44734.0,23.6,6.2,79.0,30.360000000000003,5.09,331.0,249.0,0.9,0.5966634905767024
2026-04-05T08:55:01,04/05/202608:55,97.46000000000001,0.38,37.034800000000004,52.779999999999994,0.44000000000000006,23.223200000000002,23.0,0.0,0.0,198.7,23647.0,44734.0,23.6,6.2,79.0,30.360000000000003,5.09,331.0,249.0,0.9,0.6270642746821908
2026-04-05T08:56:01,04/05/202608:56,97.72,0.38,37.1336,52.779999999999994,0.45,23.750999999999998,23.5,0.0,0.0,198.7,23647.0,44734.0,23.5,6.2,79.0,30.360000000000003,5.09,331.0,249.0,0.9,0.6396094103453476
2026-04-05T08:56:02,04/05/202608:56,98.28,0.38,37.3464,52.779999999999994,0.45,23.750999999999998,23.5,0.0,0.0,198.7,23647.0,44734.0,23.6,6.2,79.0,30.360000000000003,5.09,331.0,249.0,0.9,0.6359649122807016
2026-04-05T08:57:01,04/05/202608:57,98.83,0.39,38.5437,52.79,0.45,23.7555,23.5,0.0,0.0,198.7,23647.0,44734.0,23.6,6.2,79.0,30.360000000000003,5.09,331.0,249.0,0.9,0.6163264035367648
2026-04-05T08:57:02,04/05/202608:57,99.39,0.41000000000000003,40.749900000000004,52.81,0.45,23.7645,23.5,0.0,0.0,198.7,23647.0,44734.0,23.6,6.2,79.0,30.360000000000003,5.09,331.0,249.0,0.9,0.5831793452253871
2026-04-05T08:58:01,04/05/202608:58,99.95,0.42000000000000004,41.979000000000006,52.81999999999999,0.45,23.769,23.5,0.0,0.0,198.7,23647.0,44734.0,23.6,6.2,79.0,30.360000000000003,5.09,331.0,249.0,0.9,0.5662116772672049
2026-04-05T08:59:00,04/05/202608:59,100.51,0.43,43.219300000000004,52.83,0.45,23.7735,23.5,0.0,0.0,198.7,23647.0,44734.0,23.6,6.2,79.0,30.360000000000003,5.09,331.0,249.0,0.9,0.5500667525850719
2026-04-05T08:59:03,04/05/202608:59,100.8,0.42000000000000004,42.336000000000006,52.839999999999996,0.44000000000000006,23.2496,23.0,0.0,0.0,198.7,23647.0,44734.0,23.5,6.2,79.0,30.360000000000003,5.09,331.0,249.0,0.9,0.5491685563114134
2026-04-05T08:59:48,04/05/202608:59,101.03999999999999,0.42000000000000004,42.4368,52.85,0.43,22.7255,22.5,0.0,0.0,198.7,23647.0,44734.0,23.6,6.2,79.0,30.360000000000003,5.09,331.0,249.0,0.9,0.5355139878595936
2026-04-05T09:00:01,04/05/202609:00,101.27,0.42000000000000004,42.5334,52.86,0.42000000000000004,22.201200000000004,22.0,0.0,0.0,198.7,23647.0,44734.0,23.6,6.2,79.0,30.360000000000003,5.09,331.0,249.0,0.9,0.5219709686975413
2026-04-05T09:01:17,04/05/202609:01,101.5,0.41,41.614999999999995,52.86999999999999,0.41000000000000003,21.676699999999997,21.5,0.0,0.0,198.7,23647.0,44734.0,23.6,6.26,78.9,30.360000000000003,5.0600000000000005,331.1,254.6,0.9200000000000002,0.5208866995073892
2026-04-05T09:01:49,04/05/202609:01,101.74,0.41,41.71339999999999,52.879999999999995,0.4,21.152,21.0,0.0,0.0,198.7,23647.0,44734.0,23.5,6.32,78.8,30.360000000000003,5.029999999999999,331.2,260.2,0.9400000000000001,0.5070792599020939
2026-04-05T09:02:00,04/05/202609:02,101.67999999999999,0.41,41.68879999999999,52.89,0.4,21.156000000000002,21.0,0.0,0.0,198.7,23647.0,44734.0,23.5,6.38,78.7,30.360000000000003,5.0,331.3,265.8,0.96,0.5074744295830056
2026-04-05T09:02:48,04/05/202609:02,101.28999999999999,0.4,40.516,52.9,0.39,20.631,20.4,0.0,0.0,198.7,23647.0,44734.0,23.6,6.44,78.6,30.360000000000003,4.970000000000001,331.4,271.4,0.9800000000000001,0.509206239510317
2026-04-05T09:03:00,04/05/202609:03,100.89,0.38,38.3382,52.9,0.38,20.102,19.8,0.0,0.0,198.7,23647.0,44734.0,23.6,6.5,78.5,30.360000000000003,4.9399999999999995,331.5,277.0,1.0,0.5243334324511845
2026-04-05T09:03:47,04/05/202609:03,98.1,0.37,36.297,52.9,0.38,20.102,19.2,0.0,0.0,198.7,23647.0,44734.0,23.6,6.56,78.4,30.360000000000003,4.91,331.6,282.6,1.02,0.5538198749207924
2026-04-05T09:04:00,04/05/202609:04,95.31,0.36,34.3116,52.9,0.38,20.102,18.6,0.0,0.0,198.7,23647.0,44734.0,23.6,6.62,78.3,30.360000000000003,4.88,331.7,288.2,1.04,0.5858660044999359
2026-04-05T09:04:48,04/05/202609:04,91.92999999999999,0.36,33.0948,52.9,0.38,20.102,18.6,0.0,0.0,198.7,23647.0,44734.0,23.5,6.68,78.2,30.360000000000003,4.85,331.8,293.8,1.06,0.6074066016413455
2026-04-05T09:05:00,04/05/202609:05,88.6,0.35,31.009999999999994,52.9,0.38,20.102,18.6,0.0,0.0,198.7,23647.0,44734.0,23.5,6.74,78.1,30.360000000000003,4.82,331.9,299.4,1.08,0.6482425024185747
2026-04-05T09:06:00,04/05/202609:06,85.27000000000001,0.33999999999999997,28.9918,52.9,0.38,20.102,18.6,0.0,0.0,198.7,23647.0,44734.0,23.6,6.8,78.0,30.360000000000003,4.79,332.0,305.0,1.1,0.6933684697052269
2026-04-05T09:06:49,04/05/202609:06,81.94,0.35,28.679,52.9,0.38,20.102,18.6,0.0,0.0,198.7,23647.0,44734.0,23.5,6.8,78.0,30.360000000000003,4.79,332.0,305.0,1.1,0.7009309948045609
2026-04-05T09:07:00,04/05/202609:07,78.6,0.35,27.509999999999998,52.9,0.38,20.102,18.6,0.0,0.0,198.7,23647.0,44734.0,23.6,6.8,78.0,30.360000000000003,4.79,332.0,305.0,1.1,0.7307161032351873
2026-04-05T09:07:53,04/05/202609:07,78.42999999999999,0.36,28.234799999999996,52.910000000000004,0.38,20.105800000000002,18.6,0.0,0.0,198.7,23647.0,44734.0,23.5,6.8,78.0,30.360000000000003,4.79,332.0,305.0,1.1,0.7120928782920369
2026-04-05T09:08:00,04/05/202609:08,78.59,0.38,29.8642,52.92,0.39,20.6388,19.2,0.0,0.0,198.7,23647.0,44734.0,23.5,6.8,78.0,30.360000000000003,4.79,332.0,305.0,1.1,0.6910883264912504
2026-04-05T09:08:51,04/05/202609:08,78.76,0.39,30.716400000000004,52.94,0.4,21.176000000000002,19.8,0.0,0.0,198.7,23647.0,44734.0,23.5,6.8,78.0,30.360000000000003,4.79,332.0,305.0,1.1,0.6894037061634827
2026-04-05T09:09:00,04/05/202609:09,81.32000000000001,0.39,31.714800000000004,52.96,0.4,21.184,20.4,0.0,0.0,198.7,23647.0,44734.0,23.5,6.8,78.0,30.360000000000003,4.79,332.0,305.0,1.1,0.6679531322915484
2026-04-05T09:09:52,04/05/202609:09,83.88,0.4,33.552,52.970000000000006,0.4,21.188000000000002,21.0,0.0,0.0,198.7,23647.0,44734.0,23.5,6.8,78.0,30.360000000000003,4.79,332.0,305.0,1.1,0.6314973772055318
2026-04-05T09:10:00,04/05/202609:10,87.06,0.42000000000000004,36.565200000000004,52.98,0.4,21.192,21.0,0.0,0.0,198.7,23647.0,44734.0,23.5,6.8,78.0,30.360000000000003,4.79,332.0,305.0,1.1,0.5795674575826195
2026-04-05T09:10:52,04/05/202609:10,90.05,0.43,38.7215,52.989999999999995,0.39,20.6661,20.4,0.0,0.0,198.7,23647.0,44734.0,23.5,6.8,78.0,30.360000000000003,4.79,332.0,305.0,1.1,0.5337112456903788
2026-04-05T09:11:00,04/05/202609:11,93.03999999999999,0.44000000000000006,40.9376,53.0,0.38,20.14,19.8,0.0,0.0,198.7,23647.0,44734.0,23.5,6.8,78.0,30.360000000000003,4.79,332.0,305.0,1.1,0.4919682638943172
2026-04-05T09:12:29,04/05/202609:12,100.56,0.4,40.224000000000004,53.010000000000005,0.34,18.023400000000002,17.7,0.0,0.0,198.7,23647.0,44734.0,23.5,6.8,78.0,30.360000000000003,4.79,332.0,305.0,1.1,0.4480757756563246
2026-04-05T09:12:52,04/05/202609:12,100.61,0.4,40.244,53.02,0.34,18.0268,17.7,0.0,0.0,198.7,23647.0,44734.0,23.5,6.8,78.0,30.360000000000003,4.79,332.0,305.0,1.1,0.44793758075738
2026-04-05T09:13:01,04/05/202609:13,97.49,0.39,38.0211,53.02,0.34,18.0268,17.7,0.0,0.0,198.7,23647.0,44734.0,23.5,6.8,78.0,30.360000000000003,4.79,332.0,305.0,1.1,0.47412620886823376
2026-04-05T09:14:00,04/05/202609:14,94.37,0.38,35.860600000000005,53.02,0.34,18.0268,17.7,0.0,0.0,198.7,23647.0,44734.0,23.5,6.8,78.0,30.360000000000003,4.79,332.0,305.0,1.1,0.5026909756111163
2026-04-05T09:15:01,04/05/202609:15,91.24,0.38,34.6712,53.010000000000005,0.34,18.023400000000002,17.7,0.0,0.0,198.7,23647.0,44734.0,23.5,6.8,78.0,30.360000000000003,4.79,332.0,305.0,1.1,0.5198377904427883
2026-04-05T09:15:52,04/05/202609:15,91.47999999999999,0.38,34.7624,53.010000000000005,0.34,18.023400000000002,17.7,0.0,0.0,198.7,23647.0,44734.0,23.5,6.8,78.0,30.360000000000003,4.79,332.0,305.0,1.1,0.5184739833843464
2026-04-05T09:16:01,04/05/202609:16,91.72,0.37,33.9364,53.02,0.34,18.0268,17.7,0.0,0.0,198.7,23647.0,44734.0,23.5,6.8,78.0,30.360000000000003,4.79,332.0,305.0,1.1,0.5311936445822185
2026-04-05T09:16:53,04/05/202609:16,91.96000000000001,0.36,33.1056,53.029999999999994,0.34,18.0302,17.7,0.0,0.0,198.7,23647.0,44734.0,23.6,6.87,77.8,30.363,4.8020000000000005,332.4,310.6,1.1400000000000001,0.5446268909187569
2026-04-05T09:17:01,04/05/202609:17,92.39,0.36,33.2604,53.04,0.35,18.564,18.3,0.0,0.0,198.7,23647.0,44734.0,23.6,6.94,77.6,30.365999999999996,4.814,332.8,316.2,1.1800000000000002,0.5581412129739871
2026-04-05T09:17:52,04/05/202609:17,92.77000000000001,0.35,32.469500000000004,53.05,0.36,19.098,18.9,0.0,0.0,198.7,23647.0,44734.0,23.5,7.01,77.4,30.369,4.826,333.2,321.8,1.2200000000000002,0.5881827561249787
2026-04-05T09:18:00,04/05/202609:18,88.62,0.38,33.6756,53.06,0.4,21.224000000000004,21.0,0.0,0.0,198.7,23647.0,44734.0,23.5,7.08,77.2,30.372000000000003,4.838,333.6,327.4,1.2600000000000002,0.6302486073002412
2026-04-05T09:18:53,04/05/202609:18,91.83,0.39,35.8137,53.07000000000001,0.4,21.228000000000005,21.0,0.0,0.0,198.7,23647.0,44734.0,23.5,7.15,77.0,30.375,4.85,334.0,333.0,1.3,0.5927340654553985
2026-04-05T09:19:01,04/05/202609:19,95.03999999999999,0.4,38.016,53.08,0.4,21.232,21.0,0.0,0.0,198.7,23647.0,44734.0,23.5,7.220000000000001,76.8,30.377999999999997,4.862,334.4,338.6,1.34,0.5585016835016835
2026-04-05T09:19:52,04/05/202609:19,98.25,0.41,40.2825,53.089999999999996,0.41000000000000003,21.7669,21.5,0.0,0.0,198.7,23647.0,44734.0,23.5,7.290000000000001,76.6,30.381,4.8740000000000006,334.8,344.2,1.3800000000000001,0.5403562340966921
2026-04-05T09:20:00,04/05/202609:20,101.46000000000001,0.42000000000000004,42.613200000000006,53.1,0.42000000000000004,22.302000000000003,22.0,0.0,0.0,198.7,23647.0,44734.0,23.5,7.359999999999999,76.4,30.384000000000004,4.886,335.2,349.8,1.42,0.5233589591957422
2026-04-05T09:21:00,04/05/202609:21,101.3,0.43,43.559,53.1,0.43,22.833000000000002,22.5,0.0,0.0,198.7,23647.0,44734.0,23.5,7.43,76.2,30.387,4.898000000000001,335.6,355.4,1.46,0.5241855873642647
2026-04-05T09:21:52,04/05/202609:21,101.41,0.43,43.6063,53.1,0.43,22.833000000000002,22.5,0.0,0.0,198.7,23647.0,44734.0,23.5,7.5,76.0,30.389999999999997,4.91,336.0,361.0,1.5,0.5236170002958289
2026-04-05T09:22:00,04/05/202609:22,101.52,0.43,43.6536,53.1,0.43,22.833000000000002,22.5,0.0,0.0,198.7,23647.0,44734.0,23.5,7.5,76.0,30.389999999999997,4.91,336.0,361.0,1.5,0.523049645390071
2026-04-05T09:23:40,04/05/202609:23,101.63,0.43,43.7009,53.11,0.43,22.8373,22.5,0.0,0.0,198.7,23647.0,44734.0,23.5,7.5,76.0,30.389999999999997,4.91,336.0,361.0,1.5,0.5225819147889403
2026-04-05T09:23:52,04/05/202609:23,101.78999999999999,0.43,43.76969999999999,53.120000000000005,0.43,22.841600000000003,22.5,0.0,0.0,198.7,23647.0,44734.0,23.5,7.5,76.0,30.389999999999997,4.91,336.0,361.0,1.5,0.5218587287552806
2026-04-05T09:24:00,04/05/202609:24,101.95,0.43,43.8385,53.13000000000001,0.43,22.845900000000004,22.5,0.0,0.0,198.7,23647.0,44734.0,23.5,7.5,76.0,30.389999999999997,4.91,336.0,361.0,1.5,0.5211378126532614
2026-04-05T09:24:52,04/05/202609:24,102.19,0.42000000000000004,42.9198,53.14,0.43,22.8502,22.5,0.0,0.0,198.7,23647.0,44734.0,23.5,7.5,76.0,30.389999999999997,4.91,336.0,361.0,1.5,0.5323929748041696
2026-04-05T09:25:01,04/05/202609:25,102.42999999999999,0.41,41.9963,53.15,0.43,22.854499999999998,22.5,0.0,0.0,198.7,23647.0,44734.0,23.5,7.5,76.0,30.389999999999997,4.91,336.0,361.0,1.5,0.5442027035715051
2026-04-05T09:25:53,04/05/202609:25,102.62,0.41,42.0742,53.160000000000004,0.42000000000000004,22.327200000000005,22.0,0.0,0.0,198.7,23647.0,44734.0,23.5,7.5,76.0,30.389999999999997,4.91,336.0,361.0,1.5,0.5306624962566134
2026-04-05T09:26:01,04/05/202609:26,102.80999999999999,0.41,42.15209999999999,53.17,0.41000000000000003,21.7997,21.5,0.0,0.0,198.7,23647.0,44734.0,23.5,7.5,76.0,30.389999999999997,4.91,336.0,361.0,1.5,0.5171675907012938
2026-04-05T09:26:49,04/05/202609:26,103.0,0.4,41.2,53.18000000000001,0.4,21.272000000000006,21.0,0.0,0.0,198.7,23647.0,44734.0,23.5,7.5,76.0,30.389999999999997,4.91,336.0,361.0,1.5,0.5163106796116506
2026-04-05T09:27:01,04/05/202609:27,102.92,0.4,41.168000000000006,53.19,0.4,21.276,21.0,0.0,0.0,198.7,23647.0,44734.0,23.5,7.5,76.0,30.389999999999997,4.91,336.0,361.0,1.5,0.5168091721725612
2026-04-05T09:27:49,04/05/202609:27,101.58,0.4,40.632000000000005,53.2,0.4,21.28,21.0,0.0,0.0,198.7,23647.0,44734.0,23.5,7.5,76.0,30.389999999999997,4.91,336.0,361.0,1.5,0.5237251427446348
2026-04-05T09:28:01,04/05/202609:28,100.24,0.4,40.096000000000004,53.2,0.4,21.28,21.0,0.0,0.0,198.7,23647.0,44734.0,23.5,7.5,76.0,30.389999999999997,4.91,336.0,361.0,1.5,0.5307262569832402
2026-04-05T09:28:49,04/05/202609:28,98.9,0.4,39.56,53.2,0.4,21.28,21.0,0.0,0.0,198.7,23647.0,44734.0,23.5,7.5,76.0,30.389999999999997,4.91,336.0,361.0,1.5,0.537917087967644
2026-04-05T09:29:00,04/05/202609:29,97.56,0.4,39.024,53.2,0.4,21.28,21.0,0.0,0.0,198.7,23647.0,44734.0,23.5,7.5,76.0,30.389999999999997,4.91,336.0,361.0,1.5,0.5453054530545306
2026-04-05T09:29:49,04/05/202609:29,96.25,0.4,38.5,53.2,0.4,21.28,21.0,0.0,0.0,198.7,23647.0,44734.0,23.5,7.5,76.0,30.389999999999997,4.91,336.0,361.0,1.5,0.5527272727272727
2026-04-05T09:30:01,04/05/202609:30,94.94000000000001,0.4,37.976000000000006,53.2,0.4,21.28,21.0,0.0,0.0,198.7,23647.0,44734.0,23.5,7.5,76.0,30.389999999999997,4.91,336.0,361.0,1.5,0.5603539077311986
2026-04-05T09:30:04,04/05/202609:30,93.68,0.38,35.598400000000005,53.2,0.4,21.28,21.0,0.0,0.0,198.7,23647.0,44734.0,23.6,7.5,76.0,30.389999999999997,4.91,336.0,361.0,1.5,0.5977796754910333
2026-04-05T09:31:01,04/05/202609:31,92.42,0.36,33.2712,53.2,0.4,21.28,21.0,0.0,0.0,198.7,23647.0,44734.0,23.6,7.5,76.0,30.389999999999997,4.91,336.0,361.0,1.5,0.6395921998605401
2026-04-05T09:31:04,04/05/202609:31,92.4,0.36,33.264,53.2,0.41000000000000003,21.812,21.5,0.0,0.0,198.7,23647.0,44734.0,23.5,7.5,76.0,30.389999999999997,4.91,336.0,361.0,1.5,0.6557239057239057
2026-04-05T09:32:01,04/05/202609:32,92.38000000000001,0.36,33.256800000000005,53.2,0.42000000000000004,22.344000000000005,22.0,0.0,0.0,198.7,23647.0,44734.0,23.5,7.5,76.0,30.389999999999997,4.91,336.0,361.0,1.5,0.6718625965216136
2026-04-05T09:32:05,04/05/202609:32,93.62,0.35,32.767,53.2,0.43,22.876,22.5,0.0,0.0,198.7,23647.0,44734.0,23.5,7.590000000000001,76.2,30.387,4.823,337.8,366.5,1.54,0.6981414227729117
2026-04-05T09:33:01,04/05/202609:33,94.86,0.33999999999999997,32.252399999999994,53.2,0.44000000000000006,23.408000000000005,23.0,0.0,0.0,198.7,23647.0,44734.0,23.5,7.68,76.4,30.384000000000004,4.736,339.6,372.0,1.58,0.7257754461683474
2026-04-05T09:33:04,04/05/202609:33,96.1,0.35,33.635,53.2,0.45,23.94,23.5,0.0,0.0,198.7,23647.0,44734.0,23.5,7.7700000000000005,76.6,30.381,4.649,341.4,377.5,1.6199999999999999,0.7117585848074923
2026-04-05T09:34:51,04/05/202609:34,97.35,0.37,36.0195,53.21,0.45999999999999996,24.476599999999998,24.0,0.0,0.0,198.7,23647.0,44734.0,23.5,7.859999999999999,76.8,30.377999999999997,4.562,343.2,383.0,1.6600000000000001,0.6795374727578116
2026-04-05T09:35:00,04/05/202609:35,98.6,0.38,37.467999999999996,53.220000000000006,0.47000000000000003,25.013400000000004,24.5,0.0,0.0,198.7,23647.0,44734.0,23.5,7.95,77.0,30.375,4.475,345.0,388.5,1.7,0.6675936799402158
2026-04-05T09:36:00,04/05/202609:36,99.85,0.39,38.9415,53.220000000000006,0.48,25.5456,25.0,0.0,0.0,198.7,23647.0,44734.0,23.6,8.040000000000001,77.2,30.372000000000003,4.388,346.8,394.0,1.7399999999999998,0.655999383690921
2026-04-05T09:36:04,04/05/202609:36,101.09,0.4,40.43600000000001,53.23,0.49000000000000005,26.082700000000003,25.5,0.0,0.0,198.7,23647.0,44734.0,23.5,8.129999999999999,77.4,30.369,4.301,348.6,399.5,1.78,0.6450366010485705
2026-04-05T09:37:00,04/05/202609:37,102.33,0.41,41.955299999999994,53.239999999999995,0.5,26.619999999999997,26.0,0.0,0.0,198.7,23647.0,44734.0,23.5,8.22,77.6,30.365999999999996,4.214,350.4,405.0,1.8199999999999998,0.6344847969148117
2026-04-05T09:37:04,04/05/202609:37,101.22,0.42000000000000004,42.51240000000001,53.25,0.49000000000000005,26.0925,25.5,0.0,0.0,198.7,23647.0,44734.0,23.5,8.31,77.8,30.363,4.127000000000001,352.2,410.5,1.8599999999999999,0.6137621023513139
2026-04-05T09:37:05,04/05/202609:37,100.1,0.43,43.043,53.25,0.48,25.56,25.0,0.0,0.0,198.7,23647.0,44734.0,23.5,8.4,78.0,30.360000000000003,4.04,354.0,416.0,1.9,0.5938247798712915
2026-04-05T09:38:00,04/05/202609:38,98.97999999999999,0.45,44.541,53.25,0.47000000000000003,25.0275,24.5,0.0,0.0,198.7,23647.0,44734.0,23.5,8.4,78.0,30.360000000000003,4.04,354.0,416.0,1.9,0.5618980265373477
2026-04-05T09:38:04,04/05/202609:38,97.87,0.47000000000000003,45.998900000000006,53.260000000000005,0.45999999999999996,24.4996,24.0,0.0,0.0,198.7,23647.0,44734.0,23.5,8.4,78.0,30.360000000000003,4.04,354.0,416.0,1.9,0.5326127363915224
2026-04-05T09:39:00,04/05/202609:39,96.76,0.48,46.4448,53.27,0.45,23.971500000000002,23.5,0.0,0.0,198.7,23647.0,44734.0,23.5,8.4,78.0,30.360000000000003,4.04,354.0,416.0,1.9,0.5161288238941711
2026-04-05T09:40:00,04/05/202609:40,95.64,0.48,45.907199999999996,53.27,0.44000000000000006,23.438800000000004,23.0,0.0,0.0,198.7,23647.0,44734.0,23.5,8.4,78.0,30.360000000000003,4.04,354.0,416.0,1.9,0.5105691481946188
2026-04-05T09:40:04,04/05/202609:40,94.95,0.45999999999999996,43.677,53.27,0.43,22.906100000000002,22.5,0.0,0.0,198.7,23647.0,44734.0,23.5,8.4,78.0,30.360000000000003,4.04,354.0,416.0,1.9,0.5244430707237219
2026-04-05T09:41:00,04/05/202609:41,94.26,0.44000000000000006,41.47440000000001,53.279999999999994,0.42000000000000004,22.3776,22.0,0.0,0.0,198.7,23647.0,44734.0,23.5,8.4,78.0,30.360000000000003,4.04,354.0,416.0,1.9,0.5395521092529366
2026-04-05T09:41:04,04/05/202609:41,93.59,0.44000000000000006,41.17960000000001,53.279999999999994,0.41000000000000003,21.8448,21.5,0.0,0.0,198.7,23647.0,44734.0,23.6,8.4,78.0,30.360000000000003,4.04,354.0,416.0,1.9,0.5304762552331735
2026-04-05T09:42:00,04/05/202609:42,92.92,0.44000000000000006,40.884800000000006,53.279999999999994,0.4,21.311999999999998,21.0,0.0,0.0,198.7,23647.0,44734.0,23.6,8.4,78.0,30.360000000000003,4.04,354.0,416.0,1.9,0.5212695182561733
2026-04-05T09:42:04,04/05/202609:42,93.35,0.42000000000000004,39.207,53.279999999999994,0.4,21.311999999999998,21.0,0.0,0.0,198.7,23647.0,44734.0,23.5,8.4,78.0,30.360000000000003,4.04,354.0,416.0,1.9,0.5435764021730812
2026-04-05T09:43:00,04/05/202609:43,93.78999999999999,0.4,37.516,53.29,0.4,21.316000000000003,21.0,0.0,0.0,198.7,23647.0,44734.0,23.5,8.4,78.0,30.360000000000003,4.04,354.0,416.0,1.9,0.5681842413903402
2026-04-05T09:43:04,04/05/202609:43,95.17,0.4,38.068000000000005,53.31,0.4,21.324,21.0,0.0,0.0,198.7,23647.0,44734.0,23.5,8.4,78.0,30.360000000000003,4.04,354.0,416.0,1.9,0.5601555111905012
2026-04-05T09:44:00,04/05/202609:44,96.53999999999999,0.4,38.616,53.31999999999999,0.4,21.328,21.0,0.0,0.0,198.7,23647.0,44734.0,23.5,8.4,78.0,30.360000000000003,4.04,354.0,416.0,1.9,0.5523099233478351
2026-04-05T09:44:04,04/05/202609:44,97.92,0.39,38.1888,53.33,0.4,21.332,21.0,0.0,0.0,198.7,23647.0,44734.0,23.5,8.4,78.0,30.360000000000003,4.04,354.0,416.0,1.9,0.5585930953578012
2026-04-05T09:46:03,04/05/202609:46,99.28999999999999,0.39,38.723099999999995,53.339999999999996,0.4,21.336,21.0,0.0,0.0,198.7,23647.0,44734.0,23.6,8.4,78.0,30.360000000000003,4.04,354.0,416.0,1.9,0.5509889445834657
2026-04-05T09:46:04,04/05/202609:46,99.88,0.41,40.950799999999994,53.35,0.4,21.340000000000003,21.0,0.0,0.0,198.7,23647.0,44734.0,23.5,8.46,77.8,30.360000000000003,4.195,354.1,421.4,1.94,0.5211131406468251
2026-04-05T09:47:01,04/05/202609:47,100.47,0.43,43.2021,53.36,0.4,21.344,21.0,0.0,0.0,198.7,23647.0,44734.0,23.5,8.52,77.6,30.360000000000003,4.35,354.2,426.8,1.9799999999999998,0.49405005775182226
2026-04-05T09:47:05,04/05/202609:47,101.06,0.43,43.4558,53.36999999999999,0.4,21.348,21.0,0.0,0.0,198.7,23647.0,44734.0,23.5,8.58,77.4,30.360000000000003,4.505,354.3,432.2,2.02,0.4912577837710961
2026-04-05T09:48:01,04/05/202609:48,101.65,0.43,43.7095,53.379999999999995,0.4,21.352,21.0,0.0,0.0,198.7,23647.0,44734.0,23.5,8.64,77.2,30.360000000000003,4.66,354.4,437.6,2.0599999999999996,0.4884979237923106
2026-04-05T09:48:04,04/05/202609:48,102.25,0.45,46.0125,53.4,0.4,21.36,21.0,0.0,0.0,198.7,23647.0,44734.0,23.5,8.7,77.0,30.360000000000003,4.8149999999999995,354.5,443.0,2.1,0.4642216788916055
2026-04-05T09:49:01,04/05/202609:49,102.85,0.47000000000000003,48.3395,53.42,0.4,21.368000000000002,21.0,0.0,0.0,198.7,23647.0,44734.0,23.5,8.76,76.8,30.360000000000003,4.970000000000001,354.6,448.4,2.1399999999999997,0.44204015349765724
2026-04-05T09:49:04,04/05/202609:49,102.8,0.48,49.343999999999994,53.42,0.4,21.368000000000002,21.0,0.0,0.0,198.7,23647.0,44734.0,23.5,8.82,76.6,30.360000000000003,5.125,354.7,453.8,2.1799999999999997,0.4330415045395591
2026-04-05T09:50:01,04/05/202609:50,102.75,0.49000000000000005,50.347500000000004,53.42,0.4,21.368000000000002,21.0,0.0,0.0,198.7,23647.0,44734.0,23.5,8.879999999999999,76.4,30.360000000000003,5.279999999999999,354.8,459.2,2.2199999999999998,0.42441034808083816
2026-04-05T09:50:04,04/05/202609:50,102.7,0.51,52.377,53.42,0.4,21.368000000000002,21.0,0.0,0.0,198.7,23647.0,44734.0,23.5,8.940000000000001,76.2,30.360000000000003,5.4350000000000005,354.9,464.6,2.26,0.407965328292953
2026-04-05T09:51:01,04/05/202609:51,102.66,0.52,53.3832,53.42,0.4,21.368000000000002,21.0,0.0,0.0,198.7,23647.0,44734.0,23.5,9.0,76.0,30.360000000000003,5.59,355.0,470.0,2.3,0.4002757421810607
2026-04-05T09:52:01,04/05/202609:52,102.97,0.53,54.5741,53.42,0.4,21.368000000000002,21.0,0.0,0.0,198.7,23647.0,44734.0,23.5,9.0,76.0,30.360000000000003,5.59,355.0,470.0,2.3,0.39154104236258597
2026-04-05T09:52:04,04/05/202609:52,102.91,0.52,53.5132,53.42,0.41000000000000003,21.902200000000004,21.5,0.0,0.0,198.7,23647.0,44734.0,23.5,9.0,76.0,30.360000000000003,5.59,355.0,470.0,2.3,0.40928593319031575
2026-04-05T09:53:01,04/05/202609:53,102.84,0.52,53.476800000000004,53.42,0.42000000000000004,22.436400000000003,22.0,0.0,0.0,198.7,23647.0,44734.0,23.5,9.0,76.0,30.360000000000003,5.59,355.0,470.0,2.3,0.41955390000897586
2026-04-05T09:53:29,04/05/202609:53,102.77000000000001,0.51,52.41270000000001,53.42,0.43,22.9706,22.5,0.0,0.0,198.7,23647.0,44734.0,23.5,9.0,76.0,30.360000000000003,5.59,355.0,470.0,2.3,0.43826400853228314
2026-04-05T09:54:01,04/05/202609:54,102.7,0.49000000000000005,50.32300000000001,53.410000000000004,0.44000000000000006,23.500400000000006,23.0,0.0,0.0,198.7,23647.0,44734.0,23.5,9.0,76.0,30.360000000000003,5.59,355.0,470.0,2.3,0.46699123661148983
2026-04-05T09:54:29,04/05/202609:54,100.61,0.49000000000000005,49.2989,53.410000000000004,0.45,24.0345,23.5,0.0,0.0,198.7,23647.0,44734.0,23.5,9.0,76.0,30.360000000000003,5.59,355.0,470.0,2.3,0.48752609084584037
2026-04-05T09:55:01,04/05/202609:55,98.22999999999999,0.48,47.15039999999999,53.42,0.45999999999999996,24.5732,24.0,0.0,0.0,198.7,23647.0,44734.0,23.5,9.0,76.0,30.360000000000003,5.59,355.0,470.0,2.3,0.5211663103600395
2026-04-05T09:55:40,04/05/202609:55,95.84,0.47000000000000003,45.0448,53.42,0.47000000000000003,25.107400000000002,24.5,0.0,0.0,198.7,23647.0,44734.0,23.5,9.0,76.0,30.360000000000003,5.59,355.0,470.0,2.3,0.5573873121869783
2026-04-05T09:57:14,04/05/202609:57,93.45,0.45999999999999996,42.986999999999995,53.42,0.48,25.6416,25.0,0.0,0.0,198.7,23647.0,44734.0,23.5,9.0,76.0,30.360000000000003,5.59,355.0,470.0,2.3,0.5964966152557751
2026-04-05T09:58:01,04/05/202609:58,91.05999999999999,0.45,40.977,53.42,0.49000000000000005,26.175800000000002,25.5,0.0,0.0,198.7,23647.0,44734.0,23.5,9.0,76.0,30.360000000000003,5.59,355.0,470.0,2.3,0.6387924933499282
2026-04-05T09:58:08,04/05/202609:58,90.85999999999999,0.43,39.069799999999994,53.42999999999999,0.5,26.714999999999996,26.0,0.0,0.0,198.7,23647.0,44734.0,23.5,9.0,76.0,30.360000000000003,5.59,355.0,470.0,2.3,0.6837762159007725
2026-04-05T09:59:01,04/05/202609:59,91.03,0.43,39.1429,53.44,0.5,26.72,26.0,0.0,0.0,198.7,23647.0,44734.0,23.5,9.0,76.0,30.360000000000003,5.59,355.0,470.0,2.3,0.6826269898244637
2026-04-05T10:00:01,04/05/202610:00,91.2,0.43,39.216,53.45,0.5,26.725,26.0,0.0,0.0,198.7,23647.0,44734.0,23.5,9.0,76.0,30.360000000000003,5.59,355.0,470.0,2.3,0.6814820481436149
2026-04-05T10:00:08,04/05/202610:00,91.38,0.44000000000000006,40.2072,53.46,0.5,26.73,26.0,0.0,0.0,198.7,23647.0,44734.0,23.5,9.0,76.0,30.360000000000003,5.59,355.0,470.0,2.3,0.664806303348654
2026-04-05T10:01:01,04/05/202610:01,91.55999999999999,0.45,41.202,53.470000000000006,0.5,26.735000000000003,26.0,0.0,0.0,198.7,23647.0,44734.0,23.5,9.0,76.0,30.360000000000003,5.59,355.0,470.0,2.3,0.6488762681423232
2026-04-05T10:01:08,04/05/202610:01,93.21,0.45,41.9445,53.470000000000006,0.51,27.269700000000004,26.6,0.0,0.0,198.7,23647.0,44734.0,23.5,9.07,75.9,30.363,5.59,355.5,475.3,2.3299999999999996,0.6501376819368453
2026-04-05T10:02:01,04/05/202610:02,94.85999999999999,0.45,42.687,53.470000000000006,0.52,27.804400000000005,27.2,0.0,0.0,198.7,23647.0,44734.0,23.5,9.14,75.8,30.365999999999996,5.59,356.0,480.6,2.36,0.6513552135310517
2026-04-05T10:03:01,04/05/202610:03,96.52,0.45,43.434,53.48,0.53,28.3444,27.8,0.0,0.0,198.7,23647.0,44734.0,23.5,9.209999999999999,75.7,30.369,5.59,356.5,485.9,2.3899999999999997,0.6525855320716489
2026-04-05T10:04:01,04/05/202610:04,98.16999999999999,0.45,44.1765,53.489999999999995,0.54,28.8846,28.4,0.0,0.0,198.7,23647.0,44734.0,23.5,9.28,75.6,30.372000000000003,5.59,357.0,491.2,2.42,0.6538453702760517
2026-04-05T10:04:08,04/05/202610:04,98.88,0.44000000000000006,43.507200000000005,53.5,0.54,28.89,28.4,0.0,0.0,198.7,23647.0,44734.0,23.5,9.35,75.5,30.375,5.59,357.5,496.5,2.45,0.6640280229479258
2026-04-05T10:05:01,04/05/202610:05,97.4,0.44000000000000006,42.85600000000001,53.5,0.54,28.89,28.4,0.0,0.0,198.7,23647.0,44734.0,23.5,9.419999999999998,75.4,30.377999999999997,5.59,358.0,501.8,2.48,0.6741179764793727
2026-04-05T10:05:08,04/05/202610:05,95.91999999999999,0.45,43.163999999999994,53.5,0.54,28.89,28.4,0.0,0.0,198.7,23647.0,44734.0,23.5,9.489999999999998,75.3,30.381,5.59,358.5,507.1,2.5100000000000002,0.6693077564637199
2026-04-05T10:06:01,04/05/202610:06,94.44,0.45999999999999996,43.44239999999999,53.5,0.54,28.89,28.4,0.0,0.0,198.7,23647.0,44734.0,23.5,9.559999999999999,75.2,30.384000000000004,5.59,359.0,512.4,2.54,0.6650185072647922
2026-04-05T10:07:00,04/05/202610:07,92.95,0.47000000000000003,43.6865,53.5,0.54,28.89,28.4,0.0,0.0,198.7,23647.0,44734.0,23.5,9.629999999999999,75.1,30.387,5.59,359.5,517.7,2.57,0.6613026907625925
2026-04-05T10:07:09,04/05/202610:07,92.35,0.47000000000000003,43.4045,53.5,0.54,28.89,28.4,0.0,0.0,198.7,23647.0,44734.0,23.5,9.7,75.0,30.389999999999997,5.59,360.0,523.0,2.6,0.6655991890241796
2026-04-05T10:08:27,04/05/202610:08,92.26,0.45999999999999996,42.4396,53.510000000000005,0.53,28.360300000000006,27.8,0.0,0.0,198.7,23647.0,44734.0,23.5,9.7,75.0,30.389999999999997,5.59,360.0,523.0,2.6,0.6682508788961254
2026-04-05T10:09:00,04/05/202610:09,92.17,0.45,41.4765,53.52,0.52,27.8304,27.2,0.0,0.0,198.7,23647.0,44734.0,23.5,9.7,75.0,30.389999999999997,5.59,360.0,523.0,2.6,0.6709920075223319
2026-04-05T10:10:01,04/05/202610:10,92.08,0.44000000000000006,40.51520000000001,53.52,0.51,27.2952,26.6,0.0,0.0,198.7,23647.0,44734.0,23.5,9.7,75.0,30.389999999999997,5.59,360.0,523.0,2.6,0.6737027091067055
2026-04-05T10:10:08,04/05/202610:10,91.38,0.44000000000000006,40.2072,53.52,0.51,27.2952,26.6,0.0,0.0,198.7,23647.0,44734.0,23.5,9.7,75.0,30.389999999999997,5.59,360.0,523.0,2.6,0.6788634871366322
2026-04-05T10:11:00,04/05/202610:11,91.62,0.45,41.229000000000006,53.52,0.52,27.8304,27.2,0.0,0.0,198.7,23647.0,44734.0,23.5,9.7,75.0,30.389999999999997,5.59,360.0,523.0,2.6,0.6750200101870042
2026-04-05T10:11:08,04/05/202610:11,91.86,0.45,41.337,53.529999999999994,0.53,28.3709,27.8,0.0,0.0,198.7,23647.0,44734.0,23.5,9.7,75.0,30.389999999999997,5.59,360.0,523.0,2.6,0.6863318576577884
2026-04-05T10:12:01,04/05/202610:12,92.1,0.44000000000000006,40.524,53.54,0.54,28.9116,28.4,0.0,0.0,198.7,23647.0,44734.0,23.5,9.7,75.0,30.389999999999997,5.59,360.0,523.0,2.6,0.7134438851051229
2026-04-05T10:12:08,04/05/202610:12,92.34,0.44000000000000006,40.6296,53.55,0.55,29.4525,29.0,0.0,0.0,198.7,23647.0,44734.0,23.5,9.7,75.0,30.389999999999997,5.59,360.0,523.0,2.6,0.7249025341130604
2026-04-05T10:13:01,04/05/202610:13,92.58,0.44000000000000006,40.735200000000006,53.56,0.5599999999999999,29.993599999999997,29.6,0.0,0.0,198.7,23647.0,44734.0,23.5,9.7,75.0,30.389999999999997,5.59,360.0,523.0,2.6,0.7363066831634555
2026-04-05T10:13:08,04/05/202610:13,92.91,0.45,41.8095,53.57000000000001,0.5599999999999999,29.999200000000002,29.6,0.0,0.0,198.7,23647.0,44734.0,23.5,9.7,75.0,30.389999999999997,5.59,360.0,523.0,2.6,0.7175211375405112
2026-04-05T10:14:01,04/05/202610:14,93.28,0.45999999999999996,42.9088,53.57000000000001,0.5599999999999999,29.999200000000002,29.6,0.0,0.0,198.7,23647.0,44734.0,23.5,9.7,75.0,30.389999999999997,5.59,360.0,523.0,2.6,0.6991386382280559
2026-04-05T10:15:01,04/05/202610:15,93.65,0.47000000000000003,44.0155,53.57000000000001,0.5599999999999999,29.999200000000002,29.6,0.0,0.0,198.7,23647.0,44734.0,23.5,9.7,75.0,30.389999999999997,5.59,360.0,523.0,2.6,0.6815599050334541
2026-04-05T10:15:41,04/05/202610:15,93.97,0.48,45.105599999999995,53.58,0.5700000000000001,30.5406,30.2,0.0,0.0,198.7,23647.0,44734.0,23.5,9.7,75.0,30.389999999999997,5.59,360.0,523.0,2.6,0.6770910929019901
2026-04-05T10:16:01,04/05/202610:16,94.9,0.48,45.552,53.589999999999996,0.5700000000000001,30.546300000000002,30.2,0.0,0.0,198.7,23647.0,44734.0,23.5,9.7,75.0,30.389999999999997,5.59,360.0,523.0,2.6,0.6705808746048473
2026-04-05T10:16:41,04/05/202610:16,95.83,0.48,45.9984,53.6,0.5700000000000001,30.552000000000003,30.2,0.0,0.0,198.7,23647.0,44734.0,23.5,9.77,74.8,30.389999999999997,5.5649999999999995,360.0,528.1,2.65,0.664197015548367
2026-04-05T10:17:01,04/05/202610:17,96.76,0.49000000000000005,47.412400000000005,53.6,0.5700000000000001,30.552000000000003,30.2,0.0,0.0,198.7,23647.0,44734.0,23.5,9.84,74.6,30.389999999999997,5.54,360.0,533.2,2.7,0.6443883878479048
2026-04-05T10:17:40,04/05/202610:17,97.7,0.5,48.85,53.6,0.5700000000000001,30.552000000000003,30.2,0.0,0.0,198.7,23647.0,44734.0,23.5,9.91,74.4,30.389999999999997,5.515,360.0,538.3,2.75,0.6254247697031731
2026-04-05T10:18:00,04/05/202610:18,98.64000000000001,0.5,49.32000000000001,53.6,0.5700000000000001,30.552000000000003,30.2,0.0,0.0,198.7,23647.0,44734.0,23.5,9.98,74.2,30.389999999999997,5.49,360.0,543.4,2.8,0.6194647201946472
2026-04-05T10:19:37,04/05/202610:19,100.15,0.5,50.075,53.6,0.5700000000000001,30.552000000000003,30.2,0.0,0.0,198.7,23647.0,44734.0,23.5,10.05,74.0,30.389999999999997,5.465,360.0,548.5,2.85,0.6101248127808288
2026-04-05T10:20:00,04/05/202610:20,100.68,0.5,50.34,53.6,0.58,31.087999999999997,30.8,0.0,0.0,198.7,23647.0,44734.0,23.5,10.120000000000001,73.8,30.389999999999997,5.4399999999999995,360.0,553.6,2.9,0.6175605880015891
2026-04-05T10:20:41,04/05/202610:20,101.22,0.5,50.61,53.6,0.59,31.624,31.4,0.0,0.0,198.7,23647.0,44734.0,23.5,10.190000000000001,73.6,30.389999999999997,5.415,360.0,558.7,2.95,0.6248567476783244
2026-04-05T10:21:01,04/05/202610:21,101.76,0.5,50.88,53.6,0.6,32.16,32.0,0.0,0.0,198.7,23647.0,44734.0,23.5,10.26,73.4,30.389999999999997,5.39,360.0,563.8,3.0,0.6320754716981131
2026-04-05T10:21:41,04/05/202610:21,101.61,0.5,50.805,53.6,0.6,32.16,32.0,0.0,0.0,198.7,23647.0,44734.0,23.5,10.33,73.2,30.389999999999997,5.365,360.0,568.9,3.05,0.6330085621493947
2026-04-05T10:22:01,04/05/202610:22,101.46000000000001,0.5,50.730000000000004,53.6,0.6,32.16,32.0,0.0,0.0,198.7,23647.0,44734.0,23.5,10.4,73.0,30.389999999999997,5.34,360.0,574.0,3.1,0.6339444115907745
2026-04-05T10:23:00,04/05/202610:23,101.31,0.5,50.655,53.61,0.6,32.166,32.0,0.0,0.0,198.7,23647.0,44734.0,23.5,10.4,73.0,30.389999999999997,5.34,360.0,574.0,3.1,0.6350014806040863
2026-04-05T10:24:00,04/05/202610:24,101.16,0.5,50.58,53.620000000000005,0.6,32.172000000000004,32.0,0.0,1.0,198.7,23647.0,44734.0,23.5,10.4,73.0,30.389999999999997,5.34,360.0,574.0,3.1,0.6360616844602611
2026-04-05T10:24:41,04/05/202610:24,101.83000000000001,0.49000000000000005,49.89670000000001,53.63000000000001,0.61,32.71430000000001,32.5,0.0,1.0,198.7,23647.0,44734.0,23.5,10.4,73.0,30.389999999999997,5.34,360.0,574.0,3.1,0.65564055338329
2026-04-05T10:25:01,04/05/202610:25,102.5,0.48,49.199999999999996,53.64,0.6199999999999999,33.25679999999999,33.0,0.0,1.0,198.7,23647.0,44734.0,23.5,10.4,73.0,30.389999999999997,5.34,360.0,574.0,3.1,0.6759512195121951
2026-04-05T10:25:41,04/05/202610:25,102.6,0.47000000000000003,48.222,53.65,0.6199999999999999,33.26299999999999,33.0,0.0,1.0,198.7,23647.0,44734.0,23.6,10.4,73.0,30.389999999999997,5.34,360.0,574.0,3.1,0.6897888930363733
2026-04-05T10:26:00,04/05/202610:26,102.7,0.45999999999999996,47.242,53.660000000000004,0.6199999999999999,33.2692,33.0,0.0,1.0,198.7,23647.0,44734.0,23.6,10.4,73.0,30.389999999999997,5.34,360.0,574.0,3.1,0.7042292874984124
2026-04-05T10:26:41,04/05/202610:26,102.74000000000001,0.45,46.233000000000004,53.67,0.63,33.8121,33.5,0.0,1.0,198.7,23647.0,44734.0,23.6,10.4,73.0,30.389999999999997,5.34,360.0,574.0,3.1,0.7313412497566673
2026-04-05T10:27:01,04/05/202610:27,102.78,0.44000000000000006,45.223200000000006,53.68000000000001,0.6399999999999999,34.355199999999996,34.0,0.0,1.0,198.7,23647.0,44734.0,23.6,10.4,73.0,30.389999999999997,5.34,360.0,574.0,3.1,0.7596808717649346
2026-04-05T10:27:41,04/05/202610:27,102.44000000000001,0.44000000000000006,45.07360000000001,53.69,0.63,33.8247,33.4,0.0,1.0,198.7,23647.0,44734.0,23.5,10.4,73.0,30.389999999999997,5.34,360.0,574.0,3.1,0.7504326257498845
2026-04-05T10:28:01,04/05/202610:28,102.1,0.44000000000000006,44.92400000000001,53.7,0.6199999999999999,33.294,32.8,0.0,1.0,198.7,23647.0,44734.0,23.5,10.4,73.0,30.389999999999997,5.34,360.0,574.0,3.1,0.7411183331849344
2026-04-05T10:29:00,04/05/202610:29,101.76,0.44000000000000006,44.77440000000001,53.7,0.61,32.757,32.2,0.0,1.0,198.7,23647.0,44734.0,23.5,10.4,73.0,30.389999999999997,5.34,360.0,574.0,3.1,0.7316010934819895
2026-04-05T10:30:48,04/05/202610:30,100.75,0.44000000000000006,44.330000000000005,53.69,0.6,32.214,31.6,0.0,1.0,198.7,23647.0,44734.0,23.5,10.46,73.0,30.389999999999997,5.2780000000000005,324.3,573.8,3.1,0.7266862170087975
2026-04-05T10:31:01,04/05/202610:31,98.91,0.45,44.5095,53.68000000000001,0.58,31.134400000000003,30.5,0.0,1.0,198.7,23647.0,44734.0,23.5,10.52,73.0,30.389999999999997,5.215999999999999,288.6,573.6,3.1,0.6995001067187904
2026-04-05T10:31:41,04/05/202610:31,97.07000000000001,0.45999999999999996,44.6522,53.68000000000001,0.5599999999999999,30.0608,29.4,0.0,1.0,198.7,23647.0,44734.0,23.5,10.65,72.8,30.389999999999997,5.111,288.0,578.4,3.14,0.6732210283031967
2026-04-05T10:32:01,04/05/202610:32,95.22999999999999,0.47000000000000003,44.7581,53.68000000000001,0.55,29.524000000000004,28.8,0.0,1.0,198.7,23647.0,44734.0,23.5,10.78,72.6,30.389999999999997,5.006,287.4,583.2,3.18,0.6596347923616062
2026-04-05T10:33:00,04/05/202610:33,93.39,0.48,44.8272,53.68000000000001,0.54,28.987200000000005,28.2,0.0,1.0,198.7,23647.0,44734.0,23.5,10.91,72.4,30.389999999999997,4.901,286.8,588.0,3.22,0.6466431095406362
2026-04-05T10:33:41,04/05/202610:33,93.64,0.49000000000000005,45.8836,53.68000000000001,0.53,28.450400000000005,27.7,0.0,1.0,198.7,23647.0,44734.0,23.5,11.040000000000001,71.9,30.389999999999997,4.796,286.2,592.8,3.2600000000000002,0.6200559677095957
2026-04-05T10:34:00,04/05/202610:34,93.89,0.5,46.945,53.68000000000001,0.52,27.913600000000006,27.2,0.0,1.0,198.7,23647.0,44734.0,23.5,11.17,71.4,30.389999999999997,4.691,285.6,597.6,3.3,0.5946021940568752
2026-04-05T10:34:41,04/05/202610:34,95.27000000000001,0.5,47.635000000000005,53.68000000000001,0.53,28.450400000000005,27.8,0.0,1.0,198.7,23647.0,44734.0,23.5,11.3,70.9,30.389999999999997,4.586,285.0,602.4,3.34,0.5972583184633148
2026-04-05T10:35:00,04/05/202610:35,96.65,0.5,48.325,53.68000000000001,0.54,28.987200000000005,28.4,0.0,1.0,198.7,23647.0,44734.0,23.5,11.43,70.4,30.389999999999997,4.481,284.4,607.2,3.38,0.5998385928608382
2026-04-05T10:36:00,04/05/202610:36,98.03,0.5,49.015,53.69,0.55,29.529500000000002,29.0,0.0,1.0,198.7,23647.0,44734.0,23.5,11.559999999999999,69.9,30.389999999999997,4.3759999999999994,283.8,612.0,3.4200000000000004,0.6024584310925227
2026-04-05T10:37:01,04/05/202610:37,100.08,0.5,50.04,53.71,0.5599999999999999,30.077599999999997,29.6,0.0,1.0,198.7,23647.0,44734.0,23.5,11.629999999999999,69.4,30.389999999999997,4.333,318.9,617.0,3.46,0.6010711430855316
2026-04-05T10:37:02,04/05/202610:37,102.19,0.5,51.095,53.73,0.5700000000000001,30.6261,30.2,0.0,1.0,198.7,23647.0,44734.0,23.5,11.7,68.9,30.389999999999997,4.29,354.0,622.0,3.5,0.5993952441530482
2026-04-05T10:38:00,04/05/202610:38,104.3,0.5,52.15,53.739999999999995,0.58,31.169199999999996,30.8,0.0,1.0,198.7,23647.0,44734.0,23.5,11.7,68.6,30.389999999999997,4.29,354.0,622.0,3.5,0.5976836049856183
2026-04-05T10:38:02,04/05/202610:38,106.42,0.5,53.21,53.75,0.59,31.7125,31.4,0.0,1.0,198.7,23647.0,44734.0,23.5,11.7,68.3,30.389999999999997,4.29,354.0,622.0,3.5,0.5959875963164818
2026-04-05T10:39:01,04/05/202610:39,108.54,0.5,54.27,53.760000000000005,0.6,32.256,32.0,0.0,1.0,198.7,23647.0,44734.0,23.5,11.7,68.0,30.389999999999997,4.29,354.0,622.0,3.5,0.5943615257048093
2026-04-05T10:40:00,04/05/202610:40,108.62,0.5,54.31,53.77,0.6,32.262,32.0,0.0,1.0,198.7,23647.0,44734.0,23.5,11.7,68.0,30.389999999999997,4.29,354.0,622.0,3.5,0.5940342478364942
2026-04-05T10:40:02,04/05/202610:40,108.12,0.5,54.06,53.779999999999994,0.6,32.267999999999994,32.0,0.0,1.0,198.7,23647.0,44734.0,23.5,11.7,68.0,30.389999999999997,4.29,354.0,622.0,3.5,0.5968923418423971
2026-04-05T10:42:00,04/05/202610:41,107.60999999999999,0.5,53.80499999999999,53.79,0.6,32.274,32.0,0.0,1.0,198.7,23647.0,44734.0,23.5,11.7,68.0,30.389999999999997,4.29,354.0,622.0,3.5,0.599832729300251
2026-04-05T10:42:01,04/05/202610:42,107.1,0.5,53.55,53.8,0.6,32.279999999999994,32.0,0.0,1.0,198.7,23647.0,44734.0,23.5,11.7,68.0,30.389999999999997,4.29,354.0,622.0,3.5,0.6028011204481792
2026-04-05T10:42:02,04/05/202610:42,106.58,0.5,53.29,53.79,0.6,32.274,32.0,0.0,1.0,198.7,23647.0,44734.0,23.5,11.7,68.0,30.389999999999997,4.29,354.0,622.0,3.5,0.6056295740288985
2026-04-05T10:42:12,04/05/202610:42,106.07000000000001,0.5,53.035000000000004,53.79,0.6,32.274,32.0,0.0,1.0,198.7,23647.0,44734.0,23.5,11.7,68.0,30.389999999999997,4.29,354.0,622.0,3.5,0.6085415291788442
2026-04-05T10:43:00,04/05/202610:43,105.5,0.5,52.75,53.79,0.6,32.274,32.0,0.0,1.0,198.7,23647.0,44734.0,23.5,11.7,68.0,30.389999999999997,4.29,354.0,622.0,3.5,0.611829383886256
2026-04-05T10:43:12,04/05/202610:43,105.14000000000001,0.49000000000000005,51.51860000000001,53.79,0.6,32.274,32.0,0.0,1.0,198.7,23647.0,44734.0,23.5,11.7,68.0,30.389999999999997,4.29,354.0,622.0,3.5,0.6264533585928188
2026-04-05T10:44:00,04/05/202610:44,104.77000000000001,0.48,50.2896,53.79,0.6,32.274,32.0,0.0,1.0,198.7,23647.0,44734.0,23.5,11.7,68.0,30.389999999999997,4.29,354.0,622.0,3.5,0.6417629092297413
2026-04-05T10:44:11,04/05/202610:44,104.41,0.47000000000000003,49.072700000000005,53.79,0.6,32.274,32.0,0.0,1.0,198.7,23647.0,44734.0,23.5,11.7,68.0,30.389999999999997,4.29,354.0,622.0,3.5,0.6576772828884492
2026-04-05T10:45:01,04/05/202610:45,104.05,0.45999999999999996,47.86299999999999,53.79,0.6,32.274,32.0,0.0,1.0,198.7,23647.0,44734.0,23.5,11.7,68.0,30.389999999999997,4.29,354.0,622.0,3.5,0.6742995633370246
2026-04-05T10:45:12,04/05/202610:45,104.27000000000001,0.45,46.92150000000001,53.8,0.6,32.279999999999994,32.0,0.0,1.0,198.7,23647.0,44734.0,23.5,11.77,67.6,30.389999999999997,4.284000000000001,354.3,626.5,3.54,0.6879575461142544
2026-04-05T10:46:00,04/05/202610:46,104.49000000000001,0.44000000000000006,45.97560000000001,53.81,0.6,32.286,32.0,0.0,1.0,198.7,23647.0,44734.0,23.5,11.84,67.2,30.389999999999997,4.2780000000000005,354.6,631.0,3.5799999999999996,0.702242058831206
2026-04-05T10:46:11,04/05/202610:46,104.75,0.44000000000000006,46.09,53.839999999999996,0.6,32.303999999999995,32.0,0.0,1.0,198.7,23647.0,44734.0,23.5,11.91,66.8,30.389999999999997,4.272,354.9,635.5,3.62,0.7008895638967236
2026-04-05T10:47:00,04/05/202610:47,105.02000000000001,0.44000000000000006,46.20880000000001,53.879999999999995,0.6,32.327999999999996,32.0,0.0,1.0,198.7,23647.0,44734.0,23.5,11.98,66.4,30.389999999999997,4.266,355.2,640.0,3.66,0.6996070012638282
2026-04-05T10:47:11,04/05/202610:47,105.25999999999999,0.44000000000000006,46.3144,53.94,0.6,32.364,32.0,0.0,1.0,198.7,23647.0,44734.0,23.5,12.05,66.0,30.389999999999997,4.26,355.5,644.5,3.7,0.6987891454925466
2026-04-05T10:48:01,04/05/202610:48,105.5,0.44000000000000006,46.42000000000001,54.0,0.6,32.4,32.0,0.0,1.0,198.7,23647.0,44734.0,23.5,12.120000000000001,65.6,30.389999999999997,4.2540000000000004,355.8,649.0,3.7399999999999998,0.6979750107712192
2026-04-05T10:48:12,04/05/202610:48,105.54,0.45,47.493,54.06,0.6,32.436,32.0,0.0,1.0,198.7,23647.0,44734.0,23.5,12.190000000000001,65.2,30.389999999999997,4.248,356.1,653.5,3.78,0.6829638051923441
2026-04-05T10:49:01,04/05/202610:49,105.58,0.45999999999999996,48.56679999999999,54.120000000000005,0.6,32.472,32.0,0.0,1.0,198.7,23647.0,44734.0,23.5,12.26,64.8,30.389999999999997,4.242,356.4,658.0,3.8200000000000003,0.668604890583691
2026-04-05T10:49:12,04/05/202610:49,105.60999999999999,0.47000000000000003,49.6367,54.17999999999999,0.61,33.0498,32.6,0.0,1.0,198.7,23647.0,44734.0,23.5,12.33,64.4,30.389999999999997,4.236000000000001,356.7,662.5,3.8600000000000003,0.6658339494768991
2026-04-05T10:50:00,04/05/202610:50,105.64000000000001,0.48,50.70720000000001,54.239999999999995,0.6199999999999999,33.62879999999999,33.2,0.0,1.0,198.7,23647.0,44734.0,23.5,12.4,64.0,30.389999999999997,4.23,357.0,667.0,3.9,0.6631957591821277
2026-04-05T10:50:11,04/05/202610:50,105.67,0.5,52.835,54.3,0.63,34.208999999999996,33.8,0.0,1.0,198.7,23647.0,44734.0,23.5,12.4,64.0,30.389999999999997,4.23,357.0,667.0,3.9,0.647468534115643
2026-04-05T10:51:01,04/05/202610:51,105.7,0.52,54.964000000000006,54.36,0.6399999999999999,34.79039999999999,34.4,0.0,1.0,198.7,23647.0,44734.0,23.5,12.4,64.0,30.389999999999997,4.23,357.0,667.0,3.9,0.6329670329670327
2026-04-05T10:53:12,04/05/202610:53,105.69000000000001,0.53,56.01570000000001,54.4,0.6599999999999999,35.903999999999996,35.5,0.0,1.0,198.7,23647.0,44734.0,23.5,12.4,64.0,30.389999999999997,4.23,357.0,667.0,3.9,0.6409631585430512
2026-04-05T10:54:00,04/05/202610:54,105.67999999999999,0.54,57.0672,54.44,0.6799999999999999,37.0192,36.6,0.0,1.0,198.7,23647.0,44734.0,23.5,12.4,64.0,30.389999999999997,4.23,357.0,667.0,3.9,0.6486948720105419
2026-04-05T10:54:12,04/05/202610:54,105.7,0.5599999999999999,59.19199999999999,54.45,0.6799999999999999,37.025999999999996,36.6,0.0,1.0,198.7,23647.0,44734.0,23.5,12.4,64.0,30.389999999999997,4.23,357.0,667.0,3.9,0.6255237194215435
2026-04-05T10:54:39,04/05/202610:54,105.72,0.58,61.31759999999999,54.46,0.69,37.5774,37.2,0.0,1.0,198.7,23647.0,44734.0,23.5,12.4,64.0,30.389999999999997,4.23,357.0,667.0,3.9,0.6128322047829661
2026-04-05T10:55:01,04/05/202610:55,105.72999999999999,0.6,63.43799999999999,54.470000000000006,0.7,38.129000000000005,37.8,0.0,1.0,198.7,23647.0,44734.0,23.5,12.4,64.0,30.389999999999997,4.23,357.0,667.0,3.9,0.6010435385730952
2026-04-05T10:55:39,04/05/202610:55,105.74000000000001,0.6199999999999999,65.55879999999999,54.48,0.72,39.22559999999999,38.9,0.0,1.0,198.7,23647.0,44734.0,23.5,12.4,64.0,30.389999999999997,4.23,357.0,667.0,3.9,0.5983269980536556
2026-04-05T10:56:00,04/05/202610:56,105.75,0.6399999999999999,67.67999999999999,54.489999999999995,0.73,39.777699999999996,39.4,0.0,1.0,198.7,23647.0,44734.0,23.5,12.4,64.0,30.389999999999997,4.23,357.0,667.0,3.9,0.5877319739952719
2026-04-05T10:57:00,04/05/202610:57,105.75999999999999,0.6599999999999999,69.80159999999998,54.489999999999995,0.74,40.322599999999994,39.9,0.0,1.0,198.7,23647.0,44734.0,23.5,12.4,64.0,30.389999999999997,4.23,357.0,667.0,3.9,0.5776744372621831
2026-04-05T10:57:39,04/05/202610:57,105.77000000000001,0.6699999999999999,70.8659,54.48,0.76,41.4048,41.0,0.0,1.0,198.7,23647.0,44734.0,23.5,12.4,64.0,30.389999999999997,4.23,357.0,667.0,3.9,0.5842697263422888
2026-04-05T10:58:00,04/05/202610:58,105.78,0.6799999999999999,71.93039999999999,54.470000000000006,0.78,42.4866,42.1,0.0,1.0,198.7,23647.0,44734.0,23.5,12.4,64.0,30.389999999999997,4.23,357.0,667.0,3.9,0.5906626405525343
2026-04-05T10:58:39,04/05/202610:58,105.8,0.69,73.002,54.46,0.79,43.0234,42.7,0.0,1.0,198.7,23647.0,44734.0,23.5,12.4,64.0,30.389999999999997,4.23,357.0,667.0,3.9,0.5893454973836334
2026-04-05T10:59:00,04/05/202610:59,105.82000000000001,0.7,74.074,54.45,0.8,43.56,43.3,0.0,1.0,198.7,23647.0,44734.0,23.5,12.4,64.0,30.389999999999997,4.23,357.0,667.0,3.9,0.5880605880605881
2026-04-05T10:59:39,04/05/202610:59,105.82000000000001,0.7,74.074,54.45,0.8300000000000001,45.19350000000001,44.9,0.0,1.0,198.7,23647.0,44734.0,23.5,12.4,64.0,30.389999999999997,4.23,357.0,667.0,3.9,0.6101128601128603
2026-04-05T11:00:00,04/05/202611:00,105.82000000000001,0.7,74.074,54.45,0.85,46.2825,45.9,0.0,1.0,198.7,23647.0,44734.0,23.5,12.4,64.0,30.389999999999997,4.23,357.0,667.0,3.9,0.6248143748143749
2026-04-05T11:01:34,04/05/202611:01,105.83,0.7,74.08099999999999,54.45,0.8700000000000001,47.37150000000001,46.9,0.0,1.0,198.7,23647.0,44734.0,23.5,12.46,63.8,30.389999999999997,4.186000000000001,357.0,671.3,3.9299999999999997,0.6394554609144047
2026-04-05T11:02:00,04/05/202611:02,105.84,0.7,74.088,54.45,0.8800000000000001,47.91600000000001,47.4,0.0,1.0,198.7,23647.0,44734.0,23.5,12.52,63.6,30.389999999999997,4.142,357.0,675.6,3.96,0.6467444120505347
2026-04-05T11:03:01,04/05/202611:03,105.85,0.7,74.09499999999998,54.45,0.89,48.4605,48.0,0.0,1.0,198.7,23647.0,44734.0,23.5,12.58,63.4,30.389999999999997,4.098000000000001,357.0,679.9,3.9899999999999998,0.6540319859639654
2026-04-05T11:04:23,04/05/202611:04,105.85999999999999,0.7,74.10199999999999,54.46,0.9,49.014,48.6,0.0,1.0,198.7,23647.0,44734.0,23.5,12.64,63.2,30.389999999999997,4.054,357.0,684.2,4.0200000000000005,0.6614396372567544
2026-04-05T11:05:00,04/05/202611:05,105.87,0.7,74.109,54.470000000000006,0.9,49.023,48.6,0.0,1.0,198.7,23647.0,44734.0,23.5,12.7,63.0,30.389999999999997,4.01,357.0,688.5,4.05,0.661498603408493
2026-04-05T11:06:01,04/05/202611:06,105.88,0.7,74.11599999999999,54.48,0.9,49.032,48.6,0.0,1.0,198.7,23647.0,44734.0,23.5,12.76,62.8,30.389999999999997,3.966,357.0,692.8,4.08,0.6615575584219333
2026-04-05T11:07:00,04/05/202611:07,105.88,0.71,75.17479999999999,54.48,0.8800000000000001,47.942400000000006,47.5,0.0,1.0,198.7,23647.0,44734.0,23.5,12.819999999999999,62.6,30.389999999999997,3.9219999999999997,357.0,697.1,4.11,0.6377456275241173
2026-04-05T11:08:00,04/05/202611:08,105.88,0.71,75.17479999999999,54.489999999999995,0.8699999999999999,47.40629999999999,46.9,0.0,1.0,198.7,23647.0,44734.0,23.5,12.88,62.4,30.389999999999997,3.878,357.0,701.4,4.14,0.6306142483917482
2026-04-05T11:09:00,04/05/202611:09,105.89000000000001,0.71,75.18190000000001,54.489999999999995,0.8699999999999999,47.40629999999999,47.0,0.0,1.0,198.7,23647.0,44734.0,23.5,12.940000000000001,62.2,30.389999999999997,3.8340000000000005,357.0,705.7,4.17,0.6305546946805013
2026-04-05T11:10:00,04/05/202611:10,105.9,0.71,75.18900000000001,54.489999999999995,0.8699999999999999,47.40629999999999,47.1,0.0,1.0,198.7,23647.0,44734.0,23.5,13.0,62.0,30.389999999999997,3.79,357.0,710.0,4.2,0.6304951522164144
2026-04-05T11:11:00,04/05/202611:11,105.9,0.71,75.18900000000001,54.489999999999995,0.8800000000000001,47.9512,47.7,0.0,1.0,198.7,23647.0,44734.0,23.6,13.0,62.0,30.389999999999997,3.79,357.0,710.0,4.2,0.6377422229315458
2026-04-05T11:12:00,04/05/202611:12,105.9,0.71,75.18900000000001,54.489999999999995,0.89,48.4961,48.3,0.0,1.0,198.7,23647.0,44734.0,23.5,13.0,62.0,30.389999999999997,3.79,357.0,710.0,4.2,0.644989293646677
2026-04-05T11:13:00,04/05/202611:13,105.9,0.71,75.18900000000001,54.489999999999995,0.9,49.041,48.8,0.0,1.0,198.7,23647.0,44734.0,23.5,13.0,62.0,30.389999999999997,3.79,357.0,710.0,4.2,0.6522363643618081
2026-04-05T11:14:01,04/05/202611:14,105.9,0.71,75.18900000000001,54.489999999999995,0.9099999999999999,49.58589999999999,49.3,0.0,1.0,198.7,23647.0,44734.0,23.5,13.0,62.0,30.389999999999997,3.79,357.0,710.0,4.2,0.6594834350769392
2026-04-05T11:15:34,04/05/202611:15,105.9,0.71,75.18900000000001,54.489999999999995,0.9199999999999999,50.130799999999994,49.8,0.0,1.0,198.7,23647.0,44734.0,23.5,13.0,62.0,30.389999999999997,3.79,357.0,710.0,4.2,0.6667305057920705
2026-04-05T11:16:00,04/05/202611:16,105.9,0.71,75.18900000000001,54.489999999999995,0.93,50.6757,50.3,0.0,1.0,198.7,23647.0,44734.0,23.5,13.059999999999999,61.7,30.389999999999997,3.79,357.0,714.0,4.24,0.6739775765072018
2026-04-05T11:17:00,04/05/202611:17,105.9,0.7,74.13,54.5,0.96,52.32,51.9,0.0,1.0,198.7,23647.0,44734.0,23.5,13.12,61.4,30.389999999999997,3.79,357.0,718.0,4.279999999999999,0.7057871307163093
2026-04-05T11:17:01,04/05/202611:17,105.91000000000001,0.7,74.137,54.5,0.9800000000000001,53.410000000000004,53.0,0.0,1.0,198.7,23647.0,44734.0,23.5,13.180000000000001,61.1,30.389999999999997,3.79,357.0,722.0,4.32,0.7204230006609386
2026-04-05T11:18:00,04/05/202611:18,105.92,0.71,75.2032,54.5,0.9800000000000001,53.410000000000004,53.0,0.0,1.0,198.7,23647.0,44734.0,23.5,13.24,60.8,30.389999999999997,3.79,357.0,726.0,4.36,0.7102091400365943
2026-04-05T11:19:00,04/05/202611:19,105.92999999999999,0.72,76.2696,54.5,0.97,52.865,52.4,0.0,1.0,198.7,23647.0,44734.0,23.5,13.3,60.5,30.389999999999997,3.79,357.0,730.0,4.4,0.693133306061655
2026-04-05T11:20:00,04/05/202611:20,105.94000000000001,0.73,77.3362,54.5,0.95,51.775,51.3,0.0,1.0,198.7,23647.0,44734.0,23.5,13.36,60.2,30.389999999999997,3.79,357.0,734.0,4.4399999999999995,0.669479493432571
2026-04-05T11:20:01,04/05/202611:20,105.92999999999999,0.76,80.5068,54.5,0.99,53.955,53.5,0.0,1.0,198.7,23647.0,44734.0,23.6,13.419999999999998,59.9,30.389999999999997,3.79,357.0,738.0,4.4799999999999995,0.6701918347270044
2026-04-05T11:21:00,04/05/202611:21,105.92,0.9,95.328,54.510000000000005,1.26,68.68260000000001,68.3,0.0,1.0,198.7,23647.0,44734.0,23.6,13.48,59.6,30.389999999999997,3.79,357.0,742.0,4.52,0.720487160120846
2026-04-05T11:22:00,04/05/202611:22,108.54,1.03,111.79620000000001,54.52,1.58,86.14160000000001,85.8,0.0,1.0,198.7,23647.0,44734.0,23.5,13.540000000000001,59.3,30.389999999999997,3.79,357.0,746.0,4.56,0.7705235061656837
2026-04-05T11:23:00,04/05/202611:23,111.32000000000001,1.1099999999999999,123.56519999999999,54.529999999999994,1.7900000000000003,97.6087,97.3,0.0,1.0,198.7,23647.0,44734.0,23.5,13.6,59.0,30.389999999999997,3.79,357.0,750.0,4.6,0.7899368106877989
2026-04-05T11:24:00,04/05/202611:24,114.05,1.2,136.85999999999999,54.54,2.0300000000000002,110.71620000000001,110.4,0.1,1.0,198.7,23647.0,44734.0,23.5,13.6,59.0,30.389999999999997,3.79,357.0,750.0,4.6,0.8089741341516881
2026-04-05T11:25:00,04/05/202611:25,116.78,1.28,149.4784,54.55,2.23,121.64649999999999,121.3,0.1,1.0,198.7,23647.0,44734.0,23.5,13.6,59.0,30.389999999999997,3.79,357.0,750.0,4.6,0.8138065432865216
2026-04-05T11:26:47,04/05/202611:26,119.46,1.37,163.6602,54.56,2.43,132.5808,132.2,0.1,2.0,198.7,23647.0,44734.0,23.5,13.6,59.0,30.389999999999997,3.79,357.0,750.0,4.6,0.8100979957252894
2026-04-05T11:26:57,04/05/202611:26,122.12,1.45,177.074,54.57000000000001,2.6399999999999997,144.0648,143.6,0.1,2.0,198.7,23647.0,44734.0,23.5,13.6,59.0,30.389999999999997,3.79,357.0,750.0,4.6,0.8135852807300902
2026-04-05T11:27:01,04/05/202611:27,124.78,1.53,190.9134,54.58,2.8600000000000003,156.0988,155.6,0.1,2.0,198.7,23647.0,44734.0,23.5,13.6,59.0,30.389999999999997,3.79,357.0,750.0,4.6,0.8176419256060602
2026-04-05T11:27:56,04/05/202611:27,127.38,1.61,205.08180000000002,54.589999999999996,3.1,169.22899999999998,168.7,0.1,2.0,198.7,23647.0,44734.0,23.5,13.6,59.0,30.389999999999997,3.79,357.0,750.0,4.6,0.8251780509045658
2026-04-05T11:28:00,04/05/202611:28,130.0,1.67,217.1,54.6,3.28,179.088,178.5,0.1,2.0,198.7,23647.0,44734.0,23.5,13.6,59.0,30.389999999999997,3.79,357.0,750.0,4.6,0.8249101796407186
2026-04-05T11:28:57,04/05/202611:28,132.58999999999997,1.6199999999999999,214.79579999999996,54.6,3.2399999999999998,176.904,176.3,0.1,2.0,198.7,23647.0,44734.0,23.5,13.690000000000001,59.0,30.389999999999997,3.9450000000000003,357.3,750.0,4.6,0.8235915227392716
2026-04-05T11:29:00,04/05/202611:29,132.55,1.58,209.42900000000003,54.6,3.15,171.99,171.4,0.1,2.0,198.7,23647.0,44734.0,23.5,13.780000000000001,59.0,30.389999999999997,4.1,357.6,750.0,4.6,0.8212329715559926
2026-04-05T11:29:57,04/05/202611:29,132.39,1.58,209.1762,54.61,3.15,172.0215,171.4,0.1,2.0,198.7,23647.0,44734.0,23.5,13.87,59.0,30.389999999999997,4.255,357.9,750.0,4.6,0.8223760638160555
2026-04-05T11:30:01,04/05/202611:30,132.28,1.57,207.67960000000002,54.620000000000005,3.12,170.41440000000003,169.8,0.1,2.0,198.7,23647.0,44734.0,23.5,13.959999999999999,59.0,30.389999999999997,4.41,358.2,750.0,4.6,0.8205639841371035
2026-04-05T11:30:56,04/05/202611:30,132.2,1.57,207.554,54.620000000000005,3.12,170.41440000000003,169.8,0.1,2.0,198.7,23647.0,44734.0,23.5,14.1,58.2,30.389999999999997,4.572,358.0,754.0,4.65,0.8210605432803031
2026-04-05T11:31:00,04/05/202611:31,132.16,1.56,206.1696,54.620000000000005,3.12,170.41440000000003,169.8,0.1,2.0,198.7,23647.0,44734.0,23.5,14.24,57.4,30.389999999999997,4.734,357.8,758.0,4.7,0.8265738498789348
2026-04-05T11:31:57,04/05/202611:31,132.16,1.55,204.848,54.620000000000005,3.1,169.32200000000003,168.7,0.1,2.0,198.7,23647.0,44734.0,23.5,14.38,56.6,30.389999999999997,4.896,357.6,762.0,4.75,0.8265738498789347
2026-04-05T11:32:00,04/05/202611:32,132.16,1.54,203.5264,54.620000000000005,3.08,168.2296,167.6,0.1,2.0,198.7,23647.0,44734.0,23.5,14.52,55.8,30.389999999999997,5.058,357.4,766.0,4.8,0.8265738498789347
2026-04-05T11:32:56,04/05/202611:32,132.23,1.53,202.31189999999998,54.620000000000005,3.0300000000000002,165.49860000000004,164.9,0.1,2.0,198.7,23647.0,44734.0,23.5,14.66,55.0,30.389999999999997,5.220000000000001,357.2,770.0,4.85,0.8180369024264023
2026-04-05T11:33:00,04/05/202611:33,132.3,1.52,201.09600000000003,54.620000000000005,2.98,162.76760000000002,162.2,0.1,2.0,198.7,23647.0,44734.0,23.5,14.8,54.2,30.389999999999997,5.382,357.0,774.0,4.9,0.8094024744400684
2026-04-05T11:33:56,04/05/202611:33,132.37,1.51,199.8787,54.620000000000005,2.95,161.12900000000002,160.5,0.1,2.0,198.7,23647.0,44734.0,23.5,14.85,53.4,30.389999999999997,5.389,356.5,778.0,4.95,0.8061339202226151
2026-04-05T11:34:00,04/05/202611:34,132.44,1.5,198.66,54.620000000000005,2.92,159.49040000000002,158.8,0.1,2.0,198.7,23647.0,44734.0,23.5,14.9,52.6,30.389999999999997,5.396,356.0,782.0,5.0,0.8028309674821305
2026-04-05T11:34:57,04/05/202611:34,132.49,1.49,197.4101,54.620000000000005,2.8899999999999997,157.8518,157.1,0.1,2.0,198.7,23647.0,44734.0,23.6,14.95,51.8,30.389999999999997,5.4030000000000005,355.5,786.0,5.05,0.7996135962648314
2026-04-05T11:35:00,04/05/202611:35,132.54000000000002,1.48,196.15920000000003,54.620000000000005,2.8600000000000003,156.21320000000003,155.4,0.1,2.0,198.7,23647.0,44734.0,23.6,15.0,51.0,30.389999999999997,5.41,355.0,790.0,5.1,0.796359283683865
2026-04-05T11:35:56,04/05/202611:35,132.55,1.47,194.8485,54.620000000000005,2.85,155.66700000000003,154.9,0.1,2.0,198.7,23647.0,44734.0,23.5,15.0,51.0,30.389999999999997,5.41,355.0,790.0,5.1,0.7989130016397357
2026-04-05T11:36:00,04/05/202611:36,132.56,1.46,193.5376,54.620000000000005,2.84,155.1208,154.4,0.1,2.0,198.7,23647.0,44734.0,23.5,15.0,51.0,30.389999999999997,5.41,355.0,790.0,5.1,0.8015021370524384
2026-04-05T11:37:58,04/05/202611:37,132.59,1.45,192.2555,54.620000000000005,2.82,154.0284,153.3,0.1,2.0,198.7,23647.0,44734.0,23.5,15.0,51.0,30.389999999999997,5.41,355.0,790.0,5.1,0.80116511621254
2026-04-05T11:38:01,04/05/202611:38,132.62,1.44,190.9728,54.620000000000005,2.8,152.936,152.2,0.1,2.0,198.7,23647.0,44734.0,23.5,15.0,51.0,30.389999999999997,5.41,355.0,790.0,5.1,0.8008260862279865
2026-04-05T11:38:57,04/05/202611:38,132.74,1.43,189.81820000000002,54.620000000000005,2.8,152.936,152.2,0.1,2.0,198.7,23647.0,44734.0,23.5,15.0,51.0,30.389999999999997,5.41,355.0,790.0,5.1,0.8056972408335976
2026-04-05T11:39:01,04/05/202611:39,132.85999999999999,1.42,188.66119999999998,54.620000000000005,2.8,152.936,152.2,0.1,2.0,198.7,23647.0,44734.0,23.5,15.0,51.0,30.389999999999997,5.41,355.0,790.0,5.1,0.8106383294498287
2026-04-05T11:39:57,04/05/202611:39,133.20999999999998,1.41,187.82609999999997,54.620000000000005,2.77,151.2974,150.6,0.1,2.0,198.7,23647.0,44734.0,23.5,15.0,51.0,30.389999999999997,5.41,355.0,790.0,5.1,0.8055185088760297
2026-04-05T11:40:01,04/05/202611:40,133.56,1.4,186.98399999999998,54.620000000000005,2.7399999999999998,149.6588,149.0,0.1,2.0,198.7,23647.0,44734.0,23.5,15.0,51.0,30.389999999999997,5.41,355.0,790.0,5.1,0.8003829204637831
2026-04-05T11:40:56,04/05/202611:40,134.06,1.39,186.3434,54.61,2.73,149.0853,148.5,0.1,2.0,198.7,23647.0,44734.0,23.5,15.0,51.0,30.389999999999997,5.41,355.0,790.0,5.1,0.8000567768968474
2026-04-05T11:41:01,04/05/202611:41,134.56,1.38,185.69279999999998,54.6,2.72,148.512,148.0,0.1,2.0,198.7,23647.0,44734.0,23.5,15.0,51.0,30.389999999999997,5.41,355.0,790.0,5.1,0.7997725275293389
2026-04-05T11:41:57,04/05/202611:41,135.05,1.3699999999999999,185.0185,54.6,2.7,147.42000000000002,146.9,0.1,2.0,198.7,23647.0,44734.0,23.5,15.0,51.0,30.389999999999997,5.41,355.0,790.0,5.1,0.7967851863462304
2026-04-05T11:42:01,04/05/202611:42,135.54000000000002,1.3599999999999999,184.33440000000002,54.6,2.68,146.328,145.8,0.1,2.0,198.7,23647.0,44734.0,23.5,15.0,51.0,30.389999999999997,5.41,355.0,790.0,5.1,0.7938181912871389
2026-04-05T11:42:57,04/05/202611:42,136.26,1.3599999999999999,185.31359999999998,54.6,2.6700000000000004,145.782,145.3,0.1,2.0,198.7,23647.0,44734.0,23.6,15.0,51.0,30.389999999999997,5.41,355.0,790.0,5.1,0.7866772865024478
2026-04-05T11:43:01,04/05/202611:43,136.98,1.3599999999999999,186.29279999999997,54.6,2.66,145.23600000000002,144.8,0.1,2.0,198.7,23647.0,44734.0,23.6,15.0,51.0,30.389999999999997,5.41,355.0,790.0,5.1,0.779611450362011
2026-04-05T11:43:57,04/05/202611:43,137.6,1.3599999999999999,187.13599999999997,54.6,2.65,144.69,144.2,0.1,2.0,198.7,23647.0,44734.0,23.6,15.0,51.0,30.389999999999997,5.41,355.0,790.0,5.1,0.7731810020519837
2026-04-05T11:44:01,04/05/202611:44,138.22,1.3599999999999999,187.9792,54.6,2.64,144.144,143.6,0.1,2.0,198.7,23647.0,44734.0,23.6,15.0,51.0,30.389999999999997,5.41,355.0,790.0,5.1,0.7668082426140765
2026-04-05T11:44:57,04/05/202611:44,138.74,1.35,187.29900000000004,54.6,2.63,143.59799999999998,143.0,0.1,2.0,198.7,23647.0,44734.0,23.5,15.0,51.0,30.389999999999997,5.41,355.0,790.0,5.1,0.7666778786859512
2026-04-05T11:45:01,04/05/202611:45,139.26,1.34,186.6084,54.6,2.62,143.05200000000002,142.4,0.1,2.0,198.7,23647.0,44734.0,23.5,15.0,51.0,30.389999999999997,5.41,355.0,790.0,5.1,0.7665892853697905
2026-04-05T11:45:56,04/05/202611:45,139.57999999999998,1.34,187.03719999999998,54.6,2.63,143.59799999999998,142.9,0.1,2.0,198.7,23647.0,44734.0,23.6,15.05,50.8,30.387,5.4719999999999995,355.5,793.0,5.14,0.7677510142367401
2026-04-05T11:46:00,04/05/202611:46,139.9,1.34,187.466,54.6,2.6399999999999997,144.14399999999998,143.4,0.1,2.0,198.7,23647.0,44734.0,23.6,15.1,50.6,30.384000000000004,5.534000000000001,356.0,796.0,5.18,0.7689074285470431
2026-04-05T11:46:57,04/05/202611:46,140.43,1.33,186.77190000000002,54.6,2.63,143.59799999999998,142.8,0.1,3.0,198.7,23647.0,44734.0,23.5,15.15,50.4,30.381,5.596,356.5,799.0,5.22,0.7688415655674112
2026-04-05T11:47:01,04/05/202611:47,140.95999999999998,1.3199999999999998,186.06719999999996,54.6,2.62,143.05200000000002,142.2,0.1,3.0,198.7,23647.0,44734.0,23.5,15.2,50.2,30.377999999999997,5.6579999999999995,357.0,802.0,5.26,0.7688190073263856
2026-04-05T11:49:10,04/05/202611:49,141.28,1.31,185.07680000000002,54.6,2.62,143.05200000000002,142.2,0.1,3.0,198.7,23647.0,44734.0,23.6,15.25,50.0,30.375,5.720000000000001,357.5,805.0,5.3,0.7729331823329558
2026-04-05T11:49:57,04/05/202611:49,141.55,1.3,184.01500000000001,54.6,2.65,144.69,143.8,0.1,3.0,198.7,23647.0,44734.0,23.6,15.3,49.8,30.372000000000003,5.782,358.0,808.0,5.34,0.7862945955492758
2026-04-05T11:50:01,04/05/202611:50,141.82,1.29,182.9478,54.6,2.67,145.782,144.9,0.1,3.0,198.7,23647.0,44734.0,23.6,15.35,49.6,30.369,5.844,358.5,811.0,5.38,0.7968502490874446
2026-04-05T11:50:57,04/05/202611:50,142.15,1.28,181.952,54.6,2.67,145.782,144.9,0.1,3.0,198.7,23647.0,44734.0,23.5,15.4,49.4,30.365999999999996,5.906000000000001,359.0,814.0,5.42,0.801211308476961
2026-04-05T11:51:01,04/05/202611:51,142.38,1.28,182.2464,54.6,2.67,145.782,144.9,0.1,3.0,198.7,23647.0,44734.0,23.5,15.45,49.2,30.363,5.968,359.5,817.0,5.46,0.7999170353982302
2026-04-05T11:51:57,04/05/202611:51,142.65,1.26,179.739,54.61,2.63,143.6243,142.8,0.1,3.0,198.7,23647.0,44734.0,23.6,15.5,49.0,30.360000000000003,6.03,360.0,820.0,5.5,0.79907143135324
2026-04-05T11:52:01,04/05/202611:52,142.95,1.24,177.25799999999998,54.620000000000005,2.57,140.3734,139.6,0.1,3.0,198.7,23647.0,44734.0,23.6,15.5,49.0,30.360000000000003,6.03,360.0,820.0,5.5,0.7919157386408513
2026-04-05T11:52:57,04/05/202611:52,143.21,1.25,179.01250000000002,54.620000000000005,2.56,139.8272,139.1,0.1,3.0,198.7,23647.0,44734.0,23.6,15.5,49.0,30.360000000000003,6.03,360.0,820.0,5.5,0.7811029956008658
2026-04-05T11:53:01,04/05/202611:53,143.28000000000003,1.27,181.96560000000005,54.620000000000005,2.57,140.3734,139.7,0.1,3.0,198.7,23647.0,44734.0,23.6,15.5,49.0,30.360000000000003,6.03,360.0,820.0,5.5,0.7714282259943636
2026-04-05T11:53:58,04/05/202611:53,143.41000000000003,1.26,180.69660000000005,54.620000000000005,2.52,137.6424,137.0,0.1,3.0,198.7,23647.0,44734.0,23.5,15.5,49.0,30.360000000000003,6.03,360.0,820.0,5.5,0.7617320967854402
2026-04-05T11:54:01,04/05/202611:54,143.48000000000002,1.24,177.91520000000003,54.620000000000005,2.48,135.4576,134.8,0.1,3.0,198.7,23647.0,44734.0,23.5,15.5,49.0,30.360000000000003,6.03,360.0,820.0,5.5,0.7613604683579592
2026-04-05T11:54:57,04/05/202611:54,143.57,1.23,176.59109999999998,54.620000000000005,2.43,132.72660000000002,132.1,0.1,3.0,198.7,23647.0,44734.0,23.6,15.5,49.0,30.360000000000003,6.03,360.0,820.0,5.5,0.7516041295399374
2026-04-05T11:55:01,04/05/202611:55,143.66,1.22,175.2652,54.620000000000005,2.38,129.9956,129.4,0.1,3.0,198.7,23647.0,44734.0,23.6,15.5,49.0,30.360000000000003,6.03,360.0,820.0,5.5,0.7417079945134574
2026-04-05T11:55:57,04/05/202611:55,143.67000000000002,1.21,173.84070000000003,54.620000000000005,2.3600000000000003,128.90320000000003,128.4,0.1,3.0,198.7,23647.0,44734.0,23.5,15.5,49.0,30.360000000000003,6.03,360.0,820.0,5.5,0.7415018462304858
2026-04-05T11:56:01,04/05/202611:56,143.68,1.2,172.416,54.620000000000005,2.34,127.8108,127.4,0.1,3.0,198.7,23647.0,44734.0,23.5,15.5,49.0,30.360000000000003,6.03,360.0,820.0,5.5,0.7412931514476615
2026-04-05T11:56:58,04/05/202611:56,143.66,1.2,172.392,54.61,2.32,126.69519999999999,126.3,0.1,3.0,198.7,23647.0,44734.0,23.6,15.5,49.0,30.360000000000003,6.03,360.0,820.0,5.5,0.7349250545268922
2026-04-05T11:57:01,04/05/202611:57,143.64000000000001,1.2,172.36800000000002,54.6,2.3,125.58,125.2,0.1,3.0,198.7,23647.0,44734.0,23.6,15.5,49.0,30.360000000000003,6.03,360.0,820.0,5.5,0.7285575048732943
2026-04-05T11:57:57,04/05/202611:57,143.59,1.19,170.8721,54.6,2.2600000000000002,123.39600000000002,123.0,0.1,3.0,198.7,23647.0,44734.0,23.6,15.5,49.0,30.360000000000003,6.03,360.0,820.0,5.5,0.7221541726238515
2026-04-05T11:58:00,04/05/202611:58,143.54000000000002,1.1800000000000002,169.37720000000004,54.6,2.2199999999999998,121.21199999999999,120.8,0.1,3.0,198.7,23647.0,44734.0,23.6,15.5,49.0,30.360000000000003,6.03,360.0,820.0,5.5,0.7156335091145677
2026-04-05T11:58:57,04/05/202611:58,143.43,1.19,170.6817,54.6,2.2399999999999998,122.30399999999999,121.9,0.1,3.0,198.7,23647.0,44734.0,23.6,15.5,49.0,30.360000000000003,6.03,360.0,820.0,5.5,0.7165618809749374
2026-04-05T11:59:01,04/05/202611:59,143.32,1.2,171.98399999999998,54.6,2.26,123.39599999999999,123.0,0.1,3.0,198.7,23647.0,44734.0,23.6,15.5,49.0,30.360000000000003,6.03,360.0,820.0,5.5,0.7174853474741837
2026-04-05T12:00:22,04/05/202600:00,143.20999999999998,1.21,173.28409999999997,54.61,2.28,124.51079999999999,124.1,0.1,3.0,198.7,23647.0,44734.0,23.6,15.5,49.0,30.360000000000003,6.03,360.0,820.0,5.5,0.7185356302165058
2026-04-05T12:00:57,04/05/202600:00,143.07,1.21,173.1147,54.61,2.3099999999999996,126.14909999999998,125.7,0.1,3.0,198.7,23647.0,44734.0,23.6,15.5,49.0,30.360000000000003,6.03,360.0,820.0,5.5,0.7287024152195046
2026-04-05T12:01:00,04/05/202600:01,142.95,1.21,172.96949999999998,54.61,2.33,127.24130000000001,126.7,0.1,3.0,198.7,23647.0,44734.0,23.6,15.5,49.0,30.360000000000003,6.03,360.0,820.0,5.5,0.7356285356666928
2026-04-05T12:01:58,04/05/202600:01,142.82999999999998,1.22,174.25259999999997,54.61,2.33,127.24130000000001,126.7,0.1,3.0,198.7,23647.0,44734.0,23.6,15.55,48.9,30.360000000000003,6.055000000000001,359.6,823.0,5.5200000000000005,0.73021177302376
2026-04-05T12:02:01,04/05/202600:02,142.7,1.24,176.94799999999998,54.61,2.37,129.4257,128.9,0.1,3.0,198.7,23647.0,44734.0,23.6,15.6,48.8,30.360000000000003,6.08,359.2,826.0,5.54,0.731433528494247
2026-04-05T12:02:58,04/05/202600:02,142.57,1.25,178.21249999999998,54.61,2.4,131.064,130.5,0.1,3.0,198.7,23647.0,44734.0,23.6,15.65,48.7,30.360000000000003,6.105,358.8,829.0,5.5600000000000005,0.7354366276215193
2026-04-05T12:03:01,04/05/202600:03,142.51000000000002,1.24,176.71240000000003,54.61,2.4,131.064,130.5,0.1,3.0,198.7,23647.0,44734.0,23.6,15.7,48.6,30.360000000000003,6.130000000000001,358.4,832.0,5.58,0.7416797010283374
2026-04-05T12:03:57,04/05/202600:03,142.44,1.23,175.2012,54.61,2.4,131.064,130.0,0.1,3.0,198.7,23647.0,44734.0,23.6,15.75,48.5,30.360000000000003,6.155,358.0,835.0,5.6,0.7480770679652878
2026-04-05T12:04:00,04/05/202600:04,142.37,1.23,175.1151,54.61,2.4,131.064,129.5,0.1,3.0,198.7,23647.0,44734.0,23.6,15.8,48.4,30.360000000000003,6.180000000000001,357.6,838.0,5.62,0.7484448799675184
2026-04-05T12:04:57,04/05/202600:04,142.28,1.23,175.0044,54.6,2.4,131.04,129.5,0.1,3.0,198.7,23647.0,44734.0,23.6,15.85,48.3,30.360000000000003,6.205,357.2,841.0,5.64,0.7487811735019233
2026-04-05T12:05:00,04/05/202600:05,142.22,1.22,173.5084,54.58,2.38,129.9004,128.4,0.1,3.0,198.7,23647.0,44734.0,23.6,15.9,48.2,30.360000000000003,6.23,356.8,844.0,5.66,0.7486692286944032
2026-04-05T12:05:58,04/05/202600:05,142.22,1.22,173.5084,54.58,2.36,128.8088,127.4,0.2,3.0,198.7,23647.0,44734.0,23.6,15.95,48.1,30.360000000000003,6.255000000000001,356.4,847.0,5.680000000000001,0.7423778906381477
2026-04-05T12:06:01,04/05/202600:06,142.22,1.22,173.5084,54.58,2.34,127.71719999999999,126.4,0.2,3.0,198.7,23647.0,44734.0,23.6,16.0,48.0,30.360000000000003,6.28,356.0,850.0,5.7,0.7360865525818923
2026-04-05T12:06:57,04/05/202600:06,142.25,1.21,172.1225,54.57000000000001,2.32,126.6024,125.3,0.2,3.0,198.7,23647.0,44734.0,23.6,16.0,48.0,30.360000000000003,6.28,356.0,850.0,5.7,0.7355366091010763
2026-04-05T12:07:00,04/05/202600:07,142.28,1.2,170.736,54.56,2.3,125.488,124.2,0.2,3.0,198.7,23647.0,44734.0,23.6,16.0,48.0,30.360000000000003,6.28,356.0,850.0,5.7,0.7349826632930373
2026-04-05T12:07:57,04/05/202600:07,142.32999999999998,1.2,170.79599999999996,54.56,2.29,124.9424,123.7,0.2,3.0,198.7,23647.0,44734.0,23.6,16.0,48.0,30.360000000000003,6.28,356.0,850.0,5.7,0.7315300124124688
2026-04-05T12:08:00,04/05/202600:08,142.38,1.2,170.856,54.56,2.2800000000000002,124.39680000000001,123.2,0.2,3.0,198.7,23647.0,44734.0,23.6,16.0,48.0,30.360000000000003,6.28,356.0,850.0,5.7,0.7280797864868662
2026-04-05T12:08:57,04/05/202600:08,142.5,1.19,169.575,54.56,2.2600000000000002,123.30560000000001,122.6,0.2,3.0,198.7,23647.0,44734.0,23.6,16.0,48.0,30.360000000000003,6.28,356.0,850.0,5.7,0.7271449211263454
2026-04-05T12:09:01,04/05/202600:09,142.62,1.1800000000000002,168.29160000000002,54.56,2.2399999999999998,122.2144,122.0,0.2,3.0,198.7,23647.0,44734.0,23.6,16.0,48.0,30.360000000000003,6.28,356.0,850.0,5.7,0.7262061802252756
2026-04-05T12:09:58,04/05/202600:09,142.8,1.17,167.076,54.57000000000001,2.2199999999999998,121.14540000000001,120.9,0.2,3.0,198.7,23647.0,44734.0,23.6,16.0,48.0,30.360000000000003,6.28,356.0,850.0,5.7,0.7250915750915752
2026-04-05T12:10:00,04/05/202600:10,142.98000000000002,1.16,165.85680000000002,54.58,2.2,120.07600000000001,119.8,0.2,3.0,198.7,23647.0,44734.0,23.6,16.0,48.0,30.360000000000003,6.28,356.0,850.0,5.7,0.7239739341407768
2026-04-05T12:11:33,04/05/202600:11,143.15,1.15,164.6225,54.58,2.1900000000000004,119.53020000000002,119.2,0.2,3.0,198.7,23647.0,44734.0,23.6,16.0,48.0,30.360000000000003,6.28,356.0,850.0,5.7,0.7260866527965498
2026-04-05T12:11:57,04/05/202600:11,143.35,1.1400000000000001,163.419,54.58,2.16,117.89280000000001,117.5,0.2,3.0,198.7,23647.0,44734.0,23.6,16.0,48.0,30.360000000000003,6.28,356.0,850.0,5.7,0.7214142786334514
2026-04-05T12:12:00,04/05/202600:12,143.52,1.1300000000000001,162.17760000000004,54.589999999999996,2.15,117.36849999999998,116.9,0.2,3.0,198.7,23647.0,44734.0,23.6,16.0,48.0,30.360000000000003,6.28,356.0,850.0,5.7,0.7237035200915537
2026-04-05T12:12:57,04/05/202600:12,143.7,1.1300000000000001,162.381,54.6,2.15,117.39,116.9,0.2,4.0,198.7,23647.0,44734.0,23.6,16.0,48.0,30.360000000000003,6.28,356.0,850.0,5.7,0.7229294067655698
2026-04-05T12:13:01,04/05/202600:13,143.86,1.1300000000000001,162.56180000000003,54.6,2.15,117.39,116.9,0.2,4.0,198.7,23647.0,44734.0,23.6,16.0,48.0,30.360000000000003,6.28,356.0,850.0,5.7,0.7221253701669148
2026-04-05T12:13:58,04/05/202600:13,144.07,1.12,161.35840000000002,54.61,2.14,116.86540000000001,116.3,0.2,4.0,198.7,23647.0,44734.0,23.6,16.0,48.0,30.360000000000003,6.28,356.0,850.0,5.7,0.7242597844301877
2026-04-05T12:14:01,04/05/202600:14,144.22,1.12,161.52640000000002,54.620000000000005,2.14,116.88680000000002,116.3,0.2,4.0,198.7,23647.0,44734.0,23.6,16.0,48.0,30.360000000000003,6.28,356.0,850.0,5.7,0.7236389840917646
2026-04-05T12:14:57,04/05/202600:14,144.35,1.12,161.672,54.620000000000005,2.16,117.97920000000002,117.4,0.2,4.0,198.7,23647.0,44734.0,23.6,16.0,48.0,30.360000000000003,6.28,356.0,850.0,5.7,0.7297441733880945
2026-04-05T12:15:01,04/05/202600:15,144.44,1.12,161.77280000000002,54.620000000000005,2.18,119.07160000000002,118.5,0.2,4.0,198.7,23647.0,44734.0,23.6,16.0,48.0,30.360000000000003,6.28,356.0,850.0,5.7,0.7360421529453653
2026-04-05T12:15:57,04/05/202600:15,144.54000000000002,1.11,160.43940000000003,54.620000000000005,2.16,117.97920000000002,117.4,0.2,4.0,198.7,23647.0,44734.0,23.6,16.05,47.7,30.360000000000003,6.305000000000001,356.0,852.0,5.73,0.7353505435697216
2026-04-05T12:16:00,04/05/202600:16,144.62,1.1,159.08200000000002,54.620000000000005,2.12,115.79440000000001,115.2,0.2,4.0,198.7,23647.0,44734.0,23.6,16.1,47.4,30.360000000000003,6.33,356.0,854.0,5.76,0.7278912761971813
2026-04-05T12:16:57,04/05/202600:16,144.65,1.1,159.115,54.620000000000005,2.12,115.79440000000001,115.2,0.2,4.0,198.7,23647.0,44734.0,23.6,16.15,47.1,30.360000000000003,6.355,356.0,856.0,5.79,0.7277403136096534
2026-04-05T12:17:00,04/05/202600:17,144.68,1.1,159.14800000000002,54.620000000000005,2.12,115.79440000000001,115.2,0.2,4.0,198.7,23647.0,44734.0,23.6,16.2,46.8,30.360000000000003,6.380000000000001,356.0,858.0,5.82,0.7275894136275668
2026-04-05T12:17:58,04/05/202600:17,144.72,1.09,157.7448,54.620000000000005,2.1,114.70200000000001,114.1,0.2,4.0,198.7,23647.0,44734.0,23.6,16.25,46.5,30.360000000000003,6.404999999999999,356.0,860.0,5.85,0.7271364888097739
2026-04-05T12:18:01,04/05/202600:18,144.76,1.08,156.3408,54.620000000000005,2.08,113.60960000000001,113.0,0.2,4.0,198.7,23647.0,44734.0,23.6,16.3,46.2,30.360000000000003,6.43,356.0,862.0,5.88,0.7266791522110672
2026-04-05T12:18:57,04/05/202600:18,144.75,1.07,154.88250000000002,54.61,2.08,113.5888,113.0,0.2,4.0,198.7,23647.0,44734.0,23.6,16.35,45.9,30.360000000000003,6.455,356.0,864.0,5.91,0.7333869223443578
2026-04-05T12:19:01,04/05/202600:19,144.74,1.06,153.42440000000002,54.6,2.08,113.56800000000001,113.0,0.2,4.0,198.7,23647.0,44734.0,23.6,16.4,45.6,30.360000000000003,6.4799999999999995,356.0,866.0,5.9399999999999995,0.7402212425142285
2026-04-05T12:19:58,04/05/202600:19,144.78,1.06,153.4668,54.6,2.07,113.02199999999999,112.5,0.2,4.0,198.7,23647.0,44734.0,23.6,16.45,45.3,30.360000000000003,6.505,356.0,868.0,5.970000000000001,0.7364589605048126
2026-04-05T12:20:01,04/05/202600:20,144.82,1.06,153.5092,54.6,2.06,112.476,112.0,0.2,4.0,198.7,23647.0,44734.0,23.6,16.5,45.0,30.360000000000003,6.529999999999999,356.0,870.0,6.0,0.732698756817181
2026-04-05T12:20:57,04/05/202600:20,144.89000000000001,1.07,155.03230000000002,54.6,2.08,113.56800000000001,113.1,0.2,4.0,198.7,23647.0,44734.0,23.6,16.5,45.0,30.360000000000003,6.529999999999999,356.0,870.0,6.0,0.7325441214508203
2026-04-05T12:21:01,04/05/202600:21,144.95999999999998,1.08,156.55679999999998,54.6,2.1,114.66000000000001,114.2,0.2,4.0,198.7,23647.0,44734.0,23.6,16.5,45.0,30.360000000000003,6.529999999999999,356.0,870.0,6.0,0.7323859455481974
2026-04-05T12:22:46,04/05/202600:22,145.07,1.08,156.6756,54.6,2.0900000000000003,114.11400000000002,113.7,0.2,4.0,198.7,23647.0,44734.0,23.6,16.5,45.0,30.360000000000003,6.529999999999999,356.0,870.0,6.0,0.7283457028407743
2026-04-05T12:22:58,04/05/202600:22,145.19,1.07,155.35330000000002,54.6,2.07,113.02199999999999,112.6,0.2,4.0,198.7,23647.0,44734.0,23.6,16.5,45.0,30.360000000000003,6.529999999999999,356.0,870.0,6.0,0.727515926600851
2026-04-05T12:23:01,04/05/202600:23,145.29000000000002,1.06,154.00740000000002,54.6,2.06,112.476,112.0,0.2,4.0,198.7,23647.0,44734.0,23.6,16.5,45.0,30.360000000000003,6.529999999999999,356.0,870.0,6.0,0.7303285426544438
2026-04-05T12:23:58,04/05/202600:23,145.35,1.05,152.6175,54.6,2.06,112.476,112.0,0.2,4.0,198.7,23647.0,44734.0,23.6,16.5,45.0,30.360000000000003,6.529999999999999,356.0,870.0,6.0,0.7369797041623667
2026-04-05T12:24:01,04/05/202600:24,145.41,1.05,152.6805,54.6,2.05,111.92999999999999,111.5,0.2,4.0,198.7,23647.0,44734.0,23.6,16.5,45.0,30.360000000000003,6.529999999999999,356.0,870.0,6.0,0.733099511725466
2026-04-05T12:24:57,04/05/202600:24,145.43,1.06,154.15580000000003,54.6,2.07,113.02199999999999,112.6,0.2,4.0,198.7,23647.0,44734.0,23.6,16.5,45.0,30.360000000000003,6.529999999999999,356.0,870.0,6.0,0.7331673540664703
2026-04-05T12:25:00,04/05/202600:25,145.42000000000002,1.06,154.14520000000002,54.6,2.08,113.56800000000001,113.1,0.2,4.0,198.7,23647.0,44734.0,23.6,16.5,45.0,30.360000000000003,6.529999999999999,356.0,870.0,6.0,0.736759886133334
2026-04-05T12:25:57,04/05/202600:25,145.39000000000001,1.06,154.1134,54.6,2.06,112.476,112.0,0.2,4.0,198.7,23647.0,44734.0,23.6,16.5,45.0,30.360000000000003,6.529999999999999,356.0,870.0,6.0,0.7298262188751918
2026-04-05T12:26:00,04/05/202600:26,145.32,1.06,154.0392,54.6,2.05,111.92999999999999,111.5,0.2,4.0,198.7,23647.0,44734.0,23.6,16.5,45.0,30.360000000000003,6.529999999999999,356.0,870.0,6.0,0.7266332206347474
2026-04-05T12:26:58,04/05/202600:26,145.22,1.06,153.9332,54.6,2.0300000000000002,110.83800000000002,110.4,0.2,4.0,198.7,23647.0,44734.0,23.6,16.5,45.0,30.360000000000003,6.529999999999999,356.0,870.0,6.0,0.7200396015934186
2026-04-05T12:27:00,04/05/202600:27,145.1,1.06,153.806,54.6,2.02,110.292,109.8,0.2,4.0,198.7,23647.0,44734.0,23.6,16.5,45.0,30.360000000000003,6.529999999999999,356.0,870.0,6.0,0.7170851592265581
2026-04-05T12:27:58,04/05/202600:27,144.95,1.07,155.0965,54.6,2.0300000000000002,110.83800000000002,110.4,0.2,4.0,198.7,23647.0,44734.0,23.6,16.5,45.0,30.360000000000003,6.529999999999999,356.0,870.0,6.0,0.7146389505888271
2026-04-05T12:28:00,04/05/202600:28,144.8,1.08,156.38400000000001,54.61,2.04,111.4044,111.0,0.2,4.0,198.7,23647.0,44734.0,23.6,16.5,45.0,30.360000000000003,6.529999999999999,356.0,870.0,6.0,0.7123772252915899
2026-04-05T12:28:59,04/05/202600:28,144.71,1.08,156.28680000000003,54.61,2.04,111.4044,111.0,0.2,4.0,198.7,23647.0,44734.0,23.6,16.54,45.0,30.360000000000003,6.505,356.0,870.0,6.0,0.7128202765684625
2026-04-05T12:29:00,04/05/202600:29,144.62,1.08,156.1896,54.61,2.04,111.4044,111.0,0.2,4.0,198.7,23647.0,44734.0,23.6,16.580000000000002,45.0,30.360000000000003,6.4799999999999995,356.0,870.0,6.0,0.7132638792851764
2026-04-05T12:29:59,04/05/202600:29,144.55,1.08,156.11400000000003,54.61,2.02,110.3122,109.9,0.2,4.0,198.7,23647.0,44734.0,23.6,16.619999999999997,45.0,30.360000000000003,6.455,356.0,870.0,6.01,0.7066131160562152
2026-04-05T12:30:00,04/05/202600:30,144.48000000000002,1.08,156.03840000000002,54.61,2.0,109.22,108.8,0.2,4.0,198.7,23647.0,44734.0,23.6,16.66,45.0,30.360000000000003,6.43,356.0,870.0,6.0200000000000005,0.6999559082892415
2026-04-05T12:30:59,04/05/202600:30,144.45,1.08,156.006,54.61,1.9899999999999998,108.67389999999999,108.2,0.2,4.0,198.7,23647.0,44734.0,23.6,16.75,44.7,30.360000000000003,6.404999999999999,356.0,872.7,6.0600000000000005,0.6966007717651884
2026-04-05T12:31:00,04/05/202600:31,144.42000000000002,1.08,155.97360000000003,54.61,1.98,108.1278,107.6,0.2,4.0,198.7,23647.0,44734.0,23.6,16.839999999999996,44.4,30.360000000000003,6.380000000000001,356.0,875.4,6.1,0.6932442413331485
2026-04-05T12:31:59,04/05/202600:31,144.46,1.07,154.5722,54.6,1.9600000000000002,107.01600000000002,106.5,0.2,4.0,198.7,23647.0,44734.0,23.6,16.93,44.1,30.360000000000003,6.355,356.0,878.1,6.14,0.6923366556211273
2026-04-05T12:32:01,04/05/202600:32,144.5,1.06,153.17000000000002,54.589999999999996,1.94,105.90459999999999,105.4,0.2,4.0,198.7,23647.0,44734.0,23.6,17.02,43.8,30.360000000000003,6.33,356.0,880.8,6.18,0.6914186851211072
2026-04-05T12:33:56,04/05/202600:33,144.54000000000002,1.05,151.76700000000002,54.589999999999996,1.9300000000000002,105.3587,104.8,0.2,4.0,198.7,23647.0,44734.0,23.6,17.11,43.2,30.357,6.305000000000001,356.0,883.5,6.220000000000001,0.6942134983230872
2026-04-05T12:33:59,04/05/202600:33,144.56,1.04,150.3424,54.58,1.9300000000000002,105.33940000000001,104.8,0.2,4.0,198.7,23647.0,44734.0,23.6,17.2,42.6,30.353999999999996,6.28,356.0,886.2,6.26,0.7006632859392959
2026-04-05T12:34:01,04/05/202600:34,144.56,1.04,150.3424,54.58,1.9300000000000002,105.33940000000001,104.8,0.2,4.0,198.7,23647.0,44734.0,23.6,17.25,42.0,30.351,6.28,356.0,888.9,6.3,0.7006632859392959
2026-04-05T12:34:59,04/05/202600:34,144.55,1.04,150.33200000000002,54.58,1.9100000000000001,104.2478,103.7,0.2,4.0,198.7,23647.0,44734.0,23.6,17.3,41.4,30.348000000000003,6.28,356.0,891.6,6.340000000000001,0.6934504962349998
2026-04-05T12:35:01,04/05/202600:35,144.56,1.03,148.8968,54.58,1.8800000000000001,102.6104,102.1,0.2,4.0,198.7,23647.0,44734.0,23.6,17.35,40.8,30.345,6.28,356.0,894.3,6.37,0.6891377114887626
2026-04-05T12:35:58,04/05/202600:35,144.51,1.03,148.84529999999998,54.58,1.86,101.5188,101.0,0.2,4.0,198.7,23647.0,44734.0,23.6,17.4,40.2,30.341999999999995,6.28,356.0,897.0,6.4,0.6820423621034726
2026-04-05T12:36:00,04/05/202600:36,144.44,1.03,148.7732,54.58,1.86,101.5188,101.0,0.2,4.0,198.7,23647.0,44734.0,23.6,17.4,39.9,30.339,6.28,356.0,897.0,6.4,0.6823729004955194
2026-04-05T12:36:52,04/05/202600:36,144.34,1.02,147.2268,54.58,1.86,101.5188,101.0,0.2,4.0,198.7,23647.0,44734.0,23.6,17.4,39.6,30.336000000000002,6.28,356.0,897.0,6.4,0.6895402195795874
2026-04-05T12:37:01,04/05/202600:37,144.2,1.02,147.084,54.589999999999996,1.8800000000000001,102.6292,102.1,0.2,4.0,198.7,23647.0,44734.0,23.6,17.4,39.3,30.333,6.28,356.0,897.0,6.4,0.6977591036414565
2026-04-05T12:37:52,04/05/202600:37,144.03,1.02,146.91060000000002,54.589999999999996,1.92,104.8128,104.3,0.2,4.0,198.7,23647.0,44734.0,23.6,17.4,39.0,30.329999999999995,6.28,356.0,897.0,6.4,0.713446136630032
2026-04-05T12:38:01,04/05/202600:38,143.88,1.02,146.7576,54.58,1.94,105.8852,105.4,0.2,4.0,198.7,23647.0,44734.0,23.6,17.4,39.0,30.329999999999995,6.28,356.0,897.0,6.4,0.7214972171798939
2026-04-05T12:38:51,04/05/202600:38,143.76,1.01,145.1976,54.58,1.9300000000000002,105.33940000000001,104.8,0.2,4.0,198.7,23647.0,44734.0,23.6,17.4,39.0,30.329999999999995,6.28,356.0,897.0,6.4,0.725489953001978
2026-04-05T12:39:00,04/05/202600:39,143.64000000000001,1.0,143.64000000000001,54.58,1.92,104.7936,104.2,0.2,4.0,198.7,23647.0,44734.0,23.6,17.4,39.0,30.329999999999995,6.28,356.0,897.0,6.4,0.7295572263993316
2026-04-05T12:39:46,04/05/202600:39,143.55,1.0,143.55,54.58,1.92,104.7936,104.2,0.2,4.0,198.7,23647.0,44734.0,23.6,17.4,39.0,30.329999999999995,6.28,356.0,897.0,6.4,0.7300146290491117
2026-04-05T12:40:01,04/05/202600:40,143.45999999999998,1.0,143.45999999999998,54.58,1.92,104.7936,104.2,0.2,4.0,198.7,23647.0,44734.0,23.6,17.4,39.0,30.329999999999995,6.28,356.0,897.0,6.4,0.7304726056043497
2026-04-05T12:40:46,04/05/202600:40,143.45,1.0,143.45,54.58,1.92,104.7936,104.2,0.2,4.0,198.7,23647.0,44734.0,23.6,17.4,39.0,30.329999999999995,6.28,356.0,897.0,6.4,0.73052352736145
2026-04-05T12:41:01,04/05/202600:41,143.44,1.0,143.44,54.58,1.92,104.7936,104.2,0.2,4.0,198.7,23647.0,44734.0,23.6,17.4,39.0,30.329999999999995,6.28,356.0,897.0,6.4,0.730574456218628
2026-04-05T12:41:47,04/05/202600:41,143.5,0.99,142.065,54.58,1.9100000000000001,104.2478,103.7,0.2,4.0,198.7,23647.0,44734.0,23.6,17.4,39.0,30.329999999999995,6.28,356.0,897.0,6.4,0.733803540632809
2026-04-05T12:42:01,04/05/202600:42,143.56,0.9800000000000001,140.68880000000001,54.58,1.9,103.702,103.2,0.2,4.0,198.7,23647.0,44734.0,23.6,17.4,39.0,30.329999999999995,6.28,356.0,897.0,6.4,0.7371020294437083
2026-04-05T12:42:47,04/05/202600:42,143.66,0.9800000000000001,140.7868,54.589999999999996,1.9,103.72099999999999,103.2,0.2,4.0,198.7,23647.0,44734.0,23.6,17.4,39.0,30.329999999999995,6.28,356.0,897.0,6.4,0.7367238974108368
2026-04-05T12:43:01,04/05/202600:43,143.76,0.9800000000000001,140.8848,54.6,1.9,103.74,103.2,0.2,4.0,198.7,23647.0,44734.0,23.6,17.4,39.0,30.329999999999995,6.28,356.0,897.0,6.4,0.736346291438111
2026-04-05T12:43:47,04/05/202600:43,143.85,0.99,142.4115,54.6,1.9100000000000001,104.28600000000002,103.8,0.2,5.0,198.7,23647.0,44734.0,23.6,17.4,39.0,30.329999999999995,6.28,356.0,897.0,6.4,0.7322863673228638
2026-04-05T12:45:07,04/05/202600:45,143.92,1.0,143.92,54.6,1.89,103.194,102.7,0.2,5.0,198.7,23647.0,44734.0,23.6,17.4,39.0,30.329999999999995,6.28,356.0,897.0,6.4,0.7170233463035021
2026-04-05T12:45:47,04/05/202600:45,143.95999999999998,1.0,143.95999999999998,54.6,1.89,103.194,102.7,0.2,5.0,198.7,23647.0,44734.0,23.6,17.45,38.8,30.329999999999995,6.323,356.4,898.3,6.42,0.716824117810503
2026-04-05T12:46:00,04/05/202600:46,144.0,1.0,144.0,54.6,1.89,103.194,102.7,0.2,5.0,198.7,23647.0,44734.0,23.6,17.5,38.6,30.329999999999995,6.3660000000000005,356.8,899.6,6.44,0.7166250000000001
2026-04-05T12:46:47,04/05/202600:46,144.19,0.9199999999999999,132.6548,54.56,1.7,92.752,92.4,0.2,5.0,198.7,23647.0,44734.0,23.6,17.55,38.4,30.329999999999995,6.409000000000001,357.2,900.9,6.459999999999999,0.6991982197402582
2026-04-05T12:47:00,04/05/202600:47,144.38,0.8400000000000001,121.2792,54.52,1.51,82.32520000000001,82.1,0.2,5.0,198.7,23647.0,44734.0,23.6,17.6,38.2,30.329999999999995,6.452,357.6,902.2,6.4799999999999995,0.6788072480689187
2026-04-05T12:47:47,04/05/202600:47,144.33999999999997,0.85,122.68899999999998,54.480000000000004,1.53,83.35440000000001,83.1,0.2,5.0,198.7,23647.0,44734.0,23.6,17.65,38.0,30.329999999999995,6.495,358.0,903.5,6.5,0.6793958708604686
2026-04-05T12:48:00,04/05/202600:48,144.3,0.86,124.09800000000001,54.44,1.55,84.382,84.1,0.2,5.0,198.7,23647.0,44734.0,23.6,17.7,37.8,30.329999999999995,6.537999999999999,358.4,904.8,6.5200000000000005,0.6799626101951683
2026-04-05T12:48:47,04/05/202600:48,144.3,0.8400000000000001,121.21200000000002,54.4,1.48,80.512,80.2,0.2,5.0,198.7,23647.0,44734.0,23.6,17.75,37.6,30.329999999999995,6.581,358.8,906.1,6.540000000000001,0.6642246642246641
2026-04-05T12:49:00,04/05/202600:49,144.3,0.82,118.32600000000001,54.36,1.41,76.6476,76.3,0.2,5.0,198.7,23647.0,44734.0,23.6,17.8,37.4,30.329999999999995,6.624,359.2,907.4,6.56,0.6477663404492672
2026-04-05T12:49:47,04/05/202600:49,144.25,0.8300000000000001,119.7275,54.32000000000001,1.41,76.5912,76.2,0.2,5.0,198.7,23647.0,44734.0,23.6,17.85,37.2,30.329999999999995,6.667,359.6,908.7,6.58,0.6397126808794972
2026-04-05T12:50:00,04/05/202600:50,144.21999999999997,0.8400000000000001,121.14479999999999,54.28000000000001,1.44,78.1632,77.8,0.2,5.0,198.7,23647.0,44734.0,23.6,17.9,37.0,30.329999999999995,6.709999999999999,360.0,910.0,6.6,0.6452047467163263
2026-04-05T12:50:47,04/05/202600:50,144.23999999999998,0.8400000000000001,121.16159999999999,54.239999999999995,1.45,78.648,78.2,0.2,5.0,198.7,23647.0,44734.0,23.6,17.9,37.0,30.329999999999995,6.709999999999999,360.0,910.0,6.6,0.6491165517787814
2026-04-05T12:51:00,04/05/202600:51,144.26,0.8400000000000001,121.17840000000001,54.2,1.46,79.132,78.6,0.2,5.0,198.7,23647.0,44734.0,23.6,17.9,37.0,30.329999999999995,6.709999999999999,360.0,910.0,6.6,0.6530206703504915
2026-04-05T12:51:47,04/05/202600:51,144.04,0.96,138.27839999999998,54.2,1.78,96.47600000000001,95.9,0.2,5.0,198.7,23647.0,44734.0,23.6,17.9,37.0,30.329999999999995,6.709999999999999,360.0,910.0,6.6,0.6976939276127004
2026-04-05T12:52:00,04/05/202600:52,143.82,1.08,155.3256,54.2,2.1,113.82000000000001,113.2,0.2,5.0,198.7,23647.0,44734.0,23.6,17.9,37.0,30.329999999999995,6.709999999999999,360.0,910.0,6.6,0.732783263029404
2026-04-05T12:52:47,04/05/202600:52,143.95,1.07,154.0265,54.2,2.09,113.27799999999999,112.6,0.2,5.0,198.7,23647.0,44734.0,23.6,17.9,37.0,30.329999999999995,6.709999999999999,360.0,910.0,6.6,0.7354448747455794
2026-04-05T12:53:00,04/05/202600:53,144.07999999999998,1.06,152.7248,54.2,2.08,112.736,112.0,0.2,5.0,198.7,23647.0,44734.0,23.6,17.9,37.0,30.329999999999995,6.709999999999999,360.0,910.0,6.6,0.7381643321844259
2026-04-05T12:53:47,04/05/202600:53,144.1,1.1199999999999999,161.39199999999997,54.2,2.21,119.78200000000001,119.1,0.2,5.0,198.7,23647.0,44734.0,23.7,17.9,37.0,30.329999999999995,6.709999999999999,360.0,910.0,6.6,0.74218052939427
2026-04-05T12:54:00,04/05/202600:54,144.12,1.1800000000000002,170.06160000000003,54.2,2.34,126.828,126.2,0.2,5.0,198.7,23647.0,44734.0,23.7,17.9,37.0,30.329999999999995,6.709999999999999,360.0,910.0,6.6,0.7457768243977475
2026-04-05T12:54:47,04/05/202600:54,144.31,1.17,168.84269999999998,54.21,2.33,126.30930000000001,125.6,0.2,5.0,198.7,23647.0,44734.0,23.6,17.9,37.0,30.329999999999995,6.709999999999999,360.0,910.0,6.6,0.7480886055482412
2026-04-05T12:55:00,04/05/202600:55,144.5,1.16,167.61999999999998,54.220000000000006,2.32,125.7904,125.0,0.2,5.0,198.7,23647.0,44734.0,23.6,17.9,37.0,30.329999999999995,6.709999999999999,360.0,910.0,6.6,0.7504498269896195
2026-04-05T12:56:19,04/05/202600:56,144.67000000000002,1.15,166.3705,54.220000000000006,2.31,125.24820000000001,124.5,0.2,5.0,198.7,23647.0,44734.0,23.6,17.9,37.0,30.329999999999995,6.709999999999999,360.0,910.0,6.6,0.7528269735319664
2026-04-05T12:56:47,04/05/202600:56,144.84,1.1300000000000001,163.66920000000002,54.220000000000006,2.2600000000000002,122.53720000000003,121.8,0.2,5.0,198.7,23647.0,44734.0,23.6,17.9,37.0,30.329999999999995,6.709999999999999,360.0,910.0,6.6,0.7486882076774373
2026-04-05T12:57:00,04/05/202600:57,145.07999999999998,1.06,153.7848,54.220000000000006,2.08,112.77760000000002,112.0,0.2,5.0,198.7,23647.0,44734.0,23.6,17.9,37.0,30.329999999999995,6.709999999999999,360.0,910.0,6.6,0.7333468587272606
2026-04-05T12:57:47,04/05/202600:57,145.25,1.02,148.155,54.220000000000006,1.9899999999999998,107.8978,107.1,0.2,5.0,198.7,23647.0,44734.0,23.6,17.9,37.0,30.329999999999995,6.709999999999999,360.0,910.0,6.6,0.7282764672133915
2026-04-05T12:58:01,04/05/202600:58,145.26,1.04,151.0704,54.220000000000006,2.0300000000000002,110.06660000000002,109.3,0.2,5.0,198.7,23647.0,44734.0,23.6,17.9,37.0,30.329999999999995,6.709999999999999,360.0,910.0,6.6,0.7285781993031065
2026-04-05T12:58:47,04/05/202600:58,145.32,1.03,149.6796,54.220000000000006,1.97,106.81340000000002,106.1,0.2,5.0,198.7,23647.0,44734.0,23.6,17.9,37.0,30.329999999999995,6.709999999999999,360.0,910.0,6.6,0.7136136120085838
2026-04-05T12:59:01,04/05/202600:59,145.44,0.9700000000000001,141.07680000000002,54.220000000000006,1.83,99.22260000000001,98.5,0.2,5.0,198.7,23647.0,44734.0,23.6,17.9,37.0,30.329999999999995,6.709999999999999,360.0,910.0,6.6,0.7033232962471505
2026-04-05T12:59:46,04/05/202600:59,145.52,0.9400000000000001,136.7888,54.220000000000006,1.77,95.96940000000001,95.2,0.2,5.0,198.7,23647.0,44734.0,23.6,17.9,37.0,30.329999999999995,6.709999999999999,360.0,910.0,6.6,0.7015881417192051
2026-04-05T13:00:01,04/05/202601:00,145.48,0.95,138.206,54.21,1.7899999999999998,97.0359,96.3,0.2,5.0,198.7,23647.0,44734.0,23.6,17.9,37.0,30.329999999999995,6.709999999999999,360.0,910.0,6.6,0.7021106174840456
2026-04-05T13:00:47,04/05/202601:00,145.45,0.95,138.17749999999998,54.2,1.81,98.102,97.4,0.3,5.0,198.7,23647.0,44734.0,23.6,17.9,37.0,30.329999999999995,6.709999999999999,360.0,910.0,6.6,0.7099708708002389
2026-04-05T13:01:00,04/05/202601:01,145.4,0.9600000000000002,139.58400000000003,54.2,1.8399999999999999,99.728,99.0,0.3,5.0,198.7,23647.0,44734.0,23.6,17.9,37.0,30.329999999999995,6.709999999999999,360.0,910.0,6.6,0.7144658413571754
2026-04-05T13:01:47,04/05/202601:01,145.31,1.0,145.31,54.2,1.9600000000000002,106.23200000000001,105.5,0.3,5.0,198.7,23647.0,44734.0,23.6,17.939999999999998,36.8,30.329999999999995,6.7780000000000005,324.3,912.0,6.62,0.7310715023054161
2026-04-05T13:02:01,04/05/202601:02,145.22,1.04,151.02880000000002,54.2,2.08,112.736,112.0,0.3,5.0,198.7,23647.0,44734.0,23.6,17.979999999999997,36.6,30.329999999999995,6.845999999999999,288.6,914.0,6.639999999999999,0.7464536565211403
2026-04-05T13:02:47,04/05/202601:02,145.19,1.06,153.9014,54.2,2.12,114.90400000000001,114.2,0.3,5.0,198.7,23647.0,44734.0,23.6,18.02,36.4,30.329999999999995,6.914,252.9,916.0,6.659999999999999,0.7466078931055858
2026-04-05T13:03:00,04/05/202601:03,145.16,1.08,156.77280000000002,54.2,2.16,117.07200000000002,116.4,0.3,5.0,198.7,23647.0,44734.0,23.6,18.06,36.2,30.329999999999995,6.981999999999999,217.2,918.0,6.68,0.7467621934417195
2026-04-05T13:03:47,04/05/202601:03,145.04000000000002,1.1400000000000001,165.34560000000005,54.2,2.32,125.744,125.1,0.3,5.0,198.7,23647.0,44734.0,23.6,18.1,36.0,30.329999999999995,7.05,181.5,920.0,6.7,0.7604919634994821
2026-04-05T13:04:00,04/05/202601:04,144.92000000000002,1.2,173.90400000000002,54.2,2.48,134.416,133.8,0.3,5.0,198.7,23647.0,44734.0,23.6,18.14,35.8,30.329999999999995,7.117999999999999,145.8,922.0,6.720000000000001,0.7729321924740086
2026-04-05T13:04:48,04/05/202601:04,144.93,1.19,172.4667,54.2,2.4699999999999998,133.874,133.3,0.3,5.0,198.7,23647.0,44734.0,23.6,18.18,35.6,30.329999999999995,7.186,110.1,924.0,6.739999999999999,0.7762310057535744
2026-04-05T13:05:01,04/05/202601:05,144.94,1.1800000000000002,171.02920000000003,54.2,2.46,133.332,132.8,0.3,5.0,198.7,23647.0,44734.0,23.6,18.22,35.4,30.329999999999995,7.254,74.4,926.0,6.76,0.7795861759278531
2026-04-05T13:05:47,04/05/202601:05,144.93,1.1800000000000002,171.01740000000004,54.2,2.46,133.332,132.8,0.3,5.0,198.7,23647.0,44734.0,23.6,18.259999999999998,35.2,30.329999999999995,7.322,38.7,928.0,6.779999999999999,0.779639966459553
2026-04-05T13:06:00,04/05/202601:06,144.92000000000002,1.1800000000000002,171.00560000000004,54.2,2.46,133.332,132.8,0.3,5.0,198.7,23647.0,44734.0,23.6,18.3,35.0,30.329999999999995,7.389999999999999,3.0,930.0,6.8,0.7796937644147324
2026-04-05T13:07:30,04/05/202601:07,144.9,1.1800000000000002,170.98200000000003,54.2,2.43,131.70600000000002,131.2,0.3,5.0,198.7,23647.0,44734.0,23.6,18.3,35.0,30.329999999999995,7.389999999999999,3.0,930.0,6.8,0.7702916096431203
2026-04-05T13:07:47,04/05/202601:07,144.87,1.16,168.04919999999998,54.2,2.33,126.28600000000002,125.8,0.3,5.0,198.7,23647.0,44734.0,23.6,18.3,35.0,30.329999999999995,7.389999999999999,3.0,930.0,6.8,0.7514823039919263
2026-04-05T13:08:00,04/05/202601:08,144.85,1.1300000000000001,163.68050000000002,54.2,2.2199999999999998,120.324,119.8,0.3,5.0,198.7,23647.0,44734.0,23.6,18.3,35.0,30.329999999999995,7.389999999999999,3.0,930.0,6.8,0.735115056466714
2026-04-05T13:08:48,04/05/202601:08,144.78,1.1,159.258,54.2,2.1399999999999997,115.98799999999999,115.4,0.3,5.0,198.7,23647.0,44734.0,23.6,18.3,35.0,30.329999999999995,7.389999999999999,3.0,930.0,6.8,0.7283025028569992
2026-04-05T13:09:01,04/05/202601:09,144.75,1.06,153.435,54.2,2.04,110.56800000000001,109.9,0.3,5.0,198.7,23647.0,44734.0,23.6,18.3,35.0,30.329999999999995,7.389999999999999,3.0,930.0,6.8,0.7206178512073517
2026-04-05T13:09:47,04/05/202601:09,144.69,1.05,151.9245,54.2,2.02,109.48400000000001,108.8,0.3,5.0,198.7,23647.0,44734.0,23.7,18.3,35.0,30.329999999999995,7.389999999999999,3.0,930.0,6.8,0.7206474268468879
2026-04-05T13:10:01,04/05/202601:10,144.54000000000002,1.08,156.10320000000004,54.2,2.09,113.27799999999999,112.6,0.3,5.0,198.7,23647.0,44734.0,23.7,18.3,35.0,30.329999999999995,7.389999999999999,3.0,930.0,6.8,0.7256609729973502
2026-04-05T13:10:47,04/05/202601:10,144.44,1.09,157.4396,54.2,2.1100000000000003,114.36200000000002,113.7,0.3,5.0,198.7,23647.0,44734.0,23.6,18.3,35.0,30.329999999999995,7.389999999999999,3.0,930.0,6.8,0.7263864999657013
2026-04-05T13:11:00,04/05/202601:11,144.35,1.1,158.785,54.2,2.12,114.90400000000001,114.3,0.3,5.0,198.7,23647.0,44734.0,23.6,18.3,35.0,30.329999999999995,7.389999999999999,3.0,930.0,6.8,0.7236451805901062
2026-04-05T13:11:48,04/05/202601:11,144.26,1.1099999999999999,160.12859999999998,54.2,2.1,113.82000000000001,113.2,0.3,5.0,198.7,23647.0,44734.0,23.6,18.3,35.0,30.329999999999995,7.389999999999999,3.0,930.0,6.8,0.7108036915329305
2026-04-05T13:12:01,04/05/202601:12,144.22,1.1,158.64200000000002,54.2,2.06,111.65200000000002,111.0,0.3,5.0,198.7,23647.0,44734.0,23.6,18.3,35.0,30.329999999999995,7.389999999999999,3.0,930.0,6.8,0.7037984896811689
2026-04-05T13:12:47,04/05/202601:12,144.18,1.12,161.48160000000001,54.2,2.12,114.90400000000001,114.3,0.3,5.0,198.7,23647.0,44734.0,23.6,18.3,35.0,30.329999999999995,7.389999999999999,3.0,930.0,6.8,0.7115609456433426
2026-04-05T13:13:01,04/05/202601:13,144.14000000000001,1.1400000000000001,164.31960000000004,54.2,2.18,118.15600000000002,117.6,0.3,5.0,198.7,23647.0,44734.0,23.6,18.3,35.0,30.329999999999995,7.389999999999999,3.0,930.0,6.8,0.7190621204043827
2026-04-05T13:13:36,04/05/202601:13,144.15,1.1400000000000001,164.33100000000002,54.2,2.1900000000000004,118.69800000000002,118.2,0.3,6.0,198.7,23647.0,44734.0,23.6,18.3,35.0,30.329999999999995,7.389999999999999,3.0,930.0,6.8,0.7223104587691915
2026-04-05T13:14:00,04/05/202601:14,144.16,1.1400000000000001,164.34240000000003,54.2,2.2,119.24000000000001,118.8,0.3,6.0,198.7,23647.0,44734.0,23.6,18.3,35.0,30.329999999999995,7.389999999999999,3.0,930.0,6.8,0.7255583464766243
2026-04-05T13:14:36,04/05/202601:14,144.15,1.12,161.44800000000004,54.2,2.16,117.07200000000002,116.6,0.3,6.0,198.7,23647.0,44734.0,23.7,18.3,35.0,30.329999999999995,7.389999999999999,3.0,930.0,6.8,0.7251375055745503
2026-04-05T13:15:01,04/05/202601:15,144.14000000000001,1.1,158.55400000000003,54.2,2.12,114.90400000000001,114.4,0.3,6.0,198.7,23647.0,44734.0,23.7,18.3,35.0,30.329999999999995,7.389999999999999,3.0,930.0,6.8,0.7246994714734412
2026-04-05T13:15:36,04/05/202601:15,144.1,1.08,155.62800000000001,54.2,2.07,112.194,111.7,0.3,6.0,198.7,23647.0,44734.0,23.6,18.3,35.0,30.329999999999995,7.389999999999999,3.0,930.0,6.8,0.720911404117511
2026-04-05T13:16:01,04/05/202601:16,144.06,1.06,152.70360000000002,54.2,2.02,109.48400000000001,109.0,0.3,6.0,198.7,23647.0,44734.0,23.6,18.3,35.0,30.329999999999995,7.389999999999999,3.0,930.0,6.8,0.7169706542609342
2026-04-05T13:16:36,04/05/202601:16,143.97,1.06,152.6082,54.2,2.04,110.56800000000001,110.1,0.3,6.0,198.7,23647.0,44734.0,23.6,18.34,34.8,30.329999999999995,7.484,3.5,930.0,6.81,0.7245220112680708
2026-04-05T13:17:00,04/05/202601:17,143.88,1.06,152.5128,54.2,2.06,111.65200000000002,111.2,0.3,6.0,198.7,23647.0,44734.0,23.6,18.380000000000003,34.6,30.329999999999995,7.578,4.0,930.0,6.82,0.7320828153440236
2026-04-05T13:18:42,04/05/202601:18,143.82999999999998,1.04,149.58319999999998,54.2,2.05,111.11,110.6,0.3,6.0,198.7,23647.0,44734.0,23.6,18.419999999999998,34.4,30.329999999999995,7.672,4.5,930.0,6.83,0.742797319485076
2026-04-05T13:19:00,04/05/202601:19,143.78,1.02,146.6556,54.2,2.04,110.56800000000001,110.0,0.3,6.0,198.7,23647.0,44734.0,23.6,18.46,34.2,30.329999999999995,7.766,5.0,930.0,6.840000000000001,0.7539296146891085
2026-04-05T13:19:32,04/05/202601:19,143.7,1.05,150.885,54.2,2.1,113.82000000000001,113.2,0.3,6.0,198.7,23647.0,44734.0,23.6,18.5,34.0,30.329999999999995,7.859999999999999,5.5,930.0,6.85,0.7543493389004872
2026-04-05T13:20:01,04/05/202601:20,143.62,1.08,155.10960000000003,54.2,2.16,117.07200000000002,116.4,0.3,6.0,198.7,23647.0,44734.0,23.6,18.54,33.8,30.329999999999995,7.953999999999999,6.0,930.0,6.859999999999999,0.7547695307060298
2026-04-05T13:20:32,04/05/202601:20,143.68,1.05,150.864,54.2,2.06,111.65200000000002,111.0,0.3,6.0,198.7,23647.0,44734.0,23.7,18.580000000000002,33.6,30.329999999999995,8.048,6.5,930.0,6.87,0.7400837840704211
2026-04-05T13:21:01,04/05/202601:21,143.74,1.02,146.6148,54.2,1.9600000000000002,106.23200000000001,105.6,0.3,6.0,198.7,23647.0,44734.0,23.7,18.619999999999997,33.4,30.329999999999995,8.142,7.0,930.0,6.88,0.7245653235553301
2026-04-05T13:21:32,04/05/202601:21,143.74,1.04,149.48960000000002,54.2,1.98,107.316,106.6,0.3,6.0,198.7,23647.0,44734.0,23.6,18.66,33.2,30.329999999999995,8.236,7.5,930.0,6.890000000000001,0.7178827155869036
2026-04-05T13:22:01,04/05/202601:22,143.74,1.06,152.36440000000002,54.2,2.0,108.4,107.6,0.3,6.0,198.7,23647.0,44734.0,23.6,18.7,33.0,30.329999999999995,8.33,8.0,930.0,6.9,0.7114522815040784
2026-04-05T13:22:33,04/05/202601:22,143.74,1.08,155.2392,54.2,2.06,111.65200000000002,110.9,0.3,6.0,198.7,23647.0,44734.0,23.6,18.7,33.0,30.329999999999995,8.33,8.0,930.0,6.9,0.719225556431623
2026-04-05T13:23:01,04/05/202601:23,143.74,1.1,158.11400000000003,54.2,2.12,114.90400000000001,114.2,0.3,6.0,198.7,23647.0,44734.0,23.6,18.7,33.0,30.329999999999995,8.33,8.0,930.0,6.9,0.7267161668163477
2026-04-05T13:23:32,04/05/202601:23,143.72,1.12,160.96640000000002,54.2,2.17,117.614,116.9,0.3,6.0,198.7,23647.0,44734.0,23.6,18.7,33.0,30.329999999999995,8.33,8.0,930.0,6.9,0.7306742276649039
2026-04-05T13:24:01,04/05/202601:24,143.7,1.1400000000000001,163.818,54.2,2.2199999999999998,120.324,119.6,0.3,6.0,198.7,23647.0,44734.0,23.6,18.7,33.0,30.329999999999995,8.33,8.0,930.0,6.9,0.734498040508369
2026-04-05T13:24:32,04/05/202601:24,143.7,1.12,160.944,54.2,2.19,118.69800000000001,118.0,0.3,6.0,198.7,23647.0,44734.0,23.6,18.7,33.0,30.329999999999995,8.33,8.0,930.0,6.9,0.7375111840143156
2026-04-05T13:25:01,04/05/202601:25,143.7,1.1,158.07,54.2,2.16,117.07200000000002,116.4,0.3,6.0,198.7,23647.0,44734.0,23.6,18.7,33.0,30.329999999999995,8.33,8.0,930.0,6.9,0.7406338963750239
2026-04-05T13:25:32,04/05/202601:25,143.57999999999998,1.1400000000000001,163.6812,54.2,2.27,123.034,122.4,0.3,6.0,198.7,23647.0,44734.0,23.7,18.7,33.0,30.329999999999995,8.33,8.0,930.0,6.9,0.7516684872789301
2026-04-05T13:25:37,04/05/202601:25,143.49,1.1700000000000002,167.88330000000002,54.2,2.35,127.37,126.7,0.3,6.0,198.7,23647.0,44734.0,23.6,18.7,33.0,30.329999999999995,8.33,8.0,930.0,6.9,0.7586817747804575
2026-04-05T13:26:01,04/05/202601:26,143.44,1.1700000000000002,167.8248,54.2,2.37,128.454,127.8,0.3,6.0,198.7,23647.0,44734.0,23.6,18.7,33.0,30.329999999999995,8.33,8.0,930.0,6.9,0.7654053512949218
2026-04-05T13:26:37,04/05/202601:26,143.32999999999998,1.19,170.56269999999998,54.2,2.45,132.79000000000002,132.2,0.3,6.0,198.7,23647.0,44734.0,23.6,18.7,33.0,30.329999999999995,8.33,8.0,930.0,6.9,0.7785406774165748
2026-04-05T13:27:01,04/05/202601:27,143.27,1.19,170.4913,54.2,2.45,132.79000000000002,132.2,0.3,6.0,198.7,23647.0,44734.0,23.6,18.7,33.0,30.329999999999995,8.33,8.0,930.0,6.9,0.7788667222315744
2026-04-05T13:27:38,04/05/202601:27,143.3,1.1700000000000002,167.66100000000003,54.2,2.4,130.08,129.5,0.3,6.0,198.7,23647.0,44734.0,23.6,18.7,33.0,30.329999999999995,8.33,8.0,930.0,6.9,0.7758512713153327
2026-04-05T13:28:01,04/05/202601:28,143.32,1.1600000000000001,166.2512,54.2,2.3600000000000003,127.91200000000002,127.4,0.3,6.0,198.7,23647.0,44734.0,23.6,18.7,33.0,30.329999999999995,8.33,8.0,930.0,6.9,0.7693899352305428
2026-04-05T13:29:54,04/05/202601:29,143.48,1.12,160.6976,54.19,2.23,120.8437,120.4,0.3,6.0,198.7,23647.0,44734.0,23.7,18.75,33.0,30.329999999999995,8.292,8.3,931.0,6.9,0.7519944292883031
2026-04-05T13:30:01,04/05/202601:30,143.65,1.09,156.57850000000002,54.18000000000001,2.13,115.4034,115.0,0.3,6.0,198.7,23647.0,44734.0,23.7,18.8,33.0,30.329999999999995,8.254000000000001,8.6,932.0,6.9,0.7370322234534115
2026-04-05T13:30:37,04/05/202601:30,143.75,1.1,158.125,54.18000000000001,2.12,114.86160000000002,114.5,0.3,6.0,198.7,23647.0,44734.0,23.7,18.89,32.9,30.329999999999995,8.266,9.0,933.0,6.910000000000001,0.7263974703557313
2026-04-05T13:31:01,04/05/202601:31,143.88,1.1,158.268,54.18000000000001,2.1,113.77800000000002,113.4,0.3,6.0,198.7,23647.0,44734.0,23.7,18.98,32.8,30.329999999999995,8.278,9.4,934.0,6.92,0.7188945333232241
2026-04-05T13:31:37,04/05/202601:31,143.98,1.1099999999999999,159.81779999999998,54.18000000000001,2.13,115.4034,115.1,0.3,6.0,198.7,23647.0,44734.0,23.6,19.07,32.7,30.329999999999995,8.290000000000001,9.8,935.0,6.93,0.7220935340118562
2026-04-05T13:32:00,04/05/202601:32,144.07999999999998,1.1199999999999999,161.36959999999996,54.18000000000001,2.16,117.02880000000002,116.8,0.3,6.0,198.7,23647.0,44734.0,23.6,19.16,32.6,30.329999999999995,8.302,10.2,936.0,6.94,0.7252220988339814
2026-04-05T13:32:37,04/05/202601:32,144.24,1.1,158.66400000000002,54.18000000000001,2.12,114.86160000000002,114.6,0.3,6.0,198.7,23647.0,44734.0,23.6,19.25,32.1,30.326999999999998,8.314,10.6,937.0,6.95,0.723929813946453
2026-04-05T13:33:00,04/05/202601:33,144.4,1.08,155.95200000000003,54.18000000000001,2.08,112.69440000000002,112.4,0.3,6.0,198.7,23647.0,44734.0,23.6,19.34,31.6,30.324,8.325999999999999,11.0,938.0,6.959999999999999,0.7226223453370267
2026-04-05T13:33:31,04/05/202601:33,144.48,1.0699999999999998,154.59359999999995,54.18000000000001,2.07,112.1526,111.8,0.3,6.0,198.7,23647.0,44734.0,23.6,19.43,31.1,30.320999999999998,8.338,11.4,939.0,6.970000000000001,0.7254672897196265
2026-04-05T13:34:01,04/05/202601:34,144.56,1.06,153.23360000000002,54.18000000000001,2.06,111.61080000000001,111.2,0.3,6.0,198.7,23647.0,44734.0,23.6,19.520000000000003,30.6,30.318,8.35,11.8,940.0,6.9799999999999995,0.7283702791032776
2026-04-05T13:34:31,04/05/202601:34,144.48,1.09,157.4832,54.19,2.13,115.42469999999999,115.0,0.3,6.0,198.7,23647.0,44734.0,23.6,19.560000000000002,30.1,30.314999999999998,8.4,11.9,940.0,6.99,0.7329334176597884
2026-04-05T13:35:00,04/05/202601:35,144.4,1.1199999999999999,161.72799999999998,54.2,2.2,119.24000000000001,118.8,0.3,6.0,198.7,23647.0,44734.0,23.6,19.6,29.6,30.312,8.45,12.0,940.0,7.0,0.7372872971903445
2026-04-05T13:35:32,04/05/202601:35,144.37,1.1099999999999999,160.2507,54.2,2.17,117.614,117.1,0.3,6.0,198.7,23647.0,44734.0,23.6,19.6,29.2,30.308999999999997,8.45,12.0,940.0,7.0,0.7339375116614155
2026-04-05T13:36:00,04/05/202601:36,144.34,1.1,158.77400000000003,54.2,2.1399999999999997,115.98799999999999,115.4,0.3,6.0,198.7,23647.0,44734.0,23.6,19.6,28.8,30.306,8.45,12.0,940.0,7.0,0.7305226296496905
2026-04-05T13:36:31,04/05/202601:36,144.29000000000002,1.09,157.27610000000004,54.2,2.13,115.446,114.8,0.3,6.0,198.7,23647.0,44734.0,23.7,19.6,28.4,30.303000000000004,8.45,12.0,940.0,7.0,0.734033969560537
2026-04-05T13:37:01,04/05/202601:37,144.24,1.08,155.77920000000003,54.2,2.12,114.90400000000001,114.2,0.3,6.0,198.7,23647.0,44734.0,23.7,19.6,28.0,30.3,8.45,12.0,940.0,7.0,0.7376081017234649
2026-04-05T13:37:31,04/05/202601:37,144.12,1.1,158.532,54.2,2.17,117.614,116.9,0.3,6.0,198.7,23647.0,44734.0,23.6,19.6,28.0,30.3,8.45,12.0,940.0,7.0,0.7418943809451719
2026-04-05T13:38:00,04/05/202601:38,144.0,1.12,161.28000000000003,54.2,2.2199999999999998,120.324,119.6,0.3,6.0,198.7,23647.0,44734.0,23.6,19.6,28.0,30.3,8.45,12.0,940.0,7.0,0.7460565476190475
2026-04-05T13:38:32,04/05/202601:38,143.9,1.1300000000000001,162.60700000000003,54.21,2.23,120.8883,120.2,0.3,6.0,198.7,23647.0,44734.0,23.6,19.6,28.0,30.3,8.45,12.0,940.0,7.0,0.7434384743584224
2026-04-05T13:39:00,04/05/202601:39,143.8,1.1400000000000001,163.93200000000004,54.220000000000006,2.2399999999999998,121.4528,120.8,0.3,6.0,198.7,23647.0,44734.0,23.6,19.6,28.0,30.3,8.45,12.0,940.0,7.0,0.7408730449210646
2026-04-05T13:39:31,04/05/202601:39,143.70999999999998,1.1400000000000001,163.8294,54.220000000000006,2.2399999999999998,121.4528,120.8,0.3,6.0,198.7,23647.0,44734.0,23.6,19.6,28.0,30.3,8.45,12.0,940.0,7.0,0.7413370249784227
2026-04-05T13:41:05,04/05/202601:41,143.63,1.12,160.8656,54.220000000000006,2.2,119.28400000000002,118.6,0.3,6.0,198.7,23647.0,44734.0,23.6,19.6,28.0,30.3,8.45,12.0,940.0,7.0,0.7415134124387067
2026-04-05T13:41:31,04/05/202601:41,143.57,1.1,157.927,54.220000000000006,2.19,118.74180000000001,118.1,0.3,7.0,198.7,23647.0,44734.0,23.6,19.6,28.0,30.3,8.45,12.0,940.0,7.0,0.7518777663097508
2026-04-05T13:42:00,04/05/202601:42,143.51,1.08,154.9908,54.220000000000006,2.18,118.19960000000002,117.6,0.3,7.0,198.7,23647.0,44734.0,23.6,19.6,28.0,30.3,8.45,12.0,940.0,7.0,0.7626233299008717
2026-04-05T13:42:31,04/05/202601:42,143.45999999999998,1.08,154.93679999999998,54.220000000000006,2.17,117.65740000000001,117.1,0.3,7.0,198.7,23647.0,44734.0,23.6,19.6,28.0,30.3,8.45,12.0,940.0,7.0,0.7593896349995612
2026-04-05T13:43:00,04/05/202601:43,143.41,1.08,154.8828,54.220000000000006,2.16,117.11520000000002,116.6,0.3,7.0,198.7,23647.0,44734.0,23.6,19.6,28.0,30.3,8.45,12.0,940.0,7.0,0.7561536852381285
2026-04-05T13:43:31,04/05/202601:43,143.44,1.05,150.612,54.220000000000006,2.07,112.2354,111.7,0.3,7.0,198.7,23647.0,44734.0,23.6,19.6,28.0,30.3,8.45,12.0,940.0,7.0,0.7451956019440682
2026-04-05T13:44:01,04/05/202601:44,143.47,1.02,146.3394,54.220000000000006,1.98,107.35560000000001,106.8,0.3,7.0,198.7,23647.0,44734.0,23.6,19.6,28.0,30.3,8.45,12.0,940.0,7.0,0.7336069438579084
2026-04-05T13:44:31,04/05/202601:44,143.35999999999999,1.07,153.3952,54.21,2.08,112.75680000000001,112.2,0.3,7.0,198.7,23647.0,44734.0,23.7,19.6,28.0,30.3,8.45,12.0,940.0,7.0,0.7350738484646197
2026-04-05T13:45:00,04/05/202601:45,143.25,1.12,160.44000000000003,54.2,2.18,118.15600000000002,117.6,0.3,7.0,198.7,23647.0,44734.0,23.7,19.6,28.0,30.3,8.45,12.0,940.0,7.0,0.7364497631513338
2026-04-05T13:45:31,04/05/202601:45,143.25,1.1099999999999999,159.0075,54.2,2.16,117.07200000000002,116.5,0.3,7.0,198.7,23647.0,44734.0,23.6,19.62,27.9,30.3,8.469,11.8,940.0,7.01,0.7362671572095657
2026-04-05T13:46:00,04/05/202601:46,143.24,1.12,160.42880000000002,54.2,2.18,118.15600000000002,117.6,0.3,7.0,198.7,23647.0,44734.0,23.6,19.64,27.8,30.3,8.488,11.6,940.0,7.0200000000000005,0.7365011768460525
2026-04-05T13:46:37,04/05/202601:46,143.19,1.15,164.6685,54.2,2.2600000000000002,122.49200000000002,121.9,0.3,7.0,198.7,23647.0,44734.0,23.7,19.660000000000004,27.7,30.3,8.507,11.4,940.0,7.029999999999999,0.7438702605537794
2026-04-05T13:47:01,04/05/202601:47,143.14000000000001,1.1800000000000002,168.90520000000004,54.2,2.3400000000000003,126.82800000000002,126.2,0.3,7.0,198.7,23647.0,44734.0,23.7,19.68,27.6,30.3,8.526,11.2,940.0,7.040000000000001,0.7508827436929117
2026-04-05T13:47:37,04/05/202601:47,143.14000000000001,1.16,166.04240000000001,54.2,2.29,124.11800000000001,123.5,0.3,7.0,198.7,23647.0,44734.0,23.6,19.7,27.5,30.3,8.545,11.0,940.0,7.05,0.7475078654608702
2026-04-05T13:48:00,04/05/202601:48,143.14000000000001,1.1400000000000001,163.17960000000002,54.2,2.2399999999999998,121.40799999999999,120.8,0.3,7.0,198.7,23647.0,44734.0,23.6,19.720000000000002,27.4,30.3,8.564,10.8,940.0,7.06,0.7440145704487569
2026-04-05T13:48:38,04/05/202601:48,143.07999999999998,1.15,164.54199999999997,54.2,2.27,123.034,122.5,0.3,7.0,198.7,23647.0,44734.0,23.6,19.740000000000002,27.3,30.3,8.583,10.6,940.0,7.07,0.7477361403167582
2026-04-05T13:49:01,04/05/202601:49,143.02,1.16,165.9032,54.2,2.3,124.66,124.2,0.3,7.0,198.7,23647.0,44734.0,23.6,19.76,27.2,30.3,8.602,10.4,940.0,7.08,0.7514020223841372
2026-04-05T13:49:37,04/05/202601:49,143.11,1.08,154.55880000000002,54.21,2.1,113.84100000000001,113.4,0.3,7.0,198.7,23647.0,44734.0,23.7,19.78,27.1,30.3,8.621,10.2,940.0,7.089999999999999,0.7365546316353387
2026-04-05T13:50:01,04/05/202601:50,143.2,1.0,143.2,54.220000000000006,1.9,103.018,102.6,0.3,7.0,198.7,23647.0,44734.0,23.7,19.8,27.0,30.3,8.64,10.0,940.0,7.1,0.7193994413407822
2026-04-05T13:50:38,04/05/202601:50,143.09,1.03,147.3827,54.220000000000006,1.97,106.81340000000002,106.4,0.3,7.0,198.7,23647.0,44734.0,23.7,19.8,27.0,30.3,8.64,10.0,940.0,7.1,0.7247349926416059
2026-04-05T13:52:17,04/05/202601:52,143.0,1.05,150.15,54.220000000000006,2.04,110.60880000000002,110.2,0.3,7.0,198.7,23647.0,44734.0,23.7,19.8,27.0,30.3,8.64,10.0,940.0,7.1,0.7366553446553448
2026-04-05T13:53:00,04/05/202601:53,142.95,1.05,150.0975,54.220000000000006,2.0300000000000002,110.06660000000002,109.7,0.3,7.0,198.7,23647.0,44734.0,23.7,19.8,27.0,30.3,8.64,10.0,940.0,7.1,0.7333006878862075
2026-04-05T13:53:07,04/05/202601:53,142.96,1.02,145.81920000000002,54.220000000000006,1.9100000000000001,103.56020000000002,103.3,0.4,7.0,198.7,23647.0,44734.0,23.7,19.8,27.0,30.3,8.64,10.0,940.0,7.1,0.7101959138439932
2026-04-05T13:53:36,04/05/202601:53,142.86,1.0699999999999998,152.8602,54.220000000000006,2.0100000000000002,108.98220000000002,108.7,0.4,7.0,198.7,23647.0,44734.0,23.6,19.8,27.0,30.3,8.64,10.0,940.0,7.1,0.7129534044833123
2026-04-05T13:54:01,04/05/202601:54,142.76000000000002,1.1199999999999999,159.8912,54.220000000000006,2.1100000000000003,114.40420000000003,114.1,0.4,7.0,198.7,23647.0,44734.0,23.6,19.8,27.0,30.3,8.64,10.0,940.0,7.1,0.7155127987031183
2026-04-05T13:54:35,04/05/202601:54,142.74,1.1400000000000001,162.72360000000003,54.220000000000006,2.1399999999999997,116.0308,115.7,0.4,7.0,198.7,23647.0,44734.0,23.6,19.8,27.0,30.3,8.64,10.0,940.0,7.1,0.7130545292754092
2026-04-05T13:55:01,04/05/202601:55,142.72,1.16,165.55519999999999,54.220000000000006,2.17,117.65740000000001,117.3,0.4,7.0,198.7,23647.0,44734.0,23.6,19.8,27.0,30.3,8.64,10.0,940.0,7.1,0.7106838081799909
2026-04-05T13:55:36,04/05/202601:55,142.70999999999998,1.1800000000000002,168.3978,54.220000000000006,2.25,121.99500000000002,121.6,0.4,7.0,198.7,23647.0,44734.0,23.6,19.8,27.0,30.3,8.64,10.0,940.0,7.1,0.7244453312335436
2026-04-05T13:56:00,04/05/202601:56,142.7,1.2,171.23999999999998,54.220000000000006,2.33,126.33260000000001,125.9,0.4,7.0,198.7,23647.0,44734.0,23.6,19.8,27.0,30.3,8.64,10.0,940.0,7.1,0.7377516935295493
2026-04-05T13:56:36,04/05/202601:56,142.81,1.17,167.08769999999998,54.220000000000006,2.2800000000000002,123.62160000000003,123.2,0.4,7.0,198.7,23647.0,44734.0,23.6,19.8,27.0,30.3,8.64,10.0,940.0,7.1,0.7398605642426106
2026-04-05T13:57:01,04/05/202601:57,142.9,1.15,164.335,54.220000000000006,2.23,120.91060000000002,120.5,0.4,7.0,198.7,23647.0,44734.0,23.6,19.8,27.0,30.3,8.64,10.0,940.0,7.1,0.7357568381659416
2026-04-05T13:57:36,04/05/202601:57,142.98,1.15,164.42699999999996,54.220000000000006,2.2199999999999998,120.3684,120.0,0.4,7.0,198.7,23647.0,44734.0,23.7,19.8,27.0,30.3,8.64,10.0,940.0,7.1,0.7320476564067946
2026-04-05T13:58:01,04/05/202601:58,143.0,1.1800000000000002,168.74,54.220000000000006,2.32,125.7904,125.4,0.4,7.0,198.7,23647.0,44734.0,23.7,19.8,27.0,30.3,8.64,10.0,940.0,7.1,0.745468768519616
2026-04-05T13:58:36,04/05/202601:58,143.16,1.1099999999999999,158.90759999999997,54.220000000000006,2.1399999999999997,116.0308,115.6,0.4,7.0,198.7,23647.0,44734.0,23.7,19.8,27.0,30.3,8.64,10.0,940.0,7.1,0.7301777888533967
2026-04-05T13:59:00,04/05/202601:59,143.32,1.04,149.0528,54.220000000000006,1.9600000000000002,106.27120000000002,105.8,0.4,7.0,198.7,23647.0,44734.0,23.7,19.8,27.0,30.3,8.64,10.0,940.0,7.1,0.7129768779922284
2026-04-05T13:59:36,04/05/202601:59,143.41,1.02,146.2782,54.23,1.9300000000000002,104.6639,104.2,0.4,7.0,198.7,23647.0,44734.0,23.7,19.8,27.0,30.3,8.64,10.0,940.0,7.1,0.7155126327778165
2026-04-05T14:00:01,04/05/202602:00,143.5,1.0,143.5,54.239999999999995,1.9,103.05599999999998,102.6,0.4,7.0,198.7,23647.0,44734.0,23.7,19.8,27.0,30.3,8.64,10.0,940.0,7.1,0.7181602787456445
2026-04-05T14:00:36,04/05/202602:00,143.57,1.0,143.57,54.23,1.89,102.4947,102.0,0.4,7.0,198.7,23647.0,44734.0,23.6,19.830000000000002,26.9,30.3,8.727,9.9,940.0,7.109999999999999,0.7139005363237445
2026-04-05T14:01:01,04/05/202602:01,143.64000000000001,1.0,143.64000000000001,54.220000000000006,1.8800000000000001,101.93360000000001,101.4,0.4,7.0,198.7,23647.0,44734.0,23.6,19.860000000000003,26.8,30.3,8.814,9.8,940.0,7.12,0.7096463380673907
2026-04-05T14:01:36,04/05/202602:01,143.73,0.9800000000000001,140.8554,54.220000000000006,1.8399999999999999,99.76480000000001,99.2,0.4,7.0,198.7,23647.0,44734.0,23.6,19.89,26.7,30.3,8.901,9.7,940.0,7.13,0.7082781348815879
2026-04-05T14:02:00,04/05/202602:02,143.82,0.96,138.06719999999999,54.220000000000006,1.8,97.59600000000002,97.0,0.4,7.0,198.7,23647.0,44734.0,23.6,19.92,26.6,30.3,8.988,9.6,940.0,7.140000000000001,0.7068731748018359
2026-04-05T14:03:29,04/05/202602:03,143.88,0.95,136.68599999999998,54.220000000000006,1.7600000000000002,95.42720000000003,94.8,0.4,7.0,198.7,23647.0,44734.0,23.7,19.95,26.5,30.3,9.075,9.5,940.0,7.15,0.6981490423305975
2026-04-05T14:03:36,04/05/202602:03,143.94,0.9400000000000001,135.30360000000002,54.220000000000006,1.73,93.8006,93.1,0.4,7.0,198.7,23647.0,44734.0,23.6,19.98,26.4,30.3,9.162,9.4,940.0,7.159999999999999,0.6932601941116127
2026-04-05T14:04:00,04/05/202602:04,143.93,0.9800000000000001,141.05140000000003,54.220000000000006,1.85,100.30700000000002,99.6,0.4,7.0,198.7,23647.0,44734.0,23.6,20.01,26.3,30.3,9.248999999999999,9.3,940.0,7.17,0.7111379256072609
2026-04-05T14:04:36,04/05/202602:04,143.9,1.04,149.656,54.220000000000006,2.04,110.60880000000002,109.9,0.4,7.0,198.7,23647.0,44734.0,23.6,20.04,26.2,30.3,9.336,9.2,940.0,7.18,0.7390869727909339
2026-04-05T14:05:01,04/05/202602:05,143.91,1.06,152.5446,54.21,2.1,113.84100000000001,113.1,0.4,7.0,198.7,23647.0,44734.0,23.6,20.07,26.1,30.3,9.423,9.1,940.0,7.19,0.7462801043104771
2026-04-05T14:05:36,04/05/202602:05,143.99,1.03,148.30970000000002,54.2,2.02,109.48400000000001,108.7,0.4,7.0,198.7,23647.0,44734.0,23.6,20.1,26.0,30.3,9.51,9.0,940.0,7.2,0.7382119982711852
2026-04-05T14:06:00,04/05/202602:06,144.04000000000002,1.0100000000000002,145.48040000000006,54.2,1.97,106.774,106.0,0.4,7.0,198.7,23647.0,44734.0,23.6,20.1,26.0,30.3,9.51,9.0,940.0,7.2,0.7339407920242174
2026-04-05T14:06:36,04/05/202602:06,144.06,1.0,144.06,54.2,1.9600000000000002,106.23200000000001,105.5,0.4,7.0,198.7,23647.0,44734.0,23.6,20.1,26.0,30.3,9.51,9.0,940.0,7.2,0.7374149659863947
2026-04-05T14:07:00,04/05/202602:07,144.04000000000002,1.0100000000000002,145.48040000000006,54.2,1.98,107.316,106.6,0.4,7.0,198.7,23647.0,44734.0,23.6,20.1,26.0,30.3,9.51,9.0,940.0,7.2,0.73766637980099
2026-04-05T14:07:36,04/05/202602:07,144.03,1.0,144.03,54.2,1.9300000000000002,104.60600000000001,103.9,0.4,7.0,198.7,23647.0,44734.0,23.7,20.1,26.0,30.3,9.51,9.0,940.0,7.2,0.7262792473790183
2026-04-05T14:08:01,04/05/202602:08,144.06,0.96,138.2976,54.2,1.8399999999999999,99.728,99.0,0.4,7.0,198.7,23647.0,44734.0,23.7,20.1,26.0,30.3,9.51,9.0,940.0,7.2,0.7211115738812532
2026-04-05T14:08:10,04/05/202602:08,144.01,0.99,142.5699,54.2,1.92,104.06400000000001,103.4,0.4,7.0,198.7,23647.0,44734.0,23.6,20.1,26.0,30.3,9.51,9.0,940.0,7.2,0.7299156413801231
2026-04-05T14:09:00,04/05/202602:09,143.95999999999998,1.02,146.83919999999998,54.2,2.0,108.4,107.8,0.4,7.0,198.7,23647.0,44734.0,23.6,20.1,26.0,30.3,9.51,9.0,940.0,7.2,0.7382224909969547
2026-04-05T14:09:09,04/05/202602:09,143.94,1.03,148.2582,54.2,2.02,109.48400000000001,108.9,0.4,8.0,198.7,23647.0,44734.0,23.6,20.1,26.0,30.3,9.51,9.0,940.0,7.2,0.7384684287277198
2026-04-05T14:10:01,04/05/202602:10,143.92000000000002,1.04,149.67680000000001,54.2,2.04,110.56800000000001,110.0,0.4,8.0,198.7,23647.0,44734.0,23.6,20.1,26.0,30.3,9.51,9.0,940.0,7.2,0.7387116774276308
2026-04-05T14:10:10,04/05/202602:10,143.82999999999998,1.09,156.7747,54.2,2.19,118.69800000000001,118.2,0.4,8.0,198.7,23647.0,44734.0,23.6,20.1,26.0,30.3,9.51,9.0,940.0,7.2,0.7571247146382676
2026-04-05T14:11:00,04/05/202602:11,143.74,1.1400000000000001,163.86360000000002,54.2,2.34,126.828,126.4,0.4,8.0,198.7,23647.0,44734.0,23.6,20.1,26.0,30.3,9.51,9.0,940.0,7.2,0.7739851925625947
2026-04-05T14:11:09,04/05/202602:11,143.69,1.16,166.6804,54.21,2.4,130.10399999999998,129.7,0.4,8.0,198.7,23647.0,44734.0,23.7,20.1,26.0,30.3,9.51,9.0,940.0,7.2,0.7805596818822128
2026-04-05T14:12:00,04/05/202602:12,143.64000000000001,1.1800000000000002,169.49520000000004,54.220000000000006,2.46,133.3812,133.0,0.4,8.0,198.7,23647.0,44734.0,23.7,20.1,26.0,30.3,9.51,9.0,940.0,7.2,0.7869320193138212
2026-04-05T14:12:09,04/05/202602:12,143.54000000000002,1.23,176.5542,54.220000000000006,2.59,140.4298,140.1,0.4,8.0,198.7,23647.0,44734.0,23.7,20.1,26.0,30.3,9.51,9.0,940.0,7.2,0.7953920099323607
2026-04-05T14:13:01,04/05/202602:13,143.44,1.28,183.6032,54.220000000000006,2.7199999999999998,147.4784,147.2,0.4,8.0,198.7,23647.0,44734.0,23.7,20.1,26.0,30.3,9.51,9.0,940.0,7.2,0.8032452593418852
2026-04-05T14:13:10,04/05/202602:13,143.43,1.23,176.4189,54.220000000000006,2.57,139.3454,139.0,0.4,8.0,198.7,23647.0,44734.0,23.6,20.1,26.0,30.3,9.51,9.0,940.0,7.2,0.7898552819454152
2026-04-05T14:14:43,04/05/202602:14,143.34,1.22,174.8748,54.23,2.5599999999999996,138.82879999999997,138.4,0.4,8.0,198.7,23647.0,44734.0,23.6,20.1,26.0,30.3,9.51,9.0,940.0,7.2,0.7938753897073791
2026-04-05T14:15:01,04/05/202602:15,143.24,1.21,173.3204,54.239999999999995,2.54,137.7696,137.3,0.4,8.0,198.7,23647.0,44734.0,23.6,20.1,26.0,30.3,9.51,9.0,940.0,7.2,0.794883925954475
2026-04-05T14:15:22,04/05/202602:15,143.10999999999999,1.21,173.1631,54.239999999999995,2.54,137.7696,137.3,0.4,8.0,198.7,23647.0,44734.0,23.6,20.1,26.0,30.3,9.51,9.0,940.0,7.2,0.7956059922697157
2026-04-05T14:17:01,04/05/202602:17,142.97,1.25,178.7125,54.239999999999995,2.6,141.024,140.5,0.4,8.0,198.7,23647.0,44734.0,23.7,20.12,26.0,30.3,9.584,9.1,939.0,7.19,0.7891110023081765
2026-04-05T14:18:01,04/05/202602:18,142.89,1.25,178.61249999999998,54.239999999999995,2.57,139.39679999999998,138.8,0.4,8.0,198.7,23647.0,44734.0,23.7,20.14,26.0,30.3,9.658,9.2,938.0,7.18,0.7804425782070123
2026-04-05T14:19:01,04/05/202602:19,142.8,1.27,181.35600000000002,54.23,2.59,140.45569999999998,139.8,0.4,8.0,198.7,23647.0,44734.0,23.7,20.160000000000004,26.0,30.3,9.732,9.3,937.0,7.17,0.7744750656167977
2026-04-05T14:19:02,04/05/202602:19,142.7,1.3,185.51,54.220000000000006,2.6399999999999997,143.14079999999998,142.5,0.4,8.0,198.7,23647.0,44734.0,23.6,20.2,26.0,30.3,9.806000000000001,9.4,936.0,7.159999999999999,0.7716069214597595
2026-04-05T14:20:00,04/05/202602:20,142.64,1.3199999999999998,188.28479999999996,54.220000000000006,2.69,145.85180000000003,145.2,0.4,8.0,198.7,23647.0,44734.0,23.6,20.240000000000002,26.0,30.3,9.879999999999999,9.5,935.0,7.15,0.7746339587688441
2026-04-05T14:20:02,04/05/202602:20,142.55,1.31,186.74050000000003,54.220000000000006,2.68,145.30960000000002,144.6,0.4,8.0,198.7,23647.0,44734.0,23.6,20.28,26.0,30.3,9.959999999999999,9.0,934.0,7.140000000000001,0.7781365049359941
2026-04-05T14:21:01,04/05/202602:21,142.45,1.33,189.4585,54.220000000000006,2.77,150.1894,149.5,0.4,8.0,198.7,23647.0,44734.0,23.6,20.32,26.0,30.3,10.040000000000001,8.5,933.0,7.13,0.792729806263641
2026-04-05T14:21:02,04/05/202602:21,142.4,1.31,186.544,54.21,2.7,146.36700000000002,145.7,0.4,8.0,198.7,23647.0,44734.0,23.6,20.36,26.0,30.3,10.120000000000001,8.0,932.0,7.12,0.7846245389827602
2026-04-05T14:22:01,04/05/202602:22,142.35,1.29,183.6315,54.2,2.63,142.546,141.9,0.4,8.0,198.7,23647.0,44734.0,23.6,20.4,26.0,30.3,10.2,7.5,931.0,7.109999999999999,0.7762611534513414
2026-04-05T14:22:02,04/05/202602:22,142.32999999999998,1.27,180.7591,54.2,2.54,137.668,137.0,0.4,8.0,198.7,23647.0,44734.0,23.7,20.44,26.0,30.3,10.28,7.0,930.0,7.1,0.76161034216258
2026-04-05T14:23:01,04/05/202602:23,142.32,1.22,173.63039999999998,54.2,2.4,130.08,129.4,0.4,8.0,198.7,23647.0,44734.0,23.7,20.46,26.0,30.3,10.286,6.4,930.0,7.1,0.7491775633759988
2026-04-05T14:23:02,04/05/202602:23,142.24,1.23,174.95520000000002,54.2,2.41,130.622,130.0,0.4,8.0,198.7,23647.0,44734.0,23.7,20.48,26.0,30.3,10.292,5.8,930.0,7.1,0.7466025588264882
2026-04-05T14:24:01,04/05/202602:24,142.16,1.24,176.2784,54.2,2.42,131.16400000000002,130.6,0.4,8.0,198.7,23647.0,44734.0,23.7,20.5,26.0,30.3,10.298,5.2,930.0,7.1,0.7440730117813641
2026-04-05T14:24:02,04/05/202602:24,142.18,1.1800000000000002,167.77240000000003,54.2,2.2600000000000002,122.49200000000002,121.9,0.4,8.0,198.7,23647.0,44734.0,23.6,20.5,26.0,30.3,10.304,4.6,930.0,7.1,0.7301081703545994
2026-04-05T14:25:53,04/05/202602:25,142.18,1.1400000000000001,162.08520000000001,54.2,2.16,117.07200000000002,116.4,0.4,8.0,198.7,23647.0,44734.0,23.6,20.5,26.0,30.3,10.31,4.0,930.0,7.1,0.7222867973140052
2026-04-05T14:26:01,04/05/202602:26,142.20999999999998,1.1300000000000001,160.69729999999998,54.2,2.12,114.90400000000001,114.2,0.4,8.0,198.7,23647.0,44734.0,23.6,20.5,26.0,30.3,10.31,4.0,930.0,7.1,0.7150337933493595
2026-04-05T14:26:02,04/05/202602:26,142.14000000000001,1.2,170.568,54.2,2.27,123.034,122.3,0.4,8.0,198.7,23647.0,44734.0,23.6,20.5,26.0,30.3,10.31,4.0,930.0,7.1,0.7213193565029783
2026-04-05T14:27:01,04/05/202602:27,142.1,1.27,180.46699999999998,54.2,2.44,132.248,131.5,0.4,8.0,198.7,23647.0,44734.0,23.6,20.5,26.0,30.3,10.31,4.0,930.0,7.1,0.7328098765979376
2026-04-05T14:27:02,04/05/202602:27,142.15,1.28,181.952,54.2,2.45,132.79000000000002,132.1,0.4,8.0,198.7,23647.0,44734.0,23.7,20.5,26.0,30.3,10.31,4.0,930.0,7.1,0.7298078614139994
2026-04-05T14:28:01,04/05/202602:28,142.2,1.28,182.016,54.2,2.46,133.332,132.7,0.4,8.0,198.7,23647.0,44734.0,23.7,20.5,26.0,30.3,10.31,4.0,930.0,7.1,0.7325290084388185
2026-04-05T14:28:02,04/05/202602:28,142.25,1.29,183.5025,54.2,2.5100000000000002,136.04200000000003,135.4,0.4,8.0,198.7,23647.0,44734.0,23.7,20.5,26.0,30.3,10.31,4.0,930.0,7.1,0.7413631966866938
2026-04-05T14:28:10,04/05/202602:28,142.31,1.28,182.1568,54.2,2.5100000000000002,136.04200000000003,135.4,0.4,8.0,198.7,23647.0,44734.0,23.6,20.5,26.0,30.3,10.31,4.0,930.0,7.1,0.7468400850256484
2026-04-05T14:29:00,04/05/202602:29,142.37,1.27,180.8099,54.2,2.5100000000000002,136.04200000000003,135.4,0.4,8.0,198.7,23647.0,44734.0,23.6,20.5,26.0,30.3,10.31,4.0,930.0,7.1,0.7524034911805163
2026-04-05T14:29:10,04/05/202602:29,142.32,1.3199999999999998,187.86239999999998,54.2,2.66,144.17200000000003,143.5,0.4,8.0,198.7,23647.0,44734.0,23.7,20.5,26.0,30.3,10.31,4.0,930.0,7.1,0.7674340368269544
2026-04-05T14:30:00,04/05/202602:30,142.29000000000002,1.35,192.09150000000005,54.2,2.75,149.05,148.4,0.4,8.0,198.7,23647.0,44734.0,23.7,20.5,26.0,30.3,10.31,4.0,930.0,7.1,0.7759323030951394
2026-04-05T14:30:09,04/05/202602:30,142.29000000000002,1.3599999999999999,193.51440000000002,54.2,2.79,151.21800000000002,150.6,0.4,8.0,198.7,23647.0,44734.0,23.7,20.5,26.0,30.3,10.31,4.0,930.0,7.1,0.7814302191464821
2026-04-05T14:31:01,04/05/202602:31,142.39000000000001,1.29,183.68310000000002,54.2,2.6399999999999997,143.088,142.5,0.4,8.0,198.7,23647.0,44734.0,23.7,20.5,26.0,30.3,10.31,4.0,930.0,7.1,0.7789938214239632
2026-04-05T14:31:09,04/05/202602:31,142.5,1.2200000000000002,173.85000000000002,54.2,2.45,132.79000000000002,132.2,0.4,8.0,198.7,23647.0,44734.0,23.7,20.509999999999998,26.0,30.297000000000004,10.335,4.2,929.0,7.089999999999999,0.763819384526891
2026-04-05T14:32:01,04/05/202602:32,142.52,1.2100000000000002,172.44920000000005,54.2,2.42,131.16400000000002,130.5,0.4,8.0,198.7,23647.0,44734.0,23.7,20.52,26.0,30.294,10.360000000000001,4.4,928.0,7.08,0.7605950042099353
2026-04-05T14:32:09,04/05/202602:32,142.5,1.2100000000000002,172.42500000000004,54.2,2.42,131.16400000000002,130.5,0.4,8.0,198.7,23647.0,44734.0,23.7,20.53,26.0,30.291000000000004,10.385000000000002,4.6,927.0,7.07,0.7607017543859649
2026-04-05T14:33:01,04/05/202602:33,142.48,1.2,170.97599999999997,54.2,2.38,128.996,128.4,0.4,8.0,198.7,23647.0,44734.0,23.7,20.54,26.0,30.288,10.41,4.8,926.0,7.06,0.7544684634100695
2026-04-05T14:33:09,04/05/202602:33,142.48,1.15,163.85199999999998,54.2,2.23,120.866,120.3,0.4,8.0,198.7,23647.0,44734.0,23.7,20.55,26.0,30.285000000000004,10.435,5.0,925.0,7.05,0.7376534921758662
2026-04-05T14:33:36,04/05/202602:33,142.41,1.15,163.77149999999997,54.2,2.2199999999999998,120.324,119.7,0.4,8.0,198.7,23647.0,44734.0,23.7,20.560000000000002,26.0,30.282,10.46,5.2,924.0,7.040000000000001,0.7347065881426257
2026-04-05T14:34:01,04/05/202602:34,142.35999999999999,1.15,163.71399999999997,54.2,2.2,119.24000000000001,118.6,0.4,8.0,198.7,23647.0,44734.0,23.7,20.57,26.0,30.279000000000003,10.485000000000001,5.4,923.0,7.029999999999999,0.7283433304421126
2026-04-05T14:34:37,04/05/202602:34,142.35,1.1099999999999999,158.00849999999997,54.2,2.08,112.736,112.1,0.4,9.0,198.7,23647.0,44734.0,23.6,20.580000000000002,26.0,30.276,10.510000000000002,5.6,922.0,7.0200000000000005,0.713480603891563
2026-04-05T14:35:00,04/05/202602:35,142.31,1.09,155.11790000000002,54.2,2.0100000000000002,108.94200000000002,108.3,0.4,9.0,198.7,23647.0,44734.0,23.6,20.59,26.0,30.273000000000003,10.535,5.8,921.0,7.01,0.7023173985723118
2026-04-05T14:35:37,04/05/202602:35,142.27,1.08,153.65160000000003,54.2,1.95,105.69,105.1,0.4,9.0,198.7,23647.0,44734.0,23.7,20.6,26.0,30.27,10.56,6.0,920.0,7.0,0.6878548612575461
2026-04-05T14:37:05,04/05/202602:37,142.13,1.1199999999999999,159.18559999999997,54.19,2.06,111.6314,111.1,0.4,9.0,198.7,23647.0,44734.0,23.7,20.6,26.0,30.27,10.56,6.0,920.0,7.0,0.7012656923741848
2026-04-05T14:37:58,04/05/202602:37,142.01,1.1300000000000001,160.4713,54.19,2.1100000000000003,114.34090000000002,113.9,0.4,9.0,198.7,23647.0,44734.0,23.7,20.6,26.0,30.27,10.56,6.0,920.0,7.0,0.712531773594406
2026-04-05T14:38:01,04/05/202602:38,141.93,1.1300000000000001,160.38090000000003,54.19,2.13,115.42469999999999,115.0,0.4,9.0,198.7,23647.0,44734.0,23.7,20.6,26.0,30.27,10.56,6.0,920.0,7.0,0.7196910604691704
2026-04-05T14:38:57,04/05/202602:38,141.9,1.08,153.252,54.19,2.0300000000000002,110.0057,109.6,0.4,9.0,198.7,23647.0,44734.0,23.7,20.6,26.0,30.27,10.56,6.0,920.0,7.0,0.7178092292433378
2026-04-05T14:39:00,04/05/202602:39,141.85,1.0699999999999998,151.77949999999998,54.19,2.0300000000000002,110.0057,109.6,0.4,9.0,198.7,23647.0,44734.0,23.7,20.6,26.0,30.27,10.56,6.0,920.0,7.0,0.7247731083578481
2026-04-05T14:39:58,04/05/202602:39,141.82,1.05,148.911,54.19,1.98,107.2962,106.9,0.4,9.0,198.7,23647.0,44734.0,23.7,20.6,26.0,30.27,10.56,6.0,920.0,7.0,0.7205391139674033
2026-04-05T14:40:01,04/05/202602:40,141.79000000000002,1.03,146.04370000000003,54.19,1.9300000000000002,104.58670000000001,104.2,0.4,9.0,198.7,23647.0,44734.0,23.7,20.6,26.0,30.27,10.56,6.0,920.0,7.0,0.7161329109026955
2026-04-05T14:41:01,04/05/202602:41,141.72,1.05,148.806,54.19,1.98,107.2962,106.9,0.4,9.0,198.7,23647.0,44734.0,23.7,20.6,26.0,30.27,10.56,6.0,920.0,7.0,0.7210475384057093
2026-04-05T14:41:57,04/05/202602:41,141.64000000000001,1.0699999999999998,151.5548,54.19,2.0300000000000002,110.0057,109.7,0.4,9.0,198.7,23647.0,44734.0,23.7,20.6,26.0,30.27,10.56,6.0,920.0,7.0,0.7258476801790508
2026-04-05T14:42:00,04/05/202602:42,141.56,1.08,152.8848,54.19,2.07,112.17329999999998,111.9,0.4,9.0,198.7,23647.0,44734.0,23.7,20.6,26.0,30.27,10.56,6.0,920.0,7.0,0.7337112649524345
2026-04-05T14:42:58,04/05/202602:42,141.53,1.0699999999999998,151.4371,54.2,2.05,111.11,110.8,0.5,9.0,198.7,23647.0,44734.0,23.7,20.6,26.0,30.27,10.56,6.0,920.0,7.0,0.7337039602580874
2026-04-05T14:43:01,04/05/202602:43,141.48,1.09,154.2132,54.2,2.09,113.27799999999999,112.9,0.5,9.0,198.7,23647.0,44734.0,23.7,20.6,26.0,30.27,10.56,6.0,920.0,7.0,0.7345544998742001
2026-04-05T14:43:58,04/05/202602:43,141.45999999999998,1.05,148.533,54.2,2.0,108.4,108.0,0.5,9.0,198.7,23647.0,44734.0,23.7,20.6,26.0,30.27,10.56,6.0,920.0,7.0,0.7298041512660487
2026-04-05T14:44:01,04/05/202602:44,141.39000000000001,1.06,149.87340000000003,54.2,2.0300000000000002,110.02600000000002,109.6,0.5,9.0,198.7,23647.0,44734.0,23.7,20.6,26.0,30.27,10.56,6.0,920.0,7.0,0.7341262692379035
2026-04-05T14:44:57,04/05/202602:44,141.26,1.1099999999999999,156.79859999999996,54.2,2.1399999999999997,115.98799999999999,115.5,0.5,9.0,198.7,23647.0,44734.0,23.6,20.6,26.0,30.27,10.56,6.0,920.0,7.0,0.7397259924514633
2026-04-05T14:45:00,04/05/202602:45,141.18,1.1199999999999999,158.1216,54.2,2.16,117.07200000000002,116.6,0.5,9.0,198.7,23647.0,44734.0,23.6,20.6,26.0,30.27,10.56,6.0,920.0,7.0,0.7403922044806024
2026-04-05T14:45:58,04/05/202602:45,141.14000000000001,1.08,152.43120000000002,54.2,2.05,111.11,110.7,0.5,9.0,198.7,23647.0,44734.0,23.7,20.6,26.0,30.27,10.690999999999999,5.8,918.0,6.99,0.7289190139551482
2026-04-05T14:46:01,04/05/202602:46,141.1,1.04,146.744,54.2,1.94,105.148,104.8,0.5,9.0,198.7,23647.0,44734.0,23.7,20.6,26.0,30.27,10.822,5.6,916.0,6.9799999999999995,0.7165403696232895
2026-04-05T14:48:16,04/05/202602:48,140.97,1.05,148.01850000000002,54.2,1.98,107.316,106.9,0.5,9.0,198.7,23647.0,44734.0,23.7,20.6,26.0,30.27,10.953,5.4,914.0,6.970000000000001,0.7250174809229927
2026-04-05T14:48:58,04/05/202602:48,140.82999999999998,1.06,149.2798,54.2,2.02,109.48400000000001,109.0,0.5,9.0,198.7,23647.0,44734.0,23.7,20.6,26.0,30.27,11.084,5.2,912.0,6.959999999999999,0.7334147017881858
2026-04-05T14:49:01,04/05/202602:49,140.73,1.04,146.3592,54.2,1.9899999999999998,107.85799999999999,107.4,0.5,9.0,198.7,23647.0,44734.0,23.7,20.6,26.0,30.27,11.215,5.0,910.0,6.95,0.7369403494963077
2026-04-05T14:49:58,04/05/202602:49,140.60999999999999,1.03,144.82829999999998,54.2,1.97,106.774,106.3,0.5,9.0,198.7,23647.0,44734.0,23.7,20.6,26.0,30.27,11.346,4.8,908.0,6.94,0.7372454140523642
2026-04-05T14:50:01,04/05/202602:50,140.45999999999998,1.08,151.6968,54.2,2.08,112.736,112.2,0.5,9.0,198.7,23647.0,44734.0,23.7,20.6,26.0,30.27,11.477,4.6,906.0,6.93,0.743166632387763
2026-04-05T14:50:58,04/05/202602:50,140.38,1.08,151.6104,54.2,2.06,111.65200000000002,111.1,0.5,9.0,198.7,23647.0,44734.0,23.7,20.6,26.0,30.27,11.608,4.4,904.0,6.92,0.7364402442048832
2026-04-05T14:51:01,04/05/202602:51,140.35999999999999,1.04,145.9744,54.2,1.9600000000000002,106.23200000000001,105.7,0.5,9.0,198.7,23647.0,44734.0,23.7,20.6,26.0,30.27,11.738999999999999,4.2,902.0,6.910000000000001,0.7277440427910649
2026-04-05T14:51:58,04/05/202602:51,140.3,1.03,144.50900000000001,54.2,1.9300000000000002,104.60600000000001,104.1,0.5,9.0,198.7,23647.0,44734.0,23.7,20.6,26.0,30.27,11.87,4.0,900.0,6.9,0.7238718695721373
2026-04-05T14:52:01,04/05/202602:52,140.2,1.0699999999999998,150.01399999999995,54.2,2.0300000000000002,110.02600000000002,109.5,0.5,9.0,198.7,23647.0,44734.0,23.7,20.6,26.0,30.27,11.87,4.0,900.0,6.9,0.7334382124335066
2026-04-05T14:52:59,04/05/202602:52,140.16,1.09,152.7744,54.2,2.07,112.194,111.6,0.5,9.0,198.7,23647.0,44734.0,23.7,20.6,26.0,30.27,11.87,4.0,900.0,6.9,0.7343769636797788
2026-04-05T14:53:01,04/05/202602:53,140.22,1.06,148.63320000000002,54.2,1.9600000000000002,106.23200000000001,105.6,0.5,9.0,198.7,23647.0,44734.0,23.7,20.6,26.0,30.27,11.87,4.0,900.0,6.9,0.7147259158788212
2026-04-05T14:53:58,04/05/202602:53,140.32,1.03,144.5296,54.2,1.8699999999999999,101.354,100.7,0.5,9.0,198.7,23647.0,44734.0,23.7,20.6,26.0,30.27,11.87,4.0,900.0,6.9,0.7012681139365224
2026-04-05T14:54:01,04/05/202602:54,140.42000000000002,1.0,140.42000000000002,54.2,1.78,96.47600000000001,95.8,0.5,9.0,198.7,23647.0,44734.0,23.7,20.6,26.0,30.27,11.87,4.0,900.0,6.9,0.6870531263352799
2026-04-05T14:54:58,04/05/202602:54,140.51,0.95,133.4845,54.2,1.6600000000000001,89.97200000000001,89.3,0.5,9.0,198.7,23647.0,44734.0,23.7,20.6,26.0,30.27,11.87,4.0,900.0,6.9,0.674025823222921
2026-04-05T14:55:01,04/05/202602:55,140.6,0.9,126.53999999999999,54.2,1.54,83.468,82.8,0.5,9.0,198.7,23647.0,44734.0,23.7,20.6,26.0,30.27,11.87,4.0,900.0,6.9,0.6596175122490913
2026-04-05T14:55:38,04/05/202602:55,140.57999999999998,0.9400000000000001,132.1452,54.2,1.61,87.26200000000001,86.6,0.5,9.0,198.7,23647.0,44734.0,23.7,20.6,26.0,30.27,11.87,4.0,900.0,6.9,0.6603493732651661
2026-04-05T14:56:01,04/05/202602:56,140.56,0.9800000000000001,137.74880000000002,54.2,1.6800000000000002,91.05600000000001,90.4,0.5,9.0,198.7,23647.0,44734.0,23.7,20.6,26.0,30.27,11.87,4.0,900.0,6.9,0.6610293519798358
2026-04-05T14:56:34,04/05/202602:56,140.57999999999998,0.99,139.17419999999998,54.2,1.7100000000000002,92.68200000000002,92.0,0.5,9.0,198.7,23647.0,44734.0,23.7,20.6,26.0,30.27,11.87,4.0,900.0,6.9,0.6659423944955317
2026-04-05T14:57:01,04/05/202602:57,140.6,1.0,140.6,54.2,1.7399999999999998,94.30799999999999,93.6,0.5,9.0,198.7,23647.0,44734.0,23.7,20.6,26.0,30.27,11.87,4.0,900.0,6.9,0.6707539118065433
2026-04-05T14:57:34,04/05/202602:57,140.6,1.0,140.6,54.2,1.77,95.93400000000001,95.3,0.5,9.0,198.7,23647.0,44734.0,23.7,20.6,26.0,30.27,11.87,4.0,900.0,6.9,0.6823186344238977
2026-04-05T14:58:01,04/05/202602:58,140.6,1.0,140.6,54.2,1.8,97.56,97.0,0.5,9.0,198.7,23647.0,44734.0,23.7,20.6,26.0,30.27,11.87,4.0,900.0,6.9,0.6938833570412518
2026-04-05T14:59:27,04/05/202602:59,140.57,0.99,139.1643,54.2,1.7899999999999998,97.018,96.5,0.5,9.0,198.7,23647.0,44734.0,23.7,20.6,26.0,30.27,11.87,4.0,900.0,6.9,0.6971471850179968
2026-04-05T14:59:33,04/05/202602:59,140.53,1.01,141.9353,54.2,1.83,99.186,98.7,0.5,9.0,198.7,23647.0,44734.0,23.7,20.6,26.0,30.27,11.87,4.0,900.0,6.9,0.698811359823807
2026-04-05T15:00:01,04/05/202603:00,140.52,1.04,146.1408,54.2,1.89,102.438,102.0,0.5,9.0,198.7,23647.0,44734.0,23.7,20.6,26.0,30.27,11.87,4.0,900.0,6.9,0.7009541483281876
2026-04-05T15:00:34,04/05/202603:00,140.39000000000001,1.15,161.4485,54.2,2.15,116.53,116.1,0.5,9.0,198.7,23647.0,44734.0,23.7,20.6,26.0,30.27,11.895,4.0,898.0,6.890000000000001,0.7217781521661707
2026-04-05T15:01:01,04/05/202603:01,140.3,1.22,171.166,54.2,2.35,127.37,126.9,0.5,9.0,198.7,23647.0,44734.0,23.7,20.6,26.0,30.27,11.919999999999998,4.0,896.0,6.88,0.7441314279705082
2026-04-05T15:02:07,04/05/202603:02,140.37,1.17,164.2329,54.2,2.27,123.034,122.6,0.5,9.0,198.7,23647.0,44734.0,23.7,20.6,26.0,30.27,11.944999999999999,4.0,894.0,6.87,0.7491434420265367
2026-04-05T15:03:01,04/05/202603:03,140.44,1.1199999999999999,157.29279999999997,54.2,2.16,117.07200000000002,116.7,0.5,9.0,198.7,23647.0,44734.0,23.7,20.6,26.0,30.27,11.969999999999999,4.0,892.0,6.859999999999999,0.744293445090939
2026-04-05T15:03:08,04/05/202603:03,140.45,1.1,154.495,54.2,2.13,115.446,115.1,0.5,10.0,198.7,23647.0,44734.0,23.7,20.6,26.0,30.27,11.995,4.0,890.0,6.85,0.7472474837373377
2026-04-05T15:04:01,04/05/202603:04,140.42000000000002,1.1099999999999999,155.8662,54.2,2.16,117.07200000000002,116.7,0.5,10.0,198.7,23647.0,44734.0,23.7,20.6,26.0,30.27,12.02,4.0,888.0,6.840000000000001,0.7511057560908011
2026-04-05T15:04:08,04/05/202603:04,140.43,1.09,153.0687,54.2,2.1,113.82000000000001,113.4,0.5,10.0,198.7,23647.0,44734.0,23.7,20.6,26.0,30.27,12.044999999999998,4.0,886.0,6.83,0.7435876831775536
2026-04-05T15:05:01,04/05/202603:05,140.44,1.08,151.67520000000002,54.2,2.06,111.65200000000002,111.2,0.5,10.0,198.7,23647.0,44734.0,23.7,20.6,26.0,30.27,12.069999999999999,4.0,884.0,6.82,0.7361256157895292
2026-04-05T15:05:08,04/05/202603:05,140.39000000000001,1.08,151.62120000000002,54.2,2.06,111.65200000000002,111.2,0.5,10.0,198.7,23647.0,44734.0,23.7,20.6,26.0,30.27,12.094999999999999,4.0,882.0,6.81,0.7363877874598012
2026-04-05T15:06:01,04/05/202603:06,140.34,1.08,151.5672,54.2,2.06,111.65200000000002,111.2,0.5,10.0,198.7,23647.0,44734.0,23.7,20.6,26.0,30.27,12.12,4.0,880.0,6.8,0.7366501459418661
2026-04-05T15:06:08,04/05/202603:06,140.44,0.9800000000000001,137.6312,54.2,1.81,98.102,97.7,0.5,10.0,198.7,23647.0,44734.0,23.7,20.6,26.0,30.27,12.12,4.0,880.0,6.8,0.712788960642645
2026-04-05T15:07:01,04/05/202603:07,140.54000000000002,0.8800000000000001,123.67520000000003,54.2,1.56,84.552,84.2,0.5,10.0,198.7,23647.0,44734.0,23.7,20.6,26.0,30.27,12.12,4.0,880.0,6.8,0.683661720377246
2026-04-05T15:07:08,04/05/202603:07,140.47,0.9,126.423,54.2,1.6,86.72000000000001,86.3,0.5,10.0,198.7,23647.0,44734.0,23.7,20.6,26.0,30.27,12.12,4.0,880.0,6.8,0.6859511323097855
2026-04-05T15:08:01,04/05/202603:08,140.4,0.9199999999999999,129.168,54.2,1.64,88.888,88.4,0.5,10.0,198.7,23647.0,44734.0,23.7,20.6,26.0,30.27,12.12,4.0,880.0,6.8,0.6881580577232751
2026-04-05T15:08:07,04/05/202603:08,140.39000000000001,0.9,126.35100000000001,54.2,1.6,86.72000000000001,86.2,0.5,10.0,198.7,23647.0,44734.0,23.7,20.6,26.0,30.27,12.12,4.0,880.0,6.8,0.6863420154965137
2026-04-05T15:09:01,04/05/202603:09,140.38000000000002,0.8800000000000001,123.53440000000003,54.2,1.56,84.552,84.0,0.5,10.0,198.7,23647.0,44734.0,23.7,20.6,26.0,30.27,12.12,4.0,880.0,6.8,0.6844409330518462
2026-04-05T15:09:08,04/05/202603:09,140.33,0.9099999999999999,127.7003,54.2,1.6199999999999999,87.804,87.3,0.5,10.0,198.7,23647.0,44734.0,23.7,20.6,26.0,30.27,12.12,4.0,880.0,6.8,0.6875786509507026
2026-04-05T15:10:41,04/05/202603:10,140.25,0.95,133.23749999999998,54.2,1.7100000000000002,92.68200000000002,92.2,0.5,10.0,198.7,23647.0,44734.0,23.7,20.6,26.0,30.27,12.12,4.0,880.0,6.8,0.6956149732620323
2026-04-05T15:11:01,04/05/202603:11,140.24,0.95,133.228,54.2,1.7100000000000002,92.68200000000002,92.2,0.5,10.0,198.7,23647.0,44734.0,23.7,20.6,26.0,30.27,12.12,4.0,880.0,6.8,0.6956645750142614
2026-04-05T15:11:08,04/05/202603:11,140.29000000000002,0.93,130.46970000000002,54.2,1.6800000000000002,91.05600000000001,90.6,0.5,10.0,198.7,23647.0,44734.0,23.7,20.6,26.0,30.27,12.12,4.0,880.0,6.8,0.6979091697152672
2026-04-05T15:11:10,04/05/202603:11,140.3,0.93,130.479,54.2,1.7100000000000002,92.68200000000002,92.2,0.5,10.0,198.7,23647.0,44734.0,23.7,20.6,26.0,30.27,12.12,4.0,880.0,6.8,0.7103212011128228
2026-04-05T15:12:00,04/05/202603:12,140.31,0.93,130.4883,54.2,1.7399999999999998,94.30799999999999,93.8,0.5,10.0,198.7,23647.0,44734.0,23.7,20.6,26.0,30.27,12.12,4.0,880.0,6.8,0.7227314632806159
2026-04-05T15:12:10,04/05/202603:12,140.36,0.9200000000000002,129.13120000000004,54.2,1.73,93.766,93.3,0.5,10.0,198.7,23647.0,44734.0,23.7,20.6,26.0,30.27,12.12,4.0,880.0,6.8,0.7261297037431695
2026-04-05T15:13:00,04/05/202603:13,140.41000000000003,0.9099999999999999,127.77310000000001,54.2,1.72,93.224,92.8,0.5,10.0,198.7,23647.0,44734.0,23.7,20.6,26.0,30.27,12.12,4.0,880.0,6.8,0.7296058403529381
2026-04-05T15:13:10,04/05/202603:13,140.45,0.9,126.40499999999999,54.2,1.6800000000000002,91.05600000000001,90.7,0.5,10.0,198.7,23647.0,44734.0,23.7,20.6,26.0,30.27,12.12,4.0,880.0,6.8,0.7203512519283258
2026-04-05T15:14:00,04/05/202603:14,140.49,0.89,125.0361,54.2,1.64,88.888,88.6,0.5,10.0,198.7,23647.0,44734.0,23.7,20.6,26.0,30.27,12.12,4.0,880.0,6.8,0.7108986924576183
2026-04-05T15:14:10,04/05/202603:14,140.4,0.93,130.572,54.2,1.75,94.85000000000001,94.5,0.5,10.0,198.7,23647.0,44734.0,23.7,20.6,26.0,30.27,12.12,4.0,880.0,6.8,0.7264191403976351
2026-04-05T15:15:00,04/05/202603:15,140.34,0.96,134.7264,54.2,1.83,99.186,98.8,0.5,10.0,198.7,23647.0,44734.0,23.7,20.6,26.0,30.27,12.12,4.0,880.0,6.8,0.7362031494940858
2026-04-05T15:15:10,04/05/202603:15,140.32,0.97,136.1104,54.2,1.8599999999999999,100.812,100.4,0.5,10.0,198.7,23647.0,44734.0,23.7,20.6,26.0,30.27,12.12,4.0,880.0,6.8,0.7406634614254312
2026-04-05T15:16:00,04/05/202603:16,140.24,1.0,140.24,54.2,1.92,104.06400000000001,103.6,0.5,10.0,198.7,23647.0,44734.0,23.7,20.6,26.0,30.27,12.12,4.0,880.0,6.8,0.7420422133485454
2026-04-05T15:16:10,04/05/202603:16,140.24,0.99,138.8376,54.2,1.8800000000000001,101.89600000000002,101.4,0.5,10.0,198.7,23647.0,44734.0,23.7,20.610000000000003,26.0,30.27,12.100999999999999,4.1,878.0,6.779999999999999,0.7339222227984351
2026-04-05T15:16:34,04/05/202603:16,140.22,0.99,138.8178,54.2,1.8699999999999999,101.354,100.9,0.5,10.0,198.7,23647.0,44734.0,23.7,20.62,26.0,30.27,12.081999999999999,4.2,876.0,6.76,0.7301225059034215
2026-04-05T15:17:00,04/05/202603:17,140.17000000000002,1.0,140.17000000000002,54.2,1.89,102.438,102.0,0.5,10.0,198.7,23647.0,44734.0,23.7,20.630000000000003,26.0,30.27,12.062999999999999,4.3,874.0,6.739999999999999,0.7308125847185559
2026-04-05T15:17:35,04/05/202603:17,140.01,1.06,148.4106,54.2,2.03,110.026,109.6,0.5,10.0,198.7,23647.0,44734.0,23.7,20.64,26.0,30.27,12.044,4.4,872.0,6.720000000000001,0.7413621399010583
2026-04-05T15:18:00,04/05/202603:18,139.85999999999999,1.13,158.04179999999997,54.2,2.2,119.24000000000001,118.8,0.5,10.0,198.7,23647.0,44734.0,23.7,20.65,26.0,30.27,12.025,4.5,870.0,6.7,0.7544839403246485
2026-04-05T15:18:35,04/05/202603:18,139.87,1.13,158.0531,54.2,2.1799999999999997,118.15599999999999,117.7,0.5,10.0,198.7,23647.0,44734.0,23.7,20.66,26.0,30.27,12.006,4.6,868.0,6.68,0.747571543993759
2026-04-05T15:19:00,04/05/202603:19,140.01000000000002,1.06,148.41060000000002,54.2,2.0,108.4,108.0,0.5,10.0,198.7,23647.0,44734.0,23.7,20.669999999999998,26.0,30.27,11.986999999999998,4.7,866.0,6.659999999999999,0.7304060491636042
2026-04-05T15:19:34,04/05/202603:19,140.06,1.02,142.8612,54.2,1.9,102.98,102.6,0.5,10.0,198.7,23647.0,44734.0,23.7,20.68,26.0,30.27,11.968,4.8,864.0,6.639999999999999,0.7208395281574004
2026-04-05T15:20:00,04/05/202603:20,140.07,1.0,140.07,54.2,1.85,100.27000000000001,99.9,0.5,10.0,198.7,23647.0,44734.0,23.7,20.69,26.0,30.27,11.949,4.9,862.0,6.62,0.715856357535518
2026-04-05T15:22:09,04/05/202603:22,140.19,0.96,134.5824,54.21,1.7600000000000002,95.40960000000001,95.0,0.5,10.0,198.7,23647.0,44734.0,23.7,20.7,26.0,30.27,11.93,5.0,860.0,6.6,0.7089307368571225
2026-04-05T15:23:01,04/05/202603:23,140.24,0.96,134.6304,54.220000000000006,1.7600000000000002,95.42720000000003,95.0,0.5,10.0,198.7,23647.0,44734.0,23.7,20.7,26.0,30.27,11.93,5.0,860.0,6.6,0.7088087088800153
2026-04-05T15:23:09,04/05/202603:23,140.3,0.97,136.091,54.220000000000006,1.7600000000000002,95.42720000000003,95.0,0.5,10.0,198.7,23647.0,44734.0,23.7,20.7,26.0,30.27,11.93,5.0,860.0,6.6,0.7012014020030717
2026-04-05T15:24:00,04/05/202603:24,140.35999999999999,0.9800000000000001,137.5528,54.220000000000006,1.7600000000000002,95.42720000000003,95.0,0.5,10.0,198.7,23647.0,44734.0,23.7,20.7,26.0,30.27,11.93,5.0,860.0,6.6,0.6937496001535413
2026-04-05T15:24:09,04/05/202603:24,140.64000000000001,0.9099999999999999,127.9824,54.220000000000006,1.55,84.04100000000001,83.6,0.5,10.0,198.7,23647.0,44734.0,23.7,20.7,26.0,30.27,11.93,5.0,860.0,6.6,0.6566606033329584
2026-04-05T15:25:00,04/05/202603:25,140.92000000000002,0.8400000000000001,118.37280000000003,54.220000000000006,1.34,72.65480000000001,72.2,0.5,10.0,198.7,23647.0,44734.0,23.7,20.7,26.0,30.27,11.93,5.0,860.0,6.6,0.6137795169160483
2026-04-05T15:25:10,04/05/202603:25,140.95999999999998,0.8800000000000001,124.0448,54.23,1.45,78.6335,78.1,0.5,10.0,198.7,23647.0,44734.0,23.7,20.7,26.0,30.27,11.93,5.0,860.0,6.6,0.6339121027241771
2026-04-05T15:26:01,04/05/202603:26,141.0,0.9199999999999999,129.72,54.239999999999995,1.56,84.61439999999999,84.0,0.5,10.0,198.7,23647.0,44734.0,23.7,20.7,26.0,30.27,11.93,5.0,860.0,6.6,0.6522849213691027
2026-04-05T15:26:09,04/05/202603:26,141.17000000000002,0.93,131.28810000000001,54.239999999999995,1.59,86.24159999999999,85.6,0.5,10.0,198.7,23647.0,44734.0,23.7,20.7,26.0,30.27,11.93,5.0,860.0,6.6,0.6568881718906738
2026-04-05T15:27:00,04/05/202603:27,141.34,0.9400000000000001,132.8596,54.239999999999995,1.6199999999999999,87.86879999999998,87.2,0.5,10.0,198.7,23647.0,44734.0,23.7,20.7,26.0,30.27,11.93,5.0,860.0,6.6,0.6613658328039523
2026-04-05T15:27:09,04/05/202603:27,141.45,0.95,134.37749999999997,54.23,1.65,89.47949999999999,88.9,0.5,10.0,198.7,23647.0,44734.0,23.7,20.7,26.0,30.27,11.93,5.0,860.0,6.6,0.6658815649941398
2026-04-05T15:28:00,04/05/202603:28,141.56,0.96,135.8976,54.220000000000006,1.6800000000000002,91.08960000000002,90.6,0.5,10.0,198.7,23647.0,44734.0,23.7,20.7,26.0,30.27,11.93,5.0,860.0,6.6,0.6702811528680419
2026-04-05T15:28:09,04/05/202603:28,141.63,0.9700000000000001,137.3811,54.220000000000006,1.7100000000000002,92.71620000000001,92.2,0.5,10.0,198.7,23647.0,44734.0,23.7,20.7,26.0,30.27,11.93,5.0,860.0,6.6,0.6748832262953202
2026-04-05T15:29:01,04/05/202603:29,141.7,0.9800000000000001,138.866,54.220000000000006,1.7399999999999998,94.3428,93.8,0.5,10.0,198.7,23647.0,44734.0,23.7,20.7,26.0,30.27,11.93,5.0,860.0,6.6,0.6793801218440798
2026-04-05T15:29:09,04/05/202603:29,141.68,1.02,144.5136,54.220000000000006,1.85,100.30700000000002,99.7,0.5,10.0,198.7,23647.0,44734.0,23.7,20.669999999999998,26.0,30.27,11.93,5.0,860.0,6.6,0.6941007628347783
2026-04-05T15:30:01,04/05/202603:30,141.66,1.06,150.1596,54.220000000000006,1.9600000000000002,106.27120000000002,105.6,0.5,10.0,198.7,23647.0,44734.0,23.7,20.639999999999997,26.0,30.27,11.93,5.0,860.0,6.6,0.7077216508301835
2026-04-05T15:30:10,04/05/202603:30,141.70999999999998,1.05,148.79549999999998,54.21,1.95,105.7095,105.1,0.5,10.0,198.7,23647.0,44734.0,23.7,20.61,26.0,30.27,11.93,5.0,860.0,6.6,0.7104347913747393
2026-04-05T15:31:00,04/05/202603:31,141.76,1.04,147.4304,54.2,1.94,105.148,104.6,0.5,10.0,198.7,23647.0,44734.0,23.7,20.58,26.0,30.27,11.93,5.0,860.0,6.6,0.7132043323493662
2026-04-05T15:31:09,04/05/202603:31,141.81,1.0100000000000002,143.22810000000004,54.2,1.8699999999999999,101.354,100.8,0.5,10.0,198.7,23647.0,44734.0,23.7,20.57,26.1,30.27,11.767999999999999,40.4,857.0,6.57,0.7076404699915727
2026-04-05T15:33:03,04/05/202603:33,141.75,1.02,144.585,54.2,1.9,102.98,102.5,0.5,10.0,198.7,23647.0,44734.0,23.7,20.56,26.2,30.27,11.606,75.8,854.0,6.539999999999999,0.7122453919839541
2026-04-05T15:33:09,04/05/202603:33,141.7,1.01,143.117,54.2,1.85,100.27000000000001,99.8,0.5,10.0,198.7,23647.0,44734.0,23.8,20.55,26.3,30.27,11.443999999999999,111.2,851.0,6.51,0.7006155802595081
2026-04-05T15:34:00,04/05/202603:34,141.65,1.0,141.65,54.2,1.8,97.56,97.1,0.5,10.0,198.7,23647.0,44734.0,23.8,20.54,26.4,30.27,11.282,146.6,848.0,6.4799999999999995,0.6887398517472644
2026-04-05T15:34:09,04/05/202603:34,141.44,1.04,147.0976,54.2,1.9,102.98,102.5,0.5,10.0,198.7,23647.0,44734.0,23.7,20.53,26.4,30.27,11.120000000000001,182.0,845.0,6.45,0.7000794030630004
2026-04-05T15:35:00,04/05/202603:35,141.23,1.08,152.5284,54.2,2.0,108.4,107.9,0.5,10.0,198.7,23647.0,44734.0,23.7,20.52,26.4,30.27,10.958,217.4,842.0,6.42,0.7106873211808424
2026-04-05T15:35:09,04/05/202603:35,140.98,1.1199999999999999,157.89759999999998,54.2,2.12,114.90400000000001,114.5,0.5,11.0,198.7,23647.0,44734.0,23.7,20.54,26.4,30.27,10.796000000000001,252.8,839.0,6.39,0.7277121374865737
2026-04-05T15:36:00,04/05/202603:36,140.73,1.16,163.24679999999998,54.2,2.2399999999999998,121.40799999999999,121.1,0.5,11.0,198.7,23647.0,44734.0,23.7,20.560000000000002,26.4,30.27,10.634,288.2,836.0,6.359999999999999,0.7437082993357297
2026-04-05T15:36:10,04/05/202603:36,140.57999999999998,1.17,164.47859999999997,54.2,2.25,121.95,121.6,0.5,11.0,198.7,23647.0,44734.0,23.7,20.580000000000002,26.4,30.27,10.472,323.6,833.0,6.33,0.7414338400253895
2026-04-05T15:37:00,04/05/202603:37,140.43,1.1800000000000002,165.70740000000004,54.2,2.2600000000000002,122.49200000000002,122.1,0.5,11.0,198.7,23647.0,44734.0,23.7,20.6,26.4,30.27,10.31,359.0,830.0,6.3,0.7392065773767496
2026-04-05T15:37:09,04/05/202603:37,140.15,1.23,172.3845,54.2,2.37,128.454,128.1,0.5,11.0,198.7,23647.0,44734.0,23.7,20.6,26.3,30.27,10.31,359.0,830.0,6.3,0.7451598026504703
2026-04-05T15:38:00,04/05/202603:38,139.98,1.24,173.5752,54.2,2.38,128.996,128.6,0.5,11.0,198.7,23647.0,44734.0,23.7,20.6,26.2,30.27,10.31,359.0,830.0,6.3,0.7431706833695136
2026-04-05T15:38:09,04/05/202603:38,139.69,1.3,181.597,54.2,2.54,137.668,137.2,0.6,11.0,198.7,23647.0,44734.0,23.7,20.6,26.1,30.27,10.31,359.0,830.0,6.3,0.7580962240565648
2026-04-05T15:39:01,04/05/202603:39,139.4,1.3599999999999999,189.584,54.2,2.7,146.34,145.8,0.6,11.0,198.7,23647.0,44734.0,23.7,20.6,26.0,30.27,10.31,359.0,830.0,6.3,0.7719005823276226
2026-04-05T15:39:09,04/05/202603:39,139.37,1.33,185.36210000000003,54.21,2.63,142.57229999999998,142.0,0.6,11.0,198.7,23647.0,44734.0,23.7,20.6,26.0,30.27,10.31,359.0,830.0,6.3,0.7691556148748853
2026-04-05T15:40:00,04/05/202603:40,139.34,1.3,181.14200000000002,54.220000000000006,2.56,138.80320000000003,138.2,0.6,11.0,198.7,23647.0,44734.0,23.7,20.6,26.0,30.27,10.31,359.0,830.0,6.3,0.7662673482682095
2026-04-05T15:40:09,04/05/202603:40,139.38,1.26,175.6188,54.23,2.4699999999999998,133.94809999999998,133.3,0.6,11.0,198.7,23647.0,44734.0,23.7,20.6,26.0,30.27,10.31,359.0,830.0,6.3,0.7627207337710996
2026-04-05T15:41:00,04/05/202603:41,139.42,1.22,170.09239999999997,54.239999999999995,2.38,129.0912,128.4,0.6,11.0,198.7,23647.0,44734.0,23.7,20.6,26.0,30.27,10.31,359.0,830.0,6.3,0.7589474897173537
2026-04-05T15:41:09,04/05/202603:41,139.45999999999998,1.19,165.95739999999998,54.239999999999995,2.32,125.83679999999998,125.2,0.6,11.0,198.7,23647.0,44734.0,23.7,20.6,26.0,30.27,10.31,359.0,830.0,6.3,0.7582475984800918
2026-04-05T15:42:01,04/05/202603:42,139.5,1.16,161.82,54.239999999999995,2.2600000000000002,122.5824,122.0,0.6,11.0,198.7,23647.0,44734.0,23.7,20.6,26.0,30.27,10.31,359.0,830.0,6.3,0.7575231738969226
2026-04-05T15:42:09,04/05/202603:42,139.67,1.1099999999999999,155.03369999999998,54.239999999999995,2.13,115.53119999999998,115.0,0.6,11.0,198.7,23647.0,44734.0,23.7,20.6,26.0,30.27,10.31,359.0,830.0,6.3,0.7452005596202632
2026-04-05T15:44:16,04/05/202603:44,139.88,1.02,142.67759999999998,54.239999999999995,1.9,103.05599999999998,102.5,0.6,11.0,198.7,23647.0,44734.0,23.7,20.6,26.0,30.27,10.31,359.0,830.0,6.3,0.7222997863715117
2026-04-05T15:45:00,04/05/202603:45,140.15,0.9199999999999999,128.938,54.239999999999995,1.64,88.95359999999998,88.4,0.6,11.0,198.7,23647.0,44734.0,23.7,20.6,26.0,30.27,10.31,359.0,830.0,6.3,0.6898943678357039
2026-04-05T15:45:09,04/05/202603:45,140.3,0.8700000000000001,122.06100000000002,54.239999999999995,1.54,83.52959999999999,83.0,0.6,11.0,198.7,23647.0,44734.0,23.7,20.6,26.0,30.27,10.31,359.0,830.0,6.3,0.6843266891144589
2026-04-05T15:46:01,04/05/202603:46,140.4,0.8400000000000001,117.93600000000002,54.23,1.49,80.8027,80.3,0.6,11.0,198.7,23647.0,44734.0,23.7,20.6,26.0,30.27,10.31,359.0,830.0,6.3,0.6851402455569121
2026-04-05T15:46:09,04/05/202603:46,140.4,0.8400000000000001,117.93600000000002,54.220000000000006,1.51,81.8722,81.4,0.6,11.0,198.7,23647.0,44734.0,23.7,20.6,26.1,30.27,10.261,359.1,826.0,6.27,0.69420872337539
2026-04-05T15:47:00,04/05/202603:47,140.35,0.85,119.29749999999999,54.21,1.54,83.4834,83.0,0.6,11.0,198.7,23647.0,44734.0,23.7,20.6,26.2,30.27,10.212,359.2,822.0,6.24,0.6997916972275195
2026-04-05T15:47:10,04/05/202603:47,140.38,0.8300000000000001,116.5154,54.2,1.47,79.674,79.2,0.6,11.0,198.7,23647.0,44734.0,23.7,20.6,26.3,30.27,10.163,359.3,818.0,6.21,0.6838066041055517
2026-04-05T15:48:00,04/05/202603:48,140.32,0.8400000000000001,117.86880000000001,54.2,1.47,79.674,79.2,0.6,11.0,198.7,23647.0,44734.0,23.7,20.6,26.4,30.27,10.114,359.4,814.0,6.18,0.6759549600912201
2026-04-05T15:48:09,04/05/202603:48,140.15,0.9,126.135,54.2,1.58,85.63600000000001,85.1,0.6,11.0,198.7,23647.0,44734.0,23.7,20.6,26.5,30.27,10.065000000000001,359.5,810.0,6.15,0.6789233757482064
2026-04-05T15:49:00,04/05/202603:49,139.94,0.96,134.3424,54.2,1.72,93.224,92.6,0.6,11.0,198.7,23647.0,44734.0,23.7,20.6,26.6,30.27,10.016,359.6,806.0,6.12,0.6939283502453433
2026-04-05T15:49:09,04/05/202603:49,139.77,1.05,146.75850000000003,54.2,1.94,105.148,104.6,0.6,11.0,198.7,23647.0,44734.0,23.8,20.6,26.7,30.27,9.967,359.7,802.0,6.09,0.7164695741643583
2026-04-05T15:50:00,04/05/202603:50,139.6,1.1400000000000001,159.144,54.2,2.16,117.07200000000002,116.6,0.6,11.0,198.7,23647.0,44734.0,23.8,20.6,26.8,30.27,9.918000000000001,359.8,798.0,6.0600000000000005,0.7356356507314131
2026-04-05T15:50:09,04/05/202603:50,139.57,1.1800000000000002,164.69260000000003,54.2,2.25,121.95,121.5,0.6,11.0,198.7,23647.0,44734.0,23.7,20.6,26.9,30.27,9.869,359.9,794.0,6.029999999999999,0.7404704279366527
2026-04-05T15:51:00,04/05/202603:51,139.54000000000002,1.22,170.23880000000003,54.2,2.34,126.828,126.4,0.6,11.0,198.7,23647.0,44734.0,23.7,20.6,27.0,30.27,9.82,360.0,790.0,6.0,0.7450005521655462
2026-04-05T15:51:09,04/05/202603:51,139.76,1.17,163.51919999999998,54.2,2.2199999999999998,120.324,119.9,0.6,11.0,198.7,23647.0,44734.0,23.7,20.6,27.0,30.27,9.82,360.0,790.0,6.0,0.735840194912891
2026-04-05T15:52:00,04/05/202603:52,139.98,1.1199999999999999,156.77759999999998,54.2,2.1,113.82000000000001,113.4,0.6,11.0,198.7,23647.0,44734.0,23.7,20.6,27.0,30.27,9.82,360.0,790.0,6.0,0.7259965709387057
2026-04-05T15:52:09,04/05/202603:52,140.05,1.1400000000000001,159.65700000000004,54.19,2.16,117.0504,116.6,0.6,11.0,198.7,23647.0,44734.0,23.7,20.6,27.0,30.27,9.82,360.0,790.0,6.0,0.733136661718559
2026-04-05T15:53:00,04/05/202603:53,140.12,1.16,162.5392,54.18000000000001,2.2199999999999998,120.2796,119.8,0.6,11.0,198.7,23647.0,44734.0,23.7,20.6,27.0,30.27,9.82,360.0,790.0,6.0,0.7400036421983128
2026-04-05T15:53:09,04/05/202603:53,140.43,1.09,153.0687,54.18000000000001,2.05,111.069,110.6,0.6,11.0,198.7,23647.0,44734.0,23.7,20.6,27.0,30.27,9.82,360.0,790.0,6.0,0.7256153609457714
2026-04-05T15:54:00,04/05/202603:54,140.74,1.02,143.5548,54.18000000000001,1.8800000000000001,101.85840000000002,101.4,0.6,11.0,198.7,23647.0,44734.0,23.7,20.6,27.0,30.27,9.82,360.0,790.0,6.0,0.7095436725208771
2026-04-05T15:55:28,04/05/202603:55,140.75,1.06,149.19500000000002,54.18000000000001,2.0100000000000002,108.90180000000002,108.4,0.6,11.0,198.7,23647.0,44734.0,23.7,20.6,27.0,30.27,9.82,360.0,790.0,6.0,0.7299292871745032
2026-04-05T15:56:00,04/05/202603:56,140.76,1.1,154.836,54.18000000000001,2.14,115.94520000000003,115.4,0.6,11.0,198.7,23647.0,44734.0,23.7,20.6,27.0,30.27,9.82,360.0,790.0,6.0,0.7488258544524531
2026-04-05T15:56:09,04/05/202603:56,140.89000000000001,1.0699999999999998,150.7523,54.18000000000001,2.08,112.69440000000002,112.1,0.6,11.0,198.7,23647.0,44734.0,23.7,20.6,27.0,30.27,9.82,360.0,790.0,6.0,0.7475468035976899
2026-04-05T15:57:01,04/05/202603:57,141.02,1.04,146.66080000000002,54.18000000000001,2.02,109.44360000000002,108.8,0.6,11.0,198.7,23647.0,44734.0,23.7,20.6,27.0,30.27,9.82,360.0,790.0,6.0,0.7462362130848871
2026-04-05T15:57:10,04/05/202603:57,140.91,1.1099999999999999,156.41009999999997,54.18000000000001,2.18,118.11240000000002,117.5,0.6,11.0,198.7,23647.0,44734.0,23.7,20.6,27.0,30.27,9.82,360.0,790.0,6.0,0.7551456076046242
2026-04-05T15:58:00,04/05/202603:58,140.8,1.1800000000000002,166.14400000000003,54.18000000000001,2.3400000000000003,126.78120000000003,126.2,0.6,11.0,198.7,23647.0,44734.0,23.7,20.6,27.0,30.27,9.82,360.0,790.0,6.0,0.7630802195685671
2026-04-05T15:58:10,04/05/202603:58,140.76,1.22,171.72719999999998,54.19,2.42,131.13979999999998,130.6,0.6,11.0,198.7,23647.0,44734.0,23.7,20.6,27.0,30.27,9.82,360.0,790.0,6.0,0.7636518850828523
2026-04-05T15:59:00,04/05/202603:59,140.72,1.26,177.3072,54.2,2.5,135.5,135.0,0.6,11.0,198.7,23647.0,44734.0,23.7,20.6,27.0,30.27,9.82,360.0,790.0,6.0,0.7642103648357201
2026-04-05T15:59:09,04/05/202603:59,140.65,1.2799999999999998,180.03199999999998,54.2,2.59,140.378,139.9,0.6,11.0,198.7,23647.0,44734.0,23.7,20.6,27.0,30.27,9.82,360.0,790.0,6.0,0.7797391574831141
2026-04-05T16:00:01,04/05/202604:00,140.58,1.3,182.75400000000002,54.2,2.68,145.25600000000003,144.8,0.6,11.0,198.7,23647.0,44734.0,23.7,20.6,27.0,30.27,9.82,360.0,790.0,6.0,0.7948170765072174
2026-04-05T16:00:10,04/05/202604:00,140.68,1.24,174.44320000000002,54.2,2.5300000000000002,137.12600000000003,136.7,0.6,11.0,198.7,23647.0,44734.0,23.7,20.6,27.0,30.27,9.82,360.0,790.0,6.0,0.7860782191567227
2026-04-05T16:01:01,04/05/202604:01,140.78000000000003,1.1800000000000002,166.12040000000005,54.2,2.38,128.996,128.6,0.6,11.0,198.7,23647.0,44734.0,23.7,20.6,27.0,30.27,9.82,360.0,790.0,6.0,0.7765211256414021
2026-04-05T16:01:10,04/05/202604:01,140.57,1.24,174.30679999999998,54.2,2.5100000000000002,136.04200000000003,135.7,0.6,11.0,198.7,23647.0,44734.0,23.7,20.6,27.0,30.27,9.801,324.1,787.0,5.9799999999999995,0.7804744278479098
2026-04-05T16:02:00,04/05/202604:02,140.36,1.3,182.46800000000002,54.2,2.6399999999999997,143.088,142.8,0.6,11.0,198.7,23647.0,44734.0,23.7,20.6,27.0,30.27,9.782,288.2,784.0,5.96,0.7841813359054737
2026-04-05T16:02:09,04/05/202604:02,140.46,1.23,172.7658,54.2,2.45,132.79000000000002,132.5,0.6,12.0,198.7,23647.0,44734.0,23.7,20.6,27.0,30.27,9.763000000000002,252.3,781.0,5.9399999999999995,0.7686127694254303
2026-04-05T16:03:00,04/05/202604:03,140.56,1.16,163.0496,54.2,2.2600000000000002,122.49200000000002,122.2,0.6,12.0,198.7,23647.0,44734.0,23.7,20.6,27.0,30.27,9.744,216.4,778.0,5.92,0.7512560595058192
2026-04-05T16:03:09,04/05/202604:03,140.64000000000001,1.09,153.29760000000002,54.2,2.1,113.82000000000001,113.5,0.6,12.0,198.7,23647.0,44734.0,23.8,20.6,27.0,30.27,9.725,180.5,775.0,5.9,0.7424773773366314
2026-04-05T16:04:01,04/05/202604:04,140.72,1.02,143.5344,54.2,1.94,105.148,104.8,0.6,12.0,198.7,23647.0,44734.0,23.8,20.6,27.0,30.27,9.706,144.6,772.0,5.88,0.7325630650213467
2026-04-05T16:04:10,04/05/202604:04,140.56,1.05,147.58800000000002,54.2,2.0,108.4,108.1,0.6,12.0,198.7,23647.0,44734.0,23.7,20.6,27.0,30.27,9.687000000000001,108.7,769.0,5.86,0.734477057755373
2026-04-05T16:04:13,04/05/202604:04,140.39000000000001,1.08,151.62120000000002,54.2,2.07,112.194,111.9,0.6,12.0,198.7,23647.0,44734.0,23.7,20.6,27.0,30.27,9.668000000000001,72.8,766.0,5.84,0.7399624854571788
2026-04-05T16:05:00,04/05/202604:05,140.27,1.09,152.89430000000002,54.2,2.1,113.82000000000001,113.5,0.6,12.0,198.7,23647.0,44734.0,23.7,20.6,27.0,30.27,9.649000000000001,36.9,763.0,5.819999999999999,0.7444358618993644
2026-04-05T16:05:13,04/05/202604:05,140.17000000000002,1.1099999999999999,155.5887,54.2,2.15,116.53,116.2,0.6,12.0,198.7,23647.0,44734.0,23.7,20.6,27.0,30.27,9.63,1.0,760.0,5.8,0.7489618462009131
2026-04-05T16:06:41,04/05/202604:06,140.2,1.1,154.22,54.2,2.1100000000000003,114.36200000000002,114.0,0.6,12.0,198.7,23647.0,44734.0,23.7,20.6,27.0,30.27,9.63,1.0,760.0,5.8,0.7415510309946831
2026-04-05T16:07:00,04/05/202604:07,140.23,1.09,152.8507,54.2,2.07,112.194,111.8,0.6,12.0,198.7,23647.0,44734.0,23.7,20.6,27.0,30.27,9.63,1.0,760.0,5.8,0.7340103774467504
2026-04-05T16:07:12,04/05/202604:07,140.13,1.1300000000000001,158.3469,54.21,2.17,117.6357,117.2,0.6,12.0,198.7,23647.0,44734.0,23.7,20.6,27.0,30.27,9.63,1.0,760.0,5.8,0.7428986611041959
2026-04-05T16:08:01,04/05/202604:08,140.03,1.17,163.83509999999998,54.220000000000006,2.27,123.07940000000002,122.6,0.6,12.0,198.7,23647.0,44734.0,23.7,20.6,27.0,30.27,9.63,1.0,760.0,5.8,0.7512395085058088
2026-04-05T16:08:13,04/05/202604:08,139.89000000000001,1.23,172.06470000000002,54.220000000000006,2.43,131.7546,131.3,0.6,12.0,198.7,23647.0,44734.0,23.7,20.6,27.0,30.27,9.63,1.0,760.0,5.8,0.7657270782444046
2026-04-05T16:09:00,04/05/202604:09,139.75,1.29,180.2775,54.220000000000006,2.59,140.4298,140.0,0.6,12.0,198.7,23647.0,44734.0,23.7,20.6,27.0,30.27,9.63,1.0,760.0,5.8,0.7789646517174911
2026-04-05T16:09:12,04/05/202604:09,139.8,1.31,183.13800000000003,54.220000000000006,2.6399999999999997,143.14079999999998,142.7,0.6,12.0,198.7,23647.0,44734.0,23.8,20.6,27.0,30.27,9.63,1.0,760.0,5.8,0.7816007600825604
2026-04-05T16:10:01,04/05/202604:10,139.85999999999999,1.33,186.0138,54.220000000000006,2.68,145.30960000000002,144.9,0.6,12.0,198.7,23647.0,44734.0,23.8,20.6,27.0,30.27,9.63,1.0,760.0,5.8,0.7811764503493828
2026-04-05T16:10:12,04/05/202604:10,139.95999999999998,1.33,186.14679999999998,54.220000000000006,2.67,144.7674,144.4,0.6,12.0,198.7,23647.0,44734.0,23.7,20.6,27.0,30.27,9.63,1.0,760.0,5.8,0.7777055528217516
2026-04-05T16:11:01,04/05/202604:11,140.04000000000002,1.3199999999999998,184.8528,54.220000000000006,2.6399999999999997,143.14079999999998,142.8,0.6,12.0,198.7,23647.0,44734.0,23.7,20.6,27.0,30.27,9.63,1.0,760.0,5.8,0.7743501856612396
2026-04-05T16:11:13,04/05/202604:11,140.24,1.25,175.3,54.220000000000006,2.46,133.3812,133.1,0.6,12.0,198.7,23647.0,44734.0,23.7,20.6,27.0,30.27,9.63,1.0,760.0,5.8,0.7608739304050199
2026-04-05T16:12:00,04/05/202604:12,140.44,1.1800000000000002,165.71920000000003,54.220000000000006,2.2800000000000002,123.62160000000003,123.4,0.6,12.0,198.7,23647.0,44734.0,23.7,20.6,27.0,30.27,9.63,1.0,760.0,5.8,0.7459702919154811
2026-04-05T16:12:13,04/05/202604:12,140.53,1.16,163.01479999999998,54.21,2.2199999999999998,120.34619999999998,120.1,0.6,12.0,198.7,23647.0,44734.0,23.7,20.6,27.0,30.27,9.63,1.0,760.0,5.8,0.7382532138186226
2026-04-05T16:13:00,04/05/202604:13,140.61999999999998,1.1400000000000001,160.30679999999998,54.2,2.1599999999999997,117.07199999999999,116.8,0.6,12.0,198.7,23647.0,44734.0,23.7,20.6,27.0,30.27,9.63,1.0,760.0,5.8,0.7302996504203191
2026-04-05T16:13:12,04/05/202604:13,140.81,1.0699999999999998,150.6667,54.2,1.98,107.316,107.0,0.6,12.0,198.7,23647.0,44734.0,23.7,20.6,27.0,30.27,9.63,1.0,760.0,5.8,0.712274178700403
2026-04-05T16:14:01,04/05/202604:14,141.0,1.0,141.0,54.2,1.8,97.56,97.2,0.6,12.0,198.7,23647.0,44734.0,23.7,20.6,27.0,30.27,9.63,1.0,760.0,5.8,0.6919148936170213
2026-04-05T16:14:13,04/05/202604:14,141.14,0.9400000000000001,132.67159999999998,54.2,1.6600000000000001,89.97200000000001,89.6,0.6,12.0,198.7,23647.0,44734.0,23.7,20.6,27.0,30.27,9.63,1.0,760.0,5.8,0.678155686672958
2026-04-05T16:15:01,04/05/202604:15,141.28,0.8800000000000001,124.32640000000002,54.2,1.52,82.384,82.0,0.6,12.0,198.7,23647.0,44734.0,23.7,20.6,27.0,30.27,9.63,1.0,760.0,5.8,0.6626428497889425
2026-04-05T16:15:13,04/05/202604:15,141.16,0.9199999999999999,129.8672,54.2,1.6199999999999999,87.804,87.4,0.6,12.0,198.7,23647.0,44734.0,23.7,20.6,27.0,30.27,9.63,1.0,760.0,5.8,0.6761060529525547
2026-04-05T16:15:26,04/05/202604:15,141.13,0.93,131.2509,54.2,1.64,88.888,88.4,0.6,12.0,198.7,23647.0,44734.0,23.7,20.610000000000003,27.0,30.27,9.655000000000001,1.3,756.0,5.77,0.677237260849259
2026-04-05T16:16:00,04/05/202604:16,141.02,0.9800000000000001,138.19960000000003,54.2,1.78,96.47600000000001,95.9,0.6,12.0,198.7,23647.0,44734.0,23.7,20.62,27.0,30.27,9.680000000000001,1.6,752.0,5.74,0.6980917455622158
2026-04-05T16:16:26,04/05/202604:16,141.03,0.9800000000000001,138.20940000000002,54.2,1.78,96.47600000000001,95.9,0.6,12.0,198.7,23647.0,44734.0,23.7,20.630000000000003,27.0,30.27,9.705000000000002,1.9,748.0,5.71,0.6980422460411521
2026-04-05T16:17:51,04/05/202604:17,141.03,0.99,139.6197,54.2,1.8199999999999998,98.64399999999999,98.1,0.6,12.0,198.7,23647.0,44734.0,23.7,20.64,27.0,30.27,9.73,2.2,744.0,5.68,0.7065192089654969
2026-04-05T16:18:01,04/05/202604:18,141.03,1.0,141.03,54.2,1.86,100.81200000000001,100.3,0.6,12.0,198.7,23647.0,44734.0,23.7,20.65,27.0,30.27,9.755,2.5,740.0,5.65,0.7148266326313552
2026-04-05T16:18:26,04/05/202604:18,141.09,1.0,141.09,54.2,1.86,100.81200000000001,100.3,0.6,12.0,198.7,23647.0,44734.0,23.7,20.66,27.0,30.27,9.780000000000001,2.8,736.0,5.62,0.7145226451201362
2026-04-05T16:19:01,04/05/202604:19,141.15,1.0,141.15,54.2,1.86,100.81200000000001,100.3,0.6,12.0,198.7,23647.0,44734.0,23.7,20.669999999999998,27.0,30.27,9.805000000000001,3.1,732.0,5.59,0.7142189160467588
2026-04-05T16:19:26,04/05/202604:19,141.09,1.06,149.55540000000002,54.2,2.0100000000000002,108.94200000000002,108.4,0.6,12.0,198.7,23647.0,44734.0,23.7,20.68,27.0,30.27,9.830000000000002,3.4,728.0,5.5600000000000005,0.7284390934730541
2026-04-05T16:20:01,04/05/202604:20,141.03,1.1199999999999999,157.9536,54.2,2.16,117.07200000000002,116.5,0.6,12.0,198.7,23647.0,44734.0,23.7,20.69,27.0,30.27,9.855,3.7,724.0,5.529999999999999,0.7411796882122346
2026-04-05T16:20:26,04/05/202604:20,141.31,1.04,146.9624,54.2,1.95,105.69,105.1,0.6,12.0,198.7,23647.0,44734.0,23.7,20.7,27.0,30.27,9.88,4.0,720.0,5.5,0.7191635411506616
2026-04-05T16:21:00,04/05/202604:21,141.5,0.99,140.085,54.2,1.8199999999999998,98.64399999999999,98.1,0.6,12.0,198.7,23647.0,44734.0,23.7,20.7,27.0,30.27,9.88,4.0,720.0,5.5,0.7041724667166362
2026-04-05T16:21:26,04/05/202604:21,141.48,1.02,144.3096,54.2,1.8800000000000001,101.89600000000002,101.4,0.6,12.0,198.7,23647.0,44734.0,23.7,20.7,27.0,30.27,9.88,4.0,720.0,5.5,0.7060930111371664
2026-04-05T16:22:01,04/05/202604:22,141.33999999999997,1.1,155.474,54.2,2.08,112.736,112.2,0.6,12.0,198.7,23647.0,44734.0,23.7,20.7,27.0,30.27,9.88,4.0,720.0,5.5,0.7251115942215419
2026-04-05T16:22:26,04/05/202604:22,141.3,1.1300000000000001,159.66900000000004,54.2,2.15,116.53,116.0,0.6,12.0,198.7,23647.0,44734.0,23.7,20.7,27.0,30.27,9.88,4.0,720.0,5.5,0.7298223199243433
2026-04-05T16:23:01,04/05/202604:23,141.26,1.16,163.86159999999998,54.2,2.2199999999999998,120.324,119.8,0.6,12.0,198.7,23647.0,44734.0,23.7,20.7,27.0,30.27,9.88,4.0,720.0,5.5,0.7343026065899516
2026-04-05T16:23:26,04/05/202604:23,141.13,1.22,172.1786,54.2,2.38,128.996,128.5,0.6,12.0,198.7,23647.0,44734.0,23.7,20.7,27.0,30.27,9.88,4.0,720.0,5.5,0.7491987970630497
2026-04-05T16:24:00,04/05/202604:24,141.0,1.28,180.48,54.2,2.54,137.668,137.2,0.6,12.0,198.7,23647.0,44734.0,23.7,20.7,27.0,30.27,9.88,4.0,720.0,5.5,0.762788120567376
2026-04-05T16:24:27,04/05/202604:24,141.0,1.27,179.07,54.2,2.5100000000000002,136.04200000000003,135.6,0.6,12.0,198.7,23647.0,44734.0,23.7,20.7,27.0,30.27,9.88,4.0,720.0,5.5,0.759714078293405
2026-04-05T16:25:01,04/05/202604:25,141.0,1.2600000000000002,177.66000000000003,54.2,2.48,134.416,134.0,0.6,12.0,198.7,23647.0,44734.0,23.7,20.7,27.0,30.27,9.88,4.0,720.0,5.5,0.7565912416976246
2026-04-05T16:25:26,04/05/202604:25,140.9,1.3,183.17000000000002,54.2,2.58,139.836,139.4,0.6,12.0,198.7,23647.0,44734.0,23.7,20.7,27.0,30.27,9.88,4.0,720.0,5.5,0.7634219577441721
2026-04-05T16:26:01,04/05/202604:26,140.8,1.34,188.67200000000003,54.2,2.68,145.25600000000003,144.8,0.6,12.0,198.7,23647.0,44734.0,23.7,20.7,27.0,30.27,9.88,4.0,720.0,5.5,0.7698863636363636
2026-04-05T16:26:26,04/05/202604:26,140.93,1.31,184.6183,54.21,2.6,140.946,140.5,0.6,12.0,198.7,23647.0,44734.0,23.7,20.7,27.0,30.27,9.88,4.0,720.0,5.5,0.7634454439240314
2026-04-05T16:27:00,04/05/202604:27,141.06,1.28,180.5568,54.220000000000006,2.52,136.63440000000003,136.2,0.6,12.0,198.7,23647.0,44734.0,23.7,20.7,27.0,30.27,9.88,4.0,720.0,5.5,0.7567391535516802
2026-04-05T16:27:27,04/05/202604:27,141.19,1.25,176.4875,54.23,2.45,132.86350000000002,132.4,0.6,12.0,198.7,23647.0,44734.0,23.7,20.7,27.0,30.27,9.88,4.0,720.0,5.5,0.7528210213187904
2026-04-05T16:29:03,04/05/202604:29,141.22,1.25,176.525,54.23,2.48,134.4904,134.0,0.7,12.0,198.7,23647.0,44734.0,23.7,20.7,27.0,30.27,9.88,4.0,720.0,5.5,0.7618773544823679
2026-04-05T16:29:26,04/05/202604:29,141.38,1.19,168.2422,54.23,2.33,126.35589999999999,125.9,0.7,13.0,198.7,23647.0,44734.0,23.7,20.71,27.0,30.27,9.88,4.0,720.0,5.5,0.7510357092334741
2026-04-05T16:30:01,04/05/202604:30,141.54000000000002,1.1300000000000001,159.94020000000003,54.23,2.18,118.2214,117.8,0.7,13.0,198.7,23647.0,44734.0,23.7,20.72,27.0,30.27,9.88,4.0,720.0,5.5,0.7391600110541313
2026-04-05T16:30:26,04/05/202604:30,141.63,1.1,155.793,54.23,2.08,112.7984,112.4,0.7,13.0,198.7,23647.0,44734.0,23.7,20.73,27.0,30.27,9.88,4.1,720.0,5.5,0.724027395325849
2026-04-05T16:31:00,04/05/202604:31,141.72,1.0699999999999998,151.64039999999997,54.23,1.98,107.3754,107.0,0.7,13.0,198.7,23647.0,44734.0,23.7,20.740000000000002,27.0,30.27,9.88,4.2,720.0,5.5,0.7080923025789962
2026-04-05T16:31:27,04/05/202604:31,141.64000000000001,1.1,155.80400000000003,54.23,2.05,111.17149999999998,110.8,0.7,13.0,198.7,23647.0,44734.0,23.7,20.75,27.0,30.27,9.88,4.2,715.6,5.45,0.7135343123411463
2026-04-05T16:32:01,04/05/202604:32,141.56,1.1300000000000001,159.96280000000002,54.23,2.12,114.9676,114.6,0.7,13.0,198.7,23647.0,44734.0,23.7,20.759999999999998,27.0,30.27,9.88,4.2,711.2,5.4,0.7187146011447662
2026-04-05T16:32:08,04/05/202604:32,141.52,1.1300000000000001,159.91760000000002,54.220000000000006,2.13,115.4886,115.1,0.7,13.0,198.7,23647.0,44734.0,23.7,20.77,27.0,30.27,9.88,4.2,706.8,5.35,0.7221756704702922
2026-04-05T16:32:24,04/05/202604:32,141.56,1.08,152.8848,54.21,2.0300000000000002,110.04630000000002,109.6,0.7,13.0,198.7,23647.0,44734.0,23.7,20.78,27.0,30.27,9.88,4.2,702.4,5.3,0.7197988289221688
2026-04-05T16:33:01,04/05/202604:33,141.53,1.06,150.0218,54.2,1.9899999999999998,107.85799999999999,107.4,0.7,13.0,198.7,23647.0,44734.0,23.7,20.79,27.0,30.27,9.88,4.2,698.0,5.25,0.7189488461010332
2026-04-05T16:33:24,04/05/202604:33,141.45,1.0699999999999998,151.35149999999996,54.2,2.0,108.4,108.0,0.7,13.0,198.7,23647.0,44734.0,23.7,20.8,27.0,30.27,9.88,4.2,693.6,5.2,0.7162135822902319
2026-04-05T16:34:00,04/05/202604:34,141.23000000000002,1.1400000000000001,161.00220000000004,54.2,2.17,117.614,117.2,0.7,13.0,198.7,23647.0,44734.0,23.7,20.8,27.0,30.27,9.88,4.2,689.2,5.15,0.7305117569822025
2026-04-05T16:34:23,04/05/202604:34,141.05,1.1800000000000002,166.43900000000005,54.2,2.2600000000000002,122.49200000000002,122.0,0.7,13.0,198.7,23647.0,44734.0,23.7,20.8,27.0,30.27,9.88,4.2,684.8,5.1,0.7359573176959726
2026-04-05T16:35:01,04/05/202604:35,140.93,1.19,167.7067,54.2,2.3,124.66,124.1,0.7,13.0,198.7,23647.0,44734.0,23.7,20.8,27.0,30.27,9.88,4.1,680.4,5.05,0.7433215250195728
2026-04-05T16:35:24,04/05/202604:35,140.79000000000002,1.21,170.35590000000002,54.2,2.34,126.828,126.2,0.7,13.0,198.7,23647.0,44734.0,23.7,20.8,27.0,30.27,9.88,4.0,676.0,5.0,0.74448845035599
2026-04-05T16:35:27,04/05/202604:35,140.81,1.1800000000000002,166.15580000000003,54.2,2.2399999999999998,121.40799999999999,120.8,0.7,13.0,198.7,23647.0,44734.0,23.8,20.8,27.0,30.27,9.88,4.0,676.0,5.0,0.7306877039501478
2026-04-05T16:36:01,04/05/202604:36,140.82999999999998,1.15,161.95449999999997,54.2,2.1399999999999997,115.98799999999999,115.4,0.7,13.0,198.7,23647.0,44734.0,23.8,20.8,27.0,30.27,9.88,4.0,676.0,5.0,0.7161764569678521
2026-04-05T16:36:27,04/05/202604:36,140.78,1.1300000000000001,159.08140000000003,54.21,2.09,113.29889999999999,112.7,0.7,13.0,198.7,23647.0,44734.0,23.7,20.8,27.0,30.27,9.88,4.0,676.0,5.0,0.7122070839205586
2026-04-05T16:37:00,04/05/202604:37,140.65,1.16,163.154,54.220000000000006,2.15,116.57300000000001,116.0,0.7,13.0,198.7,23647.0,44734.0,23.7,20.8,27.0,30.27,9.88,4.0,676.0,5.0,0.7144967331478236
2026-04-05T16:37:28,04/05/202604:37,140.44,1.22,171.33679999999998,54.220000000000006,2.29,124.16380000000001,123.6,0.7,13.0,198.7,23647.0,44734.0,23.8,20.8,27.0,30.27,9.88,4.0,676.0,5.0,0.724676776967937
2026-04-05T16:38:01,04/05/202604:38,140.38,1.22,171.2636,54.220000000000006,2.2800000000000002,123.62160000000003,123.0,0.7,13.0,198.7,23647.0,44734.0,23.8,20.8,27.0,30.27,9.88,4.0,676.0,5.0,0.7218206320549143
2026-04-05T16:38:12,04/05/202604:38,140.44,1.17,164.3148,54.220000000000006,2.16,117.11520000000002,116.5,0.7,13.0,198.7,23647.0,44734.0,23.7,20.8,27.0,30.27,9.88,4.0,676.0,5.0,0.712748942882808
2026-04-05T16:40:12,04/05/202604:40,140.37,1.1800000000000002,165.63660000000002,54.220000000000006,2.16,117.11520000000002,116.5,0.7,13.0,198.7,23647.0,44734.0,23.8,20.8,27.0,30.27,9.88,4.0,676.0,5.0,0.7070611205494438
2026-04-05T16:41:01,04/05/202604:41,140.3,1.19,166.957,54.220000000000006,2.16,117.11520000000002,116.5,0.7,13.0,198.7,23647.0,44734.0,23.8,20.8,27.0,30.27,9.88,4.0,676.0,5.0,0.7014692405829047
2026-04-05T16:41:13,04/05/202604:41,140.15,1.21,169.5815,54.220000000000006,2.25,121.99500000000002,121.4,0.7,13.0,198.7,23647.0,44734.0,23.7,20.8,27.0,30.27,9.88,4.0,676.0,5.0,0.7193886125550253
2026-04-05T16:42:01,04/05/202604:42,139.99,1.23,172.1877,54.220000000000006,2.35,127.41700000000002,126.8,0.7,13.0,198.7,23647.0,44734.0,23.7,20.8,27.0,30.27,9.88,4.0,676.0,5.0,0.7399889771452898
2026-04-05T16:42:13,04/05/202604:42,139.99,1.19,166.5881,54.220000000000006,2.29,124.16380000000001,123.5,0.7,13.0,198.7,23647.0,44734.0,23.7,20.8,27.0,30.27,9.88,4.0,676.0,5.0,0.7453341505185546
2026-04-05T16:43:01,04/05/202604:43,140.0,1.16,162.39999999999998,54.21,2.23,120.8883,120.2,0.7,13.0,198.7,23647.0,44734.0,23.7,20.8,27.0,30.27,9.88,4.0,676.0,5.0,0.7443860837438425
2026-04-05T16:43:13,04/05/202604:43,139.97,1.16,162.3652,54.2,2.26,122.49199999999999,121.8,0.7,13.0,198.7,23647.0,44734.0,23.8,20.8,27.0,30.27,9.88,4.0,676.0,5.0,0.7544227457607912
2026-04-05T16:44:00,04/05/202604:44,140.02,1.1300000000000001,158.22260000000003,54.2,2.21,119.78200000000001,119.1,0.7,13.0,198.7,23647.0,44734.0,23.8,20.8,27.0,30.27,9.88,4.0,676.0,5.0,0.7570473497464963
2026-04-05T16:44:13,04/05/202604:44,139.94,1.16,162.3304,54.2,2.2800000000000002,123.57600000000002,122.9,0.7,13.0,198.7,23647.0,44734.0,23.8,20.8,27.0,30.27,9.88,4.0,676.0,5.0,0.7612622158264873
2026-04-05T16:45:01,04/05/202604:45,139.74,1.24,173.2776,54.2,2.46,133.332,132.6,0.7,13.0,198.7,23647.0,44734.0,23.8,20.8,27.0,30.27,9.88,4.0,676.0,5.0,0.7694704912810426
2026-04-05T16:45:13,04/05/202604:45,139.85,1.21,169.21849999999998,54.2,2.4,130.08,129.4,0.7,13.0,198.7,23647.0,44734.0,23.7,20.8,27.0,30.27,9.88,4.0,676.0,5.0,0.7687102769496245
2026-04-05T16:46:01,04/05/202604:46,139.95999999999998,1.1800000000000002,165.15279999999998,54.2,2.34,126.828,126.2,0.7,13.0,198.7,23647.0,44734.0,23.7,20.8,27.0,30.27,9.88,4.0,676.0,5.0,0.7679433833395499
2026-04-05T16:46:13,04/05/202604:46,140.07,1.1800000000000002,165.2826,54.2,2.34,126.828,126.2,0.7,13.0,198.7,23647.0,44734.0,23.7,20.8,27.0,30.27,9.812000000000001,4.2,671.5,4.96,0.767340300793913
2026-04-05T16:46:46,04/05/202604:46,140.25,1.15,161.2875,54.2,2.2600000000000002,122.49200000000002,121.9,0.7,13.0,198.7,23647.0,44734.0,23.7,20.8,27.0,30.27,9.744,4.4,667.0,4.92,0.7594636906145859
2026-04-05T16:47:01,04/05/202604:47,140.27,1.1800000000000002,165.51860000000002,54.2,2.34,126.828,126.3,0.7,13.0,198.7,23647.0,44734.0,23.7,20.8,27.0,30.27,9.676,4.6,662.5,4.88,0.7662462103956896
2026-04-05T16:47:45,04/05/202604:47,140.34,1.1800000000000002,165.60120000000003,54.2,2.34,126.828,126.3,0.7,13.0,198.7,23647.0,44734.0,23.7,20.8,27.0,30.27,9.608,4.8,658.0,4.84,0.7658640154781485
2026-04-05T16:48:01,04/05/202604:48,140.45,1.15,161.51749999999998,54.2,2.25,121.95,121.4,0.7,13.0,198.7,23647.0,44734.0,23.7,20.8,27.0,30.27,9.540000000000001,5.0,653.5,4.8,0.7550265451112109
2026-04-05T16:48:45,04/05/202604:48,140.53,1.1400000000000001,160.20420000000001,54.2,2.2,119.24000000000001,118.7,0.7,13.0,198.7,23647.0,44734.0,23.7,20.8,27.0,30.27,9.472,5.2,649.0,4.76,0.7443000870139485
2026-04-05T16:49:01,04/05/202604:49,140.74,1.0699999999999998,150.59179999999998,54.2,2.0300000000000002,110.02600000000002,109.5,0.7,13.0,198.7,23647.0,44734.0,23.7,20.8,27.0,30.27,9.404,5.4,644.5,4.72,0.7306241110073726
2026-04-05T16:49:46,04/05/202604:49,140.82,1.05,147.861,54.2,1.98,107.316,106.8,0.7,13.0,198.7,23647.0,44734.0,23.7,20.8,27.0,30.27,9.336,5.6,640.0,4.68,0.7257897620062086
2026-04-05T16:50:01,04/05/202604:50,140.68,1.1099999999999999,156.1548,54.2,2.13,115.446,114.9,0.7,13.0,198.7,23647.0,44734.0,23.7,20.8,27.0,30.27,9.267999999999999,5.8,635.5,4.64,0.7393048436551423
2026-04-05T16:51:25,04/05/202604:51,140.64000000000001,1.1300000000000001,158.92320000000004,54.2,2.18,118.15600000000002,117.6,0.7,13.0,198.7,23647.0,44734.0,23.7,20.8,27.0,30.27,9.2,6.0,631.0,4.6,0.7434786110523824
2026-04-05T16:51:45,04/05/202604:51,140.67000000000002,1.12,157.55040000000002,54.2,2.13,115.446,114.9,0.7,13.0,198.7,23647.0,44734.0,23.7,20.8,27.0,30.27,9.2,6.0,631.0,4.6,0.732755994272309
2026-04-05T16:52:00,04/05/202604:52,140.63,1.1400000000000001,160.31820000000002,54.2,2.16,117.07200000000002,116.5,0.7,13.0,198.7,23647.0,44734.0,23.7,20.8,27.0,30.27,9.2,6.0,631.0,4.6,0.730247719847154
2026-04-05T16:52:14,04/05/202604:52,140.68,1.12,157.56160000000003,54.2,2.1,113.82000000000001,113.2,0.7,13.0,198.7,23647.0,44734.0,23.7,20.8,27.0,30.27,9.2,6.0,631.0,4.6,0.7223841342052886
2026-04-05T16:53:00,04/05/202604:53,140.68,1.1300000000000001,158.96840000000003,54.2,2.12,114.90400000000001,114.3,0.7,13.0,198.7,23647.0,44734.0,23.7,20.8,27.0,30.27,9.2,6.0,631.0,4.6,0.7228103195352031
2026-04-05T16:53:13,04/05/202604:53,140.64000000000001,1.15,161.73600000000002,54.2,2.19,118.69800000000001,118.1,0.7,13.0,198.7,23647.0,44734.0,23.8,20.8,27.0,30.27,9.2,6.0,631.0,4.6,0.7338996883810655
2026-04-05T16:54:01,04/05/202604:54,140.63,1.15,161.72449999999998,54.2,2.2199999999999998,120.324,119.7,0.7,13.0,198.7,23647.0,44734.0,23.8,20.8,27.0,30.27,9.2,6.0,631.0,4.6,0.7440060102210859
2026-04-05T16:54:14,04/05/202604:54,140.60999999999999,1.15,161.70149999999998,54.19,2.21,119.75989999999999,119.2,0.7,13.0,198.7,23647.0,44734.0,23.7,20.8,27.0,30.27,9.2,6.0,631.0,4.6,0.7406233089983705
2026-04-05T16:55:00,04/05/202604:55,140.72,1.1,154.792,54.18000000000001,2.08,112.69440000000002,112.2,0.7,13.0,198.7,23647.0,44734.0,23.7,20.8,27.0,30.27,9.2,6.0,631.0,4.6,0.7280376246834462
2026-04-05T16:55:13,04/05/202604:55,140.8,1.06,149.24800000000002,54.18000000000001,1.98,107.27640000000001,106.8,0.7,13.0,198.7,23647.0,44734.0,23.8,20.8,27.0,30.27,9.2,6.0,631.0,4.6,0.7187794811320755
2026-04-05T16:56:00,04/05/202604:56,140.78000000000003,1.06,149.22680000000003,54.18000000000001,1.98,107.27640000000001,106.8,0.7,13.0,198.7,23647.0,44734.0,23.8,20.8,27.0,30.27,9.2,6.0,631.0,4.6,0.7188815949950008
2026-04-05T16:56:14,04/05/202604:56,140.8,1.03,145.02400000000003,54.18000000000001,1.9300000000000002,104.56740000000002,104.1,0.7,13.0,198.7,23647.0,44734.0,23.7,20.8,27.0,30.27,9.2,6.0,631.0,4.6,0.721035139011474
2026-04-05T16:57:01,04/05/202604:57,140.82,1.0,140.82,54.18000000000001,1.8800000000000001,101.85840000000002,101.4,0.7,13.0,198.7,23647.0,44734.0,23.7,20.8,27.0,30.27,9.2,6.0,631.0,4.6,0.7233233915636985
2026-04-05T16:57:14,04/05/202604:57,140.69,1.05,147.7245,54.18000000000001,2.0100000000000002,108.90180000000002,108.5,0.7,13.0,198.7,23647.0,44734.0,23.7,20.8,27.0,30.27,9.2,6.0,631.0,4.6,0.7371952519724218
2026-04-05T16:58:01,04/05/202604:58,140.56,1.1,154.616,54.18000000000001,2.1399999999999997,115.9452,115.6,0.7,13.0,198.7,23647.0,44734.0,23.7,20.8,27.0,30.27,9.2,6.0,631.0,4.6,0.7498913437160448
2026-04-05T16:58:12,04/05/202604:58,140.57999999999998,1.09,153.2322,54.18000000000001,2.1100000000000003,114.31980000000003,114.0,0.7,14.0,198.7,23647.0,44734.0,23.7,20.8,27.0,30.27,9.2,6.0,631.0,4.6,0.7460559856218212
2026-04-05T16:59:00,04/05/202604:59,140.6,1.08,151.848,54.18000000000001,2.08,112.69440000000002,112.4,0.7,14.0,198.7,23647.0,44734.0,23.7,20.8,27.0,30.27,9.2,6.0,631.0,4.6,0.7421526789947843
2026-04-05T16:59:12,04/05/202604:59,140.60999999999999,1.1,154.671,54.19,2.12,114.8828,114.5,0.7,14.0,198.7,23647.0,44734.0,23.7,20.8,27.0,30.27,9.2,6.0,631.0,4.6,0.742755914166198
2026-04-05T17:00:00,04/05/202605:00,140.62,1.1199999999999999,157.49439999999998,54.2,2.16,117.07200000000002,116.6,0.7,14.0,198.7,23647.0,44734.0,23.7,20.8,27.0,30.27,9.2,6.0,631.0,4.6,0.7433407156063964
2026-04-05T17:00:12,04/05/202605:00,140.65,1.1300000000000001,158.9345,54.2,2.18,118.15600000000002,117.7,0.7,14.0,198.7,23647.0,44734.0,23.7,20.8,27.0,30.27,9.2,6.0,631.0,4.6,0.7434257508596309
2026-04-05T17:01:00,04/05/202605:01,140.68,1.1400000000000001,160.37520000000004,54.2,2.2,119.24000000000001,118.8,0.7,14.0,198.7,23647.0,44734.0,23.7,20.8,27.0,30.27,9.2,6.0,631.0,4.6,0.7435064773107063
2026-04-05T17:01:12,04/05/202605:01,140.67000000000002,1.16,163.1772,54.2,2.25,121.95,121.5,0.7,14.0,198.7,23647.0,44734.0,23.7,20.8,27.0,30.27,9.181,6.0,626.2,4.58,0.7473470558386833
2026-04-05T17:02:35,04/05/202605:02,140.68,1.18,166.0024,54.2,2.2800000000000002,123.57600000000002,123.1,0.7,14.0,198.7,23647.0,44734.0,23.8,20.8,27.0,30.27,9.161999999999999,6.0,621.4,4.56,0.7444229721979925
2026-04-05T17:02:40,04/05/202605:02,140.70999999999998,1.18,166.03779999999998,54.2,2.2800000000000002,123.57600000000002,123.1,0.7,14.0,198.7,23647.0,44734.0,23.7,20.8,27.0,30.27,9.142999999999999,6.0,616.6,4.54,0.7442642578979006
2026-04-05T17:03:00,04/05/202605:03,140.74,1.18,166.0732,54.2,2.2800000000000002,123.57600000000002,123.1,0.7,14.0,198.7,23647.0,44734.0,23.7,20.8,27.0,30.27,9.123999999999999,6.0,611.8,4.5200000000000005,0.7441056112605767
2026-04-05T17:03:40,04/05/202605:03,140.78,1.18,166.1204,54.2,2.25,121.95,121.5,0.7,14.0,198.7,23647.0,44734.0,23.7,20.8,27.0,30.27,9.105,6.0,607.0,4.5,0.7341061061735946
2026-04-05T17:04:00,04/05/202605:04,140.82,1.18,166.1676,54.2,2.2199999999999998,120.324,119.9,0.7,14.0,198.7,23647.0,44734.0,23.7,20.8,27.0,30.27,9.086,6.0,602.2,4.4799999999999995,0.7241122818166719
2026-04-05T17:04:40,04/05/202605:04,140.75,1.2,168.9,54.2,2.29,124.11800000000001,123.7,0.7,14.0,198.7,23647.0,44734.0,23.7,20.8,27.0,30.27,9.067,6.0,597.4,4.46,0.7348608644168148
2026-04-05T17:05:00,04/05/202605:05,140.68,1.22,171.6296,54.2,2.3600000000000003,127.91200000000002,127.5,0.7,14.0,198.7,23647.0,44734.0,23.7,20.8,27.0,30.27,9.047999999999998,6.0,592.6,4.44,0.7452793690598826
2026-04-05T17:05:40,04/05/202605:05,140.64000000000001,1.22,171.5808,54.21,2.37,128.4777,128.0,0.7,14.0,198.7,23647.0,44734.0,23.8,20.8,27.0,30.27,9.029,6.0,587.8,4.42,0.7487883259665417
2026-04-05T17:06:00,04/05/202605:06,140.6,1.22,171.53199999999998,54.220000000000006,2.38,129.0436,128.5,0.7,14.0,198.7,23647.0,44734.0,23.8,20.8,27.0,30.27,9.01,6.0,583.0,4.4,0.7523004453979433
2026-04-05T17:06:41,04/05/202605:06,140.59,1.21,170.1139,54.220000000000006,2.35,127.41700000000002,126.9,0.7,14.0,198.7,23647.0,44734.0,23.8,20.8,27.0,30.27,9.01,6.0,583.0,4.4,0.7490099280540862
2026-04-05T17:07:00,04/05/202605:07,140.56,1.2,168.672,54.220000000000006,2.34,126.87480000000001,126.4,0.7,14.0,198.7,23647.0,44734.0,23.8,20.8,27.0,30.27,9.01,6.0,583.0,4.4,0.7521983494593056
2026-04-05T17:07:40,04/05/202605:07,140.66,1.1400000000000001,160.35240000000002,54.23,2.19,118.76369999999999,118.2,0.7,14.0,198.7,23647.0,44734.0,23.8,20.8,27.0,30.27,9.01,6.0,583.0,4.4,0.7406418613004855
2026-04-05T17:08:00,04/05/202605:08,140.76,1.08,152.0208,54.239999999999995,2.04,110.64959999999999,110.0,0.7,14.0,198.7,23647.0,44734.0,23.8,20.8,27.0,30.27,9.01,6.0,583.0,4.4,0.7278582930756843
2026-04-05T17:08:40,04/05/202605:08,140.70999999999998,1.1099999999999999,156.18809999999996,54.239999999999995,2.1100000000000003,114.44640000000001,113.8,0.7,14.0,198.7,23647.0,44734.0,23.7,20.8,27.0,30.27,9.01,6.0,583.0,4.4,0.7327472451486383
2026-04-05T17:09:00,04/05/202605:09,140.66,1.1400000000000001,160.35240000000002,54.239999999999995,2.18,118.2432,117.6,0.7,14.0,198.7,23647.0,44734.0,23.7,20.8,27.0,30.27,9.01,6.0,583.0,4.4,0.7373958855620495
2026-04-05T17:09:40,04/05/202605:09,140.66,1.17,164.57219999999998,54.25,2.2399999999999998,121.51999999999998,120.9,0.7,14.0,198.7,23647.0,44734.0,23.7,20.8,27.0,30.27,9.01,6.0,583.0,4.4,0.7383993165309816
2026-04-05T17:10:01,04/05/202605:10,140.66,1.2,168.792,54.260000000000005,2.3,124.798,124.2,0.7,14.0,198.7,23647.0,44734.0,23.7,20.8,27.0,30.27,9.01,6.0,583.0,4.4,0.7393596852931419
2026-04-05T17:10:40,04/05/202605:10,140.77,1.2,168.924,54.25,2.3,124.77499999999999,124.2,0.7,14.0,198.7,23647.0,44734.0,23.7,20.8,27.0,30.27,9.01,6.0,583.0,4.4,0.7386457815348914
2026-04-05T17:11:00,04/05/202605:11,140.88,1.2,169.05599999999998,54.239999999999995,2.3,124.75199999999998,124.2,0.7,14.0,198.7,23647.0,44734.0,23.7,20.8,27.0,30.27,9.01,6.0,583.0,4.4,0.7379329926178307
2026-04-05T17:11:40,04/05/202605:11,140.9,1.24,174.716,54.239999999999995,2.4,130.176,129.6,0.7,14.0,198.7,23647.0,44734.0,23.8,20.8,27.0,30.27,9.01,6.0,583.0,4.4,0.7450720025641612
2026-04-05T17:12:00,04/05/202605:12,140.92000000000002,1.28,180.37760000000003,54.239999999999995,2.5,135.6,135.0,0.7,14.0,198.7,23647.0,44734.0,23.8,20.8,27.0,30.27,9.01,6.0,583.0,4.4,0.7517563156400793
2026-04-05T17:13:47,04/05/202605:13,140.9,1.3199999999999998,185.98799999999997,54.23,2.58,139.9134,139.4,0.7,14.0,198.7,23647.0,44734.0,23.7,20.8,27.0,30.27,9.01,6.0,583.0,4.4,0.7522711142654366
2026-04-05T17:14:51,04/05/202605:14,140.95,1.31,184.6445,54.23,2.56,138.8288,138.4,0.7,14.0,198.7,23647.0,44734.0,23.8,20.8,27.0,30.27,9.01,6.0,583.0,4.4,0.751870757049357
2026-04-05T17:15:00,04/05/202605:15,141.03,1.26,177.6978,54.239999999999995,2.46,133.4304,133.0,0.7,14.0,198.7,23647.0,44734.0,23.8,20.8,27.0,30.27,9.01,6.0,583.0,4.4,0.7508838038512575
2026-04-05T17:15:51,04/05/202605:15,141.06,1.24,174.9144,54.239999999999995,2.43,131.8032,131.3,0.7,14.0,198.7,23647.0,44734.0,23.8,20.8,27.0,30.27,9.01,6.0,583.0,4.4,0.753529726540525
2026-04-05T17:16:01,04/05/202605:16,141.17000000000002,1.17,165.1689,54.23,2.2800000000000002,123.6444,123.1,0.7,14.0,198.7,23647.0,44734.0,23.8,20.8,27.0,30.27,9.01,6.0,583.0,4.4,0.7485937122545467
2026-04-05T17:16:51,04/05/202605:16,141.37,1.06,149.8522,54.220000000000006,2.0300000000000002,110.06660000000002,109.5,0.7,14.0,198.7,23647.0,44734.0,23.8,20.79,27.0,30.27,9.022,6.5,577.9,4.35,0.7345010617128078
2026-04-05T17:17:00,04/05/202605:17,141.44,1.0,141.44,54.220000000000006,1.89,102.4758,101.9,0.7,14.0,198.7,23647.0,44734.0,23.8,20.78,27.0,30.27,9.034,7.0,572.8,4.3,0.7245178167420815
2026-04-05T17:17:51,04/05/202605:17,141.44,0.9800000000000001,138.61120000000003,54.220000000000006,1.8399999999999999,99.76480000000001,99.2,0.7,14.0,198.7,23647.0,44734.0,23.8,20.77,27.0,30.27,9.046000000000001,7.5,567.7,4.25,0.7197455905439099
2026-04-05T17:18:01,04/05/202605:18,141.53,0.93,131.62290000000002,54.220000000000006,1.7,92.174,91.6,0.7,14.0,198.7,23647.0,44734.0,23.8,20.759999999999998,27.0,30.27,9.058,8.0,562.6,4.2,0.700288475637598
2026-04-05T17:18:51,04/05/202605:18,141.62,0.89,126.04180000000001,54.23,1.5699999999999998,85.14109999999998,84.5,0.7,14.0,198.7,23647.0,44734.0,23.8,20.75,27.0,30.27,9.07,8.5,557.5,4.15,0.6754989217862644
2026-04-05T17:19:01,04/05/202605:19,141.66,0.8800000000000001,124.66080000000001,54.239999999999995,1.54,83.52959999999999,82.8,0.7,14.0,198.7,23647.0,44734.0,23.8,20.740000000000002,27.0,30.27,9.082,9.0,552.4,4.1,0.6700550614146547
2026-04-05T17:19:51,04/05/202605:19,141.64000000000001,0.9099999999999999,128.8924,54.23,1.61,87.3103,86.5,0.7,14.0,198.7,23647.0,44734.0,23.8,20.73,27.0,30.27,9.094,9.5,547.3,4.05,0.6773890469880303
2026-04-05T17:20:00,04/05/202605:20,141.62,0.9400000000000001,133.1228,54.220000000000006,1.6800000000000002,91.08960000000002,90.2,0.7,14.0,198.7,23647.0,44734.0,23.8,20.72,27.0,30.27,9.106,10.0,542.2,4.0,0.6842524345942244
2026-04-05T17:20:51,04/05/202605:20,141.62,0.95,134.539,54.220000000000006,1.72,93.25840000000001,92.4,0.8,14.0,198.7,23647.0,44734.0,23.8,20.71,27.0,30.27,9.118,10.5,537.1,3.95,0.693170010182921
2026-04-05T17:21:00,04/05/202605:21,141.62,0.96,135.9552,54.220000000000006,1.7599999999999998,95.4272,94.6,0.8,14.0,198.7,23647.0,44734.0,23.8,20.7,27.0,30.27,9.13,11.0,532.0,3.9,0.7019018029468531
2026-04-05T17:21:39,04/05/202605:21,141.51,1.02,144.34019999999998,54.23,1.92,104.12159999999999,103.3,0.8,14.0,198.7,23647.0,44734.0,23.8,20.7,27.0,30.27,9.13,11.0,532.0,3.9,0.7213624478835418
2026-04-05T17:22:01,04/05/202605:22,141.4,1.08,152.71200000000002,54.239999999999995,2.08,112.8192,112.0,0.8,14.0,198.7,23647.0,44734.0,23.8,20.7,27.0,30.27,9.13,11.0,532.0,3.9,0.7387710199591386
2026-04-05T17:22:39,04/05/202605:22,141.4,1.09,154.126,54.239999999999995,2.1,113.904,113.1,0.8,14.0,198.7,23647.0,44734.0,23.7,20.7,27.0,30.27,9.13,11.0,532.0,3.9,0.7390317013352711
2026-04-05T17:23:01,04/05/202605:23,141.4,1.1,155.54000000000002,54.239999999999995,2.12,114.9888,114.2,0.8,14.0,198.7,23647.0,44734.0,23.7,20.7,27.0,30.27,9.13,11.0,532.0,3.9,0.7392876430500191
2026-04-05T17:24:59,04/05/202605:24,141.31,1.1400000000000001,161.09340000000003,54.23,2.25,122.0175,121.3,0.8,14.0,198.7,23647.0,44734.0,23.8,20.7,27.0,30.27,9.13,11.0,532.0,3.9,0.7574332654224194
2026-04-05T17:25:01,04/05/202605:25,141.22,1.1800000000000002,166.63960000000003,54.220000000000006,2.38,129.0436,128.4,0.8,14.0,198.7,23647.0,44734.0,23.8,20.7,27.0,30.27,9.13,11.0,532.0,3.9,0.7743873605073462
2026-04-05T17:25:22,04/05/202605:25,141.17000000000002,1.21,170.81570000000002,54.23,2.45,132.86350000000002,132.2,0.8,15.0,198.7,23647.0,44734.0,23.8,20.7,27.0,30.27,9.13,11.0,532.0,3.9,0.7778178469543491
2026-04-05T17:26:01,04/05/202605:26,141.12,1.24,174.9888,54.239999999999995,2.52,136.6848,136.0,0.8,15.0,198.7,23647.0,44734.0,23.8,20.7,27.0,30.27,9.13,11.0,532.0,3.9,0.7811059907834101
2026-04-05T17:26:22,04/05/202605:26,141.09,1.27,179.1843,54.239999999999995,2.58,139.9392,139.3,0.8,15.0,198.7,23647.0,44734.0,23.7,20.7,27.0,30.27,9.13,11.0,532.0,3.9,0.7809791371230627
2026-04-05T17:27:00,04/05/202605:27,141.06,1.3,183.37800000000001,54.239999999999995,2.6399999999999997,143.19359999999998,142.6,0.8,15.0,198.7,23647.0,44734.0,23.7,20.7,27.0,30.27,9.13,11.0,532.0,3.9,0.780865752707522
2026-04-05T17:27:23,04/05/202605:27,141.14000000000001,1.29,182.0706,54.23,2.58,139.9134,139.3,0.8,15.0,198.7,23647.0,44734.0,23.8,20.7,27.0,30.27,9.13,11.0,532.0,3.9,0.7684568513532661
2026-04-05T17:28:01,04/05/202605:28,141.22,1.28,180.76160000000002,54.220000000000006,2.52,136.63440000000003,136.0,0.8,15.0,198.7,23647.0,44734.0,23.8,20.7,27.0,30.27,9.13,11.0,532.0,3.9,0.7558817802011047
2026-04-05T17:28:22,04/05/202605:28,141.25,1.28,180.8,54.220000000000006,2.5100000000000002,136.09220000000002,135.4,0.8,15.0,198.7,23647.0,44734.0,23.8,20.71,27.0,30.27,9.261000000000001,10.8,532.0,3.9,0.7527223451327434
2026-04-05T17:28:54,04/05/202605:28,141.27,1.27,179.4129,54.21,2.5,135.525,134.8,0.8,15.0,198.7,23647.0,44734.0,23.8,20.72,27.0,30.27,9.392,10.6,532.0,3.9,0.755380465953117
2026-04-05T17:29:01,04/05/202605:29,141.38,1.22,172.4836,54.2,2.37,128.454,127.7,0.8,15.0,198.7,23647.0,44734.0,23.8,20.73,27.0,30.27,9.523,10.4,532.0,3.9,0.7447316730402196
2026-04-05T17:29:53,04/05/202605:29,141.4,1.21,171.094,54.2,2.34,126.828,126.1,0.8,15.0,198.7,23647.0,44734.0,23.8,20.740000000000002,27.0,30.27,9.654,10.2,532.0,3.9,0.741276725075105
2026-04-05T17:30:00,04/05/202605:30,141.37,1.22,172.4714,54.19,2.37,128.4303,127.8,0.8,15.0,198.7,23647.0,44734.0,23.8,20.75,27.0,30.27,9.785,10.0,532.0,3.9,0.7446469385648867
2026-04-05T17:30:53,04/05/202605:30,141.47,1.1800000000000002,166.93460000000002,54.18000000000001,2.29,124.07220000000002,123.5,0.8,15.0,198.7,23647.0,44734.0,23.8,20.759999999999998,27.0,30.27,9.891,9.8,526.8,3.85,0.7432383699963938
2026-04-05T17:31:01,04/05/202605:31,141.57999999999998,1.1300000000000001,159.9854,54.18000000000001,2.18,118.11240000000002,117.5,0.8,15.0,198.7,23647.0,44734.0,23.8,20.77,27.0,30.27,9.997,9.6,521.6,3.8,0.7382698671253753
2026-04-05T17:31:54,04/05/202605:31,141.63,1.1,155.793,54.18000000000001,2.1,113.77800000000002,113.1,0.8,15.0,198.7,23647.0,44734.0,23.8,20.78,26.9,30.27,10.103,9.4,516.4,3.75,0.7303152259729258
2026-04-05T17:32:01,04/05/202605:32,141.59,1.1,155.74900000000002,54.18000000000001,2.12,114.86160000000002,114.2,0.8,15.0,198.7,23647.0,44734.0,23.8,20.79,26.8,30.27,10.209,9.2,511.2,3.7,0.7374788923203359
2026-04-05T17:32:53,04/05/202605:32,141.53,1.1099999999999999,157.0983,54.18000000000001,2.15,116.48700000000001,115.9,0.8,15.0,198.7,23647.0,44734.0,23.8,20.8,26.7,30.27,10.315,9.0,506.0,3.65,0.7414911555376476
2026-04-05T17:33:01,04/05/202605:33,141.48,1.1199999999999999,158.45759999999999,54.18000000000001,2.18,118.11240000000002,117.6,0.8,15.0,198.7,23647.0,44734.0,23.8,20.8,26.6,30.27,10.29,9.0,500.8,3.6,0.7453880407124684
2026-04-05T17:36:11,04/05/202605:36,141.35999999999999,1.16,163.97759999999997,54.19,2.2800000000000002,123.5532,123.0,0.8,15.0,198.7,23647.0,44734.0,23.8,20.8,26.5,30.27,10.264999999999999,9.0,495.6,3.55,0.7534760845383761
2026-04-05T17:36:38,04/05/202605:36,141.41,1.1300000000000001,159.79330000000002,54.21,2.19,118.7199,118.2,0.8,15.0,198.7,23647.0,44734.0,23.8,20.8,26.4,30.27,10.239999999999998,9.0,490.4,3.5,0.7429591853976355
2026-04-05T17:37:00,04/05/202605:37,141.55,1.06,150.043,54.220000000000006,2.0,108.44000000000001,107.9,0.8,15.0,198.7,23647.0,44734.0,23.8,20.8,26.3,30.27,10.215,9.0,485.2,3.45,0.7227261518364736
2026-04-05T17:37:38,04/05/202605:37,141.52,1.05,148.596,54.220000000000006,1.95,105.72900000000001,105.2,0.8,15.0,198.7,23647.0,44734.0,23.8,20.8,26.2,30.27,10.19,9.0,480.0,3.4,0.7115198255673101
2026-04-05T17:38:00,04/05/202605:38,141.35999999999999,1.09,154.0824,54.220000000000006,2.0100000000000002,108.98220000000002,108.5,0.8,15.0,198.7,23647.0,44734.0,23.8,20.8,26.1,30.27,10.19,9.0,480.0,3.4,0.7072981729256554
2026-04-05T17:38:38,04/05/202605:38,141.31,1.0699999999999998,151.2017,54.220000000000006,1.95,105.72900000000001,105.3,0.8,15.0,198.7,23647.0,44734.0,23.8,20.8,26.0,30.27,10.19,9.0,480.0,3.4,0.6992580109879718
2026-04-05T17:39:00,04/05/202605:39,141.32,1.03,145.5596,54.220000000000006,1.86,100.84920000000001,100.5,0.8,15.0,198.7,23647.0,44734.0,23.8,20.8,26.0,30.27,10.19,9.0,480.0,3.4,0.6928378478643801
2026-04-05T17:39:38,04/05/202605:39,141.27,1.03,145.5081,54.220000000000006,1.86,100.84920000000001,100.5,0.8,15.0,198.7,23647.0,44734.0,23.8,20.8,26.0,30.27,10.19,9.0,480.0,3.4,0.693083065478829
2026-04-05T17:40:00,04/05/202605:40,141.24,1.02,144.06480000000002,54.220000000000006,1.85,100.30700000000002,99.9,0.8,15.0,198.7,23647.0,44734.0,23.8,20.8,26.0,30.27,10.19,9.0,480.0,3.4,0.6962630705071606
2026-04-05T17:40:38,04/05/202605:40,141.15,1.04,146.79600000000002,54.220000000000006,1.9300000000000002,104.64460000000003,104.2,0.8,15.0,198.7,23647.0,44734.0,23.8,20.8,26.0,30.27,10.19,9.0,480.0,3.4,0.7128572985639936
2026-04-05T17:41:00,04/05/202605:41,141.14000000000001,1.04,146.78560000000002,54.220000000000006,1.94,105.1868,104.8,0.8,15.0,198.7,23647.0,44734.0,23.8,20.8,26.0,30.27,10.19,9.0,480.0,3.4,0.7166016284976182
2026-04-05T17:41:39,04/05/202605:41,140.98,1.1099999999999999,156.48779999999996,54.220000000000006,2.12,114.94640000000003,114.5,0.8,15.0,198.7,23647.0,44734.0,23.8,20.8,26.0,30.27,10.19,9.0,480.0,3.4,0.7345390503285243
2026-04-05T17:42:00,04/05/202605:42,140.82,1.1800000000000002,166.16760000000002,54.220000000000006,2.3,124.706,124.2,0.8,15.0,198.7,23647.0,44734.0,23.8,20.8,26.0,30.27,10.19,9.0,480.0,3.4,0.7504832470349213
2026-04-05T17:42:38,04/05/202605:42,140.76,1.21,170.31959999999998,54.220000000000006,2.37,128.50140000000002,128.0,0.8,15.0,198.7,23647.0,44734.0,23.8,20.8,26.0,30.27,10.19,9.0,480.0,3.4,0.7544721805358868
2026-04-05T17:43:01,04/05/202605:43,140.7,1.24,174.468,54.220000000000006,2.44,132.29680000000002,131.8,0.8,15.0,198.7,23647.0,44734.0,23.8,20.8,26.0,30.27,10.19,9.0,480.0,3.4,0.7582869064814179
2026-04-05T17:43:38,04/05/202605:43,140.70999999999998,1.26,177.29459999999997,54.220000000000006,2.4899999999999998,135.0078,134.5,0.8,15.0,198.7,23647.0,44734.0,23.8,20.8,26.0,30.27,10.19,9.0,480.0,3.4,0.7614885055720818
2026-04-05T17:44:00,04/05/202605:44,140.72,1.28,180.1216,54.220000000000006,2.54,137.71880000000002,137.2,0.8,15.0,198.7,23647.0,44734.0,23.8,20.8,26.0,30.27,10.19,9.0,480.0,3.4,0.7645879228254691
2026-04-05T17:44:38,04/05/202605:44,140.74,1.28,180.14720000000003,54.220000000000006,2.56,138.80320000000003,138.3,0.8,15.0,198.7,23647.0,44734.0,23.8,20.8,26.0,30.27,10.19,9.0,480.0,3.4,0.7704987920989058
2026-04-05T17:45:00,04/05/202605:45,140.76,1.28,180.1728,54.220000000000006,2.58,139.88760000000002,139.4,0.8,15.0,198.7,23647.0,44734.0,23.8,20.8,26.0,30.27,10.19,9.0,480.0,3.4,0.7764079816709294
2026-04-05T17:45:39,04/05/202605:45,140.9,1.24,174.716,54.23,2.48,134.4904,134.0,0.8,15.0,198.7,23647.0,44734.0,23.8,20.770000000000003,26.0,30.27,10.221,9.2,474.8,3.3600000000000003,0.7697657913413768
2026-04-05T17:46:00,04/05/202605:46,141.04000000000002,1.2,169.24800000000002,54.239999999999995,2.38,129.0912,128.6,0.8,15.0,198.7,23647.0,44734.0,23.8,20.740000000000002,26.0,30.27,10.251999999999999,9.4,469.6,3.3200000000000003,0.7627339761769709
2026-04-05T17:47:22,04/05/202605:47,141.13,1.1800000000000002,166.53340000000003,54.23,2.33,126.35589999999999,125.4,0.8,15.0,198.7,23647.0,44734.0,23.8,20.71,26.0,30.27,10.283,9.6,464.4,3.28,0.758742090175304
2026-04-05T17:47:38,04/05/202605:47,141.32999999999998,1.12,158.2896,54.220000000000006,2.17,117.65740000000001,116.8,0.8,15.0,198.7,23647.0,44734.0,23.8,20.68,26.0,30.27,10.314,9.8,459.2,3.2399999999999998,0.743304676997099
2026-04-05T17:48:01,04/05/202605:48,141.6,1.04,147.264,54.220000000000006,1.98,107.35560000000001,106.5,0.8,15.0,198.7,23647.0,44734.0,23.8,20.65,26.0,30.27,10.345,10.0,454.0,3.2,0.7290009778357236
2026-04-05T17:48:38,04/05/202605:48,141.74,1.0,141.74,54.220000000000006,1.92,104.1024,103.2,0.8,15.0,198.7,23647.0,44734.0,23.8,20.619999999999997,26.0,30.27,10.376,10.2,448.8,3.16,0.734460279384789
2026-04-05T17:48:53,04/05/202605:48,141.70999999999998,1.03,145.9613,54.220000000000006,1.9899999999999998,107.8978,107.0,0.8,15.0,198.7,23647.0,44734.0,23.8,20.59,26.0,30.27,10.407,10.4,443.6,3.12,0.7392219718514429
2026-04-05T17:49:01,04/05/202605:49,141.68,1.06,150.1808,54.220000000000006,2.0599999999999996,111.69319999999999,110.8,0.8,15.0,198.7,23647.0,44734.0,23.8,20.56,26.0,30.27,10.437999999999999,10.6,438.4,3.08,0.7437248969242406
2026-04-05T17:49:54,04/05/202605:49,141.69,1.0699999999999998,151.60829999999999,54.220000000000006,2.09,113.3198,112.4,0.8,15.0,198.7,23647.0,44734.0,23.8,20.53,26.0,30.27,10.469,10.8,433.2,3.04,0.7474511619746413
2026-04-05T17:50:01,04/05/202605:50,141.7,1.08,153.036,54.220000000000006,2.12,114.94640000000003,114.0,0.8,15.0,198.7,23647.0,44734.0,23.8,20.5,26.0,30.27,10.5,11.0,428.0,3.0,0.7511069290885807
2026-04-05T17:50:54,04/05/202605:50,141.59,1.1300000000000001,159.99670000000003,54.21,2.21,119.8041,118.9,0.8,15.0,198.7,23647.0,44734.0,23.8,20.5,26.0,30.27,10.5,11.0,428.0,3.0,0.7487910688157942
2026-04-05T17:51:01,04/05/202605:51,141.48,1.1800000000000002,166.9464,54.2,2.3,124.66,123.8,0.8,15.0,198.7,23647.0,44734.0,23.8,20.5,26.0,30.27,10.5,11.0,428.0,3.0,0.7467067274286836
2026-04-05T17:51:53,04/05/202605:51,141.41,1.19,168.2779,54.2,2.33,126.28600000000002,125.9,0.8,15.0,198.7,23647.0,44734.0,23.8,20.5,26.0,30.27,10.5,11.0,428.0,3.0,0.7504609933924777
2026-04-05T17:52:01,04/05/202605:52,141.23,1.24,175.12519999999998,54.2,2.4699999999999998,133.874,133.4,0.8,15.0,198.7,23647.0,44734.0,23.8,20.5,26.0,30.27,10.5,11.0,428.0,3.0,0.7644473782185546
2026-04-05T17:52:54,04/05/202605:52,141.07999999999998,1.29,181.99319999999997,54.2,2.6,140.92000000000002,140.4,0.8,16.0,198.7,23647.0,44734.0,23.8,20.5,26.0,30.27,10.5,11.0,428.0,3.0,0.7743146447229898
2026-04-05T17:53:01,04/05/202605:53,141.06,1.3,183.37800000000001,54.2,2.6,140.92000000000002,140.4,0.8,16.0,198.7,23647.0,44734.0,23.8,20.5,26.0,30.27,10.5,11.0,428.0,3.0,0.7684673188714023
2026-04-05T17:53:54,04/05/202605:53,141.07999999999998,1.29,181.99319999999997,54.2,2.58,139.836,139.3,0.8,16.0,198.7,23647.0,44734.0,23.8,20.5,26.0,30.27,10.5,11.0,428.0,3.0,0.7683583782251207
2026-04-05T17:54:01,04/05/202605:54,141.1,1.28,180.608,54.2,2.56,138.752,138.2,0.8,16.0,198.7,23647.0,44734.0,23.8,20.5,26.0,30.27,10.5,11.0,428.0,3.0,0.7682494684620836
2026-04-05T17:54:53,04/05/202605:54,141.20999999999998,1.24,175.10039999999998,54.2,2.44,132.248,131.7,0.8,16.0,198.7,23647.0,44734.0,23.8,20.5,26.0,30.27,10.5,11.0,428.0,3.0,0.7552695482134821
2026-04-05T17:55:00,04/05/202605:55,141.32,1.2,169.58399999999997,54.2,2.32,125.744,125.2,0.8,16.0,198.7,23647.0,44734.0,23.8,20.5,26.0,30.27,10.5,11.0,428.0,3.0,0.741485045759034
2026-04-05T17:55:54,04/05/202605:55,141.41,1.1600000000000001,164.03560000000002,54.2,2.23,120.866,120.3,0.8,16.0,198.7,23647.0,44734.0,23.8,20.5,26.0,30.27,10.5,11.0,428.0,3.0,0.736827859318343
2026-04-05T17:56:01,04/05/202605:56,141.5,1.12,158.48000000000002,54.2,2.1399999999999997,115.98799999999999,115.4,0.8,16.0,198.7,23647.0,44734.0,23.8,20.5,26.0,30.27,10.5,11.0,428.0,3.0,0.7318778394750124
2026-04-05T17:56:54,04/05/202605:56,141.59,1.1,155.74900000000002,54.2,2.06,111.65200000000002,111.1,0.8,16.0,198.7,23647.0,44734.0,23.8,20.5,26.0,30.27,10.5,11.0,428.0,3.0,0.7168713763812288
2026-04-05T17:57:01,04/05/202605:57,141.68,1.08,153.01440000000002,54.2,1.98,107.316,106.8,0.8,16.0,198.7,23647.0,44734.0,23.8,20.5,26.0,30.27,10.5,11.0,428.0,3.0,0.7013457556935817
2026-04-05T17:58:34,04/05/202605:58,141.73999999999998,1.06,150.24439999999998,54.2,1.94,105.148,104.6,0.8,16.0,198.7,23647.0,44734.0,23.8,20.5,26.0,30.27,10.5,11.0,428.0,3.0,0.6998463836256127
2026-04-05T17:58:53,04/05/202605:58,141.76,1.05,148.84799999999998,54.2,1.94,105.148,104.6,0.8,16.0,198.7,23647.0,44734.0,23.8,20.5,26.0,30.27,10.5,11.0,428.0,3.0,0.7064119101365152
2026-04-05T17:59:00,04/05/202605:59,141.73,1.06,150.2338,54.2,1.97,106.774,106.2,0.8,16.0,198.7,23647.0,44734.0,23.8,20.5,26.0,30.27,10.5,11.0,428.0,3.0,0.7107188928190593
2026-04-05T17:59:54,04/05/202605:59,141.79000000000002,1.04,147.46160000000003,54.2,1.92,104.06400000000001,103.5,0.8,16.0,198.7,23647.0,44734.0,23.8,20.5,26.0,30.27,10.5,11.0,428.0,3.0,0.7057023659040725
2026-04-05T18:00:00,04/05/202606:00,141.77,1.05,148.85850000000002,54.2,1.95,105.69,105.2,0.8,16.0,198.7,23647.0,44734.0,23.8,20.5,26.0,30.27,10.5,11.0,428.0,3.0,0.7100031237719041
2026-04-05T18:00:42,04/05/202606:00,141.67000000000002,1.1,155.83700000000002,54.2,2.05,111.11,110.7,0.8,16.0,198.7,23647.0,44734.0,23.8,20.48,26.0,30.27,10.481,11.2,422.5,2.9699999999999998,0.712988571391903
2026-04-05T18:01:00,04/05/202606:01,141.65,1.12,158.64800000000002,54.2,2.09,113.27799999999999,112.9,0.8,16.0,198.7,23647.0,44734.0,23.8,20.46,26.0,30.27,10.462,11.4,417.0,2.94,0.7140209772578285
2026-04-05T18:01:42,04/05/202606:01,141.64000000000001,1.1400000000000001,161.46960000000004,54.2,2.13,115.446,115.1,0.8,16.0,198.7,23647.0,44734.0,23.8,20.44,26.0,30.27,10.443000000000001,11.6,411.5,2.91,0.7149704959942922
2026-04-05T18:02:01,04/05/202606:02,141.62,1.16,164.2792,54.2,2.19,118.69800000000001,118.4,0.8,16.0,198.7,23647.0,44734.0,23.8,20.419999999999998,26.0,30.27,10.424000000000001,11.8,406.0,2.88,0.7225382154283683
2026-04-05T18:02:42,04/05/202606:02,141.6,1.17,165.672,54.2,2.25,121.95,121.7,0.8,16.0,198.7,23647.0,44734.0,23.8,20.4,26.0,30.27,10.405,12.0,400.5,2.85,0.7360930030421556
2026-04-05T18:03:01,04/05/202606:03,141.57999999999998,1.1800000000000002,167.0644,54.2,2.2800000000000002,123.57600000000002,123.4,0.8,16.0,198.7,23647.0,44734.0,23.8,20.380000000000003,26.0,30.27,10.386,12.2,395.0,2.8200000000000003,0.7396908018704166
2026-04-05T18:03:42,04/05/202606:03,141.63,1.1800000000000002,167.1234,54.2,2.26,122.49199999999999,122.3,0.8,16.0,198.7,23647.0,44734.0,23.8,20.36,26.0,30.27,10.367,12.4,389.5,2.79,0.7329434417921128
2026-04-05T18:04:00,04/05/202606:04,141.68,1.1800000000000002,167.18240000000003,54.2,2.2399999999999998,121.40799999999999,121.2,0.8,16.0,198.7,23647.0,44734.0,23.8,20.34,26.0,30.27,10.348,12.6,384.0,2.7600000000000002,0.726200844107992
2026-04-05T18:04:43,04/05/202606:04,141.73,1.1800000000000002,167.2414,54.2,2.2399999999999998,121.40799999999999,121.2,0.8,16.0,198.7,23647.0,44734.0,23.8,20.32,26.0,30.27,10.329,12.8,378.5,2.73,0.7259446524604553
2026-04-05T18:05:01,04/05/202606:05,141.78,1.1800000000000002,167.30040000000002,54.2,2.2399999999999998,121.40799999999999,121.2,0.8,16.0,198.7,23647.0,44734.0,23.8,20.3,26.0,30.27,10.31,13.0,373.0,2.7,0.725688641509524
2026-04-05T18:05:42,04/05/202606:05,141.95,1.1199999999999999,158.98399999999998,54.2,2.1,113.82000000000001,113.6,0.8,16.0,198.7,23647.0,44734.0,23.8,20.3,26.0,30.27,10.31,13.0,373.0,2.7,0.7159210989785137
2026-04-05T18:06:01,04/05/202606:06,142.12,1.06,150.64720000000003,54.2,1.9599999999999997,106.23199999999999,106.0,0.8,16.0,198.7,23647.0,44734.0,23.8,20.3,26.0,30.27,10.31,13.0,373.0,2.7,0.7051707565756281
2026-04-05T18:06:42,04/05/202606:06,140.92000000000002,1.08,152.19360000000003,54.2,1.98,107.316,107.0,0.8,16.0,198.7,23647.0,44734.0,23.8,20.3,26.0,30.27,10.31,13.0,373.0,2.7,0.705128205128205
2026-04-05T18:07:00,04/05/202606:07,139.72,1.1,153.692,54.2,2.0,108.4,108.0,0.8,16.0,198.7,23647.0,44734.0,23.8,20.3,26.0,30.27,10.31,13.0,373.0,2.7,0.7053067173307654
2026-04-05T18:07:43,04/05/202606:07,139.85999999999999,1.05,146.85299999999998,54.2,1.8800000000000001,101.89600000000002,101.5,0.8,16.0,198.7,23647.0,44734.0,23.8,20.3,26.0,30.27,10.31,13.0,373.0,2.7,0.6938639319591703
2026-04-05T18:08:01,04/05/202606:08,140.0,1.0,140.0,54.2,1.7600000000000002,95.39200000000002,95.0,0.8,16.0,198.7,23647.0,44734.0,23.8,20.3,26.0,30.27,10.31,13.0,373.0,2.7,0.6813714285714287
2026-04-05T18:09:46,04/05/202606:09,138.68,1.03,142.84040000000002,54.2,1.83,99.186,98.8,0.8,16.0,198.7,23647.0,44734.0,23.8,20.3,26.0,30.27,10.31,13.0,373.0,2.7,0.694383381732339
2026-04-05T18:10:01,04/05/202606:10,137.35999999999999,1.06,145.6016,54.2,1.9,102.98,102.6,0.8,16.0,198.7,23647.0,44734.0,23.8,20.3,26.0,30.27,10.31,13.0,373.0,2.7,0.7072724475555214
2026-04-05T18:10:42,04/05/202606:10,137.3,1.06,145.538,54.2,1.8800000000000001,101.89600000000002,101.5,0.8,16.0,198.7,23647.0,44734.0,23.8,20.3,26.0,30.27,10.31,13.0,373.0,2.7,0.7001332985199742
2026-04-05T18:10:46,04/05/202606:10,137.17000000000002,1.08,148.14360000000002,54.2,1.9100000000000001,103.52200000000002,103.1,0.8,16.0,198.7,23647.0,44734.0,23.8,20.3,26.0,30.27,10.31,13.0,373.0,2.7,0.6987949530050573
2026-04-05T18:11:00,04/05/202606:11,137.0,1.1199999999999999,153.44,54.2,2.0100000000000002,108.94200000000002,108.5,0.8,16.0,198.7,23647.0,44734.0,23.8,20.3,26.0,30.27,10.31,13.0,373.0,2.7,0.7099973931178313
2026-04-05T18:11:47,04/05/202606:11,136.85,1.16,158.74599999999998,54.2,2.1100000000000003,114.36200000000002,113.9,0.8,16.0,198.7,23647.0,44734.0,23.8,20.3,26.0,30.27,10.31,13.0,373.0,2.7,0.7204087032114197
2026-04-05T18:12:00,04/05/202606:12,138.06,1.12,154.62720000000002,54.2,2.05,111.11,110.7,0.8,16.0,198.7,23647.0,44734.0,23.8,20.3,26.0,30.27,10.31,13.0,373.0,2.7,0.7185669791601994
2026-04-05T18:12:47,04/05/202606:12,139.20999999999998,1.09,151.7389,54.2,2.0100000000000002,108.94200000000002,108.6,0.9,16.0,198.7,23647.0,44734.0,23.8,20.3,26.0,30.27,10.31,13.0,373.0,2.7,0.7179569642326392
2026-04-05T18:13:01,04/05/202606:13,139.02,1.1400000000000001,158.48280000000003,54.2,2.1100000000000003,114.36200000000002,114.0,0.9,16.0,198.7,23647.0,44734.0,23.8,20.3,26.0,30.27,10.31,13.0,373.0,2.7,0.7216051205556692
2026-04-05T18:13:47,04/05/202606:13,138.63,1.19,164.9697,54.2,2.23,120.866,120.5,0.9,16.0,198.7,23647.0,44734.0,23.8,20.3,26.0,30.27,10.31,13.0,373.0,2.7,0.7326557543597401
2026-04-05T18:14:00,04/05/202606:14,139.67000000000002,1.16,162.0172,54.2,2.17,117.614,117.3,0.9,16.0,198.7,23647.0,44734.0,23.8,20.3,26.0,30.27,10.31,13.0,373.0,2.7,0.7259352710699851
2026-04-05T18:14:47,04/05/202606:14,141.07,1.09,153.7663,54.2,2.0100000000000002,108.94200000000002,108.6,0.9,16.0,198.7,23647.0,44734.0,23.8,20.3,26.0,30.27,10.31,13.0,373.0,2.7,0.7084907421196973
2026-04-05T18:15:00,04/05/202606:15,141.12,1.08,152.4096,54.2,2.0,108.4,108.0,0.9,16.0,198.7,23647.0,44734.0,23.8,20.3,26.0,30.27,10.31,13.0,373.0,2.7,0.711241286638112
2026-04-05T18:15:47,04/05/202606:15,139.89000000000001,1.1199999999999999,156.67680000000001,54.2,2.07,112.194,111.8,0.9,16.0,198.7,23647.0,44734.0,23.8,20.3,26.0,30.27,10.31,13.0,373.0,2.7,0.7160855978677123
2026-04-05T18:16:01,04/05/202606:16,138.66,1.16,160.8456,54.2,2.1399999999999997,115.98799999999999,115.6,0.9,16.0,198.7,23647.0,44734.0,23.8,20.3,26.0,30.27,10.31,13.0,373.0,2.7,0.7211139129699538
2026-04-05T18:16:47,04/05/202606:16,138.78,1.1199999999999999,155.43359999999998,54.2,2.05,111.11,110.7,0.9,16.0,198.7,23647.0,44734.0,23.8,20.28,26.0,30.27,10.323,13.2,367.6,2.65,0.7148390052086551
2026-04-05T18:17:00,04/05/202606:17,138.9,1.08,150.01200000000003,54.2,1.9600000000000002,106.23200000000001,105.8,0.9,16.0,198.7,23647.0,44734.0,23.8,20.26,26.0,30.27,10.336,13.4,362.2,2.6,0.7081566807988694
2026-04-05T18:17:46,04/05/202606:17,139.04000000000002,1.05,145.99200000000002,54.2,1.9,102.98,102.5,0.9,16.0,198.7,23647.0,44734.0,23.8,20.240000000000002,26.0,30.27,10.349,13.6,356.8,2.55,0.7053811167735218
2026-04-05T18:18:01,04/05/202606:18,139.18,1.02,141.9636,54.2,1.8399999999999999,99.728,99.2,0.9,16.0,198.7,23647.0,44734.0,23.8,20.220000000000002,26.0,30.27,10.362,13.8,351.4,2.5,0.7024899340394297
2026-04-05T18:18:47,04/05/202606:18,138.09,1.0699999999999998,147.75629999999998,54.2,1.94,105.148,104.6,0.9,16.0,198.7,23647.0,44734.0,23.8,20.2,26.0,30.27,10.375,14.0,346.0,2.45,0.7116312468571561
2026-04-05T18:19:00,04/05/202606:19,137.0,1.1199999999999999,153.44,54.2,2.04,110.56800000000001,110.0,0.9,16.0,198.7,23647.0,44734.0,23.8,20.18,26.0,30.27,10.388,14.2,340.6,2.4,0.7205943691345152
2026-04-05T18:20:58,04/05/202606:20,135.54000000000002,1.21,164.00340000000003,54.2,2.2199999999999998,120.324,119.8,0.9,16.0,198.7,23647.0,44734.0,23.8,20.160000000000004,26.0,30.27,10.401,14.4,335.2,2.35,0.7336677166448987
2026-04-05T18:21:01,04/05/202606:21,134.07999999999998,1.3,174.30399999999997,54.2,2.4,130.08,129.6,0.9,16.0,198.7,23647.0,44734.0,23.8,20.14,26.0,30.27,10.414,14.6,329.8,2.3,0.7462823572608778
2026-04-05T18:21:44,04/05/202606:21,135.2,1.27,171.70399999999998,54.2,2.3600000000000003,127.91200000000002,127.4,0.9,17.0,198.7,23647.0,44734.0,23.8,20.12,26.0,30.27,10.427,14.8,324.4,2.25,0.7449564366584357
2026-04-05T18:22:01,04/05/202606:22,136.32,1.24,169.0368,54.2,2.32,125.744,125.2,0.9,17.0,198.7,23647.0,44734.0,23.8,20.1,26.0,30.27,10.44,15.0,319.0,2.2,0.7438853551416023
2026-04-05T18:22:44,04/05/202606:22,134.94,1.3199999999999998,178.12079999999997,54.2,2.4899999999999998,134.958,134.4,0.9,17.0,198.7,23647.0,44734.0,23.8,20.1,26.0,30.27,10.44,15.0,319.0,2.2,0.7576768125901074
2026-04-05T18:23:56,04/05/202606:23,134.93,1.3199999999999998,178.1076,54.2,2.4899999999999998,134.958,134.4,0.9,17.0,198.7,23647.0,44734.0,23.8,20.1,26.0,30.27,10.44,15.0,319.0,2.2,0.7577329659149863
2026-04-05T18:24:01,04/05/202606:24,134.95999999999998,1.3,175.44799999999998,54.2,2.44,132.248,131.7,0.9,17.0,198.7,23647.0,44734.0,23.8,20.1,26.0,30.27,10.44,15.0,319.0,2.2,0.7537731977566002
2026-04-05T18:24:56,04/05/202606:24,134.97,1.2799999999999998,172.76159999999996,54.2,2.3899999999999997,129.53799999999998,129.0,0.9,17.0,198.7,23647.0,44734.0,23.8,20.1,26.0,30.27,10.44,15.0,319.0,2.2,0.7498078276654072
2026-04-05T18:25:00,04/05/202606:25,136.41,1.18,160.9638,54.2,2.16,117.07200000000002,116.5,0.9,17.0,198.7,23647.0,44734.0,23.8,20.1,26.0,30.27,10.44,15.0,319.0,2.2,0.727318813298394
2026-04-05T18:25:56,04/05/202606:25,137.92000000000002,1.06,146.19520000000003,54.2,1.8399999999999999,99.728,99.1,0.9,17.0,198.7,23647.0,44734.0,23.8,20.1,26.0,30.27,10.44,15.0,319.0,2.2,0.6821564593091974
2026-04-05T18:26:01,04/05/202606:26,139.44,0.9400000000000001,131.0736,54.2,1.54,83.468,82.8,0.9,17.0,198.7,23647.0,44734.0,23.8,20.1,26.0,30.27,10.44,15.0,319.0,2.2,0.6368025292660002
2026-04-05T18:26:12,04/05/202606:26,140.6,0.93,130.758,54.2,1.53,82.926,82.3,0.9,17.0,198.7,23647.0,44734.0,23.8,20.1,26.0,30.27,10.44,15.0,319.0,2.2,0.634194466112972
2026-04-05T18:27:01,04/05/202606:27,140.53,0.97,136.3141,54.2,1.61,87.26200000000001,86.7,0.9,17.0,198.7,23647.0,44734.0,23.8,20.1,26.0,30.27,10.44,15.0,319.0,2.2,0.6401538798994383
2026-04-05T18:27:12,04/05/202606:27,140.64,0.96,135.0144,54.2,1.58,85.63600000000001,85.1,0.9,17.0,198.7,23647.0,44734.0,23.8,20.1,26.0,30.27,10.44,15.0,319.0,2.2,0.6342730849450133
2026-04-05T18:28:00,04/05/202606:28,141.88,0.9199999999999999,130.5296,54.2,1.5,81.30000000000001,80.8,0.9,17.0,198.7,23647.0,44734.0,23.8,20.1,26.0,30.27,10.44,15.0,319.0,2.2,0.622847231585786
2026-04-05T18:28:12,04/05/202606:28,141.70999999999998,0.96,136.0416,54.2,1.6199999999999999,87.804,87.3,0.9,17.0,198.7,23647.0,44734.0,23.8,20.1,26.0,30.27,10.44,15.0,319.0,2.2,0.6454202244019477
2026-04-05T18:29:01,04/05/202606:29,141.54000000000002,1.0,141.54000000000002,54.2,1.7399999999999998,94.30799999999999,93.8,0.9,17.0,198.7,23647.0,44734.0,23.8,20.1,26.0,30.27,10.44,15.0,319.0,2.2,0.666299279355659
2026-04-05T18:29:12,04/05/202606:29,141.47,1.02,144.2994,54.21,1.8,97.578,97.1,0.9,17.0,198.7,23647.0,44734.0,23.8,20.15,26.0,30.27,10.291,14.8,319.1,2.2,0.6762190279377461
2026-04-05T18:30:00,04/05/202606:30,141.4,1.04,147.056,54.220000000000006,1.86,100.84920000000001,100.4,0.9,17.0,198.7,23647.0,44734.0,23.8,20.2,26.0,30.27,10.142,14.6,319.2,2.2,0.6857877271243608
2026-04-05T18:30:12,04/05/202606:30,141.26,1.09,153.9734,54.220000000000006,2.0100000000000002,108.98220000000002,108.6,0.9,17.0,198.7,23647.0,44734.0,23.8,20.25,26.0,30.27,9.992999999999999,14.4,319.3,2.2,0.707798879546727
2026-04-05T18:32:09,04/05/202606:32,141.17000000000002,1.12,158.11040000000003,54.23,2.1,113.883,113.5,0.9,17.0,198.7,23647.0,44734.0,23.8,20.28,26.0,30.27,9.85,14.3,313.8,2.16,0.7202752001133383
2026-04-05T18:32:12,04/05/202606:32,141.22,1.1,155.342,54.23,2.07,112.25609999999999,111.8,0.9,17.0,198.7,23647.0,44734.0,23.8,20.310000000000002,26.0,30.267000000000003,9.706999999999999,14.2,308.3,2.12,0.7226384364820846
2026-04-05T18:33:00,04/05/202606:33,141.27,1.08,152.57160000000002,54.23,2.04,110.6292,110.1,0.9,17.0,198.7,23647.0,44734.0,23.8,20.34,26.0,30.264,9.564,14.1,302.8,2.08,0.7250969380933279
2026-04-05T18:33:12,04/05/202606:33,141.37,1.04,147.0248,54.23,1.95,105.74849999999999,105.2,0.9,17.0,198.7,23647.0,44734.0,23.8,20.369999999999997,26.0,30.261000000000003,9.421,14.0,297.3,2.04,0.7192562071160783
2026-04-05T18:34:00,04/05/202606:34,141.47,1.0,141.47,54.23,1.8599999999999999,100.86779999999999,100.3,0.9,17.0,198.7,23647.0,44734.0,23.8,20.4,26.0,30.258,9.278,13.9,291.8,2.0,0.7129978087226974
2026-04-05T18:34:12,04/05/202606:34,141.48,1.0,141.48,54.220000000000006,1.8399999999999999,99.76480000000001,99.2,0.9,17.0,198.7,23647.0,44734.0,23.8,20.43,26.0,30.255000000000003,9.135,13.8,286.3,1.9600000000000002,0.7051512581283574
2026-04-05T18:34:55,04/05/202606:34,141.57999999999998,0.97,137.33259999999999,54.23,1.73,93.8179,93.3,0.9,17.0,198.7,23647.0,44734.0,23.8,20.46,26.0,30.252,8.992,13.7,280.8,1.92,0.6831436963983789
2026-04-05T18:35:01,04/05/202606:35,141.6,0.96,135.93599999999998,54.23,1.6800000000000002,91.10640000000001,90.6,0.9,17.0,198.7,23647.0,44734.0,23.8,20.439999999999998,26.0,30.249000000000002,8.998,13.8,275.2,1.8800000000000001,0.6702153954802261
2026-04-05T18:35:16,04/05/202606:35,141.35,1.02,144.177,54.23,1.8199999999999998,98.69859999999998,98.2,0.9,17.0,198.7,23647.0,44734.0,23.8,20.419999999999998,26.0,30.246,9.004,13.9,269.6,1.8400000000000003,0.6845654993514915
2026-04-05T18:36:00,04/05/202606:36,141.1,1.0699999999999998,150.97699999999998,54.239999999999995,1.9600000000000002,106.3104,105.8,0.9,17.0,198.7,23647.0,44734.0,23.8,20.4,26.0,30.243000000000002,9.01,14.0,264.0,1.8,0.7041496386866875
2026-04-05T18:36:16,04/05/202606:36,140.93,1.1099999999999999,156.4323,54.23,2.08,112.7984,112.3,0.9,17.0,198.7,23647.0,44734.0,23.8,20.4,26.0,30.24,9.01,14.0,264.0,1.8,0.7210684749888611
2026-04-05T18:37:00,04/05/202606:37,140.98,1.09,153.6682,54.23,2.0300000000000002,110.08690000000001,109.6,0.9,17.0,198.7,23647.0,44734.0,23.8,20.4,26.0,30.24,9.01,14.0,264.0,1.8,0.7163935023641846
2026-04-05T18:37:16,04/05/202606:37,140.93,1.09,153.61370000000002,54.239999999999995,2.04,110.64959999999999,110.2,0.9,17.0,198.7,23647.0,44734.0,23.8,20.4,26.0,30.24,9.01,14.0,264.0,1.8,0.7203107535330506
2026-04-05T18:38:01,04/05/202606:38,140.65,1.16,163.154,54.25,2.2199999999999998,120.43499999999999,120.0,0.9,17.0,198.7,23647.0,44734.0,23.8,20.4,26.0,30.24,9.01,14.0,264.0,1.8,0.7381676207754636
2026-04-05T18:38:16,04/05/202606:38,140.41,1.22,171.3002,54.25,2.38,129.11499999999998,128.7,0.9,17.0,198.7,23647.0,44734.0,23.8,20.4,26.0,30.24,9.01,14.0,264.0,1.8,0.7537352554170981
2026-04-05T18:39:00,04/05/202606:39,140.3,1.24,173.972,54.260000000000005,2.44,132.39440000000002,132.0,0.9,17.0,198.7,23647.0,44734.0,23.8,20.4,26.0,30.24,9.01,14.0,264.0,1.8,0.7610098176718093
2026-04-05T18:39:17,04/05/202606:39,140.15,1.27,177.9905,54.25,2.54,137.79500000000002,137.4,0.9,17.0,198.7,23647.0,44734.0,23.8,20.4,26.0,30.24,9.01,14.0,264.0,1.8,0.7741705315733144
2026-04-05T18:39:34,04/05/202606:39,140.02,1.3,182.026,54.239999999999995,2.62,142.1088,141.7,0.9,17.0,198.7,23647.0,44734.0,23.8,20.4,26.0,30.24,9.01,14.0,264.0,1.8,0.7807060529814421
2026-04-05T18:40:00,04/05/202606:40,140.16,1.26,176.6016,54.23,2.5100000000000002,136.1173,135.7,0.9,17.0,198.7,23647.0,44734.0,23.8,20.4,26.0,30.24,9.01,14.0,264.0,1.8,0.7707591550699427
2026-04-05T18:40:34,04/05/202606:40,140.10999999999999,1.27,177.9397,54.220000000000006,2.5100000000000002,136.09220000000002,135.7,0.9,17.0,198.7,23647.0,44734.0,23.8,20.4,26.0,30.24,9.01,14.0,264.0,1.8,0.7648220155479639
2026-04-05T18:41:01,04/05/202606:41,139.93,1.31,183.3083,54.220000000000006,2.59,140.4298,140.1,0.9,17.0,198.7,23647.0,44734.0,23.8,20.4,26.0,30.24,9.01,14.0,264.0,1.8,0.7660853327427072
2026-04-05T18:41:34,04/05/202606:41,139.79000000000002,1.33,185.92070000000004,54.220000000000006,2.65,143.68300000000002,143.4,0.9,17.0,198.7,23647.0,44734.0,23.8,20.4,26.0,30.24,9.01,14.0,264.0,1.8,0.7728187340086391
2026-04-05T18:43:56,04/05/202606:43,140.02,1.25,175.025,54.21,2.46,133.3566,133.1,0.9,17.0,198.7,23647.0,44734.0,23.8,20.4,26.0,30.24,9.01,14.0,264.0,1.8,0.7619288673046707
2026-04-05T18:44:01,04/05/202606:44,140.25,1.1700000000000002,164.09250000000003,54.2,2.27,123.034,122.8,0.9,17.0,198.7,23647.0,44734.0,23.8,20.4,26.0,30.24,9.01,14.0,264.0,1.8,0.7497844203726556
2026-04-05T18:44:56,04/05/202606:44,140.14000000000001,1.19,166.7666,54.2,2.2800000000000002,123.57600000000002,123.3,0.9,17.0,198.7,23647.0,44734.0,23.8,20.4,26.0,30.24,9.01,14.0,264.0,1.8,0.7410116893910412
2026-04-05T18:45:01,04/05/202606:45,140.03,1.21,169.4363,54.2,2.29,124.11800000000001,123.8,0.9,17.0,198.7,23647.0,44734.0,23.8,20.4,26.0,30.24,9.01,14.0,264.0,1.8,0.7325348818405502
2026-04-05T18:45:56,04/05/202606:45,140.15,1.16,162.57399999999998,54.2,2.15,116.53,116.2,0.9,17.0,198.7,23647.0,44734.0,23.8,20.369999999999997,26.0,30.24,8.991,14.2,258.5,1.7600000000000002,0.7167812811396657
2026-04-05T18:46:01,04/05/202606:46,140.25,1.1099999999999999,155.67749999999998,54.2,2.0300000000000002,110.02600000000002,109.7,0.9,17.0,198.7,23647.0,44734.0,23.8,20.339999999999996,26.0,30.24,8.972,14.4,253.0,1.72,0.7067559538147776
2026-04-05T18:46:12,04/05/202606:46,140.0,1.15,161.0,54.21,2.13,115.4673,115.1,0.9,17.0,198.7,23647.0,44734.0,23.8,20.31,26.0,30.24,8.953,14.6,247.5,1.6800000000000002,0.717188198757764
2026-04-05T18:47:01,04/05/202606:47,139.94,1.1400000000000001,159.53160000000003,54.220000000000006,2.12,114.94640000000003,114.5,0.9,17.0,198.7,23647.0,44734.0,23.8,20.28,26.0,30.24,8.934000000000001,14.8,242.0,1.64,0.7205243349906852
2026-04-05T18:47:12,04/05/202606:47,139.67000000000002,1.1400000000000001,159.22380000000004,54.220000000000006,2.15,116.57300000000001,116.0,0.9,18.0,198.7,23647.0,44734.0,23.8,20.25,26.0,30.24,8.915000000000001,15.0,236.5,1.6,0.732133010266053
2026-04-05T18:48:00,04/05/202606:48,139.35999999999999,1.16,161.65759999999997,54.220000000000006,2.2,119.28400000000002,118.6,0.9,18.0,198.7,23647.0,44734.0,23.8,20.22,26.0,30.24,8.896,15.2,231.0,1.56,0.7378805574250764
2026-04-05T18:48:12,04/05/202606:48,135.76,1.21,164.2696,54.220000000000006,2.27,123.07940000000002,122.3,0.9,18.0,198.7,23647.0,44734.0,23.8,20.19,26.0,30.24,8.876999999999999,15.4,225.5,1.52,0.7492524484140707
2026-04-05T18:49:29,04/05/202606:49,132.16,1.23,162.55679999999998,54.21,2.26,122.51459999999999,121.7,0.9,18.0,198.7,23647.0,44734.0,23.8,20.160000000000004,26.0,30.24,8.858,15.6,220.0,1.48,0.7536725624520167
2026-04-05T18:50:01,04/05/202606:50,128.85999999999999,1.16,149.47759999999997,54.2,2.07,112.194,111.4,0.9,18.0,198.7,23647.0,44734.0,23.8,20.130000000000003,26.0,30.24,8.839,15.8,214.5,1.44,0.7505739990473491
2026-04-05T18:50:29,04/05/202606:50,125.55999999999999,1.09,136.8604,54.19,1.8699999999999999,101.33529999999999,100.6,0.9,18.0,198.7,23647.0,44734.0,23.8,20.1,26.0,30.24,8.82,16.0,209.0,1.4,0.7404282027525858
2026-04-05T18:51:01,04/05/202606:51,121.97999999999999,1.1099999999999999,135.39779999999996,54.17999999999999,1.8699999999999999,101.31659999999998,100.6,0.9,18.0,198.7,23647.0,44734.0,23.8,20.1,26.0,30.24,8.82,16.0,209.0,1.4,0.7482883769160209
2026-04-05T18:51:30,04/05/202606:51,118.39000000000001,1.12,132.59680000000003,54.17,1.8800000000000001,101.8396,101.1,0.9,18.0,198.7,23647.0,44734.0,23.8,20.1,26.0,30.24,8.82,16.0,209.0,1.4,0.7680396510323023
2026-04-05T18:52:01,04/05/202606:52,115.15,1.04,119.75600000000001,54.15,1.67,90.4305,89.7,0.9,18.0,198.7,23647.0,44734.0,23.8,20.1,26.0,30.24,8.82,16.0,209.0,1.4,0.7551229165970806
2026-04-05T18:53:01,04/05/202606:53,111.91,0.96,107.4336,54.13000000000001,1.46,79.02980000000001,78.3,0.9,18.0,198.7,23647.0,44734.0,23.8,20.1,26.0,30.24,8.82,16.0,209.0,1.4,0.7356153009859114
2026-04-05T18:54:32,04/05/202606:54,108.88,0.8699999999999999,94.72559999999999,54.120000000000005,1.22,66.02640000000001,65.4,0.9,18.0,198.7,23647.0,44734.0,23.8,20.1,26.0,30.24,8.82,16.0,209.0,1.4,0.6970280473282832
2026-04-05T18:55:00,04/05/202606:55,105.85,0.78,82.563,54.11,0.9800000000000001,53.027800000000006,52.5,0.9,18.0,198.7,23647.0,44734.0,23.8,20.1,26.0,30.24,8.82,16.0,209.0,1.4,0.6422707508205856
2026-04-05T18:55:56,04/05/202606:55,105.84,0.74,78.3216,54.1,0.9,48.690000000000005,48.2,0.9,18.0,198.7,23647.0,44734.0,23.8,20.1,26.0,30.24,8.82,16.0,209.0,1.4,0.6216675859533003
2026-04-05T18:56:01,04/05/202606:56,105.83,0.73,77.2559,54.1,0.9,48.690000000000005,48.2,0.9,18.0,198.7,23647.0,44734.0,23.8,20.1,26.0,30.24,8.82,16.0,209.0,1.4,0.6302431270621404
2026-04-05T18:56:56,04/05/202606:56,105.80999999999999,0.72,76.18319999999999,54.1,0.8800000000000001,47.608000000000004,47.1,0.9,18.0,198.7,23647.0,44734.0,23.8,20.1,26.0,30.24,8.82,16.0,209.0,1.4,0.6249146793518783
2026-04-05T18:57:01,04/05/202606:57,105.79,0.71,75.1109,54.1,0.8699999999999999,47.06699999999999,46.5,0.9,18.0,198.7,23647.0,44734.0,23.8,20.1,26.0,30.24,8.82,16.0,209.0,1.4,0.6266334180525063
2026-04-05T18:57:56,04/05/202606:57,105.77000000000001,0.7,74.039,54.1,0.8699999999999999,47.06699999999999,46.5,0.9,18.0,198.7,23647.0,44734.0,23.8,20.1,26.0,30.24,8.82,16.0,209.0,1.4,0.6357055065573548
2026-04-05T18:58:01,04/05/202606:58,105.75999999999999,0.7,74.03199999999998,54.1,0.86,46.526,46.0,0.9,18.0,198.7,23647.0,44734.0,23.8,20.1,26.0,30.24,8.82,16.0,209.0,1.4,0.6284579641236224
2026-04-05T18:59:12,04/05/202606:59,105.75,0.7,74.02499999999999,54.089999999999996,0.85,45.976499999999994,45.5,0.9,18.0,198.7,23647.0,44734.0,23.8,20.1,26.0,30.24,8.82,16.0,209.0,1.4,0.6210942249240121
2026-04-05T18:59:38,04/05/202606:59,105.74000000000001,0.69,72.9606,54.1,0.8400000000000001,45.444,45.0,0.9,18.0,198.7,23647.0,44734.0,23.8,20.1,26.0,30.24,8.82,16.0,209.0,1.4,0.6228567199282901
2026-04-05T19:00:00,04/05/202607:00,105.72999999999999,0.6799999999999999,71.89639999999999,54.11,0.82,44.3702,43.9,0.9,18.0,198.7,23647.0,44734.0,23.8,20.1,26.0,30.24,8.82,16.0,209.0,1.4,0.6171407747814912
2026-04-05T19:00:39,04/05/202607:00,105.72,0.6699999999999999,70.83239999999999,54.11,0.79,42.746900000000004,42.2,0.9,18.0,198.7,23647.0,44734.0,23.8,20.07,26.0,30.24,8.758,16.1,203.6,1.3699999999999999,0.6034935989744807
2026-04-05T19:01:01,04/05/202607:01,105.71,0.6599999999999999,69.76859999999999,54.11,0.77,41.6647,41.1,0.9,18.0,198.7,23647.0,44734.0,23.8,20.04,26.0,30.24,8.696000000000002,16.2,198.2,1.3399999999999999,0.5971841200769402
2026-04-05T19:01:39,04/05/202607:01,105.69000000000001,0.65,68.69850000000001,54.11,0.75,40.582499999999996,40.0,0.9,18.0,198.7,23647.0,44734.0,23.8,20.01,26.0,30.24,8.634,16.3,192.8,1.31,0.5907334221271205
2026-04-05T19:02:01,04/05/202607:02,105.67999999999999,0.6399999999999999,67.63519999999998,54.11,0.75,40.582499999999996,40.0,0.9,18.0,198.7,23647.0,44734.0,23.8,19.98,26.0,30.24,8.572,16.4,187.4,1.28,0.6000204035768358
2026-04-05T19:02:38,04/05/202607:02,105.67,0.6199999999999999,65.51539999999999,54.11,0.74,40.041399999999996,39.5,0.9,18.0,198.7,23647.0,44734.0,23.8,19.95,26.0,30.24,8.51,16.5,182.0,1.25,0.6111753877714248
2026-04-05T19:03:01,04/05/202607:03,105.66,0.6,63.395999999999994,54.11,0.72,38.959199999999996,38.4,0.9,18.0,198.7,23647.0,44734.0,23.8,19.92,26.0,30.24,8.447999999999999,16.6,176.6,1.22,0.6145371947756956
2026-04-05T19:03:39,04/05/202607:03,105.64000000000001,0.58,61.27120000000001,54.11,0.7,37.876999999999995,37.3,0.9,18.0,198.7,23647.0,44734.0,23.8,19.89,26.0,30.24,8.386,16.7,171.2,1.19,0.618186031936701
2026-04-05T19:04:01,04/05/202607:04,105.62,0.5599999999999999,59.1472,54.120000000000005,0.6799999999999999,36.8016,36.2,0.9,18.0,198.7,23647.0,44734.0,23.8,19.860000000000003,26.0,30.24,8.324,16.8,165.8,1.1600000000000001,0.6222035869829848
2026-04-05T19:05:44,04/05/202607:05,105.6,0.55,58.08,54.11,0.65,35.1715,34.6,0.9,18.0,198.7,23647.0,44734.0,23.8,19.830000000000002,26.0,30.24,8.261999999999999,16.9,160.4,1.1300000000000001,0.6055699035812673
2026-04-05T19:06:01,04/05/202607:06,105.58,0.54,57.013200000000005,54.1,0.6199999999999999,33.541999999999994,33.0,0.9,18.0,198.7,23647.0,44734.0,23.8,19.8,26.0,30.24,8.2,17.0,155.0,1.1,0.5883198978482175
2026-04-05T19:06:39,04/05/202607:06,105.55999999999999,0.53,55.946799999999996,54.1,0.58,31.378,30.9,0.9,18.0,198.7,23647.0,44734.0,23.8,19.8,26.0,30.24,8.2,17.0,155.0,1.1,0.5608542400995231
2026-04-05T19:07:01,04/05/202607:07,105.54,0.52,54.88080000000001,54.1,0.5399999999999999,29.213999999999995,28.8,0.9,18.0,198.7,23647.0,44734.0,23.8,19.8,26.0,30.24,8.2,17.0,155.0,1.1,0.5323173131587001
2026-04-05T19:08:01,04/05/202607:08,105.53,0.51,53.8203,54.089999999999996,0.5,27.044999999999998,26.7,0.9,18.0,198.7,23647.0,44734.0,23.8,19.8,26.0,30.24,8.2,17.0,155.0,1.1,0.5025055601696757
2026-04-05T19:08:38,04/05/202607:08,103.12,0.49000000000000005,50.528800000000004,54.08,0.48,25.958399999999997,25.7,0.9,18.0,198.7,23647.0,44734.0,23.8,19.8,26.0,30.24,8.2,17.0,155.0,1.1,0.5137347413752156
2026-04-05T19:09:00,04/05/202607:09,100.71000000000001,0.48,48.3408,54.07000000000001,0.47000000000000003,25.412900000000004,25.2,0.9,18.0,198.7,23647.0,44734.0,23.8,19.8,26.0,30.24,8.2,17.0,155.0,1.1,0.5257029258928276
2026-04-05T19:10:01,04/05/202607:10,98.3,0.47000000000000003,46.201,54.06,0.45999999999999996,24.8676,24.7,0.9,18.0,198.7,23647.0,44734.0,23.8,19.8,26.0,30.24,8.2,17.0,155.0,1.1,0.5382480898681846
2026-04-05T19:10:39,04/05/202607:10,95.89,0.45999999999999996,44.109399999999994,54.05,0.45,24.322499999999998,24.2,0.9,18.0,198.7,23647.0,44734.0,23.8,19.8,26.0,30.24,8.2,17.0,155.0,1.1,0.5514130774846179
2026-04-05T19:11:01,04/05/202607:11,93.47999999999999,0.45,42.065999999999995,54.04,0.44000000000000006,23.777600000000003,23.7,0.9,18.0,198.7,23647.0,44734.0,23.8,19.8,26.0,30.24,8.2,17.0,155.0,1.1,0.5652450910474018
2026-04-05T19:11:38,04/05/202607:11,91.06,0.44000000000000006,40.06640000000001,54.02,0.44000000000000006,23.768800000000006,23.6,0.9,18.0,198.7,23647.0,44734.0,23.8,19.8,26.0,30.24,8.2,17.0,155.0,1.1,0.5932352295189984
2026-04-05T19:12:01,04/05/202607:12,88.64,0.43,38.1152,54.0,0.44000000000000006,23.76,23.5,0.9,18.0,198.7,23647.0,44734.0,23.8,19.8,26.0,30.24,8.2,17.0,155.0,1.1,0.6233733523633617
2026-04-05T19:12:38,04/05/202607:12,86.21000000000001,0.41000000000000003,35.34610000000001,53.970000000000006,0.45999999999999996,24.8262,24.5,0.9,18.0,198.7,23647.0,44734.0,23.8,19.8,26.0,30.24,8.2,17.0,155.0,1.1,0.7023745193953504
2026-04-05T19:13:01,04/05/202607:13,83.78,0.39,32.6742,53.94,0.48,25.891199999999998,25.5,0.9,18.0,198.7,23647.0,44734.0,23.8,19.8,26.0,30.24,8.2,17.0,155.0,1.1,0.7924050168022476
2026-04-05T19:13:39,04/05/202607:13,81.34,0.37,30.0958,53.92,0.49000000000000005,26.420800000000003,26.0,0.9,18.0,198.7,23647.0,44734.0,23.8,19.8,26.0,30.24,8.2,17.0,155.0,1.1,0.8778899381309021
2026-04-05T19:14:01,04/05/202607:14,81.3,0.36,29.267999999999997,53.9,0.48,25.872,25.4,0.9,18.0,198.7,23647.0,44734.0,23.8,19.8,26.0,30.24,8.2,17.0,155.0,1.1,0.883968839688397
2026-04-05T19:14:39,04/05/202607:14,82.61,0.35,28.9135,53.879999999999995,0.45,24.246,23.7,0.9,18.0,198.7,23647.0,44734.0,23.8,19.8,26.0,30.24,8.2,17.0,155.0,1.1,0.838570218064226
2026-04-05T19:14:57,04/05/202607:14,83.92,0.33999999999999997,28.532799999999998,53.85,0.41,22.0785,21.5,0.9,18.0,198.7,23647.0,44734.0,23.8,19.8,26.0,30.24,8.2,17.0,155.0,1.1,0.7737936690405428
2026-04-05T19:15:01,04/05/202607:15,85.24,0.32999999999999996,28.129199999999994,53.82000000000001,0.37,19.913400000000003,19.3,0.9,18.0,198.7,23647.0,44734.0,23.8,19.8,26.0,30.24,8.2,17.0,155.0,1.1,0.7079262830084043
2026-04-05T19:16:58,04/05/202607:16,90.55999999999999,0.29,26.262399999999996,53.779999999999994,0.32,17.2096,16.6,0.9,18.0,198.7,23647.0,44734.0,23.8,19.759999999999998,26.1,30.24,8.113,17.3,149.9,1.07,0.6552942609967102
2026-04-05T19:17:01,04/05/202607:17,95.89,0.25,23.9725,53.75,0.27,14.512500000000001,14.0,0.9,18.0,198.7,23647.0,44734.0,23.8,19.72,26.2,30.24,8.026,17.6,144.8,1.04,0.6053811659192826
2026-04-05T19:18:01,04/05/202607:18,101.22,0.21000000000000002,21.256200000000003,53.720000000000006,0.22000000000000003,11.818400000000002,11.4,0.9,18.0,198.7,23647.0,44734.0,23.8,19.68,26.3,30.24,7.939,17.9,139.7,1.0100000000000002,0.5559977794714013
2026-04-05T19:18:56,04/05/202607:18,106.55,0.18,19.179,53.7,0.17,9.129000000000001,8.8,0.9,18.0,198.7,23647.0,44734.0,23.8,19.64,26.4,30.24,7.851999999999999,18.2,134.6,0.9800000000000001,0.47598936336618186
2026-04-05T19:19:00,04/05/202607:19,111.88,0.15,16.782,53.67999999999999,0.12000000000000002,6.4416,6.2,0.9,18.0,198.7,23647.0,44734.0,23.8,19.6,26.5,30.24,7.764999999999999,18.5,129.5,0.95,0.3838398283875581
2026-04-05T19:19:57,04/05/202607:19,117.21,0.12,14.065199999999999,53.65,0.08,4.292,4.1,0.9,18.0,198.7,23647.0,44734.0,23.8,19.56,26.6,30.24,7.678,18.8,124.4,0.9200000000000002,0.3051503000312829
2026-04-05T19:20:00,04/05/202607:20,122.54,0.09,11.0286,53.620000000000005,0.04,2.1448,2.0,0.9,18.0,198.7,23647.0,44734.0,23.8,19.52,26.7,30.24,7.590999999999999,19.1,119.3,0.89,0.19447618011352302
2026-04-05T19:20:56,04/05/202607:20,126.50999999999999,0.06,7.590599999999999,53.589999999999996,0.02,1.0717999999999999,1.0,0.9,18.0,198.7,23647.0,44734.0,23.8,19.479999999999997,26.8,30.24,7.504,19.4,114.2,0.8600000000000001,0.14120095908096855
2026-04-05T19:21:00,04/05/202607:21,130.48,0.03,3.9143999999999997,53.57000000000001,0.01,0.5357000000000001,0.5,0.9,18.0,198.7,23647.0,44734.0,23.8,19.439999999999998,26.9,30.24,7.417,19.7,109.1,0.8300000000000001,0.13685366850602904
2026-04-05T19:21:56,04/05/202607:21,134.44,0.0,0.0,53.54,0.0,0.0,0.0,0.9,18.0,198.7,23647.0,44734.0,23.8,19.4,27.0,30.24,7.33,20.0,104.0,0.8,
2026-04-05T19:22:01,04/05/202607:22,134.4,0.0,0.0,53.52,0.0,0.0,0.0,0.9,18.0,198.7,23647.0,44734.0,23.8,19.4,27.0,30.24,7.33,20.0,104.0,0.8,
2026-04-05T19:22:57,04/05/202607:22,134.35,0.0,0.0,53.5,0.0,0.0,0.0,0.9,18.0,198.7,23647.0,44734.0,23.8,19.4,27.0,30.24,7.33,20.0,104.0,0.8,
2026-04-05T19:23:00,04/05/202607:23,134.3,0.0,0.0,53.48,0.0,0.0,0.0,0.9,18.0,198.7,23647.0,44734.0,23.8,19.4,27.0,30.24,7.33,20.0,104.0,0.8,
2026-04-05T19:23:57,04/05/202607:23,134.25,0.0,0.0,53.45,0.0,0.0,0.0,0.9,18.0,198.7,23647.0,44734.0,23.8,19.4,27.0,30.24,7.33,20.0,104.0,0.8,
2026-04-05T19:24:01,04/05/202607:24,134.2,0.0,0.0,53.42,0.0,0.0,0.0,0.9,18.0,198.7,23647.0,44734.0,23.8,19.4,27.0,30.24,7.33,20.0,104.0,0.8,
2026-04-05T19:24:57,04/05/202607:24,133.65,0.0,0.0,53.4,0.0,0.0,0.0,0.9,18.0,198.7,23647.0,44734.0,23.8,19.4,27.0,30.24,7.33,20.0,104.0,0.8,
2026-04-05T19:25:01,04/05/202607:25,133.1,0.0,0.0,53.379999999999995,0.0,0.0,0.0,0.9,18.0,198.7,23647.0,44734.0,23.8,19.4,27.0,30.24,7.33,20.0,104.0,0.8,
2026-04-05T19:25:56,04/05/202607:25,133.05,0.0,0.0,53.36,0.0,0.0,0.0,0.9,18.0,198.7,23647.0,44734.0,23.8,19.4,27.0,30.24,7.33,20.0,104.0,0.8,
2026-04-05T19:26:00,04/05/202607:26,133.0,0.0,0.0,53.339999999999996,0.0,0.0,0.0,0.9,18.0,198.7,23647.0,44734.0,23.8,19.4,27.0,30.24,7.33,20.0,104.0,0.8,
2026-04-05T19:28:06,04/05/202607:28,132.93,0.0,0.0,53.31999999999999,0.0,0.0,0.0,0.9,18.0,198.7,23647.0,44734.0,23.8,19.4,27.0,30.24,7.33,20.0,104.0,0.8,
2026-04-05T19:28:57,04/05/202607:28,132.82999999999998,0.0,0.0,53.29,0.0,0.0,0.0,0.9,18.0,198.7,23647.0,44734.0,23.8,19.4,27.0,30.24,7.33,20.0,104.0,0.8,
2026-04-05T19:29:00,04/05/202607:29,132.74,0.0,0.0,53.260000000000005,0.0,0.0,0.0,0.9,18.0,198.7,23647.0,44734.0,23.8,19.4,27.0,30.24,7.33,20.0,104.0,0.8,
2026-04-05T19:29:57,04/05/202607:29,132.65,0.0,0.0,53.239999999999995,0.0,0.0,0.0,0.9,18.0,198.7,23647.0,44734.0,23.8,19.4,27.0,30.24,7.3549999999999995,20.4,103.9,0.8,
2026-04-05T19:30:00,04/05/202607:30,132.57,0.0,0.0,53.23,0.0,0.0,0.0,0.9,18.0,198.7,23647.0,44734.0,23.8,19.4,27.0,30.24,7.38,20.8,103.8,0.8,
2026-04-05T19:30:57,04/05/202607:30,132.47,0.0,0.0,53.21,0.0,0.0,0.0,0.9,18.0,198.7,23647.0,44734.0,23.8,19.33,27.1,30.24,7.138,22.7,99.0,0.78,
2026-04-05T19:31:01,04/05/202607:31,132.88,0.0,0.0,53.19,0.0,0.0,0.0,0.9,18.0,198.7,23647.0,44734.0,23.8,19.259999999999998,27.2,30.24,6.896000000000001,24.6,94.2,0.76,
2026-04-05T19:31:47,04/05/202607:31,133.28,0.0,0.0,53.17,0.0,0.0,0.0,0.9,18.0,198.7,23647.0,44734.0,23.8,19.189999999999998,27.3,30.24,6.654000000000001,26.5,89.4,0.74,
2026-04-05T19:32:00,04/05/202607:32,133.19,0.0,0.0,53.15,0.0,0.0,0.0,0.9,18.0,198.7,23647.0,44734.0,23.8,19.119999999999997,27.4,30.24,6.412000000000001,28.4,84.6,0.72,
2026-04-05T19:32:48,04/05/202607:32,133.07999999999998,0.0,0.0,53.13000000000001,0.0,0.0,0.0,0.9,18.0,198.7,23647.0,44734.0,23.8,19.05,27.5,30.24,6.17,30.3,79.8,0.7,
2026-04-05T19:33:00,04/05/202607:33,133.0,0.0,0.0,53.120000000000005,0.0,0.0,0.0,0.9,18.0,198.7,23647.0,44734.0,23.8,18.979999999999997,27.6,30.24,5.928,32.2,75.0,0.6799999999999999,
2026-04-05T19:33:47,04/05/202607:33,132.93,0.0,0.0,53.11,0.0,0.0,0.0,0.9,18.0,198.7,23647.0,44734.0,23.8,18.91,27.7,30.237000000000002,5.686,34.1,70.2,0.6599999999999999,
2026-04-05T19:34:00,04/05/202607:34,132.85999999999999,0.0,0.0,53.1,0.0,0.0,0.0,0.9,18.0,198.7,23647.0,44734.0,23.8,18.839999999999996,27.8,30.233999999999998,5.444,36.0,65.4,0.64,
2026-04-05T19:34:47,04/05/202607:34,132.77,0.0,0.0,53.07000000000001,0.0,0.0,0.0,0.9,18.0,198.7,23647.0,44734.0,23.8,18.77,27.9,30.231,5.1770000000000005,37.5,60.7,0.62,
2026-04-05T19:35:00,04/05/202607:35,132.68,0.0,0.0,53.04,0.0,0.0,0.0,0.9,18.0,198.7,23647.0,44734.0,23.8,18.7,28.0,30.227999999999998,4.91,39.0,56.0,0.6,
2026-04-05T19:35:47,04/05/202607:35,132.59,0.0,0.0,53.02,0.0,0.0,0.0,0.9,18.0,198.7,23647.0,44734.0,23.8,18.7,28.0,30.225,4.91,39.0,56.0,0.6,
2026-04-05T19:36:00,04/05/202607:36,132.5,0.0,0.0,53.0,0.0,0.0,0.0,0.9,18.0,198.7,23647.0,44734.0,23.8,18.7,28.0,30.222,4.91,39.0,56.0,0.6,
2026-04-05T19:36:47,04/05/202607:36,132.38,0.0,0.0,52.98,0.0,0.0,0.0,0.9,18.0,198.7,23647.0,44734.0,23.8,18.7,28.0,30.219,4.91,39.0,56.0,0.6,
2026-04-05T19:37:01,04/05/202607:37,132.26,0.0,0.0,52.96,0.0,0.0,0.0,0.9,18.0,198.7,23647.0,44734.0,23.8,18.7,28.0,30.216,4.91,39.0,56.0,0.6,
2026-04-05T19:37:47,04/05/202607:37,132.14000000000001,0.0,0.0,52.94,0.0,0.0,0.0,0.9,18.0,198.7,23647.0,44734.0,23.8,18.7,28.0,30.213,4.91,39.0,56.0,0.6,
2026-04-05T19:39:17,04/05/202607:39,132.0,0.0,0.0,52.910000000000004,0.0,0.0,0.0,0.9,18.0,198.7,23647.0,44734.0,23.8,18.7,28.0,30.21,4.91,39.0,56.0,0.6,
2026-04-05T19:39:47,04/05/202607:39,131.85,0.0,0.0,52.89,0.0,0.0,0.0,0.9,18.0,198.7,23647.0,44734.0,23.8,18.7,28.0,30.21,4.91,39.0,56.0,0.6,
2026-04-05T19:40:01,04/05/202607:40,131.7,0.0,0.0,52.86999999999999,0.0,0.0,0.0,0.9,18.0,198.7,23647.0,44734.0,23.8,18.7,28.0,30.21,4.91,39.0,56.0,0.6,
2026-04-05T19:40:47,04/05/202607:40,131.54000000000002,0.0,0.0,52.85,0.0,0.0,0.0,0.9,18.0,198.7,23647.0,44734.0,23.8,18.7,28.0,30.21,4.91,39.0,56.0,0.6,
2026-04-05T19:41:01,04/05/202607:41,131.38,0.0,0.0,52.83,0.0,0.0,0.0,0.9,18.0,198.7,23647.0,44734.0,23.8,18.7,28.0,30.21,4.91,39.0,56.0,0.6,
2026-04-05T19:41:48,04/05/202607:41,130.8,0.0,0.0,52.81,0.0,0.0,0.0,0.9,18.0,198.7,23647.0,44734.0,23.8,18.7,28.0,30.21,4.91,39.0,56.0,0.6,
2026-04-05T19:42:01,04/05/202607:42,130.22,0.0,0.0,52.79,0.0,0.0,0.0,0.9,18.0,198.7,23647.0,44734.0,23.8,18.7,28.0,30.21,4.91,39.0,56.0,0.6,
2026-04-05T19:42:47,04/05/202607:42,130.06,0.0,0.0,52.77,0.0,0.0,0.0,0.9,18.0,198.7,23647.0,44734.0,23.8,18.7,28.0,30.21,4.91,39.0,56.0,0.6,
2026-04-05T19:43:00,04/05/202607:43,129.9,0.0,0.0,52.75,0.0,0.0,0.0,0.9,18.0,198.7,23647.0,44734.0,23.8,18.7,28.0,30.21,4.91,39.0,56.0,0.6,
2026-04-05T19:43:47,04/05/202607:43,128.84,0.0,0.0,52.720000000000006,0.0,0.0,0.0,0.9,18.0,198.7,23647.0,44734.0,23.8,18.7,28.0,30.21,4.91,39.0,56.0,0.6,
2026-04-05T19:44:00,04/05/202607:44,127.8,0.0,0.0,52.7,0.0,0.0,0.0,0.9,18.0,198.7,23647.0,44734.0,23.8,18.7,28.0,30.21,4.91,39.0,56.0,0.6,
2026-04-05T19:44:48,04/05/202607:44,127.63,0.0,0.0,52.68000000000001,0.0,0.0,0.0,0.9,18.0,198.7,23647.0,44734.0,23.8,18.7,28.0,30.21,4.91,39.0,56.0,0.6,
2026-04-05T19:45:01,04/05/202607:45,127.46,0.0,0.0,52.660000000000004,0.0,0.0,0.0,0.9,18.0,198.7,23647.0,44734.0,23.8,18.7,28.0,30.21,4.91,39.0,56.0,0.6,
2026-04-05T19:45:47,04/05/202607:45,126.22,0.0,0.0,52.65,0.0,0.0,0.0,0.9,18.0,198.7,23647.0,44734.0,23.8,18.7,28.0,30.21,4.91,39.0,56.0,0.6,
2026-04-05T19:46:01,04/05/202607:46,124.97999999999999,0.0,0.0,52.64,0.0,0.0,0.0,0.9,18.0,198.7,23647.0,44734.0,23.8,18.7,28.0,30.21,4.91,39.0,56.0,0.6,
2026-04-05T19:46:47,04/05/202607:46,125.2,0.0,0.0,52.620000000000005,0.0,0.0,0.0,0.9,18.0,198.7,23647.0,44734.0,23.8,18.619999999999997,28.2,30.213,4.86,40.0,52.2,0.5700000000000001,
2026-04-05T19:47:00,04/05/202607:47,125.42,0.0,0.0,52.6,0.0,0.0,0.0,0.9,18.0,198.7,23647.0,44734.0,23.8,18.54,28.4,30.216,4.8100000000000005,41.0,48.4,0.5399999999999999,
2026-04-05T19:47:48,04/05/202607:47,124.91,0.0,0.0,52.58,0.0,0.0,0.0,0.9,18.0,198.7,23647.0,44734.0,23.8,18.46,28.6,30.219,4.76,42.0,44.6,0.51,
2026-04-05T19:48:01,04/05/202607:48,124.4,0.0,0.0,52.56,0.0,0.0,0.0,0.9,18.0,198.7,23647.0,44734.0,23.8,18.38,28.8,30.222,4.71,43.0,40.8,0.48,
2026-04-05T19:48:47,04/05/202607:48,125.05999999999999,0.0,0.0,52.55,0.0,0.0,0.0,0.9,18.0,198.7,23647.0,44734.0,23.8,18.3,29.0,30.225,4.66,44.0,37.0,0.45,
2026-04-05T19:49:01,04/05/202607:49,125.72,0.0,0.0,52.54,0.0,0.0,0.0,0.9,18.0,198.7,23647.0,44734.0,23.8,18.22,29.2,30.227999999999998,4.61,45.0,33.2,0.42000000000000004,
2026-04-05T19:50:29,04/05/202607:50,125.4,0.0,0.0,52.529999999999994,0.0,0.0,0.0,0.9,18.0,198.7,23647.0,44734.0,23.8,18.139999999999997,29.4,30.231,4.5600000000000005,46.0,29.4,0.39,
2026-04-05T19:50:48,04/05/202607:50,125.1,0.0,0.0,52.510000000000005,0.0,0.0,0.0,0.9,18.0,198.7,23647.0,44734.0,23.8,18.06,29.6,30.233999999999998,4.51,47.0,25.6,0.36,
2026-04-05T19:51:00,04/05/202607:51,125.9,0.0,0.0,52.489999999999995,0.0,0.0,0.0,0.9,18.0,198.7,23647.0,44734.0,23.8,17.979999999999997,29.8,30.237000000000002,4.46,48.0,21.8,0.32999999999999996,
2026-04-05T19:51:47,04/05/202607:51,126.6,0.0,0.0,52.470000000000006,0.0,0.0,0.0,0.9,18.0,198.7,23647.0,44734.0,23.8,17.9,30.0,30.24,4.41,49.0,18.0,0.3,
2026-04-05T19:51:48,04/05/202607:51,126.3,0.0,0.0,52.46,0.0,0.0,0.0,0.9,18.0,198.7,23647.0,44734.0,23.8,17.9,30.0,30.24,4.41,49.0,18.0,0.3,
2026-04-05T19:52:01,04/05/202607:52,126.0,0.0,0.0,52.45,0.0,0.0,0.0,0.9,18.0,198.7,23647.0,44734.0,23.8,17.9,30.0,30.24,4.41,49.0,18.0,0.3,
2026-04-05T19:52:48,04/05/202607:52,125.97999999999999,0.0,0.0,52.45,0.0,0.0,0.0,0.9,18.0,198.7,23647.0,44734.0,23.8,17.9,30.0,30.24,4.41,49.0,18.0,0.3,
2026-04-05T19:53:00,04/05/202607:53,125.96,0.0,0.0,52.45,0.0,0.0,0.0,0.9,18.0,198.7,23647.0,44734.0,23.8,17.9,30.0,30.24,4.41,49.0,18.0,0.3,
2026-04-05T19:53:48,04/05/202607:53,125.6,0.0,0.0,52.44,0.0,0.0,0.0,0.9,18.0,198.7,23647.0,44734.0,23.8,17.9,30.0,30.24,4.41,49.0,18.0,0.3,
2026-04-05T19:54:00,04/05/202607:54,125.24000000000001,0.0,0.0,52.42999999999999,0.0,0.0,0.0,0.9,18.0,198.7,23647.0,44734.0,23.8,17.9,30.0,30.24,4.41,49.0,18.0,0.3,
2026-04-05T19:54:48,04/05/202607:54,124.92999999999999,0.0,0.0,52.410000000000004,0.0,0.0,0.0,0.9,18.0,198.7,23647.0,44734.0,23.8,17.9,30.0,30.24,4.41,49.0,18.0,0.3,
2026-04-05T19:55:01,04/05/202607:55,124.6,0.0,0.0,52.4,0.0,0.0,0.0,0.9,18.0,198.7,23647.0,44734.0,23.8,17.9,30.0,30.24,4.41,49.0,18.0,0.3,
2026-04-05T19:55:48,04/05/202607:55,124.15,0.0,0.0,52.4,0.0,0.0,0.0,0.9,18.0,198.7,23647.0,44734.0,23.8,17.9,30.0,30.24,4.41,49.0,18.0,0.3,
2026-04-05T19:56:00,04/05/202607:56,123.8,0.0,0.0,52.4,0.0,0.0,0.0,0.9,18.0,198.7,23647.0,44734.0,23.8,17.9,30.0,30.24,4.41,49.0,18.0,0.3,
2026-04-05T19:56:48,04/05/202607:56,123.33,0.0,0.0,52.39,0.0,0.0,0.0,0.9,18.0,198.7,23647.0,44734.0,23.8,17.9,30.0,30.24,4.41,49.0,18.0,0.3,
2026-04-05T19:57:00,04/05/202607:57,122.85999999999999,0.0,0.0,52.379999999999995,0.0,0.0,0.0,0.9,18.0,198.7,23647.0,44734.0,23.8,17.9,30.0,30.24,4.41,49.0,18.0,0.3,
2026-04-05T19:57:48,04/05/202607:57,122.22,0.0,0.0,52.36,0.0,0.0,0.0,0.9,18.0,198.7,23647.0,44734.0,23.8,17.9,30.0,30.24,4.41,49.0,18.0,0.3,
2026-04-05T19:58:00,04/05/202607:58,121.58,0.0,0.0,52.339999999999996,0.0,0.0,0.0,0.9,18.0,198.7,23647.0,44734.0,23.8,17.9,30.0,30.24,4.41,49.0,18.0,0.3,
2026-04-05T19:58:19,04/05/202607:58,119.63,0.0,0.0,52.33,0.0,0.0,0.0,0.9,18.0,198.7,23647.0,44734.0,23.8,17.9,30.0,30.24,4.41,49.0,18.0,0.3,
2026-04-05T19:58:51,04/05/202607:58,116.53,0.0,0.0,52.31999999999999,0.0,0.0,0.0,0.9,18.0,198.7,23647.0,44734.0,23.8,17.9,30.0,30.24,4.41,49.0,18.0,0.3,
2026-04-05T19:59:00,04/05/202607:59,113.52000000000001,0.0,0.0,52.31999999999999,0.0,0.0,0.0,0.9,18.0,198.7,23647.0,44734.0,23.8,17.9,30.0,30.24,4.41,49.0,18.0,0.3,
2026-04-05T19:59:50,04/05/202607:59,112.57000000000001,0.0,0.0,52.31999999999999,0.0,0.0,0.0,0.9,18.0,198.7,23647.0,44734.0,23.8,17.9,30.0,30.24,4.41,49.0,18.0,0.3,
2026-04-05T20:00:00,04/05/202608:00,111.74000000000001,0.0,0.0,52.31,0.0,0.0,0.0,0.9,18.0,198.7,23647.0,44734.0,23.8,17.9,30.0,30.24,4.41,49.0,18.0,0.3,
2026-04-05T20:01:41,04/05/202608:01,108.17999999999999,0.0,0.0,52.3,0.0,0.0,0.0,0.9,18.0,198.7,23647.0,44734.0,23.8,17.9,30.0,30.24,4.41,49.0,18.0,0.3,
2026-04-05T20:01:51,04/05/202608:01,101.41,0.0,0.0,52.29,0.0,0.0,0.0,0.9,18.0,198.7,23647.0,44734.0,23.8,17.83,30.1,30.24,4.392,50.6,16.2,0.29,
2026-04-05T20:02:00,04/05/202608:02,94.64000000000001,0.0,0.0,52.279999999999994,0.0,0.0,0.0,0.9,18.0,198.7,23647.0,44734.0,23.8,17.759999999999998,30.2,30.24,4.3740000000000006,52.2,14.4,0.27999999999999997,
2026-04-05T20:03:00,04/05/202608:03,88.11,0.0,0.0,52.27,0.0,0.0,0.0,0.9,18.0,198.7,23647.0,44734.0,23.8,17.689999999999998,30.3,30.24,4.356,53.8,12.6,0.27,
2026-04-05T20:04:00,04/05/202608:04,81.58000000000001,0.0,0.0,52.260000000000005,0.0,0.0,0.0,0.9,18.0,198.7,23647.0,44734.0,23.8,17.619999999999997,30.4,30.24,4.338,55.4,10.8,0.26,
2026-04-05T20:04:51,04/05/202608:04,76.44,0.0,0.0,52.25,0.0,0.0,0.0,0.9,18.0,198.7,23647.0,44734.0,23.8,17.55,30.5,30.24,4.32,57.0,9.0,0.25,
2026-04-05T20:05:00,04/05/202608:05,72.45,0.0,0.0,52.239999999999995,0.0,0.0,0.0,0.9,18.0,198.7,23647.0,44734.0,23.8,17.479999999999997,30.6,30.24,4.3020000000000005,58.6,7.2,0.24,
2026-04-05T20:06:00,04/05/202608:06,68.46000000000001,0.0,0.0,52.220000000000006,0.0,0.0,0.0,0.9,18.0,198.7,23647.0,44734.0,23.8,17.41,30.7,30.24,4.284000000000001,60.2,5.4,0.22999999999999998,
2026-04-05T20:07:00,04/05/202608:07,62.410000000000004,0.0,0.0,52.2,0.0,0.0,0.0,0.9,18.0,198.7,23647.0,44734.0,23.8,17.339999999999996,30.8,30.24,4.266,61.8,3.6,0.22000000000000003,
2026-04-05T20:08:00,04/05/202608:08,56.36,0.0,0.0,52.18000000000001,0.0,0.0,0.0,0.9,18.0,198.7,23647.0,44734.0,23.8,17.27,30.9,30.24,4.248,63.4,1.8,0.21000000000000002,
2026-04-05T20:09:40,04/05/202608:09,53.029999999999994,0.0,0.0,52.160000000000004,0.0,0.0,0.0,0.9,18.0,198.7,23647.0,44734.0,23.8,17.2,31.0,30.24,4.23,65.0,0.0,0.2,
2026-04-05T20:10:00,04/05/202608:10,53.010000000000005,0.0,0.0,52.15,0.0,0.0,0.0,0.9,18.0,198.7,23647.0,44734.0,23.8,17.2,31.0,30.24,4.23,65.0,0.0,0.2,
2026-04-05T20:10:41,04/05/202608:10,53.010000000000005,0.0,0.0,52.14,0.0,0.0,0.0,0.9,18.0,198.7,23647.0,44734.0,23.8,17.2,31.0,30.24,4.23,65.0,0.0,0.2,
2026-04-05T20:11:00,04/05/202608:11,53.010000000000005,0.0,0.0,52.13000000000001,0.0,0.0,0.0,0.9,18.0,198.7,23647.0,44734.0,23.8,17.2,31.0,30.24,4.23,65.0,0.0,0.2,
2026-04-05T20:12:56,04/05/202608:12,52.370000000000005,0.0,0.0,52.120000000000005,0.0,0.0,0.0,0.9,18.0,198.7,23647.0,44734.0,23.8,17.2,31.0,30.24,4.23,65.0,0.0,0.2,
2026-04-05T20:13:01,04/05/202608:13,51.739999999999995,0.0,0.0,52.11,0.0,0.0,0.0,0.9,18.0,198.7,23647.0,44734.0,23.8,17.2,31.0,30.24,4.23,65.0,0.0,0.2,
2026-04-05T20:13:09,04/05/202608:13,50.87,0.0,0.0,52.1,0.0,0.0,0.0,0.9,18.0,198.7,23647.0,44734.0,23.8,17.2,31.0,30.24,4.23,65.0,0.0,0.2,
2026-04-05T20:14:00,04/05/202608:14,50.0,0.0,0.0,52.1,0.0,0.0,0.0,0.9,18.0,198.7,23647.0,44734.0,23.8,17.2,31.0,30.24,4.23,65.0,0.0,0.2,
2026-04-05T20:14:09,04/05/202608:14,48.64,0.0,0.0,52.089999999999996,0.0,0.0,0.0,0.9,18.0,198.7,23647.0,44734.0,23.8,17.2,31.0,30.24,4.23,65.0,0.0,0.2,
2026-04-05T20:15:00,04/05/202608:15,47.28,0.0,0.0,52.08,0.0,0.0,0.0,0.9,18.0,198.7,23647.0,44734.0,23.8,17.2,31.0,30.24,4.23,65.0,0.0,0.2,
2026-04-05T20:15:09,04/05/202608:15,45.5,0.0,0.0,52.08,0.0,0.0,0.0,0.9,18.0,198.7,23647.0,44734.0,23.8,17.2,31.0,30.24,4.23,65.0,0.0,0.2,
2026-04-05T20:16:01,04/05/202608:16,43.72,0.0,0.0,52.08,0.0,0.0,0.0,0.9,18.0,198.7,23647.0,44734.0,23.8,17.2,31.0,30.24,4.23,65.0,0.0,0.2,
2026-04-05T20:16:09,04/05/202608:16,41.54,0.0,0.0,52.07000000000001,0.0,0.0,0.0,0.9,18.0,198.7,23647.0,44734.0,23.8,17.15,31.1,30.24,4.273000000000001,65.8,0.0,0.19,
2026-04-05T20:17:00,04/05/202608:17,39.36,0.0,0.0,52.06,0.0,0.0,0.0,0.9,18.0,198.7,23647.0,44734.0,23.8,17.1,31.2,30.24,4.316000000000001,66.6,0.0,0.18,
2026-04-05T20:17:08,04/05/202608:17,37.53,0.0,0.0,52.06,0.0,0.0,0.0,0.9,18.0,198.7,23647.0,44734.0,23.8,17.05,31.3,30.24,4.359,67.4,0.0,0.17,
2026-04-05T20:18:00,04/05/202608:18,35.7,0.0,0.0,52.06,0.0,0.0,0.0,0.9,18.0,198.7,23647.0,44734.0,23.8,17.0,31.4,30.24,4.402,68.2,0.0,0.16,
2026-04-05T20:18:09,04/05/202608:18,33.86,0.0,0.0,52.05,0.0,0.0,0.0,0.9,18.0,198.7,23647.0,44734.0,23.8,16.95,31.5,30.24,4.445,69.0,0.0,0.15,
2026-04-05T20:19:01,04/05/202608:19,32.019999999999996,0.0,0.0,52.04,0.0,0.0,0.0,0.9,18.0,198.7,23647.0,44734.0,23.8,16.9,31.6,30.24,4.488,69.8,0.0,0.14,
2026-04-05T20:19:09,04/05/202608:19,30.49,0.0,0.0,52.05,0.0,0.0,0.0,0.9,18.0,198.7,23647.0,44734.0,23.8,16.85,31.7,30.24,4.531000000000001,70.6,0.0,0.13,
2026-04-05T20:20:00,04/05/202608:20,28.96,0.0,0.0,52.06,0.0,0.0,0.0,0.9,18.0,198.7,23647.0,44734.0,23.8,16.8,31.8,30.24,4.574,71.4,0.0,0.12000000000000002,
2026-04-05T20:20:08,04/05/202608:20,27.75,0.0,0.0,52.05,0.0,0.0,0.0,0.9,18.0,198.7,23647.0,44734.0,23.8,16.759999999999998,31.9,30.24,4.487,69.7,0.0,0.11000000000000001,
2026-04-05T20:21:00,04/05/202608:21,26.54,0.0,0.0,52.04,0.0,0.0,0.0,0.9,18.0,198.7,23647.0,44734.0,23.8,16.72,32.0,30.24,4.4,68.0,0.0,0.1,
2026-04-05T20:21:09,04/05/202608:21,25.660000000000004,0.0,0.0,52.04,0.0,0.0,0.0,0.9,18.0,198.7,23647.0,44734.0,23.8,16.73,32.0,30.24,4.2700000000000005,65.5,0.0,0.1,
2026-04-05T20:22:01,04/05/202608:22,24.78,0.0,0.0,52.04,0.0,0.0,0.0,0.9,18.0,198.7,23647.0,44734.0,23.8,16.740000000000002,32.0,30.24,4.14,63.0,0.0,0.1,
2026-04-05T20:22:09,04/05/202608:22,24.15,0.0,0.0,52.029999999999994,0.0,0.0,0.0,0.9,18.0,198.7,23647.0,44734.0,23.8,16.75,32.0,30.24,4.01,60.5,0.0,0.1,
2026-04-05T20:24:04,04/05/202608:24,23.490000000000002,0.0,0.0,52.02,0.0,0.0,0.0,0.9,18.0,198.7,23647.0,44734.0,23.8,16.759999999999998,32.0,30.24,3.88,58.0,0.0,0.1,
2026-04-05T20:24:09,04/05/202608:24,23.05,0.0,0.0,52.02,0.0,0.0,0.0,0.9,18.0,198.7,23647.0,44734.0,23.8,16.77,32.0,30.24,3.75,55.5,0.0,0.1,
2026-04-05T20:25:00,04/05/202608:25,22.61,0.0,0.0,52.02,0.0,0.0,0.0,0.9,18.0,198.7,23647.0,44734.0,23.8,16.78,32.0,30.24,3.62,53.0,0.0,0.1,
2026-04-05T20:25:09,04/05/202608:25,22.330000000000002,0.0,0.0,52.010000000000005,0.0,0.0,0.0,0.9,18.0,198.7,23647.0,44734.0,23.8,16.79,32.0,30.24,3.4899999999999998,50.5,0.0,0.1,
2026-04-05T20:26:00,04/05/202608:26,22.05,0.0,0.0,52.0,0.0,0.0,0.0,0.9,18.0,198.7,23647.0,44734.0,23.8,16.8,32.0,30.24,3.3600000000000003,48.0,0.0,0.1,
2026-04-05T20:26:10,04/05/202608:26,21.869999999999997,0.0,0.0,52.0,0.0,0.0,0.0,0.9,18.0,198.7,23647.0,44734.0,23.8,16.8,32.0,30.24,3.3600000000000003,48.0,0.0,0.1,
2026-04-05T20:27:13,04/05/202608:27,21.69,0.0,0.0,51.989999999999995,0.0,0.0,0.0,0.9,18.0,198.7,23647.0,44734.0,23.8,16.8,32.0,30.24,3.3600000000000003,48.0,0.0,0.1,
2026-04-05T20:27:14,04/05/202608:27,21.55,0.0,0.0,51.98,0.0,0.0,0.0,0.9,18.0,198.7,23647.0,44734.0,23.8,16.8,32.0,30.24,3.3600000000000003,48.0,0.0,0.1,
2026-04-05T20:28:00,04/05/202608:28,21.41,0.0,0.0,51.970000000000006,0.0,0.0,0.0,0.9,18.0,198.7,23647.0,44734.0,23.8,16.8,32.0,30.24,3.3600000000000003,48.0,0.0,0.1,
2026-04-05T20:28:13,04/05/202608:28,21.29,0.0,0.0,51.96,0.0,0.0,0.0,0.9,18.0,198.7,23647.0,44734.0,23.8,16.8,32.0,30.24,3.3600000000000003,48.0,0.0,0.1,
2026-04-05T20:29:00,04/05/202608:29,21.2,0.0,0.0,51.95,0.0,0.0,0.0,0.9,18.0,198.7,23647.0,44734.0,23.8,16.8,32.0,30.24,3.3600000000000003,48.0,0.0,0.1,
2026-04-05T20:30:00,04/05/202608:30,21.14,0.0,0.0,51.95,0.0,0.0,0.0,0.9,18.0,198.7,23647.0,44734.0,23.8,16.8,32.0,30.24,3.3600000000000003,48.0,0.0,0.1,
2026-04-05T20:31:00,04/05/202608:31,21.080000000000002,0.0,0.0,51.95,0.0,0.0,0.0,0.9,18.0,198.7,23647.0,44734.0,23.8,16.8,32.0,30.24,3.3600000000000003,48.0,0.0,0.1,
2026-04-05T20:31:13,04/05/202608:31,21.03,0.0,0.0,51.94,0.0,0.0,0.0,0.9,18.0,198.7,23647.0,44734.0,23.8,16.759999999999998,32.1,30.24,3.478,48.9,0.0,0.09,
2026-04-05T20:32:00,04/05/202608:32,20.98,0.0,0.0,51.92999999999999,0.0,0.0,0.0,0.9,18.0,198.7,23647.0,44734.0,23.8,16.72,32.2,30.24,3.596,49.8,0.0,0.08,
2026-04-05T20:33:01,04/05/202608:33,20.94,0.0,0.0,51.92,0.0,0.0,0.0,0.9,18.0,198.7,23647.0,44734.0,23.8,16.68,32.3,30.24,3.714,50.7,0.0,0.07,
2026-04-05T20:33:14,04/05/202608:33,20.89,0.0,0.0,51.92999999999999,0.0,0.0,0.0,0.9,18.0,198.7,23647.0,44734.0,23.8,16.64,32.4,30.24,3.832,51.6,0.0,0.06000000000000001,
2026-04-05T20:35:16,04/05/202608:35,20.85,0.0,0.0,51.94,0.0,0.0,0.0,0.9,18.0,198.7,23647.0,44734.0,23.8,16.6,32.5,30.24,3.95,52.5,0.0,0.05,
2026-04-05T20:36:00,04/05/202608:36,20.81,0.0,0.0,51.95,0.0,0.0,0.0,0.9,18.0,198.7,23647.0,44734.0,23.8,16.56,32.6,30.24,4.068,53.4,0.0,0.04,
2026-04-05T20:36:13,04/05/202608:36,20.78,0.0,0.0,51.95,0.0,0.0,0.0,0.9,18.0,198.7,23647.0,44734.0,23.8,16.52,32.7,30.24,4.186,54.3,0.0,0.030000000000000006,
2026-04-05T20:37:00,04/05/202608:37,20.75,0.0,0.0,51.95,0.0,0.0,0.0,0.9,18.0,198.7,23647.0,44734.0,23.8,16.479999999999997,32.8,30.24,4.304,55.2,0.0,0.02,
2026-04-05T20:38:01,04/05/202608:38,20.72,0.0,0.0,51.95,0.0,0.0,0.0,0.9,18.0,198.7,23647.0,44734.0,23.8,16.439999999999998,32.9,30.24,4.422,56.1,0.0,0.01,
2026-04-05T20:39:00,04/05/202608:39,20.69,0.0,0.0,51.94,0.0,0.0,0.0,0.9,18.0,198.7,23647.0,44734.0,23.8,16.4,33.0,30.24,4.54,57.0,0.0,0.0,
2026-04-05T20:40:00,04/05/202608:40,20.67,0.0,0.0,51.94,0.0,0.0,0.0,0.9,18.0,198.7,23647.0,44734.0,23.8,16.4,33.0,30.24,4.54,57.0,0.0,0.0,
2026-04-05T20:41:01,04/05/202608:41,20.65,0.0,0.0,51.94,0.0,0.0,0.0,0.9,18.0,198.7,23647.0,44734.0,23.8,16.4,33.0,30.24,4.54,57.0,0.0,0.0,
2026-04-05T20:42:00,04/05/202608:42,20.630000000000003,0.0,0.0,51.94,0.0,0.0,0.0,0.9,18.0,198.7,23647.0,44734.0,23.8,16.4,33.0,30.24,4.54,57.0,0.0,0.0,
2026-04-05T20:42:06,04/05/202608:42,20.610000000000003,0.0,0.0,51.94,0.0,0.0,0.0,0.9,18.0,198.7,23647.0,44734.0,23.8,16.4,33.0,30.24,4.54,57.0,0.0,0.0,
2026-04-05T20:43:00,04/05/202608:43,20.59,0.0,0.0,51.94,0.0,0.0,0.0,0.9,18.0,198.7,23647.0,44734.0,23.8,16.4,33.0,30.24,4.54,57.0,0.0,0.0,
2026-04-05T20:43:05,04/05/202608:43,20.580000000000002,0.0,0.0,51.92999999999999,0.0,0.0,0.0,0.9,18.0,198.7,23647.0,44734.0,23.8,16.4,33.0,30.24,4.54,57.0,0.0,0.0,
2026-04-05T20:44:00,04/05/202608:44,20.580000000000002,0.0,0.0,51.92999999999999,0.0,0.0,0.0,0.9,18.0,198.7,23647.0,44734.0,23.8,16.4,33.0,30.24,4.54,57.0,0.0,0.0,
2026-04-05T20:44:05,04/05/202608:44,20.57,0.0,0.0,51.92999999999999,0.0,0.0,0.0,0.9,18.0,198.7,23647.0,44734.0,23.8,16.4,33.0,30.24,4.54,57.0,0.0,0.0,
2026-04-05T20:45:01,04/05/202608:45,20.560000000000002,0.0,0.0,51.92,0.0,0.0,0.0,0.9,18.0,198.7,23647.0,44734.0,23.8,16.4,33.0,30.24,4.54,57.0,0.0,0.0,
2026-04-05T20:46:28,04/05/202608:46,20.560000000000002,0.0,0.0,51.92,0.0,0.0,0.0,0.9,18.0,198.7,23647.0,44734.0,23.8,16.35,33.1,30.24,4.627000000000001,56.5,0.0,0.0,
2026-04-05T20:47:00,04/05/202608:47,20.560000000000002,0.0,0.0,51.92,0.0,0.0,0.0,0.9,18.0,198.7,23647.0,44734.0,23.8,16.3,33.2,30.24,4.714,56.0,0.0,0.0,
2026-04-05T20:48:00,04/05/202608:48,20.560000000000002,0.0,0.0,51.92,0.0,0.0,0.0,0.9,18.0,198.7,23647.0,44734.0,23.8,16.25,33.3,30.24,4.801,55.5,0.0,0.0,
2026-04-05T20:49:00,04/05/202608:49,20.560000000000002,0.0,0.0,51.92,0.0,0.0,0.0,0.9,18.0,198.7,23647.0,44734.0,23.8,16.2,33.4,30.24,4.888,55.0,0.0,0.0,
2026-04-05T20:49:05,04/05/202608:49,20.560000000000002,0.0,0.0,51.910000000000004,0.0,0.0,0.0,0.9,18.0,198.7,23647.0,44734.0,23.8,16.15,33.5,30.24,4.975,54.5,0.0,0.0,
2026-04-05T20:50:01,04/05/202608:50,20.560000000000002,0.0,0.0,51.9,0.0,0.0,0.0,0.9,18.0,198.7,23647.0,44734.0,23.8,16.1,33.6,30.24,5.062,54.0,0.0,0.0,
2026-04-05T20:51:00,04/05/202608:51,20.55,0.0,0.0,51.9,0.0,0.0,0.0,0.9,18.0,198.7,23647.0,44734.0,23.8,16.05,33.7,30.24,5.149,53.5,0.0,0.0,
2026-04-05T20:52:01,04/05/202608:52,20.54,0.0,0.0,51.9,0.0,0.0,0.0,0.9,18.0,198.7,23647.0,44734.0,23.8,16.0,33.8,30.24,5.236,53.0,0.0,0.0,
2026-04-05T20:53:00,04/05/202608:53,20.54,0.0,0.0,51.9,0.0,0.0,0.0,0.9,18.0,198.7,23647.0,44734.0,23.8,15.95,33.9,30.24,5.323,52.5,0.0,0.0,
2026-04-05T20:54:00,04/05/202608:54,20.54,0.0,0.0,51.9,0.0,0.0,0.0,0.9,18.0,198.7,23647.0,44734.0,23.8,15.9,34.0,30.24,5.41,52.0,0.0,0.0,
2026-04-05T20:55:01,04/05/202608:55,20.53,0.0,0.0,51.9,0.0,0.0,0.0,0.9,18.0,198.7,23647.0,44734.0,23.8,15.9,34.0,30.24,5.41,52.0,0.0,0.0,
2026-04-05T20:55:06,04/05/202608:55,20.53,0.0,0.0,51.9,0.0,0.0,0.0,0.9,18.0,198.7,23647.0,44734.0,23.8,15.9,34.0,30.24,5.41,52.0,0.0,0.0,
2026-04-05T20:56:01,04/05/202608:56,20.53,0.0,0.0,51.9,0.0,0.0,0.0,0.9,18.0,198.7,23647.0,44734.0,23.8,15.9,34.0,30.24,5.41,52.0,0.0,0.0,
2026-04-05T20:56:06,04/05/202608:56,20.52,0.0,0.0,51.9,0.0,0.0,0.0,0.9,18.0,198.7,23647.0,44734.0,23.8,15.9,34.0,30.24,5.41,52.0,0.0,0.0,
2026-04-05T20:57:39,04/05/202608:57,20.52,0.0,0.0,51.9,0.0,0.0,0.0,0.9,18.0,198.7,23647.0,44734.0,23.8,15.9,34.0,30.24,5.41,52.0,0.0,0.0,
2026-04-05T20:58:00,04/05/202608:58,20.52,0.0,0.0,51.9,0.0,0.0,0.0,0.9,18.0,198.7,23647.0,44734.0,23.8,15.9,34.0,30.24,5.41,52.0,0.0,0.0,
2026-04-05T20:59:01,04/05/202608:59,20.52,0.0,0.0,51.9,0.0,0.0,0.0,0.9,18.0,198.7,23647.0,44734.0,23.8,15.9,34.0,30.24,5.41,52.0,0.0,0.0,
2026-04-05T20:59:06,04/05/202608:59,20.53,0.0,0.0,51.9,0.0,0.0,0.0,0.9,18.0,198.7,23647.0,44734.0,23.8,15.9,34.0,30.24,5.41,52.0,0.0,0.0,
2026-04-05T21:00:00,04/05/202609:00,20.54,0.0,0.0,51.9,0.0,0.0,0.0,0.9,18.0,198.7,23647.0,44734.0,23.8,15.9,34.0,30.24,5.41,52.0,0.0,0.0,
2026-04-05T21:01:01,04/05/202609:01,20.55,0.0,0.0,51.9,0.0,0.0,0.0,0.9,18.0,198.7,23647.0,44734.0,23.8,15.9,34.0,30.24,5.41,52.0,0.0,0.0,
2026-04-05T21:01:06,04/05/202609:01,20.55,0.0,0.0,51.9,0.0,0.0,0.0,0.9,18.0,198.7,23647.0,44734.0,23.8,15.85,34.1,30.24,5.335,52.3,0.0,0.0,
2026-04-05T21:02:19,04/05/202609:02,20.54,0.0,0.0,51.9,0.0,0.0,0.0,0.9,18.0,198.7,23647.0,44734.0,23.8,15.8,34.2,30.24,5.26,52.6,0.0,0.0,
2026-04-05T21:03:00,04/05/202609:03,20.53,0.0,0.0,51.9,0.0,0.0,0.0,0.9,18.0,198.7,23647.0,44734.0,23.8,15.75,34.3,30.24,5.1850000000000005,52.9,0.0,0.0,
2026-04-05T21:04:00,04/05/202609:04,20.53,0.0,0.0,51.9,0.0,0.0,0.0,0.9,18.0,198.7,23647.0,44734.0,23.8,15.7,34.4,30.24,5.11,53.2,0.0,0.0,
2026-04-05T21:05:01,04/05/202609:05,20.53,0.0,0.0,51.89,0.0,0.0,0.0,0.9,18.0,198.7,23647.0,44734.0,23.8,15.65,34.5,30.24,5.035,53.5,0.0,0.0,
2026-04-05T21:05:19,04/05/202609:05,20.54,0.0,0.0,51.879999999999995,0.0,0.0,0.0,0.9,18.0,198.7,23647.0,44734.0,23.8,15.6,34.6,30.24,4.96,53.8,0.0,0.0,
2026-04-05T21:06:00,04/05/202609:06,20.55,0.0,0.0,51.86999999999999,0.0,0.0,0.0,0.9,18.0,198.7,23647.0,44734.0,23.8,15.55,34.7,30.24,4.885,54.1,0.0,0.0,
2026-04-05T21:06:20,04/05/202609:06,20.54,0.0,0.0,51.86999999999999,0.0,0.0,0.0,0.9,18.0,198.7,23647.0,44734.0,23.8,15.5,34.8,30.24,4.8100000000000005,54.4,0.0,0.0,
2026-04-05T21:07:00,04/05/202609:07,20.53,0.0,0.0,51.86999999999999,0.0,0.0,0.0,0.9,18.0,198.7,23647.0,44734.0,23.8,15.45,34.9,30.24,4.735,54.7,0.0,0.0,
2026-04-05T21:08:50,04/05/202609:08,20.52,0.0,0.0,51.86,0.0,0.0,0.0,0.9,18.0,198.7,23647.0,44734.0,23.8,15.4,35.0,30.24,4.66,55.0,0.0,0.0,
2026-04-05T21:09:01,04/05/202609:09,20.52,0.0,0.0,51.85,0.0,0.0,0.0,0.9,18.0,198.7,23647.0,44734.0,23.8,15.4,35.0,30.24,4.66,55.0,0.0,0.0,
2026-04-05T21:10:01,04/05/202609:10,20.52,0.0,0.0,51.839999999999996,0.0,0.0,0.0,0.9,18.0,198.7,23647.0,44734.0,23.8,15.4,35.0,30.24,4.66,55.0,0.0,0.0,
2026-04-05T21:11:01,04/05/202609:11,20.52,0.0,0.0,51.839999999999996,0.0,0.0,0.0,0.9,18.0,198.7,23647.0,44734.0,23.8,15.4,35.0,30.24,4.66,55.0,0.0,0.0,
2026-04-05T21:12:00,04/05/202609:12,20.52,0.0,0.0,51.83,0.0,0.0,0.0,0.9,18.0,198.7,23647.0,44734.0,23.8,15.4,35.0,30.24,4.66,55.0,0.0,0.0,
2026-04-05T21:13:01,04/05/202609:13,20.52,0.0,0.0,51.83,0.0,0.0,0.0,0.9,18.0,198.7,23647.0,44734.0,23.8,15.4,35.0,30.24,4.66,55.0,0.0,0.0,
2026-04-05T21:14:01,04/05/202609:14,20.509999999999998,0.0,0.0,51.839999999999996,0.0,0.0,0.0,0.9,18.0,198.7,23647.0,44734.0,23.8,15.4,35.0,30.24,4.66,55.0,0.0,0.0,
2026-04-05T21:15:01,04/05/202609:15,20.5,0.0,0.0,51.839999999999996,0.0,0.0,0.0,0.9,18.0,198.7,23647.0,44734.0,23.8,15.4,35.0,30.24,4.66,55.0,0.0,0.0,
2026-04-05T21:16:01,04/05/202609:16,20.5,0.0,0.0,51.839999999999996,0.0,0.0,0.0,0.9,18.0,198.7,23647.0,44734.0,23.8,15.4,35.0,30.24,4.66,55.0,0.0,0.0,
2026-04-05T21:17:01,04/05/202609:17,20.5,0.0,0.0,51.839999999999996,0.0,0.0,0.0,0.9,18.0,198.7,23647.0,44734.0,23.8,15.37,35.1,30.243000000000002,4.6850000000000005,55.5,0.0,0.0,
2026-04-05T21:18:01,04/05/202609:18,20.5,0.0,0.0,51.839999999999996,0.0,0.0,0.0,0.9,18.0,198.7,23647.0,44734.0,23.8,15.34,35.2,30.246,4.71,56.0,0.0,0.0,
2026-04-05T21:20:03,04/05/202609:20,20.5,0.0,0.0,51.839999999999996,0.0,0.0,0.0,0.9,18.0,198.7,23647.0,44734.0,23.8,15.309999999999999,35.3,30.249000000000002,4.735,56.5,0.0,0.0,
2026-04-05T21:21:01,04/05/202609:21,20.5,0.0,0.0,51.839999999999996,0.0,0.0,0.0,0.9,18.0,198.7,23647.0,44734.0,23.8,15.280000000000001,35.4,30.252,4.76,57.0,0.0,0.0,
2026-04-05T21:22:00,04/05/202609:22,20.5,0.0,0.0,51.83,0.0,0.0,0.0,0.9,18.0,198.7,23647.0,44734.0,23.8,15.25,35.5,30.255000000000003,4.785,57.5,0.0,0.0,
2026-04-05T21:23:01,04/05/202609:23,20.5,0.0,0.0,51.839999999999996,0.0,0.0,0.0,0.9,18.0,198.7,23647.0,44734.0,23.8,15.219999999999999,35.6,30.258,4.8100000000000005,58.0,0.0,0.0,
2026-04-05T21:24:00,04/05/202609:24,20.5,0.0,0.0,51.839999999999996,0.0,0.0,0.0,0.9,18.0,198.7,23647.0,44734.0,23.8,15.190000000000001,35.7,30.261000000000003,4.835,58.5,0.0,0.0,
2026-04-05T21:25:00,04/05/202609:25,20.5,0.0,0.0,51.83,0.0,0.0,0.0,0.9,18.0,198.7,23647.0,44734.0,23.8,15.16,35.8,30.264,4.86,59.0,0.0,0.0,
2026-04-05T21:26:01,04/05/202609:26,20.5,0.0,0.0,51.839999999999996,0.0,0.0,0.0,0.9,18.0,198.7,23647.0,44734.0,23.8,15.13,35.9,30.267000000000003,4.885,59.5,0.0,0.0,
2026-04-05T21:27:00,04/05/202609:27,20.5,0.0,0.0,51.839999999999996,0.0,0.0,0.0,0.9,18.0,198.7,23647.0,44734.0,23.8,15.1,36.0,30.27,4.91,60.0,0.0,0.0,
2026-04-05T21:28:00,04/05/202609:28,20.5,0.0,0.0,51.839999999999996,0.0,0.0,0.0,0.9,18.0,198.7,23647.0,44734.0,23.8,15.1,36.0,30.27,4.91,60.0,0.0,0.0,
2026-04-05T21:29:01,04/05/202609:29,20.5,0.0,0.0,51.839999999999996,0.0,0.0,0.0,0.9,18.0,198.7,23647.0,44734.0,23.8,15.1,36.0,30.27,4.91,60.0,0.0,0.0,
2026-04-05T21:31:14,04/05/202609:31,20.5,0.0,0.0,51.85,0.0,0.0,0.0,0.9,18.0,198.7,23647.0,44734.0,23.8,15.030000000000001,36.1,30.27,4.922,60.9,0.0,0.0,
2026-04-05T21:32:00,04/05/202609:32,20.5,0.0,0.0,51.86,0.0,0.0,0.0,0.9,18.0,198.7,23647.0,44734.0,23.8,14.959999999999999,36.4,30.27,4.934,61.8,0.0,0.0,
2026-04-05T21:33:00,04/05/202609:33,20.5,0.0,0.0,51.86999999999999,0.0,0.0,0.0,0.9,18.0,198.7,23647.0,44734.0,23.8,14.89,36.7,30.27,4.946,62.7,0.0,0.0,
2026-04-05T21:34:00,04/05/202609:34,20.5,0.0,0.0,51.86,0.0,0.0,0.0,0.9,18.0,198.7,23647.0,44734.0,23.8,14.819999999999999,37.0,30.27,4.958,63.6,0.0,0.0,
2026-04-05T21:35:00,04/05/202609:35,20.5,0.0,0.0,51.86,0.0,0.0,0.0,0.9,18.0,198.7,23647.0,44734.0,23.8,14.75,37.3,30.27,4.970000000000001,64.5,0.0,0.0,
2026-04-05T21:36:00,04/05/202609:36,20.5,0.0,0.0,51.86,0.0,0.0,0.0,0.9,18.0,198.7,23647.0,44734.0,23.8,14.680000000000001,37.6,30.27,4.982,65.4,0.0,0.0,
2026-04-05T21:37:00,04/05/202609:37,20.5,0.0,0.0,51.85,0.0,0.0,0.0,0.9,18.0,198.7,23647.0,44734.0,23.8,14.61,37.9,30.27,4.994000000000001,66.3,0.0,0.0,
2026-04-05T21:38:00,04/05/202609:38,20.5,0.0,0.0,51.839999999999996,0.0,0.0,0.0,0.9,18.0,198.7,23647.0,44734.0,23.8,14.540000000000001,38.2,30.27,5.006,67.2,0.0,0.0,
2026-04-05T21:39:00,04/05/202609:39,20.5,0.0,0.0,51.839999999999996,0.0,0.0,0.0,0.9,18.0,198.7,23647.0,44734.0,23.8,14.469999999999999,38.5,30.27,5.018,68.1,0.0,0.0,
2026-04-05T21:40:00,04/05/202609:40,20.5,0.0,0.0,51.85,0.0,0.0,0.0,0.9,18.0,198.7,23647.0,44734.0,23.8,14.4,38.8,30.27,5.03,69.0,0.0,0.0,
2026-04-05T21:41:00,04/05/202609:41,20.5,0.0,0.0,51.839999999999996,0.0,0.0,0.0,0.9,18.0,198.7,23647.0,44734.0,23.8,14.4,39.0,30.27,5.03,69.0,0.0,0.0,
2026-04-05T21:42:26,04/05/202609:42,20.5,0.0,0.0,51.83,0.0,0.0,0.0,0.9,18.0,198.7,23647.0,44734.0,23.8,14.4,39.0,30.27,5.03,69.0,0.0,0.0,
2026-04-05T21:43:00,04/05/202609:43,20.5,0.0,0.0,51.81999999999999,0.0,0.0,0.0,0.9,18.0,198.7,23647.0,44734.0,23.8,14.4,39.0,30.27,5.03,69.0,0.0,0.0,
2026-04-05T21:44:00,04/05/202609:44,20.5,0.0,0.0,51.81999999999999,0.0,0.0,0.0,0.9,18.0,198.7,23647.0,44734.0,23.8,14.4,39.0,30.27,5.03,69.0,0.0,0.0,
2026-04-05T21:45:00,04/05/202609:45,20.5,0.0,0.0,51.81999999999999,0.0,0.0,0.0,0.9,18.0,198.7,23647.0,44734.0,23.8,14.4,39.0,30.27,5.03,69.0,0.0,0.0,
2026-04-05T21:46:00,04/05/202609:46,20.5,0.0,0.0,51.81999999999999,0.0,0.0,0.0,0.9,18.0,198.7,23647.0,44734.0,23.8,14.4,39.0,30.27,5.03,69.0,0.0,0.0,
2026-04-05T21:47:01,04/05/202609:47,20.5,0.0,0.0,51.81999999999999,0.0,0.0,0.0,0.9,18.0,198.7,23647.0,44734.0,23.8,14.36,39.2,30.27,5.024,69.3,0.0,0.0,
2026-04-05T21:48:00,04/05/202609:48,20.5,0.0,0.0,51.81999999999999,0.0,0.0,0.0,0.9,18.0,198.7,23647.0,44734.0,23.8,14.319999999999999,39.4,30.27,5.018,69.6,0.0,0.0,
2026-04-05T21:49:00,04/05/202609:49,20.5,0.0,0.0,51.81,0.0,0.0,0.0,0.9,18.0,198.7,23647.0,44734.0,23.8,14.280000000000001,39.6,30.27,5.0120000000000005,69.9,0.0,0.0,
2026-04-05T21:50:00,04/05/202609:50,20.5,0.0,0.0,51.8,0.0,0.0,0.0,0.9,18.0,198.7,23647.0,44734.0,23.8,14.24,39.8,30.27,5.006,70.2,0.0,0.0,
2026-04-05T21:51:00,04/05/202609:51,20.5,0.0,0.0,51.8,0.0,0.0,0.0,0.9,18.0,198.7,23647.0,44734.0,23.8,14.2,40.0,30.27,5.0,70.5,0.0,0.0,
2026-04-05T21:52:00,04/05/202609:52,20.5,0.0,0.0,51.81,0.0,0.0,0.0,0.9,18.0,198.7,23647.0,44734.0,23.8,14.16,40.2,30.27,4.994,70.8,0.0,0.0,
2026-04-05T21:53:39,04/05/202609:53,20.5,0.0,0.0,51.81,0.0,0.0,0.0,0.9,18.0,198.7,23647.0,44734.0,23.8,14.12,40.4,30.27,4.9879999999999995,71.1,0.0,0.0,
2026-04-05T21:54:01,04/05/202609:54,20.5,0.0,0.0,51.81,0.0,0.0,0.0,0.9,18.0,198.7,23647.0,44734.0,23.8,14.080000000000002,40.6,30.27,4.982,71.4,0.0,0.0,
2026-04-05T21:55:01,04/05/202609:55,20.5,0.0,0.0,51.81,0.0,0.0,0.0,0.9,18.0,198.7,23647.0,44734.0,23.8,14.040000000000001,40.8,30.27,4.976,71.7,0.0,0.0,
2026-04-05T21:56:01,04/05/202609:56,20.5,0.0,0.0,51.81999999999999,0.0,0.0,0.0,0.9,18.0,198.7,23647.0,44734.0,23.8,14.0,41.0,30.27,4.97,72.0,0.0,0.0,
2026-04-05T21:57:01,04/05/202609:57,20.5,0.0,0.0,51.81999999999999,0.0,0.0,0.0,0.9,18.0,198.7,23647.0,44734.0,23.9,14.0,41.0,30.27,4.97,72.0,0.0,0.0,
2026-04-05T21:58:01,04/05/202609:58,20.5,0.0,0.0,51.81999999999999,0.0,0.0,0.0,0.9,18.0,198.7,23647.0,44734.0,23.8,14.0,41.0,30.27,4.97,72.0,0.0,0.0,
2026-04-05T21:59:01,04/05/202609:59,20.5,0.0,0.0,51.81999999999999,0.0,0.0,0.0,0.9,18.0,198.7,23647.0,44734.0,23.8,14.0,41.0,30.27,4.97,72.0,0.0,0.0,
2026-04-05T22:00:01,04/05/202610:00,20.5,0.0,0.0,51.81999999999999,0.0,0.0,0.0,0.9,18.0,198.7,23647.0,44734.0,23.8,14.0,41.0,30.27,4.97,72.0,0.0,0.0,
2026-04-05T22:01:01,04/05/202610:01,20.5,0.0,0.0,51.83,0.0,0.0,0.0,0.9,18.0,198.7,23647.0,44734.0,23.8,14.0,41.0,30.27,4.97,72.0,0.0,0.0,
2026-04-05T22:02:01,04/05/202610:02,20.5,0.0,0.0,51.81999999999999,0.0,0.0,0.0,0.9,18.0,198.7,23647.0,44734.0,23.8,13.959999999999999,41.1,30.27,4.939,72.1,0.0,0.0,
2026-04-05T22:03:01,04/05/202610:03,20.5,0.0,0.0,51.81999999999999,0.0,0.0,0.0,0.9,18.0,198.7,23647.0,44734.0,23.8,13.919999999999998,41.2,30.27,4.9079999999999995,72.2,0.0,0.0,
2026-04-05T22:04:50,04/05/202610:04,20.5,0.0,0.0,51.81999999999999,0.0,0.0,0.0,0.9,18.0,198.7,23647.0,44734.0,23.8,13.88,41.3,30.27,4.877,72.3,0.0,0.0,
2026-04-05T22:05:01,04/05/202610:05,20.5,0.0,0.0,51.81999999999999,0.0,0.0,0.0,0.9,18.0,198.7,23647.0,44734.0,23.8,13.84,41.4,30.27,4.846,72.4,0.0,0.0,
2026-04-05T22:06:01,04/05/202610:06,20.5,0.0,0.0,51.81,0.0,0.0,0.0,0.9,18.0,198.7,23647.0,44734.0,23.8,13.8,41.5,30.27,4.8149999999999995,72.5,0.0,0.0,
2026-04-05T22:07:01,04/05/202610:07,20.5,0.0,0.0,51.81999999999999,0.0,0.0,0.0,0.9,18.0,198.7,23647.0,44734.0,23.8,13.76,41.6,30.27,4.784000000000001,72.6,0.0,0.0,
2026-04-05T22:08:01,04/05/202610:08,20.5,0.0,0.0,51.81999999999999,0.0,0.0,0.0,0.9,18.0,198.7,23647.0,44734.0,23.8,13.719999999999999,41.7,30.27,4.753,72.7,0.0,0.0,
2026-04-05T22:09:00,04/05/202610:09,20.5,0.0,0.0,51.81999999999999,0.0,0.0,0.0,0.9,18.0,198.7,23647.0,44734.0,23.8,13.680000000000001,41.8,30.27,4.7219999999999995,72.8,0.0,0.0,
2026-04-05T22:10:01,04/05/202610:10,20.5,0.0,0.0,51.81999999999999,0.0,0.0,0.0,0.9,18.0,198.7,23647.0,44734.0,23.8,13.64,41.9,30.27,4.691000000000001,72.9,0.0,0.0,
2026-04-05T22:11:01,04/05/202610:11,20.5,0.0,0.0,51.81,0.0,0.0,0.0,0.9,18.0,198.7,23647.0,44734.0,23.8,13.6,42.0,30.27,4.66,73.0,0.0,0.0,
2026-04-05T22:12:00,04/05/202610:12,20.5,0.0,0.0,51.81,0.0,0.0,0.0,0.9,18.0,198.7,23647.0,44734.0,23.8,13.6,42.0,30.27,4.66,73.0,0.0,0.0,
2026-04-05T22:13:01,04/05/202610:13,20.5,0.0,0.0,51.81,0.0,0.0,0.0,0.9,18.0,198.7,23647.0,44734.0,23.8,13.6,42.0,30.27,4.66,73.0,0.0,0.0,
2026-04-05T22:14:01,04/05/202610:14,20.5,0.0,0.0,51.81,0.0,0.0,0.0,0.9,18.0,198.7,23647.0,44734.0,23.8,13.6,42.0,30.27,4.66,73.0,0.0,0.0,
2026-04-05T22:16:02,04/05/202610:16,20.5,0.0,0.0,51.81,0.0,0.0,0.0,0.9,18.0,198.7,23647.0,44734.0,23.8,13.580000000000002,42.1,30.27,4.673,71.9,0.0,0.0,
2026-04-05T22:17:01,04/05/202610:17,20.5,0.0,0.0,51.81,0.0,0.0,0.0,0.9,18.0,198.7,23647.0,44734.0,23.8,13.559999999999999,42.2,30.27,4.686,70.8,0.0,0.0,
2026-04-05T22:18:01,04/05/202610:18,20.5,0.0,0.0,51.8,0.0,0.0,0.0,0.9,18.0,198.7,23647.0,44734.0,23.8,13.540000000000001,42.3,30.27,4.699,69.7,0.0,0.0,
2026-04-05T22:19:00,04/05/202610:19,20.5,0.0,0.0,51.8,0.0,0.0,0.0,0.9,18.0,198.7,23647.0,44734.0,23.8,13.52,42.4,30.27,4.712000000000001,68.6,0.0,0.0,
2026-04-05T22:20:01,04/05/202610:20,20.5,0.0,0.0,51.8,0.0,0.0,0.0,0.9,18.0,198.7,23647.0,44734.0,23.8,13.5,42.5,30.27,4.725,67.5,0.0,0.0,
2026-04-05T22:21:01,04/05/202610:21,20.5,0.0,0.0,51.8,0.0,0.0,0.0,0.9,18.0,198.7,23647.0,44734.0,23.8,13.48,42.6,30.27,4.738,66.4,0.0,0.0,
2026-04-05T22:22:00,04/05/202610:22,20.5,0.0,0.0,51.8,0.0,0.0,0.0,0.9,18.0,198.7,23647.0,44734.0,23.8,13.459999999999999,42.7,30.27,4.7509999999999994,65.3,0.0,0.0,
2026-04-05T22:23:01,04/05/202610:23,20.5,0.0,0.0,51.8,0.0,0.0,0.0,0.9,18.0,198.7,23647.0,44734.0,23.8,13.440000000000001,42.8,30.27,4.764,64.2,0.0,0.0,
2026-04-05T22:24:01,04/05/202610:24,20.5,0.0,0.0,51.8,0.0,0.0,0.0,0.9,18.0,198.7,23647.0,44734.0,23.8,13.419999999999998,42.9,30.27,4.777,63.1,0.0,0.0,
2026-04-05T22:25:01,04/05/202610:25,20.5,0.0,0.0,51.8,0.0,0.0,0.0,0.9,18.0,198.7,23647.0,44734.0,23.8,13.4,43.0,30.27,4.79,62.0,0.0,0.0,
2026-04-05T22:27:14,04/05/202610:27,20.5,0.0,0.0,51.8,0.0,0.0,0.0,0.9,18.0,198.7,23647.0,44734.0,23.8,13.4,43.0,30.27,4.79,62.0,0.0,0.0,
2026-04-05T22:28:24,04/05/202610:28,20.5,0.0,0.0,51.8,0.0,0.0,0.0,0.9,18.0,198.7,23647.0,44734.0,23.9,13.319999999999999,43.0,30.27,4.647,60.0,0.0,0.0,
2026-04-05T22:29:01,04/05/202610:29,20.5,0.0,0.0,51.81,0.0,0.0,0.0,0.9,18.0,198.7,23647.0,44734.0,23.8,13.24,43.0,30.27,4.504,58.0,0.0,0.0,
2026-04-05T22:30:01,04/05/202610:30,20.5,0.0,0.0,51.81,0.0,0.0,0.0,0.9,18.0,198.7,23647.0,44734.0,23.8,13.16,43.0,30.27,4.361,56.0,0.0,0.0,
2026-04-05T22:31:00,04/05/202610:31,20.5,0.0,0.0,51.81,0.0,0.0,0.0,0.9,18.0,198.7,23647.0,44734.0,23.8,13.080000000000002,43.0,30.27,4.218,54.0,0.0,0.0,
2026-04-05T22:32:01,04/05/202610:32,20.5,0.0,0.0,51.81,0.0,0.0,0.0,0.9,18.0,198.7,23647.0,44734.0,23.8,12.98,43.0,30.27,4.061999999999999,51.2,0.0,0.0,
2026-04-05T22:33:01,04/05/202610:33,20.5,0.0,0.0,51.81,0.0,0.0,0.0,0.9,18.0,198.7,23647.0,44734.0,23.8,12.88,43.7,30.27,3.906,48.4,0.0,0.0,
2026-04-05T22:34:01,04/05/202610:34,20.5,0.0,0.0,51.81,0.0,0.0,0.0,0.9,18.0,198.7,23647.0,44734.0,23.8,12.78,44.4,30.27,3.75,45.6,0.0,0.0,
2026-04-05T22:35:00,04/05/202610:35,20.5,0.0,0.0,51.81,0.0,0.0,0.0,0.9,18.0,198.7,23647.0,44734.0,23.8,12.68,45.1,30.27,3.594,42.8,0.0,0.0,
2026-04-05T22:36:01,04/05/202610:36,20.5,0.0,0.0,51.81,0.0,0.0,0.0,0.9,18.0,198.7,23647.0,44734.0,23.8,12.58,45.8,30.27,3.438,40.0,0.0,0.0,
2026-04-05T22:38:25,04/05/202610:38,20.5,0.0,0.0,51.81999999999999,0.0,0.0,0.0,0.9,18.0,198.7,23647.0,44734.0,23.8,12.48,46.5,30.27,3.282,37.2,0.0,0.0,
2026-04-05T22:39:00,04/05/202610:39,20.5,0.0,0.0,51.81999999999999,0.0,0.0,0.0,0.9,18.0,198.7,23647.0,44734.0,23.8,12.459999999999999,47.2,30.27,3.2689999999999997,36.4,0.0,0.0,
2026-04-05T22:40:01,04/05/202610:40,20.5,0.0,0.0,51.81,0.0,0.0,0.0,0.9,18.0,198.7,23647.0,44734.0,23.8,12.440000000000001,47.9,30.27,3.2560000000000002,35.6,0.0,0.0,
2026-04-05T22:41:01,04/05/202610:41,20.5,0.0,0.0,51.81,0.0,0.0,0.0,0.9,18.0,198.7,23647.0,44734.0,23.8,12.42,48.6,30.27,3.243,34.8,0.0,0.0,
2026-04-05T22:42:00,04/05/202610:42,20.5,0.0,0.0,51.81,0.0,0.0,0.0,0.9,18.0,198.7,23647.0,44734.0,23.8,12.4,49.3,30.27,3.2299999999999995,34.0,0.0,0.0,
2026-04-05T22:43:01,04/05/202610:43,20.5,0.0,0.0,51.81,0.0,0.0,0.0,0.9,18.0,198.7,23647.0,44734.0,23.8,12.4,50.0,30.27,3.2299999999999995,34.0,0.0,0.0,
2026-04-05T22:44:01,04/05/202610:44,20.5,0.0,0.0,51.81,0.0,0.0,0.0,0.9,18.0,198.7,23647.0,44734.0,23.8,12.4,50.0,30.27,3.2299999999999995,34.0,0.0,0.0,
2026-04-05T22:45:00,04/05/202610:45,20.5,0.0,0.0,51.81,0.0,0.0,0.0,0.9,18.0,198.7,23647.0,44734.0,23.8,12.4,50.0,30.27,3.2299999999999995,34.0,0.0,0.0,
2026-04-05T22:46:01,04/05/202610:46,20.5,0.0,0.0,51.81,0.0,0.0,0.0,0.9,18.0,198.7,23647.0,44734.0,23.8,12.370000000000001,50.1,30.27,3.211,36.0,0.0,0.0,
2026-04-05T22:47:01,04/05/202610:47,20.5,0.0,0.0,51.81,0.0,0.0,0.0,0.9,18.0,198.7,23647.0,44734.0,23.8,12.34,50.2,30.27,3.192,38.0,0.0,0.0,
2026-04-05T22:48:00,04/05/202610:48,20.5,0.0,0.0,51.8,0.0,0.0,0.0,0.9,18.0,198.7,23647.0,44734.0,23.8,12.309999999999999,50.3,30.27,3.173,40.0,0.0,0.0,
2026-04-05T22:49:37,04/05/202610:49,20.5,0.0,0.0,51.8,0.0,0.0,0.0,0.9,18.0,198.7,23647.0,44734.0,23.8,12.28,50.4,30.27,3.154,42.0,0.0,0.0,
2026-04-05T22:50:00,04/05/202610:50,20.5,0.0,0.0,51.8,0.0,0.0,0.0,0.9,18.0,198.7,23647.0,44734.0,23.8,12.25,50.5,30.27,3.1350000000000002,44.0,0.0,0.0,
2026-04-05T22:51:01,04/05/202610:51,20.5,0.0,0.0,51.8,0.0,0.0,0.0,0.9,18.0,198.7,23647.0,44734.0,23.8,12.22,50.6,30.27,3.116,46.0,0.0,0.0,
2026-04-05T22:52:00,04/05/202610:52,20.5,0.0,0.0,51.8,0.0,0.0,0.0,0.9,18.0,198.7,23647.0,44734.0,23.8,12.190000000000001,50.7,30.27,3.097,48.0,0.0,0.0,
2026-04-05T22:53:00,04/05/202610:53,20.5,0.0,0.0,51.8,0.0,0.0,0.0,0.9,18.0,198.7,23647.0,44734.0,23.8,12.16,50.8,30.27,3.0780000000000003,50.0,0.0,0.0,
2026-04-05T22:54:01,04/05/202610:54,20.5,0.0,0.0,51.8,0.0,0.0,0.0,0.9,18.0,198.7,23647.0,44734.0,23.8,12.129999999999999,50.9,30.27,3.059,52.0,0.0,0.0,
2026-04-05T22:55:00,04/05/202610:55,20.5,0.0,0.0,51.8,0.0,0.0,0.0,0.9,18.0,198.7,23647.0,44734.0,23.8,12.1,51.0,30.27,3.04,54.0,0.0,0.0,
2026-04-05T22:56:00,04/05/202610:56,20.5,0.0,0.0,51.8,0.0,0.0,0.0,0.9,18.0,198.7,23647.0,44734.0,23.8,12.1,51.0,30.27,3.04,54.0,0.0,0.0,
2026-04-05T22:57:00,04/05/202610:57,20.5,0.0,0.0,51.8,0.0,0.0,0.0,0.9,18.0,198.7,23647.0,44734.0,23.8,12.1,51.0,30.27,3.04,54.0,0.0,0.0,
2026-04-05T22:58:00,04/05/202610:58,20.5,0.0,0.0,51.8,0.0,0.0,0.0,0.9,18.0,198.7,23647.0,44734.0,23.8,12.1,51.0,30.27,3.04,54.0,0.0,0.0,
2026-04-05T22:59:00,04/05/202610:59,20.5,0.0,0.0,51.8,0.0,0.0,0.0,0.9,18.0,198.7,23647.0,44734.0,23.8,12.1,51.0,30.27,3.04,54.0,0.0,0.0,
2026-04-05T23:00:48,04/05/202611:00,20.5,0.0,0.0,51.8,0.0,0.0,0.0,0.9,18.0,198.7,23647.0,44734.0,23.8,12.1,51.0,30.27,3.04,54.0,0.0,0.0,
2026-04-05T23:01:01,04/05/202611:01,20.5,0.0,0.0,51.81,0.0,0.0,0.0,0.9,18.0,198.7,23647.0,44734.0,23.8,12.07,51.0,30.27,2.9850000000000003,54.9,0.0,0.0,
2026-04-05T23:02:01,04/05/202611:02,20.5,0.0,0.0,51.81,0.0,0.0,0.0,0.9,18.0,198.7,23647.0,44734.0,23.8,12.040000000000001,51.0,30.27,2.93,55.8,0.0,0.0,
2026-04-05T23:03:01,04/05/202611:03,20.5,0.0,0.0,51.81,0.0,0.0,0.0,0.9,18.0,198.7,23647.0,44734.0,23.8,12.01,51.0,30.27,2.875,56.7,0.0,0.0,
2026-04-05T23:03:58,04/05/202611:03,20.55,0.0,0.0,51.81,0.0,0.0,0.0,0.9,18.0,198.7,23647.0,44734.0,23.8,11.98,51.0,30.27,2.8200000000000003,57.6,0.0,0.0,
2026-04-05T23:04:01,04/05/202611:04,20.6,0.0,0.0,51.81,0.0,0.0,0.0,0.9,18.0,198.7,23647.0,44734.0,23.8,11.95,51.0,30.27,2.765,58.5,0.0,0.0,
2026-04-05T23:04:06,04/05/202611:04,20.68,0.0,0.0,51.8,0.0,0.0,0.0,0.9,18.0,198.7,23647.0,44734.0,23.8,11.92,51.0,30.27,2.71,59.4,0.0,0.0,
2026-04-05T23:05:01,04/05/202611:05,20.759999999999998,0.0,0.0,51.79,0.0,0.0,0.0,0.9,18.0,198.7,23647.0,44734.0,23.8,11.89,51.0,30.27,2.6550000000000002,60.3,0.0,0.0,
2026-04-05T23:05:07,04/05/202611:05,20.869999999999997,0.0,0.0,51.779999999999994,0.0,0.0,0.0,0.9,18.0,198.7,23647.0,44734.0,23.8,11.860000000000001,51.0,30.27,2.6,61.2,0.0,0.0,
2026-04-05T23:06:01,04/05/202611:06,20.98,0.0,0.0,51.77,0.0,0.0,0.0,0.9,18.0,198.7,23647.0,44734.0,23.8,11.830000000000002,51.0,30.27,2.5450000000000004,62.1,0.0,0.0,
2026-04-05T23:06:07,04/05/202611:06,20.98,0.0,0.0,51.760000000000005,0.0,0.0,0.0,0.9,18.0,198.7,23647.0,44734.0,23.8,11.8,51.0,30.27,2.49,63.0,0.0,0.0,
2026-04-05T23:07:56,04/05/202611:07,20.98,0.0,0.0,51.75,0.0,0.0,0.0,0.9,18.0,198.7,23647.0,44734.0,23.8,11.8,51.0,30.27,2.49,63.0,0.0,0.0,
2026-04-05T23:08:01,04/05/202611:08,20.98,0.0,0.0,51.75,0.0,0.0,0.0,0.9,18.0,198.7,23647.0,44734.0,23.8,11.8,51.0,30.27,2.49,63.0,0.0,0.0,
2026-04-05T23:09:01,04/05/202611:09,20.98,0.0,0.0,51.75,0.0,0.0,0.0,0.9,18.0,198.7,23647.0,44734.0,23.8,11.8,51.0,30.27,2.49,63.0,0.0,0.0,
2026-04-05T23:10:01,04/05/202611:10,20.93,0.0,0.0,51.75,0.0,0.0,0.0,0.9,18.0,198.7,23647.0,44734.0,23.8,11.8,51.0,30.27,2.49,63.0,0.0,0.0,
2026-04-05T23:12:00,04/05/202611:11,20.880000000000003,0.0,0.0,51.75,0.0,0.0,0.0,0.9,18.0,198.7,23647.0,44734.0,23.8,11.8,51.0,30.27,2.49,63.0,0.0,0.0,
2026-04-05T23:12:01,04/05/202611:12,20.8,0.0,0.0,51.760000000000005,0.0,0.0,0.0,0.9,18.0,198.7,23647.0,44734.0,23.8,11.8,51.0,30.27,2.49,63.0,0.0,0.0,
2026-04-05T23:13:01,04/05/202611:13,20.72,0.0,0.0,51.77,0.0,0.0,0.0,0.9,18.0,198.7,23647.0,44734.0,23.8,11.8,51.0,30.27,2.49,63.0,0.0,0.0,
2026-04-05T23:14:00,04/05/202611:14,20.61,0.0,0.0,51.779999999999994,0.0,0.0,0.0,0.9,18.0,198.7,23647.0,44734.0,23.8,11.8,51.0,30.27,2.49,63.0,0.0,0.0,
2026-04-05T23:15:01,04/05/202611:15,20.5,0.0,0.0,51.779999999999994,0.0,0.0,0.0,0.9,18.0,198.7,23647.0,44734.0,23.8,11.8,51.0,30.27,2.49,63.0,0.0,0.0,
2026-04-05T23:16:00,04/05/202611:16,20.5,0.0,0.0,51.779999999999994,0.0,0.0,0.0,0.9,18.0,198.7,23647.0,44734.0,23.8,11.77,51.1,30.27,2.527,63.9,0.0,0.0,
2026-04-05T23:17:00,04/05/202611:17,20.5,0.0,0.0,51.77,0.0,0.0,0.0,0.9,18.0,198.7,23647.0,44734.0,23.8,11.74,51.2,30.27,2.564,64.8,0.0,0.0,
2026-04-05T23:18:01,04/05/202611:18,20.5,0.0,0.0,51.77,0.0,0.0,0.0,0.9,18.0,198.7,23647.0,44734.0,23.8,11.71,51.3,30.27,2.601,65.7,0.0,0.0,
2026-04-05T23:19:01,04/05/202611:19,20.5,0.0,0.0,51.760000000000005,0.0,0.0,0.0,0.9,18.0,198.7,23647.0,44734.0,23.8,11.680000000000001,51.4,30.27,2.6380000000000003,66.6,0.0,0.0,
2026-04-05T23:20:00,04/05/202611:20,20.5,0.0,0.0,51.760000000000005,0.0,0.0,0.0,0.9,18.0,198.7,23647.0,44734.0,23.8,11.65,51.5,30.27,2.675,67.5,0.0,0.0,
2026-04-05T23:21:01,04/05/202611:21,20.5,0.0,0.0,51.75,0.0,0.0,0.0,0.9,18.0,198.7,23647.0,44734.0,23.8,11.620000000000001,51.6,30.27,2.712,68.4,0.0,0.0,
2026-04-05T23:23:12,04/05/202611:23,20.5,0.0,0.0,51.75,0.0,0.0,0.0,0.9,18.0,198.7,23647.0,44734.0,23.8,11.59,51.7,30.27,2.7489999999999997,69.3,0.0,0.0,
2026-04-05T23:24:00,04/05/202611:24,20.5,0.0,0.0,51.739999999999995,0.0,0.0,0.0,0.9,18.0,198.7,23647.0,44734.0,23.8,11.559999999999999,51.8,30.27,2.786,70.2,0.0,0.0,
2026-04-05T23:25:01,04/05/202611:25,20.5,0.0,0.0,51.73,0.0,0.0,0.0,0.9,18.0,198.7,23647.0,44734.0,23.8,11.53,51.9,30.27,2.823,71.1,0.0,0.0,
2026-04-05T23:26:00,04/05/202611:26,20.5,0.0,0.0,51.739999999999995,0.0,0.0,0.0,0.9,18.0,198.7,23647.0,44734.0,23.8,11.5,52.0,30.27,2.86,72.0,0.0,0.0,
2026-04-05T23:27:00,04/05/202611:27,20.5,0.0,0.0,51.75,0.0,0.0,0.0,0.9,18.0,198.7,23647.0,44734.0,23.8,11.5,52.0,30.27,2.86,72.0,0.0,0.0,
2026-04-05T23:28:00,04/05/202611:28,20.5,0.0,0.0,51.760000000000005,0.0,0.0,0.0,0.9,18.0,198.7,23647.0,44734.0,23.8,11.5,52.0,30.27,2.86,72.0,0.0,0.0,
2026-04-05T23:29:01,04/05/202611:29,20.5,0.0,0.0,51.75,0.0,0.0,0.0,0.9,18.0,198.7,23647.0,44734.0,23.8,11.48,52.0,30.27,2.984,70.9,0.0,0.0,
2026-04-05T23:30:00,04/05/202611:30,20.5,0.0,0.0,51.75,0.0,0.0,0.0,0.9,18.0,198.7,23647.0,44734.0,23.8,11.459999999999999,52.0,30.27,3.1079999999999997,69.8,0.0,0.0,
2026-04-05T23:31:01,04/05/202611:31,20.5,0.0,0.0,51.75,0.0,0.0,0.0,0.9,18.0,198.7,23647.0,44734.0,23.8,11.42,52.3,30.27,3.102,68.7,0.0,0.0,
2026-04-05T23:32:00,04/05/202611:32,20.5,0.0,0.0,51.760000000000005,0.0,0.0,0.0,0.9,18.0,198.7,23647.0,44734.0,23.8,11.379999999999999,52.6,30.27,3.0959999999999996,67.6,0.0,0.0,
2026-04-05T23:36:49,04/05/202611:36,20.5,0.0,0.0,51.75,0.0,0.0,0.0,0.9,18.0,198.7,23647.0,44734.0,23.8,11.34,52.9,30.27,3.09,66.5,0.0,0.0,
2026-04-05T23:37:01,04/05/202611:37,20.5,0.0,0.0,51.75,0.0,0.0,0.0,0.9,18.0,198.7,23647.0,44734.0,23.8,11.3,53.2,30.27,3.0839999999999996,65.4,0.0,0.0,
2026-04-05T23:38:01,04/05/202611:38,20.5,0.0,0.0,51.75,0.0,0.0,0.0,0.9,18.0,198.7,23647.0,44734.0,23.8,11.26,53.5,30.27,3.078,64.3,0.0,0.0,
2026-04-05T23:39:01,04/05/202611:39,20.5,0.0,0.0,51.739999999999995,0.0,0.0,0.0,0.9,18.0,198.7,23647.0,44734.0,23.8,11.22,53.8,30.27,3.072,63.2,0.0,0.0,
2026-04-05T23:40:01,04/05/202611:40,20.5,0.0,0.0,51.73,0.0,0.0,0.0,0.9,18.0,198.7,23647.0,44734.0,23.8,11.18,54.1,30.27,3.066,62.1,0.0,0.0,
2026-04-05T23:41:00,04/05/202611:41,20.5,0.0,0.0,51.720000000000006,0.0,0.0,0.0,0.9,18.0,198.7,23647.0,44734.0,23.8,11.14,54.4,30.27,3.0599999999999996,61.0,0.0,0.0,
2026-04-05T23:42:01,04/05/202611:42,20.5,0.0,0.0,51.720000000000006,0.0,0.0,0.0,0.9,18.0,198.7,23647.0,44734.0,23.8,11.120000000000001,54.7,30.27,2.9299999999999997,61.0,0.0,0.0,
2026-04-05T23:43:01,04/05/202611:43,20.5,0.0,0.0,51.720000000000006,0.0,0.0,0.0,0.9,18.0,198.7,23647.0,44734.0,23.8,11.1,55.0,30.27,2.8,61.0,0.0,0.0,
2026-04-05T23:44:01,04/05/202611:44,20.5,0.0,0.0,51.71,0.0,0.0,0.0,0.9,18.0,198.7,23647.0,44734.0,23.8,11.1,55.0,30.27,2.8,61.0,0.0,0.0,
2026-04-05T23:45:01,04/05/202611:45,20.5,0.0,0.0,51.7,0.0,0.0,0.0,0.9,18.0,198.7,23647.0,44734.0,23.8,11.1,55.0,30.27,2.8,61.0,0.0,0.0,
2026-04-05T23:46:01,04/05/202611:46,20.5,0.0,0.0,51.7,0.0,0.0,0.0,0.9,18.0,198.7,23647.0,44734.0,23.8,11.07,55.1,30.273000000000003,2.775,60.1,0.0,0.0,
2026-04-05T23:48:01,04/05/202611:48,20.5,0.0,0.0,51.71,0.0,0.0,0.0,0.9,18.0,198.7,23647.0,44734.0,23.8,11.040000000000001,55.2,30.276,2.75,59.2,0.0,0.0,
2026-04-05T23:49:01,04/05/202611:49,20.5,0.0,0.0,51.71,0.0,0.0,0.0,0.9,18.0,198.7,23647.0,44734.0,23.8,11.01,55.3,30.279000000000003,2.725,58.3,0.0,0.0,
2026-04-05T23:50:01,04/05/202611:50,20.5,0.0,0.0,51.71,0.0,0.0,0.0,0.9,18.0,198.7,23647.0,44734.0,23.8,10.98,55.4,30.282,2.7,57.4,0.0,0.0,
2026-04-05T23:51:01,04/05/202611:51,20.5,0.0,0.0,51.71,0.0,0.0,0.0,0.9,18.0,198.7,23647.0,44734.0,23.8,10.95,55.5,30.285000000000004,2.675,56.5,0.0,0.0,
2026-04-05T23:52:01,04/05/202611:52,20.5,0.0,0.0,51.71,0.0,0.0,0.0,0.9,18.0,198.7,23647.0,44734.0,23.8,10.92,55.6,30.288,2.65,55.6,0.0,0.0,
2026-04-05T23:53:01,04/05/202611:53,20.5,0.0,0.0,51.71,0.0,0.0,0.0,0.9,18.0,198.7,23647.0,44734.0,23.8,10.89,55.7,30.291000000000004,2.625,54.7,0.0,0.0,
2026-04-05T23:54:00,04/05/202611:54,20.5,0.0,0.0,51.71,0.0,0.0,0.0,0.9,18.0,198.7,23647.0,44734.0,23.8,10.860000000000001,55.8,30.294,2.6,53.8,0.0,0.0,
2026-04-05T23:55:01,04/05/202611:55,20.5,0.0,0.0,51.71,0.0,0.0,0.0,0.9,18.0,198.7,23647.0,44734.0,23.8,10.830000000000002,55.9,30.297000000000004,2.575,52.9,0.0,0.0,
2026-04-05T23:56:01,04/05/202611:56,20.5,0.0,0.0,51.71,0.0,0.0,0.0,0.9,18.0,198.7,23647.0,44734.0,23.8,10.8,56.0,30.3,2.55,52.0,0.0,0.0,
2026-04-05T23:57:01,04/05/202611:57,20.5,0.0,0.0,51.71,0.0,0.0,0.0,0.9,18.0,198.7,23647.0,44734.0,23.8,10.8,56.0,30.3,2.55,52.0,0.0,0.0,
2026-04-05T23:59:14,04/05/202611:59,20.5,0.0,0.0,51.7,0.0,0.0,0.0,0.9,18.0,198.7,23647.0,44734.0,23.8,10.8,56.0,30.3,2.55,52.0,0.0,0.0,
