timestamp,HMI_Timestamp,PV_Voltage_V,PV_Current_A,PV_Power_W,Battery_Voltage_V,Battery_Current_A,Battery_Power_W,Avg_Power_to_Battery_W,Daily_Energy_kWh,Daily_Charge_Ah,History_Max_Input_Voltage_V,Lifetime_Energy_Gen_kWh,Lifetime_Charge_Ah,Battery_Temp_C,Air_Temp_C,Humidity_pct,Air_Pressure_inHg,Wind_Speed_ms,Wind_Direction_deg,Solar_Irradiance_Wm2,UV_Index,Est_Efficiency
2026-01-30T00:08:23,01/30/202600:08,20.7,0.0,0.0,51.6,0.0,0.0,0.0,0.0,0.0,198.7,23103.0,43693.0,20.7,0.0,75.0,30.3,3.85,353.0,0.0,0.0,
2026-01-30T00:11:03,01/30/202600:11,20.6,0.0,0.0,51.7,0.0,0.0,0.0,0.0,0.0,198.7,23103.0,43693.0,20.8,0.0,75.0,30.3,3.85,353.0,0.0,0.0,
2026-01-30T00:12:04,01/30/202600:12,20.7,0.0,0.0,51.6,0.0,0.0,0.0,0.0,0.0,198.7,23103.0,43693.0,20.8,0.0,75.0,30.3,3.85,353.0,0.0,0.0,
2026-01-30T00:19:32,01/30/202600:19,20.7,0.0,0.0,51.6,0.0,0.0,0.0,0.0,0.0,198.7,23103.0,43693.0,20.8,0.0,75.0,30.3,4.72,357.0,0.0,0.0,
2026-01-30T00:20:04,01/30/202600:20,20.6,0.0,0.0,51.6,0.0,0.0,0.0,0.0,0.0,198.7,23103.0,43693.0,20.7,0.0,75.0,30.3,4.72,357.0,0.0,0.0,
2026-01-30T00:21:04,01/30/202600:21,20.7,0.0,0.0,51.6,0.0,0.0,0.0,0.0,0.0,198.7,23103.0,43693.0,20.8,0.0,75.0,30.3,4.72,357.0,0.0,0.0,
2026-01-30T00:23:15,01/30/202600:23,20.6,0.0,0.0,51.6,0.0,0.0,0.0,0.0,0.0,198.7,23103.0,43693.0,20.7,0.0,75.0,30.3,4.72,357.0,0.0,0.0,
2026-01-30T00:24:16,01/30/202600:24,20.7,0.0,0.0,51.6,0.0,0.0,0.0,0.0,0.0,198.7,23103.0,43693.0,20.8,0.0,75.0,30.3,4.72,357.0,0.0,0.0,
2026-01-30T00:27:04,01/30/202600:27,20.6,0.0,0.0,51.6,0.0,0.0,0.0,0.0,0.0,198.7,23103.0,43693.0,20.7,0.0,75.0,30.3,4.72,357.0,0.0,0.0,
2026-01-30T00:28:04,01/30/202600:28,20.7,0.0,0.0,51.6,0.0,0.0,0.0,0.0,0.0,198.7,23103.0,43693.0,20.7,0.0,75.0,30.3,4.72,357.0,0.0,0.0,
2026-01-30T00:30:40,01/30/202600:30,20.7,0.0,0.0,51.6,0.0,0.0,0.0,0.0,0.0,198.7,23103.0,43693.0,20.8,0.0,75.0,30.3,4.54,351.0,0.0,0.0,
2026-01-30T00:32:04,01/30/202600:32,20.6,0.0,0.0,51.6,0.0,0.0,0.0,0.0,0.0,198.7,23103.0,43693.0,20.7,0.0,73.0,30.3,5.84,353.0,0.0,0.0,
2026-01-30T00:35:04,01/30/202600:35,20.7,0.0,0.0,51.7,0.0,0.0,0.0,0.0,0.0,198.7,23103.0,43693.0,20.8,0.0,73.0,30.3,5.84,353.0,0.0,0.0,
2026-01-30T00:39:04,01/30/202600:39,20.6,0.0,0.0,51.6,0.0,0.0,0.0,0.0,0.0,198.7,23103.0,43693.0,20.8,0.0,73.0,30.3,5.84,353.0,0.0,0.0,
2026-01-30T00:40:04,01/30/202600:40,20.7,0.0,0.0,51.6,0.0,0.0,0.0,0.0,0.0,198.7,23103.0,43693.0,20.8,0.0,73.0,30.3,5.84,353.0,0.0,0.0,
2026-01-30T00:41:50,01/30/202600:41,20.6,0.0,0.0,51.6,0.0,0.0,0.0,0.0,0.0,198.7,23103.0,43693.0,20.7,0.0,73.0,30.3,5.84,353.0,0.0,0.0,
2026-01-30T00:42:19,01/30/202600:42,20.7,0.0,0.0,51.6,0.0,0.0,0.0,0.0,0.0,198.7,23103.0,43693.0,20.8,0.0,73.0,30.3,5.84,353.0,0.0,0.0,
2026-01-30T00:52:59,01/30/202600:52,20.7,0.0,0.0,51.6,0.0,0.0,0.0,0.0,0.0,198.7,23103.0,43693.0,20.7,0.0,72.0,30.3,4.72,341.0,0.0,0.0,
2026-01-30T00:53:19,01/30/202600:53,20.6,0.0,0.0,51.6,0.0,0.0,0.0,0.0,0.0,198.7,23103.0,43693.0,20.7,0.0,72.0,30.3,4.72,341.0,0.0,0.0,
2026-01-30T00:53:35,01/30/202600:53,20.7,0.0,0.0,51.6,0.0,0.0,0.0,0.0,0.0,198.7,23103.0,43693.0,20.7,0.0,72.0,30.3,4.72,341.0,0.0,0.0,
2026-01-30T00:54:35,01/30/202600:54,20.6,0.0,0.0,51.6,0.0,0.0,0.0,0.0,0.0,198.7,23103.0,43693.0,20.7,0.0,72.0,30.3,4.72,341.0,0.0,0.0,
2026-01-30T00:57:35,01/30/202600:57,20.7,0.0,0.0,51.6,0.0,0.0,0.0,0.0,0.0,198.7,23103.0,43693.0,20.7,0.0,72.0,30.3,4.72,341.0,0.0,0.0,
2026-01-30T00:59:35,01/30/202600:59,20.6,0.0,0.0,51.6,0.0,0.0,0.0,0.0,0.0,198.7,23103.0,43693.0,20.8,0.0,72.0,30.3,4.72,341.0,0.0,0.0,
2026-01-30T01:01:34,01/30/202601:01,20.7,0.0,0.0,51.6,0.0,0.0,0.0,0.0,0.0,198.7,23103.0,43693.0,20.7,0.0,72.0,30.3,4.72,352.0,0.0,0.0,
2026-01-30T01:02:55,01/30/202601:02,20.6,0.0,0.0,51.5,0.0,0.0,0.0,0.0,0.0,198.7,23103.0,43693.0,20.7,0.0,72.0,30.3,4.72,352.0,0.0,0.0,
2026-01-30T01:04:09,01/30/202601:04,20.7,0.0,0.0,51.6,0.0,0.0,0.0,0.0,0.0,198.7,23103.0,43693.0,20.7,0.0,72.0,30.3,4.72,352.0,0.0,0.0,
2026-01-30T01:04:56,01/30/202601:04,20.6,0.0,0.0,51.5,0.0,0.0,0.0,0.0,0.0,198.7,23103.0,43693.0,20.7,0.0,72.0,30.3,4.72,352.0,0.0,0.0,
2026-01-30T01:07:56,01/30/202601:07,20.7,0.0,0.0,51.6,0.0,0.0,0.0,0.0,0.0,198.7,23103.0,43693.0,20.7,0.0,72.0,30.3,4.72,352.0,0.0,0.0,
2026-01-30T01:08:56,01/30/202601:08,20.6,0.0,0.0,51.5,0.0,0.0,0.0,0.0,0.0,198.7,23103.0,43693.0,20.7,0.0,72.0,30.3,4.72,352.0,0.0,0.0,
2026-01-30T01:10:55,01/30/202601:10,20.7,0.0,0.0,51.6,0.0,0.0,0.0,0.0,0.0,198.7,23103.0,43693.0,20.7,0.0,72.0,30.3,4.72,352.0,0.0,0.0,
2026-01-30T01:12:56,01/30/202601:12,20.6,0.0,0.0,51.6,0.0,0.0,0.0,0.0,0.0,198.7,23103.0,43693.0,20.7,0.0,72.0,30.3,4.72,352.0,0.0,0.0,
2026-01-30T01:13:56,01/30/202601:13,20.7,0.0,0.0,51.5,0.0,0.0,0.0,0.0,0.0,198.7,23103.0,43693.0,20.8,0.0,72.0,30.3,4.72,352.0,0.0,0.0,
2026-01-30T01:15:18,01/30/202601:15,20.6,0.0,0.0,51.5,0.0,0.0,0.0,0.0,0.0,198.7,23103.0,43693.0,20.7,0.0,72.0,30.3,4.72,352.0,0.0,0.0,
2026-01-30T01:15:56,01/30/202601:15,20.7,0.0,0.0,51.6,0.0,0.0,0.0,0.0,0.0,198.7,23103.0,43693.0,20.7,0.0,72.0,30.3,4.47,6.0,0.0,0.0,
2026-01-30T01:17:48,01/30/202601:17,20.6,0.0,0.0,51.6,0.0,0.0,0.0,0.0,0.0,198.7,23103.0,43693.0,20.7,0.0,72.0,30.3,4.6,346.0,0.0,0.0,
2026-01-30T01:19:48,01/30/202601:19,20.7,0.0,0.0,51.6,0.0,0.0,0.0,0.0,0.0,198.7,23103.0,43693.0,20.7,0.0,72.0,30.3,3.54,342.0,0.0,0.0,
2026-01-30T01:20:48,01/30/202601:20,20.6,0.0,0.0,51.6,0.0,0.0,0.0,0.0,0.0,198.7,23103.0,43693.0,20.7,0.0,72.0,30.3,3.54,342.0,0.0,0.0,
2026-01-30T01:22:48,01/30/202601:22,20.7,0.0,0.0,51.6,0.0,0.0,0.0,0.0,0.0,198.7,23103.0,43693.0,20.7,0.0,72.0,30.3,3.54,342.0,0.0,0.0,
2026-01-30T01:23:47,01/30/202601:23,20.6,0.0,0.0,51.5,0.0,0.0,0.0,0.0,0.0,198.7,23103.0,43693.0,20.7,0.0,72.0,30.3,3.54,342.0,0.0,0.0,
2026-01-30T01:26:27,01/30/202601:26,20.7,0.0,0.0,51.6,0.0,0.0,0.0,0.0,0.0,198.7,23103.0,43693.0,20.7,0.0,72.0,30.3,3.54,342.0,0.0,0.0,
2026-01-30T01:26:48,01/30/202601:26,20.6,0.0,0.0,51.6,0.0,0.0,0.0,0.0,0.0,198.7,23103.0,43693.0,20.7,0.0,72.0,30.3,3.54,342.0,0.0,0.0,
2026-01-30T01:37:36,01/30/202601:37,20.6,0.0,0.0,51.6,0.0,0.0,0.0,0.0,0.0,198.7,23103.0,43693.0,20.7,0.0,72.0,30.3,3.73,327.0,0.0,0.0,
2026-01-30T01:41:48,01/30/202601:41,20.5,0.0,0.0,51.6,0.0,0.0,0.0,0.0,0.0,198.7,23103.0,43693.0,20.7,0.0,72.0,30.3,3.73,327.0,0.0,0.0,
2026-01-30T01:42:48,01/30/202601:42,20.6,0.0,0.0,51.6,0.0,0.0,0.0,0.0,0.0,198.7,23103.0,43693.0,20.7,0.0,72.0,30.3,3.73,327.0,0.0,0.0,
2026-01-30T01:48:46,01/30/202601:48,20.6,0.0,0.0,51.5,0.0,0.0,0.0,0.0,0.0,198.7,23103.0,43693.0,20.7,0.0,72.0,30.27,4.29,332.0,0.0,0.0,
2026-01-30T01:57:37,01/30/202601:57,20.6,0.0,0.0,51.6,0.0,0.0,0.0,0.0,0.0,198.7,23103.0,43693.0,20.7,0.0,75.0,30.3,4.29,332.0,0.0,0.0,
2026-01-30T01:59:56,01/30/202601:59,20.6,0.0,0.0,51.6,0.0,0.0,0.0,0.0,0.0,198.7,23103.0,43693.0,20.7,0.0,75.0,30.3,4.29,332.0,0.0,0.0,
2026-01-30T02:01:37,01/30/202602:01,20.5,0.0,0.0,51.5,0.0,0.0,0.0,0.0,0.0,198.7,23103.0,43693.0,20.7,0.0,75.0,30.3,4.54,340.0,0.0,0.0,
2026-01-30T02:02:38,01/30/202602:02,20.6,0.0,0.0,51.6,0.0,0.0,0.0,0.0,0.0,198.7,23103.0,43693.0,20.7,0.0,75.0,30.3,4.54,340.0,0.0,0.0,
2026-01-30T02:05:37,01/30/202602:05,20.5,0.0,0.0,51.6,0.0,0.0,0.0,0.0,0.0,198.7,23103.0,43693.0,20.7,0.0,75.0,30.3,4.54,340.0,0.0,0.0,
2026-01-30T02:06:38,01/30/202602:06,20.6,0.0,0.0,51.5,0.0,0.0,0.0,0.0,0.0,198.7,23103.0,43693.0,20.7,0.0,75.0,30.3,4.54,340.0,0.0,0.0,
2026-01-30T02:12:00,01/30/202602:12,20.5,0.0,0.0,51.6,0.0,0.0,0.0,0.0,0.0,198.7,23103.0,43693.0,20.7,0.0,75.0,30.3,4.54,340.0,0.0,0.0,
2026-01-30T02:14:00,01/30/202602:14,20.6,0.0,0.0,51.5,0.0,0.0,0.0,0.0,0.0,198.7,23103.0,43693.0,20.7,0.0,75.0,30.3,4.54,340.0,0.0,0.0,
2026-01-30T02:18:19,01/30/202602:18,20.5,0.0,0.0,51.6,0.0,0.0,0.0,0.0,0.0,198.7,23103.0,43693.0,20.7,0.0,75.0,30.3,5.84,342.0,0.0,0.0,
2026-01-30T02:19:19,01/30/202602:19,20.6,0.0,0.0,51.5,0.0,0.0,0.0,0.0,0.0,198.7,23103.0,43693.0,20.7,0.0,75.0,30.3,5.84,342.0,0.0,0.0,
2026-01-30T02:22:15,01/30/202602:22,20.5,0.0,0.0,51.5,0.0,0.0,0.0,0.0,0.0,198.7,23103.0,43693.0,20.7,0.0,75.0,30.3,5.84,342.0,0.0,0.0,
2026-01-30T02:22:19,01/30/202602:22,20.6,0.0,0.0,51.6,0.0,0.0,0.0,0.0,0.0,198.7,23103.0,43693.0,20.7,0.0,75.0,30.3,5.84,342.0,0.0,0.0,
2026-01-30T02:23:19,01/30/202602:23,20.5,0.0,0.0,51.5,0.0,0.0,0.0,0.0,0.0,198.7,23103.0,43693.0,20.7,0.0,75.0,30.3,5.84,342.0,0.0,0.0,
2026-01-30T02:24:19,01/30/202602:24,20.6,0.0,0.0,51.5,0.0,0.0,0.0,0.0,0.0,198.7,23103.0,43693.0,20.7,0.0,75.0,30.3,5.84,342.0,0.0,0.0,
2026-01-30T02:31:19,01/30/202602:31,20.5,0.0,0.0,51.5,0.0,0.0,0.0,0.0,0.0,198.7,23103.0,43693.0,20.7,0.0,74.0,30.3,5.96,347.0,0.0,0.0,
2026-01-30T02:33:25,01/30/202602:33,20.6,0.0,0.0,51.5,0.0,0.0,0.0,0.0,0.0,198.7,23103.0,43693.0,20.7,0.0,72.0,30.33,5.96,347.0,0.0,0.0,
2026-01-30T02:34:42,01/30/202602:34,20.5,0.0,0.0,51.5,0.0,0.0,0.0,0.0,0.0,198.7,23103.0,43693.0,20.7,0.0,72.0,30.33,5.96,347.0,0.0,0.0,
2026-01-30T02:35:42,01/30/202602:35,20.6,0.0,0.0,51.5,0.0,0.0,0.0,0.0,0.0,198.7,23103.0,43693.0,20.7,0.0,72.0,30.33,5.96,347.0,0.0,0.0,
2026-01-30T02:36:43,01/30/202602:36,20.5,0.0,0.0,51.4,0.0,0.0,0.0,0.0,0.0,198.7,23103.0,43693.0,20.7,0.0,72.0,30.33,5.96,347.0,0.0,0.0,
2026-01-30T02:37:42,01/30/202602:37,20.6,0.0,0.0,51.6,0.0,0.0,0.0,0.0,0.0,198.7,23103.0,43693.0,20.7,0.0,72.0,30.33,5.96,347.0,0.0,0.0,
2026-01-30T02:40:42,01/30/202602:40,20.5,0.0,0.0,51.5,0.0,0.0,0.0,0.0,0.0,198.7,23103.0,43693.0,20.7,0.0,72.0,30.33,5.96,347.0,0.0,0.0,
2026-01-30T02:41:42,01/30/202602:41,20.6,0.0,0.0,51.5,0.0,0.0,0.0,0.0,0.0,198.7,23103.0,43693.0,20.7,0.0,72.0,30.33,5.96,347.0,0.0,0.0,
2026-01-30T02:44:33,01/30/202602:44,20.6,0.0,0.0,51.5,0.0,0.0,0.0,0.0,0.0,198.7,23103.0,43693.0,20.7,0.0,72.0,30.33,5.96,347.0,0.0,0.0,
2026-01-30T02:47:43,01/30/202602:47,20.5,0.0,0.0,51.6,0.0,0.0,0.0,0.0,0.0,198.7,23103.0,43693.0,20.7,0.0,73.0,30.33,5.41,336.0,0.0,0.0,
2026-01-30T02:48:43,01/30/202602:48,20.6,0.0,0.0,51.5,0.0,0.0,0.0,0.0,0.0,198.7,23103.0,43693.0,20.7,0.0,73.0,30.33,5.41,336.0,0.0,0.0,
2026-01-30T02:49:42,01/30/202602:49,20.5,0.0,0.0,51.5,0.0,0.0,0.0,0.0,0.0,198.7,23103.0,43693.0,20.7,0.0,73.0,30.33,5.41,336.0,0.0,0.0,
2026-01-30T02:51:42,01/30/202602:51,20.6,0.0,0.0,51.5,0.0,0.0,0.0,0.0,0.0,198.7,23103.0,43693.0,20.7,0.0,73.0,30.33,5.41,336.0,0.0,0.0,
2026-01-30T02:52:43,01/30/202602:52,20.5,0.0,0.0,51.5,0.0,0.0,0.0,0.0,0.0,198.7,23103.0,43693.0,20.7,0.0,73.0,30.33,5.41,336.0,0.0,0.0,
2026-01-30T02:53:43,01/30/202602:53,20.6,0.0,0.0,51.5,0.0,0.0,0.0,0.0,0.0,198.7,23103.0,43693.0,20.7,0.0,73.0,30.33,5.41,336.0,0.0,0.0,
2026-01-30T02:55:42,01/30/202602:55,20.5,0.0,0.0,51.5,0.0,0.0,0.0,0.0,0.0,198.7,23103.0,43693.0,20.7,0.0,73.0,30.33,5.41,336.0,0.0,0.0,
2026-01-30T02:55:48,01/30/202602:55,20.6,0.0,0.0,51.5,0.0,0.0,0.0,0.0,0.0,198.7,23103.0,43693.0,20.7,0.0,73.0,30.33,5.41,336.0,0.0,0.0,
2026-01-30T02:56:48,01/30/202602:56,20.5,0.0,0.0,51.5,0.0,0.0,0.0,0.0,0.0,198.7,23103.0,43693.0,20.7,0.0,73.0,30.33,5.41,336.0,0.0,0.0,
2026-01-30T02:58:48,01/30/202602:58,20.6,0.0,0.0,51.5,0.0,0.0,0.0,0.0,0.0,198.7,23103.0,43693.0,20.7,0.0,73.0,30.33,5.41,336.0,0.0,0.0,
2026-01-30T02:59:49,01/30/202602:59,20.5,0.0,0.0,51.4,0.0,0.0,0.0,0.0,0.0,198.7,23103.0,43693.0,20.7,0.0,73.0,30.33,5.41,336.0,0.0,0.0,
2026-01-30T03:00:49,01/30/202603:00,20.6,0.0,0.0,51.5,0.0,0.0,0.0,0.0,0.0,198.7,23103.0,43693.0,20.7,0.0,74.0,30.33,5.84,328.0,0.0,0.0,
2026-01-30T03:01:48,01/30/202603:01,20.5,0.0,0.0,51.5,0.0,0.0,0.0,0.0,0.0,198.7,23103.0,43693.0,20.7,0.0,74.0,30.33,5.84,328.0,0.0,0.0,
2026-01-30T03:04:48,01/30/202603:04,20.6,0.0,0.0,51.5,0.0,0.0,0.0,0.0,0.0,198.7,23103.0,43693.0,20.7,0.0,74.0,30.33,5.84,328.0,0.0,0.0,
2026-01-30T03:06:52,01/30/202603:06,20.5,0.0,0.0,51.5,0.0,0.0,0.0,0.0,0.0,198.7,23103.0,43693.0,20.7,0.0,74.0,30.33,5.84,328.0,0.0,0.0,
2026-01-30T03:09:49,01/30/202603:09,20.6,0.0,0.0,51.5,0.0,0.0,0.0,0.0,0.0,198.7,23103.0,43693.0,20.7,0.0,74.0,30.33,5.84,328.0,0.0,0.0,
2026-01-30T03:12:41,01/30/202603:12,20.5,0.0,0.0,51.5,0.0,0.0,0.0,0.0,0.0,198.7,23103.0,43693.0,20.7,0.0,74.0,30.33,5.84,328.0,0.0,0.0,
2026-01-30T03:14:42,01/30/202603:14,20.6,0.0,0.0,51.5,0.0,0.0,0.0,0.0,0.0,198.7,23103.0,43693.0,20.7,0.0,74.0,30.33,5.84,328.0,0.0,0.0,
2026-01-30T03:15:41,01/30/202603:15,20.5,0.0,0.0,51.5,0.0,0.0,0.0,0.0,0.0,198.7,23103.0,43693.0,20.7,0.0,74.0,30.33,5.84,328.0,0.0,0.0,
2026-01-30T03:18:01,01/30/202603:18,20.6,0.0,0.0,51.4,0.0,0.0,0.0,0.0,0.0,198.7,23103.0,43693.0,20.7,0.0,74.0,30.33,6.59,336.0,0.0,0.0,
2026-01-30T03:18:41,01/30/202603:18,20.5,0.0,0.0,51.5,0.0,0.0,0.0,0.0,0.0,198.7,23103.0,43693.0,20.7,0.0,74.0,30.33,6.59,336.0,0.0,0.0,
2026-01-30T03:25:41,01/30/202603:25,20.6,0.0,0.0,51.5,0.0,0.0,0.0,0.0,0.0,198.7,23103.0,43693.0,20.7,0.0,74.0,30.33,6.59,336.0,0.0,0.0,
2026-01-30T03:26:42,01/30/202603:26,20.5,0.0,0.0,51.5,0.0,0.0,0.0,0.0,0.0,198.7,23103.0,43693.0,20.7,0.0,74.0,30.33,6.59,336.0,0.0,0.0,
2026-01-30T03:29:11,01/30/202603:29,20.5,0.0,0.0,51.4,0.0,0.0,0.0,0.0,0.0,198.7,23103.0,43693.0,20.7,0.0,74.0,30.33,7.15,340.0,0.0,0.0,
2026-01-30T03:40:20,01/30/202603:40,20.5,0.0,0.0,51.4,0.0,0.0,0.0,0.0,0.0,198.7,23103.0,43693.0,20.7,0.0,72.0,30.36,7.21,344.0,0.0,0.0,
2026-01-30T03:51:29,01/30/202603:51,20.5,0.0,0.0,51.5,0.0,0.0,0.0,0.0,0.0,198.7,23103.0,43693.0,20.7,0.0,72.0,30.33,6.34,342.0,0.0,0.0,
2026-01-30T04:02:39,01/30/202604:02,20.5,0.0,0.0,51.5,0.0,0.0,0.0,0.0,0.0,198.7,23103.0,43693.0,20.7,0.0,72.0,30.33,6.03,345.0,0.0,0.0,
2026-01-30T04:03:42,01/30/202604:03,20.4,0.0,0.0,51.4,0.0,0.0,0.0,0.0,0.0,198.7,23103.0,43693.0,20.7,0.0,72.0,30.33,6.03,345.0,0.0,0.0,
2026-01-30T04:04:41,01/30/202604:04,20.5,0.0,0.0,51.5,0.0,0.0,0.0,0.0,0.0,198.7,23103.0,43693.0,20.7,0.0,72.0,30.33,6.03,345.0,0.0,0.0,
2026-01-30T04:12:20,01/30/202604:12,20.4,0.0,0.0,51.4,0.0,0.0,0.0,0.0,0.0,198.7,23103.0,43693.0,20.7,0.0,72.0,30.33,6.03,345.0,0.0,0.0,
2026-01-30T04:13:49,01/30/202604:13,20.4,0.0,0.0,51.4,0.0,0.0,0.0,0.0,0.0,198.7,23103.0,43693.0,20.7,0.0,72.0,30.33,6.03,345.0,0.0,0.0,
2026-01-30T04:14:19,01/30/202604:14,20.5,0.0,0.0,51.4,0.0,0.0,0.0,0.0,0.0,198.7,23103.0,43693.0,20.7,0.0,72.0,30.33,6.03,345.0,0.0,0.0,
2026-01-30T04:16:20,01/30/202604:16,20.4,0.0,0.0,51.4,0.0,0.0,0.0,0.0,0.0,198.7,23103.0,43693.0,20.7,0.0,73.0,30.33,5.66,351.0,0.0,0.0,
2026-01-30T04:17:20,01/30/202604:17,20.5,0.0,0.0,51.5,0.0,0.0,0.0,0.0,0.0,198.7,23103.0,43693.0,20.7,0.0,73.0,30.33,5.66,351.0,0.0,0.0,
2026-01-30T04:20:19,01/30/202604:20,20.4,0.0,0.0,51.4,0.0,0.0,0.0,0.0,0.0,198.7,23103.0,43693.0,20.7,0.0,73.0,30.33,5.66,351.0,0.0,0.0,
2026-01-30T04:21:20,01/30/202604:21,20.5,0.0,0.0,51.4,0.0,0.0,0.0,0.0,0.0,198.7,23103.0,43693.0,20.7,0.0,73.0,30.33,5.66,351.0,0.0,0.0,
2026-01-30T04:24:58,01/30/202604:24,20.5,0.0,0.0,51.4,0.0,0.0,0.0,0.0,0.0,198.7,23103.0,43693.0,20.7,0.0,73.0,30.33,5.66,351.0,0.0,0.0,
2026-01-30T04:25:20,01/30/202604:25,20.4,0.0,0.0,51.4,0.0,0.0,0.0,0.0,0.0,198.7,23103.0,43693.0,20.7,0.0,73.0,30.33,5.66,351.0,0.0,0.0,
2026-01-30T04:26:20,01/30/202604:26,20.5,0.0,0.0,51.4,0.0,0.0,0.0,0.0,0.0,198.7,23103.0,43693.0,20.7,0.0,73.0,30.33,5.66,351.0,0.0,0.0,
2026-01-30T04:30:19,01/30/202604:30,20.4,0.0,0.0,51.4,0.0,0.0,0.0,0.0,0.0,198.7,23103.0,43693.0,20.7,0.0,73.0,30.33,4.72,360.0,0.0,0.0,
2026-01-30T04:31:20,01/30/202604:31,20.5,0.0,0.0,51.5,0.0,0.0,0.0,0.0,0.0,198.7,23103.0,43693.0,20.7,0.0,74.0,30.33,4.79,349.0,0.0,0.0,
2026-01-30T04:32:23,01/30/202604:32,20.4,0.0,0.0,51.5,0.0,0.0,0.0,0.0,0.0,198.7,23103.0,43693.0,20.7,0.0,76.0,30.36,4.79,349.0,0.0,0.0,
2026-01-30T04:36:07,01/30/202604:36,20.5,0.0,0.0,51.4,0.0,0.0,0.0,0.0,0.0,198.7,23103.0,43693.0,20.7,0.0,76.0,30.36,4.79,349.0,0.0,0.0,
2026-01-30T04:37:22,01/30/202604:37,20.4,0.0,0.0,51.4,0.0,0.0,0.0,0.0,0.0,198.7,23103.0,43693.0,20.7,0.0,76.0,30.36,4.79,349.0,0.0,0.0,
2026-01-30T04:38:22,01/30/202604:38,20.5,0.0,0.0,51.5,0.0,0.0,0.0,0.0,0.0,198.7,23103.0,43693.0,20.7,0.0,76.0,30.36,4.79,349.0,0.0,0.0,
2026-01-30T04:39:22,01/30/202604:39,20.4,0.0,0.0,51.4,0.0,0.0,0.0,0.0,0.0,198.7,23103.0,43693.0,20.7,0.0,76.0,30.36,4.79,349.0,0.0,0.0,
2026-01-30T04:40:23,01/30/202604:40,20.5,0.0,0.0,51.4,0.0,0.0,0.0,0.0,0.0,198.7,23103.0,43693.0,20.7,0.0,76.0,30.36,4.79,349.0,0.0,0.0,
2026-01-30T04:44:22,01/30/202604:44,20.4,0.0,0.0,51.4,0.0,0.0,0.0,0.0,0.0,198.7,23103.0,43693.0,20.7,0.0,76.0,30.36,4.79,349.0,0.0,0.0,
2026-01-30T04:45:23,01/30/202604:45,20.5,0.0,0.0,51.4,0.0,0.0,0.0,0.0,0.0,198.7,23103.0,43693.0,20.7,0.0,76.0,30.36,4.79,349.0,0.0,0.0,
2026-01-30T04:47:16,01/30/202604:47,20.4,0.0,0.0,51.4,0.0,0.0,0.0,0.0,0.0,198.7,23103.0,43693.0,20.7,0.0,78.0,30.33,3.98,333.0,0.0,0.0,
2026-01-30T04:47:20,01/30/202604:47,20.5,0.0,0.0,51.5,0.0,0.0,0.0,0.0,0.0,198.7,23103.0,43693.0,20.7,0.0,78.0,30.33,3.98,333.0,0.0,0.0,
2026-01-30T04:49:21,01/30/202604:49,20.4,0.0,0.0,51.5,0.0,0.0,0.0,0.0,0.0,198.7,23103.0,43693.0,20.7,0.0,78.0,30.33,3.98,333.0,0.0,0.0,
2026-01-30T04:52:22,01/30/202604:52,20.5,0.0,0.0,51.5,0.0,0.0,0.0,0.0,0.0,198.7,23103.0,43693.0,20.7,0.0,78.0,30.33,3.98,333.0,0.0,0.0,
2026-01-30T04:54:23,01/30/202604:54,20.4,0.0,0.0,51.4,0.0,0.0,0.0,0.0,0.0,198.7,23103.0,43693.0,20.7,0.0,78.0,30.33,3.98,333.0,0.0,0.0,
2026-01-30T04:58:25,01/30/202604:58,20.4,0.0,0.0,51.4,0.0,0.0,0.0,0.0,0.0,198.7,23103.0,43693.0,20.7,0.0,78.0,30.33,3.98,333.0,0.0,0.0,
2026-01-30T05:04:23,01/30/202605:04,20.5,0.0,0.0,51.4,0.0,0.0,0.0,0.0,0.0,198.7,23103.0,43693.0,20.7,0.0,80.0,30.33,3.36,323.0,0.0,0.0,
2026-01-30T05:05:24,01/30/202605:05,20.4,0.0,0.0,51.4,0.0,0.0,0.0,0.0,0.0,198.7,23103.0,43693.0,20.7,0.0,80.0,30.33,3.36,323.0,0.0,0.0,
2026-01-30T05:09:36,01/30/202605:09,20.4,0.0,0.0,51.4,0.0,0.0,0.0,0.0,0.0,198.7,23103.0,43693.0,20.7,0.0,80.0,30.33,3.36,323.0,0.0,0.0,
2026-01-30T05:11:23,01/30/202605:11,20.5,0.0,0.0,51.4,0.0,0.0,0.0,0.0,0.0,198.7,23103.0,43693.0,20.7,0.0,80.0,30.33,3.36,323.0,0.0,0.0,
2026-01-30T05:13:22,01/30/202605:13,20.4,0.0,0.0,51.5,0.0,0.0,0.0,0.0,0.0,198.7,23103.0,43693.0,20.7,0.0,80.0,30.33,3.36,323.0,0.0,0.0,
2026-01-30T05:14:23,01/30/202605:14,20.5,0.0,0.0,51.4,0.0,0.0,0.0,0.0,0.0,198.7,23103.0,43693.0,20.7,0.0,80.0,30.33,3.36,323.0,0.0,0.0,
2026-01-30T05:16:27,01/30/202605:16,20.4,0.0,0.0,51.4,0.0,0.0,0.0,0.0,0.0,198.7,23103.0,43693.0,20.7,0.0,81.0,30.36,3.04,324.0,0.0,0.0,
2026-01-30T05:17:28,01/30/202605:17,20.5,0.0,0.0,51.4,0.0,0.0,0.0,0.0,0.0,198.7,23103.0,43693.0,20.7,0.0,81.0,30.36,3.04,324.0,0.0,0.0,
2026-01-30T05:20:45,01/30/202605:20,20.5,0.0,0.0,51.4,0.0,0.0,0.0,0.0,0.0,198.7,23103.0,43693.0,20.7,0.0,81.0,30.36,3.04,324.0,0.0,0.0,
2026-01-30T05:31:55,01/30/202605:31,20.5,0.0,0.0,51.4,0.0,0.0,0.0,0.0,0.0,198.7,23103.0,43693.0,20.7,0.0,81.0,30.36,4.47,267.0,0.0,0.0,
2026-01-30T05:43:05,01/30/202605:43,20.5,0.0,0.0,51.3,0.0,0.0,0.0,0.0,0.0,198.7,23103.0,43693.0,20.6,0.0,81.0,30.36,4.47,267.0,0.0,0.0,
2026-01-30T05:47:14,01/30/202605:47,20.5,0.0,0.0,51.4,0.0,0.0,0.0,0.0,0.0,198.7,23103.0,43693.0,20.6,0.0,81.0,30.39,4.85,283.0,0.0,0.0,
2026-01-30T05:54:14,01/30/202605:54,20.5,0.0,0.0,51.4,0.0,0.0,0.0,0.0,0.0,198.7,23103.0,43693.0,20.6,0.0,81.0,30.39,4.85,283.0,0.0,0.0,
2026-01-30T06:05:23,01/30/202606:05,20.5,0.0,0.0,51.4,0.0,0.0,0.0,0.0,0.0,198.7,23103.0,43693.0,20.6,0.0,82.0,30.39,4.6,309.0,0.0,0.0,
2026-01-30T06:11:16,01/30/202606:11,20.4,0.0,0.0,51.4,0.0,0.0,0.0,0.0,0.0,198.7,23103.0,43693.0,20.7,0.0,82.0,30.39,4.6,309.0,0.0,0.0,
2026-01-30T06:12:15,01/30/202606:12,20.5,0.0,0.0,51.3,0.0,0.0,0.0,0.0,0.0,198.7,23103.0,43693.0,20.6,0.0,82.0,30.39,4.6,309.0,0.0,0.0,
2026-01-30T06:14:15,01/30/202606:14,20.4,0.0,0.0,51.3,0.0,0.0,0.0,0.0,0.0,198.7,23103.0,43693.0,20.6,0.0,82.0,30.39,4.6,309.0,0.0,0.0,
2026-01-30T06:16:33,01/30/202606:16,20.5,0.0,0.0,51.3,0.0,0.0,0.0,0.0,0.0,198.7,23103.0,43693.0,20.6,0.0,83.0,30.39,3.98,322.0,0.0,0.0,
2026-01-30T06:17:15,01/30/202606:17,20.4,0.0,0.0,51.3,0.0,0.0,0.0,0.0,0.0,198.7,23103.0,43693.0,20.7,0.0,83.0,30.39,3.98,322.0,0.0,0.0,
2026-01-30T06:25:59,01/30/202606:25,20.3,0.0,0.0,51.3,0.0,0.0,0.0,0.0,0.0,198.7,23103.0,43693.0,20.6,0.0,83.0,30.39,3.98,322.0,0.0,0.0,
2026-01-30T06:27:42,01/30/202606:27,20.4,0.0,0.0,51.4,0.0,0.0,0.0,0.0,0.0,198.7,23103.0,43693.0,20.7,0.0,83.0,30.39,3.98,322.0,0.0,0.0,
2026-01-30T06:38:52,01/30/202606:38,20.4,0.0,0.0,51.3,0.0,0.0,0.0,0.0,0.0,198.7,23103.0,43693.0,20.6,0.0,82.0,30.39,4.04,326.0,0.0,0.0,
2026-01-30T06:39:57,01/30/202606:39,20.5,0.0,0.0,51.3,0.0,0.0,0.0,0.0,0.0,198.7,23103.0,43693.0,20.6,0.0,82.0,30.39,4.04,326.0,0.0,0.0,
2026-01-30T06:43:33,01/30/202606:43,20.4,0.0,0.0,51.3,0.0,0.0,0.0,0.0,0.0,198.7,23103.0,43693.0,20.6,0.0,82.0,30.39,4.04,326.0,0.0,0.0,
2026-01-30T06:43:55,01/30/202606:43,20.5,0.0,0.0,51.3,0.0,0.0,0.0,0.0,0.0,198.7,23103.0,43693.0,20.6,0.0,82.0,30.39,4.04,326.0,0.0,0.0,
2026-01-30T06:44:54,01/30/202606:44,20.4,0.0,0.0,51.3,0.0,0.0,0.0,0.0,0.0,198.7,23103.0,43693.0,20.6,0.0,82.0,30.39,4.04,326.0,0.0,0.0,
2026-01-30T06:46:55,01/30/202606:46,20.5,0.0,0.0,51.3,0.0,0.0,0.0,0.0,0.0,198.7,23103.0,43693.0,20.6,0.0,83.0,30.39,3.92,329.0,0.0,0.0,
2026-01-30T06:50:01,01/30/202606:50,20.5,0.0,0.0,51.3,0.0,0.0,0.0,0.0,0.0,198.7,23103.0,43693.0,20.7,0.0,83.0,30.39,3.92,329.0,0.0,0.0,
2026-01-30T06:50:54,01/30/202606:50,20.6,0.0,0.0,51.3,0.0,0.0,0.0,0.0,0.0,198.7,23103.0,43693.0,20.6,0.0,83.0,30.39,3.92,329.0,0.0,0.0,
2026-01-30T06:53:54,01/30/202606:53,20.7,0.0,0.0,51.3,0.0,0.0,0.0,0.0,0.0,198.7,23103.0,43693.0,20.6,0.0,83.0,30.39,3.92,329.0,0.0,0.0,
2026-01-30T06:57:27,01/30/202606:57,20.9,0.0,0.0,51.3,0.0,0.0,0.0,0.0,0.0,198.7,23103.0,43693.0,20.6,0.0,83.0,30.39,3.92,329.0,0.0,0.0,
2026-01-30T06:58:27,01/30/202606:58,21.0,0.0,0.0,51.3,0.0,0.0,0.0,0.0,0.0,198.7,23103.0,43693.0,20.6,0.0,83.0,30.39,3.92,329.0,0.0,0.0,
2026-01-30T06:59:01,01/30/202606:59,21.1,0.0,0.0,51.3,0.0,0.0,0.0,0.0,0.0,198.7,23103.0,43693.0,20.6,0.0,83.0,30.39,3.92,329.0,0.0,0.0,
2026-01-30T07:01:10,01/30/202607:01,21.4,0.0,0.0,51.4,0.0,0.0,0.0,0.0,0.0,198.7,23103.0,43693.0,20.6,0.0,84.0,30.41,3.04,343.0,0.0,0.0,
2026-01-30T07:02:02,01/30/202607:02,21.7,0.0,0.0,51.3,0.0,0.0,0.0,0.0,0.0,198.7,23103.0,43693.0,20.6,0.0,84.0,30.41,3.04,343.0,0.0,0.0,
2026-01-30T07:03:01,01/30/202607:03,22.0,0.0,0.0,51.3,0.0,0.0,0.0,0.0,0.0,198.7,23103.0,43693.0,20.6,0.0,84.0,30.41,3.04,343.0,0.0,0.0,
2026-01-30T07:04:01,01/30/202607:04,22.5,0.0,0.0,51.2,0.0,0.0,0.0,0.0,0.0,198.7,23103.0,43693.0,20.6,0.0,84.0,30.41,3.04,343.0,0.0,0.0,
2026-01-30T07:05:01,01/30/202607:05,23.0,0.0,0.0,51.3,0.0,0.0,0.0,0.0,0.0,198.7,23103.0,43693.0,20.6,0.0,84.0,30.41,3.04,343.0,0.0,0.0,
2026-01-30T07:06:02,01/30/202607:06,23.6,0.0,0.0,51.3,0.0,0.0,0.0,0.0,0.0,198.7,23103.0,43693.0,20.6,0.0,84.0,30.41,3.04,343.0,0.0,0.0,
2026-01-30T07:07:02,01/30/202607:07,24.5,0.0,0.0,51.3,0.0,0.0,0.0,0.0,0.0,198.7,23103.0,43693.0,20.6,0.0,84.0,30.41,3.04,343.0,0.0,0.0,
2026-01-30T07:08:02,01/30/202607:08,25.8,0.0,0.0,51.2,0.0,0.0,0.0,0.0,0.0,198.7,23103.0,43693.0,20.6,0.0,84.0,30.41,3.04,343.0,0.0,0.0,
2026-01-30T07:09:02,01/30/202607:09,27.6,0.0,0.0,51.3,0.0,0.0,0.0,0.0,0.0,198.7,23103.0,43693.0,20.6,0.0,84.0,30.41,3.04,343.0,0.0,0.0,
2026-01-30T07:10:02,01/30/202607:10,30.4,0.0,0.0,51.3,0.0,0.0,0.0,0.0,0.0,198.7,23103.0,43693.0,20.6,0.0,84.0,30.41,3.04,343.0,0.0,0.0,
2026-01-30T07:12:19,01/30/202607:12,38.0,0.0,0.0,51.3,0.0,0.0,0.0,0.0,0.0,198.7,23103.0,43693.0,20.6,0.0,84.0,30.41,3.04,343.0,0.0,0.0,
2026-01-30T07:13:02,01/30/202607:13,43.6,0.0,0.0,51.3,0.0,0.0,0.0,0.0,0.0,198.7,23103.0,43693.0,20.6,0.0,84.0,30.41,3.04,343.0,0.0,0.0,
2026-01-30T07:14:02,01/30/202607:14,52.9,0.0,0.0,51.3,0.0,0.0,0.0,0.0,0.0,198.7,23103.0,43693.0,20.6,0.0,84.0,30.41,3.04,343.0,0.0,0.0,
2026-01-30T07:17:09,01/30/202607:17,52.9,0.0,0.0,51.3,0.0,0.0,0.0,0.0,0.0,198.7,23103.0,43693.0,20.6,0.0,85.0,30.41,2.05,347.0,0.0,0.0,
2026-01-30T07:18:27,01/30/202607:18,52.9,0.0,0.0,51.3,0.0,0.0,0.0,0.0,0.0,198.7,23103.0,43693.0,20.6,0.0,85.0,30.41,2.3,29.0,0.0,0.0,
2026-01-30T07:20:27,01/30/202607:20,53.0,0.0,0.0,51.3,0.0,0.0,0.0,0.0,0.0,198.7,23103.0,43693.0,20.6,0.0,85.0,30.41,2.92,23.0,0.0,0.0,
2026-01-30T07:23:45,01/30/202607:23,53.0,0.0,0.0,51.3,0.0,0.0,0.0,0.0,0.0,198.7,23103.0,43693.0,20.6,0.0,85.0,30.41,2.92,23.0,0.0,0.0,
2026-01-30T07:25:45,01/30/202607:25,53.1,0.0,0.0,51.3,0.0,0.0,0.0,0.0,0.0,198.7,23103.0,43693.0,20.6,0.0,85.0,30.41,2.92,23.0,0.0,0.0,
2026-01-30T07:28:45,01/30/202607:28,53.2,0.0,0.0,51.3,0.0,0.0,0.0,0.0,0.0,198.7,23103.0,43693.0,20.6,0.0,85.0,30.41,2.92,23.0,0.0,0.0,
2026-01-30T07:29:44,01/30/202607:29,53.1,0.0,0.0,51.3,0.0,0.0,0.0,0.0,0.0,198.7,23103.0,43693.0,20.6,0.0,85.0,30.41,2.92,23.0,0.0,0.0,
2026-01-30T07:31:45,01/30/202607:31,51.1,0.0,0.0,51.2,0.2,10.240000000000002,5.0,0.0,0.0,198.7,23103.0,43693.0,20.6,0.0,85.0,30.39,1.99,27.0,0.0,0.0,
2026-01-30T07:32:45,01/30/202607:32,133.3,0.0,0.0,51.4,0.0,0.0,0.0,0.0,0.0,198.7,23103.0,43693.0,20.6,0.0,85.0,30.39,1.99,27.0,0.0,0.0,
2026-01-30T07:34:39,01/30/202607:34,112.6,0.0,0.0,51.4,0.0,0.0,0.0,0.0,0.0,198.7,23103.0,43693.0,20.6,0.0,85.0,30.39,1.99,27.0,0.0,0.0,
2026-01-30T07:34:44,01/30/202607:34,134.9,0.0,0.0,51.4,0.0,0.0,0.0,0.0,0.0,198.7,23103.0,43693.0,20.6,0.0,85.0,30.39,1.99,27.0,0.0,0.0,
2026-01-30T07:35:44,01/30/202607:35,127.3,0.0,0.0,51.3,0.0,0.0,0.0,0.0,0.0,198.7,23103.0,43693.0,20.6,0.0,85.0,30.39,1.99,27.0,0.0,0.0,
2026-01-30T07:36:44,01/30/202607:36,136.3,0.0,0.0,51.4,0.0,0.0,0.0,0.0,0.0,198.7,23103.0,43693.0,20.6,0.0,85.0,30.39,1.99,27.0,0.0,0.0,
2026-01-30T07:37:43,01/30/202607:37,133.6,0.0,0.0,51.3,0.0,0.0,0.0,0.0,0.0,198.7,23103.0,43693.0,20.6,0.0,85.0,30.39,1.99,27.0,0.0,0.0,
2026-01-30T07:38:44,01/30/202607:38,137.4,0.0,0.0,51.3,0.0,0.0,0.0,0.0,0.0,198.7,23103.0,43693.0,20.6,0.0,85.0,30.39,1.99,27.0,0.0,0.0,
2026-01-30T07:39:44,01/30/202607:39,137.7,0.0,0.0,51.4,0.0,0.0,0.0,0.0,0.0,198.7,23103.0,43693.0,20.6,0.0,85.0,30.39,1.99,27.0,0.0,0.0,
2026-01-30T07:40:44,01/30/202607:40,138.6,0.0,0.0,51.3,0.0,0.0,0.0,0.0,0.0,198.7,23103.0,43693.0,20.7,0.0,85.0,30.39,1.99,27.0,0.0,0.0,
2026-01-30T07:41:44,01/30/202607:41,139.2,0.0,0.0,51.3,0.0,0.0,0.0,0.0,0.0,198.7,23103.0,43693.0,20.6,0.0,85.0,30.39,1.99,27.0,0.0,0.0,
2026-01-30T07:42:44,01/30/202607:42,140.0,0.0,0.0,51.3,0.0,0.0,0.0,0.0,0.0,198.7,23103.0,43693.0,20.6,0.0,85.0,30.39,1.99,27.0,0.0,0.0,
2026-01-30T07:43:44,01/30/202607:43,140.8,0.0,0.0,51.3,0.0,0.0,0.0,0.0,0.0,198.7,23103.0,43693.0,20.6,0.0,85.0,30.39,1.99,27.0,0.0,0.0,
2026-01-30T07:45:49,01/30/202607:45,141.7,0.0,0.0,51.3,0.0,0.0,0.0,0.0,0.0,198.7,23103.0,43693.0,20.6,0.0,85.0,30.39,1.99,27.0,0.0,0.0,
2026-01-30T07:46:44,01/30/202607:46,142.3,0.0,0.0,51.3,0.0,0.0,0.0,0.0,0.0,198.7,23103.0,43693.0,20.6,0.0,86.0,30.39,2.3,11.0,0.0,0.0,
2026-01-30T07:47:44,01/30/202607:47,142.7,0.0,0.0,51.3,0.0,0.0,0.0,0.0,0.0,198.7,23103.0,43693.0,20.6,0.0,86.0,30.39,2.3,11.0,0.0,0.0,
2026-01-30T07:48:44,01/30/202607:48,143.0,0.0,0.0,51.4,0.0,0.0,0.0,0.0,0.0,198.7,23103.0,43693.0,20.6,0.0,86.0,30.39,2.3,11.0,0.0,0.0,
2026-01-30T07:49:44,01/30/202607:49,143.3,0.0,0.0,51.3,0.0,0.0,0.0,0.0,0.0,198.7,23103.0,43693.0,20.6,0.0,86.0,30.39,2.3,11.0,0.0,0.0,
2026-01-30T07:50:44,01/30/202607:50,143.7,0.0,0.0,51.3,0.0,0.0,0.0,0.0,0.0,198.7,23103.0,43693.0,20.6,0.0,86.0,30.39,2.3,11.0,0.0,0.0,
2026-01-30T07:51:44,01/30/202607:51,144.2,0.0,0.0,51.3,0.0,0.0,0.0,0.0,0.0,198.7,23103.0,43693.0,20.6,0.0,86.0,30.39,2.3,11.0,0.0,0.0,
2026-01-30T07:52:45,01/30/202607:52,140.2,0.0,0.0,51.3,0.0,0.0,0.0,0.0,0.0,198.7,23103.0,43693.0,20.6,0.0,86.0,30.39,2.3,11.0,0.0,0.0,
2026-01-30T07:53:44,01/30/202607:53,144.8,0.0,0.0,51.4,0.0,0.0,0.0,0.0,0.0,198.7,23103.0,43693.0,20.6,0.0,83.0,30.36,2.3,11.0,0.0,0.0,
2026-01-30T07:53:48,01/30/202607:53,144.8,0.0,0.0,51.4,0.1,5.140000000000001,5.0,0.0,0.0,198.7,23103.0,43693.0,20.6,0.0,83.0,30.36,2.3,11.0,0.0,0.0,
2026-01-30T07:54:49,01/30/202607:54,145.2,0.0,0.0,51.3,0.0,0.0,0.0,0.0,0.0,198.7,23103.0,43693.0,20.6,0.0,83.0,30.36,2.3,11.0,0.0,0.0,
2026-01-30T07:56:58,01/30/202607:56,145.5,0.0,0.0,51.4,0.0,0.0,0.0,0.0,0.0,198.7,23103.0,43693.0,20.6,0.0,83.0,30.36,2.3,11.0,0.0,0.0,
2026-01-30T07:57:11,01/30/202607:57,67.9,0.4,27.160000000000004,51.4,0.4,20.560000000000002,20.0,0.0,0.0,198.7,23103.0,43693.0,20.6,0.0,83.0,30.36,2.3,11.0,0.0,0.0,0.7569955817378498
2026-01-30T07:58:10,01/30/202607:58,68.0,0.3,20.4,51.5,0.4,20.6,20.0,0.0,0.0,198.7,23103.0,43693.0,20.6,0.0,83.0,30.36,2.3,11.0,0.0,0.0,1.0098039215686276
2026-01-30T07:59:19,01/30/202607:59,68.0,0.4,27.200000000000003,51.4,0.4,20.560000000000002,20.0,0.0,0.0,198.7,23103.0,43693.0,20.6,0.0,83.0,30.36,2.3,11.0,0.0,0.0,0.7558823529411764
2026-01-30T07:59:20,01/30/202607:59,69.0,0.4,27.6,51.4,0.3,15.419999999999998,15.0,0.0,0.0,198.7,23103.0,43693.0,20.6,0.0,83.0,30.36,2.3,11.0,0.0,0.0,0.5586956521739129
2026-01-30T08:00:20,01/30/202608:00,69.1,0.4,27.64,51.5,0.4,20.6,20.0,0.0,0.0,198.7,23103.0,43693.0,20.6,0.0,83.0,30.36,1.86,14.0,34.0,0.0,0.7452966714905934
2026-01-30T08:01:20,01/30/202608:01,65.9,0.3,19.77,51.6,0.4,20.64,20.0,0.0,0.0,198.7,23103.0,43693.0,20.6,0.0,83.0,30.36,1.86,14.0,34.0,0.0,1.0440060698027314
2026-01-30T08:03:19,01/30/202608:03,65.9,0.3,19.77,51.6,0.5,25.8,25.0,0.0,0.0,198.7,23103.0,43693.0,20.6,0.0,83.0,30.36,1.86,14.0,34.0,0.0,1.3050075872534144
2026-01-30T08:04:20,01/30/202608:04,98.0,0.4,39.2,51.6,0.4,20.64,15.0,0.0,0.0,198.7,23103.0,43693.0,20.6,0.0,83.0,30.36,1.86,14.0,34.0,0.0,0.5265306122448979
2026-01-30T08:05:20,01/30/202608:05,98.1,0.4,39.24,51.6,0.4,20.64,20.0,0.0,0.0,198.7,23103.0,43693.0,20.6,0.0,83.0,30.36,1.86,14.0,34.0,0.0,0.5259938837920489
2026-01-30T08:06:20,01/30/202608:06,74.0,0.5,37.0,51.7,0.5,25.85,25.0,0.0,0.0,198.7,23103.0,43693.0,20.6,0.0,83.0,30.36,1.86,14.0,34.0,0.0,0.6986486486486487
2026-01-30T08:08:07,01/30/202608:08,74.0,0.6,44.4,51.7,0.5,25.85,25.0,0.0,0.0,198.7,23103.0,43693.0,20.6,0.0,83.0,30.36,1.86,14.0,34.0,0.0,0.5822072072072073
2026-01-30T08:08:20,01/30/202608:08,74.1,0.5,37.05,51.8,0.5,25.9,25.0,0.0,0.0,198.7,23103.0,43693.0,20.6,0.0,83.0,30.36,1.86,14.0,34.0,0.0,0.699055330634278
2026-01-30T08:09:20,01/30/202608:09,119.2,0.0,0.0,51.8,0.1,5.18,5.0,0.0,0.0,198.7,23103.0,43693.0,20.5,0.0,83.0,30.36,1.86,14.0,34.0,0.0,
2026-01-30T08:10:20,01/30/202608:10,106.9,0.4,42.760000000000005,51.9,0.5,25.95,25.0,0.0,0.0,198.7,23103.0,43693.0,20.6,0.0,83.0,30.36,1.86,14.0,34.0,0.0,0.6068755846585593
2026-01-30T08:11:20,01/30/202608:11,106.5,0.4,42.6,52.0,0.6,31.2,31.0,0.0,0.0,198.7,23103.0,43693.0,20.5,0.0,83.0,30.36,1.86,14.0,34.0,0.0,0.732394366197183
2026-01-30T08:12:20,01/30/202608:12,79.3,0.0,0.0,52.0,0.3,15.6,15.0,0.0,0.0,198.7,23103.0,43693.0,20.5,0.0,83.0,30.36,1.86,14.0,34.0,0.0,
2026-01-30T08:13:20,01/30/202608:13,108.4,0.6,65.04,52.1,0.8,41.68000000000001,41.0,0.0,0.0,198.7,23103.0,43693.0,20.6,0.0,83.0,30.36,1.86,14.0,34.0,0.0,0.6408364083640837
2026-01-30T08:14:20,01/30/202608:14,107.9,0.5,53.95,52.1,0.8,41.68000000000001,41.0,0.0,0.0,198.7,23103.0,43693.0,20.5,0.0,83.0,30.36,1.86,14.0,34.0,0.0,0.7725671918443003
2026-01-30T08:15:20,01/30/202608:15,64.9,0.6,38.940000000000005,52.2,0.6,31.32,31.0,0.0,0.0,198.7,23103.0,43693.0,20.6,0.0,81.0,30.39,0.68,342.0,75.0,0.2,0.8043143297380585
2026-01-30T08:16:20,01/30/202608:16,115.0,0.5,57.5,52.2,0.7,36.54,36.0,0.0,0.0,198.7,23103.0,43693.0,20.5,0.0,81.0,30.39,0.68,342.0,75.0,0.2,0.6354782608695652
2026-01-30T08:17:20,01/30/202608:17,115.2,0.6,69.12,52.3,0.8,41.84,41.0,0.0,0.0,198.7,23103.0,43693.0,20.5,0.0,81.0,30.39,0.68,342.0,75.0,0.2,0.6053240740740741
2026-01-30T08:19:16,01/30/202608:19,64.5,0.6,38.699999999999996,52.4,0.7,36.68,36.0,0.0,0.0,198.7,23103.0,43693.0,20.6,0.0,81.0,30.39,0.68,342.0,75.0,0.2,0.9478036175710596
2026-01-30T08:19:20,01/30/202608:19,115.5,0.6,69.3,52.4,0.8,41.92,42.0,0.0,0.0,198.7,23103.0,43693.0,20.5,0.0,81.0,30.39,0.68,342.0,75.0,0.2,0.604906204906205
2026-01-30T08:20:21,01/30/202608:20,115.8,0.6,69.47999999999999,52.5,0.9,47.25,47.0,0.0,0.0,198.7,23103.0,43693.0,20.5,0.0,81.0,30.39,0.68,342.0,75.0,0.2,0.6800518134715027
2026-01-30T08:21:20,01/30/202608:21,68.1,0.7,47.669999999999995,52.6,0.9,47.34,47.0,0.0,0.0,198.7,23103.0,43693.0,20.5,0.0,81.0,30.39,0.68,342.0,75.0,0.2,0.9930774071743237
2026-01-30T08:22:20,01/30/202608:22,112.5,0.6,67.5,52.6,1.0,52.6,52.0,0.0,0.0,198.7,23103.0,43693.0,20.5,0.0,81.0,30.39,0.68,342.0,75.0,0.2,0.7792592592592593
2026-01-30T08:23:21,01/30/202608:23,125.7,0.7,87.99,52.8,1.1,58.08,58.0,0.0,0.0,198.7,23103.0,43693.0,20.5,0.0,81.0,30.39,0.68,342.0,75.0,0.2,0.6600750085236959
2026-01-30T08:24:20,01/30/202608:24,114.2,0.8,91.36000000000001,52.8,1.2,63.35999999999999,63.0,0.0,0.0,198.7,23103.0,43693.0,20.5,0.0,81.0,30.39,0.68,342.0,75.0,0.2,0.6935201401050787
2026-01-30T08:25:20,01/30/202608:25,114.4,0.8,91.52000000000001,53.0,1.2,63.599999999999994,63.0,0.0,0.0,198.7,23103.0,43693.0,20.5,0.0,81.0,30.39,0.68,342.0,75.0,0.2,0.6949300699300698
2026-01-30T08:26:20,01/30/202608:26,121.6,0.7,85.11999999999999,53.0,1.3,68.9,69.0,0.0,0.0,198.7,23103.0,43693.0,20.5,0.0,81.0,30.39,0.68,342.0,75.0,0.2,0.8094454887218047
2026-01-30T08:26:36,01/30/202608:26,120.9,0.8,96.72000000000001,53.1,1.4,74.34,74.0,0.0,0.0,198.7,23103.0,43693.0,20.5,0.0,81.0,30.39,0.68,342.0,75.0,0.2,0.7686104218362282
2026-01-30T08:27:35,01/30/202608:27,118.2,0.9,106.38000000000001,53.3,1.5,79.94999999999999,79.0,0.0,0.0,198.7,23103.0,43693.0,20.5,0.0,81.0,30.39,0.68,342.0,75.0,0.2,0.7515510434292159
2026-01-30T08:28:36,01/30/202608:28,122.0,0.8,97.60000000000001,53.4,1.5,80.1,79.0,0.0,0.0,198.7,23103.0,43693.0,20.6,0.0,81.0,30.39,0.68,342.0,75.0,0.2,0.8206967213114753
2026-01-30T08:30:26,01/30/202608:30,128.0,0.7,89.6,53.4,1.4,74.75999999999999,74.0,0.0,0.0,198.7,23103.0,43693.0,20.5,0.0,81.0,30.39,2.36,343.0,75.0,0.2,0.834375
2026-01-30T08:30:36,01/30/202608:30,116.2,0.8,92.96000000000001,53.5,1.5,80.25,80.0,0.0,0.0,198.7,23103.0,43693.0,20.5,0.0,79.0,30.39,2.8,346.0,114.0,0.3,0.8632745266781411
2026-01-30T08:31:36,01/30/202608:31,123.8,0.9,111.42,53.6,1.5,80.4,80.0,0.0,0.0,198.7,23103.0,43693.0,20.5,0.0,79.0,30.36,2.8,346.0,114.0,0.3,0.7215939687668282
2026-01-30T08:32:36,01/30/202608:32,127.5,0.9,114.75,53.6,1.5,80.4,80.0,0.0,0.0,198.7,23103.0,43693.0,20.5,0.0,77.0,30.36,2.8,346.0,114.0,0.3,0.7006535947712419
2026-01-30T08:33:36,01/30/202608:33,116.2,1.0,116.2,53.7,1.7,91.29,91.0,0.0,0.0,198.7,23103.0,43693.0,20.5,0.0,77.0,30.36,2.8,346.0,114.0,0.3,0.7856282271944923
2026-01-30T08:34:36,01/30/202608:34,115.7,1.0,115.7,53.8,1.6,86.08,86.0,0.0,0.0,198.7,23103.0,43693.0,20.5,0.0,77.0,30.36,2.8,346.0,114.0,0.3,0.7439930855661192
2026-01-30T08:35:36,01/30/202608:35,115.8,1.0,115.8,53.9,1.6,86.24000000000001,86.0,0.0,0.0,198.7,23103.0,43693.0,20.5,0.0,77.0,30.36,2.8,346.0,114.0,0.3,0.7447322970639034
2026-01-30T08:36:36,01/30/202608:36,115.2,1.0,115.2,54.0,1.7,91.8,91.0,0.0,0.0,198.7,23103.0,43693.0,20.5,0.0,77.0,30.36,2.8,346.0,114.0,0.3,0.796875
2026-01-30T08:37:35,01/30/202608:37,127.1,1.0,127.1,54.0,1.6,86.4,86.0,0.0,0.0,198.7,23103.0,43693.0,20.5,0.0,77.0,30.36,2.8,346.0,114.0,0.3,0.6797797010228167
2026-01-30T08:38:36,01/30/202608:38,127.1,0.9,114.39,54.1,1.6,86.56,86.0,0.0,0.0,198.7,23103.0,43693.0,20.5,0.0,77.0,30.36,2.8,346.0,114.0,0.3,0.7567095025788968
2026-01-30T08:39:36,01/30/202608:39,127.2,1.0,127.2,54.1,1.7,91.97,91.0,0.0,0.0,198.7,23103.0,43693.0,20.5,0.0,77.0,30.36,2.8,346.0,114.0,0.3,0.7230345911949685
2026-01-30T08:41:35,01/30/202608:41,132.8,0.9,119.52000000000001,54.1,1.7,91.97,91.0,0.0,0.0,198.7,23103.0,43693.0,20.5,0.0,77.0,30.36,2.8,346.0,114.0,0.3,0.7694946452476572
2026-01-30T08:41:36,01/30/202608:41,132.7,0.9,119.42999999999999,54.1,1.6,86.56,92.0,0.0,0.0,198.7,23103.0,43693.0,20.5,0.0,77.0,30.36,2.8,346.0,114.0,0.3,0.724776019425605
2026-01-30T08:42:35,01/30/202608:42,132.8,0.9,119.52000000000001,54.1,1.7,91.97,91.0,0.0,0.0,198.7,23103.0,43693.0,20.5,0.0,77.0,30.36,2.8,346.0,114.0,0.3,0.7694946452476572
2026-01-30T08:43:36,01/30/202608:43,124.2,1.0,124.2,54.2,1.7,92.14,92.0,0.0,0.0,198.7,23103.0,43693.0,20.5,0.0,77.0,30.36,2.8,346.0,114.0,0.3,0.7418679549114332
2026-01-30T08:44:36,01/30/202608:44,125.3,1.1,137.83,54.2,1.9,102.98,103.0,0.0,0.0,198.7,23103.0,43693.0,20.5,0.0,77.0,30.36,2.8,346.0,114.0,0.3,0.7471522890517304
2026-01-30T08:45:36,01/30/202608:45,125.7,1.1,138.27,54.3,2.0,108.6,108.0,0.0,0.0,198.7,23103.0,43693.0,20.5,0.0,77.0,30.36,2.8,346.0,114.0,0.3,0.7854198307658927
2026-01-30T08:46:36,01/30/202608:46,125.8,1.1,138.38,54.3,2.1,114.03,114.0,0.0,0.0,198.7,23103.0,43693.0,20.5,0.0,74.0,30.39,4.04,354.0,136.0,0.5,0.8240352652117359
2026-01-30T08:47:36,01/30/202608:47,127.1,1.1,139.81,54.3,2.1,114.03,114.0,0.0,0.0,198.7,23103.0,43693.0,20.4,0.0,74.0,30.39,4.04,354.0,136.0,0.5,0.8156068950718832
2026-01-30T08:48:36,01/30/202608:48,126.5,1.2,151.79999999999998,54.4,2.1,114.24,114.0,0.0,0.0,198.7,23103.0,43693.0,20.4,0.0,74.0,30.39,4.04,354.0,136.0,0.5,0.7525691699604744
2026-01-30T08:49:36,01/30/202608:49,126.7,1.2,152.04,54.5,2.2,119.9,119.0,0.0,0.0,198.7,23103.0,43693.0,20.5,0.0,74.0,30.39,4.04,354.0,136.0,0.5,0.7886082609839516
2026-01-30T08:50:36,01/30/202608:50,127.2,1.1,139.92000000000002,54.5,2.3,125.35,125.0,0.0,1.0,198.7,23103.0,43693.0,20.5,0.0,74.0,30.39,4.04,354.0,136.0,0.5,0.8958690680388792
2026-01-30T08:50:46,01/30/202608:50,127.3,1.1,140.03,54.5,2.3,125.35,125.0,0.0,1.0,198.7,23103.0,43693.0,20.4,0.0,74.0,30.39,4.04,354.0,136.0,0.5,0.8951653217167749
2026-01-30T08:52:45,01/30/202608:52,130.4,1.2,156.48,54.5,2.3,125.35,125.0,0.0,1.0,198.7,23103.0,43693.0,20.4,0.0,74.0,30.39,4.04,354.0,136.0,0.5,0.8010608384458078
2026-01-30T08:52:46,01/30/202608:52,131.1,1.1,144.21,54.5,2.2,119.9,119.0,0.0,1.0,198.7,23103.0,43693.0,20.5,0.0,74.0,30.39,4.04,354.0,136.0,0.5,0.8314263920671243
2026-01-30T08:53:47,01/30/202608:53,128.6,1.2,154.32,54.5,2.0,109.0,109.0,0.0,1.0,198.7,23103.0,43693.0,20.4,0.0,74.0,30.39,4.04,354.0,136.0,0.5,0.7063245204769311
2026-01-30T08:55:38,01/30/202608:55,131.0,1.0,131.0,54.5,1.9,103.55,103.0,0.0,1.0,198.7,23103.0,43693.0,20.5,0.0,74.0,30.39,4.04,354.0,136.0,0.5,0.7904580152671755
2026-01-30T08:56:37,01/30/202608:56,130.4,1.1,143.44000000000003,54.5,2.0,109.0,109.0,0.0,1.0,198.7,23103.0,43693.0,20.5,0.0,74.0,30.39,4.04,354.0,136.0,0.5,0.759899609592861
2026-01-30T08:58:31,01/30/202608:58,123.3,1.2,147.95999999999998,54.5,2.1,114.45,114.0,0.0,1.0,198.7,23103.0,43693.0,20.4,0.0,74.0,30.39,4.04,354.0,136.0,0.5,0.7735198702351989
2026-01-30T08:59:31,01/30/202608:59,128.2,1.1,141.02,54.5,2.0,109.0,109.0,0.0,1.0,198.7,23103.0,43693.0,20.5,0.0,74.0,30.39,4.04,354.0,136.0,0.5,0.7729400085094312
2026-01-30T09:00:31,01/30/202609:00,134.1,1.1,147.51000000000002,54.5,2.3,125.35,125.0,0.0,1.0,198.7,23103.0,43693.0,20.5,0.0,74.0,30.39,4.04,354.0,136.0,0.5,0.8497728967527624
2026-01-30T09:01:30,01/30/202609:01,121.5,1.4,170.1,54.5,2.5,136.25,136.0,0.0,1.0,198.7,23103.0,43693.0,20.4,0.0,72.0,30.39,4.23,360.0,198.0,0.6,0.8009994121105233
2026-01-30T09:02:31,01/30/202609:02,121.7,1.4,170.38,54.5,2.6,141.70000000000002,141.0,0.0,1.0,198.7,23103.0,43693.0,20.4,0.0,72.0,30.39,4.23,360.0,198.0,0.6,0.8316703838478696
2026-01-30T09:03:58,01/30/202609:03,121.7,1.4,170.38,54.5,2.6,141.70000000000002,141.0,0.0,1.0,198.7,23103.0,43693.0,20.4,0.0,72.0,30.39,4.23,360.0,198.0,0.6,0.8316703838478696
2026-01-30T09:04:31,01/30/202609:04,134.2,1.3,174.45999999999998,54.5,2.5,136.25,136.0,0.0,1.0,198.7,23103.0,43693.0,20.4,0.0,72.0,30.39,4.23,360.0,198.0,0.6,0.7809813137681991
2026-01-30T09:05:31,01/30/202609:05,122.9,1.3,159.77,54.5,2.5,136.25,136.0,0.0,1.0,198.7,23103.0,43693.0,20.4,0.0,72.0,30.39,4.23,360.0,198.0,0.6,0.8527883833009952
2026-01-30T09:06:31,01/30/202609:06,123.5,1.3,160.55,54.5,2.4,130.79999999999998,130.0,0.0,1.0,198.7,23103.0,43693.0,20.4,0.0,72.0,30.39,4.23,360.0,198.0,0.6,0.8146994705699158
2026-01-30T09:07:31,01/30/202609:07,123.6,1.3,160.68,54.5,2.5,136.25,136.0,0.0,1.0,198.7,23103.0,43693.0,20.4,0.0,72.0,30.39,4.23,360.0,198.0,0.6,0.8479586756285785
2026-01-30T09:08:31,01/30/202609:08,127.9,1.3,166.27,54.5,2.7,147.15,147.0,0.0,1.0,198.7,23103.0,43693.0,20.4,0.0,72.0,30.39,4.23,360.0,198.0,0.6,0.8850063150297708
2026-01-30T09:09:31,01/30/202609:09,125.0,1.6,200.0,54.5,3.1,168.95000000000002,168.0,0.0,1.0,198.7,23103.0,43693.0,20.4,0.0,72.0,30.39,4.23,360.0,198.0,0.6,0.8447500000000001
2026-01-30T09:10:30,01/30/202609:10,132.1,1.7,224.57,54.5,3.2,174.4,174.0,0.0,1.0,198.7,23103.0,43693.0,20.4,0.0,72.0,30.39,4.23,360.0,198.0,0.6,0.7765952709622835
2026-01-30T09:11:46,01/30/202609:11,127.9,1.6,204.64000000000001,54.2,3.5,189.70000000000002,189.0,0.1,1.0,198.7,23103.0,43693.0,20.4,0.0,72.0,30.39,4.23,360.0,198.0,0.6,0.9269937451133698
2026-01-30T09:12:46,01/30/202609:12,127.3,1.6,203.68,54.3,3.5,190.04999999999998,190.0,0.1,1.0,198.7,23103.0,43693.0,20.4,0.0,72.0,30.39,4.23,360.0,198.0,0.6,0.9330813040062843
2026-01-30T09:15:04,01/30/202609:15,127.4,1.6,203.84000000000003,54.3,3.5,190.04999999999998,190.0,0.1,2.0,198.7,23103.0,43693.0,20.4,0.0,72.0,30.39,4.23,360.0,198.0,0.6,0.9323489010989009
2026-01-30T09:16:23,01/30/202609:16,128.1,1.6,204.96,54.3,3.3,179.18999999999997,179.0,0.1,2.0,198.7,23103.0,43693.0,20.4,0.0,70.0,30.39,3.79,357.0,219.0,0.9,0.8742681498829038
2026-01-30T09:17:24,01/30/202609:17,127.6,1.7,216.92,54.3,3.4,184.61999999999998,184.0,0.1,2.0,198.7,23103.0,43693.0,20.4,0.0,70.0,30.39,3.79,357.0,219.0,0.9,0.8510971786833855
2026-01-30T09:18:24,01/30/202609:18,128.6,1.7,218.61999999999998,54.3,3.5,190.04999999999998,190.0,0.1,2.0,198.7,23103.0,43693.0,20.4,0.0,70.0,30.39,3.79,357.0,219.0,0.9,0.8693166224499131
2026-01-30T09:19:24,01/30/202609:19,130.2,1.8,234.35999999999999,54.3,3.7,200.91,200.0,0.1,2.0,198.7,23103.0,43693.0,20.4,0.0,70.0,30.39,3.79,357.0,219.0,0.9,0.8572708653353815
2026-01-30T09:20:01,01/30/202609:20,130.5,1.8,234.9,54.5,3.8,207.1,206.0,0.1,2.0,198.7,23103.0,43693.0,20.4,0.0,70.0,30.39,3.79,357.0,219.0,0.9,0.881651766709238
2026-01-30T09:21:02,01/30/202609:21,129.9,2.0,259.8,54.4,3.9,212.16,212.0,0.1,2.0,198.7,23103.0,43693.0,20.4,0.0,70.0,30.39,3.79,357.0,219.0,0.9,0.8166281755196304
2026-01-30T09:22:02,01/30/202609:22,124.9,2.1,262.29,54.5,4.2,228.9,228.0,0.1,2.0,198.7,23103.0,43693.0,20.4,0.0,70.0,30.39,3.79,357.0,219.0,0.9,0.8726981585268214
2026-01-30T09:23:02,01/30/202609:23,124.9,2.0,249.8,54.5,4.1,223.45,223.0,0.1,2.0,198.7,23103.0,43693.0,20.4,0.0,70.0,30.39,3.79,357.0,219.0,0.9,0.8945156124899919
2026-01-30T09:23:23,01/30/202609:23,124.9,2.0,249.8,54.6,4.2,229.32000000000002,228.0,0.1,2.0,198.7,23103.0,43693.0,20.4,0.0,70.0,30.39,3.79,357.0,219.0,0.9,0.9180144115292235
2026-01-30T09:24:23,01/30/202609:24,130.5,1.8,234.9,54.5,4.1,223.45,223.0,0.1,2.0,198.7,23103.0,43693.0,20.4,0.0,70.0,30.39,3.79,357.0,219.0,0.9,0.9512558535547041
2026-01-30T09:26:13,01/30/202609:26,130.5,1.8,234.9,54.6,3.9,212.94,212.0,0.1,2.0,198.7,23103.0,43693.0,20.4,0.0,70.0,30.39,3.79,357.0,219.0,0.9,0.9065134099616858
2026-01-30T09:26:22,01/30/202609:26,134.7,1.9,255.92999999999998,54.5,4.0,218.0,218.0,0.1,2.0,198.7,23103.0,43693.0,20.4,0.0,70.0,30.39,3.79,357.0,219.0,0.9,0.8517954128081898
2026-01-30T09:27:23,01/30/202609:27,137.3,1.9,260.87,54.6,4.2,229.32000000000002,229.0,0.1,2.0,198.7,23103.0,43693.0,20.4,0.0,70.0,30.39,3.79,357.0,219.0,0.9,0.8790585349024419
2026-01-30T09:28:00,01/30/202609:28,137.3,1.9,260.87,54.6,4.3,234.78,234.0,0.1,2.0,198.7,23103.0,43693.0,20.5,0.0,70.0,30.39,3.79,357.0,219.0,0.9,0.8999885000191666
2026-01-30T09:29:01,01/30/202609:29,133.5,1.9,253.64999999999998,54.6,4.1,223.85999999999999,223.0,0.1,2.0,198.7,23103.0,43693.0,20.4,0.0,70.0,30.39,3.79,357.0,262.0,0.9,0.8825547013601419
2026-01-30T09:30:55,01/30/202609:30,133.7,2.0,267.4,54.6,4.0,218.4,218.0,0.1,3.0,198.7,23103.0,43693.0,20.5,0.0,67.0,30.39,5.47,9.0,312.0,1.2,0.8167539267015708
2026-01-30T09:31:56,01/30/202609:31,134.3,2.0,268.6,54.7,4.1,224.26999999999998,224.0,0.1,3.0,198.7,23103.0,43693.0,20.5,0.0,67.0,30.39,5.47,9.0,312.0,1.2,0.8349590469099031
2026-01-30T09:32:55,01/30/202609:32,133.7,2.0,267.4,54.7,4.2,229.74,229.0,0.1,3.0,198.7,23103.0,43693.0,20.4,0.0,65.0,30.39,5.47,9.0,312.0,1.2,0.8591623036649215
2026-01-30T09:33:56,01/30/202609:33,133.7,2.0,267.4,54.7,4.1,224.26999999999998,224.0,0.1,3.0,198.7,23103.0,43693.0,20.5,0.0,65.0,30.39,5.47,9.0,312.0,1.2,0.8387060583395662
2026-01-30T09:34:56,01/30/202609:34,133.6,1.9,253.83999999999997,54.7,4.0,218.8,218.0,0.1,3.0,198.7,23103.0,43693.0,20.4,0.0,65.0,30.39,5.47,9.0,312.0,1.2,0.861960289946423
2026-01-30T09:35:56,01/30/202609:35,133.4,1.9,253.46,54.6,3.7,202.02,202.0,0.1,3.0,198.7,23103.0,43693.0,20.4,0.0,65.0,30.39,5.47,9.0,312.0,1.2,0.7970488439990531
2026-01-30T09:37:23,01/30/202609:37,133.5,1.9,253.64999999999998,54.7,3.9,213.33,213.0,0.1,3.0,198.7,23103.0,43693.0,20.5,0.0,65.0,30.39,5.47,9.0,312.0,1.2,0.8410408042578357
2026-01-30T09:37:56,01/30/202609:37,133.6,1.8,240.48,54.7,3.8,207.86,207.0,0.1,3.0,198.7,23103.0,43693.0,20.5,0.0,65.0,30.39,5.47,9.0,312.0,1.2,0.8643546240851631
2026-01-30T09:38:56,01/30/202609:38,134.1,1.8,241.38,54.7,3.8,207.86,207.0,0.1,3.0,198.7,23103.0,43693.0,20.4,0.0,65.0,30.39,5.47,9.0,312.0,1.2,0.861131825337642
2026-01-30T09:39:56,01/30/202609:39,133.5,1.8,240.3,54.6,3.8,207.48,207.0,0.1,3.0,198.7,23103.0,43693.0,20.5,0.0,65.0,30.39,5.47,9.0,312.0,1.2,0.8634207240948814
2026-01-30T09:40:56,01/30/202609:40,133.9,1.9,254.41,54.7,3.8,207.86,207.0,0.2,3.0,198.7,23103.0,43693.0,20.5,0.0,65.0,30.39,5.47,9.0,312.0,1.2,0.8170276325616133
2026-01-30T09:41:56,01/30/202609:41,134.1,1.9,254.78999999999996,54.7,3.9,213.33,213.0,0.2,3.0,198.7,23103.0,43693.0,20.4,0.0,65.0,30.39,5.47,9.0,312.0,1.2,0.8372777581537738
2026-01-30T09:42:55,01/30/202609:42,133.5,1.9,253.64999999999998,54.7,4.0,218.8,219.0,0.2,3.0,198.7,23103.0,43693.0,20.5,0.0,65.0,30.39,5.47,9.0,312.0,1.2,0.8626059530849597
2026-01-30T09:43:27,01/30/202609:43,133.4,1.9,253.46,54.9,4.0,219.6,219.0,0.2,3.0,198.7,23103.0,43693.0,20.5,0.0,65.0,30.39,5.47,9.0,312.0,1.2,0.8664089008127515
2026-01-30T09:44:27,01/30/202609:44,133.6,2.0,267.2,54.9,4.2,230.58,230.0,0.2,3.0,198.7,23103.0,43693.0,20.4,0.0,65.0,30.39,5.47,9.0,312.0,1.2,0.8629491017964073
2026-01-30T09:45:27,01/30/202609:45,133.9,2.0,267.8,54.9,4.2,230.58,230.0,0.2,4.0,198.7,23103.0,43693.0,20.5,0.0,65.0,30.39,5.47,9.0,312.0,1.2,0.8610156833457805
2026-01-30T09:46:28,01/30/202609:46,134.2,2.1,281.82,55.0,4.3,236.5,236.0,0.2,4.0,198.7,23103.0,43693.0,20.4,0.0,64.0,30.39,6.28,6.0,346.0,1.5,0.8391881342701015
2026-01-30T09:48:32,01/30/202609:48,144.4,1.9,274.36,55.1,4.2,231.42000000000002,231.0,0.2,4.0,198.7,23103.0,43693.0,20.5,0.0,64.0,30.39,6.28,6.0,346.0,1.5,0.8434903047091413
2026-01-30T09:49:03,01/30/202609:49,147.1,1.8,264.78,55.0,4.0,220.0,220.0,0.2,4.0,198.7,23103.0,43693.0,20.5,0.0,64.0,30.39,6.28,6.0,346.0,1.5,0.8308784651408717
2026-01-30T09:50:03,01/30/202609:50,147.5,1.8,265.5,55.0,3.9,214.5,214.0,0.2,4.0,198.7,23103.0,43693.0,20.4,0.0,64.0,30.39,6.28,6.0,346.0,1.5,0.807909604519774
2026-01-30T09:51:03,01/30/202609:51,148.3,1.8,266.94000000000005,55.0,3.7,203.5,203.0,0.2,4.0,198.7,23103.0,43693.0,20.4,0.0,64.0,30.39,6.28,6.0,346.0,1.5,0.7623435978122423
2026-01-30T09:52:14,01/30/202609:52,147.6,1.8,265.68,55.0,3.9,214.5,214.0,0.2,4.0,198.7,23103.0,43693.0,20.5,0.0,64.0,30.39,6.28,6.0,346.0,1.5,0.8073622402890696
2026-01-30T09:53:13,01/30/202609:53,147.2,1.7,250.23999999999998,55.0,3.8,209.0,209.0,0.2,4.0,198.7,23103.0,43693.0,20.5,0.0,64.0,30.39,6.28,6.0,346.0,1.5,0.8351982097186701
2026-01-30T09:54:14,01/30/202609:54,146.4,1.7,248.88,55.0,3.5,192.5,192.0,0.2,4.0,198.7,23103.0,43693.0,20.4,0.0,64.0,30.39,6.28,6.0,346.0,1.5,0.7734651237544198
2026-01-30T09:55:13,01/30/202609:55,144.4,1.7,245.48,55.1,3.5,192.85,192.0,0.2,4.0,198.7,23103.0,43693.0,20.5,0.0,64.0,30.39,6.28,6.0,346.0,1.5,0.7856037151702786
2026-01-30T09:56:40,01/30/202609:56,133.9,1.4,187.46,54.8,2.7,147.96,147.0,0.2,4.0,198.7,23103.0,43693.0,20.5,0.0,64.0,30.39,6.28,6.0,346.0,1.5,0.7892883815213912
2026-01-30T09:57:41,01/30/202609:57,127.3,1.1,140.03,54.6,2.1,114.66000000000001,114.0,0.2,4.0,198.7,23103.0,43693.0,20.4,0.0,64.0,30.39,6.28,6.0,346.0,1.5,0.818824537599086
2026-01-30T09:59:42,01/30/202609:59,111.7,0.9,100.53,54.3,1.3,70.59,70.0,0.2,4.0,198.7,23103.0,43693.0,20.5,0.0,64.0,30.39,6.28,6.0,346.0,1.5,0.7021784541927784
2026-01-30T10:00:40,01/30/202610:00,122.3,0.8,97.84,54.2,1.5,81.30000000000001,81.0,0.2,4.0,198.7,23103.0,43693.0,20.5,0.0,64.0,30.39,5.9,11.0,391.0,1.7,0.830948487326247
2026-01-30T10:01:41,01/30/202610:01,117.0,1.0,117.0,54.1,1.6,86.56,86.0,0.2,4.0,198.7,23103.0,43693.0,20.5,0.0,64.0,30.39,5.9,11.0,391.0,1.7,0.7398290598290599
2026-01-30T10:02:42,01/30/202610:02,124.8,1.2,149.76,54.1,2.2,119.02000000000001,119.0,0.2,4.0,198.7,23103.0,43693.0,20.5,0.0,64.0,30.39,5.9,11.0,391.0,1.7,0.794738247863248
2026-01-30T10:03:27,01/30/202610:03,127.2,1.3,165.36,54.2,2.5,135.5,135.0,0.2,4.0,198.7,23103.0,43693.0,20.5,0.0,64.0,30.39,5.9,11.0,391.0,1.7,0.8194242864054184
2026-01-30T10:04:28,01/30/202610:04,127.0,1.2,152.4,54.2,2.4,130.08,130.0,0.2,5.0,198.7,23103.0,43693.0,20.5,0.0,64.0,30.39,5.9,11.0,391.0,1.7,0.8535433070866142
2026-01-30T10:05:27,01/30/202610:05,128.4,1.1,141.24,54.2,2.1,113.82000000000001,113.0,0.2,5.0,198.7,23103.0,43693.0,20.5,0.0,64.0,30.39,5.9,11.0,391.0,1.7,0.8058623619371283
2026-01-30T10:06:28,01/30/202610:06,125.5,1.1,138.05,54.1,1.9,102.78999999999999,102.0,0.2,5.0,198.7,23103.0,43693.0,20.5,0.0,64.0,30.39,5.9,11.0,391.0,1.7,0.7445852951829046
2026-01-30T10:07:27,01/30/202610:07,125.3,1.0,125.3,54.1,1.8,97.38000000000001,97.0,0.2,5.0,198.7,23103.0,43693.0,20.5,0.0,64.0,30.39,5.9,11.0,391.0,1.7,0.7771747805267359
2026-01-30T10:08:28,01/30/202610:08,124.7,0.9,112.23,54.1,1.7,91.97,91.0,0.2,5.0,198.7,23103.0,43693.0,20.5,0.0,64.0,30.39,5.9,11.0,391.0,1.7,0.8194778579702396
2026-01-30T10:08:34,01/30/202610:08,125.6,0.9,113.03999999999999,54.1,1.7,91.97,91.0,0.2,5.0,198.7,23103.0,43693.0,20.5,0.0,64.0,30.39,5.9,11.0,391.0,1.7,0.8136058032554848
2026-01-30T10:10:51,01/30/202610:10,128.9,0.9,116.01,54.1,1.6,86.56,86.0,0.2,5.0,198.7,23103.0,43693.0,20.5,0.0,64.0,30.39,5.9,11.0,391.0,1.7,0.7461425739160417
2026-01-30T10:11:34,01/30/202610:11,118.9,0.9,107.01,54.0,1.7,91.8,91.0,0.2,5.0,198.7,23103.0,43693.0,20.5,0.0,64.0,30.39,5.9,11.0,391.0,1.7,0.8578637510513035
2026-01-30T10:12:34,01/30/202610:12,118.9,0.9,107.01,54.1,1.8,97.38000000000001,97.0,0.2,5.0,198.7,23103.0,43693.0,20.5,0.0,64.0,30.39,5.9,11.0,391.0,1.7,0.9100084104289319
2026-01-30T10:13:34,01/30/202610:13,126.7,1.2,152.04,54.1,2.1,113.61000000000001,113.0,0.2,5.0,198.7,23103.0,43693.0,20.5,0.0,64.0,30.39,5.9,11.0,391.0,1.7,0.7472375690607737
2026-01-30T10:14:33,01/30/202610:14,128.2,1.6,205.12,54.2,3.1,168.02,168.0,0.2,5.0,198.7,23103.0,43693.0,20.5,0.0,64.0,30.39,5.9,11.0,391.0,1.7,0.8191302652106085
2026-01-30T10:15:34,01/30/202610:15,133.2,1.6,213.12,54.3,3.4,184.61999999999998,184.0,0.2,5.0,198.7,23103.0,43693.0,20.5,0.0,64.0,30.39,5.9,11.0,391.0,1.7,0.8662725225225224
2026-01-30T10:16:34,01/30/202610:16,130.0,1.8,234.0,54.6,3.7,202.02,207.0,0.2,5.0,198.7,23103.0,43693.0,20.5,0.0,63.0,30.41,5.78,28.0,429.0,2.0,0.8633333333333334
2026-01-30T10:17:34,01/30/202610:17,129.7,1.7,220.48999999999998,54.8,3.6,197.28,197.0,0.2,5.0,198.7,23103.0,43693.0,20.5,0.0,63.0,30.41,5.78,28.0,429.0,2.0,0.8947344550773279
2026-01-30T10:18:34,01/30/202610:18,129.2,1.8,232.55999999999997,54.9,3.5,192.15,192.0,0.3,5.0,198.7,23103.0,43693.0,20.5,0.0,63.0,30.41,5.78,28.0,429.0,2.0,0.8262383900928794
2026-01-30T10:19:35,01/30/202610:19,129.8,1.7,220.66000000000003,55.0,3.4,187.0,187.0,0.3,5.0,198.7,23103.0,43693.0,20.5,0.0,63.0,30.41,5.78,28.0,429.0,2.0,0.8474576271186439
2026-01-30T10:20:34,01/30/202610:20,146.6,1.4,205.23999999999998,55.0,3.0,165.0,165.0,0.3,5.0,198.7,23103.0,43693.0,20.5,0.0,63.0,30.41,5.78,28.0,429.0,2.0,0.8039368544143443
2026-01-30T10:21:34,01/30/202610:21,148.3,1.4,207.62,55.0,3.1,170.5,170.0,0.3,5.0,198.7,23103.0,43693.0,20.5,0.0,63.0,30.41,5.78,28.0,429.0,2.0,0.8212118293035353
2026-01-30T10:23:10,01/30/202610:23,150.2,1.4,210.27999999999997,55.0,3.2,176.0,176.0,0.3,5.0,198.7,23103.0,43693.0,20.5,0.0,63.0,30.41,5.78,28.0,429.0,2.0,0.836979265740917
2026-01-30T10:23:33,01/30/202610:23,152.3,1.3,197.99,55.0,3.1,170.5,170.0,0.3,5.0,198.7,23103.0,43693.0,20.5,0.0,63.0,30.41,5.78,28.0,429.0,2.0,0.861154603767867
2026-01-30T10:36:46,01/30/202610:36,152.7,1.2,183.23999999999998,55.0,2.7,148.5,148.0,0.3,6.0,198.7,23103.0,43693.0,20.5,0.0,65.0,30.41,6.65,20.0,435.0,2.3,0.8104125736738704
2026-01-30T10:37:30,01/30/202610:37,153.2,1.3,199.16,55.0,2.7,148.5,143.0,0.3,6.0,198.7,23103.0,43693.0,20.5,0.0,65.0,30.41,6.65,20.0,435.0,2.3,0.7456316529423579
2026-01-30T10:38:30,01/30/202610:38,153.6,1.2,184.32,55.0,2.5,137.5,137.0,0.3,6.0,198.7,23103.0,43693.0,20.6,0.0,65.0,30.41,6.65,20.0,435.0,2.3,0.7459852430555556
2026-01-30T10:39:30,01/30/202610:39,153.7,1.2,184.43999999999997,55.0,2.7,148.5,148.0,0.3,6.0,198.7,23103.0,43693.0,20.5,0.0,65.0,30.41,6.65,20.0,435.0,2.3,0.8051398828887445
2026-01-30T10:40:30,01/30/202610:40,153.8,1.2,184.56,55.0,2.7,148.5,148.0,0.3,6.0,198.7,23103.0,43693.0,20.5,0.0,65.0,30.41,6.65,20.0,435.0,2.3,0.8046163849154746
2026-01-30T10:41:31,01/30/202610:41,153.5,1.1,168.85000000000002,55.0,2.4,132.0,132.0,0.3,6.0,198.7,23103.0,43693.0,20.5,0.0,65.0,30.41,6.65,20.0,435.0,2.3,0.781758957654723
2026-01-30T10:41:39,01/30/202610:41,153.4,1.2,184.08,55.0,2.4,132.0,132.0,0.3,6.0,198.7,23103.0,43693.0,20.5,0.0,65.0,30.41,6.65,20.0,435.0,2.3,0.7170795306388527
2026-01-30T10:42:38,01/30/202610:42,152.8,1.3,198.64000000000001,55.0,2.7,148.5,148.0,0.3,6.0,198.7,23103.0,43693.0,20.5,0.0,65.0,30.41,6.65,20.0,435.0,2.3,0.7475835682641965
2026-01-30T10:43:39,01/30/202610:43,152.3,1.2,182.76000000000002,55.1,2.6,143.26000000000002,143.0,0.3,6.0,198.7,23103.0,43693.0,20.5,0.0,65.0,30.41,6.65,20.0,435.0,2.3,0.7838695557014664
2026-01-30T10:44:38,01/30/202610:44,151.9,1.2,182.28,55.0,2.5,137.5,137.0,0.3,6.0,198.7,23103.0,43693.0,20.5,0.0,65.0,30.41,6.65,20.0,435.0,2.3,0.7543339916611806
2026-01-30T10:45:38,01/30/202610:45,152.2,1.1,167.42,55.1,2.3,126.72999999999999,126.0,0.3,6.0,198.7,23103.0,43693.0,20.5,0.0,64.0,30.41,7.15,14.0,442.0,2.7,0.7569585473659061
2026-01-30T10:46:39,01/30/202610:46,152.3,1.2,182.76000000000002,54.9,2.3,126.26999999999998,126.0,0.3,6.0,198.7,23103.0,43693.0,20.5,0.0,64.0,30.41,7.15,14.0,442.0,2.7,0.6909061063690084
2026-01-30T10:47:54,01/30/202610:47,151.9,1.1,167.09000000000003,55.0,2.3,126.49999999999999,126.0,0.3,6.0,198.7,23103.0,43693.0,20.5,0.0,64.0,30.41,7.15,14.0,442.0,2.7,0.7570770243581301
2026-01-30T10:49:14,01/30/202610:49,151.6,1.1,166.76000000000002,55.0,2.4,132.0,132.0,0.3,6.0,198.7,23103.0,43693.0,20.5,0.0,64.0,30.41,7.15,14.0,442.0,2.7,0.7915567282321899
2026-01-30T10:49:15,01/30/202610:49,151.7,1.1,166.87,55.0,2.5,137.5,137.0,0.3,6.0,198.7,23103.0,43693.0,20.5,0.0,64.0,30.41,7.15,14.0,442.0,2.7,0.8239947264337508
2026-01-30T10:50:15,01/30/202610:50,152.7,1.1,167.97,55.0,2.0,110.0,110.0,0.3,6.0,198.7,23103.0,43693.0,20.5,0.0,64.0,30.41,7.15,14.0,442.0,2.7,0.6548788474132285
2026-01-30T10:51:14,01/30/202610:51,152.5,1.2,183.0,55.0,2.4,132.0,132.0,0.3,6.0,198.7,23103.0,43693.0,20.5,0.0,64.0,30.41,7.15,14.0,442.0,2.7,0.7213114754098361
2026-01-30T10:52:14,01/30/202610:52,152.8,1.0,152.8,55.0,2.0,110.0,110.0,0.3,7.0,198.7,23103.0,43693.0,20.5,0.0,64.0,30.41,7.15,14.0,442.0,2.7,0.7198952879581151
2026-01-30T10:53:14,01/30/202610:53,152.7,1.0,152.7,55.1,2.3,126.72999999999999,126.0,0.3,7.0,198.7,23103.0,43693.0,20.5,0.0,64.0,30.41,7.15,14.0,442.0,2.7,0.8299279633267845
2026-01-30T10:54:15,01/30/202610:54,152.6,1.1,167.86,55.0,2.1,115.5,115.0,0.3,7.0,198.7,23103.0,43693.0,20.5,0.0,64.0,30.41,7.15,14.0,442.0,2.7,0.6880733944954128
2026-01-30T10:56:15,01/30/202610:56,152.6,1.0,152.6,55.0,2.1,115.5,115.0,0.3,7.0,198.7,23103.0,43693.0,20.5,0.0,64.0,30.41,7.15,14.0,442.0,2.7,0.7568807339449541
2026-01-30T10:57:14,01/30/202610:57,152.4,1.1,167.64000000000001,55.0,2.4,132.0,132.0,0.3,7.0,198.7,23103.0,43693.0,20.5,0.0,64.0,30.41,7.15,14.0,442.0,2.7,0.7874015748031495
2026-01-30T10:58:15,01/30/202610:58,152.5,1.0,152.5,55.0,2.0,110.0,110.0,0.3,7.0,198.7,23103.0,43693.0,20.5,0.0,64.0,30.41,7.15,14.0,442.0,2.7,0.7213114754098361
2026-01-30T10:59:15,01/30/202610:59,152.3,1.1,167.53000000000003,55.0,2.1,115.5,115.0,0.3,7.0,198.7,23103.0,43693.0,20.5,0.0,64.0,30.41,7.15,14.0,442.0,2.7,0.6894287590282336
2026-01-30T11:00:15,01/30/202611:00,152.0,1.0,152.0,55.0,2.2,121.00000000000001,121.0,0.3,7.0,198.7,23103.0,43693.0,20.5,0.0,64.0,30.41,7.15,14.0,442.0,2.7,0.7960526315789475
2026-01-30T11:01:15,01/30/202611:01,152.1,1.0,152.1,54.9,2.1,115.29,115.0,0.4,7.0,198.7,23103.0,43693.0,20.5,0.0,63.0,30.41,7.58,14.0,400.0,2.9,0.7579881656804734
2026-01-30T11:02:15,01/30/202611:02,152.1,1.0,152.1,55.0,2.0,110.0,110.0,0.4,7.0,198.7,23103.0,43693.0,20.5,0.0,63.0,30.41,7.58,14.0,400.0,2.9,0.7232084155161078
2026-01-30T11:03:15,01/30/202611:03,152.5,1.0,152.5,55.0,1.9,104.5,104.0,0.4,7.0,198.7,23103.0,43693.0,20.5,0.0,63.0,30.41,7.58,14.0,400.0,2.9,0.6852459016393443
2026-01-30T11:04:15,01/30/202611:04,152.4,1.0,152.4,55.0,2.2,121.00000000000001,121.0,0.4,7.0,198.7,23103.0,43693.0,20.5,0.0,63.0,30.41,7.58,14.0,400.0,2.9,0.793963254593176
2026-01-30T11:05:49,01/30/202611:05,152.2,1.1,167.42,55.1,2.3,126.72999999999999,126.0,0.4,7.0,198.7,23103.0,43693.0,20.5,0.0,63.0,30.41,7.58,14.0,400.0,2.9,0.7569585473659061
2026-01-30T11:06:15,01/30/202611:06,152.2,1.0,152.2,55.0,2.0,110.0,110.0,0.4,7.0,198.7,23103.0,43693.0,20.5,0.0,63.0,30.41,7.58,14.0,400.0,2.9,0.7227332457293036
2026-01-30T11:07:15,01/30/202611:07,152.3,0.9,137.07000000000002,55.0,1.7,93.5,93.0,0.4,7.0,198.7,23103.0,43693.0,20.5,0.0,63.0,30.41,7.58,14.0,400.0,2.9,0.6821332166046544
2026-01-30T11:08:15,01/30/202611:08,152.0,1.0,152.0,55.0,2.1,115.5,115.0,0.4,7.0,198.7,23103.0,43693.0,20.5,0.0,63.0,30.41,7.58,14.0,400.0,2.9,0.7598684210526315
2026-01-30T11:09:15,01/30/202611:09,152.0,0.9,136.8,55.0,2.1,115.5,115.0,0.4,7.0,198.7,23103.0,43693.0,20.5,0.0,63.0,30.41,7.58,14.0,400.0,2.9,0.844298245614035
2026-01-30T11:10:14,01/30/202611:10,152.1,1.0,152.1,55.0,2.0,110.0,110.0,0.4,7.0,198.7,23103.0,43693.0,20.6,0.0,63.0,30.41,7.58,14.0,400.0,2.9,0.7232084155161078
2026-01-30T11:11:14,01/30/202611:11,151.9,1.1,167.09000000000003,55.1,2.1,115.71000000000001,115.0,0.4,7.0,198.7,23103.0,43693.0,20.6,0.0,63.0,30.41,7.58,14.0,400.0,2.9,0.6925010473397569
2026-01-30T11:12:15,01/30/202611:12,152.0,1.0,152.0,55.0,2.0,110.0,110.0,0.4,7.0,198.7,23103.0,43693.0,20.5,0.0,63.0,30.41,7.58,14.0,400.0,2.9,0.7236842105263158
2026-01-30T11:13:14,01/30/202611:13,152.1,1.0,152.1,55.0,2.1,115.5,115.0,0.4,7.0,198.7,23103.0,43693.0,20.5,0.0,63.0,30.41,7.58,14.0,400.0,2.9,0.7593688362919132
2026-01-30T11:14:15,01/30/202611:14,152.1,1.1,167.31,55.0,2.2,121.00000000000001,121.0,0.4,7.0,198.7,23103.0,43693.0,20.5,0.0,63.0,30.41,7.58,14.0,400.0,2.9,0.7232084155161079
2026-01-30T11:14:40,01/30/202611:14,152.4,1.0,152.4,55.0,1.8,99.0,99.0,0.4,7.0,198.7,23103.0,43693.0,20.6,0.0,63.0,30.41,7.58,14.0,400.0,2.9,0.6496062992125984
2026-01-30T11:15:40,01/30/202611:15,152.4,1.0,152.4,55.0,2.0,110.0,110.0,0.4,7.0,198.7,23103.0,43693.0,20.5,0.0,64.0,30.41,7.71,10.0,348.0,3.1,0.7217847769028871
2026-01-30T11:16:58,01/30/202611:16,152.6,1.0,152.6,55.0,2.0,110.0,110.0,0.4,7.0,198.7,23103.0,43693.0,20.6,0.0,64.0,30.41,7.71,10.0,348.0,3.1,0.7208387942332897
2026-01-30T11:17:40,01/30/202611:17,152.9,0.8,122.32000000000001,55.0,1.6,88.0,88.0,0.4,7.0,198.7,23103.0,43693.0,20.5,0.0,64.0,30.41,7.71,10.0,348.0,3.1,0.7194244604316546
2026-01-30T11:18:39,01/30/202611:18,152.7,0.9,137.43,55.0,1.8,99.0,99.0,0.4,7.0,198.7,23103.0,43693.0,20.5,0.0,64.0,30.41,7.71,10.0,348.0,3.1,0.7203667321545514
2026-01-30T11:19:40,01/30/202611:19,153.2,1.0,153.2,54.9,2.0,109.8,110.0,0.4,7.0,198.7,23103.0,43693.0,20.6,0.0,64.0,30.41,7.71,10.0,348.0,3.1,0.7167101827676241
2026-01-30T11:20:40,01/30/202611:20,152.6,1.0,152.6,55.0,2.0,110.0,110.0,0.4,8.0,198.7,23103.0,43693.0,20.5,0.0,64.0,30.41,7.71,10.0,348.0,3.1,0.7208387942332897
2026-01-30T11:21:39,01/30/202611:21,152.9,1.0,152.9,55.0,2.0,110.0,110.0,0.4,8.0,198.7,23103.0,43693.0,20.5,0.0,64.0,30.41,7.71,10.0,348.0,3.1,0.7194244604316546
2026-01-30T11:22:40,01/30/202611:22,152.9,1.0,152.9,55.0,1.8,99.0,99.0,0.4,8.0,198.7,23103.0,43693.0,20.6,0.0,64.0,30.41,7.71,10.0,348.0,3.1,0.6474820143884892
2026-01-30T11:23:39,01/30/202611:23,152.5,1.0,152.5,55.0,2.0,110.0,110.0,0.4,8.0,198.7,23103.0,43693.0,20.6,0.0,64.0,30.41,7.71,10.0,348.0,3.1,0.7213114754098361
2026-01-30T11:24:40,01/30/202611:24,152.2,1.0,152.2,55.0,2.0,110.0,110.0,0.4,8.0,198.7,23103.0,43693.0,20.6,0.0,64.0,30.41,7.71,10.0,348.0,3.1,0.7227332457293036
2026-01-30T11:25:40,01/30/202611:25,151.9,1.0,151.9,55.0,2.0,110.0,110.0,0.4,8.0,198.7,23103.0,43693.0,20.6,0.0,64.0,30.41,7.71,10.0,348.0,3.1,0.7241606319947334
2026-01-30T11:26:40,01/30/202611:26,152.2,1.0,152.2,55.0,1.8,99.0,99.0,0.4,8.0,198.7,23103.0,43693.0,20.6,0.0,64.0,30.41,7.71,10.0,348.0,3.1,0.6504599211563732
2026-01-30T11:28:08,01/30/202611:28,152.3,1.0,152.3,55.0,1.8,99.0,99.0,0.4,8.0,198.7,23103.0,43693.0,20.6,0.0,64.0,30.41,7.71,10.0,348.0,3.1,0.650032829940906
2026-01-30T11:28:40,01/30/202611:28,151.4,1.0,151.4,55.0,2.0,110.0,110.0,0.4,8.0,198.7,23103.0,43693.0,20.6,0.0,64.0,30.41,7.71,10.0,407.0,3.1,0.726552179656539
2026-01-30T11:29:40,01/30/202611:29,150.6,0.9,135.54,55.0,1.8,99.0,99.0,0.4,8.0,198.7,23103.0,43693.0,20.6,0.0,64.0,30.41,7.71,10.0,407.0,3.1,0.7304116865869854
2026-01-30T11:30:40,01/30/202611:30,149.8,0.9,134.82000000000002,55.0,1.7,93.5,93.0,0.4,8.0,198.7,23103.0,43693.0,20.6,0.0,65.0,30.41,7.89,7.0,382.0,3.4,0.6935172823023289
2026-01-30T11:31:40,01/30/202611:31,149.5,1.0,149.5,55.0,1.9,104.5,104.0,0.4,8.0,198.7,23103.0,43693.0,20.6,0.0,65.0,30.41,7.89,7.0,382.0,3.4,0.6989966555183946
2026-01-30T11:32:40,01/30/202611:32,149.6,0.9,134.64,55.0,1.9,104.5,104.0,0.4,8.0,198.7,23103.0,43693.0,20.6,0.0,65.0,30.41,7.89,7.0,382.0,3.4,0.7761437908496733
2026-01-30T11:33:40,01/30/202611:33,153.9,0.9,138.51000000000002,55.0,1.8,99.0,99.0,0.4,8.0,198.7,23103.0,43693.0,20.6,0.0,66.0,30.39,7.89,7.0,382.0,3.4,0.714749837556855
2026-01-30T11:34:40,01/30/202611:34,153.5,1.0,153.5,55.1,2.0,110.2,110.0,0.4,8.0,198.7,23103.0,43693.0,20.6,0.0,66.0,30.39,7.89,7.0,382.0,3.3,0.717915309446254
2026-01-30T11:35:46,01/30/202611:35,155.1,0.9,139.59,55.0,1.6,88.0,88.0,0.4,8.0,198.7,23103.0,43693.0,20.6,0.0,66.0,30.39,7.89,7.0,382.0,3.3,0.6304176516942475
2026-01-30T11:36:45,01/30/202611:36,153.7,0.9,138.32999999999998,55.0,1.9,104.5,104.0,0.4,8.0,198.7,23103.0,43693.0,20.6,0.0,66.0,30.39,7.89,7.0,382.0,3.3,0.7554398901178343
2026-01-30T11:37:46,01/30/202611:37,152.9,0.9,137.61,55.0,1.8,99.0,104.0,0.4,8.0,198.7,23103.0,43693.0,20.6,0.0,66.0,30.39,7.89,7.0,382.0,3.3,0.7194244604316546
2026-01-30T11:39:17,01/30/202611:39,152.3,0.9,137.07000000000002,55.0,1.7,93.5,93.0,0.4,8.0,198.7,23103.0,43693.0,20.6,0.0,66.0,30.39,7.89,7.0,382.0,3.3,0.6821332166046544
2026-01-30T11:39:46,01/30/202611:39,150.4,1.0,150.4,55.0,1.8,99.0,99.0,0.4,8.0,198.7,23103.0,43693.0,20.6,0.0,66.0,30.39,7.89,7.0,382.0,3.3,0.6582446808510638
2026-01-30T11:40:45,01/30/202611:40,151.7,1.0,151.7,55.0,2.0,110.0,110.0,0.4,8.0,198.7,23103.0,43693.0,20.6,0.0,66.0,30.39,7.89,7.0,382.0,3.3,0.7251153592617008
2026-01-30T11:41:45,01/30/202611:41,149.2,0.9,134.28,55.0,1.9,104.5,104.0,0.4,8.0,198.7,23103.0,43693.0,20.6,0.0,66.0,30.39,7.89,7.0,382.0,3.3,0.7782246053023533
2026-01-30T11:42:46,01/30/202611:42,149.1,1.0,149.1,54.9,1.9,104.30999999999999,104.0,0.4,8.0,198.7,23103.0,43693.0,20.6,0.0,66.0,30.39,7.89,7.0,382.0,3.3,0.6995975855130784
2026-01-30T11:43:45,01/30/202611:43,148.2,1.0,148.2,55.0,1.7,93.5,93.0,0.4,8.0,198.7,23103.0,43693.0,20.6,0.0,66.0,30.39,7.89,7.0,382.0,3.3,0.6309041835357625
2026-01-30T11:44:46,01/30/202611:44,148.3,0.9,133.47000000000003,55.0,1.6,88.0,88.0,0.4,8.0,198.7,23103.0,43693.0,20.6,0.0,66.0,30.39,7.89,7.0,382.0,3.3,0.6593241927024798
2026-01-30T11:45:46,01/30/202611:45,146.9,1.0,146.9,55.0,2.0,110.0,110.0,0.4,8.0,198.7,23103.0,43693.0,20.6,0.0,66.0,30.39,7.89,7.0,382.0,3.3,0.7488087134104833
2026-01-30T11:46:46,01/30/202611:46,152.8,0.0,0.0,54.6,0.0,0.0,0.0,0.4,8.0,198.7,23103.0,43693.0,20.6,0.0,71.0,30.41,8.76,4.0,439.0,3.6,
2026-01-30T11:47:46,01/30/202611:47,149.5,0.8,119.60000000000001,54.6,1.1,60.06000000000001,60.0,0.4,8.0,198.7,23103.0,43693.0,20.6,0.0,71.0,30.41,8.76,4.0,439.0,3.6,0.5021739130434782
2026-01-30T11:48:33,01/30/202611:48,149.5,0.8,119.60000000000001,54.7,1.4,76.58,76.0,0.4,8.0,198.7,23103.0,43693.0,20.6,0.0,71.0,30.41,8.76,4.0,439.0,3.6,0.6403010033444816
2026-01-30T11:50:27,01/30/202611:50,149.3,0.9,134.37,54.6,1.6,87.36000000000001,87.0,0.4,8.0,198.7,23103.0,43693.0,20.6,0.0,71.0,30.41,8.76,4.0,439.0,3.6,0.6501451216789462
2026-01-30T11:50:33,01/30/202611:50,149.5,0.8,119.60000000000001,54.6,1.7,92.82,92.0,0.4,8.0,198.7,23103.0,43693.0,20.6,0.0,71.0,30.41,8.76,4.0,439.0,3.6,0.776086956521739
2026-01-30T11:51:33,01/30/202611:51,150.4,0.9,135.36,54.6,1.5,81.9,81.0,0.4,8.0,198.7,23103.0,43693.0,20.6,0.0,71.0,30.41,8.76,4.0,439.0,3.6,0.6050531914893617
2026-01-30T11:52:33,01/30/202611:52,150.8,0.8,120.64000000000001,54.6,1.4,76.44,81.0,0.4,8.0,198.7,23103.0,43693.0,20.6,0.0,71.0,30.41,8.76,4.0,439.0,3.6,0.6336206896551723
2026-01-30T11:53:32,01/30/202611:53,151.2,0.8,120.96,54.6,1.5,81.9,81.0,0.4,9.0,198.7,23103.0,43693.0,20.6,0.0,71.0,30.41,8.76,4.0,439.0,3.6,0.6770833333333334
2026-01-30T11:54:33,01/30/202611:54,151.4,0.8,121.12,54.6,1.6,87.36000000000001,87.0,0.4,9.0,198.7,23103.0,43693.0,20.6,0.0,71.0,30.41,8.76,4.0,439.0,3.6,0.7212681638044915
2026-01-30T11:55:33,01/30/202611:55,151.6,0.8,121.28,54.6,1.5,81.9,82.0,0.4,9.0,198.7,23103.0,43693.0,20.6,0.0,71.0,30.41,8.76,4.0,439.0,3.6,0.6752968337730871
2026-01-30T11:56:33,01/30/202611:56,151.9,0.8,121.52000000000001,54.7,1.3,71.11,70.0,0.4,9.0,198.7,23103.0,43693.0,20.6,0.0,71.0,30.41,8.76,4.0,439.0,3.6,0.5851711652402896
2026-01-30T11:57:32,01/30/202611:57,151.7,0.8,121.36,54.6,1.6,87.36000000000001,87.0,0.4,9.0,198.7,23103.0,43693.0,20.6,0.0,71.0,30.41,8.76,4.0,439.0,3.6,0.7198417930125248
2026-01-30T11:58:33,01/30/202611:58,152.0,0.8,121.60000000000001,54.6,1.5,81.9,81.0,0.4,9.0,198.7,23103.0,43693.0,20.6,0.0,71.0,30.41,8.76,4.0,439.0,3.6,0.6735197368421053
2026-01-30T11:59:32,01/30/202611:59,152.1,0.8,121.68,54.5,1.5,81.75,81.0,0.4,9.0,198.7,23103.0,43693.0,20.6,0.0,71.0,30.41,8.76,4.0,439.0,3.6,0.671844181459566
2026-01-30T12:00:12,01/30/202600:00,152.0,0.9,136.8,54.6,1.6,87.36000000000001,87.0,0.5,9.0,198.7,23103.0,43693.0,20.6,0.0,71.0,30.41,8.76,4.0,439.0,3.6,0.6385964912280703
2026-01-30T12:01:11,01/30/202600:01,152.3,0.8,121.84000000000002,54.6,1.3,70.98,70.0,0.5,9.0,198.7,23103.0,43693.0,20.6,0.0,74.0,30.41,9.69,7.0,372.0,3.7,0.5825673013788575
2026-01-30T12:02:12,01/30/202600:02,152.0,0.9,136.8,54.6,1.8,98.28,98.0,0.5,9.0,198.7,23103.0,43693.0,20.6,0.0,74.0,30.41,9.69,7.0,372.0,3.7,0.7184210526315788
2026-01-30T12:03:12,01/30/202600:03,152.4,0.8,121.92000000000002,54.6,1.5,81.9,81.0,0.5,9.0,198.7,23103.0,43693.0,20.6,0.0,74.0,30.41,9.69,7.0,372.0,3.7,0.6717519685039369
2026-01-30T12:04:12,01/30/202600:04,152.3,0.8,121.84000000000002,54.6,1.4,76.44,76.0,0.5,9.0,198.7,23103.0,43693.0,20.6,0.0,74.0,30.41,9.69,7.0,372.0,3.7,0.6273801707156926
2026-01-30T12:06:02,01/30/202600:06,152.3,0.8,121.84000000000002,54.6,1.5,81.9,81.0,0.5,9.0,198.7,23103.0,43693.0,20.6,0.0,74.0,30.41,9.69,7.0,372.0,3.7,0.6721930400525279
2026-01-30T12:06:12,01/30/202600:06,152.5,0.7,106.75,54.6,1.4,76.44,76.0,0.5,9.0,198.7,23103.0,43693.0,20.6,0.0,74.0,30.41,9.69,7.0,372.0,3.7,0.7160655737704917
2026-01-30T12:07:32,01/30/202600:07,152.4,0.7,106.67999999999999,54.6,1.5,81.9,81.0,0.5,9.0,198.7,23103.0,43693.0,20.6,0.0,74.0,30.41,9.69,7.0,372.0,3.7,0.767716535433071
2026-01-30T12:08:12,01/30/202600:08,152.6,0.8,122.08,54.6,1.3,70.98,70.0,0.5,9.0,198.7,23103.0,43693.0,20.6,0.0,74.0,30.41,9.69,7.0,372.0,3.7,0.581422018348624
2026-01-30T12:09:12,01/30/202600:09,152.7,0.9,137.43,54.6,1.6,87.36000000000001,87.0,0.5,9.0,198.7,23103.0,43693.0,20.6,0.0,74.0,30.41,9.69,7.0,372.0,3.7,0.6356690678891073
2026-01-30T12:10:12,01/30/202600:10,152.8,0.8,122.24000000000001,54.6,1.5,81.9,81.0,0.5,9.0,198.7,23103.0,43693.0,20.6,0.0,74.0,30.41,9.69,7.0,372.0,3.7,0.6699934554973822
2026-01-30T12:10:52,01/30/202600:10,152.9,0.7,107.03,54.6,1.3,70.98,70.0,0.5,9.0,198.7,23103.0,43693.0,20.6,0.0,74.0,30.41,9.69,7.0,372.0,3.7,0.6631785480706345
2026-01-30T12:11:52,01/30/202600:11,152.8,0.8,122.24000000000001,54.6,1.5,81.9,81.0,0.5,9.0,198.7,23103.0,43693.0,20.6,0.0,74.0,30.41,9.69,7.0,372.0,3.7,0.6699934554973822
2026-01-30T12:12:52,01/30/202600:12,152.8,0.8,122.24000000000001,54.6,1.3,70.98,70.0,0.5,9.0,198.7,23103.0,43693.0,20.6,0.0,74.0,30.41,9.69,7.0,372.0,3.7,0.5806609947643979
2026-01-30T12:13:52,01/30/202600:13,152.7,0.8,122.16,54.6,1.3,70.98,71.0,0.5,9.0,198.7,23103.0,43693.0,20.7,0.0,74.0,30.41,9.69,7.0,372.0,3.7,0.5810412573673871
2026-01-30T12:14:52,01/30/202600:14,152.6,0.7,106.82,54.6,1.2,65.52,65.0,0.5,9.0,198.7,23103.0,43693.0,20.6,0.0,74.0,30.41,9.69,7.0,372.0,3.7,0.6133682830930537
2026-01-30T12:15:52,01/30/202600:15,152.5,0.8,122.0,54.6,1.4,76.44,76.0,0.5,9.0,198.7,23103.0,43693.0,20.6,0.0,74.0,30.41,9.51,8.0,466.0,3.8,0.6265573770491804
2026-01-30T12:16:52,01/30/202600:16,152.3,0.8,121.84000000000002,54.6,1.4,76.44,76.0,0.5,9.0,198.7,23103.0,43693.0,20.6,0.0,74.0,30.41,9.51,8.0,466.0,3.8,0.6273801707156926
2026-01-30T12:18:41,01/30/202600:18,152.2,0.8,121.75999999999999,54.6,1.6,87.36000000000001,87.0,0.5,9.0,198.7,23103.0,43693.0,20.6,0.0,74.0,30.41,9.51,8.0,466.0,3.8,0.7174770039421815
2026-01-30T12:18:52,01/30/202600:18,152.1,0.7,106.46999999999998,54.6,1.4,76.44,76.0,0.5,9.0,198.7,23103.0,43693.0,20.6,0.0,74.0,30.41,9.51,8.0,466.0,3.8,0.7179487179487181
2026-01-30T12:19:52,01/30/202600:19,151.8,0.9,136.62,54.6,1.7,92.82,92.0,0.5,9.0,198.7,23103.0,43693.0,20.6,0.0,74.0,30.41,9.51,8.0,466.0,3.8,0.6794027228809837
2026-01-30T12:20:52,01/30/202600:20,151.8,0.8,121.44000000000001,54.6,1.2,65.52,65.0,0.5,9.0,198.7,23103.0,43693.0,20.6,0.0,74.0,30.41,9.51,8.0,466.0,3.8,0.5395256916996046
2026-01-30T12:21:53,01/30/202600:21,151.9,0.8,121.52000000000001,54.7,1.5,82.05000000000001,81.0,0.5,9.0,198.7,23103.0,43693.0,20.6,0.0,74.0,30.41,9.51,8.0,466.0,3.8,0.6751974983541804
2026-01-30T12:22:52,01/30/202600:22,152.2,0.7,106.53999999999999,54.6,1.4,76.44,76.0,0.5,9.0,198.7,23103.0,43693.0,20.6,0.0,74.0,30.41,9.51,8.0,466.0,3.8,0.7174770039421814
2026-01-30T12:24:52,01/30/202600:24,152.2,0.7,106.53999999999999,54.6,1.1,60.06000000000001,60.0,0.5,9.0,198.7,23103.0,43693.0,20.6,0.0,74.0,30.41,9.51,8.0,466.0,3.8,0.5637319316688569
2026-01-30T12:25:52,01/30/202600:25,151.9,0.9,136.71,54.6,1.7,92.82,92.0,0.5,9.0,198.7,23103.0,43693.0,20.6,0.0,74.0,30.41,9.51,8.0,466.0,3.8,0.6789554531490014
2026-01-30T12:26:52,01/30/202600:26,152.0,0.7,106.39999999999999,54.6,1.1,60.06000000000001,60.0,0.5,9.0,198.7,23103.0,43693.0,20.6,0.0,74.0,30.41,9.51,8.0,466.0,3.8,0.5644736842105265
2026-01-30T12:27:52,01/30/202600:27,151.6,0.8,121.28,54.6,1.6,87.36000000000001,87.0,0.5,9.0,198.7,23103.0,43693.0,20.6,0.0,74.0,30.41,9.51,8.0,466.0,3.8,0.7203166226912929
2026-01-30T12:29:51,01/30/202600:29,151.8,0.8,121.44000000000001,54.6,1.3,70.98,70.0,0.5,9.0,198.7,23103.0,43693.0,20.6,0.5,74.0,30.41,9.51,8.0,611.0,3.8,0.5844861660079052
2026-01-30T12:30:44,01/30/202600:30,151.6,0.8,121.28,54.6,1.5,81.9,81.0,0.5,9.0,198.7,23103.0,43693.0,20.7,0.5,74.0,30.41,9.63,12.0,611.0,3.8,0.6752968337730871
2026-01-30T12:31:44,01/30/202600:31,151.4,0.8,121.12,54.6,1.5,81.9,81.0,0.5,9.0,198.7,23103.0,43693.0,20.7,0.8,72.0,30.41,8.27,13.0,638.0,3.9,0.6761889035667107
2026-01-30T12:32:45,01/30/202600:32,151.2,0.8,120.96,54.6,1.3,70.98,70.0,0.5,9.0,198.7,23103.0,43693.0,20.6,0.8,72.0,30.39,8.27,13.0,638.0,3.9,0.5868055555555556
2026-01-30T12:33:45,01/30/202600:33,151.2,0.7,105.83999999999999,54.6,1.2,65.52,65.0,0.5,9.0,198.7,23103.0,43693.0,20.6,0.8,61.0,30.39,8.27,13.0,638.0,3.9,0.6190476190476191
2026-01-30T12:34:44,01/30/202600:34,151.0,0.7,105.69999999999999,54.6,1.4,76.44,76.0,0.5,10.0,198.7,23103.0,43693.0,20.6,0.8,61.0,30.39,8.27,13.0,638.0,3.9,0.7231788079470199
2026-01-30T12:35:45,01/30/202600:35,150.9,0.8,120.72000000000001,54.6,1.6,87.36000000000001,87.0,0.5,10.0,198.7,23103.0,43693.0,20.6,0.8,61.0,30.39,8.27,13.0,638.0,3.9,0.7236580516898609
2026-01-30T12:36:45,01/30/202600:36,150.7,0.8,120.56,54.6,1.4,76.44,76.0,0.5,10.0,198.7,23103.0,43693.0,20.6,0.8,61.0,30.39,8.27,13.0,638.0,3.9,0.6340411413404113
2026-01-30T12:37:44,01/30/202600:37,150.8,0.7,105.56,54.6,1.3,70.98,65.0,0.5,10.0,198.7,23103.0,43693.0,20.6,0.8,61.0,30.39,8.27,13.0,638.0,3.9,0.6724137931034483
2026-01-30T12:38:45,01/30/202600:38,150.7,0.7,105.48999999999998,54.6,1.3,70.98,70.0,0.5,10.0,198.7,23103.0,43693.0,20.6,0.8,61.0,30.39,8.27,13.0,638.0,3.9,0.6728599867286
2026-01-30T12:39:45,01/30/202600:39,150.5,0.8,120.4,54.5,1.5,81.75,81.0,0.5,10.0,198.7,23103.0,43693.0,20.7,0.8,61.0,30.39,8.27,13.0,638.0,3.9,0.6789867109634551
2026-01-30T12:40:59,01/30/202600:40,150.7,0.8,120.56,54.6,1.4,76.44,76.0,0.5,10.0,198.7,23103.0,43693.0,20.6,0.8,61.0,30.39,8.27,13.0,638.0,3.9,0.6340411413404113
2026-01-30T12:42:16,01/30/202600:42,150.6,0.7,105.41999999999999,54.6,1.3,70.98,70.0,0.5,10.0,198.7,23103.0,43693.0,20.7,0.8,61.0,30.39,8.27,13.0,638.0,3.9,0.6733067729083666
2026-01-30T12:43:15,01/30/202600:43,150.5,0.7,105.35,54.6,1.4,76.44,76.0,0.5,10.0,198.7,23103.0,43693.0,20.6,0.8,61.0,30.39,8.27,13.0,638.0,3.9,0.7255813953488373
2026-01-30T12:44:16,01/30/202600:44,150.4,0.8,120.32000000000001,54.6,1.5,81.9,82.0,0.5,10.0,198.7,23103.0,43693.0,20.6,0.8,61.0,30.39,8.27,13.0,638.0,3.9,0.6806848404255319
2026-01-30T12:45:16,01/30/202600:45,150.5,0.8,120.4,54.6,1.3,70.98,70.0,0.5,10.0,198.7,23103.0,43693.0,20.7,1.0,61.0,30.39,8.7,12.0,619.0,4.0,0.5895348837209302
2026-01-30T12:46:16,01/30/202600:46,150.5,0.8,120.4,54.6,1.4,76.44,76.0,0.5,10.0,198.7,23103.0,43693.0,20.6,1.0,61.0,30.39,8.7,12.0,619.0,4.0,0.6348837209302325
2026-01-30T12:47:16,01/30/202600:47,150.5,0.7,105.35,54.6,1.4,76.44,76.0,0.5,10.0,198.7,23103.0,43693.0,20.7,1.0,61.0,30.39,8.7,12.0,619.0,4.0,0.7255813953488373
2026-01-30T12:48:16,01/30/202600:48,150.3,0.8,120.24000000000001,54.6,1.6,87.36000000000001,87.0,0.5,10.0,198.7,23103.0,43693.0,20.6,1.0,61.0,30.39,8.7,12.0,619.0,4.0,0.7265469061876249
2026-01-30T12:49:16,01/30/202600:49,150.3,0.8,120.24000000000001,54.6,1.4,76.44,76.0,0.5,10.0,198.7,23103.0,43693.0,20.7,1.0,61.0,30.39,8.7,12.0,619.0,4.0,0.6357285429141716
2026-01-30T12:49:43,01/30/202600:49,150.4,0.8,120.32000000000001,54.5,1.4,76.3,76.0,0.5,10.0,198.7,23103.0,43693.0,20.7,1.0,61.0,30.39,8.7,12.0,619.0,4.0,0.6341422872340425
2026-01-30T12:50:43,01/30/202600:50,150.1,0.8,120.08,54.7,1.6,87.52000000000001,87.0,0.5,10.0,198.7,23103.0,43693.0,20.7,1.0,61.0,30.39,8.7,12.0,619.0,4.0,0.7288474350433045
2026-01-30T12:52:08,01/30/202600:52,150.3,0.8,120.24000000000001,54.6,1.5,81.9,82.0,0.5,10.0,198.7,23103.0,43693.0,20.7,1.0,61.0,30.39,8.7,12.0,619.0,4.0,0.6811377245508982
2026-01-30T12:52:43,01/30/202600:52,150.2,0.9,135.18,54.6,1.5,81.9,81.0,0.5,10.0,198.7,23103.0,43693.0,20.6,1.0,61.0,30.39,8.7,12.0,619.0,4.0,0.6058588548601864
2026-01-30T12:53:43,01/30/202600:53,150.4,0.8,120.32000000000001,54.6,1.2,65.52,65.0,0.5,10.0,198.7,23103.0,43693.0,20.7,1.0,61.0,30.39,8.7,12.0,619.0,4.0,0.5445478723404255
2026-01-30T12:55:14,01/30/202600:55,150.2,0.7,105.13999999999999,54.6,1.3,70.98,70.0,0.5,10.0,198.7,23103.0,43693.0,20.7,1.0,61.0,30.39,8.7,12.0,619.0,4.0,0.6750998668442079
2026-01-30T12:56:15,01/30/202600:56,150.1,0.7,105.07,54.6,1.3,70.98,70.0,0.5,10.0,198.7,23103.0,43693.0,20.6,1.0,61.0,30.39,8.7,12.0,619.0,4.0,0.675549633577615
2026-01-30T12:57:14,01/30/202600:57,150.4,0.7,105.28,54.6,1.0,54.6,54.0,0.5,10.0,198.7,23103.0,43693.0,20.6,1.0,61.0,30.39,8.7,12.0,619.0,4.0,0.5186170212765957
2026-01-30T12:58:15,01/30/202600:58,150.6,0.7,105.41999999999999,54.6,1.2,65.52,65.0,0.5,10.0,198.7,23103.0,43693.0,20.7,1.0,61.0,30.39,8.7,12.0,619.0,4.0,0.6215139442231076
2026-01-30T12:59:14,01/30/202600:59,150.6,0.8,120.48,54.6,1.5,81.9,82.0,0.5,10.0,198.7,23103.0,43693.0,20.7,1.0,61.0,30.39,8.7,12.0,619.0,4.0,0.679780876494024
2026-01-30T13:00:15,01/30/202601:00,150.4,0.8,120.32000000000001,54.6,1.5,81.9,81.0,0.5,10.0,198.7,23103.0,43693.0,20.7,1.0,61.0,30.39,8.7,12.0,619.0,4.0,0.6806848404255319
2026-01-30T13:01:15,01/30/202601:01,150.9,0.8,120.72000000000001,54.6,1.4,76.44,76.0,0.5,10.0,198.7,23103.0,43693.0,20.7,1.2,61.0,30.39,9.01,6.0,624.0,4.0,0.6332007952286282
2026-01-30T13:01:18,01/30/202601:01,151.0,0.7,105.69999999999999,54.6,1.1,60.06000000000001,60.0,0.5,10.0,198.7,23103.0,43693.0,20.7,1.2,61.0,30.39,9.01,6.0,624.0,4.0,0.5682119205298015
2026-01-30T13:03:18,01/30/202601:03,151.6,0.7,106.11999999999999,54.6,1.4,76.44,76.0,0.5,10.0,198.7,23103.0,43693.0,20.7,1.2,61.0,30.39,9.01,6.0,624.0,4.0,0.7203166226912929
2026-01-30T13:04:18,01/30/202601:04,151.5,0.8,121.2,54.6,1.5,81.9,76.0,0.5,10.0,198.7,23103.0,43693.0,20.7,1.2,61.0,30.39,9.01,6.0,624.0,4.0,0.6757425742574258
2026-01-30T13:05:19,01/30/202601:05,151.5,0.7,106.05,54.7,1.2,65.64,65.0,0.5,10.0,198.7,23103.0,43693.0,20.7,1.2,61.0,30.39,9.01,6.0,624.0,4.0,0.618953323903819
2026-01-30T13:06:18,01/30/202601:06,151.5,0.8,121.2,54.7,1.3,71.11,70.0,0.5,10.0,198.7,23103.0,43693.0,20.7,1.2,61.0,30.39,9.01,6.0,624.0,4.0,0.5867161716171617
2026-01-30T13:07:56,01/30/202601:07,151.6,0.7,106.11999999999999,54.6,1.3,70.98,70.0,0.5,10.0,198.7,23103.0,43693.0,20.7,1.2,61.0,30.39,9.01,6.0,624.0,4.0,0.6688654353562006
2026-01-30T13:08:56,01/30/202601:08,151.6,0.8,121.28,54.6,1.4,76.44,76.0,0.5,10.0,198.7,23103.0,43693.0,20.7,1.2,61.0,30.39,9.01,6.0,624.0,4.0,0.6302770448548812
2026-01-30T13:09:56,01/30/202601:09,151.6,0.9,136.44,54.6,1.5,81.9,81.0,0.5,10.0,198.7,23103.0,43693.0,20.7,1.2,61.0,30.39,9.01,6.0,624.0,4.0,0.6002638522427441
2026-01-30T13:10:56,01/30/202601:10,151.9,0.6,91.14,54.6,0.9,49.14,49.0,0.5,10.0,198.7,23103.0,43693.0,20.7,1.2,61.0,30.39,9.01,6.0,624.0,4.0,0.5391705069124424
2026-01-30T13:11:56,01/30/202601:11,151.6,0.9,136.44,54.6,1.6,87.36000000000001,87.0,0.5,10.0,198.7,23103.0,43693.0,20.7,1.2,61.0,30.39,9.01,6.0,624.0,4.0,0.6402814423922605
2026-01-30T13:12:56,01/30/202601:12,151.9,0.8,121.52000000000001,54.6,1.4,76.44,76.0,0.5,10.0,198.7,23103.0,43693.0,20.7,1.2,61.0,30.39,9.01,6.0,624.0,4.0,0.629032258064516
2026-01-30T13:14:27,01/30/202601:14,152.3,0.7,106.61,54.6,1.3,70.98,70.0,0.5,10.0,198.7,23103.0,43693.0,20.7,1.2,61.0,30.39,9.01,6.0,624.0,4.0,0.6657912015758372
2026-01-30T13:15:27,01/30/202601:15,152.1,0.8,121.68,54.6,1.4,76.44,76.0,0.5,10.0,198.7,23103.0,43693.0,20.7,1.2,61.0,30.39,9.01,6.0,624.0,4.0,0.6282051282051282
2026-01-30T13:16:27,01/30/202601:16,152.2,0.7,106.53999999999999,54.7,1.4,76.58,76.0,0.5,10.0,198.7,23103.0,43693.0,20.7,1.3,61.0,30.39,9.76,9.0,612.0,4.0,0.7187910643889619
2026-01-30T13:17:27,01/30/202601:17,152.4,0.8,121.92000000000002,54.6,1.3,70.98,70.0,0.5,10.0,198.7,23103.0,43693.0,20.7,1.3,61.0,30.39,9.76,9.0,612.0,4.0,0.5821850393700787
2026-01-30T13:18:27,01/30/202601:18,152.2,0.8,121.75999999999999,54.6,1.5,81.9,81.0,0.5,11.0,198.7,23103.0,43693.0,20.7,1.3,61.0,30.39,9.76,9.0,612.0,4.0,0.6726346911957951
2026-01-30T13:19:27,01/30/202601:19,152.3,0.7,106.61,54.6,1.1,60.06000000000001,60.0,0.6,11.0,198.7,23103.0,43693.0,20.7,1.3,61.0,30.39,9.76,9.0,620.0,4.0,0.5633617859487854
2026-01-30T13:20:27,01/30/202601:20,152.0,0.8,121.60000000000001,54.6,1.5,81.9,81.0,0.6,11.0,198.7,23103.0,43693.0,20.7,1.7,61.0,30.39,9.76,9.0,620.0,4.0,0.6735197368421053
2026-01-30T13:21:27,01/30/202601:21,151.8,0.9,136.62,54.6,1.5,81.9,81.0,0.6,11.0,198.7,23103.0,43693.0,20.7,1.7,61.0,30.39,7.27,11.0,620.0,4.0,0.5994729907773386
2026-01-30T13:22:27,01/30/202601:22,151.6,0.8,121.28,54.6,1.3,70.98,70.0,0.6,11.0,198.7,23103.0,43693.0,20.7,1.7,61.0,30.39,7.27,11.0,620.0,4.0,0.5852572559366754
2026-01-30T13:23:27,01/30/202601:23,152.0,0.7,106.39999999999999,54.6,1.2,65.52,65.0,0.6,11.0,198.7,23103.0,43693.0,20.7,1.7,61.0,30.39,7.27,11.0,620.0,4.0,0.6157894736842106
2026-01-30T13:25:36,01/30/202601:25,151.7,0.7,106.18999999999998,54.6,1.2,65.52,65.0,0.6,11.0,198.7,23103.0,43693.0,20.7,1.7,61.0,30.39,7.27,11.0,620.0,4.0,0.6170072511535927
2026-01-30T13:26:28,01/30/202601:26,151.6,0.6,90.96,54.6,0.8,43.68000000000001,43.0,0.6,11.0,198.7,23103.0,43693.0,20.7,1.7,61.0,30.39,7.27,11.0,620.0,4.0,0.48021108179419536
2026-01-30T13:27:27,01/30/202601:27,151.1,0.8,120.88,54.6,1.4,76.44,76.0,0.6,11.0,198.7,23103.0,43693.0,20.7,1.7,61.0,30.39,7.27,11.0,620.0,4.0,0.6323626737260093
2026-01-30T13:28:27,01/30/202601:28,151.1,0.6,90.66,54.6,0.9,49.14,54.0,0.6,11.0,198.7,23103.0,43693.0,20.7,1.7,61.0,30.39,7.27,11.0,620.0,4.0,0.542025148908008
2026-01-30T13:29:28,01/30/202601:29,150.8,0.7,105.56,54.6,1.3,70.98,70.0,0.6,11.0,198.7,23103.0,43693.0,20.7,1.7,61.0,30.39,7.27,11.0,620.0,4.0,0.6724137931034483
2026-01-30T13:31:04,01/30/202601:31,150.3,0.8,120.24000000000001,54.6,1.3,70.98,70.0,0.6,11.0,198.7,23103.0,43693.0,20.7,1.8,62.0,30.39,8.76,6.0,614.0,4.0,0.5903193612774451
2026-01-30T13:32:05,01/30/202601:32,150.5,0.7,105.35,54.6,1.2,65.52,65.0,0.6,11.0,198.7,23103.0,43693.0,20.7,1.8,62.0,30.39,8.76,6.0,614.0,4.0,0.6219269102990033
2026-01-30T13:33:04,01/30/202601:33,150.7,0.5,75.35,54.6,0.8,43.68000000000001,43.0,0.6,11.0,198.7,23103.0,43693.0,20.7,1.8,62.0,30.39,8.76,6.0,614.0,4.0,0.5796947577969477
2026-01-30T13:34:05,01/30/202601:34,150.4,0.8,120.32000000000001,54.7,1.3,71.11,70.0,0.6,11.0,198.7,23103.0,43693.0,20.7,1.8,62.0,30.39,8.76,6.0,614.0,4.0,0.5910073138297872
2026-01-30T13:35:04,01/30/202601:35,150.8,0.7,105.56,54.6,1.1,60.06000000000001,60.0,0.6,11.0,198.7,23103.0,43693.0,20.7,1.8,62.0,30.39,8.76,6.0,614.0,4.0,0.5689655172413793
2026-01-30T13:36:45,01/30/202601:36,150.7,0.7,105.48999999999998,54.6,1.2,65.52,65.0,0.6,11.0,198.7,23103.0,43693.0,20.7,1.8,62.0,30.39,8.76,6.0,614.0,4.0,0.6211015262110153
2026-01-30T13:37:04,01/30/202601:37,151.2,0.8,120.96,54.6,1.4,76.44,76.0,0.6,11.0,198.7,23103.0,43693.0,20.7,1.8,62.0,30.39,8.76,6.0,614.0,4.0,0.6319444444444444
2026-01-30T13:38:05,01/30/202601:38,151.6,0.6,90.96,54.6,0.8,43.68000000000001,43.0,0.6,11.0,198.7,23103.0,43693.0,20.7,1.8,62.0,30.39,8.76,6.0,614.0,4.0,0.48021108179419536
2026-01-30T13:39:05,01/30/202601:39,151.7,0.7,106.18999999999998,54.6,1.2,65.52,65.0,0.6,11.0,198.7,23103.0,43693.0,20.7,1.8,62.0,30.39,8.76,6.0,614.0,4.0,0.6170072511535927
2026-01-30T13:40:04,01/30/202601:40,152.0,0.7,106.39999999999999,54.7,1.3,71.11,70.0,0.6,11.0,198.7,23103.0,43693.0,20.7,1.8,62.0,30.39,8.76,6.0,614.0,4.0,0.6683270676691729
2026-01-30T13:41:05,01/30/202601:41,152.0,0.7,106.39999999999999,54.6,1.4,76.44,76.0,0.6,11.0,198.7,23103.0,43693.0,20.7,1.8,62.0,30.39,8.76,6.0,614.0,4.0,0.718421052631579
2026-01-30T13:42:05,01/30/202601:42,152.1,0.8,121.68,54.6,1.3,70.98,70.0,0.6,11.0,198.7,23103.0,43693.0,20.7,1.8,62.0,30.39,8.76,6.0,614.0,4.0,0.5833333333333334
2026-01-30T13:43:04,01/30/202601:43,152.0,0.8,121.60000000000001,54.6,1.2,65.52,65.0,0.6,11.0,198.7,23103.0,43693.0,20.7,1.8,62.0,30.39,8.76,6.0,614.0,4.0,0.5388157894736841
2026-01-30T13:44:05,01/30/202601:44,148.9,0.7,104.23,54.6,1.1,60.06000000000001,60.0,0.6,11.0,198.7,23103.0,43693.0,20.7,1.8,62.0,30.39,8.76,6.0,614.0,4.0,0.5762256548018805
2026-01-30T13:45:05,01/30/202601:45,149.2,0.7,104.43999999999998,54.6,1.2,65.52,65.0,0.6,11.0,198.7,23103.0,43693.0,20.7,1.8,62.0,30.39,8.76,6.0,614.0,4.0,0.6273458445040215
2026-01-30T13:46:04,01/30/202601:46,149.2,0.6,89.52,54.6,0.9,49.14,49.0,0.6,11.0,198.7,23103.0,43693.0,20.7,2.1,63.0,30.41,9.45,5.0,581.0,3.9,0.5489276139410187
2026-01-30T13:47:54,01/30/202601:47,148.8,0.8,119.04000000000002,54.6,1.2,65.52,65.0,0.6,11.0,198.7,23103.0,43693.0,20.7,2.1,63.0,30.41,9.45,5.0,581.0,3.9,0.5504032258064515
2026-01-30T13:48:04,01/30/202601:48,149.2,0.7,104.43999999999998,54.6,1.1,60.06000000000001,60.0,0.6,11.0,198.7,23103.0,43693.0,20.7,2.1,63.0,30.41,9.45,5.0,581.0,3.9,0.5750670241286865
2026-01-30T13:48:34,01/30/202601:48,149.5,0.8,119.60000000000001,54.7,1.4,76.58,76.0,0.6,11.0,198.7,23103.0,43693.0,20.7,2.1,63.0,30.41,9.45,5.0,581.0,3.9,0.6403010033444816
2026-01-30T13:49:33,01/30/202601:49,149.3,0.8,119.44000000000001,54.6,1.6,87.36000000000001,87.0,0.6,11.0,198.7,23103.0,43693.0,20.7,2.1,63.0,30.41,9.45,5.0,581.0,3.9,0.7314132618888145
2026-01-30T13:51:10,01/30/202601:51,150.0,0.8,120.0,54.6,1.3,70.98,70.0,0.6,11.0,198.7,23103.0,43693.0,20.7,2.1,63.0,30.41,9.45,5.0,581.0,3.9,0.5915
2026-01-30T13:52:10,01/30/202601:52,151.2,0.7,105.83999999999999,54.6,1.3,70.98,70.0,0.6,11.0,198.7,23103.0,43693.0,20.7,2.1,63.0,30.41,9.45,5.0,581.0,3.9,0.6706349206349207
2026-01-30T13:53:11,01/30/202601:53,151.3,0.7,105.91,54.6,1.4,76.44,76.0,0.6,11.0,198.7,23103.0,43693.0,20.7,2.1,63.0,30.41,9.45,5.0,581.0,3.9,0.7217448777263714
2026-01-30T13:54:10,01/30/202601:54,151.4,0.7,105.98,54.6,1.3,70.98,70.0,0.6,11.0,198.7,23103.0,43693.0,20.7,2.1,63.0,30.39,9.45,5.0,581.0,3.9,0.6697490092470277
2026-01-30T13:55:10,01/30/202601:55,151.2,0.8,120.96,54.7,1.3,71.11,70.0,0.6,11.0,198.7,23103.0,43693.0,20.7,2.1,60.0,30.39,9.45,5.0,581.0,3.9,0.587880291005291
2026-01-30T13:56:11,01/30/202601:56,151.6,0.8,121.28,54.6,1.3,70.98,70.0,0.6,11.0,198.7,23103.0,43693.0,20.7,2.1,60.0,30.39,9.45,5.0,581.0,3.9,0.5852572559366754
2026-01-30T13:56:55,01/30/202601:56,150.6,0.7,105.41999999999999,54.6,1.3,70.98,70.0,0.6,11.0,198.7,23103.0,43693.0,20.7,2.1,60.0,30.39,9.45,5.0,581.0,3.9,0.6733067729083666
2026-01-30T13:59:03,01/30/202601:59,154.9,0.8,123.92000000000002,54.7,1.3,71.11,70.0,0.6,11.0,198.7,23103.0,43693.0,20.7,2.1,60.0,30.39,9.45,5.0,581.0,3.9,0.5738379599741769
2026-01-30T13:59:55,01/30/202601:59,154.8,0.8,123.84000000000002,54.6,1.1,60.06000000000001,71.0,0.6,11.0,198.7,23103.0,43693.0,20.7,2.1,60.0,30.39,9.45,5.0,581.0,3.9,0.4849806201550388
2026-01-30T14:00:32,01/30/202602:00,153.0,0.7,107.1,54.6,1.3,70.98,70.0,0.6,11.0,198.7,23103.0,43693.0,20.7,2.0,60.0,30.39,10.38,7.0,561.0,3.9,0.6627450980392158
2026-01-30T14:01:32,01/30/202602:01,154.8,0.7,108.36,54.6,1.2,65.52,65.0,0.6,11.0,198.7,23103.0,43693.0,20.7,2.0,60.0,30.39,10.38,7.0,561.0,3.9,0.6046511627906976
2026-01-30T14:02:33,01/30/202602:02,154.1,0.8,123.28,54.7,1.3,71.11,70.0,0.6,11.0,198.7,23103.0,43693.0,20.7,2.0,60.0,30.39,10.38,7.0,561.0,3.9,0.5768170019467878
2026-01-30T14:03:32,01/30/202602:03,153.4,0.7,107.38,54.6,1.0,54.6,54.0,0.6,11.0,198.7,23103.0,43693.0,20.7,2.0,60.0,30.39,10.38,7.0,561.0,3.9,0.5084745762711865
2026-01-30T14:04:32,01/30/202602:04,152.7,0.8,122.16,54.6,1.5,81.9,76.0,0.6,11.0,198.7,23103.0,43693.0,20.7,2.0,60.0,30.39,10.38,7.0,561.0,3.9,0.6704322200392928
2026-01-30T14:05:32,01/30/202602:05,152.6,0.6,91.55999999999999,54.6,1.1,60.06000000000001,60.0,0.6,11.0,198.7,23103.0,43693.0,20.7,2.0,60.0,30.39,10.38,7.0,561.0,3.9,0.6559633027522938
2026-01-30T14:06:32,01/30/202602:06,152.8,0.7,106.96000000000001,54.6,1.0,54.6,54.0,0.6,12.0,198.7,23103.0,43693.0,20.7,2.0,60.0,30.39,10.38,7.0,561.0,3.9,0.5104712041884817
2026-01-30T14:07:32,01/30/202602:07,153.2,0.6,91.91999999999999,54.6,0.7,38.22,38.0,0.6,12.0,198.7,23103.0,43693.0,20.7,2.0,60.0,30.39,10.38,7.0,561.0,3.9,0.41579634464751963
2026-01-30T14:08:32,01/30/202602:08,149.8,0.8,119.84000000000002,54.6,1.3,70.98,70.0,0.6,12.0,198.7,23103.0,43693.0,20.7,2.0,60.0,30.39,10.38,7.0,561.0,3.9,0.5922897196261682
2026-01-30T14:08:36,01/30/202602:08,149.3,0.8,119.44000000000001,54.6,1.4,76.44,76.0,0.6,12.0,198.7,23103.0,43693.0,20.7,2.0,60.0,30.39,10.38,7.0,561.0,3.9,0.6399866041527126
2026-01-30T14:10:13,01/30/202602:10,151.4,0.6,90.84,54.6,1.0,54.6,54.0,0.6,12.0,198.7,23103.0,43693.0,20.7,2.0,60.0,30.39,10.38,7.0,561.0,3.9,0.6010568031704095
2026-01-30T14:10:36,01/30/202602:10,150.7,0.8,120.56,54.6,1.4,76.44,70.0,0.6,12.0,198.7,23103.0,43693.0,20.7,2.0,60.0,30.39,10.38,7.0,561.0,3.9,0.6340411413404113
2026-01-30T14:11:36,01/30/202602:11,150.0,0.8,120.0,54.6,1.2,65.52,65.0,0.6,12.0,198.7,23103.0,43693.0,20.7,2.0,60.0,30.39,10.38,7.0,561.0,3.9,0.5459999999999999
2026-01-30T14:12:37,01/30/202602:12,149.1,0.6,89.46,54.5,1.0,54.5,54.0,0.6,12.0,198.7,23103.0,43693.0,20.7,2.0,60.0,30.39,10.38,7.0,561.0,3.9,0.6092108204784261
2026-01-30T14:13:36,01/30/202602:13,149.5,0.7,104.64999999999999,54.6,1.3,70.98,70.0,0.6,12.0,198.7,23103.0,43693.0,20.7,2.0,60.0,30.39,10.38,7.0,561.0,3.9,0.6782608695652175
2026-01-30T14:14:36,01/30/202602:14,151.2,0.7,105.83999999999999,54.6,1.3,70.98,70.0,0.6,12.0,198.7,23103.0,43693.0,20.7,2.0,60.0,30.39,10.38,7.0,561.0,3.9,0.6706349206349207
2026-01-30T14:15:36,01/30/202602:15,151.8,0.7,106.26,54.6,1.1,60.06000000000001,60.0,0.6,12.0,198.7,23103.0,43693.0,20.7,2.0,60.0,30.39,9.76,11.0,536.0,3.7,0.5652173913043479
2026-01-30T14:16:36,01/30/202602:16,150.4,0.7,105.28,54.6,1.3,70.98,70.0,0.6,12.0,198.7,23103.0,43693.0,20.7,2.0,60.0,30.39,9.76,11.0,536.0,3.7,0.6742021276595745
2026-01-30T14:17:36,01/30/202602:17,150.2,0.7,105.13999999999999,54.6,1.3,70.98,70.0,0.6,12.0,198.7,23103.0,43693.0,20.7,2.0,60.0,30.39,9.76,11.0,536.0,3.7,0.6750998668442079
2026-01-30T14:18:36,01/30/202602:18,151.3,0.7,105.91,54.6,1.3,70.98,70.0,0.6,12.0,198.7,23103.0,43693.0,20.7,2.0,60.0,30.39,9.76,11.0,536.0,3.7,0.6701916721744878
2026-01-30T14:19:36,01/30/202602:19,151.2,0.8,120.96,54.6,1.3,70.98,70.0,0.6,12.0,198.7,23103.0,43693.0,20.7,2.0,60.0,30.39,9.76,11.0,536.0,3.7,0.5868055555555556
2026-01-30T14:20:02,01/30/202602:20,150.9,0.8,120.72000000000001,54.6,1.3,70.98,70.0,0.6,12.0,198.7,23103.0,43693.0,20.7,2.0,60.0,30.39,9.76,11.0,536.0,3.7,0.5879721669980119
2026-01-30T14:21:22,01/30/202602:21,151.1,0.7,105.77,54.6,1.2,65.52,65.0,0.6,12.0,198.7,23103.0,43693.0,20.7,2.0,60.0,30.39,9.76,11.0,536.0,3.7,0.6194573130377233
2026-01-30T14:22:02,01/30/202602:22,150.7,0.8,120.56,54.5,1.5,81.75,81.0,0.6,12.0,198.7,23103.0,43693.0,20.7,2.0,60.0,30.39,9.76,11.0,536.0,3.7,0.678085600530856
2026-01-30T14:23:03,01/30/202602:23,151.3,0.7,105.91,54.6,1.3,70.98,70.0,0.6,12.0,198.7,23103.0,43693.0,20.7,2.0,60.0,30.39,9.76,11.0,536.0,3.7,0.6701916721744878
2026-01-30T14:24:03,01/30/202602:24,153.0,0.7,107.1,54.6,0.9,49.14,49.0,0.6,12.0,198.7,23103.0,43693.0,20.7,2.0,60.0,30.39,9.76,11.0,536.0,3.7,0.45882352941176474
2026-01-30T14:25:02,01/30/202602:25,151.0,0.7,105.69999999999999,54.6,1.4,76.44,76.0,0.6,12.0,198.7,23103.0,43693.0,20.7,2.0,60.0,30.39,9.76,11.0,536.0,3.7,0.7231788079470199
2026-01-30T14:26:03,01/30/202602:26,152.4,0.7,106.67999999999999,54.7,1.2,65.64,65.0,0.6,12.0,198.7,23103.0,43693.0,20.7,2.0,60.0,30.39,9.76,11.0,536.0,3.7,0.6152980877390327
2026-01-30T14:27:04,01/30/202602:27,151.4,0.7,105.98,54.6,1.1,60.06000000000001,60.0,0.6,12.0,198.7,23103.0,43693.0,20.7,2.0,60.0,30.39,9.76,11.0,536.0,3.7,0.5667107001321005
2026-01-30T14:28:03,01/30/202602:28,152.3,0.8,121.84000000000002,54.6,1.2,65.52,65.0,0.6,12.0,198.7,23103.0,43693.0,20.7,1.7,60.0,30.39,9.88,13.0,519.0,3.7,0.5377544320420222
2026-01-30T14:29:03,01/30/202602:29,151.1,0.7,105.77,54.6,1.2,65.52,65.0,0.6,12.0,198.7,23103.0,43693.0,20.7,1.7,60.0,30.39,9.2,14.0,519.0,3.7,0.6194573130377233
2026-01-30T14:30:02,01/30/202602:30,151.8,0.7,106.26,54.6,1.2,65.52,65.0,0.6,12.0,198.7,23103.0,43693.0,20.7,1.7,60.0,30.39,9.2,14.0,519.0,3.7,0.6166007905138339
2026-01-30T14:31:03,01/30/202602:31,152.3,0.7,106.61,54.6,1.4,76.44,76.0,0.6,12.0,198.7,23103.0,43693.0,20.7,1.7,64.0,30.39,9.63,13.0,535.0,3.4,0.717005909389363
2026-01-30T14:32:31,01/30/202602:32,152.6,0.7,106.82,54.6,1.2,65.52,65.0,0.6,12.0,198.7,23103.0,43693.0,20.7,1.7,64.0,30.39,9.63,13.0,535.0,3.4,0.6133682830930537
2026-01-30T14:33:03,01/30/202602:33,152.4,0.7,106.67999999999999,54.6,1.0,54.6,54.0,0.6,12.0,198.7,23103.0,43693.0,20.7,1.7,64.0,30.39,9.63,13.0,535.0,3.4,0.5118110236220473
2026-01-30T14:34:03,01/30/202602:34,152.6,0.6,91.55999999999999,54.6,1.0,54.6,54.0,0.6,12.0,198.7,23103.0,43693.0,20.7,1.7,64.0,30.39,9.63,13.0,535.0,3.4,0.5963302752293579
2026-01-30T14:35:03,01/30/202602:35,152.9,0.7,107.03,54.6,1.4,76.44,76.0,0.6,12.0,198.7,23103.0,43693.0,20.7,1.7,64.0,30.39,9.63,13.0,535.0,3.4,0.7141922825376062
2026-01-30T14:36:03,01/30/202602:36,151.4,0.7,105.98,54.7,1.0,54.7,54.0,0.6,12.0,198.7,23103.0,43693.0,20.7,1.7,64.0,30.39,9.63,13.0,535.0,3.4,0.5161351198339309
2026-01-30T14:37:03,01/30/202602:37,150.7,0.7,105.48999999999998,54.6,1.3,70.98,65.0,0.6,12.0,198.7,23103.0,43693.0,20.7,1.7,64.0,30.39,9.63,13.0,535.0,3.4,0.6728599867286
2026-01-30T14:38:02,01/30/202602:38,151.1,0.7,105.77,54.6,1.2,65.52,65.0,0.6,12.0,198.7,23103.0,43693.0,20.7,1.7,64.0,30.39,9.63,13.0,535.0,3.4,0.6194573130377233
2026-01-30T14:39:03,01/30/202602:39,151.8,0.7,106.26,54.7,1.3,71.11,70.0,0.6,12.0,198.7,23103.0,43693.0,20.7,1.7,64.0,30.39,9.63,13.0,535.0,3.4,0.6692076039902126
2026-01-30T14:40:03,01/30/202602:40,150.9,0.7,105.63,54.6,1.1,60.06000000000001,60.0,0.6,12.0,198.7,23103.0,43693.0,20.7,1.7,64.0,30.39,9.63,13.0,535.0,3.4,0.5685884691848908
2026-01-30T14:41:02,01/30/202602:41,150.7,0.7,105.48999999999998,54.6,1.1,60.06000000000001,60.0,0.6,12.0,198.7,23103.0,43693.0,20.7,1.7,64.0,30.39,9.63,13.0,535.0,3.4,0.5693430656934308
2026-01-30T14:42:03,01/30/202602:42,150.9,0.8,120.72000000000001,54.6,1.4,76.44,76.0,0.6,12.0,198.7,23103.0,43693.0,20.7,1.7,64.0,30.39,9.63,13.0,535.0,3.4,0.6332007952286282
2026-01-30T14:43:40,01/30/202602:43,151.6,0.6,90.96,54.5,1.1,59.95,60.0,0.6,12.0,198.7,23103.0,43693.0,20.7,1.7,64.0,30.39,9.63,13.0,535.0,3.4,0.659080914687775
2026-01-30T14:44:03,01/30/202602:44,152.5,0.8,122.0,54.7,1.5,82.05000000000001,81.0,0.6,12.0,198.7,23103.0,43693.0,20.7,1.7,64.0,30.39,9.63,13.0,535.0,3.4,0.6725409836065575
2026-01-30T14:45:03,01/30/202602:45,152.6,0.7,106.82,54.7,1.1,60.17000000000001,60.0,0.6,12.0,198.7,23103.0,43693.0,20.7,1.7,64.0,30.39,9.63,13.0,535.0,3.4,0.5632840292080136
2026-01-30T14:46:02,01/30/202602:46,152.3,0.7,106.61,54.6,1.2,65.52,65.0,0.6,12.0,198.7,23103.0,43693.0,20.7,1.9,65.0,30.39,9.26,15.0,514.0,3.1,0.6145764937623112
2026-01-30T14:47:03,01/30/202602:47,151.8,0.7,106.26,54.6,1.1,60.06000000000001,60.0,0.6,12.0,198.7,23103.0,43693.0,20.7,1.9,65.0,30.39,9.26,15.0,514.0,3.1,0.5652173913043479
2026-01-30T14:48:03,01/30/202602:48,151.3,0.8,121.04000000000002,54.6,1.3,70.98,70.0,0.6,12.0,198.7,23103.0,43693.0,20.7,1.9,65.0,30.39,9.26,15.0,514.0,3.1,0.5864177131526768
2026-01-30T14:49:03,01/30/202602:49,152.0,0.7,106.39999999999999,54.6,1.1,60.06000000000001,60.0,0.7,12.0,198.7,23103.0,43693.0,20.7,1.9,65.0,30.39,9.26,15.0,514.0,3.1,0.5644736842105265
2026-01-30T14:50:03,01/30/202602:50,152.0,0.7,106.39999999999999,54.7,1.3,71.11,70.0,0.7,12.0,198.7,23103.0,43693.0,20.7,1.9,65.0,30.39,9.26,15.0,514.0,3.1,0.6683270676691729
2026-01-30T14:51:03,01/30/202602:51,151.2,0.7,105.83999999999999,54.5,1.3,70.85000000000001,70.0,0.7,12.0,198.7,23103.0,43693.0,20.7,1.9,65.0,30.39,9.26,15.0,514.0,3.1,0.6694066515495088
2026-01-30T14:52:03,01/30/202602:52,151.4,0.6,90.84,54.6,1.0,54.6,54.0,0.7,12.0,198.7,23103.0,43693.0,20.7,1.9,65.0,30.39,9.26,15.0,514.0,3.1,0.6010568031704095
2026-01-30T14:53:03,01/30/202602:53,152.3,0.7,106.61,54.6,0.9,49.14,49.0,0.7,12.0,198.7,23103.0,43693.0,20.7,1.9,65.0,30.39,9.26,15.0,514.0,3.1,0.46093237032173345
2026-01-30T14:54:49,01/30/202602:54,153.1,0.7,107.16999999999999,54.6,1.3,70.98,70.0,0.7,12.0,198.7,23103.0,43693.0,20.7,1.9,65.0,30.39,9.26,15.0,514.0,3.1,0.6623122142390595
2026-01-30T14:55:39,01/30/202602:55,153.4,0.7,107.38,54.6,1.4,76.44,76.0,0.7,12.0,198.7,23103.0,43693.0,20.7,1.9,65.0,30.39,9.26,15.0,514.0,3.1,0.711864406779661
2026-01-30T14:56:39,01/30/202602:56,151.5,0.7,106.05,54.6,1.2,65.52,65.0,0.7,13.0,198.7,23103.0,43693.0,20.7,1.9,65.0,30.39,9.26,15.0,514.0,3.1,0.6178217821782178
2026-01-30T14:57:10,01/30/202602:57,151.4,0.8,121.12,54.6,1.2,65.52,65.0,0.7,13.0,198.7,23103.0,43693.0,20.7,1.9,65.0,30.39,9.26,15.0,514.0,3.1,0.5409511228533685
2026-01-30T14:58:11,01/30/202602:58,153.4,0.5,76.7,54.6,0.6,32.76,32.0,0.7,13.0,198.7,23103.0,43693.0,20.7,1.9,65.0,30.39,9.26,15.0,514.0,3.1,0.4271186440677966
2026-01-30T14:59:12,01/30/202602:59,155.6,0.7,108.91999999999999,54.6,1.2,65.52,65.0,0.7,13.0,198.7,23103.0,43693.0,20.7,1.9,65.0,30.39,9.26,15.0,514.0,3.1,0.6015424164524422
2026-01-30T15:00:11,01/30/202603:00,154.9,0.6,92.94,54.5,0.9,49.050000000000004,49.0,0.7,13.0,198.7,23103.0,43693.0,20.7,1.9,65.0,30.39,9.26,15.0,514.0,3.1,0.52775984506133
2026-01-30T15:01:11,01/30/202603:01,153.0,0.8,122.4,54.6,1.3,70.98,70.0,0.7,13.0,198.7,23103.0,43693.0,20.7,2.0,65.0,30.39,8.89,18.0,479.0,2.9,0.5799019607843138
2026-01-30T15:02:11,01/30/202603:02,151.1,0.7,105.77,54.6,1.3,70.98,70.0,0.7,13.0,198.7,23103.0,43693.0,20.7,2.0,65.0,30.39,8.89,18.0,479.0,2.9,0.6710787557908671
2026-01-30T15:03:11,01/30/202603:03,151.9,0.7,106.33,54.6,1.3,70.98,70.0,0.7,13.0,198.7,23103.0,43693.0,20.7,2.0,65.0,30.39,8.89,18.0,479.0,2.9,0.6675444371296906
2026-01-30T15:04:11,01/30/202603:04,152.1,0.8,121.68,54.6,1.5,81.9,82.0,0.7,13.0,198.7,23103.0,43693.0,20.7,2.0,65.0,30.39,8.89,18.0,479.0,2.9,0.6730769230769231
2026-01-30T15:05:58,01/30/202603:05,151.0,0.8,120.80000000000001,54.6,1.2,65.52,65.0,0.7,13.0,198.7,23103.0,43693.0,20.7,2.0,65.0,30.39,8.89,18.0,479.0,2.9,0.5423841059602648
2026-01-30T15:06:11,01/30/202603:06,150.1,0.8,120.08,54.6,1.3,70.98,70.0,0.7,13.0,198.7,23103.0,43693.0,20.7,2.0,65.0,30.39,8.89,18.0,479.0,2.9,0.5911059293804131
2026-01-30T15:07:11,01/30/202603:07,149.3,0.7,104.51,54.6,1.2,65.52,65.0,0.7,13.0,198.7,23103.0,43693.0,20.7,2.0,65.0,30.39,8.89,18.0,479.0,2.9,0.6269256530475552
2026-01-30T15:08:11,01/30/202603:08,149.2,0.7,104.43999999999998,54.6,1.2,65.52,65.0,0.7,13.0,198.7,23103.0,43693.0,20.7,2.0,65.0,30.39,8.89,18.0,479.0,2.9,0.6273458445040215
2026-01-30T15:09:11,01/30/202603:09,149.4,0.7,104.58,54.6,0.9,49.14,49.0,0.7,13.0,198.7,23103.0,43693.0,20.7,2.0,65.0,30.39,8.89,18.0,479.0,2.9,0.46987951807228917
2026-01-30T15:10:12,01/30/202603:10,149.3,0.8,119.44000000000001,54.5,1.3,70.85000000000001,70.0,0.7,13.0,198.7,23103.0,43693.0,20.7,2.0,65.0,30.39,8.89,18.0,479.0,2.9,0.5931848626925653
2026-01-30T15:11:11,01/30/202603:11,148.7,0.7,104.08999999999999,54.6,1.3,70.98,70.0,0.7,13.0,198.7,23103.0,43693.0,20.7,2.0,65.0,30.39,8.89,18.0,479.0,2.9,0.6819098856758575
2026-01-30T15:12:11,01/30/202603:12,147.9,0.6,88.74,54.6,1.1,60.06000000000001,59.0,0.7,13.0,198.7,23103.0,43693.0,20.7,2.0,65.0,30.39,8.89,18.0,479.0,2.9,0.6768086544962815
2026-01-30T15:13:11,01/30/202603:13,147.3,0.8,117.84000000000002,54.6,1.2,65.52,65.0,0.7,13.0,198.7,23103.0,43693.0,20.7,2.0,65.0,30.39,8.89,18.0,479.0,2.9,0.556008146639511
2026-01-30T15:13:43,01/30/202603:13,147.5,0.7,103.25,54.6,1.0,54.6,54.0,0.7,13.0,198.7,23103.0,43693.0,20.7,2.0,65.0,30.39,8.89,18.0,479.0,2.9,0.5288135593220339
2026-01-30T15:14:43,01/30/202603:14,147.6,0.8,118.08,54.7,1.4,76.58,76.0,0.7,13.0,198.7,23103.0,43693.0,20.7,2.0,65.0,30.39,8.89,18.0,479.0,2.9,0.6485433604336043
2026-01-30T15:15:43,01/30/202603:15,148.4,0.7,103.88,54.6,1.2,65.52,65.0,0.7,13.0,198.7,23103.0,43693.0,20.7,2.0,64.0,30.41,9.26,20.0,442.0,2.5,0.6307277628032345
2026-01-30T15:17:07,01/30/202603:17,147.9,0.8,118.32000000000001,54.6,1.5,81.9,81.0,0.7,13.0,198.7,23103.0,43693.0,20.7,2.0,64.0,30.41,9.26,20.0,442.0,2.5,0.6921906693711968
2026-01-30T15:17:43,01/30/202603:17,147.6,0.8,118.08,54.7,1.2,65.64,65.0,0.7,13.0,198.7,23103.0,43693.0,20.7,2.0,64.0,30.41,9.26,20.0,442.0,2.5,0.5558943089430894
2026-01-30T15:17:59,01/30/202603:17,147.7,0.7,103.38999999999999,54.6,1.0,54.6,54.0,0.7,13.0,198.7,23103.0,43693.0,20.7,2.0,64.0,30.41,9.26,20.0,442.0,2.5,0.5280974949221395
2026-01-30T15:18:59,01/30/202603:18,147.6,0.7,103.32,54.5,1.2,65.39999999999999,65.0,0.7,13.0,198.7,23103.0,43693.0,20.7,2.0,64.0,30.41,9.26,20.0,442.0,2.5,0.6329849012775841
2026-01-30T15:19:59,01/30/202603:19,147.5,0.8,118.0,54.6,1.5,81.9,81.0,0.7,13.0,198.7,23103.0,43693.0,20.7,2.0,64.0,30.41,9.26,20.0,442.0,2.5,0.6940677966101695
2026-01-30T15:20:59,01/30/202603:20,147.8,0.8,118.24000000000001,54.6,1.5,81.9,81.0,0.7,13.0,198.7,23103.0,43693.0,20.7,2.0,64.0,30.41,9.26,20.0,442.0,2.5,0.69265899864682
2026-01-30T15:21:59,01/30/202603:21,149.0,0.6,89.39999999999999,54.6,0.7,38.22,38.0,0.7,13.0,198.7,23103.0,43693.0,20.7,2.0,64.0,30.41,9.26,20.0,442.0,2.5,0.42751677852348996
2026-01-30T15:22:59,01/30/202603:22,149.4,0.6,89.64,54.6,0.8,43.68000000000001,43.0,0.7,13.0,198.7,23103.0,43693.0,20.7,2.0,64.0,30.41,9.26,20.0,442.0,2.5,0.4872824631860777
2026-01-30T15:23:47,01/30/202603:23,148.7,0.7,104.08999999999999,54.6,1.3,70.98,70.0,0.7,13.0,198.7,23103.0,43693.0,20.7,2.0,64.0,30.41,9.26,20.0,442.0,2.5,0.6819098856758575
2026-01-30T15:24:47,01/30/202603:24,149.1,0.6,89.46,54.6,1.1,60.06000000000001,60.0,0.7,13.0,198.7,23103.0,43693.0,20.7,2.0,64.0,30.41,9.26,20.0,442.0,2.5,0.671361502347418
2026-01-30T15:25:48,01/30/202603:25,149.4,0.8,119.52000000000001,54.6,1.2,65.52,65.0,0.7,13.0,198.7,23103.0,43693.0,20.7,2.0,64.0,30.41,9.26,20.0,442.0,2.5,0.5481927710843373
2026-01-30T15:26:47,01/30/202603:26,149.9,0.8,119.92000000000002,54.6,1.2,65.52,65.0,0.7,13.0,198.7,23103.0,43693.0,20.7,2.0,64.0,30.41,9.26,20.0,442.0,2.5,0.5463642428285522
2026-01-30T15:28:16,01/30/202603:28,150.2,0.6,90.11999999999999,54.6,0.8,43.68000000000001,43.0,0.7,13.0,198.7,23103.0,43693.0,20.7,2.0,64.0,30.41,9.26,20.0,425.0,2.5,0.48468708388814924
2026-01-30T15:28:48,01/30/202603:28,148.8,0.7,104.16,54.6,1.4,76.44,76.0,0.7,13.0,198.7,23103.0,43693.0,20.7,1.7,64.0,30.41,8.95,13.0,425.0,2.5,0.7338709677419355
2026-01-30T15:29:47,01/30/202603:29,148.1,0.8,118.48,54.6,1.3,70.98,70.0,0.7,13.0,198.7,23103.0,43693.0,20.7,1.7,64.0,30.41,8.51,14.0,425.0,2.5,0.5990884537474679
2026-01-30T15:30:12,01/30/202603:30,147.8,0.8,118.24000000000001,54.6,1.3,70.98,70.0,0.7,13.0,198.7,23103.0,43693.0,20.7,1.7,64.0,30.41,8.51,14.0,425.0,2.5,0.6003044654939107
2026-01-30T15:31:12,01/30/202603:31,148.0,0.7,103.6,54.6,1.1,60.06000000000001,60.0,0.7,13.0,198.7,23103.0,43693.0,20.7,1.7,60.0,30.39,9.2,18.0,389.0,2.1,0.5797297297297298
2026-01-30T15:32:13,01/30/202603:32,147.4,0.7,103.17999999999999,54.6,1.1,60.06000000000001,60.0,0.7,13.0,198.7,23103.0,43693.0,20.7,1.7,60.0,30.39,9.2,18.0,389.0,2.1,0.5820895522388061
2026-01-30T15:33:12,01/30/202603:33,146.4,0.7,102.48,54.6,1.3,70.98,70.0,0.7,13.0,198.7,23103.0,43693.0,20.7,1.7,60.0,30.39,9.2,18.0,389.0,2.1,0.6926229508196722
2026-01-30T15:34:13,01/30/202603:34,146.0,0.8,116.80000000000001,54.6,1.2,65.52,65.0,0.7,13.0,198.7,23103.0,43693.0,20.7,1.7,60.0,30.39,9.2,18.0,389.0,2.1,0.5609589041095889
2026-01-30T15:35:13,01/30/202603:35,146.6,0.7,102.61999999999999,54.6,1.0,54.6,54.0,0.7,13.0,198.7,23103.0,43693.0,20.7,1.7,60.0,30.39,9.2,18.0,389.0,2.1,0.5320600272851297
2026-01-30T15:36:13,01/30/202603:36,145.7,0.7,101.98999999999998,54.6,1.2,65.52,65.0,0.7,13.0,198.7,23103.0,43693.0,20.7,1.7,60.0,30.39,9.2,18.0,389.0,2.1,0.6424159231297187
2026-01-30T15:37:13,01/30/202603:37,145.6,0.7,101.91999999999999,54.6,1.3,70.98,70.0,0.7,13.0,198.7,23103.0,43693.0,20.7,1.7,60.0,30.39,9.2,18.0,389.0,2.1,0.6964285714285715
2026-01-30T15:38:13,01/30/202603:38,146.8,0.7,102.76,54.6,1.0,54.6,54.0,0.7,13.0,198.7,23103.0,43693.0,20.7,1.7,60.0,30.39,9.2,18.0,389.0,2.1,0.5313351498637602
2026-01-30T15:39:26,01/30/202603:39,146.3,0.8,117.04000000000002,54.5,1.3,70.85000000000001,71.0,0.7,13.0,198.7,23103.0,43693.0,20.7,1.7,60.0,30.39,9.2,18.0,389.0,2.1,0.6053485987696514
2026-01-30T15:39:44,01/30/202603:39,146.3,0.8,117.04000000000002,54.6,1.4,76.44,76.0,0.7,13.0,198.7,23103.0,43693.0,20.7,1.7,60.0,30.39,9.2,18.0,389.0,2.1,0.6531100478468899
2026-01-30T15:41:45,01/30/202603:41,147.2,0.7,103.03999999999999,54.6,1.2,65.52,65.0,0.7,13.0,198.7,23103.0,43693.0,20.7,1.7,60.0,30.39,9.2,18.0,389.0,2.1,0.6358695652173914
2026-01-30T15:42:45,01/30/202603:42,147.9,0.7,103.53,54.6,1.1,60.06000000000001,60.0,0.7,13.0,198.7,23103.0,43693.0,20.7,1.7,60.0,30.39,9.2,18.0,389.0,2.1,0.5801217038539555
2026-01-30T15:43:45,01/30/202603:43,148.1,0.7,103.66999999999999,54.6,1.1,60.06000000000001,60.0,0.7,13.0,198.7,23103.0,43693.0,20.7,1.7,60.0,30.39,9.2,18.0,389.0,2.1,0.5793382849426065
2026-01-30T15:43:49,01/30/202603:43,148.2,0.7,103.73999999999998,54.6,1.1,60.06000000000001,60.0,0.7,13.0,198.7,23103.0,43693.0,20.7,1.7,60.0,30.39,9.2,18.0,389.0,2.1,0.5789473684210529
2026-01-30T15:44:50,01/30/202603:44,147.9,0.7,103.53,54.6,1.3,70.98,70.0,0.7,13.0,198.7,23103.0,43693.0,20.7,1.7,60.0,30.39,9.2,18.0,389.0,2.1,0.6855983772819473
2026-01-30T15:45:49,01/30/202603:45,148.4,0.6,89.04,54.6,1.1,60.06000000000001,60.0,0.7,13.0,198.7,23103.0,43693.0,20.7,1.6,60.0,30.39,9.76,20.0,325.0,1.7,0.6745283018867925
2026-01-30T15:46:49,01/30/202603:46,148.6,0.7,104.02,54.6,1.1,60.06000000000001,60.0,0.7,14.0,198.7,23103.0,43693.0,20.7,1.6,60.0,30.39,9.76,20.0,325.0,1.7,0.5773889636608346
2026-01-30T15:47:50,01/30/202603:47,148.7,0.7,104.08999999999999,54.6,1.1,60.06000000000001,60.0,0.7,14.0,198.7,23103.0,43693.0,20.7,1.6,60.0,30.39,9.76,20.0,325.0,1.7,0.5770006724949565
2026-01-30T15:48:49,01/30/202603:48,148.7,0.7,104.08999999999999,54.6,1.3,70.98,70.0,0.7,14.0,198.7,23103.0,43693.0,20.7,1.6,60.0,30.39,9.76,20.0,325.0,1.7,0.6819098856758575
2026-01-30T15:50:35,01/30/202603:50,149.6,0.7,104.71999999999998,54.6,1.2,65.52,65.0,0.7,14.0,198.7,23103.0,43693.0,20.7,1.6,60.0,30.39,9.76,20.0,325.0,1.7,0.625668449197861
2026-01-30T15:50:49,01/30/202603:50,150.0,0.6,90.0,54.6,1.0,54.6,54.0,0.7,14.0,198.7,23103.0,43693.0,20.8,1.6,60.0,30.39,9.76,20.0,325.0,1.7,0.6066666666666667
2026-01-30T15:51:50,01/30/202603:51,149.9,0.7,104.92999999999999,54.6,1.0,54.6,54.0,0.7,14.0,198.7,23103.0,43693.0,20.8,1.6,60.0,30.39,9.76,20.0,325.0,1.7,0.5203468979319547
2026-01-30T15:52:02,01/30/202603:52,149.7,0.8,119.75999999999999,54.6,1.2,65.52,65.0,0.7,14.0,198.7,23103.0,43693.0,20.7,1.6,60.0,30.39,9.76,20.0,325.0,1.7,0.5470941883767535
2026-01-30T15:53:03,01/30/202603:53,150.0,0.7,105.0,54.6,1.2,65.52,65.0,0.7,14.0,198.7,23103.0,43693.0,20.7,1.6,60.0,30.39,9.76,20.0,325.0,1.7,0.624
2026-01-30T15:54:01,01/30/202603:54,150.1,0.7,105.07,54.6,1.2,65.52,65.0,0.7,14.0,198.7,23103.0,43693.0,20.7,1.6,60.0,30.39,9.76,20.0,325.0,1.7,0.6235842771485677
2026-01-30T15:55:02,01/30/202603:55,150.7,0.7,105.48999999999998,54.6,1.1,60.06000000000001,60.0,0.7,14.0,198.7,23103.0,43693.0,20.7,1.6,60.0,30.39,9.76,20.0,325.0,1.7,0.5693430656934308
2026-01-30T15:56:01,01/30/202603:56,152.0,0.7,106.39999999999999,54.6,1.0,54.6,54.0,0.7,14.0,198.7,23103.0,43693.0,20.8,1.6,60.0,30.39,9.76,20.0,325.0,1.7,0.5131578947368421
2026-01-30T15:57:02,01/30/202603:57,152.5,0.6,91.5,54.6,1.0,54.6,54.0,0.7,14.0,198.7,23103.0,43693.0,20.7,1.6,60.0,30.39,9.76,20.0,325.0,1.7,0.5967213114754099
2026-01-30T15:58:02,01/30/202603:58,152.3,0.7,106.61,54.6,1.2,65.52,65.0,0.7,14.0,198.7,23103.0,43693.0,20.7,1.6,60.0,30.39,9.76,20.0,325.0,1.7,0.6145764937623112
2026-01-30T15:59:02,01/30/202603:59,153.0,0.7,107.1,54.6,1.2,65.52,65.0,0.7,14.0,198.7,23103.0,43693.0,20.7,1.6,60.0,30.39,9.76,20.0,325.0,1.7,0.611764705882353
2026-01-30T16:00:02,01/30/202604:00,152.9,0.7,107.03,54.6,0.9,49.14,49.0,0.7,14.0,198.7,23103.0,43693.0,20.8,1.6,60.0,30.39,9.76,20.0,325.0,1.7,0.4591236102027469
2026-01-30T16:01:44,01/30/202604:01,152.8,0.7,106.96000000000001,54.6,1.0,54.6,54.0,0.7,14.0,198.7,23103.0,43693.0,20.7,1.5,60.0,30.39,10.38,19.0,253.0,1.4,0.5104712041884817
2026-01-30T16:02:02,01/30/202604:02,153.3,0.7,107.31,54.6,1.2,65.52,65.0,0.7,14.0,198.7,23103.0,43693.0,20.7,1.5,60.0,30.39,10.38,19.0,253.0,1.4,0.6105675146771037
2026-01-30T16:03:03,01/30/202604:03,153.5,0.7,107.44999999999999,54.6,1.1,60.06000000000001,60.0,0.7,14.0,198.7,23103.0,43693.0,20.7,1.5,60.0,30.39,10.38,19.0,253.0,1.4,0.5589576547231272
2026-01-30T16:04:03,01/30/202604:04,153.9,0.7,107.73,54.6,1.1,60.06000000000001,54.0,0.7,14.0,198.7,23103.0,43693.0,20.7,1.5,60.0,30.39,10.38,19.0,253.0,1.4,0.5575048732943471
2026-01-30T16:05:02,01/30/202604:05,154.4,0.7,108.08,54.6,1.2,65.52,65.0,0.7,14.0,198.7,23103.0,43693.0,20.7,1.5,60.0,30.39,10.38,19.0,253.0,1.4,0.6062176165803108
2026-01-30T16:06:02,01/30/202604:06,157.7,0.6,94.61999999999999,54.6,1.1,60.06000000000001,60.0,0.7,14.0,198.7,23103.0,43693.0,20.7,1.5,60.0,30.39,10.38,19.0,253.0,1.4,0.6347495244134435
2026-01-30T16:07:03,01/30/202604:07,155.8,0.7,109.06,54.6,1.2,65.52,65.0,0.7,14.0,198.7,23103.0,43693.0,20.7,1.5,60.0,30.39,10.38,19.0,253.0,1.4,0.6007702182284981
2026-01-30T16:08:02,01/30/202604:08,153.8,0.7,107.66,54.6,1.1,60.06000000000001,60.0,0.7,14.0,198.7,23103.0,43693.0,20.7,1.5,60.0,30.39,10.38,19.0,253.0,1.4,0.5578673602080625
2026-01-30T16:09:03,01/30/202604:09,155.2,0.8,124.16,54.6,1.3,70.98,70.0,0.7,14.0,198.7,23103.0,43693.0,20.8,1.5,60.0,30.39,10.38,19.0,253.0,1.4,0.5716817010309279
2026-01-30T16:10:02,01/30/202604:10,153.7,0.7,107.58999999999999,54.6,1.2,65.52,65.0,0.7,14.0,198.7,23103.0,43693.0,20.7,1.5,60.0,30.39,10.38,19.0,253.0,1.4,0.608978529603123
2026-01-30T16:11:02,01/30/202604:11,154.8,0.6,92.88000000000001,54.6,0.9,49.14,49.0,0.7,14.0,198.7,23103.0,43693.0,20.7,1.5,60.0,30.39,10.38,19.0,253.0,1.4,0.5290697674418604
2026-01-30T16:12:53,01/30/202604:12,146.1,0.8,116.88,54.6,1.3,70.98,70.0,0.7,14.0,198.7,23103.0,43693.0,20.7,1.5,60.0,30.39,10.38,19.0,253.0,1.4,0.6072895277207393
2026-01-30T16:13:02,01/30/202604:13,145.1,0.7,101.57,54.6,1.1,60.06000000000001,60.0,0.7,14.0,198.7,23103.0,43693.0,20.7,1.5,60.0,30.39,10.38,19.0,253.0,1.4,0.5913163335630601
2026-01-30T16:15:03,01/30/202604:15,143.6,0.7,100.52,54.6,1.3,70.98,70.0,0.7,14.0,198.7,23103.0,43693.0,20.7,1.5,60.0,30.39,10.38,19.0,253.0,1.4,0.7061281337047355
2026-01-30T16:16:02,01/30/202604:16,143.4,0.7,100.38,54.6,1.1,60.06000000000001,60.0,0.7,14.0,198.7,23103.0,43693.0,20.7,1.4,61.0,30.41,11.06,18.0,223.0,1.1,0.5983263598326362
2026-01-30T16:17:02,01/30/202604:17,143.1,0.7,100.16999999999999,54.6,1.1,60.06000000000001,60.0,0.7,14.0,198.7,23103.0,43693.0,20.7,1.4,61.0,30.41,11.06,18.0,223.0,1.1,0.5995807127882601
2026-01-30T16:18:03,01/30/202604:18,142.3,0.7,99.61,54.6,1.2,65.52,65.0,0.7,14.0,198.7,23103.0,43693.0,20.7,1.4,61.0,30.41,11.06,18.0,223.0,1.1,0.6577652846099789
2026-01-30T16:19:02,01/30/202604:19,140.9,0.8,112.72000000000001,54.6,1.3,70.98,70.0,0.7,14.0,198.7,23103.0,43693.0,20.7,1.4,61.0,30.41,11.06,18.0,223.0,1.1,0.6297019162526615
2026-01-30T16:20:02,01/30/202604:20,141.5,0.8,113.2,54.6,1.2,65.52,65.0,0.7,14.0,198.7,23103.0,43693.0,20.7,1.4,61.0,30.41,11.06,18.0,223.0,1.1,0.5787985865724381
2026-01-30T16:21:03,01/30/202604:21,141.7,0.7,99.18999999999998,54.6,1.2,65.52,65.0,0.7,14.0,198.7,23103.0,43693.0,20.7,1.4,61.0,30.41,11.06,18.0,223.0,1.1,0.6605504587155964
2026-01-30T16:21:06,01/30/202604:21,141.4,0.8,113.12,54.6,1.2,65.52,65.0,0.7,14.0,198.7,23103.0,43693.0,20.7,1.4,61.0,30.41,11.06,18.0,223.0,1.1,0.5792079207920792
2026-01-30T16:22:06,01/30/202604:22,142.2,0.7,99.53999999999999,54.6,1.0,54.6,54.0,0.7,14.0,198.7,23103.0,43693.0,20.7,1.4,61.0,30.41,11.06,18.0,223.0,1.1,0.5485232067510549
2026-01-30T16:24:02,01/30/202604:24,140.5,0.7,98.35,54.7,1.1,60.17000000000001,60.0,0.7,14.0,198.7,23103.0,43693.0,20.7,1.4,61.0,30.41,11.06,18.0,223.0,1.1,0.6117946110828675
2026-01-30T16:24:06,01/30/202604:24,138.4,0.8,110.72000000000001,54.6,1.1,60.06000000000001,60.0,0.7,14.0,198.7,23103.0,43693.0,20.7,1.4,61.0,30.41,11.06,18.0,223.0,1.1,0.542449421965318
2026-01-30T16:25:06,01/30/202604:25,139.3,0.8,111.44000000000001,54.6,1.1,60.06000000000001,60.0,0.8,14.0,198.7,23103.0,43693.0,20.7,1.4,61.0,30.41,11.06,18.0,223.0,1.1,0.5389447236180904
2026-01-30T16:26:06,01/30/202604:26,138.5,0.7,96.94999999999999,54.6,1.1,60.06000000000001,60.0,0.8,14.0,198.7,23103.0,43693.0,20.7,1.4,61.0,30.41,11.06,18.0,223.0,1.1,0.6194945848375453
2026-01-30T16:27:05,01/30/202604:27,140.5,0.6,84.3,54.6,1.0,54.6,54.0,0.8,14.0,198.7,23103.0,43693.0,20.7,1.4,61.0,30.41,11.06,18.0,223.0,1.1,0.6476868327402135
2026-01-30T16:28:06,01/30/202604:28,135.3,0.8,108.24000000000001,54.6,1.3,70.98,70.0,0.8,14.0,198.7,23103.0,43693.0,20.7,0.8,61.0,30.41,11.0,17.0,234.0,1.1,0.6557649667405765
2026-01-30T16:29:05,01/30/202604:29,129.9,0.8,103.92000000000002,54.6,1.1,60.06000000000001,60.0,0.8,14.0,198.7,23103.0,43693.0,20.7,0.8,61.0,30.41,11.0,17.0,234.0,1.1,0.5779445727482679
2026-01-30T16:30:06,01/30/202604:30,130.0,0.8,104.0,54.6,1.2,65.52,65.0,0.8,14.0,198.7,23103.0,43693.0,20.7,0.8,61.0,30.41,11.62,16.0,234.0,1.1,0.63
2026-01-30T16:31:06,01/30/202604:31,129.7,0.7,90.78999999999999,54.6,1.2,65.52,65.0,0.8,14.0,198.7,23103.0,43693.0,20.7,0.5,62.0,30.41,10.94,15.0,178.0,0.9,0.7216653816499615
2026-01-30T16:32:05,01/30/202604:32,129.2,0.8,103.36,54.6,1.2,65.52,65.0,0.8,14.0,198.7,23103.0,43693.0,20.7,0.5,62.0,30.41,10.94,15.0,178.0,0.9,0.6339009287925697
2026-01-30T16:33:05,01/30/202604:33,129.2,0.8,103.36,54.6,1.3,70.98,70.0,0.8,14.0,198.7,23103.0,43693.0,20.7,0.5,65.0,30.41,10.94,15.0,178.0,0.9,0.6867260061919505
2026-01-30T16:35:11,01/30/202604:35,129.7,0.8,103.75999999999999,54.6,1.1,60.06000000000001,60.0,0.8,14.0,198.7,23103.0,43693.0,20.7,0.5,65.0,30.41,10.94,15.0,178.0,0.9,0.5788357748650734
2026-01-30T16:36:06,01/30/202604:36,129.4,0.7,90.58,54.4,1.1,59.84,59.0,0.8,14.0,198.7,23103.0,43693.0,20.7,0.5,65.0,30.41,10.94,15.0,178.0,0.9,0.6606314859792449
2026-01-30T16:37:06,01/30/202604:37,129.3,0.6,77.58,54.5,1.1,59.95,59.0,0.8,14.0,198.7,23103.0,43693.0,20.7,0.5,65.0,30.41,10.94,15.0,178.0,0.9,0.7727507089456046
2026-01-30T16:38:06,01/30/202604:38,129.2,0.7,90.43999999999998,54.4,1.2,65.28,65.0,0.8,14.0,198.7,23103.0,43693.0,20.7,0.5,65.0,30.41,10.94,15.0,178.0,0.9,0.7218045112781957
2026-01-30T16:39:06,01/30/202604:39,129.1,0.8,103.28,54.3,1.1,59.730000000000004,59.0,0.8,15.0,198.7,23103.0,43693.0,20.7,0.5,65.0,30.41,10.94,15.0,178.0,0.9,0.5783307513555384
2026-01-30T16:40:06,01/30/202604:40,129.2,0.8,103.36,54.4,1.1,59.84,59.0,0.8,15.0,198.7,23103.0,43693.0,20.7,0.5,65.0,30.41,10.94,15.0,178.0,0.9,0.5789473684210527
2026-01-30T16:41:06,01/30/202604:41,129.1,0.7,90.36999999999999,54.4,1.1,59.84,59.0,0.8,15.0,198.7,23103.0,43693.0,20.7,0.5,65.0,30.41,10.94,15.0,178.0,0.9,0.6621666482239682
2026-01-30T16:42:06,01/30/202604:42,129.7,0.6,77.82,54.3,1.0,54.3,54.0,0.8,15.0,198.7,23103.0,43693.0,20.7,0.5,65.0,30.41,10.94,15.0,178.0,0.9,0.6977640709329221
2026-01-30T16:43:05,01/30/202604:43,129.5,0.5,64.75,54.2,0.9,48.78,48.0,0.8,15.0,198.7,23103.0,43693.0,20.7,0.5,65.0,30.41,10.94,15.0,178.0,0.9,0.7533590733590734
2026-01-30T16:44:06,01/30/202604:44,123.5,0.6,74.1,54.2,0.6,32.52,32.0,0.8,15.0,198.7,23103.0,43693.0,20.7,0.5,65.0,30.41,10.94,15.0,178.0,0.9,0.4388663967611337
2026-01-30T16:45:06,01/30/202604:45,123.6,0.6,74.16,54.1,0.6,32.46,32.0,0.8,15.0,198.7,23103.0,43693.0,20.7,0.5,65.0,30.41,10.94,15.0,178.0,0.9,0.43770226537216833
2026-01-30T16:46:20,01/30/202604:46,123.5,0.6,74.1,54.1,0.7,37.87,37.0,0.8,15.0,198.7,23103.0,43693.0,20.7,0.4,64.0,30.44,10.69,16.0,110.0,0.7,0.5110661268556006
2026-01-30T16:47:06,01/30/202604:47,110.7,0.4,44.28,54.1,0.8,43.28,43.0,0.8,15.0,198.7,23103.0,43693.0,20.7,0.4,64.0,30.44,10.69,16.0,110.0,0.7,0.9774164408310749
2026-01-30T16:48:06,01/30/202604:48,110.6,0.5,55.3,54.1,0.8,43.28,43.0,0.8,15.0,198.7,23103.0,43693.0,20.7,0.4,64.0,30.44,10.69,16.0,110.0,0.7,0.7826401446654612
2026-01-30T16:49:06,01/30/202604:49,110.7,0.5,55.35,54.1,0.8,43.28,43.0,0.8,15.0,198.7,23103.0,43693.0,20.7,0.4,64.0,30.44,10.69,16.0,110.0,0.7,0.78193315266486
2026-01-30T16:50:06,01/30/202604:50,95.8,0.5,47.9,54.1,0.7,37.87,37.0,0.8,15.0,198.7,23103.0,43693.0,20.7,0.4,64.0,30.44,10.69,16.0,110.0,0.7,0.7906054279749478
2026-01-30T16:51:07,01/30/202604:51,95.8,0.5,47.9,54.1,0.6,32.46,32.0,0.8,15.0,198.7,23103.0,43693.0,20.7,0.4,64.0,30.44,10.69,16.0,110.0,0.7,0.6776617954070981
2026-01-30T16:52:06,01/30/202604:52,95.7,0.6,57.42,54.1,0.4,21.64,21.0,0.8,15.0,198.7,23103.0,43693.0,20.7,0.4,64.0,30.44,10.69,16.0,110.0,0.7,0.37687216997561823
2026-01-30T16:53:06,01/30/202604:53,102.3,0.5,51.15,54.2,0.6,32.52,32.0,0.8,15.0,198.7,23103.0,43693.0,20.7,0.4,64.0,30.44,10.69,16.0,110.0,0.7,0.6357771260997068
2026-01-30T16:55:06,01/30/202604:55,102.2,0.5,51.1,54.1,0.6,32.46,32.0,0.8,15.0,198.7,23103.0,43693.0,20.8,0.4,64.0,30.44,10.69,16.0,110.0,0.7,0.635225048923679
2026-01-30T16:56:06,01/30/202604:56,106.6,0.4,42.64,54.0,0.4,21.6,21.0,0.8,15.0,198.7,23103.0,43693.0,20.7,0.4,64.0,30.44,10.69,16.0,110.0,0.7,0.5065666041275798
2026-01-30T16:57:30,01/30/202604:57,106.5,0.3,31.95,54.0,0.4,21.6,21.0,0.8,15.0,198.7,23103.0,43693.0,20.7,0.4,64.0,30.44,10.69,16.0,110.0,0.7,0.6760563380281691
2026-01-30T16:58:06,01/30/202604:58,106.4,0.3,31.92,54.0,0.4,21.6,21.0,0.8,15.0,198.7,23103.0,43693.0,20.7,0.4,64.0,30.44,10.69,16.0,110.0,0.7,0.6766917293233082
2026-01-30T16:59:06,01/30/202604:59,95.3,0.4,38.12,53.9,0.4,21.560000000000002,21.0,0.8,15.0,198.7,23103.0,43693.0,20.7,0.4,64.0,30.44,10.69,16.0,110.0,0.7,0.5655823714585521
2026-01-30T17:00:06,01/30/202605:00,95.2,0.4,38.080000000000005,53.8,0.4,21.52,21.0,0.8,15.0,198.7,23103.0,43693.0,20.7,0.4,64.0,30.44,10.69,16.0,110.0,0.7,0.565126050420168
2026-01-30T17:01:06,01/30/202605:01,95.1,0.4,38.04,53.8,0.4,21.52,21.0,0.8,15.0,198.7,23103.0,43693.0,20.7,0.4,63.0,30.44,10.75,21.0,65.0,0.6,0.5657202944269191
2026-01-30T17:02:06,01/30/202605:02,90.8,0.3,27.24,53.8,0.3,16.139999999999997,16.0,0.8,15.0,198.7,23103.0,43693.0,20.7,0.4,63.0,30.44,10.75,21.0,65.0,0.6,0.592511013215859
2026-01-30T17:03:06,01/30/202605:03,142.1,0.0,0.0,53.7,0.0,0.0,0.0,0.8,15.0,198.7,23103.0,43693.0,20.7,0.4,63.0,30.44,10.75,21.0,65.0,0.6,
2026-01-30T17:04:06,01/30/202605:04,64.0,0.3,19.2,53.6,0.3,16.08,16.0,0.8,15.0,198.7,23103.0,43693.0,20.7,0.4,63.0,30.44,10.75,21.0,65.0,0.6,0.8374999999999999
2026-01-30T17:05:07,01/30/202605:05,141.3,0.0,0.0,53.6,0.0,0.0,0.0,0.8,15.0,198.7,23103.0,43693.0,20.7,0.4,63.0,30.44,10.75,21.0,65.0,0.6,
2026-01-30T17:05:34,01/30/202605:05,141.0,0.0,0.0,53.5,0.0,0.0,0.0,0.8,15.0,198.7,23103.0,43693.0,20.7,0.4,63.0,30.44,10.75,21.0,65.0,0.6,
2026-01-30T17:06:35,01/30/202605:06,140.6,0.0,0.0,53.4,0.0,0.0,0.0,0.8,15.0,198.7,23103.0,43693.0,20.8,0.4,63.0,30.44,10.75,21.0,65.0,0.6,
2026-01-30T17:08:39,01/30/202605:08,140.1,0.0,0.0,53.3,0.0,0.0,0.0,0.8,15.0,198.7,23103.0,43693.0,20.8,0.4,63.0,30.44,10.75,21.0,65.0,0.6,
2026-01-30T17:09:34,01/30/202605:09,139.5,0.0,0.0,53.3,0.0,0.0,0.0,0.8,15.0,198.7,23103.0,43693.0,20.7,0.4,63.0,30.44,10.75,21.0,65.0,0.6,
2026-01-30T17:10:34,01/30/202605:10,138.7,0.0,0.0,53.3,0.0,0.0,0.0,0.8,15.0,198.7,23103.0,43693.0,20.8,0.4,63.0,30.44,10.75,21.0,65.0,0.6,
2026-01-30T17:11:35,01/30/202605:11,137.7,0.0,0.0,53.1,0.0,0.0,0.0,0.8,15.0,198.7,23103.0,43693.0,20.7,0.4,63.0,30.44,10.75,21.0,65.0,0.6,
2026-01-30T17:12:34,01/30/202605:12,136.9,0.0,0.0,53.1,0.1,5.3100000000000005,5.0,0.8,15.0,198.7,23103.0,43693.0,20.7,0.4,63.0,30.44,10.75,21.0,65.0,0.6,
2026-01-30T17:13:34,01/30/202605:13,136.6,0.0,0.0,53.0,0.0,0.0,0.0,0.8,15.0,198.7,23103.0,43693.0,20.8,0.4,63.0,30.44,10.75,21.0,65.0,0.6,
2026-01-30T17:14:35,01/30/202605:14,136.4,0.0,0.0,53.0,0.0,0.0,0.0,0.8,15.0,198.7,23103.0,43693.0,20.8,0.4,63.0,30.44,10.75,21.0,65.0,0.6,
2026-01-30T17:15:34,01/30/202605:15,136.2,0.0,0.0,52.9,0.0,0.0,0.0,0.8,15.0,198.7,23103.0,43693.0,20.8,0.4,63.0,30.44,10.75,21.0,65.0,0.6,
2026-01-30T17:16:34,01/30/202605:16,126.1,0.0,0.0,53.0,0.0,0.0,0.0,0.8,15.0,198.7,23103.0,43693.0,20.7,0.3,63.0,30.47,10.69,20.0,39.0,0.4,
2026-01-30T17:17:35,01/30/202605:17,135.9,0.0,0.0,52.9,0.0,0.0,0.0,0.8,15.0,198.7,23103.0,43693.0,20.8,0.3,63.0,30.47,10.69,20.0,39.0,0.4,
2026-01-30T17:18:34,01/30/202605:18,130.4,0.0,0.0,52.9,0.0,0.0,0.0,0.8,15.0,198.7,23103.0,43693.0,20.8,0.3,63.0,30.47,10.69,20.0,39.0,0.4,
2026-01-30T17:19:48,01/30/202605:19,135.8,0.0,0.0,52.8,0.0,0.0,0.0,0.8,15.0,198.7,23103.0,43693.0,20.8,0.3,63.0,30.47,10.69,20.0,39.0,0.4,
2026-01-30T17:20:34,01/30/202605:20,134.5,0.0,0.0,52.8,0.0,0.0,0.0,0.8,15.0,198.7,23103.0,43693.0,20.8,0.3,63.0,30.47,10.69,20.0,39.0,0.4,
2026-01-30T17:21:34,01/30/202605:21,135.5,0.0,0.0,52.8,0.0,0.0,0.0,0.8,15.0,198.7,23103.0,43693.0,20.8,0.3,63.0,30.47,10.69,20.0,39.0,0.4,
2026-01-30T17:22:35,01/30/202605:22,135.7,0.0,0.0,52.8,0.0,0.0,0.0,0.8,15.0,198.7,23103.0,43693.0,20.8,0.3,63.0,30.47,10.69,20.0,39.0,0.4,
2026-01-30T17:23:34,01/30/202605:23,136.1,0.0,0.0,52.7,0.0,0.0,0.0,0.8,15.0,198.7,23103.0,43693.0,20.8,0.3,63.0,30.47,10.69,20.0,39.0,0.4,
2026-01-30T17:23:47,01/30/202605:23,136.3,0.0,0.0,52.7,0.0,0.0,0.0,0.8,15.0,198.7,23103.0,43693.0,20.8,0.3,63.0,30.47,10.69,20.0,39.0,0.4,
2026-01-30T17:24:47,01/30/202605:24,136.5,0.0,0.0,52.7,0.0,0.0,0.0,0.8,15.0,198.7,23103.0,43693.0,20.8,0.3,63.0,30.47,10.69,20.0,39.0,0.4,
2026-01-30T17:25:38,01/30/202605:25,134.0,0.0,0.0,52.6,0.0,0.0,0.0,0.8,15.0,198.7,23103.0,43693.0,20.8,0.3,63.0,30.47,10.69,20.0,39.0,0.4,
2026-01-30T17:26:39,01/30/202605:26,135.9,0.0,0.0,52.6,0.0,0.0,0.0,0.8,15.0,198.7,23103.0,43693.0,20.8,0.3,63.0,30.47,10.69,20.0,39.0,0.6,
2026-01-30T17:27:38,01/30/202605:27,135.1,0.0,0.0,52.6,0.0,0.0,0.0,0.8,15.0,198.7,23103.0,43693.0,20.8,0.3,63.0,30.47,10.69,20.0,39.0,0.6,
2026-01-30T17:28:38,01/30/202605:28,135.0,0.0,0.0,52.6,0.0,0.0,0.0,0.8,15.0,198.7,23103.0,43693.0,20.8,0.0,63.0,30.47,11.0,24.0,44.0,0.6,
2026-01-30T17:29:39,01/30/202605:29,134.3,0.0,0.0,52.6,0.0,0.0,0.0,0.8,15.0,198.7,23103.0,43693.0,20.8,0.0,63.0,30.47,10.81,24.0,44.0,0.6,
2026-01-30T17:30:57,01/30/202605:30,133.9,0.0,0.0,52.5,0.0,0.0,0.0,0.8,15.0,198.7,23103.0,43693.0,20.8,0.0,63.0,30.47,10.81,24.0,44.0,0.6,
2026-01-30T17:31:39,01/30/202605:31,133.4,0.0,0.0,52.5,0.0,0.0,0.0,0.8,15.0,198.7,23103.0,43693.0,20.8,0.0,65.0,30.44,10.38,25.0,24.0,0.4,
2026-01-30T17:32:38,01/30/202605:32,133.0,0.0,0.0,52.4,0.0,0.0,0.0,0.8,15.0,198.7,23103.0,43693.0,20.8,0.0,65.0,30.44,10.38,25.0,24.0,0.4,
2026-01-30T17:33:38,01/30/202605:33,132.4,0.0,0.0,52.4,0.0,0.0,0.0,0.8,15.0,198.7,23103.0,43693.0,20.8,0.0,65.0,30.44,10.38,25.0,24.0,0.4,
2026-01-30T17:34:39,01/30/202605:34,132.1,0.0,0.0,52.5,0.0,0.0,0.0,0.8,15.0,198.7,23103.0,43693.0,20.8,0.0,65.0,30.44,10.38,25.0,24.0,0.4,
2026-01-30T17:35:38,01/30/202605:35,131.7,0.0,0.0,52.4,0.0,0.0,0.0,0.8,15.0,198.7,23103.0,43693.0,20.8,0.0,65.0,30.44,10.38,25.0,24.0,0.4,
2026-01-30T17:36:39,01/30/202605:36,131.1,0.0,0.0,52.4,0.0,0.0,0.0,0.8,15.0,198.7,23103.0,43693.0,20.8,0.0,65.0,30.44,10.38,25.0,24.0,0.4,
2026-01-30T17:37:39,01/30/202605:37,130.9,0.0,0.0,52.4,0.0,0.0,0.0,0.8,15.0,198.7,23103.0,43693.0,20.8,0.0,65.0,30.44,10.38,25.0,24.0,0.4,
2026-01-30T17:38:38,01/30/202605:38,130.0,0.0,0.0,52.3,0.1,5.23,5.0,0.8,15.0,198.7,23103.0,43693.0,20.8,0.0,65.0,30.44,10.38,25.0,24.0,0.4,
2026-01-30T17:39:38,01/30/202605:39,129.2,0.0,0.0,52.3,0.0,0.0,0.0,0.8,15.0,198.7,23103.0,43693.0,20.8,0.0,65.0,30.44,10.38,25.0,24.0,0.4,
2026-01-30T17:40:39,01/30/202605:40,128.4,0.0,0.0,52.3,0.0,0.0,0.0,0.8,15.0,198.7,23103.0,43693.0,20.8,0.0,65.0,30.44,10.38,25.0,24.0,0.4,
2026-01-30T17:42:06,01/30/202605:42,127.5,0.0,0.0,52.2,0.0,0.0,0.0,0.8,15.0,198.7,23103.0,43693.0,20.8,0.0,65.0,30.44,10.38,25.0,24.0,0.4,
2026-01-30T17:42:39,01/30/202605:42,125.5,0.0,0.0,52.2,0.0,0.0,0.0,0.8,15.0,198.7,23103.0,43693.0,20.8,0.0,65.0,30.44,10.38,25.0,24.0,0.4,
2026-01-30T17:43:38,01/30/202605:43,122.9,0.0,0.0,52.3,0.0,0.0,0.0,0.8,15.0,198.7,23103.0,43693.0,20.8,0.0,65.0,30.44,10.38,25.0,24.0,0.4,
2026-01-30T17:44:38,01/30/202605:44,101.9,0.0,0.0,52.2,0.0,0.0,0.0,0.8,15.0,198.7,23103.0,43693.0,20.8,0.0,65.0,30.44,10.38,25.0,24.0,0.4,
2026-01-30T17:45:39,01/30/202605:45,117.7,0.0,0.0,52.2,0.0,0.0,0.0,0.8,15.0,198.7,23103.0,43693.0,20.8,0.0,65.0,30.44,11.0,24.0,8.0,0.3,
2026-01-30T17:46:38,01/30/202605:46,90.9,0.0,0.0,52.2,0.0,0.0,0.0,0.8,15.0,198.7,23103.0,43693.0,20.8,0.0,65.0,30.44,11.0,24.0,8.0,0.3,
2026-01-30T17:47:39,01/30/202605:47,101.4,0.0,0.0,52.2,0.0,0.0,0.0,0.8,15.0,198.7,23103.0,43693.0,20.8,0.0,65.0,30.44,11.0,24.0,8.0,0.3,
2026-01-30T17:47:50,01/30/202605:47,100.6,0.0,0.0,52.1,0.0,0.0,0.0,0.8,15.0,198.7,23103.0,43693.0,20.8,0.0,65.0,30.44,11.0,24.0,8.0,0.3,
2026-01-30T17:48:51,01/30/202605:48,81.9,0.0,0.0,52.2,0.0,0.0,0.0,0.8,15.0,198.7,23103.0,43693.0,20.9,0.0,65.0,30.44,11.0,24.0,8.0,0.3,
2026-01-30T17:49:51,01/30/202605:49,53.0,0.0,0.0,52.1,0.0,0.0,0.0,0.8,15.0,198.7,23103.0,43693.0,20.8,0.0,65.0,30.44,11.0,24.0,8.0,0.3,
2026-01-30T17:53:16,01/30/202605:53,53.0,0.0,0.0,52.1,0.0,0.0,0.0,0.8,15.0,198.7,23103.0,43693.0,20.8,0.0,65.0,30.44,11.0,24.0,8.0,0.3,
2026-01-30T17:54:35,01/30/202605:54,52.9,0.0,0.0,52.1,0.0,0.0,0.0,0.8,15.0,198.7,23103.0,43693.0,20.8,0.0,65.0,30.44,11.0,24.0,8.0,0.3,
2026-01-30T17:56:36,01/30/202605:56,53.0,0.0,0.0,52.1,0.0,0.0,0.0,0.8,15.0,198.7,23103.0,43693.0,20.8,0.0,65.0,30.44,11.0,24.0,8.0,0.3,
2026-01-30T17:58:35,01/30/202605:58,52.9,0.0,0.0,52.0,0.0,0.0,0.0,0.8,15.0,198.7,23103.0,43693.0,20.8,0.0,65.0,30.44,11.0,24.0,8.0,0.3,
2026-01-30T18:00:35,01/30/202606:00,52.9,0.0,0.0,52.1,0.0,0.0,0.0,0.8,15.0,198.7,23103.0,43693.0,20.8,0.0,65.0,30.44,11.81,27.0,0.0,0.1,
2026-01-30T18:02:35,01/30/202606:02,48.2,0.0,0.0,52.0,0.0,0.0,0.0,0.8,15.0,198.7,23103.0,43693.0,20.8,0.0,65.0,30.44,11.81,27.0,0.0,0.1,
2026-01-30T18:04:24,01/30/202606:04,43.1,0.0,0.0,52.0,0.0,0.0,0.0,0.8,15.0,198.7,23103.0,43693.0,20.8,0.0,65.0,30.44,11.81,27.0,0.0,0.1,
2026-01-30T18:04:35,01/30/202606:04,38.6,0.0,0.0,52.0,0.0,0.0,0.0,0.8,15.0,198.7,23103.0,43693.0,20.8,0.0,65.0,30.44,11.81,27.0,0.0,0.1,
2026-01-30T18:05:35,01/30/202606:05,35.4,0.0,0.0,52.0,0.0,0.0,0.0,0.8,15.0,198.7,23103.0,43693.0,20.9,0.0,65.0,30.44,11.81,27.0,0.0,0.1,
2026-01-30T18:06:36,01/30/202606:06,33.2,0.0,0.0,52.0,0.0,0.0,0.0,0.8,15.0,198.7,23103.0,43693.0,20.8,0.0,65.0,30.44,11.81,27.0,0.0,0.1,
2026-01-30T18:07:35,01/30/202606:07,31.9,0.0,0.0,52.0,0.0,0.0,0.0,0.8,15.0,198.7,23103.0,43693.0,20.8,0.0,65.0,30.44,11.81,27.0,0.0,0.1,
2026-01-30T18:07:50,01/30/202606:07,31.6,0.0,0.0,52.0,0.0,0.0,0.0,0.8,15.0,198.7,23103.0,43693.0,20.8,0.0,65.0,30.44,11.81,27.0,0.0,0.1,
2026-01-30T18:08:50,01/30/202606:08,30.2,0.0,0.0,52.0,0.0,0.0,0.0,0.8,15.0,198.7,23103.0,43693.0,20.8,0.0,65.0,30.44,11.81,27.0,0.0,0.1,
2026-01-30T18:09:50,01/30/202606:09,28.4,0.0,0.0,52.0,0.0,0.0,0.0,0.8,15.0,198.7,23103.0,43693.0,20.9,0.0,65.0,30.44,11.81,27.0,0.0,0.1,
2026-01-30T18:10:19,01/30/202606:10,27.8,0.0,0.0,52.0,0.0,0.0,0.0,0.8,15.0,198.7,23103.0,43693.0,20.8,0.0,65.0,30.44,11.81,27.0,0.0,0.1,
2026-01-30T18:11:20,01/30/202606:11,26.7,0.0,0.0,52.0,0.0,0.0,0.0,0.8,15.0,198.7,23103.0,43693.0,20.8,0.0,65.0,30.44,11.81,27.0,0.0,0.1,
2026-01-30T18:13:08,01/30/202606:13,24.5,0.0,0.0,51.9,0.0,0.0,0.0,0.8,15.0,198.7,23103.0,43693.0,20.8,0.0,65.0,30.44,11.81,27.0,0.0,0.1,
2026-01-30T18:14:08,01/30/202606:14,23.9,0.0,0.0,52.0,0.0,0.0,0.0,0.8,15.0,198.7,23103.0,43693.0,20.8,0.0,65.0,30.44,11.81,27.0,0.0,0.1,
2026-01-30T18:15:34,01/30/202606:15,23.5,0.0,0.0,52.0,0.0,0.0,0.0,0.8,15.0,198.7,23103.0,43693.0,20.8,0.0,65.0,30.44,11.81,27.0,0.0,0.1,
2026-01-30T18:16:09,01/30/202606:16,23.1,0.0,0.0,52.0,0.0,0.0,0.0,0.8,15.0,198.7,23103.0,43693.0,20.8,0.0,65.0,30.44,12.12,25.0,0.0,0.0,
2026-01-30T18:17:09,01/30/202606:17,22.7,0.0,0.0,51.9,0.0,0.0,0.0,0.8,15.0,198.7,23103.0,43693.0,20.8,0.0,65.0,30.44,12.12,25.0,0.0,0.0,
2026-01-30T18:18:08,01/30/202606:18,22.3,0.0,0.0,52.0,0.0,0.0,0.0,0.8,15.0,198.7,23103.0,43693.0,20.8,0.0,65.0,30.44,12.12,25.0,0.0,0.0,
2026-01-30T18:19:44,01/30/202606:19,21.8,0.0,0.0,51.9,0.0,0.0,0.0,0.8,15.0,198.7,23103.0,43693.0,20.9,0.0,65.0,30.44,12.12,25.0,0.0,0.0,
2026-01-30T18:20:44,01/30/202606:20,21.5,0.0,0.0,51.9,0.0,0.0,0.0,0.8,15.0,198.7,23103.0,43693.0,20.8,0.0,65.0,30.44,12.12,25.0,0.0,0.0,
2026-01-30T18:22:44,01/30/202606:22,21.3,0.0,0.0,52.0,0.0,0.0,0.0,0.8,15.0,198.7,23103.0,43693.0,20.8,0.0,65.0,30.44,12.12,25.0,0.0,0.0,
2026-01-30T18:23:44,01/30/202606:23,21.2,0.0,0.0,52.0,0.0,0.0,0.0,0.8,15.0,198.7,23103.0,43693.0,20.9,0.0,65.0,30.44,12.12,25.0,0.0,0.0,
2026-01-30T18:24:44,01/30/202606:24,21.1,0.0,0.0,52.0,0.0,0.0,0.0,0.8,15.0,198.7,23103.0,43693.0,20.8,0.0,65.0,30.44,12.12,25.0,0.0,0.0,
2026-01-30T18:26:43,01/30/202606:26,21.0,0.0,0.0,51.9,0.0,0.0,0.0,0.8,15.0,198.7,23103.0,43693.0,20.9,0.0,65.0,30.44,12.12,25.0,0.0,0.0,
2026-01-30T18:29:42,01/30/202606:29,20.9,0.0,0.0,52.0,0.0,0.0,0.0,0.8,15.0,198.7,23103.0,43693.0,20.8,0.0,65.0,30.44,12.12,25.0,0.0,0.0,
2026-01-30T18:37:52,01/30/202606:37,20.9,0.0,0.0,51.9,0.0,0.0,0.0,0.8,15.0,198.7,23103.0,43693.0,20.9,0.0,68.0,30.5,11.31,27.0,0.0,0.0,
2026-01-30T18:39:42,01/30/202606:39,20.8,0.0,0.0,51.9,0.0,0.0,0.0,0.8,15.0,198.7,23103.0,43693.0,20.8,0.0,68.0,30.5,11.31,27.0,0.0,0.0,
2026-01-30T18:46:39,01/30/202606:46,20.8,0.0,0.0,51.9,0.0,0.0,0.0,0.8,15.0,198.7,23103.0,43693.0,20.8,0.0,68.0,30.5,11.31,27.0,0.0,0.0,
2026-01-30T18:47:40,01/30/202606:47,20.7,0.0,0.0,51.9,0.0,0.0,0.0,0.8,15.0,198.7,23103.0,43693.0,20.9,0.0,68.0,30.5,12.12,19.0,0.0,0.0,
2026-01-30T18:49:01,01/30/202606:49,20.8,0.0,0.0,51.9,0.0,0.0,0.0,0.8,15.0,198.7,23103.0,43693.0,20.8,0.0,68.0,30.5,12.12,19.0,0.0,0.0,
2026-01-30T18:50:12,01/30/202606:50,20.7,0.0,0.0,51.9,0.0,0.0,0.0,0.8,15.0,198.7,23103.0,43693.0,20.8,0.0,68.0,30.5,12.12,19.0,0.0,0.0,
2026-01-30T18:52:13,01/30/202606:52,20.8,0.0,0.0,51.8,0.0,0.0,0.0,0.8,15.0,198.7,23103.0,43693.0,20.8,0.0,68.0,30.5,12.12,19.0,0.0,0.0,
2026-01-30T18:55:14,01/30/202606:55,20.9,0.0,0.0,51.9,0.0,0.0,0.0,0.8,15.0,198.7,23103.0,43693.0,20.9,0.0,68.0,30.5,12.12,19.0,0.0,0.0,
2026-01-30T18:57:13,01/30/202606:57,20.8,0.0,0.0,51.9,0.0,0.0,0.0,0.8,15.0,198.7,23103.0,43693.0,20.9,0.0,68.0,30.5,12.12,19.0,0.0,0.0,
2026-01-30T19:00:09,01/30/202607:00,20.9,0.0,0.0,51.9,0.0,0.0,0.0,0.8,15.0,198.7,23103.0,43693.0,20.9,0.0,68.0,30.5,12.12,19.0,0.0,0.0,
2026-01-30T19:11:19,01/30/202607:11,20.8,0.0,0.0,51.8,0.0,0.0,0.0,0.8,15.0,198.7,23103.0,43693.0,20.9,0.0,68.0,30.5,12.99,11.0,0.0,0.0,
2026-01-30T19:13:17,01/30/202607:13,20.7,0.0,0.0,51.9,0.0,0.0,0.0,0.8,15.0,198.7,23103.0,43693.0,20.9,0.0,68.0,30.5,12.99,11.0,0.0,0.0,
2026-01-30T19:14:16,01/30/202607:14,20.8,0.0,0.0,51.8,0.0,0.0,0.0,0.8,15.0,198.7,23103.0,43693.0,20.8,0.0,68.0,30.5,12.99,11.0,0.0,0.0,
2026-01-30T19:16:23,01/30/202607:16,20.7,0.0,0.0,51.8,0.0,0.0,0.0,0.8,15.0,198.7,23103.0,43693.0,20.9,0.0,68.0,30.5,13.48,11.0,0.0,0.0,
2026-01-30T19:17:22,01/30/202607:17,20.8,0.0,0.0,51.8,0.0,0.0,0.0,0.8,15.0,198.7,23103.0,43693.0,20.8,0.0,68.0,30.5,13.48,11.0,0.0,0.0,
2026-01-30T19:22:29,01/30/202607:22,20.8,0.0,0.0,51.8,0.0,0.0,0.0,0.8,15.0,198.7,23103.0,43693.0,20.9,0.0,68.0,30.5,12.12,5.0,0.0,0.0,
2026-01-30T19:24:11,01/30/202607:24,20.7,0.0,0.0,51.8,0.0,0.0,0.0,0.8,15.0,198.7,23103.0,43693.0,20.8,0.0,68.0,30.5,12.12,5.0,0.0,0.0,
2026-01-30T19:27:11,01/30/202607:27,20.8,0.0,0.0,51.8,0.0,0.0,0.0,0.8,15.0,198.7,23103.0,43693.0,20.9,0.0,68.0,30.5,12.12,5.0,0.0,0.0,
2026-01-30T19:28:11,01/30/202607:28,20.7,0.0,0.0,51.9,0.0,0.0,0.0,0.8,15.0,198.7,23103.0,43693.0,20.9,0.0,68.0,30.5,12.12,5.0,0.0,0.0,
2026-01-30T19:30:11,01/30/202607:30,20.8,0.0,0.0,51.9,0.0,0.0,0.0,0.8,15.0,198.7,23103.0,43693.0,20.8,0.0,68.0,30.5,12.12,5.0,0.0,0.0,
2026-01-30T19:32:12,01/30/202607:32,20.7,0.0,0.0,51.8,0.0,0.0,0.0,0.8,15.0,198.7,23103.0,43693.0,20.8,0.0,68.0,30.53,11.87,3.0,0.0,0.0,
2026-01-30T19:33:38,01/30/202607:33,20.8,0.0,0.0,51.9,0.0,0.0,0.0,0.8,15.0,198.7,23103.0,43693.0,20.8,0.0,68.0,30.53,11.87,3.0,0.0,0.0,
2026-01-30T19:34:12,01/30/202607:34,20.7,0.0,0.0,51.9,0.0,0.0,0.0,0.8,15.0,198.7,23103.0,43693.0,20.8,0.0,68.0,30.53,11.87,3.0,0.0,0.0,
2026-01-30T19:38:12,01/30/202607:38,20.8,0.0,0.0,51.9,0.0,0.0,0.0,0.8,15.0,198.7,23103.0,43693.0,20.8,0.0,68.0,30.53,11.87,3.0,0.0,0.0,
2026-01-30T19:39:11,01/30/202607:39,20.7,0.0,0.0,51.8,0.0,0.0,0.0,0.8,15.0,198.7,23103.0,43693.0,20.8,0.0,68.0,30.53,11.87,3.0,0.0,0.0,
2026-01-30T19:40:12,01/30/202607:40,20.8,0.0,0.0,51.9,0.0,0.0,0.0,0.8,15.0,198.7,23103.0,43693.0,20.9,0.0,68.0,30.53,11.87,3.0,0.0,0.0,
2026-01-30T19:44:50,01/30/202607:44,20.8,0.0,0.0,51.8,0.0,0.0,0.0,0.8,15.0,198.7,23103.0,43693.0,20.8,0.0,68.0,30.53,11.87,3.0,0.0,0.0,
2026-01-30T19:46:02,01/30/202607:46,20.7,0.0,0.0,51.9,0.0,0.0,0.0,0.8,15.0,198.7,23103.0,43693.0,20.8,0.0,67.0,30.53,12.43,7.0,0.0,0.0,
2026-01-30T19:47:03,01/30/202607:47,20.8,0.0,0.0,51.8,0.0,0.0,0.0,0.8,15.0,198.7,23103.0,43693.0,20.8,0.0,67.0,30.53,12.43,7.0,0.0,0.0,
2026-01-30T19:48:03,01/30/202607:48,20.7,0.0,0.0,51.8,0.0,0.0,0.0,0.8,15.0,198.7,23103.0,43693.0,20.8,0.0,67.0,30.53,12.43,7.0,0.0,0.0,
2026-01-30T19:52:53,01/30/202607:52,20.6,0.0,0.0,51.8,0.0,0.0,0.0,0.8,15.0,198.7,23103.0,43693.0,20.8,0.0,67.0,30.53,12.43,7.0,0.0,0.0,
2026-01-30T19:53:54,01/30/202607:53,20.7,0.0,0.0,51.8,0.0,0.0,0.0,0.8,15.0,198.7,23103.0,43693.0,20.8,0.0,67.0,30.53,12.43,7.0,0.0,0.0,
2026-01-30T19:55:58,01/30/202607:55,20.7,0.0,0.0,51.8,0.0,0.0,0.0,0.8,15.0,198.7,23103.0,43693.0,20.8,0.0,67.0,30.53,12.43,7.0,0.0,0.0,
2026-01-30T19:59:53,01/30/202607:59,20.8,0.0,0.0,51.8,0.0,0.0,0.0,0.8,15.0,198.7,23103.0,43693.0,20.9,0.0,78.0,30.5,12.43,7.0,0.0,0.0,
2026-01-30T20:07:07,01/30/202608:07,20.8,0.0,0.0,51.8,0.0,0.0,0.0,0.8,15.0,198.7,23103.0,43693.0,20.8,0.0,78.0,30.5,12.68,9.0,0.0,0.0,
2026-01-30T20:08:03,01/30/202608:08,20.7,0.0,0.0,51.8,0.0,0.0,0.0,0.8,15.0,198.7,23103.0,43693.0,20.9,0.0,78.0,30.5,12.68,9.0,0.0,0.0,
2026-01-30T20:09:02,01/30/202608:09,20.8,0.0,0.0,51.8,0.0,0.0,0.0,0.8,15.0,198.7,23103.0,43693.0,20.8,0.0,78.0,30.5,12.68,9.0,0.0,0.0,
2026-01-30T20:12:41,01/30/202608:12,20.7,0.0,0.0,51.8,0.0,0.0,0.0,0.8,15.0,198.7,23103.0,43693.0,20.8,0.0,78.0,30.5,12.68,9.0,0.0,0.0,
2026-01-30T20:14:41,01/30/202608:14,20.8,0.0,0.0,51.7,0.0,0.0,0.0,0.8,15.0,198.7,23103.0,43693.0,20.8,0.0,78.0,30.5,12.68,9.0,0.0,0.0,
2026-01-30T20:15:41,01/30/202608:15,20.9,0.0,0.0,51.8,0.0,0.0,0.0,0.8,15.0,198.7,23103.0,43693.0,20.8,0.0,76.0,30.5,13.67,11.0,0.0,0.0,
2026-01-30T20:18:17,01/30/202608:18,20.9,0.0,0.0,51.8,0.0,0.0,0.0,0.8,15.0,198.7,23103.0,43693.0,20.8,0.0,76.0,30.5,13.67,11.0,0.0,0.0,
2026-01-30T20:21:40,01/30/202608:21,21.0,0.0,0.0,51.8,0.0,0.0,0.0,0.8,15.0,198.7,23103.0,43693.0,20.8,0.0,76.0,30.5,13.67,11.0,0.0,0.0,
2026-01-30T20:23:47,01/30/202608:23,20.9,0.0,0.0,51.8,0.0,0.0,0.0,0.8,15.0,198.7,23103.0,43693.0,20.8,0.0,76.0,30.5,13.67,11.0,0.0,0.0,
2026-01-30T20:24:40,01/30/202608:24,21.0,0.0,0.0,51.8,0.0,0.0,0.0,0.8,15.0,198.7,23103.0,43693.0,20.8,0.0,76.0,30.5,13.67,11.0,0.0,0.0,
2026-01-30T20:29:26,01/30/202608:29,21.0,0.0,0.0,51.8,0.0,0.0,0.0,0.8,15.0,198.7,23103.0,43693.0,20.8,0.0,76.0,30.5,14.17,6.0,0.0,0.0,
2026-01-30T20:29:39,01/30/202608:29,20.9,0.0,0.0,51.8,0.0,0.0,0.0,0.8,15.0,198.7,23103.0,43693.0,20.8,0.0,76.0,30.5,14.17,6.0,0.0,0.0,
2026-01-30T20:33:45,01/30/202608:33,21.0,0.0,0.0,51.8,0.0,0.0,0.0,0.8,15.0,198.7,23103.0,43693.0,20.8,0.0,72.0,30.5,14.11,11.0,0.0,0.0,
2026-01-30T20:34:44,01/30/202608:34,20.9,0.0,0.0,51.8,0.0,0.0,0.0,0.8,15.0,198.7,23103.0,43693.0,20.8,0.0,72.0,30.5,14.11,11.0,0.0,0.0,
2026-01-30T20:40:36,01/30/202608:40,20.9,0.0,0.0,51.8,0.0,0.0,0.0,0.8,15.0,198.7,23103.0,43693.0,20.8,0.0,72.0,30.5,14.11,11.0,0.0,0.0,
2026-01-30T20:43:44,01/30/202608:43,20.9,0.0,0.0,51.8,0.0,0.0,0.0,0.8,15.0,198.7,23103.0,43693.0,20.8,0.0,72.0,30.5,14.11,11.0,0.0,0.0,
2026-01-30T20:51:45,01/30/202608:51,20.8,0.0,0.0,51.8,0.0,0.0,0.0,0.8,15.0,198.7,23103.0,43693.0,20.8,0.0,70.0,30.53,13.86,10.0,0.0,0.0,
2026-01-30T20:56:43,01/30/202608:56,20.7,0.0,0.0,51.7,0.0,0.0,0.0,0.8,15.0,198.7,23103.0,43693.0,20.8,0.0,70.0,30.53,13.86,10.0,0.0,0.0,
2026-01-30T20:58:44,01/30/202608:58,20.6,0.0,0.0,51.7,0.0,0.0,0.0,0.8,15.0,198.7,23103.0,43693.0,20.8,0.0,70.0,30.53,13.86,10.0,0.0,0.0,
2026-01-30T20:59:44,01/30/202608:59,20.7,0.0,0.0,51.7,0.0,0.0,0.0,0.8,15.0,198.7,23103.0,43693.0,20.8,0.0,70.0,30.53,13.86,10.0,0.0,0.0,
2026-01-30T21:02:54,01/30/202609:02,20.7,0.0,0.0,51.7,0.0,0.0,0.0,0.8,15.0,198.7,23103.0,43693.0,20.8,0.0,68.0,30.53,14.91,9.0,0.0,0.0,
2026-01-30T21:05:44,01/30/202609:05,20.6,0.0,0.0,51.7,0.0,0.0,0.0,0.8,15.0,198.7,23103.0,43693.0,20.8,0.0,68.0,30.53,14.91,9.0,0.0,0.0,
2026-01-30T21:08:05,01/30/202609:08,20.6,0.0,0.0,51.7,0.0,0.0,0.0,0.8,15.0,198.7,23103.0,43693.0,20.8,0.0,68.0,30.53,14.91,9.0,0.0,0.0,
2026-01-30T21:14:04,01/30/202609:14,20.6,0.0,0.0,51.7,0.0,0.0,0.0,0.8,15.0,198.7,23103.0,43693.0,20.8,0.0,68.0,30.53,14.91,9.0,0.0,0.0,
2026-01-30T21:16:05,01/30/202609:16,20.5,0.0,0.0,51.7,0.0,0.0,0.0,0.8,15.0,198.7,23103.0,43693.0,20.8,0.0,67.0,30.53,16.22,12.0,0.0,0.0,
2026-01-30T21:18:05,01/30/202609:18,20.6,0.0,0.0,51.7,0.0,0.0,0.0,0.8,15.0,198.7,23103.0,43693.0,20.8,0.0,67.0,30.53,16.22,12.0,0.0,0.0,
2026-01-30T21:25:13,01/30/202609:25,20.6,0.0,0.0,51.7,0.0,0.0,0.0,0.8,15.0,198.7,23103.0,43693.0,20.8,0.0,67.0,30.53,16.22,12.0,0.0,0.0,
2026-01-30T21:28:05,01/30/202609:28,20.6,0.0,0.0,51.7,0.0,0.0,0.0,0.8,15.0,198.7,23103.0,43693.0,20.8,0.0,67.0,30.53,16.84,11.0,0.0,0.0,
2026-01-30T21:31:05,01/30/202609:31,20.7,0.0,0.0,51.6,0.0,0.0,0.0,0.8,15.0,198.7,23103.0,43693.0,20.8,0.0,63.0,30.56,17.46,13.0,0.0,0.0,
2026-01-30T21:34:05,01/30/202609:34,20.8,0.0,0.0,51.7,0.0,0.0,0.0,0.8,15.0,198.7,23103.0,43693.0,20.8,0.0,63.0,30.56,17.46,13.0,0.0,0.0,
2026-01-30T21:35:06,01/30/202609:35,20.7,0.0,0.0,51.7,0.0,0.0,0.0,0.8,15.0,198.7,23103.0,43693.0,20.8,0.0,63.0,30.56,17.46,13.0,0.0,0.0,
2026-01-30T21:36:22,01/30/202609:36,20.9,0.0,0.0,51.6,0.0,0.0,0.0,0.8,15.0,198.7,23103.0,43693.0,20.8,0.0,63.0,30.56,17.46,13.0,0.0,0.0,
2026-01-30T21:37:06,01/30/202609:37,20.7,0.0,0.0,51.7,0.0,0.0,0.0,0.8,15.0,198.7,23103.0,43693.0,20.8,0.0,63.0,30.56,17.46,13.0,0.0,0.0,
2026-01-30T21:38:06,01/30/202609:38,20.8,0.0,0.0,51.7,0.0,0.0,0.0,0.8,15.0,198.7,23103.0,43693.0,20.8,0.0,63.0,30.56,17.46,13.0,0.0,0.0,
2026-01-30T21:47:32,01/30/202609:47,20.8,0.0,0.0,51.7,0.0,0.0,0.0,0.8,15.0,198.7,23103.0,43693.0,20.8,0.0,64.0,30.56,17.52,17.0,0.0,0.0,
2026-01-30T21:48:57,01/30/202609:48,20.7,0.0,0.0,51.7,0.0,0.0,0.0,0.8,15.0,198.7,23103.0,43693.0,20.8,0.0,64.0,30.56,17.52,17.0,0.0,0.0,
2026-01-30T21:49:58,01/30/202609:49,20.8,0.0,0.0,51.6,0.0,0.0,0.0,0.8,15.0,198.7,23103.0,43693.0,20.8,0.0,64.0,30.56,17.52,17.0,0.0,0.0,
2026-01-30T21:50:57,01/30/202609:50,20.7,0.0,0.0,51.7,0.0,0.0,0.0,0.8,15.0,198.7,23103.0,43693.0,20.8,0.0,64.0,30.56,17.52,17.0,0.0,0.0,
2026-01-30T21:51:58,01/30/202609:51,20.8,0.0,0.0,51.7,0.0,0.0,0.0,0.8,15.0,198.7,23103.0,43693.0,20.8,0.0,64.0,30.56,17.52,17.0,0.0,0.0,
2026-01-30T21:52:58,01/30/202609:52,20.7,0.0,0.0,51.6,0.0,0.0,0.0,0.8,15.0,198.7,23103.0,43693.0,20.8,0.0,64.0,30.56,17.52,17.0,0.0,0.0,
2026-01-30T21:54:57,01/30/202609:54,20.8,0.0,0.0,51.7,0.0,0.0,0.0,0.8,15.0,198.7,23103.0,43693.0,20.8,0.0,64.0,30.56,17.52,17.0,0.0,0.0,
2026-01-30T21:57:19,01/30/202609:57,20.8,0.0,0.0,51.7,0.0,0.0,0.0,0.8,15.0,198.7,23103.0,43693.0,20.8,0.0,64.0,30.56,17.52,17.0,0.0,0.0,
2026-01-30T21:58:41,01/30/202609:58,20.7,0.0,0.0,51.7,0.0,0.0,0.0,0.8,15.0,198.7,23103.0,43693.0,20.8,0.0,64.0,30.56,17.52,17.0,0.0,0.0,
2026-01-30T22:01:19,01/30/202610:01,20.8,0.0,0.0,51.7,0.0,0.0,0.0,0.8,15.0,198.7,23103.0,43693.0,20.8,0.0,64.0,30.56,17.4,18.0,0.0,0.0,
2026-01-30T22:02:20,01/30/202610:02,20.9,0.0,0.0,51.7,0.0,0.0,0.0,0.8,15.0,198.7,23103.0,43693.0,20.7,0.0,64.0,30.56,17.4,18.0,0.0,0.0,
2026-01-30T22:03:44,01/30/202610:03,20.8,0.0,0.0,51.7,0.0,0.0,0.0,0.8,15.0,198.7,23103.0,43693.0,20.8,0.0,64.0,30.56,17.4,18.0,0.0,0.0,
2026-01-30T22:04:44,01/30/202610:04,20.7,0.0,0.0,51.7,0.0,0.0,0.0,0.8,15.0,198.7,23103.0,43693.0,20.8,0.0,64.0,30.56,17.4,18.0,0.0,0.0,
2026-01-30T22:05:44,01/30/202610:05,20.8,0.0,0.0,51.7,0.0,0.0,0.0,0.8,15.0,198.7,23103.0,43693.0,20.7,0.0,64.0,30.56,17.4,18.0,0.0,0.0,
2026-01-30T22:09:51,01/30/202610:09,20.7,0.0,0.0,51.7,0.0,0.0,0.0,0.8,15.0,198.7,23103.0,43693.0,20.7,0.0,64.0,30.56,17.4,18.0,0.0,0.0,
2026-01-30T22:10:44,01/30/202610:10,20.8,0.0,0.0,51.6,0.0,0.0,0.0,0.8,15.0,198.7,23103.0,43693.0,20.8,0.0,64.0,30.56,17.4,18.0,0.0,0.0,
2026-01-30T22:11:45,01/30/202610:11,20.6,0.0,0.0,51.7,0.0,0.0,0.0,0.8,15.0,198.7,23103.0,43693.0,20.8,0.0,64.0,30.56,17.4,18.0,0.0,0.0,
2026-01-30T22:12:44,01/30/202610:12,20.8,0.0,0.0,51.6,0.0,0.0,0.0,0.8,15.0,198.7,23103.0,43693.0,20.8,0.0,64.0,30.56,17.4,18.0,0.0,0.0,
2026-01-30T22:16:45,01/30/202610:16,20.7,0.0,0.0,51.7,0.0,0.0,0.0,0.8,15.0,198.7,23103.0,43693.0,20.7,0.0,64.0,30.56,17.52,17.0,0.0,0.0,
2026-01-30T22:18:44,01/30/202610:18,20.8,0.0,0.0,51.6,0.0,0.0,0.0,0.8,15.0,198.7,23103.0,43693.0,20.7,0.0,64.0,30.56,17.52,17.0,0.0,0.0,
2026-01-30T22:19:44,01/30/202610:19,20.7,0.0,0.0,51.7,0.0,0.0,0.0,0.8,15.0,198.7,23103.0,43693.0,20.8,0.0,64.0,30.56,17.52,17.0,0.0,0.0,
2026-01-30T22:21:00,01/30/202610:20,20.7,0.0,0.0,51.6,0.0,0.0,0.0,0.8,15.0,198.7,23103.0,43693.0,20.8,0.0,64.0,30.56,17.52,17.0,0.0,0.0,
2026-01-30T22:21:45,01/30/202610:21,20.8,0.0,0.0,51.7,0.0,0.0,0.0,0.8,15.0,198.7,23103.0,43693.0,20.8,0.0,64.0,30.56,17.52,17.0,0.0,0.0,
2026-01-30T22:23:47,01/30/202610:23,20.8,0.0,0.0,51.7,0.0,0.0,0.0,0.8,15.0,198.7,23103.0,43693.0,20.7,0.0,64.0,30.56,17.52,17.0,0.0,0.0,
2026-01-30T22:24:47,01/30/202610:24,20.7,0.0,0.0,51.7,0.0,0.0,0.0,0.8,15.0,198.7,23103.0,43693.0,20.7,0.0,64.0,30.56,17.52,17.0,0.0,0.0,
2026-01-30T22:25:47,01/30/202610:25,20.8,0.0,0.0,51.7,0.0,0.0,0.0,0.8,15.0,198.7,23103.0,43693.0,20.7,0.0,64.0,30.56,17.52,17.0,0.0,0.0,
2026-01-30T22:27:48,01/30/202610:27,20.7,0.0,0.0,51.6,0.0,0.0,0.0,0.8,15.0,198.7,23103.0,43693.0,20.7,0.0,64.0,30.56,17.52,17.0,0.0,0.0,
2026-01-30T22:28:47,01/30/202610:28,20.8,0.0,0.0,51.7,0.0,0.0,0.0,0.8,15.0,198.7,23103.0,43693.0,20.8,0.0,64.0,30.56,16.47,12.0,0.0,0.0,
2026-01-30T22:29:48,01/30/202610:29,20.7,0.0,0.0,51.6,0.0,0.0,0.0,0.8,15.0,198.7,23103.0,43693.0,20.7,0.0,64.0,30.56,16.47,12.0,0.0,0.0,
2026-01-30T22:32:09,01/30/202610:32,20.8,0.0,0.0,51.6,0.0,0.0,0.0,0.8,15.0,198.7,23103.0,43693.0,20.7,0.0,63.0,30.59,16.59,14.0,0.0,0.0,
2026-01-30T22:33:47,01/30/202610:33,20.7,0.0,0.0,51.6,0.0,0.0,0.0,0.8,15.0,198.7,23103.0,43693.0,20.7,0.0,66.0,30.59,16.59,14.0,0.0,0.0,
2026-01-30T22:34:48,01/30/202610:34,20.8,0.0,0.0,51.7,0.0,0.0,0.0,0.8,15.0,198.7,23103.0,43693.0,20.7,0.0,66.0,30.59,16.59,14.0,0.0,0.0,
2026-01-30T22:35:48,01/30/202610:35,20.7,0.0,0.0,51.6,0.0,0.0,0.0,0.8,15.0,198.7,23103.0,43693.0,20.7,0.0,66.0,30.59,16.59,14.0,0.0,0.0,
2026-01-30T22:37:48,01/30/202610:37,20.8,0.0,0.0,51.6,0.0,0.0,0.0,0.8,15.0,198.7,23103.0,43693.0,20.7,0.0,66.0,30.59,16.59,14.0,0.0,0.0,
2026-01-30T22:39:47,01/30/202610:39,20.7,0.0,0.0,51.6,0.0,0.0,0.0,0.8,15.0,198.7,23103.0,43693.0,20.7,0.0,66.0,30.59,16.59,14.0,0.0,0.0,
2026-01-30T22:41:13,01/30/202610:41,20.8,0.0,0.0,51.7,0.0,0.0,0.0,0.8,15.0,198.7,23103.0,43693.0,20.7,0.0,66.0,30.59,16.59,14.0,0.0,0.0,
2026-01-30T22:43:18,01/30/202610:43,20.7,0.0,0.0,51.6,0.0,0.0,0.0,0.8,15.0,198.7,23103.0,43693.0,20.7,0.0,66.0,30.59,16.59,14.0,0.0,0.0,
2026-01-30T22:47:16,01/30/202610:47,20.8,0.0,0.0,51.6,0.0,0.0,0.0,0.8,15.0,198.7,23103.0,43693.0,20.7,0.0,65.0,30.59,17.4,16.0,0.0,0.0,
2026-01-30T22:49:15,01/30/202610:49,20.7,0.0,0.0,51.6,0.0,0.0,0.0,0.8,15.0,198.7,23103.0,43693.0,20.7,0.0,65.0,30.59,17.4,16.0,0.0,0.0,
2026-01-30T22:51:16,01/30/202610:51,20.8,0.0,0.0,51.6,0.0,0.0,0.0,0.8,15.0,198.7,23103.0,43693.0,20.7,0.0,65.0,30.59,17.4,16.0,0.0,0.0,
2026-01-30T22:54:28,01/30/202610:54,20.8,0.0,0.0,51.7,0.0,0.0,0.0,0.8,15.0,198.7,23103.0,43693.0,20.8,0.0,65.0,30.59,17.4,16.0,0.0,0.0,
2026-01-30T22:58:26,01/30/202610:58,20.7,0.0,0.0,51.7,0.0,0.0,0.0,0.8,15.0,198.7,23103.0,43693.0,20.7,0.0,65.0,30.59,17.4,16.0,0.0,0.0,
2026-01-30T22:59:26,01/30/202610:59,20.8,0.0,0.0,51.6,0.0,0.0,0.0,0.8,15.0,198.7,23103.0,43693.0,20.7,0.0,65.0,30.59,17.4,16.0,0.0,0.0,
2026-01-30T23:01:26,01/30/202611:01,20.7,0.0,0.0,51.6,0.0,0.0,0.0,0.0,0.0,198.7,23111.0,43708.0,20.7,0.0,65.0,30.62,17.83,18.0,0.0,0.0,
2026-01-30T23:05:37,01/30/202611:05,20.8,0.0,0.0,51.6,0.0,0.0,0.0,0.0,0.0,198.7,23111.0,43708.0,20.7,0.0,65.0,30.62,17.83,18.0,0.0,0.0,
2026-01-30T23:10:26,01/30/202611:10,22.6,0.0,0.0,51.6,0.0,0.0,0.0,0.0,0.0,198.7,23111.0,43708.0,20.7,0.0,65.0,30.62,17.83,18.0,0.0,0.0,
2026-01-30T23:11:26,01/30/202611:11,22.7,0.0,0.0,51.6,0.0,0.0,0.0,0.0,0.0,198.7,23111.0,43708.0,20.7,0.0,65.0,30.62,17.83,18.0,0.0,0.0,
2026-01-30T23:14:13,01/30/202611:14,22.7,0.0,0.0,51.6,0.0,0.0,0.0,0.0,0.0,198.7,23111.0,43708.0,20.7,0.0,65.0,30.62,17.83,18.0,0.0,0.0,
2026-01-30T23:16:47,01/30/202611:16,22.7,0.0,0.0,51.6,0.0,0.0,0.0,0.0,0.0,198.7,23111.0,43708.0,20.7,0.0,64.0,30.62,17.59,18.0,0.0,0.0,
2026-01-30T23:27:57,01/30/202611:27,22.7,0.0,0.0,51.6,0.0,0.0,0.0,0.0,0.0,198.7,23111.0,43708.0,20.7,0.0,64.0,30.62,17.59,18.0,0.0,0.0,
2026-01-30T23:30:15,01/30/202611:30,22.6,0.0,0.0,51.6,0.0,0.0,0.0,0.0,0.0,198.7,23111.0,43708.0,20.7,0.0,64.0,30.62,16.28,16.0,0.0,0.0,
2026-01-30T23:31:15,01/30/202611:31,22.7,0.0,0.0,51.6,0.0,0.0,0.0,0.0,0.0,198.7,23111.0,43708.0,20.7,0.0,63.0,30.62,16.28,18.0,0.0,0.0,
2026-01-30T23:34:10,01/30/202611:34,22.7,0.0,0.0,51.6,0.0,0.0,0.0,0.0,0.0,198.7,23111.0,43708.0,20.7,0.0,66.0,30.59,16.28,18.0,0.0,0.0,
2026-01-30T23:39:06,01/30/202611:39,22.7,0.0,0.0,51.6,0.0,0.0,0.0,0.0,0.0,198.7,23111.0,43708.0,20.7,0.0,66.0,30.59,16.28,18.0,0.0,0.0,
2026-01-30T23:43:45,01/30/202611:43,22.6,0.0,0.0,51.6,0.0,0.0,0.0,0.0,0.0,198.7,23111.0,43708.0,20.7,0.0,66.0,30.59,16.28,18.0,0.0,0.0,
2026-01-30T23:44:45,01/30/202611:44,22.7,0.0,0.0,51.6,0.0,0.0,0.0,0.0,0.0,198.7,23111.0,43708.0,20.7,0.0,66.0,30.59,16.28,18.0,0.0,0.0,
2026-01-30T23:50:16,01/30/202611:50,22.6,0.0,0.0,51.6,0.0,0.0,0.0,0.0,0.0,198.7,23111.0,43708.0,20.7,0.0,64.0,30.59,16.53,19.0,0.0,0.0,
2026-01-30T23:50:46,01/30/202611:50,22.7,0.0,0.0,51.6,0.0,0.0,0.0,0.0,0.0,198.7,23111.0,43708.0,20.7,0.0,64.0,30.59,16.53,19.0,0.0,0.0,
2026-01-30T23:55:47,01/30/202611:55,22.6,0.0,0.0,51.6,0.0,0.0,0.0,0.0,0.0,198.7,23111.0,43708.0,20.7,0.0,64.0,30.59,16.53,19.0,0.0,0.0,
2026-01-30T23:56:46,01/30/202611:56,22.7,0.0,0.0,51.6,0.0,0.0,0.0,0.0,0.0,198.7,23111.0,43708.0,20.7,0.0,64.0,30.59,16.53,19.0,0.0,0.0,
2026-01-30T23:58:47,01/30/202611:58,22.6,0.0,0.0,51.6,0.0,0.0,0.0,0.0,0.0,198.7,23111.0,43708.0,20.7,0.0,64.0,30.59,16.53,19.0,0.0,0.0,
2026-01-30T23:59:46,01/30/202611:59,22.7,0.0,0.0,51.6,0.0,0.0,0.0,0.0,0.0,198.7,23111.0,43708.0,20.7,0.0,64.0,30.59,16.53,19.0,0.0,0.0,
