target_time,actual_power_W,persistence_power_W,ftdnn_linear_power_W,ftdnn_linear_residual_pred_W,ftdnn_nonlinear_power_W,ftdnn_nonlinear_residual_pred_W,narx_linear_power_W,narx_linear_residual_pred_W,narx_nonlinear_power_W,narx_nonlinear_residual_pred_W,lstm_power_W,lstm_residual_pred_W
2026-04-05 14:42:03,152.8848,154.9908,120.35234,-34.638454,151.13011,-3.8606822,123.118126,-31.872673,148.84808,-6.1427193,156.00436,1.0135695
2026-04-05 14:43:03,154.2132,154.8828,121.3017,-33.5811,151.75061,-3.1321914,124.04091,-30.841887,149.18651,-5.696283,156.21478,1.3319892
2026-04-05 14:44:03,149.8734,146.3394,115.85895,-30.480455,145.58603,-0.7533664,120.47768,-25.861727,144.09734,-2.2420635,148.58688,2.2474756
2026-04-05 14:45:03,158.1216,160.44,128.75356,-31.686443,158.27707,-2.1629276,137.1156,-23.324394,154.08574,-6.354266,162.33182,1.8918188
2026-04-05 14:46:03,146.744,160.4288,130.0394,-30.3894,158.27112,-2.1576858,138.73367,-21.695127,153.41652,-7.0122905,161.9854,1.5565873
2026-04-05 14:47:03,146.744,168.9052,136.37126,-32.53394,164.61195,-4.29324,146.49188,-22.413322,158.51201,-10.393184,169.59085,0.68565124
2026-04-05 14:49:03,146.3592,163.1796,130.98557,-32.19403,159.6578,-3.5217865,142.21986,-20.959726,153.2011,-9.978496,163.80379,0.62419456
2026-04-05 14:50:03,151.6968,165.9032,132.48657,-33.416634,161.55371,-4.3494806,141.30557,-24.597618,154.52583,-11.377361,166.18243,0.27922985
2026-04-05 14:51:03,145.9744,143.2,114.53499,-28.665005,144.60721,1.407217,121.896935,-21.303062,141.41263,-1.7873673,145.49542,2.2954276
2026-04-05 14:52:03,150.014,147.3827,120.702,-26.680702,150.4097,3.0269926,125.86202,-21.520685,146.97118,-0.41153514,150.28136,2.8986447
2026-04-05 14:53:03,148.6332,147.3827,125.35716,-22.02554,151.02104,3.6383379,131.27594,-16.106762,147.46947,0.086758,150.6203,3.2376015
2026-04-05 14:54:03,140.42,150.0975,129.72202,-20.375492,154.03934,3.941835,134.65054,-15.446953,149.73033,-0.36716652,153.27898,3.1814737
2026-04-05 14:55:03,126.54,159.8912,142.63608,-17.255135,162.4592,2.567987,144.58875,-15.302461,156.248,-3.643203,162.4314,2.5401964
2026-04-05 14:56:03,137.7488,165.5552,147.87924,-17.675962,167.62894,2.073734,148.95215,-16.60306,160.3547,-5.200497,167.39021,1.8350013
2026-04-05 14:57:03,140.6,171.24,152.69022,-18.549795,171.52435,0.2843497,156.35782,-14.882192,161.73817,-9.501833,171.92076,0.6807618
2026-04-05 14:58:03,140.6,164.335,147.51024,-16.82477,166.88385,2.548851,146.50162,-17.83339,159.72995,-4.6050634,164.95598,0.62097347
2026-04-05 14:59:03,140.6,168.74,149.12498,-19.615019,170.54845,1.808435,153.03323,-15.706771,161.86743,-6.8725686,168.97021,0.23021056
2026-04-05 15:00:03,146.1408,149.0528,132.092,-16.960794,155.71193,6.659141,133.7119,-15.340901,153.92566,4.872863,150.94434,1.8915387
2026-04-05 15:01:03,171.166,143.5,131.18388,-12.316123,151.99881,8.498815,132.28714,-11.212868,153.02724,9.527233,146.40723,2.9072328
2026-04-05 15:02:03,171.166,143.64,131.38132,-12.258675,153.98282,10.342827,135.02972,-8.61028,156.42209,12.782096,147.06587,3.4258745
2026-04-05 15:03:03,157.2928,138.0672,127.69752,-10.369679,149.29224,11.225039,132.18446,-5.882743,151.73288,13.665685,142.08609,4.018895
2026-04-05 15:04:03,155.8662,138.0672,128.68199,-9.385209,148.91788,10.850683,129.81915,-8.248045,151.22023,13.153027,142.3696,4.302404
2026-04-05 15:05:03,151.6752,141.0514,132.52304,-8.528361,150.45325,9.401837,134.74309,-6.3083153,151.72006,10.668654,145.39426,4.342842
2026-04-05 15:06:03,151.5672,152.5446,140.48703,-12.057579,158.72604,6.181435,147.00682,-5.5377765,157.5683,5.023697,156.15874,3.6141357
2026-04-05 15:07:03,123.6752,145.4804,136.54243,-8.937954,152.0047,6.524303,140.2992,-5.1811957,153.62776,8.147368,149.1516,3.6712081
2026-04-05 15:08:03,129.168,145.4804,136.04305,-9.43735,152.0085,6.528105,143.09773,-2.3826542,154.5406,9.060218,149.15402,3.6736345
2026-04-05 15:09:03,123.5344,138.2976,132.67471,-5.622893,147.12508,8.827463,138.99696,0.69935447,151.43674,13.139127,142.55225,4.2546315
2026-04-05 15:10:03,127.7003,146.8392,139.30229,-7.5369105,154.87788,8.038678,147.1341,0.29488593,157.71228,10.873071,150.73976,3.9005644
2026-04-05 15:11:03,133.228,149.6768,143.31093,-6.3658795,157.7718,8.094995,149.72989,0.053085286,159.66946,9.992666,153.19319,3.516384
2026-04-05 15:12:03,130.4883,163.8636,152.20938,-11.654214,167.4531,3.5894864,160.35806,-3.5055404,162.61116,-1.2524422,165.97989,2.116293
2026-04-05 15:13:03,127.7731,169.4952,156.0211,-13.474085,168.71701,-0.7781827,161.05563,-8.439563,159.52713,-9.968069,170.31244,0.81725186
2026-04-05 15:14:03,125.0361,183.6032,167.91794,-15.685251,177.82071,-5.782485,174.1881,-9.415094,164.69217,-18.91103,182.14024,-1.4629587
2026-04-05 15:15:03,134.7264,176.4189,158.67496,-17.743948,170.64403,-5.774877,165.37659,-11.042313,158.91426,-17.50464,174.33351,-2.0853832
2026-04-05 15:16:03,140.24,173.3204,155.58272,-17.73768,167.09645,-6.223949,162.50787,-10.812526,156.40005,-16.920343,171.09604,-2.2243602
2026-04-05 15:17:03,140.17,173.1631,156.73679,-16.426317,166.78091,-6.382187,163.87376,-9.289334,156.51497,-16.648127,170.86017,-2.3029273
2026-04-05 15:18:03,158.0418,178.7125,160.31178,-18.400715,171.95041,-6.762081,171.65517,-7.0573215,161.5341,-17.178394,175.9886,-2.7238934
2026-04-05 15:19:03,148.4106,178.6125,159.22244,-19.390059,171.60033,-7.012173,169.98376,-8.628739,161.24957,-17.362925,175.78294,-2.8295639
2026-04-05 15:20:03,140.07,185.51,165.3566,-20.153399,177.1894,-8.32059,175.60544,-9.904562,166.1862,-19.32379,181.67116,-3.8388374
2026-04-05 15:21:03,140.07,186.7405,167.64114,-19.099356,177.50429,-9.236208,181.46574,-5.2747545,166.03357,-20.706917,182.04915,-4.6913433
2026-04-05 15:23:03,134.6304,186.544,169.93867,-16.605335,176.95343,-9.590573,178.93599,-7.608014,166.27109,-20.272926,181.2709,-5.273095
2026-04-05 15:24:03,137.5528,180.7591,163.05779,-17.701303,172.14694,-8.61215,174.25087,-6.508229,163.48125,-17.277845,176.51047,-4.248628
2026-04-05 15:25:03,118.3728,174.9552,160.08374,-14.871465,167.97412,-6.9810805,168.67844,-6.276762,161.86261,-13.092595,172.13336,-2.8218453
2026-04-05 15:26:03,129.72,167.7724,158.25092,-9.5214815,163.92345,-3.848959,163.84723,-3.9251747,159.97795,-7.794445,166.24017,-1.532221
2026-04-05 15:27:03,132.8596,167.7724,162.85718,-4.9152193,166.53653,-1.235871,165.43413,-2.3382735,164.67378,-3.0986187,166.93451,-0.83789206
2026-04-05 15:28:03,135.8976,170.568,167.7234,-2.8445964,171.04498,0.47699064,171.00334,0.4353442,168.32721,-2.2407892,169.97415,-0.59384096
2026-04-05 15:29:03,138.866,181.952,179.87253,-2.0794704,178.59239,-3.3596082,179.59035,-2.3616514,172.39229,-9.559706,180.52892,-1.4230862
2026-04-05 15:30:03,150.1596,183.5025,178.86432,-4.6381893,178.62128,-4.8812275,179.75659,-3.745909,171.1621,-12.340406,181.35693,-2.1455624
2026-04-05 15:31:03,147.4304,180.8099,175.28035,-5.5295506,175.24919,-5.5607147,178.86,-1.9499089,167.43394,-13.375955,178.21814,-2.591759
2026-04-05 15:32:03,143.2281,192.0915,180.09471,-11.9968,182.46895,-9.6225605,186.83376,-5.25775,170.72766,-21.36385,187.68288,-4.408626
2026-04-05 15:33:03,144.585,183.6831,172.63809,-11.045006,175.01395,-8.669152,178.01448,-5.668625,165.61313,-18.069975,179.27307,-4.410041
2026-04-05 15:34:03,141.65,172.4492,162.12459,-10.324618,167.73994,-4.709266,165.08693,-7.362281,161.39563,-11.053581,169.6351,-2.8141093
2026-04-05 15:35:03,152.5284,170.976,165.35596,-5.620044,167.87663,-3.0993662,162.06042,-8.915571,161.74146,-9.234548,169.01971,-1.9562896
2026-04-05 15:36:03,163.2468,163.714,160.99005,-2.7239456,166.06444,2.350433,158.7531,-4.9609013,163.28462,-0.4293827,163.15614,-0.5578667
2026-04-05 15:37:03,165.7074,155.1179,159.65858,4.540685,162.82022,7.702321,154.6378,-0.48010427,161.48912,6.3712173,156.11319,0.995284
2026-04-05 15:38:03,173.5752,153.6516,157.4737,3.8220916,163.19653,9.54494,157.44409,3.7924995,161.79198,8.140388,155.76271,2.1111207
2026-04-05 15:39:03,189.584,153.6516,157.89642,4.2448273,164.39037,10.738771,161.31699,7.6653905,162.72903,9.077437,156.31389,2.662285
2026-04-05 15:40:03,181.142,160.3809,160.76137,0.38047,169.87923,9.498323,170.18027,9.799357,165.76302,5.3821034,162.63692,2.256007
2026-04-05 15:41:03,170.0924,151.7795,153.37714,1.597638,163.35518,11.575677,161.4384,9.658905,161.05948,9.279985,154.38673,2.6072433
2026-04-05 15:42:03,161.82,146.0437,151.79076,5.747061,159.67957,13.635867,155.38855,9.344843,158.15753,12.113837,149.26483,3.2211325
2026-04-05 15:43:03,155.0337,148.806,156.25958,7.45358,162.11026,13.304254,155.34247,6.5364656,159.64891,10.842912,152.13995,3.3339517
2026-04-05 15:44:03,155.0337,152.8848,158.67018,5.7853866,165.98686,13.102073,159.96533,7.0805297,161.729,8.844201,155.92465,3.0398593
2026-04-05 15:45:03,128.938,154.2132,161.78903,7.575844,166.77245,12.55925,161.97368,7.760478,161.24472,7.031524,156.9988,2.7855942
2026-04-05 15:46:03,117.936,149.8734,155.6289,5.7555065,162.85814,12.984742,152.93195,3.0585535,156.67801,6.804605,152.81282,2.9394174
2026-04-05 15:47:03,119.2975,158.1216,162.20723,4.085625,168.76038,10.638776,162.63358,4.511984,160.80925,2.6876497,160.3893,2.2677019
2026-04-05 15:48:03,117.8688,146.744,148.18867,1.4446751,160.25842,13.51442,155.3301,8.586091,154.72917,7.985175,149.77411,3.0301075
2026-04-05 15:49:03,134.3424,146.744,148.57347,1.829474,160.6507,13.906698,157.2534,10.509397,155.36479,8.620791,150.14119,3.397182
2026-04-05 15:50:03,159.144,146.3592,148.21123,1.8520168,161.05106,14.69185,155.90204,9.542827,155.72021,9.36101,149.84418,3.4849644
2026-04-05 15:51:03,170.2388,151.6968,154.6704,2.973597,165.6805,13.983707,160.7718,9.075017,159.14815,7.4513526,154.83879,3.1420045
2026-04-05 15:52:03,156.7776,145.9744,150.84665,4.8722463,161.44785,15.473442,156.14311,10.16871,156.33163,10.357237,149.43149,3.4570982
2026-04-05 15:53:03,162.5392,150.014,156.64423,6.630225,164.07796,14.063945,158.00256,7.988553,157.33429,7.3202834,153.32632,3.3123097
2026-04-05 15:54:03,143.5548,148.6332,152.13084,3.4976516,163.94211,15.308917,157.96288,9.329679,158.1552,9.5219965,152.08577,3.4525788
2026-04-05 15:55:03,143.5548,140.42,147.72342,7.3034277,158.0193,17.599304,150.35052,9.930534,153.69955,13.279564,144.63771,4.2177076
2026-04-05 15:56:03,154.836,126.54,137.53006,10.990066,149.07474,22.534739,138.94864,12.408645,146.39093,19.850933,131.85205,5.3120546
2026-04-05 15:57:03,146.6608,137.7488,147.29094,9.542139,158.19522,20.44643,149.40106,11.652269,154.79553,17.046736,143.12325,5.3744473
2026-04-05 15:58:03,166.144,140.6,148.25656,7.6565623,160.19952,19.599522,150.53639,9.936386,156.5909,15.990897,145.8324,5.232391
2026-04-05 15:59:03,177.3072,140.6,149.97826,9.378246,159.86833,19.26832,149.14731,8.547299,156.01303,15.413026,145.64542,5.045408
2026-04-05 16:00:03,182.754,140.6,151.95158,11.351575,159.07599,18.475977,150.14243,9.542413,154.57451,13.974508,145.53629,4.936286
2026-04-05 16:01:03,166.1204,146.1408,159.11722,12.976422,163.27853,17.13774,154.99431,8.853514,157.78305,11.642252,150.69705,4.5562654
2026-04-05 16:02:03,182.468,171.166,177.04408,5.8780775,181.94006,10.77406,179.96323,8.797229,171.03018,-0.13581304,173.38335,2.217345
2026-04-05 16:03:03,163.0496,171.166,169.60992,-1.5560753,178.5686,7.4026017,174.47868,3.3126843,167.20651,-3.959488,171.97665,0.81065
2026-04-05 16:04:03,143.5344,157.2928,152.84683,-4.445974,165.13588,7.8430777,158.99483,1.7020252,154.70273,-2.590065,158.41049,1.11769
2026-04-05 16:05:03,152.8943,155.8662,152.15364,-3.7125545,162.39874,6.5325418,152.83836,-3.027836,153.25146,-2.6147373,157.17487,1.3086652
2026-04-05 16:06:03,155.5887,151.6752,143.92656,-7.748641,161.28987,9.614665,151.75432,0.07911377,153.09253,1.4173235,153.53436,1.8591663
2026-04-05 16:07:03,152.8507,151.5672,144.82794,-6.7392507,160.93715,9.369953,149.59253,-1.9746673,153.25049,1.683282,153.68349,2.1162934
2026-04-05 16:08:03,163.8351,123.6752,125.83564,2.1604357,141.42023,17.745026,122.9279,-0.7473029,138.9923,15.3171,128.08084,4.4056425
2026-04-05 16:09:03,180.2775,129.168,137.24745,8.079454,147.8606,18.692596,129.13936,-0.02864703,145.29398,16.125982,134.216,5.048002
2026-04-05 16:10:03,186.0138,123.5344,132.71877,9.18437,146.39397,22.859568,129.78166,6.2472625,144.40834,20.873941,129.23228,5.697882
2026-04-05 16:11:03,184.8528,127.7003,138.35968,10.659371,152.1193,24.418999,135.9143,8.214004,149.03647,21.336159,133.5463,5.8459964
2026-04-05 16:12:03,165.7192,133.228,143.64633,10.41834,154.82925,21.601265,140.17511,6.9471064,151.16248,17.934477,138.83679,5.608799
2026-04-05 16:13:03,160.3068,130.4883,137.99542,7.507121,150.76736,20.279068,140.10234,9.614049,147.1022,16.6139,135.9891,5.5008063
2026-04-05 16:14:03,141.0,127.7731,139.11115,11.338042,148.27644,20.503344,140.0818,12.308701,145.54175,17.76865,133.29903,5.525927
2026-04-05 16:15:03,124.3264,125.0361,135.67883,10.64273,147.25914,22.223038,137.27802,12.241917,144.62492,19.588823,130.77132,5.735216
2026-04-05 16:16:03,138.1996,134.7264,142.8497,8.123301,154.04703,19.320635,144.056,9.329605,150.62094,15.894539,140.02295,5.296561
2026-04-05 16:17:03,138.2094,140.24,148.36694,8.126938,158.44783,18.207829,148.79674,8.55673,154.64359,14.403577,144.91412,4.674121
2026-04-05 16:18:03,141.03,140.17,147.95352,7.783531,157.43463,17.264639,148.58583,8.415827,153.13387,12.963863,144.5278,4.3578105
2026-04-05 16:19:03,141.15,158.0418,158.65892,0.61713105,170.85704,12.815245,161.51335,3.4715621,163.01375,4.971958,160.76903,2.7272303
2026-04-05 16:20:03,157.9536,148.4106,148.37346,-0.03713359,162.55171,14.141119,149.20503,0.7944322,155.77975,7.36916,151.10445,2.6938422
2026-04-05 16:21:03,140.085,140.07,141.9277,1.8576976,155.88025,15.81024,145.01495,4.944943,150.38115,10.311149,143.40337,3.3333604
2026-04-05 16:22:03,155.474,140.07,143.76814,3.6981378,156.17819,16.10819,147.84177,7.7717595,150.73576,10.665758,143.71579,3.6457777
2026-04-05 16:23:03,163.8616,134.6304,138.13815,3.5077505,152.76505,18.134645,143.91025,9.279854,148.64853,14.018134,138.76967,4.139263
2026-04-05 16:24:03,180.48,137.5528,144.39195,6.8391542,156.63934,19.086546,146.66325,9.110461,152.80696,15.254166,141.84439,4.291591
2026-04-05 16:25:03,177.66,118.3728,129.64615,11.273338,145.96533,27.59253,131.80742,13.434609,143.67645,25.303654,124.07997,5.7071695
2026-04-05 16:26:03,188.672,129.72,141.52368,11.803686,156.29973,26.579727,144.91318,15.193184,153.48259,23.762587,135.47105,5.7510533
2026-04-05 16:27:03,180.5568,132.8596,144.88733,12.027725,158.40613,25.546518,149.074,16.214409,155.75623,22.89663,138.39491,5.5353055
2026-04-05 16:28:03,176.4875,135.8976,145.28479,9.387188,161.34814,25.450552,149.14836,13.250756,158.56439,22.666801,141.11307,5.2154756
2026-04-05 16:29:03,176.525,138.866,147.27205,8.406051,160.52695,21.660942,149.42458,10.558578,156.9827,18.116703,143.70189,4.8358874
2026-04-05 16:30:03,159.9402,150.1596,153.81255,3.6529372,167.57846,17.41886,152.91307,2.7534564,161.85071,11.691104,153.9356,3.7759914
2026-04-05 16:31:03,151.6404,147.4304,149.01839,1.5879886,164.79457,17.36417,156.97192,9.541522,158.71352,11.283114,150.65837,3.2279658
2026-04-05 16:32:03,159.9628,143.2281,147.21498,3.986877,160.74835,17.520252,151.83841,8.610306,155.47533,12.247229,146.25934,3.031239
2026-04-05 16:33:03,150.0218,144.585,146.56967,1.9846656,161.10231,16.517303,154.59573,10.010733,154.43405,9.849052,147.09642,2.5114121
2026-04-05 16:34:03,161.0022,141.65,146.69159,5.0416017,159.9653,18.315311,150.61334,8.9633465,154.54413,12.8941345,143.86894,2.2189457
2026-04-05 16:35:03,167.7067,152.5284,154.46063,1.9322393,168.337,15.808612,162.59164,10.063247,160.30692,7.778521,152.93004,0.40163794
2026-04-05 16:36:03,161.9545,163.2468,163.22818,-0.018611768,175.08614,11.839347,166.44247,3.195676,165.35498,2.10819,160.36095,-2.8858523
2026-04-05 16:37:03,163.154,165.7074,163.2543,-2.4531002,175.04305,9.335646,164.56662,-1.1407818,163.45256,-2.254844,159.31607,-6.3913217
2026-04-05 16:38:03,171.2636,173.5752,168.6133,-4.961897,178.04681,4.4716177,170.43834,-3.136856,164.75565,-8.819557,163.87184,-9.70335
2026-04-05 16:39:03,164.3148,189.584,178.21909,-11.364909,184.5204,-5.0636053,183.10611,-6.4778895,171.85425,-17.729755,174.5426,-15.041402
2026-04-05 16:40:03,164.3148,181.142,167.26166,-13.880336,177.22346,-3.9185388,175.92328,-5.21872,166.07841,-15.063585,164.47128,-16.670708
2026-04-05 16:41:03,166.957,170.0924,157.26138,-12.831018,167.71373,-2.3786747,166.21205,-3.8803582,158.4509,-11.641509,154.38098,-15.711418
2026-04-05 16:42:03,172.1877,161.82,150.79254,-11.027466,161.15567,-0.66434443,157.18813,-4.631878,153.96494,-7.8550673,148.01598,-13.804029
2026-04-05 16:43:03,162.4,155.0337,148.6139,-6.4197936,159.40027,4.366567,156.2777,1.2439873,155.45915,0.42544642,143.67316,-11.360543
2026-04-05 16:44:03,158.2226,155.0337,152.51633,-2.5173824,159.93817,4.904467,156.03516,1.0014515,157.40288,2.369171,145.13493,-9.898769
2026-04-05 16:45:03,173.2776,128.938,133.8723,4.9343,141.14407,12.206069,132.20964,3.2716384,144.32549,15.387486,124.43213,-4.5058737
2026-04-05 16:46:03,165.1528,117.936,134.96533,17.029337,135.49362,17.557629,128.10077,10.164778,137.75833,19.822332,116.60084,-1.3351581
2026-04-05 16:47:03,165.5186,119.2975,142.19026,22.892767,137.41267,18.115175,135.28162,15.984118,139.14731,19.849812,119.19329,-0.104208976
2026-04-05 16:48:03,161.5175,117.8688,142.53244,24.663643,139.01077,21.141972,143.1438,25.274994,139.82721,21.958416,118.67267,0.80387366
2026-04-05 16:49:03,150.5918,134.3424,158.5635,24.221092,149.87952,15.537105,153.58762,19.245214,150.04149,15.699081,134.02203,-0.32037657
2026-04-05 16:50:03,156.1548,159.144,176.28537,17.141373,165.69981,6.555819,175.76117,16.617167,160.79045,1.6464554,155.19461,-3.9493918
2026-04-05 16:51:03,156.1548,170.2388,181.78087,11.542069,172.01468,1.7758824,190.14793,19.909132,165.64954,-4.5892673,161.37425,-8.864551
2026-04-05 16:52:03,160.3182,156.7776,165.68903,8.91143,159.51819,2.74058,174.80687,18.029272,154.41954,-2.3580663,147.43584,-9.341766
2026-04-05 16:53:03,158.9684,162.5392,165.54019,3.0009897,162.56758,0.02837791,175.6638,13.1245985,157.48564,-5.0535574,151.62068,-10.91852
2026-04-05 16:54:03,161.7245,143.5548,151.51292,7.958131,148.26218,4.707383,158.20078,14.64598,146.07529,2.5204964,135.30722,-8.24758
2026-04-05 16:55:03,154.792,143.5548,152.11612,8.561329,149.24504,5.690249,157.44768,13.892889,147.25534,3.7005515,136.77315,-6.781651
2026-04-05 16:56:03,149.2268,154.836,161.15524,6.319242,157.19182,2.3558195,161.7664,6.9304013,152.60254,-2.2334602,146.41418,-8.421808
2026-04-05 16:57:03,140.82,146.6608,149.22552,2.5647333,149.66374,3.0029511,152.16028,5.4994884,145.63551,-1.0252784,138.65887,-8.00193
2026-04-05 16:58:03,154.616,166.144,165.02342,-1.1205697,163.34892,-2.7950764,167.94572,1.8017242,157.27994,-8.864066,154.92526,-11.218741
2026-04-05 16:59:03,151.848,177.3072,168.60541,-8.701802,171.93059,-5.376622,175.2651,-2.0420995,162.65811,-14.6490965,162.42622,-14.880975
2026-04-05 17:00:03,157.4944,182.754,164.91763,-17.836365,174.47115,-8.282852,180.17014,-2.5838602,163.52289,-19.23111,163.94144,-18.812565
2026-04-05 17:01:03,160.3752,166.1204,149.31381,-16.8066,159.57742,-6.54299,159.64908,-6.471323,152.35582,-13.764594,148.26085,-17.859554
2026-04-05 17:02:03,163.1772,182.468,160.05925,-22.408747,173.58934,-8.878665,169.10071,-13.3673,164.29599,-18.172014,162.90746,-19.56055
2026-04-05 17:03:03,166.0732,163.0496,140.90092,-22.14868,158.42863,-4.6209755,155.88763,-7.1619797,153.26018,-9.789434,147.57864,-15.470966
2026-04-05 17:04:03,166.1676,143.5344,130.59048,-12.94391,142.6059,-0.9284984,137.89029,-5.6441007,142.95326,-0.5811354,134.81827,-8.716122
2026-04-05 17:05:03,171.6296,152.8943,146.25082,-6.643485,152.40463,-0.4896718,149.583,-3.3113139,152.39128,-0.50302684,147.24658,-5.6477213
2026-04-05 17:06:03,171.532,155.5887,148.11255,-7.476157,157.03882,1.4501224,152.44531,-3.1433885,156.98015,1.3914487,151.5449,-4.0437922
2026-04-05 17:07:03,168.672,152.8507,145.00368,-7.8470187,154.02603,1.175345,146.77232,-6.078365,153.62213,0.77144134,149.97427,-2.8764126
2026-04-05 17:08:03,152.0208,163.8351,153.53316,-10.301934,162.45157,-1.383537,156.33817,-7.4969373,159.65909,-4.1760097,160.18732,-3.647778
2026-04-05 17:09:03,160.3524,180.2775,157.8377,-22.439787,175.99513,-4.282361,171.61038,-8.667107,168.72423,-11.553267,173.63211,-6.6453857
2026-04-05 17:10:03,168.792,186.0138,160.00087,-26.012928,179.84964,-6.1641507,176.88698,-9.126813,169.37912,-16.634672,176.94786,-9.065928
2026-04-05 17:11:03,169.056,184.8528,157.06808,-27.784708,177.28738,-7.565411,174.15121,-10.701585,164.95645,-19.896353,174.40016,-10.452643
2026-04-05 17:12:03,180.3776,165.7192,137.16025,-28.558949,161.03918,-4.6800137,156.24316,-9.476027,153.06876,-12.650429,157.71509,-8.004098
2026-04-05 17:13:03,180.3776,160.3068,133.3067,-27.0001,157.15988,-3.146906,154.97523,-5.331559,151.2921,-9.014693,154.48137,-5.8254285
2026-04-05 17:14:03,185.988,141.0,121.51019,-19.489803,144.80774,3.8077362,136.2622,-4.7377987,142.87161,1.8716176,138.6438,-2.3562033
2026-04-05 17:15:03,177.6978,124.3264,112.2244,-12.101997,136.13559,11.809181,122.79891,-1.5274858,135.96709,11.640685,125.216675,0.8902735
2026-04-05 17:16:03,165.1689,138.1996,128.38365,-9.815953,146.87337,8.673761,124.9141,-13.285499,146.47076,8.271168,139.20395,1.0043417
2026-04-05 17:17:03,141.44,138.2094,128.10544,-10.103957,147.93144,9.722047,130.39688,-7.812508,147.04172,8.832317,139.28983,1.0804241
2026-04-05 17:18:03,131.6229,141.03,130.60493,-10.425064,149.38312,8.353111,132.3894,-8.640599,147.89932,6.86932,141.6931,0.6631034
2026-04-05 17:19:03,124.6608,141.15,131.81796,-9.332038,148.20807,7.0580688,126.24368,-14.906308,146.12602,4.976034,141.51091,0.36091956
2026-04-05 17:20:03,133.1228,157.9536,144.55551,-13.398085,161.5206,3.5669985,147.13857,-10.81504,157.85008,-0.10351418,156.23141,-1.7221848
2026-04-05 17:21:03,135.9552,140.085,126.856926,-13.228083,146.43925,6.3542423,131.86304,-8.221973,144.12917,4.0441556,139.22864,-0.8563684
2026-04-05 17:22:03,152.712,155.474,136.4973,-18.976704,157.99559,2.5215886,143.31966,-12.154337,154.34491,-1.1290962,153.33562,-2.1383817
2026-04-05 17:23:03,155.54,163.8616,139.39185,-24.46975,164.39415,0.532543,144.98854,-18.873066,159.3136,-4.548004,160.08383,-3.7777648
2026-04-05 17:24:03,155.54,180.48,146.98,-33.5,176.92386,-3.556133,159.8333,-20.646694,166.77795,-13.702045,173.18301,-7.296984
2026-04-05 17:25:03,166.6396,177.66,137.08531,-40.57469,171.7916,-5.8684125,153.0872,-24.572794,161.1001,-16.559914,168.71277,-8.947235
2026-04-05 17:26:03,174.9888,188.672,139.0916,-49.5804,179.24892,-9.423085,156.21112,-32.46087,167.57225,-21.099747,176.77917,-11.892817
2026-04-05 17:27:03,183.378,180.5568,127.81659,-52.7402,171.26462,-9.292183,143.9851,-36.57168,160.2601,-20.29669,168.4853,-12.071481
2026-04-05 17:28:03,180.7616,176.4875,124.6331,-51.854397,167.90605,-8.581452,136.1788,-40.308697,157.82175,-18.665758,164.91112,-11.576392
2026-04-05 17:29:03,172.4836,176.525,124.280975,-52.244022,168.06714,-8.457851,137.9609,-38.564095,158.84148,-17.683521,165.00822,-11.516769
2026-04-05 17:30:03,172.4714,159.9402,113.02031,-46.919895,155.5034,-4.4367957,126.24489,-33.695312,148.42369,-11.516512,151.29704,-8.643162
2026-04-05 17:31:03,159.9854,151.6404,113.1741,-38.466293,151.25677,-0.3836149,122.74079,-28.899607,145.10733,-6.5330586,145.81631,-5.8240857
2026-04-05 17:32:03,155.749,159.9628,120.73865,-39.224155,160.63628,0.6734816,132.31618,-27.646618,155.41592,-4.5468807,154.39534,-5.5674644
2026-04-05 17:33:03,158.4576,150.0218,110.102585,-39.91922,153.73001,3.7082052,124.27438,-25.747423,152.57487,2.553074,145.49683,-4.524971
2026-04-05 17:34:03,158.4576,161.0022,120.74246,-40.25974,162.68373,1.6815362,129.16098,-31.841211,161.6091,0.60690284,155.58968,-5.4125233
2026-04-05 17:37:03,150.043,167.7067,121.23035,-46.47635,167.20374,-0.50295997,133.63019,-34.07651,165.3167,-2.390002,160.70259,-7.004112
2026-04-05 17:38:03,154.0824,161.9545,114.5859,-47.3686,163.4441,1.4896047,124.38099,-37.57351,163.87288,1.9183743,155.14882,-6.8056793
2026-04-05 17:39:03,145.5596,163.154,121.91603,-41.237972,163.59317,0.4391655,123.235664,-39.918343,162.93625,-0.21775733,156.05208,-7.101934
2026-04-05 17:40:03,144.0648,171.2636,130.099,-41.16459,170.11348,-1.1501178,131.32104,-39.942543,169.299,-1.9645951,162.98103,-8.282556
2026-04-05 17:41:03,146.7856,164.3148,119.4279,-44.886906,164.46268,0.14787604,126.20071,-38.114098,164.36682,0.05201127,156.23653,-8.078284
2026-04-05 17:42:03,166.1676,164.3148,122.32814,-41.986668,163.0467,-1.2680931,122.6203,-41.6945,162.74413,-1.5706812,156.29358,-8.021219
2026-04-05 17:43:03,174.468,166.957,121.82887,-45.128128,165.61928,-1.3377222,124.22243,-42.734577,165.95016,-1.0068414,158.9528,-8.004203
2026-04-05 17:44:03,180.1216,172.1877,120.21022,-51.97748,167.47498,-4.7127185,127.02704,-45.160664,166.64981,-5.537884,162.47281,-9.714888
2026-04-05 17:45:03,180.1728,162.4,108.223465,-54.176525,159.2282,-3.171806,116.68646,-45.713535,160.97516,-1.4248284,153.09,-9.309995
2026-04-05 17:46:03,169.248,158.2226,104.433105,-53.789494,155.0824,-3.1401932,116.09099,-42.13161,157.86597,-0.35663414,149.64694,-8.57565
2026-04-05 17:47:03,169.248,173.2776,114.698944,-58.57866,166.41718,-6.8604336,121.12525,-52.15235,165.71504,-7.562559,162.68214,-10.595464
2026-04-05 17:48:03,147.264,165.1528,106.23912,-58.913677,159.0061,-6.146702,114.216385,-50.936413,161.7067,-3.4461024,154.46812,-10.684679
2026-04-05 17:49:03,150.1808,165.5186,106.84583,-58.672768,159.32693,-6.1916704,114.90445,-50.614147,163.15646,-2.3621318,154.48619,-11.032412
2026-04-05 17:50:03,153.036,161.5175,104.16452,-57.352985,155.36562,-6.15189,107.15205,-54.365456,160.83885,-0.6786511,150.92294,-10.594553
2026-04-05 17:51:03,166.9464,150.5918,92.48392,-58.107876,148.91284,-1.6789526,98.17331,-52.41849,157.4158,6.8240023,142.02312,-8.568686
2026-04-05 17:52:03,175.1252,156.1548,102.58466,-53.570137,153.50313,-2.6516707,111.15365,-45.001152,160.74324,4.5884423,147.51457,-8.640226
2026-04-05 17:53:03,183.378,156.1548,103.30397,-52.850834,154.28775,-1.8670425,113.55126,-42.60354,159.81798,3.6631825,147.47768,-8.67712
2026-04-05 17:54:03,180.608,160.3182,107.336395,-52.981815,160.41324,0.095028535,112.351166,-47.967045,165.21886,4.9006453,151.05836,-9.259846
2026-04-05 17:55:03,169.584,158.9684,108.64389,-50.324512,161.00449,2.036094,110.86058,-48.10782,164.46704,5.4986353,149.65468,-9.313715
2026-04-05 17:56:03,158.48,161.7245,108.06122,-53.66328,163.61418,1.8896748,115.173645,-46.550858,165.00706,3.2825685,151.73622,-9.98828
2026-04-05 17:57:03,153.0144,154.792,101.49994,-53.292065,160.75554,5.9635277,109.08304,-45.708965,163.93243,9.140433,145.46672,-9.325283
2026-04-05 17:58:03,153.0144,149.2268,98.99827,-50.22854,159.12465,9.897844,103.88022,-45.346592,162.52701,13.300204,141.09164,-8.13516
2026-04-05 17:59:03,150.2338,140.82,95.996475,-44.82353,154.46735,13.647335,99.82228,-40.99773,157.92018,17.100178,133.92796,-6.8920403
2026-04-05 18:00:03,148.8585,154.616,110.770134,-43.845863,166.05359,11.437587,116.21308,-38.402916,167.7177,13.101698,146.55734,-8.058651
2026-04-05 18:01:03,158.648,151.848,105.56447,-46.283543,164.16217,12.3141575,111.388626,-40.459385,165.31989,13.471884,143.54317,-8.304843
2026-04-05 18:02:03,164.2792,157.4944,108.58717,-48.90723,167.53067,10.0362625,114.9588,-42.535603,166.79167,9.297271,148.30048,-9.193918
2026-04-05 18:03:03,167.0644,160.3752,110.4272,-49.947998,168.97034,8.595132,116.76053,-43.614666,166.19458,5.8193827,150.21642,-10.158789
2026-04-05 18:04:03,167.1824,163.1772,111.492676,-51.68452,171.35757,8.180378,120.64361,-42.533592,167.37907,4.201875,151.95589,-11.221316
2026-04-05 18:05:03,167.3004,166.0732,111.275536,-54.79766,173.23438,7.161174,121.70102,-44.37218,168.40298,2.32979,153.68861,-12.384589
2026-04-05 18:06:03,150.6472,166.1676,108.72055,-57.447056,173.91563,7.7480326,122.836754,-43.33085,170.37175,4.2041535,153.36685,-12.800754
2026-04-05 18:07:03,153.692,171.6296,108.3656,-63.263992,176.20871,4.5791106,124.13542,-47.494167,171.16919,-0.46040004,157.14883,-14.480757
2026-04-05 18:08:03,140.0,171.532,107.26844,-64.26356,174.14052,2.6085203,120.84154,-50.690456,168.87737,-2.6546257,156.06845,-15.46355
2026-04-05 18:09:03,140.0,168.672,104.83721,-63.834785,171.97742,3.3054233,119.92255,-48.749454,168.64897,-0.02302417,153.00423,-15.6677685
2026-04-05 18:10:03,145.6016,152.0208,90.675934,-61.344864,158.57138,6.550585,104.782974,-47.23782,159.94188,7.9210835,139.12775,-12.893047
2026-04-05 18:11:03,153.44,160.3524,102.367905,-57.9845,165.80376,5.4513583,113.36372,-46.98868,165.50273,5.1503267,147.22792,-13.124479
2026-04-05 18:12:03,154.6272,168.792,113.88133,-54.910675,174.57106,5.779049,124.5602,-44.231804,172.68475,3.8927455,154.31708,-14.474931
2026-04-05 18:13:03,158.4828,169.056,117.574,-51.482002,174.9641,5.9080925,121.381516,-47.674488,172.02606,2.97006,153.8385,-15.217504
2026-04-05 18:14:03,162.0172,180.3776,126.80607,-53.571526,183.77794,3.400348,130.39359,-49.984016,176.51984,-3.8577588,162.90048,-17.47712
2026-04-05 18:15:03,152.4096,180.3776,130.08853,-50.289055,184.55663,4.179031,131.03015,-49.34745,176.48701,-3.8905795,161.63731,-18.740274
2026-04-05 18:16:03,160.8456,185.988,136.17769,-49.810314,188.19824,2.2102363,135.76346,-50.22455,176.85591,-9.132095,165.30582,-20.682194
2026-04-05 18:17:03,150.012,177.6978,123.40492,-54.292873,180.84532,3.1475232,129.03568,-48.662117,169.84348,-7.8543286,157.4863,-20.211506
2026-04-05 18:18:03,141.9636,165.1689,112.64054,-52.52836,170.85547,5.6865706,120.82118,-44.347717,162.22136,-2.9475355,147.12558,-18.043325
2026-04-05 18:19:03,153.44,141.44,95.40797,-46.032036,151.97037,10.53036,104.70917,-36.73083,149.73729,8.297291,128.36731,-13.072686
2026-04-05 18:20:03,153.44,131.6229,91.876785,-39.74611,144.87535,13.252461,102.07164,-29.551252,146.00912,14.38623,122.34099,-9.281907
2026-04-05 18:21:03,174.304,124.6608,93.07404,-31.586752,141.53961,16.878813,99.46619,-25.194607,146.92604,22.265247,118.080444,-6.5803537
2026-04-05 18:22:03,169.0368,133.1228,106.987755,-26.135048,149.17256,16.049765,112.28434,-20.83846,152.43369,19.310875,126.706406,-6.4164
2026-04-05 18:23:03,178.1208,135.9552,109.27461,-26.680584,151.43175,15.476545,114.83292,-21.122288,154.14893,18.19373,128.873,-7.082193
2026-04-05 18:24:03,175.448,152.712,128.76123,-23.950768,164.918,12.205998,129.80582,-22.906195,161.81381,9.10181,142.78905,-9.922953
2026-04-05 18:25:03,160.9638,155.54,129.89249,-25.647505,165.29956,9.759574,132.69789,-22.842102,160.15128,4.611276,143.20436,-12.335633
2026-04-05 18:26:03,131.0736,155.54,126.23442,-29.305573,164.17996,8.639974,135.34976,-20.19023,159.02672,3.4867306,141.70447,-13.835528
2026-04-05 18:27:03,136.3141,166.6396,134.16858,-32.471024,172.39758,5.7579784,142.04886,-24.590752,162.3395,-4.3001156,149.69705,-16.942549
2026-04-05 18:28:03,130.5296,174.9888,137.01512,-37.97368,179.03589,4.047091,147.02455,-27.964247,165.5376,-9.451202,154.7869,-20.201906
2026-04-05 18:29:03,141.54,183.378,145.29907,-38.07893,185.68582,2.3078094,150.88226,-32.495747,169.11288,-14.265124,159.56232,-23.815693
2026-04-05 18:30:03,147.056,180.7616,136.52269,-44.238907,183.57043,2.8088443,142.7571,-38.0045,167.2367,-13.5249,156.21646,-24.545132
2026-04-05 18:31:03,153.9734,172.4836,128.94847,-43.535122,175.86853,3.3849277,134.66382,-37.819775,161.17471,-11.308886,149.12074,-23.362856
2026-04-05 18:32:03,153.9734,172.4714,132.26398,-40.20742,176.29369,3.8222854,134.72932,-37.742085,162.46315,-10.008262,149.6742,-22.797203
2026-04-05 18:33:03,152.5716,159.9854,122.882706,-37.102695,166.63336,6.6479707,123.75889,-36.22651,157.41846,-2.566946,139.54674,-20.438654
2026-04-05 18:34:03,141.47,155.749,120.06784,-35.681156,162.97562,7.226631,120.63337,-35.115623,155.07947,-0.6695306,137.03094,-18.718044
2026-04-05 18:35:03,135.936,158.4576,125.39541,-33.062187,164.89435,6.436759,124.25601,-34.20158,154.58005,-3.877554,139.87639,-18.581207
2026-04-05 18:36:03,150.977,158.4576,128.55302,-29.90457,165.18028,6.7226925,126.38631,-32.071285,154.44781,-4.009781,139.8984,-18.55919
2026-04-05 18:37:03,153.6682,150.043,120.81872,-29.224283,158.40625,8.363244,125.274216,-24.768787,150.59317,0.55017203,132.86282,-17.180168
2026-04-05 18:38:03,163.154,154.0824,125.96522,-28.117182,162.95152,8.869124,132.7976,-21.284788,154.79523,0.71283406,137.07019,-17.012201
2026-04-05 18:39:03,173.972,145.5596,120.24958,-25.31002,157.91005,12.350445,125.49697,-20.06263,153.54214,7.9825373,130.07045,-15.489155
2026-04-05 18:40:03,176.6016,144.0648,121.928795,-22.136007,156.08636,12.021558,120.12755,-23.937256,154.57414,10.509339,129.34674,-14.718068
2026-04-05 18:41:03,183.3083,146.7856,123.17032,-23.615276,158.79094,12.005342,119.28374,-27.501865,158.6786,11.893006,131.57198,-15.213619
2026-04-05 18:42:03,185.9207,166.1676,139.89497,-26.272633,172.68594,6.5183334,134.75084,-31.416767,168.63612,2.4685202,146.91344,-19.25417
2026-04-05 18:43:03,185.9207,174.468,141.62076,-32.847237,177.3213,2.8533003,137.70496,-36.76305,170.69812,-3.769877,151.38678,-23.081224
2026-04-05 18:44:03,164.0925,180.1216,141.80548,-38.31611,178.83183,-1.289764,141.56693,-38.55468,167.36023,-12.761368,153.65587,-26.465725
2026-04-05 18:45:03,169.4363,180.1728,140.30717,-39.865627,175.48201,-4.6907887,139.31589,-40.85692,162.16698,-18.005833,151.40079,-28.772024
2026-04-05 18:46:03,155.6775,169.248,124.4039,-44.844097,167.12097,-2.1270313,131.10413,-38.14388,156.3722,-12.8758135,141.24982,-27.998182
2026-04-05 18:47:03,159.5316,169.248,127.543526,-41.704475,165.58165,-3.6663551,125.09729,-44.150707,158.50018,-10.747817,141.48463,-27.763367
2026-04-05 18:48:03,161.6576,147.264,108.84097,-38.423035,150.43481,3.1708143,107.044846,-40.219162,147.81078,0.54676527,123.99226,-23.271744
2026-04-05 18:49:03,164.2696,150.1808,112.08577,-38.09503,152.24582,2.0650191,111.703766,-38.47704,150.40225,0.22144343,127.92639,-22.254412
2026-04-05 18:50:03,149.4776,153.036,116.28157,-36.75443,154.15443,1.1184392,111.42976,-41.606228,152.64192,-0.3940716,130.44357,-22.59242
2026-04-05 18:51:03,135.3978,166.9464,131.54251,-35.403893,163.9086,-3.037795,121.26068,-45.685715,158.4614,-8.4850025,141.74287,-25.203526
2026-04-05 18:52:03,119.756,175.1252,132.26782,-42.857376,166.1249,-9.000305,126.161285,-48.96391,156.37738,-18.747824,146.48941,-28.635784
2026-04-05 18:53:03,107.4336,183.378,134.49127,-48.886726,168.54373,-14.834279,134.70184,-48.676163,156.40833,-26.969673,151.14864,-32.22937
2026-04-05 18:54:03,107.4336,180.608,129.34296,-51.265045,163.09251,-17.515493,131.78743,-48.820576,153.27426,-27.333736,146.80594,-33.802063
2026-04-05 18:55:03,82.563,169.584,118.09372,-51.490284,155.93881,-13.6451845,124.62764,-44.95636,152.45348,-17.130526,137.42897,-32.155033
2026-04-05 18:56:03,77.2559,158.48,109.359825,-49.12017,146.7859,-11.694091,117.26625,-41.21375,147.8381,-10.641887,129.24872,-29.231285
2026-04-05 18:57:03,75.1109,153.0144,108.27205,-44.742355,144.9935,-8.020912,113.06719,-39.947212,147.30133,-5.713069,126.91859,-26.095816
2026-04-05 18:58:03,74.032,153.0144,111.79523,-41.21918,144.763,-8.251411,115.152145,-37.862263,145.28442,-7.729985,128.49911,-24.515291
2026-04-05 18:59:03,74.032,150.2338,112.17403,-38.05977,140.459,-9.7747965,109.391594,-40.8422,139.6132,-10.620594,126.78598,-23.447817
2026-04-05 19:00:03,71.8964,148.8585,112.52756,-36.330948,134.51788,-14.34062,108.74048,-40.11803,129.50998,-19.348534,126.20136,-22.657145
2026-04-05 19:01:03,69.7686,158.648,125.57057,-33.07742,132.54655,-26.101444,114.39773,-44.250267,126.58099,-32.067005,134.42654,-24.221458
2026-04-05 19:02:03,67.6352,164.2792,125.69992,-38.57928,130.83398,-33.44522,121.00929,-43.26991,124.689186,-39.59002,137.80399,-26.475224
2026-04-05 19:03:03,63.396,167.0644,124.447365,-42.617043,126.364395,-40.700016,123.4348,-43.62961,121.98034,-45.08407,138.11235,-28.952055
2026-04-05 19:04:03,59.1472,167.1824,119.816086,-47.36632,127.52687,-39.655537,125.02687,-42.155533,122.24158,-44.940826,136.90443,-30.277973
2026-04-05 19:05:03,59.1472,167.3004,116.927315,-50.373085,128.80244,-38.49796,121.06102,-46.23938,124.6848,-42.6156,135.86053,-31.439873
2026-04-05 19:06:03,57.0132,150.6472,101.10715,-49.54006,124.38736,-26.259838,108.28218,-42.365025,120.592026,-30.055178,121.82572,-28.821482
2026-04-05 19:07:03,54.8808,153.692,106.19095,-47.501053,126.14787,-27.544125,111.4612,-42.230804,122.57004,-31.121962,125.33455,-28.357454
2026-04-05 19:08:03,53.8203,140.0,95.90178,-44.098225,121.84932,-18.150677,101.86934,-38.13066,121.07321,-18.926785,114.70562,-25.294382
2026-04-05 19:09:03,48.3408,140.0,102.3484,-37.651604,120.74019,-19.259808,100.44526,-39.55474,120.16221,-19.83779,116.004684,-23.995316
2026-04-05 19:10:03,46.201,145.6016,106.23932,-39.362278,117.32188,-28.279718,104.37895,-41.222637,116.22883,-29.372766,120.59732,-25.004272
2026-04-05 19:11:03,42.066,153.44,110.80555,-42.634453,118.3448,-35.095196,110.37207,-43.067932,116.02312,-37.416885,126.49597,-26.944035
2026-04-05 19:12:03,38.1152,154.6272,106.41638,-48.21081,109.4935,-45.1337,108.70198,-45.925217,105.10859,-49.51861,126.123795,-28.503403
2026-04-05 19:13:03,32.6742,158.4828,107.39526,-51.087543,102.94075,-55.542053,110.4607,-48.022102,102.436844,-56.045963,128.2446,-30.238209
2026-04-05 19:14:03,29.268,162.0172,110.49021,-51.526985,99.27409,-62.7431,112.63188,-49.38532,100.50626,-61.510933,130.00087,-32.016327
2026-04-05 19:15:03,28.1292,152.4096,103.0345,-49.37511,95.08708,-57.32252,103.45489,-48.95472,96.87583,-55.533775,121.44282,-30.966791
2026-04-05 19:16:03,28.1292,160.8456,110.65279,-50.192806,93.410416,-67.43518,110.14325,-50.70235,95.494064,-65.35153,128.43813,-32.407475
2026-04-05 19:17:03,23.9725,150.012,103.00736,-47.00463,87.500725,-62.51127,101.923454,-48.08854,91.34253,-58.66946,118.85209,-31.159906
2026-04-05 19:18:03,21.2562,141.9636,96.19676,-45.76683,84.63956,-57.32403,96.054184,-45.90941,88.09703,-53.866558,112.492584,-29.471006
2026-04-05 19:19:03,16.782,153.44,106.511185,-46.928818,84.93684,-68.50317,105.46942,-47.970577,92.711044,-60.72896,121.89572,-31.544285
2026-04-05 19:20:03,11.0286,153.44,105.162704,-48.277298,85.17739,-68.26261,108.74485,-44.695152,91.58057,-61.859436,120.667694,-32.772305
2026-04-05 19:21:03,3.9144,174.304,121.464745,-52.839256,86.99573,-87.30827,123.6723,-50.631702,97.74959,-76.55441,135.76855,-38.53544
2026-04-06 07:50:03,7.5552,169.0368,112.91374,-56.123066,81.18356,-87.85324,119.14604,-49.89076,91.885284,-77.15152,128.09894,-40.937862
2026-04-06 07:51:03,7.5552,178.1208,118.640305,-59.4805,77.73356,-100.387245,128.92183,-49.198975,93.03718,-85.083626,133.26808,-44.85272
2026-04-06 07:52:03,15.3375,175.448,113.82308,-61.624916,72.968,-102.479996,126.566574,-48.881424,89.552315,-85.89568,128.70744,-46.74055
2026-04-06 07:53:03,16.965,160.9638,102.97835,-57.98546,64.93888,-96.024925,113.27472,-47.689083,82.72454,-78.239265,116.30038,-44.66343
2026-04-06 07:54:03,17.3118,131.0736,81.17707,-49.896523,64.8247,-66.24889,85.985886,-45.087704,73.55973,-57.513863,95.22084,-35.85275
2026-04-06 07:55:03,17.3294,136.3141,92.36292,-43.95118,68.590324,-67.72378,92.76628,-43.547817,79.4492,-56.864902,103.554924,-32.75918
2026-04-06 07:56:03,17.2502,130.5296,91.09723,-39.43237,69.25758,-61.272022,89.9424,-40.5872,80.82527,-49.70433,100.61503,-29.914572
2026-04-06 07:57:03,15.0912,141.54,102.77722,-38.762768,71.120026,-70.41997,96.85726,-44.68273,84.448,-57.091995,109.894844,-31.645147
2026-04-06 07:58:03,15.1936,147.056,109.17582,-37.88018,66.16843,-80.88757,97.40115,-49.654846,82.06347,-64.99253,112.92102,-34.13498
2026-04-06 07:59:03,19.028,153.9734,117.13364,-36.839767,65.266525,-88.70688,104.11954,-49.853863,82.56591,-71.40749,116.616394,-37.357006
2026-04-06 08:00:03,20.9736,153.9734,114.85365,-39.119755,60.884773,-93.08863,105.77374,-48.19966,79.73511,-74.2383,114.80328,-39.170124
2026-04-06 08:01:03,21.5595,152.5716,109.37088,-43.200714,57.748047,-94.82355,105.35875,-47.21284,76.54631,-76.02528,111.46594,-41.10565
2026-04-06 08:02:03,21.5595,141.47,95.85333,-45.616673,49.728394,-91.74161,97.5398,-43.9302,69.0402,-72.4298,100.780876,-40.689125
2026-04-06 08:03:03,23.2736,135.936,92.19394,-43.74206,52.31115,-83.624855,95.89375,-40.04225,69.876076,-66.05993,96.39879,-39.537212
2026-04-06 08:04:03,22.9762,150.977,106.726006,-44.251,56.58634,-94.39066,111.65576,-39.321243,73.4729,-77.504105,107.90001,-43.076992
2026-04-06 08:05:03,23.2934,153.6682,105.32978,-48.338417,52.471375,-101.19682,109.28671,-44.38148,70.859314,-82.80888,107.51225,-46.155945
2026-04-06 08:06:03,19.9975,163.154,111.12854,-52.025463,51.337967,-111.81604,115.99863,-47.15538,66.89991,-96.2541,112.55644,-50.59756
2026-04-06 08:07:03,23.5296,173.972,118.42232,-55.549686,45.88182,-128.09018,117.1976,-56.774395,65.2287,-108.7433,117.76875,-56.203247
2026-04-06 08:08:03,21.5776,176.6016,114.94032,-61.66127,43.211014,-133.39058,119.19926,-57.402336,62.273773,-114.32782,116.06125,-60.54034
2026-04-06 08:09:03,24.894,183.3083,116.61433,-66.69398,41.503387,-141.80492,123.583046,-59.725258,61.510223,-121.79808,118.697296,-64.61101
2026-04-06 08:10:03,26.01,185.9207,111.8266,-74.0941,40.275345,-145.64536,122.508286,-63.41241,59.375175,-126.545525,117.73728,-68.18342
2026-04-06 08:11:03,27.6556,185.9207,114.55039,-71.37031,40.397446,-145.52325,122.81451,-63.106194,59.53804,-126.38266,115.14344,-70.77726
2026-04-06 08:12:03,28.0934,164.0925,97.12368,-66.96882,35.288254,-128.80424,103.300835,-60.791664,52.781303,-111.311195,96.31719,-67.77531
2026-04-06 08:13:03,28.0934,169.4363,106.21953,-63.21677,40.528976,-128.90732,111.30593,-58.130363,56.95037,-112.48592,102.11565,-67.32065
2026-04-06 08:14:03,28.8912,155.6775,96.64096,-59.03654,38.07022,-117.607285,99.49339,-56.18411,53.429108,-102.2484,91.79045,-63.88706
2026-04-06 08:15:03,31.904,159.5316,101.76576,-57.76584,39.545166,-119.986435,101.01444,-58.51716,53.141632,-106.38997,95.53241,-63.999187
2026-04-06 08:16:03,33.256,161.6576,103.76097,-57.89662,39.021202,-122.63639,102.19081,-59.466785,51.080254,-110.57734,96.04212,-65.61547
2026-04-06 08:17:03,33.736,164.2696,104.49316,-59.77645,40.750847,-123.51876,106.64892,-57.62069,48.222107,-116.0475,96.23265,-68.03696
2026-04-06 08:18:03,34.2,149.4776,91.91783,-57.559765,31.321396,-118.156204,91.86635,-57.611256,38.515327,-110.96227,82.21196,-67.26564
2026-04-06 08:19:03,36.3584,135.3978,85.51926,-49.87854,26.736832,-108.660965,84.2894,-51.108395,32.0289,-103.3689,70.851685,-64.54611
2026-04-06 08:20:03,34.2836,119.756,77.12903,-42.626972,23.408264,-96.34773,75.07147,-44.68453,29.200722,-90.555275,60.023846,-59.73215
2026-04-06 08:21:03,33.2652,107.4336,70.6889,-36.7447,25.860023,-81.57358,71.023605,-36.409996,32.32734,-75.10626,54.455276,-52.978325
2026-04-06 08:22:03,32.2468,107.4336,75.05698,-32.37662,33.48195,-73.95165,71.70929,-35.72431,38.94935,-68.48425,58.343933,-49.08967
2026-04-06 08:23:03,32.7028,82.563,60.602303,-21.9607,31.241066,-51.321938,58.14028,-24.422722,42.91736,-39.645645,45.23352,-37.329483
2026-04-06 08:24:03,32.7028,77.2559,65.09649,-12.159409,36.534748,-40.72115,55.64305,-21.612846,47.949715,-29.306181,48.934227,-28.32167
2026-04-06 08:26:03,35.04,75.1109,68.12836,-6.9825406,42.265495,-32.845406,60.676075,-14.434826,56.668007,-18.442894,53.412697,-21.698206
2026-04-06 08:27:03,36.592,74.032,70.23502,-3.7969706,47.104443,-26.927555,65.08236,-8.94964,59.839256,-14.192743,57.061676,-16.970322
2026-04-06 08:28:03,39.272,74.032,72.93582,-1.0961747,48.025063,-26.006935,63.017796,-11.014203,57.593025,-16.438974,60.439766,-13.592234
2026-04-06 08:29:03,40.596,71.8964,72.77025,0.87384677,46.98816,-24.908243,64.98985,-6.906549,52.021744,-19.874655,61.466393,-10.430008
2026-04-06 08:30:03,42.6636,69.7686,74.500046,4.7314477,46.26091,-23.50769,67.291794,-2.4768035,48.54782,-21.220781,62.718002,-7.0505977
2026-04-06 08:31:03,43.6923,67.6352,73.00708,5.3718762,47.173042,-20.462156,71.4825,3.847301,47.24096,-20.394243,63.614143,-4.021057
2026-04-06 08:32:03,45.747,63.396,73.54675,10.150749,46.887123,-16.508879,70.833115,7.437116,45.843468,-17.552532,62.58078,-0.815219
2026-04-06 08:33:03,46.6757,59.1472,70.66557,11.518373,45.990948,-13.156255,68.51352,9.366322,45.278534,-13.8686695,61.827637,2.6804335
2026-04-06 08:34:03,47.5398,59.1472,73.38723,14.24003,47.390022,-11.757179,70.37915,11.23195,45.52674,-13.620459,64.576256,5.4290576
2026-04-06 08:35:03,47.95,57.0132,71.201965,14.188763,49.4291,-7.584099,64.74705,7.7338495,47.228165,-9.785035,65.735504,8.722302
2026-04-06 08:36:03,47.95,54.8808,71.78169,16.90089,51.04052,-3.8402784,61.688133,6.807335,47.047813,-7.8329854,67.586624,12.70583
2026-04-06 08:37:03,45.7536,53.8203,71.15307,17.33277,50.9934,-2.8269022,58.719803,4.8995004,46.516552,-7.303748,70.02713,16.206825
2026-04-06 08:38:03,43.585,48.3408,68.28036,19.939554,47.630314,-0.7104869,60.550957,12.210156,44.527565,-3.8132362,68.90022,20.559418
2026-04-06 08:39:03,42.438,46.201,67.47596,21.274961,47.58352,1.3825207,62.346645,16.145645,46.39391,0.19290784,70.857895,24.656893
2026-04-06 08:40:03,41.6724,42.066,66.23929,24.173286,45.322628,3.2566252,59.699394,17.633392,45.862156,3.796154,71.196304,29.130304
2026-04-06 08:41:03,40.8,38.1152,64.09803,25.98283,43.70892,5.59372,59.15233,21.03713,45.67293,7.557733,72.090515,33.97532
2026-04-06 08:42:03,43.3776,32.6742,61.624195,28.949997,41.978775,9.304576,58.399246,25.725046,44.440323,11.766127,71.38124,38.707047
2026-04-06 08:43:03,46.0064,29.268,65.090195,35.822197,42.294132,13.026132,54.491245,25.223246,46.913593,17.645594,72.0361,42.768105
2026-04-06 08:44:03,47.0925,28.1292,69.482315,41.35312,43.410156,15.280958,53.521034,25.391834,50.40465,22.275452,73.68118,45.551987
2026-04-06 08:45:03,46.863,28.1292,70.9781,42.848904,43.917515,15.788316,52.371193,24.241995,50.9534,22.824198,75.77785,47.648643
2026-04-06 08:46:03,46.7595,23.9725,68.39703,44.42453,40.442642,16.470144,48.266727,24.294228,48.673588,24.701088,72.1363,48.1638
2026-04-06 08:47:03,46.7595,21.2562,67.145454,45.88925,38.432343,17.176144,50.76011,29.50391,46.784004,25.527802,69.36249,48.10629
2026-04-06 08:48:03,48.9881,16.782,58.216125,41.434128,34.348145,17.566147,43.947334,27.165335,43.05511,26.273111,63.550728,46.76873
2026-04-06 08:49:03,48.9787,11.0286,48.288982,37.260384,27.510174,16.481575,40.645416,29.616816,36.949383,25.920782,55.390514,44.361916
2026-04-06 08:50:03,48.9693,3.9144,41.59088,37.67648,19.64752,15.73312,37.45684,33.54244,30.997011,27.082611,45.466927,41.55253
2026-04-06 08:51:03,46.8945,7.5552,60.951576,53.396378,29.99813,22.44293,45.241,37.685802,39.96157,32.406372,59.87604,52.320843
2026-04-06 08:52:03,47.2455,7.5552,63.977345,56.422146,34.444477,26.889278,58.51441,50.95921,42.704952,35.149754,64.47708,56.92188
2026-04-06 08:53:03,48.4794,15.3375,84.9571,69.6196,45.84721,30.50971,73.66655,58.32905,50.817924,35.480427,76.52745,61.18995
2026-04-06 08:54:03,48.6772,16.965,98.8544,81.889404,50.58394,33.61894,76.18854,59.223537,53.760975,36.795975,81.08084,64.11584
2026-04-06 08:55:03,48.9072,17.3118,112.94432,95.63252,55.280724,37.968925,81.84983,64.53803,55.609314,38.297512,84.372826,67.06103
2026-04-06 08:56:03,50.0738,17.3294,121.55032,104.220924,57.958042,40.628643,80.18123,62.851833,54.857983,37.528584,85.69381,68.36441
2026-04-06 08:57:03,50.3135,17.2502,124.098854,106.848656,58.559937,41.30974,81.38853,64.13833,53.25901,36.00881,86.66857,69.41837
2026-04-06 08:58:03,50.3135,15.0912,120.57662,105.48542,56.301727,41.210526,82.37327,67.28207,50.042175,34.950974,83.983765,68.89256
2026-04-06 08:59:03,49.4224,15.1936,128.02399,112.83039,57.122364,41.928764,85.79132,70.597725,50.288757,35.095158,83.83038,68.63678
2026-04-06 09:00:03,49.5374,19.028,131.84856,112.82056,60.937393,41.909393,87.75968,68.73168,54.615314,35.587315,87.26855,68.24055
2026-04-06 09:01:03,49.5512,20.9736,133.70935,112.735756,65.409035,44.435432,91.66974,70.69614,57.90113,36.92753,89.589294,68.61569
2026-04-06 09:02:03,49.5788,21.5595,130.56134,109.00184,67.85365,46.294155,100.05036,78.49086,59.648872,38.08937,90.8708,69.311295
2026-04-06 09:03:03,48.564,21.5595,135.38098,113.82148,70.1088,48.5493,98.49149,76.93199,61.34185,39.782352,91.19005,69.63055
2026-04-06 09:04:03,48.6405,23.2736,130.10464,106.83104,73.16872,49.89512,108.65707,85.38347,65.3297,42.056095,93.57431,70.30071
2026-04-06 09:05:03,48.69,22.9762,133.87135,110.89516,72.704834,49.728634,109.38928,86.413086,67.86281,44.886612,92.40944,69.43324
2026-04-06 09:06:03,47.6606,23.2934,135.5339,112.2405,72.994705,49.7013,109.19627,85.90288,70.150826,46.857426,92.257904,68.96451
2026-04-06 09:07:03,48.2544,19.9975,133.64618,113.648674,71.62967,51.632168,107.74965,87.75215,69.3867,49.389206,87.64636,67.648865
2026-04-06 09:08:03,49.465,23.5296,134.18369,110.65408,76.90215,53.37255,106.4144,82.884796,73.468575,49.938972,91.17284,67.643234
2026-04-06 09:09:03,49.015,21.5776,133.14359,111.56599,76.176285,54.598686,107.02711,85.44951,73.16155,51.583954,89.52341,67.94581
2026-04-06 09:10:03,48.105,24.894,143.7061,118.812096,80.23437,55.34037,111.637344,86.74335,76.46976,51.57576,94.06506,69.17107
2026-04-06 09:11:03,46.0896,26.01,141.92496,115.91496,81.33116,55.321163,118.668365,92.65836,77.07087,51.06087,95.41529,69.40529
2026-04-06 09:12:03,47.6448,27.6556,145.26538,117.60978,82.0219,54.3663,122.51856,94.86296,78.33483,50.67923,97.53865,69.88305
2026-04-06 09:13:03,47.1592,28.0934,142.54398,114.450584,81.97023,53.876835,122.44225,94.348854,79.809105,51.715706,98.814926,70.72153
2026-04-06 09:14:03,46.8675,28.0934,143.26987,115.17647,81.69673,53.603333,119.68867,91.59527,81.28708,53.193676,99.20559,71.11219
2026-04-06 09:15:03,51.9449,28.8912,147.21332,118.32211,82.47185,53.58065,124.87539,95.98419,81.36348,52.472282,100.09748,71.20628
2026-04-06 09:16:03,52.528,31.904,143.3231,111.419106,83.99366,52.08966,134.78043,102.87642,83.573784,51.669785,102.513756,70.60976
2026-04-06 09:17:03,53.735,33.256,138.70625,105.45025,84.58952,51.333527,134.52771,101.27171,85.870224,52.614227,103.43761,70.18161
2026-04-06 09:18:03,53.575,33.736,139.77127,106.03527,86.07344,52.33744,128.76999,95.03399,85.47589,51.739887,103.71121,69.97521
2026-04-06 09:19:03,53.615,34.2,138.08534,103.885345,88.22992,54.029915,127.12311,92.92311,85.53732,51.337326,103.60239,69.40239
2026-04-06 09:20:03,53.64,36.3584,140.21744,103.85904,91.584625,55.226223,132.59952,96.24112,86.1637,49.8053,104.88956,68.53116
2026-04-06 09:21:03,53.64,34.2836,140.44794,106.16434,90.53804,56.25444,131.1564,96.8728,83.18729,48.903687,102.85005,68.56645
2026-04-06 09:22:03,51.7248,33.2652,136.7149,103.4497,91.57553,58.310326,131.48763,98.22243,82.59082,49.32562,101.993805,68.72861
2026-04-06 09:23:03,52.9886,32.2468,136.96591,104.71912,91.5532,59.3064,130.48804,98.241234,79.8665,47.619705,101.19496,68.94816
2026-04-06 09:24:03,51.1924,32.7028,128.32095,95.61816,92.432465,59.729668,127.83302,95.130226,77.54875,44.845955,101.62132,68.918526
2026-04-06 09:25:03,51.6671,32.7028,138.90518,106.202385,91.49295,58.79015,130.25557,97.552765,74.98544,42.282646,101.598785,68.89599
2026-04-06 09:26:03,54.1744,35.04,145.97752,110.93752,92.18029,57.14029,133.63336,98.59336,74.609055,39.569054,103.78235,68.74235
2026-04-06 09:27:03,55.07,36.592,152.86975,116.27775,91.848694,55.25669,136.1148,99.522804,73.09484,36.502842,104.86603,68.27403
2026-04-06 09:28:03,57.0544,39.272,149.50388,110.23187,92.765396,53.493393,135.69728,96.425285,71.19622,31.924223,106.68948,67.41749
2026-04-06 09:29:03,59.0112,40.596,145.44412,104.84813,92.57895,51.982944,137.16669,96.570694,68.21914,27.623137,107.43788,66.84188
2026-04-06 09:30:03,56.5448,42.6636,141.39958,98.735985,94.47322,51.809616,135.63542,92.97182,68.017624,25.354027,109.00418,66.34058
2026-04-06 09:31:03,54.11,43.6923,141.64832,97.95602,95.073715,51.381416,129.65718,85.96488,66.45857,22.766275,109.67922,65.98692
2026-04-06 09:32:03,54.11,45.747,134.00829,88.261284,96.23995,50.49295,133.2286,87.48161,66.70667,20.959673,111.34129,65.59429
2026-04-06 09:33:03,57.982,46.6757,131.10365,84.42795,95.99662,49.32092,124.3996,77.7239,66.074104,19.398405,112.04889,65.37319
2026-04-06 09:34:03,59.3244,47.5398,130.47784,82.93805,96.5016,48.961807,123.797424,76.25762,65.83079,18.290989,112.73912,65.199326
2026-04-06 09:35:03,64.264,47.95,129.70139,81.75139,96.76886,48.81886,117.86865,69.918655,66.621414,18.671417,113.031876,65.08187
2026-04-06 09:36:03,66.54,47.95,137.2905,89.3405,95.37122,47.421223,129.63055,81.68056,69.686295,21.736298,112.97093,65.020935
2026-04-06 09:37:03,68.8076,45.7536,135.26245,89.50885,92.65024,46.896633,119.58092,73.82732,67.04549,21.291885,110.74906,64.99546
2026-04-06 09:38:03,69.9426,43.585,129.60965,86.02466,89.831116,46.24612,121.95477,78.369774,61.238564,17.653563,108.63211,65.04711
2026-04-06 09:39:03,67.3074,42.438,135.57896,93.14097,86.70206,44.264057,118.18396,75.745964,54.64174,12.203738,107.45535,65.01735
2026-04-06 09:40:03,64.6817,41.6724,132.45749,90.78509,81.683975,40.011578,117.711205,76.0388,50.14089,8.468486,106.551254,64.87885
2026-04-06 09:41:03,64.369,40.8,131.83887,91.03887,76.38647,35.586468,118.00215,77.20215,42.43426,1.6342622,105.50661,64.70661
2026-04-06 09:42:03,63.2896,43.3776,128.61188,85.23428,76.17794,32.80034,123.55246,80.17486,38.38657,-4.991031,107.73798,64.36038
2026-04-06 09:43:03,63.2896,46.0064,122.63325,76.62685,75.66068,29.65428,124.156685,78.15028,35.69623,-10.31017,110.00343,63.997032
2026-04-06 09:44:03,63.4172,47.0925,118.63994,71.54744,74.810974,27.71848,123.92858,76.83608,33.197662,-13.894838,110.85347,63.76097
2026-04-06 09:45:03,63.8522,46.863,114.88916,68.02616,73.02571,26.162714,115.95954,69.09654,32.869705,-13.993295,110.56302,63.70002
2026-04-06 09:46:03,64.2872,46.7595,114.89851,68.139015,72.61682,25.857319,117.04999,70.29049,30.911137,-15.848362,110.45888,63.69938
2026-04-06 09:47:03,65.7201,46.7595,114.48244,67.72294,71.96001,25.20051,123.97275,77.21325,31.042377,-15.71712,110.45079,63.691288
2026-04-06 09:48:03,64.7396,48.9881,118.84177,69.85367,74.92516,25.937063,121.45109,72.46299,32.211494,-16.776606,112.490524,63.50243
2026-04-06 09:49:03,62.6416,48.9787,120.03126,71.05256,75.09134,26.11264,118.135056,69.15636,30.483131,-18.495567,112.34993,63.371235
2026-04-06 09:50:03,61.49,48.9693,118.21163,69.24233,72.29823,23.328936,112.400314,63.43102,26.34843,-22.620869,112.24139,63.272087
2026-04-06 09:51:03,61.501,46.8945,105.77472,58.880222,68.83812,21.943617,107.519165,60.624664,22.364513,-24.529987,110.078064,63.183567
2026-04-06 09:52:03,61.446,47.2455,100.53104,53.285534,66.779526,19.534027,100.3374,53.091904,21.122581,-26.122917,110.17244,62.92694
2026-04-06 09:53:03,61.4185,48.4794,101.36107,52.881668,64.98001,16.50061,103.13872,54.65932,21.82932,-26.65008,111.04233,62.56293
2026-04-06 09:54:03,61.4185,48.6772,96.54825,47.871048,63.28389,14.606688,99.42345,50.746243,21.609266,-27.067934,111.03125,62.35405
2026-04-06 09:55:03,60.4725,48.9072,93.970024,45.062824,63.05827,14.151071,106.02083,57.113625,20.07455,-28.83265,111.15025,62.24305
2026-04-06 09:56:03,59.5375,50.0738,92.13143,42.057632,63.116547,13.042747,103.7064,53.6326,20.82047,-29.253328,112.22152,62.14772
2026-04-06 09:57:03,59.3824,50.3135,100.396866,50.083363,60.004227,9.690727,89.39876,39.085262,19.271551,-31.041948,112.41211,62.098606
2026-04-06 09:58:03,60.2156,50.3135,95.368835,45.055336,57.495117,7.181619,89.80659,39.493088,18.522972,-31.790527,112.380936,62.06744
2026-04-06 09:59:03,60.996,49.4224,90.19699,40.774586,53.56236,4.1399584,93.83563,44.413235,15.825317,-33.597084,111.5408,62.1184
2026-04-06 10:00:03,62.184,49.5374,84.414444,34.87705,50.68846,1.1510618,92.62036,43.082962,16.522156,-33.015244,111.65828,62.120884
2026-04-06 10:01:03,62.772,49.5512,84.213455,34.662254,45.212955,-4.3382444,84.41769,34.866486,14.653515,-34.897686,111.630905,62.07971
2026-04-06 10:02:03,63.012,49.5788,80.96815,31.389349,38.88707,-10.6917305,92.21017,42.631367,12.999317,-36.579483,111.52141,61.942604
2026-04-06 10:03:03,61.7568,48.564,83.019135,34.45513,34.04788,-14.516122,86.70764,38.143646,11.109062,-37.454937,110.4989,61.934902
2026-04-06 10:04:03,60.4908,48.6405,83.12334,34.482834,32.279263,-16.361237,96.1978,47.557297,10.7908325,-37.849667,110.360916,61.720417
2026-04-06 10:05:03,59.1604,48.69,76.37537,27.685371,29.994059,-18.69594,93.644394,44.9544,10.534306,-38.155693,110.395035,61.70504
2026-04-06 10:06:03,59.3164,47.6606,77.74541,30.084812,29.517748,-18.14285,86.94349,39.28289,10.594341,-37.066257,109.5217,61.8611
2026-04-06 10:07:03,61.1118,48.2544,74.05239,25.797995,31.031437,-17.222961,80.764694,32.510296,12.195068,-36.05933,110.52957,62.275177
2026-04-06 10:08:03,62.8824,49.465,69.75042,20.285421,31.726816,-17.738184,80.553246,31.088247,12.659836,-36.805164,111.8905,62.425507
2026-04-06 10:09:03,62.9126,49.015,66.99656,17.981562,34.130207,-14.884791,82.273224,33.258224,12.346989,-36.66801,111.65401,62.639008
2026-04-06 10:10:03,62.784,48.105,72.18661,24.081608,32.338226,-15.766771,78.45973,30.35473,12.838379,-35.26662,111.01606,62.91106
2026-04-06 10:11:03,61.68,46.0896,62.397713,16.308115,32.75302,-13.336576,79.0403,32.950703,13.326202,-32.763397,109.28714,63.19754
2026-04-06 10:12:03,62.628,47.6448,68.499344,20.854546,34.0385,-13.606296,76.00465,28.359846,15.187176,-32.457623,110.674034,63.029236
2026-04-06 10:13:03,63.5253,47.1592,68.84591,21.68671,32.607788,-14.551412,77.07107,29.911871,14.055225,-33.103973,109.91325,62.75406
2026-04-06 10:14:03,63.3327,46.8675,74.51733,27.649826,31.682981,-15.184519,77.44763,30.580133,12.480953,-34.386547,109.355484,62.487984
2026-04-06 10:15:03,65.3391,51.9449,75.25501,23.310114,35.697807,-16.247093,89.88249,37.937595,16.152935,-35.791965,113.97815,62.03325
2026-04-06 10:16:03,67.5062,52.528,78.618744,26.090746,34.124844,-18.403156,88.23164,35.703648,15.657959,-36.87004,113.96001,61.432003
2026-04-06 10:17:03,68.7055,53.735,74.54878,20.81378,34.16919,-19.56581,80.444626,26.70963,17.082634,-36.652367,114.67572,60.940716
2026-04-06 10:18:03,71.2566,53.575,73.69888,20.12388,34.72984,-18.845161,77.64198,24.066982,15.991348,-37.583652,114.31026,60.735252
2026-04-06 10:19:03,72.5824,53.615,67.37207,13.757072,35.259884,-18.355118,84.99537,31.380365,13.86235,-39.75265,114.01042,60.395416
2026-04-06 10:20:03,74.349,53.64,62.151497,8.511499,35.761147,-17.878855,91.9731,38.333103,11.902412,-41.737587,113.955376,60.315376
2026-04-06 10:21:03,76.6521,53.64,59.6881,6.0480986,36.788605,-16.851393,79.00398,25.363981,10.620071,-43.019928,113.88176,60.241756
2026-04-06 10:22:03,77.203,51.7248,51.11906,-0.60574144,35.27929,-16.44551,81.961426,30.236622,8.156475,-43.568325,111.84091,60.116116
2026-04-06 10:23:03,76.09,52.9886,59.288383,6.2997828,36.455505,-16.533098,80.98607,27.997467,9.60759,-43.381012,113.10971,60.12111
2026-04-06 10:24:03,76.118,51.1924,57.955696,6.763294,35.703217,-15.489187,77.7522,26.559792,10.600349,-40.592052,111.25665,60.06425
2026-04-06 10:25:03,76.146,51.6671,67.147675,15.480577,37.79079,-13.876309,78.02119,26.35409,12.72998,-38.93712,111.772766,60.105663
2026-04-06 10:26:03,76.16,54.1744,68.74159,14.567192,40.983658,-13.190741,81.0131,26.8387,16.030323,-38.144077,114.07994,59.905544
2026-04-06 10:27:03,76.16,55.07,59.424732,4.3547335,41.97383,-13.0961685,81.190445,26.120445,18.666786,-36.403214,114.83689,59.76689
2026-04-06 10:29:03,76.216,57.0544,62.98443,5.9300275,42.569786,-14.484615,81.982635,24.928236,21.920044,-35.134357,116.68243,59.628025
2026-04-06 10:30:03,78.4224,59.0112,62.582367,3.5711656,42.92069,-16.090511,88.36585,29.354654,24.69746,-34.31374,118.387115,59.37592
2026-04-06 10:31:03,78.4512,56.5448,57.70471,1.1599077,37.786392,-18.75841,87.018555,30.473757,22.796993,-33.747807,115.96655,59.421757
2026-04-06 10:32:03,78.4656,54.11,51.52801,-2.581989,33.165123,-20.944878,96.98229,42.87229,19.432865,-34.677135,113.75296,59.642956
2026-04-06 10:33:03,78.48,54.11,59.371494,5.2614927,29.509434,-24.600567,101.621216,47.51121,20.160961,-33.94904,113.857315,59.747314
2026-04-06 10:34:03,78.48,57.982,67.38546,9.403463,32.842476,-25.139523,107.248604,49.266605,23.587124,-34.394875,117.237114,59.255116
2026-04-06 10:35:03,78.48,59.3244,72.35759,13.033186,34.918255,-24.406147,105.78816,46.463764,26.557217,-32.767185,118.25841,58.93401
2026-04-06 10:36:03,76.314,64.264,75.954796,11.690798,41.436707,-22.827293,102.58183,38.317837,30.596962,-33.667038,122.56918,58.30518
2026-04-06 10:37:03,76.321,66.54,82.47165,15.931648,46.789726,-19.750277,105.96391,39.42391,35.16862,-31.37138,124.13034,57.590336
2026-04-06 10:38:03,76.335,68.8076,90.81323,22.00563,53.3189,-15.488699,107.4677,38.66009,40.002132,-28.80547,125.98204,57.17444
2026-04-06 10:39:03,76.335,69.9426,95.74136,25.798763,59.423256,-10.5193405,110.82703,40.88443,44.130188,-25.812407,126.75108,56.80849
2026-04-06 10:40:03,77.4468,67.3074,86.077,18.7696,63.352932,-3.9544713,110.95688,43.64948,45.11225,-22.195154,123.89902,56.591618
2026-04-06 10:41:03,79.643,64.6817,86.62901,21.94731,64.822876,0.14117098,113.15518,48.47348,45.765354,-18.916348,121.32837,56.64667
2026-04-06 10:42:03,81.825,64.369,90.24845,25.87945,68.083885,3.71488,107.08908,42.720078,47.899696,-16.469309,121.18431,56.815304
2026-04-06 10:43:03,82.916,63.2896,93.63283,30.343225,69.624794,6.335195,112.22519,48.935585,45.39914,-17.890461,120.2017,56.912098
2026-04-06 10:44:03,85.098,63.2896,102.18732,38.897717,71.43245,8.142846,111.24017,47.95057,43.047363,-20.242235,120.24507,56.955467
2026-04-06 10:45:03,85.098,63.4172,104.334435,40.917236,73.89275,10.4755535,121.270996,57.853798,41.423172,-21.994028,120.36148,56.944286
2026-04-06 10:46:03,87.28,63.8522,107.01724,43.16504,74.540436,10.688232,116.562546,52.71035,38.431763,-25.420439,120.679504,56.82731
2026-04-06 10:47:03,87.28,64.2872,106.4949,42.207703,77.12023,12.833034,123.758156,59.470955,37.26529,-27.021912,120.862686,56.57549
2026-04-06 10:48:03,85.098,65.7201,118.87479,53.154682,81.75893,16.03883,123.654724,57.934628,41.480316,-24.239786,121.89476,56.174664
2026-04-06 10:49:03,85.098,64.7396,123.543274,58.80367,84.60856,19.868958,126.69499,61.95539,45.54664,-19.19296,120.55313,55.813526
2026-04-06 10:50:03,85.098,62.6416,128.57053,65.92893,87.64107,24.999464,131.18964,68.54803,52.454838,-10.186765,118.19671,55.555107
2026-04-06 10:51:03,85.1058,61.49,134.19826,72.70826,96.790665,35.300663,136.461,74.971,61.616444,0.12644255,116.884895,55.394894
2026-04-06 10:52:03,85.1214,61.501,133.79367,72.29267,98.61294,37.11194,136.50366,75.00266,63.132202,1.6312038,116.696304,55.1953
2026-04-06 10:53:03,86.1811,61.446,132.14313,70.69712,102.630295,41.1843,139.07172,77.625725,65.15879,3.7127929,116.42203,54.97603
2026-04-06 10:54:03,89.9505,61.4185,134.54445,73.125946,105.321686,43.903187,139.34885,77.93034,65.61561,4.1971064,116.19272,54.774223
2026-04-06 10:55:03,90.7929,61.4185,134.18123,72.76273,107.921326,46.50283,136.94809,75.52959,64.08929,2.6707873,115.996414,54.57792
2026-04-06 10:56:03,93.6572,60.4725,133.91428,73.44177,108.3376,47.865097,139.09576,78.62327,60.144165,-0.32833433,114.918594,54.44609
2026-04-06 10:57:03,95.9397,59.5375,135.70917,76.17166,109.16811,49.630615,136.96184,77.42434,58.0201,-1.5173972,114.16559,54.628094
2026-04-06 10:58:03,100.5856,59.3824,137.40927,78.02686,108.65544,49.27304,138.01073,78.62833,56.892742,-2.4896588,114.214066,54.83166
2026-04-06 10:59:03,101.1962,60.2156,136.18839,75.972786,109.49062,49.275024,136.95914,76.74353,58.671745,-1.5438542,115.18521,54.96961
2026-04-06 11:00:03,101.4135,60.996,137.26334,76.267334,110.89444,49.898438,142.55707,81.56107,61.47031,0.47431248,116.29454,55.29854
2026-04-06 11:01:03,101.4135,62.184,137.71909,75.53509,112.61624,50.432243,144.67812,82.49412,64.87698,2.6929824,117.38397,55.199978
2026-04-06 11:02:03,101.9405,62.772,137.13333,74.361336,113.43095,50.658947,147.13597,84.363976,68.185165,5.4131684,117.95175,55.17975
2026-04-06 11:03:03,106.0613,63.012,137.70941,74.69742,113.00974,49.99774,144.78934,81.77733,70.09739,7.0853915,117.87617,54.864166
2026-04-06 11:04:03,102.0595,61.7568,135.72076,73.96396,113.01535,51.258545,142.32042,80.56362,70.79549,9.038682,116.12024,54.363438
2026-04-06 11:05:03,102.323,60.4908,137.02457,76.53376,113.674164,53.183365,140.0538,79.56301,73.15767,12.666869,114.33417,53.843365
2026-04-06 11:06:03,105.2439,59.1604,135.22641,76.06601,114.42479,55.264385,134.11281,74.95241,75.66493,16.504532,112.314384,53.153984
2026-04-06 11:07:03,107.1312,59.3164,135.67764,76.36125,115.75137,56.43497,135.80481,76.48842,79.060776,19.74438,111.75621,52.439808
2026-04-06 11:08:03,103.888,61.1118,136.86539,75.75359,118.667816,57.55602,138.46515,77.35334,82.90279,21.790981,112.7581,51.646297
2026-04-06 11:09:03,105.2832,62.8824,137.8896,75.0072,120.22949,57.347095,140.43303,77.55063,86.8122,23.929804,113.92432,51.04192
2026-04-06 11:10:03,111.136,62.9126,135.74614,72.833534,121.41559,58.50299,140.40044,77.48784,90.04607,27.133465,113.58652,50.67392
2026-04-06 11:11:03,111.2464,62.784,133.45415,70.67015,120.473816,57.689816,140.87213,78.08813,93.27312,30.489113,113.3496,50.5656
2026-04-06 11:12:03,111.3292,61.68,130.97592,69.29591,118.36663,56.68663,140.2454,78.56541,94.34276,32.662754,112.13126,50.451263
2026-04-06 11:13:03,113.436,62.628,130.29402,67.66602,117.13526,54.507263,141.35321,78.72522,96.22228,33.594284,112.79703,50.169033
2026-04-06 11:14:03,115.7013,63.5253,130.93692,67.41162,113.75891,50.233612,139.61565,76.09035,96.50061,32.975307,112.94018,49.41488
2026-04-06 11:15:03,114.3228,63.3327,129.28621,65.953514,110.65991,47.327213,140.05624,76.72354,96.24436,32.911663,111.90184,48.569145
2026-04-06 11:16:03,114.3228,65.3391,130.00499,64.665886,110.2816,44.942493,140.18642,74.84731,96.48251,31.14341,112.7567,47.417595
2026-04-06 11:17:03,112.7248,67.5062,131.6948,64.1886,110.54909,43.04288,142.25989,74.75369,96.97389,29.46769,113.599304,46.093105
2026-04-06 11:18:03,114.4224,68.7055,130.08018,61.37469,110.30139,41.595898,139.16876,70.46327,95.80499,27.099499,113.538895,44.833393
2026-04-06 11:19:03,116.0516,71.2566,131.44002,60.183414,111.37242,40.11582,139.53738,68.280785,97.75231,26.495712,114.96579,43.70919
2026-04-06 11:20:03,122.7555,72.5824,132.678,60.0956,111.72151,39.139114,141.6535,69.07111,99.14169,26.5593,115.182236,42.59984
2026-04-06 11:21:03,172.5136,74.349,131.2212,56.872208,113.26828,38.919277,138.92307,64.57406,101.47485,27.125853,116.136566,41.787563
2026-04-06 11:22:03,189.813,76.6521,133.23904,56.58694,114.61928,37.967182,141.33533,64.68323,104.235275,27.583176,117.635635,40.98354
2026-04-06 11:23:03,196.6776,77.203,132.83156,55.62855,114.394104,37.191105,141.18198,63.978966,106.22104,29.018038,117.53403,40.331024
2026-04-06 11:24:03,196.6776,76.09,130.67094,54.580944,112.99713,36.90713,139.44846,63.358467,107.027405,30.93741,116.02196,39.93196
2026-04-06 11:25:03,209.7068,76.118,130.0032,53.8852,112.83339,36.71539,140.48407,64.366066,109.25398,33.135986,115.61748,39.499485
2026-04-06 11:26:03,203.7112,76.146,129.98921,53.843212,112.18175,36.03574,139.01523,62.869225,110.10598,33.959976,115.08465,38.938644
2026-04-06 11:27:03,177.346,76.16,130.02945,53.869442,111.73259,35.572586,135.88193,59.72192,110.74978,34.589775,114.46746,38.307457
2026-04-06 11:28:03,173.25,76.16,130.46715,54.307144,111.38875,35.22875,136.00847,59.84847,110.831154,34.67115,113.99892,37.838913
2026-04-06 11:29:03,171.616,76.216,131.42075,55.20474,110.61556,34.39956,136.50429,60.288284,110.88809,34.67209,113.50255,37.286545
2026-04-06 11:30:03,172.1864,78.4224,135.10916,56.68676,113.06525,34.64285,138.00073,59.578323,113.08127,34.65887,115.08751,36.665104
2026-04-06 11:31:03,167.568,78.4512,133.52617,55.07497,114.31463,35.863426,137.31741,58.866207,113.353966,34.902763,114.774765,36.323566
2026-04-06 11:32:03,165.8372,78.4656,131.92818,53.462578,115.47644,37.010845,137.77544,59.309834,113.83058,35.36498,114.353516,35.887917
2026-04-06 11:33:03,165.1806,78.48,131.53181,53.05181,117.19939,38.719387,137.12822,58.648216,115.40645,36.92644,113.968155,35.488155
2026-04-06 11:34:03,162.909,78.48,132.08006,53.600063,118.585754,40.105755,135.40083,56.92083,117.67903,39.19903,113.681,35.201
2026-04-06 11:35:03,162.909,78.48,131.37552,52.89551,119.44189,40.961884,133.5956,55.115597,119.97914,41.49914,113.3667,34.886696
2026-04-06 11:36:03,162.051,76.314,127.9659,51.651894,118.2829,41.9689,132.15733,55.843334,120.40373,44.08973,110.78209,34.468082
2026-04-06 11:37:03,160.8103,76.321,128.4038,52.082794,119.16435,42.843353,130.46448,54.143475,120.48369,44.16269,110.32216,34.001163
2026-04-06 11:38:03,158.064,76.335,129.22028,52.88527,119.64853,43.31353,132.06628,55.731285,120.005936,43.67094,109.81398,33.478977
2026-04-06 11:39:03,155.2051,76.335,129.06216,52.727165,119.78772,43.45272,132.57271,56.23771,118.84825,42.513252,109.42381,33.08881
2026-04-06 11:40:03,152.3359,77.4468,132.78127,55.33446,119.39473,41.947933,132.96562,55.51882,117.23671,39.789906,110.02893,32.58213
2026-04-06 11:41:03,149.478,79.643,135.22986,55.586864,120.27139,40.62839,134.92564,55.282642,117.22449,37.58149,111.76102,32.118023
2026-04-06 11:42:03,149.457,81.825,136.59038,54.765385,121.178375,39.35338,136.09128,54.266285,117.85683,36.031826,113.513245,31.68825
2026-04-06 11:43:03,146.6102,82.916,136.8385,53.9225,121.39916,38.483162,137.90184,54.985836,118.6926,35.776592,114.24597,31.329973
2026-04-06 11:44:03,143.7432,85.098,138.25632,53.15831,123.30029,38.202297,139.94316,54.84516,121.71634,36.61834,115.982254,30.88425
2026-04-06 11:45:03,143.7331,85.098,136.59396,51.495956,123.16761,38.06961,140.04738,54.949383,122.93945,37.841457,115.65798,30.559984
2026-04-06 11:46:03,143.7331,87.28,136.66985,49.389843,125.371445,38.09145,141.2618,53.981792,125.600784,38.320786,117.38465,30.104652
2026-04-06 11:47:03,143.7129,87.28,136.49261,49.212616,125.18782,37.907818,140.77689,53.496887,126.051025,38.771023,116.90941,29.629408
2026-04-06 11:48:03,142.26,85.098,134.61119,49.51319,123.537056,38.439056,138.02074,52.922733,126.22437,41.126373,114.25579,29.157791
2026-04-06 11:49:03,142.22,85.098,133.35347,48.255474,123.89676,38.79876,135.97316,50.875164,127.387054,42.289055,113.7376,28.639603
2026-04-06 11:50:03,142.13,85.098,133.75941,48.661415,123.76741,38.669415,136.34729,51.249294,128.72949,43.63149,113.332275,28.234274
2026-04-06 11:51:03,144.8808,85.1058,131.84271,46.736908,123.07484,37.96904,134.61469,49.508884,129.24237,44.13657,112.7102,27.604399
2026-04-06 11:52:03,147.6176,85.1214,132.75262,47.631226,123.17171,38.05031,132.45738,47.33598,131.25035,46.12895,112.046455,26.925058
2026-04-06 11:53:03,150.414,86.1811,133.08305,46.901955,124.24566,38.06456,133.358,47.176903,133.76506,47.58396,112.5558,26.374704
2026-04-06 11:54:03,150.3928,89.9505,135.81975,45.869247,126.17433,36.223835,134.96564,45.01514,136.54439,46.593887,115.40214,25.45164
2026-04-06 11:55:03,150.3716,90.7929,134.34155,43.548653,124.240814,33.447918,134.71915,43.926243,137.10692,46.314014,115.264,24.471102
2026-04-06 11:56:03,147.4928,93.6572,135.72966,42.072453,124.89567,31.238466,135.57208,41.914875,138.89392,45.23672,117.070366,23.413162
2026-04-06 11:57:03,146.0746,95.9397,135.58353,39.643837,125.843445,29.903751,138.89359,42.95389,138.71292,42.773224,118.19366,22.253958
2026-04-06 11:58:03,146.0437,100.5856,134.71849,34.132893,126.73787,26.152264,143.21152,42.62592,137.21742,36.631817,121.29715,20.711552
2026-04-06 11:59:03,144.6156,101.1962,134.11398,32.91778,124.20852,23.01232,140.60808,39.411877,132.13875,30.942545,120.32382,19.127623
2026-04-06 12:00:03,141.68,101.4135,132.18114,30.767645,122.56372,21.150219,140.43222,39.01873,128.09448,26.680979,118.966446,17.552946
2026-04-06 12:01:03,144.4218,101.4135,128.76859,27.355083,121.28536,19.871866,140.0843,38.67081,124.06647,22.652973,117.872574,16.459078
2026-04-06 12:02:03,144.4218,101.9405,127.79263,25.852139,120.55577,18.615276,138.18044,36.239933,120.40512,18.464619,117.55077,15.610277
2026-04-06 12:03:03,144.3096,106.0613,129.91446,23.853165,123.25169,17.190388,139.86377,33.802464,119.90064,13.839338,120.69619,14.634885
2026-04-06 12:04:03,141.38,102.0595,124.43943,22.37993,119.628914,17.569414,135.82654,33.76704,115.87021,13.81071,116.07882,14.019315
2026-04-06 12:05:03,142.6726,102.323,121.37489,19.051891,119.65883,17.33583,134.70294,32.37994,115.12779,12.804795,115.77916,13.456158
2026-04-06 12:06:03,145.4566,105.2439,125.43878,20.194885,122.469696,17.225801,135.69879,30.454897,116.862,11.618102,117.9831,12.739206
2026-04-06 12:07:03,144.0138,107.1312,123.41179,16.28059,122.94958,15.818372,135.09532,27.964119,116.18946,9.058259,119.25064,12.119436
2026-04-06 12:08:03,143.9934,103.888,117.23605,13.348052,119.076965,15.188966,133.06894,29.180935,112.12839,8.240391,115.70799,11.819995
2026-04-06 12:09:03,141.17,105.2832,117.03313,11.74992,120.6848,15.401592,133.83093,28.547735,112.88748,7.604276,117.0318,11.748599
2026-04-06 12:10:03,141.16,111.136,120.78981,9.653812,124.86193,13.725927,137.11395,25.977959,116.20775,5.0717483,122.38433,11.24833
2026-04-06 12:11:03,142.511,111.2464,118.06509,6.818691,123.7275,12.4811,137.33743,26.091028,113.5803,2.3339021,122.01163,10.765224
2026-04-06 12:12:03,141.03,111.3292,118.59179,7.262585,122.76397,11.434769,136.36536,25.036156,111.515335,0.18613502,121.62544,10.296238
2026-04-06 12:13:03,139.5801,113.436,120.4645,7.0285015,123.748985,10.312985,135.6107,22.17471,111.67421,-1.7617868,122.61789,9.181891
2026-04-06 12:14:03,138.1702,115.7013,120.860146,5.158843,123.87103,8.169735,135.71803,20.01673,111.68704,-4.0142593,123.426476,7.7251735
2026-04-06 12:15:03,136.77,114.3228,117.610245,3.287442,121.079605,6.7568016,134.0834,19.760601,109.58244,-4.74036,121.3922,7.0693984
2026-04-06 12:16:03,138.2486,114.3228,115.03514,0.7123398,120.78205,6.4592543,133.12868,18.80588,109.576675,-4.7461214,120.97352,6.650721
2026-04-06 12:17:03,138.376,112.7248,110.93152,-1.79328,119.282776,6.5579743,130.91638,18.191586,108.45426,-4.2705355,119.11138,6.3865848
2026-04-06 12:18:03,138.474,114.4224,111.5005,-2.921896,121.3162,6.893797,136.16301,21.740602,110.17754,-4.2448587,120.70367,6.281265
2026-04-06 12:19:03,138.474,116.0516,111.07727,-4.974325,122.59874,6.5471425,138.91959,22.867992,110.6846,-5.367,122.36157,6.3099723
2026-04-06 12:20:03,138.474,122.7555,117.82526,-4.9302425,126.176895,3.4213948,143.51675,20.761261,114.56045,-8.19505,128.09709,5.3415885
2026-04-06 12:21:03,137.1192,172.5136,154.63217,-17.881432,153.16318,-19.35041,184.42542,11.911815,146.11209,-26.401503,166.08508,-6.4285192
2026-04-06 12:22:03,131.4834,189.813,158.5547,-31.258305,159.42639,-30.386606,193.95235,4.1393366,152.85785,-36.955154,171.59113,-18.221878
2026-04-06 12:23:03,128.6376,196.6776,157.47952,-39.19807,157.30025,-39.377354,190.99414,-5.6834564,153.1641,-43.513504,170.12228,-26.555307
2026-04-06 12:24:03,131.3904,196.6776,152.61125,-44.06635,152.40736,-44.270233,183.04376,-13.633837,150.31049,-46.367115,164.86484,-31.812763
2026-04-06 12:25:03,132.7468,209.7068,156.97792,-52.728886,162.19669,-47.510113,191.58188,-18.12493,160.10518,-49.60162,171.92262,-37.78418
2026-04-06 12:26:03,135.5136,203.7112,146.82486,-56.88634,161.03851,-42.67269,183.58508,-20.126114,157.05843,-46.652775,164.58098,-39.130215
2026-04-06 12:27:03,135.5328,177.346,125.25882,-52.08717,150.10165,-27.244335,152.72253,-24.62346,141.39366,-35.952335,144.06853,-33.277462
2026-04-06 12:28:03,135.5712,173.25,128.47903,-44.77096,152.76657,-20.483427,149.17441,-24.075598,142.39713,-30.852867,144.79883,-28.451176
2026-04-06 12:29:03,135.5712,171.616,130.41699,-41.199,157.37614,-14.239857,151.71815,-19.897844,145.49353,-26.122475,146.96558,-24.650414
2026-04-06 12:30:03,131.688,172.1864,134.90051,-37.285892,159.45717,-12.7292385,157.67914,-14.507268,148.20906,-23.977335,150.10251,-22.0839
2026-04-06 12:31:03,131.688,167.568,134.9979,-32.570107,154.99599,-12.572011,151.18271,-16.385284,145.036,-22.532,147.95013,-19.617867
2026-04-06 12:32:03,128.9015,165.8372,134.62993,-31.207281,153.08868,-12.748519,150.73892,-15.098274,143.64215,-22.19505,148.34885,-17.488354
2026-04-06 12:33:03,133.0758,165.1806,137.58424,-27.596354,153.40993,-11.770676,153.88852,-11.29209,144.16415,-21.016447,149.42192,-15.758683
2026-04-06 12:34:03,134.3395,162.909,134.4713,-28.437696,152.41757,-10.491424,153.14252,-9.766476,142.6457,-20.263292,148.85666,-14.0523405
2026-04-06 12:35:03,134.1305,162.909,135.2891,-27.619896,153.4551,-9.453907,151.06154,-11.847464,143.05943,-19.849562,149.90887,-13.000122
2026-04-06 12:36:03,136.8088,162.051,138.38875,-23.662241,153.66127,-8.389725,151.03085,-11.0201435,142.94742,-19.103575,150.10666,-11.944334
2026-04-06 12:37:03,135.3024,160.8103,139.3773,-21.432995,153.56024,-7.250066,151.94496,-8.8653345,142.79605,-18.014257,149.74446,-11.065841
2026-04-06 12:38:03,132.446,158.064,137.29604,-20.767958,152.02939,-6.0346007,149.35022,-8.713772,141.41812,-16.645876,148.15747,-9.90652
2026-04-06 12:39:03,115.7184,155.2051,134.6173,-20.5878,149.79529,-5.4098063,144.88011,-10.324978,139.07007,-16.135017,146.31119,-8.893903
2026-04-06 12:40:03,115.702,152.3359,133.00371,-19.332193,147.6623,-4.6736217,143.09082,-9.245081,137.41275,-14.923154,144.38174,-7.95416
2026-04-06 12:41:03,110.0892,149.478,131.63579,-17.842207,145.46953,-4.0084724,144.5274,-4.950588,136.11053,-13.367462,142.53796,-6.94003
2026-04-06 12:42:03,110.0892,149.457,133.85286,-15.604137,145.60239,-3.8546147,143.43835,-6.0186505,136.80908,-12.647919,143.23929,-6.217706
2026-04-06 12:43:03,117.0383,146.6102,133.1659,-13.444312,143.78304,-2.8271694,141.8051,-4.805099,135.4318,-11.178411,141.5111,-5.099113
2026-04-06 12:44:03,129.5452,143.7432,131.13193,-12.611266,141.71448,-2.0287151,138.21515,-5.528047,134.0294,-9.713791,139.55089,-4.1923037
2026-04-06 12:45:03,139.2633,143.7331,130.44943,-13.283667,143.32114,-0.4119499,141.96907,-1.7640274,135.83914,-7.893951,140.1015,-3.6315937
2026-04-06 12:46:03,143.412,143.7331,130.20749,-13.525598,144.71533,0.9822394,140.94565,-2.7874413,137.53418,-6.1989093,140.42209,-3.3110037
2026-04-06 12:47:03,140.66,143.7129,129.02116,-14.691748,146.19604,2.4831414,141.44711,-2.2657862,138.68524,-5.0276713,140.81233,-2.9005792
2026-04-06 12:48:03,137.8272,142.26,127.274506,-14.985488,146.31195,4.0519595,139.00868,-3.2513082,138.41394,-3.8460486,139.93468,-2.3253129
2026-04-06 12:49:03,137.8272,142.22,129.01982,-13.200174,147.125,4.9050064,140.52261,-1.6973845,138.9583,-3.2616982,140.19344,-2.026571
2026-04-06 12:50:03,132.2298,142.13,129.95312,-12.176887,147.67474,5.544746,140.31168,-1.8183262,139.21378,-2.9162335,140.2498,-1.880198
2026-04-06 12:51:03,129.4624,144.8808,132.455,-12.42579,150.086,5.2051973,142.57726,-2.303547,141.61298,-3.26782,142.85208,-2.028722
2026-04-06 12:52:03,143.4324,147.6176,136.00906,-11.608535,152.18135,4.563748,145.10188,-2.5157213,143.82925,-3.788352,145.29834,-2.3192587
2026-04-06 12:53:03,143.4324,150.414,140.13467,-10.279333,154.39575,3.981752,146.38649,-4.027505,146.1858,-4.2282,147.77397,-2.6400306
2026-04-06 12:54:03,147.8925,150.3928,139.03096,-11.361849,154.36795,3.9751458,145.95047,-4.4423347,146.00786,-4.384955,147.49483,-2.897987
2026-04-06 12:55:03,146.6504,150.3716,138.1903,-12.181289,154.04466,3.6730642,146.16284,-4.208754,146.1314,-4.2402043,147.23654,-3.135054
2026-04-06 12:56:03,146.7336,147.4928,134.30022,-13.192579,151.10718,3.6143866,142.30887,-5.183928,143.54146,-3.951343,144.40193,-3.0908608
2026-04-06 12:57:03,139.8078,146.0746,132.3136,-13.761003,150.30013,4.2255263,139.01811,-7.056483,143.05518,-3.0194287,143.1681,-2.906499
2026-04-06 12:58:03,132.822,146.0437,130.56606,-15.477644,151.2309,5.1872015,136.92505,-9.118645,143.99591,-2.0477967,143.27908,-2.7646208
2026-04-06 12:59:03,127.152,144.6156,131.32358,-13.292023,151.02084,6.405245,133.48349,-11.132117,144.422,-0.19359651,142.05565,-2.559959
2026-04-06 13:00:03,127.062,141.68,130.45685,-11.223152,148.80594,7.1259513,130.47864,-11.201352,142.55164,0.87163687,139.50037,-2.1796234
2026-04-06 13:01:03,143.7792,144.4218,134.00017,-10.421624,152.50958,8.087781,135.05188,-9.369923,146.23718,1.8153883,142.49321,-1.9285916
2026-04-06 13:02:03,146.5568,144.4218,135.55995,-8.861844,152.98625,8.564458,137.93504,-6.486754,146.6956,2.2738013,142.66129,-1.7605172
2026-04-06 13:03:03,146.536,144.3096,137.69133,-6.618276,153.1555,8.845896,139.2132,-5.0964,146.4952,2.1855853,142.69095,-1.6186588
2026-04-06 13:04:03,146.536,141.38,133.32076,-8.05925,150.53482,9.1548195,136.39255,-4.987458,143.69212,2.3121178,140.05992,-1.3200891
2026-04-06 13:05:03,157.6512,142.6726,132.83948,-9.833135,151.29922,8.626617,137.88208,-4.790533,143.72379,1.0511853,141.47131,-1.2012919
2026-04-06 13:06:03,165.908,145.4566,133.27023,-12.186366,153.67433,8.217723,141.40524,-4.0513678,145.61644,0.159841,144.26245,-1.1941577
2026-04-06 13:07:03,149.1632,144.0138,133.05495,-10.958841,153.19562,9.181831,138.24397,-5.769816,144.82922,0.815437,142.99983,-1.0139669
2026-04-06 13:08:03,146.328,143.9934,133.78947,-10.2039175,154.30667,10.313275,134.29463,-9.698767,145.3975,1.4041113,143.1151,-0.87829393
2026-04-06 13:09:03,143.4936,141.17,130.09355,-11.076452,152.2208,11.050797,132.62419,-8.545806,142.83148,1.6614773,140.56592,-0.604084
2026-04-06 13:10:03,132.2956,141.16,131.65453,-9.505471,152.60023,11.440233,134.39839,-6.7616115,142.9418,1.7818049,140.77507,-0.3849307
2026-04-06 13:11:03,126.738,142.511,133.20662,-9.304386,154.13336,11.622359,133.76494,-8.746068,144.54193,2.0309331,142.19614,-0.31486285
2026-04-06 13:12:03,143.4936,141.03,130.25772,-10.772284,153.0411,12.011108,133.1916,-7.838387,143.16069,2.1306856,140.8395,-0.19050522
2026-04-06 13:13:03,146.2448,139.5801,129.02371,-10.556384,151.4528,11.8727045,133.49428,-6.085809,141.39287,1.8127803,139.52187,-0.058234394
2026-04-06 13:14:03,151.7616,138.1702,129.82568,-8.344507,150.42941,12.259213,132.80624,-5.3639455,140.21657,2.0463653,138.29758,0.12737766
2026-04-06 13:15:03,151.7616,136.77,128.78397,-7.9860425,150.05223,13.28222,131.83783,-4.932167,140.05077,3.2807584,137.14362,0.37361285
2026-04-06 13:17:03,164.2212,138.2486,128.59998,-9.648614,151.79933,13.550739,134.75578,-3.4928148,141.67482,3.4262192,138.80672,0.558122
2026-04-06 13:18:03,165.5422,138.376,128.92749,-9.448522,152.25662,13.88061,136.95055,-1.4254599,142.17783,3.8018234,139.15175,0.77573764
2026-04-06 13:19:03,166.9094,138.474,129.67644,-8.797555,153.08612,14.612116,135.8282,-2.645804,143.31905,4.8450403,139.45554,0.98153037
2026-04-06 13:20:03,171.044,138.474,129.77512,-8.698891,153.55933,15.085332,134.62103,-3.8529737,143.76933,5.295338,139.58757,1.1135776
2026-04-06 13:21:03,171.0196,138.474,127.69984,-10.774162,154.15094,15.676934,135.30777,-3.1662261,144.36107,5.8870754,139.65784,1.1838359
2026-04-06 13:22:03,176.526,137.1192,124.7749,-12.344303,152.9867,15.867497,133.99072,-3.1284833,143.27252,6.153321,138.56685,1.4476471
2026-04-06 13:23:03,165.436,131.4834,120.48741,-10.995988,148.2133,16.729898,129.71199,-1.7714128,138.99176,7.5083656,133.37244,1.8890357
2026-04-06 13:24:03,154.264,128.6376,120.938225,-7.6993756,146.68134,18.043734,127.4868,-1.150802,138.19101,9.553406,130.95038,2.312772
2026-04-06 13:25:03,143.106,131.3904,127.72483,-3.6655674,150.25624,18.865847,130.777,-0.6133965,142.45457,11.064178,133.93994,2.5495527
2026-04-06 13:26:03,145.8808,132.7468,129.4546,-3.292185,152.16676,19.419968,133.11925,0.37245142,145.01309,12.266289,135.305,2.5582035
2026-04-06 13:27:03,145.8808,135.5136,131.85252,-3.6610723,155.07448,19.560884,136.26706,0.7534633,148.19913,12.685538,137.96448,2.4508886
2026-04-06 13:28:03,136.1492,135.5328,130.66705,-4.8657455,155.63525,20.102448,136.77243,1.2396207,149.36514,13.832335,137.89137,2.3585649
2026-04-06 13:29:03,149.9177,135.5712,128.45926,-7.1119394,155.63731,20.066113,135.87244,0.30123317,149.70663,14.135445,137.86612,2.294929
2026-04-06 13:30:03,149.8107,135.5712,128.4793,-7.0919,154.9852,19.414,138.38463,2.8134327,148.8276,13.256402,137.8228,2.2516055
2026-04-06 13:31:03,152.5019,131.688,122.94062,-8.747381,151.06544,19.377436,132.13972,0.45172325,145.06494,13.376943,134.37805,2.6900473
2026-04-06 13:32:03,149.6288,131.688,119.61345,-12.074556,150.18349,18.49548,131.93712,0.24910744,143.82513,12.13713,134.58647,2.8984709
2026-04-06 13:33:03,148.1668,128.9015,118.575516,-10.325985,146.97574,18.07423,131.05765,2.1561418,140.61418,11.71268,132.00945,3.1079376
2026-04-06 13:34:03,131.5248,133.0758,123.084274,-9.9915285,149.89493,16.819122,135.93903,2.86322,142.88152,9.805708,136.12683,3.0510304
2026-04-06 13:35:03,145.3504,134.3395,123.77577,-10.563722,150.06512,15.725635,134.81041,0.47091568,143.11848,8.778988,137.41565,3.0761623
2026-04-06 13:36:03,148.1032,134.1305,123.24946,-10.881037,148.84824,14.717741,132.3442,-1.786305,141.91495,7.7844586,137.24928,3.1187866
2026-04-06 13:37:03,145.3088,136.8088,126.194885,-10.613921,151.05942,14.250611,134.81174,-1.9970629,143.80722,6.998414,139.6613,2.8524997
2026-04-06 13:38:03,145.3088,135.3024,126.58138,-8.721013,149.1453,13.842894,133.88132,-1.421076,141.94818,6.6457787,138.09511,2.7927134
2026-04-06 13:39:03,139.84,132.446,126.89163,-5.5543656,147.49829,15.052297,131.5191,-0.92689764,140.80385,8.357847,135.48538,3.0393848
2026-04-06 13:40:03,145.4752,115.7184,118.439804,2.7214031,135.614,19.8956,117.23778,1.519378,130.205,14.4866085,120.31029,4.5918865
2026-04-06 13:41:03,137.3176,115.702,120.65778,4.9557776,136.9149,21.212893,120.7465,5.0444913,131.14375,15.441752,121.21168,5.5096736
2026-04-06 13:42:03,137.396,110.0892,118.69853,8.609329,134.35025,24.261055,121.81623,11.727027,128.74542,18.656216,116.562546,6.473345
2026-04-06 13:43:03,144.406,110.0892,124.40439,14.315184,136.02963,25.940428,125.20314,15.113934,130.36002,20.270819,117.131294,7.0420933
2026-04-06 13:44:03,151.3512,117.0383,133.77797,16.739676,142.08926,25.05097,130.68536,13.647065,134.97864,17.940334,123.97061,6.9323115
2026-04-06 13:45:03,152.709,129.5452,141.31653,11.771327,150.46927,20.92407,142.44983,12.904629,141.63358,12.088381,135.52087,5.9756765
2026-04-06 13:46:03,151.2756,139.2633,146.92754,7.664236,155.74738,16.484066,152.93091,13.66761,147.05035,7.7870445,143.79324,4.529933
2026-04-06 13:47:03,151.2648,143.412,148.00597,4.5939565,155.80724,12.395237,152.67088,9.258882,148.43094,5.0189414,146.68991,3.2779076
2026-04-06 13:48:03,147.0945,140.66,142.03522,1.3752197,151.26224,10.602239,145.92361,5.2636123,144.94975,4.289756,143.46222,2.8022218
2026-04-06 13:49:03,149.8428,137.8272,136.88425,-0.94295204,147.40242,9.575224,145.81168,7.9844885,141.91235,4.085166,140.66052,2.833328
2026-04-06 13:50:03,144.2206,137.8272,134.62686,-3.2003257,147.03683,9.209644,146.58475,8.75755,142.02242,4.1952267,140.67061,2.8434176
2026-04-06 13:51:03,144.1382,132.2298,129.66553,-2.5642734,143.03625,10.80645,140.03474,7.8049483,138.64862,6.418828,135.49664,3.2668424
2026-04-06 13:52:03,144.0352,129.4624,126.65448,-2.807926,140.7218,11.259396,134.91235,5.449959,136.55667,7.0942626,133.14006,3.677654
2026-04-06 13:53:03,143.9528,143.4324,141.8974,-1.5350055,151.16444,7.7320447,145.91577,2.4833627,147.81003,4.3776255,146.29427,2.8618555
2026-04-06 13:54:03,139.68,143.4324,141.00508,-2.4273226,150.2733,6.8409014,146.4593,3.0269074,147.46523,4.032827,145.8608,2.428394
2026-04-06 13:55:03,142.3104,147.8925,144.20335,-3.6891484,153.41762,5.525122,150.10721,2.2147048,151.02296,3.1304612,149.83443,1.9419217
2026-04-06 13:56:03,133.9008,146.6504,144.24335,-2.4070573,152.1725,5.5220876,147.48825,0.8378379,149.78217,3.131761,148.56839,1.9179798
2026-04-06 13:57:03,133.8048,146.7336,144.8482,-1.8853954,152.93788,6.2042847,146.62413,-0.10945985,150.02644,3.2928529,148.51361,1.7800124
2026-04-06 13:58:03,136.4748,139.8078,138.81503,-0.9927686,147.94527,8.137464,143.25351,3.4457145,144.89764,5.089842,142.23073,2.4229245
2026-04-06 13:59:03,126.7903,132.822,133.17296,0.3509543,143.19418,10.372173,138.52469,5.702675,141.08565,8.263641,136.02406,3.202064
2026-04-06 14:00:03,126.7903,127.152,128.65411,1.5021148,139.86333,12.711321,132.627,5.4749956,137.61371,10.4617,131.24812,4.0961246
2026-04-06 14:01:03,153.054,127.062,131.71483,4.652828,140.32184,13.259835,131.31915,4.2571554,137.57327,10.511272,131.62427,4.5622687
2026-04-06 14:02:03,158.5968,143.7792,145.23499,1.4557738,152.41176,8.632554,143.85764,0.07843417,148.29668,4.5174665,147.17111,3.3919034
2026-04-06 14:03:03,166.872,146.5568,143.21956,-3.337234,154.24275,7.685957,146.76324,0.20644526,149.30605,2.7492502,149.24712,2.6903236
2026-04-06 14:04:03,173.775,146.536,138.35338,-8.182616,152.48935,5.9533467,143.06871,-3.4672785,148.1714,1.6354128,148.8913,2.3553073
2026-04-06 14:05:03,188.9584,146.536,141.10771,-5.4282837,151.51833,4.982337,141.35023,-5.1857624,147.72443,1.1884322,148.69936,2.163366
2026-04-06 14:06:03,172.484,157.6512,148.9299,-8.721294,160.2276,2.576395,152.82155,-4.8296504,156.77296,-0.8782392,158.71121,1.0600088
2026-04-06 14:07:03,164.2324,165.908,151.03494,-14.873065,165.79237,-0.11562699,158.27496,-7.6330447,162.86818,-3.0398304,165.42592,-0.48208982
2026-04-06 14:08:03,155.9488,149.1632,134.3018,-14.861384,152.24576,3.0825603,142.72556,-6.4376445,149.01593,-0.14726391,149.83252,0.66932744
2026-04-06 14:09:03,164.0908,146.328,134.93538,-11.392621,149.69173,3.3637235,139.00865,-7.319357,146.56587,0.23787622,147.7074,1.3793888
2026-04-06 14:10:03,144.664,143.4936,133.78426,-9.709356,147.95087,4.457253,138.25336,-5.240255,144.4759,0.9822926,145.39793,1.9043336
2026-04-06 14:11:03,147.3294,132.2956,125.29539,-7.0002074,139.70317,7.4075785,128.74445,-3.551155,136.82298,4.527383,135.35074,3.0551412
2026-04-06 14:12:03,147.3294,126.738,123.38894,-3.3490627,136.20396,9.465971,122.79901,-3.9389875,133.66798,6.92999,130.98259,4.2445965
2026-04-06 14:13:03,154.0458,143.4936,139.51292,-3.9806767,150.04381,6.5502,137.48248,-6.0111184,145.91254,2.418929,147.04141,3.547799
2026-04-06 14:14:03,154.0458,146.2448,141.90964,-4.335159,152.37395,6.1291475,142.30933,-3.935466,147.9273,1.6825175,149.30022,3.0554173
2026-04-06 14:15:03,148.5802,151.7616,142.73335,-9.028243,156.1681,4.406505,149.72354,-2.0380564,151.69145,-0.07014757,153.92975,2.1681519
2026-04-06 14:16:03,132.164,151.7616,139.28915,-12.47244,154.90512,3.143529,148.07703,-3.684567,150.84932,-0.9122788,153.44916,1.6875662
2026-04-06 14:17:03,134.9949,164.2212,149.18643,-15.034778,165.20282,0.9816188,161.23564,-2.985558,161.72093,-2.5002818,164.89543,0.67422295
2026-04-06 14:18:03,139.31,165.5422,146.89932,-18.642889,164.9971,-0.54511243,165.22647,-0.3157332,161.99648,-3.545729,165.1076,-0.4345976
2026-04-06 14:19:03,138.0852,166.9094,143.71437,-23.195017,165.32896,-1.580425,164.1569,-2.7524855,162.65839,-4.2510133,165.59415,-1.3152435
2026-04-06 14:20:03,143.6747,171.044,144.8719,-26.172098,167.98634,-3.0576625,163.87697,-7.167031,164.94226,-6.1017423,168.49341,-2.550601
2026-04-06 14:21:03,143.7262,171.0196,144.79037,-26.229237,166.66704,-4.352569,157.68912,-13.330498,163.63394,-7.3856616,167.95435,-3.0652587
2026-04-06 14:22:03,152.0223,176.526,147.98349,-28.542503,170.73776,-5.7882323,162.73659,-13.789417,166.89365,-9.63236,172.06967,-4.456328
2026-04-06 14:23:03,152.0223,165.436,138.23102,-27.204988,160.77814,-4.657869,151.41068,-14.025327,158.13345,-7.3025537,162.07516,-3.360835
2026-04-06 14:24:03,154.7229,154.264,130.09018,-24.173836,150.70541,-3.5585935,139.6352,-14.628812,148.79741,-5.466605,152.79741,-1.4665934
2026-04-06 14:25:03,171.1053,143.106,125.53991,-17.566095,142.79611,-0.30989322,130.07162,-13.03438,140.86726,-2.2387414,143.74709,0.641078
2026-04-06 14:26:03,170.9331,145.8808,130.853,-15.027798,146.64455,0.7637428,137.1281,-8.752702,144.36578,-1.5150132,147.16801,1.2872177
2026-04-06 14:27:03,184.4577,145.8808,130.06183,-15.8189745,146.98837,1.1075705,139.23286,-6.6479406,145.09393,-0.78686607,147.54964,1.6688318
2026-04-06 14:28:03,180.18,136.1492,123.21322,-12.935983,140.05826,3.9090605,134.15227,-1.9969368,137.7174,1.5681999,139.02312,2.8739097
2026-04-06 14:29:03,182.7408,149.9177,137.42462,-12.493065,151.20729,1.289602,146.48793,-3.4297566,148.96419,-0.95350766,152.09245,2.174757
2026-04-06 14:30:03,155.3104,149.8107,135.32014,-14.49056,150.71265,0.9019478,145.53897,-4.271735,148.5492,-1.261511,151.7622,1.951502
2026-04-06 14:31:03,155.2544,152.5019,136.56018,-15.941727,152.77847,0.27657163,148.82838,-3.6735182,150.70969,-1.7922238,154.00818,1.5062683
2026-04-06 14:32:03,166.092,149.6288,133.58577,-16.043026,149.92738,0.29857862,142.76814,-6.8606586,148.01028,-1.6185135,151.29106,1.662264
2026-04-06 14:33:03,160.5208,148.1668,130.89082,-17.275976,148.7154,0.54860073,141.82498,-6.341805,146.66373,-1.50306,149.87163,1.7048287
2026-04-06 14:34:03,160.5208,131.5248,120.113144,-11.41165,136.8492,5.3244,129.3877,-2.1370955,134.24951,2.7247126,134.6368,3.112004
2026-04-06 14:35:03,160.4512,145.3504,133.90947,-11.440934,149.09612,3.745718,142.4125,-2.9378955,145.68304,0.3326362,148.35733,3.0069232
2026-04-06 14:36:03,160.4048,148.1032,134.25906,-13.844134,151.21811,3.1149197,142.52278,-5.5804167,147.35896,-0.74423915,150.86751,2.7643197
2026-04-06 14:37:03,160.4048,145.3088,132.17426,-13.134558,148.38416,3.0753403,141.421,-3.8877952,144.29744,-1.011372,147.98285,2.6740396
2026-04-06 14:38:03,152.141,145.3088,133.1651,-12.1437025,147.43259,2.1237783,141.33849,-3.9703145,143.36539,-1.9434196,147.94778,2.6389832
2026-04-06 14:39:03,150.7252,139.84,128.22334,-11.61665,144.0696,4.2296047,136.11122,-3.72877,140.32166,0.48165888,142.8538,3.0138135
2026-04-06 14:40:03,153.402,145.4752,133.39429,-12.080922,149.5745,4.099293,140.40044,-5.0747705,145.24399,-0.23122314,148.32753,2.8523288
2026-04-06 14:41:03,145.2255,137.3176,126.32399,-10.9936075,144.60725,7.28966,134.74281,-2.574779,141.41223,4.0946383,141.0172,3.699593
2026-04-06 14:42:03,146.6192,137.396,127.79123,-9.60477,145.4647,8.0687065,135.2625,-2.1334994,142.18277,4.786775,141.32394,3.9279423
2026-04-06 14:43:03,148.088,144.406,132.42427,-11.981735,151.92926,7.52326,140.22829,-4.1777186,148.13605,3.7300398,147.97592,3.5699215
2026-04-06 14:44:03,149.6448,151.3512,137.26582,-14.085367,156.94691,5.59572,149.42024,-1.9309587,152.2509,0.8997031,154.15219,2.801
2026-04-06 14:45:03,149.6448,152.709,136.42464,-16.284357,156.72787,4.01887,149.30244,-3.4065604,151.59192,-1.117075,155.04964,2.3406322
2026-04-06 14:46:03,138.85,151.2756,133.40154,-17.874067,154.5492,3.2735937,146.75195,-4.523647,149.20833,-2.067274,153.40999,2.1343784
2026-04-06 14:47:03,145.7085,151.2648,135.06113,-16.20367,154.52705,3.2622461,148.14763,-3.1171758,149.58,-1.6847981,153.3438,2.0790012
2026-04-06 14:48:03,141.5352,147.0945,133.09023,-14.00427,152.65536,5.560864,147.58633,0.49183738,148.03929,0.94479007,149.63918,2.5446835
2026-04-06 14:49:03,135.8966,149.8428,134.66974,-15.173069,155.63222,5.7894197,147.76154,-2.0812736,150.79877,0.95596844,152.40775,2.5649443
2026-04-06 14:50:03,127.604,144.2206,131.02246,-13.198143,152.37161,8.151024,139.99442,-4.226186,147.79973,3.579132,147.36714,3.1465518
2026-04-06 14:51:03,133.0752,144.1382,133.94011,-10.198092,153.15105,9.01285,142.20572,-1.932485,148.30235,4.1641526,147.45216,3.3139634
2026-04-06 14:52:03,148.2164,144.0352,134.73389,-9.301321,154.32567,10.290473,141.81645,-2.21875,149.82544,5.790245,147.40274,3.3675318
2026-04-06 14:53:03,152.405,143.9528,135.09416,-8.8586445,154.91609,10.963285,141.12949,-2.8233206,149.88136,5.928553,147.47441,3.521611
2026-04-06 14:54:03,155.232,139.68,132.28151,-7.3984876,151.74443,12.06444,137.02028,-2.6597135,146.61836,6.9383717,143.6052,3.9252026
2026-04-06 14:55:03,160.776,142.3104,135.59596,-6.714437,153.8604,11.55001,142.15324,-0.15715757,148.78777,6.477366,146.2456,3.935212
2026-04-06 14:56:03,155.2992,133.9008,129.9257,-3.9750998,148.35085,14.450042,136.20897,2.3081713,144.69426,10.793461,138.45499,4.5541787
2026-04-06 14:57:03,144.3208,133.8048,130.80191,-3.0028796,149.22717,15.422371,138.3675,4.5627,145.27411,11.469313,138.68103,4.876233
2026-04-06 14:58:03,147.0644,136.4748,133.64284,-2.831956,151.6666,15.191811,140.74835,4.273567,148.0089,11.534109,141.31923,4.8444405
2026-04-06 14:59:03,141.576,126.7903,127.17599,0.3856906,145.6091,18.818798,133.87515,7.084848,142.65556,15.865262,132.25194,5.461643
2026-04-06 15:00:03,151.1176,126.7903,128.75995,1.9696505,146.59302,19.80272,133.29639,6.50609,143.40164,16.611347,132.58815,5.7978516
2026-04-06 15:01:03,152.372,153.054,149.76921,-3.2847884,164.55577,11.501777,156.20064,3.1466405,158.91005,5.8560443,157.06363,4.0096254
2026-04-06 15:02:03,154.9632,158.5968,148.54875,-10.048057,166.20349,7.6066966,159.5561,0.9593068,158.91628,0.31946644,160.93391,2.3371089
2026-04-06 15:03:03,141.2088,166.872,150.19301,-16.67899,169.35484,2.4828548,163.45897,-3.4130287,160.4631,-6.4088926,167.3854,0.51341206
2026-04-06 15:04:03,149.3424,173.775,153.89629,-19.878702,171.61717,-2.1578202,166.65224,-7.122759,163.3212,-10.453804,172.3951,-1.3798959
2026-04-06 15:05:03,132.864,188.9584,162.27037,-26.688028,184.02792,-4.930485,176.86417,-12.094243,174.31316,-14.645252,184.4204,-4.5380044
2026-04-06 15:06:03,132.8832,172.484,146.35677,-26.127222,169.93243,-2.5515604,161.26611,-11.217873,161.90309,-10.580903,168.50854,-3.9754555
2026-04-06 15:07:03,138.38,164.2324,142.27338,-21.95903,165.02832,0.7959097,149.67897,-14.553432,157.00601,-7.2263937,161.75346,-2.4789374
2026-04-06 15:08:03,139.7739,155.9488,138.72101,-17.227806,160.60487,4.6560726,143.31458,-12.634236,153.8419,-2.1069086,155.2518,-0.6969998
2026-04-06 15:09:03,145.1835,164.0908,147.2691,-16.821697,168.33234,4.241524,152.01877,-12.072035,161.3832,-2.7076094,163.3837,-0.7071024
2026-04-06 15:10:03,139.7133,144.664,134.09103,-10.572962,153.9968,9.332788,137.71901,-6.94499,150.46988,5.8058767,145.85062,1.1866132
2026-04-06 15:11:03,150.6925,147.3294,138.12256,-9.2068405,156.7095,9.380101,139.88689,-7.4425173,152.35208,5.0226808,149.11205,1.7826399
2026-04-06 15:12:03,164.3271,147.3294,137.10553,-10.223879,156.46909,9.139675,141.02805,-6.30136,151.42216,4.092759,149.46225,2.132839
2026-04-06 15:13:03,157.4796,154.0458,141.22919,-12.816617,162.10988,8.064074,152.9845,-1.0613117,155.74413,1.6983147,155.83191,1.7861009
2026-04-06 15:14:03,149.2344,154.0458,140.72926,-13.316546,161.24333,7.19753,153.873,-0.17280626,154.45961,0.41379824,155.6545,1.6086923
2026-04-06 15:15:03,149.0616,148.5802,135.79536,-12.784833,157.39398,8.81378,146.28319,-2.2970147,152.3273,3.747098,150.53879,1.9585857
2026-04-06 15:16:03,135.2596,132.164,124.72818,-7.435818,145.48546,13.321454,134.16797,2.00397,144.32909,12.165086,135.53357,3.369574
2026-04-06 15:17:03,124.236,134.9949,132.78043,-2.2144825,150.00626,15.01136,138.36987,3.3749695,148.78859,13.793679,138.87247,3.8775613
2026-04-06 15:18:03,129.626,139.31,136.50362,-2.8063757,154.27959,14.969587,146.0782,6.768209,153.32825,14.018256,143.12593,3.8159316
2026-04-06 15:19:03,129.626,138.0852,135.51651,-2.5687017,154.07414,15.988933,141.47626,3.391054,153.4925,15.4072895,141.99306,3.907853
2026-04-06 15:20:03,143.0312,143.6747,142.51935,-1.1553428,157.1528,13.478097,147.00787,3.3331752,154.5378,10.863099,147.21269,3.5379884
2026-04-06 15:21:03,148.4676,143.7262,142.39772,-1.328475,156.40182,12.675627,149.44678,5.72058,153.78531,10.0591135,146.9343,3.208098
2026-04-06 15:22:03,159.384,152.0223,147.80418,-4.218105,162.1475,10.125213,155.64534,3.6230428,157.02742,5.0051312,154.31743,2.2951324
2026-04-06 15:23:03,164.784,152.0223,145.11742,-6.904872,161.66692,9.644626,153.13684,1.1145524,157.23016,5.2078753,153.81313,1.7908318
2026-04-06 15:24:03,163.5655,154.7229,148.95341,-5.769481,164.03406,9.31115,154.35312,-0.36977735,159.65933,4.936433,156.16646,1.4435622
2026-04-06 15:25:03,175.7056,171.1053,160.22922,-10.876087,174.59279,3.4874842,170.8648,-0.24049717,165.72935,-5.3759475,170.51993,-0.58537716
2026-04-06 15:26:03,170.3264,170.9331,153.859,-17.07411,172.83609,1.902992,167.1758,-3.757313,163.8841,-7.0490174,168.8606,-2.0725133
2026-04-06 15:27:03,171.6375,184.4577,160.28703,-24.170664,181.1168,-3.340904,176.41153,-8.046181,170.95181,-13.505883,179.73741,-4.720293
2026-04-06 15:28:03,164.856,180.18,152.31622,-27.863764,176.19456,-3.9854224,168.51671,-11.663281,166.6387,-13.541287,174.88123,-5.298767
2026-04-06 15:29:03,151.25,182.7408,151.07492,-31.665878,177.08876,-5.652045,174.16173,-8.579068,167.69342,-15.047385,176.60089,-6.1399007
2026-04-06 15:30:03,151.25,155.3104,131.47836,-23.83203,158.53568,3.225282,148.98012,-6.3302784,154.20319,-1.1072141,152.83452,-2.4758735
2026-04-06 15:31:03,144.375,155.2544,135.84094,-19.413452,161.59592,6.3415165,147.51581,-7.7385817,158.52739,3.2729878,154.50403,-0.75036764
2026-04-06 15:32:03,132.2304,166.092,144.8826,-21.209396,170.17905,4.0870547,156.33159,-9.7604065,164.96631,-1.1256822,164.87746,-1.2145333
2026-04-06 15:33:03,130.967,160.5208,143.3929,-17.127901,165.72255,5.2017455,154.0072,-6.5136003,161.50381,0.9830192,159.59723,-0.923566
2026-04-06 15:34:03,148.662,160.5208,148.49434,-12.0264635,165.72426,5.2034607,153.71611,-6.804688,161.45891,0.93810815,159.73427,-0.78652775
2026-04-06 15:35:03,154.1792,160.4512,147.8965,-12.554708,165.64249,5.1912804,154.82951,-5.6216936,161.21014,0.75894535,159.77185,-0.67934954
2026-04-06 15:36:03,159.6392,160.4048,148.15166,-12.25315,165.64952,5.244719,156.4509,-3.9539108,161.47487,1.0700645,159.70148,-0.703329
2026-04-06 15:37:03,167.628,160.4048,147.72304,-12.681757,165.8396,5.4347963,157.94466,-2.460147,161.05588,0.6510697,159.68889,-0.71590644
2026-04-06 15:38:03,172.746,152.141,140.48436,-11.656653,159.84117,7.700158,148.95549,-3.1855202,157.84773,5.706726,152.44588,0.30487347
2026-04-06 15:39:03,153.6864,150.7252,139.42264,-11.302574,160.44339,9.71818,150.61154,-0.11366187,160.35281,9.627611,151.77098,1.0457786
2026-04-06 15:40:03,150.766,153.402,145.24144,-8.160557,162.14622,8.74423,152.13998,-1.2620116,161.2785,7.876518,154.4044,1.0024046
2026-04-06 15:41:03,150.766,145.2255,139.46834,-5.757152,157.38974,12.164239,145.87111,0.6456124,159.39874,14.1732435,146.94539,1.7198879
2026-04-06 15:42:03,143.8185,146.6192,141.66197,-4.957225,159.00009,12.380884,147.96912,1.3499149,159.53624,12.917045,148.57727,1.9580674
2026-04-06 15:43:03,150.436,148.088,145.03104,-3.0569544,159.20195,11.113952,152.53342,4.445423,159.64117,11.553171,150.101,2.0129938
2026-04-06 15:44:03,153.1824,149.6448,146.53242,-3.112379,160.26126,10.616461,156.48523,6.8404217,159.76776,10.12295,151.57503,1.9302179
2026-04-06 15:45:03,154.6066,149.6448,144.15297,-5.4918356,158.96535,9.320538,152.06325,2.4184458,156.50345,6.85865,151.5327,1.8878976
2026-04-06 15:46:03,153.4848,138.85,135.69456,-3.155439,151.21855,12.36854,143.58725,4.7372475,150.96133,12.111335,141.58328,2.7332816
2026-04-06 15:47:03,164.4,145.7085,142.69948,-3.009016,157.20042,11.49193,151.80482,6.0963335,156.89026,11.1817665,148.3893,2.6808014
2026-04-06 15:48:03,156.4308,141.5352,137.65477,-3.8804314,157.85976,16.324554,147.19997,5.6647663,158.05754,16.522335,144.58405,3.0488415
2026-04-06 15:49:03,151.129,135.8966,136.56976,0.67316246,154.88182,18.985218,144.07585,8.179243,155.32782,19.431221,139.4545,3.557885
2026-04-06 15:50:03,161.8488,127.604,132.8076,5.203606,151.495,23.890999,133.25732,5.6533346,152.03297,24.428978,132.0103,4.4063034
2026-04-06 15:51:03,161.7544,133.0752,139.3726,6.2974114,155.80318,22.727976,139.85999,6.7847958,155.73047,22.65527,137.50673,4.4315367
2026-04-06 15:52:03,161.7544,148.2164,150.41035,2.1939611,164.35353,16.137135,151.75175,3.5353572,163.51454,15.2981415,151.64464,3.4282384
2026-04-06 15:53:03,164.304,152.405,154.06061,1.6556075,164.3521,11.947101,155.75676,3.3517652,161.48466,9.079661,154.91548,2.5104883
2026-04-06 15:54:03,167.0424,155.232,153.83597,-1.3960217,164.10112,8.86912,155.03186,-0.20013416,159.45651,4.224519,156.94727,1.7152646
2026-04-06 15:55:03,164.484,160.776,152.61032,-8.165686,166.69131,5.9153094,160.74217,-0.033834875,159.43164,-1.3443565,161.36777,0.59176236
2026-04-06 15:56:03,155.2168,155.2992,145.98232,-9.316874,161.50563,6.206436,154.96121,-0.33797887,155.70493,0.40573737,155.84082,0.5416304
2026-04-06 15:57:03,143.104,144.3208,135.7028,-8.617996,153.30011,8.979312,144.30554,-0.015256558,151.07887,6.7580733,145.89525,1.574455
2026-04-06 15:58:03,135.0048,147.0644,138.26228,-8.802125,156.02432,8.959915,146.48149,-0.5829179,153.30455,6.2401495,148.7877,1.7232949
2026-04-06 15:59:03,124.11,141.576,133.00517,-8.570828,154.00272,12.426716,143.41127,1.8352699,153.10913,11.533122,143.8301,2.254095
2026-04-06 16:00:03,124.092,151.1176,142.89407,-8.22352,161.36688,10.249282,150.16844,-0.9491556,159.21048,8.092882,152.91374,1.7961396
2026-04-06 16:01:03,134.848,152.372,143.19551,-9.176481,161.73763,9.365637,145.81146,-6.5605297,158.96031,6.588323,153.77512,1.403123
2026-04-06 16:02:03,145.644,154.9632,144.91829,-10.044912,163.38594,8.422749,147.67363,-7.2895627,159.11449,4.1512876,155.78056,0.81736815
2026-04-06 16:03:03,145.644,141.2088,134.75763,-6.451175,154.46136,13.252557,140.3816,-0.827197,152.51273,11.30392,143.14128,1.9324807
2026-04-06 16:04:03,153.7312,149.3424,144.76897,-4.573438,161.73975,12.3973465,148.57407,-0.7683458,159.03581,9.693404,151.13683,1.7944226
2026-04-06 16:05:03,153.7312,132.864,133.60892,0.74491453,153.45609,20.592093,132.54335,-0.32064512,152.40176,19.537771,135.84343,2.979437
2026-04-06 16:06:03,151.052,132.8832,138.9708,6.0875983,156.0643,23.181105,133.12225,0.23905434,154.97429,22.091097,136.4632,3.579997
2026-04-06 16:07:03,148.3704,138.38,144.94843,6.56842,159.95702,21.577015,142.0682,3.6881955,159.6595,21.2795,141.89638,3.5163748
2026-04-06 16:08:03,148.3704,139.7739,143.34311,3.5692072,162.09122,22.31732,142.3348,2.5609052,161.64049,21.866596,143.20155,3.427655
2026-04-06 16:09:03,148.3488,145.1835,149.22507,4.041564,162.41194,17.228441,145.8305,0.64700764,160.94725,15.763747,148.0908,2.907306
2026-04-06 16:10:03,159.1056,139.7133,141.38553,1.672219,158.1301,18.41679,137.89374,-1.8195659,157.32356,17.610256,142.58482,2.8715248
2026-04-06 16:11:03,161.7898,150.6925,148.02432,-2.6681793,162.46065,11.768137,151.09787,0.40536344,160.06548,9.372975,152.61488,1.9223747
2026-04-06 16:12:03,168.4854,164.3271,157.18147,-7.145635,171.65778,7.3306727,158.8274,-5.4997087,166.59145,2.2643435,164.5173,0.19020373
2026-04-06 16:13:03,168.5469,157.4796,147.29608,-10.183519,165.05206,7.572463,156.0962,-1.3833954,159.8951,2.4154902,157.33101,-0.14858855
2026-04-06 16:14:03,168.5469,149.2344,141.28156,-7.952852,158.79185,9.557451,145.29059,-3.9438183,156.36632,7.131916,149.79468,0.5602652
2026-04-06 16:16:03,164.652,149.0616,142.17647,-6.885132,158.72137,9.659772,147.62119,-1.4404076,156.49553,7.4339304,149.91162,0.8500173
2026-04-06 16:17:03,148.5324,135.2596,134.04305,-1.2165534,154.18687,18.927279,137.66943,2.4098303,153.0235,17.763903,137.48502,2.2254171
2026-04-06 16:18:03,151.239,124.236,127.632965,3.396966,149.23962,25.003618,131.02057,6.7845635,147.93915,23.703146,127.96735,3.731345
2026-04-06 16:19:03,153.888,129.626,135.14214,5.5161223,154.96121,25.335207,132.54988,2.9238758,153.30472,23.678713,133.72676,4.100754
2026-04-06 16:20:03,145.8136,129.626,137.3546,7.7285852,156.4038,26.777786,133.04552,3.4195101,154.56734,24.941332,133.9068,4.2807965
2026-04-06 16:21:03,140.4336,143.0312,146.4438,3.412599,163.11485,20.08365,147.022,3.9908051,159.8547,16.823507,146.27048,3.2392766
2026-04-06 16:22:03,143.2496,148.4676,148.26604,-0.20156932,164.04756,15.579954,149.9984,1.5307885,160.14284,11.675227,150.69754,2.229936
2026-04-06 16:23:03,151.47,159.384,155.53526,-3.8487353,170.47334,11.089341,159.1725,-0.21150549,164.85481,5.470811,160.16911,0.7851103
2026-04-06 16:24:03,143.52,164.784,156.05481,-8.729186,172.54784,7.76384,162.06113,-2.7228749,164.64864,-0.13536282,163.87865,-0.9053496
2026-04-06 16:25:03,151.8,163.5655,148.29517,-15.270336,171.36417,7.7986584,159.07358,-4.4919305,164.2678,0.70230705,161.92592,-1.6395845
2026-04-06 16:26:03,151.8,175.7056,158.29514,-17.410465,180.18317,4.477563,166.9997,-8.705897,168.91457,-6.7910295,171.8251,-3.8804924
2026-04-06 16:27:03,160.022,170.3264,151.15154,-19.17486,175.38007,5.053665,161.7996,-8.526795,165.48146,-4.844941,166.00449,-4.321913
2026-04-06 16:28:03,151.965,171.6375,151.58917,-20.048319,175.28078,3.6432767,156.76082,-14.8766775,164.80365,-6.8338475,166.87848,-4.7590184
2026-04-06 16:29:03,147.9596,164.856,144.9447,-19.911299,170.56398,5.707981,154.5257,-10.330302,160.89618,-3.9598184,161.05598,-3.800022
2026-04-06 16:30:03,147.9703,151.25,135.23114,-16.018864,161.93497,10.684962,142.15479,-9.095211,155.46976,4.2197614,149.58437,-1.6656344
2026-04-06 16:31:03,151.954,151.25,139.84709,-11.402903,164.56523,13.315229,141.08028,-10.16972,159.17412,7.9241247,150.61342,-0.6365752
2026-04-06 16:32:03,151.866,144.375,133.38382,-10.991173,162.91182,18.536821,135.3724,-9.002598,158.3399,13.964901,145.01613,0.6411218
2026-04-06 16:33:03,149.04,132.2304,125.86633,-6.364057,156.15872,23.928326,124.90736,-7.323036,153.57271,21.342321,134.52359,2.2932034
2026-04-06 16:34:03,135.3772,130.967,128.26146,-2.7055418,157.14667,26.179667,130.39095,-0.5760565,154.75323,23.786245,134.10251,3.13552
2026-04-06 16:35:03,133.9667,148.662,143.61833,-5.0436707,170.56607,21.904066,147.85825,-0.8037633,167.84563,19.183626,150.77083,2.1088326
2026-04-06 16:36:03,143.3224,154.1792,146.86188,-7.317317,173.00652,18.82731,154.10233,-0.07687041,170.0692,15.889993,155.1071,0.927903
2026-04-06 16:37:03,143.3224,159.6392,150.62753,-9.011681,171.76463,12.125428,156.10632,-3.532888,167.03085,7.3916407,159.13896,-0.5002383
2026-04-06 16:38:03,137.72,167.628,150.94766,-16.680342,174.63394,7.0059414,161.22215,-6.405851,167.89757,0.26955897,165.38298,-2.2450273
2026-04-06 16:39:03,134.9264,172.746,150.43274,-22.313255,176.8731,4.1270843,162.18867,-10.557331,168.72705,-4.018955,168.41147,-4.3345304
2026-04-06 16:40:03,137.54,153.6864,132.54562,-21.140785,162.79865,9.112238,142.92795,-10.75846,159.34355,5.6571436,150.86162,-2.8247774
2026-04-06 16:41:03,119.8251,150.766,133.77364,-16.992365,161.84547,11.079474,142.1168,-8.6492,158.58638,7.820374,148.85085,-1.9151595
2026-04-06 16:42:03,115.6848,150.766,135.38484,-15.381158,162.19968,11.433666,138.49342,-12.272582,158.44633,7.6803317,149.36798,-1.3980296
2026-04-06 16:43:03,123.768,143.8185,131.57861,-12.239886,159.94691,16.128416,134.82294,-8.9955635,156.14218,12.323686,143.54955,-0.26895827
2026-04-06 16:44:03,134.5736,150.436,136.40912,-14.026881,161.75713,11.3211155,138.42055,-12.015456,156.3121,5.8760996,149.76788,-0.66811943
2026-04-06 16:45:03,142.7088,153.1824,137.1322,-16.050207,163.0229,9.840505,139.20917,-13.973229,155.9907,2.8082995,152.09172,-1.0906833
2026-04-06 16:46:03,153.5744,154.6066,138.13728,-16.46932,162.38263,7.7760353,142.91927,-11.687329,154.916,0.3094004,153.0046,-1.6020055
2026-04-06 16:47:03,148.3056,153.4848,136.82346,-16.661339,161.40718,7.9223804,141.96782,-11.516977,155.57288,2.0880709,151.84247,-1.6423324
2026-04-06 16:48:03,148.3056,164.4,140.71725,-23.682743,170.1825,5.782497,153.39285,-11.007142,160.34021,-4.0597916,161.2298,-3.1701996
2026-04-06 16:49:03,145.75,156.4308,134.90955,-21.521252,164.92487,8.494067,141.99905,-14.431747,158.77817,2.3473735,153.6266,-2.8041961
2026-04-06 16:50:03,135.0244,151.129,132.70242,-18.42658,161.83679,10.707788,136.49223,-14.636769,156.71751,5.5885167,149.07559,-2.053408
2026-04-06 16:51:03,132.3456,161.8488,141.61516,-20.233639,168.9656,7.1168137,144.90681,-16.941988,162.42139,0.57258147,158.92441,-2.924388
2026-04-06 16:52:03,145.856,161.7544,137.96436,-23.79004,168.33185,6.577458,144.69374,-17.060658,161.46584,-0.28856087,158.28926,-3.4651282
2026-04-06 16:53:03,148.5864,161.7544,138.97377,-22.78062,166.44946,4.695073,142.09726,-19.657139,157.33452,-4.419869,157.95988,-3.7945116
2026-04-06 16:54:03,156.7272,164.304,140.66142,-23.642582,166.63016,2.3261518,144.65387,-19.650137,155.4858,-8.81821,159.62088,-4.6831226
2026-04-06 16:55:03,162.1438,167.0424,140.26135,-26.781048,167.67142,0.6290164,149.18205,-17.860348,157.12006,-9.922345,161.50589,-5.5365176
2026-04-06 16:56:03,174.2186,164.484,134.27963,-30.204353,165.18445,0.7004557,148.53993,-15.944064,154.63972,-9.844268,158.86948,-5.6145234
2026-04-06 16:57:03,163.4584,155.2168,130.19409,-25.022707,158.33081,3.1140068,139.56615,-15.650649,151.2752,-3.9415963,151.04202,-4.174767
2026-04-06 16:58:03,155.3185,143.104,122.10981,-20.994194,152.6431,9.53909,125.93114,-17.17287,149.79225,6.688242,141.05081,-2.0531852
2026-04-06 16:59:03,155.3185,135.0048,120.276306,-14.728497,151.48901,16.4842,121.01919,-13.985616,150.61665,15.611852,135.01514,0.010337532
2026-04-06 17:00:03,152.5029,124.11,113.355934,-10.754066,148.06068,23.950687,115.92855,-8.181448,148.41583,24.305824,126.01615,1.9061521
2026-04-06 17:01:03,153.6864,124.092,120.435844,-3.656161,150.11017,26.01817,120.54855,-3.5434504,149.94405,25.852043,126.96551,2.873501
2026-04-06 17:02:03,145.5168,134.848,132.00931,-2.8387055,157.40048,22.552467,127.7395,-7.108504,156.8889,22.040895,137.23492,2.3869138
2026-04-06 17:03:03,142.8128,145.644,139.18037,-6.463616,162.911,17.266994,139.1168,-6.527192,160.67397,15.0299635,146.7355,1.0915133
2026-04-06 17:04:03,140.1684,145.644,135.18925,-10.454742,160.19582,14.551822,138.83511,-6.8088865,157.4729,11.828908,145.93364,0.2896432
2026-04-06 17:05:03,129.4756,153.7312,140.22787,-13.503334,162.47208,8.740883,142.71011,-11.021085,158.43283,4.7016253,152.56279,-1.1684117
2026-04-06 17:06:03,124.164,153.7312,136.91933,-16.811872,162.91188,9.180677,143.5165,-10.214701,159.39746,5.6662674,151.93767,-1.7935275
2026-04-06 17:07:03,132.4032,151.052,131.38805,-19.663952,162.30247,11.250467,141.0231,-10.028908,159.30293,8.250935,149.19164,-1.8603612
2026-04-06 17:08:03,135.1616,148.3704,127.99891,-20.371498,159.84763,11.477221,135.88931,-12.481094,156.45105,8.080641,146.64117,-1.7292371
2026-04-06 17:09:03,148.6944,148.3704,128.427,-19.9434,160.46165,12.091252,134.23676,-14.133659,157.54115,9.170739,146.71193,-1.6584847
2026-04-06 17:10:03,150.0494,148.3488,128.11864,-20.230167,159.99438,11.645578,134.77559,-13.573218,156.48016,8.131366,146.42896,-1.9198511
2026-04-06 17:11:03,150.0494,159.1056,134.52274,-24.582878,165.59337,6.487764,140.1734,-18.932207,160.66986,1.5642557,156.12172,-2.9838843
2026-04-06 17:12:03,156.8298,161.7898,133.75713,-28.032663,166.89398,5.104192,140.67776,-21.112036,159.34846,-2.4413347,157.55988,-4.229917
2026-04-06 17:13:03,148.7268,168.4854,141.88763,-26.597765,171.24083,2.755428,143.22061,-25.264788,161.52902,-6.9563794,162.49237,-5.9930325
2026-04-06 17:14:03,150.2129,168.5469,139.73798,-28.808937,171.53798,2.9910681,141.84763,-26.699284,162.72319,-5.8237195,161.93182,-6.6150885
2026-04-06 17:15:03,147.6493,168.5469,139.4289,-29.118011,172.24849,3.7015877,140.33684,-28.21007,164.38612,-4.1607885,161.54538,-7.0015244
2026-04-06 17:16:03,139.5416,164.652,138.33435,-26.317646,169.63718,4.985188,138.74341,-25.908577,163.52742,-1.1245728,157.87415,-6.777848
2026-04-06 17:17:03,138.19,148.5324,127.456665,-21.075733,158.54134,10.0089445,126.088264,-22.444132,156.21161,7.679215,144.362,-4.170397
2026-04-06 17:18:03,140.913,151.239,127.71119,-23.527807,162.45056,11.211568,130.03433,-21.204672,160.31764,9.078647,147.4415,-3.797505
2026-04-06 17:19:03,132.7296,153.888,127.85625,-26.031752,163.005,9.117,135.3265,-18.561499,160.1824,6.294401,149.55153,-4.3364663
2026-04-06 17:20:03,133.9861,145.8136,119.6492,-26.1644,156.79936,10.985769,131.71033,-14.103266,154.64091,8.827316,142.38829,-3.4253032
2026-04-06 17:21:03,132.576,140.4336,116.81592,-23.617672,152.49901,12.065417,127.43869,-12.994906,150.8069,10.3733015,138.11081,-2.3227878
2026-04-06 17:22:03,132.576,143.2496,120.2428,-23.00681,155.45238,12.202776,128.17722,-15.072392,154.0179,10.768301,141.18263,-2.066975
2026-04-06 17:23:03,150.0385,151.47,129.75362,-21.716383,161.77986,10.309855,136.98633,-14.483679,158.70016,7.2301593,148.40727,-3.0627239
2026-04-06 17:24:03,152.7471,143.52,126.94529,-16.574713,157.11888,13.598878,130.01456,-13.505453,154.67209,11.15209,140.91422,-2.6057963
2026-04-06 17:25:03,166.1935,151.8,133.76228,-18.037722,162.63838,10.838376,133.4382,-18.361805,158.57912,6.7791166,148.25772,-3.5422754
2026-04-06 17:26:03,163.4941,151.8,133.9274,-17.87261,161.92279,10.12279,135.41656,-16.38343,157.13188,5.331881,147.70833,-4.091673
2026-04-06 17:27:03,164.88,160.022,139.27179,-20.75021,166.98596,6.96396,143.63908,-16.382923,160.58923,0.5672309,153.96227,-6.059743
2026-04-06 17:28:03,159.6392,151.965,129.39084,-22.574158,161.31091,9.345923,133.5415,-18.423489,156.15619,4.191188,146.24548,-5.719515
2026-04-06 17:29:03,162.3444,147.9596,128.47498,-19.484612,160.23636,12.27677,130.69824,-17.261347,156.04027,8.0806675,143.05095,-4.9086437
2026-04-06 17:30:03,148.9104,147.9703,128.16913,-19.801186,161.53944,13.569133,132.19937,-15.770941,158.51791,10.5476055,143.83554,-4.1347656
2026-04-06 17:31:03,143.5408,151.954,128.73405,-23.219936,165.36725,13.413255,133.16296,-18.791039,162.53201,10.578017,147.78204,-4.171954
2026-04-06 17:32:03,143.5616,151.866,129.94638,-21.91962,165.25035,13.3843565,133.31003,-18.555975,161.8353,9.9692955,147.64998,-4.216015
2026-04-06 17:33:03,143.5616,149.04,127.33786,-21.702131,162.44118,13.401188,129.88394,-19.15606,160.02165,10.981655,145.02228,-4.0177083
2026-04-06 17:34:03,147.66,135.3772,116.59393,-18.783264,152.5719,17.194698,120.25195,-15.125245,152.12393,16.746735,133.0961,-2.2810957
2026-04-06 17:35:03,147.7028,133.9667,116.81084,-17.15587,152.64085,18.674149,122.81181,-11.154896,152.5321,18.565407,132.6935,-1.2732085
2026-04-06 17:36:03,155.8496,143.3224,123.985596,-19.336803,158.85007,15.527669,132.18073,-11.141671,156.6722,13.349799,141.23354,-2.0888605
2026-04-06 17:37:03,155.9174,143.3224,123.612366,-19.710035,158.41855,15.096147,132.18233,-11.140073,156.20302,12.880618,140.73317,-2.5892305
2026-04-06 17:38:03,160.1032,137.72,115.86656,-21.85344,152.87875,15.15875,124.556786,-13.163218,151.6577,13.937702,135.14215,-2.5778568
2026-04-06 17:39:03,141.2088,134.9264,114.69069,-20.235714,150.67955,15.753145,121.900375,-13.026028,150.28398,15.357568,132.72977,-2.1966336
2026-04-06 17:40:03,135.8476,137.54,122.36465,-15.175347,154.75809,17.218098,124.53631,-13.003682,154.30539,16.76539,135.63873,-1.9012637
2026-04-06 17:41:03,141.3516,119.8251,106.99382,-12.831282,144.10733,24.282232,108.09437,-11.730737,147.15854,27.333433,119.953224,0.12812194
2026-04-06 17:42:03,149.58,115.6848,108.769745,-6.9150534,142.99791,27.313112,103.56891,-12.115887,146.63489,30.950085,117.21906,1.5342655
2026-04-06 17:43:03,155.0304,123.768,118.76255,-5.0054507,149.97952,26.211521,112.90219,-10.865803,152.38335,28.615355,125.24363,1.4756297
2026-04-06 17:44:03,155.0304,134.5736,125.93943,-8.63416,157.4978,22.924204,124.28743,-10.2861595,158.51935,23.94575,134.58969,0.016094435
2026-04-06 17:45:03,171.2936,142.7088,128.8402,-13.8686075,160.3647,17.655895,130.3452,-12.363595,159.9904,17.2816,140.80522,-1.9035728
2026-04-06 17:46:03,172.625,153.5744,133.99695,-19.577448,165.12666,11.552264,138.14313,-15.431279,161.04533,7.470933,148.7986,-4.775799
2026-04-06 17:47:03,172.65,148.3056,123.616905,-24.688696,159.28412,10.978513,136.1251,-12.180503,155.38391,7.0783057,142.31323,-5.9923635
2026-04-06 17:48:03,157.8216,148.3056,123.05455,-25.251055,158.92203,10.61643,131.80797,-16.49764,155.98921,7.683611,141.60591,-6.6996984
2026-04-06 17:49:03,157.8444,145.75,118.93639,-26.813606,157.85757,12.107582,129.99379,-15.756207,156.91249,11.162484,139.45232,-6.29768
2026-04-06 17:50:03,147.022,135.0244,109.1375,-25.8869,151.31433,16.289936,117.13298,-17.891415,153.74464,18.720245,130.44247,-4.581929
2026-04-06 17:51:03,149.796,132.3456,109.81896,-22.526634,149.10658,16.76099,114.841995,-17.503601,151.44847,19.102875,128.58604,-3.759559
2026-04-06 17:52:03,157.8672,145.856,125.18385,-20.672153,159.14816,13.29216,124.075935,-21.78007,160.27467,14.418667,140.04167,-5.8143306
2026-04-06 17:53:03,163.2648,148.5864,126.00591,-22.580482,160.78503,12.198646,127.70563,-20.880764,160.93623,12.349832,141.03401,-7.5523906
2026-04-06 17:54:03,152.416,156.7272,127.63615,-29.091057,165.15599,8.42879,133.42274,-23.30446,161.645,4.9177985,146.66829,-10.058921
2026-04-06 17:55:03,152.416,162.1438,132.146,-29.997799,168.04857,5.9047723,136.0904,-26.053406,162.07495,-0.068850555,149.76006,-12.383738
2026-04-06 17:56:03,168.5796,174.2186,139.91196,-34.306637,178.08064,3.862049,146.23775,-27.980854,169.29713,-4.92147,158.54361,-15.67498
2026-04-06 17:57:03,160.4512,163.4584,128.42221,-35.036198,168.83577,5.377372,136.5282,-26.93021,163.37305,-0.08536102,147.93419,-15.524214
2026-04-06 17:58:03,157.8444,155.3185,120.90058,-34.417915,162.58438,7.2658887,128.10168,-27.216808,160.60934,5.2908435,141.3792,-13.939299
2026-04-06 17:59:03,152.372,155.3185,124.58749,-30.731012,163.37766,8.059155,128.31407,-27.00443,161.87671,6.5582123,142.26605,-13.052443
2026-04-06 18:00:03,154.9856,152.5029,124.32594,-28.176954,161.57977,9.076878,123.43708,-29.06582,161.60538,9.102486,140.84813,-11.654777
2026-04-06 18:01:03,157.6164,153.6864,123.141174,-30.545225,162.37595,8.689538,123.58829,-30.098114,161.32825,7.641846,142.22913,-11.457272
2026-04-06 18:02:03,165.6,145.5168,115.52377,-29.993029,154.26036,8.743559,112.30255,-33.214245,153.59525,8.078447,135.17104,-10.34576
2026-04-06 18:03:03,165.188,142.8128,113.19542,-29.617384,151.37682,8.564012,112.43828,-30.37453,150.3007,7.487905,133.19196,-9.620846
2026-04-06 18:04:03,167.7472,140.1684,113.08785,-27.080545,149.19771,9.029309,115.561714,-24.606684,148.32092,8.152527,131.56189,-8.606514
2026-04-06 18:05:03,162.408,129.4756,104.90386,-24.571741,142.0158,12.540186,108.12034,-21.355265,145.14517,15.669572,123.16451,-6.311091
2026-04-06 18:06:03,162.408,124.164,104.387184,-19.776815,139.72697,15.56297,102.605194,-21.558805,144.4724,20.308393,119.6455,-4.5184994
2026-04-06 18:08:03,150.5937,132.4032,113.18996,-19.213245,146.80185,14.398658,114.33057,-18.072634,150.95734,18.554146,127.374306,-5.0288897
2026-04-06 18:09:03,154.9165,135.1616,115.689926,-19.471676,149.99144,14.829837,117.21476,-17.946846,154.38228,19.220667,129.2983,-5.863309
2026-04-06 18:10:03,144.3015,148.6944,127.01297,-21.681423,159.67778,10.98338,126.66303,-22.031364,160.97311,12.278723,140.0899,-8.604493
2026-04-06 18:11:03,147.0715,150.0494,124.97713,-25.072266,159.18755,9.138149,125.22461,-24.824781,158.07597,8.026584,139.47812,-10.57128
2026-04-06 18:12:03,139.1275,150.0494,123.50934,-26.540054,158.02315,7.973756,124.30803,-25.741367,155.90987,5.860468,138.3323,-11.7170925
2026-04-06 18:13:03,146.2583,156.8298,126.08858,-30.741224,162.69795,5.868152,129.808,-27.021803,157.90596,1.0761502,143.1187,-13.711109
2026-04-06 18:14:03,150.9984,148.7268,115.63668,-33.090126,155.42123,6.6944284,118.81041,-29.916395,153.07648,4.349666,135.52054,-13.206273
2026-04-06 18:15:03,149.7945,150.2129,114.82177,-35.391136,156.4516,6.2386966,119.99958,-30.213327,153.51094,3.298028,137.33392,-12.87899
2026-04-06 18:16:03,155.1235,147.6493,115.47445,-32.17486,154.42998,6.7806683,114.96594,-32.68336,152.69963,5.050321,135.75978,-11.8895235
2026-04-06 18:17:03,155.1235,139.5416,109.55639,-29.985207,148.40932,8.867726,110.31332,-29.22828,150.55522,11.013629,129.31468,-10.226915
2026-04-06 18:19:03,162.7813,138.19,110.23448,-27.955517,147.6324,9.442401,110.832794,-27.357204,150.68689,12.496889,128.87706,-9.312948
2026-04-06 18:20:03,154.1207,140.913,112.217255,-28.695736,150.06857,9.155578,114.89914,-26.013855,152.70609,11.793094,131.29428,-9.618712
2026-04-06 18:21:03,151.382,132.7296,105.19491,-27.534693,143.00426,10.274664,109.43339,-23.29621,147.5474,14.817789,124.257385,-8.47221
2026-04-06 18:22:03,156.7272,133.9861,106.35762,-27.62848,143.41875,9.432643,111.48937,-22.496729,146.82104,12.834948,125.293144,-8.692955
2026-04-06 18:23:03,147.1704,132.576,103.28226,-29.293749,142.36945,9.793446,112.464584,-20.11142,146.97154,14.395543,123.642914,-8.933091
2026-04-06 18:24:03,147.1916,132.576,104.6778,-27.8982,143.17952,10.603515,112.38368,-20.192318,148.66077,16.08477,123.37538,-9.200625
2026-04-06 18:25:03,152.504,150.0385,119.6682,-30.370302,157.4024,7.363914,124.79929,-25.239204,158.65138,8.612878,137.1164,-12.922109
2026-04-06 18:26:03,144.3104,152.7471,119.97463,-32.77247,159.97057,7.2234707,126.85547,-25.891628,161.30743,8.560339,137.90161,-14.845493
2026-04-06 18:27:03,146.9372,166.1935,131.31665,-34.87685,168.6596,2.466104,136.1454,-30.04809,167.17172,0.9782266,147.50406,-18.689442
2026-04-06 18:28:03,150.9868,163.4941,125.873924,-37.62017,164.21938,0.72528553,128.79367,-34.700417,162.3722,-1.1218984,142.8487,-20.645405
2026-04-06 18:29:03,150.9868,164.88,125.395355,-39.484646,162.4669,-2.4130964,130.19753,-34.682484,160.49547,-4.384531,142.427,-22.453005
2026-04-06 18:30:03,150.9541,159.6392,116.71109,-42.928112,156.23477,-3.4044309,123.45123,-36.187973,155.30005,-4.339153,137.4726,-22.166605
2026-04-06 18:31:03,150.8887,162.3444,114.59952,-47.74489,156.60745,-5.73696,124.18295,-38.161453,155.59854,-6.7458715,139.39717,-22.947231
2026-04-06 18:32:03,158.9415,148.9104,104.76259,-44.14781,145.82124,-3.0891502,112.31865,-36.591747,149.72714,0.8167459,128.40227,-20.50813
2026-04-06 18:33:03,153.6129,143.5408,103.10234,-40.43846,141.51248,-2.0283225,106.7195,-36.821304,147.95908,4.4182744,125.215,-18.325804
2026-04-06 18:34:03,150.9105,143.5616,104.19241,-39.36919,142.03896,-1.5226394,106.04635,-37.51525,149.7411,6.179509,126.54892,-17.012676
2026-04-06 18:35:03,146.8842,143.5616,107.23633,-36.32527,141.91391,-1.6476828,108.94194,-34.61966,149.66286,6.1012588,127.22595,-16.33565
2026-04-06 18:36:03,141.525,147.66,113.756546,-33.90346,144.63448,-3.025528,113.74356,-33.916443,151.46939,3.8093898,130.76115,-16.898851
2026-04-06 18:37:03,136.1318,147.7028,112.92067,-34.78213,143.66095,-4.0418553,112.42262,-35.280186,149.95355,2.250754,130.00772,-17.69509
2026-04-06 18:38:03,132.0405,155.8496,117.993195,-37.856403,147.72758,-8.122003,119.947845,-35.901752,152.77711,-3.072479,135.64975,-20.199842
2026-04-06 18:39:03,119.7636,155.9174,114.32648,-41.590923,146.54904,-9.3683605,121.02989,-34.88751,151.7284,-4.189015,134.3286,-21.58881
2026-04-06 18:40:03,119.7636,160.1032,117.39842,-42.704777,147.05415,-13.049045,126.21152,-33.891674,152.43863,-7.6645637,137.01082,-23.09238
2026-04-06 18:41:03,123.8079,141.2088,102.093254,-39.115547,132.53879,-8.670021,109.34032,-31.868486,142.20892,1.0001152,121.2821,-19.926702
2026-04-06 18:42:03,122.3816,135.8476,101.48468,-34.36291,127.503296,-8.344302,104.29877,-31.548824,139.7305,3.8829093,118.346146,-17.501453
2026-04-06 18:43:03,116.844,141.3516,108.88414,-32.467457,128.28235,-13.069241,108.63907,-32.71252,142.46501,1.1134212,123.72371,-17.627882
2026-04-06 18:44:03,122.1968,149.58,110.969185,-38.610817,131.7019,-17.878103,115.7914,-33.7886,145.36642,-4.213574,129.6749,-19.905113
2026-04-06 18:45:03,146.3012,155.0304,114.422714,-40.607677,129.04391,-25.986479,114.651,-40.37939,141.2103,-13.820096,132.3308,-22.699604
2026-04-06 18:46:03,151.536,155.0304,112.99025,-42.040142,125.046425,-29.983973,112.49928,-42.53111,137.2664,-17.763994,130.75317,-24.277214
2026-04-06 18:47:03,159.4304,171.2936,123.244415,-48.04918,127.6655,-43.6281,128.51138,-42.782204,141.72792,-29.565676,141.98875,-29.304846
2026-04-06 18:48:03,177.788,172.625,120.22554,-52.39946,128.4561,-44.1689,128.32726,-44.29774,142.35277,-30.272228,140.13358,-32.491432
2026-04-06 18:49:03,183.3468,172.65,119.012985,-53.637005,127.18067,-45.469322,127.23869,-45.411304,141.68584,-30.964151,138.09332,-34.556675
2026-04-06 18:50:03,162.8676,157.8216,104.77937,-53.04222,123.68126,-34.140335,111.83414,-45.98746,138.5534,-19.268192,125.515045,-32.306545
2026-04-06 18:51:03,152.796,157.8444,106.67033,-51.17408,126.01016,-31.834248,112.17334,-45.671066,141.22708,-16.61732,126.606705,-31.237705
2026-04-06 18:52:03,134.5496,147.022,100.06531,-46.9567,121.864845,-25.157158,103.9392,-43.0828,137.95828,-9.063728,118.60875,-28.413256
2026-04-06 18:53:03,106.002,149.796,101.91964,-47.876366,125.00522,-24.790787,106.84357,-42.952435,138.43706,-11.358949,121.79945,-27.99655
2026-04-06 18:54:03,87.1276,157.8672,108.27848,-49.588722,124.559586,-33.30762,111.14891,-46.718296,131.99898,-25.868225,127.79028,-30.076918
2026-04-06 18:55:03,82.488,163.2648,111.81903,-51.445766,125.341286,-37.923515,115.12507,-48.139732,127.5364,-35.7284,130.66986,-32.59494
2026-04-06 18:56:03,82.572,152.416,103.07494,-49.341057,117.37175,-35.044254,102.29641,-50.11959,120.58693,-31.829073,120.60231,-31.813694
2026-04-06 18:57:03,82.614,152.416,98.57765,-53.83835,115.43084,-36.98516,104.2677,-48.148304,117.8206,-34.595394,120.76445,-31.65155
2026-04-06 18:58:03,81.4752,168.5796,111.10554,-57.474068,118.167854,-50.41175,120.13708,-48.442528,118.49957,-50.08003,133.02661,-35.552994
2026-04-06 18:59:03,81.5235,160.4512,103.24669,-57.204517,114.87153,-45.579674,110.57164,-49.879562,115.18208,-45.26912,124.5502,-35.901005
2026-04-06 19:00:03,80.3828,157.8444,102.40886,-55.435547,114.10091,-43.7435,107.150085,-50.694324,114.689224,-43.155178,123.23889,-34.60551
2026-04-06 19:01:03,79.194,152.372,98.7446,-53.627396,107.17075,-45.20124,102.41324,-49.95876,110.11767,-42.254326,119.567566,-32.804424
2026-04-06 19:02:03,77.9922,154.9856,102.881325,-52.10427,101.81793,-53.16766,107.62982,-47.35577,105.36107,-49.62453,122.09792,-32.887672
2026-04-06 19:03:03,77.9922,157.6164,105.332565,-52.28383,94.39483,-63.221565,106.51348,-51.102913,99.11344,-58.502953,123.93631,-33.680088
2026-04-06 19:04:03,73.2344,165.6,113.07179,-52.52821,90.5823,-75.01771,112.21454,-53.38547,91.865906,-73.7341,129.50032,-36.09969
2026-04-06 19:05:03,68.4864,165.188,109.69797,-55.490032,83.97668,-81.21133,111.16046,-54.027546,83.65119,-81.53681,126.67502,-38.51299
2026-04-06 19:06:03,62.54,167.7472,110.904465,-56.842728,81.65056,-86.096634,116.84865,-50.89854,79.00614,-88.74105,126.55415,-41.19304
2026-04-06 19:07:03,57.8004,162.408,104.561264,-57.84674,78.06789,-84.34012,113.01378,-49.394226,74.30213,-88.10587,120.22813,-42.17988
2026-04-06 19:08:03,55.4365,162.408,102.92073,-59.487274,78.22291,-84.1851,112.654785,-49.753223,72.448845,-89.95916,119.191986,-43.216022
2026-04-06 19:09:03,54.2524,150.5937,95.78472,-54.808983,76.439735,-74.15397,104.880875,-45.712833,69.51952,-81.07418,110.24065,-40.35306
2026-04-06 19:10:03,51.876,154.9165,100.94406,-53.972446,75.47119,-79.44531,107.86955,-47.046955,70.720566,-84.19594,115.02603,-39.890472
2026-04-06 19:11:03,49.4844,144.3015,91.62818,-52.673317,68.48292,-75.81858,100.02482,-44.27668,65.43532,-78.86618,107.53461,-36.766895
2026-04-06 19:12:03,42.528,147.0715,98.129524,-48.94198,61.251724,-85.81978,98.160446,-48.91106,61.273224,-85.79828,110.49106,-36.58045
2026-04-06 19:13:03,39.2184,139.1275,92.181335,-46.946163,55.636436,-83.491066,93.61615,-45.51135,56.547966,-82.57954,104.50596,-34.621544
2026-04-06 19:14:03,39.2184,146.2583,99.38522,-46.87308,49.691658,-96.56664,99.59918,-46.659122,54.06784,-92.19046,110.57578,-35.682518
2026-04-06 19:15:03,35.1352,150.9984,103.103035,-47.895363,48.467285,-102.53111,104.713776,-46.28462,52.521164,-98.477234,113.501625,-37.496773
2026-04-06 19:16:03,29.4855,149.7945,101.532745,-48.261745,50.617813,-99.17668,101.53932,-48.255173,52.604134,-97.19036,111.33647,-38.458023
2026-04-06 19:17:03,23.0775,155.1235,106.86156,-48.26195,51.557274,-103.56623,107.85401,-47.269493,53.9934,-101.130104,114.28729,-40.836216
2026-04-06 19:18:03,17.1649,155.1235,105.06619,-50.057316,50.55725,-104.56625,108.62581,-46.4977,53.932,-101.191505,112.64914,-42.47437
2026-04-06 19:19:03,14.0608,162.7813,108.59372,-54.187572,49.39093,-113.390366,115.745926,-47.03537,55.54622,-107.23508,116.550224,-46.23107
2026-04-06 19:20:03,8.3706,154.1207,100.01425,-54.106445,45.433777,-108.68692,106.66022,-47.460484,51.859367,-102.26133,107.2336,-46.887096
2026-04-06 19:21:03,2.5606,151.382,95.47395,-55.90805,40.00406,-111.377945,103.86375,-47.518257,49.099335,-102.28267,103.684944,-47.69706
2026-04-07 07:14:03,1.0556,156.7272,100.80144,-55.925766,40.01969,-116.70751,108.72844,-47.99876,49.238945,-107.48826,106.336914,-50.390285
2026-04-07 07:15:03,2.0944,147.1704,89.46602,-57.704376,35.49485,-111.675545,100.684135,-46.48626,44.0207,-103.1497,97.23291,-49.93749
2026-04-07 07:16:03,2.7208,147.1916,89.810356,-57.38125,35.059685,-112.13192,97.7435,-49.44811,43.52082,-103.670784,96.76053,-50.43108
2026-04-07 07:17:03,3.0316,152.504,97.78941,-54.71458,34.949005,-117.55499,103.901085,-48.602913,43.079758,-109.42424,99.33794,-53.16606
2026-04-07 07:18:03,3.6624,144.3104,89.081085,-55.22931,29.791595,-114.5188,96.75618,-47.55421,38.368774,-105.94162,90.91426,-53.396137
2026-04-07 07:19:03,3.234,146.9372,93.97191,-52.965286,31.299911,-115.63728,96.80177,-50.135426,38.825478,-108.11172,91.91295,-55.024246
2026-04-07 07:20:03,1.2435,150.9868,96.980515,-54.00629,33.61171,-117.37509,99.30371,-51.683094,38.829384,-112.15742,93.69691,-57.289894
2026-04-07 07:57:03,7.4904,150.9868,96.37222,-54.614574,34.567245,-116.419556,99.74898,-51.237823,36.25992,-114.72688,91.944885,-59.041916
2026-04-07 07:58:03,13.1088,150.9541,95.67845,-55.275654,33.787437,-117.166664,99.78529,-51.168808,33.424683,-117.52942,90.0748,-60.8793
2026-04-07 07:59:03,15.1968,150.8887,92.74283,-58.145874,33.387268,-117.501434,97.537704,-53.350998,30.58384,-120.30486,87.889694,-62.999012
2026-04-07 08:00:03,15.84,158.9415,98.31985,-60.62165,36.128944,-122.81255,104.71702,-54.22448,31.841537,-127.09996,92.04709,-66.89441
2026-04-07 08:01:03,14.674,153.6129,95.26849,-58.344406,32.927376,-120.685524,97.134735,-56.478165,30.045929,-123.56697,85.77823,-67.83467
2026-04-07 08:02:03,14.674,150.9105,93.01021,-57.900295,30.056755,-120.85375,93.52231,-57.3882,27.589844,-123.32066,82.01885,-68.891655
2026-04-07 08:03:03,14.8856,146.8842,89.53731,-57.346893,27.423805,-119.460396,85.99371,-60.890488,24.09436,-122.78984,77.70705,-69.177155
2026-04-07 08:04:03,15.2076,141.525,86.01341,-55.51158,25.175835,-116.34916,86.64188,-54.883118,21.578018,-119.946976,73.10243,-68.42256
2026-04-07 08:05:03,19.1616,136.1318,85.07795,-51.053856,23.391594,-112.74021,81.76572,-54.36609,19.274895,-116.85691,68.85697,-67.27483
2026-04-07 08:06:03,21.0808,132.0405,81.74703,-50.293465,23.655952,-108.384544,81.38777,-50.652725,17.480103,-114.560394,65.65923,-66.38126
2026-04-07 08:07:03,21.0808,119.7636,72.576256,-47.187347,19.204773,-100.55883,75.22438,-44.539227,11.239159,-108.524445,56.46695,-63.296654
2026-04-07 08:08:03,19.222,119.7636,74.45764,-45.305958,22.359222,-97.40438,76.40132,-43.36228,13.874321,-105.88928,57.51852,-62.245083
2026-04-07 08:09:03,20.3251,123.8079,80.157425,-43.65047,26.06002,-97.74788,77.48546,-46.32244,18.182564,-105.625336,60.359333,-63.448566
2026-04-07 08:10:03,22.624,122.3816,78.130844,-44.25075,26.0681,-96.3135,75.852005,-46.5296,17.913773,-104.46783,57.789696,-64.5919
2026-04-07 08:11:03,22.7584,116.844,74.32189,-42.52211,21.902359,-94.94164,70.46451,-46.379494,17.078346,-99.765656,52.636772,-64.20723
2026-04-07 08:12:03,26.022,122.1968,78.56601,-43.630787,24.407944,-97.78886,77.30454,-44.892258,21.471931,-100.72487,56.35694,-65.83986
2026-04-07 08:13:03,27.9548,146.3012,98.50633,-47.794857,33.797867,-112.50333,97.916626,-48.384563,27.73442,-118.56677,72.19846,-74.10273
2026-04-07 08:14:03,29.4138,151.536,99.20746,-52.328537,32.433586,-119.10241,103.02272,-48.51328,22.40918,-129.12682,70.90643,-80.62956
2026-04-07 08:15:03,29.051,159.4304,102.66771,-56.7627,32.292404,-127.138,108.687454,-50.742954,19.10704,-140.32336,71.981834,-87.44857
2026-04-07 08:16:03,28.3442,177.788,112.71715,-65.07085,36.26062,-141.52737,118.06877,-59.719227,25.22525,-152.56274,81.081474,-96.70652
2026-04-07 08:17:03,26.391,183.3468,110.44551,-72.90129,35.164627,-148.18217,120.99643,-62.35037,24.747665,-158.59914,79.948456,-103.398346
2026-04-07 08:18:03,23.7044,162.8676,90.34137,-72.52623,24.275558,-138.59204,101.05735,-61.81025,14.922104,-147.9455,60.25345,-102.61415
2026-04-07 08:19:03,23.1344,152.796,82.639755,-70.15625,20.412872,-132.38313,89.93477,-62.86124,14.106949,-138.68906,51.742607,-101.0534
2026-04-07 08:20:03,23.4468,134.5496,73.146286,-61.403316,15.200485,-119.34912,76.13238,-58.41723,11.27166,-123.27795,38.17926,-96.370346
2026-04-07 08:21:03,26.0224,106.002,55.423782,-50.578217,7.3590393,-98.64296,55.07046,-50.931538,3.9850616,-102.01694,20.508316,-85.49368
2026-04-07 08:22:03,28.188,87.1276,48.565144,-38.562458,7.638237,-79.489365,43.31115,-43.816452,2.16362,-84.96398,14.553444,-72.57416
2026-04-07 08:23:03,31.1916,82.488,50.767902,-31.720097,14.002701,-68.4853,46.59739,-35.89061,7.5326233,-74.955376,19.723526,-62.764473
2026-04-07 08:24:03,31.1916,82.572,60.73662,-21.835377,19.947815,-62.624184,54.154648,-28.41735,13.813103,-68.758896,27.926167,-54.645832
2026-04-07 08:25:03,35.5104,82.614,65.52518,-17.088825,25.058765,-57.555233,57.87123,-24.74277,19.74759,-62.86641,34.87137,-47.74263
2026-04-07 08:26:03,37.4884,81.4752,65.71297,-15.762232,27.000973,-54.474224,58.921165,-22.55403,22.342289,-59.132908,39.217724,-42.257473
2026-04-07 08:27:03,37.5735,81.5235,68.02058,-13.502922,29.721848,-51.80165,62.140182,-19.383314,25.592617,-55.93088,44.249977,-37.27352
2026-04-07 08:28:03,36.6912,80.3828,70.19921,-10.183586,30.985672,-49.397125,65.74832,-14.634472,27.84927,-52.533527,47.982124,-32.400673
2026-04-07 08:29:03,36.7308,79.194,71.21135,-7.982648,30.742245,-48.451756,65.35003,-13.843972,27.869453,-51.324547,50.808693,-28.385307
2026-04-07 08:30:03,38.9386,77.9922,70.226456,-7.7657504,30.348595,-47.64361,65.24474,-12.747461,28.089981,-49.90222,53.318527,-24.673676
2026-04-07 08:31:03,38.3357,77.9922,71.043785,-6.94842,30.304188,-47.688015,63.20045,-14.791753,27.482761,-50.50944,56.01565,-21.976551
2026-04-07 08:32:03,41.508,73.2344,65.97103,-7.263367,26.93996,-46.294437,59.07051,-14.163886,26.459473,-46.774925,54.651066,-18.583332
2026-04-07 08:33:03,47.2052,68.4864,63.371468,-5.11493,24.28683,-44.199566,55.08351,-13.402887,24.677864,-43.808533,54.13848,-14.347917
2026-04-07 08:34:03,52.7696,62.54,61.873383,-0.66661924,22.209694,-40.330307,54.732014,-7.8079886,25.128586,-37.411415,53.755547,-8.784453
2026-04-07 08:35:03,53.6413,57.8004,60.61859,2.8181908,20.746025,-37.054375,51.63459,-6.16581,26.709927,-31.090473,54.44975,-3.3506494
2026-04-07 08:36:03,53.6413,55.4365,60.799873,5.3633747,22.457481,-32.97902,49.91793,-5.5185685,29.00921,-26.42729,56.77951,1.3430101
2026-04-07 08:37:03,53.1648,54.2524,63.06288,8.810481,25.408178,-28.844221,48.283016,-5.9693837,31.535,-22.7174,59.70493,5.4525313
2026-04-07 08:38:03,52.6983,51.876,61.99005,10.114054,28.017672,-23.858328,48.37895,-3.497053,33.46757,-18.408428,61.36605,9.490053
2026-04-07 08:39:03,51.88,49.4844,60.327248,10.842845,29.52569,-19.958712,49.521156,0.036752705,35.14386,-14.340541,62.206017,12.721613
2026-04-07 08:40:03,50.136,42.528,56.15191,13.623908,26.31912,-16.20888,43.85148,1.323477,31.903961,-10.624039,59.995667,17.467665
2026-04-07 08:41:03,50.4576,39.2184,51.89339,12.674992,28.710598,-10.507802,43.84244,4.624041,33.57124,-5.6471586,62.11522,22.896822
2026-04-07 08:42:03,52.23,39.2184,53.243935,14.0255375,31.390306,-7.828093,40.61691,1.3985112,35.123703,-4.094694,66.52643,27.308025
2026-04-07 08:43:03,53.9136,35.1352,51.947548,16.812347,31.570095,-3.565105,38.645344,3.5101447,35.24034,0.10514104,67.43902,32.303818
2026-04-07 08:44:03,56.0628,29.4855,51.30992,21.824419,30.440418,0.95491856,39.1245,9.639,34.207417,4.721917,67.314896,37.8294
2026-04-07 08:45:03,54.3088,23.0775,48.161743,25.084244,29.159246,6.081747,34.83017,11.752669,33.143246,10.065746,65.10521,42.027706
2026-04-07 08:46:03,52.375,17.1649,49.08809,31.92319,26.602432,9.437532,31.898987,14.734086,29.43137,12.26647,61.366524,44.201626
2026-04-07 08:47:03,52.375,14.0608,49.014835,34.954037,24.854252,10.793452,29.938751,15.877951,27.917225,13.856424,58.784607,44.72381
2026-04-07 08:48:03,50.5392,8.3706,44.94275,36.57215,19.526459,11.155859,28.51721,20.14661,24.49333,16.12273,52.17684,43.806244
2026-04-07 08:49:03,50.616,2.5606,38.716343,36.155743,17.743292,15.182693,25.490461,22.929861,21.126553,18.565952,45.316208,42.755608
2026-04-07 08:50:03,49.7166,1.0556,60.313427,59.257828,32.601597,31.545996,40.92485,39.86925,26.5448,25.4892,64.193184,63.137585
2026-04-07 08:51:03,51.4157,2.0944,71.66134,69.56694,42.16859,40.074192,58.712467,56.61807,32.059532,29.965132,70.978424,68.884026
2026-04-07 08:52:03,53.2338,2.7208,78.831635,76.11083,44.66306,41.94226,65.529816,62.809013,33.53356,30.812763,72.633484,69.91268
2026-04-07 08:53:03,54.6801,3.0316,86.22172,83.19012,46.200634,43.169033,68.36344,65.33184,35.628204,32.596603,73.21142,70.17982
2026-04-07 08:54:03,56.6775,3.6624,93.23846,89.57606,47.971973,44.309574,73.51737,69.85497,37.577442,33.915043,73.098274,69.435875
2026-04-07 08:55:03,58.6758,3.234,99.15261,95.91861,47.973316,44.739315,67.561905,64.3279,36.938023,33.70402,71.464584,68.23058
2026-04-07 08:56:03,57.848,1.2435,96.99275,95.74925,43.17322,41.92972,62.59655,61.35305,32.90656,31.663057,67.94534,66.70184
2026-04-07 08:57:03,54.6624,7.4904,93.675896,86.18549,45.821903,38.331505,68.415726,60.925327,37.928753,30.438354,73.213165,65.72276
2026-04-07 08:58:03,54.6624,13.1088,101.923416,88.81461,51.152386,38.043587,86.36586,73.25706,43.86598,30.757177,79.3499,66.2411
2026-04-07 08:59:03,55.6712,15.1968,101.88077,86.68397,53.54421,38.34741,81.58326,66.38646,46.815685,31.618885,82.53075,67.33395
2026-04-07 09:00:03,51.8016,15.84,98.30664,82.46664,56.12376,40.28376,80.276184,64.43618,47.97598,32.13598,84.88417,69.04417
2026-04-07 09:01:03,50.0388,14.674,103.47151,88.797516,55.714943,41.040943,88.3669,73.692894,48.76042,34.086422,85.53023,70.85623
2026-04-07 09:02:03,48.2328,14.674,114.95093,100.27693,58.753857,44.079857,84.1693,69.4953,51.09013,36.41613,86.18512,71.51112
2026-04-07 09:03:03,47.7576,14.8856,119.63532,104.749725,61.442528,46.556927,89.58319,74.69759,53.23393,38.348328,86.50112,71.615524
2026-04-07 09:04:03,47.2736,15.2076,123.753845,108.54625,62.710358,47.502758,87.87552,72.667915,55.20376,39.99616,85.8412,70.6336
2026-04-07 09:05:03,46.8864,19.1616,132.63055,113.46895,67.18122,48.019623,88.94672,69.78512,60.294525,41.132927,89.27942,70.11782
2026-04-07 09:06:03,45.5224,21.0808,130.9259,109.8451,70.208855,49.128056,95.10455,74.02375,65.028,43.9472,90.783005,69.70221
2026-04-07 09:07:03,48.1728,21.0808,120.68251,99.601715,70.95337,49.87257,93.33992,72.259125,68.301025,47.22023,90.615875,69.53507
2026-04-07 09:08:03,49.1,19.222,113.59755,94.37555,68.89369,49.671696,98.3464,79.1244,68.52957,49.307575,87.743385,68.521385
2026-04-07 09:09:03,49.1,20.3251,109.082,88.756905,70.68113,50.35603,104.47397,84.148865,71.22415,50.899048,88.89073,68.565636
2026-04-07 09:10:03,49.4,22.624,106.58485,83.960846,74.536385,51.912384,114.19045,91.56645,75.08217,52.458164,91.627754,69.00375
2026-04-07 09:11:03,53.6652,22.7584,112.131584,89.373184,74.526215,51.76782,110.78301,88.02461,76.09439,53.33599,91.97628,69.21788
2026-04-07 09:12:03,57.3888,26.022,107.85684,81.83484,74.48563,48.463623,107.57756,81.55556,77.5316,51.5096,94.84143,68.81943
2026-04-07 09:13:03,59.136,27.9548,114.3739,86.419106,75.20331,47.248505,108.46735,80.51255,78.03961,50.084812,96.87846,68.92366
2026-04-07 09:14:03,61.0755,29.4138,125.674225,96.26043,77.17767,47.763874,105.6445,76.230705,78.17441,48.760612,98.73164,69.31785
2026-04-07 09:15:03,64.5047,29.051,126.59224,97.54124,78.68881,49.637814,111.32798,82.27698,77.39475,48.343754,98.469,69.418
2026-04-07 09:16:03,66.3,28.3442,117.49851,89.15431,78.584045,50.23984,112.001724,83.657524,77.410515,49.066315,97.84858,69.50438
2026-04-07 09:17:03,66.3,26.391,123.70941,97.31841,78.75758,52.36658,115.36217,88.97117,77.726845,51.335846,96.211754,69.820755
2026-04-07 09:18:03,66.66,23.7044,125.497765,101.793365,78.64543,54.941036,119.57667,95.87227,77.04648,53.342083,94.13643,70.43203
2026-04-07 09:19:03,66.834,23.1344,130.10345,106.96906,80.13504,57.000637,122.2516,99.1172,76.5804,53.446,93.94146,70.80706
2026-04-07 09:20:03,66.834,23.4468,128.6771,105.2303,81.232254,57.78545,126.56379,103.11699,76.16135,52.71455,94.4041,70.9573
2026-04-07 09:21:03,66.888,26.0224,136.00833,109.98592,84.5381,58.515697,128.98784,102.96544,78.49632,52.473923,96.56291,70.54051
2026-04-07 09:22:03,66.642,28.188,139.81995,111.63195,86.58902,58.401016,129.06471,100.87671,80.00398,51.81598,98.00604,69.81804
2026-04-07 09:23:03,66.516,31.1916,138.67801,107.486404,88.81731,57.6257,129.46008,98.268486,80.909225,49.717625,100.05075,68.859146
2026-04-07 09:24:03,64.6178,31.1916,138.00223,106.81062,87.21717,56.02557,128.29054,97.098946,79.01603,47.82443,99.5851,68.39349
2026-04-07 09:25:03,62.5128,35.5104,146.39392,110.88352,89.91478,54.404385,127.81326,92.302864,80.54402,45.033627,103.141525,67.63113
2026-04-07 09:26:03,61.4625,37.4884,140.39856,102.910164,91.01761,53.52921,128.73523,91.246826,78.219955,40.73156,104.504166,67.01576
2026-04-07 09:27:03,58.1251,37.5735,135.26096,97.68746,91.26247,53.688965,129.36008,91.786575,75.67554,38.10203,104.15354,66.58004
2026-04-07 09:28:03,54.5139,36.6912,128.52655,91.83535,90.01567,53.324474,128.1781,91.4869,73.4504,36.7592,103.14066,66.44946
2026-04-07 09:29:03,52.75,36.7308,120.19771,83.46691,90.13162,53.400818,127.98782,91.25702,73.09142,36.360622,103.03282,66.302025
2026-04-07 09:30:03,54.34,38.9386,124.13786,85.199265,92.134705,53.196106,119.05565,80.11705,73.437386,34.498787,104.86445,65.92585
2026-04-07 09:31:03,55.1624,38.3357,126.74315,88.40745,91.581985,53.24629,123.57899,85.243286,70.61169,32.275986,103.97231,65.63661
2026-04-07 09:32:03,55.1624,41.508,131.2783,89.77031,93.26892,51.760925,121.28056,79.77256,73.28648,31.778482,106.853485,65.34549
2026-04-07 09:33:03,58.8,47.2052,147.18536,99.98017,96.0618,48.856598,122.43336,75.22816,79.38456,32.17936,112.07669,64.87149
2026-04-07 09:34:03,64.824,52.7696,154.30777,101.53817,99.68153,46.91193,118.21606,65.44646,84.33556,31.565962,117.136284,64.366684
2026-04-07 09:35:03,71.3088,53.6413,156.38725,102.74595,99.59509,45.95379,126.6454,73.004105,85.16186,31.520557,117.678955,64.03765
2026-04-07 09:36:03,79.52,53.6413,148.885,95.24369,98.688065,45.04676,131.17926,77.537964,84.44175,30.80045,117.493835,63.85253
2026-04-07 09:37:03,84.9002,53.1648,139.67004,86.50525,97.973465,44.80867,131.85936,78.69456,85.30233,32.13753,116.83424,63.669445
2026-04-07 09:38:03,85.8525,52.6983,142.52962,89.83132,97.03363,44.335327,125.010056,72.31176,84.46036,31.762054,116.221924,63.52363
2026-04-07 09:39:03,85.7175,51.88,140.06995,88.18994,96.5657,44.685696,123.38428,71.50428,84.03348,32.153473,115.22328,63.343285
2026-04-07 09:40:03,86.3968,50.136,136.07806,85.942055,93.74812,43.612125,126.566925,76.43092,82.02295,31.88695,113.553635,63.41763
2026-04-07 09:41:03,84.2416,50.4576,128.33395,77.87635,93.339096,42.8815,120.86359,70.40598,83.80113,33.343536,113.854996,63.397396
2026-04-07 09:42:03,84.3452,52.23,127.509766,75.27976,94.7498,42.519806,117.88846,65.658455,86.73079,34.50079,115.554474,63.32447
2026-04-07 09:43:03,84.3452,53.9136,127.26755,73.35394,96.4898,42.5762,119.35516,65.44156,90.506546,36.592945,117.13049,63.21689
2026-04-07 09:44:03,88.9273,56.0628,136.2542,80.19139,98.298515,42.235714,125.09152,69.02872,93.070755,37.007954,119.000885,62.93808
2026-04-07 09:45:03,90.87,54.3088,134.64352,80.334724,96.084694,41.775894,119.473175,65.164375,93.92357,39.614773,117.14665,62.837856
2026-04-07 09:46:03,94.7781,52.375,135.8814,83.50639,94.46794,42.092937,122.82541,70.45041,93.283325,40.90832,115.20334,62.828342
2026-04-07 09:47:03,95.9236,52.375,135.3067,82.93171,94.73697,42.361973,122.37923,70.00423,90.9375,38.562496,115.184784,62.809788
2026-04-07 09:48:03,98.28,50.5392,131.07846,80.53927,90.911354,40.372154,118.61925,68.08005,86.96569,36.42649,113.380554,62.84136
2026-04-07 09:49:03,98.3304,50.616,126.01964,75.40363,86.77278,36.156776,111.55797,60.941967,85.79938,35.183372,113.41882,62.802826
2026-04-07 09:50:03,100.7232,49.7166,122.677086,72.96049,81.91618,32.19958,111.59448,61.877888,83.92561,34.20902,112.45268,62.736084
2026-04-07 09:51:03,100.7404,51.4157,124.9261,73.5104,82.57939,31.16369,107.178345,55.76265,86.36347,34.947773,114.04945,62.633755
2026-04-07 09:52:03,105.471,53.2338,130.81004,77.57625,83.19907,29.965275,111.40779,58.17399,89.1631,35.9293,115.759476,62.525673
2026-04-07 09:53:03,106.6793,54.6801,130.99123,76.31113,83.108086,28.427986,105.19977,50.519665,90.40159,35.72149,117.111496,62.4314
2026-04-07 09:54:03,106.6793,56.6775,127.547714,70.87022,83.66151,26.984005,109.68426,53.006756,90.35676,33.679256,118.99185,62.314346
2026-04-07 09:55:03,110.2338,58.6758,128.05624,69.38044,85.338135,26.66233,116.30225,57.626453,90.90271,32.226913,120.85155,62.175743
2026-04-07 09:56:03,110.2526,57.848,125.80883,67.96083,84.28644,26.438437,104.16243,46.314434,88.9863,31.138294,119.85998,62.01198
2026-04-07 09:57:03,111.454,54.6624,118.07094,63.40854,80.249306,25.586906,95.39416,40.73176,81.89855,27.23615,116.758316,62.09592
2026-04-07 09:58:03,112.6464,54.6624,117.02316,62.360764,78.98511,24.32271,107.80299,53.14059,75.67517,21.012775,116.76728,62.10488
2026-04-07 09:59:03,113.8295,55.6712,120.96904,65.29784,77.55606,21.884857,105.74432,50.073128,71.02847,15.357269,117.60538,61.93418
2026-04-07 10:00:03,115.0128,51.8016,120.24802,68.44642,68.851135,17.049532,93.87162,42.07002,61.206264,9.404663,113.706215,61.904613
2026-04-07 10:01:03,114.8952,50.0388,110.39882,60.360016,63.773716,13.734918,97.61338,47.57458,53.77885,3.7400527,111.90585,61.867054
2026-04-07 10:02:03,117.12,48.2328,109.086494,60.853695,60.27855,12.045751,88.26308,40.030277,51.67709,3.44429,110.00996,61.777157
2026-04-07 10:03:03,117.0,47.7576,105.834564,58.076965,59.193157,11.435559,94.305405,46.547802,51.14516,3.3875601,109.45621,61.698605
2026-04-07 10:04:03,116.94,47.2736,93.89836,46.624756,57.94141,10.667809,94.8692,47.595596,48.743538,1.4699355,108.9131,61.639503
2026-04-07 10:05:03,116.94,46.8864,94.2193,47.3329,55.354225,8.467827,91.314575,44.42818,47.013557,0.12715787,108.53052,61.644115
2026-04-07 10:06:03,119.1564,45.5224,83.9899,38.4675,52.236927,6.714528,82.84573,37.32333,45.556576,0.034176003,107.40518,61.882786
2026-04-07 10:07:03,121.5032,48.1728,88.39859,40.225792,50.706413,2.5336165,91.33825,43.16545,44.669987,-3.5028114,110.266495,62.0937
2026-04-07 10:08:03,122.9384,49.1,91.25896,42.15896,49.25186,0.15186477,98.24226,49.14226,42.27441,-6.825589,111.43489,62.334896
2026-04-07 10:09:03,124.3632,49.1,94.56565,45.465652,47.857723,-1.2422746,94.689995,45.589996,39.798008,-9.3019905,111.59799,62.497993
2026-04-07 10:10:03,125.0704,49.4,87.89644,38.496437,48.350315,-1.0496874,103.585495,54.18549,37.64666,-11.75334,112.03941,62.639412
2026-04-07 10:11:03,123.5432,53.6652,87.728485,34.06329,52.606457,-1.0587419,106.87251,53.207314,39.42311,-14.242088,116.18364,62.518436
2026-04-07 10:12:03,123.6947,57.3888,96.516464,39.12766,56.04807,-1.340732,114.93895,57.55015,42.6781,-14.710703,119.50868,62.119877
2026-04-07 10:13:03,124.236,59.136,104.97867,45.842667,56.920563,-2.2154408,109.12821,49.99221,45.240166,-13.895838,120.7552,61.6192
2026-04-07 10:14:03,125.2992,61.0755,104.43039,43.354893,60.106644,-0.9688581,114.896255,53.82076,49.570824,-11.504677,122.19464,61.119144
2026-04-07 10:15:03,125.2992,64.5047,111.105225,46.60053,62.578842,-1.925859,108.41496,43.910263,55.52427,-8.980432,125.00959,60.50489
2026-04-07 10:18:03,125.5904,66.3,107.35515,41.05515,63.89655,-2.4034553,100.516685,34.216682,59.4086,-6.891403,126.09474,59.79474
2026-04-07 10:19:03,126.5775,66.3,95.4055,29.105501,64.33126,-1.9687397,96.76946,30.469461,58.906143,-7.393861,125.64625,59.346245
2026-04-07 10:20:03,129.0099,66.66,91.66243,25.002422,64.42229,-2.2377172,109.80188,43.141872,56.86345,-9.796556,125.538925,58.878925
2026-04-07 10:21:03,126.819,66.834,92.867935,26.033934,64.35818,-2.475821,109.79736,42.963367,53.63325,-13.2007475,125.35141,58.517414
2026-04-07 10:22:03,125.895,66.834,87.00838,20.174377,64.76099,-2.0730157,102.42276,35.588757,52.015503,-14.818496,125.107864,58.27386
2026-04-07 10:23:03,125.433,66.888,79.85482,12.966818,63.253242,-3.6347563,107.28145,40.393444,50.300224,-16.587778,124.82364,57.935635
2026-04-07 10:24:03,125.3132,66.642,89.94926,23.307259,61.761177,-4.8808227,104.52113,37.87913,49.524414,-17.117584,124.35366,57.711662
2026-04-07 10:25:03,126.4032,66.516,85.58156,19.065557,61.021675,-5.494324,101.9355,35.419502,51.480675,-15.035324,124.08843,57.572433
2026-04-07 10:26:03,126.036,64.6178,87.73476,23.116962,60.566322,-4.051477,103.75252,39.134724,51.497017,-13.120781,122.12538,57.50758
2026-04-07 10:27:03,124.9546,62.5128,88.45828,25.945486,60.06031,-2.4524896,98.387924,35.875122,50.22235,-12.290445,120.01166,57.498856
2026-04-07 10:28:03,125.8427,61.4625,79.31276,17.850262,59.79507,-1.6674308,92.45075,30.98825,50.304,-11.158503,118.972,57.5095
2026-04-07 10:29:03,126.7812,58.1251,77.35431,19.229214,57.40112,-0.7239813,96.97983,38.854725,46.69423,-11.430868,115.90762,57.782524
2026-04-07 10:30:03,124.9952,54.5139,80.15081,25.636908,55.258442,0.7445393,105.87422,51.36032,43.368183,-11.145719,112.814224,58.300323
2026-04-07 10:31:03,123.354,52.75,74.71237,21.962372,55.24781,2.4978101,102.214264,49.464264,41.509853,-11.240148,111.56392,58.813923
2026-04-07 10:32:03,123.438,54.34,81.627686,27.28769,56.592495,2.2524943,104.14103,49.80103,41.005047,-13.334953,113.3664,59.0264
2026-04-07 10:33:03,122.7512,55.1624,87.9733,32.8109,57.160027,1.9976287,106.096954,50.93455,41.454117,-13.708283,114.47267,59.310272
2026-04-07 10:34:03,122.3228,55.1624,88.82186,33.659462,58.25072,3.0883222,108.752815,53.590416,42.933796,-12.228603,114.64259,59.480198
2026-04-07 10:35:03,123.2189,58.8,94.24008,35.44008,61.231068,2.4310699,104.084175,45.284176,47.036358,-11.763642,118.014,59.214
2026-04-07 10:36:03,123.3528,64.824,99.12463,34.300632,65.21657,0.39257273,106.84819,42.024197,51.375946,-13.448052,123.3318,58.507805
2026-04-07 10:37:03,123.3528,71.3088,103.18456,31.875761,69.2795,-2.0292997,111.69183,40.383038,56.938244,-14.370555,128.73618,57.427383
2026-04-07 10:38:03,121.2202,79.52,108.43661,28.916613,76.832756,-2.6872425,123.58215,44.062153,64.3322,-15.187799,135.4995,55.979504
2026-04-07 10:39:03,121.2202,84.9002,114.149796,29.249594,81.92491,-2.9752913,130.10251,45.202316,68.05036,-16.84984,139.48851,54.58831
2026-04-07 10:40:03,113.1717,85.8525,107.00611,21.153608,83.876755,-1.9757425,139.5782,53.725704,68.447624,-17.404877,139.24936,53.39685
2026-04-07 10:41:03,104.8135,85.7175,106.684586,20.967085,85.2915,-0.42600033,138.51701,52.799515,68.7961,-16.921398,138.07434,52.35684
2026-04-07 10:42:03,102.2786,86.3968,106.734055,20.337255,87.60418,1.2073834,133.71986,47.323067,69.821335,-16.575466,137.76842,51.37162
2026-04-07 10:43:03,100.92,84.2416,111.46,27.218401,88.233345,3.991747,139.61801,55.376404,67.24229,-16.999315,134.64726,50.405663
2026-04-07 10:44:03,93.8912,84.3452,119.51741,35.172215,90.52204,6.1768384,130.62512,46.279922,68.6299,-15.715301,133.62373,49.27853
2026-04-07 10:45:03,99.984,84.3452,124.24489,39.89969,93.78488,9.439683,137.18918,52.843983,68.75524,-15.58996,132.50316,48.157963
2026-04-07 10:46:03,108.2928,88.9273,135.40733,46.48003,100.92162,11.994326,145.33197,56.40467,72.85089,-16.076412,135.5505,46.6232
2026-04-07 10:47:03,111.9456,90.87,139.5113,48.6413,103.37573,12.505726,143.03876,52.16875,73.43454,-17.435467,135.66562,44.795624
2026-04-07 10:48:03,114.9504,94.7781,152.92801,58.149902,108.46391,13.685817,145.37079,50.59269,76.55565,-18.222452,137.32825,42.55015
2026-04-07 10:49:03,125.8432,95.9236,156.07703,60.153427,112.11788,16.194283,157.2988,61.37519,77.43085,-18.49275,136.02109,40.09748
2026-04-07 10:50:03,125.8432,98.28,160.10909,61.829086,116.821335,18.541336,169.57,71.29001,80.809105,-17.470896,135.75575,37.475758
2026-04-07 10:51:03,126.7548,98.3304,160.60379,62.273384,123.6078,25.277409,168.14236,69.81196,81.82467,-16.50573,133.22731,34.89691
2026-04-07 10:52:03,127.8936,100.7232,159.98572,59.26252,121.13405,20.41085,165.42911,64.70592,80.531006,-20.192188,132.98596,32.26276
2026-04-07 10:53:03,130.592,100.7404,157.89563,57.155224,115.24158,14.501172,166.12262,65.38221,76.82867,-23.911736,130.80122,30.060823
2026-04-07 10:54:03,131.23,105.471,161.58823,56.11722,114.849,9.3779955,170.88623,65.41522,77.95945,-27.51155,133.45984,27.988846
2026-04-07 10:55:03,134.9304,106.6793,164.46019,57.78089,112.632805,5.953506,167.07889,60.399586,77.32939,-29.349905,132.89618,26.216887
2026-04-07 10:56:03,138.532,106.6793,163.97424,57.294945,111.87824,5.198945,166.885,60.2057,76.631676,-30.047625,131.55618,24.876888
2026-04-07 10:57:03,142.7644,110.2338,165.78003,55.546234,116.4731,6.2393,167.0788,56.844997,79.274635,-30.959166,133.76477,23.530975
2026-04-07 10:58:03,143.3319,110.2526,165.8509,55.5983,119.75836,9.505756,166.69522,56.442623,80.109505,-30.143099,132.43333,22.180737
2026-04-07 10:59:03,143.4556,111.454,166.01688,54.562866,125.20428,13.750276,166.45816,55.00415,82.78944,-28.664566,132.36758,20.913582
2026-04-07 11:00:03,143.4804,112.6464,164.2169,51.570503,130.70215,18.05574,170.4169,57.770504,84.42569,-28.220707,132.45032,19.803919
2026-04-07 11:01:03,143.2696,113.8295,164.51569,50.68618,134.48605,20.656563,171.06693,57.23742,85.58104,-28.24846,132.66711,18.837618
2026-04-07 11:02:03,145.1772,115.0128,165.01451,50.001713,136.8595,21.84669,173.99277,58.979965,85.3753,-29.637506,133.09966,18.086851
2026-04-07 11:03:03,146.5884,114.8952,165.9418,51.0466,134.84218,19.94698,169.42844,54.533226,83.10956,-31.78564,132.34143,17.446224
2026-04-07 11:04:03,149.3774,117.12,166.00343,48.883427,135.33122,18.211226,167.78456,50.664555,83.21673,-33.903275,133.9091,16.789103
2026-04-07 11:05:03,152.736,117.0,163.62267,46.62266,131.47414,14.474138,166.89352,49.893517,80.55107,-36.448925,133.21693,16.216938
2026-04-07 11:06:03,155.2481,116.94,161.0588,44.11881,128.67464,11.734636,165.40894,48.468925,79.72625,-37.213753,132.62047,15.680462
2026-04-07 11:07:03,155.0778,116.94,162.10713,45.167126,127.93169,10.991684,163.10121,46.16121,79.47401,-37.465996,132.23572,15.2957115
2026-04-07 11:08:03,154.8944,119.1564,163.64119,44.48479,129.20255,10.04614,164.13828,44.981865,81.32466,-37.83174,134.00139,14.84499
2026-04-07 11:09:03,156.9932,121.5032,163.76132,42.25813,129.02132,7.5181184,169.17847,47.675266,82.810356,-38.69284,135.68837,14.185166
2026-04-07 11:10:03,157.6912,122.9384,163.73009,40.79169,129.12378,6.185381,169.66693,46.728535,84.95767,-37.980732,136.42473,13.486332
2026-04-07 11:11:03,160.072,124.3632,165.12413,40.76093,129.6109,5.2477064,169.24097,44.877777,87.3122,-37.050995,137.0232,12.659988
2026-04-07 11:12:03,160.072,125.0704,164.00688,38.93648,128.33945,3.2690437,168.00345,42.933052,89.49172,-35.578674,137.00961,11.939212
2026-04-07 11:13:03,164.3895,123.5432,160.74037,37.197174,123.31348,-0.22971947,166.28001,42.73682,89.58409,-33.95911,134.65602,11.1128235
2026-04-07 11:14:03,163.605,123.6947,159.6804,35.985706,121.527534,-2.1671646,163.14589,39.451187,91.43716,-32.257545,133.86044,10.165742
2026-04-07 11:15:03,161.5844,124.236,158.42639,34.190395,120.919586,-3.3164175,161.34233,37.10633,93.004745,-31.231256,133.59668,9.3606825
2026-04-07 11:16:03,159.182,125.2992,156.04033,30.741129,120.03593,-5.2632775,162.42603,37.126827,94.06979,-31.229412,133.8822,8.583002
2026-04-07 11:17:03,156.3744,125.2992,152.93872,27.639524,120.001434,-5.2977676,163.0209,37.72171,94.29445,-31.00475,133.4019,8.102697
2026-04-07 11:18:03,154.506,125.5904,149.38676,23.796368,119.38438,-6.206027,160.73071,35.14031,93.92657,-31.663832,133.20947,7.6190667
2026-04-07 11:19:03,152.8416,126.5775,146.04851,19.471014,119.2231,-7.354401,161.04611,34.468616,94.384,-32.193493,133.80582,7.228321
2026-04-07 11:20:03,148.1584,129.0099,144.487,15.4771,119.14056,-9.869345,162.54103,33.531128,95.657845,-33.35206,135.93423,6.924334
2026-04-07 11:21:03,148.1584,126.819,140.37263,13.553639,113.59659,-13.222408,155.76965,28.950651,93.56948,-33.24952,133.54913,6.7301273
2026-04-07 11:22:03,148.824,125.895,136.95515,11.060152,109.684044,-16.210953,150.97255,25.077547,93.07445,-32.820545,132.57043,6.6754403
2026-04-07 11:23:03,148.824,125.433,134.34082,8.907822,106.42579,-19.00721,149.07135,23.638348,93.36166,-32.071342,132.3571,6.924103
2026-04-07 11:24:03,149.3856,125.3132,132.60033,7.2871222,104.27141,-21.041792,147.34253,22.029335,93.74802,-31.565184,132.2652,6.9519887
2026-04-07 11:25:03,146.88,126.4032,131.92752,5.524325,104.36968,-22.033518,145.56844,19.165241,95.991554,-30.411646,133.41434,7.0111365
2026-04-07 11:26:03,149.76,126.036,130.16827,4.1322727,103.549034,-22.486967,144.46704,18.431044,95.89667,-30.139332,133.10934,7.073347
2026-04-07 11:27:03,152.852,124.9546,126.81393,1.8593261,102.73796,-22.216637,142.25575,17.301153,95.44818,-29.506413,132.1901,7.235497
2026-04-07 11:28:03,150.1136,125.8427,127.66615,1.8234521,104.010506,-21.832193,141.6387,15.796006,96.63877,-29.203928,132.98601,7.1433096
2026-04-07 11:29:03,148.6908,126.7812,129.45868,2.6774788,104.63577,-22.14542,143.29568,16.514488,97.21391,-29.567287,133.96085,7.1796513
2026-04-07 11:30:03,147.237,124.9952,126.73101,1.7358098,101.782875,-23.212326,142.96626,17.971058,95.244026,-29.751173,132.29547,7.300265
2026-04-07 11:31:03,146.0763,123.354,127.00049,3.6464894,99.2249,-24.129099,141.629,18.274996,93.3836,-29.9704,130.74905,7.3950543
2026-04-07 11:32:03,147.5736,123.438,127.66159,4.22359,97.75702,-25.68098,140.85242,17.414408,93.17356,-30.264442,130.784,7.3459992
2026-04-07 11:33:03,145.9854,122.7512,125.38293,2.6317294,96.662346,-26.088852,140.17273,17.42154,93.0628,-29.688402,130.50992,7.7587266
2026-04-07 11:34:03,144.52,122.3228,124.2554,1.9326012,95.92171,-26.40109,138.7383,16.4155,93.169914,-29.152887,130.32257,7.99977
2026-04-07 11:35:03,144.52,123.2189,125.056694,1.8377935,97.232956,-25.985945,139.32245,16.103542,95.305176,-27.913727,131.25732,8.038418
2026-04-07 11:36:03,147.0738,123.3528,125.00661,1.6538078,98.43202,-24.920778,139.41652,16.063723,96.98808,-26.36472,131.45796,8.105159
2026-04-07 11:37:03,144.19,123.3528,123.80413,0.4513337,99.20924,-24.143559,138.46541,15.112607,98.5583,-24.7945,131.48184,8.129036
2026-04-07 11:38:03,145.6218,121.2202,121.636475,0.4162734,98.042206,-23.177994,135.69386,14.473669,98.00278,-23.217419,129.65318,8.432987
2026-04-07 11:39:03,144.38,121.2202,121.29939,0.0791944,98.27038,-22.949823,135.87091,14.650719,98.75968,-22.460518,129.7757,8.555491
2026-04-07 11:40:03,144.64,113.1717,113.96987,0.7981735,91.747696,-21.424007,129.58348,16.411776,92.643,-20.5287,122.651886,9.48019
2026-04-07 11:41:03,141.9824,104.8135,107.70128,2.887781,86.34545,-18.468046,123.98514,19.171642,87.87105,-16.942451,115.40436,10.59086
2026-04-07 11:42:03,141.9824,102.2786,106.192795,3.9141924,85.283516,-16.995087,121.32254,19.043936,87.79008,-14.488523,113.274315,10.995709
2026-04-07 11:43:03,136.0932,100.92,105.118576,4.1985765,84.420334,-16.499664,118.85246,17.932465,88.25055,-12.669452,112.06565,11.145653
2026-04-07 11:44:03,133.0136,93.8912,97.656715,3.7655158,80.36326,-13.527939,112.89559,19.004396,84.44053,-9.450666,105.73529,11.844097
2026-04-07 11:45:03,134.2827,99.984,103.71407,3.7300737,85.613266,-14.370735,120.12636,20.142357,90.99838,-8.985622,111.63057,11.646569
2026-04-07 11:46:03,134.2827,108.2928,110.158745,1.865946,92.51276,-15.780048,127.1123,18.819496,97.890015,-10.402785,118.893135,10.600331
2026-04-07 11:47:03,131.1947,111.9456,109.08921,-2.856392,95.79932,-16.146288,129.86082,17.915226,100.77127,-11.174331,122.03044,10.084843
2026-04-07 11:48:03,133.9107,114.9504,109.16621,-5.784196,98.09967,-16.850729,133.06117,18.110765,102.72124,-12.229167,124.640816,9.690414
2026-04-07 11:49:03,130.8762,125.8432,118.018814,-7.82439,106.52228,-19.32092,141.95512,16.111927,111.48858,-14.354619,133.9972,8.1539955
2026-04-07 11:50:03,132.0752,125.8432,115.57136,-10.271843,106.94123,-18.901972,141.55014,15.706938,111.44242,-14.400778,132.9946,7.151391
2026-04-07 11:51:03,131.8728,126.7548,116.56061,-10.194188,107.9017,-18.853094,140.37985,13.625059,111.86356,-14.8912325,132.77196,6.0171537
2026-04-07 11:52:03,131.8176,127.8936,117.02333,-10.870268,108.32152,-19.57208,140.2982,12.404606,112.547424,-15.346179,132.73712,4.84352
2026-04-07 11:53:03,131.744,130.592,119.34046,-11.251536,110.352554,-20.239439,140.01562,9.423625,114.80088,-15.791116,133.6308,3.0388007
2026-04-07 11:54:03,136.116,131.23,120.67646,-10.553535,111.46532,-19.764679,137.88043,6.6504393,115.66966,-15.56033,132.84663,1.6166456
2026-04-07 11:55:03,136.1825,134.9304,124.756294,-10.174108,115.44415,-19.486252,140.45403,5.5236244,119.494484,-15.435922,135.09923,0.16881901
2026-04-07 11:56:03,134.7302,138.532,127.33453,-11.197463,119.14135,-19.390648,143.1455,4.6134925,122.76632,-15.765676,137.28792,-1.244076
2026-04-07 11:57:03,134.7302,142.7644,130.41919,-12.345211,123.612526,-19.151876,145.01851,2.2541008,126.68141,-16.08299,140.45303,-2.3113763
2026-04-07 11:58:03,134.7396,143.3319,130.58041,-12.751476,124.80794,-18.523952,146.1763,2.8444092,127.38359,-15.948301,140.0065,-3.325388
2026-04-07 11:59:03,134.7208,143.4556,129.90681,-13.548778,125.73531,-17.720284,145.9006,2.4450057,127.94819,-15.507407,139.43716,-4.0184355
2026-04-07 12:00:03,130.3575,143.4804,130.89111,-12.589278,126.18029,-17.300102,144.62772,1.147317,128.1427,-15.337688,138.81638,-4.664022
2026-04-07 12:01:03,128.934,143.2696,130.72739,-12.542221,126.07371,-17.195902,145.14973,1.8801248,128.5839,-14.6857195,138.0566,-5.2130055
2026-04-07 12:02:03,128.934,145.1772,131.8845,-13.292687,128.4953,-16.681904,146.19879,1.021592,130.76157,-14.415629,139.72679,-5.4504027
2026-04-07 12:03:03,126.06,146.5884,133.36768,-13.220716,129.88757,-16.700827,147.41676,0.82837594,132.05725,-14.531138,140.3979,-6.19049
2026-04-07 12:04:03,128.853,149.3774,136.49971,-12.877686,132.93945,-16.437943,148.54024,-0.8371568,134.62616,-14.751236,142.4602,-6.917187
2026-04-07 12:05:03,127.4124,152.736,138.62228,-14.113708,136.08849,-16.647509,149.65297,-3.0830274,137.11925,-15.616741,144.16138,-8.574608
2026-04-07 12:06:03,127.3056,155.2481,139.91862,-15.329473,136.97589,-18.2722,150.89037,-4.357726,138.29617,-16.951916,145.0701,-10.177993
2026-04-07 12:07:03,124.3926,155.0778,138.21858,-16.859228,136.00887,-19.068933,147.92809,-7.14972,137.49255,-17.585258,143.13792,-11.939877
2026-04-07 12:08:03,124.3926,154.8944,138.04651,-16.847889,135.37762,-19.516773,146.97752,-7.916863,136.66608,-18.228317,141.66382,-13.230581
2026-04-07 12:09:03,124.3056,156.9932,139.08269,-17.910501,137.48506,-19.508139,148.07657,-8.916632,137.92157,-19.071623,142.28012,-14.7130785
2026-04-07 12:10:03,118.6236,157.6912,138.1726,-19.518583,137.56648,-20.124708,150.07925,-7.6119347,137.20834,-20.48285,141.78627,-15.904919
2026-04-07 12:11:03,119.9856,160.072,139.80179,-20.270216,138.89949,-21.172518,151.64207,-8.429937,137.75897,-22.31303,143.20863,-16.863379
2026-04-07 12:12:03,119.9856,160.072,140.6629,-19.409103,139.03137,-21.040638,150.27196,-9.800043,137.24812,-22.82388,142.63872,-17.433292
2026-04-07 12:13:03,122.6876,164.3895,144.28891,-20.100584,143.11986,-21.269642,154.35298,-10.036512,139.97437,-24.415125,145.72621,-18.663282
2026-04-07 12:14:03,128.214,163.605,144.02025,-19.58475,142.32365,-21.281343,152.12389,-11.48111,138.56891,-25.03609,144.95085,-18.654139
2026-04-07 12:15:03,128.106,161.5844,143.45279,-18.131605,140.56787,-21.016531,148.32997,-13.254421,137.08424,-24.500147,142.94858,-18.635818
2026-04-07 12:16:03,125.2416,159.182,142.55025,-16.631756,139.33264,-19.849371,145.22743,-13.954571,136.35611,-22.825893,141.93271,-17.249298
2026-04-07 12:17:03,125.224,156.3744,140.13553,-16.23887,138.08665,-18.287754,144.06293,-12.311473,135.50195,-20.872444,141.27802,-15.096383
2026-04-07 12:18:03,125.2944,154.506,140.4554,-14.050598,136.67166,-17.834332,142.98099,-11.525006,134.43527,-20.070723,140.7621,-13.74389
2026-04-07 12:19:03,122.55,152.8416,138.18326,-14.658347,136.08873,-16.752865,141.46663,-11.374973,133.84293,-18.998667,141.01486,-11.826729
2026-04-07 12:20:03,119.826,148.1584,133.72433,-14.434068,132.8309,-15.327501,139.29385,-8.864547,131.37906,-16.779343,138.39012,-9.768286
2026-04-07 12:21:03,119.8764,148.1584,132.2816,-15.8768015,132.64276,-15.515637,138.83424,-9.324151,131.82265,-16.335752,139.55742,-8.600986
2026-04-07 12:22:03,121.3375,148.824,131.88301,-16.940992,133.05016,-15.773855,137.41704,-11.406968,132.90741,-15.916589,141.0516,-7.772394
2026-04-07 12:23:03,118.5074,148.824,131.4607,-17.363304,132.86182,-15.962195,137.40787,-11.416132,132.87401,-15.949993,141.57774,-7.246267
2026-04-07 12:24:03,117.0304,149.3856,131.8169,-17.568708,133.2593,-16.126314,136.84378,-12.541826,133.25307,-16.13254,142.73116,-6.6544566
2026-04-07 12:25:03,116.9484,146.88,129.69843,-17.181583,131.45743,-15.422584,133.35905,-13.520945,131.87222,-15.007789,140.62305,-6.256952
2026-04-07 12:26:03,119.7,149.76,133.27037,-16.489628,134.77048,-14.989513,136.82225,-12.937739,134.5094,-15.250588,143.47758,-6.2824097
2026-04-07 12:27:03,116.7352,152.852,136.27223,-16.579775,138.31027,-14.541729,141.61942,-11.232589,137.1481,-15.7038965,146.67508,-6.1769214
2026-04-07 12:28:03,116.7024,150.1136,131.50348,-18.61012,136.6777,-13.435892,138.75894,-11.354654,135.39334,-14.720263,144.11708,-5.996514
2026-04-07 12:29:03,116.7352,148.6908,129.77122,-18.919567,136.40797,-12.282819,135.8715,-12.819285,134.60643,-14.084367,143.23164,-5.4591517
2026-04-07 12:30:03,116.768,147.237,126.51331,-20.723688,135.82948,-11.407516,134.6498,-12.587207,133.77533,-13.461667,142.14189,-5.0951076
2026-04-07 12:31:03,116.768,146.0763,124.333,-21.743294,135.69882,-10.377471,133.36862,-12.70767,133.4381,-12.638202,141.23637,-4.8399158
2026-04-07 12:32:03,115.5384,147.5736,124.81014,-22.763453,137.017,-10.556597,132.97673,-14.596867,134.30362,-13.269974,143.0282,-4.5453906
2026-04-07 12:33:03,115.7004,145.9854,123.36562,-22.619776,135.98882,-9.996576,131.55899,-14.426404,133.02278,-12.962616,141.69206,-4.2933364
2026-04-07 12:34:03,113.0332,144.52,120.610344,-23.909662,135.27994,-9.240063,129.09486,-15.42514,132.16206,-12.357944,140.80869,-3.7113168
2026-04-07 12:35:03,116.0244,144.52,119.55897,-24.961039,135.28693,-9.233083,126.905624,-17.614376,131.99959,-12.5204115,141.13777,-3.38223
2026-04-07 12:36:03,114.72,147.0738,120.33958,-26.73423,138.13083,-8.942974,128.73221,-18.3416,134.55542,-12.518393,144.20421,-2.8695962
2026-04-07 12:37:03,120.4392,144.19,117.17854,-27.01146,136.08447,-8.105535,125.76015,-18.429857,132.66444,-11.525553,142.00575,-2.1842437
2026-04-07 12:38:03,120.4728,145.6218,119.12615,-26.495644,138.0163,-7.605502,127.47768,-18.14412,134.85725,-10.764537,143.71045,-1.9113504
2026-04-07 12:39:03,123.3068,144.38,120.0535,-24.326506,137.68452,-6.695475,123.6253,-20.75471,134.89816,-9.481839,142.56691,-1.8130933
2026-04-07 12:40:03,120.4392,144.64,120.920135,-23.719862,137.99132,-6.6486864,124.24383,-20.396173,135.40862,-9.231378,143.06728,-1.5727183
2026-04-07 12:41:03,117.588,141.9824,118.51215,-23.470253,135.52147,-6.4609427,122.55809,-19.424313,133.05437,-8.928039,140.51288,-1.4695295
2026-04-07 12:42:03,117.588,141.9824,119.14113,-22.84128,135.67229,-6.310114,121.266235,-20.71617,133.1083,-8.874099,140.5614,-1.4210113
2026-04-07 12:43:03,126.0336,136.0932,114.2742,-21.818996,131.47224,-4.6209545,116.46543,-19.627771,128.72205,-7.371159,135.5953,-0.49790186
2026-04-07 12:44:03,131.7624,133.0136,111.152176,-21.861418,129.23264,-3.7809556,114.701,-18.312601,126.77088,-6.242717,132.9244,-0.08920959
2026-04-07 12:45:03,134.6268,134.2827,112.329025,-21.953672,131.44653,-2.8361633,116.957794,-17.324907,128.51894,-5.7637596,134.5088,0.22610761
2026-04-07 12:46:03,140.3164,134.2827,112.3187,-21.963999,131.90105,-2.3816495,117.82071,-16.461994,129.02727,-5.255438,134.69035,0.4076507
2026-04-07 12:47:03,146.0028,131.1947,110.64809,-20.546616,130.91707,-0.27763703,114.70622,-16.48848,127.94109,-3.2536113,132.01161,0.81691086
2026-04-07 12:48:03,131.9464,133.9107,114.78212,-19.128588,133.97694,0.06623666,118.85225,-15.05846,131.05142,-2.8592863,134.78055,0.8698492
2026-04-07 12:49:03,131.9648,130.8762,111.42295,-19.453257,132.09262,1.2164196,116.87143,-14.004772,129.46014,-1.4160569,132.4191,1.5428898
2026-04-07 12:50:03,129.096,132.0752,115.7408,-16.3344,133.94632,1.8711305,116.61785,-15.457344,131.3748,-0.7003895,134.02118,1.9459887
2026-04-07 12:51:03,134.6832,131.8728,115.16344,-16.709366,134.20026,2.3274493,117.99138,-13.881427,131.7342,-0.1385915,134.10564,2.232834
2026-04-07 12:52:03,126.1392,131.8176,116.060196,-15.757404,134.88017,3.0625763,119.06801,-12.749587,132.37074,0.5531437,134.2211,2.4035077
2026-04-07 12:53:03,126.1392,131.744,118.31385,-13.43015,135.09024,3.3462398,119.94974,-11.794265,132.54773,0.8037287,134.19502,2.4510155
2026-04-07 12:54:03,143.08,136.116,120.43579,-15.680209,139.48624,3.3702395,126.13562,-9.980379,136.74533,0.62933505,138.2408,2.1247997
2026-04-07 12:55:03,148.7408,136.1825,121.58864,-14.593858,139.63393,3.451428,126.434364,-9.748134,136.87045,0.68795305,138.19879,2.0162954
2026-04-07 12:56:03,151.6012,134.7302,121.07293,-13.657268,138.85439,4.1241875,126.73776,-7.9924307,135.92395,1.1937544,136.80606,2.0758734
2026-04-07 12:57:03,140.4144,134.7302,121.47593,-13.254267,139.92764,5.1974435,129.2186,-5.5115943,136.59679,1.8665937,136.83618,2.105991
2026-04-07 12:58:03,146.1456,134.7396,121.51503,-13.224564,140.74808,6.0084867,128.0036,-6.735998,137.11696,2.3773694,136.85037,2.11078
2026-04-07 12:59:03,132.112,134.7208,121.58584,-13.1349535,141.35498,6.6341896,128.97542,-5.74538,137.46664,2.7458465,136.93054,2.2097545
2026-04-07 13:00:03,124.9842,130.3575,119.29533,-11.062172,138.75732,8.399828,126.188896,-4.168602,135.00873,4.6512365,133.02187,2.6643736
2026-04-07 13:01:03,117.7766,128.934,118.41258,-10.521423,138.56064,9.626637,127.11153,-1.8224823,135.0473,6.113294,132.00037,3.066364
2026-04-07 13:02:03,117.6618,128.934,118.51571,-10.418296,139.42497,10.490964,127.08096,-1.8530428,136.13136,7.197363,132.20607,3.2720675
2026-04-07 13:03:03,121.805,126.06,118.27556,-7.784442,137.37894,11.318934,125.49384,-0.5661508,134.55026,8.4902725,129.71938,3.6593819
2026-04-07 13:04:03,123.1348,128.853,121.767136,-7.085861,140.52272,11.669722,129.86426,1.011254,137.75266,8.899654,132.58522,3.7322268
2026-04-07 13:05:03,131.468,127.4124,121.14763,-6.2647724,140.3787,12.966298,129.7952,2.3827908,137.04196,9.629565,131.35114,3.938729
2026-04-07 13:06:03,139.65,127.3056,123.67493,-3.630678,141.36009,14.054486,128.933,1.6273991,137.83109,10.525478,131.38605,4.08045
2026-04-07 13:07:03,145.2684,124.3926,123.016106,-1.376492,139.54752,15.154911,127.96437,3.571767,135.9794,11.586799,128.67572,4.2831173
2026-04-07 13:08:03,151.05,124.3926,124.14945,-0.24314658,140.47131,16.078718,129.54572,5.15312,136.55556,12.162956,128.76099,4.3683877
2026-04-07 13:09:03,156.64,124.3056,127.399994,3.0943873,141.42606,17.120453,129.55952,5.2539163,137.04402,12.738412,128.77621,4.470614
2026-04-07 13:10:03,139.6304,118.6236,124.70969,6.086091,137.72098,19.097374,126.9922,8.368606,132.94188,14.318279,123.51165,4.888054
2026-04-07 13:11:03,137.088,119.9856,127.64847,7.662863,139.45021,19.464613,129.43004,9.44444,134.46101,14.475412,124.86027,4.874666
2026-04-07 13:12:03,151.1136,119.9856,129.13756,9.15196,140.43309,20.447493,130.23941,10.253799,135.00449,15.01889,124.88735,4.9017453
2026-04-07 13:13:03,149.6565,122.6876,132.46074,9.773137,143.60841,20.920816,132.86716,10.1795635,137.6777,14.9901085,127.56355,4.875951
2026-04-07 13:14:03,142.62,128.214,139.04945,10.835453,148.2676,20.053583,138.48758,10.273567,142.12953,13.91553,132.73773,4.5237336
2026-04-07 13:15:03,139.8362,128.106,137.29704,9.191037,147.85114,19.745125,139.46808,11.362073,141.7824,13.676386,132.3925,4.286504
2026-04-07 13:16:03,145.7478,125.2416,135.72154,10.479948,145.932,20.690403,137.17345,11.931842,139.83197,14.590374,129.65837,4.4167666
2026-04-07 13:17:03,145.7478,125.224,135.58531,10.361315,145.56808,20.34408,136.22548,11.001487,139.53923,14.315225,129.76718,4.5431833
2026-04-07 13:18:03,134.5046,125.2944,134.43674,9.14234,145.52629,20.23189,138.19994,12.905538,139.4635,14.169106,129.93585,4.6414447
2026-04-07 13:19:03,141.4611,122.55,134.74382,12.193823,143.50182,20.951807,135.70702,13.15701,137.5715,15.021494,127.43148,4.8814793
2026-04-07 13:20:03,137.0688,119.826,133.93326,14.107256,141.32848,21.50248,132.68942,12.86343,135.30882,15.482824,125.048325,5.222328
2026-04-07 13:21:03,134.0628,119.8764,134.75871,14.882313,141.50656,21.63015,132.2731,12.396699,135.54652,15.670125,125.33078,5.4543767
2026-04-07 13:22:03,136.6848,121.3375,138.46844,17.130941,142.45004,21.112547,134.80531,13.467806,136.68059,15.34308,126.902336,5.5648346
2026-04-07 13:23:03,128.088,118.5074,136.89458,18.387178,139.74078,21.233381,132.10437,13.596973,134.17857,15.671177,124.2847,5.777296
2026-04-07 13:24:03,119.5152,117.0304,135.9907,18.96031,138.05168,21.021284,130.77005,13.739639,132.72287,15.692473,122.96496,5.934552
2026-04-07 13:25:03,133.4988,116.9484,137.33911,20.390707,137.4018,20.453386,130.94153,13.993132,132.45074,15.502346,122.90727,5.958868
2026-04-07 13:26:03,139.1306,119.7,139.8287,20.128716,139.85738,20.157383,135.01125,15.311251,134.93364,15.233648,125.58284,5.882845
2026-04-07 13:27:03,139.1306,116.7352,137.76155,21.026358,136.8792,20.143991,132.67236,15.937157,132.13907,15.403875,122.733604,5.998403
2026-04-07 13:28:03,147.5344,116.7024,135.85686,19.154453,136.29684,19.59444,132.34912,15.646725,131.94286,15.240451,122.655045,5.9526424
2026-04-07 13:29:03,164.4648,116.7352,135.44801,18.712809,136.07292,19.337729,134.9455,18.2103,132.07777,15.342579,122.60823,5.8730297
2026-04-07 13:30:03,170.076,116.768,136.2172,19.449203,135.44438,18.676384,135.81984,19.051838,131.82063,15.05263,122.619095,5.8511
2026-04-07 13:31:03,160.1888,116.768,133.63248,16.864475,134.17409,17.406086,135.05193,18.283928,131.38438,14.616393,122.609856,5.8418555
2026-04-07 13:32:03,157.3425,115.5384,133.21205,17.673653,133.09084,17.55244,132.35936,16.82096,130.75621,15.21781,121.57599,6.0375867
2026-04-07 13:33:03,157.3425,115.7004,134.37596,18.675564,132.05453,16.354132,133.15968,17.459278,130.28902,14.588612,121.78458,6.084176
2026-04-07 13:34:03,164.256,113.0332,131.18384,18.150637,129.62357,16.590366,128.96608,15.932872,128.2361,15.202893,119.3816,6.3483996
2026-04-07 13:35:03,155.716,116.0244,134.6106,18.586191,132.27022,16.245813,131.28812,15.263711,130.91403,14.889634,122.54042,6.5160184
2026-04-07 13:36:03,158.4352,114.72,131.88063,17.16063,130.31506,15.595065,128.81548,14.095476,128.99435,14.274346,121.39536,6.6753592
2026-04-07 13:37:03,158.5024,120.4392,133.14807,12.708862,133.27063,12.831421,133.7099,13.270694,132.47061,12.031414,126.703354,6.264151
2026-04-07 13:38:03,158.5024,120.4728,131.43373,10.96093,132.34273,11.869928,133.33452,12.861719,132.17674,11.703943,126.44002,5.9672184
2026-04-07 13:39:03,159.9402,123.3068,131.59398,8.287175,133.64188,10.335079,133.12059,9.813796,133.50024,10.193451,128.99232,5.685524
2026-04-07 13:40:03,162.771,120.4392,129.76645,9.327251,130.02191,9.582717,129.00604,8.566848,130.52414,10.084935,126.11757,5.6783643
2026-04-07 13:41:03,150.3292,117.588,128.01973,10.431735,128.09863,10.51063,127.00189,9.4138975,129.64365,12.055644,123.57708,5.989081
2026-04-07 13:42:03,143.42,117.588,127.37367,9.785678,128.03307,10.445064,128.174,10.585994,129.99109,12.403085,123.76334,6.1753497
2026-04-07 13:43:03,127.998,126.0336,134.66653,8.6329365,134.04286,8.009264,134.13745,8.103848,135.94484,9.911246,131.67984,5.646244
2026-04-07 13:44:03,116.8008,131.7624,137.05399,5.2915754,138.49985,6.7374406,137.6934,5.931002,140.11983,8.357422,136.80516,5.042751
2026-04-07 13:45:03,102.6864,134.6268,137.02943,2.4026372,139.92981,5.3030124,139.32156,4.694762,141.36217,6.7353616,139.13864,4.511844
2026-04-07 13:46:03,108.3152,140.3164,139.99701,-0.31940264,143.38638,3.069978,143.30376,2.98735,144.5655,4.249107,143.92961,3.613199
2026-04-07 13:47:03,114.032,146.0028,141.67928,-4.3235264,147.20642,1.2036133,145.80582,-0.19698346,148.42458,2.421775,148.4297,2.4268892
2026-04-07 13:48:03,119.6832,131.9464,127.730515,-4.215878,135.38258,3.436192,131.45757,-0.48882928,136.60353,4.657129,135.27441,3.3280106
2026-04-07 13:49:03,119.6832,131.9648,129.87706,-2.0877442,135.50348,3.538688,131.20401,-0.76078504,136.54959,4.584793,135.84091,3.876109
2026-04-07 13:50:03,126.647,129.096,126.60146,-2.4945288,133.69336,4.597363,128.42673,-0.66926247,134.60594,5.5099506,133.56447,4.4684687
2026-04-07 13:51:03,129.4839,134.6832,131.84518,-2.8380158,138.94818,4.264989,132.39731,-2.285889,139.84824,5.165036,138.90337,4.2201695
2026-04-07 13:52:03,126.6737,126.1392,125.05527,-1.0839279,131.74283,5.6036315,124.08558,-2.0536215,132.97838,6.839175,130.98433,4.8451343
2026-04-07 13:53:03,120.87,126.1392,126.6561,0.5169005,131.67726,5.538069,123.1466,-2.992597,132.86794,6.728734,131.25623,5.1170254
2026-04-07 13:54:03,133.3108,143.08,141.20692,-1.8730731,145.04004,1.9600348,137.82214,-5.257863,146.03932,2.9593208,146.94374,3.8637369
2026-04-07 13:55:03,136.0512,148.7408,142.47368,-6.267118,149.00941,0.26861465,141.14648,-7.594322,150.19135,1.4505507,151.27127,2.5304756
2026-04-07 13:56:03,144.33,151.6012,142.02419,-9.577014,149.45992,-2.1412814,142.70654,-8.894646,150.80453,-0.7966622,152.95653,1.3553312
2026-04-07 13:57:03,152.6256,140.4144,130.34459,-10.069809,139.05472,-1.3596733,130.50476,-9.909637,141.02257,0.60816294,142.14012,1.7257308
2026-04-07 13:58:03,163.8152,146.1456,134.19324,-11.952361,143.63419,-2.5114071,136.40402,-9.741581,145.58073,-0.5648697,147.46396,1.3183568
2026-04-07 13:59:03,160.854,132.112,124.743576,-7.368426,133.33131,1.2193127,127.38695,-4.725053,135.43292,3.3209198,134.69475,2.5827444
2026-04-07 14:00:03,160.8312,124.9842,119.22064,-5.763559,128.43292,3.4487245,121.733734,-3.250468,130.71715,5.7329445,128.91412,3.9299238
2026-04-07 14:01:03,150.9556,117.7766,117.04674,-0.729869,123.67736,5.9007545,115.66174,-2.114862,126.859535,9.082931,122.97024,5.1936316
2026-04-07 14:02:03,155.034,117.6618,120.78144,3.1196434,124.18907,6.527276,117.419075,-0.24272427,127.53588,9.874087,123.39436,5.7325706
2026-04-07 14:03:03,160.4436,121.805,124.293625,2.4886215,127.81108,6.00608,122.89077,1.0857704,130.91351,9.1085205,127.60022,5.795216
2026-04-07 14:04:03,149.2162,123.1348,124.64658,1.5117798,128.62537,5.490561,124.074165,0.9393595,131.34665,8.211843,128.87732,5.742521
2026-04-07 14:05:03,135.3216,131.468,131.27264,-0.19535097,134.91849,3.4504914,131.95718,0.48917794,136.82298,5.354985,136.62619,5.158185
2026-04-07 14:06:03,140.9,139.65,136.81384,-2.8361537,140.94978,1.2997926,138.75041,-0.89958125,143.05942,3.409417,143.7376,4.087601
2026-04-07 14:07:03,146.5984,145.2684,137.60095,-7.6674533,144.41995,-0.84845525,144.6887,-0.5796903,146.72992,1.4615142,148.22896,2.9605625
2026-04-07 14:08:03,141.13,151.05,138.66943,-12.380573,148.82101,-2.228981,147.19485,-3.8551435,150.36626,-0.6837431,153.0093,1.9592853
2026-04-07 14:09:03,147.0144,156.64,139.6527,-16.987307,153.38602,-3.253983,150.00624,-6.633764,152.97061,-3.6693826,157.37717,0.7371628
2026-04-07 14:10:03,141.62,139.6304,124.756355,-14.874046,138.22447,-1.4059345,135.07086,-4.5595427,141.54483,1.9144348,141.55542,1.925019
2026-04-07 14:11:03,145.951,137.088,124.41837,-12.669625,136.72546,-0.36253273,133.70564,-3.382362,140.06483,2.9768386,139.89864,2.810645
2026-04-07 14:12:03,140.5404,151.1136,137.19373,-13.919868,148.84337,-2.270233,143.1061,-8.007514,150.64711,-0.46649265,153.24837,2.1347625
2026-04-07 14:13:03,129.2564,149.6565,134.78395,-14.872547,147.50525,-2.1512458,141.67444,-7.9820633,149.2878,-0.36870542,151.44646,1.789968
2026-04-07 14:14:03,117.8766,142.62,129.26526,-13.35473,140.72533,-1.8946619,132.2888,-10.331198,143.09338,0.4733855,144.83759,2.2175932
2026-04-07 14:15:03,119.1204,139.8362,129.63248,-10.203725,138.04608,-1.7901115,131.06789,-8.768313,140.88544,1.0492351,142.51627,2.680069
2026-04-07 14:16:03,127.296,145.7478,134.08107,-11.666738,143.65843,-2.089377,136.96274,-8.785068,145.74994,0.0021373108,148.05211,2.3043106
2026-04-07 14:17:03,126.972,145.7478,133.6554,-12.092406,143.8314,-1.9163909,138.65747,-7.0903335,146.26027,0.5124648,147.98993,2.2421207
2026-04-07 14:18:03,126.792,134.5046,123.88248,-10.622116,134.23503,-0.26956746,129.31592,-5.188672,138.04115,3.5365674,137.8421,3.3375144
2026-04-07 14:19:03,132.164,141.4611,130.90926,-10.551845,140.33992,-1.1211834,133.62332,-7.837776,144.2625,2.8013852,144.68294,3.2218273
2026-04-07 14:20:03,129.3888,137.0688,126.43095,-10.637857,136.83916,-0.22964087,130.81,-6.2588077,141.23917,4.170359,140.65388,3.5850868
2026-04-07 14:21:03,120.9676,134.0628,124.40483,-9.657971,134.8362,0.77339756,129.58461,-4.478201,140.30959,6.2467847,138.26526,4.202461
2026-04-07 14:22:03,126.576,136.6848,127.95494,-8.7298565,136.78679,0.1019948,131.07959,-5.6052017,141.78522,5.1004105,140.93935,4.254545
2026-04-07 14:23:03,126.576,128.088,120.63985,-7.4481497,129.67734,1.5893328,121.4859,-6.6021,135.76047,7.6724772,133.07474,4.986742
2026-04-07 14:24:03,123.86,119.5152,116.92278,-2.5924127,124.14866,4.6334596,116.9642,-2.5509915,129.7415,10.226304,125.38575,5.8705487
2026-04-07 14:25:03,137.8762,133.4988,131.09819,-2.4005976,134.88144,1.3826468,129.63976,-3.8590426,140.69524,7.196443,138.79184,5.2930493
2026-04-07 14:26:03,135.0432,139.1306,132.42596,-6.7046313,138.9762,-0.15440606,136.22377,-2.9068272,143.97523,4.84463,143.54675,4.4161553
2026-04-07 14:27:03,135.1776,139.1306,132.72537,-6.405224,138.19542,-0.93518746,134.8407,-4.289901,143.07094,3.940342,143.0353,3.904687
2026-04-07 14:28:03,135.3216,147.5344,138.2612,-9.273198,145.50497,-2.029424,142.56393,-4.9704666,148.14583,0.61142814,150.28215,2.7477496
2026-04-07 14:29:03,132.6904,164.4648,147.6417,-16.82311,160.32489,-4.1399055,156.27426,-8.19053,158.37012,-6.0946827,164.56303,0.09822878
2026-04-07 14:30:03,121.6556,170.076,145.92386,-24.152153,163.68283,-6.393176,157.8669,-12.209109,160.63539,-9.440615,167.75829,-2.3177137
2026-04-07 14:31:03,127.44,160.1888,136.14789,-24.040903,155.3389,-4.849902,144.51332,-15.675471,153.5672,-6.621591,158.07661,-2.1121829
2026-04-07 14:32:03,131.8182,157.3425,133.091,-24.251492,152.47015,-4.872339,140.23982,-17.102673,151.7001,-5.642389,155.55704,-1.78546
2026-04-07 14:33:03,131.8182,157.3425,134.52483,-22.817673,152.84734,-4.4951625,139.9992,-17.3433,153.10457,-4.237931,155.74919,-1.5933107
2026-04-07 14:34:03,131.8182,164.256,138.66292,-25.593079,158.91501,-5.3409886,146.31172,-17.944273,158.13402,-6.1219835,161.76724,-2.4887512
2026-04-07 14:35:03,138.719,155.716,132.18346,-23.532543,150.95761,-4.7583933,136.40048,-19.315523,151.44983,-4.266171,153.98148,-1.7345207
2026-04-07 14:36:03,144.075,158.4352,136.22995,-22.205246,153.27853,-5.156663,140.55959,-17.875608,153.28891,-5.1462812,156.97243,-1.462768
2026-04-07 14:37:03,149.3858,158.5024,136.051,-22.451406,152.70424,-5.7981534,142.32385,-16.178537,152.97383,-5.5285573,157.34297,-1.159424
2026-04-07 14:38:03,150.6025,158.5024,134.22264,-24.279753,152.83557,-5.6668186,143.68405,-14.818345,153.00198,-5.5004187,157.49567,-1.0067313
2026-04-07 14:39:03,143.6364,159.9402,134.84282,-25.097387,153.46588,-6.474321,144.61531,-15.324892,152.82242,-7.117775,158.60107,-1.3391194
2026-04-07 14:40:03,146.5568,162.771,138.97928,-23.79172,155.55731,-7.213682,145.16716,-17.603836,154.50941,-8.261579,160.95834,-1.8126594
2026-04-07 14:41:03,138.3368,150.3292,128.62756,-21.701632,145.9919,-4.3372912,134.87863,-15.45056,147.91953,-2.4096627,150.0311,-0.29808915
2026-04-07 14:42:03,128.5648,143.42,124.61592,-18.804077,140.61731,-2.8026826,127.06884,-16.351156,145.13358,1.7135715,144.59877,1.1787708
2026-04-07 14:43:03,127.053,127.998,114.28263,-13.715372,128.46297,0.46496224,116.56547,-11.432534,135.61752,7.619529,131.31645,3.318445
2026-04-07 14:44:03,118.524,116.8008,110.80779,-5.993001,122.85347,6.05267,110.15899,-6.641811,130.2498,13.448999,122.0511,5.2503076
2026-04-07 14:45:03,118.524,102.6864,104.97345,2.287046,114.44469,11.758285,102.70261,0.016202945,122.80215,20.115747,109.546036,6.859636
2026-04-07 14:46:03,119.765,108.3152,114.247635,5.9324346,121.216286,12.901088,110.83609,2.5208876,128.36514,20.049942,115.73201,7.4168096
2026-04-07 14:47:03,126.711,114.032,121.078835,7.0468364,126.50426,12.472256,120.63092,6.598921,132.48994,18.45795,121.43079,7.398798
2026-04-07 14:48:03,135.0336,119.6832,125.656975,5.973779,130.91592,11.232732,124.716934,5.033737,136.64612,16.962925,126.71651,7.0333133
2026-04-07 14:49:03,141.8848,119.6832,125.37459,5.6913915,130.23813,10.554933,127.022514,7.339316,135.3037,15.620492,126.52765,6.8444533
2026-04-07 14:50:03,151.5132,126.647,130.02,3.3730009,135.94485,9.297855,135.61488,8.967884,140.56355,13.916556,133.11867,6.471666
2026-04-07 14:51:03,152.8616,129.4839,129.46906,-0.014840838,137.77084,8.2869425,138.19241,8.708514,142.15527,12.671377,135.63687,6.1529713
2026-04-07 14:52:03,148.6968,126.6737,124.44895,-2.2247481,136.1484,9.474704,132.6488,5.9751053,141.1153,14.441591,132.78198,6.1082907
2026-04-07 14:53:03,140.37,120.87,117.941895,-2.9281049,131.4831,10.613084,127.17673,6.306728,136.3701,15.500102,127.16961,6.299604
2026-04-07 14:54:03,140.37,133.3108,129.12878,-4.1820235,140.6715,7.3606815,137.3969,4.0860877,144.85219,11.541387,138.92738,5.6165776
2026-04-07 14:55:03,138.9663,136.0512,128.1936,-7.8575916,141.55408,5.502878,138.09177,2.0405664,146.29419,10.242989,140.96915,4.917957
2026-04-07 14:56:03,138.9663,144.33,132.95412,-11.375888,146.3401,2.0101068,141.27225,-3.0577595,151.19902,6.869017,148.08783,3.757827
2026-04-07 14:57:03,130.6836,152.6256,138.35239,-14.273209,152.1467,-0.47889367,148.59471,-4.03089,152.5626,-0.0629956,154.86452,2.2389197
2026-04-07 14:58:03,137.739,163.8152,146.01591,-17.79928,161.22324,-2.5919592,157.7142,-6.1009912,158.21169,-5.60352,163.72148,-0.0937162
2026-04-07 14:59:03,140.52,160.854,140.60187,-20.252129,158.2487,-2.6052995,150.56564,-10.288365,156.16399,-4.6900163,159.97662,-0.87737566
2026-04-07 15:00:03,148.8664,160.8312,137.16406,-23.667145,157.51022,-3.3209898,148.57016,-12.261044,155.1109,-5.720306,159.39005,-1.4411577
2026-04-07 15:01:03,137.6704,150.9556,129.23883,-21.716774,148.56758,-2.3880172,141.07697,-9.878624,149.44272,-1.5128715,150.5496,-0.40599322
2026-04-07 15:02:03,134.784,155.034,132.4291,-22.604906,152.85905,-2.1749413,144.89577,-10.138223,153.86191,-1.1720934,154.56908,-0.46492472
2026-04-07 15:03:03,115.1772,160.4436,136.63083,-23.812773,157.74663,-2.6969721,147.43283,-13.010769,157.74562,-2.697985,159.41058,-1.033025
2026-04-07 15:04:03,109.512,149.2162,126.86427,-22.351925,147.86769,-1.3485174,137.65352,-11.562689,150.4611,1.2449089,149.51282,0.29661396
2026-04-07 15:05:03,123.3408,135.3216,118.89244,-16.429157,136.78549,1.4638997,125.3082,-10.013399,141.52794,6.2063403,137.72784,2.406257
2026-04-07 15:06:03,140.02,140.9,127.13556,-13.764439,142.53166,1.6316732,132.63492,-8.265076,146.97087,6.070876,143.62927,2.7292838
2026-04-07 15:07:03,145.5792,146.5984,135.01682,-11.581593,147.57504,0.9766385,141.2335,-5.3648934,151.40938,4.810977,148.99387,2.395469
2026-04-07 15:08:03,146.9475,141.13,131.47224,-9.657767,143.33318,2.2031653,135.61711,-5.5128946,147.26584,6.13583,143.97371,2.8437037
2026-04-07 15:09:03,156.632,147.0144,138.65654,-8.357869,147.43768,0.42327526,138.05809,-8.95632,150.99771,3.983304,149.52179,2.5073833
2026-04-07 15:10:03,152.5128,141.62,134.58633,-7.033654,143.2957,1.6757027,138.73547,-2.884517,147.05989,5.439895,144.32689,2.7068923
2026-04-07 15:11:03,149.693,145.951,139.3215,-6.6295066,146.99323,1.0422194,144.8983,-1.0527062,150.63448,4.683471,148.30235,2.3513448
2026-04-07 15:12:03,134.4576,140.5404,135.3222,-5.218194,143.30844,2.768039,136.73135,-3.8090441,147.86288,7.322476,143.17314,2.6327386
2026-04-07 15:13:03,140.02,129.2564,124.09586,-5.16053,136.04767,6.7912726,125.96905,-3.287348,142.36182,13.105428,133.39294,4.136552
2026-04-07 15:14:03,134.4864,117.8766,119.278206,1.401603,127.80476,9.928165,120.45408,2.5774758,135.0235,17.146894,123.49823,5.6216245
2026-04-07 15:15:03,115.087,119.1204,123.898735,4.778338,131.23492,12.114524,122.85448,3.7340772,138.97737,19.85697,125.27271,6.1523123
2026-04-07 15:16:03,126.225,127.296,132.22812,4.932126,139.14233,11.84633,129.78337,2.4873698,145.77527,18.479269,133.2507,5.9547086
2026-04-07 15:17:03,120.6838,126.972,131.86942,4.897412,137.20805,10.23606,126.91736,-0.05463866,143.63039,16.658384,132.80075,5.828756
2026-04-07 15:18:03,116.5237,126.792,132.6157,5.82371,135.4526,8.66061,128.87889,2.0868871,141.49425,14.702249,132.69798,5.9059863
2026-04-07 15:19:03,116.5237,132.164,136.68521,4.5212145,139.10197,6.93798,135.01418,2.8501718,144.60918,12.445173,137.52434,5.3603354
2026-04-07 15:20:03,119.374,129.3888,132.7572,3.368403,136.89297,7.5041857,135.05711,5.6683183,142.91159,13.5227995,134.66833,5.279539
2026-04-07 15:21:03,135.994,120.9676,123.908005,2.9404054,130.51006,9.542458,127.25023,6.282633,137.09454,16.12694,126.79036,5.822762
2026-04-07 15:22:03,133.114,126.576,128.36195,1.7859598,134.85764,8.281632,132.80128,6.2252812,140.52066,13.944659,132.348,5.7720084
2026-04-07 15:23:03,127.4455,126.576,127.188896,0.6129008,135.42677,8.850779,133.10605,6.530048,141.59496,15.018956,132.32208,5.7460794
2026-04-07 15:24:03,128.708,123.86,123.618225,-0.2417743,134.45158,10.591578,130.35483,6.49483,140.6305,16.770487,129.73656,5.876554
2026-04-07 15:25:03,125.766,137.8762,134.70879,-3.1674247,144.9145,7.038303,139.42052,1.5443084,149.46301,11.58681,142.75575,4.8795404
2026-04-07 15:26:03,118.728,135.0432,131.39624,-3.646962,141.73631,6.693121,135.12798,0.0847716,146.55649,11.513286,139.4324,4.3892035
2026-04-07 15:27:03,125.478,135.1776,132.58792,-2.589671,141.69714,6.5195394,136.07692,0.89931905,146.43936,11.261766,139.54811,4.370507
2026-04-07 15:28:03,141.8616,135.3216,132.41043,-2.9111707,142.5032,7.181616,139.7493,4.427706,147.26674,11.94514,139.65118,4.3295913
2026-04-07 15:29:03,145.908,132.6904,129.93254,-2.75786,141.06682,8.376422,137.0808,4.390389,145.99146,13.301061,137.30905,4.6186533
2026-04-07 15:30:03,145.908,121.6556,125.765175,4.1095767,134.35335,12.697745,128.80612,7.150523,140.34836,18.69276,127.15546,5.4998555
2026-04-07 15:31:03,140.4809,127.44,129.42424,1.9842372,140.02933,12.589319,136.88277,9.442771,145.88205,18.442055,132.9665,5.5265093
2026-04-07 15:32:03,146.0025,131.8182,131.36594,-0.45227507,143.49007,11.671857,140.50499,8.686777,149.50328,17.68507,136.9857,5.167502
2026-04-07 15:33:03,140.7031,131.8182,133.99057,2.1723607,144.13089,12.312678,137.47061,5.652411,150.43103,18.612816,136.79074,4.9725327
2026-04-07 15:34:03,129.7629,131.8182,135.86385,4.0456324,143.8101,11.991894,134.25801,2.439808,150.47916,18.660955,136.68602,4.8678145
2026-04-07 15:35:03,123.024,138.719,138.76375,0.04475143,148.51068,9.791685,141.94696,3.2279642,154.42789,15.708894,142.8337,4.1146984
2026-04-07 15:36:03,136.8864,144.075,142.40129,-1.6737107,151.07143,6.996432,147.55246,3.4774687,156.05547,11.980473,147.38458,3.3095784
2026-04-07 15:37:03,125.946,149.3858,145.00395,-4.381857,153.9553,4.569506,150.76958,1.3837734,157.94557,8.5597725,151.79686,2.4110606
2026-04-07 15:38:03,125.892,150.6025,144.34984,-6.2526584,153.97952,3.3770344,149.42915,-1.1733466,157.49835,6.8958545,152.43326,1.830765
2026-04-07 15:39:03,120.314,143.6364,137.77806,-5.8583393,147.80359,4.1671886,142.2981,-1.3383031,152.5997,8.963305,145.54778,1.9113694
2026-04-07 15:40:03,117.3984,146.5568,140.56613,-5.9906607,149.5455,2.9887109,148.32454,1.7677461,153.94127,7.384478,148.12752,1.570732
2026-04-07 15:41:03,117.3984,138.3368,136.34038,-1.9964269,144.65695,6.3201413,140.40668,2.0698693,152.23021,13.893406,140.70984,2.3730338
2026-04-07 15:42:03,115.8597,128.5648,130.81703,2.2522266,137.62032,9.055508,131.60852,3.0437138,146.64305,18.078253,132.30986,3.7450535
2026-04-07 15:43:03,124.3241,127.053,133.46844,6.415439,136.6988,9.645803,127.73379,0.6807876,145.67656,18.62356,131.52034,4.467342
2026-04-07 15:44:03,132.8005,118.524,128.65598,10.131978,132.6884,14.164402,122.867065,4.343066,141.00655,22.482538,124.03824,5.5142336
2026-04-07 15:45:03,149.5325,118.524,129.25735,10.733352,133.65681,15.132813,123.94676,5.422764,141.38283,22.858826,124.504196,5.980195
2026-04-07 15:46:03,133.133,119.765,130.03264,10.267636,133.63054,13.865538,123.250656,3.4856534,141.16092,21.395924,126.013176,6.2481785
2026-04-07 15:47:03,129.0392,126.711,134.96924,8.258235,138.76488,12.053884,133.46796,6.7569585,145.46857,18.757576,132.65987,5.948871
2026-04-07 15:48:03,140.1,135.0336,140.81361,5.7800145,143.80986,8.776267,141.93382,6.900216,149.53275,14.499146,140.08934,5.0557413
2026-04-07 15:49:03,145.5168,141.8848,143.15555,1.2707586,147.63103,5.7462254,148.64642,6.7616243,151.68019,9.795398,145.52739,3.6425936
2026-04-07 15:50:03,145.288,151.5132,149.63692,-1.8762798,153.08295,1.5697408,155.2101,3.6968977,153.99654,2.483331,153.53053,2.017332
2026-04-07 15:51:03,153.34,152.8616,147.05693,-5.8046727,152.28995,-0.5716477,152.95273,0.0911254,152.54991,-0.3116857,153.88799,1.026382
2026-04-07 15:52:03,153.34,148.6968,141.06607,-7.6307263,148.15442,-0.5423736,147.33734,-1.3594441,148.50061,-0.1961761,149.60153,0.90474683
2026-04-07 15:53:03,147.5414,140.37,132.83514,-7.5348563,142.45557,2.085564,141.22226,0.85226166,144.6445,4.274513,142.06339,1.6933886
2026-04-07 15:54:03,143.3554,140.37,133.9869,-6.3831096,143.33797,2.9679725,137.973,-2.3969839,145.37839,5.0083914,142.47461,2.104616
2026-04-07 15:55:03,126.9632,138.9663,135.53212,-3.4341767,142.69925,3.7329605,132.92644,-6.0398602,145.48566,6.51937,141.27069,2.3043973
2026-04-07 15:56:03,127.0633,138.9663,135.90704,-3.059247,142.8104,3.844106,132.10864,-6.8576536,145.60713,6.6408315,141.39616,2.429865
2026-04-07 15:57:03,120.1764,130.6836,130.3985,-0.28509232,136.4767,5.793102,127.421036,-3.2625582,141.09097,10.407384,134.05829,3.374689
2026-04-07 15:58:03,122.9008,137.739,135.48679,-2.2522154,141.74696,4.007967,134.15439,-3.5846076,145.16231,7.4233074,140.7538,3.014804
2026-04-07 15:59:03,136.5336,140.52,136.01375,-4.506262,143.79587,3.2758594,136.16306,-4.356948,147.25185,6.7318487,142.86984,2.3498423
2026-04-07 16:00:03,136.5924,148.8664,141.96832,-6.898066,149.65817,0.79177934,145.57974,-3.2866569,151.44342,2.5770314,150.03331,1.166909
2026-04-07 16:01:03,145.0384,137.6704,131.2914,-6.3789997,141.05772,3.3873267,134.10316,-3.5672264,146.74614,9.07575,139.70238,2.031975
2026-04-07 16:02:03,153.736,134.784,128.64691,-6.1370873,140.66046,5.8764625,134.00989,-0.7741084,148.43427,13.650266,137.5989,2.8149083
2026-04-07 16:03:03,153.736,115.1772,116.09436,0.9171574,128.79498,13.617787,118.58335,3.406149,138.70184,23.524649,120.073425,4.8962245
2026-04-07 16:04:03,157.024,109.512,116.953316,7.441313,128.37349,18.861494,114.50723,4.9952316,136.96312,27.451113,115.754,6.242
2026-04-07 16:05:03,140.94,123.3408,130.41077,7.0699625,138.36156,15.020761,128.40828,5.0674844,147.35262,24.01182,129.35614,6.0153418
2026-04-07 16:06:03,135.5328,140.02,140.61975,0.599749,148.19788,8.177874,141.47755,1.4575496,155.85585,15.835852,144.41669,4.3966794
2026-04-07 16:07:03,127.224,145.5792,140.61006,-4.969137,148.88246,3.3032625,146.03745,0.45825064,153.30276,7.7235746,148.44154,2.862355
2026-04-07 16:08:03,110.4324,146.9475,139.16133,-7.786167,147.71848,0.77098703,141.07167,-5.875821,150.19322,3.2457287,148.66083,1.7133335
2026-04-07 16:09:03,110.4168,156.632,146.32747,-10.304529,155.67303,-0.9589729,149.82011,-6.8118963,154.03372,-2.598284,156.5807,-0.051302936
2026-04-07 16:10:03,118.6584,152.5128,139.28223,-13.230576,151.89346,-0.6193397,148.40633,-4.1064806,152.6403,0.12749551,151.93117,-0.58163
2026-04-07 16:11:03,126.936,149.693,137.14607,-12.546923,149.65665,-0.036350213,144.74866,-4.9443374,151.41187,1.7188668,149.37381,-0.31917787
2026-04-07 16:12:03,126.846,134.4576,125.9264,-8.531199,139.6934,5.2358127,125.54814,-8.909452,146.24413,11.786531,136.12651,1.6689162
2026-04-07 16:13:03,137.8076,140.02,132.80435,-7.2156553,145.44543,5.425424,131.17038,-8.849617,150.92378,10.903775,142.02559,2.0055907
2026-04-07 16:14:03,137.8076,134.4864,129.21262,-5.2737856,141.56111,7.0747,126.08609,-8.400317,148.58295,14.096547,137.07443,2.5880315
2026-04-07 16:16:03,141.7939,115.087,114.506386,-0.580612,130.21637,15.129379,111.91755,-3.1694522,137.81628,22.729292,119.80752,4.7205176
2026-04-07 16:17:03,134.8896,126.225,126.499985,0.274983,136.5456,10.320599,121.06552,-5.159479,144.05705,17.83206,130.97867,4.7536716
2026-04-07 16:18:03,130.665,120.6838,121.93295,1.249157,133.15384,12.470035,117.19048,-3.4933193,140.04218,19.358372,125.97107,5.2872677
2026-04-07 16:19:03,137.5724,116.5237,119.52884,3.0051434,130.87491,14.351207,118.141235,1.617541,136.999,20.4753,122.38191,5.8582163
2026-04-07 16:20:03,143.0652,116.5237,120.22336,3.6996574,129.9942,13.470498,116.99335,0.46965146,136.38982,19.866114,122.67435,6.1506476
2026-04-07 16:21:03,142.9632,119.374,123.329765,3.9557638,132.84889,13.474896,122.5864,3.212399,139.3312,19.957201,125.516136,6.1421385
2026-04-07 16:22:03,153.868,135.994,138.18005,2.1860533,145.43462,9.44061,140.87341,4.879412,149.10625,13.112249,140.72829,4.7342777
2026-04-07 16:23:03,167.52,133.114,129.58527,-3.5287337,142.09628,8.982291,139.66524,6.551238,145.57426,12.460263,137.1183,4.004301
2026-04-07 16:24:03,156.5088,127.4455,124.98142,-2.4640818,136.81142,9.365918,129.17766,1.7321582,141.6577,14.212196,131.36246,3.9169517
2026-04-07 16:25:03,161.9476,128.708,126.86228,-1.8457136,138.12366,9.41566,127.817505,-0.89048773,142.34314,13.63514,132.59442,3.8864264
2026-04-07 16:26:03,161.9476,125.766,124.61845,-1.1475496,135.61002,9.844024,128.02716,2.2611547,140.80672,15.040716,129.81116,4.0451617
2026-04-07 16:27:03,152.273,118.728,119.64144,0.91344213,130.8457,12.117703,124.68956,5.9615626,136.93779,18.209799,123.50816,4.7801704
2026-04-07 16:28:03,152.164,125.478,129.49196,4.013956,135.9003,10.422308,125.86704,0.38904333,140.37407,14.896075,129.96423,4.4862304
2026-04-07 16:29:03,138.3426,141.8616,141.89581,0.034216892,149.34512,7.483518,139.82278,-2.038826,151.5555,9.693892,144.86841,3.0068061
2026-04-07 16:30:03,129.9396,145.908,144.48785,-1.4201473,150.90497,4.9969616,143.46637,-2.4416308,152.07295,6.1649456,147.5883,1.6802977
2026-04-07 16:31:03,128.6712,145.908,140.56685,-5.341149,149.54295,3.634948,144.70067,-1.2073362,150.61143,4.703432,146.84943,0.94141954
2026-04-07 16:32:03,117.81,140.4809,133.02368,-7.457217,144.4412,3.9602914,142.17955,1.6986501,147.16818,6.6872897,141.39334,0.9124418
2026-04-07 16:33:03,115.1608,146.0025,133.51562,-12.486872,148.75032,2.747815,145.5943,-0.4082015,150.46854,4.466029,146.18954,0.18703748
2026-04-07 16:34:03,116.8059,140.7031,129.5543,-11.148783,145.56772,4.864623,139.21461,-1.4884722,149.8321,9.129015,141.32112,0.6180307
2026-04-07 16:35:03,110.058,129.7629,121.13496,-8.627936,137.74486,7.981965,126.671844,-3.0910516,145.14342,15.380523,131.73553,1.9726422
2026-04-07 16:36:03,101.808,123.024,118.30207,-4.72193,134.92834,11.90435,119.18401,-3.839991,142.39565,19.371637,126.17192,3.1479206
2026-04-07 16:37:03,101.808,136.8864,131.89813,-4.9882708,145.10612,8.219732,131.08394,-5.8024526,151.70103,14.814638,139.26932,2.3829181
2026-04-07 16:38:03,114.5826,125.946,124.72568,-1.2203244,137.8816,11.935603,120.373245,-5.5727544,145.0119,19.065903,128.8563,2.9102886
2026-04-07 16:39:03,109.0628,125.892,127.09021,1.1982116,136.94492,11.052913,118.83349,-7.058507,142.43098,16.538992,129.04855,3.156553
2026-04-07 16:40:03,114.6069,120.314,123.88621,3.5722039,132.91115,12.597145,114.77963,-5.5343666,138.78181,18.46781,124.14219,3.8281846
2026-04-07 16:41:03,115.9316,117.3984,122.41516,5.016765,133.3178,15.919397,118.72729,1.3288851,138.99355,21.595142,121.93648,4.538079
2026-04-07 16:42:03,121.432,117.3984,122.16272,4.7643185,133.46753,16.069128,117.07211,-0.3262833,138.86757,21.469164,122.30791,4.9095063
2026-04-07 16:43:03,132.352,115.8597,118.98812,3.1284156,133.31366,17.45395,112.22956,-3.630142,138.63574,22.776037,121.029305,5.169602
2026-04-07 16:44:03,145.7456,124.3241,127.08802,2.7639215,138.70528,14.381182,121.46368,-2.8604183,143.91151,19.587416,128.96155,4.6374564
2026-04-07 16:45:03,148.2092,132.8005,131.19405,-1.6064546,143.64069,10.840172,131.16646,-1.6340495,148.83707,16.036566,136.2689,3.468394
2026-04-07 16:46:03,156.3296,149.5325,142.04674,-7.485766,154.49368,4.961186,143.1249,-6.4076114,155.96078,6.4282856,150.65947,1.1269754
2026-04-07 16:47:03,153.692,133.133,126.1972,-6.9358015,140.91779,7.784796,123.44111,-9.691886,145.49368,12.360692,134.68857,1.5555774
2026-04-07 16:48:03,153.692,129.0392,122.34605,-6.693153,136.57745,7.538259,120.906494,-8.132709,141.19095,12.151753,131.1858,2.1466136
2026-04-07 16:49:03,134.7072,140.1,131.31252,-8.787497,145.16095,5.0609484,133.97557,-6.1244316,147.89037,7.7903566,141.38083,1.2808152
2026-04-07 16:50:03,124.1504,145.5168,133.42146,-12.095332,149.6733,4.1564994,139.33382,-6.182988,151.30893,5.7921367,145.67809,0.16128574
2026-04-07 16:51:03,121.8276,145.288,132.51408,-12.773907,148.14713,2.8591244,134.63394,-10.654046,148.93304,3.6450462,144.63568,-0.6523111
2026-04-07 16:52:03,133.2826,153.34,138.81224,-14.527754,153.26616,-0.073842146,141.78438,-11.555623,150.2081,-3.1318927,150.68918,-2.6508117
2026-04-07 16:53:03,130.41,153.34,135.78197,-17.558035,153.38895,0.048955705,142.05714,-11.282853,152.06143,-1.2785696,149.59785,-3.7421434
2026-04-07 16:54:03,142.7938,147.5414,132.53053,-15.010869,149.30682,1.7654235,135.9307,-11.610709,149.85756,2.3161662,144.0066,-3.5347917
2026-04-07 16:55:03,141.11,143.3554,129.32251,-14.032887,146.1126,2.7571983,132.60944,-10.745958,147.32475,3.969367,140.45041,-2.9049842
2026-04-07 16:56:03,137.984,126.9632,116.157135,-10.806071,134.8266,7.8633885,117.82987,-9.133332,139.97707,13.013867,126.598465,-0.3647369
2026-04-07 16:57:03,121.1052,127.0633,118.69603,-8.367271,135.79047,8.727165,118.9682,-8.095101,141.61493,14.551636,127.85737,0.79406583
2026-04-07 16:58:03,121.002,120.1764,113.814644,-6.3617563,134.61302,14.436617,112.91415,-7.262256,141.43939,21.262985,122.52311,2.346711
2026-04-07 16:59:03,121.002,122.9008,119.86962,-3.0311782,138.15596,15.255163,117.7815,-5.1192994,143.52411,20.623308,125.744125,2.8433223
2026-04-07 17:00:03,116.5569,136.5336,133.57579,-2.9578054,146.23236,9.698761,128.80255,-7.731042,150.07112,13.537527,138.18175,1.6481435
2026-04-07 17:01:03,126.207,136.5924,131.85777,-4.7346387,145.4851,8.892704,133.96277,-2.6296346,147.90192,11.309512,137.59192,0.9995044
2026-04-07 17:02:03,120.658,145.0384,136.64595,-8.392456,150.21439,5.1759825,138.91939,-6.119021,150.26399,5.22558,144.73074,-0.30765587
2026-04-07 17:03:03,131.694,153.736,138.54333,-15.192663,155.53278,1.7967827,147.54243,-6.1935534,152.38155,-1.3544408,151.28397,-2.4520319
2026-04-07 17:04:03,131.694,153.736,136.16219,-17.573812,155.43925,1.7032558,146.28545,-7.450553,152.79091,-0.9450838,149.97305,-3.762943
2026-04-07 17:05:03,137.2588,157.024,134.29633,-22.727676,157.74748,0.72348255,145.54039,-11.483605,153.76146,-3.2625449,151.74515,-5.2788486
2026-04-07 17:06:03,126.27,140.94,117.812164,-23.127842,145.0119,4.0719013,127.85926,-13.080743,145.09492,4.1549244,137.335,-3.6050029
2026-04-07 17:07:03,128.8184,135.5328,115.80575,-19.727057,141.46248,5.9296775,120.6669,-14.865907,143.01637,7.4835696,133.28563,-2.2471702
2026-04-07 17:08:03,123.1824,127.224,112.64493,-14.579069,137.3247,10.100714,115.41323,-11.810765,140.31288,13.088885,126.84165,-0.38234743
2026-04-07 17:09:03,117.5832,110.4324,103.17578,-7.2566237,128.2873,17.854895,103.13925,-7.2931523,132.27588,21.843473,112.58742,2.1550143
2026-04-07 17:10:03,117.5832,110.4168,108.49241,-1.9243964,128.95316,18.536348,104.84169,-5.575113,132.77838,22.361586,113.61258,3.1957781
2026-04-07 17:11:03,116.0838,118.6584,116.65544,-2.0029604,133.9697,15.311293,114.10507,-4.5533266,137.68607,19.027658,121.57313,2.9147255
2026-04-07 17:12:03,115.9593,126.936,122.33322,-4.6027737,139.32428,12.388279,121.16974,-5.7662606,143.12811,16.19211,128.96326,2.0272613
2026-04-07 17:13:03,114.5048,126.846,120.92033,-5.9256735,138.09937,11.2533655,119.28164,-7.564363,141.42833,14.582323,128.38707,1.5410734
2026-04-07 17:14:03,121.4868,137.8076,124.85532,-12.952279,146.06601,8.258403,130.24942,-7.5581794,146.40768,8.600089,137.86732,0.059726875
2026-04-07 17:15:03,122.8832,137.8076,125.77341,-12.034192,144.911,7.1033936,128.41722,-9.390383,145.45311,7.645503,137.04247,-0.765141
2026-04-07 17:16:03,131.224,141.7939,123.5285,-18.2654,147.87753,6.0836406,128.29918,-13.4947195,147.0467,5.2528133,140.08533,-1.7085798
2026-04-07 17:17:03,147.7852,134.8896,116.22406,-18.665545,141.91174,7.022134,121.01436,-13.87524,141.82893,6.9393277,134.08376,-0.8058516
2026-04-07 17:18:03,153.296,130.665,110.59303,-20.071962,138.17526,7.5102744,119.75399,-10.911005,139.03456,8.369563,130.60626,-0.058726076
2026-04-07 17:19:03,150.7464,137.5724,116.6576,-20.9148,143.91504,6.3426304,125.137825,-12.434576,143.2904,5.718001,136.80963,-0.76277757
2026-04-07 17:20:03,161.7968,143.0652,118.65721,-24.407991,147.17557,4.110373,129.61012,-13.455085,146.22858,3.163377,140.74834,-2.3168688
2026-04-07 17:21:03,161.7968,142.9632,116.60394,-26.35925,145.60312,2.6399224,125.51783,-17.445368,143.36911,0.405909,139.48906,-3.474139
2026-04-07 17:23:03,149.8107,153.868,125.80764,-28.060358,153.9261,0.058101986,131.16254,-22.70546,146.82196,-7.046041,147.77971,-6.088287
2026-04-07 17:24:03,134.9568,167.52,136.89838,-30.621632,163.71382,-3.806185,143.56487,-23.95514,153.28873,-14.231276,157.63168,-9.888315
2026-04-07 17:25:03,125.5167,156.5088,126.38021,-30.128593,154.10808,-2.4007294,132.60199,-23.906813,145.78755,-10.721251,146.24098,-10.267817
2026-04-07 17:26:03,113.104,161.9476,130.3519,-31.595705,157.96283,-3.9847648,135.78456,-26.163038,148.47589,-13.471707,150.46222,-11.485384
2026-04-07 17:27:03,120.1645,161.9476,127.14521,-34.80239,157.23647,-4.7111344,134.5317,-27.415907,149.01375,-12.933859,149.82382,-12.123785
2026-04-07 17:28:03,110.448,152.273,116.684296,-35.5887,151.05913,-1.2138699,127.1116,-25.161392,147.39558,-4.877408,141.90704,-10.365951
2026-04-07 17:29:03,110.448,152.164,118.6366,-33.5274,151.33968,-0.8243182,124.186935,-27.977062,148.59033,-3.5736728,142.4603,-9.703709
2026-04-07 17:30:03,113.256,138.3426,105.897194,-32.44541,140.7085,2.3658917,110.89176,-27.450842,142.29282,3.9502044,131.26938,-7.0732255
2026-04-07 17:31:03,114.6798,129.9396,103.82036,-26.119246,135.33139,5.391779,106.763885,-23.175722,138.20966,8.270049,125.60677,-4.332831
2026-04-07 17:32:03,124.3792,128.6712,109.8465,-18.824709,134.39691,5.7257133,105.53819,-23.133015,138.20027,9.529073,125.98937,-2.6818333
2026-04-07 17:33:03,124.3792,117.81,103.03739,-14.772603,127.41577,9.605773,97.56322,-20.24678,132.01767,14.20768,117.169785,-0.64021266
2026-04-07 17:34:03,133.5985,115.1608,102.94764,-12.213157,126.87397,11.713175,100.69856,-14.4622345,130.63136,15.470564,115.68756,0.5267632
2026-04-07 17:35:03,137.7096,116.8059,107.58786,-9.218039,128.06432,11.258419,106.44889,-10.357008,131.55916,14.753256,117.5525,0.74659777
2026-04-07 17:36:03,139.1742,110.058,102.52825,-7.529745,125.08691,15.028909,105.036705,-5.021292,128.76443,18.706432,111.628204,1.5702091
2026-04-07 17:37:03,132.3708,101.808,96.82742,-4.980575,120.78853,18.980526,94.88363,-6.924368,125.010605,23.202604,104.661804,2.8538053
2026-04-07 17:38:03,127.17,101.808,97.43123,-4.3767705,121.111176,19.303173,96.39224,-5.4157534,125.265,23.456997,105.31426,3.5062618
2026-04-07 17:39:03,110.682,114.5826,109.62369,-4.958913,130.26595,15.683337,107.302536,-7.2800665,134.0442,19.461603,116.82554,2.2429376
2026-04-07 17:40:03,126.0418,109.0628,105.42869,-3.6341095,125.574066,16.511265,97.48807,-11.574733,130.12405,21.061258,111.3758,2.313005
2026-04-07 17:41:03,138.4936,114.6069,109.71097,-4.895935,127.64665,13.039752,101.431175,-13.175726,131.97073,17.36383,116.15817,1.5512661
2026-04-07 17:42:03,134.2065,115.9316,107.83972,-8.091883,128.29855,12.366956,104.0694,-11.862205,131.44934,15.517745,116.96696,1.035358
2026-04-07 17:43:03,134.14,121.432,110.91004,-10.521955,132.61412,11.182115,112.2932,-9.138799,134.6246,13.192597,121.5132,0.08120166
2026-04-07 17:44:03,134.14,132.352,116.58638,-15.765622,140.58142,8.229418,120.73345,-11.61855,140.96367,8.611662,130.56296,-1.7890431
2026-04-07 17:45:03,131.3439,145.7456,122.559456,-23.18615,149.59065,3.8450437,129.17781,-16.567793,146.14879,0.4031764,140.52727,-5.218341
2026-04-07 17:46:03,115.9644,148.2092,119.80661,-28.402586,149.94485,1.7356573,133.10133,-15.107866,145.69923,-2.5099697,140.90813,-7.3010683
2026-04-07 17:47:03,120.105,156.3296,126.416046,-29.913559,154.9358,-1.3938026,134.75575,-21.573853,150.05603,-6.273575,146.44833,-9.881275
2026-04-07 17:48:03,115.8496,153.692,120.79428,-32.89772,151.6126,-2.079411,129.25993,-24.432074,147.10423,-6.587766,142.39864,-11.293369
2026-04-07 17:49:03,115.8496,153.692,117.14653,-36.545467,151.40784,-2.2841609,126.01483,-27.677168,147.15277,-6.5392256,141.6129,-12.079096
2026-04-07 17:50:03,132.352,134.7072,102.484856,-32.222343,135.4858,0.7785936,106.7493,-27.957903,135.27023,0.56304127,125.28718,-9.420022
2026-04-07 17:51:03,129.444,124.1504,97.54455,-26.605852,129.39204,5.2416525,96.16094,-27.989454,132.2692,8.1188,118.17171,-5.978691
2026-04-07 17:52:03,145.808,121.8276,97.53117,-24.296429,129.41046,7.58286,95.10622,-26.721384,132.98422,11.156622,117.84791,-3.9796903
2026-04-07 17:53:03,140.12,133.2826,108.29917,-24.98342,140.04176,6.759164,110.337265,-22.94533,141.21822,7.9356275,128.20554,-5.0770574
2026-04-07 17:54:03,161.9592,130.41,108.60612,-21.803885,137.06711,6.6571026,110.32839,-20.081612,137.70874,7.298744,124.910065,-5.499937
2026-04-07 17:55:03,161.9592,142.7938,119.396416,-23.397379,146.54161,3.7478213,117.7015,-25.09229,144.94287,2.1490846,134.88773,-7.9060745
2026-04-07 17:56:03,150.9624,141.11,115.91536,-25.194645,143.69029,2.5802948,114.33208,-26.777922,142.08043,0.9704333,132.36127,-8.748731
2026-04-07 17:57:03,148.2092,137.984,109.523224,-28.460766,141.62949,3.6454926,114.64136,-23.342636,140.17023,2.1862295,129.194,-8.789991
2026-04-07 17:58:03,148.3152,121.1052,97.25528,-23.849922,128.24034,7.135138,102.48032,-18.624878,129.4963,8.391107,115.02635,-6.078847
2026-04-07 17:59:03,140.12,121.002,101.20591,-19.79609,129.76918,8.767176,100.91475,-20.087248,132.50061,11.4986105,116.50373,-4.498267
2026-04-07 18:00:03,126.387,121.002,98.55447,-22.44753,130.51003,9.508024,100.13362,-20.868376,133.5662,12.564195,117.28096,-3.7210383
2026-04-07 18:01:03,129.2048,116.5569,97.72212,-18.834776,126.95307,10.396169,96.3751,-20.1818,131.2012,14.644295,113.98405,-2.5728524
2026-04-07 18:02:03,131.9948,126.207,107.902954,-18.30405,134.16533,7.9583225,104.81764,-21.389359,137.24393,11.036929,122.56608,-3.640923
2026-04-07 18:03:03,137.5626,120.658,103.39791,-17.260088,128.95587,8.297882,96.87436,-23.78364,132.78291,12.124921,116.90921,-3.748787
2026-04-07 18:04:03,143.1264,131.694,112.93869,-18.755312,137.84663,6.1526384,111.22731,-20.466688,139.80353,8.109529,125.97664,-5.717359
2026-04-07 18:05:03,148.6332,131.694,112.58974,-19.104265,136.80255,5.1085467,113.029305,-18.664698,137.98807,6.29407,124.85112,-6.8428783
2026-04-07 18:06:03,148.6332,137.2588,116.21374,-21.045069,141.28697,4.028169,119.08382,-18.174984,141.1664,3.9075966,128.8096,-8.449211
2026-04-07 18:07:03,149.9391,126.27,109.09611,-17.173891,132.0201,5.7501016,108.84392,-17.426075,133.42784,7.1578407,118.239975,-8.030021
2026-04-07 18:08:03,153.824,128.8184,111.659805,-17.158604,134.83797,6.019555,108.344215,-20.474192,136.08865,7.2702456,120.53104,-8.287365
2026-04-07 18:09:03,150.93,123.1824,107.347275,-15.835132,130.4229,7.240488,106.377426,-16.804981,132.37776,9.195355,115.65632,-7.5260844
2026-04-07 18:10:03,162.9467,117.5832,102.89418,-14.689016,125.602325,8.019125,95.22048,-22.362719,128.29057,10.7073765,111.44189,-6.141315
2026-04-07 18:11:03,156.237,117.5832,100.89385,-16.689346,125.85016,8.266959,95.48891,-22.094288,127.74523,10.162036,112.086876,-5.496321
2026-04-07 18:12:03,164.256,116.0838,97.58491,-18.498892,124.215256,8.131456,94.6855,-21.398302,125.61853,9.534725,110.87775,-5.2060556
2026-04-07 18:13:03,172.4416,115.9593,95.56559,-20.39371,123.23449,7.275195,92.839806,-23.119492,123.33246,7.3731613,110.56144,-5.397855
2026-04-07 18:14:03,175.292,114.5048,96.04927,-18.455532,121.71118,7.206379,94.01437,-20.490429,122.00074,7.4959407,109.05001,-5.454785
2026-04-07 18:15:03,154.3808,121.4868,99.561905,-21.924892,127.58011,6.093304,103.39466,-18.092138,126.9011,5.4143014,115.20423,-6.282569
2026-04-07 18:16:03,159.7784,122.8832,99.81185,-23.071352,129.12695,6.24375,103.63582,-19.247385,127.90281,5.019609,116.10831,-6.7748938
2026-04-07 18:17:03,159.7784,131.224,108.81939,-22.404612,135.89484,4.6708364,111.17734,-20.04666,133.86996,2.645968,122.56323,-8.660767
2026-04-07 18:19:03,158.346,147.7852,120.28866,-27.496546,149.45325,1.6680454,121.451004,-26.334202,145.78773,-1.9974718,135.00784,-12.777357
2026-04-07 18:20:03,144.3133,153.296,118.343216,-34.952793,152.87218,-0.42382234,126.17917,-27.116838,148.5688,-4.7272096,136.91278,-16.383224
2026-04-07 18:21:03,152.273,150.7464,112.6575,-38.088894,149.39856,-1.3478469,122.55026,-28.196136,145.8584,-4.8880076,132.28268,-18.463709
2026-04-07 18:22:03,156.296,161.7968,120.5509,-41.2459,157.59126,-4.205535,128.95422,-32.842575,151.75337,-10.043424,139.43259,-22.364208
2026-04-07 18:23:03,153.67,161.7968,117.23331,-44.563488,157.05824,-4.7385597,124.26622,-37.53058,150.63397,-11.162819,137.21777,-24.579023
2026-04-07 18:24:03,148.1668,149.8107,105.49541,-44.31529,146.42923,-3.3814664,115.77111,-34.03959,142.7244,-7.086303,126.17406,-23.636646
2026-04-07 18:25:03,156.6432,134.9568,95.45863,-39.498165,134.19833,-0.75847524,102.372055,-32.584747,133.69908,-1.2577169,115.44401,-19.512793
2026-04-07 18:26:03,140.44,125.5167,94.178,-31.338697,128.23897,2.7222662,92.67787,-32.838825,130.07521,4.558512,110.1722,-15.344501
2026-04-07 18:27:03,137.9056,113.104,89.40753,-23.696468,120.66148,7.5574903,88.66195,-24.442045,123.68227,10.578267,102.078094,-11.025904
2026-04-07 18:28:03,140.64,120.1645,98.78697,-21.37753,127.23167,7.0671687,95.99638,-24.168118,129.28008,9.115573,109.832344,-10.33215
2026-04-07 18:29:03,140.64,110.448,89.93044,-20.517557,118.3203,7.8723,89.89409,-20.553913,122.21453,11.766533,101.71491,-8.733084
2026-04-07 18:30:03,137.6802,110.448,91.98768,-18.46032,116.33961,5.89161,87.85904,-22.588963,121.44389,10.995895,102.300156,-8.147841
2026-04-07 18:31:03,141.5717,113.256,95.23777,-18.018229,116.95023,3.6942399,91.78756,-21.468437,122.18426,8.928262,104.69568,-8.560316
2026-04-07 18:32:03,156.3632,114.6798,92.50729,-22.172512,116.88613,2.206328,93.79989,-20.879915,122.433014,7.753214,105.31302,-9.366786
2026-04-07 18:33:03,157.7141,124.3792,99.35611,-25.023092,120.95161,-3.4275937,98.06065,-26.318552,127.68519,3.3059824,112.4799,-11.899306
2026-04-07 18:34:03,164.5392,124.3792,98.51474,-25.864462,118.48121,-5.897997,95.59304,-28.786165,126.69049,2.3112886,110.89199,-13.487216
2026-04-07 18:35:03,150.7896,133.5985,105.516304,-28.082191,123.61423,-9.984272,103.8734,-29.725094,130.61858,-2.9799206,117.44555,-16.152946
2026-04-07 18:36:03,150.4872,137.7096,106.105255,-31.604342,122.35841,-15.351179,108.908905,-28.800692,131.25766,-6.451933,118.806335,-18.903261
2026-04-07 18:37:03,133.2288,139.1742,102.174934,-36.99926,115.66048,-23.51372,107.62116,-31.55303,126.959656,-12.214538,117.847626,-21.326567
2026-04-07 18:38:03,124.344,132.3708,99.29532,-33.07549,105.52207,-26.848732,101.81146,-30.559338,120.422455,-11.948346,110.95461,-21.416191
2026-04-07 18:39:03,105.1536,127.17,92.72246,-34.447536,99.7935,-27.376497,97.67548,-29.494513,116.788666,-10.381333,106.9874,-20.182602
2026-04-07 18:40:03,105.1536,110.682,78.81828,-31.863718,88.27573,-22.406271,82.00967,-28.67233,105.63974,-5.0422573,94.03911,-16.642893
2026-04-07 18:41:03,105.0776,126.0418,94.323845,-31.717957,94.53628,-31.505524,96.445526,-29.59628,111.80303,-14.238772,108.10054,-17.94126
2026-04-07 18:42:03,108.0456,138.4936,104.19124,-34.302372,100.84694,-37.64667,104.07167,-34.421932,115.19073,-23.302881,117.75279,-20.740818
2026-04-07 18:43:03,127.8984,134.2065,99.76562,-34.44088,97.34624,-36.860264,99.40729,-34.799206,110.259094,-23.947403,112.480835,-21.725664
2026-04-07 18:44:03,128.432,134.14,98.76779,-35.37221,95.035385,-39.104618,97.661964,-36.478035,107.39284,-26.747166,111.81959,-22.320414
2026-04-07 18:45:03,136.8276,134.14,96.5511,-37.5889,96.26279,-37.877213,98.86973,-35.27027,107.539856,-26.600143,111.432144,-22.707851
2026-04-07 18:46:03,142.5552,131.3439,93.085464,-38.258434,93.46286,-37.881046,97.807205,-33.536694,105.046936,-26.29697,108.779785,-22.564121
2026-04-07 18:47:03,139.82,115.9644,81.276825,-34.68758,86.99101,-28.973387,83.80342,-32.160976,98.103004,-17.861395,95.84987,-20.11453
2026-04-07 18:48:03,128.7264,120.105,87.699524,-32.405483,89.18807,-30.91693,90.870834,-29.234165,98.919235,-21.185772,99.71192,-20.393084
2026-04-07 18:49:03,141.9228,115.8496,86.07634,-29.773264,86.65662,-29.192982,85.97688,-29.87272,97.62868,-18.220928,95.59294,-20.256662
2026-04-07 18:50:03,130.6976,115.8496,88.27215,-27.577454,85.76999,-30.079617,89.209114,-26.64049,96.173904,-19.675695,95.23543,-20.614176
2026-04-07 18:51:03,130.6976,132.352,102.17125,-30.180754,87.991974,-44.360027,100.08429,-32.26771,96.989136,-35.36287,107.346405,-25.005602
2026-04-07 18:52:03,126.6656,129.444,95.795204,-33.648796,82.22888,-47.215122,97.026855,-32.417145,89.803764,-39.640236,102.1066,-27.3374
2026-04-07 18:53:03,119.4688,145.808,106.76781,-39.040195,81.12209,-64.685905,107.40157,-38.406425,89.74311,-56.064888,113.341194,-32.466805
2026-04-07 18:54:03,113.1416,140.12,97.46355,-42.65645,74.76549,-65.35451,99.6606,-40.459393,84.36157,-55.758423,106.0032,-34.1168
2026-04-07 18:55:03,100.1364,161.9592,107.28151,-54.677685,76.65798,-85.301216,117.504074,-44.455128,86.50485,-75.454346,121.81398,-40.145218
2026-04-07 18:56:03,104.0928,161.9592,104.66086,-57.298344,74.82388,-87.135315,112.90048,-49.058712,82.6048,-79.3544,118.3998,-43.559395
2026-04-07 18:57:03,105.9176,150.9624,95.48958,-55.472824,71.75614,-79.20626,100.992096,-49.97031,75.72019,-75.24221,107.665375,-43.297024
2026-04-07 18:58:03,106.1984,148.2092,93.69736,-54.511837,70.48937,-77.719826,100.53772,-47.671474,73.13193,-75.07727,105.95309,-42.25611
2026-04-07 18:59:03,103.7332,148.3152,93.680855,-54.634346,73.40355,-74.91165,97.634674,-50.680523,74.4657,-73.8495,107.551254,-40.76395
2026-04-07 19:00:03,100.9008,140.12,88.37372,-51.746277,65.617035,-74.50296,93.91771,-46.202282,68.99933,-71.12067,102.09651,-38.02348
2026-04-07 19:01:03,98.4984,126.387,83.55204,-42.83496,58.157402,-68.2296,81.70276,-44.684246,60.24398,-66.14302,92.73721,-33.649788
2026-04-07 19:02:03,96.309,129.2048,87.50492,-41.699883,56.431976,-72.77283,83.86897,-45.335827,58.55745,-70.647354,96.53754,-32.667267
2026-04-07 19:03:03,94.144,131.9948,92.02493,-39.969868,53.3535,-78.6413,89.50299,-42.491806,55.905,-76.0898,98.67941,-33.31538
2026-04-07 19:04:03,89.4368,137.5626,96.93103,-40.63158,50.768677,-86.79393,94.43123,-43.131382,53.934486,-83.62812,102.13399,-35.428616
2026-04-07 19:05:03,84.7296,143.1264,100.44826,-42.678143,52.605545,-90.52086,95.18456,-47.94184,51.48575,-91.640656,104.75457,-38.371834
2026-04-07 19:06:03,79.968,148.6332,101.74406,-46.889137,52.115295,-96.5179,98.30552,-50.327675,47.141533,-101.49166,106.40128,-42.23191
2026-04-07 19:07:03,72.8872,148.6332,97.754585,-50.87861,51.79702,-96.836174,99.141365,-49.49183,45.707115,-102.92608,103.669846,-44.96335
2026-04-07 19:08:03,70.512,149.9391,99.357315,-50.58179,52.80861,-97.13049,100.4288,-49.5103,46.55024,-103.38886,102.83926,-47.099846
2026-04-07 19:09:03,65.7664,153.824,99.96538,-53.858624,53.622314,-100.20169,102.70437,-51.119637,47.503418,-106.32059,104.37067,-49.45334
2026-04-07 19:10:03,62.2061,150.93,97.290054,-53.63994,51.26985,-99.66014,97.25131,-53.67868,45.454346,-105.47565,100.31456,-50.615433
2026-04-07 19:11:03,57.477,162.9467,107.372345,-55.57436,53.161926,-109.784775,104.73206,-58.214638,49.194427,-113.75227,107.93179,-55.014904
2026-04-07 19:12:03,55.1169,156.237,99.38032,-56.85668,49.047035,-107.189964,96.01599,-60.221004,47.285652,-108.95135,99.925766,-56.311237
2026-04-07 19:13:03,55.1169,164.256,103.78549,-60.4705,50.233643,-114.022354,106.101845,-58.154152,50.019356,-114.23664,104.81806,-59.437935
2026-04-07 19:15:03,52.7625,172.4416,109.6243,-62.817307,51.84211,-120.599495,111.72035,-60.721252,52.46515,-119.976456,109.14891,-63.29269
2026-04-07 19:16:03,48.0643,175.292,109.28556,-66.00645,51.158554,-124.13345,115.87508,-59.416935,51.877632,-123.414375,108.50669,-66.78532
2026-04-07 19:17:03,45.7665,154.3808,90.87833,-63.50247,42.217438,-112.16336,97.246796,-57.134003,39.9393,-114.4415,90.77739,-63.60341
2026-04-07 19:18:03,41.7848,159.7784,98.240204,-61.53819,46.015602,-113.762794,103.29474,-56.483654,41.87194,-117.906456,95.74803,-64.030365
2026-04-07 19:19:03,38.9804,159.7784,95.08589,-64.692505,47.016777,-112.76162,103.8842,-55.89419,41.32003,-118.45837,95.46848,-64.30991
2026-04-07 19:20:03,37.5782,158.346,95.28169,-63.064304,44.144394,-114.2016,102.21469,-56.131306,38.398582,-119.94741,93.25697,-65.08902
2026-04-07 19:21:03,35.6811,144.3133,87.821144,-56.49215,33.653008,-110.660286,85.976974,-58.336323,27.078835,-117.23446,80.812004,-63.50129
2026-04-07 19:22:03,35.116,152.273,97.82003,-54.452965,38.47576,-113.79723,94.662766,-57.61023,31.25457,-121.018425,86.29992,-65.973076
2026-04-07 19:23:03,30.4874,156.296,100.09821,-56.197792,39.112747,-117.18326,102.30945,-53.98656,33.255363,-123.04064,87.38404,-68.911964
2026-04-07 19:24:03,28.8612,153.67,101.68741,-51.982594,36.891876,-116.77812,100.61282,-53.05718,31.25518,-122.41482,83.22769,-70.44231
2026-04-07 19:25:03,28.8612,148.1668,96.66973,-51.497063,35.195686,-112.97111,95.61441,-52.552383,29.074379,-119.092415,77.589386,-70.57741
2026-04-07 19:26:03,26.5696,156.6432,102.92291,-53.720295,40.982933,-115.66027,100.120255,-56.52295,36.036674,-120.60653,82.74751,-73.89569
2026-04-07 19:27:03,24.0576,140.44,87.44354,-52.996464,34.181778,-106.258224,90.09286,-50.347145,26.48986,-113.95014,68.08176,-72.358246
2026-04-07 19:28:03,21.2316,137.9056,85.358505,-52.547092,34.748672,-103.15692,84.911,-52.99459,27.951057,-109.95454,66.18069,-71.72491
2026-04-07 19:29:03,20.6804,140.64,84.64096,-55.999043,35.894592,-104.74541,85.884346,-54.755653,28.825989,-111.81401,67.312485,-73.327515
2026-04-07 19:30:03,18.062,140.64,85.2112,-55.428806,34.501465,-106.138535,83.98889,-56.65111,27.346382,-113.29362,65.761215,-74.878784
2026-04-07 19:31:03,14.9385,137.6802,84.25452,-53.425686,30.481071,-107.199135,83.715164,-53.965046,22.303421,-115.376785,61.445053,-76.23515
2026-04-07 19:32:03,11.8118,141.5717,84.463715,-57.10799,30.785385,-110.786316,83.78256,-57.789143,23.07875,-118.49295,62.195114,-79.37659
2026-04-07 19:33:03,7.1208,156.3632,92.68091,-63.682297,35.565132,-120.79807,94.75517,-61.60803,25.458817,-130.90439,70.64702,-85.71619
2026-04-08 08:10:03,4.9376,157.7141,91.42084,-66.29326,32.718674,-124.99542,95.44487,-62.269222,23.745789,-133.9683,67.344284,-90.36981
2026-04-08 08:11:03,4.9544,164.5392,93.89924,-70.63996,33.72342,-130.81578,100.533455,-64.005745,25.704132,-138.83507,68.99864,-95.54056
2026-04-08 08:12:03,8.684,150.7896,83.50515,-67.28445,25.805954,-124.98364,84.806854,-65.98274,17.188461,-133.60114,54.97329,-95.81631
2026-04-08 08:13:03,11.4168,150.4872,85.59906,-64.88814,26.509918,-123.97728,86.567345,-63.919853,17.551727,-132.93547,53.860046,-96.62715
2026-04-08 08:14:03,12.1954,133.2288,73.8708,-59.35801,17.63668,-115.592125,76.61224,-56.61656,11.384453,-121.84435,39.880905,-93.3479
2026-04-08 08:15:03,12.8106,124.344,67.88957,-56.454433,13.677017,-110.666985,69.11189,-55.232113,9.759514,-114.58449,34.25273,-90.09127
2026-04-08 08:16:03,15.873,105.1536,57.28955,-47.86405,4.3675385,-100.786064,56.249176,-48.904427,2.959076,-102.19453,21.752518,-83.401085
2026-04-08 08:17:03,16.7492,105.1536,61.717113,-43.43649,10.1267395,-95.02686,58.256725,-46.896877,9.996643,-95.15696,25.139717,-80.013885
2026-04-08 08:18:03,17.7548,105.0776,63.71543,-41.362167,13.791801,-91.2858,63.587433,-41.490166,14.889854,-90.187744,27.279701,-77.7979
2026-04-08 08:19:03,18.0786,108.0456,67.23803,-40.80757,18.15609,-89.88951,66.62646,-41.419144,19.134605,-88.910995,31.413437,-76.632164
2026-04-08 08:20:03,19.8648,127.8984,84.10651,-43.79189,24.518692,-103.37971,82.71318,-45.185223,25.771187,-102.12721,46.1177,-81.7807
2026-04-08 08:21:03,19.6881,128.432,84.354385,-44.077618,22.384285,-106.04772,83.2018,-45.230213,23.224792,-105.207214,43.42627,-85.00574
2026-04-08 08:22:03,18.4121,136.8276,89.72911,-47.098495,21.857262,-114.970345,88.80879,-48.018814,21.347664,-115.47994,47.232445,-89.59516
2026-04-08 08:23:03,18.3135,142.5552,89.52611,-53.029095,21.935432,-120.619774,90.56897,-51.98624,19.73188,-122.823326,48.724213,-93.83099
2026-04-08 08:24:03,17.0019,139.82,78.708015,-61.11199,19.987473,-119.832535,91.29736,-48.52264,16.529419,-123.29059,44.575462,-95.244545
2026-04-08 08:25:03,15.54,128.7264,67.92001,-60.80638,13.844574,-114.88182,76.4889,-52.237495,10.685074,-118.04132,34.88922,-93.83717
2026-04-08 08:26:03,15.43,141.9228,79.92207,-62.000732,23.175789,-118.74702,89.3772,-52.54561,19.182487,-122.74032,44.870132,-97.05267
2026-04-08 08:27:03,15.9692,130.6976,68.96053,-61.73707,17.761642,-112.93596,74.72769,-55.969913,17.016754,-113.68085,34.688942,-96.00866
2026-04-08 08:28:03,14.8032,130.6976,69.83867,-60.858932,16.86103,-113.83657,75.27804,-55.419563,16.735329,-113.96227,34.81401,-95.88359
2026-04-08 08:29:03,15.516,126.6656,70.1342,-56.531406,14.26828,-112.39732,70.309296,-56.356308,14.878166,-111.78744,31.824173,-94.84143
2026-04-08 08:30:03,15.496,119.4688,69.52251,-49.946293,11.522499,-107.946304,67.33206,-52.136738,12.64357,-106.82523,26.925552,-92.54325
2026-04-08 08:31:03,13.0368,113.1416,65.910355,-47.23125,9.410866,-103.730736,62.937695,-50.203907,10.046402,-103.0952,23.0961,-90.0455
2026-04-08 08:32:03,14.7264,100.1364,59.27576,-40.860638,5.751152,-94.38525,54.303436,-45.832962,6.2963943,-93.840004,16.095474,-84.040924
2026-04-08 08:33:03,13.993,104.0928,67.02629,-37.066505,11.109375,-92.98342,64.87331,-39.219494,11.228203,-92.86459,22.775566,-81.31723
2026-04-08 08:34:03,13.993,105.9176,69.67136,-36.24625,14.80864,-91.10896,64.17922,-41.73838,14.427628,-91.489975,26.581573,-79.33603
2026-04-08 08:35:03,16.398,106.1984,69.94977,-36.24864,17.418976,-88.77943,64.83888,-41.359524,16.141373,-90.05703,28.496185,-77.70222
2026-04-08 08:36:03,17.3733,103.7332,71.73804,-31.995167,17.966728,-85.76647,61.811024,-41.922176,17.30896,-86.42424,28.454597,-75.2786
2026-04-08 08:37:03,20.4925,100.9008,68.68833,-32.21247,18.60308,-82.29772,60.298954,-40.60185,18.846718,-82.054085,28.40387,-72.49693
2026-04-08 08:38:03,24.1725,98.4984,66.308266,-32.190132,19.72647,-78.77193,60.392136,-38.106262,21.071274,-77.427124,28.97847,-69.51993
2026-04-08 08:39:03,25.1627,96.309,66.834366,-29.474632,20.501099,-75.8079,59.59329,-36.71571,20.688759,-75.62024,29.364815,-66.94418
2026-04-08 08:40:03,26.6472,94.144,66.299484,-27.844513,22.19793,-71.94607,60.296864,-33.847134,20.9898,-73.1542,29.760094,-64.3839
2026-04-08 08:41:03,27.6168,89.4368,63.208317,-26.228481,21.137444,-68.299355,60.40967,-29.027126,19.902382,-69.53442,28.231476,-61.205322
2026-04-08 08:42:03,28.8876,84.7296,59.98681,-24.742788,20.861065,-63.868534,58.148438,-26.581161,19.724533,-65.005066,27.151459,-57.57814
2026-04-08 08:43:03,29.1498,79.968,60.536724,-19.431278,20.069462,-59.89854,56.92187,-23.046131,19.38052,-60.587482,26.909187,-53.058815
2026-04-08 08:44:03,25.362,72.8872,60.300117,-12.58708,19.31527,-53.57193,50.622948,-22.264252,20.450645,-52.436554,25.666828,-47.22037
2026-04-08 08:45:03,25.362,70.512,59.80246,-10.709543,22.225468,-48.286533,47.53708,-22.974922,23.576408,-46.935593,28.361366,-42.150635
2026-04-08 08:46:03,23.2668,65.7664,59.22714,-6.5392647,21.800087,-43.966316,45.798637,-19.967768,23.59481,-42.171593,29.963303,-35.8031
2026-04-08 08:47:03,23.4828,62.2061,58.393097,-3.8130026,22.699886,-39.506214,46.55587,-15.650231,25.723698,-36.482403,33.04769,-29.158407
2026-04-08 08:48:03,24.8634,57.477,57.480743,0.0037436225,22.153366,-35.323635,45.4831,-11.993898,26.027302,-31.4497,35.46904,-22.007963
2026-04-08 08:49:03,26.8345,55.1169,58.324825,3.2079246,23.310928,-31.805973,42.309666,-12.807237,28.680107,-26.436794,39.427032,-15.689869
2026-04-08 08:50:03,27.4344,55.1169,61.312984,6.196083,27.169909,-27.946993,48.814556,-6.3023443,33.243202,-21.873701,44.12399,-10.992911
2026-04-08 08:51:03,28.0489,52.7625,58.050346,5.287844,28.835438,-23.927063,50.893795,-1.8687047,35.98539,-16.77711,46.83059,-5.9319105
2026-04-08 08:52:03,28.6616,48.0643,56.53887,8.474572,27.874846,-20.189455,49.070137,1.0058353,36.952187,-11.112113,47.54333,-0.5209688
2026-04-08 08:53:03,28.5912,45.7665,56.646065,10.879565,30.64674,-15.119758,49.088955,3.3224556,39.83395,-5.932548,50.86836,5.1018605
2026-04-08 08:54:03,28.0833,41.7848,56.39132,14.606519,31.579386,-10.205416,46.888718,5.1039157,40.489883,-1.2949171,53.33296,11.548158
2026-04-08 08:55:03,27.0518,38.9804,56.88131,17.900911,34.60783,-4.3725715,47.127926,8.147525,42.979153,3.9987516,57.386093,18.405693
2026-04-08 08:56:03,27.0518,37.5782,56.899834,19.32163,38.459576,0.88137573,46.62563,9.047428,44.98339,7.40519,62.272015,24.693813
2026-04-08 08:57:03,28.356,35.6811,60.009117,24.32802,39.65522,3.9741197,44.077587,8.396487,45.214745,9.533648,66.89332,31.212217
2026-04-08 08:58:03,27.5552,35.116,61.151203,26.035202,42.563663,7.4476614,44.03586,8.919855,46.503525,11.387523,71.85982,36.74382
2026-04-08 08:59:03,27.6192,30.4874,63.10173,32.61433,43.165348,12.677947,41.771008,11.283607,44.276985,13.789587,72.96486,42.477455
2026-04-08 09:00:03,24.2256,28.8612,63.33995,34.47875,46.054276,17.193077,43.666477,14.805278,44.621956,15.760756,75.509796,46.648598
2026-04-08 09:01:03,26.0624,28.8612,64.77773,35.916534,47.792953,18.931755,46.48396,17.622759,45.01368,16.152477,78.56305,49.701847
2026-04-08 09:02:03,26.7624,26.5696,65.05818,38.48858,48.135605,21.566008,48.35569,21.786093,43.76937,17.199772,78.45404,51.884438
2026-04-08 09:03:03,29.0169,24.0576,65.14624,41.08864,47.73272,23.675117,45.56849,21.510891,42.61226,18.55466,77.45151,53.39391
2026-04-08 09:04:03,32.3491,21.2316,62.736664,41.505062,48.75849,27.52689,49.279755,28.048153,42.935635,21.704035,76.46305,55.231453
2026-04-08 09:05:03,35.6003,20.6804,62.68047,42.00007,50.447998,29.767597,49.69693,29.016531,45.483437,24.803034,77.23196,56.551556
2026-04-08 09:06:03,37.251,18.062,60.693703,42.631702,47.98208,29.920078,46.335487,28.273487,43.83954,25.777536,74.36341,56.30141
2026-04-08 09:07:03,37.251,14.9385,57.677135,42.738636,45.270947,30.332445,46.13661,31.198109,42.190296,27.251795,70.19425,55.255753
2026-04-08 09:08:03,38.6274,11.8118,54.97766,43.165863,42.284714,30.472914,41.089622,29.27782,39.98922,28.177418,65.5746,53.7628
2026-04-08 09:09:03,39.244,7.1208,51.18715,44.06635,38.634216,31.513414,36.052567,28.931767,35.83555,28.714748,58.548824,51.428024
2026-04-08 09:10:03,39.116,4.9376,59.5197,54.5821,38.80191,33.86431,39.658695,34.721096,35.406292,30.468693,64.90443,59.966827
2026-04-08 09:11:03,38.988,4.9544,62.15277,57.19837,40.008865,35.054466,50.26595,45.31155,35.118034,30.163635,66.678894,61.72449
2026-04-08 09:12:03,39.088,8.684,76.54585,67.861855,44.018166,35.334164,56.093376,47.409374,39.10888,30.424877,73.076996,64.393
2026-04-08 09:13:03,41.5128,11.4168,88.192215,76.77541,48.283646,36.866844,58.045013,46.628216,43.287415,31.870613,78.2798,66.863
2026-04-08 09:14:03,42.7377,12.1954,93.44832,81.25292,50.0344,37.839,65.61354,53.418144,44.800106,32.604706,80.78104,68.58564
2026-04-08 09:15:03,45.0405,12.8106,102.04146,89.23086,52.48037,39.66977,66.661575,53.85098,46.93611,34.12551,83.54509,70.73449
2026-04-08 09:16:03,45.513,15.873,109.81395,93.94095,57.522186,41.649185,77.930336,62.05734,50.95083,35.077827,87.095726,71.222725
2026-04-08 09:17:03,45.7605,16.7492,112.9521,96.2029,60.214996,43.465797,83.44557,66.69637,52.65056,35.901356,88.73129,71.98209
2026-04-08 09:18:03,45.7605,17.7548,113.80529,96.05049,63.084,45.329197,91.49883,73.74403,54.463432,36.70863,90.133545,72.378746
2026-04-08 09:19:03,48.0857,18.0786,117.63036,99.551765,64.63358,46.554985,87.4558,69.377205,55.636185,37.557583,90.74296,72.66436
2026-04-08 09:20:03,48.2267,19.8648,117.24665,97.38185,67.56993,47.705128,87.07717,67.21237,58.30381,38.43901,92.38903,72.52423
2026-04-08 09:21:03,48.3724,19.6881,112.24686,92.558754,67.57274,47.884636,89.84677,70.15867,59.572815,39.884716,92.264206,72.5761
2026-04-08 09:22:03,45.8344,18.4121,114.079414,95.66731,67.33906,48.926956,90.6916,72.279495,61.135933,42.723835,91.18365,72.771545
2026-04-08 09:23:03,44.1692,18.3135,115.3515,97.038,68.346146,50.03265,94.343216,76.02972,62.890877,44.577377,91.28657,72.97307
2026-04-08 09:24:03,42.498,17.0019,111.60007,94.59817,68.35869,51.356785,91.65788,74.65598,64.47038,47.46848,90.024185,73.022285
2026-04-08 09:25:03,38.3861,15.54,109.05576,93.51576,68.26074,52.720745,92.55362,77.01362,66.26412,50.72412,88.69141,73.151405
2026-04-08 09:26:03,34.481,15.43,111.26127,95.83127,68.01835,52.58835,92.30148,76.87148,68.21796,52.78796,88.57598,73.14598
2026-04-08 09:27:03,32.604,15.9692,116.67059,100.70139,69.11063,53.14143,92.27791,76.30871,70.40059,54.431385,89.00478,73.03558
2026-04-08 09:28:03,33.6882,14.8032,117.6144,102.8112,68.03082,53.22762,97.14365,82.34045,70.21906,55.415863,87.79712,72.99392
2026-04-08 09:29:03,34.2108,15.516,125.21838,109.702385,69.1423,53.626305,95.589096,80.0731,69.83515,54.31915,87.28961,71.77361
2026-04-08 09:30:03,34.2108,15.496,123.50262,108.006615,68.94437,53.448364,101.330025,85.83402,68.95414,53.458138,86.867134,71.37113
2026-04-08 09:31:03,36.3484,13.0368,126.650604,113.6138,67.18031,54.14351,96.26198,83.225174,67.18804,54.15124,83.27174,70.23494
2026-04-08 09:32:03,37.3824,14.7264,120.756386,106.02998,68.827286,54.100887,96.70427,81.97787,68.10023,53.373825,84.42784,69.70144
2026-04-08 09:33:03,39.4196,13.993,114.910065,100.91706,68.478134,54.485134,97.04706,83.05406,67.74832,53.755318,82.81038,68.81738
2026-04-08 09:34:03,40.1448,13.993,109.52272,95.529724,68.96509,54.972084,93.141815,79.14881,67.82448,53.831482,82.37109,68.37809
2026-04-08 09:35:03,39.8328,16.398,113.89434,97.49634,72.14871,55.75071,101.330215,84.93221,71.590706,55.192707,84.94379,68.545784
2026-04-08 09:36:03,39.4871,17.3733,108.89985,91.52655,74.94151,57.56821,100.62848,83.25518,73.87123,56.49793,86.5997,69.2264
2026-04-08 09:37:03,39.152,20.4925,116.8062,96.3137,79.39683,58.904327,102.13058,81.63808,76.95526,56.46276,89.8095,69.317
2026-04-08 09:38:03,39.236,24.1725,119.91881,95.74631,83.91231,59.739807,107.887184,83.71468,79.36723,55.19473,93.819824,69.64732
2026-04-08 09:39:03,39.28,25.1627,122.269135,97.10644,86.98205,61.819347,106.90088,81.738174,80.24335,55.080643,94.36688,69.20418
2026-04-08 09:40:03,39.092,26.6472,122.47276,95.82556,89.607254,62.960056,108.18509,81.53789,80.75148,54.104282,96.10773,69.460526
2026-04-08 09:41:03,39.092,27.6168,123.6708,96.054,92.14981,64.53301,112.54771,84.93091,81.08447,53.46767,97.10094,69.48414
2026-04-08 09:42:03,38.912,28.8876,128.73576,99.84817,93.28317,64.39558,110.024155,81.13655,81.7724,52.8848,98.130905,69.24331
2026-04-08 09:43:03,38.604,29.1498,127.37903,98.22923,93.79971,64.64991,110.7717,81.621895,80.317696,51.167896,98.178635,69.02884
2026-04-08 09:44:03,38.324,25.362,125.008286,99.646286,89.27831,63.916313,106.00591,80.64391,74.94209,49.580097,94.89678,69.53478
2026-04-08 09:45:03,37.756,25.362,131.93774,106.575745,88.45381,63.091812,108.40634,83.04434,73.2899,47.927906,95.09567,69.73367
2026-04-08 09:46:03,39.858,23.2668,132.93977,109.67297,84.421234,61.154438,110.25408,86.98728,69.79234,46.525543,93.71747,70.45067
2026-04-08 09:47:03,41.0865,23.4828,131.4082,107.9254,83.096344,59.613544,104.26343,80.780624,67.64908,44.166283,94.08893,70.606125
2026-04-08 09:48:03,43.5915,24.8634,134.17111,109.30771,82.30246,57.439056,106.76886,81.90546,66.525185,41.661785,95.472626,70.60923
2026-04-08 09:49:03,46.0271,26.8345,129.10583,102.27133,82.650116,55.81562,106.81732,79.98282,67.45004,40.615543,97.35103,70.516525
2026-04-08 09:50:03,47.2608,27.4344,132.74107,105.30668,83.19442,55.76002,100.14486,72.71046,67.791824,40.35742,97.884575,70.45017
2026-04-08 09:51:03,48.5051,28.0489,127.83867,99.78977,83.5585,55.509605,107.4436,79.3947,69.84746,41.798557,98.406815,70.35792
2026-04-08 09:52:03,48.5051,28.6616,129.24408,100.58248,84.642235,55.980637,101.61499,72.95339,72.12067,43.45907,98.907394,70.2458
2026-04-08 09:53:03,50.355,28.5912,130.06366,101.47246,84.48709,55.89589,101.13162,72.54042,74.74012,46.148922,98.79926,70.20806
2026-04-08 09:54:03,50.355,28.0833,132.55777,104.474464,84.444016,56.360718,106.36171,78.27841,78.121124,50.037827,98.34515,70.261856
2026-04-08 09:55:03,48.3792,27.0518,135.84673,108.79493,83.58424,56.532448,106.55269,79.50089,80.11682,53.065025,97.4677,70.41589
2026-04-08 09:56:03,47.3243,27.0518,141.7917,114.7399,82.785706,55.733906,109.67563,82.62383,81.247955,54.19615,97.48807,70.43627
2026-04-08 09:57:03,45.2295,28.356,139.19003,110.83403,83.72254,55.36654,115.83475,87.478745,82.78557,54.429565,98.42271,70.0667
2026-04-08 09:58:03,43.0516,27.5552,153.21109,125.65589,80.76866,53.21346,116.25218,88.69698,80.52782,52.972614,96.49664,68.941444
2026-04-08 09:59:03,41.8824,27.6192,149.95995,122.34075,79.276054,51.656857,108.8375,81.2183,77.697716,50.078514,95.889534,68.27033
2026-04-08 10:00:03,40.7212,24.2256,147.9707,123.74511,75.82708,51.60148,109.88551,85.65991,72.136,47.9104,91.10845,66.88285
2026-04-08 10:01:03,39.68,26.0624,138.8508,112.78841,76.512024,50.449627,109.01707,82.954666,72.0678,46.0054,91.98738,65.92498
2026-04-08 10:02:03,39.76,26.7624,135.01529,108.252884,74.86756,48.10516,109.24012,82.47772,74.50511,47.742714,92.45438,65.69198
2026-04-08 10:03:03,39.76,29.0169,122.34212,93.32522,75.557274,46.540375,101.93793,72.92103,80.121994,51.1051,95.004364,65.987465
2026-04-08 10:04:03,40.176,32.3491,125.692184,93.34309,76.53827,44.189167,109.91992,77.57082,85.17452,52.825424,98.53449,66.185394
2026-04-08 10:05:03,40.3,35.6003,122.61781,87.01751,78.770226,43.169926,111.44948,75.849174,89.31807,53.71777,101.94084,66.340546
2026-04-08 10:06:03,40.508,37.251,125.2228,87.9718,80.0756,42.8246,116.8815,79.6305,91.337425,54.086426,103.92125,66.67025
2026-04-08 10:07:03,42.105,37.251,126.02616,88.77516,80.57472,43.32372,112.83235,75.58135,92.309425,55.058426,104.1164,66.8654
2026-04-08 10:08:03,43.6172,38.6274,128.83876,90.21136,80.86972,42.24232,111.74715,73.11975,94.13927,55.51187,105.09419,66.46679
2026-04-08 10:09:03,44.9788,39.244,126.10788,86.863884,79.57745,40.333458,107.21173,67.96773,93.40034,54.156338,105.14697,65.90298
2026-04-08 10:10:03,47.0016,39.116,121.89867,82.78267,78.242905,39.126904,93.23122,54.11521,91.70058,52.58457,104.65622,65.540215
2026-04-08 10:11:03,48.0396,38.988,109.86243,70.87443,77.187004,38.199005,84.55974,45.571735,91.00957,52.02157,104.255486,65.26749
2026-04-08 10:12:03,49.515,39.088,103.72092,64.63292,76.769104,37.6811,89.61569,50.527695,90.68169,51.59369,104.09308,65.00508
2026-04-08 10:13:03,50.15,41.5128,97.03731,55.524513,77.714554,36.20175,93.46951,51.956715,91.86513,50.35233,106.00247,64.48967
2026-04-08 10:14:03,50.15,42.7377,89.33872,46.60102,77.45334,34.715637,95.29436,52.556652,92.21589,49.478188,106.93121,64.19351
2026-04-08 10:15:03,50.79,45.0405,87.516174,42.47567,77.55211,32.511604,98.98622,53.945717,91.891525,46.85102,108.89203,63.85153
2026-04-08 10:16:03,53.0192,45.513,87.01058,41.49758,76.92305,31.410053,87.051094,41.538094,90.92237,45.40937,109.02771,63.514706
2026-04-08 10:17:03,54.7992,45.7605,89.82681,44.066315,75.43323,29.672726,87.56555,41.80505,89.49363,43.733128,109.01683,63.25633
2026-04-08 10:18:03,54.5292,45.7605,86.86717,41.106674,74.438416,28.677916,90.23471,44.474205,87.617325,41.856823,108.86626,63.105755
2026-04-08 10:19:03,54.5076,48.0857,95.48056,47.394855,74.83713,26.751427,87.95529,39.869595,87.36809,39.28239,110.89119,62.805485
2026-04-08 10:20:03,56.504,48.2267,99.41874,51.19204,73.616066,25.389366,82.985,34.7583,85.24599,37.01929,110.76112,62.534424
2026-04-08 10:21:03,55.495,48.3724,102.49405,54.12165,71.79562,23.423227,88.6461,40.273705,82.672226,34.29983,110.64777,62.275375
2026-04-08 10:22:03,54.538,45.8344,98.868256,53.03386,66.96852,21.134119,87.68025,41.845856,77.71022,31.87582,108.17403,62.339626
2026-04-08 10:23:03,54.0595,44.1692,98.2569,54.087692,63.63256,19.46336,92.420654,48.251453,74.22431,30.055113,106.78509,62.615887
2026-04-08 10:24:03,54.5376,42.498,86.944,44.445995,61.18262,18.68462,93.31702,50.81901,72.38546,29.88746,105.42603,62.928032
2026-04-08 10:25:03,54.5376,38.3861,87.457726,49.071625,58.57659,20.190493,90.62077,52.234673,69.95417,31.568068,101.949326,63.56323
2026-04-08 10:27:03,56.115,34.481,78.57959,44.098587,56.05856,21.57756,82.7787,48.2977,68.60513,34.12413,98.84932,64.36832
2026-04-08 10:28:03,58.5478,32.604,82.3792,49.775204,56.324898,23.720898,86.17116,53.56716,68.61252,36.008522,97.64386,65.039856
2026-04-08 10:29:03,58.5966,33.6882,88.81851,55.130306,58.379223,24.691021,85.189514,51.501312,70.22548,36.53728,99.084694,65.39649
2026-04-08 10:30:03,61.5424,34.2108,92.700966,58.490166,58.521835,24.311033,86.71103,52.500225,70.90774,36.696938,99.818436,65.607635
2026-04-08 10:31:03,62.2976,34.2108,89.74044,55.52964,56.980568,22.76977,84.15733,49.946537,69.01611,34.805313,99.96323,65.752426
2026-04-08 10:32:03,62.272,36.3484,86.506485,50.15808,57.40526,21.05686,77.44049,41.09209,68.12581,31.777412,101.84123,65.49283
2026-04-08 10:33:03,59.772,37.3824,85.354385,47.97199,55.697403,18.315004,83.8999,46.5175,66.16575,28.78335,102.55231,65.16991
2026-04-08 10:34:03,60.168,39.4196,83.59816,44.178562,53.264412,13.84481,88.19094,48.77134,65.08543,25.665825,104.02428,64.604675
2026-04-08 10:35:03,59.354,40.1448,84.20317,44.058372,50.833717,10.688917,92.40408,52.259285,62.736465,22.591667,104.12046,63.975662
2026-04-08 10:36:03,58.5336,39.8328,81.45524,41.622437,49.330853,9.49805,92.37032,52.53752,58.948143,19.115343,103.34238,63.509575
2026-04-08 10:37:03,58.5336,39.4871,76.703,37.2159,49.61241,10.125314,92.99272,53.505623,56.475388,16.988287,102.62526,63.13816
2026-04-08 10:38:03,56.8748,39.152,71.12752,31.975515,50.35366,11.201659,85.387245,46.235245,54.326546,15.174547,101.94587,62.79387
2026-04-08 10:39:03,56.3238,39.236,72.34579,33.109787,52.35257,13.116569,91.69268,52.45668,53.031315,13.795314,101.79313,62.55713
2026-04-08 10:40:03,58.494,39.28,72.58482,33.30482,53.740112,14.460113,91.79323,52.513233,52.464626,13.1846285,101.66859,62.388588
2026-04-08 10:41:03,59.082,39.092,72.9496,33.8576,54.816772,15.7247715,84.09532,45.003326,53.06171,13.96971,101.41876,62.32676
2026-04-08 10:42:03,59.67,39.092,68.0563,28.964298,56.01467,16.92267,83.57085,44.478844,53.32186,14.229863,101.35988,62.26788
2026-04-08 10:43:03,58.8874,38.912,73.05851,34.14651,56.91278,18.000782,86.97261,48.060616,55.983498,17.071499,101.17883,62.266838
2026-04-08 10:44:03,58.8874,38.604,72.93123,34.327225,57.36611,18.762112,89.07531,50.47131,58.291924,19.687925,100.93654,62.33254
2026-04-08 10:45:03,58.156,38.324,77.28706,38.963066,56.970894,18.646894,90.819046,52.495045,59.68357,21.359568,100.7641,62.4401
2026-04-08 10:46:03,57.3264,37.756,74.06929,36.313286,57.090588,19.334587,94.98692,57.230927,60.072502,22.3165,100.336105,62.58011
2026-04-08 10:47:03,56.2701,39.858,71.21753,31.359526,59.71464,19.85664,99.47452,59.616516,64.106705,24.248707,102.27028,62.412273
2026-04-08 10:48:03,56.2701,41.0865,75.27835,34.19185,61.699177,20.612679,101.7657,60.6792,67.431244,26.344746,103.25842,62.171925
2026-04-08 10:49:03,54.1926,43.5915,78.01994,34.42844,64.33383,20.742336,110.66962,67.07812,71.664764,28.073261,105.33293,61.741432
2026-04-08 10:50:03,53.165,46.0271,81.10187,35.074764,65.75783,19.730726,110.43952,64.41242,74.7242,28.697096,107.24126,61.214157
2026-04-08 10:51:03,55.302,47.2608,86.353195,39.092392,66.69902,19.438221,112.398285,65.13749,77.20521,29.944408,108.01029,60.749493
2026-04-08 10:52:03,56.3761,48.5051,88.46486,39.95976,68.65031,20.145205,114.31528,65.81018,79.82476,31.319662,108.82999,60.324886
2026-04-08 10:53:03,58.5255,48.5051,92.07358,43.568474,69.508125,21.003023,120.32776,71.82266,82.14744,33.642338,108.55473,60.04963
2026-04-08 10:54:03,59.6008,50.355,96.41124,46.05624,72.2433,21.888304,117.82564,67.470634,85.121445,34.76645,109.96956,59.61456
2026-04-08 10:55:03,60.6765,50.355,95.70658,45.35158,74.30527,23.950266,110.88864,60.533646,84.49138,34.13638,109.67363,59.31863
2026-04-08 10:56:03,64.9589,48.3792,99.91782,51.538624,74.06454,25.685335,113.90114,65.52194,83.593346,35.214146,107.53333,59.154133
2026-04-08 10:57:03,66.0486,47.3243,106.52621,59.20191,76.765465,29.441168,119.990845,72.66655,85.37691,38.052612,106.38995,59.065655
2026-04-08 10:58:03,68.1984,45.2295,111.1941,65.9646,80.53699,35.30749,113.242836,68.013336,84.68155,39.452053,104.27939,59.04989
2026-04-08 10:59:03,68.1984,43.0516,103.33837,60.28677,85.81016,42.758556,124.45181,81.40021,84.8909,41.8393,102.26604,59.21443
2026-04-08 11:00:03,70.3296,41.8824,110.28208,68.39968,88.079636,46.19724,120.66015,78.77775,85.67674,43.794346,101.234726,59.35233
2026-04-08 11:01:03,70.3428,40.7212,111.62553,70.90433,89.0054,48.2842,114.22717,73.505974,88.6996,47.978405,100.23442,59.513218
2026-04-08 11:02:03,70.3428,39.68,113.009,73.329,89.12282,49.442818,120.02054,80.34054,88.79228,49.112286,99.27419,59.594193
2026-04-08 11:03:03,70.3428,39.76,118.57771,78.81772,88.59134,48.831345,123.87575,84.115746,86.41492,46.654922,99.26341,59.503414
2026-04-08 11:04:03,70.3428,39.76,117.653915,77.89392,87.191986,47.431984,131.68936,91.92936,84.07853,44.31853,99.24614,59.486145
2026-04-08 11:05:03,70.3494,40.176,121.4073,81.2313,89.00254,48.82654,133.36292,93.18692,84.56803,44.392033,99.44841,59.27241
2026-04-08 11:06:03,70.356,40.3,126.02295,85.722946,89.61537,49.315376,141.4803,101.1803,86.536644,46.236645,99.41332,59.113323
2026-04-08 11:07:03,71.422,40.508,135.5259,95.0179,96.00783,55.499832,141.44325,100.93525,91.844604,51.3366,99.40329,58.895294
2026-04-08 11:08:03,72.488,42.105,147.05934,104.954346,102.55101,60.446014,141.77603,99.671036,95.76549,53.660484,100.81687,58.711872
2026-04-08 11:09:03,73.554,43.6172,150.39548,106.778275,111.48944,67.87224,149.13144,105.51424,103.14201,59.524815,102.28732,58.67012
2026-04-08 11:10:03,73.554,44.9788,155.78983,110.81103,125.06055,80.08175,154.67493,109.69612,114.60933,69.63052,103.59439,58.61559
2026-04-08 11:11:03,74.62,47.0016,159.56577,112.56416,137.8812,90.87959,156.79616,109.794556,124.33684,77.335236,105.44914,58.447548
2026-04-08 11:12:03,74.634,48.0396,161.03712,112.99752,147.64021,99.60061,162.78477,114.74517,130.41927,82.37966,106.29028,58.25068
2026-04-08 11:13:03,74.641,49.515,160.32838,110.813385,152.49748,102.98248,167.05849,117.54349,129.35156,79.83656,107.37872,57.86372
2026-04-08 11:14:03,74.655,50.15,163.60138,113.45138,155.94168,105.79167,170.38744,120.237434,131.7348,81.58479,107.67726,57.527264
2026-04-08 11:15:03,74.662,50.15,163.38596,113.23595,159.0751,108.9251,175.03802,124.88802,133.51816,83.36816,107.44815,57.298153
2026-04-08 11:16:03,74.669,50.79,165.73047,114.940475,159.93097,109.14097,175.17957,124.38957,136.35216,85.56216,107.89934,57.10934
2026-04-08 11:17:03,74.683,53.0192,165.21411,112.19491,163.4491,110.4299,176.95143,123.93223,139.4765,86.457306,109.72983,56.710625
2026-04-08 11:18:03,85.344,54.7992,166.0152,111.216,165.79224,110.99304,176.73366,121.93446,143.76003,88.96083,111.20244,56.403244
2026-04-08 11:19:03,146.0146,54.5292,166.45863,111.92943,169.15387,114.62467,171.31345,116.78424,149.91632,95.387115,110.63147,56.102264
2026-04-08 11:20:03,173.135,54.5076,165.08633,110.57873,173.01797,118.51037,168.54187,114.03426,159.0249,104.5173,110.30248,55.794884
2026-04-08 11:21:03,173.135,56.504,164.06725,107.56324,176.41725,119.913246,164.48604,107.98204,165.12941,108.62541,111.854454,55.350452
2026-04-08 11:23:03,207.7386,55.495,162.41173,106.91673,178.19125,122.69625,164.57631,109.08131,168.59218,113.097176,110.49338,54.99838
2026-04-08 11:24:03,221.5922,54.538,157.44505,102.90706,178.10185,123.56385,159.60338,105.065384,167.98071,113.44272,109.36598,54.82798
2026-04-08 11:25:03,198.441,54.0595,157.5549,103.49541,175.59532,121.53582,163.12457,109.06507,166.1205,112.061,108.71527,54.655766
2026-04-08 11:26:03,179.8872,54.5376,156.1973,101.6597,171.53278,116.99517,164.29364,109.756035,161.86162,107.32401,109.20777,54.67017
2026-04-08 11:27:03,174.6888,54.5376,156.2243,101.6867,165.161,110.6234,161.76956,107.231964,155.83807,101.300476,109.18335,54.645752
2026-04-08 11:28:03,177.416,56.115,155.50166,99.38666,160.96628,104.85127,160.62854,104.51354,151.58058,95.465576,110.54268,54.427677
2026-04-08 11:29:03,175.6392,58.5478,157.94112,99.39332,158.86923,100.32144,162.1727,103.62489,149.1171,90.569305,112.752,54.2042
2026-04-08 11:30:03,176.4048,58.5966,158.7707,100.1741,155.12611,96.52952,156.533,97.93641,147.0823,88.48571,112.616516,54.019917
2026-04-08 11:31:03,177.6192,61.5424,160.43524,98.89284,158.03468,96.49228,160.47113,98.928734,150.54736,89.00497,115.3617,53.8193
2026-04-08 11:32:03,178.1736,62.2976,160.48318,98.18558,160.67905,98.381454,160.08759,97.789986,152.34741,90.04981,115.78996,53.492367
2026-04-08 11:33:03,178.1736,62.272,161.13864,98.866646,165.31625,103.04426,159.15433,96.882324,154.84561,92.573616,115.40982,53.137817
2026-04-08 11:34:03,175.3984,59.772,157.49867,97.72668,167.25018,107.47818,156.36546,96.59347,155.8936,96.1216,112.35658,52.584587
2026-04-08 11:35:03,176.32,60.168,159.82541,99.6574,170.44444,110.27644,160.46368,100.29569,159.10974,98.94175,112.26187,52.093876
2026-04-08 11:36:03,174.951,59.354,160.95528,101.60127,171.26233,111.90833,159.3809,100.02691,160.16911,100.81511,110.88953,51.535526
2026-04-08 11:37:03,165.377,58.5336,159.03423,100.500626,171.79405,113.26045,155.51292,96.979324,160.93639,102.40279,109.60492,51.071323
2026-04-08 11:38:03,163.7224,58.5336,161.2732,102.73959,172.67879,114.14519,152.54108,94.007484,162.1286,103.595,109.23078,50.69718
2026-04-08 11:39:03,161.8344,56.8748,161.01547,104.14067,173.31902,116.444214,154.26303,97.38824,162.9951,106.1203,107.52043,50.645626
2026-04-08 11:40:03,160.8103,56.3238,158.40013,102.07633,173.37674,117.05295,151.3059,94.98209,164.09897,107.77517,106.95401,50.630207
2026-04-08 11:41:03,161.1719,58.494,161.32228,102.82828,176.42894,117.93494,152.09666,93.60267,168.53958,110.045586,108.93324,50.439243
2026-04-08 11:42:03,166.6899,59.082,159.57088,100.48888,178.06787,118.98586,153.16476,94.08276,171.00284,111.92083,109.13127,50.04927
2026-04-08 11:43:03,166.7601,59.67,155.76968,96.099686,179.57597,119.905975,151.76825,92.09824,172.6463,112.97631,109.39307,49.72307
2026-04-08 11:44:03,166.7601,58.8874,154.63638,95.748985,178.94298,120.05558,150.79018,91.90277,172.78578,113.898384,108.04941,49.16201
2026-04-08 11:45:03,165.3696,58.8874,151.66858,92.78118,177.5796,118.6922,150.83997,91.95257,171.28006,112.39266,107.62712,48.73972
2026-04-08 11:46:03,162.5868,58.156,149.80063,91.64463,173.30545,115.14945,150.81442,92.65842,168.38333,110.227325,106.199844,48.043846
2026-04-08 11:47:03,159.824,57.3264,146.67093,89.34452,170.19685,112.87045,150.0856,92.75921,165.93185,108.60545,104.38149,47.05509
2026-04-08 11:48:03,157.08,56.2701,145.8081,89.53801,165.40407,109.13397,146.94115,90.67105,162.40439,106.13429,102.47472,46.204617
2026-04-08 11:49:03,154.2672,56.2701,144.45462,88.18452,162.79767,106.52757,144.94243,88.672325,160.62814,104.35805,101.78134,45.511246
2026-04-08 11:50:03,154.2456,54.1926,139.89908,85.70648,159.40338,105.21078,143.8624,89.66979,158.0773,103.8847,98.8055,44.612892
2026-04-08 11:51:03,154.2024,53.165,140.0438,86.878784,159.33688,106.17189,140.52106,87.356064,158.7305,105.56549,96.96354,43.79854
2026-04-08 11:52:03,154.116,55.302,141.45058,86.148575,162.8119,107.50991,142.42358,87.12158,162.22739,106.92539,98.10308,42.801083
2026-04-08 11:53:03,152.6034,56.3761,141.22296,84.846855,165.4294,109.0533,140.53462,84.15852,165.35217,108.97608,98.17813,41.802036
2026-04-08 11:54:03,156.75,58.5255,141.90823,83.38273,167.33173,108.80622,143.39629,84.87079,168.01721,109.491714,99.14905,40.62355
2026-04-08 11:55:03,156.717,59.6008,139.71005,80.109245,168.02469,108.42389,144.19968,84.59887,170.6877,111.0869,99.00278,39.40198
2026-04-08 11:56:03,156.673,60.6765,139.12091,78.44442,167.88783,107.211334,144.57271,83.89621,174.05754,113.38104,98.99201,38.315514
2026-04-08 11:57:03,153.8028,64.9589,141.23392,76.275024,167.89989,102.94099,146.93486,81.97596,177.02621,112.06732,102.058525,37.099625
2026-04-08 11:58:03,155.1942,66.0486,138.41992,72.37133,164.08855,98.03995,147.22668,81.17809,174.84421,108.795616,101.907364,35.85877
2026-04-08 11:59:03,152.368,68.1984,137.90982,69.71142,161.74115,93.54274,145.28214,77.08373,173.7189,105.5205,102.80725,34.608852
2026-04-08 12:00:03,150.944,68.1984,137.00165,68.803246,159.50586,91.307465,140.82724,72.628845,171.35957,103.16117,101.86861,33.670208
2026-04-08 12:01:03,148.2,70.3296,135.50952,65.179924,157.43787,87.10828,143.17514,72.84554,168.47876,98.14917,103.11392,32.78433
2026-04-08 12:02:03,151.156,70.3428,135.42404,65.081245,155.47299,85.13019,144.13354,73.79074,165.67334,95.33054,102.2859,31.943102
2026-04-08 12:03:03,151.3044,70.3428,135.05746,64.71467,154.9035,84.56071,142.86069,72.5179,163.87234,93.52954,101.47615,31.133356
2026-04-08 12:04:03,154.2672,70.3428,132.89345,62.550655,153.58798,83.24518,141.33124,70.98845,161.86807,91.52527,100.694725,30.35193
2026-04-08 12:05:03,151.5376,70.3428,130.8912,60.548416,151.97363,81.63084,140.95894,70.61614,160.19833,89.85554,100.02353,29.680733
2026-04-08 12:06:03,151.5376,70.3494,130.00836,59.65896,149.76556,79.41615,141.4346,71.085205,158.21118,87.86177,99.48055,29.13115
2026-04-08 12:07:03,151.6012,70.356,129.35962,59.003616,147.70728,77.35127,141.40198,71.045975,156.01917,85.66317,99.03115,28.675146
2026-04-08 12:08:03,148.7824,71.422,130.65248,59.230488,146.13489,74.71289,140.77429,69.3523,153.77768,82.35568,99.71533,28.293337
2026-04-08 12:09:03,145.9416,72.488,131.2584,58.770412,144.25583,71.76782,141.98645,69.49844,151.80658,79.31857,100.32269,27.834698
2026-04-08 12:10:03,144.5209,73.554,134.22899,60.674988,143.48566,69.931656,141.08914,67.53513,150.41202,76.858025,101.12124,27.56724
2026-04-08 12:11:03,140.2674,73.554,133.07097,59.51697,142.35858,68.80459,141.2875,67.7335,149.01883,75.46483,100.93231,27.378311
2026-04-08 12:12:03,140.2674,74.62,135.02377,60.403778,142.66058,68.04059,141.198,66.578,149.88135,75.26135,101.82702,27.207014
2026-04-08 12:13:03,140.2772,74.634,134.43098,59.796986,142.7207,68.08669,141.43582,66.80182,149.91023,75.27623,101.69812,27.064121
2026-04-08 12:14:03,137.3376,74.641,135.80844,61.167442,142.7244,68.08339,141.31186,66.67085,149.9371,75.29611,101.598434,26.95744
2026-04-08 12:15:03,138.6227,74.655,134.37837,59.723373,141.90266,67.247665,142.19551,67.54051,148.90738,74.25237,101.450836,26.795841
2026-04-08 12:16:03,142.76,74.662,134.21179,59.54979,141.37218,66.710175,140.85258,66.19058,147.59778,72.93578,101.34109,26.679085
2026-04-08 12:17:03,142.76,74.669,133.21423,58.545235,140.39062,65.72163,140.94237,66.27337,146.01224,71.34325,101.17046,26.501467
2026-04-08 12:18:03,141.3324,74.683,133.67271,58.98971,138.8729,64.189896,141.83218,67.14918,144.8201,70.13709,100.816826,26.13383
2026-04-08 12:19:03,138.3996,85.344,141.44437,56.10037,142.12877,56.784767,149.11919,63.775185,148.09271,62.748707,109.860916,24.516912
2026-04-08 12:20:03,136.9728,146.0146,183.35144,37.336838,160.7024,14.687782,197.48573,51.471127,160.78084,14.766241,160.69626,14.681649
2026-04-08 12:21:03,138.4287,173.135,190.6373,17.502298,157.77235,-15.36264,213.66147,40.526466,156.09592,-17.039082,173.06792,-0.06707649
2026-04-08 12:22:03,134.2414,173.135,179.44817,6.31317,144.64262,-28.49237,203.0399,29.904913,145.602,-27.532993,162.37813,-10.756862
2026-04-08 12:23:03,134.232,207.7386,198.87558,-8.863017,158.8043,-48.934296,223.13521,15.396603,168.73985,-38.998745,184.17397,-23.564642
2026-04-08 12:24:03,134.2508,221.5922,195.86382,-25.72838,168.17433,-53.417862,230.546,8.953815,176.60806,-44.98413,187.7325,-33.8597
2026-04-08 12:25:03,134.3072,198.441,169.50659,-28.934399,154.85379,-43.58721,205.04697,6.6059756,158.78537,-39.655617,163.46158,-34.979416
2026-04-08 12:26:03,131.5048,179.8872,153.5682,-26.319002,143.69313,-36.19408,177.33727,-2.5499468,144.95496,-34.932247,147.59213,-32.29507
2026-04-08 12:27:03,134.3448,174.6888,150.17155,-24.517237,143.86491,-30.823885,172.96179,-1.7270067,143.57545,-31.11334,145.01848,-29.67032
2026-04-08 12:28:03,132.9528,177.416,157.40547,-20.010529,149.69817,-27.71783,176.9682,-0.4477981,148.00592,-29.410076,149.35727,-28.058735
2026-04-08 12:29:03,132.9528,175.6392,156.26532,-19.37388,149.60571,-26.033485,175.18451,-0.45469886,147.06075,-28.578463,149.73505,-25.904154
2026-04-08 12:30:03,130.1391,176.4048,158.40501,-17.99979,150.80426,-25.600538,176.37125,-0.033551574,147.99176,-28.413048,151.9706,-24.434202
2026-04-08 12:31:03,130.0845,177.6192,161.12782,-16.491385,151.79619,-25.823008,177.42545,-0.19375415,149.1708,-28.448393,154.839,-22.7802
2026-04-08 12:32:03,130.0481,178.1736,161.1443,-17.0293,153.46811,-24.70549,178.49094,0.3173371,150.53934,-27.63426,156.07562,-22.097984
2026-04-08 12:33:03,124.4013,178.1736,157.2427,-20.930885,153.62212,-24.55148,179.52345,1.349851,150.67378,-27.499823,156.59166,-21.581934
2026-04-08 12:34:03,125.8048,175.3984,154.68378,-20.714622,151.67105,-23.72735,173.13072,-2.267684,148.3434,-27.055008,155.44078,-19.957623
2026-04-08 12:35:03,125.8048,176.32,157.56061,-18.759401,151.70258,-24.617428,177.02577,0.70576066,149.04861,-27.271387,157.13487,-19.18513
2026-04-08 12:36:03,125.8312,174.951,156.6872,-18.263815,151.3047,-23.646305,176.10974,1.1587375,148.44647,-26.504528,156.88542,-18.065582
2026-04-08 12:37:03,125.9632,165.377,147.91917,-17.45783,144.015,-21.362005,166.72334,1.3463482,140.65794,-24.719051,150.45738,-14.919615
2026-04-08 12:38:03,126.0864,163.7224,146.03087,-17.691534,141.57385,-22.148552,160.96866,-2.75374,138.91034,-24.81205,151.18,-12.542412
2026-04-08 12:39:03,126.2976,161.8344,144.60793,-17.226475,140.27911,-21.555288,159.83606,-1.9983352,137.73187,-24.102522,151.2507,-10.583695
2026-04-08 12:40:03,126.2976,160.8103,143.34488,-17.465416,139.80432,-21.00598,160.54895,-0.26135334,137.30643,-23.503883,151.55878,-9.25153
2026-04-08 12:41:03,123.8056,161.1719,144.17354,-16.99837,139.55508,-21.616817,157.15874,-4.0131745,137.37727,-23.794626,152.53542,-8.63649
2026-04-08 12:42:03,123.9432,166.6899,148.1518,-18.538095,144.0079,-22.681997,162.39812,-4.2917724,140.90054,-25.78935,157.7354,-8.954494
2026-04-08 12:43:03,122.536,166.7601,146.1914,-20.568703,144.87018,-21.889917,160.85652,-5.903581,141.25256,-25.50754,157.76938,-8.990727
2026-04-08 12:44:03,103.9752,166.7601,144.65953,-22.100567,144.93524,-21.82486,163.05771,-3.7023854,141.0553,-25.704798,157.74443,-9.015673
2026-04-08 12:45:03,103.9104,165.3696,141.40659,-23.963017,145.28162,-20.087975,162.05481,-3.3147938,140.89102,-24.47858,156.57413,-8.795474
2026-04-08 12:46:03,103.8096,162.5868,135.18045,-27.40636,144.64464,-17.942167,156.75111,-5.8357005,139.84732,-22.73949,154.25832,-8.328493
2026-04-08 12:47:03,103.6944,159.824,132.80966,-27.014336,144.11804,-15.705961,153.41183,-6.4121704,138.86613,-20.957876,152.50526,-7.318741
2026-04-08 12:48:03,112.164,157.08,129.68088,-27.399132,143.60287,-13.47713,151.79044,-5.2895584,138.46277,-18.617235,150.94489,-6.135124
2026-04-08 12:49:03,134.7584,154.2672,130.46858,-23.798615,143.46121,-10.805988,146.6747,-7.592503,139.46884,-14.798349,149.41084,-4.856356
2026-04-08 12:50:03,134.6268,154.2456,132.17413,-22.071478,144.20393,-10.041677,146.85623,-7.389368,141.19633,-13.049277,150.09824,-4.147376
2026-04-08 12:51:03,134.6268,154.2024,132.1292,-22.073193,143.1491,-11.053301,147.56702,-6.6353755,140.6991,-13.5033,150.18468,-4.0177083
2026-04-08 12:52:03,140.2478,154.116,132.56438,-21.55162,141.45377,-12.662235,147.58694,-6.5290475,139.82721,-14.288789,150.55237,-3.5636358
2026-04-08 12:53:03,134.6926,152.6034,130.3354,-22.267994,140.17902,-12.424382,145.3718,-7.231604,139.75848,-12.844912,149.637,-2.9663966
2026-04-08 12:54:03,133.4085,156.75,131.49687,-25.253124,143.79614,-12.953863,150.49275,-6.257249,143.32988,-13.420115,153.69823,-3.0517685
2026-04-08 12:55:03,129.258,156.717,130.17885,-26.538145,143.70312,-13.013876,150.27411,-6.442891,143.19585,-13.521151,153.63818,-3.0788147
2026-04-08 12:56:03,132.2592,156.673,127.71157,-28.961433,144.18674,-12.486269,148.15305,-8.519952,144.42368,-12.249326,153.62752,-3.0454867
2026-04-08 12:57:03,135.1156,153.8028,124.33482,-29.467968,143.1297,-10.673096,140.95721,-12.84558,144.16902,-9.633776,151.14378,-2.659007
2026-04-08 12:58:03,140.6888,155.1942,128.4755,-26.718712,145.72862,-9.465574,141.94733,-13.246875,146.6044,-8.589798,152.5843,-2.6098902
2026-04-08 12:59:03,140.4536,152.368,128.1304,-24.2376,145.6738,-6.694206,138.609,-13.758998,146.01364,-6.354355,150.16869,-2.1993103
2026-04-08 13:00:03,148.6784,150.944,128.6081,-22.335915,145.47621,-5.4677877,135.02542,-15.918571,145.57413,-5.3698683,149.02267,-1.9213241
2026-04-08 13:01:03,141.1146,148.2,128.08748,-20.112514,144.37106,-3.8289301,136.65318,-11.546816,144.22943,-3.9705641,146.90462,-1.2953862
2026-04-08 13:02:03,141.1146,151.156,134.66122,-16.49479,147.2931,-3.8628988,141.08496,-10.071049,146.44893,-4.707074,149.92664,-1.2293673
2026-04-08 13:03:03,136.5696,151.3044,132.03748,-19.266926,147.16222,-4.1421866,141.73077,-9.573618,146.30832,-4.9960856,150.17558,-1.1288102
2026-04-08 13:04:03,128.052,154.2672,130.7377,-23.529493,149.60565,-4.661543,144.27411,-9.993091,148.34555,-5.921643,152.93289,-1.3343123
2026-04-08 13:05:03,128.07,151.5376,128.58269,-22.954908,147.37717,-4.1604333,143.51399,-8.023605,146.87723,-4.6603756,150.65892,-0.8786698
2026-04-08 13:06:03,121.091,151.5376,127.10408,-24.433516,147.99518,-3.542417,139.93033,-11.607273,148.17447,-3.3631277,150.89523,-0.6423604
2026-04-08 13:07:03,125.4352,151.6012,127.11536,-24.485844,149.26723,-2.333964,135.1628,-16.438406,149.48483,-2.11636,151.18398,-0.41721433
2026-04-08 13:08:03,125.5056,148.7824,125.485825,-23.296566,148.0667,-0.715705,132.21075,-16.571634,147.84465,-0.937738,148.99008,0.2076865
2026-04-08 13:09:03,134.044,145.9416,124.881516,-21.060093,145.74109,-0.20051491,129.17366,-16.767944,145.42606,-0.5155475,146.75922,0.81760556
2026-04-08 13:10:03,134.1192,144.5209,124.9706,-19.550304,145.90512,1.3842221,125.15788,-19.36302,145.50795,0.98705286,145.79958,1.2786725
2026-04-08 13:11:03,142.72,140.2674,121.35181,-18.91559,143.497,3.2295935,124.120094,-16.147299,142.29855,2.031158,142.11012,1.8427283
2026-04-08 13:12:03,139.9636,140.2674,121.541985,-18.725409,143.10703,2.8396363,125.9283,-14.3391,141.76456,1.4971607,142.37149,2.1040988
2026-04-08 13:13:03,137.184,140.2772,125.596596,-14.680609,143.85284,3.5756433,126.75644,-13.520763,142.17192,1.8947197,142.56375,2.2865462
2026-04-08 13:14:03,131.6336,137.3376,123.79373,-13.543872,144.14093,6.8033323,126.62011,-10.717492,140.80615,3.4685583,139.93088,2.5932796
2026-04-08 13:15:03,133.1388,138.6227,124.780266,-13.842429,144.8675,6.244794,128.6196,-10.003093,141.4111,2.788404,141.16782,2.5451255
2026-04-08 13:16:03,133.1574,142.76,127.925064,-14.834928,148.73717,5.977174,134.00613,-8.753857,144.63538,1.8753753,145.048,2.2880127
2026-04-08 13:17:03,138.8361,142.76,126.83155,-15.928441,149.4332,6.673203,135.34389,-7.4161096,144.70372,1.9437302,144.90462,2.1446276
2026-04-08 13:18:03,143.14,141.3324,123.7964,-17.535992,148.76216,7.429763,132.37617,-8.956219,143.7967,2.4643064,143.5521,2.219701
2026-04-08 13:19:03,151.6436,138.3996,119.34265,-19.056944,148.21751,9.817914,130.38779,-8.011807,143.00677,4.6071725,140.84682,2.447222
2026-04-08 13:20:03,146.0436,136.9728,117.06922,-19.90357,148.81538,11.842592,128.57704,-8.395748,143.14227,6.1694846,139.6636,2.690817
2026-04-08 13:21:03,146.166,138.4287,122.05098,-16.377712,151.11649,12.687789,128.07567,-10.353033,145.507,7.078309,141.28986,2.8611567
2026-04-08 13:22:03,137.6832,134.2414,121.71631,-12.525088,150.50041,16.259018,124.45302,-9.788373,145.4248,11.183406,137.71304,3.4716444
2026-04-08 13:23:03,146.166,134.232,126.66767,-7.564323,153.48674,19.254751,126.033195,-8.198796,147.56573,13.333743,137.99054,3.7585454
2026-04-08 13:24:03,146.166,134.2508,130.2023,-4.048491,155.12494,20.874144,127.06459,-7.1862035,149.3728,15.122015,138.1662,3.9154074
2026-04-08 13:26:03,152.9672,134.3072,130.51431,-3.7928848,158.06882,23.761606,125.75959,-8.547614,152.4186,18.11139,138.36171,4.0545073
2026-04-08 13:27:03,155.6084,131.5048,127.2579,-4.2469106,157.61774,26.112926,125.797,-5.707809,151.9768,20.472002,135.89482,4.3900123
2026-04-08 13:28:03,155.4776,134.3448,128.66693,-5.6778717,158.90195,24.557148,130.58089,-3.763919,153.46999,19.125183,138.65053,4.305726
2026-04-08 13:29:03,146.9604,132.9528,128.16313,-4.78968,158.90372,25.95092,129.47583,-3.4769762,153.24333,20.290531,137.31361,4.3608055
2026-04-08 13:30:03,139.9636,132.9528,126.55754,-6.395265,159.08044,26.127634,129.23148,-3.7213256,153.8566,20.903788,137.34,4.3871975
2026-04-08 13:31:03,134.2884,130.1391,120.15296,-9.986138,153.98979,23.85069,126.858284,-3.280814,150.07965,19.940548,134.70155,4.562447
2026-04-08 13:32:03,135.6695,130.0845,121.277306,-8.807199,153.3074,23.222902,129.44594,-0.6385595,149.68929,19.604776,134.78719,4.702688
2026-04-08 13:33:03,128.502,130.0481,122.58707,-7.46103,152.76875,22.720655,129.60934,-0.4387456,149.33257,19.28447,134.8362,4.7881
2026-04-08 13:34:03,128.43,124.4013,116.48533,-7.91597,147.86398,23.462683,123.856,-0.545293,145.19217,20.790869,129.574,5.17271
2026-04-08 13:35:03,143.9048,125.8048,121.62501,-4.179794,148.85779,23.052984,124.82594,-0.978858,146.20792,20.403116,131.0926,5.287798
2026-04-08 13:36:03,143.9048,125.8048,123.90289,-1.9019079,149.39005,23.58524,124.30769,-1.497112,146.91983,21.11502,131.2334,5.4285984
2026-04-08 13:37:03,142.3,125.8312,124.360146,-1.4710555,149.50418,23.672976,127.14087,1.3096731,146.86087,21.029676,131.32158,5.4903803
2026-04-08 13:38:03,140.8671,125.9632,129.5895,3.6262932,150.71385,24.750654,125.744774,-0.2184259,148.26016,22.296967,131.47153,5.508317
2026-04-08 13:39:03,143.8038,126.0864,129.29378,3.2073808,150.84796,24.761559,125.625656,-0.46074808,148.62715,22.54075,131.50917,5.422771
2026-04-08 13:40:03,136.848,126.2976,126.94832,0.6507186,151.18835,24.890759,128.5162,2.2186105,149.5176,23.219997,131.75179,5.45418
2026-04-08 13:41:03,131.3208,126.2976,126.625626,0.3280282,150.54648,24.248878,131.32295,5.0253563,149.44908,23.151482,131.77432,5.4767203
2026-04-08 13:42:03,120.12,123.8056,127.17296,3.3673582,149.35596,25.550352,129.07721,5.271599,149.65364,25.848036,129.50458,5.6989794
2026-04-08 13:43:03,125.928,123.9432,129.36778,5.4245777,150.11899,26.175783,130.54251,6.5993075,151.59178,27.648584,129.77583,5.8326273
2026-04-08 13:44:03,123.066,122.536,129.02975,6.4937487,148.55283,26.016827,131.5845,9.048498,150.10992,27.573917,128.58598,6.0499744
2026-04-08 13:45:03,125.8576,103.9752,116.90435,12.929153,135.6995,31.724293,115.59796,11.622767,138.02457,34.049362,111.334915,7.359718
2026-04-08 13:46:03,131.4864,103.9104,120.08927,16.178871,136.35318,32.442776,115.88087,11.970468,139.12251,35.21211,111.99234,8.0819435
2026-04-08 13:47:03,141.4017,103.8096,119.32001,15.51041,137.37283,33.56324,116.65818,12.848579,139.7229,35.913307,112.37239,8.562791
2026-04-08 13:48:03,135.698,103.6944,119.34783,15.653434,137.27136,33.576965,120.829025,17.134624,139.26932,35.574924,112.61997,8.925572
2026-04-08 13:49:03,142.74,112.164,126.766235,14.60223,141.4257,29.261705,130.22935,18.06535,142.92613,30.762136,120.75571,8.5917015
2026-04-08 13:50:03,139.9146,134.7584,141.37193,6.613529,155.08621,20.32781,147.0373,12.278879,154.27448,19.51606,141.76003,7.00162
2026-04-08 13:51:03,136.9728,134.6268,137.2466,2.6197915,151.33574,16.70894,144.3919,9.7651,149.53107,14.904273,140.69987,6.0730715
2026-04-08 13:52:03,132.6552,134.6268,134.60951,-0.017284513,147.88326,13.25646,141.16168,6.5348883,145.73677,11.109973,140.1847,5.5578938
2026-04-08 13:53:03,129.7842,140.2478,137.68797,-2.5598304,148.7632,8.515395,144.85646,4.608665,145.79042,5.542619,144.97327,4.725459
2026-04-08 13:54:03,132.5436,134.6926,131.48611,-3.2064748,144.60135,9.908748,138.98438,4.2917805,143.73997,9.047376,139.48474,4.7921414
2026-04-08 13:55:03,118.3248,133.4085,131.82027,-1.5882312,143.56807,10.15958,137.00035,3.5918634,144.42453,11.01603,138.45212,5.043632
2026-04-08 13:56:03,115.4898,129.258,130.66287,1.4048836,140.65543,11.397436,131.43999,2.1819878,142.71288,13.454878,134.75598,5.4979887
2026-04-08 13:57:03,119.784,132.2592,134.98839,2.7291899,142.92038,10.661172,136.91618,4.6569896,146.09566,13.836457,137.81055,5.551352
2026-04-08 13:58:03,119.784,135.1156,137.16614,2.050533,144.79195,9.676349,139.77823,4.6626296,149.57619,14.460583,140.52019,5.404588
2026-04-08 13:59:03,128.196,140.6888,139.8157,-0.8730969,146.76152,6.072723,141.51366,0.8248584,150.82893,10.140131,145.66022,4.9714127
2026-04-08 14:00:03,128.16,140.4536,138.3074,-2.146196,143.31891,2.8653038,135.42741,-5.026177,146.94688,6.4932866,145.06073,4.6071258
2026-04-08 14:01:03,136.5312,148.6784,142.7683,-5.9101157,148.81383,0.13541488,139.30963,-9.368777,150.34854,1.6701416,152.2863,3.6078985
2026-04-08 14:02:03,139.3756,141.1146,131.22145,-9.893137,141.6439,0.5293109,131.54855,-9.566046,145.98103,4.866436,144.77333,3.6587305
2026-04-08 14:03:03,133.7996,141.1146,127.53422,-13.580379,141.3605,0.24591412,130.32202,-10.792569,145.4002,4.2856216,144.78195,3.6673548
2026-04-08 14:04:03,122.6016,136.5696,126.67842,-9.891171,137.66483,1.0952306,123.16904,-13.400558,144.04971,7.480111,140.96071,4.391119
2026-04-08 14:05:03,122.6876,128.052,122.161064,-5.8909388,132.82243,4.7704263,116.98893,-11.06307,141.2567,13.204691,133.3448,5.292806
2026-04-08 14:06:03,120.0528,128.07,120.991005,-7.0790005,133.14983,5.079823,118.53749,-9.532518,141.93877,13.868764,133.88603,5.816031
2026-04-08 14:07:03,120.12,121.091,116.46075,-4.630256,128.73975,7.648746,112.21378,-8.877222,138.63521,17.544209,127.53128,6.440276
2026-04-08 14:08:03,117.3092,125.4352,125.3544,-0.080800414,131.07002,5.634825,115.007996,-10.427206,140.70523,15.270022,131.92624,6.4910393
2026-04-08 14:09:03,122.9886,125.5056,125.73836,0.23275681,129.79112,4.285518,114.69143,-10.814172,139.68027,14.174666,132.02115,6.515554
2026-04-08 14:10:03,118.773,134.044,132.11691,-1.9270992,134.8235,0.7794938,124.475746,-9.56826,143.4527,9.408692,140.00104,5.957037
2026-04-08 14:11:03,128.691,134.1192,132.24234,-1.87686,133.71442,-0.40478143,121.24983,-12.869372,141.69641,7.5772095,139.7201,5.6008883
2026-04-08 14:12:03,142.75,142.72,138.84157,-3.878431,140.69829,-2.0217097,131.00253,-11.717462,145.75926,3.0392563,147.64644,4.9264336
2026-04-08 14:13:03,148.3456,139.9636,133.48628,-6.477315,137.44896,-2.5146394,129.1859,-10.777699,143.16324,3.1996422,144.68488,4.721281
2026-04-08 14:14:03,162.3816,137.184,127.99318,-9.190825,134.65822,-2.525789,127.869446,-9.314557,142.48412,5.3001027,142.0517,4.8676834
2026-04-08 14:15:03,165.126,131.6336,122.1162,-9.517405,129.82426,-1.8093469,123.52327,-8.110334,139.73293,8.099325,136.87788,5.2442813
2026-04-08 14:16:03,163.576,133.1388,124.92967,-8.209124,131.4359,-1.7028974,125.00848,-8.13032,142.15446,9.015667,138.38475,5.245955
2026-04-08 14:17:03,156.442,133.1574,126.06953,-7.087871,132.25041,-0.9069855,128.33055,-4.8268394,142.99368,9.8362875,138.49744,5.3400373
2026-04-08 14:18:03,153.5976,138.8361,132.24234,-6.593759,136.68767,-2.1484377,133.97997,-4.8561373,147.1223,8.28619,143.87718,5.041071
2026-04-08 14:19:03,139.454,143.14,136.10356,-7.036438,140.03656,-3.1034317,137.64386,-5.496147,149.02126,5.8812623,147.52682,4.3868237
2026-04-08 14:20:03,139.4148,151.6436,144.1492,-7.4944005,147.10217,-4.541433,145.56453,-6.079064,152.3232,0.6795912,154.89723,3.2536325
2026-04-08 14:21:03,139.4148,146.0436,139.02379,-7.0198,141.35861,-4.6849785,141.3905,-4.6530895,145.7588,-0.28479186,149.33379,3.2901988
2026-04-08 14:22:03,143.5109,146.166,137.27115,-8.894848,141.30116,-4.8648367,140.06413,-6.101867,145.51991,-0.64608353,149.5448,3.378804
2026-04-08 14:23:03,140.6889,137.6832,129.41045,-8.272745,133.64351,-4.0396814,131.60138,-6.0818152,139.95236,2.269163,141.81644,4.133242
2026-04-08 14:24:03,127.836,146.166,136.71838,-9.4476185,141.78142,-4.384583,139.90019,-6.2658153,147.13997,0.97397035,150.18593,4.019935
2026-04-08 14:25:03,124.8632,146.166,135.27953,-10.886472,141.96362,-4.2023826,140.2445,-5.921493,147.39508,1.2290767,150.12503,3.9590244
2026-04-08 14:26:03,112.1247,152.9672,141.22426,-11.742935,148.57744,-4.38975,141.43956,-11.527638,152.76031,-0.20687993,156.43832,3.471124
2026-04-08 14:27:03,113.48,155.6084,142.58752,-13.02087,150.55244,-5.055958,142.98354,-12.624865,152.55527,-3.0531352,158.38647,2.778077
2026-04-08 14:28:03,130.3824,155.4776,142.74158,-12.736025,150.57173,-4.9058757,143.78308,-11.694527,152.80615,-2.6714447,157.8563,2.378693
2026-04-08 14:29:03,136.0512,146.9604,135.55968,-11.400722,143.1895,-3.7709095,135.43335,-11.527047,148.4802,1.5197945,150.07176,3.111354
2026-04-08 14:30:03,147.4096,139.9636,131.74168,-8.22191,136.70596,-3.2576244,128.74173,-11.221869,144.44087,4.4772744,144.08228,4.118689
2026-04-08 14:31:03,164.372,134.2884,129.72635,-4.562062,131.36012,-2.9282804,127.897766,-6.390644,141.76341,7.4750056,139.24852,4.9601107
2026-04-08 14:32:03,164.372,135.6695,132.77307,-2.8964179,133.03474,-2.634746,132.61374,-3.0557518,144.0759,8.4064,140.85898,5.1894784
2026-04-08 14:33:03,165.9177,128.502,126.61786,-1.884142,127.04043,-1.4615728,125.64973,-2.8522747,138.7362,10.23421,134.12416,5.6221576
2026-04-08 14:34:03,146.2909,128.43,126.956604,-1.4733901,127.0795,-1.350493,125.7213,-2.7086968,138.9208,10.490817,134.20825,5.778255
2026-04-08 14:35:03,160.3583,143.9048,140.38715,-3.5176597,140.27708,-3.6277192,140.32759,-3.5772123,149.40875,5.5039506,148.76376,4.8589654
2026-04-08 14:36:03,157.5867,143.9048,137.86594,-6.038866,140.0277,-3.8771043,138.41214,-5.492664,148.69849,4.7936864,148.23367,4.328867
2026-04-08 14:37:03,154.8345,142.3,134.63521,-7.6647897,138.33253,-3.9674635,133.47762,-8.822383,146.76672,4.4667144,146.33482,4.0348153
2026-04-08 14:38:03,147.8048,140.8671,132.6819,-8.185194,136.9419,-3.9251964,131.3003,-9.566803,145.59827,4.731163,144.92067,4.053574
2026-04-08 14:39:03,161.7432,143.8038,135.88063,-7.923177,139.95358,-3.8502238,137.05693,-6.746875,149.09291,5.289107,147.8324,4.028589
2026-04-08 14:40:03,158.8608,136.848,131.05693,-5.7910743,133.4711,-3.3769133,130.89146,-5.9565473,144.70448,7.8564777,141.41429,4.566282
2026-04-08 14:41:03,160.2114,131.3208,127.7228,-3.5979984,128.98099,-2.3398058,127.1002,-4.2206035,141.34987,10.029068,136.58208,5.2612696
2026-04-08 14:42:03,168.2898,120.12,121.400795,1.2807931,120.94317,0.82316434,119.00545,-1.1145543,133.2738,13.153795,126.293365,6.173364
2026-04-08 14:43:03,168.2898,125.928,128.13629,2.2082877,126.24466,0.31665462,125.502396,-0.42560565,138.5409,12.612897,132.04831,6.120309
2026-04-08 14:44:03,173.307,123.066,125.59298,2.5269763,123.5995,0.53349894,126.395004,3.3289995,135.85036,12.784351,129.30716,6.2411575
2026-04-08 14:45:03,161.966,125.8576,127.78045,1.9228494,125.589424,-0.2681706,126.5801,0.72249997,137.92351,12.06591,132.16057,6.302973
2026-04-08 14:46:03,161.874,131.4864,131.71312,0.22670819,129.64305,-1.8433582,131.38573,-0.10068407,141.95702,10.4706135,137.31017,5.823757
2026-04-08 14:47:03,142.4201,141.4017,137.22728,-4.174421,138.25339,-3.1483192,139.30222,-2.099495,149.0678,7.6660957,146.32706,4.925352
2026-04-08 14:48:03,130.0144,135.698,131.02773,-4.6702795,132.68828,-3.0097203,133.18318,-2.5148208,143.86533,8.16733,140.5046,4.8065925
2026-04-08 14:49:03,118.9944,142.74,134.55484,-8.185162,139.06525,-3.6747525,139.18788,-3.552118,147.68059,4.9405775,146.95378,4.2137756
2026-04-08 14:50:03,121.9824,139.9146,131.36542,-8.549178,136.23668,-3.6779168,138.16724,-1.7473667,145.27367,5.3590713,144.04207,4.1274734
2026-04-08 14:51:03,102.3552,136.9728,131.94331,-5.029478,133.42093,-3.551863,134.52345,-2.449334,143.67946,6.706672,141.43507,4.462273
2026-04-08 14:52:03,113.68,132.6552,128.716,-3.9391878,129.54752,-3.1076837,131.61963,-1.0355673,140.75829,8.103086,137.54953,4.894339
2026-04-08 14:53:03,124.9248,129.7842,128.46484,-1.3193544,127.81819,-1.9660003,129.01738,-0.7668114,139.87016,10.085975,135.09312,5.3089237
2026-04-08 14:54:03,124.9248,132.5436,133.3995,0.85591364,131.07231,-1.4712818,133.06294,0.5193487,142.792,10.24842,138.06078,5.517185
2026-04-08 14:55:03,121.9824,118.3248,123.542946,5.2181487,120.95036,2.6255617,119.53781,1.2130134,134.85226,16.527468,124.71999,6.3951964
2026-04-08 14:56:03,127.458,115.4898,122.82952,7.33972,120.79779,5.307989,118.6563,3.1665058,134.76273,19.272932,122.4638,6.974002
2026-04-08 14:57:03,127.368,119.784,129.28754,9.50354,125.89094,6.1069393,123.52183,3.7378306,138.95474,19.170742,126.858734,7.0747366
2026-04-08 14:58:03,124.432,119.784,129.38132,9.597328,126.272354,6.488354,126.86203,7.078034,139.3062,19.522207,126.921715,7.1377153
2026-04-08 14:59:03,127.134,128.196,135.78116,7.5851517,132.04066,3.8446677,134.79247,6.5964646,144.07463,15.878638,134.87898,6.6829906
2026-04-08 15:00:03,138.376,128.16,133.45015,5.2901497,130.17915,2.0191438,133.50389,5.3438883,142.22498,14.064979,134.45412,6.294117
2026-04-08 15:01:03,138.5132,136.5312,138.03906,1.5078582,136.29468,-0.23652197,142.86179,6.3305874,147.46553,10.93432,141.9253,5.394082
2026-04-08 15:02:03,148.323,139.3756,137.81133,-1.5642642,137.8182,-1.5573907,144.00179,4.62619,148.05527,8.679671,144.0441,4.668498
2026-04-08 15:03:03,158.1664,133.7996,129.92044,-3.8791664,132.57378,-1.2258306,136.28236,2.4827583,143.43416,9.634557,138.56195,4.7623477
2026-04-08 15:04:03,159.6464,122.6016,124.604195,2.0025973,122.90464,0.30304104,124.149635,1.5480323,136.59781,13.996208,128.26114,5.659535
2026-04-08 15:05:03,159.6464,122.6876,125.893906,3.2063055,124.501816,1.8142132,125.16796,2.480364,139.21513,16.527538,128.75764,6.070047
2026-04-08 15:06:03,159.6916,120.0528,125.416176,5.3633733,124.34197,4.289171,125.277664,5.2248626,139.40427,19.351456,126.627846,6.5750446
2026-04-08 15:07:03,158.2336,120.12,127.11723,6.9972296,124.04774,3.927734,124.074615,3.9546099,138.47472,18.35471,126.76107,6.641067
2026-04-08 15:08:03,142.7534,117.3092,125.765686,8.456492,122.2116,4.902404,122.450714,5.141516,136.16492,18.855728,124.19811,6.8889136
2026-04-08 15:09:03,131.2974,122.9886,129.97406,6.9854584,126.65925,3.670644,130.88652,7.8979135,140.08995,17.101347,129.69435,6.7057543
2026-04-08 15:10:03,122.7222,118.773,126.17332,7.4003134,123.40688,4.6338835,128.53241,9.7594,137.0484,18.27539,125.579445,6.8064446
2026-04-08 15:11:03,121.2256,128.691,134.64069,5.949685,131.08643,2.395428,137.41663,8.725634,143.86176,15.170762,134.95816,6.267171
2026-04-08 15:12:03,126.558,142.75,146.61275,3.862747,142.95671,0.20671012,148.6889,5.9389052,153.50342,10.753425,147.9013,5.1513095
2026-04-08 15:13:03,130.5534,148.3456,149.16989,0.8242908,147.43797,-0.90762705,150.90808,2.5624788,156.0796,7.7340097,152.39537,4.04978
2026-04-08 15:14:03,140.22,162.3816,158.64581,-3.7357981,158.76488,-3.6167316,160.76367,-1.6179292,162.2705,-0.11112176,164.00903,1.6274335
2026-04-08 15:15:03,149.8107,165.126,156.24106,-8.884944,160.59726,-4.5287414,158.27188,-6.8541265,161.71124,-3.4147637,164.94582,-0.18018398
2026-04-08 15:16:03,149.8107,163.576,150.61555,-12.960456,158.64098,-4.9350224,156.82234,-6.7536674,158.29233,-5.2836723,162.6138,-0.96220136
2026-04-08 15:17:03,149.8107,156.442,143.6137,-12.828303,151.55008,-4.891925,149.85289,-6.5891137,152.91353,-3.528478,156.1944,-0.24760592
2026-04-08 15:18:03,141.6121,153.5976,141.40822,-12.189383,149.49089,-4.1066985,147.15695,-6.440651,152.19324,-1.4043517,154.41882,0.82123363
2026-04-08 15:19:03,144.4781,139.454,130.75755,-8.696441,138.193,-1.2610033,133.3606,-6.093393,146.04117,6.5871763,142.30676,2.852775
2026-04-08 15:20:03,133.4085,139.4148,133.54773,-5.867062,138.80522,-0.60956705,134.86661,-4.5481844,147.23424,7.819439,143.04877,3.633974
2026-04-08 15:21:03,126.495,139.4148,137.12502,-2.2897775,139.6389,0.22410895,137.7704,-1.6443925,149.31204,9.897244,143.48708,4.072279
2026-04-08 15:22:03,125.1518,143.5109,143.55582,0.044927265,143.81927,0.3083873,140.86417,-2.6467211,153.43661,9.925715,147.72902,4.2181306
2026-04-08 15:23:03,127.8459,140.6889,141.56757,0.87866145,141.62077,0.93187654,138.79027,-1.8986396,152.89594,12.207028,145.24832,4.5594106
2026-04-08 15:24:03,129.1864,127.836,131.98831,4.15231,131.57864,3.7426383,129.63829,1.8022859,145.57993,17.743921,133.20126,5.3652706
2026-04-08 15:25:03,140.03,124.8632,132.2255,7.362302,130.60074,5.7375374,129.19688,4.333686,144.9003,20.037104,130.75186,5.8886695
2026-04-08 15:26:03,151.0056,112.1247,121.87318,9.748473,123.77735,11.65265,120.50136,8.376656,137.57962,25.454924,119.041756,6.9170527
2026-04-08 15:27:03,150.984,113.48,126.290245,12.810245,126.49803,13.018027,124.80634,11.32634,139.94073,26.460737,120.83244,7.3524427
2026-04-08 15:28:03,150.984,130.3824,142.12425,11.741848,137.57475,7.1923485,140.22711,9.844708,151.1395,20.757103,137.03342,6.651013
2026-04-08 15:29:03,141.5313,136.0512,144.63873,8.587543,140.25629,4.2050886,143.71674,7.665548,153.61533,17.564135,141.86835,5.817153
2026-04-08 15:30:03,152.6981,147.4096,151.7756,4.365996,148.6057,1.1960956,151.45529,4.0456853,157.83588,10.426271,151.85536,4.4457564
2026-04-08 15:31:03,143.2488,164.372,161.0363,-3.335696,161.88603,-2.485967,165.57362,1.2016323,161.3536,-3.018392,166.1602,1.788206
2026-04-08 15:32:03,142.0969,164.372,153.78508,-10.58692,160.39786,-3.9741402,163.77615,-0.59583515,157.31213,-7.0598636,164.54562,0.17362735
2026-04-08 15:33:03,146.3072,165.9177,153.36838,-12.549322,160.90929,-5.008414,160.82846,-5.0892367,156.37338,-9.544319,164.74478,-1.17292
2026-04-08 15:34:03,146.3072,146.2909,133.88445,-12.406451,143.79317,-2.4977303,143.03902,-3.2518814,146.84825,0.55736387,147.25084,0.959945
2026-04-08 15:35:03,135.264,160.3583,147.35669,-13.001618,156.81276,-3.5455468,155.68571,-4.672598,156.00618,-4.3521304,160.56894,0.21063004
2026-04-08 15:36:03,151.9128,157.5867,144.68797,-12.898724,154.96497,-2.6217387,149.31297,-8.273728,156.22406,-1.3626436,157.76326,0.17656557
2026-04-08 15:37:03,135.2832,154.8345,143.02579,-11.808719,152.87431,-1.9601893,146.21187,-8.622638,156.45108,1.6165749,155.30252,0.4680102
2026-04-08 15:38:03,132.5588,147.8048,140.91193,-6.892875,146.52132,-1.2834835,138.76765,-9.037141,151.90988,4.1050906,149.29007,1.4852828
2026-04-08 15:39:03,132.5588,161.7432,153.69295,-8.050251,158.4542,-3.2890084,149.58546,-12.157725,159.30125,-2.441944,161.94505,0.20186125
2026-04-08 15:40:03,129.7752,158.8608,150.17691,-8.683886,155.81714,-3.0436625,149.4217,-9.439081,157.53009,-1.3307045,158.55125,-0.30954728
2026-04-08 15:41:03,143.5752,160.2114,149.6845,-10.5269,156.30501,-3.9063945,148.73993,-11.471459,157.36243,-2.8489687,159.82202,-0.38936937
2026-04-08 15:42:03,124.0448,168.2898,153.71342,-14.57637,162.42085,-5.868947,155.5975,-12.692296,158.4877,-9.802088,166.54128,-1.7485155
2026-04-08 15:43:03,146.1408,168.2898,150.89052,-17.399275,162.2524,-6.037393,157.66371,-10.626082,158.17773,-10.112064,165.84673,-2.4430702
2026-04-08 15:44:03,143.2896,173.307,153.26158,-20.045431,166.47168,-6.835322,161.87361,-11.433402,159.82565,-13.481349,169.6335,-3.673505
2026-04-08 15:45:03,143.2284,161.966,141.94362,-20.022388,156.31337,-5.6526394,150.18393,-11.782082,153.79742,-8.168581,159.53902,-2.4269884
2026-04-08 15:46:03,134.8992,161.874,143.43767,-18.436323,156.33965,-5.5343523,150.73648,-11.137518,154.4771,-7.396896,160.10635,-1.7676415
2026-04-08 15:47:03,129.3796,142.4201,131.62843,-10.791669,140.24403,-2.1760697,136.84615,-5.5739665,146.50565,4.0855336,143.43806,1.017955
2026-04-08 15:48:03,136.4402,130.0144,126.12378,-3.8906271,130.725,0.7106046,125.58969,-4.4247146,143.72734,13.712936,133.38637,3.3719683
2026-04-08 15:49:03,136.5663,118.9944,126.12181,7.127407,124.15324,5.1588335,116.42707,-2.567328,139.22392,20.229519,124.16446,5.170056
2026-04-08 15:50:03,136.5663,121.9824,130.81909,8.8366995,127.60923,5.626832,120.981285,-1.001116,142.15868,20.176271,127.62472,5.6423206
2026-04-08 15:51:03,131.0184,102.3552,119.37249,17.01729,117.245285,14.890085,105.8661,3.5108917,129.86415,27.508947,109.33193,6.9767327
2026-04-08 15:52:03,136.5954,113.68,133.38983,19.709835,126.02183,12.341827,120.64804,6.9680414,138.7079,25.027899,120.67883,6.998835
2026-04-08 15:53:03,117.0217,124.9248,139.95741,15.032621,132.74606,7.8212633,133.01723,8.092428,146.31628,21.391495,131.30846,6.3836603
2026-04-08 15:54:03,109.9566,124.9248,137.11615,12.191357,132.98164,8.056842,134.86736,9.94256,146.84552,21.920725,130.93465,6.0098457
2026-04-08 15:55:03,109.8084,121.9824,133.1384,11.155992,128.77455,6.792153,133.92125,11.938846,143.11037,21.127974,128.09283,6.110433
2026-04-08 15:56:03,126.414,127.458,133.04868,5.5906706,132.32643,4.8684306,136.59645,9.138451,147.17258,19.714579,133.2143,5.756287
2026-04-08 15:57:03,131.8256,127.368,131.52925,4.161257,131.79771,4.429725,137.81516,10.447157,146.70866,19.340662,132.93704,5.569046
2026-04-08 15:58:03,156.4864,124.432,127.668015,3.2360172,129.53293,5.1009355,129.71477,5.28277,145.2585,20.826504,130.11302,5.6810226
2026-04-08 15:59:03,156.3296,127.134,130.73405,3.6000533,130.36256,3.228567,131.78065,4.646653,144.97935,17.845356,132.76326,5.6292515
2026-04-08 16:00:03,148.0608,138.376,140.90044,2.524424,138.77502,0.3990178,138.07375,-0.30226657,149.05188,10.675867,143.12732,4.751319
2026-04-08 16:01:03,149.4362,138.5132,138.49495,-0.018250683,138.33012,-0.18306817,138.11208,-0.4011206,147.05269,8.539492,142.71007,4.196874
2026-04-08 16:02:03,156.3072,148.323,145.3514,-2.9716072,146.29713,-2.0258691,143.9792,-4.3437886,149.90195,1.5789531,151.21988,2.896881
2026-04-08 16:03:03,159.0984,158.1664,148.65135,-9.515049,153.72852,-4.4378805,153.23882,-4.9275885,151.43216,-6.7342353,158.99141,0.825014
2026-04-08 16:04:03,159.2124,159.6464,145.65782,-13.988568,155.20851,-4.4378805,150.33755,-9.308832,152.48543,-7.1609597,159.25583,-0.39056396
2026-04-08 16:05:03,163.3788,159.6464,143.36032,-16.28608,155.20851,-4.4378805,149.5473,-10.099084,153.31285,-6.333546,158.5749,-1.0714892
2026-04-08 16:06:03,170.2388,159.6916,139.36646,-20.325144,155.25372,-4.4378805,146.82887,-12.862736,154.47807,-5.2135363,157.99657,-1.695033
2026-04-08 16:07:03,164.7044,158.2336,138.88997,-19.343628,153.79572,-4.4378805,142.78134,-15.452256,154.38449,-3.8491054,156.26271,-1.9708797
2026-04-08 16:08:03,159.201,142.7534,127.85865,-14.894753,140.28436,-2.4690328,129.22678,-13.526623,149.12749,6.3740783,142.88628,0.13286887
2026-04-08 16:09:03,149.5539,131.2974,120.8259,-10.471494,130.93535,-0.36204147,120.78162,-10.515776,145.48611,14.188714,133.8628,2.5654006
2026-04-08 16:10:03,146.706,122.7222,117.99083,-4.731372,123.9608,1.238603,118.25001,-4.472194,140.99794,18.275747,127.010796,4.288599
2026-04-08 16:11:03,141.1172,121.2256,119.9915,-1.2340972,125.743034,4.5174303,120.00211,-1.2234893,142.00403,20.778427,126.39602,5.170419
2026-04-08 16:12:03,141.1172,126.558,125.21667,-1.3413291,131.07268,4.5146728,128.12482,1.5668153,146.29428,19.736275,131.91574,5.357739
2026-04-08 16:14:03,142.545,130.5534,126.91631,-3.63709,132.2052,1.6517949,130.37358,-0.17982492,146.79958,16.246164,135.60272,5.0493193
2026-04-08 16:15:03,139.82,140.22,136.8745,-3.345502,140.65977,0.43976647,140.8828,0.66279715,152.30153,12.081524,144.34402,4.1240287
2026-04-08 16:16:03,138.5604,149.8107,147.42128,-2.3894227,149.08037,-0.7303278,144.72293,-5.087776,158.29134,8.480633,152.58011,2.7694077
2026-04-08 16:17:03,138.5604,149.8107,144.9837,-4.8269963,148.62268,-1.188015,143.59833,-6.2123795,156.38846,6.5777617,151.78291,1.9722145
2026-04-08 16:18:03,145.5272,149.8107,144.67752,-5.133171,148.47073,-1.3399669,143.14876,-6.661947,155.61905,5.8083467,151.32935,1.5186406
2026-04-08 16:19:03,136.0037,141.6121,137.16772,-4.4443855,141.34628,-0.26582316,134.48734,-7.124775,152.38649,10.77438,143.6472,2.035097
2026-04-08 16:20:03,134.7936,144.4781,140.21251,-4.2655873,144.81804,0.33993033,134.8228,-9.6553,156.61879,12.140684,146.62862,2.150506
2026-04-08 16:21:03,134.8704,133.4085,129.36671,-4.041772,136.5164,3.1079159,127.97704,-5.4314513,151.53731,18.12881,136.6164,3.2079067
2026-04-08 16:22:03,125.2586,126.495,127.79594,1.3009303,133.29234,6.7973332,122.49846,-3.9965467,147.56349,21.06849,130.71646,4.221453
2026-04-08 16:23:03,126.675,125.1518,129.51234,4.360544,133.27394,8.122139,123.119194,-2.0326097,147.23448,22.082678,129.86943,4.717629
2026-04-08 16:24:03,126.675,127.8459,134.51776,6.671865,134.63052,6.7846246,125.72793,-2.1179702,148.61337,20.767466,132.61014,4.7642407
2026-04-08 16:25:03,140.53,129.1864,135.9831,6.796699,133.66614,4.47973,131.51857,2.3321667,147.28938,18.102987,133.9254,4.739001
2026-04-08 16:26:03,148.665,140.03,143.11949,3.0894928,140.94449,0.91449493,139.5482,-0.48179096,150.31787,10.287865,143.7253,3.6952915
2026-04-08 16:27:03,148.559,151.0056,149.56183,-1.4437659,150.08063,-0.92497677,149.2169,-1.7886893,154.41821,3.4126139,153.0697,2.0641084
2026-04-08 16:28:03,148.559,150.984,141.94188,-9.042109,149.45135,-1.5326407,147.53511,-3.4488785,151.977,0.9930125,152.07059,1.0865899
2026-04-08 16:29:03,153.923,150.984,139.30354,-11.6804495,149.17645,-1.8075457,146.39764,-4.5863433,150.91664,-0.06734951,151.50311,0.51912266
2026-04-08 16:30:03,153.923,141.5313,131.52245,-10.008849,142.28601,0.754721,136.48094,-5.0503573,151.20213,9.670843,143.3587,1.827408
2026-04-08 16:31:03,148.347,152.6981,142.62238,-10.075732,152.38573,-0.31238112,144.06133,-8.63678,156.559,3.8608983,153.4909,0.79280365
2026-04-08 16:32:03,153.912,143.2488,134.86594,-8.382865,144.58617,1.3373665,137.2464,-6.0024023,153.48337,10.2345705,144.56708,1.3182777
2026-04-08 16:33:03,142.9326,142.0969,137.3481,-4.748798,143.963,1.8660998,132.72585,-9.371047,153.2268,11.12992,143.62724,1.5303526
2026-04-08 16:34:03,142.9938,146.3072,143.03488,-3.2723246,147.70825,1.4010466,136.6663,-9.640897,155.11256,8.805365,147.42435,1.1171479
2026-04-08 16:35:03,142.9938,146.3072,144.38873,-1.9184649,147.83615,1.5289516,141.7855,-4.5217047,155.26033,8.953129,147.01617,0.7089654
2026-04-08 16:36:03,129.26,135.264,136.23788,0.97387713,140.4961,5.232089,136.3729,1.1088831,150.71542,15.451414,137.19312,1.929102
2026-04-08 16:37:03,120.9504,151.9128,150.29007,-1.6227305,153.67355,1.7607569,146.61969,-5.2931023,159.7341,7.8213067,152.47766,0.5648647
2026-04-08 16:38:03,120.8644,135.2832,131.15009,-4.133117,140.92944,5.6462326,133.12027,-2.1629314,151.19983,15.916622,137.0442,1.7609997
2026-04-08 16:39:03,115.3248,132.5588,130.61624,-1.9425727,139.98085,7.42205,131.2839,-1.2749059,150.56985,18.011044,135.1243,2.565485
2026-04-08 16:40:03,118.0704,132.5588,130.85191,-1.706893,139.34973,6.790931,130.95122,-1.6075864,151.0844,18.525583,135.53069,2.971874
2026-04-08 16:41:03,131.9196,129.7752,127.2062,-2.5690072,140.19002,10.414804,127.043365,-2.7318456,151.88652,22.11131,133.14566,3.3704507
2026-04-08 16:42:03,134.688,143.5752,139.62761,-3.9475935,147.01682,3.4416125,142.2128,-1.3623952,157.55025,13.975049,145.65819,2.0829854
2026-04-08 16:43:03,126.45,124.0448,124.33298,0.28817368,134.81197,10.767172,121.66654,-2.37826,146.99818,22.953384,127.38167,3.3368692
2026-04-08 16:44:03,132.0136,146.1408,142.79054,-3.3502471,149.43109,3.2903001,143.37056,-2.7702403,159.34341,13.202616,148.01936,1.8785732
2026-04-08 16:45:03,134.784,143.2896,140.72661,-2.562993,147.09251,3.8029127,139.35489,-3.934702,156.00543,12.715835,144.7117,1.42211
2026-04-08 16:46:03,134.784,143.2284,141.63005,-1.5983372,146.21835,2.9899538,141.4687,-1.7596846,155.01625,11.787852,144.30661,1.078217
2026-04-08 16:47:03,129.2232,134.8992,137.59315,2.6939588,141.72017,6.820962,130.3356,-4.563604,150.69229,15.793088,136.6904,1.7911983
2026-04-08 16:48:03,129.1128,129.3796,132.1747,2.7951007,139.70485,10.325262,127.65541,-1.7241819,148.76083,19.381237,132.18498,2.805384
2026-04-08 16:49:03,120.7268,136.4402,139.946,3.5058033,144.88492,8.444723,136.3701,-0.07010394,153.7183,17.278112,139.07886,2.6386633
2026-04-08 16:50:03,131.7504,136.5663,138.22957,1.6632622,144.25449,7.688194,133.01447,-3.5518265,152.9492,16.382904,138.87482,2.3085127
2026-04-08 16:51:03,123.4992,136.5663,134.44135,-2.1249468,142.88329,6.3169794,132.24994,-4.316359,151.95338,15.387078,138.68875,2.1224477
2026-04-08 16:52:03,134.5728,131.0184,129.83606,-1.182335,136.31108,5.292676,123.02154,-7.9968667,146.13329,15.114886,133.44936,2.4309552
2026-04-08 16:53:03,140.16,136.5954,133.12648,-3.4689243,140.04718,3.4517858,129.37767,-7.2177305,149.02562,12.430216,138.65625,2.0608568
2026-04-08 16:54:03,148.4848,117.0217,118.20594,1.184239,128.71748,11.695786,112.12813,-4.8935723,138.62369,21.601984,120.80556,3.7838593
2026-04-08 16:55:03,145.7456,109.9566,114.5412,4.584606,124.89953,14.942931,107.295906,-2.660693,133.70508,23.748474,115.243416,5.2868204
2026-04-08 16:56:03,145.7456,109.8084,116.88068,7.072277,128.60828,18.79988,111.275375,1.4669722,135.26448,25.456078,115.69369,5.885282
2026-04-08 16:57:03,142.9326,126.414,131.46649,5.0524945,139.24623,12.832234,130.35027,3.936259,146.74509,20.331081,131.45178,5.037775
2026-04-08 16:58:03,126.387,131.8256,134.27798,2.452375,141.62466,9.799052,131.48041,-0.3452006,148.02736,16.201746,135.68568,3.8600721
2026-04-08 16:59:03,118.0956,156.4864,150.58134,-5.9050646,157.0382,0.55179197,153.70401,-2.7823944,157.16084,0.6744433,156.79276,0.30634403
2026-04-08 17:00:03,120.9246,156.3296,142.58954,-13.740071,155.17941,-1.150192,145.60028,-10.729324,153.01459,-3.315024,154.28937,-2.0402417
2026-04-08 17:01:03,109.8162,148.0608,134.90845,-13.152356,146.95444,-1.1063726,137.72667,-10.334132,146.30128,-1.7595228,145.83598,-2.2248197
2026-04-08 17:02:03,107.008,149.4362,134.25392,-15.182276,147.73502,-1.701189,132.80887,-16.627329,147.24069,-2.1955173,146.77419,-2.662016
2026-04-08 17:03:03,126.306,156.3072,134.86266,-21.44455,153.85025,-2.4569564,135.29192,-21.015284,151.42104,-4.8861675,152.4612,-3.846006
2026-04-08 17:04:03,137.2392,159.0984,136.88196,-22.216448,156.29446,-2.80394,137.5359,-21.562496,153.21239,-5.8860226,154.18134,-4.9170756
2026-04-08 17:05:03,139.82,159.2124,138.74666,-20.465748,155.89247,-3.3199255,134.79141,-24.420994,153.29697,-5.9154377,153.60188,-5.6105227
2026-04-08 17:06:03,147.8276,163.3788,140.78555,-22.593243,159.57059,-3.808205,140.20386,-23.174944,155.09126,-8.287542,156.60495,-6.7738557
2026-04-08 17:07:03,153.098,170.2388,145.12732,-25.111479,165.46344,-4.7753563,144.03989,-26.198908,158.0353,-12.203502,161.82608,-8.412715
2026-04-08 17:08:03,144.8512,164.7044,138.43713,-26.267265,160.39497,-4.3094363,141.64145,-23.062954,154.84198,-9.862424,156.36748,-8.336929
2026-04-08 17:09:03,144.8512,159.201,133.94722,-25.253782,155.32314,-3.8778675,134.87366,-24.327353,151.18405,-8.016952,151.64638,-7.5546274
2026-04-08 17:10:03,129.828,149.5539,123.43729,-26.116611,146.90068,-2.6532156,125.264206,-24.28969,148.04059,-1.5132997,143.98663,-5.567263
2026-04-08 17:11:03,114.8902,146.706,123.43878,-23.267216,145.0832,-1.6227933,121.54986,-25.156134,149.18257,2.476581,142.64775,-4.058249
2026-04-08 17:12:03,112.232,141.1172,120.88992,-20.22728,140.69177,-0.42543784,120.75885,-20.358349,148.01457,6.897372,138.72511,-2.3920915
2026-04-08 17:13:03,126.279,141.1172,120.69604,-20.421167,141.39357,0.2763657,120.99511,-20.122091,149.00325,7.8860517,139.58699,-1.5302124
2026-04-08 17:14:03,130.572,142.545,123.86593,-18.679071,142.16052,-0.3844722,122.98139,-19.563606,149.31613,6.7711353,141.1451,-1.3999022
2026-04-08 17:15:03,140.48,139.82,122.45108,-17.368927,139.81654,-0.003462743,121.13893,-18.681076,147.07971,7.2597003,138.70247,-1.1175371
2026-04-08 17:16:03,140.48,138.5604,122.249146,-16.311249,138.23688,-0.32351378,119.38131,-19.179087,145.39944,6.8390436,137.68773,-0.8726627
2026-04-08 17:17:03,141.9656,138.5604,122.479546,-16.08085,138.42252,-0.13788371,117.73536,-20.825037,145.20055,6.640151,137.80801,-0.75237364
2026-04-08 17:18:03,144.7768,145.5272,128.75758,-16.769627,144.74484,-0.7823671,124.714005,-20.813206,149.42023,3.8930147,143.78735,-1.7398461
2026-04-08 17:19:03,143.361,136.0037,123.43275,-12.570944,136.66927,0.66556716,115.17239,-20.831303,144.39655,8.392859,135.00784,-0.9958495
2026-04-08 17:20:03,143.361,134.7936,123.52818,-11.265409,135.66489,0.87128866,113.32724,-21.466358,143.15648,8.362881,134.02196,-0.7716438
2026-04-08 17:21:03,123.9128,134.8704,123.79014,-11.080266,136.42226,1.5518552,112.428246,-22.442162,143.20728,8.3368635,134.21893,-0.65147513
2026-04-08 17:22:03,111.2478,125.2586,113.197784,-12.060814,130.02885,4.770256,107.876236,-17.382366,138.27815,13.019549,125.86864,0.61003524
2026-04-08 17:23:03,108.3775,126.675,114.65484,-12.020167,130.78673,4.111719,109.04016,-17.634838,138.11288,11.437879,127.63889,0.96388954
2026-04-08 17:24:03,113.9265,126.675,113.383095,-13.291907,131.21777,4.5427737,108.96297,-17.712032,138.61574,11.94073,127.81449,1.1394854
2026-04-08 17:25:03,131.9572,140.53,121.59677,-18.933226,142.14163,1.6116272,121.74455,-18.785444,147.30666,6.776655,140.2498,-0.28019822
2026-04-08 17:26:03,140.3,148.665,126.346085,-22.318913,148.50572,-0.1592676,129.2847,-19.3803,149.95818,1.2931817,146.3034,-2.3615828
2026-04-08 17:27:03,151.3296,148.559,122.275345,-26.283663,147.63097,-0.9280374,128.76353,-19.795473,148.42006,-0.13894266,145.03737,-3.5216436
2026-04-08 17:28:03,159.5316,148.559,123.90988,-24.649126,147.57887,-0.9801402,129.10934,-19.449663,147.17119,-1.3878144,144.37234,-4.1866636
2026-04-08 17:29:03,159.4632,153.923,128.46092,-25.462084,151.69684,-2.2261612,132.24963,-21.673378,148.42487,-5.4981375,148.16264,-5.760357
2026-04-08 17:30:03,140.16,153.923,127.468506,-26.4545,151.80733,-2.1156743,130.2862,-23.63681,148.4619,-5.461108,147.34785,-6.5751452
2026-04-08 17:31:03,140.16,148.347,122.482544,-25.864458,146.98778,-1.3592263,127.05222,-21.294779,146.1971,-2.1499045,142.41908,-5.9279175
2026-04-08 17:32:03,150.984,153.912,128.11961,-25.79239,151.70093,-2.2110684,126.61918,-27.292822,148.64796,-5.264032,147.3101,-6.601905
2026-04-08 17:33:03,142.596,142.9326,116.33414,-26.598465,142.26187,-0.6707326,119.91452,-23.018084,143.89319,0.96058744,137.48727,-5.445325
2026-04-08 17:34:03,150.6384,142.9938,118.942825,-24.050982,142.9165,-0.077297024,119.23412,-23.759684,145.4156,2.421795,137.95462,-5.0391793
2026-04-08 17:35:03,158.574,142.9938,119.86841,-23.125397,143.01068,0.01687679,122.48214,-20.511665,146.2138,3.219999,138.1763,-4.8174996
2026-04-08 17:36:03,166.464,129.26,109.48704,-19.772959,134.43626,5.1762705,109.321205,-19.938791,141.3867,12.126713,127.192474,-2.0675213
2026-04-08 17:37:03,147.4248,120.9504,108.52312,-12.427281,129.90352,8.953119,104.93449,-16.015917,137.4418,16.49141,120.76141,-0.18898638
2026-04-08 17:38:03,152.966,120.8644,111.47345,-9.39095,131.53606,10.671654,108.80085,-12.063555,139.76186,18.897455,121.2563,0.39190173
2026-04-08 17:39:03,131.1676,115.3248,107.51802,-7.806774,130.15042,14.825615,107.46915,-7.8556485,137.952,22.62719,116.83154,1.5067444
2026-04-08 17:40:03,128.524,118.0704,114.1916,-3.8788013,131.98442,13.91403,111.89421,-6.176189,139.67462,21.60422,119.7568,1.6864002
2026-04-08 17:41:03,114.7836,131.9196,122.8682,-9.0514,139.48183,7.56222,122.94034,-8.979266,145.86938,13.949783,131.79308,-0.12652506
2026-04-08 17:42:03,120.2796,134.688,123.370895,-11.317109,140.05148,5.363472,123.94574,-10.742266,145.84325,11.15525,133.16277,-1.5252408
2026-04-08 17:43:03,132.544,126.45,113.20051,-13.249487,131.96198,5.5119705,110.554214,-15.895786,138.60306,12.153055,125.156395,-1.2935989
2026-04-08 17:44:03,131.1582,132.0136,116.98568,-15.027919,135.2028,3.1892126,111.585945,-20.427649,140.76167,8.748081,129.82976,-2.183841
2026-04-08 17:45:03,138.0654,134.784,119.65495,-15.129042,136.58536,1.8013574,116.99743,-17.786568,141.61577,6.8317685,131.63399,-3.1500084
2026-04-08 17:46:03,136.759,134.784,116.77827,-18.00573,136.0721,1.288098,111.71275,-23.071245,141.15558,6.3715887,131.11902,-3.664976
2026-04-08 17:47:03,153.318,129.2232,113.01196,-16.211243,130.92436,1.7011634,106.33148,-22.891724,136.35527,7.13206,125.91286,-3.3103452
2026-04-08 17:48:03,142.5348,129.1128,113.16035,-15.952443,131.00067,1.8878849,107.06169,-22.051098,136.95059,7.8378005,125.72192,-3.3908749
2026-04-08 17:49:03,139.9,120.7268,105.09185,-15.63495,124.5224,3.7955995,99.31148,-21.41532,132.03728,11.3104725,118.258446,-2.4683568
2026-04-08 17:50:03,128.9472,131.7504,115.072525,-16.67787,133.79861,2.0482123,110.54176,-21.208637,139.34009,7.5896854,128.1607,-3.589693
2026-04-08 17:51:03,112.36,123.4992,108.072716,-15.426484,126.83293,3.3337305,102.51025,-20.98895,133.1885,9.689304,120.77602,-2.723182
2026-04-08 17:52:03,97.1175,134.5728,117.72076,-16.852045,135.76926,1.196457,111.60206,-22.970743,139.15845,4.5856404,130.39188,-4.18092
2026-04-08 17:53:03,97.1175,140.16,123.81987,-16.340136,140.51671,0.35670608,116.82652,-23.333477,142.22421,2.0642014,134.21611,-5.9438953
2026-04-08 17:54:03,111.0582,148.4848,124.36322,-24.121586,147.7968,-0.68800825,124.087006,-24.397795,147.48247,-1.0023317,140.31248,-8.17232
2026-04-08 17:55:03,123.4992,145.7456,119.35859,-26.387014,144.38226,-1.3633355,119.43965,-26.30595,143.5195,-2.2261026,136.81975,-8.9258585
2026-04-08 17:56:03,129.0024,145.7456,117.46422,-28.281385,144.1133,-1.6323056,118.33023,-27.415377,143.5756,-2.1699977,136.35794,-9.387667
2026-04-08 17:57:03,144.1382,142.9326,111.661156,-31.271446,141.73206,-1.2005444,117.817505,-25.115097,141.66312,-1.2694931,133.55434,-9.378263
2026-04-08 17:58:03,150.9624,126.387,99.20976,-27.177238,127.190895,0.8038925,100.5221,-25.864897,132.53624,6.149236,119.757416,-6.629587
2026-04-08 17:59:03,153.582,118.0956,94.27623,-23.819368,121.42752,3.331925,98.9669,-19.128696,129.18684,11.091248,114.30398,-3.7916179
2026-04-08 18:00:03,134.3424,120.9246,102.646164,-18.278435,125.367744,4.4431453,104.03019,-16.894407,133.1882,12.2635975,118.6317,-2.2929037
2026-04-08 18:01:03,134.3424,109.8162,98.204254,-11.611946,119.62796,9.811757,95.632965,-14.183235,128.50168,18.68547,109.94084,0.12464249
2026-04-08 18:02:03,131.6188,107.008,101.56093,-5.4470725,119.214485,12.206485,93.95397,-13.05403,127.59494,20.586933,108.48915,1.4811479
2026-04-08 18:03:03,131.6376,126.306,118.85569,-7.450312,133.78012,7.474118,107.40377,-18.90223,141.42719,15.12118,125.602196,-0.7038039
2026-04-08 18:04:03,127.5456,137.2392,124.26077,-12.978428,142.11165,4.87245,118.14352,-19.095678,146.86136,9.622162,133.26855,-3.9706395
2026-04-08 18:05:03,127.5638,139.82,123.058014,-16.761992,142.08725,2.2672417,119.77524,-20.04477,145.04692,5.22692,133.04015,-6.779858
2026-04-08 18:06:03,127.5638,147.8276,128.09843,-19.729176,148.42325,0.59564257,121.037186,-26.79042,147.54523,-0.28238514,137.8351,-9.992511
2026-04-08 18:07:03,141.2788,153.098,130.61963,-22.478373,152.51067,-0.5873443,123.8091,-29.288908,149.59798,-3.5000324,139.89807,-13.199932
2026-04-08 18:08:03,141.2182,144.8512,116.85129,-27.999907,144.86032,0.009131458,115.22904,-29.622156,145.18042,0.3292281,131.43594,-13.415253
2026-04-08 18:09:03,135.6448,144.8512,113.00961,-31.841581,144.5465,-0.3047066,115.837845,-29.01335,144.18164,-0.6695573,131.24359,-13.607599
2026-04-08 18:10:03,137.1051,129.828,100.51014,-29.317862,131.51463,1.6866302,102.335106,-27.492895,136.54097,6.7129664,119.23038,-10.597625
2026-04-08 18:11:03,140.4405,114.8902,92.665146,-22.225056,119.705154,4.8149548,89.78461,-25.105595,128.99094,14.100733,108.21548,-6.674721
2026-04-08 18:12:03,147.4007,112.232,92.54609,-19.685915,119.21261,6.980608,91.46771,-20.76429,128.40855,16.176546,107.737816,-4.494183
2026-04-08 18:13:03,147.4007,126.279,106.56581,-19.713184,130.63684,4.3578405,102.31268,-23.966314,137.40724,11.128244,120.45957,-5.8194294
2026-04-08 18:14:03,155.2615,130.572,109.90523,-20.666782,133.80966,3.237656,105.43892,-25.133083,138.8365,8.264499,123.405716,-7.166292
2026-04-08 18:15:03,161.784,140.48,116.66304,-23.816956,141.61943,1.1394366,110.3672,-30.112797,141.71896,1.2389615,130.87193,-9.608069
2026-04-08 18:16:03,161.784,140.48,114.11067,-26.36932,140.78313,0.3031266,111.70077,-28.779226,139.35863,-1.1213741,129.53444,-10.945555
2026-04-08 18:17:03,176.0509,141.9656,111.41757,-30.548035,141.5672,-0.39841002,113.01089,-28.954718,139.56195,-2.4036484,129.30573,-12.659883
2026-04-08 18:18:03,162.9943,144.7768,111.739395,-33.0374,143.88281,-0.8939848,115.61241,-29.164387,141.68056,-3.0962353,130.52438,-14.252407
2026-04-08 18:19:03,148.5695,143.361,108.046906,-35.31409,143.51099,0.14999384,114.73746,-28.623535,142.35204,-1.0089521,128.45699,-14.904002
2026-04-08 18:20:03,151.3901,143.361,111.058105,-32.302883,143.26486,-0.09612998,113.07641,-30.284586,142.35533,-1.0056609,128.03867,-15.322323
2026-04-08 18:21:03,144.56,123.9128,98.12298,-25.789825,126.56335,2.6505396,92.65617,-31.256626,131.53009,7.6172843,111.89893,-12.013867
2026-04-08 18:22:03,133.6896,111.2478,90.523766,-20.724037,117.241646,5.993846,84.99462,-26.25318,124.016945,12.769139,102.536385,-8.711419
2026-04-08 18:23:03,144.56,108.3775,90.63449,-17.743011,115.77913,7.401626,86.27286,-22.104649,121.90492,13.527423,101.16986,-7.2076397
2026-04-08 18:24:03,152.68,113.9265,98.13165,-15.794843,120.82748,6.900981,94.10887,-19.817629,124.87679,10.950295,106.573875,-7.352624
2026-04-08 18:25:03,147.234,131.9572,112.7279,-19.229301,135.54353,3.58633,110.4771,-21.4801,134.80312,2.8459108,121.6232,-10.334
2026-04-08 18:26:03,141.6984,140.3,114.18608,-26.113918,141.32062,1.0206136,118.48455,-21.815453,137.24435,-3.0556483,126.857895,-13.44211
2026-04-08 18:27:03,141.6984,151.3296,119.81912,-31.510487,147.65527,-3.6743383,125.41164,-25.91797,142.42212,-8.907493,134.00589,-17.323708
2026-04-08 18:28:03,139.08,159.5316,124.11571,-35.415894,154.29877,-5.2328305,130.95886,-28.572744,145.9744,-13.557207,138.39272,-21.138891
2026-04-08 18:29:03,130.942,159.4632,119.27723,-40.185966,153.13321,-6.329992,123.808914,-35.654278,144.74445,-14.718743,136.30582,-23.157385
2026-04-08 18:30:03,120.0216,140.16,102.526245,-37.633762,137.6148,-2.545202,105.955925,-34.20408,132.7751,-7.3848968,119.73228,-20.427729
2026-04-08 18:31:03,119.9872,140.16,105.83858,-34.32143,137.67972,-2.4802833,103.15463,-37.00537,134.61871,-5.5412893,121.15413,-19.005878
2026-04-08 18:32:03,128.2112,150.984,115.94124,-35.042755,145.23447,-5.7495313,111.05672,-39.92728,143.45268,-7.5313144,129.91455,-21.06944
2026-04-08 18:33:03,138.94,142.596,107.18011,-35.415886,136.42467,-6.1713314,104.21704,-38.378956,135.82568,-6.770304,121.67441,-20.921585
2026-04-08 18:34:03,144.2896,150.6384,116.14899,-34.48941,140.26535,-10.373044,107.83345,-42.80495,138.2211,-12.4173,127.916595,-22.721804
2026-04-08 18:35:03,149.6016,158.574,120.98481,-37.589195,140.22478,-18.349228,118.79288,-39.78113,139.53989,-19.03412,132.9372,-25.636808
2026-04-08 18:36:03,146.8842,166.464,123.576614,-42.887394,138.23224,-28.23176,122.68709,-43.776913,139.63525,-26.828749,136.428,-30.03601
2026-04-08 18:37:03,154.8512,147.4248,103.202286,-44.22252,129.48949,-17.935324,106.66539,-40.759415,130.10368,-17.321117,118.96816,-28.45664
2026-04-08 18:38:03,154.8512,152.966,107.032455,-45.93355,129.41429,-23.551708,110.77876,-42.187237,130.71216,-22.253847,124.06127,-28.904734
2026-04-08 18:39:03,142.7271,131.1676,88.76849,-42.399113,115.967545,-15.200062,91.3551,-39.812504,121.15166,-10.015946,106.73517,-24.432434
2026-04-08 18:40:03,134.5002,128.524,90.218506,-38.305496,114.10933,-14.414676,89.68799,-38.836018,121.219215,-7.304788,106.731125,-21.792881
2026-04-08 18:41:03,150.3655,114.7836,82.65895,-32.12465,103.78191,-11.001689,81.21834,-33.565266,112.99011,-1.7934862,97.19887,-17.584728
2026-04-08 18:42:03,156.9552,120.2796,90.978485,-29.301115,106.00664,-14.272968,84.04637,-36.23323,110.30119,-9.978412,103.295105,-16.984495
2026-04-08 18:43:03,159.5464,132.544,104.56669,-27.977318,111.91155,-20.632454,93.64577,-38.89824,110.39314,-22.15086,113.36641,-19.177593
2026-04-08 18:44:03,176.7687,131.1582,100.51814,-30.64006,108.974495,-22.183708,93.311806,-37.846397,106.615616,-24.542583,111.00839,-20.14981
2026-04-08 18:45:03,170.3016,138.0654,105.77251,-32.29289,109.38722,-28.678177,100.750916,-37.314484,104.11196,-33.953438,115.78844,-22.276958
2026-04-08 18:46:03,150.3982,136.759,106.574066,-30.184938,107.62121,-29.137796,95.952354,-40.80665,103.242905,-33.516094,113.263885,-23.495113
2026-04-08 18:47:03,155.5219,153.318,118.316315,-35.001682,116.12103,-37.196964,113.50556,-39.81243,110.186356,-43.13164,125.61802,-27.699974
2026-04-08 18:48:03,154.1568,142.5348,106.21463,-36.32018,109.075935,-33.45887,106.14024,-36.394566,102.72482,-39.80998,114.29028,-28.24452
2026-04-08 18:49:03,155.4089,139.9,101.971634,-37.928356,106.03023,-33.869766,101.24547,-38.65453,98.54054,-41.359455,111.67671,-28.223278
2026-04-08 18:50:03,160.2666,128.9472,92.75343,-36.19377,96.089005,-32.8582,90.16971,-38.7775,88.97577,-39.97143,102.06842,-26.87878
2026-04-08 18:51:03,162.1263,112.36,78.50629,-33.853714,83.34113,-29.018866,76.59869,-35.761314,75.93401,-36.425987,88.66171,-23.698284
2026-04-08 18:52:03,145.58,97.1175,70.45752,-26.659985,72.460884,-24.656614,62.54422,-34.57328,63.3978,-33.7197,77.1625,-19.955
2026-04-08 18:53:03,121.839,97.1175,75.217575,-21.899921,73.88336,-23.23414,64.58699,-32.530506,62.741966,-34.375534,78.874985,-18.242517
2026-04-08 18:54:03,102.06,111.0582,89.659195,-21.398998,80.06602,-30.992182,78.08441,-32.97379,64.01968,-47.03852,90.01785,-21.040344
2026-04-08 18:55:03,81.8064,123.4992,100.62641,-22.87279,82.50579,-40.99341,89.88165,-33.61755,62.327938,-61.17126,97.49728,-26.00192
2026-04-08 18:56:03,72.2704,129.0024,102.45332,-26.549068,80.13508,-48.867317,95.22137,-33.78103,58.01825,-70.984146,98.62999,-30.372402
2026-04-08 18:57:03,70.1976,144.1382,111.90712,-32.231083,82.441086,-61.697117,108.812454,-35.32575,61.657738,-82.48046,108.006165,-36.13204
2026-04-08 18:58:03,69.1665,150.9624,114.43474,-36.527664,81.046844,-69.91556,118.09732,-32.865086,62.398468,-88.563934,110.4299,-40.532505
2026-04-08 18:59:03,68.1344,153.582,110.148346,-43.43365,80.73016,-72.85184,117.559006,-36.02299,62.422752,-91.15925,109.342705,-44.239296
2026-04-08 19:00:03,67.0635,134.3424,89.04942,-45.292988,71.46331,-62.879097,100.9523,-33.39011,52.986572,-81.355835,91.972275,-42.37013
2026-04-08 19:01:03,65.9928,134.3424,90.48692,-43.855488,67.179634,-67.16277,94.1523,-40.19011,50.721977,-83.62043,92.61403,-41.728374
2026-04-08 19:02:03,65.968,131.6188,89.82032,-41.798485,62.72448,-68.894325,94.77497,-36.843834,48.73484,-82.883965,90.718,-40.900803
2026-04-08 19:03:03,64.8918,131.6376,89.67496,-41.962646,59.63491,-72.00269,90.84041,-40.797195,45.148697,-86.48891,90.37748,-41.260124
2026-04-08 19:04:03,61.683,127.5456,90.22583,-37.319767,53.63141,-73.91419,86.09619,-41.449413,39.389244,-88.15636,86.75581,-40.789783
2026-04-08 19:05:03,60.6138,127.5638,93.26161,-34.30218,52.43946,-75.12434,83.97769,-43.5861,37.490074,-90.07372,85.77086,-41.792934
2026-04-08 19:06:03,58.465,127.5638,94.78682,-32.77698,50.15577,-77.40803,89.38118,-38.182613,34.68605,-92.87775,84.006134,-43.557663
2026-04-08 19:07:03,54.1926,141.2788,105.79709,-35.481705,53.899063,-87.37973,101.71834,-39.56045,36.988785,-104.29001,92.221634,-49.057163
2026-04-08 19:08:03,49.9234,141.2182,101.0651,-40.1531,53.582993,-87.63521,100.44359,-40.77461,36.821404,-104.3968,88.265335,-52.95287
2026-04-08 19:09:03,46.7192,135.6448,94.42709,-41.217712,54.610924,-81.03388,96.48401,-39.160797,35.72635,-99.91846,81.33282,-54.31199
2026-04-08 19:10:03,44.5788,137.1051,94.89374,-42.21137,52.36966,-84.73544,95.73355,-41.37155,34.754555,-102.35055,80.484665,-56.620438
2026-04-08 19:11:03,44.5788,140.4405,94.92145,-45.519054,55.47516,-84.96535,97.93375,-42.506763,38.57756,-101.862946,80.90035,-59.540154
2026-04-08 19:13:03,40.3256,147.4007,98.42952,-48.97118,56.83567,-90.565025,99.66272,-47.737972,39.39045,-108.01025,83.980995,-63.4197
2026-04-08 19:14:03,38.1888,147.4007,98.44768,-48.953022,51.149155,-96.25154,95.27228,-52.128418,33.727837,-113.67286,80.94785,-66.45284
2026-04-08 19:15:03,36.0604,155.2615,105.61188,-49.649624,49.08834,-106.173164,102.58062,-52.680885,35.4535,-119.80801,84.425804,-70.8357
2026-04-08 19:16:03,33.9648,161.784,108.40314,-53.38086,46.513374,-115.27062,106.693695,-55.090305,35.530823,-126.253174,85.89593,-75.88807
2026-04-08 19:17:03,30.8416,161.784,107.40596,-54.37804,45.0885,-116.695496,107.93431,-53.84968,33.947433,-127.83656,82.41649,-79.36751
2026-04-08 19:18:03,24.2973,176.0509,119.10078,-56.950127,46.03833,-130.01257,118.95501,-57.095894,38.062378,-137.98853,89.71988,-86.331024
2026-04-08 19:19:03,20.2175,162.9943,105.00864,-57.985653,39.373634,-123.62066,105.2795,-57.71479,31.721771,-131.27252,75.70364,-87.29065
2026-04-08 19:20:03,16.4864,148.5695,92.71752,-55.851982,31.595673,-116.97383,90.75862,-57.81088,23.913795,-124.65571,64.32981,-84.23969
2026-04-08 19:21:03,17.3568,151.3901,100.004,-51.386112,35.423737,-115.96637,94.57818,-56.811928,25.682106,-125.708,66.9222,-84.4679
2026-04-08 19:22:03,19.6672,144.56,95.84612,-48.713875,33.4376,-111.1224,91.1293,-53.43069,22.58435,-121.97565,60.492844,-84.067154
2026-04-08 19:23:03,19.6672,133.6896,89.0401,-44.6495,29.110817,-104.57879,78.76811,-54.92149,18.140114,-115.54949,51.85782,-81.83179
2026-04-08 19:24:03,20.185,144.56,97.11881,-47.441185,34.337975,-110.22202,89.75601,-54.80398,23.484268,-121.07573,60.19986,-84.36014
2026-04-08 19:25:03,19.0512,152.68,102.32416,-50.35583,37.879356,-114.80064,95.15281,-57.527184,28.013725,-124.66627,64.69033,-87.98966
2026-04-08 19:26:03,14.1312,147.234,97.31375,-49.920246,35.82,-111.413994,93.76817,-53.465824,26.438301,-120.79569,57.701653,-89.53234
2026-04-08 19:27:03,5.0856,141.6984,91.17284,-50.525555,33.55465,-108.143745,91.258514,-50.439877,24.314026,-117.38437,52.101654,-89.59674
2026-04-09 07:59:03,7.3638,141.6984,93.132576,-48.56582,34.90085,-106.79755,95.70738,-45.991013,26.807365,-114.89103,51.450783,-90.24761
2026-04-09 08:00:03,7.3638,139.08,93.696335,-45.38367,34.827194,-104.25281,94.06059,-45.019413,27.158676,-111.921326,49.626213,-89.45379
2026-04-09 08:01:03,14.9475,130.942,88.46048,-42.481518,32.77687,-98.16513,85.60775,-45.33425,24.953285,-105.988716,43.73539,-87.20661
2026-04-09 08:02:03,14.958,120.0216,79.67502,-40.34658,29.217781,-90.80382,73.213356,-46.808243,21.214104,-98.807495,36.70246,-83.31914
2026-04-09 08:03:03,17.7093,119.9872,82.33879,-37.648403,31.423035,-88.56416,74.81735,-45.16985,23.007423,-96.979774,38.296288,-81.69091
2026-04-09 08:04:03,18.4056,128.2112,87.62725,-40.583946,37.45759,-90.75361,83.32086,-44.89034,29.348717,-98.86248,44.813118,-83.39808
2026-04-09 08:05:03,18.3984,138.94,94.12398,-44.816025,42.319626,-96.62038,87.84927,-51.090725,33.452385,-105.48762,51.406097,-87.533905
2026-04-09 08:06:03,19.9732,144.2896,95.42155,-48.86805,43.34455,-100.945045,89.33506,-54.954536,31.771233,-112.518364,53.01976,-91.26984
2026-04-09 08:07:03,20.9032,149.6016,96.9429,-52.658688,42.88639,-106.7152,92.49815,-57.10344,30.839226,-118.76237,54.211403,-95.39019
2026-04-09 08:08:03,19.6288,146.8842,95.30307,-51.581135,41.379112,-105.50509,95.01376,-51.870434,29.23278,-117.65142,49.428055,-97.45615
2026-04-09 08:09:03,18.372,154.8512,99.79147,-55.059723,44.60785,-110.24335,102.74267,-52.10853,32.78414,-122.067055,54.29573,-100.555466
2026-04-09 08:10:03,17.1752,154.8512,94.17319,-60.678013,40.253998,-114.5972,103.79308,-51.058113,27.529434,-127.32176,52.463074,-102.38812
2026-04-09 08:11:03,17.1752,142.7271,85.43017,-57.29693,32.081924,-110.64517,92.68801,-50.039085,19.03025,-123.696846,42.47618,-100.250916
2026-04-09 08:12:03,15.2152,134.5002,79.77914,-54.72106,26.448563,-108.051636,85.20851,-49.291687,11.5926895,-122.90751,36.147537,-98.35266
2026-04-09 08:13:03,13.5488,150.3655,92.037964,-58.327534,35.23561,-115.12988,96.01881,-54.346687,16.992249,-133.37325,48.48561,-101.87988
2026-04-09 08:14:03,13.5376,156.9552,90.80685,-66.14835,35.31414,-121.64106,99.36815,-57.587055,15.813446,-141.14175,51.905434,-105.04977
2026-04-09 08:15:03,13.3826,159.5464,92.07792,-67.46848,32.848427,-126.697975,96.159744,-63.386654,13.613281,-145.93312,53.093536,-106.452866
2026-04-09 08:16:03,13.9712,176.7687,105.1719,-71.59681,39.515488,-137.25322,106.51733,-70.25138,20.464996,-156.30371,65.82571,-110.943
2026-04-09 08:17:03,13.7728,170.3016,96.32805,-73.97356,35.955353,-134.34625,101.84671,-68.454895,16.859985,-153.44162,59.056007,-111.2456
2026-04-09 08:18:03,14.7858,150.3982,81.26886,-69.12933,25.95182,-124.44637,85.81281,-64.58538,7.6378326,-142.76036,43.04686,-107.35133
2026-04-09 08:19:03,14.6727,155.5219,88.970924,-66.55097,29.703949,-125.81795,89.27304,-66.248856,12.875198,-142.6467,47.865242,-107.656654
2026-04-09 08:20:03,15.4152,154.1568,88.07935,-66.077446,30.441948,-123.71485,93.77063,-60.386166,14.243118,-139.91368,46.746353,-107.410446
2026-04-09 08:21:03,15.6597,155.4089,93.023705,-62.3852,31.252693,-124.15621,93.8698,-61.539112,16.178635,-139.23027,47.669952,-107.73895
2026-04-09 08:22:03,16.4824,160.2666,97.92372,-62.34288,33.75641,-126.51019,93.8773,-66.389305,17.831253,-142.43535,50.837746,-109.428856
2026-04-09 08:23:03,14.64,162.1263,95.57881,-66.547485,32.09648,-130.02982,96.393196,-65.7331,17.001114,-145.12518,51.539345,-110.58695
2026-04-09 08:24:03,17.6016,145.58,84.636314,-60.943687,20.330498,-125.249504,78.85877,-66.72123,6.0747986,-139.5052,37.40422,-108.17578
2026-04-09 08:25:03,20.7966,121.839,65.42904,-56.409958,9.254761,-112.584236,59.895344,-61.943653,0.0,-125.825584,20.784119,-101.05488
2026-04-09 08:26:03,23.5116,102.06,53.52908,-48.53092,4.5332565,-97.52674,46.840252,-55.219746,0.0,-110.31771,10.028732,-92.031265
2026-04-09 08:27:03,25.3888,81.8064,43.289356,-38.51704,0.0,-82.01888,37.573875,-44.23252,0.0,-92.462364,3.4393616,-78.367035
2026-04-09 08:28:03,25.56,72.2704,47.364376,-24.906025,1.9780426,-70.29236,36.585274,-35.685127,0.0,-79.012405,7.629608,-64.64079
2026-04-09 08:29:03,25.488,70.1976,51.37863,-18.81897,7.3942604,-62.80334,40.72883,-29.468771,0.0,-70.41808,16.934849,-53.262753
2026-04-09 08:30:03,25.128,69.1665,57.446243,-11.720252,10.552582,-58.613914,41.734886,-27.431608,4.2900467,-64.87645,24.957726,-44.20877
2026-04-09 08:31:03,27.548,68.1344,63.147766,-4.9866333,13.032742,-55.101658,46.389996,-21.744404,9.367104,-58.767296,31.178375,-36.956024
2026-04-09 08:32:03,28.08,67.0635,63.788815,-3.2746844,15.662724,-51.400776,48.356987,-18.706512,15.2900505,-51.77345,35.803276,-31.260225
2026-04-09 08:33:03,25.9666,65.9928,63.469345,-2.523453,16.979836,-49.012962,50.585278,-15.407519,17.850464,-48.142334,39.603035,-26.389765
2026-04-09 08:34:03,24.745,65.968,65.61454,-0.35346445,19.992176,-45.975826,52.13769,-13.830311,24.036854,-41.93115,43.71834,-22.24966
2026-04-09 08:35:03,23.2632,64.8918,65.71919,0.82739276,21.494453,-43.397346,54.138084,-10.7537155,28.11744,-36.77436,46.361496,-18.530304
2026-04-09 08:36:03,21.5892,61.683,66.02133,4.33833,21.37035,-40.31265,50.01982,-11.663179,28.89444,-32.78856,47.01108,-14.671918
2026-04-09 08:37:03,17.879,60.6138,68.27905,7.665252,22.676289,-37.93751,53.678154,-6.935647,29.55188,-31.06192,49.66767,-10.946128
2026-04-09 08:38:03,20.8912,58.465,65.89626,7.43126,24.318134,-34.146866,54.7172,-3.7478004,30.153122,-28.311878,51.388916,-7.0760846
2026-04-09 08:39:03,23.3376,54.1926,61.637417,7.444818,21.718056,-32.474545,49.438747,-4.753853,27.345036,-26.847565,51.07144,-3.1211584
2026-04-09 08:40:03,26.432,49.9234,58.16708,8.243679,19.987839,-29.935562,46.14368,-3.7797217,25.409472,-24.51393,52.141342,2.217942
2026-04-09 08:41:03,27.2512,46.7192,56.604374,9.885174,20.208902,-26.510298,48.077988,1.3587865,23.903416,-22.815784,55.12644,8.407238
2026-04-09 08:42:03,27.2512,44.5788,57.08746,12.508658,21.152744,-23.426056,47.1554,2.5766006,24.052357,-20.526443,59.18682,14.608022
2026-04-09 08:43:03,28.048,44.5788,61.05712,16.47832,24.518265,-20.060535,48.752106,4.173304,26.212034,-18.366766,63.810135,19.231335
2026-04-09 08:44:03,27.3585,40.3256,58.96698,18.641382,24.723377,-15.602222,42.235153,1.9095529,24.927864,-15.397737,64.165955,23.840357
2026-04-09 08:45:03,27.3585,38.1888,56.425583,18.236782,27.595753,-10.593048,42.75845,4.569649,26.179451,-12.00935,66.16558,27.97678
2026-04-09 08:46:03,26.6136,36.0604,57.096146,21.035746,28.511934,-7.548464,40.335705,4.275306,25.759062,-10.301336,67.156265,31.09587
2026-04-09 08:47:03,26.6136,33.9648,60.795006,26.830206,29.599329,-4.3654723,40.59119,6.6263876,26.371737,-7.5930657,67.44603,33.481228
2026-04-09 08:48:03,27.9384,30.8416,60.67473,29.833126,31.397646,0.55604637,40.486416,9.6448145,27.21795,-3.6236503,68.250145,37.408546
2026-04-09 08:49:03,28.6792,24.2973,54.64544,30.348137,31.92336,7.626061,37.199333,12.902035,27.599115,3.3018153,66.50934,42.212036
2026-04-09 08:50:03,29.34,20.2175,55.145058,34.927555,33.076084,12.858584,37.443848,17.226345,28.77468,8.5571785,67.72457,47.507072
2026-04-09 08:51:03,32.5864,16.4864,60.729443,44.243042,38.095314,21.608913,39.14028,22.653883,31.993246,15.506845,69.365364,52.878963
2026-04-09 08:52:03,34.1505,17.3568,63.68632,46.32952,44.94382,27.58702,42.53982,25.183022,36.38124,19.024443,73.00609,55.64929
2026-04-09 08:53:03,33.1232,19.6672,68.713135,49.045933,48.250885,28.583683,45.965652,26.298454,38.932213,19.265015,77.198784,57.531586
2026-04-09 08:54:03,31.122,19.6672,70.262405,50.595203,49.209534,29.542332,51.48447,31.81727,39.775436,20.108236,78.4757,58.8085
2026-04-09 08:55:03,27.6944,20.185,74.55749,54.37249,50.149776,29.964777,54.833214,34.648216,40.435364,20.250366,77.14379,56.95879
2026-04-09 08:56:03,27.6944,19.0512,68.57569,49.52449,47.355682,28.304483,51.58183,32.53063,37.346455,18.295254,73.3405,54.2893
2026-04-09 08:57:03,27.949,14.1312,58.915283,44.784084,40.57834,26.44714,41.626587,27.495388,30.038319,15.907119,64.92697,50.79577
2026-04-09 08:58:03,29.4918,5.0856,49.87529,44.78969,32.923687,27.838087,32.83291,27.747307,21.731663,16.646063,52.421326,47.335724
2026-04-09 08:59:03,32.4976,7.3638,60.239014,52.875214,41.950687,34.586887,37.810905,30.447104,29.12265,21.75885,64.243675,56.879875
2026-04-09 09:00:03,33.9986,7.3638,63.934483,56.570683,46.31606,38.95226,46.275387,38.911587,32.301857,24.938059,67.11992,59.75612
2026-04-09 09:01:03,38.956,14.9475,83.15744,68.20994,55.737434,40.789936,64.687294,49.73979,42.36512,27.417618,78.14309,63.195587
2026-04-09 09:02:03,39.9709,14.958,92.585075,77.627075,58.570404,43.612404,63.599354,48.641354,45.297543,30.339542,80.04017,65.08217
2026-04-09 09:03:03,41.9379,17.7093,108.94376,91.23447,64.10229,46.39299,73.40197,55.692673,50.959785,33.250484,85.157715,67.44842
2026-04-09 09:04:03,43.839,18.4056,113.469345,95.06374,66.77466,48.369057,75.84906,57.44346,52.783043,34.37744,87.6182,69.2126
2026-04-09 09:05:03,44.7442,18.3984,117.403885,99.005486,66.98092,48.58252,79.0739,60.6755,52.850887,34.452488,88.687675,70.289276
2026-04-09 09:06:03,44.7304,19.9732,125.16901,105.19581,68.806404,48.833202,81.08472,61.111515,55.198547,35.225346,90.62127,70.64807
2026-04-09 09:07:03,44.7304,20.9032,132.2522,111.34899,70.06799,49.164795,91.34868,70.44548,57.134117,36.230915,92.847244,71.944046
2026-04-09 09:08:03,44.712,19.6288,132.23291,112.60411,70.20155,50.572754,86.609886,66.98109,57.739758,38.11096,92.26443,72.63563
2026-04-09 09:09:03,43.7805,18.372,138.38043,120.00844,70.23767,51.865673,83.79727,65.42527,59.7778,41.4058,91.56619,73.19419
2026-04-09 09:10:03,41.8648,17.1752,132.45549,115.28029,69.707016,52.531815,91.72315,74.54795,62.08319,44.90799,90.54909,73.373886
2026-04-09 09:11:03,39.9668,17.1752,132.96236,115.78716,69.883415,52.708218,96.54678,79.37158,64.11698,46.94178,90.621216,73.446014
2026-04-09 09:12:03,39.164,15.2152,124.31333,109.09813,69.30822,54.09302,100.92617,85.71097,65.2235,50.0083,88.38056,73.16536
2026-04-09 09:13:03,39.296,13.5488,122.78401,109.235214,68.921005,55.372204,94.63514,81.08634,68.09044,54.54164,85.56115,72.01235
2026-04-09 09:14:03,41.328,13.5376,122.716156,109.17856,68.84373,55.306126,91.54368,78.00608,70.56304,57.025444,84.97543,71.437836
2026-04-09 09:15:03,43.3664,13.3826,117.913956,104.53136,70.234634,56.85203,91.24914,77.86654,71.873535,58.490932,84.25982,70.87722
2026-04-09 09:16:03,45.4112,13.9712,118.18329,104.21209,72.414764,58.443565,91.73794,77.76674,74.472145,60.500946,85.01951,71.04831
2026-04-09 09:17:03,46.9824,13.7728,123.19589,109.423096,72.565445,58.792645,96.538895,82.76609,75.44942,61.676617,84.80646,71.03365
2026-04-09 09:18:03,46.9824,14.7858,124.0686,109.28281,74.55113,59.765335,94.5091,79.723305,76.29408,61.50828,86.20509,71.4193
2026-04-09 09:19:03,48.52,14.6727,125.58519,110.91249,76.471085,61.798386,102.79325,88.12055,77.1439,62.471195,86.74639,72.07369
2026-04-09 09:20:03,47.99,15.4152,129.27272,113.85752,77.93701,62.52181,105.42367,90.00847,78.52733,63.11213,87.80303,72.38783
2026-04-09 09:21:03,47.52,15.6597,124.297966,108.63827,77.10349,61.44379,99.46979,83.81009,78.70579,63.04609,87.370224,71.710526
2026-04-09 09:22:03,47.28,16.4824,123.57749,107.09509,76.81969,60.337288,104.05324,87.57084,79.49472,63.012318,88.064064,71.581665
2026-04-09 09:23:03,45.6432,14.64,124.19681,109.55681,76.76085,62.120846,99.449425,84.809425,78.61112,63.971123,85.25036,70.61036
2026-04-09 09:24:03,44.8897,17.6016,128.99762,111.39602,82.59209,64.990486,110.52732,92.92572,82.11105,64.50945,87.381454,69.779854
2026-04-09 09:25:03,44.1232,20.7966,122.82855,102.03195,86.78295,65.98635,111.47272,90.67612,86.15242,65.35582,89.69163,68.89503
2026-04-09 09:26:03,44.5602,23.5116,123.99667,100.48508,91.42255,67.91095,110.06511,86.55351,89.931076,66.41947,92.35947,68.84786
2026-04-09 09:27:03,45.0892,25.3888,125.26763,99.87883,95.50454,70.11574,117.87828,92.48948,93.01369,67.624886,94.65333,69.26453
2026-04-09 09:28:03,45.3514,25.56,121.4992,95.9392,97.97287,72.41287,114.87324,89.31324,94.10239,68.54239,96.14874,70.588745
2026-04-09 09:29:03,45.3514,25.488,112.62539,87.13739,100.97296,75.48496,115.8196,90.331604,94.33312,68.84512,96.760666,71.27267
2026-04-09 09:30:03,46.3608,25.128,112.32074,87.19274,102.17248,77.04448,113.25734,88.12934,93.49996,68.37196,96.99085,71.862854
2026-04-09 09:31:03,48.069,27.548,121.26709,93.71909,105.606735,78.05874,110.33917,82.791176,94.44032,66.89233,99.055756,71.50775
2026-04-09 09:32:03,47.1504,28.08,121.28698,93.20698,106.9599,78.8799,107.454285,79.37428,94.5762,66.4962,99.158844,71.07884
2026-04-09 09:33:03,45.264,25.9666,128.1391,102.17249,104.68716,78.72056,110.050835,84.084236,92.08802,66.12142,96.97931,71.01271
2026-04-09 09:34:03,44.316,24.745,136.94592,112.20092,103.67989,78.93489,101.26615,76.52115,91.57311,66.82811,95.63212,70.887115
2026-04-09 09:35:03,42.6001,23.2632,138.65506,115.39185,102.24128,78.97808,105.72979,82.46659,90.54185,67.27865,92.876114,69.612915
2026-04-09 09:36:03,40.9549,21.5892,132.39842,110.80922,100.91817,79.32897,106.317444,84.72825,87.31676,65.727554,91.104034,69.51483
2026-04-09 09:37:03,40.164,17.879,125.91057,108.03157,97.582436,79.70344,103.27178,85.392784,83.65384,65.77484,86.665215,68.78622
2026-04-09 09:38:03,42.1428,20.8912,124.754295,103.8631,101.15433,80.26313,101.30306,80.411865,86.34294,65.451744,88.979164,68.08797
2026-04-09 09:39:03,43.129,23.3376,121.50824,98.17064,102.208176,78.870575,97.72972,74.39212,87.545135,64.207535,90.750565,67.412964
2026-04-09 09:40:03,43.129,26.432,120.09797,93.66597,104.47725,78.04525,106.76327,80.33127,92.06672,65.63472,94.41537,67.98337
2026-04-09 09:42:03,46.3128,27.2512,124.04867,96.79747,106.08271,78.83151,103.97319,76.72199,97.88497,70.63377,95.39593,68.14473
2026-04-09 09:43:03,48.384,27.2512,126.60551,99.35431,105.227516,77.97632,94.29742,67.04622,102.92612,75.67492,95.479195,68.228
2026-04-09 09:44:03,48.3552,28.048,125.39984,97.35184,106.846054,78.79806,96.42363,68.37563,109.985855,81.93786,97.324066,69.27607
2026-04-09 09:45:03,47.3948,27.3585,133.98329,106.62479,111.38656,84.02806,100.532715,73.17422,114.86177,87.50327,97.18198,69.82348
2026-04-09 09:46:03,45.477,27.3585,139.46193,112.10343,113.68758,86.32908,98.78404,71.425545,117.73492,90.37642,97.463455,70.10496
2026-04-09 09:47:03,45.2475,26.6136,135.13509,108.52149,115.19222,88.57862,109.66083,83.047226,117.973335,91.35973,96.99865,70.38505
2026-04-09 09:48:03,45.045,26.6136,142.63025,116.01665,117.23921,90.62561,115.99764,89.38404,114.65975,88.04615,97.14076,70.52716
2026-04-09 09:49:03,45.8988,27.9384,151.5332,123.594795,117.563286,89.624886,120.29814,92.35974,110.38772,82.44932,98.27829,70.33989
2026-04-09 09:50:03,47.6256,28.6792,146.31412,117.634926,115.95115,87.27195,118.78129,90.10209,105.5327,76.8535,98.91109,70.23189
2026-04-09 09:51:03,49.32,29.34,137.43642,108.09641,114.68643,85.346436,128.19957,98.859566,102.99713,73.65713,99.46684,70.12684
2026-04-09 09:52:03,49.32,32.5864,139.23282,106.64642,113.54439,80.95799,122.880005,90.29361,104.4191,71.8327,102.06561,69.47922
2026-04-09 09:53:03,49.07,34.1505,139.1901,105.03959,110.220566,76.07006,117.046295,82.89579,106.13916,71.98866,102.93225,68.781746
2026-04-09 09:54:03,48.98,33.1232,134.81404,101.69084,107.97374,74.85054,111.93418,78.81098,106.75794,73.63474,101.67972,68.55652
2026-04-09 09:55:03,48.89,31.122,137.08302,105.96103,105.51603,74.39403,115.06888,83.94688,106.60668,75.48468,99.6895,68.5675
2026-04-09 09:56:03,49.06,27.6944,129.4477,101.753296,103.1154,75.421005,109.76341,82.06901,105.20636,77.51196,96.6205,68.926094
2026-04-09 09:57:03,49.185,27.6944,132.55823,104.86383,103.408844,75.71445,106.55473,78.86033,104.31262,76.61822,96.74069,69.046295
2026-04-09 09:58:03,49.385,27.949,125.28562,97.336624,101.72011,73.77111,106.23791,78.28891,104.35941,76.410416,97.123505,69.17451
2026-04-09 09:59:03,49.285,29.4918,125.12283,95.631035,99.40527,69.913475,108.962555,79.47076,102.23358,72.74178,98.45002,68.95822
2026-04-09 10:00:03,49.24,32.4976,119.79329,87.295685,98.64732,66.14972,99.02701,66.52941,100.5699,68.0723,100.78781,68.29021
2026-04-09 10:01:03,49.195,33.9986,122.69498,88.69638,98.47359,64.47498,94.92052,60.921917,97.840256,63.84166,101.68204,67.68343
2026-04-09 10:02:03,50.0448,38.956,116.258514,77.30251,99.472664,60.516663,106.70688,67.75088,98.00433,59.048332,105.54283,66.58683
2026-04-09 10:03:03,50.0448,39.9709,119.46129,79.49039,98.9581,58.9872,108.94785,68.97695,95.19302,55.222122,105.83877,65.86787
2026-04-09 10:04:03,50.0472,41.9379,113.493195,71.5553,102.01322,60.07532,104.70451,62.76661,94.187454,52.249554,107.230545,65.29265
2026-04-09 10:05:03,48.282,43.839,114.78175,70.94275,105.2184,61.379402,105.93361,62.094604,96.79422,52.955215,108.64967,64.81068
2026-04-09 10:06:03,47.4759,44.7442,107.278046,62.533848,103.935814,59.191612,101.54927,56.805065,99.373566,54.629368,109.17464,64.430435
2026-04-09 10:07:03,45.8003,44.7304,112.96872,68.23832,103.24867,58.518272,93.636314,48.905914,101.06641,56.336002,108.91903,64.18863
2026-04-09 10:08:03,47.0057,44.7304,106.05021,61.31981,102.83925,58.108845,92.66281,47.93241,103.82237,59.091976,108.76151,64.03111
2026-04-09 10:09:03,48.58,44.712,104.82113,60.109127,101.77647,57.064465,88.616714,43.904713,107.45941,62.74741,108.66533,63.95333
2026-04-09 10:10:03,49.81,43.7805,106.05928,62.278778,97.530365,53.74987,84.454735,40.674236,107.5376,63.7571,107.73535,63.95485
2026-04-09 10:11:03,53.838,41.8648,111.12579,69.260994,93.66075,51.79595,84.714935,42.85014,103.92731,62.062508,105.93255,64.06775
2026-04-09 10:12:03,55.8544,39.9668,112.25511,72.28831,90.27332,50.306522,83.359375,43.39258,100.91023,60.943428,104.2216,64.2548
2026-04-09 10:13:03,57.9014,39.164,106.92781,67.76381,87.82802,48.664017,100.66682,61.502815,97.73456,58.570557,103.56424,64.40024
2026-04-09 10:14:03,59.952,39.296,105.37608,66.080086,85.14818,45.852173,104.73546,65.43946,94.33348,55.037483,103.75685,64.460846
2026-04-09 10:15:03,57.8492,41.328,105.005714,63.677715,83.146576,41.818577,98.555336,57.227337,94.5219,53.193893,105.6936,64.3656
2026-04-09 10:16:03,57.739,43.3664,99.824486,56.458084,82.99515,39.628742,100.58121,57.2148,95.047325,51.680923,107.55147,64.18507
2026-04-09 10:17:03,58.116,45.4112,99.79393,54.38273,83.38521,37.974003,105.219955,59.80875,94.91472,49.50352,109.29866,63.887463
2026-04-09 10:18:03,58.3364,46.9824,104.495575,57.51318,81.83256,34.85016,102.325966,55.343567,94.93854,47.956142,110.598114,63.61571
2026-04-09 10:19:03,58.7656,46.9824,106.04129,59.058895,81.40067,34.418274,95.21831,48.235905,96.38546,49.40306,110.44574,63.463337
2026-04-09 10:20:03,56.2375,48.52,98.89336,50.37336,81.44986,32.92986,100.87222,52.35222,94.98454,46.464546,111.77782,63.25782
2026-04-09 10:21:03,55.7118,47.99,99.35846,51.368454,79.821976,31.831976,89.62474,41.63474,92.45026,44.460255,111.116135,63.12613
2026-04-09 10:22:03,54.9239,47.52,101.72041,54.20041,77.8449,30.324903,87.93184,40.411842,89.69911,42.17911,110.55427,63.034267
2026-04-09 10:23:03,55.0617,47.28,101.67714,54.39714,75.681885,28.401882,86.8147,39.5347,82.95793,35.677933,110.28815,63.008144
2026-04-09 10:24:03,55.2048,45.6432,94.942276,49.299076,71.3805,25.737299,92.64334,47.000137,73.566315,27.923117,108.75488,63.11168
2026-04-09 10:25:03,56.3436,44.8897,94.878006,49.988304,65.78726,20.897562,87.08443,42.19472,65.62875,20.739052,107.927155,63.03745
2026-04-09 10:26:03,59.3826,44.1232,97.18193,53.058735,60.925995,16.802794,84.7884,40.6652,59.859985,15.736786,107.13382,63.01062
2026-04-09 10:27:03,60.378,44.5602,87.57186,43.01166,58.191525,13.631325,82.74686,38.18666,55.936172,11.375972,107.513626,62.953423
2026-04-09 10:28:03,61.3718,45.0892,84.89917,39.809975,56.747124,11.657925,94.36946,49.28026,52.61615,7.5269513,107.74931,62.660114
2026-04-09 10:29:03,60.3806,45.3514,90.70233,45.350937,56.518547,11.167148,104.00317,58.651768,50.19575,4.8443527,107.80958,62.45818
2026-04-09 10:30:03,59.4012,45.3514,86.078735,40.727337,59.05668,13.705279,96.340576,50.98918,49.421818,4.07042,107.68309,62.33169
2026-04-09 10:31:03,59.412,46.3608,81.79547,35.434673,62.099968,15.739165,105.58422,59.22342,49.868004,3.5072024,108.67325,62.312447
2026-04-09 10:32:03,59.1,48.069,85.71591,37.646915,65.17072,17.101725,103.10185,55.032852,52.87031,4.80131,110.27031,62.20131
2026-04-09 10:33:03,58.8,47.1504,86.467575,39.31718,66.110405,18.960005,95.74002,48.589626,54.393833,7.2434335,109.315475,62.165073
2026-04-09 10:34:03,59.358,45.264,82.132286,36.868286,66.90985,21.645853,93.03836,47.774357,56.884514,11.620513,107.416275,62.15228
2026-04-09 10:35:03,59.568,44.316,84.82114,40.50514,66.59697,22.280964,93.066605,48.7506,58.74758,14.4315815,106.62536,62.309357
2026-04-09 10:36:03,59.568,42.6001,75.1051,32.505,66.290276,23.690172,83.859955,41.259853,58.753906,16.153803,104.82805,62.227943
2026-04-09 10:38:03,61.0305,40.9549,79.00144,38.046543,65.469955,24.515053,86.537674,45.58278,58.69592,17.74102,103.18822,62.233315
2026-04-09 10:39:03,63.567,40.164,73.49423,33.330235,63.51445,23.35045,100.2894,60.125393,59.706673,19.542673,102.31219,62.148186
2026-04-09 10:40:03,66.0985,42.1428,77.09544,34.952644,61.252316,19.109516,97.60553,55.46273,61.459404,19.316605,104.000565,61.857765
2026-04-09 10:41:03,68.0787,43.129,76.64269,33.51369,60.03881,16.909811,100.72116,57.592163,62.682762,19.553759,104.86639,61.737385
2026-04-09 10:42:03,72.0224,43.129,75.80719,32.67819,58.56475,15.43575,106.68535,63.55635,64.45169,21.322691,104.758804,61.629803
2026-04-09 10:43:03,76.77,46.3128,77.99459,31.681787,60.52061,14.207809,113.69,67.3772,67.167496,20.85469,107.618675,61.305874
2026-04-09 10:44:03,77.4136,48.384,84.38158,35.99758,64.86696,16.482962,111.020035,62.636032,69.88531,21.501308,109.3461,60.9621
2026-04-09 10:45:03,78.0472,48.3552,86.595375,38.240173,69.58797,21.232767,104.28598,55.930782,69.31729,20.962093,109.11664,60.76144
2026-04-09 10:46:03,79.2686,47.3948,90.85232,43.45752,70.845436,23.450638,106.05847,58.66367,71.005035,23.610237,108.04844,60.65364
2026-04-09 10:47:03,79.896,45.477,90.116776,44.639774,70.88375,25.40675,106.48714,61.010136,72.552124,27.07512,106.044266,60.56726
2026-04-09 10:48:03,79.896,45.2475,98.95468,53.70718,74.45655,29.209047,100.28148,55.033978,76.303764,31.056261,105.7518,60.504295
2026-04-09 10:49:03,79.928,45.045,94.70332,49.65832,78.41643,33.37143,113.735054,68.690056,78.97975,33.93475,105.514046,60.469048
2026-04-09 10:50:03,80.9433,45.8988,97.786316,51.887516,84.0133,38.1145,117.53572,71.63692,81.64458,35.74578,106.29074,60.391937
2026-04-09 10:51:03,81.9508,47.6256,103.0793,55.453705,89.09273,41.46713,112.92264,65.297035,83.04379,35.418198,107.84685,60.22125
2026-04-09 10:52:03,83.9832,49.32,111.594604,62.2746,94.503876,45.183876,119.91026,70.59026,84.64841,35.32841,109.40587,60.085873
2026-04-09 10:53:03,85.0,49.32,121.74057,72.42057,93.98872,44.668724,120.95417,71.63417,80.80631,31.486313,109.32085,60.00085
2026-04-09 10:54:03,86.0172,49.07,117.60929,68.53929,97.03775,47.967747,128.62036,79.55036,81.58843,32.518433,108.94079,59.87079
2026-04-09 10:55:03,90.054,48.98,124.978424,75.99842,101.1067,52.126698,125.3871,76.407104,85.801254,36.82125,108.87721,59.897217
2026-04-09 10:56:03,94.0752,48.89,123.04033,74.15033,102.99809,54.108093,134.7493,85.85929,88.69026,39.80026,108.7583,59.868305
2026-04-09 10:57:03,95.0855,49.06,132.3586,83.2986,103.1539,54.0939,141.10477,92.04476,88.89035,39.830345,108.842804,59.7828
2026-04-09 10:58:03,97.1164,49.185,138.58763,89.402626,105.23222,56.047222,147.77188,98.58688,89.33238,40.14738,108.77725,59.592255
2026-04-09 10:59:03,97.1164,49.385,151.34521,101.96021,110.43063,61.04564,154.05751,104.67251,92.4693,43.084305,108.8938,59.508804
2026-04-09 11:00:03,99.1386,49.285,153.8713,104.5863,118.51294,69.227936,161.43608,112.15108,94.01284,44.72784,108.693756,59.40876
2026-04-09 11:01:03,100.16,49.24,154.09335,104.85335,120.71045,71.47045,154.59064,105.35064,94.611855,45.371853,108.55599,59.31599
2026-04-09 11:02:03,100.17,49.195,156.41136,107.21636,127.45416,78.25916,156.0589,106.86391,97.72301,48.528008,108.44592,59.25092
2026-04-09 11:03:03,100.18,50.0448,159.044,108.99921,133.96817,83.92338,160.70044,110.65564,103.2455,53.200703,109.25689,59.21209
2026-04-09 11:04:03,100.19,50.0448,160.19522,110.15041,139.90262,89.85781,161.85056,111.805756,108.52165,58.476856,109.2233,59.178497
2026-04-09 11:05:03,100.2,50.0472,161.16449,111.117294,141.68716,91.63996,162.94174,112.89454,111.381386,61.334187,109.29377,59.24657
2026-04-09 11:06:03,100.2,48.282,158.81439,110.53239,142.17221,93.89021,161.40292,113.120926,109.04227,60.760265,107.56414,59.28214
2026-04-09 11:07:03,100.1,47.4759,162.21289,114.73699,144.19284,96.71695,165.71863,118.24273,108.79002,61.31412,106.76494,59.289036
2026-04-09 11:08:03,100.05,45.8003,153.54489,107.74459,143.37428,97.57398,163.76064,117.960335,107.071335,61.271034,105.072754,59.272457
2026-04-09 11:09:03,99.97,47.0057,155.71503,108.709335,144.5304,97.52469,167.39882,120.39312,107.71092,60.70522,106.040924,59.035225
2026-04-09 11:10:03,99.97,48.58,158.78952,110.209526,146.05222,97.47222,169.35129,120.771286,108.86868,60.288685,107.292915,58.712914
2026-04-09 11:11:03,99.89,49.81,158.55403,108.744026,146.06784,96.257835,164.75926,114.949265,109.44832,59.638317,108.082275,58.27227
2026-04-09 11:12:03,99.89,53.838,158.70871,104.87071,149.72429,95.886284,170.77094,116.93293,114.66531,60.827316,111.61597,57.77796
2026-04-09 11:13:03,98.049,55.8544,166.03374,110.17934,153.38121,97.52681,169.9889,114.13451,121.966606,66.112206,113.17163,57.317226
2026-04-09 11:14:03,97.4968,57.9014,166.74652,108.845116,156.33023,98.42883,165.8131,107.9117,125.823364,67.92196,114.77365,56.872246
2026-04-09 11:15:03,97.8144,59.952,161.2934,101.3414,160.70781,100.75581,169.0843,109.13231,130.0074,70.0554,116.37044,56.418434
2026-04-09 11:16:03,100.188,57.8492,158.31767,100.46847,164.31337,106.464165,167.11957,109.27036,134.47975,76.630554,114.00809,56.15889
2026-04-09 11:17:03,82.6992,57.739,162.8005,105.0615,168.57777,110.838776,162.92062,105.18163,139.33293,81.59393,113.48688,55.74788
2026-04-09 11:18:03,64.4652,58.116,157.57758,99.46158,168.45744,110.341446,162.53357,104.41757,137.9969,79.8809,113.410736,55.294735
2026-04-09 11:19:03,111.412,58.3364,156.9578,98.6214,168.0277,109.6913,167.63081,109.29442,139.21118,80.87478,113.16471,54.828312
2026-04-09 11:20:03,134.6544,58.7656,160.0246,101.258995,168.3483,109.582695,162.3096,103.54401,139.65912,80.893524,113.096176,54.330578
2026-04-09 11:21:03,144.3126,56.2375,156.65875,100.42126,164.42206,108.184555,159.38376,103.146255,137.73792,81.50041,110.03464,53.79714
2026-04-09 11:22:03,175.0048,55.7118,152.78976,97.07797,159.90776,104.19596,158.46765,102.755844,135.46071,79.74891,108.95655,53.24475
2026-04-09 11:23:03,215.9328,54.9239,154.12605,99.20215,157.36484,102.44094,156.19145,101.26755,136.12044,81.19654,107.68512,52.761223
2026-04-09 11:24:03,220.0559,55.0617,151.72241,96.660706,159.23294,104.171234,151.6706,96.608894,139.48676,84.42505,107.2847,52.223003
2026-04-09 11:25:03,200.83,55.2048,152.05138,96.84657,162.68112,107.47632,150.75354,95.54874,143.50668,88.30188,106.87322,51.668423
2026-04-09 11:26:03,195.6108,56.3436,151.90514,95.56153,167.41357,111.06997,152.12178,95.77818,148.64738,92.30379,107.34447,51.00087
2026-04-09 11:27:03,191.5012,59.3826,153.19907,93.816475,171.04543,111.66283,156.32771,96.945114,153.58546,94.202866,109.65704,50.27444
2026-04-09 11:28:03,189.672,60.378,153.47218,93.094185,172.30841,111.930405,156.789,96.41101,154.38614,94.00815,109.9532,49.575207
2026-04-09 11:29:03,188.0112,61.3718,154.03056,92.65877,172.69753,111.32572,161.25323,99.88144,154.5304,93.1586,110.24074,48.868942
2026-04-09 11:30:03,186.32,60.3806,152.71117,92.33057,170.53506,110.15447,154.50055,94.11994,154.8954,94.5148,108.78624,48.405636
2026-04-09 11:31:03,184.4108,59.4012,151.86458,92.46338,168.69376,109.292564,151.72964,92.328445,153.69226,94.29107,107.6528,48.2516
2026-04-09 11:32:03,183.54,59.412,148.45743,89.045425,164.73586,105.32386,152.0477,92.635704,149.32841,89.91642,107.59062,48.178627
2026-04-09 11:33:03,183.54,59.1,146.19579,87.09579,162.36603,103.26603,150.75156,91.65155,147.23215,88.13216,107.08126,47.981262
2026-04-09 11:34:03,181.012,58.8,147.34404,88.54404,161.53932,102.73932,148.91098,90.110985,147.91158,89.11157,106.540436,47.74044
2026-04-09 11:35:03,181.844,59.358,146.49835,87.14034,158.8076,99.4496,151.95432,92.59631,145.7504,86.3924,106.6476,47.289593
2026-04-09 11:36:03,182.39,59.568,145.99796,86.429955,154.95706,95.38906,151.06874,91.50074,143.71123,84.14323,106.244606,46.676605
2026-04-09 11:37:03,182.832,59.568,147.19113,87.62314,154.32187,94.753876,146.83023,87.26224,145.1727,85.604706,105.751755,46.18375
2026-04-09 11:38:03,183.04,61.0305,150.20088,89.17039,155.90886,94.87836,147.14267,86.11217,148.25601,87.22551,106.57532,45.544823
2026-04-09 11:39:03,183.17,63.567,151.45526,87.88827,158.88876,95.321754,149.97198,86.40499,151.75667,88.18967,108.287926,44.720924
2026-04-09 11:40:03,183.222,66.0985,155.21841,89.11992,163.73936,97.64086,150.00876,83.91025,157.06384,90.96533,109.83705,43.73855
2026-04-09 11:41:03,180.5312,68.0787,157.18198,89.10328,168.3956,100.31691,150.12846,82.04977,161.41382,93.33513,110.89331,42.814617
2026-04-09 11:42:03,180.6592,72.0224,159.06349,87.04109,172.55371,100.53132,156.07916,84.05677,165.73752,93.71512,113.793274,41.77087
2026-04-09 11:43:03,180.9536,76.77,161.92384,85.15385,176.78497,100.014984,161.03777,84.26777,170.69684,93.926834,117.289764,40.51977
2026-04-09 11:44:03,180.9536,77.4136,162.31161,84.898026,177.5954,100.18181,159.5139,82.1003,172.00067,94.58707,116.9308,39.51721
2026-04-09 11:45:03,175.832,78.0472,161.13623,83.08903,176.02292,97.97571,160.81343,82.76623,171.57413,93.526924,116.7375,38.690296
2026-04-09 11:46:03,173.1058,79.2686,160.31955,81.05095,174.44376,95.175156,159.81583,80.54723,171.16176,91.89316,117.14388,37.875282
2026-04-09 11:47:03,173.1058,79.896,160.12555,80.22954,172.02008,92.12408,159.05298,79.15697,170.69498,90.79898,117.01529,37.11929
2026-04-09 11:48:03,168.8372,79.896,158.27258,78.37659,169.21957,89.32356,158.23444,78.33843,169.92082,90.02482,116.38342,36.487415
2026-04-09 11:49:03,164.5228,79.928,157.6773,77.74931,165.2396,85.311584,157.08571,77.15771,168.51736,88.589355,115.59891,35.670906
2026-04-09 11:50:03,163.07,80.9433,157.2009,76.25759,162.72534,81.782036,156.58762,75.64432,167.65462,86.71132,115.69273,34.74944
2026-04-09 11:51:03,161.652,81.9508,156.44116,74.490364,160.97743,79.026634,152.90076,70.94996,166.58273,84.63193,115.77276,33.82196
2026-04-09 11:52:03,163.0585,83.9832,157.28935,73.30615,159.25156,75.26836,152.29834,68.31513,165.65915,81.67595,116.736496,32.7533
2026-04-09 11:53:03,160.3131,85.0,156.7045,71.7045,158.30208,73.30208,152.34973,67.34974,164.168,79.168,116.73912,31.739122
2026-04-09 11:54:03,159.0176,86.0172,158.0141,71.99691,158.20416,72.18696,153.10126,67.08406,162.15417,76.13698,116.84537,30.828167
2026-04-09 11:55:03,159.0176,90.054,160.15446,70.100464,160.03088,69.97688,156.19199,66.137985,162.56676,72.51276,119.769035,29.715033
2026-04-09 11:56:03,161.9142,94.0752,161.56897,67.49376,160.86246,66.78725,159.72107,65.64586,162.669,68.593796,122.514404,28.439203
2026-04-09 11:57:03,161.8686,95.0855,160.85284,65.767334,158.64203,63.556522,161.67535,66.58984,160.93481,65.84931,122.43856,27.35306
2026-04-09 11:58:03,164.4184,97.1164,161.09317,63.97676,157.83163,60.715233,162.50586,65.38946,160.08572,62.969326,123.39556,26.27916
2026-04-09 11:59:03,165.5667,97.1164,159.43918,62.322777,155.4189,58.302498,162.24261,65.12621,158.37836,61.261948,122.62961,25.513203
2026-04-09 12:00:03,161.1618,99.1386,159.7862,60.647583,155.8985,56.759888,163.96904,64.83044,159.22383,60.085224,123.909706,24.771105
2026-04-09 12:01:03,159.4204,100.16,160.21011,60.050114,156.71884,56.558834,162.82611,62.666107,159.8687,59.708694,124.22057,24.06057
2026-04-09 12:02:03,157.9424,100.17,159.02263,58.852627,156.07358,55.90358,162.5946,62.424603,159.5911,59.42109,123.67239,23.502398
2026-04-09 12:03:03,156.6654,100.18,158.58475,58.404743,155.82755,55.64754,162.0725,61.892494,159.57362,59.393623,123.24077,23.060772
2026-04-09 12:04:03,156.6654,100.19,159.24138,59.051376,155.12756,54.937553,161.29889,61.108894,159.4236,59.2336,122.89348,22.70348
2026-04-09 12:05:03,155.287,100.2,159.30383,59.103836,155.10028,54.90028,160.01779,59.817787,160.05333,59.853336,122.59195,22.391949
2026-04-09 12:06:03,155.287,100.2,159.94807,59.748074,155.17723,54.977234,157.47389,57.2739,160.72354,60.523552,122.328995,22.129
2026-04-09 12:07:03,158.1328,100.1,158.449,58.349014,154.8718,54.771805,156.57631,56.476307,160.82718,60.72719,121.98735,21.887356
2026-04-09 12:08:03,160.9908,100.05,157.50085,57.450848,154.58496,54.53495,155.67596,55.625965,160.56781,60.517815,121.72659,21.676586
2026-04-09 12:09:03,155.518,99.97,156.75853,56.788532,154.0951,54.12509,154.67348,54.703476,160.07152,60.10152,121.37658,21.40658
2026-04-09 12:10:03,152.928,99.97,155.79366,55.823658,153.84265,53.872643,155.2786,55.308594,160.18616,60.21616,121.152145,21.182144
2026-04-09 12:11:03,153.0144,99.89,154.59549,54.705494,152.69516,52.805164,155.4615,55.5715,159.20949,59.31949,120.79098,20.900978
2026-04-09 12:12:03,150.3716,99.89,154.13705,54.247063,151.50507,51.615063,155.55563,55.665638,158.35574,58.465744,120.572525,20.682526
2026-04-09 12:13:03,144.8298,98.049,153.19243,55.14343,148.85431,50.8053,152.82672,54.77771,156.49867,58.449665,118.56304,20.51404
2026-04-09 12:14:03,142.0,97.4968,151.67923,54.182434,147.23167,49.73487,150.75842,53.261623,155.88422,58.387405,117.37711,19.880308
2026-04-09 12:15:03,139.1796,97.8144,149.4392,51.624798,146.05692,48.242508,151.22998,53.41558,155.3075,57.493103,116.77925,18.964853
2026-04-09 12:16:03,142.02,100.188,151.23405,51.046047,146.11728,45.929276,151.58179,51.393776,154.56865,54.380642,118.06712,17.879124
2026-04-09 12:17:03,143.4301,82.6992,135.22733,52.52813,135.51321,52.81402,133.99385,51.294647,148.91904,66.21983,101.04532,18.346117
2026-04-09 12:18:03,146.3115,64.4652,120.458145,55.992943,126.01367,61.548466,118.9015,54.436295,144.69153,80.22633,84.02724,19.562038
2026-04-09 12:19:03,146.466,111.412,157.84914,46.437138,153.09805,41.686047,158.2779,46.865894,160.53542,49.123413,125.62123,14.209231
2026-04-09 12:20:03,150.7744,134.6544,165.44043,30.786032,159.801,25.146585,173.42313,38.768715,157.99025,23.335846,142.02017,7.365763
2026-04-09 12:21:03,153.7056,144.3126,163.17719,18.864586,152.01736,7.704761,173.13187,28.81926,152.41798,8.10538,145.32735,1.0147474
2026-04-09 12:22:03,150.9652,175.0048,180.58667,5.5818605,157.84015,-17.164663,191.87021,16.86541,158.58273,-16.422071,166.11984,-8.884968
2026-04-09 12:23:03,150.9228,215.9328,201.04478,-14.888016,175.69214,-40.240654,224.2053,8.272511,179.75208,-36.180733,193.98589,-21.94692
2026-04-09 12:24:03,152.2503,220.0559,192.07959,-27.9763,174.43283,-45.623062,220.42912,0.37323582,178.16306,-41.89284,189.51242,-30.543476
2026-04-09 12:25:03,152.2075,200.83,168.80621,-32.023785,158.08371,-42.746296,194.51903,-6.310968,162.03758,-38.79242,170.00989,-30.82012
2026-04-09 12:26:03,150.7108,195.6108,162.6843,-32.9265,154.91927,-40.691525,185.20036,-10.410429,159.11833,-36.492462,165.16531,-30.445484
2026-04-09 12:27:03,147.7632,191.5012,160.6648,-30.836407,154.69016,-36.81105,179.08586,-12.415339,158.51299,-32.988224,162.18721,-29.31399
2026-04-09 12:28:03,145.9819,189.672,160.02942,-29.642582,155.15994,-34.512062,176.29126,-13.380739,158.42006,-31.251942,161.761,-27.911001
2026-04-09 12:29:03,145.9819,188.0112,161.25525,-26.755943,155.3216,-32.689613,170.9751,-17.036108,158.03249,-29.978712,161.32257,-26.688631
2026-04-09 12:30:03,143.0968,186.32,160.94276,-25.377249,154.86047,-31.459532,168.03783,-18.282179,156.82822,-29.491785,161.34076,-24.97925
2026-04-09 12:31:03,140.0256,184.4108,161.56903,-22.841766,154.83484,-29.57596,168.37338,-16.037409,156.82819,-27.582611,160.4567,-23.954094
2026-04-09 12:32:03,140.2038,183.54,159.51572,-24.024282,155.79141,-27.748587,169.0333,-14.506706,157.28635,-26.253649,160.59558,-22.944416
2026-04-09 12:33:03,142.3,183.54,156.59586,-26.944141,156.74463,-26.795357,168.0534,-15.486593,157.35416,-26.185835,161.23993,-22.300068
2026-04-09 12:34:03,142.38,181.012,154.96904,-26.042955,155.82893,-25.183056,166.26231,-14.749675,156.08711,-24.924883,160.35338,-20.65861
2026-04-09 12:35:03,144.2482,181.844,157.55269,-24.291307,158.15018,-23.693815,170.7353,-11.108686,157.63528,-24.208706,162.76813,-19.075869
2026-04-09 12:36:03,144.5512,182.39,157.98697,-24.403036,160.13646,-22.253542,171.37112,-11.01887,158.70622,-23.683773,164.20863,-18.18136
2026-04-09 12:37:03,143.7384,182.832,157.27312,-25.558878,160.59363,-22.23837,168.90611,-13.925895,158.8436,-23.988403,165.7202,-17.1118
2026-04-09 12:38:03,142.086,183.04,156.54285,-26.497149,160.47147,-22.568527,167.71898,-15.3210125,158.61697,-24.42302,166.07872,-16.961275
2026-04-09 12:39:03,143.7674,183.17,154.0648,-29.105198,160.51465,-22.655346,168.35127,-14.818728,158.66347,-24.50653,166.77734,-16.39266
2026-04-09 12:40:03,143.7674,183.222,155.09744,-28.124552,160.06102,-23.160978,163.8226,-19.399397,158.45636,-24.765648,167.52835,-15.693642
2026-04-09 12:41:03,142.6572,180.5312,152.51813,-28.013075,158.94681,-21.584404,162.73238,-17.79883,156.76933,-23.761868,165.36862,-15.162589
2026-04-09 12:42:03,138.82,180.6592,150.91724,-29.74196,160.78387,-19.875313,160.79997,-19.859222,157.9798,-22.6794,165.85336,-14.805836
2026-04-09 12:43:03,138.3956,180.9536,152.43716,-28.516438,163.53093,-17.422672,162.79976,-18.153837,159.51622,-21.43738,167.18765,-13.765951
2026-04-09 12:44:03,142.96,180.9536,150.10567,-30.847929,165.20503,-15.748568,165.26299,-15.690613,160.4123,-20.541307,167.77539,-13.178205
2026-04-09 12:45:03,117.26,175.832,144.77444,-31.057549,163.73685,-12.0951605,160.61118,-15.220819,157.47005,-18.36196,163.39899,-12.43301
2026-04-09 12:46:03,114.32,173.1058,142.25119,-30.854607,164.04796,-9.057847,157.75829,-15.347514,156.54204,-16.563772,161.75766,-11.348148
2026-04-09 12:47:03,112.2108,173.1058,140.56668,-32.539116,165.41081,-7.694985,157.53247,-15.57334,156.98003,-16.125784,162.86848,-10.237317
2026-04-09 12:48:03,112.0938,168.8372,137.92728,-30.909933,162.38782,-6.449392,152.44395,-16.393253,153.7547,-15.082504,159.6408,-9.196417
2026-04-09 12:49:03,123.2208,164.5228,136.39111,-28.131691,160.5169,-4.005897,147.71608,-16.806719,151.4859,-13.036889,157.01541,-7.507388
2026-04-09 12:50:03,132.8691,163.07,137.92697,-25.143036,160.77097,-2.299041,146.4427,-16.62731,151.14885,-11.921161,156.77898,-6.2910347
2026-04-09 12:51:03,132.8691,161.652,138.26176,-23.390232,159.71294,-1.9390599,147.24294,-14.409059,150.08917,-11.562816,156.29736,-5.354635
2026-04-09 12:52:03,148.2728,163.0585,139.17883,-23.879673,161.13554,-1.9229566,148.54303,-14.5154705,151.35243,-11.706075,158.02109,-5.037415
2026-04-09 12:53:03,150.9732,160.3131,138.2092,-22.103891,159.05615,-1.2569388,148.18663,-12.126471,149.82828,-10.484815,156.3455,-3.9675837
2026-04-09 12:54:03,144.375,159.0176,137.3713,-21.646286,157.9487,-1.0688959,150.40718,-8.610412,149.14896,-9.868643,155.77667,-3.2409267
2026-04-09 12:55:03,147.4334,159.0176,136.76566,-22.251942,158.2706,-0.74700075,149.66504,-9.352551,150.84071,-8.176873,156.146,-2.8715916
2026-04-09 12:56:03,144.372,161.9142,138.22466,-23.689548,160.76169,-1.1525083,149.11134,-12.802859,154.68878,-7.2254114,158.84464,-3.0695672
2026-04-09 12:57:03,147.4416,161.8686,138.3186,-23.55001,161.1473,-0.72131574,148.9413,-12.927305,156.13269,-5.735909,158.76572,-3.1028872
2026-04-09 12:58:03,156.3072,164.4184,142.54034,-21.878054,163.92497,-0.49342677,149.77219,-14.646212,159.7506,-4.667808,161.17686,-3.2415278
2026-04-09 12:59:03,164.8824,165.5667,145.61523,-19.951466,165.45694,-0.109753,149.85634,-15.710359,162.29121,-3.275488,161.99701,-3.5696883
2026-04-09 13:00:03,159.104,161.1618,144.23015,-16.931654,163.23009,2.0682867,146.10117,-15.0606365,160.34715,-0.81465846,158.0282,-3.1336024
2026-04-09 13:01:03,158.312,159.4204,147.30545,-12.114947,163.40323,3.982831,145.95396,-13.466427,159.62225,0.20185728,156.68793,-2.7324655
2026-04-09 13:02:03,153.7697,157.9424,146.05424,-11.888158,164.58,6.6376085,144.26088,-13.681521,159.80246,1.8600608,155.7534,-2.1889887
2026-04-09 13:03:03,146.2272,156.6654,145.2213,-11.444111,165.07726,8.411854,145.26321,-11.40219,159.76941,3.1040082,155.11488,-1.5505176
2026-04-09 13:04:03,137.3088,156.6654,146.98969,-9.675725,164.47731,7.8119016,148.94615,-7.7192564,159.50316,2.8377476,155.35889,-1.3065112
2026-04-09 13:05:03,132.6645,155.287,144.02025,-11.266755,162.82988,7.54287,145.91489,-9.372114,158.55019,3.2631826,154.18633,-1.1006758
2026-04-09 13:06:03,137.9169,155.287,144.00732,-11.279684,163.22527,7.9382615,142.67859,-12.608419,159.94954,4.6625395,154.28564,-1.0013608
2026-04-09 13:07:03,136.5042,158.1328,146.79495,-11.337837,164.83833,6.7055354,146.2527,-11.880093,161.98271,3.849921,157.00119,-1.1316006
2026-04-09 13:08:03,148.8691,160.9908,151.84473,-9.146075,166.37329,5.382485,149.35397,-11.636828,163.68854,2.6977334,159.46443,-1.526369
2026-04-09 13:09:03,140.6425,155.518,148.5034,-7.014601,162.80452,7.286517,141.33186,-14.186135,160.62729,5.109282,154.35547,-1.1625378
2026-04-09 13:10:03,153.72,152.928,147.56769,-5.360302,162.96263,10.034641,141.92279,-11.005208,160.57413,7.6461287,152.4991,-0.42889392
2026-04-09 13:11:03,159.666,153.0144,148.3794,-4.635006,163.66162,10.64722,145.40509,-7.609311,161.40051,8.386115,153.0351,0.020687435
2026-04-09 13:12:03,165.4596,150.3716,149.51192,-0.85968065,163.02998,12.658384,142.56412,-7.8074746,160.86179,10.490182,150.97862,0.6070221
2026-04-09 13:13:03,165.377,144.8298,147.20093,2.3711245,160.40799,15.578178,138.1712,-6.658593,158.92812,14.098316,146.25854,1.4287429
2026-04-09 13:14:03,166.5524,142.0,146.45752,4.4575253,158.77588,16.775877,138.30095,-3.6990514,157.88715,15.887144,144.02646,2.0264611
2026-04-09 13:15:03,168.876,139.1796,145.03767,5.858083,156.50159,17.321997,137.04385,-2.1357346,156.41887,17.23927,141.61612,2.436527
2026-04-09 13:16:03,164.198,142.02,148.48244,6.4624267,159.52475,17.504753,138.66133,-3.358671,159.33034,17.310328,144.5387,2.5186892
2026-04-09 13:17:03,156.9651,143.4301,151.85017,8.420077,160.92218,17.492085,141.12433,-2.3057742,160.49915,17.06905,145.89774,2.4676332
2026-04-09 13:18:03,146.9728,146.3115,150.9818,4.670307,164.36444,18.052956,145.73341,-0.57807726,162.8543,16.542797,148.50302,2.1915348
2026-04-09 13:19:03,144.024,146.466,149.71909,3.2530897,165.33022,18.864208,144.71452,-1.751477,162.89256,16.426565,148.5581,2.0921092
2026-04-09 13:20:03,152.3016,150.7744,152.37408,1.5996898,168.58868,17.814291,148.14818,-2.6262186,166.09526,15.320861,152.35127,1.576879
2026-04-09 13:21:03,155.012,153.7056,154.99307,1.2874718,172.03114,18.325544,151.46243,-2.2431695,169.14548,15.439876,154.89911,1.1935049
2026-04-09 13:22:03,165.1221,150.9652,154.47508,3.5098941,170.22798,19.262789,149.9036,-1.0615983,167.74138,16.776186,152.16905,1.2038577
2026-04-09 13:23:03,170.852,150.9228,158.20021,7.277402,169.52592,18.603113,149.88937,-1.0334384,167.5095,16.586704,151.96524,1.04244
2026-04-09 13:24:03,170.852,152.2503,160.37877,8.128468,171.17433,18.924026,149.10289,-3.1474104,169.64316,17.392857,153.07231,0.82200086
2026-04-09 13:25:03,177.8616,152.2075,159.56134,7.3538437,171.18611,18.978613,149.51878,-2.688725,170.56715,18.359655,152.91081,0.7033084
2026-04-09 13:26:03,172.3128,150.7108,158.17627,7.465468,169.89929,19.188488,147.02031,-3.6904836,169.67285,18.962044,151.49586,0.78506243
2026-04-09 13:27:03,161.1732,147.7632,155.78043,8.017225,168.76547,21.00228,147.53192,-0.2312776,168.52007,20.756865,148.918,1.1548024
2026-04-09 13:28:03,158.088,145.9819,152.74355,6.761636,168.27016,22.288256,144.393,-1.5889015,168.1641,22.182196,147.55754,1.5756357
2026-04-09 13:29:03,148.0185,145.9819,148.01257,2.0306659,166.7919,20.810001,143.40747,-2.5744383,166.89348,20.91157,147.74693,1.765029
2026-04-09 13:30:03,135.2064,143.0968,144.59315,1.4963596,164.04666,20.949865,143.84413,0.7473322,164.195,21.0982,145.21144,2.1146357
2026-04-09 13:31:03,137.7684,140.0256,141.62291,1.5972998,160.09088,20.06528,141.80305,1.7774438,160.55414,20.528536,142.54138,2.51577
2026-04-09 13:32:03,140.34,140.2038,139.70778,-0.49602377,158.91649,18.712692,141.6202,1.4163907,159.48466,19.280874,142.80542,2.6016264
2026-04-09 13:33:03,137.54,142.3,143.73627,1.4362702,158.50658,16.206573,143.22418,0.924184,159.52847,17.228472,144.68341,2.3834033
2026-04-09 13:34:03,138.1488,142.38,141.77708,-0.6029232,158.36467,15.984672,145.02211,2.6421077,159.19916,16.819149,144.85677,2.4767632
2026-04-09 13:35:03,142.8668,144.2482,144.27005,0.021844584,159.26607,15.017865,148.50763,4.2594285,159.80453,15.556332,146.73308,2.484875
2026-04-09 13:36:03,142.8668,144.5512,147.64388,3.0926857,159.93373,15.382534,148.20212,3.650921,160.85782,16.30662,147.00504,2.453843
2026-04-09 13:37:03,141.4296,143.7384,149.2084,5.4700074,159.93282,16.19441,144.67607,0.93766785,160.73042,16.992014,146.29388,2.555478
2026-04-09 13:38:03,133.9562,142.086,147.16809,5.082088,158.81068,16.724682,144.71466,2.6286566,159.66925,17.58326,144.93488,2.8488722
2026-04-09 13:39:03,142.6674,143.7674,147.65768,3.890287,158.25494,14.487545,148.78726,5.0198607,159.64769,15.880301,146.56746,2.8000588
2026-04-09 13:40:03,160.104,143.7674,151.08331,7.3159165,157.70363,13.936235,147.36856,3.6011715,160.47968,16.712286,146.55035,2.782956
2026-04-09 13:41:03,156.783,142.6572,151.02815,8.37095,157.26881,14.611618,145.83505,3.177851,160.9633,18.306105,145.37767,2.7204692
2026-04-09 13:42:03,163.2655,138.82,146.78232,7.9623184,153.82445,15.004447,145.95572,7.1357126,157.96362,19.143621,141.88509,3.0650847
2026-04-09 13:43:03,156.0549,138.3956,148.43399,10.038392,152.71634,14.320742,145.78479,7.38919,157.4542,19.058588,141.57724,3.181641
2026-04-09 13:44:03,143.2488,142.96,153.66801,10.708002,155.67259,12.71259,147.48586,4.525846,160.3277,17.367685,145.85654,2.8965285
2026-04-09 13:45:03,134.784,117.26,132.01485,14.754843,138.76419,21.504194,121.934006,4.6740074,145.29274,28.032738,122.1212,4.861196
2026-04-09 13:46:03,134.7264,114.32,133.18706,18.867056,135.85947,21.539473,122.72972,8.409722,143.29536,28.975363,120.35805,6.038049
2026-04-09 13:47:03,134.7264,112.2108,133.70776,21.496965,133.94669,21.735893,124.52312,12.312313,141.9624,29.7516,118.95368,6.742885
2026-04-09 13:48:03,141.7838,112.0938,133.8541,21.760292,134.82231,22.728512,127.85402,15.76022,142.71027,30.616457,119.37271,7.2789106
2026-04-09 13:49:03,145.2815,123.2208,143.16707,19.946272,139.91808,16.697268,136.41354,13.192745,147.78284,24.562029,130.05168,6.8308816
2026-04-09 13:50:03,152.3016,132.8691,150.70186,17.83277,144.60835,11.7392645,145.47896,12.609859,150.1738,17.304707,138.81592,5.946817
2026-04-09 13:51:03,164.8998,132.8691,148.93108,16.061975,143.13416,10.265055,147.49867,14.629574,147.97159,15.1025,138.35158,5.482482
2026-04-09 13:52:03,163.3976,148.2728,159.49738,11.224573,151.83429,3.5614913,157.9331,9.660307,154.16681,5.8940196,152.1398,3.8670096
2026-04-09 13:53:03,172.2152,150.9732,157.40695,6.4337406,152.6695,1.696285,157.55664,6.5834312,154.76889,3.7956893,153.81306,2.8398652
2026-04-09 13:54:03,166.3564,144.375,151.99864,7.6236396,146.51636,2.141357,148.72282,4.3478312,149.83803,5.463026,147.37051,2.9955204
2026-04-09 13:55:03,163.444,147.4334,156.2269,8.793509,148.00641,0.5730203,152.15367,4.7202787,151.10802,3.6746151,150.09377,2.660366
2026-04-09 13:56:03,166.0968,144.372,154.0426,9.670615,146.9715,2.5995078,150.58688,6.2148895,152.89365,8.521651,147.19221,2.8202283
2026-04-09 13:57:03,163.2816,147.4416,157.38054,9.93894,149.21706,1.7754537,152.65413,5.2125216,154.83014,7.3885417,150.10126,2.6596496
2026-04-09 13:58:03,163.2816,156.3072,166.0603,9.753095,154.67633,-1.6308768,157.98035,1.6731465,158.151,1.8437954,157.74591,1.4387035
2026-04-09 13:59:03,166.2148,164.8824,173.91072,9.0283165,161.50443,-3.3779685,161.99371,-2.8886797,162.45071,-2.4316843,164.39911,-0.4832918
2026-04-09 14:00:03,178.8414,159.104,167.23474,8.130742,155.69601,-3.4079895,154.1742,-4.9298086,157.7705,-1.3335097,158.426,-0.6780014
2026-04-09 14:01:03,173.2947,158.312,160.18112,1.8691328,154.59639,-3.7156065,151.39243,-6.919572,156.28493,-2.0270677,157.67754,-0.63446397
2026-04-09 14:02:03,164.6218,153.7697,156.9567,3.186991,150.47507,-3.2946348,145.67123,-8.098459,154.33145,0.56174856,153.75111,-0.018577585
2026-04-09 14:03:03,156.6096,146.2272,149.8657,3.6385102,144.92188,-1.3053309,140.31155,-5.9156504,151.7843,5.5570974,147.6501,1.4228919
2026-04-09 14:04:03,170.1656,137.3088,142.40126,5.0924554,138.16753,0.8587194,134.07822,-3.2305927,149.07965,11.770841,140.31152,3.0027199
2026-04-09 14:05:03,155.6123,132.6645,138.55246,5.887951,136.55742,3.8929198,133.59148,0.92696464,149.16638,16.501877,136.82115,4.156648
2026-04-09 14:06:03,153.7905,137.9169,147.31326,9.39636,140.96664,3.0497458,137.55063,-0.36627784,153.62704,15.710148,142.13203,4.2151303
2026-04-09 14:07:03,148.6544,136.5042,147.74706,11.242853,139.48927,2.985082,137.46152,0.9573155,152.43623,15.932038,140.82248,4.3182817
2026-04-09 14:08:03,157.2704,148.8691,157.5157,8.646602,148.57542,-0.2936763,148.87988,0.010789115,158.89954,10.030447,152.17827,3.309174
2026-04-09 14:09:03,157.2704,140.6425,151.01279,10.370282,140.85938,0.21687947,137.77661,-2.8658912,152.63057,11.988071,144.2344,3.5919023
2026-04-09 14:10:03,143.8404,153.72,165.12357,11.403557,150.41728,-3.3027236,150.26518,-3.4548213,158.15706,4.437054,155.65799,1.9379927
2026-04-09 14:11:03,157.278,159.666,167.1903,7.524309,155.22812,-4.4378805,154.58829,-5.077715,159.25566,-0.41033223,159.65598,-0.010022469
2026-04-09 14:12:03,164.9056,165.4596,166.14735,0.6877627,161.02171,-4.4378805,157.77853,-7.6810584,163.2011,-2.2584937,163.80742,-1.6521808
2026-04-09 14:13:03,178.7688,165.377,164.36688,-1.0101163,160.93912,-4.4378805,153.64726,-11.729734,161.55081,-3.8261924,162.85374,-2.5232518
2026-04-09 14:14:03,181.0688,166.5524,160.98845,-5.563952,162.10652,-4.445878,156.23355,-10.318853,162.55618,-3.996218,163.18129,-3.3711092
2026-04-09 14:15:03,181.0688,168.876,160.8666,-8.009417,164.38774,-4.488267,160.80217,-8.073843,164.77785,-4.098159,164.73268,-4.1433287
2026-04-09 14:16:03,179.6923,164.198,154.92413,-9.273857,159.76012,-4.4378805,153.82861,-10.369385,161.60274,-2.595264,160.83157,-3.3664258
2026-04-09 14:17:03,172.8008,156.9651,147.46556,-9.499537,152.52722,-4.4378805,146.71024,-10.254866,156.30956,-0.6555455,155.39621,-1.5689002
2026-04-09 14:18:03,168.6468,146.9728,143.58525,-3.3875494,142.53491,-4.4378805,139.73137,-7.2414308,149.49728,2.524489,147.91609,0.94330317
2026-04-09 14:19:03,158.8048,144.024,145.25154,1.2275425,140.05475,-3.9692557,140.11922,-3.9047801,148.03345,4.0094457,146.40242,2.3784196
2026-04-09 14:20:03,158.7264,152.3016,152.8527,0.5511064,147.86372,-4.4378805,148.3549,-3.9467006,154.53336,2.2317495,154.38466,2.0830474
2026-04-09 14:21:03,150.1808,155.012,153.52173,-1.4902594,150.57411,-4.4378805,149.6518,-5.360202,155.48636,0.47436446,156.72035,1.7083536
2026-04-09 14:22:03,156.6656,165.1221,162.27037,-2.8517315,160.68422,-4.4378805,157.4951,-7.627005,162.18484,-2.937253,165.16576,0.043652
2026-04-09 14:23:03,145.8348,170.852,164.29062,-6.561389,166.10788,-4.7441254,162.96458,-7.8874145,164.74408,-6.107922,169.27625,-1.5757543
2026-04-09 14:24:03,144.6052,170.852,159.40527,-11.446725,166.03923,-4.8127685,162.38998,-8.462019,163.96306,-6.8889503,168.44691,-2.4050858
2026-04-09 14:25:03,140.9143,177.8616,164.27017,-13.591436,172.67009,-5.191512,167.38362,-10.477979,168.72404,-9.137558,173.98653,-3.875072
2026-04-09 14:26:03,128.3586,172.3128,157.99545,-14.317349,167.48024,-4.832567,159.99323,-12.319586,165.46783,-6.844978,169.17767,-3.135126
2026-04-09 14:27:03,122.7043,161.1732,149.52715,-11.646054,156.73532,-4.4378805,150.49866,-10.674547,158.47609,-2.6971076,160.14417,-1.0290424
2026-04-09 14:28:03,137.38,158.088,149.8101,-8.277899,153.65012,-4.4378805,148.38649,-9.701503,157.6927,-0.39529294,158.49414,0.40613556
2026-04-09 14:29:03,147.4672,148.0185,142.3009,-5.717589,143.58061,-4.4378805,139.99103,-8.027467,151.75562,3.7371185,150.16397,2.1454782
2026-04-09 14:30:03,153.142,135.2064,136.09341,0.8870096,132.06078,-3.1456246,131.52931,-3.6770914,144.58153,9.375126,139.35063,4.1442227
2026-04-09 14:31:03,162.5922,137.7684,141.61366,3.8452642,134.59271,-3.1756833,135.16322,-2.6051724,146.72261,8.954203,142.45642,4.6880164
2026-04-09 14:32:03,162.5922,140.34,144.26816,3.928156,137.0593,-3.2807038,142.95985,2.619858,148.67717,8.337171,144.98709,4.6470885
2026-04-09 14:33:03,192.6765,137.54,140.84781,3.307809,135.17735,-2.3626447,141.021,3.4809995,147.76604,10.226044,142.40437,4.8643837
2026-04-09 14:34:03,186.3945,138.1488,143.65373,5.504922,135.94212,-2.2066846,142.55664,4.407834,148.59875,10.4499445,143.11473,4.9659243
2026-04-09 14:35:03,186.3945,142.8668,146.9008,4.0339966,139.82712,-3.0396905,147.92723,5.060425,152.46086,9.594053,147.45338,4.5865726
2026-04-09 14:36:03,183.5799,142.8668,146.12825,3.2614431,140.06012,-2.8066857,148.42029,5.553485,153.18875,10.321946,147.26959,4.4027786
2026-04-09 14:37:03,188.9778,141.4296,146.76299,5.333384,138.88675,-2.5428495,146.16083,4.7312245,152.77167,11.342067,145.76872,4.3391266
2026-04-09 14:38:03,181.1964,133.9562,140.99373,7.037518,132.90855,-1.0476519,139.5737,5.6174946,147.79227,13.836064,138.84184,4.8856297
2026-04-09 14:39:03,162.2854,142.6674,148.89519,6.2277822,140.0124,-2.654996,145.86934,3.2019415,154.14735,11.479953,147.0303,4.362901
2026-04-09 14:40:03,159.8074,160.104,162.01187,1.9078623,155.66612,-4.4378805,162.06699,1.9629748,164.63995,4.535953,162.40845,2.3044453
2026-04-09 14:41:03,162.3454,156.783,156.01332,-0.7696802,152.34512,-4.4378805,157.26212,0.47910357,160.59468,3.8116786,158.49284,1.709845
2026-04-09 14:42:03,153.0504,163.2655,159.4167,-3.8488057,158.82762,-4.4378805,159.80312,-3.4623935,162.19376,-1.0717397,163.54633,0.2808277
2026-04-09 14:43:03,153.0504,156.0549,151.09923,-4.95567,151.61702,-4.4378805,152.46823,-3.5866675,156.47112,0.41620782,156.65063,0.59572816
2026-04-09 14:44:03,161.5544,143.2488,140.40657,-2.8422291,138.83615,-4.4126444,144.49823,1.2494364,149.29756,6.048768,145.52481,2.276014
2026-04-09 14:45:03,168.2928,134.784,133.70592,-1.078086,132.60316,-2.1808314,135.23518,0.45118612,146.2922,11.508202,138.69064,3.9066513
2026-04-09 14:46:03,164.4753,134.7264,134.96169,0.23528521,134.26762,-0.45877644,136.39146,1.665065,148.46295,13.736554,139.29872,4.572334
2026-04-09 14:47:03,176.1557,134.7264,138.1545,3.4281044,135.19916,0.47276574,138.27457,3.5481696,149.5224,14.796,139.61404,4.887653
2026-04-09 14:48:03,175.5864,141.7838,144.23244,2.4486318,140.60896,-1.1748372,143.03578,1.2519763,154.01944,12.235646,146.1169,4.3330984
2026-04-09 14:49:03,173.758,145.2815,145.35367,0.07217185,142.59756,-2.6839244,145.37106,0.08956151,155.22531,9.943819,148.92235,3.6408498
2026-04-09 14:50:03,183.0708,152.3016,150.7825,-1.5190976,147.88855,-4.4130497,151.13266,-1.1689464,157.18987,4.888262,154.78413,2.4825294
2026-04-09 14:51:03,183.6912,164.8998,159.32652,-5.573273,160.46191,-4.4378805,160.4582,-4.441596,163.76913,-1.1306652,164.83257,-0.067236975
2026-04-09 14:52:03,182.272,163.3976,156.16772,-7.2298756,158.95972,-4.4378805,160.59586,-2.8017373,161.40105,-1.9965563,161.86362,-1.5339862
2026-04-09 14:53:03,187.564,172.2152,160.74115,-11.474044,167.77731,-4.4378805,165.12318,-7.0920053,166.0957,-6.119487,168.48398,-3.7312157
2026-04-09 14:54:03,187.564,166.3564,153.78523,-12.571172,161.91852,-4.4378805,156.78104,-9.575364,161.75188,-4.6045275,162.68,-3.6763995
2026-04-09 14:55:03,158.026,163.444,154.03586,-9.40814,159.00612,-4.4378805,157.43994,-6.0040565,160.96146,-2.4825375,160.38681,-3.0571938
2026-04-09 14:56:03,154.764,166.0968,156.32068,-9.77612,161.65892,-4.4378805,158.4046,-7.6921988,163.46204,-2.6347682,162.94139,-3.1554034
2026-04-09 14:57:03,156.7653,163.2816,154.07858,-9.203011,158.84372,-4.4378805,153.2213,-10.060302,162.3991,-0.8825037,160.60599,-2.675617
2026-04-09 14:58:03,142.8404,163.2816,154.38304,-8.898562,158.84372,-4.4378805,149.67073,-13.610866,163.01572,-0.26588276,160.83685,-2.4447513
2026-04-09 14:59:03,143.1456,166.2148,154.45949,-11.755316,161.77692,-4.4378805,152.02982,-14.184975,164.82433,-1.3904693,163.64844,-2.5663643
2026-04-09 15:00:03,145.962,178.8414,165.87384,-12.967562,174.40352,-4.4378805,162.6304,-16.21099,174.54031,-4.301079,174.25478,-4.586625
2026-04-09 15:01:03,140.7192,173.2947,161.34892,-11.945776,168.85681,-4.4378805,157.46199,-15.832702,170.38504,-2.9096553,168.59647,-4.698225
2026-04-09 15:02:03,129.9832,164.6218,153.66458,-10.957207,160.18391,-4.4378805,150.89111,-13.730681,162.99107,-1.6307261,161.13718,-3.4846163
2026-04-09 15:03:03,143.82,156.6096,149.95297,-6.65663,152.52454,-4.085065,145.56616,-11.043436,159.21382,2.6042235,155.1969,-1.4126983
2026-04-09 15:04:03,138.4544,170.1656,161.94907,-8.216538,165.72772,-4.4378805,159.77415,-10.391444,168.12201,-2.0435987,167.4662,-2.6993961
2026-04-09 15:05:03,138.4544,155.6123,146.63795,-8.974349,151.975,-3.6373,145.94391,-9.668391,160.3415,4.7292013,154.95306,-0.6592446
2026-04-09 15:06:03,146.5556,153.7905,146.39287,-7.3976254,150.08847,-3.7020268,145.07022,-8.720273,157.989,4.1985083,154.3155,0.525004
2026-04-09 15:07:03,143.6032,148.6544,143.1822,-5.472198,145.39763,-3.2567742,139.65155,-9.00286,154.77797,6.123567,150.45999,1.8055872
2026-04-09 15:08:03,157.0008,157.2704,150.63525,-6.6351457,153.56053,-3.709876,147.91312,-9.357289,160.18121,2.9108121,158.72665,1.4562559
2026-04-09 15:09:03,154.1344,157.2704,150.6238,-6.646607,153.59386,-3.6765501,147.50577,-9.764632,159.58842,2.3180218,158.58173,1.3113196
2026-04-09 15:10:03,155.8144,143.8404,141.2732,-2.567205,141.57675,-2.263635,136.2666,-7.5737886,153.21541,9.375022,146.75693,2.9165277
2026-04-09 15:11:03,161.24,157.278,155.25856,-2.0194373,153.95917,-3.3188365,149.20741,-8.070584,159.90764,2.6296453,159.34227,2.0642648
2026-04-09 15:12:03,161.356,164.9056,160.78487,-4.120733,161.17674,-3.728851,155.81967,-9.085928,165.15149,0.24589361,165.27045,0.3648514
2026-04-09 15:13:03,146.7232,178.7688,170.01714,-8.751668,174.33092,-4.4378805,168.71744,-10.051355,172.89384,-5.874947,175.78969,-2.9791076
2026-04-09 15:14:03,151.25,181.0688,170.22339,-10.845409,176.63092,-4.4378805,168.2985,-12.770317,172.29593,-8.772865,176.39273,-4.6760635
2026-04-09 15:15:03,148.6444,181.0688,168.56746,-12.501349,176.34526,-4.723542,166.49724,-14.571559,170.84402,-10.224774,175.42307,-5.645738
2026-04-09 15:16:03,148.6444,179.6923,165.09222,-14.6000805,174.91455,-4.7777534,167.37823,-12.314065,170.2331,-9.459207,173.62457,-6.067736
2026-04-09 15:17:03,143.468,172.8008,155.15419,-17.646603,168.2307,-4.5701046,161.9179,-10.882907,165.30367,-7.4971347,167.38068,-5.4201217
2026-04-09 15:18:03,152.2416,168.6468,150.43463,-18.212168,164.20892,-4.4378805,155.5162,-13.130597,164.96025,-3.6865501,164.1861,-4.4607134
2026-04-09 15:19:03,163.176,158.8048,144.38492,-14.419873,155.3459,-3.4589002,145.52576,-13.279031,160.62837,1.8235834,156.38127,-2.4235258
2026-04-09 15:20:03,152.724,158.7264,145.20891,-13.517483,155.46289,-3.2635064,147.9722,-10.754194,161.55843,2.8320312,157.3526,-1.3737967
2026-04-09 15:21:03,155.5904,150.1808,138.84152,-11.339274,148.12492,-2.0558796,144.54433,-5.6364794,158.95927,8.778468,150.6277,0.4469014
2026-04-09 15:22:03,166.4272,156.6656,145.54987,-11.115745,154.04573,-2.619872,149.43279,-7.232817,161.65155,4.9859495,156.64249,-0.023112036
2026-04-09 15:23:03,154.1592,145.8348,137.56483,-8.269953,143.96626,-1.8685315,142.06439,-3.770394,155.59952,9.764729,147.32964,1.4948479
2026-04-09 15:24:03,141.78,144.6052,140.27542,-4.3297696,142.96803,-1.6371602,144.7494,0.14420912,155.65738,11.052189,147.06056,2.4553735
2026-04-09 15:25:03,135.264,140.9143,138.2558,-2.6585073,141.13707,0.22275753,142.64627,1.7319584,154.65729,13.742985,144.1579,3.2435868
2026-04-09 15:26:03,128.248,128.3586,129.94908,1.5904791,137.07379,8.7151985,133.71872,5.3601265,150.33414,21.975534,133.1942,4.8356037
2026-04-09 15:27:03,120.843,122.7043,131.31007,8.605774,137.2952,14.590893,126.95842,4.254116,149.59517,26.890873,128.61456,5.910256
2026-04-09 15:28:03,120.843,137.38,147.53358,10.153579,147.30595,9.925952,144.74861,7.3686056,160.0906,22.710606,142.67012,5.2901154
2026-04-09 15:31:03,118.6112,147.4672,154.92252,7.4553227,153.01613,5.548942,151.80133,4.3341413,166.84592,19.378729,151.58922,4.122028
2026-04-09 15:32:03,124.101,153.142,159.07808,5.9360814,153.85161,0.7096131,155.64249,2.50049,166.99197,13.849982,155.9706,2.828592
2026-04-09 15:33:03,127.466,162.5922,162.60693,0.014732998,159.87755,-2.7146382,163.31172,0.71953267,167.52101,4.9288135,163.37749,0.7852937
2026-04-09 15:34:03,138.4515,162.5922,158.26328,-4.3289123,159.25404,-3.338146,164.30037,1.7081808,165.14737,2.5551777,162.16354,-0.428643
2026-04-09 15:35:03,149.5448,192.6765,180.16298,-12.513513,187.53423,-5.14227,191.57854,-1.0979624,179.94481,-12.731689,187.18704,-5.489455
2026-04-09 15:36:03,142.1,186.3945,166.89441,-19.500088,181.202,-5.192502,181.96292,-4.431579,174.21371,-12.180783,179.5019,-6.8925953
2026-04-09 15:37:03,148.0856,186.3945,166.11554,-20.278955,180.63194,-5.762555,180.2961,-6.0984106,172.69225,-13.7022505,178.61942,-7.775083
2026-04-09 15:38:03,158.397,183.5799,163.46298,-20.11691,177.60214,-5.9777517,169.71996,-13.859935,170.05333,-13.526569,175.27272,-8.307181
2026-04-09 15:39:03,151.4376,188.9778,166.62459,-22.353216,182.76187,-6.2159257,171.57518,-17.402617,174.91388,-14.063913,179.37157,-9.6062355
2026-04-09 15:40:03,140.4336,181.1964,160.87184,-20.324556,175.50934,-5.6870604,162.30763,-18.888765,169.60681,-11.589592,172.34943,-8.846972
2026-04-09 15:41:03,136.3824,162.2854,149.44093,-12.844472,157.76678,-4.518613,141.85463,-20.43077,159.2646,-3.0207987,156.99995,-5.2854495
2026-04-09 15:42:03,155.825,159.8074,151.81332,-7.994084,155.75429,-4.053114,142.46277,-17.344637,160.33455,0.52713853,156.58429,-3.2231214
2026-04-09 15:43:03,147.829,162.3454,155.74239,-6.6030083,158.70648,-3.6389108,146.346,-15.999411,164.57011,2.224711,159.87746,-2.4679475
2026-04-09 15:44:03,156.368,153.0504,149.87106,-3.1793425,151.55609,-1.494315,144.06146,-8.988942,161.57593,8.525535,152.67613,-0.3742721
2026-04-09 15:45:03,156.368,153.0504,154.56949,1.5190814,151.41263,-1.6377642,145.68794,-7.362453,161.81125,8.760846,153.68605,0.6356519
2026-04-09 15:46:03,185.7894,161.5544,161.88724,0.33284146,158.76976,-2.7846358,157.04169,-4.512711,167.58107,6.026677,161.33038,-0.22400679
2026-04-09 15:47:03,185.096,168.2928,167.90364,-0.3891628,165.16338,-3.1294322,163.49214,-4.8006563,172.38103,4.088219,166.2811,-2.0117052
2026-04-09 15:48:03,175.5558,164.4753,163.46909,-1.0062087,161.02654,-3.4487631,158.30762,-6.16768,167.21783,2.7425363,162.05774,-2.4175544
2026-04-09 15:49:03,167.314,176.1557,167.87003,-8.285671,171.71782,-4.4378805,166.41322,-9.742472,170.72578,-5.42991,171.42926,-4.7264338
2026-04-09 15:50:03,143.7836,175.5864,166.17467,-9.411723,171.07874,-4.5076547,167.74585,-7.8405437,167.49771,-8.08869,169.75394,-5.8324523
2026-04-09 15:51:03,133.2225,173.758,164.62067,-9.137329,169.10791,-4.650091,164.13914,-9.618845,165.188,-8.569999,167.45111,-6.306892
2026-04-09 15:52:03,139.9636,183.0708,168.9996,-14.071204,177.64679,-5.424017,170.84535,-12.22545,170.9839,-12.086899,175.1556,-7.9152026
2026-04-09 15:53:03,143.6927,183.6912,169.74611,-13.94509,178.33284,-5.35836,166.47635,-17.214848,171.94453,-11.746665,175.09618,-8.5950165
2026-04-09 15:54:03,138.964,182.272,165.72067,-16.551325,176.96394,-5.308056,166.30292,-15.96909,170.61769,-11.65431,173.66463,-8.607379
2026-04-09 15:55:03,142.6524,187.564,172.3746,-15.189387,182.17665,-5.3873396,172.01718,-15.546807,175.15718,-12.406818,178.21292,-9.3510685
2026-04-09 15:56:03,167.0998,187.564,172.52408,-15.039913,182.44977,-5.1142206,171.76735,-15.796652,176.27467,-11.289327,177.82782,-9.736168
2026-04-09 15:57:03,160.0104,158.026,148.83768,-9.188316,155.56218,-2.4638171,145.25552,-12.770476,162.47147,4.445468,152.5516,-5.474391
2026-04-09 15:58:03,165.5068,154.764,149.23051,-5.533495,153.85352,-0.91049,143.50838,-11.255635,163.07664,8.312638,151.73074,-3.033263
2026-04-09 15:59:03,175.7952,156.7653,152.64235,-4.1229525,157.26283,0.497532,149.29547,-7.4698257,167.27385,10.508543,154.82443,-1.9408702
2026-04-09 16:00:03,172.9792,142.8404,141.91132,-0.9290838,149.20111,6.360715,136.99744,-5.8429565,160.5289,17.688513,143.79384,0.95344466
2026-04-09 16:01:03,149.6,143.1456,144.96548,1.8198818,148.7324,5.5868053,137.48596,-5.659636,160.6878,17.542213,145.1245,1.9789019
2026-04-09 16:02:03,150.216,145.962,149.7517,3.7896898,150.45853,4.496523,140.48787,-5.4741297,162.55759,16.595587,148.2704,2.3083997
2026-04-09 16:03:03,150.216,140.7192,146.0639,5.3447046,147.4636,6.7443976,138.7464,-1.9727924,159.70642,18.987236,143.80054,3.081338
2026-04-09 16:05:03,130.1806,129.9832,140.30197,10.318765,141.73012,11.746922,131.43912,1.4559218,153.37837,23.39517,134.54851,4.5653043
2026-04-09 16:06:03,128.5648,143.82,151.32578,7.5057735,150.98047,7.1604614,145.24464,1.4246376,162.36102,18.541016,147.84288,4.022879
2026-04-09 16:07:03,123.4288,138.4544,146.35892,7.904514,147.31622,8.861823,143.29396,4.839552,158.3049,19.85049,142.7395,4.285099
2026-04-09 16:08:03,127.4472,138.4544,145.20572,6.7513137,146.97455,8.520147,142.29486,3.8404558,157.80687,19.352465,142.83899,4.3845825
2026-04-09 16:09:03,133.2974,146.5556,150.82022,4.2646255,151.89172,5.3361144,150.32713,3.7715335,162.1705,15.614897,150.08057,3.5249639
2026-04-09 16:10:03,142.6464,143.6032,148.94997,5.3467765,151.35199,7.748794,151.27608,7.672886,161.54921,17.946016,147.35875,3.7555509
2026-04-09 16:11:03,146.3542,157.0008,159.73915,2.7383647,160.15268,3.1518922,163.83488,6.834094,169.50014,12.49934,159.50195,2.501163
2026-04-09 16:12:03,143.0244,154.1344,156.43272,2.2983222,158.69107,4.556669,160.66238,6.5279846,168.56763,14.433235,156.26067,2.1262634
2026-04-09 16:13:03,139.258,155.8144,155.01932,-0.7950835,159.54362,3.7292128,157.90787,2.0934587,169.95638,14.141966,157.34859,1.5341824
2026-04-09 16:14:03,130.3088,161.24,160.07579,-1.1642226,162.05829,0.81828433,161.17401,-0.06599362,172.00601,10.7660055,161.65417,0.41417646
2026-04-09 16:15:03,130.3088,161.356,158.00035,-3.3556519,161.33884,-0.017170906,158.20386,-3.152138,172.07654,10.720529,161.01257,-0.3434304
2026-04-09 16:16:03,128.7286,146.7232,143.83781,-2.8853981,152.32062,5.5974164,146.0403,-0.68290186,163.76521,17.042004,148.15556,1.4323599
2026-04-09 16:17:03,152.2839,151.25,150.20297,-1.0470318,153.63036,2.380363,149.03127,-2.218737,165.45366,14.203653,152.61005,1.360045
2026-04-09 16:18:03,171.1422,148.6444,149.82547,1.181078,155.05022,6.405816,148.5395,-0.10488282,166.73413,18.089733,150.39941,1.7550155
2026-04-09 16:19:03,178.1232,148.6444,149.29944,0.65503937,155.27136,6.6269627,148.42427,-0.2201257,166.85934,18.214958,150.59956,1.9551718
2026-04-09 16:20:03,176.7168,143.468,144.40164,0.93364537,150.9267,7.4586973,139.63292,-3.8350782,162.38483,18.916817,146.22061,2.752614
2026-04-09 16:21:03,184.688,152.2416,152.12962,-0.11196189,156.50206,4.260469,148.60735,-3.634254,167.55966,15.318074,154.38902,2.1474295
2026-04-09 16:22:03,167.5304,163.176,159.17159,-4.0044155,162.178,-0.9980033,159.67543,-3.5005605,171.84355,8.667558,163.34087,0.16486795
2026-04-09 16:23:03,145.8348,152.724,151.59906,-1.1249449,154.56573,1.8417318,145.82594,-6.8980527,165.7894,13.065392,153.77017,1.0461688
2026-04-09 16:24:03,132.8256,155.5904,154.4469,-1.1434954,155.34041,-0.24999186,146.30841,-9.281988,164.96022,9.369829,156.56087,0.9704686
2026-04-09 16:25:03,148.9536,166.4272,162.77666,-3.6505384,163.90047,-2.526739,155.55135,-10.8758545,168.84961,2.4224062,165.70297,-0.7242278
2026-04-09 16:26:03,148.9536,154.1592,150.3154,-3.8437898,153.42699,-0.7322093,144.83441,-9.324785,163.06676,8.907568,154.61447,0.45527518
2026-04-09 16:27:03,128.432,141.78,140.55724,-1.2227648,144.70734,2.9273393,132.7999,-8.980098,155.02802,13.248013,144.06238,2.2823715
2026-04-09 16:28:03,123.678,135.264,137.51453,2.250523,140.76305,5.4990444,129.5746,-5.689414,152.02242,16.758404,138.93806,3.674054
2026-04-09 16:29:03,138.5976,128.248,134.19792,5.9499226,138.39117,10.143178,126.36936,-1.8786415,149.95184,21.703842,132.97144,4.72343
2026-04-09 16:30:03,161.856,120.843,131.43025,10.587243,136.85074,16.00773,121.78624,0.94323725,147.50716,26.664156,126.69378,5.8507786
2026-04-09 16:31:03,159.6,120.843,130.50952,9.666517,138.03134,17.188345,123.2374,2.3943913,148.65001,27.807003,127.24334,6.400337
2026-04-09 16:32:03,163.724,118.6112,132.33932,13.728132,134.94905,16.337858,121.14069,2.529498,145.43199,26.820791,125.1125,6.5013037
2026-04-09 16:33:03,174.6688,124.101,138.37817,14.277177,140.11258,16.011585,126.00472,1.9037223,150.32103,26.220032,130.27734,6.1763444
2026-04-09 16:34:03,165.888,127.466,143.05849,15.59248,142.38974,14.92374,132.86821,5.402202,151.93237,24.466375,133.3187,5.8526983
2026-04-09 16:35:03,153.45,138.4515,149.95538,11.503871,148.8415,10.390002,145.02216,6.5706496,158.10861,19.657104,143.42032,4.9688177
2026-04-09 16:36:03,136.2624,149.5448,154.7096,5.1647906,155.8761,6.3313017,152.19417,2.649362,164.9347,15.3898945,152.88008,3.3352745
2026-04-09 16:37:03,136.08,142.1,145.37126,3.2712522,152.70021,10.600202,145.62024,3.5202324,162.31276,20.212757,145.60002,3.5000162
2026-04-09 16:38:03,141.35,148.0856,149.57816,1.4925538,155.56453,7.478923,147.10336,-0.98223305,165.34808,17.262484,150.97173,2.88612
2026-04-09 16:39:03,142.4403,158.397,157.83032,-0.56667376,161.07304,2.6760335,154.81732,-3.5796752,170.44736,12.050362,159.84679,1.4497875
2026-04-09 16:40:03,153.18,151.4376,148.18147,-3.2561266,155.21196,3.7743583,143.97005,-7.467556,165.51654,14.078936,152.6932,1.2556002
2026-04-09 16:41:03,149.402,140.4336,141.1971,0.7634986,145.9375,5.503914,130.68785,-9.7457485,156.13817,15.70458,142.60818,2.1745927
2026-04-09 16:42:03,160.2676,136.3824,138.5442,2.1617994,142.9805,6.5980916,128.21301,-8.169389,154.01607,17.633673,139.46265,3.0802479
2026-04-09 16:43:03,149.82,155.825,152.89981,-2.9251847,155.67957,-0.14543867,146.4868,-9.338197,163.97096,8.14597,157.23163,1.4066365
2026-04-09 16:44:03,144.6476,147.829,142.74162,-5.087369,149.03233,1.2033435,142.00572,-5.823266,158.89624,11.067251,149.22632,1.3973203
2026-04-09 16:45:03,133.5936,156.368,147.4108,-8.957198,154.63994,-1.7280523,145.7991,-10.5688925,161.42352,5.055527,156.20403,-0.16396746
2026-04-09 16:46:03,146.6192,156.368,145.4636,-10.904411,154.22627,-2.141724,142.93604,-13.431964,160.61696,4.2489595,155.4224,-0.94560206
2026-04-09 16:47:03,132.352,185.7894,165.9702,-19.819195,181.71506,-4.074339,171.80875,-13.980659,177.55188,-8.237511,179.82617,-5.9632235
2026-04-09 16:48:03,133.5795,185.096,162.03703,-23.058962,180.65811,-4.4378805,170.0942,-15.001795,177.07314,-8.022852,177.05322,-8.042776
2026-04-09 16:49:03,137.396,175.5558,150.78229,-24.77352,171.57092,-3.9848757,158.05652,-17.499287,172.53206,-3.0237398,167.9177,-7.638108
2026-04-09 16:50:03,144.0352,167.314,148.95482,-18.359173,164.0367,-3.2772937,148.56737,-18.746634,169.97813,2.6641376,161.33984,-5.9741592
2026-04-09 16:51:03,145.2048,143.7836,131.81746,-11.9661455,149.01828,5.234674,132.64496,-11.1386385,162.4562,18.672602,142.48402,-1.2995735
2026-04-09 16:52:03,144.7992,133.2225,128.95593,-4.266568,147.2216,13.999102,129.0046,-4.2179046,160.10898,26.886478,135.40715,2.1846414
2026-04-09 16:53:03,152.8128,139.9636,139.36063,-0.6029615,156.23643,16.272846,134.95918,-5.0044117,167.99686,28.033264,142.89764,2.934051
2026-04-09 16:54:03,147.5064,143.6927,147.03436,3.341661,158.65047,14.957769,137.55807,-6.134632,169.78769,26.094988,146.58258,2.8898716
2026-04-09 16:55:03,155.7012,138.964,145.84247,6.8784714,156.03369,17.069683,135.22546,-3.73854,166.1688,27.20479,142.38905,3.4250455
2026-04-09 16:56:03,155.7012,142.6524,147.10568,4.453285,155.35172,12.699305,138.92749,-3.7249186,165.237,22.584597,145.71783,3.0654283
2026-04-09 16:57:03,147.7224,167.0998,164.50073,-2.5990524,169.79733,2.6975462,157.35548,-9.744309,178.5338,11.434003,167.02635,-0.0734479
2026-04-09 16:58:03,139.9236,160.0104,155.08809,-4.9223175,162.49147,2.4810617,152.45343,-7.556971,171.02234,11.011931,158.90323,-1.1071779
2026-04-09 16:59:03,141.2394,165.5068,155.82677,-9.680033,163.90642,-1.6003824,154.0144,-11.492401,170.58955,5.0827556,162.69499,-2.8118143
2026-04-09 17:00:03,141.2394,175.7952,159.47853,-16.31666,172.66356,-3.1316397,163.7643,-12.030905,171.32516,-4.470024,169.92046,-5.874737
2026-04-09 17:01:03,160.3602,172.9792,151.68639,-21.292812,169.68774,-3.2914505,153.77548,-19.203716,168.97906,-4.0001364,165.85118,-7.1280155
2026-04-09 17:02:03,143.9792,149.6,133.32358,-16.276426,148.35458,-1.2454158,134.96185,-14.638161,157.56242,7.9624147,146.02972,-3.570283
2026-04-09 17:03:03,147.0192,150.216,137.48506,-12.730944,148.43596,-1.7800452,138.108,-12.108006,156.83049,6.614491,148.30571,-1.910291
2026-04-09 17:04:03,144.664,150.216,141.32603,-8.889975,149.18318,-1.0328187,136.52168,-13.694326,158.41919,8.20318,149.26903,-0.94697684
2026-04-09 17:05:03,135.62,130.1806,124.73382,-5.4467845,139.3139,9.133306,119.56053,-10.620073,150.81854,20.637943,132.3967,2.2160976
2026-04-09 17:06:03,149.0184,128.5648,127.23813,-1.3266757,140.42941,11.864612,119.2271,-9.33771,150.04071,21.475904,132.46167,3.8968585
2026-04-09 17:07:03,163.1424,123.4288,126.09071,2.661912,138.86508,15.436281,122.68836,-0.74043816,148.26575,24.836939,128.70245,5.273647
2026-04-09 17:08:03,165.6956,127.4472,132.75528,5.30809,144.32613,16.878923,129.9656,2.5184133,152.97198,25.52478,132.95592,5.508716
2026-04-09 17:09:03,179.328,133.2974,136.3762,3.0788097,149.54642,16.249016,139.78229,6.484898,158.23083,24.933435,138.39494,5.097543
2026-04-09 17:10:03,181.896,142.6464,142.73479,0.088397786,153.4462,10.799803,143.8591,1.2127055,162.32205,19.675665,146.35278,3.7063894
2026-04-09 17:11:03,181.896,146.3542,146.63728,0.28307468,154.4984,8.144189,145.95375,-0.40045246,163.18602,16.831821,148.81483,2.460637
2026-04-09 17:12:03,170.8,143.0244,140.68227,-2.342136,151.5177,8.493302,141.94785,-1.0765477,161.52704,18.502632,145.09013,2.0657356
2026-04-09 17:13:03,151.3944,139.258,134.78046,-4.477538,147.51244,8.254447,140.69427,1.4362742,158.36295,19.104956,141.26756,2.0095618
2026-04-09 17:14:03,145.75,130.3088,131.1575,0.8486927,142.01007,11.701262,131.15082,0.8420104,153.23195,22.923138,133.27573,2.9669216
2026-04-09 17:15:03,157.0408,130.3088,133.85208,3.5432663,141.42154,11.112739,128.90773,-1.4010812,151.32545,21.016642,133.75862,3.4498172
2026-04-09 17:16:03,143.316,128.7286,131.17145,2.4428372,141.7854,13.05679,126.6099,-2.118707,150.81294,22.084337,132.64105,3.9124455
2026-04-09 17:17:03,133.26,152.2839,149.95631,-2.3275847,154.42328,2.1393812,148.15747,-4.126428,161.2889,9.004984,153.72527,1.4413536
2026-04-09 17:18:03,144.1152,171.1422,158.05399,-13.088209,168.15935,-2.9828546,161.10742,-10.034773,166.96861,-4.17359,167.79002,-3.352169
2026-04-09 17:19:03,141.8976,178.1232,156.87573,-21.247473,173.56476,-4.558444,162.23566,-15.887546,164.9809,-13.142305,170.4001,-7.7230916
2026-04-09 17:20:03,122.32,176.7168,153.20999,-23.506802,171.78624,-4.930561,155.63086,-21.085941,161.1024,-15.614389,166.78706,-9.929729
2026-04-09 17:21:03,133.4424,184.688,155.21445,-29.473553,179.0791,-5.608898,162.34964,-22.338364,166.31836,-18.369637,171.93236,-12.755646
2026-04-09 17:22:03,133.4424,167.5304,137.73161,-29.798784,163.09251,-4.4378805,144.63528,-22.895111,159.69456,-7.8358283,156.47311,-11.057279
2026-04-09 17:23:03,136.0128,145.8348,125.74985,-20.084942,144.99355,-0.84124786,120.31936,-25.515436,153.89624,8.061454,139.63496,-6.1998315
2026-04-09 17:24:03,127.548,132.8256,120.923744,-11.901863,139.08873,6.263121,109.993,-22.83261,151.4315,18.60589,131.77774,-1.047864
2026-04-09 17:25:03,138.6504,148.9536,138.69724,-10.256356,152.52545,3.571858,128.3757,-20.577904,164.4239,15.4703,147.46776,-1.4858333
2026-04-09 17:26:03,146.7648,148.9536,139.91322,-9.040378,153.12314,4.169541,124.73252,-24.221075,166.20679,17.253185,147.35878,-1.5948164
2026-04-09 17:27:03,140.98,128.432,126.80199,-1.6300225,137.57106,9.139053,107.15969,-21.272316,150.53477,22.102766,129.64441,1.212396
2026-04-09 17:28:03,135.2256,123.678,125.036285,1.3582855,132.82088,9.142876,109.2443,-14.433703,145.71703,22.03902,126.307884,2.6298864
2026-04-09 17:29:03,134.976,138.5976,136.23262,-2.3649714,142.9301,4.3325095,130.02182,-8.57578,155.01233,16.414732,140.02423,1.4266415
2026-04-09 17:30:03,140.22,161.856,149.54698,-12.309028,159.833,-2.023014,152.97798,-8.878021,166.97444,5.1184344,158.57747,-3.2785337
2026-04-09 17:31:03,137.2392,159.6,143.69658,-15.903424,156.66745,-2.9325566,144.584,-15.016005,160.61299,1.0129907,154.39998,-5.2000213
2026-04-09 17:32:03,139.78,163.724,145.7365,-17.987509,159.86664,-3.857362,147.20312,-16.520874,159.23854,-4.4854655,156.56512,-7.158876
2026-04-09 17:33:03,134.2577,174.6688,155.33907,-19.329727,170.23091,-4.4378805,154.09753,-20.571259,166.26295,-8.405836,164.48056,-10.188232
2026-04-09 17:34:03,139.6325,165.888,144.86981,-21.018196,161.80472,-4.0832767,145.9226,-19.965387,163.72215,-2.1658468,155.83934,-10.048655
2026-04-09 17:35:03,150.4309,153.45,138.38277,-15.067229,150.00534,-3.4446502,129.17404,-24.275948,155.78383,2.3338284,145.57379,-7.8762116
2026-04-09 17:36:03,145.0155,136.2624,128.3721,-7.8903,135.98799,-0.27440813,113.062965,-23.199438,147.64664,11.384235,132.48505,-3.7773645
2026-04-09 17:37:03,145.0155,136.08,131.65068,-4.4293246,139.38683,3.3068266,116.16569,-19.914312,150.14224,14.062237,134.49132,-1.5886813
2026-04-09 17:38:03,150.6168,141.35,138.01553,-3.3344793,144.05443,2.7044175,124.79678,-16.553225,153.30295,11.952936,139.66806,-1.681948
2026-04-09 17:39:03,153.472,142.4403,138.57027,-3.8700452,145.31212,2.871809,128.98053,-13.459771,154.11856,11.678248,140.42307,-2.017245
2026-04-09 17:40:03,139.9,153.18,147.73206,-5.447937,152.561,-0.61898804,134.65569,-18.524302,159.84169,6.66169,149.1789,-4.001098
2026-04-09 17:41:03,139.94,149.402,142.43968,-6.9623084,148.49606,-0.9059301,137.96654,-11.435456,155.39491,5.992927,144.84729,-4.5546994
2026-04-09 17:42:03,137.2588,160.2676,147.9124,-12.355196,158.40936,-1.8582302,149.73021,-10.53739,162.272,2.0044174,153.2613,-7.006283
2026-04-09 17:43:03,135.8873,149.82,134.83376,-14.986256,149.20633,-0.61367285,135.33945,-14.480565,157.82089,8.000883,143.67433,-6.1456814
2026-04-09 17:44:03,135.8873,144.6476,127.20467,-17.442923,145.46927,0.8216684,127.599396,-17.048199,156.17502,11.527414,140.04117,-4.606426
2026-04-09 17:45:03,133.0475,133.5936,120.89132,-12.702281,137.8878,4.2942,122.55386,-11.03973,150.40805,16.81445,132.08047,-1.5131235
2026-04-09 17:46:03,130.1907,146.6192,137.79372,-8.82548,149.51625,2.897049,133.53482,-13.084375,161.1438,14.524602,144.16165,-2.4575562
2026-04-09 17:47:03,136.7982,132.352,127.61468,-4.73733,141.30367,8.951655,119.26553,-13.086468,153.24194,20.889942,131.75578,-0.59621507
2026-04-09 17:48:03,144.82,133.5795,129.97577,-3.6037235,141.82347,8.243973,118.942276,-14.637221,152.5223,18.942793,133.40143,-0.17807028
2026-04-09 17:49:03,150.2172,137.396,135.09839,-2.2976048,143.3036,5.9076014,127.35984,-10.036159,152.6386,15.2425995,136.62828,-0.7677214
2026-04-09 17:50:03,156.9118,144.0352,140.48015,-3.5550537,149.02066,4.9854517,137.01904,-7.0161543,157.42967,13.394466,141.40564,-2.629565
2026-04-09 17:51:03,156.8327,145.2048,137.66718,-7.537636,149.19753,3.9927258,139.49112,-5.713691,157.2608,12.056003,141.07008,-4.134713
2026-04-09 17:52:03,156.8327,144.7992,134.35617,-10.443027,148.40993,3.61073,136.04398,-8.75522,155.82002,11.020829,139.53172,-5.267478
2026-04-09 17:53:03,148.7086,152.8128,137.78894,-15.023858,153.95715,1.1443431,144.16756,-8.645243,158.55492,5.7421045,145.00298,-7.8098307
2026-04-09 17:54:03,136.465,147.5064,127.73483,-19.77156,149.29506,1.788671,136.6524,-10.8539915,157.27328,9.766897,139.38849,-8.11791
2026-04-09 17:55:03,136.465,155.7012,132.99222,-22.708986,156.32986,0.62866354,142.26965,-13.431541,162.20744,6.506234,145.9487,-9.752498
2026-04-09 17:57:03,137.9169,155.7012,133.61775,-22.083448,155.94052,0.23932041,134.51283,-21.188372,162.02045,6.3192515,145.07443,-10.626765
2026-04-09 17:58:03,154.3233,147.7224,127.091286,-20.631111,148.50128,0.7788826,125.29139,-22.43101,156.1442,8.421803,137.80292,-9.919484
2026-04-09 17:59:03,152.999,139.9236,122.76255,-17.16105,141.55309,1.6294887,117.15361,-22.769987,151.67256,11.748961,131.95497,-7.968633
2026-04-09 18:00:03,162.513,141.2394,122.871445,-18.367954,143.06601,1.8266202,122.6864,-18.552996,152.26717,11.027776,133.96213,-7.277268
2026-04-09 18:01:03,163.7604,141.2394,124.01396,-17.225433,143.3916,2.1522076,123.67512,-17.564276,151.91743,10.678039,134.3621,-6.877289
2026-04-09 18:02:03,152.878,160.3602,143.93335,-16.426846,160.52286,0.16265517,138.56679,-21.793411,162.26175,1.901547,150.31415,-10.046053
2026-04-09 18:03:03,152.878,143.9792,126.744026,-17.235176,145.03813,1.058928,124.1617,-19.817507,150.12943,6.1502175,134.816,-9.16321
2026-04-09 18:04:03,142.0044,147.0192,129.03348,-17.985716,147.77647,0.75727886,126.84584,-20.173357,150.52478,3.505583,137.3361,-9.683097
2026-04-09 18:05:03,143.2524,144.664,129.59766,-15.066353,145.84433,1.1803207,122.69179,-21.972214,151.1299,6.46589,135.42622,-9.237783
2026-04-09 18:06:03,145.9605,135.62,122.9452,-12.6748,139.04565,3.4256558,116.440796,-19.179201,148.72653,13.106537,128.306,-7.313992
2026-04-09 18:07:03,145.9605,149.0184,132.00287,-17.01553,150.48462,1.4662205,133.42616,-15.592238,156.5521,7.533699,139.77896,-9.239439
2026-04-09 18:08:03,149.958,163.1424,142.50609,-20.63631,163.38599,0.2435896,142.91124,-20.231155,164.83133,1.6889329,150.35583,-12.786555
2026-04-09 18:09:03,145.719,165.6956,143.87592,-21.819683,165.20844,-0.4871745,145.34557,-20.350037,164.2329,-1.4627126,150.21037,-15.48523
2026-04-09 18:10:03,155.3136,179.328,150.40631,-28.921692,174.62637,-4.7016363,146.79509,-32.53291,166.84038,-12.487621,158.99951,-20.328487
2026-04-09 18:11:03,154.2789,181.896,150.27084,-31.625158,173.88885,-8.007137,153.93883,-27.957165,164.62018,-17.27581,158.37335,-23.522644
2026-04-09 18:12:03,155.7924,181.896,151.14685,-30.749153,173.43463,-8.461366,152.45137,-29.44462,163.89156,-18.004438,156.40778,-25.488222
2026-04-09 18:13:03,139.9236,170.8,140.1175,-30.682516,163.4405,-7.3594947,142.44951,-28.350498,155.83862,-14.961373,146.40643,-24.393566
2026-04-09 18:14:03,153.5296,151.3944,121.28328,-30.11111,148.19688,-3.197505,121.95437,-29.440027,146.48471,-4.909686,131.6927,-19.701694
2026-04-09 18:15:03,139.68,145.75,122.090515,-23.659483,144.1683,-1.5816911,118.536,-27.213997,145.28561,-0.46438122,129.90903,-15.840973
2026-04-09 18:16:03,142.188,157.0408,130.98422,-26.056583,155.68456,-1.3562477,131.82442,-25.216383,156.35931,-0.68149024,141.02878,-16.012022
2026-04-09 18:17:03,143.4378,143.316,117.4084,-25.907597,144.15569,0.83969855,119.20044,-24.115551,150.5162,7.2002096,130.04729,-13.268705
2026-04-09 18:18:03,143.4378,133.26,114.16487,-19.095121,135.34334,2.0833507,107.118576,-26.141418,144.55832,11.298322,122.98539,-10.274608
2026-04-09 18:19:03,148.9868,144.1152,127.904755,-16.210447,145.47414,1.3589367,117.22943,-26.885777,151.69778,7.5825815,132.94458,-11.170617
2026-04-09 18:20:03,174.7774,141.8976,126.090935,-15.806666,144.00311,2.1055198,119.47781,-22.419788,152.12779,10.230192,130.48193,-11.415664
2026-04-09 18:21:03,160.1728,122.32,111.87222,-10.447775,127.69863,5.3786335,104.86876,-17.45124,139.94946,17.629456,114.65031,-7.66969
2026-04-09 18:22:03,154.8736,133.4424,125.00298,-8.439415,136.74889,3.3064835,117.44173,-16.000673,146.36285,12.920459,124.74565,-8.696748
2026-04-09 18:23:03,154.8736,133.4424,125.5271,-7.9153,137.75998,4.317574,120.83104,-12.611359,147.6843,14.241896,123.92927,-9.513133
2026-04-09 18:24:03,148.0452,136.0128,125.94748,-10.065327,140.09239,4.079588,121.14496,-14.867847,149.17798,13.165181,125.004906,-11.007897
2026-04-09 18:25:03,136.3474,127.548,117.45269,-10.095309,132.63284,5.0848413,111.07734,-16.47066,142.87746,15.32946,117.42098,-10.127015
2026-04-09 18:26:03,128.6896,138.6504,122.75699,-15.893418,142.08752,3.437118,118.408264,-20.242144,149.32098,10.67058,126.719055,-11.93135
2026-04-09 18:27:03,142.3104,146.7648,126.37213,-20.392666,149.24715,2.4823382,123.547424,-23.217375,152.92172,6.156919,131.95468,-14.810126
2026-04-09 18:28:03,142.2084,140.98,116.95627,-24.023731,143.30856,2.3285713,117.06685,-23.913145,147.84473,6.864738,125.48679,-15.493202
2026-04-09 18:29:03,143.5614,135.2256,112.3522,-22.873398,137.69211,2.466511,109.180305,-26.045298,142.68509,7.459482,120.43332,-14.792283
2026-04-09 18:30:03,136.7296,134.976,108.37015,-26.605848,137.67763,2.701637,110.05974,-24.916258,143.60965,8.633659,120.77691,-14.199092
2026-04-09 18:31:03,133.9488,140.22,116.261055,-23.958948,142.65453,2.4345267,116.10597,-24.114029,147.94792,7.727927,125.05632,-15.163679
2026-04-09 18:32:03,140.6324,137.2392,115.29166,-21.947544,139.89185,2.6526544,120.85874,-16.380457,146.99231,9.753105,121.77198,-15.467219
2026-04-09 18:33:03,148.7621,139.78,119.32764,-20.452364,141.83011,2.0501058,117.96608,-21.813921,148.04433,8.264328,122.89813,-16.881865
2026-04-09 18:34:03,158.1864,134.2577,119.68612,-14.571587,136.6617,2.4039876,113.183235,-21.07447,144.86847,10.610759,117.58734,-16.670364
2026-04-09 18:35:03,163.5834,139.6325,125.60345,-14.029059,140.7025,1.0699923,116.643524,-22.988981,149.12222,9.48971,121.35387,-18.278637
2026-04-09 18:36:03,167.6092,150.4309,131.1419,-19.288979,148.67166,-1.759233,124.002106,-26.428791,154.44957,4.0186796,128.08136,-22.34953
2026-04-09 18:37:03,160.9152,145.0155,122.41183,-22.603676,143.24498,-1.770518,119.89827,-25.117231,150.21341,5.197909,121.18507,-23.830437
2026-04-09 18:38:03,163.5834,145.0155,120.55332,-24.462183,142.4829,-2.5326042,119.80908,-25.206417,147.78647,2.7709653,119.444954,-25.570549
2026-04-09 18:39:03,171.6036,150.6168,124.54034,-26.076471,146.31311,-4.3036947,126.57318,-24.043627,149.74597,-0.8708335,122.514946,-28.101862
2026-04-09 18:40:03,171.6036,153.472,123.898285,-29.573717,148.66795,-4.804046,129.04509,-24.42691,150.26955,-3.2024596,123.53308,-29.938923
2026-04-09 18:41:03,174.1446,139.9,111.83882,-28.06117,138.15186,-1.7481384,115.88097,-24.01903,142.48615,2.586147,112.12495,-27.77505
2026-04-09 18:42:03,178.0071,139.94,113.11119,-26.828814,136.94473,-2.9952712,118.30759,-21.632416,139.57307,-0.36693326,112.60367,-27.336332
2026-04-09 18:43:03,181.0776,137.2588,116.81153,-20.447271,133.15903,-4.099771,116.19016,-21.068642,138.44011,1.181304,111.19751,-26.061293
2026-04-09 18:44:03,165.12,135.8873,118.93798,-16.949318,131.26514,-4.6221576,113.31375,-22.573547,138.6167,2.7293954,110.46956,-25.41774
2026-04-09 18:45:03,149.0616,135.8873,120.83398,-15.053322,129.60101,-6.2862844,109.76138,-26.125916,137.06804,1.1807394,110.5747,-25.312601
2026-04-09 18:46:03,135.6516,133.0475,117.26993,-15.777573,125.69648,-7.351024,112.686264,-20.36124,133.11874,0.07123992,108.48905,-24.558449
2026-04-09 18:47:03,138.36,130.1907,119.463684,-10.727021,120.74945,-9.441256,108.468704,-21.722,127.82136,-2.3693457,105.63072,-24.559984
2026-04-09 18:48:03,141.5352,136.7982,124.9115,-11.8867035,123.12733,-13.6708765,110.37699,-26.421213,127.35696,-9.441245,109.318985,-27.479216
2026-04-09 18:49:03,160.196,144.82,128.28366,-16.536339,124.80653,-20.013472,117.14411,-27.675898,125.701385,-19.118618,112.944305,-31.875706
2026-04-09 18:50:03,162.5804,150.2172,130.7817,-19.435507,124.47347,-25.743721,120.4086,-29.808594,122.404144,-27.813046,114.348236,-35.86896
2026-04-09 18:51:03,163.6607,156.9118,132.92017,-23.991644,122.39949,-34.51231,127.72702,-29.184788,121.70654,-35.205257,116.59746,-40.314342
2026-04-09 18:52:03,163.6607,156.8327,129.86601,-26.96669,121.005264,-35.827435,126.01301,-30.819696,124.44412,-32.388584,112.68218,-44.15052
2026-04-09 18:53:03,152.8512,156.8327,125.25963,-31.57307,120.25737,-36.575336,128.81929,-28.013409,126.283745,-30.548956,109.70846,-47.124245
2026-04-09 18:54:03,134.742,148.7086,120.48488,-28.223722,111.72547,-36.98313,120.104225,-28.604378,121.95771,-26.750893,101.50979,-47.198814
2026-04-09 18:55:03,134.742,136.465,114.226074,-22.238924,101.1664,-35.2986,109.00865,-27.456345,120.72705,-15.737942,91.771255,-44.69374
2026-04-09 18:56:03,111.9204,136.465,115.23874,-21.226257,98.286545,-38.17845,104.28366,-32.18134,116.82643,-19.638569,92.55998,-43.90501
2026-04-09 18:57:03,105.8374,137.9169,118.6971,-19.219807,94.573685,-43.34322,104.47348,-33.44342,108.58351,-29.33339,92.151184,-45.765713
2026-04-09 18:58:03,93.7136,154.3233,132.8365,-21.486807,102.64159,-51.681713,119.89169,-34.43161,107.21113,-47.112175,102.91206,-51.41124
2026-04-09 18:59:03,91.2528,152.999,126.73046,-26.268532,97.38789,-55.6111,113.87479,-39.124207,96.140945,-56.85805,98.18535,-54.813644
2026-04-09 19:00:03,88.69,162.513,131.1075,-31.405497,99.43512,-63.077877,119.74383,-42.769173,92.8125,-69.7005,101.90988,-60.60312
2026-04-09 19:01:03,86.1424,163.7604,129.22714,-34.533257,100.90995,-62.850456,119.824234,-43.936176,92.94356,-70.81685,98.13861,-65.621796
2026-04-09 19:02:03,84.8689,152.878,114.254845,-38.62316,97.12042,-55.75758,112.50134,-40.37666,95.45025,-57.427757,86.46543,-66.412575
2026-04-09 19:03:03,84.8689,152.878,112.5385,-40.33951,92.04753,-60.83048,111.88637,-40.991634,91.0047,-61.87331,85.01805,-67.859955
2026-04-09 19:04:03,82.3095,142.0044,103.96495,-38.039444,85.813324,-56.19107,104.658875,-37.345516,87.84213,-54.16226,75.85637,-66.148026
2026-04-09 19:05:03,82.3095,143.2524,112.15916,-31.093237,84.79165,-58.460747,103.977936,-39.274456,84.695465,-58.55693,77.03266,-66.219734
2026-04-09 19:06:03,75.942,145.9605,115.55518,-30.405312,84.54823,-61.41226,105.1861,-40.774395,82.028366,-63.932125,78.04665,-67.91384
2026-04-09 19:07:03,70.8456,145.9605,112.17374,-33.786762,80.413605,-65.54689,107.54981,-38.410683,75.08803,-70.87247,76.5064,-69.454094
2026-04-09 19:08:03,68.2938,149.958,114.98987,-34.96813,75.53974,-74.41825,113.619865,-36.338127,64.763405,-85.19459,78.42653,-71.53146
2026-04-09 19:09:03,65.7488,145.719,113.6627,-32.056297,73.796425,-71.92257,105.714386,-40.00461,64.612915,-81.10608,74.39944,-71.31956
2026-04-09 19:10:03,63.2,155.3136,123.0278,-32.285797,74.34678,-80.96682,117.325874,-37.987724,58.306206,-97.00739,80.64494,-74.668655
2026-04-09 19:11:03,63.18,154.2789,120.30408,-33.974823,70.236534,-84.042366,114.8186,-39.460293,51.28885,-102.99005,77.273254,-77.005646
2026-04-09 19:12:03,60.6432,155.7924,117.85712,-37.935284,67.950966,-87.84144,115.07466,-40.71774,46.175163,-109.61724,75.78496,-80.00745
2026-04-09 19:13:03,58.098,139.9236,107.131516,-32.792084,62.61106,-77.31254,101.193565,-38.730034,46.995834,-92.927765,62.31053,-77.61307
2026-04-09 19:14:03,58.098,153.5296,120.27882,-33.250786,64.900276,-88.629326,110.99308,-42.536522,42.870598,-110.659004,72.51293,-81.01667
2026-04-09 19:15:03,55.5544,139.68,107.07811,-32.601883,58.485825,-81.19417,102.35048,-37.329517,39.278458,-100.401535,60.23826,-79.441734
2026-04-09 19:16:03,43.4452,142.188,109.415115,-32.77289,55.812027,-86.37598,105.140045,-37.04796,33.750046,-108.43796,61.857788,-80.330215
2026-04-09 19:17:03,37.8176,143.4378,110.98658,-32.451225,51.628464,-91.80934,105.3961,-38.041706,29.961723,-113.47608,62.19507,-81.24274
2026-04-09 19:18:03,34.752,143.4378,112.75374,-30.684063,49.343628,-94.09418,106.6669,-36.77091,28.167358,-115.27045,61.40764,-82.03017
2026-04-09 19:19:03,33.2224,148.9868,115.84671,-33.14009,48.347603,-100.6392,110.132,-38.854794,25.569443,-123.41736,64.37078,-84.61602
2026-04-09 19:20:03,28.272,174.7774,132.17169,-42.605705,53.702354,-121.07505,130.86185,-43.915554,30.35727,-144.42014,81.768,-93.00941
2026-04-09 19:21:03,26.8384,160.1728,115.85376,-44.319046,43.163536,-117.00927,115.464584,-44.70822,20.447113,-139.7257,66.24674,-93.92606
2026-04-09 19:22:03,26.6118,154.8736,111.868195,-43.0054,42.112938,-112.76066,109.3178,-45.555794,17.575775,-137.29782,60.97004,-93.90356
2026-04-09 19:23:03,25.024,154.8736,108.09031,-46.783287,40.795227,-114.07837,110.49894,-44.374657,17.689972,-137.18362,60.481476,-94.39212
2026-04-09 19:24:03,24.21,148.0452,101.13532,-46.909874,41.269745,-106.77545,108.22716,-39.818043,19.221802,-128.8234,54.978058,-93.06714
2026-04-09 19:25:03,24.21,136.3474,95.015594,-41.331802,35.43132,-100.91608,95.680176,-40.667217,15.213242,-121.134155,46.26779,-90.079605
2026-04-09 19:26:03,22.1616,128.6896,93.098175,-35.591434,35.364998,-93.32461,83.23484,-45.454765,17.184769,-111.50484,42.002586,-86.68702
2026-04-09 19:27:03,19.5027,142.3104,105.944214,-36.36618,42.73195,-99.578445,102.24692,-40.063477,26.385933,-115.92446,53.55825,-88.752144
2026-04-09 19:28:03,15.549,142.2084,104.97131,-37.23709,41.65444,-100.55396,98.292984,-43.915424,28.069466,-114.13894,52.62976,-89.57864
2026-04-09 19:29:03,10.1817,143.5614,106.149155,-37.41225,41.25763,-102.30377,101.36447,-42.19693,28.526787,-115.034615,53.177643,-90.38376
2026-04-09 19:30:03,7.026,136.7296,105.28099,-31.448608,36.20323,-100.52637,96.85578,-39.873817,24.710907,-112.01869,48.12284,-88.60676
2026-04-10 07:54:03,4.8284,133.9488,100.73727,-33.21154,36.218536,-97.73027,97.20445,-36.744354,24.82132,-109.12749,46.791367,-87.15744
2026-04-10 07:55:03,10.559,140.6324,104.54098,-36.091423,38.437347,-102.19505,104.71139,-35.921013,26.05867,-114.57373,52.34176,-88.29064
2026-04-10 07:56:03,16.3116,148.7621,108.44414,-40.317963,42.334198,-106.4279,107.430084,-41.332012,28.685333,-120.07677,58.342125,-90.419975
2026-04-10 07:57:03,19.6508,158.1864,113.01764,-45.168762,41.64422,-116.54218,112.978485,-45.207912,27.376862,-130.80954,64.24496,-93.941444
2026-04-10 07:58:03,20.409,163.5834,115.44757,-48.135838,40.00419,-123.579216,115.43248,-48.150925,25.740616,-137.84279,66.20106,-97.38235
2026-04-10 07:59:03,23.0394,167.6092,115.022865,-52.58634,38.468414,-129.1408,118.267624,-49.34158,24.667358,-142.94185,66.78889,-100.82032
2026-04-10 08:00:03,26.2728,160.9152,108.29915,-52.61606,31.26036,-129.65485,105.36185,-55.55336,17.411621,-143.50359,59.68296,-101.23225
2026-04-10 08:01:03,33.323,163.5834,111.91254,-51.670868,31.845993,-131.73741,109.85414,-53.729263,18.29805,-145.28535,60.89382,-102.68958
2026-04-10 08:02:03,42.0852,171.6036,118.17234,-53.431267,36.023148,-135.58046,116.57582,-55.027782,21.629837,-149.97377,66.24191,-105.361694
2026-04-10 08:03:03,49.907,171.6036,118.09332,-53.51028,33.497314,-138.1063,114.15016,-57.45344,19.132034,-152.47157,64.90442,-106.69919
2026-04-10 08:04:03,56.4072,174.1446,118.17008,-55.974525,33.759613,-140.385,110.96826,-63.176342,18.604218,-155.54039,65.93691,-108.207695
2026-04-10 08:05:03,58.3074,178.0071,117.712265,-60.294834,35.754852,-142.25224,115.41638,-62.590717,19.64598,-158.36111,68.519714,-109.48738
2026-04-10 08:06:03,59.5196,181.0776,119.11711,-61.9605,34.728577,-146.34903,115.577225,-65.50038,18.515259,-162.56235,70.496155,-110.58145
2026-04-10 08:07:03,63.9344,165.12,105.196014,-59.92398,25.302795,-139.8172,103.2724,-61.8476,8.879318,-156.24068,57.568092,-107.5519
2026-04-10 08:08:03,66.3168,149.0616,91.827255,-57.234344,16.374878,-132.68672,86.17839,-62.88321,0.18769836,-148.8739,46.0859,-102.9757
2026-04-10 08:09:03,70.38,135.6516,85.43502,-50.216576,9.496231,-126.155365,77.39972,-58.251877,0.0,-140.69322,38.461784,-97.18981
2026-04-10 08:10:03,74.52,138.36,92.31385,-46.04615,13.686523,-124.67348,82.79361,-55.566395,0.0,-139.89214,43.228424,-95.13158
2026-04-10 08:11:03,76.4198,141.5352,97.0728,-44.4624,16.630844,-124.90436,87.2216,-54.313595,0.32826233,-141.20694,47.18403,-94.35117
2026-04-10 08:12:03,76.4198,160.196,112.19664,-47.999355,26.263489,-133.93251,102.561356,-57.634644,9.634689,-150.56131,62.158485,-98.03751
2026-04-10 08:13:03,79.7772,162.5804,112.75723,-49.823166,25.453064,-137.12733,104.097404,-58.482994,10.112808,-152.46759,61.748695,-100.8317
2026-04-10 08:14:03,83.577,163.6607,114.072266,-49.588444,24.449188,-139.21152,106.29971,-57.36099,10.992065,-152.66864,60.93979,-102.72092
2026-04-10 08:15:03,85.7766,163.6607,110.84766,-52.813053,23.676514,-139.98419,106.45617,-57.204536,11.683716,-151.97699,59.87525,-103.78545
2026-04-10 08:16:03,85.006,152.8512,99.85768,-52.99352,19.878494,-132.9727,98.11272,-54.73848,8.704041,-144.14716,50.8665,-101.984695
2026-04-10 08:17:03,86.4272,134.742,86.47009,-48.27191,14.7150955,-120.02691,84.85129,-49.890713,2.7203674,-132.02164,37.864098,-96.87791
2026-04-10 08:18:03,80.9136,134.742,88.605835,-46.136166,19.731209,-115.010796,85.56789,-49.174118,9.306046,-125.43596,40.28447,-94.457535
2026-04-10 08:19:03,79.8336,111.9204,73.07161,-38.84879,13.90979,-98.01061,67.749596,-44.170807,6.3701096,-105.55029,25.435158,-86.485245
2026-04-10 08:20:03,80.1686,105.8374,72.267456,-33.569942,18.997704,-86.8397,60.235527,-45.601875,12.8385315,-92.99887,26.07206,-79.76534
2026-04-10 08:21:03,81.0374,93.7136,68.850174,-24.863426,20.39161,-73.32199,55.57585,-38.13775,14.019127,-79.69447,24.899445,-68.814156
2026-04-10 08:22:03,80.7562,91.2528,74.751625,-16.501175,27.01336,-64.23944,57.510216,-33.742584,21.755295,-69.497505,31.135609,-60.11719
2026-04-10 08:23:03,80.7562,88.69,75.77122,-12.918784,29.673153,-59.01685,62.70513,-25.984869,25.013165,-63.676838,36.13222,-52.55778
2026-04-10 08:24:03,81.5475,86.1424,75.52931,-10.613091,31.1661,-54.976303,64.67064,-21.47176,27.318008,-58.824394,39.99292,-46.149483
2026-04-10 08:25:03,78.1416,84.8689,75.24098,-9.627914,33.642387,-51.22651,65.66785,-19.201054,31.83316,-53.035736,44.5005,-40.368397
2026-04-10 08:26:03,73.848,84.8689,76.44154,-8.427355,35.879204,-48.989693,67.57289,-17.296003,36.037533,-48.831364,49.13042,-35.738476
2026-04-10 08:27:03,69.5552,82.3095,74.049355,-8.26015,37.8003,-44.5092,70.88494,-11.424559,39.04958,-43.259922,51.30278,-31.006721
2026-04-10 08:28:03,68.928,82.3095,76.623856,-5.685647,41.1463,-41.1632,71.096886,-11.212613,43.49342,-38.816082,54.757652,-27.551851
2026-04-10 08:29:03,68.224,75.942,72.97862,-2.9633808,38.10097,-37.84103,62.5802,-13.361802,43.391895,-32.550106,52.044296,-23.897705
2026-04-10 08:30:03,69.696,70.8456,72.05182,1.2062259,37.283226,-33.56237,59.11309,-11.732507,44.320786,-26.524813,50.999886,-19.845709
2026-04-10 08:31:03,69.894,68.2938,68.05908,-0.23472208,38.025467,-30.268333,61.345207,-6.9485936,46.469734,-21.824068,52.428696,-15.865105
2026-04-10 08:32:03,72.1344,65.7488,67.07444,1.3256364,38.878216,-26.870586,60.027695,-5.721107,48.6137,-17.1351,53.89187,-11.8569355
2026-04-10 08:33:03,72.9096,63.2,66.79104,3.5910368,40.825264,-22.374735,58.368927,-4.831074,51.109886,-12.0901165,55.663998,-7.536003
2026-04-10 08:34:03,72.9096,63.18,68.5004,5.3203998,44.61946,-18.560541,58.260075,-4.9199243,53.757366,-9.422634,59.479908,-3.7000911
2026-04-10 08:35:03,79.4845,60.6432,67.59449,6.951293,45.421745,-15.221453,57.3653,-3.2779,53.226276,-7.4169245,60.570004,-0.07319776
2026-04-10 08:36:03,87.6128,58.098,65.50894,7.4109445,46.34848,-11.74952,57.03119,-1.0668107,51.95202,-6.1459804,61.476673,3.3786728
2026-04-10 08:37:03,95.6367,58.098,69.18974,11.09174,48.51777,-9.580233,55.388016,-2.7099838,51.77403,-6.3239694,63.97512,5.877121
2026-04-10 08:38:03,105.1917,55.5544,66.83485,11.280445,48.383976,-7.1704264,51.229664,-4.3247385,50.608974,-4.945428,64.3396,8.785194
2026-04-10 08:39:03,113.5096,43.4452,53.462563,10.01736,39.694,-3.751202,41.001034,-2.4441683,41.10953,-2.3356712,55.094124,11.648921
2026-04-10 08:40:03,118.464,37.8176,49.267536,11.449936,37.526356,-0.2912449,36.53198,-1.2856231,40.19816,2.3805563,53.024086,15.206485
2026-04-10 08:41:03,119.6689,34.752,51.70388,16.95188,39.329292,4.5772943,34.03305,-0.7189466,42.0374,7.285399,54.604027,19.85203
2026-04-10 08:42:03,123.17,33.2224,53.378925,20.156525,42.48285,9.260448,35.017174,1.7947747,45.3267,12.104298,58.062443,24.840042
2026-04-10 08:43:03,121.9284,28.272,53.14083,24.86883,42.15961,13.887612,33.78439,5.512389,43.564163,15.292164,59.818172,31.546173
2026-04-10 08:44:03,119.504,26.8384,58.713036,31.874634,46.41634,19.57794,37.802147,10.963747,46.241814,19.403416,65.4974,38.658997
2026-04-10 08:45:03,119.504,26.6118,65.81066,39.19886,50.15544,23.543642,41.66014,15.048341,48.567657,21.955856,70.814125,44.202324
2026-04-10 08:46:03,112.1939,25.024,68.18383,43.15983,50.94499,25.920988,43.614243,18.590242,47.875946,22.851944,73.23451,48.21051
2026-04-10 08:47:03,107.2971,24.21,67.270935,43.06094,52.06667,27.85667,46.378098,22.168097,47.659393,23.449396,75.06357,50.853573
2026-04-10 08:48:03,101.1716,24.21,68.85811,44.648106,54.144554,29.934553,50.609184,26.399187,50.39946,26.189463,77.03238,52.82238
2026-04-10 08:49:03,96.135,22.1616,66.81004,44.648445,53.64,31.478397,47.737236,25.575634,51.19094,29.02934,76.4388,54.2772
2026-04-10 08:50:03,92.3625,19.5027,64.308525,44.805824,51.49964,31.996939,42.544456,23.041756,51.043617,31.540916,73.94743,54.444736
2026-04-10 08:51:03,88.6608,15.549,60.6156,45.0666,48.11205,32.56305,40.67177,25.122768,49.632687,34.083687,68.92778,53.378784
2026-04-10 08:52:03,83.7828,10.1817,54.91044,44.72874,43.948776,33.76708,35.143173,24.961475,48.01429,37.832592,61.636055,51.454357
2026-04-10 08:53:03,80.1255,7.026,50.3522,43.3262,41.23757,34.21157,36.655804,29.629805,49.395027,42.369026,56.808136,49.782135
2026-04-10 08:54:03,76.4522,4.8284,59.726562,54.898163,43.775368,38.946968,45.605595,40.777195,57.915157,53.086758,65.45428,60.625874
2026-04-10 08:55:03,64.2625,10.559,74.70635,64.147354,51.573257,41.01426,63.205826,52.646824,65.89947,55.34047,74.703735,64.14474
2026-04-10 08:56:03,64.2625,16.3116,88.14575,71.83415,56.822178,40.51058,76.94775,60.636147,73.015945,56.70434,82.880554,66.568954
2026-04-10 08:57:03,61.7865,19.6508,96.533485,76.88268,60.722794,41.071995,84.53538,64.884575,76.79849,57.147694,88.38867,68.73787
2026-04-10 08:58:03,56.7273,20.409,114.82837,94.419365,63.633404,43.224403,91.83374,71.42474,78.479225,58.070225,90.81401,70.405014
2026-04-10 08:59:03,52.0992,23.0394,122.85938,99.819984,67.26239,44.22299,91.995224,68.955826,80.157684,57.118282,94.68822,71.64882
2026-04-10 09:00:03,51.3471,26.2728,130.41551,104.142715,70.62509,44.35229,95.592575,69.31977,81.44453,55.171726,98.21324,71.940445
2026-04-10 09:01:03,52.788,33.323,136.93661,103.61361,76.38103,43.05802,103.530334,70.20733,87.08536,53.762356,104.986145,71.66314
2026-04-10 09:02:03,46.1346,42.0852,143.1945,101.10931,84.020386,41.935184,121.15219,79.066986,94.32172,52.23652,113.055786,70.97058
2026-04-10 09:03:03,43.36,49.907,144.07602,94.16902,91.509094,41.60209,121.75116,71.84416,103.55631,53.64931,119.99548,70.088486
2026-04-10 09:04:03,43.2572,56.4072,146.89378,90.48659,98.256775,41.84958,121.6918,65.28461,112.07637,55.669174,125.45212,69.04492
2026-04-10 09:05:03,43.5984,58.3074,138.47932,80.17192,99.67824,41.37084,123.41388,65.106476,116.995285,58.68788,126.668655,68.36125
2026-04-10 09:06:03,42.2718,59.5196,136.17596,76.65637,100.82889,41.30929,122.627464,63.107864,123.04595,63.526352,127.32705,67.80745
2026-04-10 09:07:03,42.2718,63.9344,134.36237,70.42796,105.8219,41.887497,128.39359,64.45918,131.9944,68.06,131.17879,67.244385
2026-04-10 09:08:03,42.8688,66.3168,133.75879,67.441986,110.31509,43.998283,124.11282,57.796017,136.73035,70.41355,133.08301,66.76621
2026-04-10 09:09:03,45.178,70.38,135.31577,64.935776,116.421585,46.041588,123.079094,52.699097,141.05338,70.673386,136.67966,66.29967
2026-04-10 09:10:03,50.0968,74.52,137.30547,62.785465,122.78055,48.260555,124.99826,50.478268,146.60535,72.08536,140.31561,65.79562
2026-04-10 09:11:03,56.956,76.4198,133.8594,57.4396,127.52996,51.11016,126.027176,49.607376,147.78282,71.36302,141.83395,65.414154
2026-04-10 09:12:03,60.2888,76.4198,139.61246,63.192654,130.60596,54.186165,129.76358,53.34378,144.45428,68.034485,141.62248,65.20268
2026-04-10 09:13:03,62.907,79.7772,147.89427,68.11707,136.30225,56.525047,129.95241,50.175213,141.90573,62.128536,144.38303,64.60582
2026-04-10 09:14:03,67.781,83.577,152.6036,69.02661,142.64398,59.066986,140.17043,56.593426,141.83914,58.262135,147.43713,63.86013
2026-04-10 09:15:03,71.8392,85.7766,159.8746,74.09801,145.0632,59.28659,136.59206,50.815453,143.66696,57.890366,148.78575,63.00915
2026-04-10 09:16:03,75.1751,85.006,153.43329,68.427284,143.66454,58.658535,132.76965,47.763653,144.05223,59.046234,147.26732,62.26132
2026-04-10 09:17:03,75.2475,86.4272,158.13992,71.71273,143.93692,57.509716,136.54497,50.117764,147.11667,60.689465,147.91269,61.485485
2026-04-10 09:18:03,76.22,80.9136,155.71062,74.79702,139.83868,58.92508,133.19122,52.277626,143.5998,62.686195,142.17883,61.265232
2026-04-10 09:19:03,76.22,79.8336,155.54355,75.709946,141.426,61.5924,139.36179,59.52818,144.46284,64.62924,141.0693,61.23571
2026-04-10 09:20:03,75.5136,80.1686,157.74045,77.57184,142.75322,62.58462,136.92296,56.754353,146.34775,66.17915,141.40479,61.236187
2026-04-10 09:21:03,76.8096,81.0374,154.47864,73.44123,145.32942,64.29202,136.99295,55.955544,146.5465,65.509094,142.25157,61.214172
2026-04-10 09:22:03,76.118,80.7562,154.34071,73.58451,147.49727,66.741066,138.7281,57.971905,146.49089,65.73469,141.9427,61.186497
2026-04-10 09:23:03,80.1272,80.7562,155.52939,74.773186,150.67453,69.918335,136.70206,55.945847,145.46033,64.70412,141.91605,61.159843
2026-04-10 09:24:03,83.2352,81.5475,155.05933,73.511826,153.29008,71.742584,140.61111,59.063614,145.65247,64.10497,142.60272,61.055214
2026-04-10 09:25:03,88.624,78.1416,145.16835,67.02675,151.5021,73.36051,137.8489,59.70731,140.7534,62.611805,139.23465,61.093044
2026-04-10 09:26:03,95.424,73.848,154.59113,80.743126,147.99922,74.15122,133.11612,59.268127,136.62273,62.77473,135.10464,61.25664
2026-04-10 09:27:03,106.904,69.5552,152.14267,82.58747,148.20624,78.65104,127.39944,57.84424,131.86505,62.30986,131.0409,61.485687
2026-04-10 09:28:03,116.5024,68.928,160.2758,91.3478,146.07689,77.14889,127.86307,58.935062,129.25333,60.325325,130.56778,61.639786
2026-04-10 09:29:03,127.0728,68.224,170.4473,102.2233,144.17926,75.95527,125.135086,56.911087,127.08777,58.86377,129.98788,61.763893
2026-04-10 09:30:03,127.0728,69.696,181.67001,111.97402,140.5354,70.8394,129.07468,59.378677,124.51906,54.823063,131.52975,61.83376
2026-04-10 09:31:03,132.022,69.894,176.11502,106.221016,137.45825,67.56425,128.67392,58.779926,120.06369,50.169697,131.77255,61.878548
2026-04-10 09:32:03,132.944,72.1344,176.41547,104.28106,134.34865,62.214252,122.731094,50.596695,117.80948,45.675076,133.95728,61.82288
2026-04-10 09:33:03,138.1096,72.9096,166.69092,93.78132,130.54926,57.63966,124.488235,51.57864,113.685135,40.77554,134.628,61.718407
2026-04-10 09:34:03,146.4732,72.9096,165.18854,92.278946,127.25851,54.348907,118.4565,45.546898,109.48241,36.572803,134.58557,61.67598
2026-04-10 09:35:03,152.3844,79.4845,160.63571,81.15121,126.44591,46.961407,123.57103,44.086533,109.73607,30.251574,140.47807,60.993576
2026-04-10 09:36:03,162.7832,87.6128,163.35947,75.74667,129.4139,41.80109,121.645676,34.03288,108.2645,20.651701,147.37823,59.765427
2026-04-10 09:37:03,173.3536,95.6367,167.04886,71.412155,130.26549,34.62878,124.04782,28.411116,102.09865,6.461943,153.6514,58.014698
2026-04-10 09:38:03,178.85,105.1917,167.77667,62.58497,132.20955,27.01785,126.817474,21.62577,97.67547,-7.516234,160.76706,55.575356
2026-04-10 09:39:03,180.2048,113.5096,177.16774,63.658146,130.40002,16.890427,130.52103,17.011433,91.68289,-21.826708,165.55061,52.041016
2026-04-10 09:40:03,180.63,118.464,174.52159,56.0576,125.69638,7.2323804,134.13869,15.674692,82.7823,-35.681694,166.33325,47.869255
2026-04-10 09:41:03,181.6983,119.6689,168.3027,48.6338,120.663345,0.99444836,137.36852,17.699615,77.50069,-42.16821,162.55554,42.88664
2026-04-10 09:42:03,183.8142,123.17,179.80992,56.639927,118.03989,-5.130112,136.59358,13.423577,76.80104,-46.36896,160.09227,36.922268
2026-04-10 09:43:03,184.8308,121.9284,171.96437,50.035973,112.18265,-9.745748,132.89229,10.963889,72.843475,-49.084927,153.3798,31.45141
2026-04-10 09:44:03,184.2984,119.504,165.44347,45.939465,108.88199,-10.622008,133.66864,14.164641,71.32973,-48.174267,146.56137,27.057373
2026-04-10 09:45:03,185.5236,119.504,163.65398,44.149975,109.58348,-9.92052,130.13837,10.634364,70.50163,-49.00237,143.19452,23.690525
2026-04-10 09:46:03,192.4704,112.1939,154.52243,42.32853,106.62294,-5.5709605,116.89781,4.7039127,67.17385,-45.02005,134.93153,22.737627
2026-04-10 09:47:03,195.8468,107.2971,140.6069,33.309807,103.73159,-3.5655036,110.58889,3.291797,66.26538,-41.03171,130.4737,23.176592
2026-04-10 09:48:03,198.0612,101.1716,139.22928,38.057682,100.95564,-0.21595645,106.75759,5.5859942,65.54011,-35.631493,125.786934,24.615335
2026-04-10 09:49:03,197.8704,96.135,136.5104,40.3754,99.13071,2.9957016,104.800156,8.665152,65.74271,-30.392292,122.62139,26.486391
2026-04-10 09:50:03,197.01,92.3625,131.50528,39.142784,96.947655,4.5851507,105.74784,13.385341,64.321335,-28.041172,120.50557,28.14307
2026-04-10 09:51:03,190.148,88.6608,132.20036,43.539562,94.11438,5.4535847,105.98944,17.328642,63.03399,-25.626806,118.41754,29.756746
2026-04-10 09:52:03,187.5032,83.7828,128.8083,45.02551,89.10093,5.3181305,102.63761,18.854815,62.64133,-21.141468,115.146866,31.364067
2026-04-10 09:53:03,183.6751,80.1255,125.75958,45.634083,84.20515,4.0796447,99.94434,19.81884,62.640076,-17.48543,113.104614,32.979107
2026-04-10 09:54:03,182.845,76.4522,114.71024,38.25804,80.94594,4.493734,92.122536,15.670335,60.93853,-15.513671,111.009766,34.557568
2026-04-10 09:55:03,183.69,64.2625,100.30303,36.040535,74.32139,10.058893,84.214035,19.951534,54.567894,-9.694603,101.39697,37.13448
2026-04-10 09:56:03,184.665,64.2625,98.12259,33.86009,76.89661,12.634106,86.23831,21.975815,58.69077,-5.5717278,103.10467,38.84217
2026-04-10 09:57:03,185.562,61.7865,95.59115,33.80465,76.61084,14.824345,92.80004,31.01354,61.064575,-0.72192204,102.23665,40.450153
2026-04-10 09:58:03,186.238,56.7273,83.932365,27.205069,74.901474,18.174175,91.0461,34.3188,58.34516,1.6178615,99.304504,42.57721
2026-04-10 09:59:03,183.9616,52.0992,88.22795,36.128746,75.07034,22.971146,87.76693,35.66773,55.41606,3.3168585,97.35677,45.257572
2026-04-10 10:00:03,180.936,51.3471,89.282425,37.935326,76.5745,25.227402,77.101006,25.753904,56.968174,5.6210732,99.14821,47.801105
2026-04-10 10:01:03,174.5332,52.788,97.18634,44.398342,74.4879,21.699903,79.99279,27.204794,58.024918,5.23692,102.93586,50.14786
2026-04-10 10:02:03,173.7036,46.1346,86.47197,40.33737,68.28377,22.149166,86.48207,40.347473,51.116898,4.982296,99.4804,53.3458
2026-04-10 10:03:03,173.2034,43.36,88.42468,45.06468,66.058,22.697994,77.13101,33.77101,47.04314,3.6831412,99.95268,56.592686
2026-04-10 10:04:03,173.2034,43.2572,90.74645,47.489254,60.488632,17.231436,80.36632,37.109116,41.075016,-2.1821823,102.53711,59.279915
2026-04-10 10:05:03,167.8376,43.5984,92.405334,48.80693,54.88971,11.29131,87.6642,44.065796,37.041855,-6.556545,104.723236,61.124832
2026-04-10 10:06:03,166.5762,42.2718,91.784294,49.512493,50.416107,8.144305,91.643776,49.371975,32.233994,-10.037806,104.87982,62.608025
2026-04-10 10:07:03,166.968,42.2718,88.27089,45.99909,49.511574,7.239773,95.51903,53.24723,30.097855,-12.173945,105.93554,63.66374
2026-04-10 10:08:03,165.912,42.8688,77.12579,34.256992,48.879303,6.010502,97.64188,54.773075,28.506742,-14.362059,107.225235,64.35643
2026-04-10 10:09:03,159.6392,45.178,81.69547,36.51747,49.435505,4.2575026,98.43121,53.253216,30.0764,-15.101601,109.70038,64.52238
2026-04-10 10:10:03,154.6862,50.0968,81.26164,31.164843,54.003136,3.9063356,95.57405,45.477245,34.6839,-15.412902,114.32432,64.227516
2026-04-10 10:11:03,149.7184,56.956,87.56789,30.611885,58.527332,1.5713326,106.09444,49.13843,41.124187,-15.831815,120.70437,63.748367
2026-04-10 10:12:03,144.9866,60.2888,90.24455,29.955753,60.225132,-0.06366828,111.98694,51.698143,45.87001,-14.418788,123.7832,63.4944
2026-04-10 10:13:03,141.5981,62.907,93.81234,30.90534,60.273262,-2.6337407,107.803825,44.896824,50.80407,-12.102931,126.22271,63.31571
2026-04-10 10:14:03,139.2538,67.781,93.69908,25.918083,59.228157,-8.552839,102.28047,34.499477,53.67052,-14.1104765,130.87799,63.096992
2026-04-10 10:15:03,139.2538,71.8392,94.10148,22.262278,56.403015,-15.436189,99.07472,27.235523,53.844566,-17.994635,134.6832,62.843994
2026-04-10 10:16:03,143.134,75.1751,95.9512,20.7761,51.95546,-23.21964,102.64221,27.467112,52.845295,-22.329807,137.68741,62.51231
2026-04-10 10:17:03,145.6264,75.2475,95.51171,20.264212,47.91161,-27.335888,97.25009,22.002596,49.86644,-25.381058,137.39484,62.147335
2026-04-10 10:18:03,150.0112,76.22,97.20535,20.98535,46.54825,-29.671755,102.66828,26.448278,45.191635,-31.028364,137.89354,61.67354
2026-04-10 10:19:03,155.0456,76.22,98.98015,22.760145,45.52159,-30.698412,100.80405,24.584044,44.07308,-32.146923,137.566,61.34599
2026-04-10 10:20:03,157.7304,75.5136,96.7445,21.230896,46.43222,-29.081385,96.862976,21.349373,44.429283,-31.08432,136.48257,60.968967
2026-04-10 10:21:03,155.568,76.8096,90.9448,14.135202,49.353153,-27.456448,91.150444,14.340841,46.419006,-30.390596,137.23813,60.42853
2026-04-10 10:22:03,153.6948,76.118,90.598885,14.4808855,50.69275,-25.425247,98.114746,21.996746,47.55249,-28.565508,136.02658,59.908577
2026-04-10 10:23:03,138.9448,80.1272,94.95155,14.824354,58.78031,-21.346886,103.132416,23.00522,54.185585,-25.941614,139.43793,59.31073
2026-04-10 10:24:03,131.4984,83.2352,91.974625,8.739422,64.63856,-18.596642,90.558846,7.323647,59.99394,-23.24126,141.76952,58.53432
2026-04-10 10:25:03,125.0172,88.624,93.363754,4.7397556,72.464096,-16.159904,95.98016,7.3561635,67.24297,-21.38103,146.06522,57.441223
2026-04-10 10:26:03,125.0172,95.424,100.890236,5.466231,81.45247,-13.971533,101.68047,6.2564716,72.80921,-22.614794,150.90154,55.477535
2026-04-10 10:27:03,110.685,106.904,104.08355,-2.8204505,93.128624,-13.775375,114.71529,7.811285,80.48185,-26.42215,159.14946,52.24546
2026-04-10 10:28:03,106.1956,116.5024,115.61565,-0.8867596,99.51021,-16.992195,120.48159,3.979188,86.40049,-30.101913,164.3007,47.798306
2026-04-10 10:29:03,102.3144,127.0728,123.39117,-3.681636,105.840416,-21.232382,126.124466,-0.94833684,91.09954,-35.97326,169.16385,42.09104
2026-04-10 10:30:03,99.5628,127.0728,108.3573,-18.715504,106.2987,-20.774103,118.84599,-8.226809,90.41041,-36.66239,163.36371,36.290916
2026-04-10 10:31:03,102.69,132.022,111.85277,-20.169231,107.06397,-24.958033,124.78101,-7.2409906,91.969055,-40.052944,161.99442,29.972414
2026-04-10 10:32:03,111.0634,132.944,111.57252,-21.371485,105.977356,-26.966646,126.577484,-6.3665156,89.93887,-43.005123,156.73358,23.789574
2026-04-10 10:33:03,127.875,138.1096,115.96249,-22.147116,103.8988,-34.210804,124.190445,-13.919155,91.67647,-46.433136,155.75005,17.640446
2026-04-10 10:34:03,150.066,146.4732,118.32072,-28.152489,105.86325,-40.609955,139.47733,-6.995883,96.48695,-49.98625,157.87079,11.397575
2026-04-10 10:35:03,162.7413,152.3844,123.429825,-28.954575,107.28588,-45.09852,137.7431,-14.641302,100.89901,-51.48539,157.85106,5.4666634
2026-04-10 10:36:03,171.7056,162.7832,134.4808,-28.302406,113.39491,-49.38829,144.4316,-18.351604,108.9673,-53.8159,160.97882,-1.8043748
2026-04-10 10:37:03,171.7056,173.3536,137.88669,-35.466927,120.896286,-52.45732,150.77452,-22.579084,118.25389,-55.099716,163.78519,-9.56842
2026-04-10 10:38:03,177.216,178.85,137.97409,-40.87592,121.60732,-57.242683,145.9824,-32.8676,122.13382,-56.71619,161.62,-17.230011
2026-04-10 10:39:03,168.0,180.2048,138.11139,-42.093422,120.51053,-59.69427,136.44109,-43.763718,126.958,-53.246803,156.39055,-23.814257
2026-04-10 10:40:03,149.6768,180.63,139.84572,-40.784286,121.20151,-59.428497,142.37262,-38.25739,132.92143,-47.708572,150.8056,-29.824404
2026-04-10 10:41:03,147.8592,181.6983,143.24452,-38.453777,118.96767,-62.73064,139.01587,-42.682426,134.72981,-46.96849,146.92162,-34.776688
2026-04-10 10:42:03,145.7,183.8142,138.17615,-45.63805,117.31473,-66.499466,146.85431,-36.959885,136.32155,-47.49264,143.94281,-39.871376
2026-04-10 10:43:03,142.9624,184.8308,140.29639,-44.534412,115.46459,-69.3662,141.78946,-43.041336,135.48817,-49.34262,140.80998,-44.020817
2026-04-10 10:44:03,142.8742,184.2984,137.07655,-47.221848,111.54221,-72.75619,133.81665,-50.48175,132.58743,-51.710976,136.00989,-48.288506
2026-04-10 10:45:03,141.3096,185.5236,131.74799,-53.775616,111.10278,-74.42082,139.2414,-46.28222,130.3533,-55.170296,133.01846,-52.505142
2026-04-10 10:46:03,142.394,192.4704,143.51678,-48.95362,112.9632,-79.507195,139.56488,-52.905518,130.17325,-62.297146,135.52951,-56.94089
2026-04-10 10:47:03,142.1686,195.8468,141.62804,-54.21876,112.96193,-82.88487,145.65657,-50.190228,127.82039,-68.02641,135.4839,-60.362904
2026-04-10 10:48:03,142.1686,198.0612,141.6135,-56.44771,114.51586,-83.54534,145.0413,-53.0199,125.95788,-72.103325,134.65419,-63.407017
2026-04-10 10:49:03,141.7668,197.8704,137.8557,-60.014706,115.10135,-82.76906,147.17764,-50.69277,126.29402,-71.576385,132.43832,-65.432076
2026-04-10 10:50:03,140.1359,197.01,151.95818,-45.051815,117.57429,-79.43571,145.38763,-51.622353,127.2227,-69.78729,130.23737,-66.77264
2026-04-10 10:51:03,138.4032,190.148,148.29124,-41.856747,114.852615,-75.29538,145.25046,-44.89754,122.97239,-67.175606,122.87949,-67.2685
2026-04-10 10:52:03,139.5927,187.5032,151.20374,-36.299473,118.33016,-69.17304,147.31656,-40.186646,122.83253,-64.67068,120.11488,-67.38832
2026-04-10 10:53:03,137.52,183.6751,150.15117,-33.523926,122.172516,-61.502583,145.82576,-37.84934,122.82763,-60.847466,116.94885,-66.72624
2026-04-10 10:54:03,133.7432,182.845,148.66895,-34.17605,126.119194,-56.725807,141.81107,-41.033936,124.21596,-58.629044,116.650024,-66.19498
2026-04-10 10:55:03,131.316,183.69,148.3637,-35.326305,130.2517,-53.43831,145.8434,-37.846607,125.70282,-57.98718,117.88748,-65.80252
2026-04-10 10:56:03,129.0576,184.665,146.50755,-38.157436,133.22824,-51.43676,150.46509,-34.1999,126.6528,-58.012188,118.90332,-65.76167
2026-04-10 10:57:03,128.248,185.562,144.38887,-41.17313,134.45882,-51.10318,150.16591,-35.396084,127.458405,-58.103592,119.666374,-65.89562
2026-04-10 10:58:03,130.66,186.238,141.09584,-45.142162,134.32358,-51.914436,149.6886,-36.549404,127.95602,-58.28199,120.42535,-65.81266
2026-04-10 10:59:03,132.0595,183.9616,135.01329,-48.948303,131.7748,-52.186794,148.47922,-35.48237,124.528595,-59.433002,119.149994,-64.8116
2026-04-10 11:00:03,132.0785,180.936,130.35028,-50.58572,128.84079,-52.095207,144.94179,-35.994213,120.33104,-60.604965,117.710365,-63.22564
2026-04-10 11:01:03,134.733,174.5332,124.67705,-49.85615,123.15607,-51.377132,137.74103,-36.79217,114.04213,-60.491074,113.9037,-60.6295
2026-04-10 11:02:03,135.583,173.7036,123.76077,-49.942825,122.382385,-51.321217,136.90991,-36.79368,112.689865,-61.013733,115.18474,-58.518864
2026-04-10 11:03:03,132.288,173.2034,122.49519,-50.708206,120.83513,-52.368267,137.49919,-35.70421,111.17699,-62.02641,116.16281,-57.04059
2026-04-10 11:04:03,128.6672,173.2034,123.543304,-49.66009,120.36229,-52.84111,137.10406,-36.099327,110.61633,-62.587063,117.11548,-56.087917
2026-04-10 11:05:03,129.024,167.8376,117.47166,-50.365944,115.72257,-52.11503,130.34784,-37.489754,106.006,-61.831608,113.300064,-54.53754
2026-04-10 11:06:03,126.72,166.5762,114.02075,-52.555447,114.041885,-52.534313,128.4525,-38.123707,105.662384,-60.91382,112.79842,-53.77778
2026-04-10 11:07:03,122.3128,166.968,112.67882,-54.28918,113.46144,-53.506565,129.62392,-37.344086,106.890015,-60.07799,114.015335,-52.952667
2026-04-10 11:08:03,117.9624,165.912,111.34976,-54.562237,111.730804,-54.181194,127.17406,-38.73795,106.64429,-59.26771,114.08804,-51.823956
2026-04-10 11:09:03,111.3728,159.6392,104.67076,-54.968445,106.767426,-52.87178,123.2558,-36.38341,103.96085,-55.678352,110.1447,-49.494503
2026-04-10 11:10:03,106.3272,154.6862,100.423904,-54.262302,102.9329,-51.753304,120.47284,-34.213367,102.905716,-51.780483,109.1281,-45.5581
2026-04-10 11:11:03,106.3272,149.7184,96.52425,-53.194157,99.25929,-50.45911,115.9648,-33.753597,100.85814,-48.86026,109.18176,-40.536633
2026-04-10 11:12:03,88.053,144.9866,92.386475,-52.600124,95.72129,-49.265312,112.45474,-32.531857,98.08838,-46.898228,110.40657,-34.580036
2026-04-10 11:13:03,79.8135,141.5981,91.61461,-49.98349,93.25131,-48.34679,110.71135,-30.886751,96.6066,-44.991497,113.52855,-28.06955
2026-04-10 11:14:03,76.2176,139.2538,94.07327,-45.180527,91.825325,-47.428474,106.51729,-32.736515,96.98501,-42.26879,116.84112,-22.412682
2026-04-10 11:15:03,78.0818,139.2538,97.7592,-41.494595,92.23897,-47.01483,104.18358,-35.070225,99.50382,-39.749977,121.020706,-18.233095
2026-04-10 11:16:03,82.4832,143.134,103.875175,-39.258827,94.97135,-48.16265,107.56474,-35.569256,104.630005,-38.503994,125.46845,-17.66555
2026-04-10 11:17:03,90.864,145.6264,107.7509,-37.875507,95.79938,-49.827023,109.28912,-36.33728,107.53401,-38.092392,126.16026,-19.466145
2026-04-10 11:18:03,101.6928,150.0112,111.394485,-38.61672,97.71396,-52.29724,110.91623,-39.094975,111.509315,-38.501884,126.12398,-23.887222
2026-04-10 11:19:03,114.758,155.0456,114.46511,-40.580482,100.992256,-54.053337,113.316666,-41.728928,115.81583,-39.22977,125.56868,-29.47691
2026-04-10 11:20:03,124.5288,157.7304,112.24558,-45.48481,102.90881,-54.82158,113.074646,-44.65575,118.64754,-39.082855,122.78114,-34.949245
2026-04-10 11:21:03,124.5288,155.568,107.320404,-48.24759,103.2597,-52.308296,110.2731,-45.294895,118.3219,-37.24609,117.81175,-37.756245
2026-04-10 11:23:03,132.6528,153.6948,104.9188,-48.775993,104.81526,-48.87953,107.993,-45.701797,119.62012,-34.07468,115.77844,-37.916348
2026-04-10 11:24:03,137.5528,138.9448,94.4205,-44.52429,96.79172,-42.15308,96.93439,-42.01041,112.59225,-26.352545,106.613556,-32.331234
2026-04-10 11:25:03,146.6176,131.4984,93.191284,-38.307117,94.38232,-37.11608,92.870544,-38.62785,109.33615,-22.162243,105.10715,-26.391254
2026-04-10 11:26:03,147.264,125.0172,94.19449,-30.82271,93.012665,-32.004536,89.672714,-35.344482,107.388084,-17.629114,104.983475,-20.033724
2026-04-10 11:27:03,147.8536,125.0172,99.12579,-25.8914,96.427284,-28.589914,92.80997,-32.20723,110.11039,-14.906809,108.942444,-16.074749
2026-04-10 11:28:03,146.993,110.685,95.39405,-15.290947,88.50511,-22.17989,84.03984,-26.645153,101.762726,-8.922268,104.7684,-5.916595
2026-04-10 11:29:03,140.7294,106.1956,99.12714,-7.0684643,89.392426,-16.803177,85.40613,-20.78947,102.402,-3.7936027,108.73875,2.5431418
2026-04-10 11:30:03,137.8664,102.3144,101.66875,-0.64565253,90.816345,-11.498056,91.113396,-11.201006,102.92746,0.6130636,111.31313,8.998735
2026-04-10 11:31:03,136.0224,99.5628,104.8113,5.2485037,93.23395,-6.3288493,94.68419,-4.878611,104.354195,4.7913995,113.41904,13.856241
2026-04-10 11:32:03,134.0628,102.69,110.368965,7.6789618,99.344124,-3.3458796,99.00114,-3.688868,109.45727,6.767264,119.139496,16.449497
2026-04-10 11:33:03,134.0628,111.0634,118.114555,7.051154,108.63259,-2.4308124,108.754845,-2.3085587,117.722946,6.6595488,127.62347,16.560066
2026-04-10 11:34:03,132.2592,127.875,131.79097,3.9159691,122.73958,-5.1354227,126.462105,-1.4128915,129.66528,1.7902771,140.36952,12.494523
2026-04-10 11:35:03,133.0504,150.066,145.52866,-4.537331,139.23499,-10.831004,143.28801,-6.7779837,143.0736,-6.9924006,152.537,2.4710016
2026-04-10 11:36:03,104.9184,162.7413,148.31464,-14.426669,148.07184,-14.669468,150.50041,-12.2408905,148.86487,-13.876427,150.9849,-11.756406
2026-04-10 11:37:03,110.9752,171.7056,150.02457,-21.68103,152.17938,-19.526218,155.8434,-15.862193,150.47714,-21.228458,146.43292,-25.272675
2026-04-10 11:38:03,108.2472,171.7056,144.10341,-27.602188,149.81624,-21.88936,151.9766,-19.728996,146.63118,-25.074415,137.8825,-33.82309
2026-04-10 11:39:03,111.036,177.216,142.70248,-34.51352,154.11142,-23.104588,154.94205,-22.273954,149.63205,-27.583954,137.13333,-40.082676
2026-04-10 11:40:03,108.04,168.0,132.61447,-35.38553,146.45293,-21.547075,143.84715,-24.152851,142.9453,-25.0547,126.87749,-41.122513
2026-04-10 11:41:03,142.2568,149.6768,119.235855,-30.44095,132.73201,-16.944788,127.36426,-22.31255,131.53848,-18.138317,113.1998,-36.477005
2026-04-10 11:42:03,144.94,147.8592,122.95871,-24.900494,132.26912,-15.590088,126.9982,-20.861012,132.1014,-15.757806,114.392,-33.467213
2026-04-10 11:43:03,150.4464,145.7,124.76192,-20.938076,132.14407,-13.5559225,127.55527,-18.14473,132.67004,-13.029949,115.3003,-30.399694
2026-04-10 11:44:03,150.3008,142.9624,126.66087,-16.30153,131.73009,-11.232309,125.56227,-17.400127,131.88593,-11.076483,115.44115,-27.521255
2026-04-10 11:45:03,158.334,142.8742,129.48663,-13.387567,133.16672,-9.707485,126.646736,-16.227472,132.28763,-10.586583,117.4202,-25.45401
2026-04-10 11:46:03,160.664,141.3096,131.30565,-10.003951,133.06514,-8.244459,128.21492,-13.0946865,131.4732,-9.836393,117.6745,-23.6351
2026-04-10 11:47:03,154.5048,142.394,134.93083,-7.463158,135.33293,-7.0610666,131.13531,-11.258679,132.86214,-9.53186,119.94316,-22.450832
2026-04-10 11:48:03,145.6968,142.1686,137.4564,-4.712185,136.76935,-5.3992414,131.99677,-10.1718235,133.14748,-9.021118,121.07042,-21.098173
2026-04-10 11:49:03,142.82,142.1686,139.50066,-2.6679316,137.75026,-4.418332,132.89351,-9.275088,132.91866,-9.249938,121.95114,-20.217457
2026-04-10 11:50:03,142.64,141.7668,140.39478,-1.3720214,137.87436,-3.8924463,132.26587,-9.500926,132.49896,-9.267834,122.25601,-19.510786
2026-04-10 11:51:03,153.6192,140.1359,137.76567,-2.37022,136.93146,-3.204445,132.58598,-7.5499144,131.19823,-8.937662,121.32819,-18.8077
2026-04-10 11:52:03,153.4896,138.4032,134.97061,-3.4325886,135.40318,-3.000017,129.94556,-8.457646,129.89737,-8.505822,120.107704,-18.295496
2026-04-10 11:53:03,166.8992,139.5927,133.9634,-5.6293006,136.56985,-3.0228498,131.82732,-7.765377,130.64569,-8.947011,121.91014,-17.682554
2026-04-10 11:54:03,171.7028,137.52,131.5266,-5.9934125,134.70987,-2.8101277,131.62048,-5.899525,128.11758,-9.402426,120.60285,-16.91715
2026-04-10 11:55:03,172.8396,133.7432,128.23178,-5.511411,131.06017,-2.6830328,126.67158,-7.0716176,123.95188,-9.79131,117.49771,-16.24548
2026-04-10 11:56:03,169.7388,131.316,128.02966,-3.2863266,129.10893,-2.2070663,123.851425,-7.464573,121.4473,-9.868689,115.80548,-15.510511
2026-04-10 11:57:03,163.4958,129.0576,127.510124,-1.5474747,127.728455,-1.3291451,121.58574,-7.4718595,119.15404,-9.9035635,114.63445,-14.423149
2026-04-10 11:58:03,159.827,128.248,128.00699,-0.24101529,127.98601,-0.26199242,120.331276,-7.916723,118.38106,-9.866944,114.321335,-13.926668
2026-04-10 11:59:03,158.93,130.66,130.9359,0.27589265,132.23116,1.5711476,121.528366,-9.131641,120.82962,-9.830384,116.6064,-14.053603
2026-04-10 12:00:03,169.1373,132.0595,132.60855,0.5490635,135.45235,3.3928485,124.06122,-7.9982777,122.37418,-9.68531,117.75103,-14.308466
2026-04-10 12:01:03,167.933,132.0785,130.92938,-1.1491241,137.17462,5.0961084,124.660416,-7.4180946,122.533676,-9.544829,117.74522,-14.33329
2026-04-10 12:02:03,176.0768,134.733,132.08896,-2.6440394,141.2842,6.551188,124.67667,-10.0563345,125.338196,-9.394809,120.501366,-14.231636
2026-04-10 12:03:03,176.5888,135.583,130.29417,-5.288819,142.67365,7.09065,124.036255,-11.546737,126.07469,-9.508304,120.992546,-14.590448
2026-04-10 12:04:03,182.5032,132.288,126.362816,-5.925178,140.74742,8.459428,119.50232,-12.785676,123.943115,-8.344876,118.06267,-14.225329
2026-04-10 12:05:03,161.5648,128.6672,123.68876,-4.978447,138.23369,9.566476,114.633804,-14.033399,121.351326,-7.3158817,115.19862,-13.468578
2026-04-10 12:06:03,163.098,129.024,124.08473,-4.9392695,138.7703,9.746291,115.256584,-13.767419,121.82023,-7.2037706,116.16711,-12.856895
2026-04-10 12:07:03,163.098,126.72,123.19263,-3.5273778,136.73279,10.0127945,113.48648,-13.233522,119.94228,-6.7777176,114.91718,-11.802815
2026-04-10 12:08:03,172.3352,122.3128,122.43078,0.11797775,133.42578,11.112986,109.84058,-12.472213,117.13172,-5.1810784,112.43982,-9.872979
2026-04-10 12:09:03,169.2628,117.9624,120.878876,2.9164734,130.27437,12.311968,106.12498,-11.837422,114.43749,-3.5249104,110.4756,-7.4867992
2026-04-10 12:10:03,158.1636,111.3728,116.64873,5.275928,125.7202,14.347398,102.95359,-8.419212,110.61555,-0.7572593,107.0347,-4.338105
2026-04-10 12:11:03,168.1892,106.3272,114.98801,8.660803,122.598854,16.271654,100.61467,-5.712535,108.95932,2.6321194,104.90318,-1.4240172
2026-04-10 12:12:03,169.9544,106.3272,117.77054,11.443334,123.79939,17.472195,100.575966,-5.751233,111.32463,4.9974327,106.50034,0.17314386
2026-04-10 12:13:03,169.9048,88.053,106.28187,18.228865,110.04864,21.995636,87.360756,-0.69224507,101.278244,13.225245,93.20101,5.1480136
2026-04-10 12:14:03,169.7808,79.8135,105.916306,26.102808,104.9828,25.169304,84.59892,4.7854195,100.425476,20.611975,89.72289,9.909391
2026-04-10 12:15:03,174.2336,76.2176,108.13447,31.916872,105.13662,28.91902,86.778854,10.561253,101.83127,25.613674,90.00432,13.786717
2026-04-10 12:16:03,176.8893,78.0818,112.80123,34.71943,108.76489,30.683094,93.51943,15.437631,104.9524,26.870598,94.530426,16.448622
2026-04-10 12:17:03,170.1756,82.4832,117.58385,35.100643,109.73826,27.25506,97.65327,15.170065,105.24612,22.762917,99.888466,17.405266
2026-04-10 12:18:03,170.1756,90.864,122.210266,31.346268,114.08025,23.216257,103.62019,12.756195,109.16789,18.303894,107.53707,16.673075
2026-04-10 12:19:03,159.8664,101.6928,127.8731,26.180298,121.775894,20.083092,112.21995,10.527144,114.59256,12.899755,116.00708,14.314277
2026-04-10 12:20:03,177.276,114.758,133.27628,18.51828,131.27173,16.513721,120.431946,5.673939,121.27289,6.514888,125.47613,10.718122
2026-04-10 12:21:03,177.5928,124.5288,136.67961,12.1508045,137.75444,13.225644,122.834335,-1.6944672,127.74246,3.2136588,131.32822,6.7994165
2026-04-10 12:22:03,179.8872,124.5288,132.32686,7.7980614,136.35893,11.830133,116.87489,-7.6539106,126.82179,2.2929916,128.59517,4.06637
2026-04-10 12:23:03,185.328,132.6528,134.47551,1.8227091,141.94012,9.287328,120.034515,-12.618282,132.81767,0.1648766,132.67659,0.023792688
2026-04-10 12:24:03,170.7616,137.5528,136.15616,-1.3966293,144.73935,7.1865497,120.89146,-16.66134,135.82307,-1.7297181,133.18433,-4.36847
2026-04-10 12:25:03,152.7184,146.6176,140.03558,-6.582009,151.23596,4.618356,125.00453,-21.613071,142.20671,-4.41089,137.58917,-9.028431
2026-04-10 12:26:03,143.88,147.264,137.70471,-9.559289,150.24692,2.9829113,120.499,-26.765005,141.81224,-5.451769,134.95663,-12.307377
2026-04-10 12:27:03,129.4488,147.8536,136.93109,-10.922515,149.48291,1.6293086,120.97693,-26.876678,141.68085,-6.172754,133.86728,-13.986333
2026-04-10 12:28:03,119.82,146.993,136.31316,-10.679842,148.3985,1.4054999,119.29748,-27.695517,140.93407,-6.0589333,132.5373,-14.45571
2026-04-10 12:29:03,119.82,140.7294,130.31055,-10.418858,142.4967,1.7673048,113.20156,-27.527842,135.66847,-5.0609217,127.37404,-13.355361
2026-04-10 12:30:03,115.0272,137.8664,126.78125,-11.085143,140.01366,2.1472678,110.333984,-27.532408,133.73776,-4.128632,125.734406,-12.1319895
2026-04-10 12:31:03,110.2344,136.0224,126.254326,-9.768073,138.96577,2.9433794,109.819534,-26.202862,132.89438,-3.1280243,125.31044,-10.711957
2026-04-10 12:32:03,102.9592,134.0628,126.40733,-7.655475,137.48392,3.421118,107.479324,-26.583479,132.14397,-1.9188337,124.469345,-9.593456
2026-04-10 12:33:03,98.1376,134.0628,127.854126,-6.2086773,137.83034,3.7675297,108.80436,-25.258444,132.92194,-1.1408697,125.08092,-8.98189
2026-04-10 12:34:03,93.3036,132.2592,128.01003,-4.2491765,135.69606,3.43686,108.86076,-23.398441,131.63934,-0.61986387,123.60363,-8.655569
2026-04-10 12:35:03,90.8656,133.0504,130.77084,-2.2795587,136.0693,3.0189054,109.82415,-23.22625,133.07771,0.027309027,124.5195,-8.530897
2026-04-10 12:36:03,89.67,104.9184,110.80382,5.885413,112.03435,7.115946,87.52887,-17.389536,113.6738,8.75539,100.943924,-3.9744787
2026-04-10 12:37:03,89.6625,110.9752,121.02498,10.049782,117.946075,6.9708757,95.266426,-15.708769,119.4592,8.484003,107.622215,-3.3529844
2026-04-10 12:38:03,89.64,108.2472,122.10142,13.85422,116.51695,8.269753,97.27896,-10.968238,118.194786,9.947584,105.65938,-2.587819
2026-04-10 12:39:03,87.3372,111.036,124.473976,13.437975,119.21934,8.183335,100.412094,-10.623913,120.637245,9.60124,108.63765,-2.3983512
2026-04-10 12:40:03,87.3372,108.04,123.24835,15.20835,116.31611,8.276107,97.99481,-10.045185,117.74011,9.700112,106.26248,-1.777517
2026-04-10 12:41:03,81.396,142.2568,149.91022,7.653419,144.94247,2.685669,128.59158,-13.665221,145.67883,3.4220216,136.2424,-6.014402
2026-04-10 12:42:03,71.832,144.94,143.37874,-1.5612615,145.25096,0.31096035,131.65439,-13.285613,146.82059,1.8805848,135.65063,-9.289361
2026-04-10 12:43:03,67.0488,150.4464,140.4682,-9.978197,146.98149,-3.4649112,132.36977,-18.076633,149.1478,-1.2986025,137.55383,-12.892559
2026-04-10 12:44:03,62.2648,150.3008,133.6591,-16.641699,145.77707,-4.5237336,128.32144,-21.979351,146.92532,-3.375466,135.6102,-14.690603
2026-04-10 12:45:03,52.712,158.334,134.25415,-24.079847,152.75732,-5.5766816,134.7023,-23.631706,152.17732,-6.1566844,140.9912,-17.342802
2026-04-10 12:46:03,47.896,160.664,132.7909,-27.873112,154.14001,-6.5239935,134.09525,-26.568762,151.30606,-9.3579445,141.03635,-19.62765
2026-04-10 12:47:03,45.4936,154.5048,127.01396,-27.490843,148.09406,-6.410751,122.130135,-32.374672,145.22025,-9.284556,134.30579,-20.199028
2026-04-10 12:48:03,45.486,145.6968,121.03081,-24.665989,139.71643,-5.980366,111.794975,-33.901817,137.68349,-8.013311,126.62573,-19.071062
2026-04-10 12:49:03,42.4612,142.82,120.88397,-21.936031,137.42493,-5.3950825,108.38884,-34.43117,135.90202,-6.9179797,124.63226,-18.187744
2026-04-10 12:50:03,42.0264,142.64,123.77648,-18.863516,137.45418,-5.1858215,114.625,-28.015001,135.82938,-6.8106184,124.13997,-18.500032
2026-04-10 12:51:03,42.0264,153.6192,133.82306,-19.796139,147.96178,-5.657422,122.55764,-31.06156,144.25499,-9.36421,131.19032,-22.42888
2026-04-10 12:52:03,39.916,153.4896,134.04137,-19.448229,147.67644,-5.813149,123.04999,-30.439608,143.33548,-10.154116,129.01234,-24.477243
2026-04-10 12:53:03,38.32,166.8992,144.86624,-22.03296,160.02626,-6.872939,135.71959,-31.179617,153.16566,-13.73354,137.63928,-29.259924
2026-04-10 12:54:03,35.136,171.7028,147.2748,-24.42801,164.13898,-7.563833,140.45413,-31.248676,156.17188,-15.530923,138.66779,-33.035015
2026-04-10 12:55:03,30.3544,172.8396,145.20877,-27.630825,165.1594,-7.68021,139.93143,-32.90817,156.87317,-15.9664345,137.1552,-35.684406
2026-04-10 12:56:03,28.7352,169.7388,145.27591,-24.462893,162.29765,-7.4411473,135.44882,-34.289986,154.10184,-15.636957,132.98384,-36.75496
2026-04-10 12:57:03,26.432,163.4958,140.7147,-22.781096,156.82072,-6.675074,127.79671,-35.699097,150.23146,-13.26434,127.818016,-35.677788
2026-04-10 12:58:03,22.1952,159.827,139.23286,-20.594137,153.39085,-6.43614,123.56221,-36.26479,147.98181,-11.84519,125.8551,-33.971897
2026-04-10 12:59:03,16.3328,158.93,139.4801,-19.449886,152.75697,-6.173022,123.02625,-35.90374,148.45251,-10.477476,127.080734,-31.849255
2026-04-10 13:00:03,11.148,169.1373,147.08539,-22.051912,162.00911,-7.12819,131.8212,-37.31611,155.40717,-13.730125,134.81015,-34.32714
2026-04-10 13:01:03,4.8328,167.933,144.54807,-23.384928,160.57545,-7.357548,132.47757,-35.455437,154.08801,-13.844993,133.01556,-34.917435
2026-04-10 13:02:03,4.8328,176.0768,149.40462,-26.672186,167.28542,-8.79138,140.68707,-35.38973,159.25615,-16.820654,138.25313,-37.823666
2026-04-16 14:08:03,44.5962,176.5888,144.90031,-31.688494,167.5357,-9.053096,144.35939,-32.229412,159.23021,-17.358591,137.16216,-39.42665
2026-04-16 14:09:03,74.8715,182.5032,146.98793,-35.515278,172.76923,-9.733985,146.59393,-35.909275,163.72386,-18.779348,140.13577,-42.36743
2026-04-16 14:10:03,102.8775,161.5648,129.01889,-32.54591,154.29735,-7.2674513,130.4418,-31.123003,149.04604,-12.518773,124.3807,-37.184105
2026-04-16 14:11:03,136.719,163.098,135.60274,-27.49527,155.98933,-7.108668,131.01926,-32.078743,151.77968,-11.318324,127.83824,-35.25976
2026-04-16 14:12:03,141.372,163.098,135.89572,-27.202288,156.27441,-6.823599,135.61278,-27.485231,153.03229,-10.065722,129.12402,-33.973976
2026-04-16 14:13:03,141.2904,172.3352,144.75922,-27.575989,165.52318,-6.812033,142.67651,-29.658684,162.05502,-10.280187,137.61658,-34.718628
2026-04-16 14:14:03,141.1068,169.2628,142.7422,-26.520601,162.07237,-7.190436,138.46422,-30.798588,158.37022,-10.892575,134.54411,-34.718685
2026-04-16 14:15:03,138.1,158.1636,134.90169,-23.261917,151.54276,-6.620844,128.45218,-29.71143,149.97977,-8.183835,126.66121,-31.502396
2026-04-16 14:16:03,137.86,168.1892,143.49686,-24.69234,160.77266,-7.416541,140.78569,-27.403505,157.67345,-10.515744,134.74858,-33.440613
2026-04-16 14:17:03,143.208,169.9544,142.0142,-27.940203,162.33473,-7.6196737,143.91628,-26.03813,159.11237,-10.84204,135.30348,-34.65092
2026-04-16 14:18:03,143.208,169.9048,139.50494,-30.399864,162.02512,-7.8796835,145.3555,-24.549294,158.5523,-11.352486,134.54605,-35.358753
2026-04-16 14:19:03,137.7,169.7808,138.99927,-30.781538,161.76595,-8.014869,139.75818,-30.022625,158.15346,-11.627349,134.22289,-35.55792
2026-04-16 14:20:03,132.3264,174.2336,139.7463,-34.487293,165.84117,-8.392421,146.74637,-27.487236,161.25806,-12.975542,136.95526,-37.278328
2026-04-16 14:21:03,129.7012,176.8893,139.58432,-37.30498,168.30981,-8.579482,147.69519,-29.194105,163.86496,-13.024341,137.96873,-38.920563
2026-04-16 14:22:03,124.29,170.1756,131.00223,-39.173374,161.86618,-8.309419,140.93478,-29.240807,158.77719,-11.398413,132.65723,-37.518364
2026-04-16 14:23:03,116.1048,170.1756,133.21286,-36.96274,161.8043,-8.371297,137.10696,-33.06864,159.06677,-11.108821,133.28354,-36.892067
2026-04-16 14:24:03,114.7392,159.8664,129.36252,-30.503883,152.12303,-7.743361,131.13974,-28.726656,151.60329,-8.263105,126.53908,-33.327316
2026-04-16 14:25:03,118.8606,177.276,145.45453,-31.821472,168.55899,-8.71701,143.14365,-34.132362,166.44846,-10.827552,140.50163,-36.77437
2026-04-16 14:26:03,113.3322,177.5928,144.342,-33.250813,168.8229,-8.769905,140.25758,-37.335217,167.23164,-10.361158,139.2297,-38.363106
2026-04-16 14:27:03,116.0376,179.8872,146.03955,-33.847664,170.69186,-9.195348,141.33075,-38.556454,169.18997,-10.697234,140.14148,-39.74572
2026-04-16 14:28:03,129.7576,185.328,154.20352,-31.124483,175.34715,-9.980854,146.6603,-38.667713,173.38564,-11.942367,143.10757,-42.220436
2026-04-16 14:29:03,129.7576,170.7616,139.79486,-30.966728,161.74622,-9.015386,134.22122,-36.540382,162.6367,-8.12489,130.41243,-40.349163
2026-04-16 14:30:03,121.88,152.7184,128.1897,-24.52871,145.09421,-7.6241837,119.037964,-33.68043,150.44244,-2.2759478,119.073074,-33.64532
2026-04-16 14:31:03,121.88,143.88,125.485344,-18.39466,136.91615,-6.9638453,115.40001,-28.479994,145.13638,1.2563764,116.33954,-27.540466
2026-04-16 14:32:03,116.4912,129.4488,114.491425,-14.957385,125.5498,-3.8990114,104.956085,-24.492722,135.34549,5.8966794,109.63247,-19.81634
2026-04-16 14:33:03,124.992,119.82,111.53865,-8.281353,118.52584,-1.2941585,100.463295,-19.356707,128.7541,8.934112,106.8911,-12.9289055
2026-04-16 14:34:03,118.078,119.82,113.78245,-6.037555,118.63647,-1.1835356,100.889656,-18.930344,129.26875,9.448759,110.61977,-9.200234
2026-04-16 14:35:03,112.9796,115.0272,110.98714,-4.040066,115.52228,0.49507815,99.5364,-15.490799,126.4129,11.385703,109.43871,-5.588489
2026-04-16 14:36:03,115.6848,110.2344,110.72014,0.48574334,111.598694,1.3642936,99.730576,-10.503821,122.25711,12.0227165,108.1125,-2.1218987
2026-04-16 14:37:03,118.7144,102.9592,106.73025,3.7710516,105.62266,2.6634634,97.31189,-5.6473103,115.84857,12.889377,103.9096,0.9504025
2026-04-16 14:38:03,121.616,98.1376,106.67319,8.535585,102.54899,4.4113874,97.06295,-1.074651,111.85293,13.715327,101.23969,3.1020894
2026-04-16 14:39:03,126.126,93.3036,104.97519,11.671596,99.04347,5.739878,92.86911,-0.43448418,106.73949,13.435893,98.234695,4.9311004
2026-04-16 14:40:03,125.982,90.8656,106.51796,15.652356,97.878975,7.0133743,95.70057,4.8349714,103.68555,12.819949,97.244385,6.3787837
2026-04-16 14:41:03,132.677,89.67,105.93422,16.264225,97.84688,8.176882,97.22324,7.5532427,101.819595,12.1496,96.90293,7.2329307
2026-04-16 14:42:03,132.316,89.6625,106.6021,16.939602,98.91917,9.256667,98.41719,8.754689,101.12155,11.459053,97.37373,7.711236
2026-04-16 14:43:03,131.955,89.64,109.28526,19.645266,99.60239,9.96239,97.11568,7.4756794,100.7253,11.085302,97.84093,8.20093
2026-04-16 14:44:03,131.955,87.3372,110.55547,23.218279,98.133026,10.795828,94.30559,6.9683914,97.960815,10.623619,96.05662,8.71942
2026-04-16 14:45:03,137.3427,87.3372,109.66005,22.322851,98.932495,11.595302,94.15665,6.819449,97.63223,10.295039,96.36791,9.030717
2026-04-16 14:46:03,146.7676,81.396,107.18634,25.790339,94.89123,13.495224,89.37493,7.9789286,92.06456,10.668553,91.78805,10.392041
2026-04-16 14:47:03,146.5238,71.832,103.21447,31.382467,88.63673,16.804728,84.51428,12.682285,83.6771,11.845102,84.48085,12.64885
2026-04-16 14:48:03,136.719,67.0488,100.89155,33.84275,86.678665,19.629868,83.08026,16.031464,79.99998,12.951179,81.743805,14.695008
2026-04-16 14:49:03,136.6497,62.2648,100.12397,37.85917,86.211494,23.946695,85.21202,22.947224,76.80767,14.542872,78.805664,16.54086
2026-04-16 14:50:03,140.7396,52.712,94.67732,41.96532,81.31596,28.603964,82.22346,29.511456,69.21867,16.50667,71.28748,18.575481
2026-04-16 14:51:03,136.62,47.896,93.3673,45.471302,81.260956,33.364956,78.70911,30.813108,65.620895,17.7249,68.54798,20.65198
2026-04-16 14:52:03,144.816,45.4936,92.979385,47.485783,81.90225,36.408657,79.57373,34.080128,63.895668,18.402071,67.962685,22.469084
2026-04-16 14:53:03,146.697,45.486,95.22411,49.738113,85.18391,39.697906,82.3869,36.900898,64.42187,18.93587,69.41724,23.931236
2026-04-16 14:54:03,152.1921,42.4612,95.37413,52.91293,84.443405,41.9822,81.47797,39.016766,62.174633,19.713432,68.28936,25.82816
2026-04-16 14:55:03,145.432,42.0264,96.36372,54.33732,85.788666,43.762264,79.837845,37.811443,62.157272,20.130873,69.91433,27.887926
2026-04-16 14:56:03,134.4952,42.0264,97.69755,55.671146,85.21261,43.186207,82.06291,40.036514,62.03827,20.01187,71.71646,29.690063
2026-04-16 14:57:03,115.3656,39.916,97.43965,57.523655,82.792206,42.8762,86.17993,46.26393,60.91411,20.998108,71.86099,31.944988
2026-04-16 14:58:03,133.77,38.32,99.18831,60.86831,82.87894,44.55894,88.60952,50.28952,61.110878,22.790876,72.347595,34.0276
2026-04-16 14:59:03,125.7456,35.136,100.0556,64.9196,80.655304,45.519306,89.61514,54.47914,59.35093,24.214928,71.46392,36.32792
2026-04-16 15:00:03,125.7456,30.3544,103.58174,73.22734,75.67285,45.318447,87.34452,56.99012,54.652256,24.297855,69.36573,39.01133
2026-04-16 15:01:03,133.9268,28.7352,106.18918,77.45398,76.28877,47.553574,87.7063,58.971096,54.15677,25.421566,70.319855,41.584652
2026-04-16 15:02:03,136.67,26.432,106.80594,80.37394,76.67228,50.24028,90.52857,64.09657,52.449677,26.017675,70.90297,44.47097
2026-04-16 15:03:03,136.67,22.1952,106.2448,84.0496,77.01688,54.82168,86.54761,64.35241,50.599777,28.404575,69.05186,46.856655
2026-04-16 15:04:03,125.7893,16.3328,104.00902,87.676216,76.67283,60.340027,80.57286,64.24006,48.59005,32.257248,64.693924,48.361126
2026-04-16 15:05:03,129.8046,11.148,101.12581,89.977806,76.4838,65.3358,79.1444,67.9964,47.136528,35.98853,60.10696,48.95896
2026-04-16 15:06:03,126.9048,4.8328,93.12144,88.288635,72.66846,67.835655,72.73536,67.90256,42.602432,37.76963,53.401695,48.568893
2026-04-16 15:07:03,125.3889,4.8328,91.87476,87.04196,71.83446,67.001656,76.366936,71.534134,43.80612,38.973324,52.420654,47.587856
2026-04-16 15:08:03,117.6738,44.5962,123.42379,78.82759,95.34491,50.748707,110.6082,66.012,72.37657,27.780376,86.03984,41.443645
2026-04-16 15:09:03,126.1574,74.8715,142.58766,67.71616,113.27211,38.40061,130.01741,55.145912,92.566086,17.694588,108.34885,33.477345
2026-04-16 15:10:03,134.24,102.8775,151.04199,48.16449,122.75061,19.87311,145.99545,43.117947,114.162506,11.285,126.381775,23.504274
2026-04-16 15:11:03,136.9248,136.719,158.48807,21.76907,144.43068,7.711688,162.73746,26.018463,138.51215,1.7931513,149.30286,12.583861
2026-04-16 15:12:03,139.672,141.372,156.00308,14.631084,146.99913,5.6271324,158.23872,16.86673,141.95888,0.5868884,148.63222,7.2602243
2026-04-16 15:13:03,154.0824,141.2904,146.95349,5.6630907,147.1189,5.8284864,147.4898,6.199404,141.69322,0.40281725,146.63814,5.347729
2026-04-16 15:14:03,154.0824,141.1068,131.50134,-9.6054535,144.45107,3.3442724,131.06464,-10.042154,140.42459,-0.6822038,145.59116,4.4843526
2026-04-16 15:15:03,139.1578,138.1,122.10707,-15.992934,138.67786,0.57785195,124.96419,-13.135818,135.96419,-2.135824,142.54991,4.4499054
2026-04-16 15:16:03,137.68,137.86,123.909935,-13.9500675,136.59714,-1.2628663,120.28682,-17.573183,134.63106,-3.2289462,142.22217,4.3621664
2026-04-16 15:17:03,132.192,143.208,123.576546,-19.631449,141.20761,-2.0003858,122.226006,-20.981989,139.54326,-3.66473,147.19348,3.9854832
2026-04-16 15:18:03,126.7024,143.208,121.47175,-21.736246,140.9499,-2.2580943,127.383194,-15.824796,140.2263,-2.9816961,146.97531,3.7673163
2026-04-16 15:19:03,118.4392,137.7,116.52644,-21.17355,134.21907,-3.4809191,127.325356,-10.37464,134.1015,-3.5985024,141.8295,4.129506
2026-04-16 15:20:03,115.6512,132.3264,114.54892,-17.777477,128.7346,-3.5918043,123.82424,-8.502158,129.34235,-2.9840472,137.10303,4.7766314
2026-04-16 15:21:03,112.8648,129.7012,109.44997,-20.251238,126.39848,-3.3027194,125.28633,-4.4148693,127.41591,-2.2852967,135.23209,5.53089
2026-04-16 15:22:03,118.2156,124.29,99.93175,-24.35825,122.98653,-1.3034726,113.98259,-10.307408,124.06849,-0.22150902,130.66725,6.3772554
2026-04-16 15:23:03,120.7888,116.1048,93.59407,-22.510727,116.86828,0.76348364,103.044556,-13.060239,117.66655,1.5617558,123.23055,7.125754
2026-04-16 15:24:03,126.0952,114.7392,96.2144,-18.524792,115.713455,0.97425956,102.26412,-12.475077,117.173584,2.4343867,122.42294,7.683748
2026-04-16 15:25:03,126.0952,118.8606,104.90447,-13.956133,117.5034,-1.3572011,102.22078,-16.639822,120.04782,1.1872153,126.541595,7.68099
2026-04-16 15:26:03,134.064,113.3322,106.03986,-7.292337,111.73155,-1.6006463,100.7468,-12.585397,114.95723,1.6250341,121.18741,7.855208
2026-04-16 15:27:03,136.62,116.0376,105.349014,-10.688583,113.93302,-2.104578,110.33245,-5.7051454,117.56328,1.52568,123.80731,7.7697167
2026-04-16 15:28:03,131.136,129.7576,114.21708,-15.540522,126.28843,-3.469166,123.60777,-6.1498256,129.14734,-0.6102555,136.5818,6.8241987
2026-04-16 15:29:03,131.0592,129.7576,114.08603,-15.671569,126.18081,-3.5767927,121.28605,-8.471551,128.19516,-1.5624436,136.08315,6.325541
2026-04-16 15:30:03,144.3084,121.88,105.1876,-16.6924,118.293304,-3.5866952,115.439896,-6.4400992,120.50218,-1.3778188,128.59457,6.714573
2026-04-16 15:31:03,144.1812,121.88,111.3858,-10.494193,118.31303,-3.5669737,112.052055,-9.827941,120.75164,-1.1283603,128.81316,6.933162
2026-04-16 15:32:03,138.6384,116.4912,110.86635,-5.624856,113.8563,-2.6348999,116.67796,0.18676361,116.995346,0.504139,123.81971,7.328509
2026-04-16 15:33:03,143.7996,124.992,119.36591,-5.6260834,122.268,-2.7239962,120.500114,-4.4918814,125.28364,0.29164323,131.96915,6.9771543
2026-04-16 15:34:03,143.6936,118.078,113.92319,-4.154815,115.54952,-2.5284803,111.63424,-6.443764,118.54739,0.46939176,125.21118,7.1331825
2026-04-16 15:35:03,127.7084,112.9796,104.223495,-8.756106,112.09493,-0.8846658,105.91916,-7.060441,114.37281,1.393211,120.67947,7.699864
2026-04-16 15:36:03,130.3872,115.6848,106.073944,-9.610853,115.473335,-0.21146663,112.733444,-2.9513514,116.65222,0.9674218,123.38736,7.702562
2026-04-16 15:37:03,126.4428,118.7144,108.25974,-10.454661,119.16061,0.44620135,113.73065,-4.983753,120.01309,1.2986894,126.22106,7.506662
2026-04-16 15:38:03,135.93,121.616,110.88405,-10.73195,122.42451,0.8085113,119.495026,-2.1209686,122.47236,0.85635906,128.74734,7.1313477
2026-04-16 15:39:03,134.6895,126.126,112.26205,-13.863952,125.026886,-1.099114,125.22705,-0.8989475,125.81521,-0.31079444,132.69554,6.5695424
2026-04-16 15:40:03,141.492,125.982,114.29945,-11.682549,125.06695,-0.91505426,121.80187,-4.1801324,125.35284,-0.62916297,132.39777,6.4157653
2026-04-16 15:41:03,138.8628,132.677,119.09096,-13.586046,131.1337,-1.5433093,134.36832,1.6913072,130.85245,-1.8245481,138.49199,5.8149915
2026-04-16 15:42:03,138.8628,132.316,117.00298,-15.313012,130.46301,-1.8529786,138.13281,5.816815,129.8238,-2.492183,137.86568,5.549688
2026-04-16 15:43:03,125.4144,131.955,117.87256,-14.082447,129.69725,-2.2577496,131.40344,-0.5515559,128.27324,-3.6817641,137.228,5.2729917
2026-04-16 15:44:03,119.9968,131.955,115.82259,-16.132408,129.0201,-2.9349098,130.74231,-1.2126919,127.262955,-4.6920447,137.0978,5.1427937
2026-04-16 15:45:03,109.184,137.3427,117.53284,-19.80986,134.1369,-3.2057912,129.39346,-7.949231,131.47043,-5.8722663,142.25467,4.9119754
2026-04-16 15:46:03,111.8972,146.7676,122.110916,-24.656677,143.16182,-3.6057725,135.47882,-11.288772,138.82524,-7.942347,150.85287,4.085278
2026-04-16 15:47:03,119.9968,146.5238,123.460724,-23.06308,143.17062,-3.3531733,134.02864,-12.495168,137.828,-8.695802,150.03531,3.5115037
2026-04-16 15:48:03,129.4945,136.719,126.13994,-10.579059,134.46039,-2.2586,122.264,-14.454991,129.1154,-7.6035986,140.6372,3.9182127
2026-04-16 15:49:03,135.0558,136.6497,121.591934,-15.057771,134.34808,-2.3016224,124.31164,-12.338067,129.72337,-6.926334,140.88045,4.230748
2026-04-16 15:50:03,139.281,140.7396,127.14412,-13.595471,137.97668,-2.762912,134.83344,-5.9061565,132.6674,-8.072183,145.0042,4.2646003
2026-04-16 15:51:03,138.0973,136.62,119.24022,-17.379772,133.71466,-2.9053342,132.67337,-3.9466276,127.82617,-8.793826,141.24084,4.6208425
2026-04-16 15:52:03,128.78,144.816,131.23218,-13.583814,141.66154,-3.1544442,134.92282,-9.893166,132.16048,-12.655518,148.9866,4.17061
2026-04-16 15:53:03,123.39,146.697,128.50499,-18.192022,143.03323,-3.6637661,146.95024,0.25323823,133.07602,-13.620979,150.36993,3.6729255
2026-04-16 15:54:03,120.6832,152.1921,128.87556,-23.31653,147.61859,-4.5734987,151.66484,-0.5272591,138.26225,-13.929835,155.26178,3.0696912
2026-04-16 15:55:03,123.3,145.432,132.67993,-12.752074,140.73886,-4.6931496,141.7757,-3.656314,131.75842,-13.67359,148.91527,3.4832613
2026-04-16 15:56:03,117.7512,134.4952,125.3227,-9.172496,129.48735,-5.0078416,120.6766,-13.818593,121.55356,-12.941632,138.82048,4.32528
2026-04-16 15:57:03,117.6308,115.3656,109.81217,-5.5534306,109.9867,-5.3788967,111.29021,-4.0753922,107.002625,-8.36298,121.39218,6.02658
2026-04-16 15:58:03,120.296,133.77,129.43687,-4.3331285,127.576515,-6.193492,128.1088,-5.6612077,122.44228,-11.32772,139.35257,5.5825696
2026-04-16 15:59:03,118.929,125.7456,126.26967,0.5240688,120.00713,-5.738465,116.31929,-9.426304,116.25131,-9.494287,131.57768,5.8320823
2026-04-16 16:00:03,126.9078,125.7456,122.122635,-3.6229658,119.944534,-5.8010597,114.90317,-10.842434,113.828,-11.917596,131.64229,5.8966913
2026-04-16 16:01:03,124.1058,133.9268,136.87387,2.9470716,127.86927,-6.057533,132.69006,-1.2367396,120.910904,-13.015903,139.21172,5.284905
2026-04-16 16:02:03,129.428,136.67,139.2348,2.5648043,130.64093,-6.0290623,143.6311,6.9611077,125.79102,-10.878978,141.471,4.8010006
2026-04-16 16:03:03,129.39,136.67,144.75803,8.088032,130.86752,-5.8024807,135.3929,-1.2771059,127.03315,-9.63685,141.22627,4.556275
2026-04-16 16:04:03,126.6567,125.7893,133.80763,8.018329,120.32,-5.469297,128.88942,3.1001275,120.63135,-5.1579494,131.11926,5.3299584
2026-04-16 16:05:03,138.5466,129.8046,143.14893,13.3443365,124.3138,-5.4908013,144.04779,14.243199,124.39261,-5.4119844,135.15729,5.352689
2026-04-16 16:06:03,135.76,126.9048,140.76518,13.860389,121.75929,-5.145508,128.81966,1.9148624,123.13125,-3.7735512,132.56711,5.6623044
2026-04-16 16:07:03,143.6088,125.3889,135.71965,10.330753,121.6614,-3.727502,121.62431,-3.7645848,125.74015,0.3512528,131.18172,5.792818
2026-04-16 16:08:03,143.5028,117.6738,129.17244,11.498636,114.807556,-2.8662431,121.02478,3.3509831,120.56388,2.8900833,123.99119,6.317394
2026-04-16 16:09:03,150.1164,126.1574,136.38219,10.22479,123.13238,-3.0250247,131.66168,5.504284,126.60337,0.4459709,132.37979,6.222396
2026-04-16 16:10:03,150.1164,134.24,147.49088,13.250877,131.09833,-3.1416783,135.79486,1.5548564,133.98915,-0.25085247,139.89824,5.6582265
2026-04-16 16:11:03,132.888,136.9248,145.81407,8.889261,133.80563,-3.1191728,141.55447,4.629664,136.7729,-0.15190808,142.09189,5.1670785
2026-04-16 16:12:03,127.6144,139.672,144.85545,5.1834607,136.34573,-3.3262563,140.41963,0.74764174,139.50085,-0.17114879,144.44353,4.7715273
2026-04-16 16:13:03,125.0832,154.0824,153.7454,-0.33699697,149.74155,-4.3408456,148.08159,-6.000816,152.81209,-1.2703131,157.51198,3.4295762
2026-04-16 16:14:03,141.1904,154.0824,149.05724,-5.0251565,150.0518,-4.0305943,145.27,-8.812387,153.38568,-0.69672287,156.607,2.5245934
2026-04-16 16:15:03,141.2112,139.1578,135.96881,-3.1889951,136.46886,-2.6889439,134.13116,-5.0266414,142.43399,3.2761855,142.68095,3.5231512
2026-04-16 16:16:03,143.8632,137.68,144.68068,7.0006847,135.03783,-2.642163,130.45654,-7.223453,142.33847,4.65848,141.63586,3.9558697
2026-04-16 16:17:03,146.448,132.192,133.84251,1.6505187,130.06248,-2.1295185,128.41107,-3.7809246,138.37244,6.180429,136.79077,4.5987663
2026-04-16 16:18:03,143.6088,126.7024,129.20438,2.5019743,125.97077,-0.7316296,135.72855,9.026139,134.28142,7.579024,132.10573,5.4033294
2026-04-16 16:19:03,130.2336,118.4392,122.80711,4.367915,120.622734,2.1835303,129.48721,11.048009,129.27977,10.840568,124.849594,6.410395
2026-04-16 16:20:03,130.2144,115.6512,122.73626,7.085057,121.10768,5.4564805,133.02307,17.371874,128.2729,12.621705,122.71641,7.065205
2026-04-16 16:21:03,130.2144,112.8648,120.61263,7.747832,122.063644,9.198843,129.95508,17.090279,127.68797,14.823172,120.37013,7.5053368
2026-04-16 16:22:03,130.2144,118.2156,130.51393,12.298333,127.16769,8.952089,148.0663,29.850704,132.53671,14.32111,125.59119,7.375587
2026-04-16 16:23:03,143.63,120.7888,139.80638,19.017576,130.47813,9.689335,144.51428,23.72548,134.93607,14.147266,127.87813,7.0893216
2026-04-16 16:24:03,143.9056,126.0952,148.02885,21.93365,135.29904,9.20384,141.54308,15.447877,139.13725,13.04206,132.659,6.5637946
2026-04-16 16:25:03,137.5216,126.0952,152.95937,26.864172,137.05173,10.956525,142.13556,16.04036,139.31612,13.220916,132.37962,6.2844224
2026-04-16 16:26:03,129.6085,134.064,157.32132,23.25732,142.49112,8.427128,152.70793,18.64393,144.07071,10.006706,139.67676,5.612756
2026-04-16 16:27:03,127.0008,136.62,157.37032,20.750319,145.37231,8.752312,158.20007,21.580084,146.16844,9.548444,141.70952,5.089517
2026-04-16 16:28:03,131.0016,131.136,151.18893,20.052937,144.31538,13.179378,150.66724,19.53124,144.18446,13.04846,136.3864,5.2503896
2026-04-16 16:29:03,128.2536,131.0592,152.0878,21.028599,146.49448,15.435274,152.36978,21.310572,146.55548,15.496277,136.50348,5.444282
2026-04-16 16:30:03,133.574,144.3084,159.18866,14.880264,156.42964,12.121252,162.03241,17.724014,157.38443,13.076039,148.8758,4.567398
2026-04-16 16:31:03,133.574,144.1812,163.18181,19.000607,154.2605,10.079306,161.57555,17.394346,156.39551,12.214312,148.08507,3.9038734
2026-04-16 16:32:03,136.23,138.6384,161.23578,22.597378,147.6258,8.987393,151.91058,13.272184,149.87125,11.232851,142.5989,3.960516
2026-04-16 16:33:03,134.8677,143.7996,161.52277,17.723167,149.82144,6.021832,154.74736,10.947748,150.02054,6.2209377,147.347,3.5474
2026-04-16 16:34:03,122.724,143.6936,156.91684,13.223242,150.35487,6.661275,152.33865,8.645052,149.46265,5.7690425,147.05704,3.363433
2026-04-16 16:35:03,114.6264,127.7084,143.42523,15.716827,139.11581,11.407419,145.91844,18.21004,139.34613,11.637726,132.35486,4.646456
2026-04-16 16:36:03,121.2981,130.3872,146.1814,15.794187,142.0195,11.632291,152.32407,21.936853,141.16075,10.773546,135.37505,4.987837
2026-04-16 16:37:03,119.9792,126.4428,144.4128,17.969994,143.28069,16.837887,155.30286,28.860054,140.23088,13.788084,132.03369,5.5908866
2026-04-16 16:38:03,122.706,135.93,153.96404,18.03404,154.1036,18.173613,162.32007,26.390083,148.16722,12.237232,141.11333,5.1833386
2026-04-16 16:39:03,130.8096,134.6895,161.3532,26.663696,157.01749,22.327984,155.64084,20.951344,150.13625,15.44674,139.80324,5.1137385
2026-04-16 16:40:03,133.4956,141.492,171.26633,29.774326,163.34914,21.857132,155.08755,13.595554,155.42622,13.934221,146.11168,4.6196713
2026-04-16 16:41:03,125.488,138.8628,167.15681,28.294025,160.4975,21.634706,159.04158,20.178793,153.28537,14.422581,143.4313,4.5685062
2026-04-16 16:42:03,125.4696,138.8628,175.66425,36.80146,161.48872,22.62593,161.42096,22.55816,153.57489,14.7120905,143.25775,4.394951
2026-04-16 16:43:03,124.0967,125.4144,166.09001,40.67561,155.30353,29.889137,148.2356,22.82119,146.14551,20.731102,130.82008,5.405689
2026-04-16 16:44:03,125.3684,119.9968,157.81436,37.81756,152.76363,32.766823,144.29247,24.295668,144.15637,24.15957,126.14773,6.150924
2026-04-16 16:45:03,121.3248,109.184,149.19266,40.00866,146.49,37.30601,139.31976,30.13576,141.46944,32.285442,116.492355,7.308359
2026-04-16 16:46:03,118.5636,111.8972,154.12357,42.226357,149.33282,37.435627,143.14854,31.251347,146.19652,34.299316,119.55673,7.659533
2026-04-16 16:47:03,118.5288,119.9968,161.3027,41.30591,151.62271,31.6259,146.31593,26.319136,150.25415,30.25735,127.28124,7.2844386
2026-04-16 16:48:03,118.5201,129.4945,165.40594,35.91143,156.12616,26.631655,150.94249,21.44798,155.671,26.176495,135.87628,6.3817687
2026-04-16 16:49:03,118.494,135.0558,173.18694,38.131134,157.89337,22.837568,151.39803,16.342218,156.3006,21.244802,140.71007,5.6542716
2026-04-16 16:50:03,117.132,139.281,176.05794,36.77693,160.06917,20.788162,150.60667,11.325668,158.72684,19.445833,144.15463,4.87363
2026-04-16 16:51:03,117.132,138.0973,172.17982,34.08252,160.32207,22.224764,156.16829,18.070982,157.09889,19.00159,142.48636,4.3890457
2026-04-16 16:52:03,117.1492,128.78,156.1669,27.386908,155.98703,27.207024,146.72556,17.945564,151.27661,22.49661,133.72508,4.945089
2026-04-16 16:53:03,117.132,123.39,149.41376,26.023758,153.5126,30.1226,138.59273,15.202731,147.68774,24.297745,128.92795,5.537956
2026-04-16 16:54:03,114.4248,120.6832,144.46696,23.783768,156.15111,35.467907,140.54773,19.864527,147.98871,27.305517,126.60168,5.918478
2026-04-16 16:55:03,114.4164,123.3,148.89394,25.593939,159.94681,36.6468,138.12509,14.825096,151.95277,28.652777,129.24738,5.9473686
2026-04-16 16:56:03,122.499,117.7512,144.0493,26.2981,157.45682,39.705616,124.73676,6.9855657,149.36299,31.61179,124.10068,6.3494763
2026-04-16 16:57:03,125.166,117.6308,143.55902,25.928215,156.02814,38.39733,121.86195,4.2311525,148.86462,31.233824,124.13579,6.5049887
2026-04-16 16:58:03,130.4352,120.296,148.73596,28.43997,153.98425,33.68825,127.91015,7.6141477,149.42914,29.13314,126.72271,6.4267154
2026-04-16 16:59:03,133.035,118.929,142.42595,23.496954,151.62071,32.691708,128.7122,9.783208,149.51096,30.581951,125.43808,6.5090756
2026-04-16 17:00:03,135.76,126.9078,155.91614,29.008333,154.17651,27.268711,138.63698,11.729182,154.69824,27.790451,132.97401,6.0662107
2026-04-16 17:01:03,125.1016,124.1058,149.32529,25.219482,146.35931,22.253521,141.46228,17.356491,150.02908,25.923279,129.97331,5.8675213
2026-04-16 17:02:03,122.472,129.428,146.66486,17.23687,145.88759,16.45959,143.359,13.931006,150.21225,20.784262,134.81975,5.3917546
2026-04-16 17:03:03,114.5256,129.39,149.60634,20.216343,146.52539,17.135387,135.0064,5.6164007,153.01862,23.628616,134.51993,5.1299334
2026-04-16 17:04:03,109.232,126.6567,146.77493,20.11823,147.38757,20.730867,131.08109,4.42438,155.01558,28.358881,131.98747,5.3307724
2026-04-16 17:05:03,113.295,138.5466,148.29506,9.748457,155.61403,17.067423,146.73138,8.184788,164.00299,25.456396,142.94049,4.393898
2026-04-16 17:06:03,113.295,135.76,144.29623,8.536243,154.3685,18.608501,147.25082,11.490834,161.72137,25.961382,139.80171,4.0417113
2026-04-16 17:07:03,110.6298,143.6088,155.70302,12.094219,157.03134,13.422546,150.29189,6.6830873,163.8666,20.2578,146.32265,2.7138445
2026-04-16 17:08:03,116.025,143.5028,150.37987,6.8770657,153.90775,10.404932,148.3152,4.812396,158.71384,15.211032,145.36908,1.8662643
2026-04-16 17:09:03,120.032,150.1164,150.4443,0.32791194,157.70515,7.588762,151.55435,1.437956,161.04439,10.928,150.4473,0.33090195
2026-04-16 17:10:03,111.9218,150.1164,149.04503,-1.0713638,156.28757,6.171168,150.5884,0.47199482,158.81084,8.6944475,149.65349,-0.4629007
2026-04-16 17:11:03,115.923,132.888,133.3983,0.51030046,144.10686,11.218862,134.06235,1.1743436,148.83978,15.951787,134.754,1.8659942
2026-04-16 17:12:03,125.2672,127.6144,134.98996,7.3755565,142.20042,14.586018,130.46881,2.8544016,147.49768,19.883278,130.80087,3.1864705
2026-04-16 17:13:03,125.2672,125.0832,132.87178,7.7885747,144.83641,19.753206,130.08777,5.0045624,149.8105,24.727303,129.33647,4.253276
2026-04-16 17:14:03,125.2672,141.1904,148.06616,6.8757644,156.96132,15.770924,147.23532,6.0449204,160.83865,19.648247,144.3997,3.2093122
2026-04-16 17:15:03,130.6752,141.2112,148.73024,7.519046,156.25415,15.042956,143.06161,1.8504109,160.72073,19.509531,143.82661,2.6154146
2026-04-16 17:16:03,125.4328,143.8632,151.02171,7.158503,156.46768,12.604482,138.75638,-5.1068277,160.55986,16.69666,145.94652,2.08332
2026-04-16 17:17:03,125.4328,146.448,152.2326,5.784613,156.72572,10.277721,139.88513,-6.5628667,159.95612,13.5081215,147.59595,1.1479462
2026-04-16 17:18:03,117.5104,143.6088,147.15117,3.542378,153.06563,9.456839,137.47,-6.138795,156.2662,12.657414,144.25247,0.6436842
2026-04-16 17:19:03,114.9456,130.2336,134.74399,4.5103917,144.2079,13.974304,128.93805,-1.2955476,149.09302,18.859428,132.533,2.299406
2026-04-16 17:20:03,115.0968,130.2144,135.94762,5.7332225,145.34944,15.135042,128.74265,-1.4717493,149.99556,19.781157,133.17926,2.9648657
2026-04-16 17:21:03,112.5532,130.2144,135.28888,5.0744815,145.61333,15.398928,132.03783,1.8234237,150.00856,19.794159,133.49855,3.2841463
2026-04-16 17:22:03,115.3488,130.2144,134.37671,4.162315,145.70546,15.491053,132.86913,2.6547253,149.90916,19.694757,133.37923,3.164824
2026-04-16 17:23:03,115.416,143.63,142.96143,-0.66857207,152.86185,9.231845,139.63602,-3.9939857,156.28496,12.654958,144.98326,1.3532588
2026-04-16 17:24:03,122.2326,143.9056,142.12775,-1.7778541,153.10341,9.197821,137.4894,-6.416192,156.70462,12.79903,144.51749,0.6118898
2026-04-16 17:25:03,139.5156,137.5216,138.46965,0.9480462,146.91411,9.392508,133.89204,-3.629564,150.2813,12.759684,138.8755,1.3538991
2026-04-16 17:26:03,145.008,129.6085,133.10112,3.4926095,142.80164,13.193138,123.77383,-5.83468,146.80327,17.194769,132.13426,2.5257566
2026-04-16 17:27:03,150.414,127.0008,132.39926,5.3984632,144.38081,17.380009,123.48183,-3.5189734,147.94455,20.943745,130.3703,3.3694985
2026-04-16 17:28:03,150.414,131.0016,135.34683,4.3452306,147.87242,16.870817,124.3367,-6.664901,150.82535,19.82374,134.18336,3.1817627
2026-04-16 17:29:03,142.275,128.2536,133.00986,4.756253,146.49062,18.23701,126.95319,-1.3004096,148.89748,20.643879,131.55368,3.300077
2026-04-16 17:30:03,137.2489,133.574,138.81522,5.2412148,149.46725,15.89325,130.33269,-3.2413173,151.36206,17.788057,136.27528,2.7012722
2026-04-16 17:31:03,127.9998,133.574,136.70427,3.130259,148.58751,15.013506,129.44606,-4.127949,150.43594,16.861938,135.94469,2.3706882
2026-04-16 17:32:03,121.218,136.23,136.85645,0.62645215,150.02469,13.7947,132.85014,-3.379858,152.19574,15.965747,138.0548,1.8248059
2026-04-16 17:33:03,124.02,134.8677,135.60097,0.73325825,148.85207,13.984359,132.36098,-2.5067246,151.12695,16.25925,136.71896,1.851251
2026-04-16 17:34:03,115.6344,122.724,126.17488,3.4508855,140.05249,17.32849,120.91904,-1.8049619,143.69641,20.972406,125.794304,3.070307
2026-04-16 17:35:03,118.1468,114.6264,121.664795,7.038394,137.90604,23.279634,114.9819,0.35549757,141.83151,27.205109,119.24627,4.619863
2026-04-16 17:36:03,128.874,121.2981,128.39197,7.093867,142.68591,21.387808,124.78866,3.4905562,145.90146,24.603357,125.667114,4.3690133
2026-04-16 17:37:03,134.1424,119.9792,127.98169,8.002487,141.96017,21.980965,122.81788,2.838676,144.72476,24.745565,124.142586,4.163387
2026-04-16 17:38:03,134.1424,122.706,130.35342,7.6474304,143.29012,20.584108,126.636444,3.9304407,145.4414,22.7354,126.34615,3.6401544
2026-04-16 17:39:03,131.376,130.8096,136.03502,5.225417,147.23804,16.428429,132.79814,1.9885406,148.81628,18.006681,133.51035,2.7007506
2026-04-16 17:40:03,136.71,133.4956,136.61041,3.1148086,147.53305,14.037447,135.33817,1.8425523,148.98927,15.493673,135.04514,1.5495348
2026-04-16 17:41:03,131.28,125.488,132.87605,7.3880506,142.27464,16.78664,126.02962,0.54161483,144.81989,19.331888,127.62323,2.1352332
2026-04-16 17:42:03,137.9458,125.4696,132.98486,7.5152664,142.77136,17.301765,126.647766,1.1781722,144.95676,19.487165,127.85357,2.3839738
2026-04-16 17:43:03,132.5602,124.0967,130.0901,5.9934034,142.44328,18.346582,125.361145,1.2644448,145.83739,21.74069,126.83373,2.737032
2026-04-16 17:44:03,128.3476,125.3684,132.43022,7.0618243,143.96257,18.594168,129.79301,4.4246078,146.8389,21.47049,127.98387,2.6154706
2026-04-16 17:45:03,130.9632,121.3248,130.99025,9.665446,141.97264,20.64784,124.22382,2.8990223,145.23668,23.911877,124.69184,3.3670423
2026-04-16 17:46:03,139.026,118.5636,127.73387,9.170271,140.52547,21.961864,121.628,3.0644014,143.32779,24.764198,122.49166,3.9280646
2026-04-16 17:47:03,122.994,118.5288,129.67973,11.15093,140.67746,22.148657,122.05718,3.5283828,143.84163,25.312832,122.65785,4.12905
2026-04-16 17:48:03,123.048,118.5201,130.58585,12.06574,139.98392,21.463821,121.885345,3.365244,143.51505,24.994946,122.671616,4.15151
2026-04-16 17:49:03,126.04,118.494,130.87906,12.385049,138.33209,19.838081,124.14927,5.6552687,141.44354,22.949535,122.43878,3.9447806
2026-04-16 17:50:03,123.417,117.132,129.43602,12.304015,135.86523,18.733232,120.42848,3.2964804,139.43996,22.307955,120.91998,3.7879767
2026-04-16 17:51:03,114.0918,117.132,129.35312,12.221115,135.75763,18.625622,121.782005,4.650004,139.34721,22.215214,120.79795,3.6659446
2026-04-16 17:52:03,111.4398,117.1492,130.33954,13.190339,135.38113,18.23194,119.64611,2.496907,138.7078,21.558598,120.47266,3.3234525
2026-04-16 17:53:03,123.651,117.132,128.19778,11.065779,136.0938,18.961792,117.04248,-0.08952398,139.17351,22.041506,120.11193,2.9799263
2026-04-16 17:54:03,127.7262,114.4248,128.32251,13.897717,134.1472,19.722399,115.643776,1.2189823,137.15054,22.725744,117.486244,3.0614476
2026-04-16 17:55:03,131.712,114.4164,127.86635,13.449954,134.33398,19.91759,114.50513,0.08873126,137.68777,23.271372,117.55012,3.1337187
2026-04-16 17:56:03,139.5768,122.499,133.28705,10.78805,140.37164,17.872644,122.420296,-0.07870123,143.32484,20.825846,124.820885,2.3218832
2026-04-16 17:57:03,142.0224,125.166,133.90054,8.73454,141.1643,15.998303,123.43342,-1.7325794,143.3626,18.196589,126.55545,1.3894492
2026-04-16 17:58:03,142.0224,130.4352,135.3611,4.9259043,142.79301,12.357821,129.89832,-0.53687745,144.24377,13.808572,130.2744,-0.16080448
2026-04-16 17:59:03,141.6688,133.035,134.9131,1.8780985,142.9077,9.872695,130.38156,-2.6534498,145.22267,12.1876745,131.43639,-1.5986148
2026-04-16 18:00:03,133.574,135.76,137.32922,1.5692269,143.29526,7.5352654,129.14694,-6.613045,145.4383,9.678292,133.15138,-2.6086056
2026-04-16 18:01:03,133.4564,125.1016,128.9376,3.8360038,135.8586,10.7569895,120.32445,-4.777152,139.3022,14.200605,123.91202,-1.1895815
2026-04-16 18:02:03,133.4564,122.472,129.2381,6.7660975,134.10623,11.634229,116.08625,-6.3857527,138.67062,16.198624,122.23414,-0.23786233
2026-04-16 18:03:03,122.967,114.5256,123.80748,9.281887,129.15196,14.62636,111.33077,-3.1948233,135.46426,20.938671,115.74416,1.2185647
2026-04-16 18:04:03,120.516,109.232,118.66381,9.431807,126.28784,17.05584,107.659645,-1.5723572,133.26614,24.03415,111.641266,2.4092622
2026-04-16 18:05:03,112.6926,113.295,124.95527,11.660271,128.98335,15.688352,110.6681,-2.626903,135.6243,22.329304,115.620964,2.3259668
2026-04-16 18:06:03,118.207,113.295,123.179214,9.88422,129.76492,16.469921,112.16619,-1.1288095,136.15771,22.862722,115.528336,2.2333412
2026-04-16 18:07:03,123.552,110.6298,120.04238,9.412585,127.42694,16.797146,109.28655,-1.3432469,133.96506,23.33525,112.501785,1.8719889
2026-04-16 18:08:03,126.0308,116.025,124.99239,8.967391,131.53267,15.507674,114.72057,-1.3044266,137.46649,21.441494,116.74003,0.71502894
2026-04-16 18:09:03,116.62,120.032,128.4761,8.444107,133.70485,13.672853,118.6609,-1.3711021,139.0859,19.05391,119.48432,-0.54767317
2026-04-16 18:10:03,112.7008,111.9218,122.06738,10.145586,127.68952,15.767723,110.61163,-1.3101646,133.4217,21.499914,112.00825,0.08644804
2026-04-16 18:11:03,120.9296,115.923,126.73456,10.811559,130.22661,14.303613,113.94851,-1.9744856,136.3543,20.431301,115.976036,0.053039823
2026-04-16 18:12:03,118.2844,125.2672,132.03572,6.7685223,136.7799,11.5127125,120.46957,-4.797627,142.4461,17.178905,123.64936,-1.6178335
2026-04-16 18:13:03,118.2844,125.2672,129.10432,3.8371239,136.61848,11.351281,118.87411,-6.3930926,141.99919,16.732,122.87024,-2.3969536
2026-04-16 18:14:03,113.0616,125.2672,125.3732,0.10599969,135.16296,9.895764,115.78768,-9.479515,140.15855,14.891364,122.42654,-2.8406577
2026-04-16 18:15:03,129.0432,130.6752,127.1933,-3.4819043,137.36447,6.689263,120.22067,-10.454532,141.9321,11.256898,126.76137,-3.9138353
2026-04-16 18:16:03,120.6832,125.4328,121.644356,-3.7884421,133.06064,7.627839,113.915215,-11.517584,138.35942,12.926627,121.63736,-3.7954376
2026-04-16 18:17:03,120.5512,125.4328,124.44365,-0.98915404,133.05504,7.6222453,113.00272,-12.4300785,138.68715,13.254346,121.66504,-3.7677617
2026-04-16 18:18:03,120.5512,117.5104,116.03327,-1.4771285,126.871124,9.360725,107.34339,-10.167006,133.83691,16.326519,115.105675,-2.4047222
2026-04-16 18:19:03,127.0008,114.9456,113.94747,-0.9981313,125.09015,10.144548,103.42842,-11.517178,132.47,17.524399,112.876816,-2.068783
2026-04-16 18:20:03,122.607,115.0968,114.71302,-0.3837801,126.93232,11.835518,105.743965,-9.352836,133.81534,18.71854,113.64658,-1.4502193
2026-04-16 18:21:03,124.3748,112.5532,116.05347,3.5002668,126.50332,13.95012,105.35737,-7.1958327,133.44383,20.890638,111.51288,-1.0403204
2026-04-16 18:22:03,127.7845,115.3488,118.09228,2.7434757,129.67564,14.32685,111.52925,-3.819546,135.688,20.339201,113.99986,-1.3489367
2026-04-16 18:23:03,117.1455,115.416,119.45012,4.0341187,129.88481,14.468818,109.74078,-5.675216,135.82573,20.409727,113.8387,-1.5772985
2026-04-16 18:24:03,117.1455,122.2326,122.68096,0.44836152,134.37352,12.140929,119.13838,-3.094212,139.97498,17.742386,119.235794,-2.9968033
2026-04-16 18:25:03,122.7954,139.5156,136.57263,-2.9429553,146.5305,7.014912,131.21933,-8.29626,148.96841,9.452827,132.4496,-7.065999
2026-04-16 18:26:03,124.8716,145.008,137.43622,-7.571771,149.80154,4.7935557,131.92505,-13.082941,150.23076,5.222758,134.74019,-10.267814
2026-04-16 18:27:03,127.0566,150.414,137.4529,-12.961101,153.56879,3.1547801,132.53339,-17.880608,151.06471,0.65070987,137.00679,-13.4072075
2026-04-16 18:28:03,135.1944,150.414,132.27968,-18.134321,152.57932,2.1653147,130.08333,-20.330677,148.53448,-1.8795143,135.24779,-15.16622
2026-04-16 18:29:03,135.4716,142.275,124.78392,-17.49107,145.20395,2.9289613,122.97158,-19.303411,142.9558,0.6807979,127.96062,-14.31438
2026-04-16 18:30:03,132.8609,137.2489,120.97321,-16.275688,141.0498,3.8009093,117.58892,-19.659979,139.26918,2.020277,124.333084,-12.915817
2026-04-16 18:31:03,131.5584,127.9998,115.4494,-12.550401,133.81833,5.81852,107.24892,-20.750885,134.54889,6.5490828,117.10284,-10.896968
2026-04-16 18:32:03,126.04,121.218,110.533424,-10.68458,128.33957,7.121564,103.658455,-17.559546,130.52335,9.305348,111.922226,-9.295773
2026-04-16 18:33:03,123.354,124.02,112.87801,-11.141981,130.58788,6.5678735,105.58591,-18.434086,133.0745,9.054495,114.82362,-9.196376
2026-04-16 18:34:03,115.0632,115.6344,107.550705,-8.083697,124.088356,8.453959,100.751854,-14.882548,128.1606,12.526196,107.36629,-8.268115
2026-04-16 18:35:03,115.0632,118.1468,112.20526,-5.9415383,126.80879,8.661996,103.03235,-15.11445,131.59592,13.449115,110.01924,-8.127559
2026-04-16 18:36:03,133.5609,128.874,122.88007,-5.993918,135.40384,6.5298405,114.3541,-14.519892,139.4725,10.598507,118.92915,-9.944836
2026-04-16 18:37:03,137.093,134.1424,128.05806,-6.084339,137.63823,3.4958358,119.40088,-14.741512,142.82265,8.680256,122.294014,-11.848381
2026-04-16 18:38:03,138.3795,134.1424,126.93035,-7.2120404,135.55247,1.4100795,117.57083,-16.57156,141.44554,7.3031454,121.0269,-13.115491
2026-04-16 18:39:03,142.945,131.376,122.62549,-8.750522,131.00005,-0.3759666,114.70086,-16.67515,138.5826,7.2065897,117.93824,-13.437768
2026-04-16 18:40:03,143.754,136.71,125.65927,-11.050737,132.65332,-4.056688,119.402145,-17.307861,141.1259,4.4158993,122.29898,-14.411022
2026-04-16 18:41:03,133.5096,131.28,120.59149,-10.688505,126.18949,-5.09051,115.112885,-16.167114,136.97856,5.6985593,117.207146,-14.072853
2026-04-16 18:42:03,130.3588,137.9458,122.625755,-15.320046,127.88474,-10.061059,117.55446,-20.391346,140.03587,2.0900755,122.16306,-15.782741
2026-04-16 18:43:03,125.562,132.5602,115.78273,-16.777466,121.1591,-11.401093,109.8871,-22.673092,134.84726,2.2870674,116.0648,-16.495398
2026-04-16 18:44:03,124.95,128.3476,111.747406,-16.600193,116.21435,-12.13325,104.65338,-23.69421,130.41522,2.0676205,111.80523,-16.542368
2026-04-16 18:45:03,113.22,130.9632,115.09617,-15.86703,114.74158,-16.221622,104.09255,-26.870644,129.52051,-1.4426826,113.36903,-17.594164
2026-04-16 18:46:03,113.22,139.026,121.522766,-17.503235,116.716385,-22.309616,111.56058,-27.46542,132.21959,-6.8064046,119.35161,-19.67439
2026-04-16 18:47:03,115.5704,122.994,107.80123,-15.192771,106.39259,-16.601412,97.983734,-25.010273,121.20512,-1.7888895,105.53552,-17.458483
2026-04-16 18:48:03,120.1728,123.048,108.45748,-14.590517,104.05952,-18.988478,95.84453,-27.203466,119.66402,-3.3839798,105.98232,-17.065674
2026-04-16 18:49:03,123.5619,126.04,109.83768,-16.202322,105.75403,-20.28597,100.027695,-26.012306,121.11972,-4.92028,108.50738,-17.532623
2026-04-16 18:50:03,121.7544,123.417,107.56917,-15.847828,104.344826,-19.072174,100.58944,-22.82756,119.94582,-3.471175,105.6503,-17.7667
2026-04-16 18:51:03,121.2864,114.0918,97.50009,-16.59171,98.07063,-16.021166,94.744484,-19.347313,113.77735,-0.3144443,97.93009,-16.161703
2026-04-16 18:52:03,109.8965,111.4398,98.409454,-13.030344,94.84844,-16.591356,88.61809,-22.821712,110.41597,-1.0238272,96.1053,-15.334492
2026-04-16 18:53:03,111.7312,123.651,108.57966,-15.071344,101.42862,-22.222378,100.92841,-22.722586,113.02753,-10.62347,105.754906,-17.896097
2026-04-16 18:54:03,118.0544,127.7262,110.304016,-17.422182,100.06873,-27.657465,100.468765,-27.257427,110.475624,-17.250572,107.29828,-20.427921
2026-04-16 18:55:03,122.7264,131.712,109.40371,-22.308296,99.094055,-32.61795,103.84651,-27.865498,109.02377,-22.688236,109.03223,-22.679777
2026-04-16 18:56:03,125.42,139.5768,113.61461,-25.962193,94.984985,-44.59181,107.68036,-31.896437,104.61743,-34.959366,113.175186,-26.401611
2026-04-16 18:57:03,125.42,142.0224,114.845985,-27.176416,91.637436,-50.38496,109.03528,-32.987118,101.46455,-40.557854,113.18865,-28.83375
2026-04-16 18:59:03,125.3928,142.0224,111.79941,-30.222996,89.34952,-52.672886,110.863,-31.159403,100.123955,-41.898445,111.58629,-30.43611
2026-04-16 19:00:03,117.8694,141.6688,109.30745,-32.361343,83.54729,-58.121506,106.626526,-35.042263,95.22029,-46.448505,109.64429,-32.02451
2026-04-16 19:01:03,109.833,133.574,103.02922,-30.544783,77.23305,-56.340958,100.37172,-33.202286,91.036575,-42.537426,103.03518,-30.538826
2026-04-16 19:02:03,103.9431,133.4564,107.40377,-26.052633,75.5876,-57.86881,99.25385,-34.202553,88.78378,-44.672623,103.516716,-29.939692
2026-04-16 19:03:03,98.0112,133.4564,107.37152,-26.084885,75.918526,-57.53788,95.93868,-37.517723,87.84946,-45.606945,103.81665,-29.639757
2026-04-16 19:04:03,95.5628,122.967,97.98181,-24.985195,69.58029,-53.386715,86.77858,-36.188423,80.916336,-42.050663,94.94885,-28.018154
2026-04-16 19:05:03,93.232,120.516,100.14815,-20.367855,66.56587,-53.950127,85.24652,-35.269478,75.91623,-44.599773,92.7093,-27.806702
2026-04-16 19:06:03,90.5268,112.6926,93.9942,-18.698399,64.007034,-48.685566,82.349884,-30.342716,73.38297,-39.309624,86.87024,-25.82236
2026-04-16 19:07:03,88.16,118.207,100.37605,-17.830946,65.066986,-53.140015,92.30744,-25.89956,70.21275,-47.994247,91.70075,-26.506248
2026-04-16 19:08:03,85.914,123.552,105.15966,-18.392342,66.22737,-57.324635,96.29109,-27.260906,69.33902,-54.212986,95.46181,-28.090193
2026-04-16 19:09:03,85.914,126.0308,102.708374,-23.322426,63.844353,-62.186447,100.32798,-25.702822,65.5565,-60.474293,96.04869,-29.98211
2026-04-16 19:10:03,85.8992,116.62,95.74392,-20.876083,55.156395,-61.463608,90.004074,-26.615932,57.59409,-59.025913,86.82739,-29.792608
2026-04-16 19:11:03,85.84,112.7008,92.87261,-19.828184,52.4823,-60.2185,86.58626,-26.114542,54.962646,-57.73815,83.36283,-29.337967
2026-04-16 19:12:03,88.16,120.9296,100.32762,-20.601978,57.97421,-62.955395,95.50146,-25.428146,59.022377,-61.907227,90.047775,-30.88183
2026-04-16 19:13:03,90.4488,118.2844,97.36217,-20.922234,53.392006,-64.892395,90.66279,-27.621613,52.5366,-65.7478,86.56426,-31.720139
2026-04-16 19:14:03,92.784,118.2844,98.70724,-19.577162,50.60614,-67.67826,86.98821,-31.296188,49.34736,-68.93704,85.81239,-32.472008
2026-04-16 19:15:03,90.48,113.0616,95.02052,-18.04108,46.8284,-66.2332,83.899124,-29.162472,44.877983,-68.18362,81.85443,-31.20717
2026-04-16 19:16:03,88.1752,129.0432,108.956116,-20.087078,51.8291,-77.214096,98.68226,-30.360939,47.041718,-82.00148,95.11516,-33.928036
2026-04-16 19:17:03,88.16,120.6832,101.182045,-19.501152,47.390907,-73.29229,93.493164,-27.19003,42.713875,-77.96932,87.809975,-32.873222
2026-04-16 19:18:03,85.8104,120.5512,101.06253,-19.48867,44.601357,-75.949844,91.49616,-29.055037,35.391083,-85.16012,87.33972,-33.211475
2026-04-16 19:19:03,85.7956,120.5512,100.942856,-19.608347,44.97184,-75.57936,90.56083,-29.990372,34.712845,-85.838356,87.018166,-33.533035
2026-04-16 19:20:03,85.7956,127.0008,103.99558,-23.005217,47.00428,-79.99652,97.51987,-29.480938,34.16298,-92.83782,90.30942,-36.691383
2026-04-16 19:21:03,85.766,122.607,100.64819,-21.958805,43.177902,-79.4291,95.22832,-27.378685,31.431389,-91.17561,84.67995,-37.92706
2026-04-16 19:22:03,85.7956,124.3748,99.06655,-25.30825,39.67225,-84.70255,95.617386,-28.757416,26.090912,-98.28389,83.934235,-40.440563
2026-04-16 19:23:03,83.4624,127.7845,101.0094,-26.775099,37.46473,-90.31977,97.591095,-30.193405,22.16159,-105.62291,83.976685,-43.80781
2026-04-16 19:24:03,81.13,117.1455,93.16138,-23.984121,33.41844,-83.72706,87.03233,-30.11317,21.682976,-95.462524,73.824165,-43.321335
2026-04-16 19:25:03,76.4676,117.1455,91.701004,-25.4445,33.240204,-83.9053,87.92997,-29.215532,19.562729,-97.58277,73.581375,-43.56412
2026-04-16 19:26:03,74.176,122.7954,95.652664,-27.142736,32.518562,-90.27684,89.1783,-33.617107,18.673653,-104.12175,76.89168,-45.90373
2026-04-16 19:27:03,71.858,124.8716,96.98472,-27.88688,32.16413,-92.707466,92.337776,-32.53382,18.524147,-106.34745,76.71922,-48.152378
2026-04-16 19:28:03,69.564,127.0566,101.67573,-25.380875,31.140846,-95.91576,94.85884,-32.197758,17.546738,-109.509865,76.03253,-51.02407
2026-04-16 19:29:03,68.4164,135.1944,108.33025,-26.864143,31.08033,-104.11407,101.14853,-34.045864,19.492256,-115.70214,79.470146,-55.72425
2026-04-16 19:30:03,64.9824,135.4716,107.644455,-27.827148,28.666176,-106.80543,96.067856,-39.403744,19.124504,-116.3471,76.07402,-59.397587
2026-04-16 19:31:03,64.9824,132.8609,104.102554,-28.758347,25.669128,-107.19177,94.06628,-38.794624,16.9206,-115.9403,71.16965,-61.691257
2026-04-16 19:32:03,59.2314,131.5584,102.490524,-29.067871,24.06652,-107.491875,91.84408,-39.714317,16.5887,-114.969696,68.28469,-63.273705
2026-04-16 19:33:03,54.5999,126.04,95.97116,-30.068842,22.811577,-103.228424,86.96042,-39.079582,14.470161,-111.56984,62.460125,-63.579876
2026-04-16 19:34:03,52.281,123.354,95.75657,-27.597425,23.604866,-99.74913,84.80822,-38.545776,12.8749695,-110.47903,60.00098,-63.353016
2026-04-16 19:35:03,49.9746,115.0632,89.93693,-25.126276,19.62291,-95.44029,80.55084,-34.512356,9.043526,-106.01968,53.7702,-61.293003
2026-04-16 19:36:03,45.3102,115.0632,91.5452,-23.518002,17.486809,-97.57639,84.369934,-30.693272,7.1014786,-107.96172,54.672432,-60.39077
2026-04-16 19:37:03,41.7924,133.5609,110.18718,-23.373714,26.453781,-107.10712,99.83072,-33.730183,12.154945,-121.40595,68.67488,-64.88602
2026-04-16 19:38:03,33.2192,137.093,108.93226,-28.160742,25.485802,-111.6072,105.907776,-31.185226,9.518394,-127.57461,68.115395,-68.97761
2026-04-16 19:39:03,24.228,138.3795,108.29838,-30.081123,23.439957,-114.939545,102.80636,-35.573143,7.9553223,-130.42418,65.80031,-72.57919
2026-04-16 19:40:03,14.8272,142.945,112.47628,-30.468725,24.971535,-117.97347,106.9017,-36.0433,9.647461,-133.29755,66.196075,-76.74893
2026-04-16 19:41:03,7.554,143.754,110.64473,-33.109264,25.350563,-118.403435,107.65655,-36.09745,10.053314,-133.70068,63.868942,-79.885056
2026-04-16 19:42:03,7.554,133.5096,101.68036,-31.829243,19.496796,-114.0128,98.98224,-34.527363,7.0580673,-126.45153,54.053352,-79.456245
2026-04-17 06:59:03,1.056,130.3588,100.21217,-30.14662,18.309196,-112.0496,93.32927,-37.029522,7.1191025,-123.23969,51.29664,-79.06216
2026-04-17 07:00:03,2.0948,125.562,98.74326,-26.818731,17.655228,-107.90677,89.801865,-35.76013,7.684944,-117.87705,48.040405,-77.52159
2026-04-17 07:01:03,2.646,124.95,100.77524,-24.17476,20.110542,-104.839455,89.174576,-35.77542,11.101707,-113.84829,48.253044,-76.69695
2026-04-17 07:02:03,3.2104,113.22,93.00247,-20.217525,14.690628,-98.52937,79.61693,-33.603073,6.469322,-106.75068,40.3869,-72.8331
2026-04-17 07:03:03,3.624,113.22,96.93552,-16.284483,16.996109,-96.22389,81.31997,-31.90003,7.928093,-105.29191,42.516617,-70.703384
2026-04-17 07:04:03,2.1076,115.5704,101.29309,-14.277303,19.911232,-95.659164,84.41774,-31.152658,10.61203,-104.95837,45.117172,-70.453224
2026-04-17 07:32:03,7.0728,120.1728,104.085625,-16.087172,23.85096,-96.32184,91.50705,-28.665745,14.225067,-105.94773,48.463776,-71.70902
2026-04-17 07:33:03,14.5992,123.5619,105.37727,-18.18462,25.883934,-97.67796,96.47843,-27.083467,15.552612,-108.009285,49.86306,-73.69884
2026-04-17 07:34:03,19.6416,121.7544,100.74308,-21.011322,24.584381,-97.17002,94.95383,-26.800575,13.922531,-107.83187,47.36364,-74.39076
2026-04-17 07:35:03,22.224,121.2864,99.447075,-21.839327,23.842682,-97.44372,95.70025,-25.586151,13.258751,-108.02765,45.722847,-75.56355
2026-04-17 07:36:03,22.3592,109.8965,90.13131,-19.76519,20.125565,-89.770935,87.55963,-22.336868,9.278015,-100.618484,37.617317,-72.27918
2026-04-17 07:37:03,23.592,111.7312,92.72656,-19.00464,24.256554,-87.47465,91.43593,-20.295277,12.575058,-99.15614,41.08133,-70.64987
2026-04-17 07:38:03,23.088,118.0544,100.1731,-17.881296,28.869743,-89.184654,93.15713,-24.897272,16.952835,-101.10156,46.668266,-71.38613
2026-04-17 07:39:03,23.256,122.7264,103.008865,-19.717535,32.2163,-90.5101,96.66427,-26.062132,19.488777,-103.237625,49.068375,-73.65803
2026-04-17 07:40:03,23.368,125.42,105.00558,-20.41442,31.96257,-93.45743,99.10608,-26.313915,18.239113,-107.180885,49.72972,-75.69028
2026-04-17 07:41:03,23.588,125.42,106.56554,-18.854462,31.285156,-94.13484,96.97583,-28.444168,19.246155,-106.17384,48.46144,-76.95856
2026-04-17 07:42:03,25.4745,125.3928,104.45709,-20.935707,30.120125,-95.272675,94.79621,-30.59659,18.781067,-106.61173,46.533417,-78.85938
2026-04-17 07:43:03,25.6151,117.8694,99.05503,-18.814367,24.849884,-93.019516,87.60067,-30.26873,14.97982,-102.88958,39.967865,-77.901535
2026-04-17 07:44:03,25.6262,109.833,94.40254,-15.430457,20.797058,-89.03594,83.09736,-26.73564,12.472237,-97.36076,34.70427,-75.12873
2026-04-17 07:45:03,25.5892,103.9431,90.673,-13.270103,19.045792,-84.89731,77.77643,-26.166672,11.429192,-92.51391,32.12555,-71.81755
2026-04-17 07:46:03,25.5596,98.0112,84.8463,-13.164902,16.148613,-81.86259,73.85316,-24.158041,8.282799,-89.7284,29.809547,-68.20165
2026-04-17 07:47:03,24.5076,95.5628,84.51453,-11.048267,16.791634,-78.771164,73.71266,-21.85014,7.5831604,-87.97964,31.224121,-64.33868
2026-04-17 07:48:03,27.93,93.232,85.07741,-8.154591,16.768112,-76.46389,74.2803,-18.951708,7.6863327,-85.54567,32.886684,-60.345318
2026-04-17 07:49:03,33.6536,90.5268,83.01468,-7.5121236,15.877502,-74.6493,72.346596,-18.180206,7.5385056,-82.9883,34.27163,-56.255173
2026-04-17 07:50:03,40.8709,88.16,83.40994,-4.7500644,15.765442,-72.39456,72.45049,-15.70951,7.3339615,-80.82604,36.27378,-51.886223
2026-04-17 07:51:03,42.3654,85.914,81.323715,-4.5902863,15.749519,-70.16448,70.51932,-15.394683,8.167374,-77.74663,37.697975,-48.216026
2026-04-17 07:52:03,42.3654,85.914,81.009,-4.9049997,17.305565,-68.60844,74.04101,-11.872995,9.953033,-75.96097,40.508892,-45.40511
2026-04-17 07:53:03,45.3544,85.8992,80.89182,-5.0073786,17.53923,-68.35997,75.213974,-10.685227,10.631439,-75.26776,41.84112,-44.05808
2026-04-17 07:54:03,45.3152,85.84,82.78393,-3.056067,18.520027,-67.31997,77.779854,-8.060142,12.098221,-73.741776,42.943844,-42.896152
2026-04-17 07:55:03,41.616,88.16,85.90674,-2.2532659,20.484497,-67.67551,77.789116,-10.370886,14.120369,-74.039635,45.61871,-42.541294
2026-04-17 07:56:03,40.6868,90.4488,86.68569,-3.7631073,22.279373,-68.169426,76.1561,-14.292701,16.504051,-73.94475,47.669537,-42.779263
2026-04-17 07:57:03,38.9382,92.784,89.024994,-3.7590034,23.50576,-69.27824,77.84254,-14.94146,17.67176,-75.112236,49.28698,-43.497017
2026-04-17 07:58:03,39.3288,90.48,88.04598,-2.434019,21.26529,-69.214714,72.747536,-17.73247,16.098854,-74.38115,46.999584,-43.48042
2026-04-17 07:59:03,38.6425,88.1752,86.64479,-1.5304145,18.665276,-69.509926,68.56374,-19.61146,13.8081665,-74.367035,44.280174,-43.895027
2026-04-17 08:00:03,37.496,88.16,86.5723,-1.5877002,17.919708,-70.240295,67.71306,-20.446947,13.098892,-75.06111,43.954876,-44.205128
2026-04-17 08:01:03,37.304,85.8104,84.237724,-1.5726746,16.22303,-69.58737,67.86344,-17.946959,11.001419,-74.80898,41.768356,-44.042046
2026-04-17 08:02:03,37.156,85.7956,84.002754,-1.7928461,17.342438,-68.45316,71.269394,-14.526206,11.112595,-74.68301,43.234123,-42.561478
2026-04-17 08:03:03,37.156,85.7956,83.59207,-2.2035267,16.624092,-69.17151,72.086365,-13.709233,9.784821,-76.01078,44.01483,-41.78077
2026-04-17 08:04:03,39.9728,85.766,83.04072,-2.7252796,18.256195,-67.5098,72.30432,-13.461675,10.179474,-75.586525,45.26791,-40.49809
2026-04-17 08:05:03,40.8408,85.7956,83.51328,-2.282318,20.073006,-65.722595,75.3944,-10.401199,10.004219,-75.79138,46.935165,-38.860435
2026-04-17 08:06:03,39.6438,83.4624,80.67892,-2.7834857,18.330276,-65.132126,74.142166,-9.320239,9.270782,-74.19162,46.641087,-36.821316
2026-04-17 08:07:03,39.6774,81.13,80.38838,-0.7416129,17.739723,-63.390274,68.81727,-12.312727,10.494614,-70.63538,46.319878,-34.81012
2026-04-17 08:08:03,39.711,76.4676,77.82798,1.360385,15.100456,-61.36714,62.743847,-13.723751,9.646004,-66.821594,43.07121,-33.39639
2026-04-17 08:09:03,38.32,74.176,77.348076,3.1720715,14.636673,-59.53933,58.769936,-15.406067,11.905052,-62.27095,42.495464,-31.680538
2026-04-17 08:10:03,38.536,71.858,74.8209,2.962897,15.163834,-56.694168,55.833828,-16.024174,14.035065,-57.822937,43.09742,-28.76058
2026-04-17 08:11:03,41.9584,69.564,73.39186,3.8278575,14.680927,-54.883076,54.516052,-15.047952,14.644455,-54.919548,44.088253,-25.47575
2026-04-17 08:12:03,41.5296,68.4164,73.21417,4.7977777,16.327564,-52.088833,54.512257,-13.904141,15.941254,-52.475143,46.05436,-22.362038
2026-04-17 08:13:03,43.9472,64.9824,74.488464,9.506063,17.944355,-47.038044,54.574528,-10.40787,18.446918,-46.53548,47.36206,-17.62034
2026-04-17 08:14:03,43.9472,64.9824,73.40414,8.421738,19.592186,-45.390213,56.125412,-8.856985,21.92997,-43.05243,50.721,-14.2614
2026-04-17 08:15:03,44.4444,59.2314,66.818184,7.586781,16.8358,-42.3956,50.95098,-8.2804165,21.086098,-38.1453,49.352135,-9.879266
2026-04-17 08:16:03,43.5512,54.5999,65.77667,11.176777,15.43734,-39.16256,48.43719,-6.162707,22.971344,-31.628555,48.942986,-5.656915
2026-04-17 08:17:03,45.9264,52.281,65.87778,13.596779,16.403152,-35.877846,47.425854,-4.8551435,25.241123,-27.039875,50.505592,-1.7754045
2026-04-17 08:18:03,46.2576,49.9746,63.246674,13.272073,18.473434,-31.501167,46.206886,-3.7677171,27.149572,-22.82503,53.309875,3.3352723
2026-04-17 08:19:03,45.6864,45.3102,60.775383,15.465181,16.888838,-28.421362,45.359913,0.0497127,25.64072,-19.66948,54.11611,8.805913
2026-04-17 08:20:03,45.92,41.7924,59.358498,17.566097,16.898933,-24.893467,42.5977,0.8052996,25.948914,-15.843487,55.556297,13.763897
2026-04-17 08:21:03,47.82,33.2192,53.996574,20.777374,13.698282,-19.520918,34.775494,1.5562936,23.833797,-9.385402,51.034164,17.814966
2026-04-17 08:22:03,48.76,24.228,45.811195,21.583195,9.15747,-15.070531,25.964302,1.7363021,20.159538,-4.068462,45.39523,21.167229
2026-04-17 08:23:03,51.4944,14.8272,38.41072,23.583523,3.3792105,-11.447989,19.794512,4.9673123,15.079135,0.25193474,38.472324,23.645124
2026-04-17 08:24:03,53.4708,7.554,34.41738,26.86338,0.0,-7.8918195,15.629214,8.075214,12.113199,4.5592,33.02209,25.468092
2026-04-17 08:25:03,53.4708,7.554,36.519215,28.965216,2.4221392,-5.1318607,14.736372,7.182372,15.542523,7.9885235,34.233177,26.679178
2026-04-17 08:26:03,60.54,1.056,57.17344,56.11744,22.658087,21.602087,25.093863,24.037863,26.80768,25.75168,57.097458,56.04146
2026-04-17 08:27:03,60.5871,2.0948,71.00558,68.910774,35.49104,33.39624,41.45102,39.35622,31.409729,29.31493,68.848175,66.75337
2026-04-17 08:28:03,59.5308,2.646,81.50784,78.86184,36.186413,33.540413,52.87035,50.22435,30.530966,27.884966,73.380035,70.73404
2026-04-17 08:29:03,60.8014,3.2104,82.162025,78.95162,36.51821,33.30781,55.770046,52.559647,30.077574,26.867174,74.99544,71.785034
2026-04-17 08:30:03,57.8448,3.624,87.782135,84.158134,38.092194,34.468193,59.734207,56.110207,30.781694,27.157694,75.56446,71.94046
2026-04-17 08:31:03,56.0456,2.1076,91.19741,89.08981,39.24074,37.13314,58.758713,56.65111,30.618614,28.511015,73.42135,71.31375
2026-04-17 08:32:03,57.7584,7.0728,95.56282,88.49002,40.323196,33.250397,57.9549,50.8821,34.164257,27.091457,77.30296,70.23016
2026-04-17 08:33:03,48.3824,14.5992,95.377785,80.77859,43.777763,29.178562,68.942726,54.343525,41.183132,26.583931,84.87844,70.27924
2026-04-17 08:34:03,50.554,19.6416,103.94288,84.30128,48.121887,28.480288,83.84428,64.202675,46.342705,26.701107,90.71174,71.07014
2026-04-17 08:35:03,53.65,22.224,104.613205,82.389206,51.981964,29.757961,76.384834,54.160835,49.89907,27.675068,94.55865,72.33465
2026-04-17 08:36:03,53.65,22.3592,103.5943,81.2351,56.107426,33.748226,84.245575,61.886375,51.625088,29.265888,96.31903,73.95983
2026-04-17 08:37:03,53.6,23.592,104.76936,81.17737,59.472977,35.880978,88.47981,64.88781,53.400772,29.808775,98.32713,74.73514
2026-04-17 08:38:03,53.5,23.088,111.89661,88.80861,61.288773,38.200775,83.5241,60.4361,54.49327,31.405272,98.53725,75.44925
2026-04-17 08:39:03,64.416,23.256,114.23926,90.98326,63.00865,39.75265,90.880035,67.62404,56.34834,33.09234,99.218704,75.96271
2026-04-17 08:40:03,67.9272,23.368,118.8528,95.4848,64.2921,40.9241,85.59439,62.22639,57.89837,34.53037,99.74512,76.37712
2026-04-17 08:41:03,73.6692,23.588,124.63093,101.04293,64.432526,40.84453,80.10118,56.513184,60.232742,36.64474,100.289894,76.7019
2026-04-17 08:42:03,79.534,25.4745,130.53084,105.05634,65.86227,40.387768,82.87999,57.405487,64.763954,39.28945,101.77432,76.29982
2026-04-17 08:43:03,85.026,25.6151,122.91136,97.296265,66.32788,40.71278,82.050514,56.435413,66.28885,40.67375,101.83342,76.218315
2026-04-17 08:44:03,87.6568,25.6262,131.87756,106.25136,66.47933,40.853134,83.21018,57.58398,68.81584,43.18964,101.80596,76.17976
2026-04-17 08:45:03,89.88,25.5892,125.7854,100.1962,68.624054,43.03485,86.3799,60.7907,70.45274,44.86355,101.72365,76.13445
2026-04-17 08:46:03,89.4,25.5596,127.30857,101.74897,70.766174,45.206573,92.5557,66.9961,70.86844,45.308838,101.904396,76.344795
2026-04-17 08:47:03,89.416,24.5076,127.039345,102.531746,70.19373,45.686134,88.71353,64.20593,70.283875,45.77627,101.54134,77.033745
2026-04-17 08:48:03,90.5499,27.93,125.511215,97.581215,71.16742,43.237423,90.55693,62.62693,72.74539,44.81539,104.86511,76.93511
2026-04-17 08:49:03,93.2007,33.6536,131.41125,97.75765,72.863396,39.209797,95.719955,62.066353,78.40468,44.751076,110.045654,76.39206
2026-04-17 08:50:03,96.1945,40.8709,142.41293,101.54204,77.441574,36.570675,98.41461,57.543716,86.217285,45.346386,116.21826,75.34737
2026-04-17 08:51:03,97.696,42.3654,140.68965,98.32425,78.132576,35.767178,100.42039,58.05499,87.59599,45.230595,117.04512,74.679726
2026-04-17 08:52:03,102.933,42.3654,130.82748,88.46209,78.65352,36.288124,105.0357,62.6703,87.32585,44.960457,116.69505,74.32965
2026-04-17 08:53:03,107.8556,45.3544,128.71951,83.36512,82.927444,37.573048,107.55635,62.20195,89.13937,43.78497,118.892105,73.537704
2026-04-17 08:54:03,110.1984,45.3152,128.93443,83.61923,85.14662,39.83142,116.961006,71.645805,88.443085,43.127888,118.371544,73.05634
2026-04-17 08:55:03,114.74,41.616,126.04106,84.42506,83.07129,41.45529,108.4837,66.8677,84.43915,42.82315,114.43869,72.82269
2026-04-17 08:56:03,121.6244,40.6868,130.67007,89.98328,85.21525,44.52845,108.089195,67.4024,82.73204,42.045242,113.295074,72.60828
2026-04-17 08:57:03,126.214,38.9382,123.40174,84.46354,85.47964,46.541435,108.82145,69.88325,80.706436,41.768234,111.3855,72.447296
2026-04-17 08:58:03,129.6223,39.3288,131.75197,92.42317,86.05036,46.72156,102.547005,63.218204,80.809006,41.48021,111.3676,72.038795
2026-04-17 08:59:03,129.6223,38.6425,134.40802,95.76551,87.56819,48.925694,104.53684,65.89434,80.473114,41.830612,110.340744,71.69824
2026-04-17 09:00:03,141.45,37.496,137.20354,99.70754,86.97392,49.477924,113.57359,76.0776,81.47392,43.97793,109.00876,71.512764
2026-04-17 09:01:03,154.2552,37.304,140.60944,103.30543,88.328766,51.024765,108.63986,71.33586,82.55588,45.251873,108.5606,71.2566
2026-04-17 09:02:03,162.6464,37.156,142.28006,105.12407,90.108,52.952003,106.37451,69.21851,83.42198,46.26598,108.12513,70.96913
2026-04-17 09:03:03,170.0037,37.156,136.61234,99.456345,90.535614,53.379612,103.37085,66.21485,82.15763,45.001633,107.957085,70.80109
2026-04-17 09:04:03,171.5644,39.9728,136.42712,96.454315,93.84837,53.87557,110.20225,70.22945,83.13377,43.160976,110.674995,70.702194
2026-04-17 09:05:03,161.2776,40.8408,127.42322,86.58242,95.40556,54.564766,116.29587,75.45507,83.24568,42.404884,111.45473,70.61393
2026-04-17 09:06:03,148.9984,39.6438,131.91837,92.274574,95.16899,55.52519,110.13228,70.48848,81.37195,41.728153,110.21892,70.57512
2026-04-17 09:07:03,144.1836,39.6774,128.15572,88.47832,94.33615,54.658756,109.883026,70.20563,80.159256,40.481853,110.24585,70.56845
2026-04-17 09:08:03,134.7685,39.711,132.03094,92.31995,95.9528,56.2418,107.26978,67.558784,78.46484,38.75385,110.306915,70.59592
2026-04-17 09:09:03,130.8608,38.32,133.77213,95.452126,94.70295,56.38295,104.9543,66.6343,75.20931,36.889313,108.87992,70.55992
2026-04-17 09:10:03,131.9614,38.536,139.28531,100.74931,95.320984,56.78499,91.23575,52.699753,76.042114,37.50612,108.930435,70.39443
2026-04-17 09:11:03,147.1041,41.9584,151.26059,109.302185,98.26254,56.30414,105.79812,63.839718,79.51805,37.559647,112.16174,70.20335
2026-04-17 09:12:03,159.3512,41.5296,141.54707,100.01748,97.03061,55.50101,108.20369,66.67409,79.62354,38.093945,111.50601,69.97641
2026-04-17 09:13:03,176.5492,43.9472,138.81285,94.865654,97.73251,53.785313,117.33179,73.38458,83.16794,39.220737,113.635284,69.68809
2026-04-17 09:14:03,184.7692,43.9472,146.74182,102.79462,96.48129,52.534092,106.736496,62.78929,81.47368,37.526474,113.467636,69.52044
2026-04-17 09:15:03,196.0658,44.4444,144.76115,100.31676,93.09561,48.65121,109.0945,64.6501,82.99158,38.547176,113.87242,69.428024
2026-04-17 09:16:03,198.432,43.5512,138.88083,95.32962,91.30022,47.749016,117.33424,73.78304,85.37375,41.82255,113.034485,69.483284
2026-04-17 09:17:03,198.3532,45.9264,137.86478,91.93838,91.94905,46.022648,114.14421,68.21781,89.21905,43.29265,115.4078,69.4814
2026-04-17 09:18:03,198.291,46.2576,129.88815,83.63056,91.42984,45.172245,110.45608,64.19848,92.20418,45.946583,115.72366,69.466064
2026-04-17 09:19:03,195.2225,45.6864,128.15607,82.46966,93.18621,47.49981,111.392746,65.706345,93.95741,48.271008,115.21652,69.53012
2026-04-17 09:20:03,196.17,45.92,134.94008,89.02008,94.613365,48.693367,117.134094,71.214096,94.22681,48.306812,115.546165,69.62617
2026-04-17 09:21:03,196.17,47.82,137.87271,90.052704,94.113464,46.29347,112.588455,64.768456,94.67847,46.858463,117.2375,69.4175
2026-04-17 09:22:03,208.7834,48.76,131.85446,83.09446,94.73082,45.97082,115.71326,66.953255,94.88611,46.12611,117.897766,69.137764
2026-04-17 09:23:03,219.2608,51.4944,135.18964,83.695244,97.62926,46.134857,123.51677,72.02237,96.72995,45.23555,120.40256,68.90816
2026-04-17 09:24:03,223.0161,53.4708,126.65587,73.185074,97.18317,43.71237,116.52413,63.053333,98.67566,45.204857,121.91315,68.442345
2026-04-17 09:25:03,223.0161,53.4708,119.26155,65.79076,95.8184,42.3476,109.899345,56.428547,100.92064,47.449844,121.63945,68.16865
2026-04-17 09:26:03,224.1,60.54,123.23991,62.699905,101.92974,41.38974,117.23515,56.695152,108.289085,47.749084,128.04907,67.50906
2026-04-17 09:27:03,224.208,60.5871,122.797745,62.210644,104.030785,43.443684,107.27832,46.691223,110.409744,49.82264,127.56419,66.97709
2026-04-17 09:28:03,226.5172,59.5308,128.80829,69.27749,106.85588,47.32508,103.51155,43.980755,113.68758,54.156773,126.05025,66.51945
2026-04-17 09:29:03,221.5032,60.8014,134.25107,73.44967,112.89336,52.091953,102.398315,41.59692,118.07841,57.277008,126.87314,66.07174
2026-04-17 09:30:03,215.1947,57.8448,119.96867,62.12388,111.726875,53.882076,105.41306,47.568264,116.99206,59.14726,123.54698,65.70218
2026-04-17 09:31:03,211.548,56.0456,115.63221,59.58661,112.63399,56.588387,108.85295,52.807346,115.484856,59.439255,121.45767,65.41207
2026-04-17 09:32:03,211.548,57.7584,120.159355,62.400955,115.68907,57.930676,98.06136,40.302963,117.31931,59.560913,122.839966,65.081566
2026-04-17 09:33:03,204.0488,48.3824,106.08121,57.698803,108.07097,59.688572,92.77023,44.387833,107.76166,59.379253,113.35074,64.96834
2026-04-17 09:34:03,204.0324,50.554,112.571396,62.017395,108.966385,58.41238,104.781876,54.22787,106.360596,55.806595,115.260925,64.706924
2026-04-17 09:35:03,208.494,53.65,118.6582,65.0082,109.77848,56.12848,100.318665,46.668663,104.73177,51.08177,118.14768,64.49768
2026-04-17 09:36:03,214.6618,53.65,121.73161,68.08161,108.38983,54.739826,97.96573,44.315727,101.69136,48.041363,118.00338,64.35338
2026-04-17 09:37:03,219.271,53.6,113.6571,60.0571,106.98392,53.383915,100.881546,47.281548,99.5853,45.985302,117.76631,64.16631
2026-04-17 09:38:03,221.8092,53.5,117.304,63.804,106.18753,52.687534,97.98624,44.486233,99.39624,45.89624,117.51228,64.01228
2026-04-17 09:39:03,223.2696,64.416,119.578186,55.16218,113.23296,48.816963,106.139244,41.723244,109.0188,44.602795,127.75842,63.34242
2026-04-17 09:40:03,216.9024,67.9272,109.13016,41.202957,112.56417,44.63697,111.689705,43.762505,110.2887,42.3615,130.42004,62.49285
2026-04-17 09:41:03,212.3968,73.6692,118.36087,44.69167,113.72079,40.05159,114.73251,41.063316,115.993286,42.324093,134.95468,61.285477
2026-04-17 09:42:03,209.76,79.534,117.08763,37.55364,115.118324,35.584328,103.31206,23.778059,118.655304,39.12131,139.24997,59.715977
2026-04-17 09:43:03,209.76,85.026,123.34924,38.323246,114.93729,29.911282,107.21565,22.189651,120.28274,35.256737,142.82066,57.794666
2026-04-17 09:44:03,207.675,87.6568,123.37507,35.71827,112.93628,25.279478,113.845,26.188198,119.00919,31.352392,143.43484,55.77804
2026-04-17 09:45:03,207.675,89.88,125.6781,35.798107,112.13964,22.259644,110.22045,20.340456,117.378235,27.498238,143.46371,53.583717
2026-04-17 09:46:03,205.7644,89.4,117.89277,28.492765,109.897415,20.497417,106.81596,17.415958,113.87627,24.476269,140.83693,51.436924
2026-04-17 09:47:03,206.0604,89.416,110.19133,20.775328,107.802864,18.386862,101.66072,12.244719,108.80072,19.384722,138.67357,49.257565
2026-04-17 09:48:03,205.0209,90.5499,116.66161,26.111715,105.91753,15.367629,113.29957,22.749672,106.50542,15.955522,137.62785,47.077957
2026-04-17 09:49:03,204.8004,93.2007,122.43171,29.231009,106.14975,12.949055,108.32441,15.123712,106.96574,13.765037,137.74608,44.545376
2026-04-17 09:50:03,206.312,96.1945,127.38736,31.192852,107.17621,10.981703,108.31676,12.122256,109.95572,13.761212,137.88792,41.69342
2026-04-17 09:51:03,203.2612,97.696,129.79031,32.094322,106.63854,8.942544,104.33634,6.6403394,111.63945,13.943447,136.74287,39.04688
2026-04-17 09:52:03,200.1024,102.933,127.32455,24.39155,111.39944,8.466439,100.137596,-2.7954,117.04514,14.112143,139.0527,36.1197
2026-04-17 09:53:03,200.16,107.8556,121.3806,13.5250025,115.33677,7.4811697,103.99563,-3.859972,121.45539,13.599794,140.87575,33.020153
2026-04-17 09:54:03,199.056,110.1984,117.82212,7.6237197,116.46992,6.2715178,121.49704,11.298634,123.729485,13.531079,140.10071,29.902313
2026-04-17 09:55:03,199.056,114.74,129.0489,14.308901,118.20836,3.4683623,127.78588,13.045886,126.399124,11.659125,141.33961,26.599617
2026-04-17 09:56:03,192.7722,121.6244,125.703636,4.0792356,120.01486,-1.6095383,123.10851,1.4841151,131.54002,9.915632,144.4952,22.870794
2026-04-17 09:57:03,196.042,126.214,125.72923,-0.4847654,120.618195,-5.595802,128.0853,1.8712934,131.85597,5.6419687,144.89522,18.68122
2026-04-17 09:58:03,196.658,129.6223,133.44977,3.8274727,121.98188,-7.6404195,122.800896,-6.8214,131.85324,2.2309477,144.59412,14.97182
2026-04-17 09:59:03,193.545,129.6223,125.09361,-4.528689,121.65876,-7.9635386,117.21899,-12.403315,131.81976,2.197466,142.1762,12.553892
2026-04-17 10:00:03,193.2276,141.45,133.81491,-7.6350794,128.5685,-12.8815,134.79088,-6.6591234,139.56886,-1.8811302,149.42033,7.970337
2026-04-17 10:01:03,191.4164,154.2552,143.45854,-10.79666,134.74646,-19.508745,142.56323,-11.691963,146.68459,-7.5706244,155.51454,1.2593338
2026-04-17 10:02:03,188.1225,162.6464,133.03146,-29.614923,137.56749,-25.078907,141.90817,-20.738214,149.51733,-13.129052,156.41432,-6.2320766
2026-04-17 10:03:03,180.83,170.0037,135.78433,-34.219357,138.95323,-31.05046,150.64655,-19.357145,152.94542,-17.058277,156.4674,-13.536278
2026-04-17 10:04:03,179.2068,171.5644,139.22008,-32.34433,137.30609,-34.258312,157.74086,-13.823546,152.35442,-19.209986,153.15329,-18.411118
2026-04-17 10:05:03,178.0224,161.2776,127.12973,-34.147873,125.61777,-35.659836,141.42455,-19.853062,145.20471,-16.072887,141.75917,-19.518435
2026-04-17 10:06:03,178.0224,148.9984,118.41745,-30.580952,115.39723,-33.601162,134.5896,-14.408791,138.77435,-10.224047,132.6081,-16.39031
2026-04-17 10:07:03,177.7792,144.1836,128.79579,-15.387796,111.559555,-32.62404,133.31454,-10.869055,136.52403,-7.6595683,131.88737,-12.296222
2026-04-17 10:08:03,179.2971,134.7685,126.16857,-8.599924,106.17789,-28.590603,124.69895,-10.069539,130.4606,-4.3078904,128.0051,-6.7633977
2026-04-17 10:09:03,180.401,130.8608,130.1905,-0.67029476,110.34186,-20.518938,122.108406,-8.752388,130.73251,-0.12828112,128.85313,-2.007653
2026-04-17 10:10:03,180.258,131.9614,132.51758,0.55619025,111.38295,-20.578444,119.05947,-12.901927,134.07208,2.1106844,132.71046,0.74907625
2026-04-17 10:11:03,179.348,147.1041,145.4468,-1.6573046,119.05555,-28.048548,127.63591,-19.468184,146.06801,-1.0360858,145.34058,-1.7635124
2026-04-17 10:12:03,179.088,159.3512,148.35779,-10.993414,122.22472,-37.126484,144.57765,-14.773538,151.79439,-7.5568113,151.65294,-7.6982527
2026-04-17 10:13:03,176.512,176.5492,161.41248,-15.13672,126.27729,-50.271904,154.0588,-22.49039,157.20764,-19.341553,158.88072,-17.668468
2026-04-17 10:14:03,173.9808,184.7692,150.99313,-33.776062,125.29974,-59.469456,163.17844,-21.590765,159.04398,-25.725216,157.21829,-27.550909
2026-04-17 10:15:03,171.5168,196.0658,151.38832,-44.67747,125.11598,-70.949814,169.69107,-26.374725,163.57446,-32.49134,157.57576,-38.490032
2026-04-17 10:16:03,169.0188,198.432,153.48132,-44.950676,118.212616,-80.21939,162.70656,-35.72545,160.10368,-38.328323,150.66794,-47.764072
2026-04-17 10:17:03,169.0188,198.3532,146.13351,-52.21969,114.635414,-83.71778,165.95456,-32.398636,158.92255,-39.430645,142.96786,-55.385338
2026-04-17 10:18:03,168.9456,198.291,148.54156,-49.749435,109.999886,-88.291115,154.25168,-44.039314,158.01764,-40.27337,137.84158,-60.449417
2026-04-17 10:19:03,166.512,195.2225,147.48117,-47.741333,105.895325,-89.32718,159.71095,-35.51155,153.86752,-41.354977,132.22768,-62.994827
2026-04-17 10:20:03,166.728,196.17,150.47607,-45.693928,103.90676,-92.26324,157.38075,-38.78924,150.88774,-45.282253,131.26025,-64.90975
2026-04-17 10:21:03,165.5052,196.17,154.86847,-41.301533,103.64672,-92.52328,154.11058,-42.059414,151.59224,-44.577763,129.84436,-66.32563
2026-04-17 10:22:03,166.4572,208.7834,180.59306,-28.190332,119.04339,-89.74001,165.85419,-42.929214,165.25937,-43.524025,140.55365,-68.22975
2026-04-17 10:23:03,166.321,219.2608,190.73497,-28.525831,129.29547,-89.96534,189.61804,-29.642769,172.99037,-46.27043,148.6622,-70.598595
2026-04-17 10:24:03,166.8992,223.0161,194.41606,-28.600039,135.38184,-87.63426,206.07643,-16.93967,175.09592,-47.920174,150.18066,-72.83544
2026-04-17 10:25:03,165.4614,223.0161,200.77669,-22.239405,137.91232,-85.10377,207.66148,-15.354608,175.7803,-47.2358,148.96056,-74.05554
2026-04-17 10:26:03,164.3488,224.1,198.32446,-25.775543,136.9906,-87.1094,205.09888,-19.001131,174.5374,-49.56261,149.45178,-74.648224
2026-04-17 10:27:03,164.3256,224.208,196.61414,-27.593864,134.8205,-89.387505,204.83363,-19.374355,173.28445,-50.92354,149.21083,-74.99716
2026-04-17 10:28:03,164.3256,226.5172,202.12582,-24.391376,134.86711,-91.650085,205.00938,-21.50781,173.19302,-53.324165,150.95978,-75.55741
2026-04-17 10:29:03,161.424,221.5032,200.76596,-20.737247,130.22893,-91.27428,196.29897,-25.204237,168.93367,-52.569534,146.82559,-74.677605
2026-04-17 10:30:03,158.6144,215.1947,195.69958,-19.495121,126.56826,-88.62644,192.65228,-22.542427,165.86015,-49.334545,142.43472,-72.75999
2026-04-17 10:31:03,161.538,211.548,193.89328,-17.654728,123.8055,-87.74251,188.98691,-22.561098,164.58003,-46.967968,140.45883,-71.089165
2026-04-17 10:32:03,158.7488,211.548,193.96637,-17.58164,125.180016,-86.36799,189.31798,-22.23003,166.08252,-45.46548,141.49173,-70.05628
2026-04-17 10:33:03,158.928,204.0488,187.29944,-16.74936,120.35927,-83.68953,185.6901,-18.358698,162.12466,-41.924133,136.46158,-67.58723
2026-04-17 10:34:03,158.5472,204.0324,187.11975,-16.912651,120.79009,-83.2423,188.18788,-15.844509,163.30107,-40.731327,137.89978,-66.132614
2026-04-17 10:35:03,160.4892,208.494,194.03333,-14.460682,123.37073,-85.123276,190.45471,-18.039297,166.48633,-42.007683,142.14612,-66.34788
2026-04-17 10:36:03,156.9568,214.6618,195.2397,-19.422104,123.93202,-90.72978,193.55463,-21.107185,167.88582,-46.775986,147.06131,-67.60049
2026-04-17 10:37:03,158.4372,219.271,197.19351,-22.077488,124.53131,-94.739685,199.72646,-19.544538,168.66168,-50.609314,150.70357,-68.56743
2026-04-17 10:38:03,154.1772,221.8092,198.08876,-23.720446,123.05399,-98.75521,200.44884,-21.360369,167.99765,-53.81156,152.59091,-69.2183
2026-04-17 10:39:03,154.1772,223.2696,199.86926,-23.400347,121.27156,-101.99805,196.80038,-26.469223,167.0208,-56.248814,153.70749,-69.56212
2026-04-17 10:40:03,153.9399,216.9024,194.9592,-21.943213,117.58043,-99.321976,190.60172,-26.30069,161.82385,-55.078552,148.50851,-68.39389
2026-04-17 10:41:03,151.1931,212.3968,186.63887,-25.757938,115.18843,-97.208374,183.66475,-28.732058,158.40839,-53.988426,145.32942,-67.06738
2026-04-17 10:42:03,148.7087,209.76,185.89308,-23.866919,116.19368,-93.566315,178.36618,-31.393822,156.65286,-53.10713,143.61646,-66.14354
2026-04-17 10:43:03,149.8205,209.76,185.73682,-24.023176,121.0855,-88.67449,181.28459,-28.475409,157.83633,-51.923664,144.29063,-65.46936
2026-04-17 10:44:03,153.285,207.675,182.31987,-25.355137,122.434105,-85.2409,178.66661,-29.008389,156.77696,-50.898045,143.08334,-64.59167
2026-04-17 10:45:03,157.2256,207.675,180.17755,-27.497456,125.36559,-82.30941,181.93182,-25.74318,156.44894,-51.22605,143.68718,-63.98782
2026-04-17 10:46:03,157.9648,205.7644,177.46602,-28.298384,125.70415,-80.06026,178.56087,-27.20354,153.7812,-51.9832,142.5765,-63.187897
2026-04-17 10:47:03,158.368,206.0604,176.98987,-29.070518,126.91545,-79.14494,175.55661,-30.503788,152.6017,-53.4587,143.72731,-62.33308
2026-04-17 10:48:03,155.716,205.0209,176.33302,-28.687881,127.260445,-77.76046,171.75525,-33.265656,151.26465,-53.756252,144.15555,-60.865353
2026-04-17 10:49:03,152.7768,204.8004,176.57498,-28.225414,127.10468,-77.69572,169.29694,-35.503464,149.98724,-54.813164,145.41826,-59.38214
2026-04-17 10:50:03,152.8848,206.312,179.63176,-26.680243,129.06747,-77.24453,168.87875,-37.43325,151.47745,-54.834557,148.9206,-57.39141
2026-04-17 10:51:03,152.8848,203.2612,176.57446,-26.686745,126.88288,-76.37832,164.56308,-38.69812,148.73389,-54.52732,148.11368,-55.147522
2026-04-17 10:52:03,147.7112,200.1024,173.45947,-26.642921,124.70501,-75.39739,164.70279,-35.39961,145.98245,-54.119953,147.31635,-52.78606
2026-04-17 10:53:03,147.8984,200.16,176.44821,-23.711794,126.1181,-74.0419,162.9975,-37.16251,145.27646,-54.883553,148.79834,-51.361664
2026-04-17 10:54:03,148.1584,199.056,175.00934,-24.046667,127.24662,-71.80938,162.69545,-36.360546,144.12582,-54.930172,149.02295,-50.033043
2026-04-17 10:55:03,146.9501,199.056,173.36133,-25.694668,127.98544,-71.07056,165.09203,-33.963974,142.94904,-56.106964,149.88315,-49.172844
2026-04-17 10:56:03,145.6356,192.7722,168.32959,-24.442608,124.2042,-68.568,159.42308,-33.34912,138.05374,-54.718468,144.84543,-47.92677
2026-04-17 10:57:03,142.76,196.042,172.72034,-23.321672,130.5632,-65.47881,161.87885,-34.16317,142.44069,-53.601315,148.67027,-47.37174
2026-04-17 10:58:03,142.76,196.658,171.67944,-24.97856,134.66972,-61.988285,164.95117,-31.706827,144.22763,-52.430374,149.92128,-46.736725
2026-04-17 10:59:03,142.7,193.545,169.98502,-23.55999,135.39563,-58.14936,162.46463,-31.080376,143.9076,-49.637398,148.23294,-45.31205
2026-04-17 11:00:03,134.2132,193.2276,171.13397,-22.09363,137.79375,-55.43385,156.79172,-36.435886,145.2344,-47.993187,148.72186,-44.505745
2026-04-17 11:01:03,125.9984,191.4164,170.51839,-20.898016,139.12805,-52.288345,153.69897,-37.717415,146.52156,-44.894833,147.77315,-43.643246
2026-04-17 11:02:03,125.9984,188.1225,169.04808,-19.07442,138.85966,-49.262833,151.98671,-36.135784,145.51031,-42.612175,145.94,-42.182495
2026-04-17 11:03:03,126.0248,180.83,165.41003,-15.419971,135.48029,-45.34972,143.87988,-36.950127,142.15605,-38.673946,141.7448,-39.0852
2026-04-17 11:04:03,120.2124,179.2068,167.70811,-11.498687,135.47694,-43.729855,143.99213,-35.214672,142.26897,-36.93783,142.30222,-36.904594
2026-04-17 11:05:03,121.5585,178.0224,168.66669,-9.355705,135.23936,-42.78303,145.75882,-32.263588,142.18546,-35.83694,142.97095,-35.051453
2026-04-17 11:06:03,125.4352,178.0224,169.10727,-8.915137,135.02905,-42.993343,148.20366,-29.818737,141.93533,-36.087067,144.116,-33.906406
2026-04-17 11:07:03,122.3952,177.7792,169.46625,-8.312956,134.54674,-43.23247,148.7669,-29.012295,141.20795,-36.571262,144.99002,-32.78918
2026-04-17 11:08:03,122.6876,179.2971,168.89049,-10.406615,134.86986,-44.427242,151.78615,-27.510962,141.76036,-37.53674,146.33978,-32.957314
2026-04-17 11:09:03,125.9104,180.401,167.43704,-12.9639635,134.9007,-45.500298,153.50198,-26.899015,141.73653,-38.66447,146.87335,-33.52764
2026-04-17 11:10:03,123.1348,180.258,165.94698,-14.311024,134.0854,-46.172596,152.2675,-27.99049,141.44214,-38.815853,146.72762,-33.53038
2026-04-17 11:11:03,125.9632,179.348,164.69579,-14.65222,133.33458,-46.01343,152.3836,-26.9644,140.97159,-38.37642,146.47496,-32.87305
2026-04-17 11:12:03,131.8912,179.088,165.77747,-13.310524,133.36058,-45.727417,151.16829,-27.919714,140.68326,-38.40474,146.56975,-32.518246
2026-04-17 11:13:03,131.8912,176.512,162.52783,-13.984161,131.91507,-44.596916,151.80446,-24.707539,138.85217,-37.65982,144.80397,-31.708017
2026-04-17 11:14:03,131.376,173.9808,164.88261,-9.098185,131.52338,-42.45742,151.65878,-22.322014,137.6026,-36.378204,142.83363,-31.14717
2026-04-17 11:15:03,130.039,171.5168,167.43591,-4.080879,130.8256,-40.691193,149.08894,-22.42785,136.48473,-35.03207,141.77078,-29.74601
2026-04-17 11:16:03,127.6082,169.0188,167.804,-1.2147943,130.47974,-38.53907,148.57217,-20.446617,135.38141,-33.637386,140.56906,-28.449741
2026-04-17 11:17:03,127.626,169.0188,169.21341,0.19460656,131.47229,-37.546505,150.35977,-18.659029,135.85951,-33.159283,141.34718,-27.671612
2026-04-17 11:18:03,125.9456,168.9456,170.94177,1.9961743,132.53526,-36.410343,151.26645,-17.679152,137.00789,-31.937717,142.56946,-26.376137
2026-04-17 11:19:03,126.1392,166.512,169.49823,2.9862309,130.75197,-35.760025,149.58781,-16.924177,135.58142,-30.930567,141.49837,-25.013632
2026-04-17 11:20:03,128.412,166.728,169.5401,2.8121073,130.44534,-36.28265,150.66113,-16.066864,135.65955,-31.06845,142.32394,-24.404047
2026-04-17 11:21:03,130.6952,165.5052,166.50714,1.0019323,128.62393,-36.881275,151.07434,-14.4308605,134.43779,-31.06741,142.32922,-23.175976
2026-04-17 11:22:03,127.692,166.4572,165.91252,-0.54468113,129.15054,-37.306656,149.57721,-16.879984,134.92966,-31.52755,143.94699,-22.510212
2026-04-17 11:23:03,130.4192,166.321,165.38306,-0.9379421,128.55774,-37.763268,150.78598,-15.535016,134.29373,-32.02726,144.74278,-21.57822
2026-04-17 11:24:03,130.4192,166.8992,165.20122,-1.6979812,128.66779,-38.23142,152.31416,-14.5850315,134.56348,-32.33573,145.85303,-21.046171
2026-04-17 11:25:03,130.502,165.4614,165.05634,-0.40506452,127.51422,-37.947178,148.24023,-17.221153,133.00371,-32.457687,145.04253,-20.418865
2026-04-17 11:26:03,128.565,164.3488,165.09216,0.74335885,126.530045,-37.818756,147.53719,-16.811619,131.96317,-32.38563,144.86586,-19.482943
2026-04-17 11:27:03,129.087,164.3256,164.60922,0.28362203,126.13449,-38.19112,147.09555,-17.230055,131.54465,-32.780952,144.88393,-19.441687
2026-04-17 11:28:03,129.087,164.3256,164.34497,0.01936775,127.20867,-37.116936,148.06221,-16.263397,131.90125,-32.424362,144.97478,-19.350826
2026-04-17 11:29:03,129.582,161.424,163.57283,2.1488342,126.05578,-35.368217,146.02924,-15.394758,130.66982,-30.754187,142.3414,-19.0826
2026-04-17 11:30:03,124.184,158.6144,160.80421,2.189818,124.88694,-33.727455,144.21472,-14.399668,129.12859,-29.485807,140.26553,-18.348867
2026-04-17 11:31:03,122.791,161.538,164.57907,3.04108,128.71785,-32.82015,149.13185,-12.4061365,131.99715,-29.540854,142.93085,-18.607141
2026-04-17 11:32:03,121.0524,158.7488,162.29518,3.5463827,127.90317,-30.845623,144.07812,-14.670675,131.22714,-27.521658,140.46227,-18.28653
2026-04-17 11:33:03,123.5476,158.928,165.09924,6.1712475,129.94391,-28.98409,143.60129,-15.326714,133.3136,-25.614388,141.35951,-17.568483
2026-04-17 11:34:03,123.7196,158.5472,165.0353,6.4880977,130.57603,-27.971159,145.04216,-13.505037,133.99358,-24.553621,141.66402,-16.883184
2026-04-17 11:35:03,123.7196,160.4892,166.84837,6.3591776,133.41933,-27.069876,148.78531,-11.70388,136.43321,-24.055984,144.13922,-16.349981
2026-04-17 11:36:03,126.0512,156.9568,167.1278,10.170998,130.93715,-26.019648,144.78789,-12.168912,134.1957,-22.761103,142.02376,-14.933044
2026-04-17 11:37:03,128.196,158.4372,166.73814,8.300955,132.58209,-25.855108,145.42812,-13.009083,135.80548,-22.63171,143.61913,-14.818066
2026-04-17 11:38:03,133.4236,154.1772,162.16307,7.985877,128.89755,-25.279642,143.07445,-11.102749,132.25876,-21.918447,139.93231,-14.244884
2026-04-17 11:39:03,129.996,154.1772,163.59447,9.417264,129.59729,-24.579916,143.22272,-10.954486,132.34824,-21.82896,140.2338,-13.9433975
2026-04-17 11:40:03,126.396,153.9399,164.18504,10.245143,130.20952,-23.730381,142.05498,-11.884915,132.43668,-21.503214,140.20053,-13.73937
2026-04-17 11:41:03,126.342,151.1931,161.42508,10.231983,128.86087,-22.33223,137.94307,-13.25003,130.75058,-20.442514,137.9996,-13.193497
2026-04-17 11:42:03,122.1045,148.7087,160.34134,11.632652,128.0314,-20.677298,137.30383,-11.404867,129.28732,-19.421368,136.44923,-12.259455
2026-04-17 11:43:03,123.5168,149.8205,162.94958,13.1290865,130.47885,-19.341644,139.7459,-10.074602,130.81705,-19.003448,138.21371,-11.606789
2026-04-17 11:44:03,125.0539,153.285,167.49663,14.211623,134.44742,-18.837587,142.53015,-10.75486,133.6296,-19.655405,141.47565,-11.809357
2026-04-17 11:45:03,126.639,157.2256,171.20752,13.981913,138.85413,-18.37148,147.96169,-9.263916,137.14072,-20.084885,144.78983,-12.435773
2026-04-17 11:46:03,126.639,157.9648,173.51265,15.547846,140.56334,-17.401457,150.12259,-7.842204,137.81708,-20.147728,145.68939,-12.275402
2026-04-17 11:48:03,125.6947,158.368,175.00508,16.637085,141.80386,-16.564129,150.34563,-8.022367,138.17622,-20.19177,146.2449,-12.123091
2026-04-17 11:49:03,121.7674,155.716,172.88362,17.167616,140.70174,-15.014269,150.2354,-5.480608,136.68304,-19.032957,144.63004,-11.085974
2026-04-17 11:50:03,123.1746,152.7768,171.61128,18.834482,138.78523,-13.991555,147.78975,-4.987044,134.6454,-18.131392,142.72997,-10.046829
2026-04-17 11:51:03,120.343,152.8848,173.10349,20.218689,139.24934,-13.635449,147.13286,-5.751943,134.77528,-18.109516,143.14676,-9.738037
2026-04-17 11:52:03,120.36,152.8848,174.59872,21.713934,139.49152,-13.393274,146.20892,-6.6758695,134.81874,-18.066051,143.36528,-9.519519
2026-04-17 11:53:03,117.5861,147.7112,169.87727,22.166073,134.81662,-12.89458,141.46518,-6.246023,130.52782,-17.183384,139.17596,-8.53524
2026-04-17 11:54:03,117.3869,147.8984,169.80273,21.904333,135.28214,-12.616274,141.2573,-6.6411185,130.9113,-16.987112,139.61351,-8.284901
2026-04-17 11:55:03,115.7512,148.1584,170.14056,21.982164,135.58817,-12.570238,143.92775,-4.2306466,131.25137,-16.907034,139.93205,-8.226349
2026-04-17 11:56:03,118.3812,146.9501,168.64548,21.69537,134.80608,-12.144027,144.02888,-2.92122,130.5495,-16.400597,138.95123,-7.9988747
2026-04-17 11:57:03,118.2972,145.6356,168.80359,23.16798,134.32402,-11.311589,143.65443,-1.981167,130.46614,-15.169463,138.37764,-7.2579656
2026-04-17 11:58:03,118.2972,142.76,167.16711,24.40712,132.57164,-10.188349,142.2431,-0.516899,129.35657,-13.403425,136.86914,-5.890848
2026-04-17 11:59:03,118.3644,142.76,168.31743,25.557428,133.20268,-9.557311,143.14726,0.38727474,130.39365,-12.366347,137.36385,-5.396146
2026-04-17 12:00:03,122.5134,142.7,170.05795,27.357948,133.66295,-9.037053,145.22049,2.520493,131.1232,-11.5767975,137.59846,-5.1015253
2026-04-17 12:01:03,125.1696,134.2132,164.387,30.173798,126.083145,-8.130054,136.19218,1.978992,125.673416,-8.539777,131.04402,-3.169181
2026-04-17 12:02:03,126.495,125.9984,159.35564,33.357235,118.81959,-7.178809,128.20271,2.2043202,120.36894,-5.6294518,125.58296,-0.41543385
2026-04-17 12:03:03,125.2942,125.9984,161.23048,35.232082,119.283066,-6.7153306,128.78835,2.7899432,121.1459,-4.852502,126.90426,0.90586406
2026-04-17 12:04:03,121.561,126.0248,161.40283,35.37803,119.8821,-6.142697,131.37971,5.3549156,121.980225,-4.044582,127.7149,1.6900954
2026-04-17 12:05:03,118.0094,120.2124,156.06976,35.857353,114.895035,-5.3173647,126.63872,6.426313,117.79414,-2.4182615,123.37345,3.1610522
2026-04-17 12:06:03,114.112,121.5585,155.81844,34.259933,116.33389,-5.2246084,126.42769,4.869183,119.17421,-2.3842936,125.32559,3.767088
2026-04-17 12:07:03,108.6648,125.4352,157.92136,32.486153,120.04793,-5.387277,131.46944,6.0342283,122.60779,-2.8274145,129.01236,3.577163
2026-04-17 12:08:03,111.4464,122.3952,153.92688,31.531683,117.40143,-4.993774,129.53143,7.1362376,120.59747,-1.7977328,126.156296,3.7610936
2026-04-17 12:09:03,111.4464,122.6876,153.25781,30.570219,117.98778,-4.6998253,131.18347,8.495869,121.44684,-1.2407624,126.62329,3.935692
2026-04-17 12:10:03,114.2,125.9104,154.5503,28.639894,120.98819,-4.92221,135.00912,9.098728,123.93412,-1.9762828,129.39035,3.4799492
2026-04-17 12:11:03,118.6236,123.1348,153.75894,30.624142,118.39219,-4.7426114,133.73523,10.60042,121.833336,-1.3014647,126.69954,3.5647378
2026-04-17 12:12:03,122.0175,125.9632,157.05566,31.092455,121.101944,-4.8612633,136.3946,10.431403,124.305374,-1.6578325,129.21992,3.2567277
2026-04-17 12:13:03,123.9432,131.8912,162.2448,30.353586,126.58034,-5.310871,139.54013,7.648924,129.01312,-2.8780847,134.44124,2.550041
2026-04-17 12:14:03,123.9432,131.8912,161.24187,29.350662,126.40142,-5.4897857,139.36034,7.46913,128.62595,-3.2652607,134.07379,2.182581
2026-04-17 12:15:03,120.3384,131.376,160.4939,29.117891,125.836044,-5.5399647,137.63728,6.2612705,127.77474,-3.6012683,133.4937,2.1176922
2026-04-17 12:16:03,119.364,130.039,158.62408,28.585081,124.608734,-5.4302683,134.51416,4.4751587,126.64872,-3.39028,132.21106,2.172055
2026-04-17 12:17:03,115.6036,127.6082,154.79875,27.190556,122.32221,-5.28599,132.3392,4.731,124.75785,-2.8503518,130.12285,2.514644
2026-04-17 12:18:03,114.472,127.626,154.8756,27.249596,122.42809,-5.197908,132.1552,4.5291963,124.97398,-2.6520152,130.32611,2.7001128
2026-04-17 12:19:03,113.7504,125.9456,153.56726,27.621656,120.88841,-5.0571895,131.04626,5.1006565,123.72884,-2.216762,128.78966,2.84405
2026-04-17 12:20:03,114.226,126.1392,153.58243,27.443235,121.164856,-4.974344,131.66113,5.5219355,124.053406,-2.0857909,129.01512,2.8759239
2026-04-17 12:21:03,116.7561,128.412,154.5305,26.118498,123.40556,-5.0064425,134.6622,6.2502036,125.89303,-2.5189729,131.20467,2.7926583
2026-04-17 12:22:03,116.5712,130.6952,156.60246,25.907251,125.732925,-4.9622765,136.98589,6.2906857,127.954575,-2.7406309,133.18973,2.4945168
2026-04-17 12:23:03,114.848,127.692,155.45589,27.763882,122.95198,-4.7400246,133.70969,6.0176916,125.65047,-2.0415351,130.50723,2.8152254
2026-04-17 12:24:03,118.3916,130.4192,158.84946,28.430256,125.6703,-4.7489033,136.35565,5.9364524,127.94144,-2.477771,133.06485,2.6456463
2026-04-17 12:25:03,115.824,130.4192,158.25667,27.837461,125.68447,-4.734731,136.6446,6.2254047,128.13121,-2.2879915,132.98332,2.5641227
2026-04-17 12:26:03,115.808,130.502,159.09848,28.596474,125.800446,-4.7015524,137.21846,6.716467,128.31133,-2.190671,133.00896,2.5069609
2026-04-17 12:27:03,115.648,128.565,157.99318,29.428173,123.90734,-4.657663,135.21313,6.648138,126.65481,-1.9101968,131.36063,2.7956288
2026-04-17 12:28:03,118.0964,129.087,157.87877,28.791763,124.502945,-4.584057,136.40048,7.3134766,127.37422,-1.7127876,131.82642,2.7394173
2026-04-17 12:29:03,115.04,129.087,158.17317,29.086168,124.62502,-4.4619813,137.739,8.651995,127.7077,-1.3792999,131.78883,2.7018332
2026-04-17 12:30:03,114.848,129.582,158.27913,28.697134,125.14412,-4.4378805,138.16113,8.579126,128.22299,-1.3590164,131.9919,2.409904
2026-04-17 12:31:03,114.672,124.184,152.32011,28.136118,119.74612,-4.4378805,132.56337,8.379377,123.74188,-0.44211805,126.771805,2.58781
2026-04-17 12:32:03,114.256,122.791,151.3219,28.530895,118.35312,-4.4378805,131.48918,8.698174,122.97418,0.18318021,125.52668,2.7356808
2026-04-17 12:33:03,114.288,121.0524,150.13242,29.08001,116.61452,-4.4378805,130.6265,9.574092,121.706406,0.65400714,123.8294,2.777004
2026-04-17 12:34:03,114.288,123.5476,152.70908,29.161476,119.10972,-4.4378805,134.03014,10.482543,124.28806,0.7404637,126.27419,2.726592
2026-04-17 12:35:03,112.3222,123.7196,154.68979,30.970188,119.281715,-4.4378805,135.75441,12.034808,124.63431,0.91471434,126.321495,2.6019
2026-04-17 12:36:03,112.3222,123.7196,154.88454,31.164942,119.281715,-4.4378805,135.48926,11.769663,124.652336,0.9327387,126.33661,2.6170092
2026-04-17 12:37:03,108.9704,126.0512,157.37227,31.321062,121.61332,-4.4378805,138.32489,12.273696,126.6625,0.6113011,127.89035,1.8391473
2026-04-17 12:38:03,108.6393,128.196,158.83243,30.636429,123.75812,-4.4378805,141.61354,13.417539,128.60556,0.40955916,129.32362,1.1276244
2026-04-17 12:39:03,106.6888,133.4236,163.81815,30.394547,128.98572,-4.4378805,146.11209,12.688499,133.1828,-0.24080092,133.75493,0.33133304
2026-04-17 12:40:03,110.9555,129.996,160.2235,30.22749,125.55812,-4.4378805,142.94162,12.945622,129.91809,-0.07791547,130.27097,0.27496436
2026-04-17 12:41:03,109.6524,126.396,157.49983,31.103827,121.95812,-4.4378805,139.75621,13.360205,126.62455,0.22854386,126.80205,0.40604386
2026-04-17 12:42:03,109.6524,126.342,158.56479,32.222782,121.90412,-4.4378805,140.55354,14.211538,126.81106,0.4690585,127.0166,0.674598
2026-04-17 12:44:03,111.1293,122.1045,154.51071,32.40621,117.66662,-4.4378805,135.99278,13.888277,123.02203,0.9175349,123.27958,1.1750826
2026-04-17 12:45:03,110.0892,123.5168,157.11507,33.598267,119.07892,-4.4378805,136.5562,13.039403,124.506294,0.9894956,124.717545,1.2007455
2026-04-17 12:46:03,110.9004,125.0539,158.20546,33.15156,120.61602,-4.4378805,138.68465,13.630739,126.101364,1.0474656,126.260475,1.2065707
2026-04-17 12:47:03,113.0253,126.639,159.20395,32.564957,122.20112,-4.4378805,139.18723,12.54822,127.65579,1.0167937,127.43168,0.79268163
2026-04-17 12:48:03,114.976,126.639,158.81108,32.17208,122.20112,-4.4378805,138.51587,11.876863,127.52984,0.89083844,127.22743,0.5884352
2026-04-17 12:49:03,114.944,125.6947,158.78476,33.09006,121.25682,-4.4378805,137.84656,12.151849,126.63478,0.94007796,126.79799,1.1032851
2026-04-17 12:50:03,117.5552,121.7674,155.55872,33.79132,117.32952,-4.4378805,134.43274,12.665333,123.157265,1.3898599,123.689095,1.9216956
2026-04-17 12:51:03,114.9876,123.1746,156.78992,33.61532,118.73672,-4.4378805,136.21773,13.043133,124.59267,1.4180694,125.251015,2.0764132
2026-04-17 12:52:03,115.9398,120.343,153.04735,32.704346,115.90512,-4.4378805,134.92961,14.586613,121.88828,1.5452807,122.93857,2.5955644
2026-04-17 12:53:03,116.0136,120.36,152.4695,32.109493,115.92212,-4.4378805,135.05911,14.699116,121.90453,1.5445342,123.00936,2.649357
2026-04-17 12:54:03,116.0136,117.5861,150.04324,32.457153,113.14822,-4.4378805,132.74641,15.160316,119.31822,1.7321265,120.72571,3.1396067
2026-04-17 12:55:03,116.3252,117.3869,151.95699,34.570087,112.94902,-4.4378805,134.07112,16.68422,119.23968,1.8527763,120.92241,3.535505
2026-04-17 12:56:03,113.52,115.7512,150.31233,34.561134,111.31332,-4.4378805,131.40195,15.650756,117.652145,1.9009458,119.615746,3.8645492
2026-04-17 12:57:03,112.1879,118.3812,152.44768,34.06648,113.94332,-4.4378805,133.75229,15.371092,120.20735,1.8261526,122.093475,3.7122717
2026-04-17 12:58:03,110.5806,118.2972,152.05528,33.758083,113.85932,-4.4378805,132.65529,14.358082,120.05071,1.7535104,121.75847,3.4612675
2026-04-17 12:59:03,110.5104,118.2972,151.45322,33.15601,113.85932,-4.4378805,131.60359,13.306382,119.89637,1.5991706,121.62372,3.3265166
2026-04-17 13:00:03,112.976,118.3644,152.14047,33.776077,113.92652,-4.4378805,132.30856,13.944162,119.889755,1.5253539,121.8322,3.4677935
2026-04-17 13:01:03,115.948,122.5134,155.22626,32.712864,118.075516,-4.4378805,137.09366,14.580265,123.683,1.1695977,125.5915,3.0781045
2026-04-17 13:02:03,118.8936,125.1696,157.9501,32.7805,120.73172,-4.4378805,139.3352,14.165605,125.71213,0.5425225,127.73637,2.5667653
2026-04-17 13:03:03,118.8936,126.495,157.1628,30.667793,122.05712,-4.4378805,138.23578,11.740771,126.53311,0.038108032,128.97249,2.47748
2026-04-17 13:04:03,116.6614,125.2942,155.27095,29.976755,120.856316,-4.4378805,135.61842,10.324232,125.09177,-0.20243175,127.97517,2.6809695
2026-04-17 13:05:03,116.6614,121.561,150.30118,28.740173,117.123116,-4.4378805,131.3957,9.834704,121.451,-0.110004306,124.73578,3.1747842
2026-04-17 13:06:03,113.856,118.0094,147.23642,29.227018,113.57152,-4.4378805,128.31241,10.303007,118.48941,0.4800092,122.21596,4.206557
2026-04-17 13:07:03,116.6368,114.112,143.4223,29.310299,109.67412,-4.4378805,126.48548,12.373484,115.35002,1.2380236,119.289856,5.1778555
2026-04-17 13:08:03,113.76,108.6648,140.079,31.414194,104.22692,-4.4378805,123.30326,14.638461,110.46442,1.7996154,114.99874,6.333941
2026-04-17 13:09:03,117.7189,111.4464,145.21732,33.770916,107.00852,-4.4378805,126.53971,15.093305,113.25478,1.8083832,118.250534,6.8041344
2026-04-17 13:10:03,119.028,111.4464,145.10669,33.66029,107.00852,-4.4378805,127.960724,16.514317,113.34676,1.9003632,118.507835,7.0614324
2026-04-17 13:11:03,119.0448,114.2,145.86882,31.668827,109.762115,-4.4378805,131.6481,17.44811,115.96953,1.7695279,121.252174,7.0521793
2026-04-17 13:12:03,116.1448,118.6236,149.83699,31.21339,114.185715,-4.4378805,136.26366,17.640064,120.04398,1.4203871,125.17324,6.5496464
2026-04-17 13:13:03,116.03,122.0175,152.65707,30.63957,117.57962,-4.4378805,139.20377,17.186268,122.92763,0.91012424,127.83887,5.821362
2026-04-17 13:14:03,113.168,123.9432,151.85448,27.911278,119.50532,-4.4378805,139.87572,15.932514,124.316025,0.37282318,129.03569,5.092485
2026-04-17 13:15:03,110.292,123.9432,151.05249,27.109291,119.50532,-4.4378805,138.82298,14.879783,124.0522,0.10900046,128.68922,4.7460265
2026-04-17 13:16:03,110.3076,120.3384,147.0871,26.748697,115.90052,-4.4378805,136.56503,16.226624,120.90577,0.5673639,125.28733,4.948928
2026-04-17 13:17:03,110.2998,119.364,146.04039,26.676392,114.92612,-4.4378805,134.65392,15.289919,120.23283,0.86882657,124.45864,5.094645
2026-04-17 13:18:03,110.3622,115.6036,141.11835,25.51475,111.16572,-4.4378805,130.45398,14.85038,117.05278,1.4491795,120.88051,5.27691
2026-04-17 13:19:03,113.264,114.472,139.48358,25.01159,110.03412,-4.4378805,130.4126,15.940591,116.168175,1.6961733,119.75843,5.286433
2026-04-17 13:20:03,112.0694,113.7504,139.80545,26.055056,109.312515,-4.4378805,129.26901,15.518617,115.45654,1.7061453,118.95555,5.205153
2026-04-17 13:21:03,113.328,114.226,140.08728,25.86128,109.78812,-4.4378805,131.42049,17.194489,115.99498,1.76898,119.26557,5.039571
2026-04-17 13:22:03,110.4636,116.7561,143.03165,26.275543,112.31822,-4.4378805,133.30972,16.553625,118.41859,1.6624836,121.399574,4.64347
2026-04-17 13:23:03,110.4636,116.5712,142.11357,25.542372,112.133316,-4.4378805,133.38805,16.816854,118.17055,1.5993518,120.96683,4.3956327
2026-04-17 13:24:03,109.34,114.848,140.49162,25.643623,110.41012,-4.4378805,132.15729,17.309284,116.576164,1.7281648,119.174286,4.3262863
2026-04-17 13:25:03,109.7019,118.3916,147.12764,28.736034,113.95372,-4.4378805,134.93402,16.542427,119.978035,1.586437,122.3034,3.9118
2026-04-17 13:26:03,111.3996,115.824,144.45244,28.628439,111.386116,-4.4378805,132.51065,16.68666,117.76557,1.9415755,119.71589,3.8918917
2026-04-17 13:27:03,111.3996,115.808,144.23413,28.426138,111.37012,-4.4378805,132.7118,16.903814,117.99752,2.189519,119.77844,3.9704437
2026-04-17 13:28:03,113.5072,115.648,146.50638,30.858368,111.21012,-4.4378805,131.44208,15.79408,117.95874,2.3107407,119.56322,3.9152174
2026-04-17 13:29:03,115.68,118.0964,148.58597,30.489569,113.658516,-4.4378805,134.73862,16.642225,120.41028,2.313879,121.71869,3.6222942
2026-04-17 13:30:03,112.8972,115.04,144.12344,29.083448,110.60212,-4.4378805,131.22278,16.18278,117.66061,2.6206057,118.89368,3.8536797
2026-04-17 13:31:03,109.9416,114.848,143.33907,28.491072,110.41012,-4.4378805,131.68486,16.836857,117.41834,2.5703437,118.681076,3.833074
2026-04-17 13:32:03,112.6476,114.672,142.54895,27.876953,110.234116,-4.4378805,132.34209,17.67009,117.33293,2.6609378,118.44925,3.7772486
2026-04-17 13:33:03,109.516,114.256,142.2609,28.004894,109.818115,-4.4378805,132.65414,18.39814,117.00502,2.749022,118.23947,3.9834766
2026-04-17 13:34:03,109.82,114.288,141.08829,26.80029,109.85012,-4.4378805,132.51414,18.226147,117.147865,2.8598616,118.5737,4.2857003
2026-04-17 13:35:03,109.668,114.288,142.3159,28.027899,109.85012,-4.4378805,132.3428,18.054796,117.22265,2.9346488,118.7073,4.419298
2026-04-17 13:36:03,112.0704,112.3222,142.18912,29.866919,107.884315,-4.4378805,130.56201,18.239822,115.45843,3.1362307,117.185814,4.8636136
2026-04-17 13:37:03,111.8832,112.3222,140.13905,27.816854,107.884315,-4.4378805,131.64499,19.3228,115.62723,3.3050303,117.36507,5.0428696
2026-04-17 13:38:03,111.7116,108.9704,136.88237,27.911968,104.53252,-4.4378805,128.64503,19.674643,112.583755,3.6133537,114.43651,5.466112
2026-04-17 13:39:03,111.7116,108.6393,138.88506,30.245756,104.201416,-4.4378805,127.75163,19.112337,112.42957,3.7902722,114.403305,5.764006
2026-04-17 13:40:03,110.2062,106.6888,137.09842,30.409626,102.250916,-4.4378805,124.89062,18.20182,110.61743,3.928632,112.66878,5.9799814
2026-04-17 13:41:03,106.9852,110.9555,141.3059,30.350397,106.51762,-4.4378805,130.4336,19.478098,114.762726,3.8072267,116.686775,5.731278
2026-04-17 13:42:03,106.9852,109.6524,139.61324,29.960835,105.214516,-4.4378805,132.14772,22.495317,113.4558,3.803406,115.35877,5.706377
2026-04-17 13:43:03,104.1254,109.6524,140.98827,31.335873,105.214516,-4.4378805,131.9931,22.340708,113.38604,3.733645,115.342674,5.690276
2026-04-17 13:44:03,107.0688,111.1293,142.80373,31.674417,106.69142,-4.4378805,134.72786,23.59855,114.79431,3.6650088,116.69735,5.568045
2026-04-17 13:45:03,107.2968,110.0892,140.02647,29.937275,105.65132,-4.4378805,135.51935,25.430145,113.93067,3.8414662,115.80148,5.712282
2026-04-17 13:46:03,112.864,110.9004,141.03445,30.134054,106.46252,-4.4378805,137.66371,26.763319,114.783485,3.8830898,116.897385,5.9969835
2026-04-17 13:47:03,115.5708,113.0253,143.34021,30.314907,108.58742,-4.4378805,140.01306,26.987768,116.85411,3.8288143,119.13307,6.1077724
2026-04-17 13:48:03,115.538,114.976,144.31995,29.343956,110.53812,-4.4378805,141.09912,26.123129,118.665405,3.6894073,120.95883,5.9828367
2026-04-17 13:49:03,115.5052,114.944,144.27066,29.326662,110.50612,-4.4378805,141.14711,26.20311,118.38589,3.4418867,120.81253,5.868532
2026-04-17 13:50:03,115.5052,117.5552,145.24979,27.69459,113.11732,-4.4378805,141.93268,24.377481,120.50205,2.9468522,123.15172,5.596522
2026-04-17 13:51:03,111.6112,114.9876,141.39798,26.410376,110.54972,-4.4378805,139.22787,24.240265,117.79122,2.8036184,120.52564,5.5380435
2026-04-17 13:52:03,107.6008,115.9398,143.08641,27.146608,111.501915,-4.4378805,139.93939,23.999592,118.40129,2.4614916,121.34526,5.4054623
2026-04-17 13:53:03,106.125,116.0136,141.73303,25.719433,111.57572,-4.4378805,140.51897,24.505362,118.2005,2.1868947,121.25495,5.2413473
